local_time,electricity,irradiance_direct,irradiance_diffuse,temperature
2016-12-31 21:00:00-03:00,0.013000000000000001,0.011,0.015,9.884
2016-12-31 22:00:00-03:00,0.0,0.0,0.0,8.626
2016-12-31 23:00:00-03:00,0.0,0.0,0.0,7.688
2017-01-01 00:00:00-03:00,0.0,0.0,0.0,7.085
2017-01-01 01:00:00-03:00,0.0,0.0,0.0,6.751
2017-01-01 02:00:00-03:00,0.0,0.0,0.0,6.589
2017-01-01 03:00:00-03:00,0.0,0.0,0.0,6.549
2017-01-01 04:00:00-03:00,0.0,0.0,0.0,6.425
2017-01-01 05:00:00-03:00,0.001,0.004,0.003,6.253
2017-01-01 06:00:00-03:00,0.061,0.036000000000000004,0.043000000000000003,6.907
2017-01-01 07:00:00-03:00,0.161,0.079,0.107,8.045
2017-01-01 08:00:00-03:00,0.227,0.091,0.167,9.327
2017-01-01 09:00:00-03:00,0.41100000000000003,0.229,0.23800000000000002,11.041
2017-01-01 10:00:00-03:00,0.558,0.375,0.278,12.83
2017-01-01 11:00:00-03:00,0.644,0.46900000000000003,0.303,14.477
2017-01-01 12:00:00-03:00,0.537,0.254,0.379,15.086
2017-01-01 13:00:00-03:00,0.417,0.07,0.41200000000000003,14.62
2017-01-01 14:00:00-03:00,0.292,0.028,0.307,14.018
2017-01-01 15:00:00-03:00,0.254,0.029,0.263,13.893
2017-01-01 16:00:00-03:00,0.186,0.018000000000000002,0.199,13.521
2017-01-01 17:00:00-03:00,0.126,0.011,0.14100000000000001,12.923
2017-01-01 18:00:00-03:00,0.105,0.012,0.117,12.536
2017-01-01 19:00:00-03:00,0.096,0.021,0.1,12.294
2017-01-01 20:00:00-03:00,0.059000000000000004,0.021,0.059000000000000004,11.666
2017-01-01 21:00:00-03:00,0.01,0.009000000000000001,0.013000000000000001,9.942
2017-01-01 22:00:00-03:00,0.0,0.0,0.0,8.753
2017-01-01 23:00:00-03:00,0.0,0.0,0.0,8.123
2017-01-02 00:00:00-03:00,0.0,0.0,0.0,7.881
2017-01-02 01:00:00-03:00,0.0,0.0,0.0,7.841
2017-01-02 02:00:00-03:00,0.0,0.0,0.0,7.445
2017-01-02 03:00:00-03:00,0.0,0.0,0.0,6.9719999999999995
2017-01-02 04:00:00-03:00,0.0,0.0,0.0,6.583
2017-01-02 05:00:00-03:00,0.002,0.006,0.003,6.102
2017-01-02 06:00:00-03:00,0.117,0.088,0.051000000000000004,6.639
2017-01-02 07:00:00-03:00,0.28800000000000003,0.20700000000000002,0.116,8.025
2017-01-02 08:00:00-03:00,0.459,0.35000000000000003,0.17,9.48
2017-01-02 09:00:00-03:00,0.458,0.292,0.23,10.448
2017-01-02 10:00:00-03:00,0.454,0.23500000000000001,0.28300000000000003,11.191
2017-01-02 11:00:00-03:00,0.404,0.14,0.32,11.673
2017-01-02 12:00:00-03:00,0.375,0.085,0.342,11.932
2017-01-02 13:00:00-03:00,0.468,0.11,0.428,12.323
2017-01-02 14:00:00-03:00,0.458,0.127,0.4,12.534
2017-01-02 15:00:00-03:00,0.447,0.163,0.34900000000000003,12.465
2017-01-02 16:00:00-03:00,0.359,0.113,0.295,11.946
2017-01-02 17:00:00-03:00,0.277,0.079,0.23600000000000002,11.319
2017-01-02 18:00:00-03:00,0.20600000000000002,0.059000000000000004,0.177,10.608
2017-01-02 19:00:00-03:00,0.125,0.036000000000000004,0.113,9.659
2017-01-02 20:00:00-03:00,0.052000000000000005,0.017,0.054,8.499
2017-01-02 21:00:00-03:00,0.007,0.006,0.011,7.304
2017-01-02 22:00:00-03:00,0.0,0.0,0.0,6.393
2017-01-02 23:00:00-03:00,0.0,0.0,0.0,5.94
2017-01-03 00:00:00-03:00,0.0,0.0,0.0,5.6370000000000005
2017-01-03 01:00:00-03:00,0.0,0.0,0.0,5.375
2017-01-03 02:00:00-03:00,0.0,0.0,0.0,5.175
2017-01-03 03:00:00-03:00,0.0,0.0,0.0,4.846
2017-01-03 04:00:00-03:00,0.0,0.0,0.0,4.611
2017-01-03 05:00:00-03:00,0.0,0.003,0.003,4.506
2017-01-03 06:00:00-03:00,0.027,0.012,0.03,4.768
2017-01-03 07:00:00-03:00,0.089,0.026000000000000002,0.083,5.519
2017-01-03 08:00:00-03:00,0.201,0.068,0.159,6.898
2017-01-03 09:00:00-03:00,0.485,0.313,0.23600000000000002,8.75
2017-01-03 10:00:00-03:00,0.454,0.223,0.292,9.736
2017-01-03 11:00:00-03:00,0.342,0.079,0.306,9.685
2017-01-03 12:00:00-03:00,0.362,0.067,0.34,9.586
2017-01-03 13:00:00-03:00,0.441,0.077,0.422,9.882
2017-01-03 14:00:00-03:00,0.371,0.054,0.363,9.725
2017-01-03 15:00:00-03:00,0.278,0.035,0.278,9.261
2017-01-03 16:00:00-03:00,0.23900000000000002,0.032,0.23700000000000002,9.159
2017-01-03 17:00:00-03:00,0.196,0.029,0.195,9.023
2017-01-03 18:00:00-03:00,0.129,0.018000000000000002,0.135,8.332
2017-01-03 19:00:00-03:00,0.093,0.018000000000000002,0.096,7.467
2017-01-03 20:00:00-03:00,0.081,0.034,0.067,6.631
2017-01-03 21:00:00-03:00,0.018000000000000002,0.016,0.015,5.556
2017-01-03 22:00:00-03:00,0.0,0.0,0.0,4.583
2017-01-03 23:00:00-03:00,0.0,0.0,0.0,3.963
2017-01-04 00:00:00-03:00,0.0,0.0,0.0,3.445
2017-01-04 01:00:00-03:00,0.0,0.0,0.0,2.9619999999999997
2017-01-04 02:00:00-03:00,0.0,0.0,0.0,2.527
2017-01-04 03:00:00-03:00,0.0,0.0,0.0,2.093
2017-01-04 04:00:00-03:00,0.0,0.0,0.0,1.67
2017-01-04 05:00:00-03:00,0.001,0.005,0.003,1.311
2017-01-04 06:00:00-03:00,0.07,0.045,0.043000000000000003,1.592
2017-01-04 07:00:00-03:00,0.20500000000000002,0.11800000000000001,0.109,2.5
2017-01-04 08:00:00-03:00,0.248,0.109,0.164,3.601
2017-01-04 09:00:00-03:00,0.28200000000000003,0.097,0.214,4.699
2017-01-04 10:00:00-03:00,0.342,0.111,0.266,5.862
2017-01-04 11:00:00-03:00,0.47200000000000003,0.20500000000000002,0.324,7.3629999999999995
2017-01-04 12:00:00-03:00,0.444,0.138,0.36,7.993
2017-01-04 13:00:00-03:00,0.389,0.055,0.378,7.668
2017-01-04 14:00:00-03:00,0.425,0.094,0.383,8.294
2017-01-04 15:00:00-03:00,0.484,0.201,0.34800000000000003,9.171
2017-01-04 16:00:00-03:00,0.465,0.222,0.305,9.381
2017-01-04 17:00:00-03:00,0.403,0.196,0.257,9.125
2017-01-04 18:00:00-03:00,0.37,0.211,0.20400000000000001,8.925
2017-01-04 19:00:00-03:00,0.291,0.181,0.14400000000000002,8.522
2017-01-04 20:00:00-03:00,0.131,0.078,0.076,7.741
2017-01-04 21:00:00-03:00,0.031,0.029,0.018000000000000002,6.402
2017-01-04 22:00:00-03:00,0.0,0.0,0.0,5.078
2017-01-04 23:00:00-03:00,0.0,0.0,0.0,4.719
2017-01-05 00:00:00-03:00,0.0,0.0,0.0,4.258
2017-01-05 01:00:00-03:00,0.0,0.0,0.0,3.653
2017-01-05 02:00:00-03:00,0.0,0.0,0.0,3.483
2017-01-05 03:00:00-03:00,0.0,0.0,0.0,3.17
2017-01-05 04:00:00-03:00,0.0,0.0,0.0,2.799
2017-01-05 05:00:00-03:00,0.003,0.008,0.003,2.436
2017-01-05 06:00:00-03:00,0.116,0.08600000000000001,0.049,2.876
2017-01-05 07:00:00-03:00,0.268,0.18,0.115,4.28
2017-01-05 08:00:00-03:00,0.362,0.223,0.177,5.795
2017-01-05 09:00:00-03:00,0.375,0.183,0.233,7.064
2017-01-05 10:00:00-03:00,0.543,0.34,0.279,8.742
2017-01-05 11:00:00-03:00,0.706,0.559,0.28200000000000003,10.632
2017-01-05 12:00:00-03:00,0.717,0.553,0.312,12.172
2017-01-05 13:00:00-03:00,0.62,0.308,0.426,12.862
2017-01-05 14:00:00-03:00,0.373,0.061,0.364,12.145
2017-01-05 15:00:00-03:00,0.154,0.009000000000000001,0.17200000000000001,10.532
2017-01-05 16:00:00-03:00,0.107,0.006,0.124,9.893
2017-01-05 17:00:00-03:00,0.083,0.005,0.099,10.244
2017-01-05 18:00:00-03:00,0.084,0.008,0.098,10.913
2017-01-05 19:00:00-03:00,0.033,0.003,0.046,10.711
2017-01-05 20:00:00-03:00,0.01,0.002,0.02,10.208
2017-01-05 21:00:00-03:00,0.004,0.005,0.009000000000000001,9.845
2017-01-05 22:00:00-03:00,0.0,0.0,0.0,9.522
2017-01-05 23:00:00-03:00,0.0,0.0,0.0,9.409
2017-01-06 00:00:00-03:00,0.0,0.0,0.0,9.469
2017-01-06 01:00:00-03:00,0.0,0.0,0.0,9.285
2017-01-06 02:00:00-03:00,0.0,0.0,0.0,8.569
2017-01-06 03:00:00-03:00,0.0,0.0,0.0,7.484
2017-01-06 04:00:00-03:00,0.0,0.0,0.0,6.607
2017-01-06 05:00:00-03:00,0.0,0.004,0.002,6.234
2017-01-06 06:00:00-03:00,0.07200000000000001,0.049,0.042,6.607
2017-01-06 07:00:00-03:00,0.146,0.07200000000000001,0.098,7.627
2017-01-06 08:00:00-03:00,0.355,0.227,0.171,8.892
2017-01-06 09:00:00-03:00,0.365,0.185,0.226,9.905
2017-01-06 10:00:00-03:00,0.406,0.185,0.276,10.764
2017-01-06 11:00:00-03:00,0.5,0.256,0.32,11.707
2017-01-06 12:00:00-03:00,0.585,0.336,0.35000000000000003,12.49
2017-01-06 13:00:00-03:00,0.613,0.315,0.41000000000000003,12.853
2017-01-06 14:00:00-03:00,0.5630000000000001,0.264,0.395,12.937
2017-01-06 15:00:00-03:00,0.47800000000000004,0.20600000000000002,0.34500000000000003,12.665
2017-01-06 16:00:00-03:00,0.41200000000000003,0.171,0.30000000000000004,12.183
2017-01-06 17:00:00-03:00,0.316,0.114,0.244,11.551
2017-01-06 18:00:00-03:00,0.255,0.1,0.19,10.884
2017-01-06 19:00:00-03:00,0.171,0.07100000000000001,0.127,9.975999999999999
2017-01-06 20:00:00-03:00,0.107,0.059000000000000004,0.07100000000000001,8.963
2017-01-06 21:00:00-03:00,0.021,0.02,0.015,7.497
2017-01-06 22:00:00-03:00,0.0,0.0,0.0,6.17
2017-01-06 23:00:00-03:00,0.0,0.0,0.0,5.352
2017-01-07 00:00:00-03:00,0.0,0.0,0.0,4.452
2017-01-07 01:00:00-03:00,0.0,0.0,0.0,3.37
2017-01-07 02:00:00-03:00,0.0,0.0,0.0,2.547
2017-01-07 03:00:00-03:00,0.0,0.0,0.0,2.044
2017-01-07 04:00:00-03:00,0.0,0.0,0.0,1.7650000000000001
2017-01-07 05:00:00-03:00,0.004,0.01,0.003,1.624
2017-01-07 06:00:00-03:00,0.155,0.127,0.049,2.41
2017-01-07 07:00:00-03:00,0.424,0.36,0.107,4.187
2017-01-07 08:00:00-03:00,0.536,0.446,0.157,6.05
2017-01-07 09:00:00-03:00,0.512,0.361,0.217,7.522
2017-01-07 10:00:00-03:00,0.631,0.486,0.248,9.028
2017-01-07 11:00:00-03:00,0.54,0.308,0.312,10.004
2017-01-07 12:00:00-03:00,0.535,0.26,0.356,10.676
2017-01-07 13:00:00-03:00,0.623,0.331,0.402,11.491
2017-01-07 14:00:00-03:00,0.659,0.432,0.352,12.242
2017-01-07 15:00:00-03:00,0.5,0.23600000000000002,0.341,12.156
2017-01-07 16:00:00-03:00,0.379,0.138,0.292,11.727
2017-01-07 17:00:00-03:00,0.18,0.029,0.18,10.717
2017-01-07 18:00:00-03:00,0.108,0.015,0.116,9.736
2017-01-07 19:00:00-03:00,0.074,0.014,0.081,8.932
2017-01-07 20:00:00-03:00,0.039,0.012,0.044,8.128
2017-01-07 21:00:00-03:00,0.007,0.006,0.011,7.184
2017-01-07 22:00:00-03:00,0.0,0.0,0.0,6.29
2017-01-07 23:00:00-03:00,0.0,0.0,0.0,5.539
2017-01-08 00:00:00-03:00,0.0,0.0,0.0,4.757
2017-01-08 01:00:00-03:00,0.0,0.0,0.0,4.264
2017-01-08 02:00:00-03:00,0.0,0.0,0.0,4.019
2017-01-08 03:00:00-03:00,0.0,0.0,0.0,3.885
2017-01-08 04:00:00-03:00,0.0,0.0,0.0,3.795
2017-01-08 05:00:00-03:00,0.0,0.001,0.002,3.711
2017-01-08 06:00:00-03:00,0.036000000000000004,0.019,0.034,4.213
2017-01-08 07:00:00-03:00,0.128,0.052000000000000005,0.098,5.449
2017-01-08 08:00:00-03:00,0.2,0.067,0.159,7.155
2017-01-08 09:00:00-03:00,0.23,0.056,0.20400000000000001,8.836
2017-01-08 10:00:00-03:00,0.234,0.038,0.228,10.017
2017-01-08 11:00:00-03:00,0.249,0.031,0.252,10.903
2017-01-08 12:00:00-03:00,0.275,0.029,0.28300000000000003,11.565
2017-01-08 13:00:00-03:00,0.314,0.025,0.331,11.774000000000001
2017-01-08 14:00:00-03:00,0.25,0.016,0.269,11.463
2017-01-08 15:00:00-03:00,0.202,0.014,0.218,11.08
2017-01-08 16:00:00-03:00,0.187,0.017,0.199,10.806000000000001
2017-01-08 17:00:00-03:00,0.153,0.015,0.164,10.294
2017-01-08 18:00:00-03:00,0.115,0.014,0.125,9.431
2017-01-08 19:00:00-03:00,0.075,0.012,0.084,8.558
2017-01-08 20:00:00-03:00,0.043000000000000003,0.012,0.049,7.747
2017-01-08 21:00:00-03:00,0.008,0.007,0.011,6.548
2017-01-08 22:00:00-03:00,0.0,0.0,0.0,5.413
2017-01-08 23:00:00-03:00,0.0,0.0,0.0,4.59
2017-01-09 00:00:00-03:00,0.0,0.0,0.0,3.946
2017-01-09 01:00:00-03:00,0.0,0.0,0.0,3.513
2017-01-09 02:00:00-03:00,0.0,0.0,0.0,3.271
2017-01-09 03:00:00-03:00,0.0,0.0,0.0,3.099
2017-01-09 04:00:00-03:00,0.0,0.0,0.0,2.878
2017-01-09 05:00:00-03:00,0.0,0.001,0.001,2.669
2017-01-09 06:00:00-03:00,0.041,0.024,0.034,2.8810000000000002
2017-01-09 07:00:00-03:00,0.169,0.08700000000000001,0.10400000000000001,3.813
2017-01-09 08:00:00-03:00,0.34400000000000003,0.20400000000000001,0.176,5.321
2017-01-09 09:00:00-03:00,0.369,0.177,0.232,6.776
2017-01-09 10:00:00-03:00,0.35100000000000003,0.11800000000000001,0.273,7.608
2017-01-09 11:00:00-03:00,0.358,0.093,0.307,8.211
2017-01-09 12:00:00-03:00,0.377,0.082,0.341,8.93
2017-01-09 13:00:00-03:00,0.488,0.121,0.434,9.86
2017-01-09 14:00:00-03:00,0.465,0.123,0.406,10.318
2017-01-09 15:00:00-03:00,0.281,0.038,0.278,9.676
2017-01-09 16:00:00-03:00,0.188,0.019,0.197,8.949
2017-01-09 17:00:00-03:00,0.159,0.018000000000000002,0.166,8.663
2017-01-09 18:00:00-03:00,0.145,0.025,0.14400000000000002,8.457
2017-01-09 19:00:00-03:00,0.098,0.022,0.098,7.978
2017-01-09 20:00:00-03:00,0.052000000000000005,0.018000000000000002,0.053,7.154
2017-01-09 21:00:00-03:00,0.014,0.014,0.013000000000000001,5.98
2017-01-09 22:00:00-03:00,0.0,0.0,0.0,4.763
2017-01-09 23:00:00-03:00,0.0,0.0,0.0,4.007
2017-01-10 00:00:00-03:00,0.0,0.0,0.0,3.737
2017-01-10 01:00:00-03:00,0.0,0.0,0.0,3.716
2017-01-10 02:00:00-03:00,0.0,0.0,0.0,3.714
2017-01-10 03:00:00-03:00,0.0,0.0,0.0,3.683
2017-01-10 04:00:00-03:00,0.0,0.0,0.0,3.901
2017-01-10 05:00:00-03:00,0.0,0.001,0.001,4.308
2017-01-10 06:00:00-03:00,0.021,0.011,0.024,4.836
2017-01-10 07:00:00-03:00,0.10300000000000001,0.04,0.083,5.53
2017-01-10 08:00:00-03:00,0.41000000000000003,0.28800000000000003,0.167,6.668
2017-01-10 09:00:00-03:00,0.5690000000000001,0.44,0.209,7.914
2017-01-10 10:00:00-03:00,0.5740000000000001,0.398,0.261,8.793
2017-01-10 11:00:00-03:00,0.544,0.311,0.312,9.24
2017-01-10 12:00:00-03:00,0.659,0.449,0.324,9.721
2017-01-10 13:00:00-03:00,0.646,0.364,0.392,9.724
2017-01-10 14:00:00-03:00,0.605,0.319,0.382,9.754
2017-01-10 15:00:00-03:00,0.591,0.358,0.327,10.004
2017-01-10 16:00:00-03:00,0.538,0.325,0.292,9.952
2017-01-10 17:00:00-03:00,0.317,0.115,0.241,9.156
2017-01-10 18:00:00-03:00,0.165,0.038,0.153,8.173
2017-01-10 19:00:00-03:00,0.078,0.015,0.083,7.083
2017-01-10 20:00:00-03:00,0.025,0.006,0.033,6.173
2017-01-10 21:00:00-03:00,0.001,0.002,0.005,5.659
2017-01-10 22:00:00-03:00,0.0,0.0,0.0,5.474
2017-01-10 23:00:00-03:00,0.0,0.0,0.0,5.375
2017-01-11 00:00:00-03:00,0.0,0.0,0.0,5.22
2017-01-11 01:00:00-03:00,0.0,0.0,0.0,5.039
2017-01-11 02:00:00-03:00,0.0,0.0,0.0,5.008
2017-01-11 03:00:00-03:00,0.0,0.0,0.0,5.14
2017-01-11 04:00:00-03:00,0.0,0.0,0.0,5.397
2017-01-11 05:00:00-03:00,0.0,0.0,0.001,5.736
2017-01-11 06:00:00-03:00,0.026000000000000002,0.014,0.027,6.026
2017-01-11 07:00:00-03:00,0.1,0.038,0.083,6.606
2017-01-11 08:00:00-03:00,0.21,0.083,0.155,7.562
2017-01-11 09:00:00-03:00,0.382,0.201,0.228,8.869
2017-01-11 10:00:00-03:00,0.537,0.34600000000000003,0.272,10.388
2017-01-11 11:00:00-03:00,0.592,0.382,0.309,11.559
2017-01-11 12:00:00-03:00,0.372,0.08600000000000001,0.335,11.25
2017-01-11 13:00:00-03:00,0.401,0.067,0.388,11.151
2017-01-11 14:00:00-03:00,0.562,0.253,0.402,12.253
2017-01-11 15:00:00-03:00,0.462,0.184,0.34700000000000003,12.507
2017-01-11 16:00:00-03:00,0.34600000000000003,0.105,0.28800000000000003,12.255
2017-01-11 17:00:00-03:00,0.251,0.063,0.223,11.855
2017-01-11 18:00:00-03:00,0.194,0.054,0.17,11.321
2017-01-11 19:00:00-03:00,0.149,0.055,0.121,10.565
2017-01-11 20:00:00-03:00,0.063,0.026000000000000002,0.057,9.372
2017-01-11 21:00:00-03:00,0.011,0.012,0.011,8.219
2017-01-11 22:00:00-03:00,0.0,0.0,0.0,7.398
2017-01-11 23:00:00-03:00,0.0,0.0,0.0,7.085
2017-01-12 00:00:00-03:00,0.0,0.0,0.0,6.975
2017-01-12 01:00:00-03:00,0.0,0.0,0.0,6.812
2017-01-12 02:00:00-03:00,0.0,0.0,0.0,6.6129999999999995
2017-01-12 03:00:00-03:00,0.0,0.0,0.0,6.427
2017-01-12 04:00:00-03:00,0.0,0.0,0.0,6.232
2017-01-12 05:00:00-03:00,0.0,0.001,0.001,6.042
2017-01-12 06:00:00-03:00,0.028,0.017,0.027,6.242
2017-01-12 07:00:00-03:00,0.10400000000000001,0.042,0.083,7.027
2017-01-12 08:00:00-03:00,0.4,0.28200000000000003,0.167,8.395
2017-01-12 09:00:00-03:00,0.582,0.467,0.20600000000000002,9.785
2017-01-12 10:00:00-03:00,0.58,0.41500000000000004,0.259,10.916
2017-01-12 11:00:00-03:00,0.509,0.272,0.315,11.792
2017-01-12 12:00:00-03:00,0.488,0.20500000000000002,0.357,12.154
2017-01-12 13:00:00-03:00,0.522,0.181,0.423,12.18
2017-01-12 14:00:00-03:00,0.514,0.197,0.398,12.327
2017-01-12 15:00:00-03:00,0.41300000000000003,0.137,0.334,12.086
2017-01-12 16:00:00-03:00,0.372,0.132,0.29,11.656
2017-01-12 17:00:00-03:00,0.295,0.098,0.23600000000000002,10.807
2017-01-12 18:00:00-03:00,0.234,0.085,0.181,10.063
2017-01-12 19:00:00-03:00,0.12,0.037,0.107,9.11
2017-01-12 20:00:00-03:00,0.04,0.013000000000000001,0.044,7.835
2017-01-12 21:00:00-03:00,0.002,0.003,0.007,6.536
2017-01-12 22:00:00-03:00,0.0,0.0,0.0,5.51
2017-01-12 23:00:00-03:00,0.0,0.0,0.0,4.736
2017-01-13 00:00:00-03:00,0.0,0.0,0.0,4.386
2017-01-13 01:00:00-03:00,0.0,0.0,0.0,4.482
2017-01-13 02:00:00-03:00,0.0,0.0,0.0,4.652
2017-01-13 03:00:00-03:00,0.0,0.0,0.0,4.687
2017-01-13 04:00:00-03:00,0.0,0.0,0.0,4.6129999999999995
2017-01-13 05:00:00-03:00,0.0,0.001,0.001,4.545
2017-01-13 06:00:00-03:00,0.011,0.005,0.018000000000000002,4.698
2017-01-13 07:00:00-03:00,0.034,0.006,0.045,4.905
2017-01-13 08:00:00-03:00,0.1,0.016,0.105,5.502
2017-01-13 09:00:00-03:00,0.20500000000000002,0.043000000000000003,0.188,6.607
2017-01-13 10:00:00-03:00,0.267,0.055,0.244,7.877
2017-01-13 11:00:00-03:00,0.327,0.07,0.297,9.286
2017-01-13 12:00:00-03:00,0.305,0.042,0.303,10.376
2017-01-13 13:00:00-03:00,0.302,0.024,0.318,11.061
2017-01-13 14:00:00-03:00,0.209,0.011,0.23,11.322
2017-01-13 15:00:00-03:00,0.23,0.021,0.242,11.855
2017-01-13 16:00:00-03:00,0.257,0.041,0.253,12.249
2017-01-13 17:00:00-03:00,0.2,0.032,0.2,11.979
2017-01-13 18:00:00-03:00,0.17300000000000001,0.037,0.164,11.638
2017-01-13 19:00:00-03:00,0.089,0.018000000000000002,0.094,11.091
2017-01-13 20:00:00-03:00,0.022,0.005,0.032,10.26
2017-01-13 21:00:00-03:00,0.0,0.001,0.003,9.596
2017-01-13 22:00:00-03:00,0.0,0.0,0.0,9.122
2017-01-13 23:00:00-03:00,0.0,0.0,0.0,8.58
2017-01-14 00:00:00-03:00,0.0,0.0,0.0,8.023
2017-01-14 01:00:00-03:00,0.0,0.0,0.0,7.643
2017-01-14 02:00:00-03:00,0.0,0.0,0.0,7.5969999999999995
2017-01-14 03:00:00-03:00,0.0,0.0,0.0,7.781
2017-01-14 04:00:00-03:00,0.0,0.0,0.0,8.048
2017-01-14 05:00:00-03:00,0.0,0.0,0.0,8.359
2017-01-14 06:00:00-03:00,0.004,0.002,0.01,8.669
2017-01-14 07:00:00-03:00,0.027,0.005,0.038,9.066
2017-01-14 08:00:00-03:00,0.063,0.007,0.076,9.582
2017-01-14 09:00:00-03:00,0.122,0.014,0.132,10.26
2017-01-14 10:00:00-03:00,0.164,0.018000000000000002,0.17400000000000002,10.927
2017-01-14 11:00:00-03:00,0.215,0.024,0.223,11.644
2017-01-14 12:00:00-03:00,0.244,0.025,0.255,12.084
2017-01-14 13:00:00-03:00,0.343,0.039,0.352,12.59
2017-01-14 14:00:00-03:00,0.399,0.078,0.38,13.155
2017-01-14 15:00:00-03:00,0.465,0.187,0.352,13.695
2017-01-14 16:00:00-03:00,0.48,0.249,0.308,13.768
2017-01-14 17:00:00-03:00,0.504,0.333,0.253,13.651
2017-01-14 18:00:00-03:00,0.459,0.331,0.198,13.128
2017-01-14 19:00:00-03:00,0.277,0.17500000000000002,0.14100000000000001,12.139
2017-01-14 20:00:00-03:00,0.076,0.036000000000000004,0.061,10.926
2017-01-14 21:00:00-03:00,0.008,0.011,0.008,9.769
2017-01-14 22:00:00-03:00,0.0,0.0,0.0,8.758
2017-01-14 23:00:00-03:00,0.0,0.0,0.0,8.118
2017-01-15 00:00:00-03:00,0.0,0.0,0.0,7.793
2017-01-15 01:00:00-03:00,0.0,0.0,0.0,7.647
2017-01-15 02:00:00-03:00,0.0,0.0,0.0,7.655
2017-01-15 03:00:00-03:00,0.0,0.0,0.0,7.71
2017-01-15 04:00:00-03:00,0.0,0.0,0.0,7.692
2017-01-15 05:00:00-03:00,0.0,0.0,0.0,7.614
2017-01-15 06:00:00-03:00,0.009000000000000001,0.005,0.015,7.797
2017-01-15 07:00:00-03:00,0.036000000000000004,0.008,0.045,8.378
2017-01-15 08:00:00-03:00,0.098,0.02,0.101,9.417
2017-01-15 09:00:00-03:00,0.225,0.067,0.19,10.95
2017-01-15 10:00:00-03:00,0.334,0.122,0.258,12.204
2017-01-15 11:00:00-03:00,0.369,0.123,0.299,12.911
2017-01-15 12:00:00-03:00,0.392,0.115,0.335,13.549
2017-01-15 13:00:00-03:00,0.603,0.324,0.395,14.828
2017-01-15 14:00:00-03:00,0.662,0.464,0.341,15.733
2017-01-15 15:00:00-03:00,0.612,0.426,0.31,15.975
2017-01-15 16:00:00-03:00,0.547,0.367,0.28200000000000003,15.842
2017-01-15 17:00:00-03:00,0.508,0.36,0.23800000000000002,15.497
2017-01-15 18:00:00-03:00,0.512,0.422,0.179,15.009
2017-01-15 19:00:00-03:00,0.358,0.279,0.132,14.148
2017-01-15 20:00:00-03:00,0.227,0.189,0.073,12.964
2017-01-15 21:00:00-03:00,0.046,0.052000000000000005,0.012,11.271
2017-01-15 22:00:00-03:00,0.0,0.0,0.0,9.853
2017-01-15 23:00:00-03:00,0.0,0.0,0.0,8.849
2017-01-16 00:00:00-03:00,0.0,0.0,0.0,8.095
2017-01-16 01:00:00-03:00,0.0,0.0,0.0,7.558
2017-01-16 02:00:00-03:00,0.0,0.0,0.0,6.969
2017-01-16 03:00:00-03:00,0.0,0.0,0.0,5.959
2017-01-16 04:00:00-03:00,0.0,0.0,0.0,4.801
2017-01-16 05:00:00-03:00,0.0,0.004,0.001,4.059
2017-01-16 06:00:00-03:00,0.151,0.133,0.04,4.141
2017-01-16 07:00:00-03:00,0.307,0.23700000000000002,0.101,4.943
2017-01-16 08:00:00-03:00,0.452,0.34600000000000003,0.156,5.945
2017-01-16 09:00:00-03:00,0.558,0.431,0.202,7.045
2017-01-16 10:00:00-03:00,0.5690000000000001,0.398,0.251,7.963
2017-01-16 11:00:00-03:00,0.5720000000000001,0.362,0.294,8.724
2017-01-16 12:00:00-03:00,0.558,0.304,0.335,9.214
2017-01-16 13:00:00-03:00,0.596,0.299,0.39,9.536
2017-01-16 14:00:00-03:00,0.6000000000000001,0.33,0.365,9.781
2017-01-16 15:00:00-03:00,0.59,0.371,0.312,9.833
2017-01-16 16:00:00-03:00,0.5700000000000001,0.385,0.273,9.712
2017-01-16 17:00:00-03:00,0.441,0.258,0.24,9.033
2017-01-16 18:00:00-03:00,0.187,0.055,0.158,7.801
2017-01-16 19:00:00-03:00,0.049,0.008,0.059000000000000004,6.3870000000000005
2017-01-16 20:00:00-03:00,0.028,0.009000000000000001,0.034,5.634
2017-01-16 21:00:00-03:00,0.003,0.005,0.006,4.926
2017-01-16 22:00:00-03:00,0.0,0.0,0.0,4.422
2017-01-16 23:00:00-03:00,0.0,0.0,0.0,4.144
2017-01-17 00:00:00-03:00,0.0,0.0,0.0,3.9859999999999998
2017-01-17 01:00:00-03:00,0.0,0.0,0.0,3.83
2017-01-17 02:00:00-03:00,0.0,0.0,0.0,3.645
2017-01-17 03:00:00-03:00,0.0,0.0,0.0,3.7039999999999997
2017-01-17 04:00:00-03:00,0.0,0.0,0.0,4.225
2017-01-17 05:00:00-03:00,0.0,0.0,0.0,4.808
2017-01-17 06:00:00-03:00,0.016,0.01,0.019,5.499
2017-01-17 07:00:00-03:00,0.069,0.022,0.066,6.179
2017-01-17 08:00:00-03:00,0.23800000000000002,0.11,0.155,6.53
2017-01-17 09:00:00-03:00,0.496,0.342,0.217,7.867
2017-01-17 10:00:00-03:00,0.501,0.299,0.27,9.092
2017-01-17 11:00:00-03:00,0.446,0.191,0.313,9.519
2017-01-17 12:00:00-03:00,0.506,0.225,0.353,9.941
2017-01-17 13:00:00-03:00,0.5680000000000001,0.242,0.41400000000000003,10.308
2017-01-17 14:00:00-03:00,0.482,0.156,0.393,10.144
2017-01-17 15:00:00-03:00,0.389,0.114,0.324,9.978
2017-01-17 16:00:00-03:00,0.334,0.099,0.278,9.884
2017-01-17 17:00:00-03:00,0.307,0.109,0.23700000000000002,9.831
2017-01-17 18:00:00-03:00,0.187,0.052000000000000005,0.163,9.3
2017-01-17 19:00:00-03:00,0.10300000000000001,0.028,0.097,8.486
2017-01-17 20:00:00-03:00,0.04,0.014,0.043000000000000003,7.421
2017-01-17 21:00:00-03:00,0.005,0.008,0.007,6.215
2017-01-17 22:00:00-03:00,0.0,0.0,0.0,5.306
2017-01-17 23:00:00-03:00,0.0,0.0,0.0,4.656
2017-01-18 00:00:00-03:00,0.0,0.0,0.0,3.965
2017-01-18 01:00:00-03:00,0.0,0.0,0.0,3.668
2017-01-18 02:00:00-03:00,0.0,0.0,0.0,3.71
2017-01-18 03:00:00-03:00,0.0,0.0,0.0,3.873
2017-01-18 04:00:00-03:00,0.0,0.0,0.0,3.964
2017-01-18 05:00:00-03:00,0.0,0.0,0.0,3.987
2017-01-18 06:00:00-03:00,0.005,0.003,0.01,4.162
2017-01-18 07:00:00-03:00,0.028,0.005,0.037,4.633
2017-01-18 08:00:00-03:00,0.094,0.017,0.097,5.378
2017-01-18 09:00:00-03:00,0.138,0.021,0.14,6.22
2017-01-18 10:00:00-03:00,0.178,0.023,0.18,7.641
2017-01-18 11:00:00-03:00,0.297,0.065,0.271,10.451
2017-01-18 12:00:00-03:00,0.361,0.08700000000000001,0.324,12.607
2017-01-18 13:00:00-03:00,0.51,0.176,0.417,13.531
2017-01-18 14:00:00-03:00,0.6000000000000001,0.336,0.379,14.613
2017-01-18 15:00:00-03:00,0.5730000000000001,0.353,0.327,15.011
2017-01-18 16:00:00-03:00,0.561,0.38,0.28400000000000003,14.728
2017-01-18 17:00:00-03:00,0.46900000000000003,0.299,0.246,14.195
2017-01-18 18:00:00-03:00,0.321,0.17400000000000002,0.193,13.53
2017-01-18 19:00:00-03:00,0.213,0.117,0.129,12.633
2017-01-18 20:00:00-03:00,0.111,0.07100000000000001,0.064,11.318
2017-01-18 21:00:00-03:00,0.008,0.012,0.007,9.843
2017-01-18 22:00:00-03:00,0.0,0.0,0.0,9.088
2017-01-18 23:00:00-03:00,0.0,0.0,0.0,8.614
2017-01-19 00:00:00-03:00,0.0,0.0,0.0,8.238
2017-01-19 01:00:00-03:00,0.0,0.0,0.0,7.902
2017-01-19 02:00:00-03:00,0.0,0.0,0.0,7.643
2017-01-19 03:00:00-03:00,0.0,0.0,0.0,7.356
2017-01-19 04:00:00-03:00,0.0,0.0,0.0,7.172
2017-01-19 05:00:00-03:00,0.0,0.0,0.0,6.764
2017-01-19 06:00:00-03:00,0.085,0.073,0.032,7.031
2017-01-19 07:00:00-03:00,0.183,0.117,0.093,8.237
2017-01-19 08:00:00-03:00,0.309,0.192,0.157,10.25
2017-01-19 09:00:00-03:00,0.468,0.329,0.21,12.445
2017-01-19 10:00:00-03:00,0.642,0.538,0.233,14.561
2017-01-19 11:00:00-03:00,0.582,0.406,0.28800000000000003,15.794
2017-01-19 12:00:00-03:00,0.394,0.13,0.328,15.968
2017-01-19 13:00:00-03:00,0.382,0.077,0.366,15.802
2017-01-19 14:00:00-03:00,0.34400000000000003,0.064,0.335,15.693
2017-01-19 15:00:00-03:00,0.406,0.152,0.32,16.293
2017-01-19 16:00:00-03:00,0.526,0.35000000000000003,0.277,17.353
2017-01-19 17:00:00-03:00,0.487,0.34400000000000003,0.233,17.712
2017-01-19 18:00:00-03:00,0.249,0.113,0.178,17.186
2017-01-19 19:00:00-03:00,0.166,0.081,0.117,16.395
2017-01-19 20:00:00-03:00,0.14100000000000001,0.106,0.065,15.033
2017-01-19 21:00:00-03:00,0.019,0.026000000000000002,0.008,13.017
2017-01-19 22:00:00-03:00,0.0,0.0,0.0,11.708
2017-01-19 23:00:00-03:00,0.0,0.0,0.0,10.845
2017-01-20 00:00:00-03:00,0.0,0.0,0.0,10.085
2017-01-20 01:00:00-03:00,0.0,0.0,0.0,9.272
2017-01-20 02:00:00-03:00,0.0,0.0,0.0,9.078
2017-01-20 03:00:00-03:00,0.0,0.0,0.0,9.16
2017-01-20 04:00:00-03:00,0.0,0.0,0.0,8.64
2017-01-20 05:00:00-03:00,0.0,0.0,0.0,8.234
2017-01-20 06:00:00-03:00,0.196,0.189,0.035,9.063
2017-01-20 07:00:00-03:00,0.337,0.28800000000000003,0.093,10.84
2017-01-20 08:00:00-03:00,0.581,0.547,0.133,12.391
2017-01-20 09:00:00-03:00,0.709,0.6990000000000001,0.162,13.64
2017-01-20 10:00:00-03:00,0.761,0.75,0.192,14.675
2017-01-20 11:00:00-03:00,0.785,0.768,0.216,15.545
2017-01-20 12:00:00-03:00,0.797,0.775,0.231,16.168
2017-01-20 13:00:00-03:00,0.777,0.738,0.24,16.458
2017-01-20 14:00:00-03:00,0.677,0.531,0.297,16.378
2017-01-20 15:00:00-03:00,0.47200000000000003,0.243,0.31,15.781
2017-01-20 16:00:00-03:00,0.352,0.14100000000000001,0.265,15.052
2017-01-20 17:00:00-03:00,0.271,0.099,0.213,14.339
2017-01-20 18:00:00-03:00,0.23500000000000001,0.10400000000000001,0.168,13.735
2017-01-20 19:00:00-03:00,0.242,0.158,0.12,13.156
2017-01-20 20:00:00-03:00,0.214,0.183,0.063,12.005
2017-01-20 21:00:00-03:00,0.028,0.036000000000000004,0.008,9.617
2017-01-20 22:00:00-03:00,0.0,0.0,0.0,8.09
2017-01-20 23:00:00-03:00,0.0,0.0,0.0,7.227
2017-01-21 00:00:00-03:00,0.0,0.0,0.0,6.608
2017-01-21 01:00:00-03:00,0.0,0.0,0.0,6.111
2017-01-21 02:00:00-03:00,0.0,0.0,0.0,5.913
2017-01-21 03:00:00-03:00,0.0,0.0,0.0,5.818
2017-01-21 04:00:00-03:00,0.0,0.0,0.0,5.539
2017-01-21 05:00:00-03:00,0.0,0.0,0.0,5.311
2017-01-21 06:00:00-03:00,0.215,0.20600000000000002,0.035,5.608
2017-01-21 07:00:00-03:00,0.401,0.353,0.093,7.014
2017-01-21 08:00:00-03:00,0.544,0.47900000000000004,0.14200000000000002,8.748
2017-01-21 09:00:00-03:00,0.6890000000000001,0.644,0.17400000000000002,10.492
2017-01-21 10:00:00-03:00,0.6940000000000001,0.614,0.218,12.044
2017-01-21 11:00:00-03:00,0.677,0.553,0.26,13.177
2017-01-21 12:00:00-03:00,0.676,0.524,0.291,13.975999999999999
2017-01-21 13:00:00-03:00,0.614,0.37,0.362,14.385
2017-01-21 14:00:00-03:00,0.403,0.109,0.356,14.08
2017-01-21 15:00:00-03:00,0.279,0.055,0.266,13.757
2017-01-21 16:00:00-03:00,0.224,0.041,0.217,13.292
2017-01-21 17:00:00-03:00,0.211,0.052000000000000005,0.193,12.817
2017-01-21 18:00:00-03:00,0.163,0.045,0.146,12.226
2017-01-21 19:00:00-03:00,0.17300000000000001,0.08700000000000001,0.115,11.714
2017-01-21 20:00:00-03:00,0.10300000000000001,0.069,0.058,10.924
2017-01-21 21:00:00-03:00,0.012,0.016,0.007,9.624
2017-01-21 22:00:00-03:00,0.0,0.0,0.0,8.808
2017-01-21 23:00:00-03:00,0.0,0.0,0.0,8.634
2017-01-22 00:00:00-03:00,0.0,0.0,0.0,8.438
2017-01-22 01:00:00-03:00,0.0,0.0,0.0,8.048
2017-01-22 02:00:00-03:00,0.0,0.0,0.0,7.711
2017-01-22 03:00:00-03:00,0.0,0.0,0.0,7.534
2017-01-22 04:00:00-03:00,0.0,0.0,0.0,7.622
2017-01-22 05:00:00-03:00,0.0,0.0,0.0,7.825
2017-01-22 06:00:00-03:00,0.004,0.004,0.009000000000000001,8.018
2017-01-22 07:00:00-03:00,0.037,0.009000000000000001,0.045,8.461
2017-01-22 08:00:00-03:00,0.155,0.052000000000000005,0.129,9.41
2017-01-22 09:00:00-03:00,0.34600000000000003,0.176,0.215,10.858
2017-01-22 10:00:00-03:00,0.436,0.233,0.267,12.393
2017-01-22 11:00:00-03:00,0.47100000000000003,0.23700000000000002,0.309,13.61
2017-01-22 12:00:00-03:00,0.47400000000000003,0.20700000000000002,0.34500000000000003,14.375
2017-01-22 13:00:00-03:00,0.522,0.20700000000000002,0.405,14.856
2017-01-22 14:00:00-03:00,0.484,0.179,0.387,15.054
2017-01-22 15:00:00-03:00,0.367,0.108,0.315,14.888
2017-01-22 16:00:00-03:00,0.332,0.107,0.275,14.882
2017-01-22 17:00:00-03:00,0.231,0.059000000000000004,0.209,14.592
2017-01-22 18:00:00-03:00,0.13,0.025,0.132,14.11
2017-01-22 19:00:00-03:00,0.121,0.043000000000000003,0.10400000000000001,13.993
2017-01-22 20:00:00-03:00,0.034,0.013000000000000001,0.038,13.343
2017-01-22 21:00:00-03:00,0.0,0.002,0.003,12.354
2017-01-22 22:00:00-03:00,0.0,0.0,0.0,11.611
2017-01-22 23:00:00-03:00,0.0,0.0,0.0,11.172
2017-01-23 00:00:00-03:00,0.0,0.0,0.0,10.795
2017-01-23 01:00:00-03:00,0.0,0.0,0.0,10.381
2017-01-23 02:00:00-03:00,0.0,0.0,0.0,10.453
2017-01-23 03:00:00-03:00,0.0,0.0,0.0,10.481
2017-01-23 04:00:00-03:00,0.0,0.0,0.0,10.042
2017-01-23 05:00:00-03:00,0.0,0.0,0.0,9.48
2017-01-23 06:00:00-03:00,0.006,0.007,0.01,9.066
2017-01-23 07:00:00-03:00,0.056,0.02,0.055,8.597
2017-01-23 08:00:00-03:00,0.449,0.358,0.148,8.691
2017-01-23 09:00:00-03:00,0.6950000000000001,0.65,0.17200000000000001,9.555
2017-01-23 10:00:00-03:00,0.731,0.667,0.209,10.323
2017-01-23 11:00:00-03:00,0.734,0.637,0.245,10.915
2017-01-23 12:00:00-03:00,0.687,0.53,0.28800000000000003,11.37
2017-01-23 13:00:00-03:00,0.635,0.397,0.35100000000000003,11.472
2017-01-23 14:00:00-03:00,0.551,0.277,0.361,11.365
2017-01-23 15:00:00-03:00,0.49,0.248,0.314,11.173
2017-01-23 16:00:00-03:00,0.515,0.32,0.271,11.037
2017-01-23 17:00:00-03:00,0.419,0.243,0.231,10.421
2017-01-23 18:00:00-03:00,0.368,0.23500000000000001,0.179,9.704
2017-01-23 19:00:00-03:00,0.27,0.182,0.121,8.948
2017-01-23 20:00:00-03:00,0.08,0.049,0.052000000000000005,7.928
2017-01-23 21:00:00-03:00,0.005,0.009000000000000001,0.005,6.734
2017-01-23 22:00:00-03:00,0.0,0.0,0.0,5.761
2017-01-23 23:00:00-03:00,0.0,0.0,0.0,4.94
2017-01-24 00:00:00-03:00,0.0,0.0,0.0,4.16
2017-01-24 01:00:00-03:00,0.0,0.0,0.0,3.557
2017-01-24 02:00:00-03:00,0.0,0.0,0.0,3.2720000000000002
2017-01-24 03:00:00-03:00,0.0,0.0,0.0,3.223
2017-01-24 04:00:00-03:00,0.0,0.0,0.0,3.392
2017-01-24 05:00:00-03:00,0.0,0.0,0.0,3.3890000000000002
2017-01-24 06:00:00-03:00,0.092,0.08600000000000001,0.025,3.781
2017-01-24 07:00:00-03:00,0.129,0.07100000000000001,0.079,4.965
2017-01-24 08:00:00-03:00,0.184,0.075,0.133,6.256
2017-01-24 09:00:00-03:00,0.328,0.16,0.20500000000000002,7.844
2017-01-24 10:00:00-03:00,0.374,0.166,0.254,9.266
2017-01-24 11:00:00-03:00,0.39,0.15,0.291,10.393
2017-01-24 12:00:00-03:00,0.378,0.114,0.315,11.148
2017-01-24 13:00:00-03:00,0.435,0.12,0.377,11.865
2017-01-24 14:00:00-03:00,0.444,0.14300000000000002,0.367,12.494
2017-01-24 15:00:00-03:00,0.47800000000000004,0.233,0.319,13.043
2017-01-24 16:00:00-03:00,0.368,0.146,0.275,12.98
2017-01-24 17:00:00-03:00,0.307,0.123,0.226,12.733
2017-01-24 18:00:00-03:00,0.303,0.165,0.18,12.45
2017-01-24 19:00:00-03:00,0.278,0.194,0.122,11.854
2017-01-24 20:00:00-03:00,0.156,0.124,0.06,10.713
2017-01-24 21:00:00-03:00,0.008,0.013000000000000001,0.005,8.555
2017-01-24 22:00:00-03:00,0.0,0.0,0.0,6.737
2017-01-24 23:00:00-03:00,0.0,0.0,0.0,5.841
2017-01-25 00:00:00-03:00,0.0,0.0,0.0,5.142
2017-01-25 01:00:00-03:00,0.0,0.0,0.0,4.106
2017-01-25 02:00:00-03:00,0.0,0.0,0.0,3.489
2017-01-25 03:00:00-03:00,0.0,0.0,0.0,3.054
2017-01-25 04:00:00-03:00,0.0,0.0,0.0,3.37
2017-01-25 05:00:00-03:00,0.0,0.0,0.0,4.383
2017-01-25 06:00:00-03:00,0.083,0.081,0.022,5.037
2017-01-25 07:00:00-03:00,0.302,0.243,0.092,6.659
2017-01-25 08:00:00-03:00,0.464,0.377,0.148,9.464
2017-01-25 09:00:00-03:00,0.20700000000000002,0.063,0.176,11.656
2017-01-25 10:00:00-03:00,0.191,0.035,0.188,12.905
2017-01-25 11:00:00-03:00,0.321,0.096,0.274,14.561
2017-01-25 12:00:00-03:00,0.301,0.065,0.28400000000000003,15.893
2017-01-25 13:00:00-03:00,0.622,0.41000000000000003,0.353,19.227
2017-01-25 14:00:00-03:00,0.648,0.489,0.322,21.628
2017-01-25 15:00:00-03:00,0.242,0.04,0.247,20.274
2017-01-25 16:00:00-03:00,0.211,0.038,0.213,18.483
2017-01-25 17:00:00-03:00,0.318,0.14200000000000002,0.229,17.683
2017-01-25 18:00:00-03:00,0.319,0.191,0.18,16.702
2017-01-25 19:00:00-03:00,0.228,0.145,0.12,15.213
2017-01-25 20:00:00-03:00,0.061,0.035,0.047,13.488
2017-01-25 21:00:00-03:00,0.002,0.007,0.003,11.774000000000001
2017-01-25 22:00:00-03:00,0.0,0.0,0.0,10.504
2017-01-25 23:00:00-03:00,0.0,0.0,0.0,9.489
2017-01-26 00:00:00-03:00,0.0,0.0,0.0,8.850999999999999
2017-01-26 01:00:00-03:00,0.0,0.0,0.0,8.437
2017-01-26 02:00:00-03:00,0.0,0.0,0.0,7.852
2017-01-26 03:00:00-03:00,0.0,0.0,0.0,7.659
2017-01-26 04:00:00-03:00,0.0,0.0,0.0,7.676
2017-01-26 05:00:00-03:00,0.0,0.0,0.0,7.713
2017-01-26 06:00:00-03:00,0.021,0.021,0.015,8.343
2017-01-26 07:00:00-03:00,0.108,0.059000000000000004,0.07200000000000001,9.857
2017-01-26 08:00:00-03:00,0.526,0.47300000000000003,0.138,12.441
2017-01-26 09:00:00-03:00,0.721,0.724,0.161,14.918
2017-01-26 10:00:00-03:00,0.765,0.768,0.193,16.79
2017-01-26 11:00:00-03:00,0.748,0.712,0.231,18.3
2017-01-26 12:00:00-03:00,0.605,0.438,0.301,19.02
2017-01-26 13:00:00-03:00,0.504,0.232,0.371,18.915
2017-01-26 14:00:00-03:00,0.312,0.058,0.307,17.91
2017-01-26 15:00:00-03:00,0.17,0.018000000000000002,0.186,16.553
2017-01-26 16:00:00-03:00,0.168,0.023,0.177,15.713
2017-01-26 17:00:00-03:00,0.28200000000000003,0.111,0.216,15.447
2017-01-26 18:00:00-03:00,0.534,0.47000000000000003,0.158,15.08
2017-01-26 19:00:00-03:00,0.459,0.424,0.107,13.85
2017-01-26 20:00:00-03:00,0.23600000000000002,0.214,0.056,12.212
2017-01-26 21:00:00-03:00,0.009000000000000001,0.016,0.005,10.52
2017-01-26 22:00:00-03:00,0.0,0.0,0.0,9.421
2017-01-26 23:00:00-03:00,0.0,0.0,0.0,8.684
2017-01-27 00:00:00-03:00,0.0,0.0,0.0,8.274000000000001
2017-01-27 01:00:00-03:00,0.0,0.0,0.0,7.9
2017-01-27 02:00:00-03:00,0.0,0.0,0.0,7.557
2017-01-27 03:00:00-03:00,0.0,0.0,0.0,7.326
2017-01-27 04:00:00-03:00,0.0,0.0,0.0,7.15
2017-01-27 05:00:00-03:00,0.0,0.0,0.0,7.008
2017-01-27 06:00:00-03:00,0.025,0.025,0.015,7.067
2017-01-27 07:00:00-03:00,0.211,0.152,0.08700000000000001,8.032
2017-01-27 08:00:00-03:00,0.316,0.20500000000000002,0.149,9.369
2017-01-27 09:00:00-03:00,0.428,0.279,0.20600000000000002,10.603
2017-01-27 10:00:00-03:00,0.304,0.106,0.23800000000000002,11.246
2017-01-27 11:00:00-03:00,0.26,0.054,0.243,11.565
2017-01-27 12:00:00-03:00,0.259,0.041,0.254,11.754
2017-01-27 13:00:00-03:00,0.377,0.082,0.34800000000000003,12.385
2017-01-27 14:00:00-03:00,0.515,0.234,0.366,13.281
2017-01-27 15:00:00-03:00,0.61,0.426,0.298,13.836
2017-01-27 16:00:00-03:00,0.562,0.394,0.266,13.766
2017-01-27 17:00:00-03:00,0.222,0.058,0.198,12.941
2017-01-27 18:00:00-03:00,0.124,0.026000000000000002,0.124,12.27
2017-01-27 19:00:00-03:00,0.093,0.029,0.08700000000000001,11.699
2017-01-27 20:00:00-03:00,0.054,0.03,0.043000000000000003,10.778
2017-01-27 21:00:00-03:00,0.0,0.003,0.003,9.48
2017-01-27 22:00:00-03:00,0.0,0.0,0.0,8.8
2017-01-27 23:00:00-03:00,0.0,0.0,0.0,8.539
2017-01-28 00:00:00-03:00,0.0,0.0,0.0,8.344
2017-01-28 01:00:00-03:00,0.0,0.0,0.0,8.142
2017-01-28 02:00:00-03:00,0.0,0.0,0.0,7.8260000000000005
2017-01-28 03:00:00-03:00,0.0,0.0,0.0,7.441
2017-01-28 04:00:00-03:00,0.0,0.0,0.0,7.139
2017-01-28 05:00:00-03:00,0.0,0.0,0.0,6.991
2017-01-28 06:00:00-03:00,0.039,0.037,0.018000000000000002,7.136
2017-01-28 07:00:00-03:00,0.108,0.057,0.073,8.173
2017-01-28 08:00:00-03:00,0.17,0.066,0.13,9.725999999999999
2017-01-28 09:00:00-03:00,0.215,0.066,0.18,10.927
2017-01-28 10:00:00-03:00,0.258,0.069,0.226,11.848
2017-01-28 11:00:00-03:00,0.316,0.08700000000000001,0.274,12.823
2017-01-28 12:00:00-03:00,0.399,0.135,0.324,13.866
2017-01-28 13:00:00-03:00,0.492,0.19,0.386,14.824
2017-01-28 14:00:00-03:00,0.522,0.244,0.372,15.615
2017-01-28 15:00:00-03:00,0.34800000000000003,0.1,0.302,15.37
2017-01-28 16:00:00-03:00,0.17300000000000001,0.02,0.183,14.274000000000001
2017-01-28 17:00:00-03:00,0.098,0.009000000000000001,0.114,13.386
2017-01-28 18:00:00-03:00,0.057,0.005,0.07200000000000001,12.652
2017-01-28 19:00:00-03:00,0.031,0.004,0.044,11.876
2017-01-28 20:00:00-03:00,0.009000000000000001,0.003,0.018000000000000002,11.083
2017-01-28 21:00:00-03:00,0.0,0.001,0.001,10.337
2017-01-28 22:00:00-03:00,0.0,0.0,0.0,9.74
2017-01-28 23:00:00-03:00,0.0,0.0,0.0,9.188
2017-01-29 00:00:00-03:00,0.0,0.0,0.0,8.596
2017-01-29 01:00:00-03:00,0.0,0.0,0.0,7.984
2017-01-29 02:00:00-03:00,0.0,0.0,0.0,7.412
2017-01-29 03:00:00-03:00,0.0,0.0,0.0,6.872
2017-01-29 04:00:00-03:00,0.0,0.0,0.0,6.625
2017-01-29 05:00:00-03:00,0.0,0.0,0.0,6.5
2017-01-29 06:00:00-03:00,0.077,0.078,0.019,6.95
2017-01-29 07:00:00-03:00,0.183,0.129,0.08,8.567
2017-01-29 08:00:00-03:00,0.315,0.212,0.14400000000000002,10.871
2017-01-29 09:00:00-03:00,0.499,0.383,0.195,13.313
2017-01-29 10:00:00-03:00,0.642,0.547,0.224,14.875
2017-01-29 11:00:00-03:00,0.671,0.561,0.257,15.994
2017-01-29 12:00:00-03:00,0.601,0.419,0.304,16.56
2017-01-29 13:00:00-03:00,0.556,0.306,0.358,16.677
2017-01-29 14:00:00-03:00,0.466,0.194,0.353,16.571
2017-01-29 15:00:00-03:00,0.34900000000000003,0.113,0.292,16.233
2017-01-29 16:00:00-03:00,0.241,0.055,0.225,15.717
2017-01-29 17:00:00-03:00,0.193,0.046,0.181,15.248
2017-01-29 18:00:00-03:00,0.11800000000000001,0.025,0.11900000000000001,14.343
2017-01-29 19:00:00-03:00,0.056,0.013000000000000001,0.064,12.714
2017-01-29 20:00:00-03:00,0.009000000000000001,0.003,0.018000000000000002,10.404
2017-01-29 21:00:00-03:00,0.0,0.0,0.001,8.254
2017-01-29 22:00:00-03:00,0.0,0.0,0.0,6.798
2017-01-29 23:00:00-03:00,0.0,0.0,0.0,6.046
2017-01-30 00:00:00-03:00,0.0,0.0,0.0,5.623
2017-01-30 01:00:00-03:00,0.0,0.0,0.0,5.242
2017-01-30 02:00:00-03:00,0.0,0.0,0.0,4.894
2017-01-30 03:00:00-03:00,0.0,0.0,0.0,4.591
2017-01-30 04:00:00-03:00,0.0,0.0,0.0,4.216
2017-01-30 05:00:00-03:00,0.0,0.0,0.0,4.033
2017-01-30 06:00:00-03:00,0.015,0.014,0.013000000000000001,4.29
2017-01-30 07:00:00-03:00,0.047,0.016,0.049,4.956
2017-01-30 08:00:00-03:00,0.112,0.03,0.10400000000000001,5.906
2017-01-30 09:00:00-03:00,0.188,0.048,0.165,6.926
2017-01-30 10:00:00-03:00,0.23,0.051000000000000004,0.20800000000000002,7.562
2017-01-30 11:00:00-03:00,0.273,0.057,0.248,8.172
2017-01-30 12:00:00-03:00,0.373,0.108,0.31,9.329
2017-01-30 13:00:00-03:00,0.397,0.095,0.353,10.308
2017-01-30 14:00:00-03:00,0.359,0.076,0.329,10.629
2017-01-30 15:00:00-03:00,0.32,0.077,0.28400000000000003,10.623
2017-01-30 16:00:00-03:00,0.292,0.078,0.252,10.464
2017-01-30 17:00:00-03:00,0.213,0.05,0.193,10.093
2017-01-30 18:00:00-03:00,0.14400000000000002,0.034,0.135,9.462
2017-01-30 19:00:00-03:00,0.078,0.02,0.079,8.415
2017-01-30 20:00:00-03:00,0.024,0.009000000000000001,0.029,7.221
2017-01-30 21:00:00-03:00,0.0,0.001,0.001,6.148
2017-01-30 22:00:00-03:00,0.0,0.0,0.0,5.463
2017-01-30 23:00:00-03:00,0.0,0.0,0.0,4.894
2017-01-31 00:00:00-03:00,0.0,0.0,0.0,4.321
2017-01-31 01:00:00-03:00,0.0,0.0,0.0,3.813
2017-01-31 02:00:00-03:00,0.0,0.0,0.0,3.501
2017-01-31 03:00:00-03:00,0.0,0.0,0.0,3.348
2017-01-31 04:00:00-03:00,0.0,0.0,0.0,3.214
2017-01-31 05:00:00-03:00,0.0,0.0,0.0,3.082
2017-01-31 06:00:00-03:00,0.084,0.08600000000000001,0.017,3.232
2017-01-31 07:00:00-03:00,0.325,0.274,0.083,4.463
2017-01-31 08:00:00-03:00,0.357,0.251,0.14400000000000002,6.15
2017-01-31 09:00:00-03:00,0.245,0.093,0.181,7.41
2017-01-31 10:00:00-03:00,0.199,0.039,0.187,8.281
2017-01-31 11:00:00-03:00,0.195,0.027,0.195,8.801
2017-01-31 12:00:00-03:00,0.20600000000000002,0.024,0.21,9.022
2017-01-31 13:00:00-03:00,0.28200000000000003,0.039,0.279,9.834
2017-01-31 14:00:00-03:00,0.461,0.179,0.34800000000000003,11.584
2017-01-31 15:00:00-03:00,0.503,0.277,0.305,12.578
2017-01-31 16:00:00-03:00,0.481,0.28600000000000003,0.269,12.643
2017-01-31 17:00:00-03:00,0.385,0.214,0.226,12.353
2017-01-31 18:00:00-03:00,0.28200000000000003,0.151,0.17,11.701
2017-01-31 19:00:00-03:00,0.081,0.024,0.078,10.331
2017-01-31 20:00:00-03:00,0.02,0.009000000000000001,0.026000000000000002,8.967
2017-01-31 21:00:00-03:00,0.0,0.001,0.001,8.093
2017-01-31 22:00:00-03:00,0.0,0.0,0.0,7.667
2017-01-31 23:00:00-03:00,0.0,0.0,0.0,7.367
2017-02-01 00:00:00-03:00,0.0,0.0,0.0,7.152
2017-02-01 01:00:00-03:00,0.0,0.0,0.0,7.016
2017-02-01 02:00:00-03:00,0.0,0.0,0.0,6.957
2017-02-01 03:00:00-03:00,0.0,0.0,0.0,6.987
2017-02-01 04:00:00-03:00,0.0,0.0,0.0,7.004
2017-02-01 05:00:00-03:00,0.0,0.0,0.0,7.089
2017-02-01 06:00:00-03:00,0.004,0.006,0.007,7.401
2017-02-01 07:00:00-03:00,0.034,0.012,0.038,7.957
2017-02-01 08:00:00-03:00,0.099,0.029,0.092,8.777
2017-02-01 09:00:00-03:00,0.2,0.067,0.162,9.963
2017-02-01 10:00:00-03:00,0.333,0.147,0.231,11.522
2017-02-01 11:00:00-03:00,0.507,0.316,0.274,13.349
2017-02-01 12:00:00-03:00,0.631,0.47400000000000003,0.28400000000000003,15.01
2017-02-01 13:00:00-03:00,0.76,0.6930000000000001,0.258,16.329
2017-02-01 14:00:00-03:00,0.797,0.778,0.23500000000000001,17.056
2017-02-01 15:00:00-03:00,0.737,0.681,0.23900000000000002,17.001
2017-02-01 16:00:00-03:00,0.505,0.341,0.254,16.096
2017-02-01 17:00:00-03:00,0.45,0.311,0.213,15.291
2017-02-01 18:00:00-03:00,0.34600000000000003,0.233,0.164,14.407
2017-02-01 19:00:00-03:00,0.253,0.185,0.107,13.531
2017-02-01 20:00:00-03:00,0.089,0.069,0.043000000000000003,12.246
2017-02-01 21:00:00-03:00,0.0,0.001,0.001,10.786
2017-02-01 22:00:00-03:00,0.0,0.0,0.0,9.891
2017-02-01 23:00:00-03:00,0.0,0.0,0.0,9.353
2017-02-02 00:00:00-03:00,0.0,0.0,0.0,9.167
2017-02-02 01:00:00-03:00,0.0,0.0,0.0,9.267
2017-02-02 02:00:00-03:00,0.0,0.0,0.0,9.434
2017-02-02 03:00:00-03:00,0.0,0.0,0.0,9.45
2017-02-02 04:00:00-03:00,0.0,0.0,0.0,9.354
2017-02-02 05:00:00-03:00,0.0,0.0,0.0,9.221
2017-02-02 06:00:00-03:00,0.007,0.008,0.009000000000000001,9.619
2017-02-02 07:00:00-03:00,0.038,0.012,0.043000000000000003,10.612
2017-02-02 08:00:00-03:00,0.116,0.034,0.108,11.843
2017-02-02 09:00:00-03:00,0.193,0.054,0.171,13.388
2017-02-02 10:00:00-03:00,0.213,0.044,0.20400000000000001,14.176
2017-02-02 11:00:00-03:00,0.25,0.048,0.241,14.727
2017-02-02 12:00:00-03:00,0.279,0.051000000000000004,0.271,15.182
2017-02-02 13:00:00-03:00,0.296,0.044,0.299,15.397
2017-02-02 14:00:00-03:00,0.219,0.02,0.23600000000000002,15.066
2017-02-02 15:00:00-03:00,0.156,0.012,0.17400000000000002,14.59
2017-02-02 16:00:00-03:00,0.121,0.009000000000000001,0.138,14.047
2017-02-02 17:00:00-03:00,0.089,0.007,0.105,13.337
2017-02-02 18:00:00-03:00,0.053,0.005,0.068,12.222
2017-02-02 19:00:00-03:00,0.021,0.002,0.033,10.602
2017-02-02 20:00:00-03:00,0.003,0.001,0.011,8.609
2017-02-02 21:00:00-03:00,0.0,0.0,0.0,6.644
2017-02-02 22:00:00-03:00,0.0,0.0,0.0,5.396
2017-02-02 23:00:00-03:00,0.0,0.0,0.0,4.734
2017-02-03 00:00:00-03:00,0.0,0.0,0.0,4.425
2017-02-03 01:00:00-03:00,0.0,0.0,0.0,4.326
2017-02-03 02:00:00-03:00,0.0,0.0,0.0,4.284
2017-02-03 03:00:00-03:00,0.0,0.0,0.0,4.197
2017-02-03 04:00:00-03:00,0.0,0.0,0.0,4.062
2017-02-03 05:00:00-03:00,0.0,0.0,0.0,3.907
2017-02-03 06:00:00-03:00,0.006,0.009000000000000001,0.007,3.715
2017-02-03 07:00:00-03:00,0.089,0.051000000000000004,0.057,4.048
2017-02-03 08:00:00-03:00,0.28600000000000003,0.185,0.13,5.1
2017-02-03 09:00:00-03:00,0.489,0.365,0.183,6.398
2017-02-03 10:00:00-03:00,0.547,0.395,0.226,7.684
2017-02-03 11:00:00-03:00,0.621,0.465,0.254,8.84
2017-02-03 12:00:00-03:00,0.648,0.483,0.276,9.723
2017-02-03 13:00:00-03:00,0.638,0.445,0.303,10.257
2017-02-03 14:00:00-03:00,0.675,0.516,0.28400000000000003,10.735
2017-02-03 15:00:00-03:00,0.601,0.431,0.271,10.804
2017-02-03 16:00:00-03:00,0.557,0.401,0.242,10.629
2017-02-03 17:00:00-03:00,0.496,0.362,0.20400000000000001,10.246
2017-02-03 18:00:00-03:00,0.405,0.299,0.157,9.672
2017-02-03 19:00:00-03:00,0.22,0.149,0.101,8.834
2017-02-03 20:00:00-03:00,0.08600000000000001,0.068,0.039,7.515
2017-02-03 21:00:00-03:00,0.0,0.002,0.001,4.956
2017-02-03 22:00:00-03:00,0.0,0.0,0.0,4.044
2017-02-03 23:00:00-03:00,0.0,0.0,0.0,3.472
2017-02-04 00:00:00-03:00,0.0,0.0,0.0,3.076
2017-02-04 01:00:00-03:00,0.0,0.0,0.0,2.857
2017-02-04 02:00:00-03:00,0.0,0.0,0.0,2.9050000000000002
2017-02-04 03:00:00-03:00,0.0,0.0,0.0,2.92
2017-02-04 04:00:00-03:00,0.0,0.0,0.0,2.898
2017-02-04 05:00:00-03:00,0.0,0.0,0.0,3.035
2017-02-04 06:00:00-03:00,0.063,0.069,0.012,3.128
2017-02-04 07:00:00-03:00,0.215,0.17,0.068,4.479
2017-02-04 08:00:00-03:00,0.34800000000000003,0.259,0.127,6.635
2017-02-04 09:00:00-03:00,0.509,0.404,0.17400000000000002,8.843
2017-02-04 10:00:00-03:00,0.626,0.525,0.20600000000000002,10.426
2017-02-04 11:00:00-03:00,0.6990000000000001,0.61,0.228,11.905
2017-02-04 12:00:00-03:00,0.713,0.616,0.248,13.2
2017-02-04 13:00:00-03:00,0.752,0.681,0.247,14.462
2017-02-04 14:00:00-03:00,0.73,0.652,0.248,15.485
2017-02-04 15:00:00-03:00,0.685,0.6000000000000001,0.23900000000000002,16.174
2017-02-04 16:00:00-03:00,0.667,0.606,0.21,16.601
2017-02-04 17:00:00-03:00,0.587,0.523,0.182,16.599
2017-02-04 18:00:00-03:00,0.396,0.31,0.151,16.062
2017-02-04 19:00:00-03:00,0.20800000000000002,0.146,0.097,14.905
2017-02-04 20:00:00-03:00,0.059000000000000004,0.046,0.034,12.448
2017-02-04 21:00:00-03:00,0.0,0.0,0.0,10.074
2017-02-04 22:00:00-03:00,0.0,0.0,0.0,9.248
2017-02-04 23:00:00-03:00,0.0,0.0,0.0,8.544
2017-02-05 00:00:00-03:00,0.0,0.0,0.0,7.746
2017-02-05 01:00:00-03:00,0.0,0.0,0.0,7.487
2017-02-05 02:00:00-03:00,0.0,0.0,0.0,7.161
2017-02-05 03:00:00-03:00,0.0,0.0,0.0,6.109
2017-02-05 04:00:00-03:00,0.0,0.0,0.0,5.064
2017-02-05 05:00:00-03:00,0.0,0.0,0.0,4.258
2017-02-05 06:00:00-03:00,0.082,0.089,0.012,4.237
2017-02-05 07:00:00-03:00,0.311,0.274,0.07100000000000001,6.673
2017-02-05 08:00:00-03:00,0.291,0.199,0.127,8.805
2017-02-05 09:00:00-03:00,0.522,0.428,0.176,11.757
2017-02-05 10:00:00-03:00,0.726,0.6960000000000001,0.191,14.125
2017-02-05 11:00:00-03:00,0.683,0.601,0.234,15.985
2017-02-05 12:00:00-03:00,0.671,0.5640000000000001,0.261,17.433
2017-02-05 13:00:00-03:00,0.786,0.77,0.23700000000000002,18.837
2017-02-05 14:00:00-03:00,0.8,0.81,0.226,19.943
2017-02-05 15:00:00-03:00,0.756,0.746,0.223,20.65
2017-02-05 16:00:00-03:00,0.459,0.303,0.246,20.538
2017-02-05 17:00:00-03:00,0.188,0.055,0.171,19.825
2017-02-05 18:00:00-03:00,0.096,0.022,0.101,18.723
2017-02-05 19:00:00-03:00,0.046,0.012,0.054,16.653
2017-02-05 20:00:00-03:00,0.009000000000000001,0.005,0.015,14.325
2017-02-05 21:00:00-03:00,0.0,0.0,0.0,12.784
2017-02-05 22:00:00-03:00,0.0,0.0,0.0,12.253
2017-02-05 23:00:00-03:00,0.0,0.0,0.0,11.394
2017-02-06 00:00:00-03:00,0.0,0.0,0.0,9.836
2017-02-06 01:00:00-03:00,0.0,0.0,0.0,9.472
2017-02-06 02:00:00-03:00,0.0,0.0,0.0,9.178
2017-02-06 03:00:00-03:00,0.0,0.0,0.0,8.781
2017-02-06 04:00:00-03:00,0.0,0.0,0.0,8.407
2017-02-06 05:00:00-03:00,0.0,0.0,0.0,8.052
2017-02-06 06:00:00-03:00,0.009000000000000001,0.013000000000000001,0.007,7.691
2017-02-06 07:00:00-03:00,0.11800000000000001,0.083,0.059000000000000004,8.038
2017-02-06 08:00:00-03:00,0.326,0.24,0.125,9.023
2017-02-06 09:00:00-03:00,0.525,0.431,0.17200000000000001,10.448
2017-02-06 10:00:00-03:00,0.64,0.554,0.20400000000000001,12.117
2017-02-06 11:00:00-03:00,0.715,0.643,0.225,13.502
2017-02-06 12:00:00-03:00,0.759,0.7000000000000001,0.23800000000000002,14.522
2017-02-06 13:00:00-03:00,0.737,0.655,0.254,15.007
2017-02-06 14:00:00-03:00,0.654,0.518,0.272,15.086
2017-02-06 15:00:00-03:00,0.59,0.442,0.26,15.036
2017-02-06 16:00:00-03:00,0.522,0.376,0.23700000000000002,14.813
2017-02-06 17:00:00-03:00,0.46900000000000003,0.34800000000000003,0.198,14.42
2017-02-06 18:00:00-03:00,0.376,0.28,0.151,13.705
2017-02-06 19:00:00-03:00,0.223,0.161,0.095,12.72
2017-02-06 20:00:00-03:00,0.053,0.041,0.031,11.194
2017-02-06 21:00:00-03:00,0.0,0.0,0.0,9.254
2017-02-06 22:00:00-03:00,0.0,0.0,0.0,8.621
2017-02-06 23:00:00-03:00,0.0,0.0,0.0,8.023
2017-02-07 00:00:00-03:00,0.0,0.0,0.0,7.586
2017-02-07 01:00:00-03:00,0.0,0.0,0.0,7.29
2017-02-07 02:00:00-03:00,0.0,0.0,0.0,6.966
2017-02-07 03:00:00-03:00,0.0,0.0,0.0,6.779
2017-02-07 04:00:00-03:00,0.0,0.0,0.0,6.819
2017-02-07 05:00:00-03:00,0.0,0.0,0.0,6.874
2017-02-07 06:00:00-03:00,0.008,0.011,0.007,6.931
2017-02-07 07:00:00-03:00,0.07,0.039,0.05,7.984
2017-02-07 08:00:00-03:00,0.14100000000000001,0.059000000000000004,0.107,9.141
2017-02-07 09:00:00-03:00,0.223,0.089,0.166,11.016
2017-02-07 10:00:00-03:00,0.332,0.152,0.227,12.589
2017-02-07 11:00:00-03:00,0.47600000000000003,0.281,0.271,14.122
2017-02-07 12:00:00-03:00,0.536,0.339,0.294,15.447
2017-02-07 13:00:00-03:00,0.448,0.20700000000000002,0.316,16.046
2017-02-07 14:00:00-03:00,0.426,0.189,0.309,16.475
2017-02-07 15:00:00-03:00,0.395,0.179,0.28200000000000003,16.699
2017-02-07 16:00:00-03:00,0.34500000000000003,0.154,0.248,16.653
2017-02-07 17:00:00-03:00,0.278,0.121,0.202,16.312
2017-02-07 18:00:00-03:00,0.188,0.079,0.14300000000000002,15.689
2017-02-07 19:00:00-03:00,0.088,0.035,0.076,14.621
2017-02-07 20:00:00-03:00,0.028,0.019,0.025,12.735
2017-02-07 21:00:00-03:00,0.0,0.0,0.0,11.101
2017-02-07 22:00:00-03:00,0.0,0.0,0.0,10.224
2017-02-07 23:00:00-03:00,0.0,0.0,0.0,9.404
2017-02-08 00:00:00-03:00,0.0,0.0,0.0,8.654
2017-02-08 01:00:00-03:00,0.0,0.0,0.0,7.769
2017-02-08 02:00:00-03:00,0.0,0.0,0.0,7.217
2017-02-08 03:00:00-03:00,0.0,0.0,0.0,6.765
2017-02-08 04:00:00-03:00,0.0,0.0,0.0,7.003
2017-02-08 05:00:00-03:00,0.0,0.0,0.0,7.146
2017-02-08 06:00:00-03:00,0.013000000000000001,0.018000000000000002,0.007,7.279
2017-02-08 07:00:00-03:00,0.194,0.158,0.063,8.179
2017-02-08 08:00:00-03:00,0.539,0.5,0.117,9.528
2017-02-08 09:00:00-03:00,0.675,0.646,0.155,11.113
2017-02-08 10:00:00-03:00,0.734,0.7020000000000001,0.189,12.663
2017-02-08 11:00:00-03:00,0.6920000000000001,0.605,0.232,13.864
2017-02-08 12:00:00-03:00,0.648,0.516,0.264,14.754
2017-02-08 13:00:00-03:00,0.623,0.465,0.28300000000000003,15.301
2017-02-08 14:00:00-03:00,0.589,0.419,0.28400000000000003,15.519
2017-02-08 15:00:00-03:00,0.512,0.331,0.271,15.407
2017-02-08 16:00:00-03:00,0.373,0.189,0.241,14.934
2017-02-08 17:00:00-03:00,0.291,0.139,0.196,14.448
2017-02-08 18:00:00-03:00,0.185,0.08,0.136,13.661
2017-02-08 19:00:00-03:00,0.044,0.012,0.051000000000000004,12.295
2017-02-08 20:00:00-03:00,0.004,0.003,0.01,10.722
2017-02-08 21:00:00-03:00,0.0,0.0,0.0,9.533
2017-02-08 22:00:00-03:00,0.0,0.0,0.0,8.893
2017-02-08 23:00:00-03:00,0.0,0.0,0.0,8.787
2017-02-09 00:00:00-03:00,0.0,0.0,0.0,8.625
2017-02-09 01:00:00-03:00,0.0,0.0,0.0,8.403
2017-02-09 02:00:00-03:00,0.0,0.0,0.0,8.224
2017-02-09 03:00:00-03:00,0.0,0.0,0.0,7.923
2017-02-09 04:00:00-03:00,0.0,0.0,0.0,7.284
2017-02-09 05:00:00-03:00,0.0,0.0,0.0,6.602
2017-02-09 06:00:00-03:00,0.038,0.046,0.008,6.242
2017-02-09 07:00:00-03:00,0.314,0.28300000000000003,0.066,7.19
2017-02-09 08:00:00-03:00,0.493,0.437,0.122,9.169
2017-02-09 09:00:00-03:00,0.66,0.62,0.161,11.127
2017-02-09 10:00:00-03:00,0.7010000000000001,0.645,0.2,12.561
2017-02-09 11:00:00-03:00,0.6960000000000001,0.606,0.23700000000000002,13.739
2017-02-09 12:00:00-03:00,0.637,0.49,0.273,14.311
2017-02-09 13:00:00-03:00,0.551,0.35000000000000003,0.299,14.438
2017-02-09 14:00:00-03:00,0.387,0.156,0.29,14.215
2017-02-09 15:00:00-03:00,0.218,0.041,0.212,13.419
2017-02-09 16:00:00-03:00,0.145,0.019,0.153,12.453
2017-02-09 17:00:00-03:00,0.088,0.01,0.1,11.5
2017-02-09 18:00:00-03:00,0.059000000000000004,0.008,0.07100000000000001,10.888
2017-02-09 19:00:00-03:00,0.034,0.008,0.044,10.66
2017-02-09 20:00:00-03:00,0.007,0.004,0.013000000000000001,10.35
2017-02-09 21:00:00-03:00,0.0,0.0,0.0,9.913
2017-02-09 22:00:00-03:00,0.0,0.0,0.0,9.545
2017-02-09 23:00:00-03:00,0.0,0.0,0.0,9.416
2017-02-10 00:00:00-03:00,0.0,0.0,0.0,9.491
2017-02-10 01:00:00-03:00,0.0,0.0,0.0,9.603
2017-02-10 02:00:00-03:00,0.0,0.0,0.0,9.769
2017-02-10 03:00:00-03:00,0.0,0.0,0.0,10.075
2017-02-10 04:00:00-03:00,0.0,0.0,0.0,10.227
2017-02-10 05:00:00-03:00,0.0,0.0,0.0,10.42
2017-02-10 06:00:00-03:00,0.004,0.007,0.005,10.655
2017-02-10 07:00:00-03:00,0.082,0.054,0.05,11.377
2017-02-10 08:00:00-03:00,0.198,0.114,0.116,12.773
2017-02-10 09:00:00-03:00,0.296,0.165,0.176,14.355
2017-02-10 10:00:00-03:00,0.278,0.111,0.211,15.511
2017-02-10 11:00:00-03:00,0.334,0.136,0.252,16.459
2017-02-10 12:00:00-03:00,0.372,0.156,0.278,17.155
2017-02-10 13:00:00-03:00,0.40800000000000003,0.187,0.293,17.743
2017-02-10 14:00:00-03:00,0.405,0.188,0.289,18.191
2017-02-10 15:00:00-03:00,0.417,0.216,0.276,18.418
2017-02-10 16:00:00-03:00,0.372,0.192,0.245,18.107
2017-02-10 17:00:00-03:00,0.326,0.178,0.202,17.571
2017-02-10 18:00:00-03:00,0.244,0.137,0.148,16.837
2017-02-10 19:00:00-03:00,0.123,0.068,0.083,15.743
2017-02-10 20:00:00-03:00,0.023,0.017,0.021,14.254
2017-02-10 21:00:00-03:00,0.0,0.0,0.0,12.968
2017-02-10 22:00:00-03:00,0.0,0.0,0.0,12.04
2017-02-10 23:00:00-03:00,0.0,0.0,0.0,11.199
2017-02-11 00:00:00-03:00,0.0,0.0,0.0,10.285
2017-02-11 01:00:00-03:00,0.0,0.0,0.0,9.685
2017-02-11 02:00:00-03:00,0.0,0.0,0.0,9.208
2017-02-11 03:00:00-03:00,0.0,0.0,0.0,8.617
2017-02-11 04:00:00-03:00,0.0,0.0,0.0,7.93
2017-02-11 05:00:00-03:00,0.0,0.0,0.0,7.297
2017-02-11 06:00:00-03:00,0.014,0.021,0.005,6.99
2017-02-11 07:00:00-03:00,0.247,0.217,0.06,7.718
2017-02-11 08:00:00-03:00,0.492,0.444,0.115,9.096
2017-02-11 09:00:00-03:00,0.6960000000000001,0.68,0.148,10.648
2017-02-11 10:00:00-03:00,0.6980000000000001,0.646,0.192,12.024
2017-02-11 11:00:00-03:00,0.634,0.516,0.23800000000000002,13.014
2017-02-11 12:00:00-03:00,0.612,0.462,0.265,13.757
2017-02-11 13:00:00-03:00,0.533,0.342,0.28200000000000003,14.045
2017-02-11 14:00:00-03:00,0.481,0.278,0.28,14.111
2017-02-11 15:00:00-03:00,0.47200000000000003,0.28300000000000003,0.265,14.087
2017-02-11 16:00:00-03:00,0.405,0.229,0.23700000000000002,13.763
2017-02-11 17:00:00-03:00,0.242,0.097,0.181,13.015
2017-02-11 18:00:00-03:00,0.154,0.059000000000000004,0.123,12.155
2017-02-11 19:00:00-03:00,0.08,0.034,0.067,11.061
2017-02-11 20:00:00-03:00,0.014,0.011,0.016,9.847
2017-02-11 21:00:00-03:00,0.0,0.0,0.0,8.824
2017-02-11 22:00:00-03:00,0.0,0.0,0.0,8.131
2017-02-11 23:00:00-03:00,0.0,0.0,0.0,7.585
2017-02-12 00:00:00-03:00,0.0,0.0,0.0,7.285
2017-02-12 01:00:00-03:00,0.0,0.0,0.0,7.179
2017-02-12 02:00:00-03:00,0.0,0.0,0.0,7.076
2017-02-12 03:00:00-03:00,0.0,0.0,0.0,7.005
2017-02-12 04:00:00-03:00,0.0,0.0,0.0,6.682
2017-02-12 05:00:00-03:00,0.0,0.0,0.0,6.364
2017-02-12 06:00:00-03:00,0.005,0.01,0.004,6.401
2017-02-12 07:00:00-03:00,0.097,0.068,0.05,7.246
2017-02-12 08:00:00-03:00,0.194,0.108,0.113,8.428
2017-02-12 09:00:00-03:00,0.6000000000000001,0.53,0.167,9.989
2017-02-12 10:00:00-03:00,0.623,0.521,0.212,11.482
2017-02-12 11:00:00-03:00,0.66,0.544,0.244,12.842
2017-02-12 12:00:00-03:00,0.45,0.23500000000000001,0.28500000000000003,13.632
2017-02-12 13:00:00-03:00,0.546,0.34500000000000003,0.299,14.703
2017-02-12 14:00:00-03:00,0.49,0.277,0.297,15.376
2017-02-12 15:00:00-03:00,0.20600000000000002,0.037,0.203,14.81
2017-02-12 16:00:00-03:00,0.121,0.013000000000000001,0.134,14.15
2017-02-12 17:00:00-03:00,0.083,0.009000000000000001,0.097,13.637
2017-02-12 18:00:00-03:00,0.044,0.005,0.058,12.82
2017-02-12 19:00:00-03:00,0.015,0.003,0.026000000000000002,11.669
2017-02-12 20:00:00-03:00,0.001,0.001,0.006,10.819
2017-02-12 21:00:00-03:00,0.0,0.0,0.0,10.452
2017-02-12 22:00:00-03:00,0.0,0.0,0.0,10.273
2017-02-12 23:00:00-03:00,0.0,0.0,0.0,10.026
2017-02-13 00:00:00-03:00,0.0,0.0,0.0,9.833
2017-02-13 01:00:00-03:00,0.0,0.0,0.0,9.664
2017-02-13 02:00:00-03:00,0.0,0.0,0.0,9.392
2017-02-13 03:00:00-03:00,0.0,0.0,0.0,9.083
2017-02-13 04:00:00-03:00,0.0,0.0,0.0,8.725
2017-02-13 05:00:00-03:00,0.0,0.0,0.0,8.406
2017-02-13 06:00:00-03:00,0.001,0.005,0.003,8.195
2017-02-13 07:00:00-03:00,0.084,0.064,0.042,8.456
2017-02-13 08:00:00-03:00,0.304,0.234,0.107,9.267
2017-02-13 09:00:00-03:00,0.722,0.732,0.132,10.543
2017-02-13 10:00:00-03:00,0.789,0.805,0.162,11.871
2017-02-13 11:00:00-03:00,0.8130000000000001,0.8230000000000001,0.189,13.054
2017-02-13 12:00:00-03:00,0.8240000000000001,0.8260000000000001,0.20800000000000002,13.938
2017-02-13 13:00:00-03:00,0.8150000000000001,0.81,0.214,14.394
2017-02-13 14:00:00-03:00,0.797,0.782,0.214,14.485
2017-02-13 15:00:00-03:00,0.772,0.752,0.20400000000000001,14.376
2017-02-13 16:00:00-03:00,0.726,0.705,0.183,14.028
2017-02-13 17:00:00-03:00,0.667,0.648,0.152,13.404
2017-02-13 18:00:00-03:00,0.5660000000000001,0.544,0.117,12.525
2017-02-13 19:00:00-03:00,0.405,0.386,0.075,11.387
2017-02-13 20:00:00-03:00,0.122,0.122,0.023,9.738
2017-02-13 21:00:00-03:00,0.0,0.0,0.0,8.076
2017-02-13 22:00:00-03:00,0.0,0.0,0.0,7.23
2017-02-13 23:00:00-03:00,0.0,0.0,0.0,6.583
2017-02-14 00:00:00-03:00,0.0,0.0,0.0,5.953
2017-02-14 01:00:00-03:00,0.0,0.0,0.0,5.026
2017-02-14 02:00:00-03:00,0.0,0.0,0.0,4.189
2017-02-14 03:00:00-03:00,0.0,0.0,0.0,3.526
2017-02-14 04:00:00-03:00,0.0,0.0,0.0,3.003
2017-02-14 05:00:00-03:00,0.0,0.0,0.0,2.573
2017-02-14 06:00:00-03:00,0.03,0.04,0.004,2.2720000000000002
2017-02-14 07:00:00-03:00,0.498,0.501,0.052000000000000005,4.894
2017-02-14 08:00:00-03:00,0.623,0.619,0.099,7.774
2017-02-14 09:00:00-03:00,0.678,0.661,0.14200000000000002,10.639
2017-02-14 10:00:00-03:00,0.622,0.544,0.192,12.576
2017-02-14 11:00:00-03:00,0.74,0.7030000000000001,0.20800000000000002,14.616
2017-02-14 12:00:00-03:00,0.613,0.488,0.25,16.229
2017-02-14 13:00:00-03:00,0.516,0.329,0.28500000000000003,17.518
2017-02-14 14:00:00-03:00,0.422,0.217,0.281,18.541
2017-02-14 15:00:00-03:00,0.398,0.22,0.251,19.531
2017-02-14 16:00:00-03:00,0.45,0.315,0.223,20.376
2017-02-14 17:00:00-03:00,0.361,0.243,0.185,20.436
2017-02-14 18:00:00-03:00,0.198,0.108,0.128,19.282
2017-02-14 19:00:00-03:00,0.092,0.051000000000000004,0.067,17.028
2017-02-14 20:00:00-03:00,0.02,0.019,0.016,14.668
2017-02-14 21:00:00-03:00,0.0,0.0,0.0,13.053
2017-02-14 22:00:00-03:00,0.0,0.0,0.0,11.499
2017-02-14 23:00:00-03:00,0.0,0.0,0.0,10.387
2017-02-15 00:00:00-03:00,0.0,0.0,0.0,9.991
2017-02-15 01:00:00-03:00,0.0,0.0,0.0,9.534
2017-02-15 02:00:00-03:00,0.0,0.0,0.0,9.267
2017-02-15 03:00:00-03:00,0.0,0.0,0.0,8.891
2017-02-15 04:00:00-03:00,0.0,0.0,0.0,8.11
2017-02-15 05:00:00-03:00,0.0,0.0,0.0,7.287
2017-02-15 06:00:00-03:00,0.003,0.007,0.003,6.835
2017-02-15 07:00:00-03:00,0.099,0.075,0.046,7.736
2017-02-15 08:00:00-03:00,0.149,0.074,0.1,8.695
2017-02-15 09:00:00-03:00,0.151,0.044,0.132,9.641
2017-02-15 10:00:00-03:00,0.17500000000000002,0.039,0.164,10.58
2017-02-15 11:00:00-03:00,0.211,0.045,0.197,11.663
2017-02-15 12:00:00-03:00,0.40700000000000003,0.189,0.278,13.445
2017-02-15 13:00:00-03:00,0.617,0.442,0.297,15.171
2017-02-15 14:00:00-03:00,0.434,0.199,0.306,15.591
2017-02-15 15:00:00-03:00,0.295,0.094,0.246,15.451
2017-02-15 16:00:00-03:00,0.227,0.062,0.202,15.225
2017-02-15 17:00:00-03:00,0.14400000000000002,0.031,0.14200000000000002,14.75
2017-02-15 18:00:00-03:00,0.063,0.01,0.074,13.821
2017-02-15 19:00:00-03:00,0.034,0.009000000000000001,0.042,12.667
2017-02-15 20:00:00-03:00,0.008,0.007,0.012,10.919
2017-02-15 21:00:00-03:00,0.0,0.0,0.0,9.587
2017-02-15 22:00:00-03:00,0.0,0.0,0.0,9.085
2017-02-15 23:00:00-03:00,0.0,0.0,0.0,8.562
2017-02-16 00:00:00-03:00,0.0,0.0,0.0,8.042
2017-02-16 01:00:00-03:00,0.0,0.0,0.0,7.623
2017-02-16 02:00:00-03:00,0.0,0.0,0.0,7.296
2017-02-16 03:00:00-03:00,0.0,0.0,0.0,7.19
2017-02-16 04:00:00-03:00,0.0,0.0,0.0,6.955
2017-02-16 05:00:00-03:00,0.0,0.0,0.0,6.559
2017-02-16 06:00:00-03:00,0.0,0.001,0.001,6.08
2017-02-16 07:00:00-03:00,0.031,0.016,0.031,6.737
2017-02-16 08:00:00-03:00,0.075,0.019,0.076,7.518
2017-02-16 09:00:00-03:00,0.055,0.005,0.068,7.53
2017-02-16 10:00:00-03:00,0.1,0.009000000000000001,0.112,7.892
2017-02-16 11:00:00-03:00,0.114,0.008,0.128,8.336
2017-02-16 12:00:00-03:00,0.123,0.008,0.139,8.717
2017-02-16 13:00:00-03:00,0.125,0.006,0.14300000000000002,8.788
2017-02-16 14:00:00-03:00,0.11900000000000001,0.005,0.137,8.791
2017-02-16 15:00:00-03:00,0.097,0.005,0.114,8.859
2017-02-16 16:00:00-03:00,0.07200000000000001,0.004,0.088,8.772
2017-02-16 17:00:00-03:00,0.047,0.003,0.063,8.525
2017-02-16 18:00:00-03:00,0.025,0.002,0.039,8.064
2017-02-16 19:00:00-03:00,0.011,0.002,0.021,7.482
2017-02-16 20:00:00-03:00,0.0,0.001,0.005,6.934
2017-02-16 21:00:00-03:00,0.0,0.0,0.0,6.502
2017-02-16 22:00:00-03:00,0.0,0.0,0.0,6.196
2017-02-16 23:00:00-03:00,0.0,0.0,0.0,6.025
2017-02-17 00:00:00-03:00,0.0,0.0,0.0,5.842
2017-02-17 01:00:00-03:00,0.0,0.0,0.0,5.695
2017-02-17 02:00:00-03:00,0.0,0.0,0.0,5.553
2017-02-17 03:00:00-03:00,0.0,0.0,0.0,5.433
2017-02-17 04:00:00-03:00,0.0,0.0,0.0,5.442
2017-02-17 05:00:00-03:00,0.0,0.0,0.0,5.481
2017-02-17 06:00:00-03:00,0.0,0.001,0.001,5.534
2017-02-17 07:00:00-03:00,0.024,0.013000000000000001,0.025,5.845
2017-02-17 08:00:00-03:00,0.028,0.005,0.039,6.149
2017-02-17 09:00:00-03:00,0.06,0.007,0.07100000000000001,6.484
2017-02-17 10:00:00-03:00,0.088,0.009000000000000001,0.1,6.991
2017-02-17 11:00:00-03:00,0.112,0.01,0.124,7.592
2017-02-17 12:00:00-03:00,0.148,0.014,0.158,8.312
2017-02-17 13:00:00-03:00,0.301,0.06,0.279,9.549
2017-02-17 14:00:00-03:00,0.55,0.321,0.316,11.095
2017-02-17 15:00:00-03:00,0.561,0.382,0.271,11.928
2017-02-17 16:00:00-03:00,0.451,0.277,0.23900000000000002,12.029
2017-02-17 17:00:00-03:00,0.257,0.108,0.185,11.691
2017-02-17 18:00:00-03:00,0.108,0.029,0.10300000000000001,11.006
2017-02-17 19:00:00-03:00,0.042,0.013000000000000001,0.047,9.996
2017-02-17 20:00:00-03:00,0.002,0.003,0.007,8.364
2017-02-17 21:00:00-03:00,0.0,0.0,0.0,7.308
2017-02-17 22:00:00-03:00,0.0,0.0,0.0,6.817
2017-02-17 23:00:00-03:00,0.0,0.0,0.0,6.442
2017-02-18 00:00:00-03:00,0.0,0.0,0.0,6.167
2017-02-18 01:00:00-03:00,0.0,0.0,0.0,5.809
2017-02-18 02:00:00-03:00,0.0,0.0,0.0,5.378
2017-02-18 03:00:00-03:00,0.0,0.0,0.0,5.319
2017-02-18 04:00:00-03:00,0.0,0.0,0.0,5.385
2017-02-18 05:00:00-03:00,0.0,0.0,0.0,5.314
2017-02-18 06:00:00-03:00,0.0,0.001,0.001,5.34
2017-02-18 07:00:00-03:00,0.025,0.016,0.024,5.66
2017-02-18 08:00:00-03:00,0.089,0.034,0.076,6.446
2017-02-18 09:00:00-03:00,0.195,0.08,0.14200000000000002,7.566
2017-02-18 10:00:00-03:00,0.32,0.156,0.202,9.037
2017-02-18 11:00:00-03:00,0.447,0.264,0.244,10.611
2017-02-18 12:00:00-03:00,0.5680000000000001,0.391,0.271,11.967
2017-02-18 13:00:00-03:00,0.672,0.524,0.28200000000000003,13.142
2017-02-18 14:00:00-03:00,0.668,0.53,0.274,13.758
2017-02-18 15:00:00-03:00,0.467,0.274,0.265,13.462
2017-02-18 16:00:00-03:00,0.303,0.131,0.216,13.024
2017-02-18 17:00:00-03:00,0.21,0.078,0.165,12.781
2017-02-18 18:00:00-03:00,0.128,0.046,0.108,12.49
2017-02-18 19:00:00-03:00,0.042,0.014,0.045,11.41
2017-02-18 20:00:00-03:00,0.003,0.004,0.007,9.719
2017-02-18 21:00:00-03:00,0.0,0.0,0.0,8.888
2017-02-18 22:00:00-03:00,0.0,0.0,0.0,8.615
2017-02-18 23:00:00-03:00,0.0,0.0,0.0,8.222
2017-02-19 00:00:00-03:00,0.0,0.0,0.0,7.737
2017-02-19 01:00:00-03:00,0.0,0.0,0.0,7.32
2017-02-19 02:00:00-03:00,0.0,0.0,0.0,7.214
2017-02-19 03:00:00-03:00,0.0,0.0,0.0,6.856
2017-02-19 04:00:00-03:00,0.0,0.0,0.0,6.675
2017-02-19 05:00:00-03:00,0.0,0.0,0.0,6.29
2017-02-19 06:00:00-03:00,0.0,0.003,0.001,6.048
2017-02-19 07:00:00-03:00,0.099,0.082,0.038,6.222
2017-02-19 08:00:00-03:00,0.308,0.23900000000000002,0.10300000000000001,7.23
2017-02-19 09:00:00-03:00,0.592,0.533,0.147,8.721
2017-02-19 10:00:00-03:00,0.5690000000000001,0.462,0.195,10.004
2017-02-19 11:00:00-03:00,0.544,0.397,0.233,11.248
2017-02-19 12:00:00-03:00,0.442,0.23700000000000002,0.269,12.101
2017-02-19 13:00:00-03:00,0.47400000000000003,0.234,0.312,12.567
2017-02-19 14:00:00-03:00,0.438,0.2,0.302,12.652
2017-02-19 15:00:00-03:00,0.396,0.197,0.257,12.594
2017-02-19 16:00:00-03:00,0.327,0.159,0.213,12.278
2017-02-19 17:00:00-03:00,0.268,0.133,0.17300000000000001,11.844
2017-02-19 18:00:00-03:00,0.218,0.125,0.125,11.221
2017-02-19 19:00:00-03:00,0.134,0.091,0.068,10.229
2017-02-19 20:00:00-03:00,0.015,0.017,0.011,8.791
2017-02-19 21:00:00-03:00,0.0,0.0,0.0,7.831
2017-02-19 22:00:00-03:00,0.0,0.0,0.0,7.347
2017-02-19 23:00:00-03:00,0.0,0.0,0.0,6.877
2017-02-20 00:00:00-03:00,0.0,0.0,0.0,6.337
2017-02-20 01:00:00-03:00,0.0,0.0,0.0,5.831
2017-02-20 02:00:00-03:00,0.0,0.0,0.0,5.483
2017-02-20 03:00:00-03:00,0.0,0.0,0.0,5.4030000000000005
2017-02-20 04:00:00-03:00,0.0,0.0,0.0,5.356
2017-02-20 05:00:00-03:00,0.0,0.0,0.0,5.304
2017-02-20 06:00:00-03:00,0.0,0.005,0.001,5.14
2017-02-20 07:00:00-03:00,0.013000000000000001,0.007,0.018000000000000002,5.494
2017-02-20 08:00:00-03:00,0.037,0.008,0.046,6.283
2017-02-20 09:00:00-03:00,0.066,0.009000000000000001,0.077,7.285
2017-02-20 10:00:00-03:00,0.097,0.011,0.108,8.284
2017-02-20 11:00:00-03:00,0.096,0.008,0.111,8.789
2017-02-20 12:00:00-03:00,0.107,0.007,0.123,9.207
2017-02-20 13:00:00-03:00,0.153,0.009000000000000001,0.17,9.777
2017-02-20 14:00:00-03:00,0.248,0.033,0.249,10.937
2017-02-20 15:00:00-03:00,0.254,0.056,0.234,12.034
2017-02-20 16:00:00-03:00,0.227,0.061,0.2,12.455
2017-02-20 17:00:00-03:00,0.127,0.023,0.129,11.742
2017-02-20 18:00:00-03:00,0.137,0.048,0.114,11.272
2017-02-20 19:00:00-03:00,0.114,0.069,0.069,10.582
2017-02-20 20:00:00-03:00,0.011,0.013000000000000001,0.01,8.914
2017-02-20 21:00:00-03:00,0.0,0.0,0.0,7.53
2017-02-20 22:00:00-03:00,0.0,0.0,0.0,6.456
2017-02-20 23:00:00-03:00,0.0,0.0,0.0,5.449
2017-02-21 00:00:00-03:00,0.0,0.0,0.0,5.902
2017-02-21 01:00:00-03:00,0.0,0.0,0.0,6.011
2017-02-21 02:00:00-03:00,0.0,0.0,0.0,5.921
2017-02-21 03:00:00-03:00,0.0,0.0,0.0,5.981
2017-02-21 04:00:00-03:00,0.0,0.0,0.0,5.92
2017-02-21 05:00:00-03:00,0.0,0.0,0.0,5.82
2017-02-21 06:00:00-03:00,0.0,0.0,0.0,5.874
2017-02-21 07:00:00-03:00,0.005,0.004,0.011,6.265
2017-02-21 08:00:00-03:00,0.028,0.006,0.037,7.165
2017-02-21 09:00:00-03:00,0.114,0.033,0.10400000000000001,8.683
2017-02-21 10:00:00-03:00,0.308,0.166,0.184,11.633
2017-02-21 11:00:00-03:00,0.442,0.28800000000000003,0.223,14.048
2017-02-21 12:00:00-03:00,0.34500000000000003,0.15,0.248,14.572
2017-02-21 13:00:00-03:00,0.279,0.061,0.26,14.24
2017-02-21 14:00:00-03:00,0.232,0.039,0.23,13.991
2017-02-21 15:00:00-03:00,0.19,0.036000000000000004,0.185,13.842
2017-02-21 16:00:00-03:00,0.19,0.052000000000000005,0.17,13.727
2017-02-21 17:00:00-03:00,0.161,0.051000000000000004,0.139,13.142
2017-02-21 18:00:00-03:00,0.08600000000000001,0.026000000000000002,0.083,12.117
2017-02-21 19:00:00-03:00,0.085,0.051000000000000004,0.056,11.12
2017-02-21 20:00:00-03:00,0.027,0.032,0.01,9.593
2017-02-21 21:00:00-03:00,0.0,0.0,0.0,8.271
2017-02-21 22:00:00-03:00,0.0,0.0,0.0,7.282
2017-02-21 23:00:00-03:00,0.0,0.0,0.0,6.435
2017-02-22 00:00:00-03:00,0.0,0.0,0.0,5.858
2017-02-22 01:00:00-03:00,0.0,0.0,0.0,5.511
2017-02-22 02:00:00-03:00,0.0,0.0,0.0,5.175
2017-02-22 03:00:00-03:00,0.0,0.0,0.0,4.646
2017-02-22 04:00:00-03:00,0.0,0.0,0.0,4.341
2017-02-22 05:00:00-03:00,0.0,0.0,0.0,4.24
2017-02-22 06:00:00-03:00,0.0,0.0,0.0,4.21
2017-02-22 07:00:00-03:00,0.176,0.168,0.031,4.904
2017-02-22 08:00:00-03:00,0.417,0.386,0.077,6.746
2017-02-22 09:00:00-03:00,0.67,0.681,0.10300000000000001,8.806000000000001
2017-02-22 10:00:00-03:00,0.8320000000000001,0.904,0.121,10.549
2017-02-22 11:00:00-03:00,0.863,0.9450000000000001,0.139,12.075
2017-02-22 12:00:00-03:00,0.865,0.9520000000000001,0.145,13.412
2017-02-22 13:00:00-03:00,0.854,0.966,0.12,14.509
2017-02-22 14:00:00-03:00,0.858,0.977,0.122,15.336
2017-02-22 15:00:00-03:00,0.839,0.931,0.139,15.72
2017-02-22 16:00:00-03:00,0.811,0.897,0.128,15.727
2017-02-22 17:00:00-03:00,0.757,0.835,0.105,15.366
2017-02-22 18:00:00-03:00,0.637,0.686,0.078,14.523
2017-02-22 19:00:00-03:00,0.403,0.41200000000000003,0.05,12.929
2017-02-22 20:00:00-03:00,0.05,0.06,0.008,9.485
2017-02-22 21:00:00-03:00,0.0,0.0,0.0,8.508
2017-02-22 22:00:00-03:00,0.0,0.0,0.0,8.69
2017-02-22 23:00:00-03:00,0.0,0.0,0.0,7.618
2017-02-23 00:00:00-03:00,0.0,0.0,0.0,5.987
2017-02-23 01:00:00-03:00,0.0,0.0,0.0,5.8
2017-02-23 02:00:00-03:00,0.0,0.0,0.0,6.881
2017-02-23 03:00:00-03:00,0.0,0.0,0.0,7.126
2017-02-23 04:00:00-03:00,0.0,0.0,0.0,6.968
2017-02-23 05:00:00-03:00,0.0,0.0,0.0,7.123
2017-02-23 06:00:00-03:00,0.0,0.0,0.0,7.245
2017-02-23 07:00:00-03:00,0.01,0.007,0.014,7.434
2017-02-23 08:00:00-03:00,0.03,0.006,0.039,8.132
2017-02-23 09:00:00-03:00,0.054,0.007,0.066,9.021
2017-02-23 10:00:00-03:00,0.063,0.006,0.078,9.974
2017-02-23 11:00:00-03:00,0.065,0.004,0.082,10.807
2017-02-23 12:00:00-03:00,0.066,0.003,0.084,11.544
2017-02-23 13:00:00-03:00,0.095,0.004,0.115,12.427
2017-02-23 14:00:00-03:00,0.117,0.006,0.137,13.421
2017-02-23 15:00:00-03:00,0.114,0.009000000000000001,0.131,13.971
2017-02-23 16:00:00-03:00,0.132,0.019,0.14,13.941
2017-02-23 17:00:00-03:00,0.122,0.027,0.122,13.49
2017-02-23 18:00:00-03:00,0.111,0.039,0.097,12.828
2017-02-23 19:00:00-03:00,0.048,0.021,0.046,11.795
2017-02-23 20:00:00-03:00,0.001,0.003,0.005,10.61
2017-02-23 21:00:00-03:00,0.0,0.0,0.0,9.772
2017-02-23 22:00:00-03:00,0.0,0.0,0.0,9.022
2017-02-23 23:00:00-03:00,0.0,0.0,0.0,8.343
2017-02-24 00:00:00-03:00,0.0,0.0,0.0,7.629
2017-02-24 01:00:00-03:00,0.0,0.0,0.0,7.021
2017-02-24 02:00:00-03:00,0.0,0.0,0.0,6.619
2017-02-24 03:00:00-03:00,0.0,0.0,0.0,6.035
2017-02-24 04:00:00-03:00,0.0,0.0,0.0,4.641
2017-02-24 05:00:00-03:00,0.0,0.0,0.0,3.7960000000000003
2017-02-24 06:00:00-03:00,0.0,0.0,0.0,3.472
2017-02-24 07:00:00-03:00,0.264,0.262,0.029,4.397
2017-02-24 08:00:00-03:00,0.494,0.47800000000000004,0.076,6.82
2017-02-24 09:00:00-03:00,0.683,0.6950000000000001,0.105,8.497
2017-02-24 10:00:00-03:00,0.8320000000000001,0.898,0.125,10.165
2017-02-24 11:00:00-03:00,0.856,0.928,0.14300000000000002,11.87
2017-02-24 12:00:00-03:00,0.858,0.937,0.149,13.491
2017-02-24 13:00:00-03:00,0.867,0.993,0.11800000000000001,15.007
2017-02-24 14:00:00-03:00,0.856,0.977,0.124,16.295
2017-02-24 15:00:00-03:00,0.768,0.81,0.158,17.192
2017-02-24 16:00:00-03:00,0.379,0.26,0.182,17.285
2017-02-24 17:00:00-03:00,0.133,0.048,0.115,16.727
2017-02-24 18:00:00-03:00,0.054,0.015,0.06,15.4
2017-02-24 19:00:00-03:00,0.014,0.005,0.022,13.923
2017-02-24 20:00:00-03:00,0.0,0.001,0.002,12.956
2017-02-24 21:00:00-03:00,0.0,0.0,0.0,12.568
2017-02-24 22:00:00-03:00,0.0,0.0,0.0,12.621
2017-02-24 23:00:00-03:00,0.0,0.0,0.0,12.341
2017-02-25 00:00:00-03:00,0.0,0.0,0.0,11.684
2017-02-25 01:00:00-03:00,0.0,0.0,0.0,11.215
2017-02-25 02:00:00-03:00,0.0,0.0,0.0,11.75
2017-02-25 03:00:00-03:00,0.0,0.0,0.0,12.074
2017-02-25 04:00:00-03:00,0.0,0.0,0.0,12.378
2017-02-25 05:00:00-03:00,0.0,0.0,0.0,12.196
2017-02-25 06:00:00-03:00,0.0,0.0,0.0,11.363
2017-02-25 07:00:00-03:00,0.096,0.095,0.024,10.424
2017-02-25 08:00:00-03:00,0.209,0.167,0.07200000000000001,10.133
2017-02-25 09:00:00-03:00,0.6880000000000001,0.715,0.101,10.531
2017-02-25 10:00:00-03:00,0.854,0.9470000000000001,0.11900000000000001,11.409
2017-02-25 11:00:00-03:00,0.893,1.002,0.133,12.478
2017-02-25 12:00:00-03:00,0.894,1.005,0.137,13.2
2017-02-25 13:00:00-03:00,0.842,0.9400000000000001,0.11900000000000001,13.272
2017-02-25 14:00:00-03:00,0.755,0.777,0.148,13.227
2017-02-25 15:00:00-03:00,0.718,0.714,0.158,13.328
2017-02-25 16:00:00-03:00,0.6990000000000001,0.704,0.14,13.225
2017-02-25 17:00:00-03:00,0.683,0.708,0.112,12.81
2017-02-25 18:00:00-03:00,0.593,0.615,0.08,11.95
2017-02-25 19:00:00-03:00,0.352,0.34900000000000003,0.048,10.576
2017-02-25 20:00:00-03:00,0.014,0.021,0.005,8.967
2017-02-25 21:00:00-03:00,0.0,0.0,0.0,7.9350000000000005
2017-02-25 22:00:00-03:00,0.0,0.0,0.0,7.499
2017-02-25 23:00:00-03:00,0.0,0.0,0.0,7.098
2017-02-26 00:00:00-03:00,0.0,0.0,0.0,6.932
2017-02-26 01:00:00-03:00,0.0,0.0,0.0,6.832
2017-02-26 02:00:00-03:00,0.0,0.0,0.0,6.761
2017-02-26 03:00:00-03:00,0.0,0.0,0.0,6.704
2017-02-26 04:00:00-03:00,0.0,0.0,0.0,6.519
2017-02-26 05:00:00-03:00,0.0,0.0,0.0,6.05
2017-02-26 06:00:00-03:00,0.0,0.0,0.0,5.55
2017-02-26 07:00:00-03:00,0.181,0.178,0.027,5.781
2017-02-26 08:00:00-03:00,0.449,0.424,0.079,7.374
2017-02-26 09:00:00-03:00,0.554,0.515,0.11900000000000001,9.312
2017-02-26 10:00:00-03:00,0.5660000000000001,0.493,0.162,10.645
2017-02-26 11:00:00-03:00,0.318,0.155,0.20500000000000002,11.105
2017-02-26 12:00:00-03:00,0.147,0.021,0.153,10.731
2017-02-26 13:00:00-03:00,0.17300000000000001,0.016,0.184,10.679
2017-02-26 14:00:00-03:00,0.197,0.025,0.202,10.99
2017-02-26 15:00:00-03:00,0.17,0.029,0.169,11.348
2017-02-26 16:00:00-03:00,0.17400000000000002,0.047,0.156,11.62
2017-02-26 17:00:00-03:00,0.228,0.12,0.14100000000000001,11.8
2017-02-26 18:00:00-03:00,0.41000000000000003,0.364,0.10300000000000001,11.72
2017-02-26 19:00:00-03:00,0.186,0.162,0.054,10.758
2017-02-26 20:00:00-03:00,0.004,0.009000000000000001,0.004,9.349
2017-02-26 21:00:00-03:00,0.0,0.0,0.0,8.12
2017-02-26 22:00:00-03:00,0.0,0.0,0.0,7.434
2017-02-26 23:00:00-03:00,0.0,0.0,0.0,7.093
2017-02-27 00:00:00-03:00,0.0,0.0,0.0,6.909
2017-02-27 01:00:00-03:00,0.0,0.0,0.0,6.39
2017-02-27 02:00:00-03:00,0.0,0.0,0.0,5.881
2017-02-27 03:00:00-03:00,0.0,0.0,0.0,5.792
2017-02-27 04:00:00-03:00,0.0,0.0,0.0,5.407
2017-02-27 05:00:00-03:00,0.0,0.0,0.0,5.012
2017-02-27 06:00:00-03:00,0.0,0.0,0.0,4.167
2017-02-27 07:00:00-03:00,0.136,0.132,0.026000000000000002,4.616
2017-02-27 08:00:00-03:00,0.261,0.209,0.081,6.684
2017-02-27 09:00:00-03:00,0.277,0.183,0.129,9.094
2017-02-27 10:00:00-03:00,0.269,0.139,0.166,11.222
2017-02-27 11:00:00-03:00,0.265,0.105,0.198,12.741
2017-02-27 12:00:00-03:00,0.337,0.14100000000000001,0.246,14.207
2017-02-27 13:00:00-03:00,0.381,0.132,0.309,15.409
2017-02-27 14:00:00-03:00,0.153,0.014,0.168,14.584
2017-02-27 15:00:00-03:00,0.135,0.017,0.146,14.05
2017-02-27 16:00:00-03:00,0.182,0.048,0.166,14.396
2017-02-27 17:00:00-03:00,0.099,0.023,0.10200000000000001,14.334
2017-02-27 18:00:00-03:00,0.053,0.013000000000000001,0.06,14.053
2017-02-27 19:00:00-03:00,0.028,0.013000000000000001,0.032,13.903
2017-02-27 20:00:00-03:00,0.0,0.003,0.003,13.367
2017-02-27 21:00:00-03:00,0.0,0.0,0.0,13.065
2017-02-27 22:00:00-03:00,0.0,0.0,0.0,12.916
2017-02-27 23:00:00-03:00,0.0,0.0,0.0,12.495
2017-02-28 00:00:00-03:00,0.0,0.0,0.0,12.096
2017-02-28 01:00:00-03:00,0.0,0.0,0.0,11.595
2017-02-28 02:00:00-03:00,0.0,0.0,0.0,11.505
2017-02-28 03:00:00-03:00,0.0,0.0,0.0,11.43
2017-02-28 04:00:00-03:00,0.0,0.0,0.0,11.52
2017-02-28 05:00:00-03:00,0.0,0.0,0.0,11.551
2017-02-28 06:00:00-03:00,0.0,0.0,0.0,11.416
2017-02-28 07:00:00-03:00,0.004,0.004,0.008,11.161
2017-02-28 08:00:00-03:00,0.04,0.015,0.043000000000000003,11.396
2017-02-28 09:00:00-03:00,0.166,0.083,0.112,12.516
2017-02-28 10:00:00-03:00,0.403,0.294,0.171,14.489
2017-02-28 11:00:00-03:00,0.48,0.356,0.20800000000000002,16.206
2017-02-28 12:00:00-03:00,0.337,0.156,0.23700000000000002,17.202
2017-02-28 13:00:00-03:00,0.422,0.201,0.297,18.683
2017-02-28 14:00:00-03:00,0.461,0.271,0.279,19.849
2017-02-28 15:00:00-03:00,0.45,0.309,0.229,19.936
2017-02-28 16:00:00-03:00,0.39,0.264,0.195,18.617
2017-02-28 17:00:00-03:00,0.19,0.09,0.134,15.012
2017-02-28 18:00:00-03:00,0.145,0.078,0.094,11.317
2017-02-28 19:00:00-03:00,0.035,0.019,0.033,9.25
2017-02-28 20:00:00-03:00,0.0,0.001,0.002,8.147
2017-02-28 21:00:00-03:00,0.0,0.0,0.0,7.8469999999999995
2017-02-28 22:00:00-03:00,0.0,0.0,0.0,7.594
2017-02-28 23:00:00-03:00,0.0,0.0,0.0,7.203
2017-03-01 00:00:00-03:00,0.0,0.0,0.0,6.723
2017-03-01 01:00:00-03:00,0.0,0.0,0.0,6.196
2017-03-01 02:00:00-03:00,0.0,0.0,0.0,5.828
2017-03-01 03:00:00-03:00,0.0,0.0,0.0,5.587
2017-03-01 04:00:00-03:00,0.0,0.0,0.0,5.442
2017-03-01 05:00:00-03:00,0.0,0.0,0.0,5.325
2017-03-01 06:00:00-03:00,0.0,0.0,0.0,5.186
2017-03-01 07:00:00-03:00,0.019,0.02,0.013000000000000001,5.178
2017-03-01 08:00:00-03:00,0.133,0.091,0.065,5.661
2017-03-01 09:00:00-03:00,0.401,0.324,0.121,6.688
2017-03-01 10:00:00-03:00,0.34700000000000003,0.227,0.159,7.62
2017-03-01 11:00:00-03:00,0.331,0.17500000000000002,0.195,8.325
2017-03-01 12:00:00-03:00,0.429,0.251,0.233,9.213
2017-03-01 13:00:00-03:00,0.544,0.363,0.262,10.147
2017-03-01 14:00:00-03:00,0.519,0.343,0.253,10.61
2017-03-01 15:00:00-03:00,0.47700000000000004,0.332,0.213,10.773
2017-03-01 16:00:00-03:00,0.51,0.41300000000000003,0.17200000000000001,10.782
2017-03-01 17:00:00-03:00,0.51,0.454,0.13,10.497
2017-03-01 18:00:00-03:00,0.422,0.385,0.092,9.849
2017-03-01 19:00:00-03:00,0.147,0.127,0.045,8.692
2017-03-01 20:00:00-03:00,0.004,0.009000000000000001,0.003,6.938
2017-03-01 21:00:00-03:00,0.0,0.0,0.0,5.591
2017-03-01 22:00:00-03:00,0.0,0.0,0.0,4.867
2017-03-01 23:00:00-03:00,0.0,0.0,0.0,4.616
2017-03-02 00:00:00-03:00,0.0,0.0,0.0,4.432
2017-03-02 01:00:00-03:00,0.0,0.0,0.0,4.267
2017-03-02 02:00:00-03:00,0.0,0.0,0.0,4.549
2017-03-02 03:00:00-03:00,0.0,0.0,0.0,4.782
2017-03-02 04:00:00-03:00,0.0,0.0,0.0,4.832
2017-03-02 05:00:00-03:00,0.0,0.0,0.0,4.65
2017-03-02 06:00:00-03:00,0.0,0.0,0.0,4.344
2017-03-02 07:00:00-03:00,0.027,0.027,0.015,4.442
2017-03-02 08:00:00-03:00,0.194,0.145,0.073,5.98
2017-03-02 09:00:00-03:00,0.461,0.394,0.125,8.164
2017-03-02 10:00:00-03:00,0.421,0.305,0.17,9.639
2017-03-02 11:00:00-03:00,0.341,0.17400000000000002,0.211,10.265
2017-03-02 12:00:00-03:00,0.28200000000000003,0.08700000000000001,0.232,10.516
2017-03-02 13:00:00-03:00,0.262,0.042,0.255,10.445
2017-03-02 14:00:00-03:00,0.191,0.02,0.199,10.107
2017-03-02 15:00:00-03:00,0.125,0.013000000000000001,0.136,9.697
2017-03-02 16:00:00-03:00,0.109,0.015,0.117,9.586
2017-03-02 17:00:00-03:00,0.094,0.019,0.097,9.565
2017-03-02 18:00:00-03:00,0.04,0.008,0.049,9.059
2017-03-02 19:00:00-03:00,0.008,0.003,0.016,7.942
2017-03-02 20:00:00-03:00,0.0,0.0,0.001,6.834
2017-03-02 21:00:00-03:00,0.0,0.0,0.0,6.409
2017-03-02 22:00:00-03:00,0.0,0.0,0.0,6.125
2017-03-02 23:00:00-03:00,0.0,0.0,0.0,5.888
2017-03-03 00:00:00-03:00,0.0,0.0,0.0,5.594
2017-03-03 01:00:00-03:00,0.0,0.0,0.0,5.303
2017-03-03 02:00:00-03:00,0.0,0.0,0.0,5.077
2017-03-03 03:00:00-03:00,0.0,0.0,0.0,4.89
2017-03-03 04:00:00-03:00,0.0,0.0,0.0,4.8629999999999995
2017-03-03 05:00:00-03:00,0.0,0.0,0.0,4.971
2017-03-03 06:00:00-03:00,0.0,0.0,0.0,5.149
2017-03-03 07:00:00-03:00,0.012,0.014,0.01,5.374
2017-03-03 08:00:00-03:00,0.099,0.063,0.056,6.139
2017-03-03 09:00:00-03:00,0.352,0.277,0.114,7.361
2017-03-03 10:00:00-03:00,0.6910000000000001,0.677,0.135,8.835
2017-03-03 11:00:00-03:00,0.723,0.707,0.156,10.06
2017-03-03 12:00:00-03:00,0.7010000000000001,0.659,0.176,10.841
2017-03-03 13:00:00-03:00,0.714,0.681,0.176,11.512
2017-03-03 14:00:00-03:00,0.6910000000000001,0.644,0.183,11.94
2017-03-03 15:00:00-03:00,0.583,0.49,0.191,11.809
2017-03-03 16:00:00-03:00,0.457,0.34800000000000003,0.17400000000000002,11.375
2017-03-03 17:00:00-03:00,0.322,0.227,0.137,10.825
2017-03-03 18:00:00-03:00,0.185,0.124,0.09,9.974
2017-03-03 19:00:00-03:00,0.024,0.014,0.025,8.728
2017-03-03 20:00:00-03:00,0.0,0.001,0.001,7.604
2017-03-03 21:00:00-03:00,0.0,0.0,0.0,6.976
2017-03-03 22:00:00-03:00,0.0,0.0,0.0,6.504
2017-03-03 23:00:00-03:00,0.0,0.0,0.0,6.17
2017-03-04 00:00:00-03:00,0.0,0.0,0.0,5.8629999999999995
2017-03-04 01:00:00-03:00,0.0,0.0,0.0,5.579
2017-03-04 02:00:00-03:00,0.0,0.0,0.0,5.221
2017-03-04 03:00:00-03:00,0.0,0.0,0.0,4.901
2017-03-04 04:00:00-03:00,0.0,0.0,0.0,4.57
2017-03-04 05:00:00-03:00,0.0,0.0,0.0,4.232
2017-03-04 06:00:00-03:00,0.0,0.0,0.0,4.054
2017-03-04 07:00:00-03:00,0.053,0.056,0.014,4.283
2017-03-04 08:00:00-03:00,0.24,0.201,0.065,5.558
2017-03-04 09:00:00-03:00,0.429,0.37,0.108,7.168
2017-03-04 10:00:00-03:00,0.6960000000000001,0.6890000000000001,0.13,8.831
2017-03-04 11:00:00-03:00,0.762,0.774,0.146,10.306
2017-03-04 12:00:00-03:00,0.7030000000000001,0.67,0.171,11.456
2017-03-04 13:00:00-03:00,0.643,0.558,0.20400000000000001,12.22
2017-03-04 14:00:00-03:00,0.549,0.40700000000000003,0.232,12.445
2017-03-04 15:00:00-03:00,0.433,0.28500000000000003,0.211,12.403
2017-03-04 16:00:00-03:00,0.363,0.23800000000000002,0.176,12.296
2017-03-04 17:00:00-03:00,0.315,0.225,0.133,12.207
2017-03-04 18:00:00-03:00,0.28200000000000003,0.233,0.088,11.905
2017-03-04 19:00:00-03:00,0.155,0.14200000000000002,0.04,10.801
2017-03-04 20:00:00-03:00,0.0,0.005,0.002,9.609
2017-03-04 21:00:00-03:00,0.0,0.0,0.0,8.408
2017-03-04 22:00:00-03:00,0.0,0.0,0.0,7.091
2017-03-04 23:00:00-03:00,0.0,0.0,0.0,6.12
2017-03-05 00:00:00-03:00,0.0,0.0,0.0,5.24
2017-03-05 01:00:00-03:00,0.0,0.0,0.0,4.406
2017-03-05 02:00:00-03:00,0.0,0.0,0.0,3.69
2017-03-05 03:00:00-03:00,0.0,0.0,0.0,3.085
2017-03-05 04:00:00-03:00,0.0,0.0,0.0,2.544
2017-03-05 05:00:00-03:00,0.0,0.0,0.0,2.143
2017-03-05 06:00:00-03:00,0.0,0.0,0.0,2.002
2017-03-05 07:00:00-03:00,0.083,0.08600000000000001,0.015,2.493
2017-03-05 08:00:00-03:00,0.297,0.262,0.066,5.213
2017-03-05 09:00:00-03:00,0.47300000000000003,0.422,0.109,7.374
2017-03-05 10:00:00-03:00,0.5690000000000001,0.515,0.14400000000000002,10.698
2017-03-05 11:00:00-03:00,0.597,0.523,0.178,12.138
2017-03-05 12:00:00-03:00,0.426,0.258,0.23,12.461
2017-03-05 13:00:00-03:00,0.406,0.181,0.28400000000000003,12.677
2017-03-05 14:00:00-03:00,0.378,0.161,0.271,12.885
2017-03-05 15:00:00-03:00,0.329,0.157,0.219,13.057
2017-03-05 16:00:00-03:00,0.315,0.18,0.18,13.192
2017-03-05 17:00:00-03:00,0.28500000000000003,0.19,0.137,13.134
2017-03-05 18:00:00-03:00,0.17300000000000001,0.11800000000000001,0.085,12.693
2017-03-05 19:00:00-03:00,0.066,0.053,0.034,11.683
2017-03-05 20:00:00-03:00,0.0,0.001,0.001,10.756
2017-03-05 21:00:00-03:00,0.0,0.0,0.0,9.962
2017-03-05 22:00:00-03:00,0.0,0.0,0.0,8.693
2017-03-05 23:00:00-03:00,0.0,0.0,0.0,7.5809999999999995
2017-03-06 00:00:00-03:00,0.0,0.0,0.0,6.62
2017-03-06 01:00:00-03:00,0.0,0.0,0.0,6.053
2017-03-06 02:00:00-03:00,0.0,0.0,0.0,5.612
2017-03-06 03:00:00-03:00,0.0,0.0,0.0,5.191
2017-03-06 04:00:00-03:00,0.0,0.0,0.0,4.858
2017-03-06 05:00:00-03:00,0.0,0.0,0.0,4.657
2017-03-06 06:00:00-03:00,0.0,0.0,0.0,4.769
2017-03-06 07:00:00-03:00,0.031,0.035,0.011,5.061
2017-03-06 08:00:00-03:00,0.219,0.185,0.061,6.247
2017-03-06 09:00:00-03:00,0.5,0.461,0.10400000000000001,7.8870000000000005
2017-03-06 10:00:00-03:00,0.634,0.608,0.131,9.581
2017-03-06 11:00:00-03:00,0.778,0.806,0.14,10.973
2017-03-06 12:00:00-03:00,0.726,0.716,0.16,11.833
2017-03-06 13:00:00-03:00,0.718,0.705,0.162,12.463
2017-03-06 14:00:00-03:00,0.668,0.619,0.18,12.802
2017-03-06 15:00:00-03:00,0.584,0.504,0.182,12.87
2017-03-06 16:00:00-03:00,0.547,0.48,0.158,12.765
2017-03-06 17:00:00-03:00,0.39,0.315,0.13,12.272
2017-03-06 18:00:00-03:00,0.158,0.106,0.08,11.42
2017-03-06 19:00:00-03:00,0.031,0.022,0.025,9.623
2017-03-06 20:00:00-03:00,0.0,0.0,0.0,7.615
2017-03-06 21:00:00-03:00,0.0,0.0,0.0,6.985
2017-03-06 22:00:00-03:00,0.0,0.0,0.0,6.418
2017-03-06 23:00:00-03:00,0.0,0.0,0.0,5.7
2017-03-07 00:00:00-03:00,0.0,0.0,0.0,5.514
2017-03-07 01:00:00-03:00,0.0,0.0,0.0,5.626
2017-03-07 02:00:00-03:00,0.0,0.0,0.0,5.573
2017-03-07 03:00:00-03:00,0.0,0.0,0.0,5.497
2017-03-07 04:00:00-03:00,0.0,0.0,0.0,5.49
2017-03-07 05:00:00-03:00,0.0,0.0,0.0,5.536
2017-03-07 06:00:00-03:00,0.0,0.0,0.0,5.409
2017-03-07 07:00:00-03:00,0.012,0.015,0.009000000000000001,5.269
2017-03-07 08:00:00-03:00,0.138,0.1,0.061,6.396
2017-03-07 09:00:00-03:00,0.289,0.20600000000000002,0.116,8.011
2017-03-07 10:00:00-03:00,0.393,0.277,0.166,10.037
2017-03-07 11:00:00-03:00,0.394,0.23800000000000002,0.211,11.69
2017-03-07 12:00:00-03:00,0.319,0.12,0.244,12.713
2017-03-07 13:00:00-03:00,0.268,0.046,0.261,13.117
2017-03-07 14:00:00-03:00,0.162,0.014,0.177,12.812
2017-03-07 15:00:00-03:00,0.092,0.007,0.109,12.189
2017-03-07 16:00:00-03:00,0.081,0.008,0.095,11.754
2017-03-07 17:00:00-03:00,0.06,0.009000000000000001,0.07200000000000001,11.372
2017-03-07 18:00:00-03:00,0.031,0.006,0.041,10.743
2017-03-07 19:00:00-03:00,0.005,0.003,0.012,9.753
2017-03-07 20:00:00-03:00,0.0,0.0,0.0,8.794
2017-03-07 21:00:00-03:00,0.0,0.0,0.0,8.089
2017-03-07 22:00:00-03:00,0.0,0.0,0.0,7.542
2017-03-07 23:00:00-03:00,0.0,0.0,0.0,7.166
2017-03-08 00:00:00-03:00,0.0,0.0,0.0,6.942
2017-03-08 01:00:00-03:00,0.0,0.0,0.0,6.696
2017-03-08 02:00:00-03:00,0.0,0.0,0.0,6.518
2017-03-08 03:00:00-03:00,0.0,0.0,0.0,6.378
2017-03-08 04:00:00-03:00,0.0,0.0,0.0,6.276
2017-03-08 05:00:00-03:00,0.0,0.0,0.0,6.208
2017-03-08 06:00:00-03:00,0.0,0.0,0.0,6.058
2017-03-08 07:00:00-03:00,0.0,0.0,0.002,5.875
2017-03-08 08:00:00-03:00,0.009000000000000001,0.002,0.018000000000000002,5.878
2017-03-08 09:00:00-03:00,0.024,0.003,0.036000000000000004,5.991
2017-03-08 10:00:00-03:00,0.035,0.002,0.049,6.094
2017-03-08 11:00:00-03:00,0.058,0.003,0.074,6.344
2017-03-08 12:00:00-03:00,0.083,0.004,0.099,6.689
2017-03-08 13:00:00-03:00,0.113,0.004,0.131,7.008
2017-03-08 14:00:00-03:00,0.105,0.004,0.123,7.26
2017-03-08 15:00:00-03:00,0.07100000000000001,0.003,0.088,7.354
2017-03-08 16:00:00-03:00,0.045,0.002,0.061,7.228
2017-03-08 17:00:00-03:00,0.025,0.002,0.038,6.878
2017-03-08 18:00:00-03:00,0.009000000000000001,0.001,0.019,6.4030000000000005
2017-03-08 19:00:00-03:00,0.0,0.0,0.005,5.897
2017-03-08 20:00:00-03:00,0.0,0.0,0.0,5.478
2017-03-08 21:00:00-03:00,0.0,0.0,0.0,5.18
2017-03-08 22:00:00-03:00,0.0,0.0,0.0,4.939
2017-03-08 23:00:00-03:00,0.0,0.0,0.0,4.765
2017-03-09 00:00:00-03:00,0.0,0.0,0.0,4.717
2017-03-09 01:00:00-03:00,0.0,0.0,0.0,4.734
2017-03-09 02:00:00-03:00,0.0,0.0,0.0,4.739
2017-03-09 03:00:00-03:00,0.0,0.0,0.0,4.671
2017-03-09 04:00:00-03:00,0.0,0.0,0.0,4.496
2017-03-09 05:00:00-03:00,0.0,0.0,0.0,4.277
2017-03-09 06:00:00-03:00,0.0,0.0,0.0,4.072
2017-03-09 07:00:00-03:00,0.007,0.011,0.006,3.884
2017-03-09 08:00:00-03:00,0.112,0.084,0.048,4.423
2017-03-09 09:00:00-03:00,0.291,0.22,0.10200000000000001,5.651
2017-03-09 10:00:00-03:00,0.357,0.253,0.14300000000000002,6.874
2017-03-09 11:00:00-03:00,0.546,0.453,0.169,8.352
2017-03-09 12:00:00-03:00,0.6930000000000001,0.657,0.162,9.79
2017-03-09 13:00:00-03:00,0.779,0.8250000000000001,0.123,10.951
2017-03-09 14:00:00-03:00,0.8,0.87,0.114,11.683
2017-03-09 15:00:00-03:00,0.803,0.868,0.122,11.98
2017-03-09 16:00:00-03:00,0.772,0.8300000000000001,0.114,11.846
2017-03-09 17:00:00-03:00,0.712,0.76,0.094,11.311
2017-03-09 18:00:00-03:00,0.579,0.604,0.066,10.28
2017-03-09 19:00:00-03:00,0.258,0.259,0.03,7.921
2017-03-09 20:00:00-03:00,0.0,0.001,0.0,4.914
2017-03-09 21:00:00-03:00,0.0,0.0,0.0,4.242
2017-03-09 22:00:00-03:00,0.0,0.0,0.0,3.504
2017-03-09 23:00:00-03:00,0.0,0.0,0.0,2.811
2017-03-10 00:00:00-03:00,0.0,0.0,0.0,2.152
2017-03-10 01:00:00-03:00,0.0,0.0,0.0,1.673
2017-03-10 02:00:00-03:00,0.0,0.0,0.0,1.584
2017-03-10 03:00:00-03:00,0.0,0.0,0.0,1.693
2017-03-10 04:00:00-03:00,0.0,0.0,0.0,1.722
2017-03-10 05:00:00-03:00,0.0,0.0,0.0,1.5390000000000001
2017-03-10 06:00:00-03:00,0.0,0.0,0.0,1.634
2017-03-10 07:00:00-03:00,0.01,0.015,0.007,1.7890000000000001
2017-03-10 08:00:00-03:00,0.152,0.12,0.053,2.7720000000000002
2017-03-10 09:00:00-03:00,0.381,0.315,0.105,4.868
2017-03-10 10:00:00-03:00,0.541,0.47200000000000003,0.14,7.297
2017-03-10 11:00:00-03:00,0.65,0.598,0.161,9.233
2017-03-10 12:00:00-03:00,0.679,0.629,0.176,10.734
2017-03-10 13:00:00-03:00,0.656,0.582,0.197,11.873
2017-03-10 14:00:00-03:00,0.58,0.457,0.223,12.556000000000001
2017-03-10 15:00:00-03:00,0.421,0.27,0.212,12.782
2017-03-10 16:00:00-03:00,0.315,0.185,0.17500000000000002,12.761
2017-03-10 17:00:00-03:00,0.194,0.10200000000000001,0.123,12.433
2017-03-10 18:00:00-03:00,0.081,0.041,0.063,11.626
2017-03-10 19:00:00-03:00,0.017,0.013000000000000001,0.018000000000000002,9.936
2017-03-10 20:00:00-03:00,0.0,0.0,0.0,8.425
2017-03-10 21:00:00-03:00,0.0,0.0,0.0,7.422
2017-03-10 22:00:00-03:00,0.0,0.0,0.0,6.409
2017-03-10 23:00:00-03:00,0.0,0.0,0.0,5.649
2017-03-11 00:00:00-03:00,0.0,0.0,0.0,5.112
2017-03-11 01:00:00-03:00,0.0,0.0,0.0,4.707
2017-03-11 02:00:00-03:00,0.0,0.0,0.0,4.394
2017-03-11 03:00:00-03:00,0.0,0.0,0.0,4.123
2017-03-11 04:00:00-03:00,0.0,0.0,0.0,3.755
2017-03-11 05:00:00-03:00,0.0,0.0,0.0,3.354
2017-03-11 06:00:00-03:00,0.0,0.0,0.0,3.034
2017-03-11 07:00:00-03:00,0.033,0.04,0.008,2.932
2017-03-11 08:00:00-03:00,0.333,0.311,0.054,4.711
2017-03-11 09:00:00-03:00,0.637,0.644,0.09,7.294
2017-03-11 10:00:00-03:00,0.718,0.74,0.11800000000000001,10.48
2017-03-11 11:00:00-03:00,0.623,0.5690000000000001,0.165,11.929
2017-03-11 12:00:00-03:00,0.294,0.117,0.217,11.985
2017-03-11 13:00:00-03:00,0.257,0.056,0.23800000000000002,11.955
2017-03-11 14:00:00-03:00,0.35000000000000003,0.14,0.26,12.511
2017-03-11 15:00:00-03:00,0.556,0.46,0.192,13.332
2017-03-11 16:00:00-03:00,0.588,0.544,0.149,13.177
2017-03-11 17:00:00-03:00,0.392,0.321,0.126,12.074
2017-03-11 18:00:00-03:00,0.124,0.078,0.07,10.459
2017-03-11 19:00:00-03:00,0.024,0.02,0.019,8.881
2017-03-11 20:00:00-03:00,0.0,0.0,0.0,7.791
2017-03-11 21:00:00-03:00,0.0,0.0,0.0,7.413
2017-03-11 22:00:00-03:00,0.0,0.0,0.0,7.362
2017-03-11 23:00:00-03:00,0.0,0.0,0.0,7.227
2017-03-12 00:00:00-03:00,0.0,0.0,0.0,7.004
2017-03-12 01:00:00-03:00,0.0,0.0,0.0,6.782
2017-03-12 02:00:00-03:00,0.0,0.0,0.0,6.451
2017-03-12 03:00:00-03:00,0.0,0.0,0.0,6.052
2017-03-12 04:00:00-03:00,0.0,0.0,0.0,5.894
2017-03-12 05:00:00-03:00,0.0,0.0,0.0,5.624
2017-03-12 06:00:00-03:00,0.0,0.0,0.0,5.506
2017-03-12 07:00:00-03:00,0.0,0.001,0.002,5.599
2017-03-12 08:00:00-03:00,0.022,0.009000000000000001,0.027,5.997
2017-03-12 09:00:00-03:00,0.093,0.033,0.081,6.858
2017-03-12 10:00:00-03:00,0.297,0.165,0.168,8.677
2017-03-12 11:00:00-03:00,0.156,0.03,0.153,9.92
2017-03-12 12:00:00-03:00,0.094,0.006,0.11,9.979
2017-03-12 13:00:00-03:00,0.165,0.011,0.18,9.944
2017-03-12 14:00:00-03:00,0.105,0.005,0.123,9.958
2017-03-12 15:00:00-03:00,0.062,0.003,0.079,10.393
2017-03-12 16:00:00-03:00,0.067,0.006,0.082,11.403
2017-03-12 17:00:00-03:00,0.075,0.014,0.083,12.392
2017-03-12 18:00:00-03:00,0.073,0.031,0.064,11.871
2017-03-12 19:00:00-03:00,0.025,0.019,0.02,9.384
2017-03-12 20:00:00-03:00,0.0,0.0,0.0,7.599
2017-03-12 21:00:00-03:00,0.0,0.0,0.0,6.68
2017-03-12 22:00:00-03:00,0.0,0.0,0.0,6.074
2017-03-12 23:00:00-03:00,0.0,0.0,0.0,5.635
2017-03-13 00:00:00-03:00,0.0,0.0,0.0,5.238
2017-03-13 01:00:00-03:00,0.0,0.0,0.0,4.9879999999999995
2017-03-13 02:00:00-03:00,0.0,0.0,0.0,4.816
2017-03-13 03:00:00-03:00,0.0,0.0,0.0,4.753
2017-03-13 04:00:00-03:00,0.0,0.0,0.0,4.759
2017-03-13 05:00:00-03:00,0.0,0.0,0.0,4.7219999999999995
2017-03-13 06:00:00-03:00,0.0,0.0,0.0,4.604
2017-03-13 07:00:00-03:00,0.013000000000000001,0.02,0.005,4.487
2017-03-13 08:00:00-03:00,0.278,0.258,0.049,4.911
2017-03-13 09:00:00-03:00,0.488,0.453,0.091,5.939
2017-03-13 10:00:00-03:00,0.621,0.593,0.12,7.063
2017-03-13 11:00:00-03:00,0.704,0.6910000000000001,0.137,8.118
2017-03-13 12:00:00-03:00,0.759,0.771,0.138,9.056
2017-03-13 13:00:00-03:00,0.774,0.8160000000000001,0.11900000000000001,9.782
2017-03-13 14:00:00-03:00,0.771,0.811,0.12,10.105
2017-03-13 15:00:00-03:00,0.772,0.809,0.124,10.079
2017-03-13 16:00:00-03:00,0.735,0.764,0.114,9.633
2017-03-13 17:00:00-03:00,0.678,0.7030000000000001,0.093,8.995
2017-03-13 18:00:00-03:00,0.41400000000000003,0.394,0.07,8.009
2017-03-13 19:00:00-03:00,0.032,0.03,0.017,6.875
2017-03-13 20:00:00-03:00,0.0,0.0,0.0,5.891
2017-03-13 21:00:00-03:00,0.0,0.0,0.0,5.404
2017-03-13 22:00:00-03:00,0.0,0.0,0.0,4.996
2017-03-13 23:00:00-03:00,0.0,0.0,0.0,4.588
2017-03-14 00:00:00-03:00,0.0,0.0,0.0,4.148
2017-03-14 01:00:00-03:00,0.0,0.0,0.0,3.689
2017-03-14 02:00:00-03:00,0.0,0.0,0.0,3.555
2017-03-14 03:00:00-03:00,0.0,0.0,0.0,3.761
2017-03-14 04:00:00-03:00,0.0,0.0,0.0,3.49
2017-03-14 05:00:00-03:00,0.0,0.0,0.0,3.377
2017-03-14 06:00:00-03:00,0.0,0.0,0.0,3.43
2017-03-14 07:00:00-03:00,0.0,0.001,0.002,3.276
2017-03-14 08:00:00-03:00,0.013000000000000001,0.005,0.02,2.607
2017-03-14 09:00:00-03:00,0.036000000000000004,0.006,0.046,2.034
2017-03-14 10:00:00-03:00,0.066,0.008,0.076,2.229
2017-03-14 11:00:00-03:00,0.114,0.013000000000000001,0.121,3.003
2017-03-14 12:00:00-03:00,0.14200000000000002,0.013000000000000001,0.15,4.102
2017-03-14 13:00:00-03:00,0.18,0.014,0.19,4.975
2017-03-14 14:00:00-03:00,0.165,0.013000000000000001,0.17500000000000002,5.549
2017-03-14 15:00:00-03:00,0.112,0.009000000000000001,0.124,5.773
2017-03-14 16:00:00-03:00,0.076,0.007,0.088,5.851
2017-03-14 17:00:00-03:00,0.081,0.016,0.085,6.225
2017-03-14 18:00:00-03:00,0.105,0.055,0.07200000000000001,6.658
2017-03-14 19:00:00-03:00,0.03,0.027,0.019,5.658
2017-03-14 20:00:00-03:00,0.0,0.0,0.0,4.8
2017-03-14 21:00:00-03:00,0.0,0.0,0.0,4.9030000000000005
2017-03-14 22:00:00-03:00,0.0,0.0,0.0,4.305
2017-03-14 23:00:00-03:00,0.0,0.0,0.0,3.259
2017-03-15 00:00:00-03:00,0.0,0.0,0.0,2.708
2017-03-15 01:00:00-03:00,0.0,0.0,0.0,2.597
2017-03-15 02:00:00-03:00,0.0,0.0,0.0,2.749
2017-03-15 03:00:00-03:00,0.0,0.0,0.0,3.093
2017-03-15 04:00:00-03:00,0.0,0.0,0.0,3.518
2017-03-15 05:00:00-03:00,0.0,0.0,0.0,3.851
2017-03-15 06:00:00-03:00,0.0,0.0,0.0,3.832
2017-03-15 07:00:00-03:00,0.008,0.014,0.004,3.594
2017-03-15 08:00:00-03:00,0.311,0.296,0.045,4.279
2017-03-15 09:00:00-03:00,0.682,0.712,0.077,6.1
2017-03-15 10:00:00-03:00,0.746,0.784,0.101,7.979
2017-03-15 11:00:00-03:00,0.803,0.862,0.114,9.556000000000001
2017-03-15 12:00:00-03:00,0.808,0.876,0.115,11.031
2017-03-15 13:00:00-03:00,0.792,0.875,0.099,12.228
2017-03-15 14:00:00-03:00,0.775,0.848,0.106,13.022
2017-03-15 15:00:00-03:00,0.792,0.872,0.111,13.576
2017-03-15 16:00:00-03:00,0.705,0.743,0.113,13.72
2017-03-15 17:00:00-03:00,0.403,0.352,0.11,13.239
2017-03-15 18:00:00-03:00,0.122,0.08600000000000001,0.061,12.147
2017-03-15 19:00:00-03:00,0.03,0.031,0.015,10.267
2017-03-15 20:00:00-03:00,0.0,0.0,0.0,8.589
2017-03-15 21:00:00-03:00,0.0,0.0,0.0,7.68
2017-03-15 22:00:00-03:00,0.0,0.0,0.0,6.725
2017-03-15 23:00:00-03:00,0.0,0.0,0.0,6.025
2017-03-16 00:00:00-03:00,0.0,0.0,0.0,5.326
2017-03-16 01:00:00-03:00,0.0,0.0,0.0,4.846
2017-03-16 02:00:00-03:00,0.0,0.0,0.0,4.259
2017-03-16 03:00:00-03:00,0.0,0.0,0.0,4.126
2017-03-16 04:00:00-03:00,0.0,0.0,0.0,4.001
2017-03-16 05:00:00-03:00,0.0,0.0,0.0,3.995
2017-03-16 06:00:00-03:00,0.0,0.0,0.0,4.174
2017-03-16 07:00:00-03:00,0.002,0.006,0.003,4.423
2017-03-16 08:00:00-03:00,0.161,0.14200000000000002,0.042,5.662
2017-03-16 09:00:00-03:00,0.625,0.637,0.082,7.606
2017-03-16 10:00:00-03:00,0.771,0.835,0.1,10.715
2017-03-16 11:00:00-03:00,0.797,0.879,0.115,14.27
2017-03-16 12:00:00-03:00,0.777,0.855,0.123,16.684
2017-03-16 13:00:00-03:00,0.707,0.744,0.138,18.187
2017-03-16 14:00:00-03:00,0.623,0.59,0.17400000000000002,19.115
2017-03-16 15:00:00-03:00,0.492,0.403,0.186,19.553
2017-03-16 16:00:00-03:00,0.308,0.2,0.162,19.291
2017-03-16 17:00:00-03:00,0.158,0.082,0.109,18.063
2017-03-16 18:00:00-03:00,0.032,0.013000000000000001,0.037,15.584
2017-03-16 19:00:00-03:00,0.004,0.006,0.008,13.466
2017-03-16 20:00:00-03:00,0.0,0.0,0.0,12.056
2017-03-16 21:00:00-03:00,0.0,0.0,0.0,11.076
2017-03-16 22:00:00-03:00,0.0,0.0,0.0,10.393
2017-03-16 23:00:00-03:00,0.0,0.0,0.0,9.962
2017-03-17 00:00:00-03:00,0.0,0.0,0.0,9.419
2017-03-17 01:00:00-03:00,0.0,0.0,0.0,9.332
2017-03-17 02:00:00-03:00,0.0,0.0,0.0,9.185
2017-03-17 03:00:00-03:00,0.0,0.0,0.0,8.367
2017-03-17 04:00:00-03:00,0.0,0.0,0.0,7.497
2017-03-17 05:00:00-03:00,0.0,0.0,0.0,6.444
2017-03-17 06:00:00-03:00,0.0,0.0,0.0,5.246
2017-03-17 07:00:00-03:00,0.014,0.023,0.003,4.359
2017-03-17 08:00:00-03:00,0.321,0.312,0.042,5.524
2017-03-17 09:00:00-03:00,0.602,0.611,0.077,7.112
2017-03-17 10:00:00-03:00,0.784,0.851,0.095,9.025
2017-03-17 11:00:00-03:00,0.806,0.878,0.108,10.65
2017-03-17 12:00:00-03:00,0.8170000000000001,0.904,0.108,11.945
2017-03-17 13:00:00-03:00,0.8150000000000001,0.93,0.085,12.863
2017-03-17 14:00:00-03:00,0.803,0.905,0.093,13.344
2017-03-17 15:00:00-03:00,0.786,0.864,0.108,13.405
2017-03-17 16:00:00-03:00,0.721,0.767,0.108,13.165
2017-03-17 17:00:00-03:00,0.367,0.307,0.111,12.345
2017-03-17 18:00:00-03:00,0.047,0.024,0.042,10.991
2017-03-17 19:00:00-03:00,0.016,0.019,0.011,9.689
2017-03-17 20:00:00-03:00,0.0,0.0,0.0,8.398
2017-03-17 21:00:00-03:00,0.0,0.0,0.0,7.5969999999999995
2017-03-17 22:00:00-03:00,0.0,0.0,0.0,7.029
2017-03-17 23:00:00-03:00,0.0,0.0,0.0,6.553
2017-03-18 00:00:00-03:00,0.0,0.0,0.0,6.2620000000000005
2017-03-18 01:00:00-03:00,0.0,0.0,0.0,6.148
2017-03-18 02:00:00-03:00,0.0,0.0,0.0,6.162
2017-03-18 03:00:00-03:00,0.0,0.0,0.0,6.145
2017-03-18 04:00:00-03:00,0.0,0.0,0.0,6.037
2017-03-18 05:00:00-03:00,0.0,0.0,0.0,5.983
2017-03-18 06:00:00-03:00,0.0,0.0,0.0,5.99
2017-03-18 07:00:00-03:00,0.0,0.003,0.002,6.002
2017-03-18 08:00:00-03:00,0.088,0.07100000000000001,0.037,6.6370000000000005
2017-03-18 09:00:00-03:00,0.167,0.105,0.088,7.82
2017-03-18 10:00:00-03:00,0.255,0.149,0.138,9.155
2017-03-18 11:00:00-03:00,0.40800000000000003,0.28,0.182,10.682
2017-03-18 12:00:00-03:00,0.597,0.513,0.19,12.457
2017-03-18 13:00:00-03:00,0.604,0.507,0.209,13.753
2017-03-18 14:00:00-03:00,0.506,0.36,0.232,14.393
2017-03-18 15:00:00-03:00,0.422,0.28300000000000003,0.20600000000000002,14.597
2017-03-18 16:00:00-03:00,0.304,0.183,0.167,14.299
2017-03-18 17:00:00-03:00,0.14100000000000001,0.064,0.10400000000000001,13.507
2017-03-18 18:00:00-03:00,0.047,0.021,0.045,12.447
2017-03-18 19:00:00-03:00,0.007,0.009000000000000001,0.009000000000000001,10.87
2017-03-18 20:00:00-03:00,0.0,0.0,0.0,9.613
2017-03-18 21:00:00-03:00,0.0,0.0,0.0,9.084
2017-03-18 22:00:00-03:00,0.0,0.0,0.0,8.649000000000001
2017-03-18 23:00:00-03:00,0.0,0.0,0.0,8.397
2017-03-19 00:00:00-03:00,0.0,0.0,0.0,8.058
2017-03-19 01:00:00-03:00,0.0,0.0,0.0,7.368
2017-03-19 02:00:00-03:00,0.0,0.0,0.0,6.787
2017-03-19 03:00:00-03:00,0.0,0.0,0.0,6.093
2017-03-19 04:00:00-03:00,0.0,0.0,0.0,5.788
2017-03-19 05:00:00-03:00,0.0,0.0,0.0,5.372
2017-03-19 06:00:00-03:00,0.0,0.0,0.0,4.663
2017-03-19 07:00:00-03:00,0.004,0.01,0.002,4.059
2017-03-19 08:00:00-03:00,0.333,0.327,0.041,6.103
2017-03-19 09:00:00-03:00,0.529,0.52,0.082,8.315
2017-03-19 10:00:00-03:00,0.661,0.673,0.108,10.823
2017-03-19 11:00:00-03:00,0.756,0.8130000000000001,0.11800000000000001,14.012
2017-03-19 12:00:00-03:00,0.788,0.88,0.115,16.567
2017-03-19 13:00:00-03:00,0.767,0.867,0.10400000000000001,18.149
2017-03-19 14:00:00-03:00,0.722,0.783,0.125,19.013
2017-03-19 15:00:00-03:00,0.592,0.562,0.16,19.15
2017-03-19 16:00:00-03:00,0.294,0.182,0.162,18.238
2017-03-19 17:00:00-03:00,0.035,0.007,0.046,15.533
2017-03-19 18:00:00-03:00,0.008,0.002,0.016,13.455
2017-03-19 19:00:00-03:00,0.0,0.001,0.003,12.396
2017-03-19 20:00:00-03:00,0.0,0.0,0.0,11.731
2017-03-19 21:00:00-03:00,0.0,0.0,0.0,11.001
2017-03-19 22:00:00-03:00,0.0,0.0,0.0,10.9
2017-03-19 23:00:00-03:00,0.0,0.0,0.0,11.066
2017-03-20 00:00:00-03:00,0.0,0.0,0.0,10.913
2017-03-20 01:00:00-03:00,0.0,0.0,0.0,9.965
2017-03-20 02:00:00-03:00,0.0,0.0,0.0,8.923
2017-03-20 03:00:00-03:00,0.0,0.0,0.0,8.028
2017-03-20 04:00:00-03:00,0.0,0.0,0.0,6.768
2017-03-20 05:00:00-03:00,0.0,0.0,0.0,6.292
2017-03-20 06:00:00-03:00,0.0,0.0,0.0,6.822
2017-03-20 07:00:00-03:00,0.002,0.007,0.001,7.019
2017-03-20 08:00:00-03:00,0.359,0.363,0.038,7.976
2017-03-20 09:00:00-03:00,0.47000000000000003,0.454,0.078,9.591
2017-03-20 10:00:00-03:00,0.73,0.781,0.095,10.925
2017-03-20 11:00:00-03:00,0.788,0.864,0.106,12.364
2017-03-20 12:00:00-03:00,0.801,0.889,0.106,13.349
2017-03-20 13:00:00-03:00,0.784,0.879,0.092,13.709
2017-03-20 14:00:00-03:00,0.776,0.861,0.099,13.846
2017-03-20 15:00:00-03:00,0.735,0.783,0.115,13.62
2017-03-20 16:00:00-03:00,0.656,0.672,0.112,13.04
2017-03-20 17:00:00-03:00,0.501,0.48,0.098,12.19
2017-03-20 18:00:00-03:00,0.096,0.067,0.052000000000000005,10.997
2017-03-20 19:00:00-03:00,0.006,0.009000000000000001,0.007,9.513
2017-03-20 20:00:00-03:00,0.0,0.0,0.0,8.224
2017-03-20 21:00:00-03:00,0.0,0.0,0.0,6.969
2017-03-20 22:00:00-03:00,0.0,0.0,0.0,6.5280000000000005
2017-03-20 23:00:00-03:00,0.0,0.0,0.0,6.707
2017-03-21 00:00:00-03:00,0.0,0.0,0.0,6.472
2017-03-21 01:00:00-03:00,0.0,0.0,0.0,6.13
2017-03-21 02:00:00-03:00,0.0,0.0,0.0,6.019
2017-03-21 03:00:00-03:00,0.0,0.0,0.0,6.061
2017-03-21 04:00:00-03:00,0.0,0.0,0.0,6.27
2017-03-21 05:00:00-03:00,0.0,0.0,0.0,6.426
2017-03-21 06:00:00-03:00,0.0,0.0,0.0,6.501
2017-03-21 07:00:00-03:00,0.0,0.003,0.001,6.146
2017-03-21 08:00:00-03:00,0.187,0.17300000000000001,0.039,6.859
2017-03-21 09:00:00-03:00,0.372,0.326,0.09,8.596
2017-03-21 10:00:00-03:00,0.553,0.514,0.126,11.141
2017-03-21 11:00:00-03:00,0.583,0.524,0.161,12.871
2017-03-21 12:00:00-03:00,0.425,0.27,0.219,13.658
2017-03-21 13:00:00-03:00,0.47400000000000003,0.28600000000000003,0.265,14.239
2017-03-21 14:00:00-03:00,0.315,0.107,0.255,14.049
2017-03-21 15:00:00-03:00,0.107,0.013000000000000001,0.11900000000000001,13.001
2017-03-21 16:00:00-03:00,0.055,0.006,0.069,12.137
2017-03-21 17:00:00-03:00,0.035,0.005,0.047,11.588
2017-03-21 18:00:00-03:00,0.017,0.005,0.026000000000000002,11.091
2017-03-21 19:00:00-03:00,0.0,0.002,0.004,10.456
2017-03-21 20:00:00-03:00,0.0,0.0,0.0,9.847
2017-03-21 21:00:00-03:00,0.0,0.0,0.0,9.316
2017-03-21 22:00:00-03:00,0.0,0.0,0.0,8.89
2017-03-21 23:00:00-03:00,0.0,0.0,0.0,8.463
2017-03-22 00:00:00-03:00,0.0,0.0,0.0,8.054
2017-03-22 01:00:00-03:00,0.0,0.0,0.0,7.805
2017-03-22 02:00:00-03:00,0.0,0.0,0.0,7.586
2017-03-22 03:00:00-03:00,0.0,0.0,0.0,7.447
2017-03-22 04:00:00-03:00,0.0,0.0,0.0,7.367
2017-03-22 05:00:00-03:00,0.0,0.0,0.0,7.066
2017-03-22 06:00:00-03:00,0.0,0.0,0.0,6.773
2017-03-22 07:00:00-03:00,0.0,0.0,0.0,6.424
2017-03-22 08:00:00-03:00,0.024,0.016,0.023,7.274
2017-03-22 09:00:00-03:00,0.068,0.023,0.065,8.639
2017-03-22 10:00:00-03:00,0.11900000000000001,0.031,0.111,9.881
2017-03-22 11:00:00-03:00,0.135,0.023,0.138,10.899000000000001
2017-03-22 12:00:00-03:00,0.165,0.022,0.171,11.659
2017-03-22 13:00:00-03:00,0.177,0.016,0.191,12.139
2017-03-22 14:00:00-03:00,0.14400000000000002,0.011,0.16,12.32
2017-03-22 15:00:00-03:00,0.105,0.009000000000000001,0.12,12.319
2017-03-22 16:00:00-03:00,0.064,0.006,0.078,12.055
2017-03-22 17:00:00-03:00,0.036000000000000004,0.004,0.049,11.59
2017-03-22 18:00:00-03:00,0.012,0.003,0.021,10.9
2017-03-22 19:00:00-03:00,0.0,0.001,0.003,10.214
2017-03-22 20:00:00-03:00,0.0,0.0,0.0,9.839
2017-03-22 21:00:00-03:00,0.0,0.0,0.0,9.642
2017-03-22 22:00:00-03:00,0.0,0.0,0.0,9.363
2017-03-22 23:00:00-03:00,0.0,0.0,0.0,8.999
2017-03-23 00:00:00-03:00,0.0,0.0,0.0,8.632
2017-03-23 01:00:00-03:00,0.0,0.0,0.0,8.458
2017-03-23 02:00:00-03:00,0.0,0.0,0.0,8.467
2017-03-23 03:00:00-03:00,0.0,0.0,0.0,8.515
2017-03-23 04:00:00-03:00,0.0,0.0,0.0,8.675
2017-03-23 05:00:00-03:00,0.0,0.0,0.0,8.568
2017-03-23 06:00:00-03:00,0.0,0.0,0.0,8.348
2017-03-23 07:00:00-03:00,0.0,0.001,0.0,8.0
2017-03-23 08:00:00-03:00,0.096,0.08600000000000001,0.033,8.116
2017-03-23 09:00:00-03:00,0.181,0.124,0.084,8.979
2017-03-23 10:00:00-03:00,0.299,0.201,0.137,10.117
2017-03-23 11:00:00-03:00,0.512,0.421,0.169,11.358
2017-03-23 12:00:00-03:00,0.637,0.58,0.17400000000000002,12.289
2017-03-23 13:00:00-03:00,0.606,0.498,0.217,12.723
2017-03-23 14:00:00-03:00,0.231,0.051000000000000004,0.215,11.906
2017-03-23 15:00:00-03:00,0.108,0.013000000000000001,0.11900000000000001,10.959
2017-03-23 16:00:00-03:00,0.095,0.016,0.10200000000000001,10.484
2017-03-23 17:00:00-03:00,0.067,0.016,0.07100000000000001,10.083
2017-03-23 18:00:00-03:00,0.022,0.007,0.029,9.481
2017-03-23 19:00:00-03:00,0.001,0.003,0.004,8.798
2017-03-23 20:00:00-03:00,0.0,0.0,0.0,8.163
2017-03-23 21:00:00-03:00,0.0,0.0,0.0,7.779
2017-03-23 22:00:00-03:00,0.0,0.0,0.0,7.591
2017-03-23 23:00:00-03:00,0.0,0.0,0.0,7.406
2017-03-24 00:00:00-03:00,0.0,0.0,0.0,7.496
2017-03-24 01:00:00-03:00,0.0,0.0,0.0,7.573
2017-03-24 02:00:00-03:00,0.0,0.0,0.0,7.639
2017-03-24 03:00:00-03:00,0.0,0.0,0.0,7.624
2017-03-24 04:00:00-03:00,0.0,0.0,0.0,7.522
2017-03-24 05:00:00-03:00,0.0,0.0,0.0,7.006
2017-03-24 06:00:00-03:00,0.0,0.0,0.0,6.22
2017-03-24 07:00:00-03:00,0.0,0.001,0.0,5.469
2017-03-24 08:00:00-03:00,0.06,0.053,0.026000000000000002,6.096
2017-03-24 09:00:00-03:00,0.443,0.41600000000000004,0.081,8.082
2017-03-24 10:00:00-03:00,0.683,0.705,0.10300000000000001,10.181
2017-03-24 11:00:00-03:00,0.601,0.56,0.14300000000000002,11.647
2017-03-24 12:00:00-03:00,0.559,0.47000000000000003,0.184,12.897
2017-03-24 13:00:00-03:00,0.48,0.319,0.23800000000000002,13.843
2017-03-24 14:00:00-03:00,0.393,0.214,0.24,14.533
2017-03-24 15:00:00-03:00,0.34400000000000003,0.197,0.2,15.089
2017-03-24 16:00:00-03:00,0.271,0.157,0.157,15.309
2017-03-24 17:00:00-03:00,0.115,0.051000000000000004,0.091,14.627
2017-03-24 18:00:00-03:00,0.033,0.016,0.035,13.058
2017-03-24 19:00:00-03:00,0.001,0.003,0.004,11.027
2017-03-24 20:00:00-03:00,0.0,0.0,0.0,9.853
2017-03-24 21:00:00-03:00,0.0,0.0,0.0,9.236
2017-03-24 22:00:00-03:00,0.0,0.0,0.0,8.429
2017-03-24 23:00:00-03:00,0.0,0.0,0.0,7.88
2017-03-25 00:00:00-03:00,0.0,0.0,0.0,7.6
2017-03-25 01:00:00-03:00,0.0,0.0,0.0,7.524
2017-03-25 02:00:00-03:00,0.0,0.0,0.0,7.473
2017-03-25 03:00:00-03:00,0.0,0.0,0.0,7.386
2017-03-25 04:00:00-03:00,0.0,0.0,0.0,7.046
2017-03-25 05:00:00-03:00,0.0,0.0,0.0,6.536
2017-03-25 06:00:00-03:00,0.0,0.0,0.0,5.971
2017-03-25 07:00:00-03:00,0.0,0.0,0.0,5.341
2017-03-25 08:00:00-03:00,0.053,0.049,0.021,5.038
2017-03-25 09:00:00-03:00,0.492,0.47700000000000004,0.07,5.478
2017-03-25 10:00:00-03:00,0.8150000000000001,0.9,0.078,6.871
2017-03-25 11:00:00-03:00,0.859,0.97,0.085,8.711
2017-03-25 12:00:00-03:00,0.863,0.993,0.08,10.414
2017-03-25 13:00:00-03:00,0.846,0.996,0.06,11.777
2017-03-25 14:00:00-03:00,0.839,0.982,0.067,12.672
2017-03-25 15:00:00-03:00,0.8260000000000001,0.9490000000000001,0.084,13.097
2017-03-25 16:00:00-03:00,0.79,0.895,0.081,13.111
2017-03-25 17:00:00-03:00,0.712,0.794,0.067,12.661
2017-03-25 18:00:00-03:00,0.535,0.5740000000000001,0.043000000000000003,11.059
2017-03-25 19:00:00-03:00,0.095,0.108,0.007,7.037
2017-03-25 20:00:00-03:00,0.0,0.0,0.0,5.502
2017-03-25 21:00:00-03:00,0.0,0.0,0.0,5.112
2017-03-25 22:00:00-03:00,0.0,0.0,0.0,4.752
2017-03-25 23:00:00-03:00,0.0,0.0,0.0,4.103
2017-03-26 00:00:00-03:00,0.0,0.0,0.0,3.715
2017-03-26 01:00:00-03:00,0.0,0.0,0.0,4.058
2017-03-26 02:00:00-03:00,0.0,0.0,0.0,4.141
2017-03-26 03:00:00-03:00,0.0,0.0,0.0,4.104
2017-03-26 04:00:00-03:00,0.0,0.0,0.0,4.118
2017-03-26 05:00:00-03:00,0.0,0.0,0.0,4.18
2017-03-26 06:00:00-03:00,0.0,0.0,0.0,4.239
2017-03-26 07:00:00-03:00,0.0,0.0,0.0,4.396
2017-03-26 08:00:00-03:00,0.016,0.013000000000000001,0.016,4.816
2017-03-26 09:00:00-03:00,0.084,0.041,0.063,5.692
2017-03-26 10:00:00-03:00,0.23700000000000002,0.139,0.126,7.008
2017-03-26 11:00:00-03:00,0.582,0.516,0.154,9.197
2017-03-26 12:00:00-03:00,0.501,0.376,0.198,10.974
2017-03-26 13:00:00-03:00,0.452,0.273,0.246,12.099
2017-03-26 14:00:00-03:00,0.376,0.191,0.23900000000000002,12.706
2017-03-26 15:00:00-03:00,0.393,0.253,0.197,13.229
2017-03-26 16:00:00-03:00,0.387,0.291,0.153,13.428
2017-03-26 17:00:00-03:00,0.268,0.199,0.108,13.02
2017-03-26 18:00:00-03:00,0.065,0.042,0.044,11.552
2017-03-26 19:00:00-03:00,0.001,0.003,0.003,9.422
2017-03-26 20:00:00-03:00,0.0,0.0,0.0,8.691
2017-03-26 21:00:00-03:00,0.0,0.0,0.0,8.052
2017-03-26 22:00:00-03:00,0.0,0.0,0.0,7.346
2017-03-26 23:00:00-03:00,0.0,0.0,0.0,6.973
2017-03-27 00:00:00-03:00,0.0,0.0,0.0,6.677
2017-03-27 01:00:00-03:00,0.0,0.0,0.0,6.493
2017-03-27 02:00:00-03:00,0.0,0.0,0.0,6.504
2017-03-27 03:00:00-03:00,0.0,0.0,0.0,6.673
2017-03-27 04:00:00-03:00,0.0,0.0,0.0,6.757
2017-03-27 05:00:00-03:00,0.0,0.0,0.0,6.711
2017-03-27 06:00:00-03:00,0.0,0.0,0.0,6.556
2017-03-27 07:00:00-03:00,0.0,0.0,0.0,6.355
2017-03-27 08:00:00-03:00,0.007,0.007,0.011,6.621
2017-03-27 09:00:00-03:00,0.044,0.016,0.045,7.473
2017-03-27 10:00:00-03:00,0.168,0.08,0.115,8.805
2017-03-27 11:00:00-03:00,0.389,0.269,0.171,10.565
2017-03-27 12:00:00-03:00,0.481,0.358,0.196,12.111
2017-03-27 13:00:00-03:00,0.54,0.424,0.20800000000000002,13.429
2017-03-27 14:00:00-03:00,0.554,0.463,0.19,14.415
2017-03-27 15:00:00-03:00,0.5660000000000001,0.515,0.156,15.099
2017-03-27 16:00:00-03:00,0.582,0.5730000000000001,0.12,15.446
2017-03-27 17:00:00-03:00,0.523,0.527,0.088,15.312
2017-03-27 18:00:00-03:00,0.298,0.29,0.052000000000000005,13.86
2017-03-27 19:00:00-03:00,0.016,0.024,0.006,11.023
2017-03-27 20:00:00-03:00,0.0,0.0,0.0,10.093
2017-03-27 21:00:00-03:00,0.0,0.0,0.0,9.599
2017-03-27 22:00:00-03:00,0.0,0.0,0.0,8.889
2017-03-27 23:00:00-03:00,0.0,0.0,0.0,8.343
2017-03-28 00:00:00-03:00,0.0,0.0,0.0,7.555
2017-03-28 01:00:00-03:00,0.0,0.0,0.0,6.869
2017-03-28 02:00:00-03:00,0.0,0.0,0.0,6.456
2017-03-28 03:00:00-03:00,0.0,0.0,0.0,6.16
2017-03-28 04:00:00-03:00,0.0,0.0,0.0,5.784
2017-03-28 05:00:00-03:00,0.0,0.0,0.0,5.612
2017-03-28 06:00:00-03:00,0.0,0.0,0.0,5.359
2017-03-28 07:00:00-03:00,0.0,0.0,0.0,5.367
2017-03-28 08:00:00-03:00,0.056,0.054,0.021,5.731
2017-03-28 09:00:00-03:00,0.135,0.091,0.067,6.644
2017-03-28 10:00:00-03:00,0.374,0.298,0.12,8.441
2017-03-28 11:00:00-03:00,0.545,0.49,0.138,10.447
2017-03-28 12:00:00-03:00,0.765,0.833,0.107,13.21
2017-03-28 13:00:00-03:00,0.774,0.878,0.088,15.448
2017-03-28 14:00:00-03:00,0.761,0.86,0.094,16.706
2017-03-28 15:00:00-03:00,0.678,0.717,0.117,17.314
2017-03-28 16:00:00-03:00,0.504,0.47400000000000003,0.123,17.338
2017-03-28 17:00:00-03:00,0.363,0.328,0.094,16.904
2017-03-28 18:00:00-03:00,0.224,0.211,0.049,15.08
2017-03-28 19:00:00-03:00,0.014,0.022,0.005,11.832
2017-03-28 20:00:00-03:00,0.0,0.0,0.0,10.542
2017-03-28 21:00:00-03:00,0.0,0.0,0.0,9.523
2017-03-28 22:00:00-03:00,0.0,0.0,0.0,8.521
2017-03-28 23:00:00-03:00,0.0,0.0,0.0,7.729
2017-03-29 00:00:00-03:00,0.0,0.0,0.0,7.102
2017-03-29 01:00:00-03:00,0.0,0.0,0.0,6.688
2017-03-29 02:00:00-03:00,0.0,0.0,0.0,6.456
2017-03-29 03:00:00-03:00,0.0,0.0,0.0,6.212
2017-03-29 04:00:00-03:00,0.0,0.0,0.0,6.333
2017-03-29 05:00:00-03:00,0.0,0.0,0.0,6.346
2017-03-29 06:00:00-03:00,0.0,0.0,0.0,6.256
2017-03-29 07:00:00-03:00,0.0,0.0,0.0,5.923
2017-03-29 08:00:00-03:00,0.19,0.192,0.024,6.534
2017-03-29 09:00:00-03:00,0.449,0.436,0.07200000000000001,9.612
2017-03-29 10:00:00-03:00,0.632,0.648,0.098,11.773
2017-03-29 11:00:00-03:00,0.6920000000000001,0.719,0.116,13.46
2017-03-29 12:00:00-03:00,0.718,0.751,0.128,14.523
2017-03-29 13:00:00-03:00,0.533,0.41600000000000004,0.211,14.713
2017-03-29 14:00:00-03:00,0.251,0.075,0.214,14.083
2017-03-29 15:00:00-03:00,0.131,0.023,0.135,13.207
2017-03-29 16:00:00-03:00,0.069,0.011,0.08,12.32
2017-03-29 17:00:00-03:00,0.069,0.021,0.069,11.652
2017-03-29 18:00:00-03:00,0.035,0.02,0.032,10.833
2017-03-29 19:00:00-03:00,0.001,0.005,0.003,8.876
2017-03-29 20:00:00-03:00,0.0,0.0,0.0,7.902
2017-03-29 21:00:00-03:00,0.0,0.0,0.0,7.845
2017-03-29 22:00:00-03:00,0.0,0.0,0.0,7.665
2017-03-29 23:00:00-03:00,0.0,0.0,0.0,7.18
2017-03-30 00:00:00-03:00,0.0,0.0,0.0,6.134
2017-03-30 01:00:00-03:00,0.0,0.0,0.0,4.973
2017-03-30 02:00:00-03:00,0.0,0.0,0.0,4.321
2017-03-30 03:00:00-03:00,0.0,0.0,0.0,4.089
2017-03-30 04:00:00-03:00,0.0,0.0,0.0,3.6950000000000003
2017-03-30 05:00:00-03:00,0.0,0.0,0.0,3.285
2017-03-30 06:00:00-03:00,0.0,0.0,0.0,2.911
2017-03-30 07:00:00-03:00,0.0,0.0,0.0,2.732
2017-03-30 08:00:00-03:00,0.084,0.084,0.019,2.8609999999999998
2017-03-30 09:00:00-03:00,0.247,0.20500000000000002,0.068,4.156
2017-03-30 10:00:00-03:00,0.636,0.639,0.09,6.406
2017-03-30 11:00:00-03:00,0.772,0.833,0.092,8.654
2017-03-30 12:00:00-03:00,0.796,0.882,0.089,10.406
2017-03-30 13:00:00-03:00,0.793,0.898,0.076,11.707
2017-03-30 14:00:00-03:00,0.796,0.905,0.078,12.636
2017-03-30 15:00:00-03:00,0.786,0.885,0.08600000000000001,13.145
2017-03-30 16:00:00-03:00,0.742,0.8250000000000001,0.082,13.21
2017-03-30 17:00:00-03:00,0.648,0.705,0.067,12.779
2017-03-30 18:00:00-03:00,0.428,0.447,0.04,11.574
2017-03-30 19:00:00-03:00,0.019,0.03,0.004,9.87
2017-03-30 20:00:00-03:00,0.0,0.0,0.0,8.943
2017-03-30 21:00:00-03:00,0.0,0.0,0.0,7.789
2017-03-30 22:00:00-03:00,0.0,0.0,0.0,6.37
2017-03-30 23:00:00-03:00,0.0,0.0,0.0,5.014
2017-03-31 00:00:00-03:00,0.0,0.0,0.0,3.943
2017-03-31 01:00:00-03:00,0.0,0.0,0.0,3.239
2017-03-31 02:00:00-03:00,0.0,0.0,0.0,2.708
2017-03-31 03:00:00-03:00,0.0,0.0,0.0,2.165
2017-03-31 04:00:00-03:00,0.0,0.0,0.0,1.845
2017-03-31 05:00:00-03:00,0.0,0.0,0.0,1.517
2017-03-31 06:00:00-03:00,0.0,0.0,0.0,0.963
2017-03-31 07:00:00-03:00,0.0,0.0,0.0,0.642
2017-03-31 08:00:00-03:00,0.394,0.41000000000000003,0.017,1.737
2017-03-31 09:00:00-03:00,0.6880000000000001,0.74,0.049,4.535
2017-03-31 10:00:00-03:00,0.794,0.882,0.067,7.213
2017-03-31 11:00:00-03:00,0.8270000000000001,0.9410000000000001,0.075,10.343
2017-03-31 12:00:00-03:00,0.8300000000000001,0.966,0.07100000000000001,12.792
2017-03-31 13:00:00-03:00,0.8170000000000001,0.972,0.055,14.525
2017-03-31 14:00:00-03:00,0.81,0.963,0.061,15.741
2017-03-31 15:00:00-03:00,0.798,0.935,0.074,16.354
2017-03-31 16:00:00-03:00,0.762,0.882,0.07200000000000001,16.416
2017-03-31 17:00:00-03:00,0.682,0.773,0.058,15.53
2017-03-31 18:00:00-03:00,0.482,0.52,0.035,12.318
2017-03-31 19:00:00-03:00,0.021,0.032,0.003,8.602
2017-03-31 20:00:00-03:00,0.0,0.0,0.0,7.638
2017-03-31 21:00:00-03:00,0.0,0.0,0.0,6.507
2017-03-31 22:00:00-03:00,0.0,0.0,0.0,5.343
2017-03-31 23:00:00-03:00,0.0,0.0,0.0,4.355
2017-04-01 00:00:00-03:00,0.0,0.0,0.0,3.46
2017-04-01 01:00:00-03:00,0.0,0.0,0.0,2.657
2017-04-01 02:00:00-03:00,0.0,0.0,0.0,2.068
2017-04-01 03:00:00-03:00,0.0,0.0,0.0,1.7530000000000001
2017-04-01 04:00:00-03:00,0.0,0.0,0.0,1.744
2017-04-01 05:00:00-03:00,0.0,0.0,0.0,1.895
2017-04-01 06:00:00-03:00,0.0,0.0,0.0,1.588
2017-04-01 07:00:00-03:00,0.0,0.0,0.0,0.77
2017-04-01 08:00:00-03:00,0.333,0.343,0.017,1.35
2017-04-01 09:00:00-03:00,0.5,0.501,0.056,5.055
2017-04-01 10:00:00-03:00,0.734,0.793,0.07200000000000001,7.3870000000000005
2017-04-01 11:00:00-03:00,0.8160000000000001,0.92,0.077,9.936
2017-04-01 12:00:00-03:00,0.8230000000000001,0.9460000000000001,0.073,11.817
2017-04-01 13:00:00-03:00,0.81,0.9500000000000001,0.059000000000000004,13.243
2017-04-01 14:00:00-03:00,0.803,0.9390000000000001,0.065,14.193
2017-04-01 15:00:00-03:00,0.789,0.909,0.077,14.681000000000001
2017-04-01 16:00:00-03:00,0.749,0.851,0.074,14.63
2017-04-01 17:00:00-03:00,0.662,0.735,0.06,13.928
2017-04-01 18:00:00-03:00,0.448,0.47700000000000004,0.035,11.401
2017-04-01 19:00:00-03:00,0.012,0.022,0.002,7.402
2017-04-01 20:00:00-03:00,0.0,0.0,0.0,6.123
2017-04-01 21:00:00-03:00,0.0,0.0,0.0,5.586
2017-04-01 22:00:00-03:00,0.0,0.0,0.0,5.443
2017-04-01 23:00:00-03:00,0.0,0.0,0.0,4.943
2017-04-02 00:00:00-03:00,0.0,0.0,0.0,4.22
2017-04-02 01:00:00-03:00,0.0,0.0,0.0,3.759
2017-04-02 02:00:00-03:00,0.0,0.0,0.0,3.45
2017-04-02 03:00:00-03:00,0.0,0.0,0.0,3.249
2017-04-02 04:00:00-03:00,0.0,0.0,0.0,3.332
2017-04-02 05:00:00-03:00,0.0,0.0,0.0,3.614
2017-04-02 06:00:00-03:00,0.0,0.0,0.0,3.49
2017-04-02 07:00:00-03:00,0.0,0.0,0.0,3.331
2017-04-02 08:00:00-03:00,0.014,0.015,0.011,3.384
2017-04-02 09:00:00-03:00,0.122,0.079,0.064,4.367
2017-04-02 10:00:00-03:00,0.299,0.211,0.12,6.102
2017-04-02 11:00:00-03:00,0.511,0.428,0.152,8.793
2017-04-02 12:00:00-03:00,0.41400000000000003,0.273,0.196,10.864
2017-04-02 13:00:00-03:00,0.587,0.507,0.184,13.032
2017-04-02 14:00:00-03:00,0.594,0.528,0.179,14.928
2017-04-02 15:00:00-03:00,0.216,0.079,0.17200000000000001,15.187
2017-04-02 16:00:00-03:00,0.084,0.017,0.091,14.32
2017-04-02 17:00:00-03:00,0.037,0.008,0.046,12.594
2017-04-02 18:00:00-03:00,0.016,0.008,0.021,10.995
2017-04-02 19:00:00-03:00,0.0,0.001,0.001,9.324
2017-04-02 20:00:00-03:00,0.0,0.0,0.0,8.781
2017-04-02 21:00:00-03:00,0.0,0.0,0.0,7.883
2017-04-02 22:00:00-03:00,0.0,0.0,0.0,6.57
2017-04-02 23:00:00-03:00,0.0,0.0,0.0,6.458
2017-04-03 00:00:00-03:00,0.0,0.0,0.0,6.154
2017-04-03 01:00:00-03:00,0.0,0.0,0.0,5.848
2017-04-03 02:00:00-03:00,0.0,0.0,0.0,5.705
2017-04-03 03:00:00-03:00,0.0,0.0,0.0,5.632
2017-04-03 04:00:00-03:00,0.0,0.0,0.0,5.686
2017-04-03 05:00:00-03:00,0.0,0.0,0.0,5.793
2017-04-03 06:00:00-03:00,0.0,0.0,0.0,5.693
2017-04-03 07:00:00-03:00,0.0,0.0,0.0,5.245
2017-04-03 08:00:00-03:00,0.026000000000000002,0.029,0.012,5.365
2017-04-03 09:00:00-03:00,0.116,0.079,0.059000000000000004,6.309
2017-04-03 10:00:00-03:00,0.23800000000000002,0.157,0.11,7.165
2017-04-03 11:00:00-03:00,0.529,0.46,0.14100000000000001,8.287
2017-04-03 12:00:00-03:00,0.402,0.269,0.183,9.055
2017-04-03 13:00:00-03:00,0.647,0.61,0.148,9.985
2017-04-03 14:00:00-03:00,0.672,0.665,0.129,10.503
2017-04-03 15:00:00-03:00,0.633,0.616,0.126,10.568
2017-04-03 16:00:00-03:00,0.538,0.505,0.114,10.205
2017-04-03 17:00:00-03:00,0.34400000000000003,0.299,0.088,9.372
2017-04-03 18:00:00-03:00,0.112,0.097,0.038,8.073
2017-04-03 19:00:00-03:00,0.0,0.002,0.001,6.507
2017-04-03 20:00:00-03:00,0.0,0.0,0.0,5.587
2017-04-03 21:00:00-03:00,0.0,0.0,0.0,5.029
2017-04-03 22:00:00-03:00,0.0,0.0,0.0,4.373
2017-04-03 23:00:00-03:00,0.0,0.0,0.0,3.909
2017-04-04 00:00:00-03:00,0.0,0.0,0.0,3.971
2017-04-04 01:00:00-03:00,0.0,0.0,0.0,4.111
2017-04-04 02:00:00-03:00,0.0,0.0,0.0,4.408
2017-04-04 03:00:00-03:00,0.0,0.0,0.0,4.591
2017-04-04 04:00:00-03:00,0.0,0.0,0.0,4.838
2017-04-04 05:00:00-03:00,0.0,0.0,0.0,4.933
2017-04-04 06:00:00-03:00,0.0,0.0,0.0,5.068
2017-04-04 07:00:00-03:00,0.0,0.0,0.0,5.132
2017-04-04 08:00:00-03:00,0.012,0.014,0.01,5.214
2017-04-04 09:00:00-03:00,0.115,0.07100000000000001,0.065,5.957
2017-04-04 10:00:00-03:00,0.10400000000000001,0.033,0.093,6.813
2017-04-04 11:00:00-03:00,0.109,0.019,0.112,7.382
2017-04-04 12:00:00-03:00,0.189,0.04,0.176,8.186
2017-04-04 13:00:00-03:00,0.28300000000000003,0.08,0.23700000000000002,9.036
2017-04-04 14:00:00-03:00,0.271,0.081,0.224,9.356
2017-04-04 15:00:00-03:00,0.197,0.054,0.171,9.086
2017-04-04 16:00:00-03:00,0.105,0.023,0.10400000000000001,8.35
2017-04-04 17:00:00-03:00,0.038,0.008,0.047,7.337
2017-04-04 18:00:00-03:00,0.007,0.003,0.014,6.217
2017-04-04 19:00:00-03:00,0.0,0.0,0.0,5.249
2017-04-04 20:00:00-03:00,0.0,0.0,0.0,4.504
2017-04-04 21:00:00-03:00,0.0,0.0,0.0,3.782
2017-04-04 22:00:00-03:00,0.0,0.0,0.0,3.163
2017-04-04 23:00:00-03:00,0.0,0.0,0.0,2.418
2017-04-05 00:00:00-03:00,0.0,0.0,0.0,1.557
2017-04-05 01:00:00-03:00,0.0,0.0,0.0,0.9580000000000001
2017-04-05 02:00:00-03:00,0.0,0.0,0.0,0.632
2017-04-05 03:00:00-03:00,0.0,0.0,0.0,0.421
2017-04-05 04:00:00-03:00,0.0,0.0,0.0,0.329
2017-04-05 05:00:00-03:00,0.0,0.0,0.0,0.277
2017-04-05 06:00:00-03:00,0.0,0.0,0.0,0.053
2017-04-05 07:00:00-03:00,0.0,0.0,0.0,-0.157
2017-04-05 08:00:00-03:00,0.04,0.043000000000000003,0.012,-0.15
2017-04-05 09:00:00-03:00,0.23800000000000002,0.196,0.063,0.972
2017-04-05 10:00:00-03:00,0.431,0.365,0.105,2.564
2017-04-05 11:00:00-03:00,0.504,0.419,0.139,3.7880000000000003
2017-04-05 12:00:00-03:00,0.464,0.334,0.18,4.562
2017-04-05 13:00:00-03:00,0.446,0.28300000000000003,0.21,4.983
2017-04-05 14:00:00-03:00,0.47500000000000003,0.331,0.197,5.377
2017-04-05 15:00:00-03:00,0.41200000000000003,0.28700000000000003,0.168,5.588
2017-04-05 16:00:00-03:00,0.4,0.314,0.128,5.675
2017-04-05 17:00:00-03:00,0.335,0.28400000000000003,0.08600000000000001,5.389
2017-04-05 18:00:00-03:00,0.129,0.115,0.035,3.993
2017-04-05 19:00:00-03:00,0.0,0.002,0.001,1.566
2017-04-05 20:00:00-03:00,0.0,0.0,0.0,1.168
2017-04-05 21:00:00-03:00,0.0,0.0,0.0,1.066
2017-04-05 22:00:00-03:00,0.0,0.0,0.0,0.915
2017-04-05 23:00:00-03:00,0.0,0.0,0.0,0.738
2017-04-06 00:00:00-03:00,0.0,0.0,0.0,0.442
2017-04-06 01:00:00-03:00,0.0,0.0,0.0,-0.08
2017-04-06 02:00:00-03:00,0.0,0.0,0.0,-0.331
2017-04-06 03:00:00-03:00,0.0,0.0,0.0,-0.55
2017-04-06 04:00:00-03:00,0.0,0.0,0.0,-0.793
2017-04-06 05:00:00-03:00,0.0,0.0,0.0,-0.966
2017-04-06 06:00:00-03:00,0.0,0.0,0.0,-1.006
2017-04-06 07:00:00-03:00,0.0,0.0,0.0,-1.309
2017-04-06 08:00:00-03:00,0.096,0.10200000000000001,0.011,-1.46
2017-04-06 09:00:00-03:00,0.421,0.401,0.054,0.614
2017-04-06 10:00:00-03:00,0.627,0.626,0.078,2.91
2017-04-06 11:00:00-03:00,0.664,0.661,0.097,4.489
2017-04-06 12:00:00-03:00,0.747,0.784,0.09,5.578
2017-04-06 13:00:00-03:00,0.8160000000000001,0.914,0.064,6.596
2017-04-06 14:00:00-03:00,0.8170000000000001,0.918,0.065,7.292
2017-04-06 15:00:00-03:00,0.81,0.902,0.073,7.667
2017-04-06 16:00:00-03:00,0.769,0.846,0.069,7.635
2017-04-06 17:00:00-03:00,0.668,0.719,0.055,7.046
2017-04-06 18:00:00-03:00,0.40900000000000003,0.421,0.03,4.733
2017-04-06 19:00:00-03:00,0.0,0.003,0.001,1.924
2017-04-06 20:00:00-03:00,0.0,0.0,0.0,1.084
2017-04-06 21:00:00-03:00,0.0,0.0,0.0,0.527
2017-04-06 22:00:00-03:00,0.0,0.0,0.0,0.007
2017-04-06 23:00:00-03:00,0.0,0.0,0.0,-0.596
2017-04-07 00:00:00-03:00,0.0,0.0,0.0,-1.298
2017-04-07 01:00:00-03:00,0.0,0.0,0.0,-2.039
2017-04-07 02:00:00-03:00,0.0,0.0,0.0,-2.59
2017-04-07 03:00:00-03:00,0.0,0.0,0.0,-2.885
2017-04-07 04:00:00-03:00,0.0,0.0,0.0,-3.08
2017-04-07 05:00:00-03:00,0.0,0.0,0.0,-3.175
2017-04-07 06:00:00-03:00,0.0,0.0,0.0,-3.275
2017-04-07 07:00:00-03:00,0.0,0.0,0.0,-3.329
2017-04-07 08:00:00-03:00,0.20400000000000001,0.211,0.01,-2.667
2017-04-07 09:00:00-03:00,0.672,0.709,0.041,0.04
2017-04-07 10:00:00-03:00,0.797,0.868,0.058,2.323
2017-04-07 11:00:00-03:00,0.836,0.935,0.066,5.7219999999999995
2017-04-07 12:00:00-03:00,0.84,0.961,0.062,8.197
2017-04-07 13:00:00-03:00,0.8290000000000001,0.966,0.051000000000000004,9.946
2017-04-07 14:00:00-03:00,0.8210000000000001,0.9550000000000001,0.057,11.188
2017-04-07 15:00:00-03:00,0.805,0.926,0.067,11.901
2017-04-07 16:00:00-03:00,0.763,0.866,0.065,12.026
2017-04-07 17:00:00-03:00,0.666,0.737,0.053,11.23
2017-04-07 18:00:00-03:00,0.317,0.323,0.03,7.606
2017-04-07 19:00:00-03:00,0.0,0.001,0.0,5.382
2017-04-07 20:00:00-03:00,0.0,0.0,0.0,5.294
2017-04-07 21:00:00-03:00,0.0,0.0,0.0,4.356
2017-04-07 22:00:00-03:00,0.0,0.0,0.0,4.294
2017-04-07 23:00:00-03:00,0.0,0.0,0.0,4.024
2017-04-08 00:00:00-03:00,0.0,0.0,0.0,3.734
2017-04-08 01:00:00-03:00,0.0,0.0,0.0,3.531
2017-04-08 02:00:00-03:00,0.0,0.0,0.0,3.3970000000000002
2017-04-08 03:00:00-03:00,0.0,0.0,0.0,3.331
2017-04-08 04:00:00-03:00,0.0,0.0,0.0,3.3
2017-04-08 05:00:00-03:00,0.0,0.0,0.0,3.35
2017-04-08 06:00:00-03:00,0.0,0.0,0.0,3.5
2017-04-08 07:00:00-03:00,0.0,0.0,0.0,3.715
2017-04-08 08:00:00-03:00,0.001,0.002,0.005,4.049
2017-04-08 09:00:00-03:00,0.021,0.006,0.029,5.15
2017-04-08 10:00:00-03:00,0.037,0.005,0.049,6.05
2017-04-08 11:00:00-03:00,0.058,0.005,0.07200000000000001,6.757
2017-04-08 12:00:00-03:00,0.069,0.004,0.085,7.198
2017-04-08 13:00:00-03:00,0.1,0.006,0.116,7.647
2017-04-08 14:00:00-03:00,0.109,0.008,0.124,8.182
2017-04-08 15:00:00-03:00,0.091,0.008,0.10400000000000001,8.633
2017-04-08 16:00:00-03:00,0.057,0.006,0.07,8.836
2017-04-08 17:00:00-03:00,0.024,0.004,0.035,8.625
2017-04-08 18:00:00-03:00,0.003,0.002,0.009000000000000001,8.058
2017-04-08 19:00:00-03:00,0.0,0.0,0.0,7.426
2017-04-08 20:00:00-03:00,0.0,0.0,0.0,6.716
2017-04-08 21:00:00-03:00,0.0,0.0,0.0,5.71
2017-04-08 22:00:00-03:00,0.0,0.0,0.0,4.6370000000000005
2017-04-08 23:00:00-03:00,0.0,0.0,0.0,3.762
2017-04-09 00:00:00-03:00,0.0,0.0,0.0,3.434
2017-04-09 01:00:00-03:00,0.0,0.0,0.0,3.236
2017-04-09 02:00:00-03:00,0.0,0.0,0.0,3.265
2017-04-09 03:00:00-03:00,0.0,0.0,0.0,3.426
2017-04-09 04:00:00-03:00,0.0,0.0,0.0,3.677
2017-04-09 05:00:00-03:00,0.0,0.0,0.0,3.701
2017-04-09 06:00:00-03:00,0.0,0.0,0.0,3.49
2017-04-09 07:00:00-03:00,0.0,0.0,0.0,3.312
2017-04-09 08:00:00-03:00,0.0,0.002,0.004,3.3890000000000002
2017-04-09 09:00:00-03:00,0.022,0.007,0.029,4.288
2017-04-09 10:00:00-03:00,0.068,0.014,0.073,4.817
2017-04-09 11:00:00-03:00,0.135,0.029,0.128,5.804
2017-04-09 12:00:00-03:00,0.193,0.04,0.179,7.244
2017-04-09 13:00:00-03:00,0.183,0.024,0.185,8.419
2017-04-09 14:00:00-03:00,0.081,0.005,0.097,8.863
2017-04-09 15:00:00-03:00,0.045,0.003,0.06,8.766
2017-04-09 16:00:00-03:00,0.025,0.002,0.039,8.702
2017-04-09 17:00:00-03:00,0.014,0.002,0.025,8.837
2017-04-09 18:00:00-03:00,0.004,0.003,0.011,8.889
2017-04-09 19:00:00-03:00,0.0,0.0,0.0,9.0
2017-04-09 20:00:00-03:00,0.0,0.0,0.0,9.5
2017-04-09 21:00:00-03:00,0.0,0.0,0.0,10.078
2017-04-09 22:00:00-03:00,0.0,0.0,0.0,10.213
2017-04-09 23:00:00-03:00,0.0,0.0,0.0,9.585
2017-04-10 00:00:00-03:00,0.0,0.0,0.0,8.755
2017-04-10 01:00:00-03:00,0.0,0.0,0.0,8.038
2017-04-10 02:00:00-03:00,0.0,0.0,0.0,7.353
2017-04-10 03:00:00-03:00,0.0,0.0,0.0,6.546
2017-04-10 04:00:00-03:00,0.0,0.0,0.0,5.634
2017-04-10 05:00:00-03:00,0.0,0.0,0.0,4.947
2017-04-10 06:00:00-03:00,0.0,0.0,0.0,4.483
2017-04-10 07:00:00-03:00,0.0,0.0,0.0,4.016
2017-04-10 08:00:00-03:00,0.0,0.002,0.003,3.481
2017-04-10 09:00:00-03:00,0.03,0.014,0.031,3.382
2017-04-10 10:00:00-03:00,0.107,0.042,0.085,3.898
2017-04-10 11:00:00-03:00,0.191,0.079,0.135,5.12
2017-04-10 12:00:00-03:00,0.454,0.331,0.176,6.806
2017-04-10 13:00:00-03:00,0.681,0.666,0.128,7.924
2017-04-10 14:00:00-03:00,0.645,0.615,0.133,8.042
2017-04-10 15:00:00-03:00,0.5720000000000001,0.52,0.133,7.726
2017-04-10 16:00:00-03:00,0.459,0.399,0.115,7.255
2017-04-10 17:00:00-03:00,0.28400000000000003,0.23500000000000001,0.079,6.591
2017-04-10 18:00:00-03:00,0.083,0.076,0.026000000000000002,5.501
2017-04-10 19:00:00-03:00,0.0,0.0,0.0,4.203
2017-04-10 20:00:00-03:00,0.0,0.0,0.0,3.442
2017-04-10 21:00:00-03:00,0.0,0.0,0.0,2.877
2017-04-10 22:00:00-03:00,0.0,0.0,0.0,2.526
2017-04-10 23:00:00-03:00,0.0,0.0,0.0,2.291
2017-04-11 00:00:00-03:00,0.0,0.0,0.0,2.133
2017-04-11 01:00:00-03:00,0.0,0.0,0.0,1.986
2017-04-11 02:00:00-03:00,0.0,0.0,0.0,1.94
2017-04-11 03:00:00-03:00,0.0,0.0,0.0,2.064
2017-04-11 04:00:00-03:00,0.0,0.0,0.0,2.246
2017-04-11 05:00:00-03:00,0.0,0.0,0.0,2.5869999999999997
2017-04-11 06:00:00-03:00,0.0,0.0,0.0,3.283
2017-04-11 07:00:00-03:00,0.0,0.0,0.0,4.15
2017-04-11 08:00:00-03:00,0.0,0.002,0.003,4.674
2017-04-11 09:00:00-03:00,0.021,0.008,0.027,5.314
2017-04-11 10:00:00-03:00,0.073,0.021,0.07100000000000001,6.126
2017-04-11 11:00:00-03:00,0.136,0.038,0.121,7.006
2017-04-11 12:00:00-03:00,0.222,0.074,0.176,7.99
2017-04-11 13:00:00-03:00,0.421,0.26,0.215,9.212
2017-04-11 14:00:00-03:00,0.496,0.382,0.184,9.957
2017-04-11 15:00:00-03:00,0.497,0.41500000000000004,0.152,10.253
2017-04-11 16:00:00-03:00,0.369,0.291,0.125,10.065
2017-04-11 17:00:00-03:00,0.2,0.15,0.079,9.398
2017-04-11 18:00:00-03:00,0.066,0.061,0.025,8.197
2017-04-11 19:00:00-03:00,0.0,0.0,0.0,7.067
2017-04-11 20:00:00-03:00,0.0,0.0,0.0,6.63
2017-04-11 21:00:00-03:00,0.0,0.0,0.0,6.38
2017-04-11 22:00:00-03:00,0.0,0.0,0.0,6.232
2017-04-11 23:00:00-03:00,0.0,0.0,0.0,6.164
2017-04-12 00:00:00-03:00,0.0,0.0,0.0,6.091
2017-04-12 01:00:00-03:00,0.0,0.0,0.0,5.947
2017-04-12 02:00:00-03:00,0.0,0.0,0.0,5.729
2017-04-12 03:00:00-03:00,0.0,0.0,0.0,5.449
2017-04-12 04:00:00-03:00,0.0,0.0,0.0,5.006
2017-04-12 05:00:00-03:00,0.0,0.0,0.0,4.7379999999999995
2017-04-12 06:00:00-03:00,0.0,0.0,0.0,4.803
2017-04-12 07:00:00-03:00,0.0,0.0,0.0,5.033
2017-04-12 08:00:00-03:00,0.0,0.002,0.003,5.32
2017-04-12 09:00:00-03:00,0.041,0.021,0.036000000000000004,5.968
2017-04-12 10:00:00-03:00,0.123,0.057,0.089,6.844
2017-04-12 11:00:00-03:00,0.441,0.35000000000000003,0.145,8.057
2017-04-12 12:00:00-03:00,0.489,0.385,0.17,9.05
2017-04-12 13:00:00-03:00,0.484,0.353,0.197,9.592
2017-04-12 14:00:00-03:00,0.366,0.20500000000000002,0.20800000000000002,9.684
2017-04-12 15:00:00-03:00,0.21,0.08,0.16,9.35
2017-04-12 16:00:00-03:00,0.128,0.046,0.107,8.827
2017-04-12 17:00:00-03:00,0.069,0.029,0.059000000000000004,8.139
2017-04-12 18:00:00-03:00,0.013000000000000001,0.011,0.014,7.319
2017-04-12 19:00:00-03:00,0.0,0.0,0.0,6.757
2017-04-12 20:00:00-03:00,0.0,0.0,0.0,6.3
2017-04-12 21:00:00-03:00,0.0,0.0,0.0,5.859
2017-04-12 22:00:00-03:00,0.0,0.0,0.0,5.414
2017-04-12 23:00:00-03:00,0.0,0.0,0.0,4.98
2017-04-13 00:00:00-03:00,0.0,0.0,0.0,4.568
2017-04-13 01:00:00-03:00,0.0,0.0,0.0,4.291
2017-04-13 02:00:00-03:00,0.0,0.0,0.0,3.542
2017-04-13 03:00:00-03:00,0.0,0.0,0.0,2.844
2017-04-13 04:00:00-03:00,0.0,0.0,0.0,2.518
2017-04-13 05:00:00-03:00,0.0,0.0,0.0,2.257
2017-04-13 06:00:00-03:00,0.0,0.0,0.0,2.107
2017-04-13 07:00:00-03:00,0.0,0.0,0.0,2.114
2017-04-13 08:00:00-03:00,0.003,0.007,0.004,2.941
2017-04-13 09:00:00-03:00,0.046,0.028,0.035,4.087
2017-04-13 10:00:00-03:00,0.132,0.066,0.08700000000000001,5.303
2017-04-13 11:00:00-03:00,0.248,0.138,0.139,6.981
2017-04-13 12:00:00-03:00,0.509,0.423,0.155,8.556000000000001
2017-04-13 13:00:00-03:00,0.645,0.626,0.128,9.787
2017-04-13 14:00:00-03:00,0.594,0.551,0.139,10.459
2017-04-13 15:00:00-03:00,0.47400000000000003,0.399,0.14100000000000001,10.544
2017-04-13 16:00:00-03:00,0.41200000000000003,0.352,0.114,10.286
2017-04-13 17:00:00-03:00,0.195,0.15,0.073,9.481
2017-04-13 18:00:00-03:00,0.035,0.035,0.017,8.076
2017-04-13 19:00:00-03:00,0.0,0.0,0.0,7.089
2017-04-13 20:00:00-03:00,0.0,0.0,0.0,6.767
2017-04-13 21:00:00-03:00,0.0,0.0,0.0,6.259
2017-04-13 22:00:00-03:00,0.0,0.0,0.0,5.328
2017-04-13 23:00:00-03:00,0.0,0.0,0.0,5.48
2017-04-14 00:00:00-03:00,0.0,0.0,0.0,5.598
2017-04-14 01:00:00-03:00,0.0,0.0,0.0,5.365
2017-04-14 02:00:00-03:00,0.0,0.0,0.0,5.061
2017-04-14 03:00:00-03:00,0.0,0.0,0.0,4.9879999999999995
2017-04-14 04:00:00-03:00,0.0,0.0,0.0,5.007
2017-04-14 05:00:00-03:00,0.0,0.0,0.0,4.928
2017-04-14 06:00:00-03:00,0.0,0.0,0.0,4.946
2017-04-14 07:00:00-03:00,0.0,0.0,0.0,5.142
2017-04-14 08:00:00-03:00,0.0,0.001,0.002,5.239
2017-04-14 09:00:00-03:00,0.022,0.011,0.026000000000000002,5.702
2017-04-14 10:00:00-03:00,0.096,0.04,0.077,6.6129999999999995
2017-04-14 11:00:00-03:00,0.405,0.315,0.139,8.241
2017-04-14 12:00:00-03:00,0.585,0.541,0.135,9.822
2017-04-14 13:00:00-03:00,0.651,0.642,0.126,10.917
2017-04-14 14:00:00-03:00,0.5760000000000001,0.522,0.149,11.407
2017-04-14 15:00:00-03:00,0.28400000000000003,0.163,0.159,11.078
2017-04-14 16:00:00-03:00,0.215,0.126,0.12,10.638
2017-04-14 17:00:00-03:00,0.075,0.039,0.057,9.865
2017-04-14 18:00:00-03:00,0.026000000000000002,0.026000000000000002,0.015,8.486
2017-04-14 19:00:00-03:00,0.0,0.0,0.0,6.535
2017-04-14 20:00:00-03:00,0.0,0.0,0.0,5.45
2017-04-14 21:00:00-03:00,0.0,0.0,0.0,4.746
2017-04-14 22:00:00-03:00,0.0,0.0,0.0,4.308
2017-04-14 23:00:00-03:00,0.0,0.0,0.0,4.006
2017-04-15 00:00:00-03:00,0.0,0.0,0.0,3.6950000000000003
2017-04-15 01:00:00-03:00,0.0,0.0,0.0,3.761
2017-04-15 02:00:00-03:00,0.0,0.0,0.0,4.169
2017-04-15 03:00:00-03:00,0.0,0.0,0.0,4.4879999999999995
2017-04-15 04:00:00-03:00,0.0,0.0,0.0,4.323
2017-04-15 05:00:00-03:00,0.0,0.0,0.0,3.94
2017-04-15 06:00:00-03:00,0.0,0.0,0.0,3.697
2017-04-15 07:00:00-03:00,0.0,0.0,0.0,3.605
2017-04-15 08:00:00-03:00,0.0,0.002,0.002,3.571
2017-04-15 09:00:00-03:00,0.034,0.02,0.029,4.117
2017-04-15 10:00:00-03:00,0.094,0.041,0.073,5.104
2017-04-15 11:00:00-03:00,0.247,0.14400000000000002,0.131,6.856
2017-04-15 12:00:00-03:00,0.605,0.579,0.121,9.199
2017-04-15 13:00:00-03:00,0.733,0.801,0.083,11.266
2017-04-15 14:00:00-03:00,0.721,0.787,0.085,12.355
2017-04-15 15:00:00-03:00,0.685,0.735,0.088,12.825
2017-04-15 16:00:00-03:00,0.633,0.674,0.077,12.725999999999999
2017-04-15 17:00:00-03:00,0.51,0.532,0.056,11.839
2017-04-15 18:00:00-03:00,0.228,0.23900000000000002,0.018000000000000002,8.395
2017-04-15 19:00:00-03:00,0.0,0.0,0.0,6.031
2017-04-15 20:00:00-03:00,0.0,0.0,0.0,5.414
2017-04-15 21:00:00-03:00,0.0,0.0,0.0,4.905
2017-04-15 22:00:00-03:00,0.0,0.0,0.0,4.273
2017-04-15 23:00:00-03:00,0.0,0.0,0.0,3.67
2017-04-16 00:00:00-03:00,0.0,0.0,0.0,3.189
2017-04-16 01:00:00-03:00,0.0,0.0,0.0,3.299
2017-04-16 02:00:00-03:00,0.0,0.0,0.0,3.81
2017-04-16 03:00:00-03:00,0.0,0.0,0.0,4.386
2017-04-16 04:00:00-03:00,0.0,0.0,0.0,4.678
2017-04-16 05:00:00-03:00,0.0,0.0,0.0,4.6850000000000005
2017-04-16 06:00:00-03:00,0.0,0.0,0.0,4.866
2017-04-16 07:00:00-03:00,0.0,0.0,0.0,4.681
2017-04-16 08:00:00-03:00,0.0,0.002,0.002,4.365
2017-04-16 09:00:00-03:00,0.047,0.032,0.032,5.145
2017-04-16 10:00:00-03:00,0.159,0.098,0.084,6.469
2017-04-16 11:00:00-03:00,0.429,0.359,0.122,8.164
2017-04-16 12:00:00-03:00,0.593,0.5670000000000001,0.11800000000000001,9.524000000000001
2017-04-16 13:00:00-03:00,0.629,0.623,0.113,10.493
2017-04-16 14:00:00-03:00,0.712,0.767,0.08600000000000001,11.349
2017-04-16 15:00:00-03:00,0.731,0.807,0.076,11.868
2017-04-16 16:00:00-03:00,0.678,0.739,0.069,11.844
2017-04-16 17:00:00-03:00,0.548,0.581,0.052000000000000005,11.097
2017-04-16 18:00:00-03:00,0.219,0.231,0.017,8.355
2017-04-16 19:00:00-03:00,0.0,0.0,0.0,6.362
2017-04-16 20:00:00-03:00,0.0,0.0,0.0,5.301
2017-04-16 21:00:00-03:00,0.0,0.0,0.0,4.344
2017-04-16 22:00:00-03:00,0.0,0.0,0.0,3.59
2017-04-16 23:00:00-03:00,0.0,0.0,0.0,3.101
2017-04-17 00:00:00-03:00,0.0,0.0,0.0,2.944
2017-04-17 01:00:00-03:00,0.0,0.0,0.0,3.525
2017-04-17 02:00:00-03:00,0.0,0.0,0.0,4.045
2017-04-17 03:00:00-03:00,0.0,0.0,0.0,4.011
2017-04-17 04:00:00-03:00,0.0,0.0,0.0,4.041
2017-04-17 05:00:00-03:00,0.0,0.0,0.0,3.563
2017-04-17 06:00:00-03:00,0.0,0.0,0.0,3.274
2017-04-17 07:00:00-03:00,0.0,0.0,0.0,3.165
2017-04-17 08:00:00-03:00,0.0,0.001,0.001,3.068
2017-04-17 09:00:00-03:00,0.029,0.017,0.027,3.439
2017-04-17 10:00:00-03:00,0.165,0.099,0.088,4.582
2017-04-17 11:00:00-03:00,0.449,0.376,0.125,6.881
2017-04-17 12:00:00-03:00,0.634,0.625,0.115,9.79
2017-04-17 13:00:00-03:00,0.656,0.666,0.116,12.707
2017-04-17 14:00:00-03:00,0.456,0.361,0.167,14.057
2017-04-17 15:00:00-03:00,0.325,0.218,0.156,14.065
2017-04-17 16:00:00-03:00,0.177,0.098,0.109,13.006
2017-04-17 17:00:00-03:00,0.073,0.04,0.054,10.774000000000001
2017-04-17 18:00:00-03:00,0.01,0.012,0.01,8.307
2017-04-17 19:00:00-03:00,0.0,0.0,0.0,6.882
2017-04-17 20:00:00-03:00,0.0,0.0,0.0,6.265
2017-04-17 21:00:00-03:00,0.0,0.0,0.0,5.836
2017-04-17 22:00:00-03:00,0.0,0.0,0.0,5.542
2017-04-17 23:00:00-03:00,0.0,0.0,0.0,5.255
2017-04-18 00:00:00-03:00,0.0,0.0,0.0,5.047
2017-04-18 01:00:00-03:00,0.0,0.0,0.0,4.981
2017-04-18 02:00:00-03:00,0.0,0.0,0.0,4.902
2017-04-18 03:00:00-03:00,0.0,0.0,0.0,5.068
2017-04-18 04:00:00-03:00,0.0,0.0,0.0,5.274
2017-04-18 05:00:00-03:00,0.0,0.0,0.0,5.397
2017-04-18 06:00:00-03:00,0.0,0.0,0.0,5.5280000000000005
2017-04-18 07:00:00-03:00,0.0,0.0,0.0,5.88
2017-04-18 08:00:00-03:00,0.0,0.0,0.001,6.358
2017-04-18 09:00:00-03:00,0.006,0.002,0.013000000000000001,7.008
2017-04-18 10:00:00-03:00,0.018000000000000002,0.002,0.03,7.539
2017-04-18 11:00:00-03:00,0.039,0.003,0.053,7.996
2017-04-18 12:00:00-03:00,0.057,0.003,0.07200000000000001,8.298
2017-04-18 13:00:00-03:00,0.075,0.004,0.091,8.521
2017-04-18 14:00:00-03:00,0.075,0.005,0.091,8.651
2017-04-18 15:00:00-03:00,0.067,0.006,0.081,8.912
2017-04-18 16:00:00-03:00,0.058,0.009000000000000001,0.069,9.182
2017-04-18 17:00:00-03:00,0.042,0.014,0.046,9.397
2017-04-18 18:00:00-03:00,0.008,0.009000000000000001,0.01,8.98
2017-04-18 19:00:00-03:00,0.0,0.0,0.0,7.349
2017-04-18 20:00:00-03:00,0.0,0.0,0.0,6.118
2017-04-18 21:00:00-03:00,0.0,0.0,0.0,5.622
2017-04-18 22:00:00-03:00,0.0,0.0,0.0,5.447
2017-04-18 23:00:00-03:00,0.0,0.0,0.0,5.347
2017-04-19 00:00:00-03:00,0.0,0.0,0.0,5.285
2017-04-19 01:00:00-03:00,0.0,0.0,0.0,5.086
2017-04-19 02:00:00-03:00,0.0,0.0,0.0,4.987
2017-04-19 03:00:00-03:00,0.0,0.0,0.0,4.932
2017-04-19 04:00:00-03:00,0.0,0.0,0.0,4.896
2017-04-19 05:00:00-03:00,0.0,0.0,0.0,4.91
2017-04-19 06:00:00-03:00,0.0,0.0,0.0,4.797
2017-04-19 07:00:00-03:00,0.0,0.0,0.0,4.452
2017-04-19 08:00:00-03:00,0.003,0.009000000000000001,0.002,4.017
2017-04-19 09:00:00-03:00,0.31,0.304,0.037,4.662
2017-04-19 10:00:00-03:00,0.529,0.529,0.066,6.386
2017-04-19 11:00:00-03:00,0.642,0.667,0.079,8.553
2017-04-19 12:00:00-03:00,0.7030000000000001,0.757,0.079,10.326
2017-04-19 13:00:00-03:00,0.711,0.777,0.076,11.554
2017-04-19 14:00:00-03:00,0.6960000000000001,0.754,0.081,12.139
2017-04-19 15:00:00-03:00,0.65,0.687,0.08600000000000001,12.226
2017-04-19 16:00:00-03:00,0.516,0.514,0.083,11.914
2017-04-19 17:00:00-03:00,0.327,0.312,0.058,11.09
2017-04-19 18:00:00-03:00,0.063,0.07100000000000001,0.012,9.703
2017-04-19 19:00:00-03:00,0.0,0.0,0.0,8.621
2017-04-19 20:00:00-03:00,0.0,0.0,0.0,8.013
2017-04-19 21:00:00-03:00,0.0,0.0,0.0,7.554
2017-04-19 22:00:00-03:00,0.0,0.0,0.0,7.386
2017-04-19 23:00:00-03:00,0.0,0.0,0.0,7.185
2017-04-20 00:00:00-03:00,0.0,0.0,0.0,6.874
2017-04-20 01:00:00-03:00,0.0,0.0,0.0,6.525
2017-04-20 02:00:00-03:00,0.0,0.0,0.0,6.042
2017-04-20 03:00:00-03:00,0.0,0.0,0.0,5.792
2017-04-20 04:00:00-03:00,0.0,0.0,0.0,5.601
2017-04-20 05:00:00-03:00,0.0,0.0,0.0,5.231
2017-04-20 06:00:00-03:00,0.0,0.0,0.0,4.681
2017-04-20 07:00:00-03:00,0.0,0.0,0.0,4.428
2017-04-20 08:00:00-03:00,0.0,0.001,0.001,4.421
2017-04-20 09:00:00-03:00,0.027,0.015,0.026000000000000002,4.815
2017-04-20 10:00:00-03:00,0.083,0.03,0.07200000000000001,5.572
2017-04-20 11:00:00-03:00,0.138,0.041,0.11900000000000001,6.319
2017-04-20 12:00:00-03:00,0.128,0.022,0.129,6.671
2017-04-20 13:00:00-03:00,0.161,0.027,0.159,7.074
2017-04-20 14:00:00-03:00,0.153,0.027,0.15,7.296
2017-04-20 15:00:00-03:00,0.126,0.026000000000000002,0.122,7.191
2017-04-20 16:00:00-03:00,0.08,0.02,0.08,6.694
2017-04-20 17:00:00-03:00,0.036000000000000004,0.013000000000000001,0.039,5.957
2017-04-20 18:00:00-03:00,0.003,0.004,0.007,4.956
2017-04-20 19:00:00-03:00,0.0,0.0,0.0,4.179
2017-04-20 20:00:00-03:00,0.0,0.0,0.0,3.696
2017-04-20 21:00:00-03:00,0.0,0.0,0.0,3.492
2017-04-20 22:00:00-03:00,0.0,0.0,0.0,3.4859999999999998
2017-04-20 23:00:00-03:00,0.0,0.0,0.0,3.533
2017-04-21 00:00:00-03:00,0.0,0.0,0.0,3.39
2017-04-21 01:00:00-03:00,0.0,0.0,0.0,3.209
2017-04-21 02:00:00-03:00,0.0,0.0,0.0,2.976
2017-04-21 03:00:00-03:00,0.0,0.0,0.0,2.848
2017-04-21 04:00:00-03:00,0.0,0.0,0.0,2.85
2017-04-21 05:00:00-03:00,0.0,0.0,0.0,3.041
2017-04-21 06:00:00-03:00,0.0,0.0,0.0,3.133
2017-04-21 07:00:00-03:00,0.0,0.0,0.0,3.145
2017-04-21 08:00:00-03:00,0.0,0.0,0.0,3.204
2017-04-21 09:00:00-03:00,0.009000000000000001,0.005,0.015,3.363
2017-04-21 10:00:00-03:00,0.051000000000000004,0.015,0.054,3.94
2017-04-21 11:00:00-03:00,0.155,0.058,0.12,5.014
2017-04-21 12:00:00-03:00,0.316,0.17500000000000002,0.17500000000000002,6.203
2017-04-21 13:00:00-03:00,0.40700000000000003,0.263,0.191,7.121
2017-04-21 14:00:00-03:00,0.392,0.254,0.183,7.649
2017-04-21 15:00:00-03:00,0.28,0.159,0.154,7.811
2017-04-21 16:00:00-03:00,0.161,0.082,0.10400000000000001,7.566
2017-04-21 17:00:00-03:00,0.076,0.044,0.052000000000000005,6.713
2017-04-21 18:00:00-03:00,0.01,0.012,0.008,4.359
2017-04-21 19:00:00-03:00,0.0,0.0,0.0,3.282
2017-04-21 20:00:00-03:00,0.0,0.0,0.0,3.068
2017-04-21 21:00:00-03:00,0.0,0.0,0.0,2.7880000000000003
2017-04-21 22:00:00-03:00,0.0,0.0,0.0,2.878
2017-04-21 23:00:00-03:00,0.0,0.0,0.0,3.119
2017-04-22 00:00:00-03:00,0.0,0.0,0.0,3.056
2017-04-22 01:00:00-03:00,0.0,0.0,0.0,2.7119999999999997
2017-04-22 02:00:00-03:00,0.0,0.0,0.0,2.297
2017-04-22 03:00:00-03:00,0.0,0.0,0.0,1.923
2017-04-22 04:00:00-03:00,0.0,0.0,0.0,1.766
2017-04-22 05:00:00-03:00,0.0,0.0,0.0,2.275
2017-04-22 06:00:00-03:00,0.0,0.0,0.0,3.112
2017-04-22 07:00:00-03:00,0.0,0.0,0.0,3.825
2017-04-22 08:00:00-03:00,0.0,0.0,0.0,4.039
2017-04-22 09:00:00-03:00,0.004,0.002,0.011,4.056
2017-04-22 10:00:00-03:00,0.026000000000000002,0.005,0.036000000000000004,4.126
2017-04-22 11:00:00-03:00,0.068,0.01,0.077,4.329
2017-04-22 12:00:00-03:00,0.125,0.02,0.126,4.854
2017-04-22 13:00:00-03:00,0.195,0.044,0.17500000000000002,5.681
2017-04-22 14:00:00-03:00,0.215,0.063,0.179,6.42
2017-04-22 15:00:00-03:00,0.149,0.041,0.131,6.71
2017-04-22 16:00:00-03:00,0.11,0.038,0.093,6.718
2017-04-22 17:00:00-03:00,0.057,0.028,0.047,6.169
2017-04-22 18:00:00-03:00,0.006,0.008,0.007,4.431
2017-04-22 19:00:00-03:00,0.0,0.0,0.0,3.155
2017-04-22 20:00:00-03:00,0.0,0.0,0.0,2.39
2017-04-22 21:00:00-03:00,0.0,0.0,0.0,1.716
2017-04-22 22:00:00-03:00,0.0,0.0,0.0,1.061
2017-04-22 23:00:00-03:00,0.0,0.0,0.0,0.976
2017-04-23 00:00:00-03:00,0.0,0.0,0.0,1.445
2017-04-23 01:00:00-03:00,0.0,0.0,0.0,1.466
2017-04-23 02:00:00-03:00,0.0,0.0,0.0,1.292
2017-04-23 03:00:00-03:00,0.0,0.0,0.0,1.097
2017-04-23 04:00:00-03:00,0.0,0.0,0.0,0.9430000000000001
2017-04-23 05:00:00-03:00,0.0,0.0,0.0,0.884
2017-04-23 06:00:00-03:00,0.0,0.0,0.0,0.9410000000000001
2017-04-23 07:00:00-03:00,0.0,0.0,0.0,1.099
2017-04-23 08:00:00-03:00,0.0,0.0,0.0,1.2
2017-04-23 09:00:00-03:00,0.005,0.003,0.012,1.445
2017-04-23 10:00:00-03:00,0.027,0.006,0.035,1.8290000000000002
2017-04-23 11:00:00-03:00,0.08,0.016,0.083,2.734
2017-04-23 12:00:00-03:00,0.17300000000000001,0.05,0.145,4.441
2017-04-23 13:00:00-03:00,0.401,0.258,0.188,6.768
2017-04-23 14:00:00-03:00,0.45,0.342,0.165,8.541
2017-04-23 15:00:00-03:00,0.431,0.34900000000000003,0.137,9.445
2017-04-23 16:00:00-03:00,0.328,0.264,0.105,9.582
2017-04-23 17:00:00-03:00,0.21,0.179,0.059000000000000004,8.063
2017-04-23 18:00:00-03:00,0.021,0.026000000000000002,0.009000000000000001,5.288
2017-04-23 19:00:00-03:00,0.0,0.0,0.0,4.635
2017-04-23 20:00:00-03:00,0.0,0.0,0.0,4.7010000000000005
2017-04-23 21:00:00-03:00,0.0,0.0,0.0,4.57
2017-04-23 22:00:00-03:00,0.0,0.0,0.0,4.357
2017-04-23 23:00:00-03:00,0.0,0.0,0.0,4.148
2017-04-24 00:00:00-03:00,0.0,0.0,0.0,4.015
2017-04-24 01:00:00-03:00,0.0,0.0,0.0,3.93
2017-04-24 02:00:00-03:00,0.0,0.0,0.0,3.822
2017-04-24 03:00:00-03:00,0.0,0.0,0.0,3.85
2017-04-24 04:00:00-03:00,0.0,0.0,0.0,3.919
2017-04-24 05:00:00-03:00,0.0,0.0,0.0,4.049
2017-04-24 06:00:00-03:00,0.0,0.0,0.0,4.174
2017-04-24 07:00:00-03:00,0.0,0.0,0.0,4.239
2017-04-24 08:00:00-03:00,0.0,0.0,0.0,4.172
2017-04-24 09:00:00-03:00,0.013000000000000001,0.009000000000000001,0.017,4.217
2017-04-24 10:00:00-03:00,0.066,0.026000000000000002,0.059000000000000004,4.645
2017-04-24 11:00:00-03:00,0.17300000000000001,0.078,0.11800000000000001,5.449
2017-04-24 12:00:00-03:00,0.312,0.183,0.163,6.7379999999999995
2017-04-24 13:00:00-03:00,0.462,0.357,0.163,8.384
2017-04-24 14:00:00-03:00,0.608,0.588,0.11800000000000001,10.042
2017-04-24 15:00:00-03:00,0.581,0.5690000000000001,0.107,10.971
2017-04-24 16:00:00-03:00,0.322,0.262,0.10200000000000001,10.892
2017-04-24 17:00:00-03:00,0.07200000000000001,0.047,0.046,9.274000000000001
2017-04-24 18:00:00-03:00,0.003,0.006,0.005,7.39
2017-04-24 19:00:00-03:00,0.0,0.0,0.0,6.394
2017-04-24 20:00:00-03:00,0.0,0.0,0.0,5.716
2017-04-24 21:00:00-03:00,0.0,0.0,0.0,5.276
2017-04-24 22:00:00-03:00,0.0,0.0,0.0,4.933
2017-04-24 23:00:00-03:00,0.0,0.0,0.0,4.586
2017-04-25 00:00:00-03:00,0.0,0.0,0.0,4.275
2017-04-25 01:00:00-03:00,0.0,0.0,0.0,3.988
2017-04-25 02:00:00-03:00,0.0,0.0,0.0,3.7640000000000002
2017-04-25 03:00:00-03:00,0.0,0.0,0.0,3.635
2017-04-25 04:00:00-03:00,0.0,0.0,0.0,3.503
2017-04-25 05:00:00-03:00,0.0,0.0,0.0,3.329
2017-04-25 06:00:00-03:00,0.0,0.0,0.0,3.239
2017-04-25 07:00:00-03:00,0.0,0.0,0.0,3.166
2017-04-25 08:00:00-03:00,0.0,0.0,0.0,3.279
2017-04-25 09:00:00-03:00,0.027,0.021,0.021,3.653
2017-04-25 10:00:00-03:00,0.111,0.061,0.07,4.437
2017-04-25 11:00:00-03:00,0.227,0.134,0.12,5.435
2017-04-25 12:00:00-03:00,0.442,0.34900000000000003,0.14400000000000002,6.497
2017-04-25 13:00:00-03:00,0.538,0.47200000000000003,0.137,7.344
2017-04-25 14:00:00-03:00,0.595,0.5660000000000001,0.117,7.923
2017-04-25 15:00:00-03:00,0.506,0.456,0.116,8.001
2017-04-25 16:00:00-03:00,0.281,0.215,0.098,7.573
2017-04-25 17:00:00-03:00,0.148,0.12,0.052000000000000005,6.736
2017-04-25 18:00:00-03:00,0.014,0.02,0.007,4.991
2017-04-25 19:00:00-03:00,0.0,0.0,0.0,3.928
2017-04-25 20:00:00-03:00,0.0,0.0,0.0,4.058
2017-04-25 21:00:00-03:00,0.0,0.0,0.0,4.309
2017-04-25 22:00:00-03:00,0.0,0.0,0.0,4.473
2017-04-25 23:00:00-03:00,0.0,0.0,0.0,4.506
2017-04-26 00:00:00-03:00,0.0,0.0,0.0,4.428
2017-04-26 01:00:00-03:00,0.0,0.0,0.0,4.247
2017-04-26 02:00:00-03:00,0.0,0.0,0.0,4.329
2017-04-26 03:00:00-03:00,0.0,0.0,0.0,4.503
2017-04-26 04:00:00-03:00,0.0,0.0,0.0,4.538
2017-04-26 05:00:00-03:00,0.0,0.0,0.0,4.453
2017-04-26 06:00:00-03:00,0.0,0.0,0.0,4.433
2017-04-26 07:00:00-03:00,0.0,0.0,0.0,4.643
2017-04-26 08:00:00-03:00,0.0,0.0,0.0,5.063
2017-04-26 09:00:00-03:00,0.01,0.006,0.015,5.494
2017-04-26 10:00:00-03:00,0.036000000000000004,0.008,0.044,6.032
2017-04-26 11:00:00-03:00,0.056,0.008,0.066,6.443
2017-04-26 12:00:00-03:00,0.094,0.012,0.10300000000000001,6.868
2017-04-26 13:00:00-03:00,0.112,0.014,0.121,6.924
2017-04-26 14:00:00-03:00,0.124,0.019,0.127,6.749
2017-04-26 15:00:00-03:00,0.139,0.038,0.124,6.789
2017-04-26 16:00:00-03:00,0.127,0.056,0.094,6.932
2017-04-26 17:00:00-03:00,0.107,0.076,0.053,6.588
2017-04-26 18:00:00-03:00,0.007,0.011,0.006,5.605
2017-04-26 19:00:00-03:00,0.0,0.0,0.0,4.717
2017-04-26 20:00:00-03:00,0.0,0.0,0.0,4.158
2017-04-26 21:00:00-03:00,0.0,0.0,0.0,3.4
2017-04-26 22:00:00-03:00,0.0,0.0,0.0,2.733
2017-04-26 23:00:00-03:00,0.0,0.0,0.0,2.379
2017-04-27 00:00:00-03:00,0.0,0.0,0.0,2.157
2017-04-27 01:00:00-03:00,0.0,0.0,0.0,2.0
2017-04-27 02:00:00-03:00,0.0,0.0,0.0,1.8559999999999999
2017-04-27 03:00:00-03:00,0.0,0.0,0.0,1.891
2017-04-27 04:00:00-03:00,0.0,0.0,0.0,1.721
2017-04-27 05:00:00-03:00,0.0,0.0,0.0,1.7530000000000001
2017-04-27 06:00:00-03:00,0.0,0.0,0.0,1.599
2017-04-27 07:00:00-03:00,0.0,0.0,0.0,1.6099999999999999
2017-04-27 08:00:00-03:00,0.0,0.0,0.0,1.681
2017-04-27 09:00:00-03:00,0.006,0.004,0.012,1.9969999999999999
2017-04-27 10:00:00-03:00,0.033,0.008,0.041,2.727
2017-04-27 11:00:00-03:00,0.068,0.012,0.075,3.449
2017-04-27 12:00:00-03:00,0.122,0.022,0.122,4.551
2017-04-27 13:00:00-03:00,0.146,0.025,0.14300000000000002,5.465
2017-04-27 14:00:00-03:00,0.136,0.024,0.134,6.029
2017-04-27 15:00:00-03:00,0.115,0.026000000000000002,0.11,6.283
2017-04-27 16:00:00-03:00,0.108,0.042,0.08700000000000001,6.352
2017-04-27 17:00:00-03:00,0.082,0.055,0.048,5.664
2017-04-27 18:00:00-03:00,0.007,0.012,0.005,3.137
2017-04-27 19:00:00-03:00,0.0,0.0,0.0,1.645
2017-04-27 20:00:00-03:00,0.0,0.0,0.0,1.054
2017-04-27 21:00:00-03:00,0.0,0.0,0.0,0.551
2017-04-27 22:00:00-03:00,0.0,0.0,0.0,0.137
2017-04-27 23:00:00-03:00,0.0,0.0,0.0,-0.227
2017-04-28 00:00:00-03:00,0.0,0.0,0.0,-0.063
2017-04-28 01:00:00-03:00,0.0,0.0,0.0,0.461
2017-04-28 02:00:00-03:00,0.0,0.0,0.0,0.8150000000000001
2017-04-28 03:00:00-03:00,0.0,0.0,0.0,1.259
2017-04-28 04:00:00-03:00,0.0,0.0,0.0,2.023
2017-04-28 05:00:00-03:00,0.0,0.0,0.0,2.7960000000000003
2017-04-28 06:00:00-03:00,0.0,0.0,0.0,3.5220000000000002
2017-04-28 07:00:00-03:00,0.0,0.0,0.0,4.008
2017-04-28 08:00:00-03:00,0.0,0.0,0.0,4.3
2017-04-28 09:00:00-03:00,0.015,0.013000000000000001,0.016,4.522
2017-04-28 10:00:00-03:00,0.069,0.03,0.057,4.994
2017-04-28 11:00:00-03:00,0.134,0.053,0.10300000000000001,5.57
2017-04-28 12:00:00-03:00,0.28200000000000003,0.158,0.155,6.338
2017-04-28 13:00:00-03:00,0.444,0.339,0.157,7.19
2017-04-28 14:00:00-03:00,0.548,0.497,0.126,7.812
2017-04-28 15:00:00-03:00,0.539,0.506,0.107,7.885
2017-04-28 16:00:00-03:00,0.379,0.332,0.09,7.455
2017-04-28 17:00:00-03:00,0.176,0.15,0.05,6.456
2017-04-28 18:00:00-03:00,0.002,0.005,0.003,4.535
2017-04-28 19:00:00-03:00,0.0,0.0,0.0,3.467
2017-04-28 20:00:00-03:00,0.0,0.0,0.0,3.708
2017-04-28 21:00:00-03:00,0.0,0.0,0.0,4.049
2017-04-28 22:00:00-03:00,0.0,0.0,0.0,4.4030000000000005
2017-04-28 23:00:00-03:00,0.0,0.0,0.0,4.8870000000000005
2017-04-29 00:00:00-03:00,0.0,0.0,0.0,5.067
2017-04-29 01:00:00-03:00,0.0,0.0,0.0,5.265
2017-04-29 02:00:00-03:00,0.0,0.0,0.0,5.506
2017-04-29 03:00:00-03:00,0.0,0.0,0.0,5.546
2017-04-29 04:00:00-03:00,0.0,0.0,0.0,5.2
2017-04-29 05:00:00-03:00,0.0,0.0,0.0,4.752
2017-04-29 06:00:00-03:00,0.0,0.0,0.0,4.26
2017-04-29 07:00:00-03:00,0.0,0.0,0.0,3.963
2017-04-29 08:00:00-03:00,0.0,0.0,0.0,3.9050000000000002
2017-04-29 09:00:00-03:00,0.032,0.029,0.019,3.818
2017-04-29 10:00:00-03:00,0.218,0.169,0.073,4.351
2017-04-29 11:00:00-03:00,0.497,0.458,0.096,5.389
2017-04-29 12:00:00-03:00,0.627,0.621,0.097,6.575
2017-04-29 13:00:00-03:00,0.578,0.538,0.121,7.427
2017-04-29 14:00:00-03:00,0.361,0.241,0.161,7.623
2017-04-29 15:00:00-03:00,0.148,0.054,0.117,7.268
2017-04-29 16:00:00-03:00,0.058,0.017,0.059000000000000004,6.608
2017-04-29 17:00:00-03:00,0.038,0.022,0.033,5.66
2017-04-29 18:00:00-03:00,0.005,0.01,0.004,2.93
2017-04-29 19:00:00-03:00,0.0,0.0,0.0,1.641
2017-04-29 20:00:00-03:00,0.0,0.0,0.0,0.98
2017-04-29 21:00:00-03:00,0.0,0.0,0.0,0.643
2017-04-29 22:00:00-03:00,0.0,0.0,0.0,0.773
2017-04-29 23:00:00-03:00,0.0,0.0,0.0,1.1400000000000001
2017-04-30 00:00:00-03:00,0.0,0.0,0.0,1.361
2017-04-30 01:00:00-03:00,0.0,0.0,0.0,1.31
2017-04-30 02:00:00-03:00,0.0,0.0,0.0,1.17
2017-04-30 03:00:00-03:00,0.0,0.0,0.0,1.101
2017-04-30 04:00:00-03:00,0.0,0.0,0.0,0.968
2017-04-30 05:00:00-03:00,0.0,0.0,0.0,0.866
2017-04-30 06:00:00-03:00,0.0,0.0,0.0,1.0
2017-04-30 07:00:00-03:00,0.0,0.0,0.0,1.081
2017-04-30 08:00:00-03:00,0.0,0.0,0.0,1.246
2017-04-30 09:00:00-03:00,0.019,0.016,0.016,1.978
2017-04-30 10:00:00-03:00,0.109,0.062,0.068,4.129
2017-04-30 11:00:00-03:00,0.213,0.11900000000000001,0.11900000000000001,5.949
2017-04-30 12:00:00-03:00,0.258,0.131,0.158,7.717
2017-04-30 13:00:00-03:00,0.246,0.10300000000000001,0.17500000000000002,8.994
2017-04-30 14:00:00-03:00,0.202,0.07100000000000001,0.16,9.706
2017-04-30 15:00:00-03:00,0.129,0.039,0.115,9.833
2017-04-30 16:00:00-03:00,0.063,0.018000000000000002,0.064,9.426
2017-04-30 17:00:00-03:00,0.025,0.012,0.028,8.656
2017-04-30 18:00:00-03:00,0.0,0.001,0.002,7.487
2017-04-30 19:00:00-03:00,0.0,0.0,0.0,6.93
2017-04-30 20:00:00-03:00,0.0,0.0,0.0,6.504
2017-04-30 21:00:00-03:00,0.0,0.0,0.0,6.172
2017-04-30 22:00:00-03:00,0.0,0.0,0.0,5.963
2017-04-30 23:00:00-03:00,0.0,0.0,0.0,5.758
2017-05-01 00:00:00-03:00,0.0,0.0,0.0,5.617
2017-05-01 01:00:00-03:00,0.0,0.0,0.0,5.4030000000000005
2017-05-01 02:00:00-03:00,0.0,0.0,0.0,5.198
2017-05-01 03:00:00-03:00,0.0,0.0,0.0,5.024
2017-05-01 04:00:00-03:00,0.0,0.0,0.0,4.856
2017-05-01 05:00:00-03:00,0.0,0.0,0.0,4.705
2017-05-01 06:00:00-03:00,0.0,0.0,0.0,4.545
2017-05-01 07:00:00-03:00,0.0,0.0,0.0,4.486
2017-05-01 08:00:00-03:00,0.0,0.0,0.0,4.39
2017-05-01 09:00:00-03:00,0.008,0.007,0.011,4.566
2017-05-01 10:00:00-03:00,0.063,0.028,0.054,5.696
2017-05-01 11:00:00-03:00,0.24,0.15,0.11900000000000001,7.306
2017-05-01 12:00:00-03:00,0.315,0.2,0.154,9.155
2017-05-01 13:00:00-03:00,0.315,0.183,0.17300000000000001,10.25
2017-05-01 14:00:00-03:00,0.316,0.188,0.169,10.708
2017-05-01 15:00:00-03:00,0.14,0.049,0.116,10.266
2017-05-01 16:00:00-03:00,0.058,0.017,0.061,9.314
2017-05-01 17:00:00-03:00,0.015,0.007,0.021,7.859
2017-05-01 18:00:00-03:00,0.0,0.0,0.001,6.72
2017-05-01 19:00:00-03:00,0.0,0.0,0.0,6.27
2017-05-01 20:00:00-03:00,0.0,0.0,0.0,5.816
2017-05-01 21:00:00-03:00,0.0,0.0,0.0,5.6129999999999995
2017-05-01 22:00:00-03:00,0.0,0.0,0.0,5.486
2017-05-01 23:00:00-03:00,0.0,0.0,0.0,5.308
2017-05-02 00:00:00-03:00,0.0,0.0,0.0,5.157
2017-05-02 01:00:00-03:00,0.0,0.0,0.0,4.898
2017-05-02 02:00:00-03:00,0.0,0.0,0.0,4.499
2017-05-02 03:00:00-03:00,0.0,0.0,0.0,3.86
2017-05-02 04:00:00-03:00,0.0,0.0,0.0,3.033
2017-05-02 05:00:00-03:00,0.0,0.0,0.0,2.2560000000000002
2017-05-02 06:00:00-03:00,0.0,0.0,0.0,1.847
2017-05-02 07:00:00-03:00,0.0,0.0,0.0,1.505
2017-05-02 08:00:00-03:00,0.0,0.0,0.0,1.187
2017-05-02 09:00:00-03:00,0.0,0.001,0.005,1.073
2017-05-02 10:00:00-03:00,0.012,0.002,0.021,1.084
2017-05-02 11:00:00-03:00,0.03,0.003,0.042,1.098
2017-05-02 12:00:00-03:00,0.051000000000000004,0.004,0.063,1.436
2017-05-02 13:00:00-03:00,0.07200000000000001,0.005,0.084,2.213
2017-05-02 14:00:00-03:00,0.077,0.007,0.088,2.855
2017-05-02 15:00:00-03:00,0.07,0.01,0.079,3.419
2017-05-02 16:00:00-03:00,0.07100000000000001,0.02,0.069,3.9779999999999998
2017-05-02 17:00:00-03:00,0.05,0.03,0.037,4.019
2017-05-02 18:00:00-03:00,0.0,0.003,0.002,3.395
2017-05-02 19:00:00-03:00,0.0,0.0,0.0,2.698
2017-05-02 20:00:00-03:00,0.0,0.0,0.0,2.304
2017-05-02 21:00:00-03:00,0.0,0.0,0.0,2.192
2017-05-02 22:00:00-03:00,0.0,0.0,0.0,2.147
2017-05-02 23:00:00-03:00,0.0,0.0,0.0,2.078
2017-05-03 00:00:00-03:00,0.0,0.0,0.0,1.9060000000000001
2017-05-03 01:00:00-03:00,0.0,0.0,0.0,1.783
2017-05-03 02:00:00-03:00,0.0,0.0,0.0,1.749
2017-05-03 03:00:00-03:00,0.0,0.0,0.0,1.734
2017-05-03 04:00:00-03:00,0.0,0.0,0.0,1.638
2017-05-03 05:00:00-03:00,0.0,0.0,0.0,1.612
2017-05-03 06:00:00-03:00,0.0,0.0,0.0,1.458
2017-05-03 07:00:00-03:00,0.0,0.0,0.0,1.3
2017-05-03 08:00:00-03:00,0.0,0.0,0.0,1.404
2017-05-03 09:00:00-03:00,0.001,0.002,0.006,1.403
2017-05-03 10:00:00-03:00,0.015,0.003,0.025,1.8719999999999999
2017-05-03 11:00:00-03:00,0.029,0.003,0.041,2.104
2017-05-03 12:00:00-03:00,0.043000000000000003,0.003,0.057,2.33
2017-05-03 13:00:00-03:00,0.059000000000000004,0.003,0.073,2.747
2017-05-03 14:00:00-03:00,0.05,0.003,0.064,2.914
2017-05-03 15:00:00-03:00,0.025,0.002,0.037,2.474
2017-05-03 16:00:00-03:00,0.011,0.001,0.021,2.001
2017-05-03 17:00:00-03:00,0.001,0.001,0.007,1.749
2017-05-03 18:00:00-03:00,0.0,0.0,0.0,1.495
2017-05-03 19:00:00-03:00,0.0,0.0,0.0,1.738
2017-05-03 20:00:00-03:00,0.0,0.0,0.0,2.202
2017-05-03 21:00:00-03:00,0.0,0.0,0.0,2.572
2017-05-03 22:00:00-03:00,0.0,0.0,0.0,2.884
2017-05-03 23:00:00-03:00,0.0,0.0,0.0,2.9050000000000002
2017-05-04 00:00:00-03:00,0.0,0.0,0.0,2.661
2017-05-04 01:00:00-03:00,0.0,0.0,0.0,2.08
2017-05-04 02:00:00-03:00,0.0,0.0,0.0,1.4020000000000001
2017-05-04 03:00:00-03:00,0.0,0.0,0.0,1.102
2017-05-04 04:00:00-03:00,0.0,0.0,0.0,0.998
2017-05-04 05:00:00-03:00,0.0,0.0,0.0,1.272
2017-05-04 06:00:00-03:00,0.0,0.0,0.0,2.342
2017-05-04 07:00:00-03:00,0.0,0.0,0.0,2.955
2017-05-04 08:00:00-03:00,0.0,0.0,0.0,2.942
2017-05-04 09:00:00-03:00,0.043000000000000003,0.045,0.014,2.967
2017-05-04 10:00:00-03:00,0.193,0.152,0.063,3.1310000000000002
2017-05-04 11:00:00-03:00,0.199,0.124,0.098,3.2720000000000002
2017-05-04 12:00:00-03:00,0.47900000000000004,0.41500000000000004,0.113,3.578
2017-05-04 13:00:00-03:00,0.635,0.63,0.089,3.967
2017-05-04 14:00:00-03:00,0.626,0.621,0.08700000000000001,4.119
2017-05-04 15:00:00-03:00,0.599,0.593,0.08,4.048
2017-05-04 16:00:00-03:00,0.537,0.533,0.064,3.6790000000000003
2017-05-04 17:00:00-03:00,0.293,0.28200000000000003,0.037,2.552
2017-05-04 18:00:00-03:00,0.002,0.008,0.002,-0.10300000000000001
2017-05-04 19:00:00-03:00,0.0,0.0,0.0,-1.18
2017-05-04 20:00:00-03:00,0.0,0.0,0.0,-1.837
2017-05-04 21:00:00-03:00,0.0,0.0,0.0,-2.58
2017-05-04 22:00:00-03:00,0.0,0.0,0.0,-3.2720000000000002
2017-05-04 23:00:00-03:00,0.0,0.0,0.0,-3.693
2017-05-05 00:00:00-03:00,0.0,0.0,0.0,-3.808
2017-05-05 01:00:00-03:00,0.0,0.0,0.0,-3.667
2017-05-05 02:00:00-03:00,0.0,0.0,0.0,-3.822
2017-05-05 03:00:00-03:00,0.0,0.0,0.0,-3.768
2017-05-05 04:00:00-03:00,0.0,0.0,0.0,-3.518
2017-05-05 05:00:00-03:00,0.0,0.0,0.0,-3.088
2017-05-05 06:00:00-03:00,0.0,0.0,0.0,-2.638
2017-05-05 07:00:00-03:00,0.0,0.0,0.0,-2.51
2017-05-05 08:00:00-03:00,0.0,0.0,0.0,-2.235
2017-05-05 09:00:00-03:00,0.003,0.004,0.007,-1.679
2017-05-05 10:00:00-03:00,0.019,0.005,0.028,-0.41200000000000003
2017-05-05 11:00:00-03:00,0.044,0.006,0.054,0.9420000000000001
2017-05-05 12:00:00-03:00,0.083,0.012,0.09,1.974
2017-05-05 13:00:00-03:00,0.136,0.026000000000000002,0.131,2.944
2017-05-05 14:00:00-03:00,0.167,0.046,0.14300000000000002,4.166
2017-05-05 15:00:00-03:00,0.145,0.05,0.117,5.063
2017-05-05 16:00:00-03:00,0.092,0.038,0.074,5.131
2017-05-05 17:00:00-03:00,0.037,0.023,0.029,4.292
2017-05-05 18:00:00-03:00,0.0,0.001,0.001,2.8040000000000003
2017-05-05 19:00:00-03:00,0.0,0.0,0.0,2.49
2017-05-05 20:00:00-03:00,0.0,0.0,0.0,2.497
2017-05-05 21:00:00-03:00,0.0,0.0,0.0,2.5869999999999997
2017-05-05 22:00:00-03:00,0.0,0.0,0.0,2.605
2017-05-05 23:00:00-03:00,0.0,0.0,0.0,2.406
2017-05-06 00:00:00-03:00,0.0,0.0,0.0,1.974
2017-05-06 01:00:00-03:00,0.0,0.0,0.0,1.587
2017-05-06 02:00:00-03:00,0.0,0.0,0.0,1.098
2017-05-06 03:00:00-03:00,0.0,0.0,0.0,1.04
2017-05-06 04:00:00-03:00,0.0,0.0,0.0,1.228
2017-05-06 05:00:00-03:00,0.0,0.0,0.0,1.347
2017-05-06 06:00:00-03:00,0.0,0.0,0.0,1.534
2017-05-06 07:00:00-03:00,0.0,0.0,0.0,1.77
2017-05-06 08:00:00-03:00,0.0,0.0,0.0,1.7850000000000001
2017-05-06 09:00:00-03:00,0.0,0.001,0.003,1.683
2017-05-06 10:00:00-03:00,0.009000000000000001,0.002,0.018000000000000002,1.667
2017-05-06 11:00:00-03:00,0.029,0.003,0.04,1.418
2017-05-06 12:00:00-03:00,0.057,0.005,0.069,1.587
2017-05-06 13:00:00-03:00,0.105,0.014,0.11,2.156
2017-05-06 14:00:00-03:00,0.14300000000000002,0.031,0.132,2.74
2017-05-06 15:00:00-03:00,0.126,0.036000000000000004,0.11,3.169
2017-05-06 16:00:00-03:00,0.073,0.025,0.067,3.267
2017-05-06 17:00:00-03:00,0.023,0.013000000000000001,0.024,2.801
2017-05-06 18:00:00-03:00,0.0,0.0,0.001,1.812
2017-05-06 19:00:00-03:00,0.0,0.0,0.0,1.3679999999999999
2017-05-06 20:00:00-03:00,0.0,0.0,0.0,1.112
2017-05-06 21:00:00-03:00,0.0,0.0,0.0,0.934
2017-05-06 22:00:00-03:00,0.0,0.0,0.0,0.872
2017-05-06 23:00:00-03:00,0.0,0.0,0.0,0.845
2017-05-07 00:00:00-03:00,0.0,0.0,0.0,0.8310000000000001
2017-05-07 01:00:00-03:00,0.0,0.0,0.0,0.8300000000000001
2017-05-07 02:00:00-03:00,0.0,0.0,0.0,0.881
2017-05-07 03:00:00-03:00,0.0,0.0,0.0,1.009
2017-05-07 04:00:00-03:00,0.0,0.0,0.0,1.181
2017-05-07 05:00:00-03:00,0.0,0.0,0.0,1.236
2017-05-07 06:00:00-03:00,0.0,0.0,0.0,1.267
2017-05-07 07:00:00-03:00,0.0,0.0,0.0,1.297
2017-05-07 08:00:00-03:00,0.0,0.0,0.0,1.387
2017-05-07 09:00:00-03:00,0.003,0.005,0.007,1.6219999999999999
2017-05-07 10:00:00-03:00,0.037,0.013000000000000001,0.04,2.219
2017-05-07 11:00:00-03:00,0.091,0.026000000000000002,0.084,2.936
2017-05-07 12:00:00-03:00,0.136,0.035,0.121,3.535
2017-05-07 13:00:00-03:00,0.15,0.035,0.137,4.0
2017-05-07 14:00:00-03:00,0.131,0.029,0.123,4.331
2017-05-07 15:00:00-03:00,0.105,0.027,0.098,4.565
2017-05-07 16:00:00-03:00,0.064,0.022,0.061,4.573
2017-05-07 17:00:00-03:00,0.025,0.016,0.024,4.0
2017-05-07 18:00:00-03:00,0.0,0.0,0.001,2.822
2017-05-07 19:00:00-03:00,0.0,0.0,0.0,2.484
2017-05-07 20:00:00-03:00,0.0,0.0,0.0,2.565
2017-05-07 21:00:00-03:00,0.0,0.0,0.0,2.702
2017-05-07 22:00:00-03:00,0.0,0.0,0.0,3.075
2017-05-07 23:00:00-03:00,0.0,0.0,0.0,3.33
2017-05-08 00:00:00-03:00,0.0,0.0,0.0,3.341
2017-05-08 01:00:00-03:00,0.0,0.0,0.0,3.25
2017-05-08 02:00:00-03:00,0.0,0.0,0.0,3.063
2017-05-08 03:00:00-03:00,0.0,0.0,0.0,2.827
2017-05-08 04:00:00-03:00,0.0,0.0,0.0,2.5460000000000003
2017-05-08 05:00:00-03:00,0.0,0.0,0.0,2.312
2017-05-08 06:00:00-03:00,0.0,0.0,0.0,2.138
2017-05-08 07:00:00-03:00,0.0,0.0,0.0,2.012
2017-05-08 08:00:00-03:00,0.0,0.0,0.0,1.959
2017-05-08 09:00:00-03:00,0.0,0.001,0.002,2.144
2017-05-08 10:00:00-03:00,0.015,0.004,0.023,2.472
2017-05-08 11:00:00-03:00,0.046,0.008,0.055,3.179
2017-05-08 12:00:00-03:00,0.08600000000000001,0.015,0.09,3.99
2017-05-08 13:00:00-03:00,0.192,0.067,0.149,4.698
2017-05-08 14:00:00-03:00,0.382,0.273,0.148,5.28
2017-05-08 15:00:00-03:00,0.41600000000000004,0.34600000000000003,0.114,5.468
2017-05-08 16:00:00-03:00,0.225,0.167,0.083,5.082
2017-05-08 17:00:00-03:00,0.07100000000000001,0.059000000000000004,0.031,4.094
2017-05-08 18:00:00-03:00,0.0,0.0,0.0,3.237
2017-05-08 19:00:00-03:00,0.0,0.0,0.0,3.533
2017-05-08 20:00:00-03:00,0.0,0.0,0.0,3.418
2017-05-08 21:00:00-03:00,0.0,0.0,0.0,3.143
2017-05-08 22:00:00-03:00,0.0,0.0,0.0,2.525
2017-05-08 23:00:00-03:00,0.0,0.0,0.0,1.443
2017-05-09 00:00:00-03:00,0.0,0.0,0.0,0.749
2017-05-09 01:00:00-03:00,0.0,0.0,0.0,0.256
2017-05-09 02:00:00-03:00,0.0,0.0,0.0,-0.044
2017-05-09 03:00:00-03:00,0.0,0.0,0.0,-0.066
2017-05-09 04:00:00-03:00,0.0,0.0,0.0,0.279
2017-05-09 05:00:00-03:00,0.0,0.0,0.0,1.221
2017-05-09 06:00:00-03:00,0.0,0.0,0.0,1.5819999999999999
2017-05-09 07:00:00-03:00,0.0,0.0,0.0,1.429
2017-05-09 08:00:00-03:00,0.0,0.0,0.0,1.417
2017-05-09 09:00:00-03:00,0.0,0.001,0.004,1.492
2017-05-09 10:00:00-03:00,0.015,0.004,0.023,1.862
2017-05-09 11:00:00-03:00,0.046,0.009000000000000001,0.053,2.642
2017-05-09 12:00:00-03:00,0.129,0.036000000000000004,0.114,3.701
2017-05-09 13:00:00-03:00,0.209,0.085,0.148,4.681
2017-05-09 14:00:00-03:00,0.40800000000000003,0.312,0.139,5.4879999999999995
2017-05-09 15:00:00-03:00,0.454,0.4,0.10400000000000001,5.907
2017-05-09 16:00:00-03:00,0.355,0.314,0.077,5.68
2017-05-09 17:00:00-03:00,0.08600000000000001,0.075,0.03,4.683
2017-05-09 18:00:00-03:00,0.0,0.001,0.0,3.566
2017-05-09 19:00:00-03:00,0.0,0.0,0.0,3.063
2017-05-09 20:00:00-03:00,0.0,0.0,0.0,1.828
2017-05-09 21:00:00-03:00,0.0,0.0,0.0,0.901
2017-05-09 22:00:00-03:00,0.0,0.0,0.0,0.791
2017-05-09 23:00:00-03:00,0.0,0.0,0.0,0.9500000000000001
2017-05-10 00:00:00-03:00,0.0,0.0,0.0,1.1280000000000001
2017-05-10 01:00:00-03:00,0.0,0.0,0.0,1.2730000000000001
2017-05-10 02:00:00-03:00,0.0,0.0,0.0,1.573
2017-05-10 03:00:00-03:00,0.0,0.0,0.0,1.635
2017-05-10 04:00:00-03:00,0.0,0.0,0.0,1.741
2017-05-10 05:00:00-03:00,0.0,0.0,0.0,1.5859999999999999
2017-05-10 06:00:00-03:00,0.0,0.0,0.0,1.4929999999999999
2017-05-10 07:00:00-03:00,0.0,0.0,0.0,0.801
2017-05-10 08:00:00-03:00,0.0,0.0,0.0,0.886
2017-05-10 09:00:00-03:00,0.003,0.005,0.006,1.026
2017-05-10 10:00:00-03:00,0.031,0.012,0.034,1.365
2017-05-10 11:00:00-03:00,0.08600000000000001,0.029,0.075,2.012
2017-05-10 12:00:00-03:00,0.246,0.135,0.136,3.312
2017-05-10 13:00:00-03:00,0.334,0.218,0.149,4.478
2017-05-10 14:00:00-03:00,0.41200000000000003,0.324,0.131,5.317
2017-05-10 15:00:00-03:00,0.46900000000000003,0.421,0.101,5.798
2017-05-10 16:00:00-03:00,0.20500000000000002,0.153,0.077,5.342
2017-05-10 17:00:00-03:00,0.039,0.032,0.024,3.787
2017-05-10 18:00:00-03:00,0.0,0.0,0.0,2.347
2017-05-10 19:00:00-03:00,0.0,0.0,0.0,1.838
2017-05-10 20:00:00-03:00,0.0,0.0,0.0,2.158
2017-05-10 21:00:00-03:00,0.0,0.0,0.0,2.444
2017-05-10 22:00:00-03:00,0.0,0.0,0.0,2.385
2017-05-10 23:00:00-03:00,0.0,0.0,0.0,2.116
2017-05-11 00:00:00-03:00,0.0,0.0,0.0,2.077
2017-05-11 01:00:00-03:00,0.0,0.0,0.0,2.459
2017-05-11 02:00:00-03:00,0.0,0.0,0.0,2.6189999999999998
2017-05-11 03:00:00-03:00,0.0,0.0,0.0,2.482
2017-05-11 04:00:00-03:00,0.0,0.0,0.0,2.212
2017-05-11 05:00:00-03:00,0.0,0.0,0.0,1.957
2017-05-11 06:00:00-03:00,0.0,0.0,0.0,2.036
2017-05-11 07:00:00-03:00,0.0,0.0,0.0,1.9380000000000002
2017-05-11 08:00:00-03:00,0.0,0.0,0.0,2.03
2017-05-11 09:00:00-03:00,0.004,0.006,0.006,2.374
2017-05-11 10:00:00-03:00,0.063,0.035,0.046,3.149
2017-05-11 11:00:00-03:00,0.124,0.056,0.089,4.258
2017-05-11 12:00:00-03:00,0.17300000000000001,0.07200000000000001,0.125,5.391
2017-05-11 13:00:00-03:00,0.248,0.124,0.152,6.43
2017-05-11 14:00:00-03:00,0.243,0.129,0.14300000000000002,7.081
2017-05-11 15:00:00-03:00,0.227,0.139,0.116,7.309
2017-05-11 16:00:00-03:00,0.158,0.107,0.075,7.042
2017-05-11 17:00:00-03:00,0.066,0.058,0.027,5.897
2017-05-11 18:00:00-03:00,0.0,0.0,0.0,4.352
2017-05-11 19:00:00-03:00,0.0,0.0,0.0,4.033
2017-05-11 20:00:00-03:00,0.0,0.0,0.0,4.12
2017-05-11 21:00:00-03:00,0.0,0.0,0.0,4.314
2017-05-11 22:00:00-03:00,0.0,0.0,0.0,4.342
2017-05-11 23:00:00-03:00,0.0,0.0,0.0,4.246
2017-05-12 00:00:00-03:00,0.0,0.0,0.0,4.096
2017-05-12 01:00:00-03:00,0.0,0.0,0.0,3.984
2017-05-12 02:00:00-03:00,0.0,0.0,0.0,3.699
2017-05-12 03:00:00-03:00,0.0,0.0,0.0,3.453
2017-05-12 04:00:00-03:00,0.0,0.0,0.0,3.239
2017-05-12 05:00:00-03:00,0.0,0.0,0.0,2.977
2017-05-12 06:00:00-03:00,0.0,0.0,0.0,2.8609999999999998
2017-05-12 07:00:00-03:00,0.0,0.0,0.0,2.616
2017-05-12 08:00:00-03:00,0.0,0.0,0.0,1.904
2017-05-12 09:00:00-03:00,0.006,0.01,0.006,1.891
2017-05-12 10:00:00-03:00,0.066,0.041,0.043000000000000003,3.394
2017-05-12 11:00:00-03:00,0.133,0.068,0.08600000000000001,4.421
2017-05-12 12:00:00-03:00,0.221,0.124,0.122,5.382
2017-05-12 13:00:00-03:00,0.51,0.461,0.111,6.47
2017-05-12 14:00:00-03:00,0.5680000000000001,0.554,0.092,7.257
2017-05-12 15:00:00-03:00,0.523,0.509,0.082,7.54
2017-05-12 16:00:00-03:00,0.401,0.382,0.065,7.247
2017-05-12 17:00:00-03:00,0.182,0.178,0.028,5.73
2017-05-12 18:00:00-03:00,0.0,0.001,0.0,3.417
2017-05-12 19:00:00-03:00,0.0,0.0,0.0,1.795
2017-05-12 20:00:00-03:00,0.0,0.0,0.0,1.161
2017-05-12 21:00:00-03:00,0.0,0.0,0.0,1.074
2017-05-12 22:00:00-03:00,0.0,0.0,0.0,1.295
2017-05-12 23:00:00-03:00,0.0,0.0,0.0,1.978
2017-05-13 00:00:00-03:00,0.0,0.0,0.0,2.204
2017-05-13 01:00:00-03:00,0.0,0.0,0.0,2.02
2017-05-13 02:00:00-03:00,0.0,0.0,0.0,1.775
2017-05-13 03:00:00-03:00,0.0,0.0,0.0,1.262
2017-05-13 04:00:00-03:00,0.0,0.0,0.0,0.974
2017-05-13 05:00:00-03:00,0.0,0.0,0.0,0.669
2017-05-13 06:00:00-03:00,0.0,0.0,0.0,0.662
2017-05-13 07:00:00-03:00,0.0,0.0,0.0,0.967
2017-05-13 08:00:00-03:00,0.0,0.0,0.0,1.282
2017-05-13 09:00:00-03:00,0.0,0.001,0.002,1.6760000000000002
2017-05-13 10:00:00-03:00,0.006,0.002,0.014,2.371
2017-05-13 11:00:00-03:00,0.022,0.003,0.032,3.3609999999999998
2017-05-13 12:00:00-03:00,0.066,0.01,0.074,4.603
2017-05-13 13:00:00-03:00,0.157,0.048,0.132,5.9510000000000005
2017-05-13 14:00:00-03:00,0.298,0.188,0.14300000000000002,7.169
2017-05-13 15:00:00-03:00,0.40900000000000003,0.352,0.106,8.129
2017-05-13 16:00:00-03:00,0.28600000000000003,0.246,0.074,7.997
2017-05-13 17:00:00-03:00,0.106,0.1,0.027,6.287
2017-05-13 18:00:00-03:00,0.0,0.003,0.0,4.436
2017-05-13 19:00:00-03:00,0.0,0.0,0.0,4.493
2017-05-13 20:00:00-03:00,0.0,0.0,0.0,4.458
2017-05-13 21:00:00-03:00,0.0,0.0,0.0,4.371
2017-05-13 22:00:00-03:00,0.0,0.0,0.0,4.176
2017-05-13 23:00:00-03:00,0.0,0.0,0.0,4.078
2017-05-14 00:00:00-03:00,0.0,0.0,0.0,4.095
2017-05-14 01:00:00-03:00,0.0,0.0,0.0,4.044
2017-05-14 02:00:00-03:00,0.0,0.0,0.0,3.873
2017-05-14 03:00:00-03:00,0.0,0.0,0.0,3.685
2017-05-14 04:00:00-03:00,0.0,0.0,0.0,3.644
2017-05-14 05:00:00-03:00,0.0,0.0,0.0,3.68
2017-05-14 06:00:00-03:00,0.0,0.0,0.0,3.267
2017-05-14 07:00:00-03:00,0.0,0.0,0.0,3.1390000000000002
2017-05-14 08:00:00-03:00,0.0,0.0,0.0,3.383
2017-05-14 09:00:00-03:00,0.007,0.012,0.005,3.099
2017-05-14 10:00:00-03:00,0.095,0.07100000000000001,0.044,4.444
2017-05-14 11:00:00-03:00,0.335,0.28700000000000003,0.083,5.83
2017-05-14 12:00:00-03:00,0.5670000000000001,0.5660000000000001,0.078,7.234
2017-05-14 13:00:00-03:00,0.641,0.674,0.069,8.272
2017-05-14 14:00:00-03:00,0.63,0.661,0.07,8.694
2017-05-14 15:00:00-03:00,0.586,0.607,0.067,8.724
2017-05-14 16:00:00-03:00,0.47600000000000003,0.481,0.055,8.043
2017-05-14 17:00:00-03:00,0.179,0.178,0.025,5.5600000000000005
2017-05-14 18:00:00-03:00,0.0,0.0,0.0,4.337
2017-05-14 19:00:00-03:00,0.0,0.0,0.0,4.651
2017-05-14 20:00:00-03:00,0.0,0.0,0.0,4.104
2017-05-14 21:00:00-03:00,0.0,0.0,0.0,3.658
2017-05-14 22:00:00-03:00,0.0,0.0,0.0,4.043
2017-05-14 23:00:00-03:00,0.0,0.0,0.0,4.117
2017-05-15 00:00:00-03:00,0.0,0.0,0.0,3.31
2017-05-15 01:00:00-03:00,0.0,0.0,0.0,2.604
2017-05-15 02:00:00-03:00,0.0,0.0,0.0,2.146
2017-05-15 03:00:00-03:00,0.0,0.0,0.0,1.649
2017-05-15 04:00:00-03:00,0.0,0.0,0.0,0.903
2017-05-15 05:00:00-03:00,0.0,0.0,0.0,0.107
2017-05-15 06:00:00-03:00,0.0,0.0,0.0,-0.309
2017-05-15 07:00:00-03:00,0.0,0.0,0.0,0.11900000000000001
2017-05-15 08:00:00-03:00,0.0,0.0,0.0,0.039
2017-05-15 09:00:00-03:00,0.0,0.001,0.002,0.034
2017-05-15 10:00:00-03:00,0.008,0.003,0.016,0.374
2017-05-15 11:00:00-03:00,0.085,0.028,0.076,1.359
2017-05-15 12:00:00-03:00,0.07100000000000001,0.013000000000000001,0.076,2.491
2017-05-15 13:00:00-03:00,0.161,0.052000000000000005,0.132,4.579
2017-05-15 14:00:00-03:00,0.23600000000000002,0.125,0.139,6.83
2017-05-15 15:00:00-03:00,0.28400000000000003,0.20400000000000001,0.111,6.115
2017-05-15 16:00:00-03:00,0.294,0.252,0.07200000000000001,4.891
2017-05-15 17:00:00-03:00,0.116,0.112,0.025,4.3
2017-05-15 18:00:00-03:00,0.0,0.0,0.0,3.481
2017-05-15 19:00:00-03:00,0.0,0.0,0.0,2.785
2017-05-15 20:00:00-03:00,0.0,0.0,0.0,2.027
2017-05-15 21:00:00-03:00,0.0,0.0,0.0,1.078
2017-05-15 22:00:00-03:00,0.0,0.0,0.0,0.68
2017-05-15 23:00:00-03:00,0.0,0.0,0.0,0.643
2017-05-16 00:00:00-03:00,0.0,0.0,0.0,0.607
2017-05-16 01:00:00-03:00,0.0,0.0,0.0,0.453
2017-05-16 02:00:00-03:00,0.0,0.0,0.0,0.159
2017-05-16 03:00:00-03:00,0.0,0.0,0.0,-0.324
2017-05-16 04:00:00-03:00,0.0,0.0,0.0,-0.739
2017-05-16 05:00:00-03:00,0.0,0.0,0.0,-0.779
2017-05-16 06:00:00-03:00,0.0,0.0,0.0,-0.754
2017-05-16 07:00:00-03:00,0.0,0.0,0.0,-0.68
2017-05-16 08:00:00-03:00,0.0,0.0,0.0,-0.454
2017-05-16 09:00:00-03:00,0.005,0.009000000000000001,0.004,-0.38
2017-05-16 10:00:00-03:00,0.34400000000000003,0.327,0.043000000000000003,0.47200000000000003
2017-05-16 11:00:00-03:00,0.581,0.588,0.056,1.975
2017-05-16 12:00:00-03:00,0.642,0.664,0.063,3.635
2017-05-16 13:00:00-03:00,0.66,0.6910000000000001,0.065,5.382
2017-05-16 14:00:00-03:00,0.621,0.638,0.07200000000000001,6.353
2017-05-16 15:00:00-03:00,0.516,0.502,0.077,6.419
2017-05-16 16:00:00-03:00,0.227,0.187,0.067,5.511
2017-05-16 17:00:00-03:00,0.008,0.008,0.01,4.161
2017-05-16 18:00:00-03:00,0.0,0.0,0.0,3.359
2017-05-16 19:00:00-03:00,0.0,0.0,0.0,3.358
2017-05-16 20:00:00-03:00,0.0,0.0,0.0,3.461
2017-05-16 21:00:00-03:00,0.0,0.0,0.0,3.5
2017-05-16 22:00:00-03:00,0.0,0.0,0.0,3.6189999999999998
2017-05-16 23:00:00-03:00,0.0,0.0,0.0,3.634
2017-05-17 00:00:00-03:00,0.0,0.0,0.0,3.725
2017-05-17 01:00:00-03:00,0.0,0.0,0.0,3.535
2017-05-17 02:00:00-03:00,0.0,0.0,0.0,3.196
2017-05-17 03:00:00-03:00,0.0,0.0,0.0,3.072
2017-05-17 04:00:00-03:00,0.0,0.0,0.0,2.875
2017-05-17 05:00:00-03:00,0.0,0.0,0.0,2.541
2017-05-17 06:00:00-03:00,0.0,0.0,0.0,2.202
2017-05-17 07:00:00-03:00,0.0,0.0,0.0,1.657
2017-05-17 08:00:00-03:00,0.0,0.0,0.0,1.3900000000000001
2017-05-17 09:00:00-03:00,0.002,0.005,0.004,1.138
2017-05-17 10:00:00-03:00,0.062,0.039,0.04,1.709
2017-05-17 11:00:00-03:00,0.08600000000000001,0.033,0.07200000000000001,2.354
2017-05-17 12:00:00-03:00,0.084,0.019,0.084,2.958
2017-05-17 13:00:00-03:00,0.112,0.026000000000000002,0.105,3.689
2017-05-17 14:00:00-03:00,0.2,0.096,0.128,4.638
2017-05-17 15:00:00-03:00,0.425,0.375,0.095,5.598
2017-05-17 16:00:00-03:00,0.44,0.428,0.059000000000000004,5.453
2017-05-17 17:00:00-03:00,0.2,0.201,0.021,2.906
2017-05-17 18:00:00-03:00,0.0,0.0,0.0,0.973
2017-05-17 19:00:00-03:00,0.0,0.0,0.0,0.343
2017-05-17 20:00:00-03:00,0.0,0.0,0.0,-0.10200000000000001
2017-05-17 21:00:00-03:00,0.0,0.0,0.0,-0.211
2017-05-17 22:00:00-03:00,0.0,0.0,0.0,-0.062
2017-05-17 23:00:00-03:00,0.0,0.0,0.0,0.453
2017-05-18 00:00:00-03:00,0.0,0.0,0.0,1.054
2017-05-18 01:00:00-03:00,0.0,0.0,0.0,1.235
2017-05-18 02:00:00-03:00,0.0,0.0,0.0,1.034
2017-05-18 03:00:00-03:00,0.0,0.0,0.0,0.8130000000000001
2017-05-18 04:00:00-03:00,0.0,0.0,0.0,0.853
2017-05-18 05:00:00-03:00,0.0,0.0,0.0,1.105
2017-05-18 06:00:00-03:00,0.0,0.0,0.0,1.314
2017-05-18 07:00:00-03:00,0.0,0.0,0.0,1.453
2017-05-18 08:00:00-03:00,0.0,0.0,0.0,1.4929999999999999
2017-05-18 09:00:00-03:00,0.001,0.004,0.003,1.432
2017-05-18 10:00:00-03:00,0.17,0.147,0.044,2.249
2017-05-18 11:00:00-03:00,0.48,0.463,0.066,3.701
2017-05-18 12:00:00-03:00,0.53,0.513,0.081,5.245
2017-05-18 13:00:00-03:00,0.519,0.49,0.094,6.7219999999999995
2017-05-18 14:00:00-03:00,0.452,0.403,0.10300000000000001,7.396
2017-05-18 15:00:00-03:00,0.313,0.252,0.096,7.382
2017-05-18 16:00:00-03:00,0.155,0.117,0.062,6.594
2017-05-18 17:00:00-03:00,0.041,0.042,0.016,4.834
2017-05-18 18:00:00-03:00,0.0,0.0,0.0,3.65
2017-05-18 19:00:00-03:00,0.0,0.0,0.0,3.34
2017-05-18 20:00:00-03:00,0.0,0.0,0.0,3.066
2017-05-18 21:00:00-03:00,0.0,0.0,0.0,2.85
2017-05-18 22:00:00-03:00,0.0,0.0,0.0,2.814
2017-05-18 23:00:00-03:00,0.0,0.0,0.0,2.86
2017-05-19 00:00:00-03:00,0.0,0.0,0.0,2.6189999999999998
2017-05-19 01:00:00-03:00,0.0,0.0,0.0,2.404
2017-05-19 02:00:00-03:00,0.0,0.0,0.0,2.303
2017-05-19 03:00:00-03:00,0.0,0.0,0.0,2.453
2017-05-19 04:00:00-03:00,0.0,0.0,0.0,2.682
2017-05-19 05:00:00-03:00,0.0,0.0,0.0,2.9130000000000003
2017-05-19 06:00:00-03:00,0.0,0.0,0.0,3.223
2017-05-19 07:00:00-03:00,0.0,0.0,0.0,3.471
2017-05-19 08:00:00-03:00,0.0,0.0,0.0,3.591
2017-05-19 09:00:00-03:00,0.0,0.001,0.002,4.194
2017-05-19 10:00:00-03:00,0.008,0.003,0.016,4.843
2017-05-19 11:00:00-03:00,0.041,0.008,0.05,5.609
2017-05-19 12:00:00-03:00,0.096,0.021,0.096,6.585
2017-05-19 13:00:00-03:00,0.125,0.028,0.12,7.59
2017-05-19 14:00:00-03:00,0.065,0.008,0.076,7.851
2017-05-19 15:00:00-03:00,0.026000000000000002,0.003,0.039,7.435
2017-05-19 16:00:00-03:00,0.011,0.002,0.021,7.011
2017-05-19 17:00:00-03:00,0.002,0.002,0.007,6.557
2017-05-19 18:00:00-03:00,0.0,0.0,0.0,6.038
2017-05-19 19:00:00-03:00,0.0,0.0,0.0,5.727
2017-05-19 20:00:00-03:00,0.0,0.0,0.0,5.355
2017-05-19 21:00:00-03:00,0.0,0.0,0.0,5.046
2017-05-19 22:00:00-03:00,0.0,0.0,0.0,4.776
2017-05-19 23:00:00-03:00,0.0,0.0,0.0,4.635
2017-05-20 00:00:00-03:00,0.0,0.0,0.0,4.571
2017-05-20 01:00:00-03:00,0.0,0.0,0.0,4.611
2017-05-20 02:00:00-03:00,0.0,0.0,0.0,4.758
2017-05-20 03:00:00-03:00,0.0,0.0,0.0,5.125
2017-05-20 04:00:00-03:00,0.0,0.0,0.0,5.687
2017-05-20 05:00:00-03:00,0.0,0.0,0.0,6.097
2017-05-20 06:00:00-03:00,0.0,0.0,0.0,6.313
2017-05-20 07:00:00-03:00,0.0,0.0,0.0,6.369
2017-05-20 08:00:00-03:00,0.0,0.0,0.0,6.429
2017-05-20 09:00:00-03:00,0.003,0.009000000000000001,0.003,5.804
2017-05-20 10:00:00-03:00,0.228,0.213,0.041,5.142
2017-05-20 11:00:00-03:00,0.47600000000000003,0.466,0.062,5.322
2017-05-20 12:00:00-03:00,0.5660000000000001,0.5680000000000001,0.07200000000000001,5.999
2017-05-20 13:00:00-03:00,0.497,0.466,0.092,6.657
2017-05-20 14:00:00-03:00,0.5700000000000001,0.5700000000000001,0.078,7.231
2017-05-20 15:00:00-03:00,0.41100000000000003,0.374,0.085,7.313
2017-05-20 16:00:00-03:00,0.113,0.079,0.056,6.334
2017-05-20 17:00:00-03:00,0.019,0.02,0.012,4.568
2017-05-20 18:00:00-03:00,0.0,0.0,0.0,3.821
2017-05-20 19:00:00-03:00,0.0,0.0,0.0,3.301
2017-05-20 20:00:00-03:00,0.0,0.0,0.0,2.684
2017-05-20 21:00:00-03:00,0.0,0.0,0.0,2.121
2017-05-20 22:00:00-03:00,0.0,0.0,0.0,2.077
2017-05-20 23:00:00-03:00,0.0,0.0,0.0,2.5
2017-05-21 00:00:00-03:00,0.0,0.0,0.0,2.956
2017-05-21 01:00:00-03:00,0.0,0.0,0.0,2.493
2017-05-21 02:00:00-03:00,0.0,0.0,0.0,1.717
2017-05-21 03:00:00-03:00,0.0,0.0,0.0,1.151
2017-05-21 04:00:00-03:00,0.0,0.0,0.0,0.8130000000000001
2017-05-21 05:00:00-03:00,0.0,0.0,0.0,0.685
2017-05-21 06:00:00-03:00,0.0,0.0,0.0,0.543
2017-05-21 07:00:00-03:00,0.0,0.0,0.0,0.28500000000000003
2017-05-21 08:00:00-03:00,0.0,0.0,0.0,0.183
2017-05-21 09:00:00-03:00,0.0,0.001,0.001,0.319
2017-05-21 10:00:00-03:00,0.015,0.007,0.021,0.649
2017-05-21 11:00:00-03:00,0.06,0.019,0.058,1.097
2017-05-21 12:00:00-03:00,0.17200000000000001,0.08,0.112,1.834
2017-05-21 13:00:00-03:00,0.352,0.252,0.131,2.563
2017-05-21 14:00:00-03:00,0.327,0.232,0.124,2.817
2017-05-21 15:00:00-03:00,0.248,0.171,0.101,2.63
2017-05-21 16:00:00-03:00,0.158,0.116,0.062,1.944
2017-05-21 17:00:00-03:00,0.033,0.034,0.014,-0.025
2017-05-21 18:00:00-03:00,0.0,0.0,0.0,-1.153
2017-05-21 19:00:00-03:00,0.0,0.0,0.0,-1.33
2017-05-21 20:00:00-03:00,0.0,0.0,0.0,-1.526
2017-05-21 21:00:00-03:00,0.0,0.0,0.0,-1.806
2017-05-21 22:00:00-03:00,0.0,0.0,0.0,-1.8439999999999999
2017-05-21 23:00:00-03:00,0.0,0.0,0.0,-1.774
2017-05-22 00:00:00-03:00,0.0,0.0,0.0,-1.74
2017-05-22 01:00:00-03:00,0.0,0.0,0.0,-1.8820000000000001
2017-05-22 02:00:00-03:00,0.0,0.0,0.0,-1.871
2017-05-22 03:00:00-03:00,0.0,0.0,0.0,-1.988
2017-05-22 04:00:00-03:00,0.0,0.0,0.0,-2.055
2017-05-22 05:00:00-03:00,0.0,0.0,0.0,-1.9689999999999999
2017-05-22 06:00:00-03:00,0.0,0.0,0.0,-1.842
2017-05-22 07:00:00-03:00,0.0,0.0,0.0,-1.651
2017-05-22 08:00:00-03:00,0.0,0.0,0.0,-1.465
2017-05-22 09:00:00-03:00,0.0,0.003,0.002,-1.256
2017-05-22 10:00:00-03:00,0.054,0.037,0.034,-0.647
2017-05-22 11:00:00-03:00,0.14,0.081,0.078,0.315
2017-05-22 12:00:00-03:00,0.269,0.178,0.115,1.294
2017-05-22 13:00:00-03:00,0.304,0.201,0.128,1.912
2017-05-22 14:00:00-03:00,0.31,0.215,0.122,2.218
2017-05-22 15:00:00-03:00,0.23700000000000002,0.162,0.098,2.184
2017-05-22 16:00:00-03:00,0.13,0.091,0.059000000000000004,1.7570000000000001
2017-05-22 17:00:00-03:00,0.025,0.027,0.013000000000000001,0.868
2017-05-22 18:00:00-03:00,0.0,0.0,0.0,0.097
2017-05-22 19:00:00-03:00,0.0,0.0,0.0,-0.304
2017-05-22 20:00:00-03:00,0.0,0.0,0.0,-0.447
2017-05-22 21:00:00-03:00,0.0,0.0,0.0,-0.601
2017-05-22 22:00:00-03:00,0.0,0.0,0.0,-0.608
2017-05-22 23:00:00-03:00,0.0,0.0,0.0,-0.672
2017-05-23 00:00:00-03:00,0.0,0.0,0.0,-0.705
2017-05-23 01:00:00-03:00,0.0,0.0,0.0,-0.752
2017-05-23 02:00:00-03:00,0.0,0.0,0.0,-0.728
2017-05-23 03:00:00-03:00,0.0,0.0,0.0,-0.243
2017-05-23 04:00:00-03:00,0.0,0.0,0.0,0.41400000000000003
2017-05-23 05:00:00-03:00,0.0,0.0,0.0,1.037
2017-05-23 06:00:00-03:00,0.0,0.0,0.0,1.396
2017-05-23 07:00:00-03:00,0.0,0.0,0.0,1.554
2017-05-23 08:00:00-03:00,0.0,0.0,0.0,1.796
2017-05-23 09:00:00-03:00,0.0,0.001,0.001,2.524
2017-05-23 10:00:00-03:00,0.03,0.017,0.028,3.237
2017-05-23 11:00:00-03:00,0.125,0.067,0.078,3.9699999999999998
2017-05-23 12:00:00-03:00,0.199,0.106,0.117,4.665
2017-05-23 13:00:00-03:00,0.16,0.061,0.121,5.342
2017-05-23 14:00:00-03:00,0.163,0.067,0.11900000000000001,5.881
2017-05-23 15:00:00-03:00,0.115,0.048,0.088,6.006
2017-05-23 16:00:00-03:00,0.064,0.034,0.049,5.648
2017-05-23 17:00:00-03:00,0.015,0.016,0.011,4.866
2017-05-23 18:00:00-03:00,0.0,0.0,0.0,4.148
2017-05-23 19:00:00-03:00,0.0,0.0,0.0,3.817
2017-05-23 20:00:00-03:00,0.0,0.0,0.0,3.7119999999999997
2017-05-23 21:00:00-03:00,0.0,0.0,0.0,3.626
2017-05-23 22:00:00-03:00,0.0,0.0,0.0,3.4939999999999998
2017-05-23 23:00:00-03:00,0.0,0.0,0.0,3.359
2017-05-24 00:00:00-03:00,0.0,0.0,0.0,3.198
2017-05-24 01:00:00-03:00,0.0,0.0,0.0,2.997
2017-05-24 02:00:00-03:00,0.0,0.0,0.0,2.763
2017-05-24 03:00:00-03:00,0.0,0.0,0.0,2.644
2017-05-24 04:00:00-03:00,0.0,0.0,0.0,2.396
2017-05-24 05:00:00-03:00,0.0,0.0,0.0,2.357
2017-05-24 06:00:00-03:00,0.0,0.0,0.0,2.576
2017-05-24 07:00:00-03:00,0.0,0.0,0.0,2.731
2017-05-24 08:00:00-03:00,0.0,0.0,0.0,2.807
2017-05-24 09:00:00-03:00,0.0,0.002,0.002,2.927
2017-05-24 10:00:00-03:00,0.047,0.032,0.032,3.662
2017-05-24 11:00:00-03:00,0.133,0.075,0.079,4.633
2017-05-24 12:00:00-03:00,0.139,0.057,0.105,5.337
2017-05-24 13:00:00-03:00,0.139,0.046,0.115,5.689
2017-05-24 14:00:00-03:00,0.127,0.042,0.107,5.776
2017-05-24 15:00:00-03:00,0.10400000000000001,0.04,0.084,5.697
2017-05-24 16:00:00-03:00,0.058,0.029,0.047,5.377
2017-05-24 17:00:00-03:00,0.007,0.008,0.009000000000000001,4.835
2017-05-24 18:00:00-03:00,0.0,0.0,0.0,4.269
2017-05-24 19:00:00-03:00,0.0,0.0,0.0,3.725
2017-05-24 20:00:00-03:00,0.0,0.0,0.0,3.285
2017-05-24 21:00:00-03:00,0.0,0.0,0.0,2.878
2017-05-24 22:00:00-03:00,0.0,0.0,0.0,2.455
2017-05-24 23:00:00-03:00,0.0,0.0,0.0,2.152
2017-05-25 00:00:00-03:00,0.0,0.0,0.0,2.063
2017-05-25 01:00:00-03:00,0.0,0.0,0.0,1.884
2017-05-25 02:00:00-03:00,0.0,0.0,0.0,1.724
2017-05-25 03:00:00-03:00,0.0,0.0,0.0,1.677
2017-05-25 04:00:00-03:00,0.0,0.0,0.0,1.581
2017-05-25 05:00:00-03:00,0.0,0.0,0.0,1.452
2017-05-25 06:00:00-03:00,0.0,0.0,0.0,1.218
2017-05-25 07:00:00-03:00,0.0,0.0,0.0,0.9570000000000001
2017-05-25 08:00:00-03:00,0.0,0.0,0.0,0.724
2017-05-25 09:00:00-03:00,0.0,0.001,0.001,0.459
2017-05-25 10:00:00-03:00,0.053,0.037,0.032,0.504
2017-05-25 11:00:00-03:00,0.127,0.07100000000000001,0.074,0.976
2017-05-25 12:00:00-03:00,0.23600000000000002,0.145,0.113,1.6680000000000001
2017-05-25 13:00:00-03:00,0.25,0.145,0.129,2.234
2017-05-25 14:00:00-03:00,0.20400000000000001,0.106,0.12,2.463
2017-05-25 15:00:00-03:00,0.13,0.062,0.088,2.282
2017-05-25 16:00:00-03:00,0.073,0.042,0.049,1.799
2017-05-25 17:00:00-03:00,0.02,0.022,0.011,1.097
2017-05-25 18:00:00-03:00,0.0,0.0,0.0,0.495
2017-05-25 19:00:00-03:00,0.0,0.0,0.0,0.176
2017-05-25 20:00:00-03:00,0.0,0.0,0.0,-0.113
2017-05-25 21:00:00-03:00,0.0,0.0,0.0,-0.458
2017-05-25 22:00:00-03:00,0.0,0.0,0.0,-0.858
2017-05-25 23:00:00-03:00,0.0,0.0,0.0,-1.266
2017-05-26 00:00:00-03:00,0.0,0.0,0.0,-1.51
2017-05-26 01:00:00-03:00,0.0,0.0,0.0,-1.712
2017-05-26 02:00:00-03:00,0.0,0.0,0.0,-1.811
2017-05-26 03:00:00-03:00,0.0,0.0,0.0,-1.827
2017-05-26 04:00:00-03:00,0.0,0.0,0.0,-1.806
2017-05-26 05:00:00-03:00,0.0,0.0,0.0,-1.827
2017-05-26 06:00:00-03:00,0.0,0.0,0.0,-1.512
2017-05-26 07:00:00-03:00,0.0,0.0,0.0,-1.35
2017-05-26 08:00:00-03:00,0.0,0.0,0.0,-1.001
2017-05-26 09:00:00-03:00,0.0,0.001,0.001,-0.497
2017-05-26 10:00:00-03:00,0.012,0.006,0.018000000000000002,0.123
2017-05-26 11:00:00-03:00,0.052000000000000005,0.015,0.053,1.011
2017-05-26 12:00:00-03:00,0.168,0.076,0.112,2.104
2017-05-26 13:00:00-03:00,0.215,0.105,0.133,3.155
2017-05-26 14:00:00-03:00,0.131,0.042,0.109,3.525
2017-05-26 15:00:00-03:00,0.05,0.01,0.057,3.347
2017-05-26 16:00:00-03:00,0.019,0.005,0.027,3.096
2017-05-26 17:00:00-03:00,0.0,0.001,0.004,2.831
2017-05-26 18:00:00-03:00,0.0,0.0,0.0,2.865
2017-05-26 19:00:00-03:00,0.0,0.0,0.0,2.965
2017-05-26 20:00:00-03:00,0.0,0.0,0.0,3.065
2017-05-26 21:00:00-03:00,0.0,0.0,0.0,2.983
2017-05-26 22:00:00-03:00,0.0,0.0,0.0,2.976
2017-05-26 23:00:00-03:00,0.0,0.0,0.0,2.92
2017-05-27 00:00:00-03:00,0.0,0.0,0.0,3.029
2017-05-27 01:00:00-03:00,0.0,0.0,0.0,3.279
2017-05-27 02:00:00-03:00,0.0,0.0,0.0,3.38
2017-05-27 03:00:00-03:00,0.0,0.0,0.0,3.396
2017-05-27 04:00:00-03:00,0.0,0.0,0.0,3.3810000000000002
2017-05-27 05:00:00-03:00,0.0,0.0,0.0,3.394
2017-05-27 06:00:00-03:00,0.0,0.0,0.0,3.5540000000000003
2017-05-27 07:00:00-03:00,0.0,0.0,0.0,3.773
2017-05-27 08:00:00-03:00,0.0,0.0,0.0,3.969
2017-05-27 09:00:00-03:00,0.0,0.0,0.0,4.104
2017-05-27 10:00:00-03:00,0.005,0.002,0.013000000000000001,4.534
2017-05-27 11:00:00-03:00,0.017,0.002,0.027,5.092
2017-05-27 12:00:00-03:00,0.027,0.002,0.039,5.568
2017-05-27 13:00:00-03:00,0.033,0.002,0.046,6.007
2017-05-27 14:00:00-03:00,0.036000000000000004,0.003,0.049,6.494
2017-05-27 15:00:00-03:00,0.027,0.003,0.039,6.7940000000000005
2017-05-27 16:00:00-03:00,0.013000000000000001,0.003,0.022,6.817
2017-05-27 17:00:00-03:00,0.0,0.001,0.004,6.584
2017-05-27 18:00:00-03:00,0.0,0.0,0.0,6.241
2017-05-27 19:00:00-03:00,0.0,0.0,0.0,5.831
2017-05-27 20:00:00-03:00,0.0,0.0,0.0,5.449
2017-05-27 21:00:00-03:00,0.0,0.0,0.0,5.201
2017-05-27 22:00:00-03:00,0.0,0.0,0.0,5.013
2017-05-27 23:00:00-03:00,0.0,0.0,0.0,4.714
2017-05-28 00:00:00-03:00,0.0,0.0,0.0,4.304
2017-05-28 01:00:00-03:00,0.0,0.0,0.0,3.927
2017-05-28 02:00:00-03:00,0.0,0.0,0.0,3.559
2017-05-28 03:00:00-03:00,0.0,0.0,0.0,3.179
2017-05-28 04:00:00-03:00,0.0,0.0,0.0,2.733
2017-05-28 05:00:00-03:00,0.0,0.0,0.0,2.299
2017-05-28 06:00:00-03:00,0.0,0.0,0.0,2.247
2017-05-28 07:00:00-03:00,0.0,0.0,0.0,2.37
2017-05-28 08:00:00-03:00,0.0,0.0,0.0,2.3689999999999998
2017-05-28 09:00:00-03:00,0.0,0.001,0.001,2.278
2017-05-28 10:00:00-03:00,0.066,0.054,0.03,2.701
2017-05-28 11:00:00-03:00,0.227,0.179,0.073,3.771
2017-05-28 12:00:00-03:00,0.362,0.305,0.094,4.936
2017-05-28 13:00:00-03:00,0.483,0.449,0.09,5.8870000000000005
2017-05-28 14:00:00-03:00,0.501,0.47900000000000004,0.082,6.383
2017-05-28 15:00:00-03:00,0.434,0.40900000000000003,0.074,6.372
2017-05-28 16:00:00-03:00,0.23700000000000002,0.211,0.052000000000000005,5.371
2017-05-28 17:00:00-03:00,0.036000000000000004,0.042,0.01,2.968
2017-05-28 18:00:00-03:00,0.0,0.0,0.0,1.779
2017-05-28 19:00:00-03:00,0.0,0.0,0.0,1.647
2017-05-28 20:00:00-03:00,0.0,0.0,0.0,1.443
2017-05-28 21:00:00-03:00,0.0,0.0,0.0,1.188
2017-05-28 22:00:00-03:00,0.0,0.0,0.0,0.836
2017-05-28 23:00:00-03:00,0.0,0.0,0.0,0.338
2017-05-29 00:00:00-03:00,0.0,0.0,0.0,-0.167
2017-05-29 01:00:00-03:00,0.0,0.0,0.0,-0.535
2017-05-29 02:00:00-03:00,0.0,0.0,0.0,-1.1280000000000001
2017-05-29 03:00:00-03:00,0.0,0.0,0.0,-1.581
2017-05-29 04:00:00-03:00,0.0,0.0,0.0,-2.026
2017-05-29 05:00:00-03:00,0.0,0.0,0.0,-2.169
2017-05-29 06:00:00-03:00,0.0,0.0,0.0,-1.917
2017-05-29 07:00:00-03:00,0.0,0.0,0.0,-1.5390000000000001
2017-05-29 08:00:00-03:00,0.0,0.0,0.0,-1.197
2017-05-29 09:00:00-03:00,0.0,0.0,0.001,-0.9510000000000001
2017-05-29 10:00:00-03:00,0.021,0.011,0.023,-0.388
2017-05-29 11:00:00-03:00,0.022,0.004,0.032,0.226
2017-05-29 12:00:00-03:00,0.052000000000000005,0.007,0.062,0.962
2017-05-29 13:00:00-03:00,0.05,0.005,0.062,1.377
2017-05-29 14:00:00-03:00,0.047,0.005,0.058,1.6400000000000001
2017-05-29 15:00:00-03:00,0.044,0.007,0.053,1.8439999999999999
2017-05-29 16:00:00-03:00,0.013000000000000001,0.003,0.021,1.442
2017-05-29 17:00:00-03:00,0.005,0.006,0.008,0.864
2017-05-29 18:00:00-03:00,0.0,0.0,0.0,0.40800000000000003
2017-05-29 19:00:00-03:00,0.0,0.0,0.0,1.8359999999999999
2017-05-29 20:00:00-03:00,0.0,0.0,0.0,2.6470000000000002
2017-05-29 21:00:00-03:00,0.0,0.0,0.0,3.127
2017-05-29 22:00:00-03:00,0.0,0.0,0.0,3.357
2017-05-29 23:00:00-03:00,0.0,0.0,0.0,3.399
2017-05-30 00:00:00-03:00,0.0,0.0,0.0,3.623
2017-05-30 01:00:00-03:00,0.0,0.0,0.0,3.556
2017-05-30 02:00:00-03:00,0.0,0.0,0.0,3.45
2017-05-30 03:00:00-03:00,0.0,0.0,0.0,3.193
2017-05-30 04:00:00-03:00,0.0,0.0,0.0,3.014
2017-05-30 05:00:00-03:00,0.0,0.0,0.0,2.457
2017-05-30 06:00:00-03:00,0.0,0.0,0.0,1.6880000000000002
2017-05-30 07:00:00-03:00,0.0,0.0,0.0,1.142
2017-05-30 08:00:00-03:00,0.0,0.0,0.0,0.8310000000000001
2017-05-30 09:00:00-03:00,0.0,0.001,0.001,0.424
2017-05-30 10:00:00-03:00,0.039,0.028,0.026000000000000002,1.2690000000000001
2017-05-30 11:00:00-03:00,0.051000000000000004,0.018000000000000002,0.05,2.6390000000000002
2017-05-30 12:00:00-03:00,0.105,0.036000000000000004,0.088,3.566
2017-05-30 13:00:00-03:00,0.137,0.05,0.108,4.224
2017-05-30 14:00:00-03:00,0.182,0.093,0.112,4.816
2017-05-30 15:00:00-03:00,0.246,0.182,0.09,5.09
2017-05-30 16:00:00-03:00,0.275,0.249,0.053,3.847
2017-05-30 17:00:00-03:00,0.058,0.065,0.01,1.121
2017-05-30 18:00:00-03:00,0.0,0.0,0.0,-0.116
2017-05-30 19:00:00-03:00,0.0,0.0,0.0,-0.528
2017-05-30 20:00:00-03:00,0.0,0.0,0.0,-0.632
2017-05-30 21:00:00-03:00,0.0,0.0,0.0,-0.355
2017-05-30 22:00:00-03:00,0.0,0.0,0.0,0.14
2017-05-30 23:00:00-03:00,0.0,0.0,0.0,0.453
2017-05-31 00:00:00-03:00,0.0,0.0,0.0,0.322
2017-05-31 01:00:00-03:00,0.0,0.0,0.0,0.197
2017-05-31 02:00:00-03:00,0.0,0.0,0.0,0.082
2017-05-31 03:00:00-03:00,0.0,0.0,0.0,-0.12
2017-05-31 04:00:00-03:00,0.0,0.0,0.0,-0.433
2017-05-31 05:00:00-03:00,0.0,0.0,0.0,-0.727
2017-05-31 06:00:00-03:00,0.0,0.0,0.0,-1.075
2017-05-31 07:00:00-03:00,0.0,0.0,0.0,-1.177
2017-05-31 08:00:00-03:00,0.0,0.0,0.0,-1.129
2017-05-31 09:00:00-03:00,0.0,0.0,0.0,-1.191
2017-05-31 10:00:00-03:00,0.021,0.013000000000000001,0.021,-0.885
2017-05-31 11:00:00-03:00,0.066,0.026000000000000002,0.057,-0.041
2017-05-31 12:00:00-03:00,0.109,0.037,0.09,1.013
2017-05-31 13:00:00-03:00,0.145,0.053,0.112,1.9540000000000002
2017-05-31 14:00:00-03:00,0.16,0.07,0.111,2.5869999999999997
2017-05-31 15:00:00-03:00,0.128,0.063,0.085,2.887
2017-05-31 16:00:00-03:00,0.066,0.039,0.045,2.42
2017-05-31 17:00:00-03:00,0.008,0.011,0.007,1.037
2017-05-31 18:00:00-03:00,0.0,0.0,0.0,0.379
2017-05-31 19:00:00-03:00,0.0,0.0,0.0,0.461
2017-05-31 20:00:00-03:00,0.0,0.0,0.0,0.5650000000000001
2017-05-31 21:00:00-03:00,0.0,0.0,0.0,0.453
2017-05-31 22:00:00-03:00,0.0,0.0,0.0,0.34500000000000003
2017-05-31 23:00:00-03:00,0.0,0.0,0.0,-0.003
2017-06-01 00:00:00-03:00,0.0,0.0,0.0,-0.272
2017-06-01 01:00:00-03:00,0.0,0.0,0.0,-0.46900000000000003
2017-06-01 02:00:00-03:00,0.0,0.0,0.0,-0.721
2017-06-01 03:00:00-03:00,0.0,0.0,0.0,-0.8
2017-06-01 04:00:00-03:00,0.0,0.0,0.0,-0.8190000000000001
2017-06-01 05:00:00-03:00,0.0,0.0,0.0,-0.933
2017-06-01 06:00:00-03:00,0.0,0.0,0.0,-1.087
2017-06-01 07:00:00-03:00,0.0,0.0,0.0,-1.126
2017-06-01 08:00:00-03:00,0.0,0.0,0.0,-0.9420000000000001
2017-06-01 09:00:00-03:00,0.0,0.001,0.001,-0.586
2017-06-01 10:00:00-03:00,0.059000000000000004,0.049,0.027,0.5720000000000001
2017-06-01 11:00:00-03:00,0.135,0.08700000000000001,0.068,2.115
2017-06-01 12:00:00-03:00,0.199,0.12,0.101,3.094
2017-06-01 13:00:00-03:00,0.241,0.149,0.117,3.805
2017-06-01 14:00:00-03:00,0.246,0.161,0.11,4.26
2017-06-01 15:00:00-03:00,0.26,0.2,0.08600000000000001,4.227
2017-06-01 16:00:00-03:00,0.241,0.215,0.051000000000000004,3.321
2017-06-01 17:00:00-03:00,0.035,0.042,0.009000000000000001,1.34
2017-06-01 18:00:00-03:00,0.0,0.0,0.0,1.1440000000000001
2017-06-01 19:00:00-03:00,0.0,0.0,0.0,1.059
2017-06-01 20:00:00-03:00,0.0,0.0,0.0,1.026
2017-06-01 21:00:00-03:00,0.0,0.0,0.0,0.8290000000000001
2017-06-01 22:00:00-03:00,0.0,0.0,0.0,0.6880000000000001
2017-06-01 23:00:00-03:00,0.0,0.0,0.0,0.519
2017-06-02 00:00:00-03:00,0.0,0.0,0.0,0.324
2017-06-02 01:00:00-03:00,0.0,0.0,0.0,-0.10300000000000001
2017-06-02 02:00:00-03:00,0.0,0.0,0.0,-0.71
2017-06-02 03:00:00-03:00,0.0,0.0,0.0,-0.839
2017-06-02 04:00:00-03:00,0.0,0.0,0.0,-0.181
2017-06-02 05:00:00-03:00,0.0,0.0,0.0,-0.028
2017-06-02 06:00:00-03:00,0.0,0.0,0.0,-0.003
2017-06-02 07:00:00-03:00,0.0,0.0,0.0,0.387
2017-06-02 08:00:00-03:00,0.0,0.0,0.0,0.93
2017-06-02 09:00:00-03:00,0.0,0.001,0.0,0.802
2017-06-02 10:00:00-03:00,0.156,0.145,0.03,0.6940000000000001
2017-06-02 11:00:00-03:00,0.32,0.28300000000000003,0.064,1.7970000000000002
2017-06-02 12:00:00-03:00,0.419,0.374,0.083,2.7720000000000002
2017-06-02 13:00:00-03:00,0.515,0.49,0.081,3.719
2017-06-02 14:00:00-03:00,0.44,0.395,0.09,4.213
2017-06-02 15:00:00-03:00,0.215,0.154,0.084,3.7720000000000002
2017-06-02 16:00:00-03:00,0.078,0.053,0.043000000000000003,2.116
2017-06-02 17:00:00-03:00,0.007,0.01,0.006,0.482
2017-06-02 18:00:00-03:00,0.0,0.0,0.0,-0.092
2017-06-02 19:00:00-03:00,0.0,0.0,0.0,-0.199
2017-06-02 20:00:00-03:00,0.0,0.0,0.0,0.024
2017-06-02 21:00:00-03:00,0.0,0.0,0.0,-0.364
2017-06-02 22:00:00-03:00,0.0,0.0,0.0,-0.667
2017-06-02 23:00:00-03:00,0.0,0.0,0.0,-0.739
2017-06-03 00:00:00-03:00,0.0,0.0,0.0,-0.863
2017-06-03 01:00:00-03:00,0.0,0.0,0.0,-1.143
2017-06-03 02:00:00-03:00,0.0,0.0,0.0,-1.477
2017-06-03 03:00:00-03:00,0.0,0.0,0.0,-1.587
2017-06-03 04:00:00-03:00,0.0,0.0,0.0,-1.513
2017-06-03 05:00:00-03:00,0.0,0.0,0.0,-1.5390000000000001
2017-06-03 06:00:00-03:00,0.0,0.0,0.0,-1.6400000000000001
2017-06-03 07:00:00-03:00,0.0,0.0,0.0,-1.863
2017-06-03 08:00:00-03:00,0.0,0.0,0.0,-1.9260000000000002
2017-06-03 09:00:00-03:00,0.0,0.0,0.0,-1.8860000000000001
2017-06-03 10:00:00-03:00,0.032,0.024,0.022,-1.1280000000000001
2017-06-03 11:00:00-03:00,0.108,0.061,0.065,0.275
2017-06-03 12:00:00-03:00,0.192,0.112,0.1,1.287
2017-06-03 13:00:00-03:00,0.255,0.161,0.11800000000000001,2.08
2017-06-03 14:00:00-03:00,0.196,0.11,0.108,2.293
2017-06-03 15:00:00-03:00,0.24,0.176,0.08700000000000001,2.133
2017-06-03 16:00:00-03:00,0.167,0.136,0.05,0.932
2017-06-03 17:00:00-03:00,0.016,0.021,0.007,-1.241
2017-06-03 18:00:00-03:00,0.0,0.0,0.0,-1.721
2017-06-03 19:00:00-03:00,0.0,0.0,0.0,-1.599
2017-06-03 20:00:00-03:00,0.0,0.0,0.0,-1.3719999999999999
2017-06-03 21:00:00-03:00,0.0,0.0,0.0,-1.125
2017-06-03 22:00:00-03:00,0.0,0.0,0.0,-0.877
2017-06-03 23:00:00-03:00,0.0,0.0,0.0,-0.605
2017-06-04 00:00:00-03:00,0.0,0.0,0.0,-0.438
2017-06-04 01:00:00-03:00,0.0,0.0,0.0,-0.483
2017-06-04 02:00:00-03:00,0.0,0.0,0.0,-0.552
2017-06-04 03:00:00-03:00,0.0,0.0,0.0,-0.64
2017-06-04 04:00:00-03:00,0.0,0.0,0.0,-0.577
2017-06-04 05:00:00-03:00,0.0,0.0,0.0,-0.433
2017-06-04 06:00:00-03:00,0.0,0.0,0.0,-0.379
2017-06-04 07:00:00-03:00,0.0,0.0,0.0,-0.388
2017-06-04 08:00:00-03:00,0.0,0.0,0.0,-0.433
2017-06-04 09:00:00-03:00,0.0,0.0,0.0,-0.453
2017-06-04 10:00:00-03:00,0.013000000000000001,0.008,0.016,-0.231
2017-06-04 11:00:00-03:00,0.049,0.016,0.049,0.311
2017-06-04 12:00:00-03:00,0.117,0.045,0.091,1.073
2017-06-04 13:00:00-03:00,0.224,0.122,0.124,1.948
2017-06-04 14:00:00-03:00,0.145,0.059000000000000004,0.106,2.27
2017-06-04 15:00:00-03:00,0.081,0.029,0.07,2.241
2017-06-04 16:00:00-03:00,0.033,0.015,0.034,2.065
2017-06-04 17:00:00-03:00,0.0,0.002,0.004,1.7650000000000001
2017-06-04 18:00:00-03:00,0.0,0.0,0.0,1.609
2017-06-04 19:00:00-03:00,0.0,0.0,0.0,1.401
2017-06-04 20:00:00-03:00,0.0,0.0,0.0,1.309
2017-06-04 21:00:00-03:00,0.0,0.0,0.0,1.505
2017-06-04 22:00:00-03:00,0.0,0.0,0.0,1.897
2017-06-04 23:00:00-03:00,0.0,0.0,0.0,2.316
2017-06-05 00:00:00-03:00,0.0,0.0,0.0,2.682
2017-06-05 01:00:00-03:00,0.0,0.0,0.0,2.8529999999999998
2017-06-05 02:00:00-03:00,0.0,0.0,0.0,2.892
2017-06-05 03:00:00-03:00,0.0,0.0,0.0,2.951
2017-06-05 04:00:00-03:00,0.0,0.0,0.0,2.975
2017-06-05 05:00:00-03:00,0.0,0.0,0.0,2.98
2017-06-05 06:00:00-03:00,0.0,0.0,0.0,3.051
2017-06-05 07:00:00-03:00,0.0,0.0,0.0,3.147
2017-06-05 08:00:00-03:00,0.0,0.0,0.0,3.077
2017-06-05 09:00:00-03:00,0.0,0.0,0.0,3.07
2017-06-05 10:00:00-03:00,0.038,0.03,0.024,3.189
2017-06-05 11:00:00-03:00,0.12,0.07200000000000001,0.068,3.901
2017-06-05 12:00:00-03:00,0.17400000000000002,0.095,0.10200000000000001,4.773
2017-06-05 13:00:00-03:00,0.184,0.09,0.11800000000000001,5.506
2017-06-05 14:00:00-03:00,0.11800000000000001,0.041,0.098,5.891
2017-06-05 15:00:00-03:00,0.06,0.017,0.061,5.844
2017-06-05 16:00:00-03:00,0.016,0.006,0.023,5.503
2017-06-05 17:00:00-03:00,0.0,0.001,0.002,5.249
2017-06-05 18:00:00-03:00,0.0,0.0,0.0,5.087
2017-06-05 19:00:00-03:00,0.0,0.0,0.0,4.813
2017-06-05 20:00:00-03:00,0.0,0.0,0.0,4.417
2017-06-05 21:00:00-03:00,0.0,0.0,0.0,4.2780000000000005
2017-06-05 22:00:00-03:00,0.0,0.0,0.0,4.019
2017-06-05 23:00:00-03:00,0.0,0.0,0.0,3.947
2017-06-06 00:00:00-03:00,0.0,0.0,0.0,4.096
2017-06-06 01:00:00-03:00,0.0,0.0,0.0,4.193
2017-06-06 02:00:00-03:00,0.0,0.0,0.0,4.427
2017-06-06 03:00:00-03:00,0.0,0.0,0.0,4.723
2017-06-06 04:00:00-03:00,0.0,0.0,0.0,4.752
2017-06-06 05:00:00-03:00,0.0,0.0,0.0,4.873
2017-06-06 06:00:00-03:00,0.0,0.0,0.0,4.894
2017-06-06 07:00:00-03:00,0.0,0.0,0.0,4.862
2017-06-06 08:00:00-03:00,0.0,0.0,0.0,4.758
2017-06-06 09:00:00-03:00,0.0,0.0,0.0,4.639
2017-06-06 10:00:00-03:00,0.01,0.006,0.014,4.868
2017-06-06 11:00:00-03:00,0.057,0.022,0.053,5.532
2017-06-06 12:00:00-03:00,0.112,0.043000000000000003,0.09,6.134
2017-06-06 13:00:00-03:00,0.14400000000000002,0.058,0.109,6.28
2017-06-06 14:00:00-03:00,0.159,0.074,0.109,6.18
2017-06-06 15:00:00-03:00,0.098,0.043000000000000003,0.076,5.954
2017-06-06 16:00:00-03:00,0.04,0.021,0.036000000000000004,5.522
2017-06-06 17:00:00-03:00,0.001,0.004,0.004,4.8469999999999995
2017-06-06 18:00:00-03:00,0.0,0.0,0.0,4.266
2017-06-06 19:00:00-03:00,0.0,0.0,0.0,3.783
2017-06-06 20:00:00-03:00,0.0,0.0,0.0,3.427
2017-06-06 21:00:00-03:00,0.0,0.0,0.0,3.2
2017-06-06 22:00:00-03:00,0.0,0.0,0.0,2.931
2017-06-06 23:00:00-03:00,0.0,0.0,0.0,2.681
2017-06-07 00:00:00-03:00,0.0,0.0,0.0,2.408
2017-06-07 01:00:00-03:00,0.0,0.0,0.0,1.983
2017-06-07 02:00:00-03:00,0.0,0.0,0.0,1.585
2017-06-07 03:00:00-03:00,0.0,0.0,0.0,1.4140000000000001
2017-06-07 04:00:00-03:00,0.0,0.0,0.0,1.728
2017-06-07 05:00:00-03:00,0.0,0.0,0.0,1.979
2017-06-07 06:00:00-03:00,0.0,0.0,0.0,2.075
2017-06-07 07:00:00-03:00,0.0,0.0,0.0,1.951
2017-06-07 08:00:00-03:00,0.0,0.0,0.0,1.931
2017-06-07 09:00:00-03:00,0.0,0.0,0.0,1.948
2017-06-07 10:00:00-03:00,0.015,0.011,0.016,2.284
2017-06-07 11:00:00-03:00,0.08600000000000001,0.045,0.06,2.878
2017-06-07 12:00:00-03:00,0.153,0.08,0.095,3.658
2017-06-07 13:00:00-03:00,0.265,0.17500000000000002,0.117,4.253
2017-06-07 14:00:00-03:00,0.22,0.135,0.109,4.338
2017-06-07 15:00:00-03:00,0.14400000000000002,0.084,0.081,3.983
2017-06-07 16:00:00-03:00,0.089,0.063,0.044,3.385
2017-06-07 17:00:00-03:00,0.009000000000000001,0.014,0.006,2.201
2017-06-07 18:00:00-03:00,0.0,0.0,0.0,1.047
2017-06-07 19:00:00-03:00,0.0,0.0,0.0,0.402
2017-06-07 20:00:00-03:00,0.0,0.0,0.0,-0.139
2017-06-07 21:00:00-03:00,0.0,0.0,0.0,-0.672
2017-06-07 22:00:00-03:00,0.0,0.0,0.0,-1.098
2017-06-07 23:00:00-03:00,0.0,0.0,0.0,-1.496
2017-06-08 00:00:00-03:00,0.0,0.0,0.0,-2.109
2017-06-08 01:00:00-03:00,0.0,0.0,0.0,-2.181
2017-06-08 02:00:00-03:00,0.0,0.0,0.0,-1.054
2017-06-08 03:00:00-03:00,0.0,0.0,0.0,-0.647
2017-06-08 04:00:00-03:00,0.0,0.0,0.0,-0.461
2017-06-08 05:00:00-03:00,0.0,0.0,0.0,-0.22
2017-06-08 06:00:00-03:00,0.0,0.0,0.0,-0.272
2017-06-08 07:00:00-03:00,0.0,0.0,0.0,-0.41000000000000003
2017-06-08 08:00:00-03:00,0.0,0.0,0.0,-0.357
2017-06-08 09:00:00-03:00,0.0,0.0,0.0,-0.196
2017-06-08 10:00:00-03:00,0.001,0.001,0.007,0.382
2017-06-08 11:00:00-03:00,0.013000000000000001,0.003,0.022,1.7389999999999999
2017-06-08 12:00:00-03:00,0.062,0.014,0.066,4.395
2017-06-08 13:00:00-03:00,0.20700000000000002,0.112,0.121,6.451
2017-06-08 14:00:00-03:00,0.20700000000000002,0.12,0.114,7.671
2017-06-08 15:00:00-03:00,0.108,0.053,0.078,8.066
2017-06-08 16:00:00-03:00,0.041,0.022,0.036000000000000004,7.513
2017-06-08 17:00:00-03:00,0.003,0.006,0.005,6.422
2017-06-08 18:00:00-03:00,0.0,0.0,0.0,5.885
2017-06-08 19:00:00-03:00,0.0,0.0,0.0,5.764
2017-06-08 20:00:00-03:00,0.0,0.0,0.0,5.681
2017-06-08 21:00:00-03:00,0.0,0.0,0.0,5.495
2017-06-08 22:00:00-03:00,0.0,0.0,0.0,5.161
2017-06-08 23:00:00-03:00,0.0,0.0,0.0,4.697
2017-06-09 00:00:00-03:00,0.0,0.0,0.0,4.077
2017-06-09 01:00:00-03:00,0.0,0.0,0.0,3.469
2017-06-09 02:00:00-03:00,0.0,0.0,0.0,3.037
2017-06-09 03:00:00-03:00,0.0,0.0,0.0,2.774
2017-06-09 04:00:00-03:00,0.0,0.0,0.0,2.594
2017-06-09 05:00:00-03:00,0.0,0.0,0.0,2.373
2017-06-09 06:00:00-03:00,0.0,0.0,0.0,2.154
2017-06-09 07:00:00-03:00,0.0,0.0,0.0,1.879
2017-06-09 08:00:00-03:00,0.0,0.0,0.0,1.5350000000000001
2017-06-09 09:00:00-03:00,0.0,0.0,0.0,1.227
2017-06-09 10:00:00-03:00,0.15,0.145,0.025,1.342
2017-06-09 11:00:00-03:00,0.397,0.378,0.053,2.307
2017-06-09 12:00:00-03:00,0.525,0.519,0.062,3.431
2017-06-09 13:00:00-03:00,0.45,0.41400000000000003,0.081,4.21
2017-06-09 14:00:00-03:00,0.448,0.41500000000000004,0.079,4.547
2017-06-09 15:00:00-03:00,0.427,0.406,0.064,4.461
2017-06-09 16:00:00-03:00,0.278,0.263,0.042,3.852
2017-06-09 17:00:00-03:00,0.024,0.032,0.006,2.852
2017-06-09 18:00:00-03:00,0.0,0.0,0.0,2.236
2017-06-09 19:00:00-03:00,0.0,0.0,0.0,1.8820000000000001
2017-06-09 20:00:00-03:00,0.0,0.0,0.0,1.619
2017-06-09 21:00:00-03:00,0.0,0.0,0.0,1.365
2017-06-09 22:00:00-03:00,0.0,0.0,0.0,1.158
2017-06-09 23:00:00-03:00,0.0,0.0,0.0,0.8280000000000001
2017-06-10 00:00:00-03:00,0.0,0.0,0.0,0.584
2017-06-10 01:00:00-03:00,0.0,0.0,0.0,0.528
2017-06-10 02:00:00-03:00,0.0,0.0,0.0,0.612
2017-06-10 03:00:00-03:00,0.0,0.0,0.0,0.6950000000000001
2017-06-10 04:00:00-03:00,0.0,0.0,0.0,0.717
2017-06-10 05:00:00-03:00,0.0,0.0,0.0,0.889
2017-06-10 06:00:00-03:00,0.0,0.0,0.0,1.013
2017-06-10 07:00:00-03:00,0.0,0.0,0.0,1.01
2017-06-10 08:00:00-03:00,0.0,0.0,0.0,0.88
2017-06-10 09:00:00-03:00,0.0,0.0,0.0,0.662
2017-06-10 10:00:00-03:00,0.034,0.028,0.021,0.899
2017-06-10 11:00:00-03:00,0.121,0.077,0.064,1.741
2017-06-10 12:00:00-03:00,0.23700000000000002,0.159,0.101,2.6710000000000003
2017-06-10 13:00:00-03:00,0.163,0.075,0.109,3.339
2017-06-10 14:00:00-03:00,0.095,0.029,0.085,3.573
2017-06-10 15:00:00-03:00,0.081,0.032,0.068,3.626
2017-06-10 16:00:00-03:00,0.046,0.026000000000000002,0.036000000000000004,3.336
2017-06-10 17:00:00-03:00,0.001,0.003,0.003,2.803
2017-06-10 18:00:00-03:00,0.0,0.0,0.0,2.491
2017-06-10 19:00:00-03:00,0.0,0.0,0.0,2.274
2017-06-10 20:00:00-03:00,0.0,0.0,0.0,2.134
2017-06-10 21:00:00-03:00,0.0,0.0,0.0,2.041
2017-06-10 22:00:00-03:00,0.0,0.0,0.0,1.7890000000000001
2017-06-10 23:00:00-03:00,0.0,0.0,0.0,1.258
2017-06-11 00:00:00-03:00,0.0,0.0,0.0,0.589
2017-06-11 01:00:00-03:00,0.0,0.0,0.0,0.36
2017-06-11 02:00:00-03:00,0.0,0.0,0.0,0.398
2017-06-11 03:00:00-03:00,0.0,0.0,0.0,0.648
2017-06-11 04:00:00-03:00,0.0,0.0,0.0,1.024
2017-06-11 05:00:00-03:00,0.0,0.0,0.0,1.137
2017-06-11 06:00:00-03:00,0.0,0.0,0.0,1.012
2017-06-11 07:00:00-03:00,0.0,0.0,0.0,0.857
2017-06-11 08:00:00-03:00,0.0,0.0,0.0,0.8240000000000001
2017-06-11 09:00:00-03:00,0.0,0.0,0.0,0.855
2017-06-11 10:00:00-03:00,0.01,0.008,0.014,1.119
2017-06-11 11:00:00-03:00,0.064,0.028,0.053,1.651
2017-06-11 12:00:00-03:00,0.155,0.079,0.096,2.5700000000000003
2017-06-11 13:00:00-03:00,0.185,0.096,0.112,3.643
2017-06-11 14:00:00-03:00,0.213,0.127,0.11,4.554
2017-06-11 15:00:00-03:00,0.134,0.075,0.081,4.824
2017-06-11 16:00:00-03:00,0.028,0.014,0.029,4.445
2017-06-11 17:00:00-03:00,0.0,0.003,0.003,3.895
2017-06-11 18:00:00-03:00,0.0,0.0,0.0,3.572
2017-06-11 19:00:00-03:00,0.0,0.0,0.0,3.374
2017-06-11 20:00:00-03:00,0.0,0.0,0.0,2.992
2017-06-11 21:00:00-03:00,0.0,0.0,0.0,2.567
2017-06-11 22:00:00-03:00,0.0,0.0,0.0,2.11
2017-06-11 23:00:00-03:00,0.0,0.0,0.0,1.454
2017-06-12 00:00:00-03:00,0.0,0.0,0.0,1.04
2017-06-12 01:00:00-03:00,0.0,0.0,0.0,0.759
2017-06-12 02:00:00-03:00,0.0,0.0,0.0,0.316
2017-06-12 03:00:00-03:00,0.0,0.0,0.0,-0.11900000000000001
2017-06-12 04:00:00-03:00,0.0,0.0,0.0,-0.394
2017-06-12 05:00:00-03:00,0.0,0.0,0.0,-0.5730000000000001
2017-06-12 06:00:00-03:00,0.0,0.0,0.0,-0.725
2017-06-12 07:00:00-03:00,0.0,0.0,0.0,-0.67
2017-06-12 08:00:00-03:00,0.0,0.0,0.0,-0.648
2017-06-12 09:00:00-03:00,0.0,0.0,0.0,-0.8230000000000001
2017-06-12 10:00:00-03:00,0.06,0.053,0.024,-0.714
2017-06-12 11:00:00-03:00,0.177,0.128,0.068,0.156
2017-06-12 12:00:00-03:00,0.155,0.078,0.096,1.01
2017-06-12 13:00:00-03:00,0.078,0.018000000000000002,0.078,1.109
2017-06-12 14:00:00-03:00,0.079,0.019,0.078,1.119
2017-06-12 15:00:00-03:00,0.074,0.025,0.066,1.173
2017-06-12 16:00:00-03:00,0.013000000000000001,0.005,0.02,0.871
2017-06-12 17:00:00-03:00,0.0,0.002,0.003,0.809
2017-06-12 18:00:00-03:00,0.0,0.0,0.0,0.867
2017-06-12 19:00:00-03:00,0.0,0.0,0.0,0.9390000000000001
2017-06-12 20:00:00-03:00,0.0,0.0,0.0,0.719
2017-06-12 21:00:00-03:00,0.0,0.0,0.0,0.79
2017-06-12 22:00:00-03:00,0.0,0.0,0.0,0.747
2017-06-12 23:00:00-03:00,0.0,0.0,0.0,0.498
2017-06-13 00:00:00-03:00,0.0,0.0,0.0,0.222
2017-06-13 01:00:00-03:00,0.0,0.0,0.0,-0.089
2017-06-13 02:00:00-03:00,0.0,0.0,0.0,-0.502
2017-06-13 03:00:00-03:00,0.0,0.0,0.0,-1.068
2017-06-13 04:00:00-03:00,0.0,0.0,0.0,-1.565
2017-06-13 05:00:00-03:00,0.0,0.0,0.0,-1.8090000000000002
2017-06-13 06:00:00-03:00,0.0,0.0,0.0,-1.542
2017-06-13 07:00:00-03:00,0.0,0.0,0.0,-1.324
2017-06-13 08:00:00-03:00,0.0,0.0,0.0,-1.4849999999999999
2017-06-13 09:00:00-03:00,0.0,0.0,0.0,-1.534
2017-06-13 10:00:00-03:00,0.018000000000000002,0.013000000000000001,0.017,-0.789
2017-06-13 11:00:00-03:00,0.056,0.021,0.051000000000000004,0.153
2017-06-13 12:00:00-03:00,0.078,0.021,0.075,0.854
2017-06-13 13:00:00-03:00,0.08600000000000001,0.019,0.08600000000000001,1.244
2017-06-13 14:00:00-03:00,0.066,0.012,0.07100000000000001,1.422
2017-06-13 15:00:00-03:00,0.028,0.005,0.038,1.092
2017-06-13 16:00:00-03:00,0.008,0.002,0.015,0.64
2017-06-13 17:00:00-03:00,0.0,0.0,0.001,0.17500000000000002
2017-06-13 18:00:00-03:00,0.0,0.0,0.0,-0.147
2017-06-13 19:00:00-03:00,0.0,0.0,0.0,-0.134
2017-06-13 20:00:00-03:00,0.0,0.0,0.0,-0.461
2017-06-13 21:00:00-03:00,0.0,0.0,0.0,-0.881
2017-06-13 22:00:00-03:00,0.0,0.0,0.0,-0.8200000000000001
2017-06-13 23:00:00-03:00,0.0,0.0,0.0,-0.724
2017-06-14 00:00:00-03:00,0.0,0.0,0.0,-0.836
2017-06-14 01:00:00-03:00,0.0,0.0,0.0,-1.3780000000000001
2017-06-14 02:00:00-03:00,0.0,0.0,0.0,-1.699
2017-06-14 03:00:00-03:00,0.0,0.0,0.0,-1.944
2017-06-14 04:00:00-03:00,0.0,0.0,0.0,-2.384
2017-06-14 05:00:00-03:00,0.0,0.0,0.0,-2.789
2017-06-14 06:00:00-03:00,0.0,0.0,0.0,-3.275
2017-06-14 07:00:00-03:00,0.0,0.0,0.0,-3.654
2017-06-14 08:00:00-03:00,0.0,0.0,0.0,-3.875
2017-06-14 09:00:00-03:00,0.0,0.0,0.0,-4.044
2017-06-14 10:00:00-03:00,0.1,0.093,0.023,-3.306
2017-06-14 11:00:00-03:00,0.28700000000000003,0.248,0.059000000000000004,-1.8130000000000002
2017-06-14 12:00:00-03:00,0.424,0.38,0.076,-0.455
2017-06-14 13:00:00-03:00,0.459,0.41500000000000004,0.082,0.655
2017-06-14 14:00:00-03:00,0.432,0.386,0.082,0.978
2017-06-14 15:00:00-03:00,0.325,0.278,0.07200000000000001,0.655
2017-06-14 16:00:00-03:00,0.17,0.146,0.042,-0.935
2017-06-14 17:00:00-03:00,0.01,0.016,0.005,-3.13
2017-06-14 18:00:00-03:00,0.0,0.0,0.0,-3.731
2017-06-14 19:00:00-03:00,0.0,0.0,0.0,-3.575
2017-06-14 20:00:00-03:00,0.0,0.0,0.0,-3.384
2017-06-14 21:00:00-03:00,0.0,0.0,0.0,-3.445
2017-06-14 22:00:00-03:00,0.0,0.0,0.0,-3.431
2017-06-14 23:00:00-03:00,0.0,0.0,0.0,-3.173
2017-06-15 00:00:00-03:00,0.0,0.0,0.0,-2.903
2017-06-15 01:00:00-03:00,0.0,0.0,0.0,-2.723
2017-06-15 02:00:00-03:00,0.0,0.0,0.0,-2.667
2017-06-15 03:00:00-03:00,0.0,0.0,0.0,-2.667
2017-06-15 04:00:00-03:00,0.0,0.0,0.0,-2.774
2017-06-15 05:00:00-03:00,0.0,0.0,0.0,-2.895
2017-06-15 06:00:00-03:00,0.0,0.0,0.0,-3.168
2017-06-15 07:00:00-03:00,0.0,0.0,0.0,-3.658
2017-06-15 08:00:00-03:00,0.0,0.0,0.0,-3.832
2017-06-15 09:00:00-03:00,0.0,0.0,0.0,-3.563
2017-06-15 10:00:00-03:00,0.02,0.016,0.017,-2.743
2017-06-15 11:00:00-03:00,0.046,0.016,0.045,-1.607
2017-06-15 12:00:00-03:00,0.067,0.016,0.068,-0.811
2017-06-15 13:00:00-03:00,0.094,0.023,0.088,-0.25
2017-06-15 14:00:00-03:00,0.08600000000000001,0.021,0.082,0.133
2017-06-15 15:00:00-03:00,0.048,0.012,0.053,0.252
2017-06-15 16:00:00-03:00,0.017,0.006,0.023,0.051000000000000004
2017-06-15 17:00:00-03:00,0.0,0.001,0.002,-0.446
2017-06-15 18:00:00-03:00,0.0,0.0,0.0,-0.809
2017-06-15 19:00:00-03:00,0.0,0.0,0.0,-1.2770000000000001
2017-06-15 20:00:00-03:00,0.0,0.0,0.0,-1.778
2017-06-15 21:00:00-03:00,0.0,0.0,0.0,-2.452
2017-06-15 22:00:00-03:00,0.0,0.0,0.0,-3.209
2017-06-15 23:00:00-03:00,0.0,0.0,0.0,-3.829
2017-06-16 00:00:00-03:00,0.0,0.0,0.0,-4.142
2017-06-16 01:00:00-03:00,0.0,0.0,0.0,-4.358
2017-06-16 02:00:00-03:00,0.0,0.0,0.0,-4.614
2017-06-16 03:00:00-03:00,0.0,0.0,0.0,-4.921
2017-06-16 04:00:00-03:00,0.0,0.0,0.0,-5.119
2017-06-16 05:00:00-03:00,0.0,0.0,0.0,-5.238
2017-06-16 06:00:00-03:00,0.0,0.0,0.0,-5.447
2017-06-16 07:00:00-03:00,0.0,0.0,0.0,-5.607
2017-06-16 08:00:00-03:00,0.0,0.0,0.0,-5.678
2017-06-16 09:00:00-03:00,0.0,0.0,0.0,-5.691
2017-06-16 10:00:00-03:00,0.124,0.117,0.022,-5.303
2017-06-16 11:00:00-03:00,0.338,0.301,0.055,-4.085
2017-06-16 12:00:00-03:00,0.47800000000000004,0.445,0.067,-2.408
2017-06-16 13:00:00-03:00,0.55,0.531,0.065,-1.363
2017-06-16 14:00:00-03:00,0.561,0.55,0.061,-1.164
2017-06-16 15:00:00-03:00,0.5,0.484,0.054,-1.478
2017-06-16 16:00:00-03:00,0.313,0.294,0.038,-2.465
2017-06-16 17:00:00-03:00,0.026000000000000002,0.034,0.005,-4.036
2017-06-16 18:00:00-03:00,0.0,0.0,0.0,-4.543
2017-06-16 19:00:00-03:00,0.0,0.0,0.0,-4.631
2017-06-16 20:00:00-03:00,0.0,0.0,0.0,-4.817
2017-06-16 21:00:00-03:00,0.0,0.0,0.0,-5.126
2017-06-16 22:00:00-03:00,0.0,0.0,0.0,-5.454
2017-06-16 23:00:00-03:00,0.0,0.0,0.0,-5.704
2017-06-17 00:00:00-03:00,0.0,0.0,0.0,-6.059
2017-06-17 01:00:00-03:00,0.0,0.0,0.0,-6.513
2017-06-17 02:00:00-03:00,0.0,0.0,0.0,-7.073
2017-06-17 03:00:00-03:00,0.0,0.0,0.0,-7.816
2017-06-17 04:00:00-03:00,0.0,0.0,0.0,-8.467
2017-06-17 05:00:00-03:00,0.0,0.0,0.0,-8.948
2017-06-17 06:00:00-03:00,0.0,0.0,0.0,-9.262
2017-06-17 07:00:00-03:00,0.0,0.0,0.0,-9.37
2017-06-17 08:00:00-03:00,0.0,0.0,0.0,-9.151
2017-06-17 09:00:00-03:00,0.0,0.0,0.0,-9.08
2017-06-17 10:00:00-03:00,0.09,0.082,0.022,-8.649000000000001
2017-06-17 11:00:00-03:00,0.34,0.296,0.058,-7.19
2017-06-17 12:00:00-03:00,0.488,0.444,0.07100000000000001,-5.725
2017-06-17 13:00:00-03:00,0.539,0.502,0.074,-3.952
2017-06-17 14:00:00-03:00,0.403,0.338,0.09,-2.825
2017-06-17 15:00:00-03:00,0.137,0.08,0.075,-2.364
2017-06-17 16:00:00-03:00,0.024,0.012,0.025,-2.416
2017-06-17 17:00:00-03:00,0.0,0.001,0.002,-2.523
2017-06-17 18:00:00-03:00,0.0,0.0,0.0,-2.351
2017-06-17 19:00:00-03:00,0.0,0.0,0.0,-1.966
2017-06-17 20:00:00-03:00,0.0,0.0,0.0,-1.45
2017-06-17 21:00:00-03:00,0.0,0.0,0.0,-0.969
2017-06-17 22:00:00-03:00,0.0,0.0,0.0,-0.245
2017-06-17 23:00:00-03:00,0.0,0.0,0.0,0.406
2017-06-18 00:00:00-03:00,0.0,0.0,0.0,0.583
2017-06-18 01:00:00-03:00,0.0,0.0,0.0,0.455
2017-06-18 02:00:00-03:00,0.0,0.0,0.0,0.23700000000000002
2017-06-18 03:00:00-03:00,0.0,0.0,0.0,-0.192
2017-06-18 04:00:00-03:00,0.0,0.0,0.0,-0.427
2017-06-18 05:00:00-03:00,0.0,0.0,0.0,-0.319
2017-06-18 06:00:00-03:00,0.0,0.0,0.0,-0.12
2017-06-18 07:00:00-03:00,0.0,0.0,0.0,-0.088
2017-06-18 08:00:00-03:00,0.0,0.0,0.0,-0.177
2017-06-18 09:00:00-03:00,0.0,0.0,0.0,-0.362
2017-06-18 10:00:00-03:00,0.008,0.007,0.011,-0.158
2017-06-18 11:00:00-03:00,0.041,0.016,0.041,0.467
2017-06-18 12:00:00-03:00,0.128,0.062,0.085,1.1219999999999999
2017-06-18 13:00:00-03:00,0.377,0.309,0.1,1.67
2017-06-18 14:00:00-03:00,0.4,0.34500000000000003,0.089,1.927
2017-06-18 15:00:00-03:00,0.337,0.291,0.074,1.741
2017-06-18 16:00:00-03:00,0.184,0.16,0.043000000000000003,0.98
2017-06-18 17:00:00-03:00,0.009000000000000001,0.015,0.005,-0.429
2017-06-18 18:00:00-03:00,0.0,0.0,0.0,-1.095
2017-06-18 19:00:00-03:00,0.0,0.0,0.0,-1.278
2017-06-18 20:00:00-03:00,0.0,0.0,0.0,-1.185
2017-06-18 21:00:00-03:00,0.0,0.0,0.0,-1.056
2017-06-18 22:00:00-03:00,0.0,0.0,0.0,-1.103
2017-06-18 23:00:00-03:00,0.0,0.0,0.0,-1.438
2017-06-19 00:00:00-03:00,0.0,0.0,0.0,-1.5939999999999999
2017-06-19 01:00:00-03:00,0.0,0.0,0.0,-1.588
2017-06-19 02:00:00-03:00,0.0,0.0,0.0,-1.491
2017-06-19 03:00:00-03:00,0.0,0.0,0.0,-1.091
2017-06-19 04:00:00-03:00,0.0,0.0,0.0,-0.627
2017-06-19 05:00:00-03:00,0.0,0.0,0.0,-0.319
2017-06-19 06:00:00-03:00,0.0,0.0,0.0,-0.13
2017-06-19 07:00:00-03:00,0.0,0.0,0.0,-0.224
2017-06-19 08:00:00-03:00,0.0,0.0,0.0,-0.353
2017-06-19 09:00:00-03:00,0.0,0.0,0.0,-0.375
2017-06-19 10:00:00-03:00,0.048,0.044,0.02,-0.084
2017-06-19 11:00:00-03:00,0.14300000000000002,0.101,0.061,0.5670000000000001
2017-06-19 12:00:00-03:00,0.249,0.18,0.092,1.228
2017-06-19 13:00:00-03:00,0.312,0.234,0.10400000000000001,1.674
2017-06-19 14:00:00-03:00,0.268,0.191,0.101,1.8010000000000002
2017-06-19 15:00:00-03:00,0.20400000000000001,0.146,0.079,1.675
2017-06-19 16:00:00-03:00,0.10300000000000001,0.08,0.041,1.303
2017-06-19 17:00:00-03:00,0.003,0.007,0.004,0.763
2017-06-19 18:00:00-03:00,0.0,0.0,0.0,0.511
2017-06-19 19:00:00-03:00,0.0,0.0,0.0,0.47700000000000004
2017-06-19 20:00:00-03:00,0.0,0.0,0.0,0.466
2017-06-19 21:00:00-03:00,0.0,0.0,0.0,0.467
2017-06-19 22:00:00-03:00,0.0,0.0,0.0,0.309
2017-06-19 23:00:00-03:00,0.0,0.0,0.0,0.246
2017-06-20 00:00:00-03:00,0.0,0.0,0.0,0.077
2017-06-20 01:00:00-03:00,0.0,0.0,0.0,-0.337
2017-06-20 02:00:00-03:00,0.0,0.0,0.0,-0.776
2017-06-20 03:00:00-03:00,0.0,0.0,0.0,-0.858
2017-06-20 04:00:00-03:00,0.0,0.0,0.0,-0.936
2017-06-20 05:00:00-03:00,0.0,0.0,0.0,-1.091
2017-06-20 06:00:00-03:00,0.0,0.0,0.0,-0.931
2017-06-20 07:00:00-03:00,0.0,0.0,0.0,-0.437
2017-06-20 08:00:00-03:00,0.0,0.0,0.0,0.042
2017-06-20 09:00:00-03:00,0.0,0.0,0.0,0.24
2017-06-20 10:00:00-03:00,0.001,0.001,0.006,0.422
2017-06-20 11:00:00-03:00,0.007,0.001,0.016,0.716
2017-06-20 12:00:00-03:00,0.013000000000000001,0.001,0.024,0.989
2017-06-20 13:00:00-03:00,0.026000000000000002,0.002,0.038,1.201
2017-06-20 14:00:00-03:00,0.051000000000000004,0.008,0.06,1.369
2017-06-20 15:00:00-03:00,0.083,0.03,0.07100000000000001,1.429
2017-06-20 16:00:00-03:00,0.053,0.031,0.039,0.929
2017-06-20 17:00:00-03:00,0.0,0.003,0.003,-0.091
2017-06-20 18:00:00-03:00,0.0,0.0,0.0,-0.539
2017-06-20 19:00:00-03:00,0.0,0.0,0.0,-1.213
2017-06-20 20:00:00-03:00,0.0,0.0,0.0,-2.293
2017-06-20 21:00:00-03:00,0.0,0.0,0.0,-3.1310000000000002
2017-06-20 22:00:00-03:00,0.0,0.0,0.0,-3.766
2017-06-20 23:00:00-03:00,0.0,0.0,0.0,-4.309
2017-06-21 00:00:00-03:00,0.0,0.0,0.0,-4.78
2017-06-21 01:00:00-03:00,0.0,0.0,0.0,-5.171
2017-06-21 02:00:00-03:00,0.0,0.0,0.0,-5.53
2017-06-21 03:00:00-03:00,0.0,0.0,0.0,-5.86
2017-06-21 04:00:00-03:00,0.0,0.0,0.0,-6.126
2017-06-21 05:00:00-03:00,0.0,0.0,0.0,-6.316
2017-06-21 06:00:00-03:00,0.0,0.0,0.0,-6.451
2017-06-21 07:00:00-03:00,0.0,0.0,0.0,-6.602
2017-06-21 08:00:00-03:00,0.0,0.0,0.0,-6.77
2017-06-21 09:00:00-03:00,0.0,0.0,0.0,-7.034
2017-06-21 10:00:00-03:00,0.136,0.128,0.022,-6.606
2017-06-21 11:00:00-03:00,0.403,0.374,0.05,-4.792
2017-06-21 12:00:00-03:00,0.577,0.5690000000000001,0.054,-3.265
2017-06-21 13:00:00-03:00,0.616,0.62,0.054,-1.978
2017-06-21 14:00:00-03:00,0.601,0.606,0.053,-0.985
2017-06-21 15:00:00-03:00,0.529,0.524,0.05,-0.789
2017-06-21 16:00:00-03:00,0.234,0.212,0.04,-2.177
2017-06-21 17:00:00-03:00,0.009000000000000001,0.015,0.004,-3.84
2017-06-21 18:00:00-03:00,0.0,0.0,0.0,-4.159
2017-06-21 19:00:00-03:00,0.0,0.0,0.0,-4.193
2017-06-21 20:00:00-03:00,0.0,0.0,0.0,-4.144
2017-06-21 21:00:00-03:00,0.0,0.0,0.0,-3.973
2017-06-21 22:00:00-03:00,0.0,0.0,0.0,-4.025
2017-06-21 23:00:00-03:00,0.0,0.0,0.0,-3.627
2017-06-22 00:00:00-03:00,0.0,0.0,0.0,-3.803
2017-06-22 01:00:00-03:00,0.0,0.0,0.0,-4.338
2017-06-22 02:00:00-03:00,0.0,0.0,0.0,-4.805
2017-06-22 03:00:00-03:00,0.0,0.0,0.0,-5.143
2017-06-22 04:00:00-03:00,0.0,0.0,0.0,-5.252
2017-06-22 05:00:00-03:00,0.0,0.0,0.0,-5.204
2017-06-22 06:00:00-03:00,0.0,0.0,0.0,-5.004
2017-06-22 07:00:00-03:00,0.0,0.0,0.0,-4.469
2017-06-22 08:00:00-03:00,0.0,0.0,0.0,-3.573
2017-06-22 09:00:00-03:00,0.0,0.0,0.0,-2.602
2017-06-22 10:00:00-03:00,0.028,0.025,0.017,-1.631
2017-06-22 11:00:00-03:00,0.128,0.085,0.061,-0.904
2017-06-22 12:00:00-03:00,0.228,0.154,0.093,-0.389
2017-06-22 13:00:00-03:00,0.254,0.167,0.107,-0.10400000000000001
2017-06-22 14:00:00-03:00,0.274,0.192,0.10300000000000001,-0.402
2017-06-22 15:00:00-03:00,0.17500000000000002,0.115,0.078,-1.152
2017-06-22 16:00:00-03:00,0.115,0.089,0.042,-2.182
2017-06-22 17:00:00-03:00,0.006,0.01,0.004,-3.634
2017-06-22 18:00:00-03:00,0.0,0.0,0.0,-5.014
2017-06-22 19:00:00-03:00,0.0,0.0,0.0,-5.692
2017-06-22 20:00:00-03:00,0.0,0.0,0.0,-5.47
2017-06-22 21:00:00-03:00,0.0,0.0,0.0,-4.814
2017-06-22 22:00:00-03:00,0.0,0.0,0.0,-4.044
2017-06-22 23:00:00-03:00,0.0,0.0,0.0,-3.71
2017-06-23 00:00:00-03:00,0.0,0.0,0.0,-3.652
2017-06-23 01:00:00-03:00,0.0,0.0,0.0,-3.621
2017-06-23 02:00:00-03:00,0.0,0.0,0.0,-3.145
2017-06-23 03:00:00-03:00,0.0,0.0,0.0,-2.643
2017-06-23 04:00:00-03:00,0.0,0.0,0.0,-2.491
2017-06-23 05:00:00-03:00,0.0,0.0,0.0,-2.566
2017-06-23 06:00:00-03:00,0.0,0.0,0.0,-2.67
2017-06-23 07:00:00-03:00,0.0,0.0,0.0,-2.7640000000000002
2017-06-23 08:00:00-03:00,0.0,0.0,0.0,-2.755
2017-06-23 09:00:00-03:00,0.0,0.0,0.0,-2.901
2017-06-23 10:00:00-03:00,0.083,0.077,0.021,-2.886
2017-06-23 11:00:00-03:00,0.28700000000000003,0.246,0.06,-2.34
2017-06-23 12:00:00-03:00,0.381,0.325,0.082,-1.4889999999999999
2017-06-23 13:00:00-03:00,0.36,0.28700000000000003,0.098,-0.8230000000000001
2017-06-23 14:00:00-03:00,0.28200000000000003,0.20500000000000002,0.099,-0.579
2017-06-23 15:00:00-03:00,0.179,0.12,0.077,-0.676
2017-06-23 16:00:00-03:00,0.088,0.065,0.04,-1.088
2017-06-23 17:00:00-03:00,0.002,0.006,0.003,-1.923
2017-06-23 18:00:00-03:00,0.0,0.0,0.0,-2.394
2017-06-23 19:00:00-03:00,0.0,0.0,0.0,-2.626
2017-06-23 20:00:00-03:00,0.0,0.0,0.0,-3.04
2017-06-23 21:00:00-03:00,0.0,0.0,0.0,-3.708
2017-06-23 22:00:00-03:00,0.0,0.0,0.0,-3.948
2017-06-23 23:00:00-03:00,0.0,0.0,0.0,-3.7720000000000002
2017-06-24 00:00:00-03:00,0.0,0.0,0.0,-3.6390000000000002
2017-06-24 01:00:00-03:00,0.0,0.0,0.0,-3.6189999999999998
2017-06-24 02:00:00-03:00,0.0,0.0,0.0,-3.454
2017-06-24 03:00:00-03:00,0.0,0.0,0.0,-3.408
2017-06-24 04:00:00-03:00,0.0,0.0,0.0,-2.767
2017-06-24 05:00:00-03:00,0.0,0.0,0.0,-2.543
2017-06-24 06:00:00-03:00,0.0,0.0,0.0,-2.779
2017-06-24 07:00:00-03:00,0.0,0.0,0.0,-3.077
2017-06-24 08:00:00-03:00,0.0,0.0,0.0,-3.8200000000000003
2017-06-24 09:00:00-03:00,0.0,0.0,0.0,-4.619
2017-06-24 10:00:00-03:00,0.156,0.15,0.022,-4.565
2017-06-24 11:00:00-03:00,0.41200000000000003,0.387,0.05,-2.987
2017-06-24 12:00:00-03:00,0.537,0.524,0.058,-1.437
2017-06-24 13:00:00-03:00,0.5700000000000001,0.5630000000000001,0.06,-0.326
2017-06-24 14:00:00-03:00,0.556,0.55,0.059000000000000004,0.276
2017-06-24 15:00:00-03:00,0.485,0.47200000000000003,0.054,0.035
2017-06-24 16:00:00-03:00,0.306,0.29,0.037,-1.588
2017-06-24 17:00:00-03:00,0.023,0.032,0.005,-3.817
2017-06-24 18:00:00-03:00,0.0,0.0,0.0,-5.007
2017-06-24 19:00:00-03:00,0.0,0.0,0.0,-5.837
2017-06-24 20:00:00-03:00,0.0,0.0,0.0,-6.62
2017-06-24 21:00:00-03:00,0.0,0.0,0.0,-6.855
2017-06-24 22:00:00-03:00,0.0,0.0,0.0,-6.446
2017-06-24 23:00:00-03:00,0.0,0.0,0.0,-6.349
2017-06-25 00:00:00-03:00,0.0,0.0,0.0,-6.772
2017-06-25 01:00:00-03:00,0.0,0.0,0.0,-7.161
2017-06-25 02:00:00-03:00,0.0,0.0,0.0,-7.453
2017-06-25 03:00:00-03:00,0.0,0.0,0.0,-7.646
2017-06-25 04:00:00-03:00,0.0,0.0,0.0,-7.766
2017-06-25 05:00:00-03:00,0.0,0.0,0.0,-7.901
2017-06-25 06:00:00-03:00,0.0,0.0,0.0,-7.99
2017-06-25 07:00:00-03:00,0.0,0.0,0.0,-8.206
2017-06-25 08:00:00-03:00,0.0,0.0,0.0,-8.64
2017-06-25 09:00:00-03:00,0.0,0.0,0.0,-9.397
2017-06-25 10:00:00-03:00,0.17300000000000001,0.163,0.021,-9.55
2017-06-25 11:00:00-03:00,0.493,0.46900000000000003,0.044,-8.264
2017-06-25 12:00:00-03:00,0.654,0.659,0.044,-6.571
2017-06-25 13:00:00-03:00,0.677,0.6930000000000001,0.043000000000000003,-5.018
2017-06-25 14:00:00-03:00,0.656,0.672,0.044,-3.782
2017-06-25 15:00:00-03:00,0.585,0.59,0.043000000000000003,-3.312
2017-06-25 16:00:00-03:00,0.405,0.395,0.033,-4.332
2017-06-25 17:00:00-03:00,0.04,0.05,0.005,-6.644
2017-06-25 18:00:00-03:00,0.0,0.0,0.0,-7.71
2017-06-25 19:00:00-03:00,0.0,0.0,0.0,-8.369
2017-06-25 20:00:00-03:00,0.0,0.0,0.0,-8.981
2017-06-25 21:00:00-03:00,0.0,0.0,0.0,-9.461
2017-06-25 22:00:00-03:00,0.0,0.0,0.0,-9.576
2017-06-25 23:00:00-03:00,0.0,0.0,0.0,-9.181
2017-06-26 00:00:00-03:00,0.0,0.0,0.0,-8.612
2017-06-26 01:00:00-03:00,0.0,0.0,0.0,-8.252
2017-06-26 02:00:00-03:00,0.0,0.0,0.0,-7.519
2017-06-26 03:00:00-03:00,0.0,0.0,0.0,-7.001
2017-06-26 04:00:00-03:00,0.0,0.0,0.0,-6.495
2017-06-26 05:00:00-03:00,0.0,0.0,0.0,-5.825
2017-06-26 06:00:00-03:00,0.0,0.0,0.0,-5.223
2017-06-26 07:00:00-03:00,0.0,0.0,0.0,-4.69
2017-06-26 08:00:00-03:00,0.0,0.0,0.0,-4.244
2017-06-26 09:00:00-03:00,0.0,0.0,0.0,-3.806
2017-06-26 10:00:00-03:00,0.02,0.017,0.016,-3.275
2017-06-26 11:00:00-03:00,0.085,0.045,0.056,-2.299
2017-06-26 12:00:00-03:00,0.15,0.076,0.092,-1.055
2017-06-26 13:00:00-03:00,0.166,0.078,0.107,-0.001
2017-06-26 14:00:00-03:00,0.17,0.085,0.10400000000000001,0.646
2017-06-26 15:00:00-03:00,0.109,0.053,0.074,0.79
2017-06-26 16:00:00-03:00,0.057,0.036000000000000004,0.038,0.47000000000000003
2017-06-26 17:00:00-03:00,0.001,0.004,0.003,-0.311
2017-06-26 18:00:00-03:00,0.0,0.0,0.0,-0.537
2017-06-26 19:00:00-03:00,0.0,0.0,0.0,-0.866
2017-06-26 20:00:00-03:00,0.0,0.0,0.0,-1.316
2017-06-26 21:00:00-03:00,0.0,0.0,0.0,-1.634
2017-06-26 22:00:00-03:00,0.0,0.0,0.0,-1.94
2017-06-26 23:00:00-03:00,0.0,0.0,0.0,-2.051
2017-06-27 00:00:00-03:00,0.0,0.0,0.0,-1.885
2017-06-27 01:00:00-03:00,0.0,0.0,0.0,-1.9260000000000002
2017-06-27 02:00:00-03:00,0.0,0.0,0.0,-2.463
2017-06-27 03:00:00-03:00,0.0,0.0,0.0,-3.265
2017-06-27 04:00:00-03:00,0.0,0.0,0.0,-3.491
2017-06-27 05:00:00-03:00,0.0,0.0,0.0,-3.496
2017-06-27 06:00:00-03:00,0.0,0.0,0.0,-2.871
2017-06-27 07:00:00-03:00,0.0,0.0,0.0,-2.22
2017-06-27 08:00:00-03:00,0.0,0.0,0.0,-1.759
2017-06-27 09:00:00-03:00,0.0,0.0,0.0,-1.311
2017-06-27 10:00:00-03:00,0.002,0.002,0.007,-0.72
2017-06-27 11:00:00-03:00,0.021,0.005,0.029,0.063
2017-06-27 12:00:00-03:00,0.076,0.021,0.07200000000000001,1.014
2017-06-27 13:00:00-03:00,0.187,0.093,0.115,2.09
2017-06-27 14:00:00-03:00,0.179,0.091,0.109,2.454
2017-06-27 15:00:00-03:00,0.075,0.028,0.065,2.315
2017-06-27 16:00:00-03:00,0.043000000000000003,0.024,0.036000000000000004,2.168
2017-06-27 17:00:00-03:00,0.002,0.005,0.004,1.884
2017-06-27 18:00:00-03:00,0.0,0.0,0.0,1.746
2017-06-27 19:00:00-03:00,0.0,0.0,0.0,1.754
2017-06-27 20:00:00-03:00,0.0,0.0,0.0,1.905
2017-06-27 21:00:00-03:00,0.0,0.0,0.0,2.213
2017-06-27 22:00:00-03:00,0.0,0.0,0.0,2.362
2017-06-27 23:00:00-03:00,0.0,0.0,0.0,2.27
2017-06-28 00:00:00-03:00,0.0,0.0,0.0,2.275
2017-06-28 01:00:00-03:00,0.0,0.0,0.0,2.481
2017-06-28 02:00:00-03:00,0.0,0.0,0.0,2.915
2017-06-28 03:00:00-03:00,0.0,0.0,0.0,3.163
2017-06-28 04:00:00-03:00,0.0,0.0,0.0,3.273
2017-06-28 05:00:00-03:00,0.0,0.0,0.0,3.437
2017-06-28 06:00:00-03:00,0.0,0.0,0.0,3.491
2017-06-28 07:00:00-03:00,0.0,0.0,0.0,3.376
2017-06-28 08:00:00-03:00,0.0,0.0,0.0,3.282
2017-06-28 09:00:00-03:00,0.0,0.0,0.0,3.259
2017-06-28 10:00:00-03:00,0.112,0.108,0.023,3.402
2017-06-28 11:00:00-03:00,0.29,0.257,0.061,3.894
2017-06-28 12:00:00-03:00,0.38,0.333,0.083,4.301
2017-06-28 13:00:00-03:00,0.366,0.303,0.099,4.436
2017-06-28 14:00:00-03:00,0.23600000000000002,0.158,0.10300000000000001,4.266
2017-06-28 15:00:00-03:00,0.115,0.061,0.074,3.827
2017-06-28 16:00:00-03:00,0.031,0.017,0.03,3.193
2017-06-28 17:00:00-03:00,0.0,0.001,0.002,2.459
2017-06-28 18:00:00-03:00,0.0,0.0,0.0,2.042
2017-06-28 19:00:00-03:00,0.0,0.0,0.0,1.686
2017-06-28 20:00:00-03:00,0.0,0.0,0.0,1.2429999999999999
2017-06-28 21:00:00-03:00,0.0,0.0,0.0,0.96
2017-06-28 22:00:00-03:00,0.0,0.0,0.0,0.359
2017-06-28 23:00:00-03:00,0.0,0.0,0.0,-0.503
2017-06-29 00:00:00-03:00,0.0,0.0,0.0,-1.293
2017-06-29 01:00:00-03:00,0.0,0.0,0.0,-1.741
2017-06-29 02:00:00-03:00,0.0,0.0,0.0,-2.073
2017-06-29 03:00:00-03:00,0.0,0.0,0.0,-2.467
2017-06-29 04:00:00-03:00,0.0,0.0,0.0,-2.7560000000000002
2017-06-29 05:00:00-03:00,0.0,0.0,0.0,-2.923
2017-06-29 06:00:00-03:00,0.0,0.0,0.0,-2.868
2017-06-29 07:00:00-03:00,0.0,0.0,0.0,-2.669
2017-06-29 08:00:00-03:00,0.0,0.0,0.0,-2.456
2017-06-29 09:00:00-03:00,0.0,0.0,0.0,-2.282
2017-06-29 10:00:00-03:00,0.154,0.148,0.023,-1.716
2017-06-29 11:00:00-03:00,0.371,0.34400000000000003,0.054,-0.492
2017-06-29 12:00:00-03:00,0.493,0.47200000000000003,0.065,0.778
2017-06-29 13:00:00-03:00,0.527,0.51,0.069,1.874
2017-06-29 14:00:00-03:00,0.494,0.47200000000000003,0.07,2.43
2017-06-29 15:00:00-03:00,0.38,0.34700000000000003,0.066,2.3529999999999998
2017-06-29 16:00:00-03:00,0.215,0.194,0.042,1.591
2017-06-29 17:00:00-03:00,0.014,0.02,0.005,0.306
2017-06-29 18:00:00-03:00,0.0,0.0,0.0,-0.217
2017-06-29 19:00:00-03:00,0.0,0.0,0.0,-0.44
2017-06-29 20:00:00-03:00,0.0,0.0,0.0,-0.46900000000000003
2017-06-29 21:00:00-03:00,0.0,0.0,0.0,-0.49
2017-06-29 22:00:00-03:00,0.0,0.0,0.0,-0.40900000000000003
2017-06-29 23:00:00-03:00,0.0,0.0,0.0,-0.194
2017-06-30 00:00:00-03:00,0.0,0.0,0.0,-0.11
2017-06-30 01:00:00-03:00,0.0,0.0,0.0,-0.11800000000000001
2017-06-30 02:00:00-03:00,0.0,0.0,0.0,-0.121
2017-06-30 03:00:00-03:00,0.0,0.0,0.0,-0.152
2017-06-30 04:00:00-03:00,0.0,0.0,0.0,-0.17200000000000001
2017-06-30 05:00:00-03:00,0.0,0.0,0.0,-0.11
2017-06-30 06:00:00-03:00,0.0,0.0,0.0,-0.057
2017-06-30 07:00:00-03:00,0.0,0.0,0.0,-0.193
2017-06-30 08:00:00-03:00,0.0,0.0,0.0,-0.358
2017-06-30 09:00:00-03:00,0.0,0.0,0.0,-0.642
2017-06-30 10:00:00-03:00,0.151,0.145,0.023,-0.493
2017-06-30 11:00:00-03:00,0.34500000000000003,0.315,0.056,0.528
2017-06-30 12:00:00-03:00,0.448,0.41500000000000004,0.07200000000000001,1.3940000000000001
2017-06-30 13:00:00-03:00,0.47800000000000004,0.445,0.077,2.107
2017-06-30 14:00:00-03:00,0.513,0.495,0.068,2.296
2017-06-30 15:00:00-03:00,0.467,0.45,0.059000000000000004,1.812
2017-06-30 16:00:00-03:00,0.152,0.128,0.042,0.041
2017-06-30 17:00:00-03:00,0.006,0.011,0.004,-1.309
2017-06-30 18:00:00-03:00,0.0,0.0,0.0,-1.038
2017-06-30 19:00:00-03:00,0.0,0.0,0.0,-1.127
2017-06-30 20:00:00-03:00,0.0,0.0,0.0,-1.167
2017-06-30 21:00:00-03:00,0.0,0.0,0.0,-0.9460000000000001
2017-06-30 22:00:00-03:00,0.0,0.0,0.0,-0.549
2017-06-30 23:00:00-03:00,0.0,0.0,0.0,0.187
2017-07-01 00:00:00-03:00,0.0,0.0,0.0,0.544
2017-07-01 01:00:00-03:00,0.0,0.0,0.0,0.617
2017-07-01 02:00:00-03:00,0.0,0.0,0.0,0.512
2017-07-01 03:00:00-03:00,0.0,0.0,0.0,0.7030000000000001
2017-07-01 04:00:00-03:00,0.0,0.0,0.0,1.428
2017-07-01 05:00:00-03:00,0.0,0.0,0.0,2.319
2017-07-01 06:00:00-03:00,0.0,0.0,0.0,2.941
2017-07-01 07:00:00-03:00,0.0,0.0,0.0,3.337
2017-07-01 08:00:00-03:00,0.0,0.0,0.0,3.547
2017-07-01 09:00:00-03:00,0.0,0.0,0.0,3.09
2017-07-01 10:00:00-03:00,0.03,0.025,0.02,2.9859999999999998
2017-07-01 11:00:00-03:00,0.045,0.017,0.045,3.383
2017-07-01 12:00:00-03:00,0.08,0.024,0.075,4.103
2017-07-01 13:00:00-03:00,0.10300000000000001,0.03,0.093,5.142
2017-07-01 14:00:00-03:00,0.088,0.025,0.083,6.5600000000000005
2017-07-01 15:00:00-03:00,0.08700000000000001,0.037,0.07200000000000001,7.775
2017-07-01 16:00:00-03:00,0.059000000000000004,0.038,0.04,7.522
2017-07-01 17:00:00-03:00,0.003,0.007,0.005,6.695
2017-07-01 18:00:00-03:00,0.0,0.0,0.0,6.187
2017-07-01 19:00:00-03:00,0.0,0.0,0.0,5.902
2017-07-01 20:00:00-03:00,0.0,0.0,0.0,5.678
2017-07-01 21:00:00-03:00,0.0,0.0,0.0,5.622
2017-07-01 22:00:00-03:00,0.0,0.0,0.0,5.214
2017-07-01 23:00:00-03:00,0.0,0.0,0.0,4.578
2017-07-02 00:00:00-03:00,0.0,0.0,0.0,4.0
2017-07-02 01:00:00-03:00,0.0,0.0,0.0,3.656
2017-07-02 02:00:00-03:00,0.0,0.0,0.0,3.496
2017-07-02 03:00:00-03:00,0.0,0.0,0.0,3.351
2017-07-02 04:00:00-03:00,0.0,0.0,0.0,3.12
2017-07-02 05:00:00-03:00,0.0,0.0,0.0,2.747
2017-07-02 06:00:00-03:00,0.0,0.0,0.0,2.404
2017-07-02 07:00:00-03:00,0.0,0.0,0.0,2.234
2017-07-02 08:00:00-03:00,0.0,0.0,0.0,2.074
2017-07-02 09:00:00-03:00,0.0,0.0,0.0,1.947
2017-07-02 10:00:00-03:00,0.001,0.001,0.006,2.072
2017-07-02 11:00:00-03:00,0.022,0.004,0.031,2.683
2017-07-02 12:00:00-03:00,0.031,0.004,0.043000000000000003,3.385
2017-07-02 13:00:00-03:00,0.031,0.003,0.043000000000000003,3.918
2017-07-02 14:00:00-03:00,0.035,0.004,0.047,4.155
2017-07-02 15:00:00-03:00,0.043000000000000003,0.009000000000000001,0.051000000000000004,4.285
2017-07-02 16:00:00-03:00,0.03,0.013000000000000001,0.033,3.941
2017-07-02 17:00:00-03:00,0.0,0.002,0.003,3.013
2017-07-02 18:00:00-03:00,0.0,0.0,0.0,1.8679999999999999
2017-07-02 19:00:00-03:00,0.0,0.0,0.0,1.345
2017-07-02 20:00:00-03:00,0.0,0.0,0.0,1.021
2017-07-02 21:00:00-03:00,0.0,0.0,0.0,1.374
2017-07-02 22:00:00-03:00,0.0,0.0,0.0,1.435
2017-07-02 23:00:00-03:00,0.0,0.0,0.0,1.129
2017-07-03 00:00:00-03:00,0.0,0.0,0.0,0.8210000000000001
2017-07-03 01:00:00-03:00,0.0,0.0,0.0,0.419
2017-07-03 02:00:00-03:00,0.0,0.0,0.0,0.28800000000000003
2017-07-03 03:00:00-03:00,0.0,0.0,0.0,0.606
2017-07-03 04:00:00-03:00,0.0,0.0,0.0,0.877
2017-07-03 05:00:00-03:00,0.0,0.0,0.0,0.9490000000000001
2017-07-03 06:00:00-03:00,0.0,0.0,0.0,1.066
2017-07-03 07:00:00-03:00,0.0,0.0,0.0,1.957
2017-07-03 08:00:00-03:00,0.0,0.0,0.0,2.2720000000000002
2017-07-03 09:00:00-03:00,0.0,0.0,0.0,2.707
2017-07-03 10:00:00-03:00,0.001,0.001,0.005,2.963
2017-07-03 11:00:00-03:00,0.024,0.007,0.031,2.9050000000000002
2017-07-03 12:00:00-03:00,0.10300000000000001,0.04,0.082,3.375
2017-07-03 13:00:00-03:00,0.314,0.23500000000000001,0.111,4.768
2017-07-03 14:00:00-03:00,0.447,0.40900000000000003,0.088,6.022
2017-07-03 15:00:00-03:00,0.294,0.247,0.079,5.8629999999999995
2017-07-03 16:00:00-03:00,0.229,0.20600000000000002,0.047,4.5969999999999995
2017-07-03 17:00:00-03:00,0.004,0.008,0.005,3.7800000000000002
2017-07-03 18:00:00-03:00,0.0,0.0,0.0,3.721
2017-07-03 19:00:00-03:00,0.0,0.0,0.0,3.299
2017-07-03 20:00:00-03:00,0.0,0.0,0.0,2.185
2017-07-03 21:00:00-03:00,0.0,0.0,0.0,2.031
2017-07-03 22:00:00-03:00,0.0,0.0,0.0,2.044
2017-07-03 23:00:00-03:00,0.0,0.0,0.0,1.972
2017-07-04 00:00:00-03:00,0.0,0.0,0.0,2.445
2017-07-04 01:00:00-03:00,0.0,0.0,0.0,3.231
2017-07-04 02:00:00-03:00,0.0,0.0,0.0,3.909
2017-07-04 03:00:00-03:00,0.0,0.0,0.0,3.383
2017-07-04 04:00:00-03:00,0.0,0.0,0.0,2.815
2017-07-04 05:00:00-03:00,0.0,0.0,0.0,2.653
2017-07-04 06:00:00-03:00,0.0,0.0,0.0,2.569
2017-07-04 07:00:00-03:00,0.0,0.0,0.0,2.429
2017-07-04 08:00:00-03:00,0.0,0.0,0.0,2.19
2017-07-04 09:00:00-03:00,0.0,0.001,0.0,1.88
2017-07-04 10:00:00-03:00,0.191,0.187,0.025,2.025
2017-07-04 11:00:00-03:00,0.377,0.357,0.054,3.284
2017-07-04 12:00:00-03:00,0.511,0.505,0.063,4.759
2017-07-04 13:00:00-03:00,0.534,0.533,0.067,5.939
2017-07-04 14:00:00-03:00,0.512,0.508,0.067,6.575
2017-07-04 15:00:00-03:00,0.436,0.425,0.06,6.409
2017-07-04 16:00:00-03:00,0.262,0.248,0.042,4.8
2017-07-04 17:00:00-03:00,0.032,0.041,0.006,1.8860000000000001
2017-07-04 18:00:00-03:00,0.0,0.0,0.0,1.037
2017-07-04 19:00:00-03:00,0.0,0.0,0.0,1.043
2017-07-04 20:00:00-03:00,0.0,0.0,0.0,0.59
2017-07-04 21:00:00-03:00,0.0,0.0,0.0,-0.242
2017-07-04 22:00:00-03:00,0.0,0.0,0.0,-0.747
2017-07-04 23:00:00-03:00,0.0,0.0,0.0,-0.903
2017-07-05 00:00:00-03:00,0.0,0.0,0.0,-1.028
2017-07-05 01:00:00-03:00,0.0,0.0,0.0,-1.217
2017-07-05 02:00:00-03:00,0.0,0.0,0.0,-1.477
2017-07-05 03:00:00-03:00,0.0,0.0,0.0,-1.763
2017-07-05 04:00:00-03:00,0.0,0.0,0.0,-1.799
2017-07-05 05:00:00-03:00,0.0,0.0,0.0,-1.884
2017-07-05 06:00:00-03:00,0.0,0.0,0.0,-2.02
2017-07-05 07:00:00-03:00,0.0,0.0,0.0,-2.211
2017-07-05 08:00:00-03:00,0.0,0.0,0.0,-2.366
2017-07-05 09:00:00-03:00,0.0,0.001,0.0,-2.426
2017-07-05 10:00:00-03:00,0.11,0.099,0.028,-1.737
2017-07-05 11:00:00-03:00,0.108,0.061,0.064,-0.364
2017-07-05 12:00:00-03:00,0.10300000000000001,0.036000000000000004,0.08600000000000001,0.9550000000000001
2017-07-05 13:00:00-03:00,0.095,0.023,0.09,1.858
2017-07-05 14:00:00-03:00,0.061,0.01,0.068,2.188
2017-07-05 15:00:00-03:00,0.025,0.004,0.036000000000000004,2.032
2017-07-05 16:00:00-03:00,0.006,0.002,0.013000000000000001,1.6920000000000002
2017-07-05 17:00:00-03:00,0.0,0.0,0.002,1.365
2017-07-05 18:00:00-03:00,0.0,0.0,0.0,1.183
2017-07-05 19:00:00-03:00,0.0,0.0,0.0,1.221
2017-07-05 20:00:00-03:00,0.0,0.0,0.0,1.1280000000000001
2017-07-05 21:00:00-03:00,0.0,0.0,0.0,1.118
2017-07-05 22:00:00-03:00,0.0,0.0,0.0,0.784
2017-07-05 23:00:00-03:00,0.0,0.0,0.0,0.024
2017-07-06 00:00:00-03:00,0.0,0.0,0.0,-0.507
2017-07-06 01:00:00-03:00,0.0,0.0,0.0,-0.8220000000000001
2017-07-06 02:00:00-03:00,0.0,0.0,0.0,-1.191
2017-07-06 03:00:00-03:00,0.0,0.0,0.0,-1.29
2017-07-06 04:00:00-03:00,0.0,0.0,0.0,-1.329
2017-07-06 05:00:00-03:00,0.0,0.0,0.0,-1.3860000000000001
2017-07-06 06:00:00-03:00,0.0,0.0,0.0,-1.26
2017-07-06 07:00:00-03:00,0.0,0.0,0.0,-0.89
2017-07-06 08:00:00-03:00,0.0,0.0,0.0,-0.31
2017-07-06 09:00:00-03:00,0.0,0.0,0.0,0.46
2017-07-06 10:00:00-03:00,0.048,0.041,0.024,1.474
2017-07-06 11:00:00-03:00,0.101,0.058,0.062,2.835
2017-07-06 12:00:00-03:00,0.136,0.064,0.093,3.714
2017-07-06 13:00:00-03:00,0.163,0.074,0.111,4.101
2017-07-06 14:00:00-03:00,0.167,0.081,0.108,4.173
2017-07-06 15:00:00-03:00,0.10400000000000001,0.047,0.077,3.807
2017-07-06 16:00:00-03:00,0.037,0.018000000000000002,0.035,3.056
2017-07-06 17:00:00-03:00,0.001,0.004,0.004,2.199
2017-07-06 18:00:00-03:00,0.0,0.0,0.0,1.679
2017-07-06 19:00:00-03:00,0.0,0.0,0.0,1.123
2017-07-06 20:00:00-03:00,0.0,0.0,0.0,0.868
2017-07-06 21:00:00-03:00,0.0,0.0,0.0,0.64
2017-07-06 22:00:00-03:00,0.0,0.0,0.0,0.398
2017-07-06 23:00:00-03:00,0.0,0.0,0.0,0.311
2017-07-07 00:00:00-03:00,0.0,0.0,0.0,0.137
2017-07-07 01:00:00-03:00,0.0,0.0,0.0,0.076
2017-07-07 02:00:00-03:00,0.0,0.0,0.0,0.07
2017-07-07 03:00:00-03:00,0.0,0.0,0.0,0.168
2017-07-07 04:00:00-03:00,0.0,0.0,0.0,0.435
2017-07-07 05:00:00-03:00,0.0,0.0,0.0,0.877
2017-07-07 06:00:00-03:00,0.0,0.0,0.0,1.237
2017-07-07 07:00:00-03:00,0.0,0.0,0.0,1.639
2017-07-07 08:00:00-03:00,0.0,0.0,0.0,1.6320000000000001
2017-07-07 09:00:00-03:00,0.0,0.0,0.0,1.445
2017-07-07 10:00:00-03:00,0.053,0.046,0.024,1.737
2017-07-07 11:00:00-03:00,0.17200000000000001,0.125,0.068,2.7359999999999998
2017-07-07 12:00:00-03:00,0.329,0.264,0.096,3.931
2017-07-07 13:00:00-03:00,0.327,0.246,0.114,4.92
2017-07-07 14:00:00-03:00,0.117,0.044,0.094,4.901
2017-07-07 15:00:00-03:00,0.08,0.03,0.07,4.582
2017-07-07 16:00:00-03:00,0.023,0.009000000000000001,0.028,3.6870000000000003
2017-07-07 17:00:00-03:00,0.0,0.002,0.003,2.724
2017-07-07 18:00:00-03:00,0.0,0.0,0.0,2.2720000000000002
2017-07-07 19:00:00-03:00,0.0,0.0,0.0,2.017
2017-07-07 20:00:00-03:00,0.0,0.0,0.0,1.8359999999999999
2017-07-07 21:00:00-03:00,0.0,0.0,0.0,1.5939999999999999
2017-07-07 22:00:00-03:00,0.0,0.0,0.0,1.442
2017-07-07 23:00:00-03:00,0.0,0.0,0.0,1.341
2017-07-08 00:00:00-03:00,0.0,0.0,0.0,1.31
2017-07-08 01:00:00-03:00,0.0,0.0,0.0,1.317
2017-07-08 02:00:00-03:00,0.0,0.0,0.0,1.319
2017-07-08 03:00:00-03:00,0.0,0.0,0.0,1.126
2017-07-08 04:00:00-03:00,0.0,0.0,0.0,0.924
2017-07-08 05:00:00-03:00,0.0,0.0,0.0,0.555
2017-07-08 06:00:00-03:00,0.0,0.0,0.0,0.012
2017-07-08 07:00:00-03:00,0.0,0.0,0.0,-0.108
2017-07-08 08:00:00-03:00,0.0,0.0,0.0,1.669
2017-07-08 09:00:00-03:00,0.0,0.0,0.0,2.5
2017-07-08 10:00:00-03:00,0.04,0.034,0.022,2.296
2017-07-08 11:00:00-03:00,0.155,0.109,0.067,2.294
2017-07-08 12:00:00-03:00,0.251,0.178,0.098,2.551
2017-07-08 13:00:00-03:00,0.308,0.225,0.111,2.6790000000000003
2017-07-08 14:00:00-03:00,0.261,0.178,0.107,2.645
2017-07-08 15:00:00-03:00,0.228,0.166,0.084,2.374
2017-07-08 16:00:00-03:00,0.154,0.124,0.049,1.596
2017-07-08 17:00:00-03:00,0.017,0.022,0.007,0.241
2017-07-08 18:00:00-03:00,0.0,0.0,0.0,-0.386
2017-07-08 19:00:00-03:00,0.0,0.0,0.0,-0.6940000000000001
2017-07-08 20:00:00-03:00,0.0,0.0,0.0,-0.859
2017-07-08 21:00:00-03:00,0.0,0.0,0.0,-0.766
2017-07-08 22:00:00-03:00,0.0,0.0,0.0,-0.6920000000000001
2017-07-08 23:00:00-03:00,0.0,0.0,0.0,-0.717
2017-07-09 00:00:00-03:00,0.0,0.0,0.0,-0.497
2017-07-09 01:00:00-03:00,0.0,0.0,0.0,-0.62
2017-07-09 02:00:00-03:00,0.0,0.0,0.0,-1.056
2017-07-09 03:00:00-03:00,0.0,0.0,0.0,-1.3980000000000001
2017-07-09 04:00:00-03:00,0.0,0.0,0.0,-1.459
2017-07-09 05:00:00-03:00,0.0,0.0,0.0,-1.4020000000000001
2017-07-09 06:00:00-03:00,0.0,0.0,0.0,-1.518
2017-07-09 07:00:00-03:00,0.0,0.0,0.0,-1.776
2017-07-09 08:00:00-03:00,0.0,0.0,0.0,-2.149
2017-07-09 09:00:00-03:00,0.0,0.001,0.0,-2.245
2017-07-09 10:00:00-03:00,0.09,0.081,0.026000000000000002,-1.896
2017-07-09 11:00:00-03:00,0.28700000000000003,0.244,0.065,-0.873
2017-07-09 12:00:00-03:00,0.468,0.431,0.076,0.41400000000000003
2017-07-09 13:00:00-03:00,0.529,0.503,0.077,1.322
2017-07-09 14:00:00-03:00,0.437,0.389,0.08600000000000001,1.5939999999999999
2017-07-09 15:00:00-03:00,0.322,0.271,0.078,1.322
2017-07-09 16:00:00-03:00,0.17200000000000001,0.14200000000000002,0.048,0.602
2017-07-09 17:00:00-03:00,0.01,0.015,0.006,-0.23900000000000002
2017-07-09 18:00:00-03:00,0.0,0.0,0.0,-0.403
2017-07-09 19:00:00-03:00,0.0,0.0,0.0,0.024
2017-07-09 20:00:00-03:00,0.0,0.0,0.0,0.433
2017-07-09 21:00:00-03:00,0.0,0.0,0.0,0.741
2017-07-09 22:00:00-03:00,0.0,0.0,0.0,1.006
2017-07-09 23:00:00-03:00,0.0,0.0,0.0,1.302
2017-07-10 00:00:00-03:00,0.0,0.0,0.0,1.619
2017-07-10 01:00:00-03:00,0.0,0.0,0.0,1.883
2017-07-10 02:00:00-03:00,0.0,0.0,0.0,2.121
2017-07-10 03:00:00-03:00,0.0,0.0,0.0,2.209
2017-07-10 04:00:00-03:00,0.0,0.0,0.0,1.8599999999999999
2017-07-10 05:00:00-03:00,0.0,0.0,0.0,1.15
2017-07-10 06:00:00-03:00,0.0,0.0,0.0,0.446
2017-07-10 07:00:00-03:00,0.0,0.0,0.0,-0.147
2017-07-10 08:00:00-03:00,0.0,0.0,0.0,-0.62
2017-07-10 09:00:00-03:00,0.0,0.001,0.0,-0.89
2017-07-10 10:00:00-03:00,0.08700000000000001,0.078,0.026000000000000002,-0.782
2017-07-10 11:00:00-03:00,0.354,0.321,0.06,0.437
2017-07-10 12:00:00-03:00,0.5630000000000001,0.561,0.061,1.8479999999999999
2017-07-10 13:00:00-03:00,0.598,0.607,0.06,2.648
2017-07-10 14:00:00-03:00,0.578,0.583,0.06,2.824
2017-07-10 15:00:00-03:00,0.509,0.504,0.056,2.534
2017-07-10 16:00:00-03:00,0.335,0.321,0.042,1.588
2017-07-10 17:00:00-03:00,0.053,0.061,0.008,-0.315
2017-07-10 18:00:00-03:00,0.0,0.0,0.0,-1.371
2017-07-10 19:00:00-03:00,0.0,0.0,0.0,-1.742
2017-07-10 20:00:00-03:00,0.0,0.0,0.0,-1.337
2017-07-10 21:00:00-03:00,0.0,0.0,0.0,-1.152
2017-07-10 22:00:00-03:00,0.0,0.0,0.0,-1.148
2017-07-10 23:00:00-03:00,0.0,0.0,0.0,-1.249
2017-07-11 00:00:00-03:00,0.0,0.0,0.0,-1.312
2017-07-11 01:00:00-03:00,0.0,0.0,0.0,-1.482
2017-07-11 02:00:00-03:00,0.0,0.0,0.0,-1.512
2017-07-11 03:00:00-03:00,0.0,0.0,0.0,-1.4969999999999999
2017-07-11 04:00:00-03:00,0.0,0.0,0.0,-1.461
2017-07-11 05:00:00-03:00,0.0,0.0,0.0,-1.408
2017-07-11 06:00:00-03:00,0.0,0.0,0.0,-1.323
2017-07-11 07:00:00-03:00,0.0,0.0,0.0,-1.215
2017-07-11 08:00:00-03:00,0.0,0.0,0.0,-1.238
2017-07-11 09:00:00-03:00,0.0,0.001,0.0,-1.172
2017-07-11 10:00:00-03:00,0.073,0.063,0.027,-0.801
2017-07-11 11:00:00-03:00,0.198,0.15,0.068,0.17200000000000001
2017-07-11 12:00:00-03:00,0.394,0.339,0.08700000000000001,1.49
2017-07-11 13:00:00-03:00,0.458,0.41100000000000003,0.09,2.7119999999999997
2017-07-11 14:00:00-03:00,0.437,0.39,0.088,3.26
2017-07-11 15:00:00-03:00,0.34900000000000003,0.304,0.077,3.183
2017-07-11 16:00:00-03:00,0.201,0.17300000000000001,0.05,2.33
2017-07-11 17:00:00-03:00,0.026000000000000002,0.032,0.008,0.687
2017-07-11 18:00:00-03:00,0.0,0.0,0.0,-0.171
2017-07-11 19:00:00-03:00,0.0,0.0,0.0,-0.767
2017-07-11 20:00:00-03:00,0.0,0.0,0.0,-0.977
2017-07-11 21:00:00-03:00,0.0,0.0,0.0,-1.116
2017-07-11 22:00:00-03:00,0.0,0.0,0.0,-1.23
2017-07-11 23:00:00-03:00,0.0,0.0,0.0,-1.342
2017-07-12 00:00:00-03:00,0.0,0.0,0.0,-1.287
2017-07-12 01:00:00-03:00,0.0,0.0,0.0,-1.295
2017-07-12 02:00:00-03:00,0.0,0.0,0.0,-1.314
2017-07-12 03:00:00-03:00,0.0,0.0,0.0,-1.374
2017-07-12 04:00:00-03:00,0.0,0.0,0.0,-1.449
2017-07-12 05:00:00-03:00,0.0,0.0,0.0,-1.517
2017-07-12 06:00:00-03:00,0.0,0.0,0.0,-1.506
2017-07-12 07:00:00-03:00,0.0,0.0,0.0,-1.438
2017-07-12 08:00:00-03:00,0.0,0.0,0.0,-1.413
2017-07-12 09:00:00-03:00,0.0,0.004,0.001,-1.451
2017-07-12 10:00:00-03:00,0.292,0.28600000000000003,0.028,-0.866
2017-07-12 11:00:00-03:00,0.512,0.51,0.048,0.41500000000000004
2017-07-12 12:00:00-03:00,0.608,0.624,0.052000000000000005,1.703
2017-07-12 13:00:00-03:00,0.628,0.652,0.053,2.852
2017-07-12 14:00:00-03:00,0.6000000000000001,0.619,0.054,3.401
2017-07-12 15:00:00-03:00,0.541,0.548,0.051000000000000004,3.086
2017-07-12 16:00:00-03:00,0.406,0.402,0.038,1.537
2017-07-12 17:00:00-03:00,0.10400000000000001,0.112,0.009000000000000001,-1.053
2017-07-12 18:00:00-03:00,0.0,0.0,0.0,-1.889
2017-07-12 19:00:00-03:00,0.0,0.0,0.0,-1.937
2017-07-12 20:00:00-03:00,0.0,0.0,0.0,-2.112
2017-07-12 21:00:00-03:00,0.0,0.0,0.0,-2.24
2017-07-12 22:00:00-03:00,0.0,0.0,0.0,-2.249
2017-07-12 23:00:00-03:00,0.0,0.0,0.0,-2.181
2017-07-13 00:00:00-03:00,0.0,0.0,0.0,-2.113
2017-07-13 01:00:00-03:00,0.0,0.0,0.0,-2.181
2017-07-13 02:00:00-03:00,0.0,0.0,0.0,-2.297
2017-07-13 03:00:00-03:00,0.0,0.0,0.0,-2.416
2017-07-13 04:00:00-03:00,0.0,0.0,0.0,-2.553
2017-07-13 05:00:00-03:00,0.0,0.0,0.0,-2.787
2017-07-13 06:00:00-03:00,0.0,0.0,0.0,-2.746
2017-07-13 07:00:00-03:00,0.0,0.0,0.0,-2.159
2017-07-13 08:00:00-03:00,0.0,0.0,0.0,-1.695
2017-07-13 09:00:00-03:00,0.0,0.001,0.001,-1.6320000000000001
2017-07-13 10:00:00-03:00,0.084,0.07100000000000001,0.03,-0.9450000000000001
2017-07-13 11:00:00-03:00,0.11900000000000001,0.07,0.068,0.42
2017-07-13 12:00:00-03:00,0.117,0.045,0.09,0.964
2017-07-13 13:00:00-03:00,0.113,0.035,0.097,1.344
2017-07-13 14:00:00-03:00,0.212,0.116,0.117,1.857
2017-07-13 15:00:00-03:00,0.199,0.129,0.091,1.581
2017-07-13 16:00:00-03:00,0.127,0.093,0.053,0.5670000000000001
2017-07-13 17:00:00-03:00,0.017,0.021,0.009000000000000001,-1.105
2017-07-13 18:00:00-03:00,0.0,0.0,0.0,-1.759
2017-07-13 19:00:00-03:00,0.0,0.0,0.0,-1.7890000000000001
2017-07-13 20:00:00-03:00,0.0,0.0,0.0,-1.7269999999999999
2017-07-13 21:00:00-03:00,0.0,0.0,0.0,-1.837
2017-07-13 22:00:00-03:00,0.0,0.0,0.0,-1.9260000000000002
2017-07-13 23:00:00-03:00,0.0,0.0,0.0,-2.006
2017-07-14 00:00:00-03:00,0.0,0.0,0.0,-2.25
2017-07-14 01:00:00-03:00,0.0,0.0,0.0,-2.6109999999999998
2017-07-14 02:00:00-03:00,0.0,0.0,0.0,-2.884
2017-07-14 03:00:00-03:00,0.0,0.0,0.0,-3.107
2017-07-14 04:00:00-03:00,0.0,0.0,0.0,-3.134
2017-07-14 05:00:00-03:00,0.0,0.0,0.0,-2.87
2017-07-14 06:00:00-03:00,0.0,0.0,0.0,-2.568
2017-07-14 07:00:00-03:00,0.0,0.0,0.0,-2.412
2017-07-14 08:00:00-03:00,0.0,0.0,0.0,-2.303
2017-07-14 09:00:00-03:00,0.0,0.0,0.0,-2.317
2017-07-14 10:00:00-03:00,0.048,0.037,0.026000000000000002,-2.108
2017-07-14 11:00:00-03:00,0.25,0.197,0.07200000000000001,-1.249
2017-07-14 12:00:00-03:00,0.398,0.336,0.092,-0.223
2017-07-14 13:00:00-03:00,0.37,0.29,0.108,0.398
2017-07-14 14:00:00-03:00,0.336,0.255,0.107,0.488
2017-07-14 15:00:00-03:00,0.291,0.227,0.08700000000000001,0.241
2017-07-14 16:00:00-03:00,0.152,0.117,0.053,-0.42
2017-07-14 17:00:00-03:00,0.018000000000000002,0.022,0.009000000000000001,-1.454
2017-07-14 18:00:00-03:00,0.0,0.0,0.0,-2.101
2017-07-14 19:00:00-03:00,0.0,0.0,0.0,-2.376
2017-07-14 20:00:00-03:00,0.0,0.0,0.0,-2.624
2017-07-14 21:00:00-03:00,0.0,0.0,0.0,-2.7720000000000002
2017-07-14 22:00:00-03:00,0.0,0.0,0.0,-2.932
2017-07-14 23:00:00-03:00,0.0,0.0,0.0,-2.972
2017-07-15 00:00:00-03:00,0.0,0.0,0.0,-3.006
2017-07-15 01:00:00-03:00,0.0,0.0,0.0,-3.105
2017-07-15 02:00:00-03:00,0.0,0.0,0.0,-3.169
2017-07-15 03:00:00-03:00,0.0,0.0,0.0,-3.121
2017-07-15 04:00:00-03:00,0.0,0.0,0.0,-3.052
2017-07-15 05:00:00-03:00,0.0,0.0,0.0,-2.948
2017-07-15 06:00:00-03:00,0.0,0.0,0.0,-2.814
2017-07-15 07:00:00-03:00,0.0,0.0,0.0,-2.574
2017-07-15 08:00:00-03:00,0.0,0.0,0.0,-2.211
2017-07-15 09:00:00-03:00,0.0,0.001,0.001,-1.804
2017-07-15 10:00:00-03:00,0.021,0.014,0.019,-1.171
2017-07-15 11:00:00-03:00,0.117,0.069,0.066,-0.211
2017-07-15 12:00:00-03:00,0.323,0.25,0.099,1.108
2017-07-15 13:00:00-03:00,0.487,0.442,0.091,2.271
2017-07-15 14:00:00-03:00,0.491,0.457,0.084,2.825
2017-07-15 15:00:00-03:00,0.433,0.4,0.073,2.7800000000000002
2017-07-15 16:00:00-03:00,0.266,0.23800000000000002,0.051000000000000004,2.182
2017-07-15 17:00:00-03:00,0.051000000000000004,0.056,0.011,1.162
2017-07-15 18:00:00-03:00,0.0,0.0,0.0,0.726
2017-07-15 19:00:00-03:00,0.0,0.0,0.0,0.884
2017-07-15 20:00:00-03:00,0.0,0.0,0.0,1.052
2017-07-15 21:00:00-03:00,0.0,0.0,0.0,1.181
2017-07-15 22:00:00-03:00,0.0,0.0,0.0,1.369
2017-07-15 23:00:00-03:00,0.0,0.0,0.0,1.657
2017-07-16 00:00:00-03:00,0.0,0.0,0.0,1.74
2017-07-16 01:00:00-03:00,0.0,0.0,0.0,1.833
2017-07-16 02:00:00-03:00,0.0,0.0,0.0,1.8860000000000001
2017-07-16 03:00:00-03:00,0.0,0.0,0.0,1.92
2017-07-16 04:00:00-03:00,0.0,0.0,0.0,1.9769999999999999
2017-07-16 05:00:00-03:00,0.0,0.0,0.0,2.12
2017-07-16 06:00:00-03:00,0.0,0.0,0.0,2.231
2017-07-16 07:00:00-03:00,0.0,0.0,0.0,2.306
2017-07-16 08:00:00-03:00,0.0,0.0,0.0,2.404
2017-07-16 09:00:00-03:00,0.0,0.0,0.0,2.493
2017-07-16 10:00:00-03:00,0.015,0.01,0.017,2.6310000000000002
2017-07-16 11:00:00-03:00,0.189,0.136,0.075,3.071
2017-07-16 12:00:00-03:00,0.395,0.338,0.095,3.7199999999999998
2017-07-16 13:00:00-03:00,0.427,0.366,0.10300000000000001,4.223
2017-07-16 14:00:00-03:00,0.403,0.34,0.10300000000000001,4.547
2017-07-16 15:00:00-03:00,0.211,0.145,0.09,4.522
2017-07-16 16:00:00-03:00,0.159,0.125,0.056,4.268
2017-07-16 17:00:00-03:00,0.023,0.027,0.01,3.811
2017-07-16 18:00:00-03:00,0.0,0.0,0.0,3.741
2017-07-16 19:00:00-03:00,0.0,0.0,0.0,3.903
2017-07-16 20:00:00-03:00,0.0,0.0,0.0,4.01
2017-07-16 21:00:00-03:00,0.0,0.0,0.0,4.149
2017-07-16 22:00:00-03:00,0.0,0.0,0.0,4.23
2017-07-16 23:00:00-03:00,0.0,0.0,0.0,4.217
2017-07-17 00:00:00-03:00,0.0,0.0,0.0,4.041
2017-07-17 01:00:00-03:00,0.0,0.0,0.0,4.055
2017-07-17 02:00:00-03:00,0.0,0.0,0.0,4.204
2017-07-17 03:00:00-03:00,0.0,0.0,0.0,4.239
2017-07-17 04:00:00-03:00,0.0,0.0,0.0,4.3
2017-07-17 05:00:00-03:00,0.0,0.0,0.0,4.58
2017-07-17 06:00:00-03:00,0.0,0.0,0.0,4.705
2017-07-17 07:00:00-03:00,0.0,0.0,0.0,4.608
2017-07-17 08:00:00-03:00,0.0,0.0,0.0,4.042
2017-07-17 09:00:00-03:00,0.0,0.001,0.001,3.7039999999999997
2017-07-17 10:00:00-03:00,0.013000000000000001,0.007,0.018000000000000002,3.884
2017-07-17 11:00:00-03:00,0.024,0.005,0.033,4.391
2017-07-17 12:00:00-03:00,0.055,0.01,0.063,5.208
2017-07-17 13:00:00-03:00,0.145,0.05,0.11900000000000001,6.357
2017-07-17 14:00:00-03:00,0.149,0.058,0.114,7.034
2017-07-17 15:00:00-03:00,0.14400000000000002,0.073,0.094,7.163
2017-07-17 16:00:00-03:00,0.084,0.05,0.054,6.968
2017-07-17 17:00:00-03:00,0.012,0.015,0.01,6.695
2017-07-17 18:00:00-03:00,0.0,0.0,0.0,6.556
2017-07-17 19:00:00-03:00,0.0,0.0,0.0,6.483
2017-07-17 20:00:00-03:00,0.0,0.0,0.0,6.305
2017-07-17 21:00:00-03:00,0.0,0.0,0.0,5.907
2017-07-17 22:00:00-03:00,0.0,0.0,0.0,5.325
2017-07-17 23:00:00-03:00,0.0,0.0,0.0,4.884
2017-07-18 00:00:00-03:00,0.0,0.0,0.0,4.508
2017-07-18 01:00:00-03:00,0.0,0.0,0.0,4.177
2017-07-18 02:00:00-03:00,0.0,0.0,0.0,3.865
2017-07-18 03:00:00-03:00,0.0,0.0,0.0,3.653
2017-07-18 04:00:00-03:00,0.0,0.0,0.0,3.482
2017-07-18 05:00:00-03:00,0.0,0.0,0.0,3.36
2017-07-18 06:00:00-03:00,0.0,0.0,0.0,3.349
2017-07-18 07:00:00-03:00,0.0,0.0,0.0,3.308
2017-07-18 08:00:00-03:00,0.0,0.0,0.0,3.063
2017-07-18 09:00:00-03:00,0.0,0.0,0.001,2.507
2017-07-18 10:00:00-03:00,0.008,0.003,0.015,2.5949999999999998
2017-07-18 11:00:00-03:00,0.024,0.004,0.034,3.164
2017-07-18 12:00:00-03:00,0.035,0.003,0.047,3.305
2017-07-18 13:00:00-03:00,0.035,0.002,0.048,3.177
2017-07-18 14:00:00-03:00,0.025,0.002,0.037,2.732
2017-07-18 15:00:00-03:00,0.012,0.001,0.023,1.72
2017-07-18 16:00:00-03:00,0.005,0.001,0.013000000000000001,1.249
2017-07-18 17:00:00-03:00,0.0,0.001,0.003,1.03
2017-07-18 18:00:00-03:00,0.0,0.0,0.0,1.063
2017-07-18 19:00:00-03:00,0.0,0.0,0.0,1.292
2017-07-18 20:00:00-03:00,0.0,0.0,0.0,1.619
2017-07-18 21:00:00-03:00,0.0,0.0,0.0,1.861
2017-07-18 22:00:00-03:00,0.0,0.0,0.0,2.166
2017-07-18 23:00:00-03:00,0.0,0.0,0.0,2.163
2017-07-19 00:00:00-03:00,0.0,0.0,0.0,1.568
2017-07-19 01:00:00-03:00,0.0,0.0,0.0,1.049
2017-07-19 02:00:00-03:00,0.0,0.0,0.0,0.726
2017-07-19 03:00:00-03:00,0.0,0.0,0.0,0.609
2017-07-19 04:00:00-03:00,0.0,0.0,0.0,0.443
2017-07-19 05:00:00-03:00,0.0,0.0,0.0,0.23
2017-07-19 06:00:00-03:00,0.0,0.0,0.0,0.066
2017-07-19 07:00:00-03:00,0.0,0.0,0.0,0.013000000000000001
2017-07-19 08:00:00-03:00,0.0,0.0,0.0,0.266
2017-07-19 09:00:00-03:00,0.0,0.0,0.001,0.301
2017-07-19 10:00:00-03:00,0.015,0.008,0.019,0.68
2017-07-19 11:00:00-03:00,0.061,0.021,0.058,1.506
2017-07-19 12:00:00-03:00,0.124,0.045,0.099,2.455
2017-07-19 13:00:00-03:00,0.177,0.074,0.125,3.568
2017-07-19 14:00:00-03:00,0.178,0.08,0.121,4.339
2017-07-19 15:00:00-03:00,0.146,0.074,0.095,4.602
2017-07-19 16:00:00-03:00,0.091,0.055,0.056,3.991
2017-07-19 17:00:00-03:00,0.021,0.023,0.012,2.906
2017-07-19 18:00:00-03:00,0.0,0.0,0.0,2.186
2017-07-19 19:00:00-03:00,0.0,0.0,0.0,1.699
2017-07-19 20:00:00-03:00,0.0,0.0,0.0,1.25
2017-07-19 21:00:00-03:00,0.0,0.0,0.0,0.914
2017-07-19 22:00:00-03:00,0.0,0.0,0.0,0.684
2017-07-19 23:00:00-03:00,0.0,0.0,0.0,0.533
2017-07-20 00:00:00-03:00,0.0,0.0,0.0,0.509
2017-07-20 01:00:00-03:00,0.0,0.0,0.0,0.354
2017-07-20 02:00:00-03:00,0.0,0.0,0.0,0.07200000000000001
2017-07-20 03:00:00-03:00,0.0,0.0,0.0,-0.005
2017-07-20 04:00:00-03:00,0.0,0.0,0.0,0.216
2017-07-20 05:00:00-03:00,0.0,0.0,0.0,0.377
2017-07-20 06:00:00-03:00,0.0,0.0,0.0,0.12
2017-07-20 07:00:00-03:00,0.0,0.0,0.0,-0.194
2017-07-20 08:00:00-03:00,0.0,0.0,0.0,-0.314
2017-07-20 09:00:00-03:00,0.0,0.001,0.001,-0.211
2017-07-20 10:00:00-03:00,0.01,0.005,0.017,0.559
2017-07-20 11:00:00-03:00,0.032,0.007,0.04,1.502
2017-07-20 12:00:00-03:00,0.064,0.012,0.07,2.008
2017-07-20 13:00:00-03:00,0.099,0.021,0.097,2.591
2017-07-20 14:00:00-03:00,0.129,0.04,0.109,3.212
2017-07-20 15:00:00-03:00,0.168,0.089,0.1,3.541
2017-07-20 16:00:00-03:00,0.131,0.089,0.062,2.741
2017-07-20 17:00:00-03:00,0.028,0.029,0.013000000000000001,0.535
2017-07-20 18:00:00-03:00,0.0,0.0,0.0,-0.403
2017-07-20 19:00:00-03:00,0.0,0.0,0.0,-0.788
2017-07-20 20:00:00-03:00,0.0,0.0,0.0,-1.189
2017-07-20 21:00:00-03:00,0.0,0.0,0.0,-1.424
2017-07-20 22:00:00-03:00,0.0,0.0,0.0,-1.131
2017-07-20 23:00:00-03:00,0.0,0.0,0.0,-0.65
2017-07-21 00:00:00-03:00,0.0,0.0,0.0,-0.6940000000000001
2017-07-21 01:00:00-03:00,0.0,0.0,0.0,-0.644
2017-07-21 02:00:00-03:00,0.0,0.0,0.0,-0.771
2017-07-21 03:00:00-03:00,0.0,0.0,0.0,-0.855
2017-07-21 04:00:00-03:00,0.0,0.0,0.0,-0.613
2017-07-21 05:00:00-03:00,0.0,0.0,0.0,-0.423
2017-07-21 06:00:00-03:00,0.0,0.0,0.0,-0.445
2017-07-21 07:00:00-03:00,0.0,0.0,0.0,-0.454
2017-07-21 08:00:00-03:00,0.0,0.0,0.0,-0.333
2017-07-21 09:00:00-03:00,0.0,0.0,0.0,0.10400000000000001
2017-07-21 10:00:00-03:00,0.002,0.001,0.009000000000000001,0.468
2017-07-21 11:00:00-03:00,0.014,0.002,0.024,0.679
2017-07-21 12:00:00-03:00,0.049,0.007,0.058,0.881
2017-07-21 13:00:00-03:00,0.135,0.039,0.115,1.631
2017-07-21 14:00:00-03:00,0.267,0.161,0.131,2.934
2017-07-21 15:00:00-03:00,0.334,0.266,0.099,3.833
2017-07-21 16:00:00-03:00,0.195,0.152,0.066,3.196
2017-07-21 17:00:00-03:00,0.008,0.009000000000000001,0.009000000000000001,1.9889999999999999
2017-07-21 18:00:00-03:00,0.0,0.0,0.0,2.355
2017-07-21 19:00:00-03:00,0.0,0.0,0.0,2.63
2017-07-21 20:00:00-03:00,0.0,0.0,0.0,2.664
2017-07-21 21:00:00-03:00,0.0,0.0,0.0,2.783
2017-07-21 22:00:00-03:00,0.0,0.0,0.0,2.754
2017-07-21 23:00:00-03:00,0.0,0.0,0.0,2.746
2017-07-22 00:00:00-03:00,0.0,0.0,0.0,2.781
2017-07-22 01:00:00-03:00,0.0,0.0,0.0,2.71
2017-07-22 02:00:00-03:00,0.0,0.0,0.0,2.637
2017-07-22 03:00:00-03:00,0.0,0.0,0.0,2.443
2017-07-22 04:00:00-03:00,0.0,0.0,0.0,2.249
2017-07-22 05:00:00-03:00,0.0,0.0,0.0,2.114
2017-07-22 06:00:00-03:00,0.0,0.0,0.0,2.197
2017-07-22 07:00:00-03:00,0.0,0.0,0.0,2.061
2017-07-22 08:00:00-03:00,0.0,0.0,0.0,1.998
2017-07-22 09:00:00-03:00,0.0,0.003,0.002,2.088
2017-07-22 10:00:00-03:00,0.062,0.046,0.034,2.526
2017-07-22 11:00:00-03:00,0.196,0.138,0.08,3.254
2017-07-22 12:00:00-03:00,0.367,0.296,0.106,4.048
2017-07-22 13:00:00-03:00,0.343,0.254,0.123,4.59
2017-07-22 14:00:00-03:00,0.28300000000000003,0.19,0.122,4.792
2017-07-22 15:00:00-03:00,0.232,0.158,0.1,4.639
2017-07-22 16:00:00-03:00,0.10200000000000001,0.065,0.057,4.062
2017-07-22 17:00:00-03:00,0.019,0.02,0.013000000000000001,3.125
2017-07-22 18:00:00-03:00,0.0,0.0,0.0,2.48
2017-07-22 19:00:00-03:00,0.0,0.0,0.0,2.185
2017-07-22 20:00:00-03:00,0.0,0.0,0.0,1.9
2017-07-22 21:00:00-03:00,0.0,0.0,0.0,1.541
2017-07-22 22:00:00-03:00,0.0,0.0,0.0,1.313
2017-07-22 23:00:00-03:00,0.0,0.0,0.0,0.915
2017-07-23 00:00:00-03:00,0.0,0.0,0.0,0.722
2017-07-23 01:00:00-03:00,0.0,0.0,0.0,0.404
2017-07-23 02:00:00-03:00,0.0,0.0,0.0,0.209
2017-07-23 03:00:00-03:00,0.0,0.0,0.0,0.262
2017-07-23 04:00:00-03:00,0.0,0.0,0.0,0.488
2017-07-23 05:00:00-03:00,0.0,0.0,0.0,0.58
2017-07-23 06:00:00-03:00,0.0,0.0,0.0,0.725
2017-07-23 07:00:00-03:00,0.0,0.0,0.0,0.9490000000000001
2017-07-23 08:00:00-03:00,0.0,0.0,0.0,0.997
2017-07-23 09:00:00-03:00,0.0,0.001,0.002,0.9420000000000001
2017-07-23 10:00:00-03:00,0.029,0.017,0.026000000000000002,1.093
2017-07-23 11:00:00-03:00,0.108,0.054,0.073,1.5750000000000002
2017-07-23 12:00:00-03:00,0.243,0.151,0.115,2.254
2017-07-23 13:00:00-03:00,0.296,0.193,0.129,2.775
2017-07-23 14:00:00-03:00,0.343,0.253,0.121,3.169
2017-07-23 15:00:00-03:00,0.264,0.191,0.099,3.226
2017-07-23 16:00:00-03:00,0.19,0.149,0.063,2.808
2017-07-23 17:00:00-03:00,0.07200000000000001,0.07200000000000001,0.018000000000000002,1.027
2017-07-23 18:00:00-03:00,0.0,0.0,0.0,-0.484
2017-07-23 19:00:00-03:00,0.0,0.0,0.0,-0.34700000000000003
2017-07-23 20:00:00-03:00,0.0,0.0,0.0,-0.364
2017-07-23 21:00:00-03:00,0.0,0.0,0.0,-0.02
2017-07-23 22:00:00-03:00,0.0,0.0,0.0,-0.34700000000000003
2017-07-23 23:00:00-03:00,0.0,0.0,0.0,-0.76
2017-07-24 00:00:00-03:00,0.0,0.0,0.0,-0.707
2017-07-24 01:00:00-03:00,0.0,0.0,0.0,-0.448
2017-07-24 02:00:00-03:00,0.0,0.0,0.0,-0.193
2017-07-24 03:00:00-03:00,0.0,0.0,0.0,0.057
2017-07-24 04:00:00-03:00,0.0,0.0,0.0,0.088
2017-07-24 05:00:00-03:00,0.0,0.0,0.0,-0.131
2017-07-24 06:00:00-03:00,0.0,0.0,0.0,-0.20600000000000002
2017-07-24 07:00:00-03:00,0.0,0.0,0.0,-0.399
2017-07-24 08:00:00-03:00,0.0,0.0,0.0,-0.658
2017-07-24 09:00:00-03:00,0.005,0.01,0.003,-0.874
2017-07-24 10:00:00-03:00,0.185,0.161,0.043000000000000003,0.429
2017-07-24 11:00:00-03:00,0.231,0.171,0.082,1.81
2017-07-24 12:00:00-03:00,0.234,0.145,0.112,2.81
2017-07-24 13:00:00-03:00,0.294,0.193,0.13,3.6710000000000003
2017-07-24 14:00:00-03:00,0.277,0.181,0.123,4.03
2017-07-24 15:00:00-03:00,0.28400000000000003,0.213,0.098,4.023
2017-07-24 16:00:00-03:00,0.20800000000000002,0.168,0.064,3.628
2017-07-24 17:00:00-03:00,0.051000000000000004,0.051000000000000004,0.017,2.503
2017-07-24 18:00:00-03:00,0.0,0.0,0.0,1.007
2017-07-24 19:00:00-03:00,0.0,0.0,0.0,1.049
2017-07-24 20:00:00-03:00,0.0,0.0,0.0,1.096
2017-07-24 21:00:00-03:00,0.0,0.0,0.0,0.936
2017-07-24 22:00:00-03:00,0.0,0.0,0.0,0.562
2017-07-24 23:00:00-03:00,0.0,0.0,0.0,0.684
2017-07-25 00:00:00-03:00,0.0,0.0,0.0,0.802
2017-07-25 01:00:00-03:00,0.0,0.0,0.0,0.792
2017-07-25 02:00:00-03:00,0.0,0.0,0.0,0.985
2017-07-25 03:00:00-03:00,0.0,0.0,0.0,2.329
2017-07-25 04:00:00-03:00,0.0,0.0,0.0,2.634
2017-07-25 05:00:00-03:00,0.0,0.0,0.0,2.3970000000000002
2017-07-25 06:00:00-03:00,0.0,0.0,0.0,2.311
2017-07-25 07:00:00-03:00,0.0,0.0,0.0,2.331
2017-07-25 08:00:00-03:00,0.0,0.0,0.0,2.344
2017-07-25 09:00:00-03:00,0.002,0.006,0.003,2.65
2017-07-25 10:00:00-03:00,0.08,0.059000000000000004,0.04,3.698
2017-07-25 11:00:00-03:00,0.178,0.113,0.088,4.893
2017-07-25 12:00:00-03:00,0.149,0.061,0.111,5.607
2017-07-25 13:00:00-03:00,0.116,0.029,0.108,5.981
2017-07-25 14:00:00-03:00,0.136,0.042,0.117,6.339
2017-07-25 15:00:00-03:00,0.074,0.02,0.074,6.45
2017-07-25 16:00:00-03:00,0.062,0.027,0.053,6.419
2017-07-25 17:00:00-03:00,0.024,0.022,0.016,5.6690000000000005
2017-07-25 18:00:00-03:00,0.0,0.0,0.0,4.734
2017-07-25 19:00:00-03:00,0.0,0.0,0.0,4.199
2017-07-25 20:00:00-03:00,0.0,0.0,0.0,3.7279999999999998
2017-07-25 21:00:00-03:00,0.0,0.0,0.0,3.328
2017-07-25 22:00:00-03:00,0.0,0.0,0.0,3.039
2017-07-25 23:00:00-03:00,0.0,0.0,0.0,2.731
2017-07-26 00:00:00-03:00,0.0,0.0,0.0,2.789
2017-07-26 01:00:00-03:00,0.0,0.0,0.0,3.059
2017-07-26 02:00:00-03:00,0.0,0.0,0.0,3.534
2017-07-26 03:00:00-03:00,0.0,0.0,0.0,3.354
2017-07-26 04:00:00-03:00,0.0,0.0,0.0,3.345
2017-07-26 05:00:00-03:00,0.0,0.0,0.0,3.173
2017-07-26 06:00:00-03:00,0.0,0.0,0.0,2.98
2017-07-26 07:00:00-03:00,0.0,0.0,0.0,2.919
2017-07-26 08:00:00-03:00,0.0,0.0,0.0,2.919
2017-07-26 09:00:00-03:00,0.004,0.009000000000000001,0.004,2.928
2017-07-26 10:00:00-03:00,0.198,0.17300000000000001,0.047,3.085
2017-07-26 11:00:00-03:00,0.31,0.252,0.088,4.319
2017-07-26 12:00:00-03:00,0.154,0.067,0.109,5.106
2017-07-26 13:00:00-03:00,0.217,0.10300000000000001,0.14,5.846
2017-07-26 14:00:00-03:00,0.155,0.056,0.122,5.956
2017-07-26 15:00:00-03:00,0.082,0.023,0.079,5.23
2017-07-26 16:00:00-03:00,0.045,0.016,0.046,4.209
2017-07-26 17:00:00-03:00,0.021,0.018000000000000002,0.017,3.22
2017-07-26 18:00:00-03:00,0.0,0.0,0.0,2.434
2017-07-26 19:00:00-03:00,0.0,0.0,0.0,2.0
2017-07-26 20:00:00-03:00,0.0,0.0,0.0,1.581
2017-07-26 21:00:00-03:00,0.0,0.0,0.0,1.143
2017-07-26 22:00:00-03:00,0.0,0.0,0.0,0.645
2017-07-26 23:00:00-03:00,0.0,0.0,0.0,0.03
2017-07-27 00:00:00-03:00,0.0,0.0,0.0,-0.77
2017-07-27 01:00:00-03:00,0.0,0.0,0.0,-1.2690000000000001
2017-07-27 02:00:00-03:00,0.0,0.0,0.0,-1.633
2017-07-27 03:00:00-03:00,0.0,0.0,0.0,-1.288
2017-07-27 04:00:00-03:00,0.0,0.0,0.0,-0.937
2017-07-27 05:00:00-03:00,0.0,0.0,0.0,-0.671
2017-07-27 06:00:00-03:00,0.0,0.0,0.0,-0.709
2017-07-27 07:00:00-03:00,0.0,0.0,0.0,-0.721
2017-07-27 08:00:00-03:00,0.0,0.0,0.0,-0.775
2017-07-27 09:00:00-03:00,0.0,0.0,0.001,-0.774
2017-07-27 10:00:00-03:00,0.01,0.003,0.018000000000000002,-0.187
2017-07-27 11:00:00-03:00,0.025,0.003,0.036000000000000004,0.54
2017-07-27 12:00:00-03:00,0.038,0.003,0.051000000000000004,0.882
2017-07-27 13:00:00-03:00,0.041,0.003,0.054,0.9590000000000001
2017-07-27 14:00:00-03:00,0.036000000000000004,0.002,0.049,0.877
2017-07-27 15:00:00-03:00,0.025,0.002,0.037,0.714
2017-07-27 16:00:00-03:00,0.013000000000000001,0.002,0.023,0.424
2017-07-27 17:00:00-03:00,0.002,0.001,0.007,-0.216
2017-07-27 18:00:00-03:00,0.0,0.0,0.0,-0.852
2017-07-27 19:00:00-03:00,0.0,0.0,0.0,-1.086
2017-07-27 20:00:00-03:00,0.0,0.0,0.0,-1.096
2017-07-27 21:00:00-03:00,0.0,0.0,0.0,-0.997
2017-07-27 22:00:00-03:00,0.0,0.0,0.0,-0.894
2017-07-27 23:00:00-03:00,0.0,0.0,0.0,-1.141
2017-07-28 00:00:00-03:00,0.0,0.0,0.0,-1.871
2017-07-28 01:00:00-03:00,0.0,0.0,0.0,-2.928
2017-07-28 02:00:00-03:00,0.0,0.0,0.0,-3.846
2017-07-28 03:00:00-03:00,0.0,0.0,0.0,-4.638
2017-07-28 04:00:00-03:00,0.0,0.0,0.0,-5.347
2017-07-28 05:00:00-03:00,0.0,0.0,0.0,-5.663
2017-07-28 06:00:00-03:00,0.0,0.0,0.0,-5.648
2017-07-28 07:00:00-03:00,0.0,0.0,0.0,-5.473
2017-07-28 08:00:00-03:00,0.0,0.0,0.0,-5.321
2017-07-28 09:00:00-03:00,0.033,0.041,0.006,-5.255
2017-07-28 10:00:00-03:00,0.401,0.382,0.042,-3.665
2017-07-28 11:00:00-03:00,0.5730000000000001,0.562,0.061,-1.6640000000000001
2017-07-28 12:00:00-03:00,0.606,0.592,0.074,-0.305
2017-07-28 13:00:00-03:00,0.529,0.48,0.097,0.32
2017-07-28 14:00:00-03:00,0.424,0.343,0.114,0.463
2017-07-28 15:00:00-03:00,0.196,0.114,0.101,0.20600000000000002
2017-07-28 16:00:00-03:00,0.099,0.056,0.06,-0.343
2017-07-28 17:00:00-03:00,0.032,0.027,0.019,-1.5819999999999999
2017-07-28 18:00:00-03:00,0.0,0.0,0.0,-3.001
2017-07-28 19:00:00-03:00,0.0,0.0,0.0,-3.438
2017-07-28 20:00:00-03:00,0.0,0.0,0.0,-3.516
2017-07-28 21:00:00-03:00,0.0,0.0,0.0,-3.516
2017-07-28 22:00:00-03:00,0.0,0.0,0.0,-3.406
2017-07-28 23:00:00-03:00,0.0,0.0,0.0,-3.029
2017-07-29 00:00:00-03:00,0.0,0.0,0.0,-2.667
2017-07-29 01:00:00-03:00,0.0,0.0,0.0,-2.566
2017-07-29 02:00:00-03:00,0.0,0.0,0.0,-2.5700000000000003
2017-07-29 03:00:00-03:00,0.0,0.0,0.0,-2.289
2017-07-29 04:00:00-03:00,0.0,0.0,0.0,-2.281
2017-07-29 05:00:00-03:00,0.0,0.0,0.0,-2.5300000000000002
2017-07-29 06:00:00-03:00,0.0,0.0,0.0,-2.723
2017-07-29 07:00:00-03:00,0.0,0.0,0.0,-2.499
2017-07-29 08:00:00-03:00,0.0,0.0,0.0,-2.058
2017-07-29 09:00:00-03:00,0.006,0.01,0.005,-1.333
2017-07-29 10:00:00-03:00,0.054,0.032,0.038,-0.2
2017-07-29 11:00:00-03:00,0.191,0.11900000000000001,0.092,1.024
2017-07-29 12:00:00-03:00,0.279,0.178,0.126,2.154
2017-07-29 13:00:00-03:00,0.241,0.121,0.14400000000000002,2.773
2017-07-29 14:00:00-03:00,0.151,0.05,0.121,2.836
2017-07-29 15:00:00-03:00,0.115,0.041,0.093,2.757
2017-07-29 16:00:00-03:00,0.14,0.089,0.07100000000000001,2.531
2017-07-29 17:00:00-03:00,0.065,0.058,0.025,1.816
2017-07-29 18:00:00-03:00,0.0,0.0,0.0,0.78
2017-07-29 19:00:00-03:00,0.0,0.0,0.0,0.17
2017-07-29 20:00:00-03:00,0.0,0.0,0.0,-0.091
2017-07-29 21:00:00-03:00,0.0,0.0,0.0,-0.161
2017-07-29 22:00:00-03:00,0.0,0.0,0.0,-0.089
2017-07-29 23:00:00-03:00,0.0,0.0,0.0,-0.075
2017-07-30 00:00:00-03:00,0.0,0.0,0.0,-0.023
2017-07-30 01:00:00-03:00,0.0,0.0,0.0,0.382
2017-07-30 02:00:00-03:00,0.0,0.0,0.0,1.028
2017-07-30 03:00:00-03:00,0.0,0.0,0.0,1.552
2017-07-30 04:00:00-03:00,0.0,0.0,0.0,1.663
2017-07-30 05:00:00-03:00,0.0,0.0,0.0,1.762
2017-07-30 06:00:00-03:00,0.0,0.0,0.0,1.925
2017-07-30 07:00:00-03:00,0.0,0.0,0.0,2.105
2017-07-30 08:00:00-03:00,0.0,0.0,0.0,2.278
2017-07-30 09:00:00-03:00,0.002,0.005,0.005,2.463
2017-07-30 10:00:00-03:00,0.047,0.026000000000000002,0.038,2.946
2017-07-30 11:00:00-03:00,0.14100000000000001,0.07200000000000001,0.09,3.653
2017-07-30 12:00:00-03:00,0.21,0.10400000000000001,0.129,4.369
2017-07-30 13:00:00-03:00,0.186,0.069,0.14,4.828
2017-07-30 14:00:00-03:00,0.148,0.045,0.126,4.934
2017-07-30 15:00:00-03:00,0.093,0.025,0.088,4.771
2017-07-30 16:00:00-03:00,0.05,0.016,0.051000000000000004,4.495
2017-07-30 17:00:00-03:00,0.011,0.007,0.015,4.116
2017-07-30 18:00:00-03:00,0.0,0.0,0.0,3.973
2017-07-30 19:00:00-03:00,0.0,0.0,0.0,4.194
2017-07-30 20:00:00-03:00,0.0,0.0,0.0,4.43
2017-07-30 21:00:00-03:00,0.0,0.0,0.0,4.572
2017-07-30 22:00:00-03:00,0.0,0.0,0.0,4.657
2017-07-30 23:00:00-03:00,0.0,0.0,0.0,4.719
2017-07-31 00:00:00-03:00,0.0,0.0,0.0,4.634
2017-07-31 01:00:00-03:00,0.0,0.0,0.0,4.39
2017-07-31 02:00:00-03:00,0.0,0.0,0.0,4.107
2017-07-31 03:00:00-03:00,0.0,0.0,0.0,3.868
2017-07-31 04:00:00-03:00,0.0,0.0,0.0,3.757
2017-07-31 05:00:00-03:00,0.0,0.0,0.0,3.651
2017-07-31 06:00:00-03:00,0.0,0.0,0.0,3.62
2017-07-31 07:00:00-03:00,0.0,0.0,0.0,3.597
2017-07-31 08:00:00-03:00,0.0,0.0,0.0,3.462
2017-07-31 09:00:00-03:00,0.0,0.001,0.003,3.217
2017-07-31 10:00:00-03:00,0.015,0.005,0.022,3.179
2017-07-31 11:00:00-03:00,0.045,0.009000000000000001,0.053,3.4
2017-07-31 12:00:00-03:00,0.08,0.014,0.08600000000000001,3.89
2017-07-31 13:00:00-03:00,0.11900000000000001,0.023,0.117,4.51
2017-07-31 14:00:00-03:00,0.137,0.035,0.124,5.05
2017-07-31 15:00:00-03:00,0.121,0.039,0.10300000000000001,5.311
2017-07-31 16:00:00-03:00,0.078,0.033,0.065,5.06
2017-07-31 17:00:00-03:00,0.019,0.013000000000000001,0.02,4.286
2017-07-31 18:00:00-03:00,0.0,0.0,0.0,3.629
2017-07-31 19:00:00-03:00,0.0,0.0,0.0,3.529
2017-07-31 20:00:00-03:00,0.0,0.0,0.0,3.461
2017-07-31 21:00:00-03:00,0.0,0.0,0.0,3.528
2017-07-31 22:00:00-03:00,0.0,0.0,0.0,3.729
2017-07-31 23:00:00-03:00,0.0,0.0,0.0,3.84
2017-08-01 00:00:00-03:00,0.0,0.0,0.0,3.77
2017-08-01 01:00:00-03:00,0.0,0.0,0.0,3.77
2017-08-01 02:00:00-03:00,0.0,0.0,0.0,3.827
2017-08-01 03:00:00-03:00,0.0,0.0,0.0,3.943
2017-08-01 04:00:00-03:00,0.0,0.0,0.0,3.697
2017-08-01 05:00:00-03:00,0.0,0.0,0.0,3.446
2017-08-01 06:00:00-03:00,0.0,0.0,0.0,3.438
2017-08-01 07:00:00-03:00,0.0,0.0,0.0,3.59
2017-08-01 08:00:00-03:00,0.0,0.0,0.0,3.782
2017-08-01 09:00:00-03:00,0.001,0.003,0.004,4.025
2017-08-01 10:00:00-03:00,0.026000000000000002,0.012,0.029,4.324
2017-08-01 11:00:00-03:00,0.08700000000000001,0.034,0.073,4.519
2017-08-01 12:00:00-03:00,0.246,0.147,0.125,4.882
2017-08-01 13:00:00-03:00,0.513,0.463,0.111,5.513
2017-08-01 14:00:00-03:00,0.54,0.51,0.097,5.875
2017-08-01 15:00:00-03:00,0.466,0.429,0.089,5.861
2017-08-01 16:00:00-03:00,0.352,0.32,0.068,5.337
2017-08-01 17:00:00-03:00,0.155,0.147,0.03,4.337
2017-08-01 18:00:00-03:00,0.0,0.0,0.0,3.298
2017-08-01 19:00:00-03:00,0.0,0.0,0.0,2.746
2017-08-01 20:00:00-03:00,0.0,0.0,0.0,2.322
2017-08-01 21:00:00-03:00,0.0,0.0,0.0,2.007
2017-08-01 22:00:00-03:00,0.0,0.0,0.0,1.839
2017-08-01 23:00:00-03:00,0.0,0.0,0.0,1.75
2017-08-02 00:00:00-03:00,0.0,0.0,0.0,1.82
2017-08-02 01:00:00-03:00,0.0,0.0,0.0,1.69
2017-08-02 02:00:00-03:00,0.0,0.0,0.0,1.227
2017-08-02 03:00:00-03:00,0.0,0.0,0.0,1.01
2017-08-02 04:00:00-03:00,0.0,0.0,0.0,1.073
2017-08-02 05:00:00-03:00,0.0,0.0,0.0,0.988
2017-08-02 06:00:00-03:00,0.0,0.0,0.0,0.747
2017-08-02 07:00:00-03:00,0.0,0.0,0.0,0.389
2017-08-02 08:00:00-03:00,0.0,0.0,0.0,0.28200000000000003
2017-08-02 09:00:00-03:00,0.002,0.004,0.005,0.577
2017-08-02 10:00:00-03:00,0.043000000000000003,0.02,0.039,1.336
2017-08-02 11:00:00-03:00,0.121,0.052000000000000005,0.089,2.316
2017-08-02 12:00:00-03:00,0.195,0.085,0.133,3.515
2017-08-02 13:00:00-03:00,0.177,0.057,0.14200000000000002,4.257
2017-08-02 14:00:00-03:00,0.14,0.036000000000000004,0.125,4.353
2017-08-02 15:00:00-03:00,0.10200000000000001,0.027,0.095,4.213
2017-08-02 16:00:00-03:00,0.053,0.016,0.054,3.7439999999999998
2017-08-02 17:00:00-03:00,0.012,0.007,0.017,2.919
2017-08-02 18:00:00-03:00,0.0,0.0,0.0,2.003
2017-08-02 19:00:00-03:00,0.0,0.0,0.0,1.5779999999999998
2017-08-02 20:00:00-03:00,0.0,0.0,0.0,1.332
2017-08-02 21:00:00-03:00,0.0,0.0,0.0,1.028
2017-08-02 22:00:00-03:00,0.0,0.0,0.0,0.594
2017-08-02 23:00:00-03:00,0.0,0.0,0.0,-0.026000000000000002
2017-08-03 00:00:00-03:00,0.0,0.0,0.0,-0.17500000000000002
2017-08-03 01:00:00-03:00,0.0,0.0,0.0,0.053
2017-08-03 02:00:00-03:00,0.0,0.0,0.0,0.811
2017-08-03 03:00:00-03:00,0.0,0.0,0.0,1.45
2017-08-03 04:00:00-03:00,0.0,0.0,0.0,1.698
2017-08-03 05:00:00-03:00,0.0,0.0,0.0,1.925
2017-08-03 06:00:00-03:00,0.0,0.0,0.0,2.075
2017-08-03 07:00:00-03:00,0.0,0.0,0.0,2.14
2017-08-03 08:00:00-03:00,0.0,0.0,0.0,2.089
2017-08-03 09:00:00-03:00,0.02,0.026000000000000002,0.008,1.859
2017-08-03 10:00:00-03:00,0.325,0.301,0.052000000000000005,2.079
2017-08-03 11:00:00-03:00,0.515,0.496,0.07200000000000001,2.842
2017-08-03 12:00:00-03:00,0.5670000000000001,0.548,0.085,3.66
2017-08-03 13:00:00-03:00,0.548,0.514,0.097,4.152
2017-08-03 14:00:00-03:00,0.49,0.437,0.105,4.263
2017-08-03 15:00:00-03:00,0.422,0.368,0.095,4.129
2017-08-03 16:00:00-03:00,0.314,0.273,0.07,3.675
2017-08-03 17:00:00-03:00,0.14100000000000001,0.131,0.031,2.737
2017-08-03 18:00:00-03:00,0.0,0.001,0.0,1.758
2017-08-03 19:00:00-03:00,0.0,0.0,0.0,1.375
2017-08-03 20:00:00-03:00,0.0,0.0,0.0,1.089
2017-08-03 21:00:00-03:00,0.0,0.0,0.0,0.927
2017-08-03 22:00:00-03:00,0.0,0.0,0.0,0.855
2017-08-03 23:00:00-03:00,0.0,0.0,0.0,0.8220000000000001
2017-08-04 00:00:00-03:00,0.0,0.0,0.0,0.758
2017-08-04 01:00:00-03:00,0.0,0.0,0.0,0.637
2017-08-04 02:00:00-03:00,0.0,0.0,0.0,0.51
2017-08-04 03:00:00-03:00,0.0,0.0,0.0,0.384
2017-08-04 04:00:00-03:00,0.0,0.0,0.0,0.296
2017-08-04 05:00:00-03:00,0.0,0.0,0.0,0.136
2017-08-04 06:00:00-03:00,0.0,0.0,0.0,0.151
2017-08-04 07:00:00-03:00,0.0,0.0,0.0,0.247
2017-08-04 08:00:00-03:00,0.0,0.0,0.0,0.303
2017-08-04 09:00:00-03:00,0.006,0.008,0.008,0.729
2017-08-04 10:00:00-03:00,0.064,0.034,0.047,1.849
2017-08-04 11:00:00-03:00,0.136,0.062,0.094,2.883
2017-08-04 12:00:00-03:00,0.218,0.105,0.137,4.151
2017-08-04 13:00:00-03:00,0.243,0.11,0.159,5.313
2017-08-04 14:00:00-03:00,0.168,0.053,0.138,5.955
2017-08-04 15:00:00-03:00,0.098,0.025,0.094,6.038
2017-08-04 16:00:00-03:00,0.042,0.01,0.048,5.297
2017-08-04 17:00:00-03:00,0.009000000000000001,0.004,0.015,4.147
2017-08-04 18:00:00-03:00,0.0,0.0,0.0,3.382
2017-08-04 19:00:00-03:00,0.0,0.0,0.0,3.164
2017-08-04 20:00:00-03:00,0.0,0.0,0.0,2.77
2017-08-04 21:00:00-03:00,0.0,0.0,0.0,2.336
2017-08-04 22:00:00-03:00,0.0,0.0,0.0,1.895
2017-08-04 23:00:00-03:00,0.0,0.0,0.0,1.712
2017-08-05 00:00:00-03:00,0.0,0.0,0.0,1.48
2017-08-05 01:00:00-03:00,0.0,0.0,0.0,1.199
2017-08-05 02:00:00-03:00,0.0,0.0,0.0,0.973
2017-08-05 03:00:00-03:00,0.0,0.0,0.0,0.8250000000000001
2017-08-05 04:00:00-03:00,0.0,0.0,0.0,0.761
2017-08-05 05:00:00-03:00,0.0,0.0,0.0,0.6910000000000001
2017-08-05 06:00:00-03:00,0.0,0.0,0.0,0.7000000000000001
2017-08-05 07:00:00-03:00,0.0,0.0,0.0,0.555
2017-08-05 08:00:00-03:00,0.0,0.0,0.0,0.40700000000000003
2017-08-05 09:00:00-03:00,0.008,0.01,0.009000000000000001,0.641
2017-08-05 10:00:00-03:00,0.05,0.023,0.043000000000000003,2.21
2017-08-05 11:00:00-03:00,0.09,0.029,0.08,3.384
2017-08-05 12:00:00-03:00,0.12,0.03,0.11,3.872
2017-08-05 13:00:00-03:00,0.162,0.045,0.139,4.139
2017-08-05 14:00:00-03:00,0.194,0.07,0.147,4.187
2017-08-05 15:00:00-03:00,0.146,0.054,0.112,3.813
2017-08-05 16:00:00-03:00,0.094,0.041,0.07200000000000001,3.228
2017-08-05 17:00:00-03:00,0.031,0.02,0.026000000000000002,2.34
2017-08-05 18:00:00-03:00,0.0,0.001,0.001,1.138
2017-08-05 19:00:00-03:00,0.0,0.0,0.0,0.34600000000000003
2017-08-05 20:00:00-03:00,0.0,0.0,0.0,-0.215
2017-08-05 21:00:00-03:00,0.0,0.0,0.0,-0.369
2017-08-05 22:00:00-03:00,0.0,0.0,0.0,-0.517
2017-08-05 23:00:00-03:00,0.0,0.0,0.0,-0.529
2017-08-06 00:00:00-03:00,0.0,0.0,0.0,-0.466
2017-08-06 01:00:00-03:00,0.0,0.0,0.0,-0.374
2017-08-06 02:00:00-03:00,0.0,0.0,0.0,-0.298
2017-08-06 03:00:00-03:00,0.0,0.0,0.0,-0.269
2017-08-06 04:00:00-03:00,0.0,0.0,0.0,-0.246
2017-08-06 05:00:00-03:00,0.0,0.0,0.0,-0.228
2017-08-06 06:00:00-03:00,0.0,0.0,0.0,-0.28800000000000003
2017-08-06 07:00:00-03:00,0.0,0.0,0.0,-0.423
2017-08-06 08:00:00-03:00,0.0,0.0,0.0,-0.5630000000000001
2017-08-06 09:00:00-03:00,0.003,0.004,0.007,-0.641
2017-08-06 10:00:00-03:00,0.036000000000000004,0.012,0.039,-0.389
2017-08-06 11:00:00-03:00,0.07,0.015,0.07200000000000001,0.082
2017-08-06 12:00:00-03:00,0.095,0.015,0.097,0.488
2017-08-06 13:00:00-03:00,0.106,0.014,0.11,0.796
2017-08-06 14:00:00-03:00,0.105,0.015,0.109,0.993
2017-08-06 15:00:00-03:00,0.079,0.013000000000000001,0.084,1.029
2017-08-06 16:00:00-03:00,0.037,0.007,0.046,0.886
2017-08-06 17:00:00-03:00,0.007,0.003,0.014,0.659
2017-08-06 18:00:00-03:00,0.0,0.0,0.0,0.453
2017-08-06 19:00:00-03:00,0.0,0.0,0.0,0.379
2017-08-06 20:00:00-03:00,0.0,0.0,0.0,0.356
2017-08-06 21:00:00-03:00,0.0,0.0,0.0,0.361
2017-08-06 22:00:00-03:00,0.0,0.0,0.0,0.396
2017-08-06 23:00:00-03:00,0.0,0.0,0.0,0.4
2017-08-07 00:00:00-03:00,0.0,0.0,0.0,0.398
2017-08-07 01:00:00-03:00,0.0,0.0,0.0,0.41000000000000003
2017-08-07 02:00:00-03:00,0.0,0.0,0.0,0.5
2017-08-07 03:00:00-03:00,0.0,0.0,0.0,0.599
2017-08-07 04:00:00-03:00,0.0,0.0,0.0,0.709
2017-08-07 05:00:00-03:00,0.0,0.0,0.0,0.861
2017-08-07 06:00:00-03:00,0.0,0.0,0.0,1.199
2017-08-07 07:00:00-03:00,0.0,0.0,0.0,1.495
2017-08-07 08:00:00-03:00,0.0,0.0,0.0,1.725
2017-08-07 09:00:00-03:00,0.0,0.001,0.004,1.9729999999999999
2017-08-07 10:00:00-03:00,0.013000000000000001,0.003,0.022,2.314
2017-08-07 11:00:00-03:00,0.039,0.005,0.05,2.751
2017-08-07 12:00:00-03:00,0.079,0.01,0.08700000000000001,3.239
2017-08-07 13:00:00-03:00,0.11900000000000001,0.018000000000000002,0.121,3.776
2017-08-07 14:00:00-03:00,0.114,0.018000000000000002,0.117,4.218
2017-08-07 15:00:00-03:00,0.081,0.014,0.08600000000000001,4.418
2017-08-07 16:00:00-03:00,0.05,0.011,0.056,4.342
2017-08-07 17:00:00-03:00,0.014,0.006,0.021,3.549
2017-08-07 18:00:00-03:00,0.0,0.0,0.001,2.473
2017-08-07 19:00:00-03:00,0.0,0.0,0.0,2.09
2017-08-07 20:00:00-03:00,0.0,0.0,0.0,1.904
2017-08-07 21:00:00-03:00,0.0,0.0,0.0,1.779
2017-08-07 22:00:00-03:00,0.0,0.0,0.0,1.585
2017-08-07 23:00:00-03:00,0.0,0.0,0.0,1.226
2017-08-08 00:00:00-03:00,0.0,0.0,0.0,0.858
2017-08-08 01:00:00-03:00,0.0,0.0,0.0,0.496
2017-08-08 02:00:00-03:00,0.0,0.0,0.0,-0.076
2017-08-08 03:00:00-03:00,0.0,0.0,0.0,-0.8240000000000001
2017-08-08 04:00:00-03:00,0.0,0.0,0.0,-1.328
2017-08-08 05:00:00-03:00,0.0,0.0,0.0,-1.623
2017-08-08 06:00:00-03:00,0.0,0.0,0.0,-1.6280000000000001
2017-08-08 07:00:00-03:00,0.0,0.0,0.0,-1.471
2017-08-08 08:00:00-03:00,0.0,0.0,0.0,-1.1360000000000001
2017-08-08 09:00:00-03:00,0.019,0.02,0.011,-0.734
2017-08-08 10:00:00-03:00,0.127,0.08600000000000001,0.059000000000000004,-0.011
2017-08-08 11:00:00-03:00,0.47300000000000003,0.423,0.093,1.476
2017-08-08 12:00:00-03:00,0.586,0.556,0.099,3.416
2017-08-08 13:00:00-03:00,0.503,0.428,0.132,4.9350000000000005
2017-08-08 14:00:00-03:00,0.23700000000000002,0.113,0.151,5.483
2017-08-08 15:00:00-03:00,0.125,0.04,0.106,5.41
2017-08-08 16:00:00-03:00,0.048,0.013000000000000001,0.052000000000000005,4.944
2017-08-08 17:00:00-03:00,0.009000000000000001,0.004,0.016,4.452
2017-08-08 18:00:00-03:00,0.0,0.0,0.0,4.453
2017-08-08 19:00:00-03:00,0.0,0.0,0.0,4.723
2017-08-08 20:00:00-03:00,0.0,0.0,0.0,4.848
2017-08-08 21:00:00-03:00,0.0,0.0,0.0,4.814
2017-08-08 22:00:00-03:00,0.0,0.0,0.0,4.708
2017-08-08 23:00:00-03:00,0.0,0.0,0.0,4.705
2017-08-09 00:00:00-03:00,0.0,0.0,0.0,4.774
2017-08-09 01:00:00-03:00,0.0,0.0,0.0,4.811
2017-08-09 02:00:00-03:00,0.0,0.0,0.0,4.6690000000000005
2017-08-09 03:00:00-03:00,0.0,0.0,0.0,4.231
2017-08-09 04:00:00-03:00,0.0,0.0,0.0,3.572
2017-08-09 05:00:00-03:00,0.0,0.0,0.0,2.699
2017-08-09 06:00:00-03:00,0.0,0.0,0.0,1.869
2017-08-09 07:00:00-03:00,0.0,0.0,0.0,0.599
2017-08-09 08:00:00-03:00,0.0,0.0,0.0,-0.401
2017-08-09 09:00:00-03:00,0.155,0.159,0.015,-0.673
2017-08-09 10:00:00-03:00,0.497,0.496,0.047,1.759
2017-08-09 11:00:00-03:00,0.671,0.708,0.055,3.393
2017-08-09 12:00:00-03:00,0.726,0.789,0.054,5.104
2017-08-09 13:00:00-03:00,0.729,0.807,0.05,7.407
2017-08-09 14:00:00-03:00,0.715,0.791,0.051000000000000004,8.081
2017-08-09 15:00:00-03:00,0.681,0.742,0.053,8.084
2017-08-09 16:00:00-03:00,0.596,0.634,0.048,7.485
2017-08-09 17:00:00-03:00,0.377,0.383,0.032,5.156
2017-08-09 18:00:00-03:00,0.007,0.015,0.002,2.028
2017-08-09 19:00:00-03:00,0.0,0.0,0.0,0.862
2017-08-09 20:00:00-03:00,0.0,0.0,0.0,0.133
2017-08-09 21:00:00-03:00,0.0,0.0,0.0,-0.15
2017-08-09 22:00:00-03:00,0.0,0.0,0.0,-0.876
2017-08-09 23:00:00-03:00,0.0,0.0,0.0,-1.597
2017-08-10 00:00:00-03:00,0.0,0.0,0.0,-2.364
2017-08-10 01:00:00-03:00,0.0,0.0,0.0,-3.099
2017-08-10 02:00:00-03:00,0.0,0.0,0.0,-2.329
2017-08-10 03:00:00-03:00,0.0,0.0,0.0,-0.857
2017-08-10 04:00:00-03:00,0.0,0.0,0.0,-0.6880000000000001
2017-08-10 05:00:00-03:00,0.0,0.0,0.0,-0.74
2017-08-10 06:00:00-03:00,0.0,0.0,0.0,-1.077
2017-08-10 07:00:00-03:00,0.0,0.0,0.0,-1.035
2017-08-10 08:00:00-03:00,0.0,0.0,0.0,-0.967
2017-08-10 09:00:00-03:00,0.012,0.014,0.01,-0.8280000000000001
2017-08-10 10:00:00-03:00,0.251,0.209,0.064,0.438
2017-08-10 11:00:00-03:00,0.583,0.5710000000000001,0.078,2.533
2017-08-10 12:00:00-03:00,0.46900000000000003,0.403,0.115,4.499
2017-08-10 13:00:00-03:00,0.392,0.291,0.14300000000000002,6.149
2017-08-10 14:00:00-03:00,0.486,0.424,0.122,7.328
2017-08-10 15:00:00-03:00,0.429,0.372,0.108,7.818
2017-08-10 16:00:00-03:00,0.266,0.213,0.084,7.198
2017-08-10 17:00:00-03:00,0.14100000000000001,0.122,0.041,5.205
2017-08-10 18:00:00-03:00,0.001,0.005,0.002,3.097
2017-08-10 19:00:00-03:00,0.0,0.0,0.0,2.781
2017-08-10 20:00:00-03:00,0.0,0.0,0.0,2.392
2017-08-10 21:00:00-03:00,0.0,0.0,0.0,1.9540000000000002
2017-08-10 22:00:00-03:00,0.0,0.0,0.0,1.682
2017-08-10 23:00:00-03:00,0.0,0.0,0.0,1.43
2017-08-11 00:00:00-03:00,0.0,0.0,0.0,1.114
2017-08-11 01:00:00-03:00,0.0,0.0,0.0,0.856
2017-08-11 02:00:00-03:00,0.0,0.0,0.0,0.715
2017-08-11 03:00:00-03:00,0.0,0.0,0.0,0.44
2017-08-11 04:00:00-03:00,0.0,0.0,0.0,-0.075
2017-08-11 05:00:00-03:00,0.0,0.0,0.0,-0.361
2017-08-11 06:00:00-03:00,0.0,0.0,0.0,-0.5690000000000001
2017-08-11 07:00:00-03:00,0.0,0.0,0.0,-0.551
2017-08-11 08:00:00-03:00,0.0,0.0,0.0,-0.164
2017-08-11 09:00:00-03:00,0.038,0.038,0.015,0.873
2017-08-11 10:00:00-03:00,0.129,0.089,0.061,2.681
2017-08-11 11:00:00-03:00,0.298,0.224,0.10400000000000001,4.342
2017-08-11 12:00:00-03:00,0.529,0.486,0.107,5.647
2017-08-11 13:00:00-03:00,0.557,0.52,0.109,6.316
2017-08-11 14:00:00-03:00,0.521,0.47300000000000003,0.113,6.486
2017-08-11 15:00:00-03:00,0.461,0.41000000000000003,0.10400000000000001,6.326
2017-08-11 16:00:00-03:00,0.343,0.297,0.081,5.837
2017-08-11 17:00:00-03:00,0.189,0.17,0.043000000000000003,4.7940000000000005
2017-08-11 18:00:00-03:00,0.003,0.009000000000000001,0.003,3.143
2017-08-11 19:00:00-03:00,0.0,0.0,0.0,2.154
2017-08-11 20:00:00-03:00,0.0,0.0,0.0,1.448
2017-08-11 21:00:00-03:00,0.0,0.0,0.0,1.16
2017-08-11 22:00:00-03:00,0.0,0.0,0.0,1.035
2017-08-11 23:00:00-03:00,0.0,0.0,0.0,0.812
2017-08-12 00:00:00-03:00,0.0,0.0,0.0,0.671
2017-08-12 01:00:00-03:00,0.0,0.0,0.0,0.635
2017-08-12 02:00:00-03:00,0.0,0.0,0.0,0.628
2017-08-12 03:00:00-03:00,0.0,0.0,0.0,0.544
2017-08-12 04:00:00-03:00,0.0,0.0,0.0,0.446
2017-08-12 05:00:00-03:00,0.0,0.0,0.0,0.484
2017-08-12 06:00:00-03:00,0.0,0.0,0.0,0.343
2017-08-12 07:00:00-03:00,0.0,0.0,0.0,0.11800000000000001
2017-08-12 08:00:00-03:00,0.0,0.0,0.0,-0.136
2017-08-12 09:00:00-03:00,0.056,0.056,0.017,-0.125
2017-08-12 10:00:00-03:00,0.17400000000000002,0.13,0.064,1.62
2017-08-12 11:00:00-03:00,0.34500000000000003,0.274,0.101,3.005
2017-08-12 12:00:00-03:00,0.546,0.511,0.101,5.167
2017-08-12 13:00:00-03:00,0.668,0.6960000000000001,0.078,6.943
2017-08-12 14:00:00-03:00,0.659,0.687,0.077,7.4030000000000005
2017-08-12 15:00:00-03:00,0.5730000000000001,0.5680000000000001,0.084,7.335
2017-08-12 16:00:00-03:00,0.356,0.314,0.08,6.625
2017-08-12 17:00:00-03:00,0.161,0.14100000000000001,0.043000000000000003,4.456
2017-08-12 18:00:00-03:00,0.008,0.014,0.004,1.6019999999999999
2017-08-12 19:00:00-03:00,0.0,0.0,0.0,0.47000000000000003
2017-08-12 20:00:00-03:00,0.0,0.0,0.0,-0.195
2017-08-12 21:00:00-03:00,0.0,0.0,0.0,-0.632
2017-08-12 22:00:00-03:00,0.0,0.0,0.0,-0.727
2017-08-12 23:00:00-03:00,0.0,0.0,0.0,-0.376
2017-08-13 00:00:00-03:00,0.0,0.0,0.0,-0.785
2017-08-13 01:00:00-03:00,0.0,0.0,0.0,-1.375
2017-08-13 02:00:00-03:00,0.0,0.0,0.0,-1.404
2017-08-13 03:00:00-03:00,0.0,0.0,0.0,-1.399
2017-08-13 04:00:00-03:00,0.0,0.0,0.0,-1.047
2017-08-13 05:00:00-03:00,0.0,0.0,0.0,-0.916
2017-08-13 06:00:00-03:00,0.0,0.0,0.0,-0.65
2017-08-13 07:00:00-03:00,0.0,0.0,0.0,-0.393
2017-08-13 08:00:00-03:00,0.0,0.0,0.0,-0.158
2017-08-13 09:00:00-03:00,0.028,0.027,0.015,0.445
2017-08-13 10:00:00-03:00,0.148,0.101,0.067,1.881
2017-08-13 11:00:00-03:00,0.313,0.233,0.109,3.6109999999999998
2017-08-13 12:00:00-03:00,0.561,0.523,0.107,5.317
2017-08-13 13:00:00-03:00,0.614,0.599,0.10200000000000001,6.27
2017-08-13 14:00:00-03:00,0.559,0.519,0.113,6.464
2017-08-13 15:00:00-03:00,0.38,0.298,0.123,6.055
2017-08-13 16:00:00-03:00,0.186,0.121,0.089,5.311
2017-08-13 17:00:00-03:00,0.106,0.082,0.044,4.217
2017-08-13 18:00:00-03:00,0.004,0.008,0.004,2.363
2017-08-13 19:00:00-03:00,0.0,0.0,0.0,1.612
2017-08-13 20:00:00-03:00,0.0,0.0,0.0,0.966
2017-08-13 21:00:00-03:00,0.0,0.0,0.0,0.526
2017-08-13 22:00:00-03:00,0.0,0.0,0.0,0.169
2017-08-13 23:00:00-03:00,0.0,0.0,0.0,0.151
2017-08-14 00:00:00-03:00,0.0,0.0,0.0,0.255
2017-08-14 01:00:00-03:00,0.0,0.0,0.0,0.184
2017-08-14 02:00:00-03:00,0.0,0.0,0.0,-0.006
2017-08-14 03:00:00-03:00,0.0,0.0,0.0,-0.179
2017-08-14 04:00:00-03:00,0.0,0.0,0.0,-0.259
2017-08-14 05:00:00-03:00,0.0,0.0,0.0,-0.28
2017-08-14 06:00:00-03:00,0.0,0.0,0.0,-0.153
2017-08-14 07:00:00-03:00,0.0,0.0,0.0,-0.016
2017-08-14 08:00:00-03:00,0.0,0.0,0.0,0.038
2017-08-14 09:00:00-03:00,0.03,0.026000000000000002,0.018000000000000002,0.247
2017-08-14 10:00:00-03:00,0.146,0.094,0.07100000000000001,1.072
2017-08-14 11:00:00-03:00,0.28400000000000003,0.19,0.11900000000000001,2.116
2017-08-14 12:00:00-03:00,0.305,0.178,0.154,2.817
2017-08-14 13:00:00-03:00,0.28200000000000003,0.132,0.176,3.151
2017-08-14 14:00:00-03:00,0.217,0.08,0.161,3.245
2017-08-14 15:00:00-03:00,0.17500000000000002,0.068,0.129,3.159
2017-08-14 16:00:00-03:00,0.10400000000000001,0.041,0.082,2.747
2017-08-14 17:00:00-03:00,0.048,0.027,0.038,2.116
2017-08-14 18:00:00-03:00,0.001,0.003,0.003,1.396
2017-08-14 19:00:00-03:00,0.0,0.0,0.0,0.9420000000000001
2017-08-14 20:00:00-03:00,0.0,0.0,0.0,0.577
2017-08-14 21:00:00-03:00,0.0,0.0,0.0,0.181
2017-08-14 22:00:00-03:00,0.0,0.0,0.0,-0.171
2017-08-14 23:00:00-03:00,0.0,0.0,0.0,-0.41500000000000004
2017-08-15 00:00:00-03:00,0.0,0.0,0.0,-0.343
2017-08-15 01:00:00-03:00,0.0,0.0,0.0,-0.496
2017-08-15 02:00:00-03:00,0.0,0.0,0.0,-0.6900000000000001
2017-08-15 03:00:00-03:00,0.0,0.0,0.0,-0.808
2017-08-15 04:00:00-03:00,0.0,0.0,0.0,-0.918
2017-08-15 05:00:00-03:00,0.0,0.0,0.0,-0.985
2017-08-15 06:00:00-03:00,0.0,0.0,0.0,-0.897
2017-08-15 07:00:00-03:00,0.0,0.0,0.0,-0.751
2017-08-15 08:00:00-03:00,0.0,0.0,0.0,-0.7030000000000001
2017-08-15 09:00:00-03:00,0.148,0.14100000000000001,0.025,-0.402
2017-08-15 10:00:00-03:00,0.375,0.337,0.068,0.855
2017-08-15 11:00:00-03:00,0.49,0.441,0.096,2.349
2017-08-15 12:00:00-03:00,0.521,0.459,0.11800000000000001,3.516
2017-08-15 13:00:00-03:00,0.47800000000000004,0.387,0.14100000000000001,4.233
2017-08-15 14:00:00-03:00,0.495,0.41500000000000004,0.134,4.6690000000000005
2017-08-15 15:00:00-03:00,0.40900000000000003,0.327,0.124,4.77
2017-08-15 16:00:00-03:00,0.195,0.125,0.093,4.457
2017-08-15 17:00:00-03:00,0.052000000000000005,0.031,0.038,3.865
2017-08-15 18:00:00-03:00,0.0,0.003,0.003,3.342
2017-08-15 19:00:00-03:00,0.0,0.0,0.0,3.187
2017-08-15 20:00:00-03:00,0.0,0.0,0.0,3.187
2017-08-15 21:00:00-03:00,0.0,0.0,0.0,3.26
2017-08-15 22:00:00-03:00,0.0,0.0,0.0,3.407
2017-08-15 23:00:00-03:00,0.0,0.0,0.0,3.503
2017-08-16 00:00:00-03:00,0.0,0.0,0.0,3.287
2017-08-16 01:00:00-03:00,0.0,0.0,0.0,2.763
2017-08-16 02:00:00-03:00,0.0,0.0,0.0,2.363
2017-08-16 03:00:00-03:00,0.0,0.0,0.0,2.059
2017-08-16 04:00:00-03:00,0.0,0.0,0.0,1.782
2017-08-16 05:00:00-03:00,0.0,0.0,0.0,1.488
2017-08-16 06:00:00-03:00,0.0,0.0,0.0,1.138
2017-08-16 07:00:00-03:00,0.0,0.0,0.0,0.8250000000000001
2017-08-16 08:00:00-03:00,0.0,0.0,0.0,0.406
2017-08-16 09:00:00-03:00,0.055,0.047,0.025,0.592
2017-08-16 10:00:00-03:00,0.127,0.07100000000000001,0.076,1.799
2017-08-16 11:00:00-03:00,0.1,0.026000000000000002,0.094,2.956
2017-08-16 12:00:00-03:00,0.111,0.018000000000000002,0.113,3.87
2017-08-16 13:00:00-03:00,0.14200000000000002,0.022,0.14200000000000002,4.564
2017-08-16 14:00:00-03:00,0.07200000000000001,0.006,0.085,3.838
2017-08-16 15:00:00-03:00,0.033,0.002,0.045,1.837
2017-08-16 16:00:00-03:00,0.031,0.004,0.042,0.859
2017-08-16 17:00:00-03:00,0.034,0.014,0.036000000000000004,0.54
2017-08-16 18:00:00-03:00,0.003,0.006,0.005,-0.504
2017-08-16 19:00:00-03:00,0.0,0.0,0.0,-1.8519999999999999
2017-08-16 20:00:00-03:00,0.0,0.0,0.0,-2.7199999999999998
2017-08-16 21:00:00-03:00,0.0,0.0,0.0,-2.755
2017-08-16 22:00:00-03:00,0.0,0.0,0.0,-2.492
2017-08-16 23:00:00-03:00,0.0,0.0,0.0,-2.001
2017-08-17 00:00:00-03:00,0.0,0.0,0.0,-1.317
2017-08-17 01:00:00-03:00,0.0,0.0,0.0,-0.718
2017-08-17 02:00:00-03:00,0.0,0.0,0.0,-0.762
2017-08-17 03:00:00-03:00,0.0,0.0,0.0,-1.08
2017-08-17 04:00:00-03:00,0.0,0.0,0.0,-1.286
2017-08-17 05:00:00-03:00,0.0,0.0,0.0,-1.667
2017-08-17 06:00:00-03:00,0.0,0.0,0.0,-1.8250000000000002
2017-08-17 07:00:00-03:00,0.0,0.0,0.0,-2.043
2017-08-17 08:00:00-03:00,0.0,0.0,0.0,-2.323
2017-08-17 09:00:00-03:00,0.109,0.099,0.027,-1.7109999999999999
2017-08-17 10:00:00-03:00,0.295,0.243,0.074,-0.088
2017-08-17 11:00:00-03:00,0.40900000000000003,0.336,0.108,1.379
2017-08-17 12:00:00-03:00,0.462,0.373,0.133,2.276
2017-08-17 13:00:00-03:00,0.47300000000000003,0.37,0.149,2.802
2017-08-17 14:00:00-03:00,0.41600000000000004,0.303,0.151,2.989
2017-08-17 15:00:00-03:00,0.43,0.34600000000000003,0.124,3.001
2017-08-17 16:00:00-03:00,0.336,0.272,0.093,2.602
2017-08-17 17:00:00-03:00,0.198,0.167,0.052000000000000005,1.321
2017-08-17 18:00:00-03:00,0.022,0.028,0.007,-1.603
2017-08-17 19:00:00-03:00,0.0,0.0,0.0,-2.157
2017-08-17 20:00:00-03:00,0.0,0.0,0.0,-1.875
2017-08-17 21:00:00-03:00,0.0,0.0,0.0,-1.908
2017-08-17 22:00:00-03:00,0.0,0.0,0.0,-2.385
2017-08-17 23:00:00-03:00,0.0,0.0,0.0,-3.318
2017-08-18 00:00:00-03:00,0.0,0.0,0.0,-3.7880000000000003
2017-08-18 01:00:00-03:00,0.0,0.0,0.0,-3.598
2017-08-18 02:00:00-03:00,0.0,0.0,0.0,-3.343
2017-08-18 03:00:00-03:00,0.0,0.0,0.0,-3.228
2017-08-18 04:00:00-03:00,0.0,0.0,0.0,-3.012
2017-08-18 05:00:00-03:00,0.0,0.0,0.0,-2.548
2017-08-18 06:00:00-03:00,0.0,0.0,0.0,-2.211
2017-08-18 07:00:00-03:00,0.0,0.0,0.0,-2.056
2017-08-18 08:00:00-03:00,0.0,0.0,0.0,-1.818
2017-08-18 09:00:00-03:00,0.012,0.007,0.016,-1.502
2017-08-18 10:00:00-03:00,0.042,0.01,0.048,-0.781
2017-08-18 11:00:00-03:00,0.077,0.013000000000000001,0.082,0.122
2017-08-18 12:00:00-03:00,0.109,0.015,0.113,0.935
2017-08-18 13:00:00-03:00,0.129,0.015,0.133,1.379
2017-08-18 14:00:00-03:00,0.11,0.012,0.117,1.521
2017-08-18 15:00:00-03:00,0.067,0.007,0.078,1.322
2017-08-18 16:00:00-03:00,0.033,0.004,0.044,0.774
2017-08-18 17:00:00-03:00,0.01,0.002,0.018000000000000002,-0.058
2017-08-18 18:00:00-03:00,0.0,0.001,0.002,-0.834
2017-08-18 19:00:00-03:00,0.0,0.0,0.0,-1.002
2017-08-18 20:00:00-03:00,0.0,0.0,0.0,-1.009
2017-08-18 21:00:00-03:00,0.0,0.0,0.0,-1.06
2017-08-18 22:00:00-03:00,0.0,0.0,0.0,-1.125
2017-08-18 23:00:00-03:00,0.0,0.0,0.0,-1.164
2017-08-19 00:00:00-03:00,0.0,0.0,0.0,-1.194
2017-08-19 01:00:00-03:00,0.0,0.0,0.0,-1.222
2017-08-19 02:00:00-03:00,0.0,0.0,0.0,-1.204
2017-08-19 03:00:00-03:00,0.0,0.0,0.0,-1.181
2017-08-19 04:00:00-03:00,0.0,0.0,0.0,-1.235
2017-08-19 05:00:00-03:00,0.0,0.0,0.0,-1.348
2017-08-19 06:00:00-03:00,0.0,0.0,0.0,-1.359
2017-08-19 07:00:00-03:00,0.0,0.0,0.0,-1.223
2017-08-19 08:00:00-03:00,0.0,0.0,0.0,-0.779
2017-08-19 09:00:00-03:00,0.033,0.025,0.023,0.068
2017-08-19 10:00:00-03:00,0.114,0.061,0.07200000000000001,1.334
2017-08-19 11:00:00-03:00,0.212,0.111,0.122,2.344
2017-08-19 12:00:00-03:00,0.307,0.17200000000000001,0.164,3.1310000000000002
2017-08-19 13:00:00-03:00,0.28700000000000003,0.13,0.183,3.319
2017-08-19 14:00:00-03:00,0.272,0.122,0.17500000000000002,3.146
2017-08-19 15:00:00-03:00,0.25,0.129,0.146,2.757
2017-08-19 16:00:00-03:00,0.17400000000000002,0.096,0.1,2.14
2017-08-19 17:00:00-03:00,0.157,0.12,0.057,1.245
2017-08-19 18:00:00-03:00,0.034,0.04,0.009000000000000001,-0.863
2017-08-19 19:00:00-03:00,0.0,0.0,0.0,-2.125
2017-08-19 20:00:00-03:00,0.0,0.0,0.0,-2.027
2017-08-19 21:00:00-03:00,0.0,0.0,0.0,-1.751
2017-08-19 22:00:00-03:00,0.0,0.0,0.0,-1.411
2017-08-19 23:00:00-03:00,0.0,0.0,0.0,-1.252
2017-08-20 00:00:00-03:00,0.0,0.0,0.0,-1.115
2017-08-20 01:00:00-03:00,0.0,0.0,0.0,-1.276
2017-08-20 02:00:00-03:00,0.0,0.0,0.0,-1.223
2017-08-20 03:00:00-03:00,0.0,0.0,0.0,-1.152
2017-08-20 04:00:00-03:00,0.0,0.0,0.0,-1.169
2017-08-20 05:00:00-03:00,0.0,0.0,0.0,-1.207
2017-08-20 06:00:00-03:00,0.0,0.0,0.0,-0.9390000000000001
2017-08-20 07:00:00-03:00,0.0,0.0,0.0,-0.397
2017-08-20 08:00:00-03:00,0.0,0.0,0.0,0.231
2017-08-20 09:00:00-03:00,0.032,0.023,0.025,1.114
2017-08-20 10:00:00-03:00,0.095,0.043000000000000003,0.07,2.3890000000000002
2017-08-20 11:00:00-03:00,0.221,0.11800000000000001,0.128,3.947
2017-08-20 12:00:00-03:00,0.438,0.328,0.157,5.656
2017-08-20 13:00:00-03:00,0.514,0.41100000000000003,0.166,6.543
2017-08-20 14:00:00-03:00,0.241,0.09,0.179,6.099
2017-08-20 15:00:00-03:00,0.06,0.007,0.07100000000000001,4.901
2017-08-20 16:00:00-03:00,0.049,0.008,0.058,4.158
2017-08-20 17:00:00-03:00,0.014,0.004,0.023,3.523
2017-08-20 18:00:00-03:00,0.0,0.001,0.003,2.871
2017-08-20 19:00:00-03:00,0.0,0.0,0.0,2.292
2017-08-20 20:00:00-03:00,0.0,0.0,0.0,1.9380000000000002
2017-08-20 21:00:00-03:00,0.0,0.0,0.0,1.971
2017-08-20 22:00:00-03:00,0.0,0.0,0.0,2.442
2017-08-20 23:00:00-03:00,0.0,0.0,0.0,3.233
2017-08-21 00:00:00-03:00,0.0,0.0,0.0,4.133
2017-08-21 01:00:00-03:00,0.0,0.0,0.0,4.892
2017-08-21 02:00:00-03:00,0.0,0.0,0.0,5.743
2017-08-21 03:00:00-03:00,0.0,0.0,0.0,6.12
2017-08-21 04:00:00-03:00,0.0,0.0,0.0,5.009
2017-08-21 05:00:00-03:00,0.0,0.0,0.0,2.879
2017-08-21 06:00:00-03:00,0.0,0.0,0.0,1.2429999999999999
2017-08-21 07:00:00-03:00,0.0,0.0,0.0,0.636
2017-08-21 08:00:00-03:00,0.0,0.002,0.001,0.11900000000000001
2017-08-21 09:00:00-03:00,0.251,0.23800000000000002,0.035,0.422
2017-08-21 10:00:00-03:00,0.454,0.424,0.07100000000000001,2.178
2017-08-21 11:00:00-03:00,0.549,0.517,0.095,4.081
2017-08-21 12:00:00-03:00,0.62,0.602,0.10300000000000001,5.407
2017-08-21 13:00:00-03:00,0.627,0.608,0.109,6.276
2017-08-21 14:00:00-03:00,0.6000000000000001,0.5680000000000001,0.117,6.944
2017-08-21 15:00:00-03:00,0.314,0.21,0.139,7.232
2017-08-21 16:00:00-03:00,0.181,0.105,0.101,7.358
2017-08-21 17:00:00-03:00,0.062,0.035,0.046,6.174
2017-08-21 18:00:00-03:00,0.001,0.003,0.004,5.611
2017-08-21 19:00:00-03:00,0.0,0.0,0.0,5.609
2017-08-21 20:00:00-03:00,0.0,0.0,0.0,5.346
2017-08-21 21:00:00-03:00,0.0,0.0,0.0,5.175
2017-08-21 22:00:00-03:00,0.0,0.0,0.0,4.773
2017-08-21 23:00:00-03:00,0.0,0.0,0.0,4.222
2017-08-22 00:00:00-03:00,0.0,0.0,0.0,4.121
2017-08-22 01:00:00-03:00,0.0,0.0,0.0,3.803
2017-08-22 02:00:00-03:00,0.0,0.0,0.0,3.283
2017-08-22 03:00:00-03:00,0.0,0.0,0.0,2.893
2017-08-22 04:00:00-03:00,0.0,0.0,0.0,3.482
2017-08-22 05:00:00-03:00,0.0,0.0,0.0,3.787
2017-08-22 06:00:00-03:00,0.0,0.0,0.0,2.984
2017-08-22 07:00:00-03:00,0.0,0.0,0.0,2.021
2017-08-22 08:00:00-03:00,0.0,0.001,0.001,1.15
2017-08-22 09:00:00-03:00,0.037,0.025,0.028,1.238
2017-08-22 10:00:00-03:00,0.078,0.029,0.067,1.8679999999999999
2017-08-22 11:00:00-03:00,0.14400000000000002,0.048,0.117,2.5620000000000003
2017-08-22 12:00:00-03:00,0.158,0.036000000000000004,0.14200000000000002,2.5300000000000002
2017-08-22 13:00:00-03:00,0.128,0.017,0.131,1.972
2017-08-22 14:00:00-03:00,0.153,0.028,0.145,1.915
2017-08-22 15:00:00-03:00,0.248,0.113,0.157,2.035
2017-08-22 16:00:00-03:00,0.177,0.089,0.108,1.681
2017-08-22 17:00:00-03:00,0.079,0.043000000000000003,0.054,1.042
2017-08-22 18:00:00-03:00,0.013000000000000001,0.015,0.01,0.324
2017-08-22 19:00:00-03:00,0.0,0.0,0.0,-0.186
2017-08-22 20:00:00-03:00,0.0,0.0,0.0,-0.449
2017-08-22 21:00:00-03:00,0.0,0.0,0.0,-0.657
2017-08-22 22:00:00-03:00,0.0,0.0,0.0,-0.881
2017-08-22 23:00:00-03:00,0.0,0.0,0.0,-1.105
2017-08-23 00:00:00-03:00,0.0,0.0,0.0,-1.155
2017-08-23 01:00:00-03:00,0.0,0.0,0.0,-1.033
2017-08-23 02:00:00-03:00,0.0,0.0,0.0,-0.931
2017-08-23 03:00:00-03:00,0.0,0.0,0.0,-0.888
2017-08-23 04:00:00-03:00,0.0,0.0,0.0,-0.857
2017-08-23 05:00:00-03:00,0.0,0.0,0.0,-0.791
2017-08-23 06:00:00-03:00,0.0,0.0,0.0,-0.81
2017-08-23 07:00:00-03:00,0.0,0.0,0.0,-1.031
2017-08-23 08:00:00-03:00,0.0,0.002,0.001,-1.546
2017-08-23 09:00:00-03:00,0.125,0.106,0.036000000000000004,-1.037
2017-08-23 10:00:00-03:00,0.34,0.28400000000000003,0.082,0.5750000000000001
2017-08-23 11:00:00-03:00,0.512,0.456,0.107,2.226
2017-08-23 12:00:00-03:00,0.535,0.463,0.13,3.252
2017-08-23 13:00:00-03:00,0.487,0.379,0.16,3.936
2017-08-23 14:00:00-03:00,0.397,0.266,0.17,4.375
2017-08-23 15:00:00-03:00,0.316,0.202,0.145,4.743
2017-08-23 16:00:00-03:00,0.312,0.23600000000000002,0.107,5.08
2017-08-23 17:00:00-03:00,0.159,0.12,0.061,4.186
2017-08-23 18:00:00-03:00,0.015,0.018000000000000002,0.009000000000000001,2.257
2017-08-23 19:00:00-03:00,0.0,0.0,0.0,2.492
2017-08-23 20:00:00-03:00,0.0,0.0,0.0,1.862
2017-08-23 21:00:00-03:00,0.0,0.0,0.0,0.933
2017-08-23 22:00:00-03:00,0.0,0.0,0.0,0.502
2017-08-23 23:00:00-03:00,0.0,0.0,0.0,0.35000000000000003
2017-08-24 00:00:00-03:00,0.0,0.0,0.0,0.061
2017-08-24 01:00:00-03:00,0.0,0.0,0.0,-0.24
2017-08-24 02:00:00-03:00,0.0,0.0,0.0,-0.47400000000000003
2017-08-24 03:00:00-03:00,0.0,0.0,0.0,-0.733
2017-08-24 04:00:00-03:00,0.0,0.0,0.0,-1.225
2017-08-24 05:00:00-03:00,0.0,0.0,0.0,-1.806
2017-08-24 06:00:00-03:00,0.0,0.0,0.0,-2.161
2017-08-24 07:00:00-03:00,0.0,0.0,0.0,-2.404
2017-08-24 08:00:00-03:00,0.0,0.004,0.002,-2.624
2017-08-24 09:00:00-03:00,0.193,0.17300000000000001,0.038,-1.453
2017-08-24 10:00:00-03:00,0.5690000000000001,0.559,0.067,0.667
2017-08-24 11:00:00-03:00,0.682,0.6970000000000001,0.078,2.989
2017-08-24 12:00:00-03:00,0.686,0.6970000000000001,0.09,4.686
2017-08-24 13:00:00-03:00,0.612,0.5700000000000001,0.122,4.815
2017-08-24 14:00:00-03:00,0.34500000000000003,0.20600000000000002,0.171,3.8890000000000002
2017-08-24 15:00:00-03:00,0.254,0.136,0.14200000000000002,2.9619999999999997
2017-08-24 16:00:00-03:00,0.307,0.228,0.106,2.5380000000000003
2017-08-24 17:00:00-03:00,0.256,0.217,0.063,1.798
2017-08-24 18:00:00-03:00,0.057,0.06,0.013000000000000001,0.5
2017-08-24 19:00:00-03:00,0.0,0.0,0.0,-0.424
2017-08-24 20:00:00-03:00,0.0,0.0,0.0,-0.642
2017-08-24 21:00:00-03:00,0.0,0.0,0.0,-0.783
2017-08-24 22:00:00-03:00,0.0,0.0,0.0,-0.85
2017-08-24 23:00:00-03:00,0.0,0.0,0.0,-0.9520000000000001
2017-08-25 00:00:00-03:00,0.0,0.0,0.0,-1.161
2017-08-25 01:00:00-03:00,0.0,0.0,0.0,-1.524
2017-08-25 02:00:00-03:00,0.0,0.0,0.0,-1.767
2017-08-25 03:00:00-03:00,0.0,0.0,0.0,-1.948
2017-08-25 04:00:00-03:00,0.0,0.0,0.0,-2.136
2017-08-25 05:00:00-03:00,0.0,0.0,0.0,-2.286
2017-08-25 06:00:00-03:00,0.0,0.0,0.0,-2.347
2017-08-25 07:00:00-03:00,0.0,0.0,0.0,-2.178
2017-08-25 08:00:00-03:00,0.0,0.002,0.002,-2.022
2017-08-25 09:00:00-03:00,0.053,0.035,0.034,-0.934
2017-08-25 10:00:00-03:00,0.125,0.06,0.083,0.449
2017-08-25 11:00:00-03:00,0.18,0.07100000000000001,0.129,1.928
2017-08-25 12:00:00-03:00,0.18,0.049,0.153,2.815
2017-08-25 13:00:00-03:00,0.26,0.089,0.197,3.541
2017-08-25 14:00:00-03:00,0.305,0.137,0.197,4.245
2017-08-25 15:00:00-03:00,0.211,0.083,0.152,4.61
2017-08-25 16:00:00-03:00,0.132,0.051000000000000004,0.10200000000000001,4.599
2017-08-25 17:00:00-03:00,0.049,0.019,0.047,3.352
2017-08-25 18:00:00-03:00,0.002,0.003,0.006,2.262
2017-08-25 19:00:00-03:00,0.0,0.0,0.0,2.181
2017-08-25 20:00:00-03:00,0.0,0.0,0.0,1.876
2017-08-25 21:00:00-03:00,0.0,0.0,0.0,1.645
2017-08-25 22:00:00-03:00,0.0,0.0,0.0,1.482
2017-08-25 23:00:00-03:00,0.0,0.0,0.0,1.353
2017-08-26 00:00:00-03:00,0.0,0.0,0.0,1.236
2017-08-26 01:00:00-03:00,0.0,0.0,0.0,1.028
2017-08-26 02:00:00-03:00,0.0,0.0,0.0,0.857
2017-08-26 03:00:00-03:00,0.0,0.0,0.0,0.654
2017-08-26 04:00:00-03:00,0.0,0.0,0.0,0.376
2017-08-26 05:00:00-03:00,0.0,0.0,0.0,0.10200000000000001
2017-08-26 06:00:00-03:00,0.0,0.0,0.0,-0.311
2017-08-26 07:00:00-03:00,0.0,0.0,0.0,-0.881
2017-08-26 08:00:00-03:00,0.0,0.001,0.001,-1.3559999999999999
2017-08-26 09:00:00-03:00,0.042,0.027,0.03,-0.548
2017-08-26 10:00:00-03:00,0.178,0.111,0.08700000000000001,0.669
2017-08-26 11:00:00-03:00,0.41300000000000003,0.324,0.125,2.258
2017-08-26 12:00:00-03:00,0.531,0.454,0.136,3.9
2017-08-26 13:00:00-03:00,0.641,0.616,0.116,5.415
2017-08-26 14:00:00-03:00,0.6920000000000001,0.7030000000000001,0.1,6.53
2017-08-26 15:00:00-03:00,0.448,0.365,0.135,6.91
2017-08-26 16:00:00-03:00,0.281,0.201,0.111,6.837
2017-08-26 17:00:00-03:00,0.154,0.112,0.065,6.225
2017-08-26 18:00:00-03:00,0.051000000000000004,0.053,0.015,4.073
2017-08-26 19:00:00-03:00,0.0,0.0,0.0,2.438
2017-08-26 20:00:00-03:00,0.0,0.0,0.0,1.526
2017-08-26 21:00:00-03:00,0.0,0.0,0.0,0.906
2017-08-26 22:00:00-03:00,0.0,0.0,0.0,0.47600000000000003
2017-08-26 23:00:00-03:00,0.0,0.0,0.0,0.591
2017-08-27 00:00:00-03:00,0.0,0.0,0.0,0.538
2017-08-27 01:00:00-03:00,0.0,0.0,0.0,-0.064
2017-08-27 02:00:00-03:00,0.0,0.0,0.0,-0.182
2017-08-27 03:00:00-03:00,0.0,0.0,0.0,-0.066
2017-08-27 04:00:00-03:00,0.0,0.0,0.0,-0.15
2017-08-27 05:00:00-03:00,0.0,0.0,0.0,-0.23500000000000001
2017-08-27 06:00:00-03:00,0.0,0.0,0.0,-0.148
2017-08-27 07:00:00-03:00,0.0,0.0,0.0,-0.231
2017-08-27 08:00:00-03:00,0.0,0.001,0.001,-0.306
2017-08-27 09:00:00-03:00,0.026000000000000002,0.013000000000000001,0.027,0.139
2017-08-27 10:00:00-03:00,0.113,0.05,0.082,1.154
2017-08-27 11:00:00-03:00,0.269,0.151,0.14300000000000002,2.654
2017-08-27 12:00:00-03:00,0.354,0.203,0.184,3.852
2017-08-27 13:00:00-03:00,0.262,0.089,0.199,4.317
2017-08-27 14:00:00-03:00,0.19,0.046,0.167,4.3
2017-08-27 15:00:00-03:00,0.20500000000000002,0.075,0.154,4.256
2017-08-27 16:00:00-03:00,0.155,0.067,0.109,3.865
2017-08-27 17:00:00-03:00,0.101,0.057,0.064,3.148
2017-08-27 18:00:00-03:00,0.033,0.032,0.016,1.71
2017-08-27 19:00:00-03:00,0.0,0.0,0.0,0.114
2017-08-27 20:00:00-03:00,0.0,0.0,0.0,-0.202
2017-08-27 21:00:00-03:00,0.0,0.0,0.0,-0.806
2017-08-27 22:00:00-03:00,0.0,0.0,0.0,-1.307
2017-08-27 23:00:00-03:00,0.0,0.0,0.0,-1.4889999999999999
2017-08-28 00:00:00-03:00,0.0,0.0,0.0,-1.3
2017-08-28 01:00:00-03:00,0.0,0.0,0.0,-1.121
2017-08-28 02:00:00-03:00,0.0,0.0,0.0,-1.181
2017-08-28 03:00:00-03:00,0.0,0.0,0.0,-1.115
2017-08-28 04:00:00-03:00,0.0,0.0,0.0,-0.851
2017-08-28 05:00:00-03:00,0.0,0.0,0.0,-0.47400000000000003
2017-08-28 06:00:00-03:00,0.0,0.0,0.0,-0.293
2017-08-28 07:00:00-03:00,0.0,0.0,0.0,-0.161
2017-08-28 08:00:00-03:00,0.0,0.001,0.001,0.01
2017-08-28 09:00:00-03:00,0.013000000000000001,0.006,0.019,0.428
2017-08-28 10:00:00-03:00,0.074,0.025,0.067,1.205
2017-08-28 11:00:00-03:00,0.219,0.107,0.134,2.468
2017-08-28 12:00:00-03:00,0.483,0.374,0.159,3.878
2017-08-28 13:00:00-03:00,0.6000000000000001,0.535,0.14300000000000002,5.037
2017-08-28 14:00:00-03:00,0.541,0.455,0.153,5.59
2017-08-28 15:00:00-03:00,0.462,0.372,0.14200000000000002,5.699
2017-08-28 16:00:00-03:00,0.364,0.28700000000000003,0.115,5.563
2017-08-28 17:00:00-03:00,0.17500000000000002,0.127,0.07,4.991
2017-08-28 18:00:00-03:00,0.038,0.038,0.016,4.096
2017-08-28 19:00:00-03:00,0.0,0.0,0.0,3.573
2017-08-28 20:00:00-03:00,0.0,0.0,0.0,3.541
2017-08-28 21:00:00-03:00,0.0,0.0,0.0,3.5869999999999997
2017-08-28 22:00:00-03:00,0.0,0.0,0.0,3.6109999999999998
2017-08-28 23:00:00-03:00,0.0,0.0,0.0,3.572
2017-08-29 00:00:00-03:00,0.0,0.0,0.0,3.525
2017-08-29 01:00:00-03:00,0.0,0.0,0.0,3.665
2017-08-29 02:00:00-03:00,0.0,0.0,0.0,3.741
2017-08-29 03:00:00-03:00,0.0,0.0,0.0,3.673
2017-08-29 04:00:00-03:00,0.0,0.0,0.0,3.452
2017-08-29 05:00:00-03:00,0.0,0.0,0.0,3.387
2017-08-29 06:00:00-03:00,0.0,0.0,0.0,3.204
2017-08-29 07:00:00-03:00,0.0,0.0,0.0,2.9619999999999997
2017-08-29 08:00:00-03:00,0.0,0.001,0.002,2.7199999999999998
2017-08-29 09:00:00-03:00,0.013000000000000001,0.004,0.02,2.784
2017-08-29 10:00:00-03:00,0.032,0.005,0.043000000000000003,3.076
2017-08-29 11:00:00-03:00,0.065,0.008,0.076,3.6109999999999998
2017-08-29 12:00:00-03:00,0.128,0.018000000000000002,0.132,4.502
2017-08-29 13:00:00-03:00,0.157,0.02,0.159,5.066
2017-08-29 14:00:00-03:00,0.117,0.012,0.126,5.013
2017-08-29 15:00:00-03:00,0.111,0.017,0.114,5.109
2017-08-29 16:00:00-03:00,0.156,0.062,0.117,5.71
2017-08-29 17:00:00-03:00,0.156,0.10300000000000001,0.077,5.78
2017-08-29 18:00:00-03:00,0.056,0.053,0.021,4.676
2017-08-29 19:00:00-03:00,0.0,0.0,0.0,3.375
2017-08-29 20:00:00-03:00,0.0,0.0,0.0,2.641
2017-08-29 21:00:00-03:00,0.0,0.0,0.0,1.6480000000000001
2017-08-29 22:00:00-03:00,0.0,0.0,0.0,1.109
2017-08-29 23:00:00-03:00,0.0,0.0,0.0,1.004
2017-08-30 00:00:00-03:00,0.0,0.0,0.0,0.678
2017-08-30 01:00:00-03:00,0.0,0.0,0.0,-0.007
2017-08-30 02:00:00-03:00,0.0,0.0,0.0,-0.28800000000000003
2017-08-30 03:00:00-03:00,0.0,0.0,0.0,-0.41400000000000003
2017-08-30 04:00:00-03:00,0.0,0.0,0.0,-0.677
2017-08-30 05:00:00-03:00,0.0,0.0,0.0,-0.9540000000000001
2017-08-30 06:00:00-03:00,0.0,0.0,0.0,-1.193
2017-08-30 07:00:00-03:00,0.0,0.0,0.0,-1.408
2017-08-30 08:00:00-03:00,0.024,0.032,0.005,-1.392
2017-08-30 09:00:00-03:00,0.333,0.312,0.048,1.202
2017-08-30 10:00:00-03:00,0.498,0.464,0.085,3.399
2017-08-30 11:00:00-03:00,0.505,0.443,0.12,5.2620000000000005
2017-08-30 12:00:00-03:00,0.538,0.467,0.14400000000000002,7.869
2017-08-30 13:00:00-03:00,0.5680000000000001,0.502,0.151,9.39
2017-08-30 14:00:00-03:00,0.535,0.454,0.16,9.967
2017-08-30 15:00:00-03:00,0.28500000000000003,0.16,0.161,9.649000000000001
2017-08-30 16:00:00-03:00,0.114,0.04,0.097,8.537
2017-08-30 17:00:00-03:00,0.052000000000000005,0.02,0.05,7.09
2017-08-30 18:00:00-03:00,0.006,0.005,0.01,5.573
2017-08-30 19:00:00-03:00,0.0,0.0,0.0,4.679
2017-08-30 20:00:00-03:00,0.0,0.0,0.0,4.187
2017-08-30 21:00:00-03:00,0.0,0.0,0.0,3.767
2017-08-30 22:00:00-03:00,0.0,0.0,0.0,3.481
2017-08-30 23:00:00-03:00,0.0,0.0,0.0,3.165
2017-08-31 00:00:00-03:00,0.0,0.0,0.0,2.681
2017-08-31 01:00:00-03:00,0.0,0.0,0.0,2.174
2017-08-31 02:00:00-03:00,0.0,0.0,0.0,1.806
2017-08-31 03:00:00-03:00,0.0,0.0,0.0,1.724
2017-08-31 04:00:00-03:00,0.0,0.0,0.0,1.8780000000000001
2017-08-31 05:00:00-03:00,0.0,0.0,0.0,1.778
2017-08-31 06:00:00-03:00,0.0,0.0,0.0,1.532
2017-08-31 07:00:00-03:00,0.0,0.0,0.0,1.6800000000000002
2017-08-31 08:00:00-03:00,0.023,0.031,0.006,1.767
2017-08-31 09:00:00-03:00,0.232,0.20700000000000002,0.049,2.939
2017-08-31 10:00:00-03:00,0.433,0.391,0.08600000000000001,4.5440000000000005
2017-08-31 11:00:00-03:00,0.543,0.503,0.108,6.091
2017-08-31 12:00:00-03:00,0.663,0.663,0.10400000000000001,7.135
2017-08-31 13:00:00-03:00,0.674,0.681,0.10400000000000001,7.748
2017-08-31 14:00:00-03:00,0.652,0.646,0.11,8.039
2017-08-31 15:00:00-03:00,0.597,0.5750000000000001,0.11,8.084
2017-08-31 16:00:00-03:00,0.54,0.519,0.093,7.878
2017-08-31 17:00:00-03:00,0.41500000000000004,0.397,0.066,7.243
2017-08-31 18:00:00-03:00,0.16,0.158,0.025,5.089
2017-08-31 19:00:00-03:00,0.0,0.0,0.0,2.387
2017-08-31 20:00:00-03:00,0.0,0.0,0.0,1.612
2017-08-31 21:00:00-03:00,0.0,0.0,0.0,1.069
2017-08-31 22:00:00-03:00,0.0,0.0,0.0,0.802
2017-08-31 23:00:00-03:00,0.0,0.0,0.0,0.555
2017-09-01 00:00:00-03:00,0.0,0.0,0.0,0.14100000000000001
2017-09-01 01:00:00-03:00,0.0,0.0,0.0,-0.305
2017-09-01 02:00:00-03:00,0.0,0.0,0.0,-0.66
2017-09-01 03:00:00-03:00,0.0,0.0,0.0,-0.52
2017-09-01 04:00:00-03:00,0.0,0.0,0.0,-0.521
2017-09-01 05:00:00-03:00,0.0,0.0,0.0,-0.863
2017-09-01 06:00:00-03:00,0.0,0.0,0.0,-1.103
2017-09-01 07:00:00-03:00,0.0,0.0,0.0,-0.9580000000000001
2017-09-01 08:00:00-03:00,0.022,0.029,0.006,-0.8160000000000001
2017-09-01 09:00:00-03:00,0.391,0.375,0.049,1.76
2017-09-01 10:00:00-03:00,0.625,0.635,0.073,4.513
2017-09-01 11:00:00-03:00,0.71,0.744,0.08600000000000001,6.855
2017-09-01 12:00:00-03:00,0.709,0.737,0.1,8.652
2017-09-01 13:00:00-03:00,0.506,0.403,0.171,8.934
2017-09-01 14:00:00-03:00,0.398,0.256,0.192,9.028
2017-09-01 15:00:00-03:00,0.257,0.127,0.162,8.837
2017-09-01 16:00:00-03:00,0.121,0.044,0.1,8.177
2017-09-01 17:00:00-03:00,0.062,0.026000000000000002,0.055,7.01
2017-09-01 18:00:00-03:00,0.016,0.013000000000000001,0.016,5.584
2017-09-01 19:00:00-03:00,0.0,0.0,0.0,4.551
2017-09-01 20:00:00-03:00,0.0,0.0,0.0,3.549
2017-09-01 21:00:00-03:00,0.0,0.0,0.0,2.252
2017-09-01 22:00:00-03:00,0.0,0.0,0.0,1.114
2017-09-01 23:00:00-03:00,0.0,0.0,0.0,0.591
2017-09-02 00:00:00-03:00,0.0,0.0,0.0,0.793
2017-09-02 01:00:00-03:00,0.0,0.0,0.0,1.138
2017-09-02 02:00:00-03:00,0.0,0.0,0.0,0.8
2017-09-02 03:00:00-03:00,0.0,0.0,0.0,0.769
2017-09-02 04:00:00-03:00,0.0,0.0,0.0,0.64
2017-09-02 05:00:00-03:00,0.0,0.0,0.0,0.582
2017-09-02 06:00:00-03:00,0.0,0.0,0.0,0.5680000000000001
2017-09-02 07:00:00-03:00,0.0,0.0,0.0,0.365
2017-09-02 08:00:00-03:00,0.004,0.008,0.005,0.483
2017-09-02 09:00:00-03:00,0.094,0.064,0.049,1.5390000000000001
2017-09-02 10:00:00-03:00,0.252,0.17300000000000001,0.105,3.5300000000000002
2017-09-02 11:00:00-03:00,0.305,0.187,0.148,4.828
2017-09-02 12:00:00-03:00,0.317,0.162,0.187,5.041
2017-09-02 13:00:00-03:00,0.327,0.147,0.213,4.841
2017-09-02 14:00:00-03:00,0.381,0.216,0.202,4.804
2017-09-02 15:00:00-03:00,0.38,0.253,0.165,4.686
2017-09-02 16:00:00-03:00,0.355,0.265,0.124,4.391
2017-09-02 17:00:00-03:00,0.29,0.23800000000000002,0.08,3.808
2017-09-02 18:00:00-03:00,0.11,0.10200000000000001,0.028,2.532
2017-09-02 19:00:00-03:00,0.0,0.0,0.0,0.864
2017-09-02 20:00:00-03:00,0.0,0.0,0.0,0.14200000000000002
2017-09-02 21:00:00-03:00,0.0,0.0,0.0,-0.365
2017-09-02 22:00:00-03:00,0.0,0.0,0.0,-0.742
2017-09-02 23:00:00-03:00,0.0,0.0,0.0,-1.163
2017-09-03 00:00:00-03:00,0.0,0.0,0.0,-1.413
2017-09-03 01:00:00-03:00,0.0,0.0,0.0,-1.463
2017-09-03 02:00:00-03:00,0.0,0.0,0.0,-1.396
2017-09-03 03:00:00-03:00,0.0,0.0,0.0,-1.3559999999999999
2017-09-03 04:00:00-03:00,0.0,0.0,0.0,-1.218
2017-09-03 05:00:00-03:00,0.0,0.0,0.0,-0.983
2017-09-03 06:00:00-03:00,0.0,0.0,0.0,-0.452
2017-09-03 07:00:00-03:00,0.0,0.0,0.0,0.41400000000000003
2017-09-03 08:00:00-03:00,0.016,0.021,0.007,0.798
2017-09-03 09:00:00-03:00,0.151,0.116,0.055,1.658
2017-09-03 10:00:00-03:00,0.228,0.149,0.10300000000000001,2.92
2017-09-03 11:00:00-03:00,0.325,0.209,0.147,4.209
2017-09-03 12:00:00-03:00,0.397,0.257,0.181,5.338
2017-09-03 13:00:00-03:00,0.482,0.34500000000000003,0.193,6.204
2017-09-03 14:00:00-03:00,0.444,0.309,0.186,6.62
2017-09-03 15:00:00-03:00,0.543,0.47200000000000003,0.14300000000000002,6.933
2017-09-03 16:00:00-03:00,0.295,0.20400000000000001,0.123,6.422
2017-09-03 17:00:00-03:00,0.23700000000000002,0.183,0.081,5.663
2017-09-03 18:00:00-03:00,0.093,0.084,0.029,4.5120000000000005
2017-09-03 19:00:00-03:00,0.0,0.0,0.0,3.252
2017-09-03 20:00:00-03:00,0.0,0.0,0.0,2.549
2017-09-03 21:00:00-03:00,0.0,0.0,0.0,2.018
2017-09-03 22:00:00-03:00,0.0,0.0,0.0,1.353
2017-09-03 23:00:00-03:00,0.0,0.0,0.0,0.604
2017-09-04 00:00:00-03:00,0.0,0.0,0.0,-0.048
2017-09-04 01:00:00-03:00,0.0,0.0,0.0,-0.323
2017-09-04 02:00:00-03:00,0.0,0.0,0.0,-0.105
2017-09-04 03:00:00-03:00,0.0,0.0,0.0,0.075
2017-09-04 04:00:00-03:00,0.0,0.0,0.0,0.26
2017-09-04 05:00:00-03:00,0.0,0.0,0.0,0.481
2017-09-04 06:00:00-03:00,0.0,0.0,0.0,0.5760000000000001
2017-09-04 07:00:00-03:00,0.0,0.0,0.0,0.526
2017-09-04 08:00:00-03:00,0.01,0.014,0.007,0.444
2017-09-04 09:00:00-03:00,0.154,0.121,0.053,1.596
2017-09-04 10:00:00-03:00,0.434,0.383,0.092,3.383
2017-09-04 11:00:00-03:00,0.617,0.599,0.10200000000000001,5.494
2017-09-04 12:00:00-03:00,0.6950000000000001,0.712,0.099,7.039
2017-09-04 13:00:00-03:00,0.737,0.789,0.084,8.218
2017-09-04 14:00:00-03:00,0.743,0.802,0.084,9.022
2017-09-04 15:00:00-03:00,0.745,0.807,0.083,9.451
2017-09-04 16:00:00-03:00,0.705,0.759,0.076,9.415
2017-09-04 17:00:00-03:00,0.554,0.5690000000000001,0.063,8.678
2017-09-04 18:00:00-03:00,0.161,0.154,0.03,5.949
2017-09-04 19:00:00-03:00,0.0,0.001,0.0,3.5700000000000003
2017-09-04 20:00:00-03:00,0.0,0.0,0.0,3.154
2017-09-04 21:00:00-03:00,0.0,0.0,0.0,2.873
2017-09-04 22:00:00-03:00,0.0,0.0,0.0,2.276
2017-09-04 23:00:00-03:00,0.0,0.0,0.0,1.784
2017-09-05 00:00:00-03:00,0.0,0.0,0.0,1.729
2017-09-05 01:00:00-03:00,0.0,0.0,0.0,1.9649999999999999
2017-09-05 02:00:00-03:00,0.0,0.0,0.0,2.115
2017-09-05 03:00:00-03:00,0.0,0.0,0.0,2.043
2017-09-05 04:00:00-03:00,0.0,0.0,0.0,1.899
2017-09-05 05:00:00-03:00,0.0,0.0,0.0,1.687
2017-09-05 06:00:00-03:00,0.0,0.0,0.0,1.604
2017-09-05 07:00:00-03:00,0.0,0.0,0.0,1.755
2017-09-05 08:00:00-03:00,0.001,0.003,0.005,2.402
2017-09-05 09:00:00-03:00,0.05,0.025,0.043000000000000003,3.759
2017-09-05 10:00:00-03:00,0.133,0.06,0.094,4.47
2017-09-05 11:00:00-03:00,0.342,0.222,0.155,4.703
2017-09-05 12:00:00-03:00,0.449,0.312,0.184,4.95
2017-09-05 13:00:00-03:00,0.432,0.265,0.213,4.974
2017-09-05 14:00:00-03:00,0.41300000000000003,0.251,0.20400000000000001,4.905
2017-09-05 15:00:00-03:00,0.389,0.257,0.171,4.65
2017-09-05 16:00:00-03:00,0.30000000000000004,0.199,0.131,4.091
2017-09-05 17:00:00-03:00,0.258,0.198,0.085,3.406
2017-09-05 18:00:00-03:00,0.128,0.114,0.034,1.957
2017-09-05 19:00:00-03:00,0.0,0.001,0.0,-0.7000000000000001
2017-09-05 20:00:00-03:00,0.0,0.0,0.0,-1.8290000000000002
2017-09-05 21:00:00-03:00,0.0,0.0,0.0,-2.745
2017-09-05 22:00:00-03:00,0.0,0.0,0.0,-3.458
2017-09-05 23:00:00-03:00,0.0,0.0,0.0,-3.893
2017-09-06 00:00:00-03:00,0.0,0.0,0.0,-4.067
2017-09-06 01:00:00-03:00,0.0,0.0,0.0,-4.173
2017-09-06 02:00:00-03:00,0.0,0.0,0.0,-4.251
2017-09-06 03:00:00-03:00,0.0,0.0,0.0,-4.286
2017-09-06 04:00:00-03:00,0.0,0.0,0.0,-4.257
2017-09-06 05:00:00-03:00,0.0,0.0,0.0,-4.193
2017-09-06 06:00:00-03:00,0.0,0.0,0.0,-4.183
2017-09-06 07:00:00-03:00,0.0,0.0,0.0,-4.24
2017-09-06 08:00:00-03:00,0.168,0.17200000000000001,0.011,-3.952
2017-09-06 09:00:00-03:00,0.544,0.541,0.046,-2.298
2017-09-06 10:00:00-03:00,0.709,0.733,0.066,0.436
2017-09-06 11:00:00-03:00,0.773,0.8230000000000001,0.075,3.151
2017-09-06 12:00:00-03:00,0.789,0.854,0.075,4.8469999999999995
2017-09-06 13:00:00-03:00,0.787,0.866,0.066,6.07
2017-09-06 14:00:00-03:00,0.791,0.871,0.07100000000000001,6.908
2017-09-06 15:00:00-03:00,0.77,0.835,0.079,7.216
2017-09-06 16:00:00-03:00,0.752,0.8160000000000001,0.07200000000000001,6.949
2017-09-06 17:00:00-03:00,0.5760000000000001,0.588,0.064,5.875
2017-09-06 18:00:00-03:00,0.14400000000000002,0.133,0.032,3.451
2017-09-06 19:00:00-03:00,0.0,0.001,0.001,1.721
2017-09-06 20:00:00-03:00,0.0,0.0,0.0,1.388
2017-09-06 21:00:00-03:00,0.0,0.0,0.0,1.055
2017-09-06 22:00:00-03:00,0.0,0.0,0.0,0.8140000000000001
2017-09-06 23:00:00-03:00,0.0,0.0,0.0,0.666
2017-09-07 00:00:00-03:00,0.0,0.0,0.0,0.769
2017-09-07 01:00:00-03:00,0.0,0.0,0.0,0.802
2017-09-07 02:00:00-03:00,0.0,0.0,0.0,0.8140000000000001
2017-09-07 03:00:00-03:00,0.0,0.0,0.0,0.842
2017-09-07 04:00:00-03:00,0.0,0.0,0.0,0.781
2017-09-07 05:00:00-03:00,0.0,0.0,0.0,0.614
2017-09-07 06:00:00-03:00,0.0,0.0,0.0,0.716
2017-09-07 07:00:00-03:00,0.0,0.0,0.0,0.341
2017-09-07 08:00:00-03:00,0.012,0.014,0.009000000000000001,0.311
2017-09-07 09:00:00-03:00,0.079,0.044,0.054,2.088
2017-09-07 10:00:00-03:00,0.152,0.068,0.105,3.331
2017-09-07 11:00:00-03:00,0.18,0.06,0.14200000000000002,4.17
2017-09-07 12:00:00-03:00,0.24,0.076,0.191,4.85
2017-09-07 13:00:00-03:00,0.265,0.074,0.219,5.228
2017-09-07 14:00:00-03:00,0.262,0.082,0.20800000000000002,5.376
2017-09-07 15:00:00-03:00,0.272,0.123,0.178,5.312
2017-09-07 16:00:00-03:00,0.323,0.216,0.14,5.025
2017-09-07 17:00:00-03:00,0.23900000000000002,0.17300000000000001,0.091,4.271
2017-09-07 18:00:00-03:00,0.061,0.047,0.032,2.885
2017-09-07 19:00:00-03:00,0.0,0.0,0.0,1.342
2017-09-07 20:00:00-03:00,0.0,0.0,0.0,0.9550000000000001
2017-09-07 21:00:00-03:00,0.0,0.0,0.0,0.32
2017-09-07 22:00:00-03:00,0.0,0.0,0.0,-0.615
2017-09-07 23:00:00-03:00,0.0,0.0,0.0,-2.032
2017-09-08 00:00:00-03:00,0.0,0.0,0.0,-3.319
2017-09-08 01:00:00-03:00,0.0,0.0,0.0,-4.16
2017-09-08 02:00:00-03:00,0.0,0.0,0.0,-4.539
2017-09-08 03:00:00-03:00,0.0,0.0,0.0,-4.658
2017-09-08 04:00:00-03:00,0.0,0.0,0.0,-4.618
2017-09-08 05:00:00-03:00,0.0,0.0,0.0,-4.502
2017-09-08 06:00:00-03:00,0.0,0.0,0.0,-4.408
2017-09-08 07:00:00-03:00,0.0,0.0,0.0,-4.345
2017-09-08 08:00:00-03:00,0.241,0.244,0.013000000000000001,-3.566
2017-09-08 09:00:00-03:00,0.602,0.615,0.046,-0.47700000000000004
2017-09-08 10:00:00-03:00,0.728,0.764,0.066,2.022
2017-09-08 11:00:00-03:00,0.782,0.837,0.077,3.784
2017-09-08 12:00:00-03:00,0.811,0.885,0.074,4.699
2017-09-08 13:00:00-03:00,0.726,0.751,0.092,4.991
2017-09-08 14:00:00-03:00,0.67,0.654,0.114,4.984
2017-09-08 15:00:00-03:00,0.628,0.598,0.115,4.779
2017-09-08 16:00:00-03:00,0.581,0.554,0.098,4.361
2017-09-08 17:00:00-03:00,0.519,0.504,0.07100000000000001,3.625
2017-09-08 18:00:00-03:00,0.327,0.319,0.036000000000000004,1.762
2017-09-08 19:00:00-03:00,0.001,0.007,0.001,-1.239
2017-09-08 20:00:00-03:00,0.0,0.0,0.0,-1.867
2017-09-08 21:00:00-03:00,0.0,0.0,0.0,-2.107
2017-09-08 22:00:00-03:00,0.0,0.0,0.0,-2.095
2017-09-08 23:00:00-03:00,0.0,0.0,0.0,-1.9849999999999999
2017-09-09 00:00:00-03:00,0.0,0.0,0.0,-2.058
2017-09-09 01:00:00-03:00,0.0,0.0,0.0,-2.35
2017-09-09 02:00:00-03:00,0.0,0.0,0.0,-2.5620000000000003
2017-09-09 03:00:00-03:00,0.0,0.0,0.0,-2.696
2017-09-09 04:00:00-03:00,0.0,0.0,0.0,-2.692
2017-09-09 05:00:00-03:00,0.0,0.0,0.0,-2.51
2017-09-09 06:00:00-03:00,0.0,0.0,0.0,-2.166
2017-09-09 07:00:00-03:00,0.0,0.0,0.0,-1.7349999999999999
2017-09-09 08:00:00-03:00,0.003,0.004,0.007,-1.208
2017-09-09 09:00:00-03:00,0.032,0.009000000000000001,0.038,-0.20700000000000002
2017-09-09 10:00:00-03:00,0.08600000000000001,0.019,0.085,1.268
2017-09-09 11:00:00-03:00,0.126,0.022,0.124,2.917
2017-09-09 12:00:00-03:00,0.156,0.021,0.156,3.983
2017-09-09 13:00:00-03:00,0.21,0.032,0.203,4.7059999999999995
2017-09-09 14:00:00-03:00,0.221,0.043000000000000003,0.20400000000000001,5.286
2017-09-09 15:00:00-03:00,0.151,0.026000000000000002,0.147,5.321
2017-09-09 16:00:00-03:00,0.082,0.013000000000000001,0.089,4.857
2017-09-09 17:00:00-03:00,0.027,0.004,0.037,3.949
2017-09-09 18:00:00-03:00,0.004,0.002,0.011,3.086
2017-09-09 19:00:00-03:00,0.0,0.0,0.0,2.516
2017-09-09 20:00:00-03:00,0.0,0.0,0.0,2.333
2017-09-09 21:00:00-03:00,0.0,0.0,0.0,2.341
2017-09-09 22:00:00-03:00,0.0,0.0,0.0,2.187
2017-09-09 23:00:00-03:00,0.0,0.0,0.0,1.6680000000000001
2017-09-10 00:00:00-03:00,0.0,0.0,0.0,1.2530000000000001
2017-09-10 01:00:00-03:00,0.0,0.0,0.0,1.354
2017-09-10 02:00:00-03:00,0.0,0.0,0.0,1.479
2017-09-10 03:00:00-03:00,0.0,0.0,0.0,1.387
2017-09-10 04:00:00-03:00,0.0,0.0,0.0,1.317
2017-09-10 05:00:00-03:00,0.0,0.0,0.0,0.89
2017-09-10 06:00:00-03:00,0.0,0.0,0.0,1.347
2017-09-10 07:00:00-03:00,0.0,0.0,0.0,1.901
2017-09-10 08:00:00-03:00,0.101,0.105,0.015,1.994
2017-09-10 09:00:00-03:00,0.355,0.327,0.061,3.765
2017-09-10 10:00:00-03:00,0.531,0.505,0.091,5.889
2017-09-10 11:00:00-03:00,0.648,0.647,0.10300000000000001,7.811
2017-09-10 12:00:00-03:00,0.705,0.729,0.10300000000000001,8.834
2017-09-10 13:00:00-03:00,0.711,0.742,0.1,9.235
2017-09-10 14:00:00-03:00,0.715,0.745,0.10300000000000001,9.361
2017-09-10 15:00:00-03:00,0.7030000000000001,0.729,0.10200000000000001,9.226
2017-09-10 16:00:00-03:00,0.656,0.673,0.092,8.775
2017-09-10 17:00:00-03:00,0.535,0.532,0.075,7.851
2017-09-10 18:00:00-03:00,0.166,0.151,0.039,6.292
2017-09-10 19:00:00-03:00,0.002,0.007,0.002,4.311
2017-09-10 20:00:00-03:00,0.0,0.0,0.0,3.156
2017-09-10 21:00:00-03:00,0.0,0.0,0.0,2.83
2017-09-10 22:00:00-03:00,0.0,0.0,0.0,2.5220000000000002
2017-09-10 23:00:00-03:00,0.0,0.0,0.0,2.199
2017-09-11 00:00:00-03:00,0.0,0.0,0.0,1.912
2017-09-11 01:00:00-03:00,0.0,0.0,0.0,1.819
2017-09-11 02:00:00-03:00,0.0,0.0,0.0,1.917
2017-09-11 03:00:00-03:00,0.0,0.0,0.0,2.121
2017-09-11 04:00:00-03:00,0.0,0.0,0.0,2.396
2017-09-11 05:00:00-03:00,0.0,0.0,0.0,2.569
2017-09-11 06:00:00-03:00,0.0,0.0,0.0,2.5540000000000003
2017-09-11 07:00:00-03:00,0.0,0.0,0.0,2.42
2017-09-11 08:00:00-03:00,0.028,0.029,0.013000000000000001,2.382
2017-09-11 09:00:00-03:00,0.179,0.134,0.067,3.094
2017-09-11 10:00:00-03:00,0.34900000000000003,0.272,0.111,4.259
2017-09-11 11:00:00-03:00,0.586,0.537,0.125,5.505
2017-09-11 12:00:00-03:00,0.666,0.642,0.127,6.471
2017-09-11 13:00:00-03:00,0.686,0.672,0.125,7.126
2017-09-11 14:00:00-03:00,0.6880000000000001,0.677,0.125,7.421
2017-09-11 15:00:00-03:00,0.643,0.615,0.127,7.345
2017-09-11 16:00:00-03:00,0.48,0.41400000000000003,0.124,6.861
2017-09-11 17:00:00-03:00,0.26,0.196,0.092,6.072
2017-09-11 18:00:00-03:00,0.039,0.026000000000000002,0.029,5.046
2017-09-11 19:00:00-03:00,0.0,0.002,0.001,3.964
2017-09-11 20:00:00-03:00,0.0,0.0,0.0,3.351
2017-09-11 21:00:00-03:00,0.0,0.0,0.0,2.959
2017-09-11 22:00:00-03:00,0.0,0.0,0.0,2.632
2017-09-11 23:00:00-03:00,0.0,0.0,0.0,2.2720000000000002
2017-09-12 00:00:00-03:00,0.0,0.0,0.0,2.395
2017-09-12 01:00:00-03:00,0.0,0.0,0.0,3.228
2017-09-12 02:00:00-03:00,0.0,0.0,0.0,4.028
2017-09-12 03:00:00-03:00,0.0,0.0,0.0,4.683
2017-09-12 04:00:00-03:00,0.0,0.0,0.0,5.266
2017-09-12 05:00:00-03:00,0.0,0.0,0.0,6.183
2017-09-12 06:00:00-03:00,0.0,0.0,0.0,6.338
2017-09-12 07:00:00-03:00,0.0,0.0,0.0,5.801
2017-09-12 08:00:00-03:00,0.026000000000000002,0.026000000000000002,0.014,5.234
2017-09-12 09:00:00-03:00,0.14,0.097,0.064,5.22
2017-09-12 10:00:00-03:00,0.43,0.367,0.109,5.72
2017-09-12 11:00:00-03:00,0.557,0.501,0.128,6.353
2017-09-12 12:00:00-03:00,0.663,0.641,0.126,6.892
2017-09-12 13:00:00-03:00,0.751,0.788,0.098,7.154
2017-09-12 14:00:00-03:00,0.735,0.755,0.108,6.9510000000000005
2017-09-12 15:00:00-03:00,0.682,0.671,0.11800000000000001,6.368
2017-09-12 16:00:00-03:00,0.543,0.493,0.116,5.609
2017-09-12 17:00:00-03:00,0.366,0.312,0.091,4.727
2017-09-12 18:00:00-03:00,0.112,0.091,0.041,3.693
2017-09-12 19:00:00-03:00,0.0,0.003,0.002,2.673
2017-09-12 20:00:00-03:00,0.0,0.0,0.0,2.518
2017-09-12 21:00:00-03:00,0.0,0.0,0.0,2.794
2017-09-12 22:00:00-03:00,0.0,0.0,0.0,2.652
2017-09-12 23:00:00-03:00,0.0,0.0,0.0,2.393
2017-09-13 00:00:00-03:00,0.0,0.0,0.0,1.592
2017-09-13 01:00:00-03:00,0.0,0.0,0.0,0.547
2017-09-13 02:00:00-03:00,0.0,0.0,0.0,-0.085
2017-09-13 03:00:00-03:00,0.0,0.0,0.0,-0.41100000000000003
2017-09-13 04:00:00-03:00,0.0,0.0,0.0,-0.674
2017-09-13 05:00:00-03:00,0.0,0.0,0.0,-0.901
2017-09-13 06:00:00-03:00,0.0,0.0,0.0,-1.159
2017-09-13 07:00:00-03:00,0.0,0.0,0.0,-1.509
2017-09-13 08:00:00-03:00,0.066,0.062,0.02,-1.635
2017-09-13 09:00:00-03:00,0.257,0.20400000000000001,0.073,-0.748
2017-09-13 10:00:00-03:00,0.385,0.296,0.11800000000000001,0.114
2017-09-13 11:00:00-03:00,0.40700000000000003,0.28,0.16,0.743
2017-09-13 12:00:00-03:00,0.446,0.28600000000000003,0.198,1.142
2017-09-13 13:00:00-03:00,0.466,0.28200000000000003,0.226,1.502
2017-09-13 14:00:00-03:00,0.47900000000000004,0.314,0.209,1.96
2017-09-13 15:00:00-03:00,0.425,0.28400000000000003,0.178,2.153
2017-09-13 16:00:00-03:00,0.382,0.273,0.14200000000000002,2.043
2017-09-13 17:00:00-03:00,0.231,0.158,0.095,1.6099999999999999
2017-09-13 18:00:00-03:00,0.149,0.123,0.046,0.906
2017-09-13 19:00:00-03:00,0.002,0.007,0.003,0.059000000000000004
2017-09-13 20:00:00-03:00,0.0,0.0,0.0,-0.277
2017-09-13 21:00:00-03:00,0.0,0.0,0.0,-0.28700000000000003
2017-09-13 22:00:00-03:00,0.0,0.0,0.0,-0.126
2017-09-13 23:00:00-03:00,0.0,0.0,0.0,0.11
2017-09-14 00:00:00-03:00,0.0,0.0,0.0,0.431
2017-09-14 01:00:00-03:00,0.0,0.0,0.0,0.78
2017-09-14 02:00:00-03:00,0.0,0.0,0.0,1.125
2017-09-14 03:00:00-03:00,0.0,0.0,0.0,1.358
2017-09-14 04:00:00-03:00,0.0,0.0,0.0,1.518
2017-09-14 05:00:00-03:00,0.0,0.0,0.0,1.58
2017-09-14 06:00:00-03:00,0.0,0.0,0.0,1.407
2017-09-14 07:00:00-03:00,0.0,0.0,0.0,1.202
2017-09-14 08:00:00-03:00,0.021,0.018000000000000002,0.016,1.28
2017-09-14 09:00:00-03:00,0.122,0.07200000000000001,0.069,1.857
2017-09-14 10:00:00-03:00,0.246,0.14400000000000002,0.126,2.686
2017-09-14 11:00:00-03:00,0.252,0.11,0.167,3.511
2017-09-14 12:00:00-03:00,0.218,0.058,0.184,3.909
2017-09-14 13:00:00-03:00,0.428,0.22,0.252,4.736
2017-09-14 14:00:00-03:00,0.403,0.215,0.23,5.139
2017-09-14 15:00:00-03:00,0.326,0.17,0.189,5.13
2017-09-14 16:00:00-03:00,0.296,0.179,0.148,5.001
2017-09-14 17:00:00-03:00,0.252,0.176,0.10200000000000001,4.566
2017-09-14 18:00:00-03:00,0.113,0.08700000000000001,0.046,3.795
2017-09-14 19:00:00-03:00,0.003,0.007,0.004,3.138
2017-09-14 20:00:00-03:00,0.0,0.0,0.0,2.9530000000000003
2017-09-14 21:00:00-03:00,0.0,0.0,0.0,3.022
2017-09-14 22:00:00-03:00,0.0,0.0,0.0,3.1390000000000002
2017-09-14 23:00:00-03:00,0.0,0.0,0.0,3.058
2017-09-15 00:00:00-03:00,0.0,0.0,0.0,3.145
2017-09-15 01:00:00-03:00,0.0,0.0,0.0,3.198
2017-09-15 02:00:00-03:00,0.0,0.0,0.0,3.11
2017-09-15 03:00:00-03:00,0.0,0.0,0.0,3.025
2017-09-15 04:00:00-03:00,0.0,0.0,0.0,2.879
2017-09-15 05:00:00-03:00,0.0,0.0,0.0,2.746
2017-09-15 06:00:00-03:00,0.0,0.0,0.0,2.682
2017-09-15 07:00:00-03:00,0.0,0.0,0.0,2.654
2017-09-15 08:00:00-03:00,0.025,0.021,0.018000000000000002,2.644
2017-09-15 09:00:00-03:00,0.19,0.134,0.078,3.314
2017-09-15 10:00:00-03:00,0.398,0.309,0.129,4.697
2017-09-15 11:00:00-03:00,0.293,0.152,0.17300000000000001,6.228
2017-09-15 12:00:00-03:00,0.293,0.113,0.214,7.529
2017-09-15 13:00:00-03:00,0.353,0.139,0.256,8.483
2017-09-15 14:00:00-03:00,0.359,0.164,0.23900000000000002,8.864
2017-09-15 15:00:00-03:00,0.281,0.121,0.194,8.81
2017-09-15 16:00:00-03:00,0.139,0.041,0.122,8.104
2017-09-15 17:00:00-03:00,0.057,0.015,0.061,6.889
2017-09-15 18:00:00-03:00,0.02,0.009000000000000001,0.025,5.871
2017-09-15 19:00:00-03:00,0.0,0.001,0.002,5.098
2017-09-15 20:00:00-03:00,0.0,0.0,0.0,4.6370000000000005
2017-09-15 21:00:00-03:00,0.0,0.0,0.0,4.5
2017-09-15 22:00:00-03:00,0.0,0.0,0.0,4.348
2017-09-15 23:00:00-03:00,0.0,0.0,0.0,4.059
2017-09-16 00:00:00-03:00,0.0,0.0,0.0,3.7359999999999998
2017-09-16 01:00:00-03:00,0.0,0.0,0.0,3.284
2017-09-16 02:00:00-03:00,0.0,0.0,0.0,2.582
2017-09-16 03:00:00-03:00,0.0,0.0,0.0,1.7930000000000001
2017-09-16 04:00:00-03:00,0.0,0.0,0.0,1.263
2017-09-16 05:00:00-03:00,0.0,0.0,0.0,0.986
2017-09-16 06:00:00-03:00,0.0,0.0,0.0,0.866
2017-09-16 07:00:00-03:00,0.0,0.0,0.0,0.6000000000000001
2017-09-16 08:00:00-03:00,0.138,0.127,0.029,0.651
2017-09-16 09:00:00-03:00,0.275,0.216,0.084,1.9500000000000002
2017-09-16 10:00:00-03:00,0.304,0.195,0.138,3.418
2017-09-16 11:00:00-03:00,0.184,0.051000000000000004,0.156,4.075
2017-09-16 12:00:00-03:00,0.157,0.02,0.159,4.402
2017-09-16 13:00:00-03:00,0.17400000000000002,0.017,0.18,4.88
2017-09-16 14:00:00-03:00,0.145,0.014,0.154,5.229
2017-09-16 15:00:00-03:00,0.101,0.01,0.112,5.189
2017-09-16 16:00:00-03:00,0.049,0.005,0.062,4.572
2017-09-16 17:00:00-03:00,0.017,0.002,0.028,3.984
2017-09-16 18:00:00-03:00,0.003,0.001,0.009000000000000001,3.755
2017-09-16 19:00:00-03:00,0.0,0.0,0.001,4.01
2017-09-16 20:00:00-03:00,0.0,0.0,0.0,4.748
2017-09-16 21:00:00-03:00,0.0,0.0,0.0,5.247
2017-09-16 22:00:00-03:00,0.0,0.0,0.0,5.146
2017-09-16 23:00:00-03:00,0.0,0.0,0.0,4.877
2017-09-17 00:00:00-03:00,0.0,0.0,0.0,4.781
2017-09-17 01:00:00-03:00,0.0,0.0,0.0,4.551
2017-09-17 02:00:00-03:00,0.0,0.0,0.0,4.429
2017-09-17 03:00:00-03:00,0.0,0.0,0.0,4.393
2017-09-17 04:00:00-03:00,0.0,0.0,0.0,4.39
2017-09-17 05:00:00-03:00,0.0,0.0,0.0,4.399
2017-09-17 06:00:00-03:00,0.0,0.0,0.0,4.299
2017-09-17 07:00:00-03:00,0.0,0.0,0.0,4.12
2017-09-17 08:00:00-03:00,0.24,0.23800000000000002,0.027,4.406
2017-09-17 09:00:00-03:00,0.495,0.486,0.066,5.819
2017-09-17 10:00:00-03:00,0.546,0.519,0.1,7.29
2017-09-17 11:00:00-03:00,0.632,0.613,0.11900000000000001,8.381
2017-09-17 12:00:00-03:00,0.638,0.606,0.137,9.131
2017-09-17 13:00:00-03:00,0.633,0.588,0.149,9.58
2017-09-17 14:00:00-03:00,0.646,0.613,0.14200000000000002,9.725
2017-09-17 15:00:00-03:00,0.679,0.678,0.123,9.692
2017-09-17 16:00:00-03:00,0.666,0.677,0.105,9.4
2017-09-17 17:00:00-03:00,0.549,0.541,0.085,8.694
2017-09-17 18:00:00-03:00,0.25,0.229,0.051000000000000004,7.487
2017-09-17 19:00:00-03:00,0.013000000000000001,0.019,0.006,6.116
2017-09-17 20:00:00-03:00,0.0,0.0,0.0,5.501
2017-09-17 21:00:00-03:00,0.0,0.0,0.0,5.353
2017-09-17 22:00:00-03:00,0.0,0.0,0.0,5.246
2017-09-17 23:00:00-03:00,0.0,0.0,0.0,5.119
2017-09-18 00:00:00-03:00,0.0,0.0,0.0,4.811
2017-09-18 01:00:00-03:00,0.0,0.0,0.0,4.382
2017-09-18 02:00:00-03:00,0.0,0.0,0.0,3.9619999999999997
2017-09-18 03:00:00-03:00,0.0,0.0,0.0,3.613
2017-09-18 04:00:00-03:00,0.0,0.0,0.0,3.497
2017-09-18 05:00:00-03:00,0.0,0.0,0.0,3.371
2017-09-18 06:00:00-03:00,0.0,0.0,0.0,3.136
2017-09-18 07:00:00-03:00,0.0,0.0,0.0,2.817
2017-09-18 08:00:00-03:00,0.009000000000000001,0.006,0.014,3.072
2017-09-18 09:00:00-03:00,0.026000000000000002,0.006,0.035,3.738
2017-09-18 10:00:00-03:00,0.08600000000000001,0.018000000000000002,0.08700000000000001,4.437
2017-09-18 11:00:00-03:00,0.185,0.051000000000000004,0.158,5.475
2017-09-18 12:00:00-03:00,0.225,0.054,0.198,6.181
2017-09-18 13:00:00-03:00,0.303,0.084,0.253,6.873
2017-09-18 14:00:00-03:00,0.364,0.16,0.245,7.579
2017-09-18 15:00:00-03:00,0.35000000000000003,0.19,0.2,7.918
2017-09-18 16:00:00-03:00,0.359,0.242,0.158,7.986
2017-09-18 17:00:00-03:00,0.247,0.169,0.109,7.526
2017-09-18 18:00:00-03:00,0.134,0.10200000000000001,0.055,6.394
2017-09-18 19:00:00-03:00,0.006,0.01,0.006,4.321
2017-09-18 20:00:00-03:00,0.0,0.0,0.0,3.349
2017-09-18 21:00:00-03:00,0.0,0.0,0.0,2.683
2017-09-18 22:00:00-03:00,0.0,0.0,0.0,2.176
2017-09-18 23:00:00-03:00,0.0,0.0,0.0,1.851
2017-09-19 00:00:00-03:00,0.0,0.0,0.0,1.432
2017-09-19 01:00:00-03:00,0.0,0.0,0.0,0.997
2017-09-19 02:00:00-03:00,0.0,0.0,0.0,0.646
2017-09-19 03:00:00-03:00,0.0,0.0,0.0,0.432
2017-09-19 04:00:00-03:00,0.0,0.0,0.0,0.338
2017-09-19 05:00:00-03:00,0.0,0.0,0.0,0.507
2017-09-19 06:00:00-03:00,0.0,0.0,0.0,0.997
2017-09-19 07:00:00-03:00,0.0,0.0,0.0,1.638
2017-09-19 08:00:00-03:00,0.006,0.004,0.012,2.296
2017-09-19 09:00:00-03:00,0.039,0.01,0.044,3.198
2017-09-19 10:00:00-03:00,0.11,0.03,0.1,4.484
2017-09-19 11:00:00-03:00,0.20400000000000001,0.068,0.161,6.068
2017-09-19 12:00:00-03:00,0.338,0.156,0.221,7.628
2017-09-19 13:00:00-03:00,0.5650000000000001,0.431,0.218,9.09
2017-09-19 14:00:00-03:00,0.612,0.527,0.185,9.985
2017-09-19 15:00:00-03:00,0.496,0.386,0.181,10.206
2017-09-19 16:00:00-03:00,0.392,0.289,0.153,10.073
2017-09-19 17:00:00-03:00,0.242,0.168,0.106,9.602
2017-09-19 18:00:00-03:00,0.194,0.163,0.058,8.528
2017-09-19 19:00:00-03:00,0.02,0.025,0.008,5.869
2017-09-19 20:00:00-03:00,0.0,0.0,0.0,4.414
2017-09-19 21:00:00-03:00,0.0,0.0,0.0,3.932
2017-09-19 22:00:00-03:00,0.0,0.0,0.0,3.683
2017-09-19 23:00:00-03:00,0.0,0.0,0.0,3.023
2017-09-20 00:00:00-03:00,0.0,0.0,0.0,2.304
2017-09-20 01:00:00-03:00,0.0,0.0,0.0,1.405
2017-09-20 02:00:00-03:00,0.0,0.0,0.0,0.745
2017-09-20 03:00:00-03:00,0.0,0.0,0.0,0.394
2017-09-20 04:00:00-03:00,0.0,0.0,0.0,0.227
2017-09-20 05:00:00-03:00,0.0,0.0,0.0,-0.045
2017-09-20 06:00:00-03:00,0.0,0.0,0.0,-0.371
2017-09-20 07:00:00-03:00,0.0,0.0,0.0,-0.611
2017-09-20 08:00:00-03:00,0.077,0.063,0.031,-0.131
2017-09-20 09:00:00-03:00,0.303,0.241,0.08700000000000001,1.477
2017-09-20 10:00:00-03:00,0.558,0.504,0.11800000000000001,3.544
2017-09-20 11:00:00-03:00,0.595,0.522,0.152,5.499
2017-09-20 12:00:00-03:00,0.45,0.28700000000000003,0.215,6.8260000000000005
2017-09-20 13:00:00-03:00,0.47500000000000003,0.272,0.263,7.893
2017-09-20 14:00:00-03:00,0.25,0.062,0.218,7.868
2017-09-20 15:00:00-03:00,0.108,0.013000000000000001,0.116,6.956
2017-09-20 16:00:00-03:00,0.07200000000000001,0.01,0.082,6.537
2017-09-20 17:00:00-03:00,0.05,0.01,0.058,6.551
2017-09-20 18:00:00-03:00,0.015,0.005,0.023,6.251
2017-09-20 19:00:00-03:00,0.0,0.002,0.004,5.7780000000000005
2017-09-20 20:00:00-03:00,0.0,0.0,0.0,5.236
2017-09-20 21:00:00-03:00,0.0,0.0,0.0,5.15
2017-09-20 22:00:00-03:00,0.0,0.0,0.0,5.253
2017-09-20 23:00:00-03:00,0.0,0.0,0.0,5.007
2017-09-21 00:00:00-03:00,0.0,0.0,0.0,4.625
2017-09-21 01:00:00-03:00,0.0,0.0,0.0,4.321
2017-09-21 02:00:00-03:00,0.0,0.0,0.0,4.131
2017-09-21 03:00:00-03:00,0.0,0.0,0.0,3.936
2017-09-21 04:00:00-03:00,0.0,0.0,0.0,3.5869999999999997
2017-09-21 05:00:00-03:00,0.0,0.0,0.0,2.977
2017-09-21 06:00:00-03:00,0.0,0.0,0.0,2.954
2017-09-21 07:00:00-03:00,0.0,0.001,0.001,3.817
2017-09-21 08:00:00-03:00,0.064,0.054,0.029,5.125
2017-09-21 09:00:00-03:00,0.234,0.181,0.082,6.978
2017-09-21 10:00:00-03:00,0.47800000000000004,0.425,0.116,8.85
2017-09-21 11:00:00-03:00,0.682,0.6900000000000001,0.11800000000000001,10.371
2017-09-21 12:00:00-03:00,0.718,0.742,0.12,11.316
2017-09-21 13:00:00-03:00,0.721,0.755,0.115,11.917
2017-09-21 14:00:00-03:00,0.716,0.736,0.127,12.148
2017-09-21 15:00:00-03:00,0.641,0.621,0.138,11.914
2017-09-21 16:00:00-03:00,0.625,0.616,0.11900000000000001,11.48
2017-09-21 17:00:00-03:00,0.47900000000000004,0.447,0.099,10.558
2017-09-21 18:00:00-03:00,0.148,0.11800000000000001,0.054,8.83
2017-09-21 19:00:00-03:00,0.014,0.018000000000000002,0.008,7.025
2017-09-21 20:00:00-03:00,0.0,0.0,0.0,5.864
2017-09-21 21:00:00-03:00,0.0,0.0,0.0,5.244
2017-09-21 22:00:00-03:00,0.0,0.0,0.0,4.91
2017-09-21 23:00:00-03:00,0.0,0.0,0.0,4.645
2017-09-22 00:00:00-03:00,0.0,0.0,0.0,4.294
2017-09-22 01:00:00-03:00,0.0,0.0,0.0,3.83
2017-09-22 02:00:00-03:00,0.0,0.0,0.0,3.46
2017-09-22 03:00:00-03:00,0.0,0.0,0.0,2.952
2017-09-22 04:00:00-03:00,0.0,0.0,0.0,2.265
2017-09-22 05:00:00-03:00,0.0,0.0,0.0,1.5710000000000002
2017-09-22 06:00:00-03:00,0.0,0.0,0.0,0.9450000000000001
2017-09-22 07:00:00-03:00,0.0,0.002,0.001,0.543
2017-09-22 08:00:00-03:00,0.125,0.108,0.036000000000000004,2.086
2017-09-22 09:00:00-03:00,0.342,0.289,0.08600000000000001,4.832
2017-09-22 10:00:00-03:00,0.484,0.418,0.124,6.672
2017-09-22 11:00:00-03:00,0.56,0.485,0.154,8.205
2017-09-22 12:00:00-03:00,0.493,0.358,0.201,9.169
2017-09-22 13:00:00-03:00,0.5670000000000001,0.436,0.219,10.094
2017-09-22 14:00:00-03:00,0.429,0.253,0.233,10.515
2017-09-22 15:00:00-03:00,0.278,0.121,0.194,10.44
2017-09-22 16:00:00-03:00,0.126,0.035,0.116,9.755
2017-09-22 17:00:00-03:00,0.124,0.055,0.094,9.346
2017-09-22 18:00:00-03:00,0.091,0.059000000000000004,0.053,8.658
2017-09-22 19:00:00-03:00,0.004,0.007,0.006,6.781
2017-09-22 20:00:00-03:00,0.0,0.0,0.0,5.867
2017-09-22 21:00:00-03:00,0.0,0.0,0.0,5.388
2017-09-22 22:00:00-03:00,0.0,0.0,0.0,4.842
2017-09-22 23:00:00-03:00,0.0,0.0,0.0,4.307
2017-09-23 00:00:00-03:00,0.0,0.0,0.0,3.7800000000000002
2017-09-23 01:00:00-03:00,0.0,0.0,0.0,3.046
2017-09-23 02:00:00-03:00,0.0,0.0,0.0,2.151
2017-09-23 03:00:00-03:00,0.0,0.0,0.0,2.206
2017-09-23 04:00:00-03:00,0.0,0.0,0.0,2.119
2017-09-23 05:00:00-03:00,0.0,0.0,0.0,2.526
2017-09-23 06:00:00-03:00,0.0,0.0,0.0,2.696
2017-09-23 07:00:00-03:00,0.0,0.001,0.001,2.698
2017-09-23 08:00:00-03:00,0.013000000000000001,0.006,0.02,3.495
2017-09-23 09:00:00-03:00,0.048,0.01,0.055,4.586
2017-09-23 10:00:00-03:00,0.059000000000000004,0.007,0.07,5.554
2017-09-23 11:00:00-03:00,0.09,0.008,0.10200000000000001,6.579
2017-09-23 12:00:00-03:00,0.111,0.007,0.125,7.759
2017-09-23 13:00:00-03:00,0.14,0.008,0.157,8.946
2017-09-23 14:00:00-03:00,0.139,0.011,0.154,10.165
2017-09-23 15:00:00-03:00,0.096,0.008,0.111,10.9
2017-09-23 16:00:00-03:00,0.06,0.006,0.074,11.041
2017-09-23 17:00:00-03:00,0.051000000000000004,0.009000000000000001,0.062,11.15
2017-09-23 18:00:00-03:00,0.034,0.012,0.039,10.901
2017-09-23 19:00:00-03:00,0.003,0.005,0.007,9.729
2017-09-23 20:00:00-03:00,0.0,0.0,0.0,8.597
2017-09-23 21:00:00-03:00,0.0,0.0,0.0,8.331
2017-09-23 22:00:00-03:00,0.0,0.0,0.0,7.66
2017-09-23 23:00:00-03:00,0.0,0.0,0.0,6.412
2017-09-24 00:00:00-03:00,0.0,0.0,0.0,5.329
2017-09-24 01:00:00-03:00,0.0,0.0,0.0,5.033
2017-09-24 02:00:00-03:00,0.0,0.0,0.0,5.491
2017-09-24 03:00:00-03:00,0.0,0.0,0.0,5.08
2017-09-24 04:00:00-03:00,0.0,0.0,0.0,4.5120000000000005
2017-09-24 05:00:00-03:00,0.0,0.0,0.0,4.198
2017-09-24 06:00:00-03:00,0.0,0.0,0.0,4.02
2017-09-24 07:00:00-03:00,0.0,0.002,0.001,3.81
2017-09-24 08:00:00-03:00,0.062,0.047,0.033,3.76
2017-09-24 09:00:00-03:00,0.227,0.164,0.088,4.222
2017-09-24 10:00:00-03:00,0.489,0.418,0.126,5.059
2017-09-24 11:00:00-03:00,0.523,0.426,0.16,5.622
2017-09-24 12:00:00-03:00,0.534,0.403,0.197,5.876
2017-09-24 13:00:00-03:00,0.487,0.298,0.244,5.689
2017-09-24 14:00:00-03:00,0.482,0.313,0.223,5.396
2017-09-24 15:00:00-03:00,0.47300000000000003,0.338,0.187,5.172
2017-09-24 16:00:00-03:00,0.47100000000000003,0.373,0.15,5.022
2017-09-24 17:00:00-03:00,0.375,0.30000000000000004,0.112,4.606
2017-09-24 18:00:00-03:00,0.222,0.182,0.064,3.782
2017-09-24 19:00:00-03:00,0.044,0.047,0.013000000000000001,2.475
2017-09-24 20:00:00-03:00,0.0,0.0,0.0,1.508
2017-09-24 21:00:00-03:00,0.0,0.0,0.0,1.072
2017-09-24 22:00:00-03:00,0.0,0.0,0.0,0.875
2017-09-24 23:00:00-03:00,0.0,0.0,0.0,0.805
2017-09-25 00:00:00-03:00,0.0,0.0,0.0,0.847
2017-09-25 01:00:00-03:00,0.0,0.0,0.0,0.8310000000000001
2017-09-25 02:00:00-03:00,0.0,0.0,0.0,0.616
2017-09-25 03:00:00-03:00,0.0,0.0,0.0,0.32
2017-09-25 04:00:00-03:00,0.0,0.0,0.0,-0.036000000000000004
2017-09-25 05:00:00-03:00,0.0,0.0,0.0,-0.354
2017-09-25 06:00:00-03:00,0.0,0.0,0.0,-0.502
2017-09-25 07:00:00-03:00,0.0,0.004,0.002,-0.49
2017-09-25 08:00:00-03:00,0.15,0.127,0.041,0.159
2017-09-25 09:00:00-03:00,0.423,0.372,0.088,1.763
2017-09-25 10:00:00-03:00,0.516,0.444,0.127,3.473
2017-09-25 11:00:00-03:00,0.369,0.225,0.18,4.291
2017-09-25 12:00:00-03:00,0.34600000000000003,0.156,0.224,4.731
2017-09-25 13:00:00-03:00,0.396,0.166,0.27,5.188
2017-09-25 14:00:00-03:00,0.366,0.162,0.241,5.498
2017-09-25 15:00:00-03:00,0.298,0.133,0.195,5.503
2017-09-25 16:00:00-03:00,0.28200000000000003,0.154,0.158,5.319
2017-09-25 17:00:00-03:00,0.25,0.163,0.114,4.89
2017-09-25 18:00:00-03:00,0.20600000000000002,0.164,0.065,4.17
2017-09-25 19:00:00-03:00,0.08,0.083,0.016,2.995
2017-09-25 20:00:00-03:00,0.0,0.0,0.0,1.966
2017-09-25 21:00:00-03:00,0.0,0.0,0.0,1.4969999999999999
2017-09-25 22:00:00-03:00,0.0,0.0,0.0,1.242
2017-09-25 23:00:00-03:00,0.0,0.0,0.0,1.088
2017-09-26 00:00:00-03:00,0.0,0.0,0.0,0.986
2017-09-26 01:00:00-03:00,0.0,0.0,0.0,0.868
2017-09-26 02:00:00-03:00,0.0,0.0,0.0,0.734
2017-09-26 03:00:00-03:00,0.0,0.0,0.0,0.635
2017-09-26 04:00:00-03:00,0.0,0.0,0.0,0.622
2017-09-26 05:00:00-03:00,0.0,0.0,0.0,0.6940000000000001
2017-09-26 06:00:00-03:00,0.0,0.0,0.0,0.8280000000000001
2017-09-26 07:00:00-03:00,0.0,0.004,0.002,1.064
2017-09-26 08:00:00-03:00,0.127,0.10400000000000001,0.042,1.721
2017-09-26 09:00:00-03:00,0.274,0.20600000000000002,0.094,3.046
2017-09-26 10:00:00-03:00,0.312,0.201,0.14100000000000001,4.297
2017-09-26 11:00:00-03:00,0.30000000000000004,0.149,0.181,5.185
2017-09-26 12:00:00-03:00,0.378,0.189,0.229,5.986
2017-09-26 13:00:00-03:00,0.449,0.233,0.267,6.551
2017-09-26 14:00:00-03:00,0.464,0.28200000000000003,0.23700000000000002,6.945
2017-09-26 15:00:00-03:00,0.373,0.213,0.201,6.802
2017-09-26 16:00:00-03:00,0.311,0.186,0.159,6.449
2017-09-26 17:00:00-03:00,0.391,0.314,0.11900000000000001,6.027
2017-09-26 18:00:00-03:00,0.14300000000000002,0.10300000000000001,0.062,5.132
2017-09-26 19:00:00-03:00,0.042,0.044,0.015,4.056
2017-09-26 20:00:00-03:00,0.0,0.0,0.0,3.366
2017-09-26 21:00:00-03:00,0.0,0.0,0.0,3.094
2017-09-26 22:00:00-03:00,0.0,0.0,0.0,2.943
2017-09-26 23:00:00-03:00,0.0,0.0,0.0,2.895
2017-09-27 00:00:00-03:00,0.0,0.0,0.0,2.926
2017-09-27 01:00:00-03:00,0.0,0.0,0.0,2.971
2017-09-27 02:00:00-03:00,0.0,0.0,0.0,3.061
2017-09-27 03:00:00-03:00,0.0,0.0,0.0,3.237
2017-09-27 04:00:00-03:00,0.0,0.0,0.0,3.37
2017-09-27 05:00:00-03:00,0.0,0.0,0.0,3.448
2017-09-27 06:00:00-03:00,0.0,0.0,0.0,3.466
2017-09-27 07:00:00-03:00,0.0,0.002,0.002,3.3609999999999998
2017-09-27 08:00:00-03:00,0.061,0.042,0.037,3.785
2017-09-27 09:00:00-03:00,0.197,0.128,0.093,4.825
2017-09-27 10:00:00-03:00,0.352,0.249,0.14,6.103
2017-09-27 11:00:00-03:00,0.581,0.507,0.157,7.68
2017-09-27 12:00:00-03:00,0.707,0.6890000000000001,0.147,9.062
2017-09-27 13:00:00-03:00,0.722,0.716,0.145,9.884
2017-09-27 14:00:00-03:00,0.586,0.484,0.195,10.244
2017-09-27 15:00:00-03:00,0.555,0.46,0.181,10.454
2017-09-27 16:00:00-03:00,0.396,0.28400000000000003,0.163,10.076
2017-09-27 17:00:00-03:00,0.147,0.069,0.10300000000000001,9.067
2017-09-27 18:00:00-03:00,0.021,0.007,0.029,7.933
2017-09-27 19:00:00-03:00,0.001,0.002,0.005,7.17
2017-09-27 20:00:00-03:00,0.0,0.0,0.0,6.716
2017-09-27 21:00:00-03:00,0.0,0.0,0.0,6.454
2017-09-27 22:00:00-03:00,0.0,0.0,0.0,6.325
2017-09-27 23:00:00-03:00,0.0,0.0,0.0,6.294
2017-09-28 00:00:00-03:00,0.0,0.0,0.0,6.341
2017-09-28 01:00:00-03:00,0.0,0.0,0.0,6.354
2017-09-28 02:00:00-03:00,0.0,0.0,0.0,6.27
2017-09-28 03:00:00-03:00,0.0,0.0,0.0,6.093
2017-09-28 04:00:00-03:00,0.0,0.0,0.0,5.759
2017-09-28 05:00:00-03:00,0.0,0.0,0.0,5.386
2017-09-28 06:00:00-03:00,0.0,0.0,0.0,4.9030000000000005
2017-09-28 07:00:00-03:00,0.01,0.017,0.004,4.358
2017-09-28 08:00:00-03:00,0.28800000000000003,0.273,0.044,5.448
2017-09-28 09:00:00-03:00,0.5650000000000001,0.5660000000000001,0.077,7.552
2017-09-28 10:00:00-03:00,0.6970000000000001,0.727,0.099,9.95
2017-09-28 11:00:00-03:00,0.758,0.812,0.111,11.959
2017-09-28 12:00:00-03:00,0.738,0.777,0.123,13.221
2017-09-28 13:00:00-03:00,0.636,0.594,0.166,13.587
2017-09-28 14:00:00-03:00,0.5700000000000001,0.485,0.186,13.653
2017-09-28 15:00:00-03:00,0.5760000000000001,0.514,0.164,13.677
2017-09-28 16:00:00-03:00,0.535,0.481,0.145,13.513
2017-09-28 17:00:00-03:00,0.186,0.112,0.105,12.657
2017-09-28 18:00:00-03:00,0.108,0.075,0.058,11.617
2017-09-28 19:00:00-03:00,0.108,0.111,0.02,9.566
2017-09-28 20:00:00-03:00,0.0,0.0,0.0,7.385
2017-09-28 21:00:00-03:00,0.0,0.0,0.0,6.6
2017-09-28 22:00:00-03:00,0.0,0.0,0.0,5.746
2017-09-28 23:00:00-03:00,0.0,0.0,0.0,5.009
2017-09-29 00:00:00-03:00,0.0,0.0,0.0,4.509
2017-09-29 01:00:00-03:00,0.0,0.0,0.0,4.082
2017-09-29 02:00:00-03:00,0.0,0.0,0.0,3.786
2017-09-29 03:00:00-03:00,0.0,0.0,0.0,3.517
2017-09-29 04:00:00-03:00,0.0,0.0,0.0,3.412
2017-09-29 05:00:00-03:00,0.0,0.0,0.0,3.251
2017-09-29 06:00:00-03:00,0.0,0.0,0.0,3.04
2017-09-29 07:00:00-03:00,0.009000000000000001,0.015,0.005,2.791
2017-09-29 08:00:00-03:00,0.187,0.161,0.049,4.938
2017-09-29 09:00:00-03:00,0.361,0.304,0.097,7.077
2017-09-29 10:00:00-03:00,0.501,0.435,0.134,8.931000000000001
2017-09-29 11:00:00-03:00,0.556,0.47500000000000003,0.166,10.137
2017-09-29 12:00:00-03:00,0.5740000000000001,0.464,0.202,10.884
2017-09-29 13:00:00-03:00,0.42,0.2,0.277,10.914
2017-09-29 14:00:00-03:00,0.379,0.18,0.248,10.905
2017-09-29 15:00:00-03:00,0.363,0.2,0.211,10.789
2017-09-29 16:00:00-03:00,0.23500000000000001,0.107,0.16,10.162
2017-09-29 17:00:00-03:00,0.114,0.041,0.096,9.162
2017-09-29 18:00:00-03:00,0.034,0.012,0.038,7.964
2017-09-29 19:00:00-03:00,0.004,0.005,0.008,6.699
2017-09-29 20:00:00-03:00,0.0,0.0,0.0,5.52
2017-09-29 21:00:00-03:00,0.0,0.0,0.0,4.535
2017-09-29 22:00:00-03:00,0.0,0.0,0.0,3.698
2017-09-29 23:00:00-03:00,0.0,0.0,0.0,3.062
2017-09-30 00:00:00-03:00,0.0,0.0,0.0,2.678
2017-09-30 01:00:00-03:00,0.0,0.0,0.0,2.387
2017-09-30 02:00:00-03:00,0.0,0.0,0.0,2.096
2017-09-30 03:00:00-03:00,0.0,0.0,0.0,1.8639999999999999
2017-09-30 04:00:00-03:00,0.0,0.0,0.0,1.705
2017-09-30 05:00:00-03:00,0.0,0.0,0.0,1.616
2017-09-30 06:00:00-03:00,0.0,0.0,0.0,1.442
2017-09-30 07:00:00-03:00,0.0,0.0,0.001,1.232
2017-09-30 08:00:00-03:00,0.007,0.002,0.015,1.254
2017-09-30 09:00:00-03:00,0.029,0.004,0.041,1.624
2017-09-30 10:00:00-03:00,0.066,0.007,0.077,2.245
2017-09-30 11:00:00-03:00,0.10400000000000001,0.01,0.114,2.989
2017-09-30 12:00:00-03:00,0.162,0.016,0.168,3.726
2017-09-30 13:00:00-03:00,0.251,0.029,0.249,4.5600000000000005
2017-09-30 14:00:00-03:00,0.228,0.033,0.22,5.127
2017-09-30 15:00:00-03:00,0.161,0.022,0.161,5.207
2017-09-30 16:00:00-03:00,0.097,0.012,0.105,4.896
2017-09-30 17:00:00-03:00,0.051000000000000004,0.007,0.062,4.375
2017-09-30 18:00:00-03:00,0.019,0.004,0.028,3.6710000000000003
2017-09-30 19:00:00-03:00,0.002,0.002,0.007,2.857
2017-09-30 20:00:00-03:00,0.0,0.0,0.0,2.145
2017-09-30 21:00:00-03:00,0.0,0.0,0.0,1.561
2017-09-30 22:00:00-03:00,0.0,0.0,0.0,1.195
2017-09-30 23:00:00-03:00,0.0,0.0,0.0,1.0
2017-10-01 00:00:00-03:00,0.0,0.0,0.0,0.903
2017-10-01 01:00:00-03:00,0.0,0.0,0.0,0.849
2017-10-01 02:00:00-03:00,0.0,0.0,0.0,0.81
2017-10-01 03:00:00-03:00,0.0,0.0,0.0,0.77
2017-10-01 04:00:00-03:00,0.0,0.0,0.0,0.725
2017-10-01 05:00:00-03:00,0.0,0.0,0.0,0.663
2017-10-01 06:00:00-03:00,0.0,0.0,0.0,0.5750000000000001
2017-10-01 07:00:00-03:00,0.0,0.001,0.002,0.544
2017-10-01 08:00:00-03:00,0.013000000000000001,0.004,0.021,0.879
2017-10-01 09:00:00-03:00,0.041,0.007,0.05,1.374
2017-10-01 10:00:00-03:00,0.074,0.01,0.082,2.006
2017-10-01 11:00:00-03:00,0.127,0.017,0.129,2.847
2017-10-01 12:00:00-03:00,0.23800000000000002,0.051000000000000004,0.213,4.405
2017-10-01 13:00:00-03:00,0.466,0.217,0.304,6.678
2017-10-01 14:00:00-03:00,0.495,0.307,0.255,8.771
2017-10-01 15:00:00-03:00,0.379,0.209,0.218,9.719
2017-10-01 16:00:00-03:00,0.308,0.17,0.177,10.012
2017-10-01 17:00:00-03:00,0.18,0.088,0.11900000000000001,9.850999999999999
2017-10-01 18:00:00-03:00,0.112,0.066,0.069,9.246
2017-10-01 19:00:00-03:00,0.025,0.023,0.017,7.26
2017-10-01 20:00:00-03:00,0.0,0.0,0.0,5.874
2017-10-01 21:00:00-03:00,0.0,0.0,0.0,5.49
2017-10-01 22:00:00-03:00,0.0,0.0,0.0,5.41
2017-10-01 23:00:00-03:00,0.0,0.0,0.0,4.944
2017-10-02 00:00:00-03:00,0.0,0.0,0.0,4.5440000000000005
2017-10-02 01:00:00-03:00,0.0,0.0,0.0,4.201
2017-10-02 02:00:00-03:00,0.0,0.0,0.0,3.688
2017-10-02 03:00:00-03:00,0.0,0.0,0.0,3.249
2017-10-02 04:00:00-03:00,0.0,0.0,0.0,3.165
2017-10-02 05:00:00-03:00,0.0,0.0,0.0,3.061
2017-10-02 06:00:00-03:00,0.0,0.0,0.0,3.09
2017-10-02 07:00:00-03:00,0.005,0.009000000000000001,0.005,3.012
2017-10-02 08:00:00-03:00,0.182,0.152,0.052000000000000005,3.717
2017-10-02 09:00:00-03:00,0.464,0.421,0.094,5.014
2017-10-02 10:00:00-03:00,0.61,0.5730000000000001,0.122,6.28
2017-10-02 11:00:00-03:00,0.589,0.51,0.161,6.943
2017-10-02 12:00:00-03:00,0.44,0.267,0.223,6.675
2017-10-02 13:00:00-03:00,0.41100000000000003,0.184,0.272,6.401
2017-10-02 14:00:00-03:00,0.5710000000000001,0.435,0.214,7.013
2017-10-02 15:00:00-03:00,0.594,0.501,0.177,7.062
2017-10-02 16:00:00-03:00,0.5670000000000001,0.491,0.15,6.43
2017-10-02 17:00:00-03:00,0.432,0.358,0.12,5.718
2017-10-02 18:00:00-03:00,0.267,0.22,0.075,4.902
2017-10-02 19:00:00-03:00,0.156,0.152,0.026000000000000002,3.838
2017-10-02 20:00:00-03:00,0.0,0.0,0.0,2.677
2017-10-02 21:00:00-03:00,0.0,0.0,0.0,2.315
2017-10-02 22:00:00-03:00,0.0,0.0,0.0,1.859
2017-10-02 23:00:00-03:00,0.0,0.0,0.0,1.319
2017-10-03 00:00:00-03:00,0.0,0.0,0.0,1.021
2017-10-03 01:00:00-03:00,0.0,0.0,0.0,0.842
2017-10-03 02:00:00-03:00,0.0,0.0,0.0,0.763
2017-10-03 03:00:00-03:00,0.0,0.0,0.0,0.679
2017-10-03 04:00:00-03:00,0.0,0.0,0.0,0.8280000000000001
2017-10-03 05:00:00-03:00,0.0,0.0,0.0,0.8270000000000001
2017-10-03 06:00:00-03:00,0.0,0.0,0.0,0.907
2017-10-03 07:00:00-03:00,0.005,0.008,0.005,1.157
2017-10-03 08:00:00-03:00,0.067,0.041,0.043000000000000003,1.956
2017-10-03 09:00:00-03:00,0.227,0.15,0.101,3.375
2017-10-03 10:00:00-03:00,0.425,0.322,0.147,5.018
2017-10-03 11:00:00-03:00,0.367,0.217,0.189,6.16
2017-10-03 12:00:00-03:00,0.34,0.15,0.227,6.8469999999999995
2017-10-03 13:00:00-03:00,0.5,0.299,0.265,7.801
2017-10-03 14:00:00-03:00,0.662,0.585,0.188,8.729
2017-10-03 15:00:00-03:00,0.5650000000000001,0.464,0.184,8.865
2017-10-03 16:00:00-03:00,0.451,0.34800000000000003,0.161,8.662
2017-10-03 17:00:00-03:00,0.506,0.455,0.11800000000000001,8.377
2017-10-03 18:00:00-03:00,0.558,0.562,0.073,7.769
2017-10-03 19:00:00-03:00,0.299,0.299,0.03,5.578
2017-10-03 20:00:00-03:00,0.0,0.0,0.0,2.548
2017-10-03 21:00:00-03:00,0.0,0.0,0.0,1.877
2017-10-03 22:00:00-03:00,0.0,0.0,0.0,1.916
2017-10-03 23:00:00-03:00,0.0,0.0,0.0,2.364
2017-10-04 00:00:00-03:00,0.0,0.0,0.0,2.5220000000000002
2017-10-04 01:00:00-03:00,0.0,0.0,0.0,1.713
2017-10-04 02:00:00-03:00,0.0,0.0,0.0,1.197
2017-10-04 03:00:00-03:00,0.0,0.0,0.0,1.339
2017-10-04 04:00:00-03:00,0.0,0.0,0.0,1.532
2017-10-04 05:00:00-03:00,0.0,0.0,0.0,1.109
2017-10-04 06:00:00-03:00,0.0,0.0,0.0,0.315
2017-10-04 07:00:00-03:00,0.012,0.016,0.007,0.264
2017-10-04 08:00:00-03:00,0.105,0.073,0.051000000000000004,2.142
2017-10-04 09:00:00-03:00,0.233,0.154,0.10300000000000001,3.673
2017-10-04 10:00:00-03:00,0.333,0.216,0.151,5.483
2017-10-04 11:00:00-03:00,0.358,0.20400000000000001,0.193,6.693
2017-10-04 12:00:00-03:00,0.34600000000000003,0.154,0.232,7.398
2017-10-04 13:00:00-03:00,0.432,0.202,0.28300000000000003,8.303
2017-10-04 14:00:00-03:00,0.541,0.396,0.224,9.4
2017-10-04 15:00:00-03:00,0.587,0.5,0.181,10.126
2017-10-04 16:00:00-03:00,0.626,0.587,0.146,10.418
2017-10-04 17:00:00-03:00,0.545,0.51,0.117,10.3
2017-10-04 18:00:00-03:00,0.405,0.378,0.08,9.763
2017-10-04 19:00:00-03:00,0.156,0.15,0.03,7.665
2017-10-04 20:00:00-03:00,0.0,0.0,0.0,5.295
2017-10-04 21:00:00-03:00,0.0,0.0,0.0,4.818
2017-10-04 22:00:00-03:00,0.0,0.0,0.0,4.561
2017-10-04 23:00:00-03:00,0.0,0.0,0.0,4.61
2017-10-05 00:00:00-03:00,0.0,0.0,0.0,4.5969999999999995
2017-10-05 01:00:00-03:00,0.0,0.0,0.0,4.515
2017-10-05 02:00:00-03:00,0.0,0.0,0.0,4.41
2017-10-05 03:00:00-03:00,0.0,0.0,0.0,4.301
2017-10-05 04:00:00-03:00,0.0,0.0,0.0,4.22
2017-10-05 05:00:00-03:00,0.0,0.0,0.0,4.128
2017-10-05 06:00:00-03:00,0.0,0.0,0.0,3.993
2017-10-05 07:00:00-03:00,0.0,0.001,0.003,3.879
2017-10-05 08:00:00-03:00,0.023,0.008,0.029,4.198
2017-10-05 09:00:00-03:00,0.099,0.036000000000000004,0.083,4.458
2017-10-05 10:00:00-03:00,0.185,0.069,0.138,4.189
2017-10-05 11:00:00-03:00,0.257,0.1,0.184,4.33
2017-10-05 12:00:00-03:00,0.527,0.363,0.226,5.396
2017-10-05 13:00:00-03:00,0.667,0.559,0.20800000000000002,5.881
2017-10-05 14:00:00-03:00,0.636,0.521,0.20600000000000002,5.686
2017-10-05 15:00:00-03:00,0.497,0.35000000000000003,0.203,5.501
2017-10-05 16:00:00-03:00,0.403,0.272,0.17200000000000001,5.31
2017-10-05 17:00:00-03:00,0.385,0.293,0.131,5.065
2017-10-05 18:00:00-03:00,0.314,0.26,0.085,4.58
2017-10-05 19:00:00-03:00,0.123,0.112,0.032,3.609
2017-10-05 20:00:00-03:00,0.0,0.0,0.0,2.492
2017-10-05 21:00:00-03:00,0.0,0.0,0.0,2.155
2017-10-05 22:00:00-03:00,0.0,0.0,0.0,1.988
2017-10-05 23:00:00-03:00,0.0,0.0,0.0,1.729
2017-10-06 00:00:00-03:00,0.0,0.0,0.0,1.3940000000000001
2017-10-06 01:00:00-03:00,0.0,0.0,0.0,1.083
2017-10-06 02:00:00-03:00,0.0,0.0,0.0,0.93
2017-10-06 03:00:00-03:00,0.0,0.0,0.0,0.8320000000000001
2017-10-06 04:00:00-03:00,0.0,0.0,0.0,0.768
2017-10-06 05:00:00-03:00,0.0,0.0,0.0,0.422
2017-10-06 06:00:00-03:00,0.0,0.0,0.0,0.06
2017-10-06 07:00:00-03:00,0.01,0.013000000000000001,0.008,0.463
2017-10-06 08:00:00-03:00,0.098,0.063,0.054,1.512
2017-10-06 09:00:00-03:00,0.249,0.165,0.109,3.414
2017-10-06 10:00:00-03:00,0.294,0.17400000000000002,0.15,5.373
2017-10-06 11:00:00-03:00,0.5670000000000001,0.46900000000000003,0.176,7.297
2017-10-06 12:00:00-03:00,0.71,0.672,0.168,8.874
2017-10-06 13:00:00-03:00,0.659,0.5680000000000001,0.20500000000000002,9.591
2017-10-06 14:00:00-03:00,0.457,0.274,0.242,9.476
2017-10-06 15:00:00-03:00,0.37,0.20700000000000002,0.209,9.286
2017-10-06 16:00:00-03:00,0.439,0.32,0.176,9.278
2017-10-06 17:00:00-03:00,0.233,0.137,0.126,8.681000000000001
2017-10-06 18:00:00-03:00,0.094,0.048,0.067,7.683
2017-10-06 19:00:00-03:00,0.026000000000000002,0.019,0.021,6.629
2017-10-06 20:00:00-03:00,0.0,0.0,0.0,5.716
2017-10-06 21:00:00-03:00,0.0,0.0,0.0,5.251
2017-10-06 22:00:00-03:00,0.0,0.0,0.0,4.95
2017-10-06 23:00:00-03:00,0.0,0.0,0.0,4.7059999999999995
2017-10-07 00:00:00-03:00,0.0,0.0,0.0,4.598
2017-10-07 01:00:00-03:00,0.0,0.0,0.0,4.408
2017-10-07 02:00:00-03:00,0.0,0.0,0.0,4.191
2017-10-07 03:00:00-03:00,0.0,0.0,0.0,3.726
2017-10-07 04:00:00-03:00,0.0,0.0,0.0,3.651
2017-10-07 05:00:00-03:00,0.0,0.0,0.0,3.743
2017-10-07 06:00:00-03:00,0.0,0.0,0.0,3.779
2017-10-07 07:00:00-03:00,0.003,0.005,0.006,3.802
2017-10-07 08:00:00-03:00,0.10400000000000001,0.068,0.056,4.505
2017-10-07 09:00:00-03:00,0.456,0.402,0.107,6.509
2017-10-07 10:00:00-03:00,0.465,0.373,0.15,8.413
2017-10-07 11:00:00-03:00,0.338,0.185,0.194,9.334
2017-10-07 12:00:00-03:00,0.41000000000000003,0.214,0.248,9.92
2017-10-07 13:00:00-03:00,0.275,0.052000000000000005,0.258,9.454
2017-10-07 14:00:00-03:00,0.222,0.045,0.20700000000000002,9.334
2017-10-07 15:00:00-03:00,0.22,0.065,0.185,9.319
2017-10-07 16:00:00-03:00,0.34500000000000003,0.211,0.177,9.481
2017-10-07 17:00:00-03:00,0.458,0.387,0.131,9.353
2017-10-07 18:00:00-03:00,0.397,0.358,0.08600000000000001,8.502
2017-10-07 19:00:00-03:00,0.28,0.273,0.039,7.155
2017-10-07 20:00:00-03:00,0.0,0.004,0.001,5.485
2017-10-07 21:00:00-03:00,0.0,0.0,0.0,4.61
2017-10-07 22:00:00-03:00,0.0,0.0,0.0,3.968
2017-10-07 23:00:00-03:00,0.0,0.0,0.0,3.871
2017-10-08 00:00:00-03:00,0.0,0.0,0.0,3.8609999999999998
2017-10-08 01:00:00-03:00,0.0,0.0,0.0,3.563
2017-10-08 02:00:00-03:00,0.0,0.0,0.0,2.9370000000000003
2017-10-08 03:00:00-03:00,0.0,0.0,0.0,2.411
2017-10-08 04:00:00-03:00,0.0,0.0,0.0,2.019
2017-10-08 05:00:00-03:00,0.0,0.0,0.0,1.6720000000000002
2017-10-08 06:00:00-03:00,0.0,0.0,0.0,1.418
2017-10-08 07:00:00-03:00,0.033,0.035,0.012,1.343
2017-10-08 08:00:00-03:00,0.224,0.183,0.064,2.265
2017-10-08 09:00:00-03:00,0.467,0.41100000000000003,0.10400000000000001,3.96
2017-10-08 10:00:00-03:00,0.604,0.55,0.136,5.66
2017-10-08 11:00:00-03:00,0.497,0.37,0.187,6.694
2017-10-08 12:00:00-03:00,0.364,0.168,0.23600000000000002,7.075
2017-10-08 13:00:00-03:00,0.385,0.13,0.298,7.1370000000000005
2017-10-08 14:00:00-03:00,0.309,0.105,0.23800000000000002,7.053
2017-10-08 15:00:00-03:00,0.322,0.149,0.20800000000000002,7.214
2017-10-08 16:00:00-03:00,0.366,0.23,0.177,7.369
2017-10-08 17:00:00-03:00,0.323,0.226,0.133,7.177
2017-10-08 18:00:00-03:00,0.271,0.213,0.089,6.652
2017-10-08 19:00:00-03:00,0.122,0.107,0.036000000000000004,5.511
2017-10-08 20:00:00-03:00,0.0,0.002,0.001,4.106
2017-10-08 21:00:00-03:00,0.0,0.0,0.0,3.305
2017-10-08 22:00:00-03:00,0.0,0.0,0.0,2.746
2017-10-08 23:00:00-03:00,0.0,0.0,0.0,2.4130000000000003
2017-10-09 00:00:00-03:00,0.0,0.0,0.0,2.374
2017-10-09 01:00:00-03:00,0.0,0.0,0.0,2.262
2017-10-09 02:00:00-03:00,0.0,0.0,0.0,2.198
2017-10-09 03:00:00-03:00,0.0,0.0,0.0,1.826
2017-10-09 04:00:00-03:00,0.0,0.0,0.0,1.085
2017-10-09 05:00:00-03:00,0.0,0.0,0.0,0.791
2017-10-09 06:00:00-03:00,0.0,0.0,0.0,0.914
2017-10-09 07:00:00-03:00,0.005,0.006,0.008,1.143
2017-10-09 08:00:00-03:00,0.082,0.046,0.054,2.0
2017-10-09 09:00:00-03:00,0.354,0.274,0.112,3.2800000000000002
2017-10-09 10:00:00-03:00,0.521,0.434,0.146,4.535
2017-10-09 11:00:00-03:00,0.511,0.386,0.185,5.332
2017-10-09 12:00:00-03:00,0.532,0.377,0.221,6.014
2017-10-09 13:00:00-03:00,0.543,0.34,0.273,6.536
2017-10-09 14:00:00-03:00,0.461,0.272,0.243,6.708
2017-10-09 15:00:00-03:00,0.44,0.28,0.211,6.791
2017-10-09 16:00:00-03:00,0.365,0.229,0.176,6.598
2017-10-09 17:00:00-03:00,0.296,0.197,0.131,6.096
2017-10-09 18:00:00-03:00,0.33,0.272,0.092,5.51
2017-10-09 19:00:00-03:00,0.135,0.11800000000000001,0.038,4.43
2017-10-09 20:00:00-03:00,0.0,0.004,0.001,2.721
2017-10-09 21:00:00-03:00,0.0,0.0,0.0,1.534
2017-10-09 22:00:00-03:00,0.0,0.0,0.0,0.804
2017-10-09 23:00:00-03:00,0.0,0.0,0.0,0.275
2017-10-10 00:00:00-03:00,0.0,0.0,0.0,-0.14200000000000002
2017-10-10 01:00:00-03:00,0.0,0.0,0.0,-0.311
2017-10-10 02:00:00-03:00,0.0,0.0,0.0,-0.365
2017-10-10 03:00:00-03:00,0.0,0.0,0.0,-0.388
2017-10-10 04:00:00-03:00,0.0,0.0,0.0,-0.38
2017-10-10 05:00:00-03:00,0.0,0.0,0.0,-0.379
2017-10-10 06:00:00-03:00,0.0,0.0,0.0,-0.486
2017-10-10 07:00:00-03:00,0.041,0.043000000000000003,0.014,-0.113
2017-10-10 08:00:00-03:00,0.177,0.136,0.061,1.218
2017-10-10 09:00:00-03:00,0.466,0.41100000000000003,0.101,2.938
2017-10-10 10:00:00-03:00,0.665,0.639,0.121,4.572
2017-10-10 11:00:00-03:00,0.754,0.751,0.134,5.916
2017-10-10 12:00:00-03:00,0.769,0.775,0.138,7.026
2017-10-10 13:00:00-03:00,0.793,0.848,0.105,8.045
2017-10-10 14:00:00-03:00,0.792,0.8150000000000001,0.139,8.581
2017-10-10 15:00:00-03:00,0.801,0.8290000000000001,0.14,8.881
2017-10-10 16:00:00-03:00,0.767,0.792,0.128,8.895
2017-10-10 17:00:00-03:00,0.686,0.6950000000000001,0.108,8.519
2017-10-10 18:00:00-03:00,0.504,0.487,0.082,7.619
2017-10-10 19:00:00-03:00,0.271,0.26,0.041,6.22
2017-10-10 20:00:00-03:00,0.001,0.006,0.002,4.486
2017-10-10 21:00:00-03:00,0.0,0.0,0.0,3.896
2017-10-10 22:00:00-03:00,0.0,0.0,0.0,3.2640000000000002
2017-10-10 23:00:00-03:00,0.0,0.0,0.0,2.8970000000000002
2017-10-11 00:00:00-03:00,0.0,0.0,0.0,2.55
2017-10-11 01:00:00-03:00,0.0,0.0,0.0,2.213
2017-10-11 02:00:00-03:00,0.0,0.0,0.0,1.967
2017-10-11 03:00:00-03:00,0.0,0.0,0.0,1.842
2017-10-11 04:00:00-03:00,0.0,0.0,0.0,1.854
2017-10-11 05:00:00-03:00,0.0,0.0,0.0,1.869
2017-10-11 06:00:00-03:00,0.0,0.0,0.0,1.8439999999999999
2017-10-11 07:00:00-03:00,0.02,0.02,0.014,2.245
2017-10-11 08:00:00-03:00,0.043000000000000003,0.019,0.04,3.2800000000000002
2017-10-11 09:00:00-03:00,0.148,0.075,0.095,4.571
2017-10-11 10:00:00-03:00,0.47000000000000003,0.377,0.146,5.928
2017-10-11 11:00:00-03:00,0.673,0.631,0.15,7.33
2017-10-11 12:00:00-03:00,0.775,0.79,0.14,8.679
2017-10-11 13:00:00-03:00,0.8150000000000001,0.905,0.091,9.817
2017-10-11 14:00:00-03:00,0.867,0.9550000000000001,0.124,10.482
2017-10-11 15:00:00-03:00,0.863,0.9420000000000001,0.131,10.582
2017-10-11 16:00:00-03:00,0.859,0.9460000000000001,0.12,10.337
2017-10-11 17:00:00-03:00,0.833,0.924,0.099,9.884
2017-10-11 18:00:00-03:00,0.744,0.8150000000000001,0.07100000000000001,9.092
2017-10-11 19:00:00-03:00,0.356,0.354,0.043000000000000003,7.91
2017-10-11 20:00:00-03:00,0.001,0.005,0.002,6.932
2017-10-11 21:00:00-03:00,0.0,0.0,0.0,6.592
2017-10-11 22:00:00-03:00,0.0,0.0,0.0,6.107
2017-10-11 23:00:00-03:00,0.0,0.0,0.0,5.444
2017-10-12 00:00:00-03:00,0.0,0.0,0.0,5.03
2017-10-12 01:00:00-03:00,0.0,0.0,0.0,5.041
2017-10-12 02:00:00-03:00,0.0,0.0,0.0,5.128
2017-10-12 03:00:00-03:00,0.0,0.0,0.0,5.087
2017-10-12 04:00:00-03:00,0.0,0.0,0.0,4.756
2017-10-12 05:00:00-03:00,0.0,0.0,0.0,4.336
2017-10-12 06:00:00-03:00,0.0,0.0,0.0,4.099
2017-10-12 07:00:00-03:00,0.027,0.027,0.015,4.189
2017-10-12 08:00:00-03:00,0.156,0.114,0.065,4.753
2017-10-12 09:00:00-03:00,0.39,0.322,0.108,5.658
2017-10-12 10:00:00-03:00,0.592,0.541,0.133,6.871
2017-10-12 11:00:00-03:00,0.68,0.644,0.15,8.123
2017-10-12 12:00:00-03:00,0.6950000000000001,0.655,0.164,9.039
2017-10-12 13:00:00-03:00,0.68,0.63,0.171,9.627
2017-10-12 14:00:00-03:00,0.706,0.666,0.17200000000000001,10.014
2017-10-12 15:00:00-03:00,0.621,0.552,0.17200000000000001,9.87
2017-10-12 16:00:00-03:00,0.763,0.784,0.134,9.826
2017-10-12 17:00:00-03:00,0.746,0.786,0.106,9.387
2017-10-12 18:00:00-03:00,0.6880000000000001,0.732,0.076,8.473
2017-10-12 19:00:00-03:00,0.47400000000000003,0.487,0.043000000000000003,6.962
2017-10-12 20:00:00-03:00,0.007,0.014,0.003,5.383
2017-10-12 21:00:00-03:00,0.0,0.0,0.0,4.432
2017-10-12 22:00:00-03:00,0.0,0.0,0.0,4.109
2017-10-12 23:00:00-03:00,0.0,0.0,0.0,4.456
2017-10-13 00:00:00-03:00,0.0,0.0,0.0,5.28
2017-10-13 01:00:00-03:00,0.0,0.0,0.0,6.053
2017-10-13 02:00:00-03:00,0.0,0.0,0.0,6.654
2017-10-13 03:00:00-03:00,0.0,0.0,0.0,7.279
2017-10-13 04:00:00-03:00,0.0,0.0,0.0,8.13
2017-10-13 05:00:00-03:00,0.0,0.0,0.0,8.92
2017-10-13 06:00:00-03:00,0.0,0.0,0.0,9.292
2017-10-13 07:00:00-03:00,0.001,0.002,0.006,9.427
2017-10-13 08:00:00-03:00,0.013000000000000001,0.003,0.023,9.508
2017-10-13 09:00:00-03:00,0.156,0.07100000000000001,0.112,10.329
2017-10-13 10:00:00-03:00,0.176,0.062,0.14300000000000002,10.677
2017-10-13 11:00:00-03:00,0.166,0.038,0.155,10.606
2017-10-13 12:00:00-03:00,0.306,0.113,0.234,11.19
2017-10-13 13:00:00-03:00,0.66,0.559,0.226,12.129
2017-10-13 14:00:00-03:00,0.6880000000000001,0.629,0.196,12.273
2017-10-13 15:00:00-03:00,0.55,0.435,0.20400000000000001,11.833
2017-10-13 16:00:00-03:00,0.404,0.28,0.179,11.045
2017-10-13 17:00:00-03:00,0.487,0.417,0.139,10.313
2017-10-13 18:00:00-03:00,0.443,0.401,0.098,9.006
2017-10-13 19:00:00-03:00,0.192,0.169,0.049,7.223
2017-10-13 20:00:00-03:00,0.0,0.002,0.002,5.891
2017-10-13 21:00:00-03:00,0.0,0.0,0.0,5.2780000000000005
2017-10-13 22:00:00-03:00,0.0,0.0,0.0,4.881
2017-10-13 23:00:00-03:00,0.0,0.0,0.0,4.572
2017-10-14 00:00:00-03:00,0.0,0.0,0.0,4.032
2017-10-14 01:00:00-03:00,0.0,0.0,0.0,3.319
2017-10-14 02:00:00-03:00,0.0,0.0,0.0,2.771
2017-10-14 03:00:00-03:00,0.0,0.0,0.0,2.3810000000000002
2017-10-14 04:00:00-03:00,0.0,0.0,0.0,1.875
2017-10-14 05:00:00-03:00,0.0,0.0,0.0,1.5030000000000001
2017-10-14 06:00:00-03:00,0.0,0.0,0.0,1.351
2017-10-14 07:00:00-03:00,0.078,0.07200000000000001,0.024,1.452
2017-10-14 08:00:00-03:00,0.364,0.322,0.075,2.597
2017-10-14 09:00:00-03:00,0.497,0.436,0.114,4.102
2017-10-14 10:00:00-03:00,0.611,0.548,0.146,5.655
2017-10-14 11:00:00-03:00,0.616,0.524,0.182,6.966
2017-10-14 12:00:00-03:00,0.536,0.376,0.232,7.568
2017-10-14 13:00:00-03:00,0.487,0.234,0.315,7.869
2017-10-14 14:00:00-03:00,0.38,0.168,0.257,8.251
2017-10-14 15:00:00-03:00,0.279,0.10200000000000001,0.211,8.314
2017-10-14 16:00:00-03:00,0.153,0.037,0.14100000000000001,7.646
2017-10-14 17:00:00-03:00,0.069,0.012,0.076,6.646
2017-10-14 18:00:00-03:00,0.025,0.005,0.035,6.008
2017-10-14 19:00:00-03:00,0.007,0.003,0.014,5.482
2017-10-14 20:00:00-03:00,0.0,0.0,0.001,4.809
2017-10-14 21:00:00-03:00,0.0,0.0,0.0,4.277
2017-10-14 22:00:00-03:00,0.0,0.0,0.0,4.013
2017-10-14 23:00:00-03:00,0.0,0.0,0.0,4.32
2017-10-15 00:00:00-03:00,0.0,0.0,0.0,5.139
2017-10-15 01:00:00-03:00,0.0,0.0,0.0,5.944
2017-10-15 02:00:00-03:00,0.0,0.0,0.0,6.462
2017-10-15 03:00:00-03:00,0.0,0.0,0.0,6.938
2017-10-15 04:00:00-03:00,0.0,0.0,0.0,7.008
2017-10-15 05:00:00-03:00,0.0,0.0,0.0,6.803
2017-10-15 06:00:00-03:00,0.0,0.0,0.0,6.416
2017-10-15 07:00:00-03:00,0.067,0.062,0.024,6.264
2017-10-15 08:00:00-03:00,0.258,0.213,0.075,7.297
2017-10-15 09:00:00-03:00,0.28,0.198,0.116,8.798
2017-10-15 10:00:00-03:00,0.463,0.374,0.153,10.341
2017-10-15 11:00:00-03:00,0.627,0.5730000000000001,0.166,11.586
2017-10-15 12:00:00-03:00,0.742,0.743,0.16,12.507
2017-10-15 13:00:00-03:00,0.758,0.796,0.132,13.031
2017-10-15 14:00:00-03:00,0.7030000000000001,0.672,0.177,13.028
2017-10-15 15:00:00-03:00,0.681,0.644,0.17300000000000001,12.846
2017-10-15 16:00:00-03:00,0.635,0.597,0.157,12.541
2017-10-15 17:00:00-03:00,0.483,0.419,0.136,11.889
2017-10-15 18:00:00-03:00,0.258,0.196,0.098,10.979
2017-10-15 19:00:00-03:00,0.132,0.11,0.047,9.884
2017-10-15 20:00:00-03:00,0.005,0.01,0.004,8.535
2017-10-15 21:00:00-03:00,0.0,0.0,0.0,7.656
2017-10-15 22:00:00-03:00,0.0,0.0,0.0,7.112
2017-10-15 23:00:00-03:00,0.0,0.0,0.0,6.766
2017-10-16 00:00:00-03:00,0.0,0.0,0.0,6.618
2017-10-16 01:00:00-03:00,0.0,0.0,0.0,6.565
2017-10-16 02:00:00-03:00,0.0,0.0,0.0,6.531
2017-10-16 03:00:00-03:00,0.0,0.0,0.0,6.323
2017-10-16 04:00:00-03:00,0.0,0.0,0.0,6.13
2017-10-16 05:00:00-03:00,0.0,0.0,0.0,5.906
2017-10-16 06:00:00-03:00,0.0,0.0,0.0,5.567
2017-10-16 07:00:00-03:00,0.085,0.078,0.026000000000000002,5.733
2017-10-16 08:00:00-03:00,0.178,0.128,0.074,6.814
2017-10-16 09:00:00-03:00,0.242,0.154,0.11800000000000001,7.893
2017-10-16 10:00:00-03:00,0.369,0.255,0.159,8.815
2017-10-16 11:00:00-03:00,0.536,0.429,0.185,9.793
2017-10-16 12:00:00-03:00,0.5690000000000001,0.452,0.20700000000000002,10.549
2017-10-16 13:00:00-03:00,0.626,0.512,0.223,11.139
2017-10-16 14:00:00-03:00,0.652,0.5740000000000001,0.198,11.472
2017-10-16 15:00:00-03:00,0.615,0.535,0.186,11.361
2017-10-16 16:00:00-03:00,0.615,0.56,0.16,11.047
2017-10-16 17:00:00-03:00,0.584,0.549,0.129,10.46
2017-10-16 18:00:00-03:00,0.5750000000000001,0.5740000000000001,0.09,9.893
2017-10-16 19:00:00-03:00,0.447,0.453,0.051000000000000004,8.789
2017-10-16 20:00:00-03:00,0.032,0.041,0.006,5.739
2017-10-16 21:00:00-03:00,0.0,0.0,0.0,4.417
2017-10-16 22:00:00-03:00,0.0,0.0,0.0,4.002
2017-10-16 23:00:00-03:00,0.0,0.0,0.0,3.887
2017-10-17 00:00:00-03:00,0.0,0.0,0.0,3.944
2017-10-17 01:00:00-03:00,0.0,0.0,0.0,4.073
2017-10-17 02:00:00-03:00,0.0,0.0,0.0,4.133
2017-10-17 03:00:00-03:00,0.0,0.0,0.0,4.243
2017-10-17 04:00:00-03:00,0.0,0.0,0.0,4.344
2017-10-17 05:00:00-03:00,0.0,0.0,0.0,4.307
2017-10-17 06:00:00-03:00,0.0,0.0,0.0,3.965
2017-10-17 07:00:00-03:00,0.032,0.025,0.022,3.946
2017-10-17 08:00:00-03:00,0.225,0.17,0.08,4.718
2017-10-17 09:00:00-03:00,0.418,0.342,0.121,5.752
2017-10-17 10:00:00-03:00,0.554,0.47700000000000004,0.15,6.668
2017-10-17 11:00:00-03:00,0.675,0.616,0.17,7.616
2017-10-17 12:00:00-03:00,0.633,0.527,0.20500000000000002,8.173
2017-10-17 13:00:00-03:00,0.482,0.23700000000000002,0.306,7.994
2017-10-17 14:00:00-03:00,0.369,0.168,0.244,8.049
2017-10-17 15:00:00-03:00,0.358,0.184,0.216,8.204
2017-10-17 16:00:00-03:00,0.332,0.189,0.182,8.042
2017-10-17 17:00:00-03:00,0.327,0.217,0.148,7.6690000000000005
2017-10-17 18:00:00-03:00,0.318,0.247,0.106,7.103
2017-10-17 19:00:00-03:00,0.226,0.198,0.055,6.167
2017-10-17 20:00:00-03:00,0.018000000000000002,0.025,0.007,4.609
2017-10-17 21:00:00-03:00,0.0,0.0,0.0,3.434
2017-10-17 22:00:00-03:00,0.0,0.0,0.0,2.625
2017-10-17 23:00:00-03:00,0.0,0.0,0.0,2.123
2017-10-18 00:00:00-03:00,0.0,0.0,0.0,1.792
2017-10-18 01:00:00-03:00,0.0,0.0,0.0,1.634
2017-10-18 02:00:00-03:00,0.0,0.0,0.0,1.637
2017-10-18 03:00:00-03:00,0.0,0.0,0.0,1.683
2017-10-18 04:00:00-03:00,0.0,0.0,0.0,1.549
2017-10-18 05:00:00-03:00,0.0,0.0,0.0,1.167
2017-10-18 06:00:00-03:00,0.0,0.0,0.0,0.762
2017-10-18 07:00:00-03:00,0.052000000000000005,0.04,0.028,0.766
2017-10-18 08:00:00-03:00,0.211,0.148,0.084,1.8
2017-10-18 09:00:00-03:00,0.28200000000000003,0.177,0.131,2.829
2017-10-18 10:00:00-03:00,0.28400000000000003,0.145,0.166,3.448
2017-10-18 11:00:00-03:00,0.35000000000000003,0.17300000000000001,0.21,4.05
2017-10-18 12:00:00-03:00,0.378,0.168,0.247,4.63
2017-10-18 13:00:00-03:00,0.466,0.187,0.33,5.259
2017-10-18 14:00:00-03:00,0.40700000000000003,0.194,0.257,5.783
2017-10-18 15:00:00-03:00,0.312,0.128,0.217,5.986
2017-10-18 16:00:00-03:00,0.217,0.076,0.166,5.726
2017-10-18 17:00:00-03:00,0.209,0.092,0.14200000000000002,5.533
2017-10-18 18:00:00-03:00,0.199,0.117,0.106,5.212
2017-10-18 19:00:00-03:00,0.078,0.05,0.047,4.398
2017-10-18 20:00:00-03:00,0.003,0.006,0.005,3.281
2017-10-18 21:00:00-03:00,0.0,0.0,0.0,2.558
2017-10-18 22:00:00-03:00,0.0,0.0,0.0,2.091
2017-10-18 23:00:00-03:00,0.0,0.0,0.0,1.744
2017-10-19 00:00:00-03:00,0.0,0.0,0.0,1.657
2017-10-19 01:00:00-03:00,0.0,0.0,0.0,1.605
2017-10-19 02:00:00-03:00,0.0,0.0,0.0,1.533
2017-10-19 03:00:00-03:00,0.0,0.0,0.0,1.562
2017-10-19 04:00:00-03:00,0.0,0.0,0.0,1.609
2017-10-19 05:00:00-03:00,0.0,0.0,0.0,1.638
2017-10-19 06:00:00-03:00,0.0,0.0,0.0,1.599
2017-10-19 07:00:00-03:00,0.004,0.002,0.01,1.683
2017-10-19 08:00:00-03:00,0.035,0.008,0.042,2.303
2017-10-19 09:00:00-03:00,0.155,0.057,0.11900000000000001,3.7119999999999997
2017-10-19 10:00:00-03:00,0.293,0.146,0.176,5.213
2017-10-19 11:00:00-03:00,0.323,0.14300000000000002,0.214,6.128
2017-10-19 12:00:00-03:00,0.317,0.107,0.245,6.596
2017-10-19 13:00:00-03:00,0.36,0.078,0.321,6.824
2017-10-19 14:00:00-03:00,0.328,0.111,0.253,7.235
2017-10-19 15:00:00-03:00,0.297,0.11,0.22,7.364
2017-10-19 16:00:00-03:00,0.232,0.082,0.178,7.143
2017-10-19 17:00:00-03:00,0.147,0.044,0.127,6.679
2017-10-19 18:00:00-03:00,0.106,0.039,0.088,6.144
2017-10-19 19:00:00-03:00,0.068,0.04,0.048,5.31
2017-10-19 20:00:00-03:00,0.006,0.009000000000000001,0.007,3.305
2017-10-19 21:00:00-03:00,0.0,0.0,0.0,1.987
2017-10-19 22:00:00-03:00,0.0,0.0,0.0,1.18
2017-10-19 23:00:00-03:00,0.0,0.0,0.0,0.494
2017-10-20 00:00:00-03:00,0.0,0.0,0.0,0.012
2017-10-20 01:00:00-03:00,0.0,0.0,0.0,-0.25
2017-10-20 02:00:00-03:00,0.0,0.0,0.0,-0.481
2017-10-20 03:00:00-03:00,0.0,0.0,0.0,-0.714
2017-10-20 04:00:00-03:00,0.0,0.0,0.0,-0.888
2017-10-20 05:00:00-03:00,0.0,0.0,0.0,-1.081
2017-10-20 06:00:00-03:00,0.0,0.0,0.0,-1.332
2017-10-20 07:00:00-03:00,0.047,0.034,0.028,-0.579
2017-10-20 08:00:00-03:00,0.159,0.099,0.08,1.037
2017-10-20 09:00:00-03:00,0.318,0.217,0.129,2.5949999999999998
2017-10-20 10:00:00-03:00,0.429,0.308,0.164,4.052
2017-10-20 11:00:00-03:00,0.532,0.406,0.191,5.479
2017-10-20 12:00:00-03:00,0.631,0.524,0.201,6.963
2017-10-20 13:00:00-03:00,0.723,0.676,0.179,8.423
2017-10-20 14:00:00-03:00,0.679,0.602,0.196,9.258
2017-10-20 15:00:00-03:00,0.713,0.668,0.18,9.853
2017-10-20 16:00:00-03:00,0.637,0.58,0.165,9.936
2017-10-20 17:00:00-03:00,0.542,0.47900000000000004,0.14300000000000002,9.643
2017-10-20 18:00:00-03:00,0.301,0.229,0.108,8.825
2017-10-20 19:00:00-03:00,0.166,0.134,0.057,7.519
2017-10-20 20:00:00-03:00,0.021,0.027,0.009000000000000001,4.866
2017-10-20 21:00:00-03:00,0.0,0.0,0.0,3.319
2017-10-20 22:00:00-03:00,0.0,0.0,0.0,2.5620000000000003
2017-10-20 23:00:00-03:00,0.0,0.0,0.0,2.007
2017-10-21 00:00:00-03:00,0.0,0.0,0.0,1.219
2017-10-21 01:00:00-03:00,0.0,0.0,0.0,0.331
2017-10-21 02:00:00-03:00,0.0,0.0,0.0,-0.40900000000000003
2017-10-21 03:00:00-03:00,0.0,0.0,0.0,-0.936
2017-10-21 04:00:00-03:00,0.0,0.0,0.0,-1.138
2017-10-21 05:00:00-03:00,0.0,0.0,0.0,-1.017
2017-10-21 06:00:00-03:00,0.0,0.001,0.001,-0.6930000000000001
2017-10-21 07:00:00-03:00,0.081,0.064,0.035,0.782
2017-10-21 08:00:00-03:00,0.358,0.301,0.089,2.829
2017-10-21 09:00:00-03:00,0.513,0.445,0.128,5.735
2017-10-21 10:00:00-03:00,0.425,0.30000000000000004,0.17500000000000002,7.766
2017-10-21 11:00:00-03:00,0.40800000000000003,0.246,0.212,9.084
2017-10-21 12:00:00-03:00,0.488,0.312,0.245,10.5
2017-10-21 13:00:00-03:00,0.541,0.301,0.326,11.811
2017-10-21 14:00:00-03:00,0.296,0.1,0.23700000000000002,12.362
2017-10-21 15:00:00-03:00,0.251,0.079,0.209,12.828
2017-10-21 16:00:00-03:00,0.107,0.016,0.115,11.61
2017-10-21 17:00:00-03:00,0.051000000000000004,0.006,0.064,8.774000000000001
2017-10-21 18:00:00-03:00,0.027,0.004,0.038,6.302
2017-10-21 19:00:00-03:00,0.011,0.003,0.019,6.014
2017-10-21 20:00:00-03:00,0.0,0.001,0.003,6.875
2017-10-21 21:00:00-03:00,0.0,0.0,0.0,7.386
2017-10-21 22:00:00-03:00,0.0,0.0,0.0,7.505
2017-10-21 23:00:00-03:00,0.0,0.0,0.0,7.054
2017-10-22 00:00:00-03:00,0.0,0.0,0.0,6.639
2017-10-22 01:00:00-03:00,0.0,0.0,0.0,6.477
2017-10-22 02:00:00-03:00,0.0,0.0,0.0,6.233
2017-10-22 03:00:00-03:00,0.0,0.0,0.0,5.878
2017-10-22 04:00:00-03:00,0.0,0.0,0.0,5.489
2017-10-22 05:00:00-03:00,0.0,0.0,0.0,5.18
2017-10-22 06:00:00-03:00,0.0,0.001,0.001,5.074
2017-10-22 07:00:00-03:00,0.053,0.038,0.033,5.857
2017-10-22 08:00:00-03:00,0.09,0.039,0.07100000000000001,7.126
2017-10-22 09:00:00-03:00,0.149,0.059000000000000004,0.115,8.694
2017-10-22 10:00:00-03:00,0.40700000000000003,0.28400000000000003,0.178,11.317
2017-10-22 11:00:00-03:00,0.42,0.276,0.20700000000000002,13.161
2017-10-22 12:00:00-03:00,0.458,0.293,0.23700000000000002,14.129
2017-10-22 13:00:00-03:00,0.553,0.356,0.296,14.608
2017-10-22 14:00:00-03:00,0.498,0.343,0.24,14.602
2017-10-22 15:00:00-03:00,0.503,0.371,0.217,14.349
2017-10-22 16:00:00-03:00,0.438,0.312,0.193,13.6
2017-10-22 17:00:00-03:00,0.34,0.228,0.16,12.474
2017-10-22 18:00:00-03:00,0.222,0.14200000000000002,0.112,11.142
2017-10-22 19:00:00-03:00,0.13,0.096,0.059000000000000004,9.639
2017-10-22 20:00:00-03:00,0.03,0.035,0.011,8.002
2017-10-22 21:00:00-03:00,0.0,0.0,0.0,6.69
2017-10-22 22:00:00-03:00,0.0,0.0,0.0,6.081
2017-10-22 23:00:00-03:00,0.0,0.0,0.0,5.7780000000000005
2017-10-23 00:00:00-03:00,0.0,0.0,0.0,5.408
2017-10-23 01:00:00-03:00,0.0,0.0,0.0,4.913
2017-10-23 02:00:00-03:00,0.0,0.0,0.0,4.352
2017-10-23 03:00:00-03:00,0.0,0.0,0.0,3.942
2017-10-23 04:00:00-03:00,0.0,0.0,0.0,3.722
2017-10-23 05:00:00-03:00,0.0,0.0,0.0,3.638
2017-10-23 06:00:00-03:00,0.0,0.001,0.001,3.5620000000000003
2017-10-23 07:00:00-03:00,0.032,0.019,0.029,3.836
2017-10-23 08:00:00-03:00,0.092,0.037,0.075,4.573
2017-10-23 09:00:00-03:00,0.151,0.053,0.12,5.129
2017-10-23 10:00:00-03:00,0.22,0.08,0.166,5.523
2017-10-23 11:00:00-03:00,0.277,0.10400000000000001,0.203,6.079
2017-10-23 12:00:00-03:00,0.309,0.107,0.23600000000000002,6.75
2017-10-23 13:00:00-03:00,0.403,0.115,0.334,7.432
2017-10-23 14:00:00-03:00,0.399,0.19,0.256,8.101
2017-10-23 15:00:00-03:00,0.364,0.179,0.227,8.241
2017-10-23 16:00:00-03:00,0.291,0.132,0.194,7.927
2017-10-23 17:00:00-03:00,0.257,0.129,0.158,7.574
2017-10-23 18:00:00-03:00,0.276,0.186,0.121,7.05
2017-10-23 19:00:00-03:00,0.17400000000000002,0.131,0.067,6.035
2017-10-23 20:00:00-03:00,0.014,0.016,0.01,4.784
2017-10-23 21:00:00-03:00,0.0,0.0,0.0,3.9859999999999998
2017-10-23 22:00:00-03:00,0.0,0.0,0.0,3.471
2017-10-23 23:00:00-03:00,0.0,0.0,0.0,3.083
2017-10-24 00:00:00-03:00,0.0,0.0,0.0,2.8449999999999998
2017-10-24 01:00:00-03:00,0.0,0.0,0.0,2.706
2017-10-24 02:00:00-03:00,0.0,0.0,0.0,2.6189999999999998
2017-10-24 03:00:00-03:00,0.0,0.0,0.0,2.555
2017-10-24 04:00:00-03:00,0.0,0.0,0.0,2.472
2017-10-24 05:00:00-03:00,0.0,0.0,0.0,2.35
2017-10-24 06:00:00-03:00,0.0,0.002,0.001,2.191
2017-10-24 07:00:00-03:00,0.077,0.057,0.038,2.469
2017-10-24 08:00:00-03:00,0.226,0.159,0.091,3.46
2017-10-24 09:00:00-03:00,0.47200000000000003,0.39,0.132,4.742
2017-10-24 10:00:00-03:00,0.543,0.446,0.165,5.824
2017-10-24 11:00:00-03:00,0.5640000000000001,0.441,0.198,6.731
2017-10-24 12:00:00-03:00,0.451,0.268,0.23600000000000002,7.298
2017-10-24 13:00:00-03:00,0.498,0.23900000000000002,0.324,7.892
2017-10-24 14:00:00-03:00,0.446,0.254,0.247,8.315
2017-10-24 15:00:00-03:00,0.401,0.227,0.222,8.454
2017-10-24 16:00:00-03:00,0.34800000000000003,0.192,0.197,8.511
2017-10-24 17:00:00-03:00,0.289,0.162,0.161,8.496
2017-10-24 18:00:00-03:00,0.20500000000000002,0.11900000000000001,0.114,8.087
2017-10-24 19:00:00-03:00,0.092,0.057,0.057,7.047
2017-10-24 20:00:00-03:00,0.006,0.008,0.008,5.158
2017-10-24 21:00:00-03:00,0.0,0.0,0.0,4.192
2017-10-24 22:00:00-03:00,0.0,0.0,0.0,3.624
2017-10-24 23:00:00-03:00,0.0,0.0,0.0,3.089
2017-10-25 00:00:00-03:00,0.0,0.0,0.0,2.193
2017-10-25 01:00:00-03:00,0.0,0.0,0.0,1.7469999999999999
2017-10-25 02:00:00-03:00,0.0,0.0,0.0,1.798
2017-10-25 03:00:00-03:00,0.0,0.0,0.0,1.6840000000000002
2017-10-25 04:00:00-03:00,0.0,0.0,0.0,1.186
2017-10-25 05:00:00-03:00,0.0,0.0,0.0,0.875
2017-10-25 06:00:00-03:00,0.0,0.002,0.001,0.909
2017-10-25 07:00:00-03:00,0.09,0.069,0.039,1.542
2017-10-25 08:00:00-03:00,0.355,0.299,0.088,2.827
2017-10-25 09:00:00-03:00,0.639,0.615,0.111,4.436
2017-10-25 10:00:00-03:00,0.632,0.5740000000000001,0.147,5.79
2017-10-25 11:00:00-03:00,0.601,0.504,0.182,6.93
2017-10-25 12:00:00-03:00,0.618,0.507,0.20600000000000002,7.878
2017-10-25 13:00:00-03:00,0.611,0.453,0.251,8.364
2017-10-25 14:00:00-03:00,0.585,0.453,0.219,8.655
2017-10-25 15:00:00-03:00,0.593,0.483,0.2,8.853
2017-10-25 16:00:00-03:00,0.615,0.539,0.17300000000000001,8.931000000000001
2017-10-25 17:00:00-03:00,0.608,0.561,0.14100000000000001,8.761
2017-10-25 18:00:00-03:00,0.48,0.431,0.111,8.255
2017-10-25 19:00:00-03:00,0.273,0.23700000000000002,0.068,7.303
2017-10-25 20:00:00-03:00,0.059000000000000004,0.062,0.015,4.917
2017-10-25 21:00:00-03:00,0.0,0.0,0.0,3.245
2017-10-25 22:00:00-03:00,0.0,0.0,0.0,2.76
2017-10-25 23:00:00-03:00,0.0,0.0,0.0,2.476
2017-10-26 00:00:00-03:00,0.0,0.0,0.0,2.038
2017-10-26 01:00:00-03:00,0.0,0.0,0.0,1.6099999999999999
2017-10-26 02:00:00-03:00,0.0,0.0,0.0,1.038
2017-10-26 03:00:00-03:00,0.0,0.0,0.0,0.676
2017-10-26 04:00:00-03:00,0.0,0.0,0.0,0.532
2017-10-26 05:00:00-03:00,0.0,0.0,0.0,0.115
2017-10-26 06:00:00-03:00,0.006,0.013000000000000001,0.003,-0.339
2017-10-26 07:00:00-03:00,0.20800000000000002,0.185,0.043000000000000003,0.708
2017-10-26 08:00:00-03:00,0.311,0.252,0.08700000000000001,2.702
2017-10-26 09:00:00-03:00,0.674,0.667,0.107,5.328
2017-10-26 10:00:00-03:00,0.6930000000000001,0.672,0.137,7.445
2017-10-26 11:00:00-03:00,0.723,0.6950000000000001,0.163,9.088
2017-10-26 12:00:00-03:00,0.735,0.7020000000000001,0.179,10.513
2017-10-26 13:00:00-03:00,0.71,0.679,0.17400000000000002,11.567
2017-10-26 14:00:00-03:00,0.678,0.612,0.198,12.18
2017-10-26 15:00:00-03:00,0.625,0.546,0.192,12.442
2017-10-26 16:00:00-03:00,0.618,0.56,0.17,12.538
2017-10-26 17:00:00-03:00,0.621,0.595,0.139,12.473
2017-10-26 18:00:00-03:00,0.39,0.328,0.115,11.861
2017-10-26 19:00:00-03:00,0.148,0.111,0.064,10.628
2017-10-26 20:00:00-03:00,0.019,0.021,0.012,8.43
2017-10-26 21:00:00-03:00,0.0,0.0,0.0,7.21
2017-10-26 22:00:00-03:00,0.0,0.0,0.0,6.47
2017-10-26 23:00:00-03:00,0.0,0.0,0.0,5.567
2017-10-27 00:00:00-03:00,0.0,0.0,0.0,4.834
2017-10-27 01:00:00-03:00,0.0,0.0,0.0,4.374
2017-10-27 02:00:00-03:00,0.0,0.0,0.0,4.132
2017-10-27 03:00:00-03:00,0.0,0.0,0.0,3.987
2017-10-27 04:00:00-03:00,0.0,0.0,0.0,3.838
2017-10-27 05:00:00-03:00,0.0,0.0,0.0,3.59
2017-10-27 06:00:00-03:00,0.0,0.001,0.001,3.627
2017-10-27 07:00:00-03:00,0.008,0.002,0.016,4.422
2017-10-27 08:00:00-03:00,0.027,0.004,0.038,5.566
2017-10-27 09:00:00-03:00,0.055,0.006,0.067,6.477
2017-10-27 10:00:00-03:00,0.091,0.01,0.10200000000000001,7.393
2017-10-27 11:00:00-03:00,0.126,0.015,0.135,8.557
2017-10-27 12:00:00-03:00,0.177,0.027,0.177,9.559
2017-10-27 13:00:00-03:00,0.367,0.08,0.335,10.62
2017-10-27 14:00:00-03:00,0.317,0.112,0.248,11.41
2017-10-27 15:00:00-03:00,0.266,0.085,0.217,11.678
2017-10-27 16:00:00-03:00,0.318,0.149,0.213,12.007
2017-10-27 17:00:00-03:00,0.323,0.187,0.18,12.176
2017-10-27 18:00:00-03:00,0.209,0.117,0.124,11.86
2017-10-27 19:00:00-03:00,0.197,0.149,0.078,11.022
2017-10-27 20:00:00-03:00,0.038,0.038,0.017,9.025
2017-10-27 21:00:00-03:00,0.0,0.0,0.0,7.523
2017-10-27 22:00:00-03:00,0.0,0.0,0.0,6.516
2017-10-27 23:00:00-03:00,0.0,0.0,0.0,5.718
2017-10-28 00:00:00-03:00,0.0,0.0,0.0,5.143
2017-10-28 01:00:00-03:00,0.0,0.0,0.0,4.765
2017-10-28 02:00:00-03:00,0.0,0.0,0.0,4.535
2017-10-28 03:00:00-03:00,0.0,0.0,0.0,4.513
2017-10-28 04:00:00-03:00,0.0,0.0,0.0,4.59
2017-10-28 05:00:00-03:00,0.0,0.0,0.0,4.604
2017-10-28 06:00:00-03:00,0.0,0.0,0.001,4.672
2017-10-28 07:00:00-03:00,0.003,0.001,0.01,4.86
2017-10-28 08:00:00-03:00,0.018000000000000002,0.002,0.029,5.067
2017-10-28 09:00:00-03:00,0.039,0.002,0.053,5.327
2017-10-28 10:00:00-03:00,0.069,0.004,0.084,5.776
2017-10-28 11:00:00-03:00,0.105,0.007,0.11900000000000001,6.434
2017-10-28 12:00:00-03:00,0.115,0.007,0.13,6.948
2017-10-28 13:00:00-03:00,0.146,0.005,0.164,7.215
2017-10-28 14:00:00-03:00,0.09,0.004,0.106,7.37
2017-10-28 15:00:00-03:00,0.076,0.004,0.092,7.157
2017-10-28 16:00:00-03:00,0.074,0.004,0.089,6.854
2017-10-28 17:00:00-03:00,0.052000000000000005,0.003,0.067,6.316
2017-10-28 18:00:00-03:00,0.021,0.002,0.033,5.5440000000000005
2017-10-28 19:00:00-03:00,0.006,0.001,0.014,4.954
2017-10-28 20:00:00-03:00,0.0,0.001,0.003,4.52
2017-10-28 21:00:00-03:00,0.0,0.0,0.0,4.176
2017-10-28 22:00:00-03:00,0.0,0.0,0.0,3.928
2017-10-28 23:00:00-03:00,0.0,0.0,0.0,3.766
2017-10-29 00:00:00-03:00,0.0,0.0,0.0,3.592
2017-10-29 01:00:00-03:00,0.0,0.0,0.0,3.3810000000000002
2017-10-29 02:00:00-03:00,0.0,0.0,0.0,3.106
2017-10-29 03:00:00-03:00,0.0,0.0,0.0,2.878
2017-10-29 04:00:00-03:00,0.0,0.0,0.0,2.705
2017-10-29 05:00:00-03:00,0.0,0.0,0.0,2.586
2017-10-29 06:00:00-03:00,0.0,0.0,0.001,2.521
2017-10-29 07:00:00-03:00,0.003,0.001,0.01,2.652
2017-10-29 08:00:00-03:00,0.016,0.001,0.027,2.993
2017-10-29 09:00:00-03:00,0.036000000000000004,0.002,0.049,3.484
2017-10-29 10:00:00-03:00,0.059000000000000004,0.003,0.073,3.968
2017-10-29 11:00:00-03:00,0.082,0.004,0.097,4.484
2017-10-29 12:00:00-03:00,0.101,0.006,0.116,5.072
2017-10-29 13:00:00-03:00,0.134,0.006,0.15,5.739
2017-10-29 14:00:00-03:00,0.108,0.006,0.123,6.458
2017-10-29 15:00:00-03:00,0.107,0.007,0.122,7.049
2017-10-29 16:00:00-03:00,0.106,0.009000000000000001,0.11900000000000001,7.427
2017-10-29 17:00:00-03:00,0.091,0.01,0.10200000000000001,7.589
2017-10-29 18:00:00-03:00,0.078,0.014,0.085,7.627
2017-10-29 19:00:00-03:00,0.042,0.012,0.048,7.243
2017-10-29 20:00:00-03:00,0.008,0.007,0.012,6.322
2017-10-29 21:00:00-03:00,0.0,0.0,0.0,5.514
2017-10-29 22:00:00-03:00,0.0,0.0,0.0,5.178
2017-10-29 23:00:00-03:00,0.0,0.0,0.0,4.776
2017-10-30 00:00:00-03:00,0.0,0.0,0.0,4.354
2017-10-30 01:00:00-03:00,0.0,0.0,0.0,3.598
2017-10-30 02:00:00-03:00,0.0,0.0,0.0,2.807
2017-10-30 03:00:00-03:00,0.0,0.0,0.0,2.284
2017-10-30 04:00:00-03:00,0.0,0.0,0.0,1.755
2017-10-30 05:00:00-03:00,0.0,0.0,0.0,1.314
2017-10-30 06:00:00-03:00,0.006,0.011,0.004,0.9420000000000001
2017-10-30 07:00:00-03:00,0.11900000000000001,0.093,0.045,1.8599999999999999
2017-10-30 08:00:00-03:00,0.404,0.353,0.089,3.297
2017-10-30 09:00:00-03:00,0.588,0.548,0.115,4.9510000000000005
2017-10-30 10:00:00-03:00,0.68,0.649,0.139,6.617
2017-10-30 11:00:00-03:00,0.717,0.684,0.161,8.102
2017-10-30 12:00:00-03:00,0.785,0.777,0.17200000000000001,9.339
2017-10-30 13:00:00-03:00,0.8130000000000001,0.8190000000000001,0.177,10.311
2017-10-30 14:00:00-03:00,0.8290000000000001,0.852,0.171,11.089
2017-10-30 15:00:00-03:00,0.837,0.884,0.157,11.671
2017-10-30 16:00:00-03:00,0.841,0.913,0.136,11.936
2017-10-30 17:00:00-03:00,0.8220000000000001,0.908,0.111,11.845
2017-10-30 18:00:00-03:00,0.784,0.874,0.084,11.323
2017-10-30 19:00:00-03:00,0.66,0.718,0.059000000000000004,10.143
2017-10-30 20:00:00-03:00,0.304,0.316,0.022,7.06
2017-10-30 21:00:00-03:00,0.0,0.0,0.0,4.401
2017-10-30 22:00:00-03:00,0.0,0.0,0.0,3.285
2017-10-30 23:00:00-03:00,0.0,0.0,0.0,2.346
2017-10-31 00:00:00-03:00,0.0,0.0,0.0,1.508
2017-10-31 01:00:00-03:00,0.0,0.0,0.0,0.882
2017-10-31 02:00:00-03:00,0.0,0.0,0.0,0.387
2017-10-31 03:00:00-03:00,0.0,0.0,0.0,-0.179
2017-10-31 04:00:00-03:00,0.0,0.0,0.0,-0.8210000000000001
2017-10-31 05:00:00-03:00,0.0,0.0,0.0,-1.185
2017-10-31 06:00:00-03:00,0.029,0.037,0.006,-1.1219999999999999
2017-10-31 07:00:00-03:00,0.28600000000000003,0.265,0.045,1.338
2017-10-31 08:00:00-03:00,0.665,0.6900000000000001,0.067,4.128
2017-10-31 09:00:00-03:00,0.774,0.8290000000000001,0.091,7.2780000000000005
2017-10-31 10:00:00-03:00,0.8310000000000001,0.904,0.117,10.077
2017-10-31 11:00:00-03:00,0.866,0.9520000000000001,0.138,12.262
2017-10-31 12:00:00-03:00,0.888,0.982,0.153,13.782
2017-10-31 13:00:00-03:00,0.872,1.001,0.116,14.679
2017-10-31 14:00:00-03:00,0.9,1.011,0.158,15.202
2017-10-31 15:00:00-03:00,0.893,1.011,0.146,15.422
2017-10-31 16:00:00-03:00,0.877,1.002,0.128,15.3
2017-10-31 17:00:00-03:00,0.849,0.975,0.105,14.772
2017-10-31 18:00:00-03:00,0.802,0.919,0.08,13.768
2017-10-31 19:00:00-03:00,0.72,0.8150000000000001,0.054,12.086
2017-10-31 20:00:00-03:00,0.438,0.47100000000000003,0.022,8.512
2017-10-31 21:00:00-03:00,0.0,0.0,0.0,5.485
2017-10-31 22:00:00-03:00,0.0,0.0,0.0,4.361
2017-10-31 23:00:00-03:00,0.0,0.0,0.0,3.33
2017-11-01 00:00:00-03:00,0.0,0.0,0.0,2.464
2017-11-01 01:00:00-03:00,0.0,0.0,0.0,1.669
2017-11-01 02:00:00-03:00,0.0,0.0,0.0,0.9540000000000001
2017-11-01 03:00:00-03:00,0.0,0.0,0.0,0.9440000000000001
2017-11-01 04:00:00-03:00,0.0,0.0,0.0,1.157
2017-11-01 05:00:00-03:00,0.0,0.0,0.0,1.291
2017-11-01 06:00:00-03:00,0.002,0.005,0.004,1.286
2017-11-01 07:00:00-03:00,0.09,0.062,0.046,1.839
2017-11-01 08:00:00-03:00,0.322,0.257,0.094,3.241
2017-11-01 09:00:00-03:00,0.746,0.772,0.1,5.467
2017-11-01 10:00:00-03:00,0.835,0.894,0.12,7.857
2017-11-01 11:00:00-03:00,0.875,0.9490000000000001,0.14100000000000001,10.076
2017-11-01 12:00:00-03:00,0.895,0.979,0.155,11.892
2017-11-01 13:00:00-03:00,0.864,0.996,0.095,13.062
2017-11-01 14:00:00-03:00,0.9,1.005,0.159,13.639
2017-11-01 15:00:00-03:00,0.896,1.0,0.149,13.763
2017-11-01 16:00:00-03:00,0.862,0.96,0.133,13.511
2017-11-01 17:00:00-03:00,0.8200000000000001,0.91,0.111,12.75
2017-11-01 18:00:00-03:00,0.784,0.872,0.08600000000000001,11.543
2017-11-01 19:00:00-03:00,0.614,0.649,0.064,9.918
2017-11-01 20:00:00-03:00,0.178,0.18,0.024,7.932
2017-11-01 21:00:00-03:00,0.0,0.0,0.0,6.382
2017-11-01 22:00:00-03:00,0.0,0.0,0.0,5.538
2017-11-01 23:00:00-03:00,0.0,0.0,0.0,4.731
2017-11-02 00:00:00-03:00,0.0,0.0,0.0,4.337
2017-11-02 01:00:00-03:00,0.0,0.0,0.0,4.129
2017-11-02 02:00:00-03:00,0.0,0.0,0.0,3.891
2017-11-02 03:00:00-03:00,0.0,0.0,0.0,3.7279999999999998
2017-11-02 04:00:00-03:00,0.0,0.0,0.0,3.633
2017-11-02 05:00:00-03:00,0.0,0.0,0.0,3.5789999999999997
2017-11-02 06:00:00-03:00,0.003,0.006,0.004,3.65
2017-11-02 07:00:00-03:00,0.073,0.047,0.045,4.321
2017-11-02 08:00:00-03:00,0.231,0.159,0.098,5.553
2017-11-02 09:00:00-03:00,0.607,0.5760000000000001,0.11900000000000001,7.384
2017-11-02 10:00:00-03:00,0.744,0.757,0.132,9.349
2017-11-02 11:00:00-03:00,0.844,0.903,0.146,11.203
2017-11-02 12:00:00-03:00,0.872,0.9450000000000001,0.157,12.706
2017-11-02 13:00:00-03:00,0.841,0.968,0.093,13.846
2017-11-02 14:00:00-03:00,0.887,0.98,0.161,14.547
2017-11-02 15:00:00-03:00,0.878,0.977,0.152,14.871
2017-11-02 16:00:00-03:00,0.856,0.9560000000000001,0.135,14.725
2017-11-02 17:00:00-03:00,0.802,0.885,0.116,14.035
2017-11-02 18:00:00-03:00,0.659,0.686,0.1,12.733
2017-11-02 19:00:00-03:00,0.427,0.41000000000000003,0.076,11.033
2017-11-02 20:00:00-03:00,0.157,0.157,0.026000000000000002,9.13
2017-11-02 21:00:00-03:00,0.0,0.0,0.0,7.5969999999999995
2017-11-02 22:00:00-03:00,0.0,0.0,0.0,6.716
2017-11-02 23:00:00-03:00,0.0,0.0,0.0,6.048
2017-11-03 00:00:00-03:00,0.0,0.0,0.0,5.765
2017-11-03 01:00:00-03:00,0.0,0.0,0.0,5.707
2017-11-03 02:00:00-03:00,0.0,0.0,0.0,5.672
2017-11-03 03:00:00-03:00,0.0,0.0,0.0,5.644
2017-11-03 04:00:00-03:00,0.0,0.0,0.0,5.542
2017-11-03 05:00:00-03:00,0.0,0.0,0.0,5.444
2017-11-03 06:00:00-03:00,0.0,0.002,0.003,5.507
2017-11-03 07:00:00-03:00,0.031,0.012,0.035,6.082
2017-11-03 08:00:00-03:00,0.17300000000000001,0.092,0.106,7.312
2017-11-03 09:00:00-03:00,0.428,0.327,0.155,8.981
2017-11-03 10:00:00-03:00,0.58,0.495,0.177,10.487
2017-11-03 11:00:00-03:00,0.634,0.545,0.202,11.51
2017-11-03 12:00:00-03:00,0.598,0.465,0.23500000000000001,11.852
2017-11-03 13:00:00-03:00,0.527,0.28,0.329,11.595
2017-11-03 14:00:00-03:00,0.41300000000000003,0.203,0.267,11.314
2017-11-03 15:00:00-03:00,0.294,0.10300000000000001,0.229,10.68
2017-11-03 16:00:00-03:00,0.318,0.14100000000000001,0.217,10.276
2017-11-03 17:00:00-03:00,0.302,0.157,0.183,9.846
2017-11-03 18:00:00-03:00,0.197,0.097,0.129,9.168
2017-11-03 19:00:00-03:00,0.095,0.047,0.07,8.244
2017-11-03 20:00:00-03:00,0.023,0.02,0.018000000000000002,7.192
2017-11-03 21:00:00-03:00,0.0,0.0,0.0,6.445
2017-11-03 22:00:00-03:00,0.0,0.0,0.0,6.039
2017-11-03 23:00:00-03:00,0.0,0.0,0.0,5.743
2017-11-04 00:00:00-03:00,0.0,0.0,0.0,5.438
2017-11-04 01:00:00-03:00,0.0,0.0,0.0,5.173
2017-11-04 02:00:00-03:00,0.0,0.0,0.0,4.945
2017-11-04 03:00:00-03:00,0.0,0.0,0.0,4.756
2017-11-04 04:00:00-03:00,0.0,0.0,0.0,4.546
2017-11-04 05:00:00-03:00,0.0,0.0,0.0,4.311
2017-11-04 06:00:00-03:00,0.005,0.009000000000000001,0.006,4.103
2017-11-04 07:00:00-03:00,0.08600000000000001,0.054,0.052000000000000005,4.774
2017-11-04 08:00:00-03:00,0.229,0.146,0.11,5.865
2017-11-04 09:00:00-03:00,0.297,0.17400000000000002,0.156,7.055
2017-11-04 10:00:00-03:00,0.35000000000000003,0.196,0.195,8.282
2017-11-04 11:00:00-03:00,0.461,0.296,0.227,9.622
2017-11-04 12:00:00-03:00,0.502,0.331,0.244,10.731
2017-11-04 13:00:00-03:00,0.627,0.47200000000000003,0.267,11.779
2017-11-04 14:00:00-03:00,0.646,0.541,0.226,12.534
2017-11-04 15:00:00-03:00,0.649,0.5650000000000001,0.209,12.956
2017-11-04 16:00:00-03:00,0.641,0.5760000000000001,0.186,13.046
2017-11-04 17:00:00-03:00,0.555,0.485,0.163,12.806000000000001
2017-11-04 18:00:00-03:00,0.457,0.396,0.129,12.361
2017-11-04 19:00:00-03:00,0.384,0.35100000000000003,0.08600000000000001,11.647
2017-11-04 20:00:00-03:00,0.14300000000000002,0.139,0.03,9.916
2017-11-04 21:00:00-03:00,0.0,0.0,0.0,7.536
2017-11-04 22:00:00-03:00,0.0,0.0,0.0,6.296
2017-11-04 23:00:00-03:00,0.0,0.0,0.0,5.33
2017-11-05 00:00:00-03:00,0.0,0.0,0.0,4.526
2017-11-05 01:00:00-03:00,0.0,0.0,0.0,3.865
2017-11-05 02:00:00-03:00,0.0,0.0,0.0,3.262
2017-11-05 03:00:00-03:00,0.0,0.0,0.0,2.642
2017-11-05 04:00:00-03:00,0.0,0.0,0.0,2.197
2017-11-05 05:00:00-03:00,0.0,0.0,0.0,1.867
2017-11-05 06:00:00-03:00,0.045,0.051000000000000004,0.011,1.8399999999999999
2017-11-05 07:00:00-03:00,0.261,0.225,0.063,4.427
2017-11-05 08:00:00-03:00,0.548,0.519,0.1,6.534
2017-11-05 09:00:00-03:00,0.6930000000000001,0.6920000000000001,0.129,10.09
2017-11-05 10:00:00-03:00,0.759,0.772,0.158,13.141
2017-11-05 11:00:00-03:00,0.801,0.8230000000000001,0.181,14.955
2017-11-05 12:00:00-03:00,0.8240000000000001,0.855,0.195,16.388
2017-11-05 13:00:00-03:00,0.808,0.873,0.158,17.507
2017-11-05 14:00:00-03:00,0.834,0.88,0.201,18.355
2017-11-05 15:00:00-03:00,0.8240000000000001,0.875,0.192,18.939
2017-11-05 16:00:00-03:00,0.799,0.857,0.17300000000000001,19.209
2017-11-05 17:00:00-03:00,0.754,0.809,0.148,19.132
2017-11-05 18:00:00-03:00,0.66,0.6940000000000001,0.121,18.765
2017-11-05 19:00:00-03:00,0.49,0.494,0.08700000000000001,17.795
2017-11-05 20:00:00-03:00,0.338,0.354,0.036000000000000004,15.104
2017-11-05 21:00:00-03:00,0.0,0.0,0.0,12.702
2017-11-05 22:00:00-03:00,0.0,0.0,0.0,11.16
2017-11-05 23:00:00-03:00,0.0,0.0,0.0,9.585
2017-11-06 00:00:00-03:00,0.0,0.0,0.0,8.182
2017-11-06 01:00:00-03:00,0.0,0.0,0.0,7.2780000000000005
2017-11-06 02:00:00-03:00,0.0,0.0,0.0,6.6530000000000005
2017-11-06 03:00:00-03:00,0.0,0.0,0.0,6.259
2017-11-06 04:00:00-03:00,0.0,0.0,0.0,6.055
2017-11-06 05:00:00-03:00,0.0,0.0,0.0,5.976
2017-11-06 06:00:00-03:00,0.048,0.053,0.013000000000000001,6.122
2017-11-06 07:00:00-03:00,0.317,0.289,0.067,8.823
2017-11-06 08:00:00-03:00,0.529,0.501,0.109,11.015
2017-11-06 09:00:00-03:00,0.645,0.625,0.146,13.72
2017-11-06 10:00:00-03:00,0.6920000000000001,0.671,0.181,16.9
2017-11-06 11:00:00-03:00,0.707,0.666,0.215,18.084
2017-11-06 12:00:00-03:00,0.7030000000000001,0.637,0.242,18.962
2017-11-06 13:00:00-03:00,0.676,0.547,0.296,19.435
2017-11-06 14:00:00-03:00,0.55,0.375,0.29,19.318
2017-11-06 15:00:00-03:00,0.462,0.273,0.276,18.943
2017-11-06 16:00:00-03:00,0.41000000000000003,0.23600000000000002,0.246,18.39
2017-11-06 17:00:00-03:00,0.276,0.127,0.195,17.307
2017-11-06 18:00:00-03:00,0.18,0.078,0.135,15.737
2017-11-06 19:00:00-03:00,0.089,0.04,0.073,13.905
2017-11-06 20:00:00-03:00,0.018000000000000002,0.013000000000000001,0.018000000000000002,12.147
2017-11-06 21:00:00-03:00,0.0,0.0,0.0,10.743
2017-11-06 22:00:00-03:00,0.0,0.0,0.0,9.829
2017-11-06 23:00:00-03:00,0.0,0.0,0.0,9.012
2017-11-07 00:00:00-03:00,0.0,0.0,0.0,8.155
2017-11-07 01:00:00-03:00,0.0,0.0,0.0,7.478
2017-11-07 02:00:00-03:00,0.0,0.0,0.0,6.643
2017-11-07 03:00:00-03:00,0.0,0.0,0.0,5.86
2017-11-07 04:00:00-03:00,0.0,0.0,0.0,5.216
2017-11-07 05:00:00-03:00,0.0,0.0,0.0,4.266
2017-11-07 06:00:00-03:00,0.035,0.038,0.013000000000000001,3.941
2017-11-07 07:00:00-03:00,0.209,0.168,0.067,6.181
2017-11-07 08:00:00-03:00,0.425,0.36,0.116,8.159
2017-11-07 09:00:00-03:00,0.626,0.584,0.145,9.819
2017-11-07 10:00:00-03:00,0.723,0.6990000000000001,0.171,11.485
2017-11-07 11:00:00-03:00,0.778,0.767,0.193,13.26
2017-11-07 12:00:00-03:00,0.8,0.795,0.20700000000000002,14.65
2017-11-07 13:00:00-03:00,0.797,0.8230000000000001,0.18,15.597
2017-11-07 14:00:00-03:00,0.8240000000000001,0.841,0.21,16.309
2017-11-07 15:00:00-03:00,0.8140000000000001,0.837,0.201,16.749
2017-11-07 16:00:00-03:00,0.79,0.8180000000000001,0.182,16.89
2017-11-07 17:00:00-03:00,0.725,0.74,0.16,16.71
2017-11-07 18:00:00-03:00,0.6000000000000001,0.587,0.134,16.238
2017-11-07 19:00:00-03:00,0.365,0.326,0.097,15.293
2017-11-07 20:00:00-03:00,0.171,0.163,0.038,13.146
2017-11-07 21:00:00-03:00,0.0,0.0,0.001,10.834
2017-11-07 22:00:00-03:00,0.0,0.0,0.0,9.695
2017-11-07 23:00:00-03:00,0.0,0.0,0.0,8.213
2017-11-08 00:00:00-03:00,0.0,0.0,0.0,6.999
2017-11-08 01:00:00-03:00,0.0,0.0,0.0,6.168
2017-11-08 02:00:00-03:00,0.0,0.0,0.0,5.8260000000000005
2017-11-08 03:00:00-03:00,0.0,0.0,0.0,5.379
2017-11-08 04:00:00-03:00,0.0,0.0,0.0,4.901
2017-11-08 05:00:00-03:00,0.0,0.0,0.0,4.615
2017-11-08 06:00:00-03:00,0.019,0.02,0.012,4.543
2017-11-08 07:00:00-03:00,0.129,0.084,0.066,5.535
2017-11-08 08:00:00-03:00,0.261,0.165,0.126,7.08
2017-11-08 09:00:00-03:00,0.547,0.464,0.163,9.499
2017-11-08 10:00:00-03:00,0.706,0.668,0.181,12.238
2017-11-08 11:00:00-03:00,0.6910000000000001,0.615,0.221,13.924
2017-11-08 12:00:00-03:00,0.729,0.661,0.23700000000000002,15.344
2017-11-08 13:00:00-03:00,0.784,0.785,0.20400000000000001,16.63
2017-11-08 14:00:00-03:00,0.795,0.786,0.225,17.456
2017-11-08 15:00:00-03:00,0.75,0.72,0.224,17.885
2017-11-08 16:00:00-03:00,0.709,0.677,0.20600000000000002,18.04
2017-11-08 17:00:00-03:00,0.561,0.481,0.193,17.833
2017-11-08 18:00:00-03:00,0.28600000000000003,0.179,0.155,17.064
2017-11-08 19:00:00-03:00,0.123,0.066,0.085,15.619
2017-11-08 20:00:00-03:00,0.049,0.039,0.03,13.322
2017-11-08 21:00:00-03:00,0.001,0.008,0.001,11.013
2017-11-08 22:00:00-03:00,0.0,0.0,0.0,9.832
2017-11-08 23:00:00-03:00,0.0,0.0,0.0,8.816
2017-11-09 00:00:00-03:00,0.0,0.0,0.0,8.074
2017-11-09 01:00:00-03:00,0.0,0.0,0.0,7.477
2017-11-09 02:00:00-03:00,0.0,0.0,0.0,6.94
2017-11-09 03:00:00-03:00,0.0,0.0,0.0,6.225
2017-11-09 04:00:00-03:00,0.0,0.0,0.0,5.624
2017-11-09 05:00:00-03:00,0.0,0.0,0.0,5.039
2017-11-09 06:00:00-03:00,0.018000000000000002,0.019,0.013000000000000001,5.069
2017-11-09 07:00:00-03:00,0.14200000000000002,0.095,0.07,6.601
2017-11-09 08:00:00-03:00,0.417,0.343,0.125,8.638
2017-11-09 09:00:00-03:00,0.632,0.592,0.153,11.611
2017-11-09 10:00:00-03:00,0.671,0.617,0.192,13.783
2017-11-09 11:00:00-03:00,0.6920000000000001,0.621,0.224,15.492
2017-11-09 12:00:00-03:00,0.705,0.624,0.248,16.797
2017-11-09 13:00:00-03:00,0.731,0.657,0.257,17.722
2017-11-09 14:00:00-03:00,0.744,0.6920000000000001,0.246,18.384
2017-11-09 15:00:00-03:00,0.737,0.6970000000000001,0.232,18.688
2017-11-09 16:00:00-03:00,0.654,0.584,0.222,18.559
2017-11-09 17:00:00-03:00,0.5700000000000001,0.491,0.196,18.122
2017-11-09 18:00:00-03:00,0.15,0.052000000000000005,0.128,16.399
2017-11-09 19:00:00-03:00,0.031,0.007,0.04,13.489
2017-11-09 20:00:00-03:00,0.009000000000000001,0.006,0.014,11.178
2017-11-09 21:00:00-03:00,0.0,0.0,0.0,9.588
2017-11-09 22:00:00-03:00,0.0,0.0,0.0,8.771
2017-11-09 23:00:00-03:00,0.0,0.0,0.0,8.007
2017-11-10 00:00:00-03:00,0.0,0.0,0.0,7.15
2017-11-10 01:00:00-03:00,0.0,0.0,0.0,6.3629999999999995
2017-11-10 02:00:00-03:00,0.0,0.0,0.0,5.672
2017-11-10 03:00:00-03:00,0.0,0.0,0.0,5.185
2017-11-10 04:00:00-03:00,0.0,0.0,0.0,4.781
2017-11-10 05:00:00-03:00,0.0,0.0,0.0,4.425
2017-11-10 06:00:00-03:00,0.05,0.049,0.019,4.364
2017-11-10 07:00:00-03:00,0.272,0.22,0.081,5.662
2017-11-10 08:00:00-03:00,0.377,0.279,0.14100000000000001,7.371
2017-11-10 09:00:00-03:00,0.34500000000000003,0.187,0.199,8.82
2017-11-10 10:00:00-03:00,0.254,0.068,0.219,9.752
2017-11-10 11:00:00-03:00,0.355,0.122,0.279,10.805
2017-11-10 12:00:00-03:00,0.587,0.371,0.316,12.186
2017-11-10 13:00:00-03:00,0.541,0.198,0.432,12.617
2017-11-10 14:00:00-03:00,0.223,0.026000000000000002,0.231,11.679
2017-11-10 15:00:00-03:00,0.139,0.01,0.154,10.477
2017-11-10 16:00:00-03:00,0.129,0.012,0.14200000000000002,10.054
2017-11-10 17:00:00-03:00,0.096,0.009000000000000001,0.109,9.861
2017-11-10 18:00:00-03:00,0.076,0.011,0.08700000000000001,9.837
2017-11-10 19:00:00-03:00,0.038,0.007,0.048,9.696
2017-11-10 20:00:00-03:00,0.007,0.004,0.014,9.164
2017-11-10 21:00:00-03:00,0.0,0.0,0.0,8.51
2017-11-10 22:00:00-03:00,0.0,0.0,0.0,7.831
2017-11-10 23:00:00-03:00,0.0,0.0,0.0,7.099
2017-11-11 00:00:00-03:00,0.0,0.0,0.0,6.7
2017-11-11 01:00:00-03:00,0.0,0.0,0.0,6.644
2017-11-11 02:00:00-03:00,0.0,0.0,0.0,6.593
2017-11-11 03:00:00-03:00,0.0,0.0,0.0,6.499
2017-11-11 04:00:00-03:00,0.0,0.0,0.0,6.088
2017-11-11 05:00:00-03:00,0.0,0.0,0.0,5.831
2017-11-11 06:00:00-03:00,0.002,0.002,0.007,5.912
2017-11-11 07:00:00-03:00,0.042,0.013000000000000001,0.047,6.786
2017-11-11 08:00:00-03:00,0.124,0.037,0.109,8.235
2017-11-11 09:00:00-03:00,0.21,0.067,0.17200000000000001,9.72
2017-11-11 10:00:00-03:00,0.368,0.17300000000000001,0.243,10.903
2017-11-11 11:00:00-03:00,0.433,0.209,0.28500000000000003,11.66
2017-11-11 12:00:00-03:00,0.598,0.398,0.306,12.569
2017-11-11 13:00:00-03:00,0.655,0.41300000000000003,0.371,13.347
2017-11-11 14:00:00-03:00,0.536,0.301,0.327,13.752
2017-11-11 15:00:00-03:00,0.47000000000000003,0.242,0.302,13.998
2017-11-11 16:00:00-03:00,0.464,0.269,0.269,14.126
2017-11-11 17:00:00-03:00,0.396,0.231,0.225,13.876
2017-11-11 18:00:00-03:00,0.221,0.098,0.158,12.913
2017-11-11 19:00:00-03:00,0.108,0.045,0.08700000000000001,11.572
2017-11-11 20:00:00-03:00,0.031,0.018000000000000002,0.029,10.106
2017-11-11 21:00:00-03:00,0.0,0.001,0.001,8.644
2017-11-11 22:00:00-03:00,0.0,0.0,0.0,7.533
2017-11-11 23:00:00-03:00,0.0,0.0,0.0,6.428
2017-11-12 00:00:00-03:00,0.0,0.0,0.0,5.42
2017-11-12 01:00:00-03:00,0.0,0.0,0.0,4.741
2017-11-12 02:00:00-03:00,0.0,0.0,0.0,4.451
2017-11-12 03:00:00-03:00,0.0,0.0,0.0,4.356
2017-11-12 04:00:00-03:00,0.0,0.0,0.0,4.265
2017-11-12 05:00:00-03:00,0.0,0.0,0.0,4.125
2017-11-12 06:00:00-03:00,0.003,0.003,0.009000000000000001,4.103
2017-11-12 07:00:00-03:00,0.034,0.009000000000000001,0.041,4.421
2017-11-12 08:00:00-03:00,0.112,0.03,0.10300000000000001,5.067
2017-11-12 09:00:00-03:00,0.198,0.057,0.166,6.058
2017-11-12 10:00:00-03:00,0.388,0.189,0.243,7.501
2017-11-12 11:00:00-03:00,0.514,0.303,0.281,8.864
2017-11-12 12:00:00-03:00,0.499,0.247,0.321,9.62
2017-11-12 13:00:00-03:00,0.528,0.186,0.418,9.774000000000001
2017-11-12 14:00:00-03:00,0.365,0.10200000000000001,0.308,9.522
2017-11-12 15:00:00-03:00,0.418,0.17500000000000002,0.297,9.763
2017-11-12 16:00:00-03:00,0.531,0.34700000000000003,0.263,10.212
2017-11-12 17:00:00-03:00,0.554,0.424,0.214,10.256
2017-11-12 18:00:00-03:00,0.538,0.454,0.163,9.951
2017-11-12 19:00:00-03:00,0.46,0.41000000000000003,0.11,9.183
2017-11-12 20:00:00-03:00,0.183,0.158,0.05,7.785
2017-11-12 21:00:00-03:00,0.004,0.01,0.003,5.5
2017-11-12 22:00:00-03:00,0.0,0.0,0.0,4.34
2017-11-12 23:00:00-03:00,0.0,0.0,0.0,3.67
2017-11-13 00:00:00-03:00,0.0,0.0,0.0,2.948
2017-11-13 01:00:00-03:00,0.0,0.0,0.0,2.226
2017-11-13 02:00:00-03:00,0.0,0.0,0.0,1.629
2017-11-13 03:00:00-03:00,0.0,0.0,0.0,1.079
2017-11-13 04:00:00-03:00,0.0,0.0,0.0,0.7020000000000001
2017-11-13 05:00:00-03:00,0.0,0.0,0.0,0.427
2017-11-13 06:00:00-03:00,0.057,0.053,0.021,1.002
2017-11-13 07:00:00-03:00,0.225,0.169,0.079,3.331
2017-11-13 08:00:00-03:00,0.552,0.503,0.11800000000000001,5.698
2017-11-13 09:00:00-03:00,0.722,0.709,0.14300000000000002,7.959
2017-11-13 10:00:00-03:00,0.766,0.748,0.176,10.162
2017-11-13 11:00:00-03:00,0.784,0.759,0.20400000000000001,12.285
2017-11-13 12:00:00-03:00,0.8140000000000001,0.807,0.214,14.174
2017-11-13 13:00:00-03:00,0.791,0.786,0.20700000000000002,15.553
2017-11-13 14:00:00-03:00,0.6950000000000001,0.586,0.268,16.269
2017-11-13 15:00:00-03:00,0.595,0.441,0.273,16.405
2017-11-13 16:00:00-03:00,0.418,0.228,0.257,15.682
2017-11-13 17:00:00-03:00,0.28300000000000003,0.122,0.20500000000000002,14.648
2017-11-13 18:00:00-03:00,0.135,0.039,0.123,13.487
2017-11-13 19:00:00-03:00,0.076,0.026000000000000002,0.07200000000000001,12.318
2017-11-13 20:00:00-03:00,0.024,0.014,0.026000000000000002,10.719
2017-11-13 21:00:00-03:00,0.0,0.001,0.001,8.955
2017-11-13 22:00:00-03:00,0.0,0.0,0.0,7.631
2017-11-13 23:00:00-03:00,0.0,0.0,0.0,6.708
2017-11-14 00:00:00-03:00,0.0,0.0,0.0,6.054
2017-11-14 01:00:00-03:00,0.0,0.0,0.0,5.609
2017-11-14 02:00:00-03:00,0.0,0.0,0.0,5.35
2017-11-14 03:00:00-03:00,0.0,0.0,0.0,5.199
2017-11-14 04:00:00-03:00,0.0,0.0,0.0,5.007
2017-11-14 05:00:00-03:00,0.0,0.0,0.0,4.827
2017-11-14 06:00:00-03:00,0.008,0.006,0.013000000000000001,4.944
2017-11-14 07:00:00-03:00,0.05,0.015,0.053,5.378
2017-11-14 08:00:00-03:00,0.105,0.024,0.10200000000000001,5.805
2017-11-14 09:00:00-03:00,0.123,0.018000000000000002,0.127,6.173
2017-11-14 10:00:00-03:00,0.153,0.018000000000000002,0.158,6.675
2017-11-14 11:00:00-03:00,0.228,0.035,0.222,7.719
2017-11-14 12:00:00-03:00,0.372,0.1,0.317,9.097
2017-11-14 13:00:00-03:00,0.526,0.17,0.434,10.172
2017-11-14 14:00:00-03:00,0.485,0.21,0.34500000000000003,10.87
2017-11-14 15:00:00-03:00,0.483,0.24,0.314,11.292
2017-11-14 16:00:00-03:00,0.437,0.219,0.278,11.26
2017-11-14 17:00:00-03:00,0.378,0.195,0.232,10.925
2017-11-14 18:00:00-03:00,0.31,0.17200000000000001,0.177,10.363
2017-11-14 19:00:00-03:00,0.226,0.14100000000000001,0.116,9.677
2017-11-14 20:00:00-03:00,0.112,0.085,0.05,8.602
2017-11-14 21:00:00-03:00,0.003,0.008,0.003,6.302
2017-11-14 22:00:00-03:00,0.0,0.0,0.0,4.964
2017-11-14 23:00:00-03:00,0.0,0.0,0.0,4.207
2017-11-15 00:00:00-03:00,0.0,0.0,0.0,3.574
2017-11-15 01:00:00-03:00,0.0,0.0,0.0,3.084
2017-11-15 02:00:00-03:00,0.0,0.0,0.0,2.794
2017-11-15 03:00:00-03:00,0.0,0.0,0.0,2.565
2017-11-15 04:00:00-03:00,0.0,0.0,0.0,2.3810000000000002
2017-11-15 05:00:00-03:00,0.0,0.0,0.0,2.3689999999999998
2017-11-15 06:00:00-03:00,0.026000000000000002,0.021,0.02,3.175
2017-11-15 07:00:00-03:00,0.056,0.017,0.056,4.483
2017-11-15 08:00:00-03:00,0.074,0.012,0.081,5.524
2017-11-15 09:00:00-03:00,0.097,0.011,0.107,6.703
2017-11-15 10:00:00-03:00,0.163,0.021,0.167,7.956
2017-11-15 11:00:00-03:00,0.329,0.093,0.277,9.727
2017-11-15 12:00:00-03:00,0.28500000000000003,0.046,0.276,10.204
2017-11-15 13:00:00-03:00,0.47400000000000003,0.115,0.425,10.503
2017-11-15 14:00:00-03:00,0.511,0.23900000000000002,0.34800000000000003,10.867
2017-11-15 15:00:00-03:00,0.464,0.214,0.316,10.823
2017-11-15 16:00:00-03:00,0.498,0.292,0.279,10.783
2017-11-15 17:00:00-03:00,0.401,0.217,0.23500000000000001,10.13
2017-11-15 18:00:00-03:00,0.373,0.23700000000000002,0.182,9.208
2017-11-15 19:00:00-03:00,0.278,0.191,0.121,8.128
2017-11-15 20:00:00-03:00,0.046,0.026000000000000002,0.038,6.749
2017-11-15 21:00:00-03:00,0.0,0.001,0.002,5.508
2017-11-15 22:00:00-03:00,0.0,0.0,0.0,4.811
2017-11-15 23:00:00-03:00,0.0,0.0,0.0,4.229
2017-11-16 00:00:00-03:00,0.0,0.0,0.0,3.751
2017-11-16 01:00:00-03:00,0.0,0.0,0.0,3.323
2017-11-16 02:00:00-03:00,0.0,0.0,0.0,3.032
2017-11-16 03:00:00-03:00,0.0,0.0,0.0,2.783
2017-11-16 04:00:00-03:00,0.0,0.0,0.0,2.643
2017-11-16 05:00:00-03:00,0.0,0.0,0.0,2.659
2017-11-16 06:00:00-03:00,0.009000000000000001,0.005,0.014,3.046
2017-11-16 07:00:00-03:00,0.053,0.014,0.057,3.938
2017-11-16 08:00:00-03:00,0.112,0.023,0.109,4.774
2017-11-16 09:00:00-03:00,0.177,0.035,0.166,5.914
2017-11-16 10:00:00-03:00,0.203,0.031,0.198,6.651
2017-11-16 11:00:00-03:00,0.194,0.019,0.201,7.052
2017-11-16 12:00:00-03:00,0.17,0.01,0.185,7.216
2017-11-16 13:00:00-03:00,0.229,0.01,0.247,7.249
2017-11-16 14:00:00-03:00,0.18,0.011,0.194,7.056
2017-11-16 15:00:00-03:00,0.182,0.015,0.192,6.737
2017-11-16 16:00:00-03:00,0.201,0.026000000000000002,0.201,6.484
2017-11-16 17:00:00-03:00,0.265,0.076,0.219,6.384
2017-11-16 18:00:00-03:00,0.31,0.156,0.187,6.009
2017-11-16 19:00:00-03:00,0.222,0.125,0.122,5.185
2017-11-16 20:00:00-03:00,0.098,0.065,0.052000000000000005,4.128
2017-11-16 21:00:00-03:00,0.002,0.006,0.004,3.013
2017-11-16 22:00:00-03:00,0.0,0.0,0.0,2.293
2017-11-16 23:00:00-03:00,0.0,0.0,0.0,1.748
2017-11-17 00:00:00-03:00,0.0,0.0,0.0,1.28
2017-11-17 01:00:00-03:00,0.0,0.0,0.0,0.8200000000000001
2017-11-17 02:00:00-03:00,0.0,0.0,0.0,0.466
2017-11-17 03:00:00-03:00,0.0,0.0,0.0,0.279
2017-11-17 04:00:00-03:00,0.0,0.0,0.0,0.16
2017-11-17 05:00:00-03:00,0.0,0.0,0.0,0.027
2017-11-17 06:00:00-03:00,0.073,0.063,0.027,0.379
2017-11-17 07:00:00-03:00,0.297,0.23700000000000002,0.08600000000000001,2.005
2017-11-17 08:00:00-03:00,0.39,0.28500000000000003,0.14200000000000002,3.877
2017-11-17 09:00:00-03:00,0.48,0.342,0.192,5.316
2017-11-17 10:00:00-03:00,0.557,0.398,0.233,6.764
2017-11-17 11:00:00-03:00,0.67,0.531,0.251,8.291
2017-11-17 12:00:00-03:00,0.607,0.395,0.307,9.159
2017-11-17 13:00:00-03:00,0.739,0.594,0.292,10.217
2017-11-17 14:00:00-03:00,0.759,0.656,0.263,10.997
2017-11-17 15:00:00-03:00,0.68,0.541,0.268,11.168
2017-11-17 16:00:00-03:00,0.484,0.28500000000000003,0.268,10.732
2017-11-17 17:00:00-03:00,0.383,0.20700000000000002,0.225,10.169
2017-11-17 18:00:00-03:00,0.434,0.317,0.17400000000000002,9.718
2017-11-17 19:00:00-03:00,0.106,0.04,0.088,8.515
2017-11-17 20:00:00-03:00,0.017,0.007,0.022,7.126
2017-11-17 21:00:00-03:00,0.0,0.001,0.001,6.015
2017-11-17 22:00:00-03:00,0.0,0.0,0.0,5.39
2017-11-17 23:00:00-03:00,0.0,0.0,0.0,4.985
2017-11-18 00:00:00-03:00,0.0,0.0,0.0,4.525
2017-11-18 01:00:00-03:00,0.0,0.0,0.0,4.21
2017-11-18 02:00:00-03:00,0.0,0.0,0.0,4.282
2017-11-18 03:00:00-03:00,0.0,0.0,0.0,4.572
2017-11-18 04:00:00-03:00,0.0,0.0,0.0,4.479
2017-11-18 05:00:00-03:00,0.0,0.0,0.0,3.9450000000000003
2017-11-18 06:00:00-03:00,0.016,0.011,0.019,3.827
2017-11-18 07:00:00-03:00,0.1,0.043000000000000003,0.076,4.354
2017-11-18 08:00:00-03:00,0.315,0.194,0.153,5.308
2017-11-18 09:00:00-03:00,0.435,0.275,0.20800000000000002,5.94
2017-11-18 10:00:00-03:00,0.481,0.28,0.257,6.24
2017-11-18 11:00:00-03:00,0.452,0.202,0.302,6.428
2017-11-18 12:00:00-03:00,0.442,0.15,0.341,6.204
2017-11-18 13:00:00-03:00,0.488,0.11800000000000001,0.427,5.843
2017-11-18 14:00:00-03:00,0.437,0.139,0.34600000000000003,5.837
2017-11-18 15:00:00-03:00,0.383,0.11800000000000001,0.305,5.6129999999999995
2017-11-18 16:00:00-03:00,0.311,0.08600000000000001,0.257,5.18
2017-11-18 17:00:00-03:00,0.278,0.09,0.217,5.061
2017-11-18 18:00:00-03:00,0.23900000000000002,0.095,0.17,4.747
2017-11-18 19:00:00-03:00,0.165,0.077,0.11,4.009
2017-11-18 20:00:00-03:00,0.07100000000000001,0.042,0.047,3.047
2017-11-18 21:00:00-03:00,0.002,0.005,0.004,2.062
2017-11-18 22:00:00-03:00,0.0,0.0,0.0,1.513
2017-11-18 23:00:00-03:00,0.0,0.0,0.0,1.298
2017-11-19 00:00:00-03:00,0.0,0.0,0.0,1.097
2017-11-19 01:00:00-03:00,0.0,0.0,0.0,0.868
2017-11-19 02:00:00-03:00,0.0,0.0,0.0,0.642
2017-11-19 03:00:00-03:00,0.0,0.0,0.0,0.41600000000000004
2017-11-19 04:00:00-03:00,0.0,0.0,0.0,0.23900000000000002
2017-11-19 05:00:00-03:00,0.0,0.0,0.0,0.23700000000000002
2017-11-19 06:00:00-03:00,0.02,0.013000000000000001,0.021,0.553
2017-11-19 07:00:00-03:00,0.108,0.047,0.08,1.608
2017-11-19 08:00:00-03:00,0.197,0.077,0.14300000000000002,3.136
2017-11-19 09:00:00-03:00,0.245,0.077,0.193,4.404
2017-11-19 10:00:00-03:00,0.231,0.045,0.213,5.043
2017-11-19 11:00:00-03:00,0.217,0.027,0.216,5.322
2017-11-19 12:00:00-03:00,0.277,0.036000000000000004,0.271,6.062
2017-11-19 13:00:00-03:00,0.41500000000000004,0.064,0.398,7.015
2017-11-19 14:00:00-03:00,0.311,0.049,0.298,7.388
2017-11-19 15:00:00-03:00,0.335,0.08,0.293,8.115
2017-11-19 16:00:00-03:00,0.445,0.212,0.28800000000000003,8.76
2017-11-19 17:00:00-03:00,0.368,0.171,0.24,8.403
2017-11-19 18:00:00-03:00,0.315,0.165,0.186,7.743
2017-11-19 19:00:00-03:00,0.223,0.128,0.123,6.947
2017-11-19 20:00:00-03:00,0.14400000000000002,0.106,0.06,5.908
2017-11-19 21:00:00-03:00,0.011,0.016,0.006,4.486
2017-11-19 22:00:00-03:00,0.0,0.0,0.0,3.516
2017-11-19 23:00:00-03:00,0.0,0.0,0.0,3.023
2017-11-20 00:00:00-03:00,0.0,0.0,0.0,2.667
2017-11-20 01:00:00-03:00,0.0,0.0,0.0,2.385
2017-11-20 02:00:00-03:00,0.0,0.0,0.0,2.172
2017-11-20 03:00:00-03:00,0.0,0.0,0.0,1.9969999999999999
2017-11-20 04:00:00-03:00,0.0,0.0,0.0,1.908
2017-11-20 05:00:00-03:00,0.0,0.0,0.0,1.8439999999999999
2017-11-20 06:00:00-03:00,0.046,0.034,0.028,2.049
2017-11-20 07:00:00-03:00,0.148,0.081,0.088,3.03
2017-11-20 08:00:00-03:00,0.273,0.147,0.153,4.231
2017-11-20 09:00:00-03:00,0.402,0.233,0.211,5.632
2017-11-20 10:00:00-03:00,0.47500000000000003,0.273,0.26,7.158
2017-11-20 11:00:00-03:00,0.514,0.281,0.302,8.442
2017-11-20 12:00:00-03:00,0.52,0.246,0.34800000000000003,9.369
2017-11-20 13:00:00-03:00,0.594,0.263,0.427,10.251
2017-11-20 14:00:00-03:00,0.434,0.14200000000000002,0.35100000000000003,10.462
2017-11-20 15:00:00-03:00,0.314,0.07100000000000001,0.28300000000000003,10.143
2017-11-20 16:00:00-03:00,0.2,0.029,0.2,9.497
2017-11-20 17:00:00-03:00,0.149,0.021,0.153,8.997
2017-11-20 18:00:00-03:00,0.138,0.03,0.132,8.887
2017-11-20 19:00:00-03:00,0.16,0.074,0.112,8.739
2017-11-20 20:00:00-03:00,0.111,0.077,0.057,7.7620000000000005
2017-11-20 21:00:00-03:00,0.009000000000000001,0.013000000000000001,0.007,6.326
2017-11-20 22:00:00-03:00,0.0,0.0,0.0,5.371
2017-11-20 23:00:00-03:00,0.0,0.0,0.0,4.984
2017-11-21 00:00:00-03:00,0.0,0.0,0.0,5.014
2017-11-21 01:00:00-03:00,0.0,0.0,0.0,5.157
2017-11-21 02:00:00-03:00,0.0,0.0,0.0,5.252
2017-11-21 03:00:00-03:00,0.0,0.0,0.0,5.14
2017-11-21 04:00:00-03:00,0.0,0.0,0.0,4.679
2017-11-21 05:00:00-03:00,0.0,0.0,0.0,4.374
2017-11-21 06:00:00-03:00,0.012,0.005,0.018000000000000002,4.542
2017-11-21 07:00:00-03:00,0.039,0.007,0.049,5.037
2017-11-21 08:00:00-03:00,0.076,0.009000000000000001,0.08600000000000001,5.624
2017-11-21 09:00:00-03:00,0.125,0.013000000000000001,0.134,6.27
2017-11-21 10:00:00-03:00,0.187,0.022,0.191,7.0
2017-11-21 11:00:00-03:00,0.228,0.025,0.232,7.708
2017-11-21 12:00:00-03:00,0.25,0.022,0.26,8.411
2017-11-21 13:00:00-03:00,0.314,0.021,0.331,9.184
2017-11-21 14:00:00-03:00,0.195,0.011,0.212,9.363
2017-11-21 15:00:00-03:00,0.17200000000000001,0.011,0.187,9.248
2017-11-21 16:00:00-03:00,0.124,0.007,0.14,8.774000000000001
2017-11-21 17:00:00-03:00,0.077,0.004,0.093,8.396
2017-11-21 18:00:00-03:00,0.057,0.004,0.07200000000000001,8.104
2017-11-21 19:00:00-03:00,0.044,0.006,0.056,7.661
2017-11-21 20:00:00-03:00,0.044,0.018000000000000002,0.043000000000000003,7.207
2017-11-21 21:00:00-03:00,0.004,0.007,0.006,6.386
2017-11-21 22:00:00-03:00,0.0,0.0,0.0,5.567
2017-11-21 23:00:00-03:00,0.0,0.0,0.0,4.941
2017-11-22 00:00:00-03:00,0.0,0.0,0.0,4.675
2017-11-22 01:00:00-03:00,0.0,0.0,0.0,4.781
2017-11-22 02:00:00-03:00,0.0,0.0,0.0,4.973
2017-11-22 03:00:00-03:00,0.0,0.0,0.0,5.007
2017-11-22 04:00:00-03:00,0.0,0.0,0.0,4.962
2017-11-22 05:00:00-03:00,0.0,0.0,0.0,4.9510000000000005
2017-11-22 06:00:00-03:00,0.008,0.004,0.014,5.229
2017-11-22 07:00:00-03:00,0.059000000000000004,0.016,0.061,5.943
2017-11-22 08:00:00-03:00,0.196,0.077,0.145,7.032
2017-11-22 09:00:00-03:00,0.34,0.165,0.215,8.262
2017-11-22 10:00:00-03:00,0.419,0.20500000000000002,0.267,9.262
2017-11-22 11:00:00-03:00,0.54,0.317,0.305,10.336
2017-11-22 12:00:00-03:00,0.709,0.552,0.298,11.381
2017-11-22 13:00:00-03:00,0.663,0.388,0.398,11.138
2017-11-22 14:00:00-03:00,0.275,0.033,0.275,8.797
2017-11-22 15:00:00-03:00,0.25,0.035,0.246,7.805
2017-11-22 16:00:00-03:00,0.364,0.127,0.28,8.315
2017-11-22 17:00:00-03:00,0.458,0.27,0.245,8.269
2017-11-22 18:00:00-03:00,0.305,0.152,0.187,6.78
2017-11-22 19:00:00-03:00,0.09,0.024,0.08600000000000001,4.77
2017-11-22 20:00:00-03:00,0.016,0.005,0.023,3.5060000000000002
2017-11-22 21:00:00-03:00,0.0,0.002,0.003,3.22
2017-11-22 22:00:00-03:00,0.0,0.0,0.0,2.943
2017-11-22 23:00:00-03:00,0.0,0.0,0.0,2.368
2017-11-23 00:00:00-03:00,0.0,0.0,0.0,1.826
2017-11-23 01:00:00-03:00,0.0,0.0,0.0,1.486
2017-11-23 02:00:00-03:00,0.0,0.0,0.0,1.23
2017-11-23 03:00:00-03:00,0.0,0.0,0.0,0.966
2017-11-23 04:00:00-03:00,0.0,0.0,0.0,0.612
2017-11-23 05:00:00-03:00,0.0,0.001,0.0,0.28700000000000003
2017-11-23 06:00:00-03:00,0.093,0.075,0.036000000000000004,0.672
2017-11-23 07:00:00-03:00,0.246,0.17,0.099,2.185
2017-11-23 08:00:00-03:00,0.308,0.178,0.159,3.733
2017-11-23 09:00:00-03:00,0.326,0.147,0.212,4.833
2017-11-23 10:00:00-03:00,0.28,0.07200000000000001,0.23700000000000002,5.468
2017-11-23 11:00:00-03:00,0.197,0.021,0.2,5.514
2017-11-23 12:00:00-03:00,0.185,0.013000000000000001,0.196,5.601
2017-11-23 13:00:00-03:00,0.243,0.013000000000000001,0.257,5.87
2017-11-23 14:00:00-03:00,0.27,0.031,0.269,6.672
2017-11-23 15:00:00-03:00,0.487,0.223,0.327,8.105
2017-11-23 16:00:00-03:00,0.594,0.40800000000000003,0.276,8.767
2017-11-23 17:00:00-03:00,0.502,0.328,0.241,8.668
2017-11-23 18:00:00-03:00,0.451,0.318,0.189,8.407
2017-11-23 19:00:00-03:00,0.376,0.28800000000000003,0.131,7.821
2017-11-23 20:00:00-03:00,0.168,0.127,0.066,6.862
2017-11-23 21:00:00-03:00,0.004,0.007,0.006,5.956
2017-11-23 22:00:00-03:00,0.0,0.0,0.0,5.473
2017-11-23 23:00:00-03:00,0.0,0.0,0.0,5.207
2017-11-24 00:00:00-03:00,0.0,0.0,0.0,5.158
2017-11-24 01:00:00-03:00,0.0,0.0,0.0,5.223
2017-11-24 02:00:00-03:00,0.0,0.0,0.0,5.308
2017-11-24 03:00:00-03:00,0.0,0.0,0.0,5.46
2017-11-24 04:00:00-03:00,0.0,0.0,0.0,5.646
2017-11-24 05:00:00-03:00,0.0,0.0,0.0,5.735
2017-11-24 06:00:00-03:00,0.002,0.001,0.009000000000000001,5.925
2017-11-24 07:00:00-03:00,0.016,0.002,0.027,6.271
2017-11-24 08:00:00-03:00,0.073,0.009000000000000001,0.084,6.876
2017-11-24 09:00:00-03:00,0.158,0.024,0.159,7.758
2017-11-24 10:00:00-03:00,0.253,0.051000000000000004,0.234,8.847
2017-11-24 11:00:00-03:00,0.277,0.046,0.267,9.739
2017-11-24 12:00:00-03:00,0.329,0.052000000000000005,0.319,10.628
2017-11-24 13:00:00-03:00,0.446,0.077,0.432,11.496
2017-11-24 14:00:00-03:00,0.41000000000000003,0.101,0.367,11.917
2017-11-24 15:00:00-03:00,0.395,0.11900000000000001,0.331,12.009
2017-11-24 16:00:00-03:00,0.334,0.096,0.28400000000000003,11.991
2017-11-24 17:00:00-03:00,0.253,0.065,0.224,11.79
2017-11-24 18:00:00-03:00,0.076,0.007,0.09,10.524000000000001
2017-11-24 19:00:00-03:00,0.094,0.023,0.093,9.81
2017-11-24 20:00:00-03:00,0.074,0.039,0.056,9.35
2017-11-24 21:00:00-03:00,0.003,0.005,0.006,8.561
2017-11-24 22:00:00-03:00,0.0,0.0,0.0,8.185
2017-11-24 23:00:00-03:00,0.0,0.0,0.0,7.918
2017-11-25 00:00:00-03:00,0.0,0.0,0.0,7.643
2017-11-25 01:00:00-03:00,0.0,0.0,0.0,7.52
2017-11-25 02:00:00-03:00,0.0,0.0,0.0,7.337
2017-11-25 03:00:00-03:00,0.0,0.0,0.0,7.139
2017-11-25 04:00:00-03:00,0.0,0.0,0.0,7.185
2017-11-25 05:00:00-03:00,0.0,0.0,0.0,7.585
2017-11-25 06:00:00-03:00,0.012,0.006,0.018000000000000002,7.936
2017-11-25 07:00:00-03:00,0.116,0.053,0.08600000000000001,8.456
2017-11-25 08:00:00-03:00,0.168,0.057,0.137,9.246
2017-11-25 09:00:00-03:00,0.307,0.136,0.211,10.494
2017-11-25 10:00:00-03:00,0.401,0.192,0.266,11.875
2017-11-25 11:00:00-03:00,0.338,0.096,0.29,12.422
2017-11-25 12:00:00-03:00,0.332,0.065,0.314,12.799
2017-11-25 13:00:00-03:00,0.51,0.157,0.437,13.743
2017-11-25 14:00:00-03:00,0.611,0.383,0.34600000000000003,14.600999999999999
2017-11-25 15:00:00-03:00,0.737,0.647,0.264,15.577
2017-11-25 16:00:00-03:00,0.631,0.498,0.263,15.791
2017-11-25 17:00:00-03:00,0.646,0.5670000000000001,0.213,15.569
2017-11-25 18:00:00-03:00,0.555,0.47700000000000004,0.177,14.445
2017-11-25 19:00:00-03:00,0.139,0.056,0.11,12.53
2017-11-25 20:00:00-03:00,0.021,0.007,0.029,10.779
2017-11-25 21:00:00-03:00,0.0,0.001,0.002,9.688
2017-11-25 22:00:00-03:00,0.0,0.0,0.0,9.074
2017-11-25 23:00:00-03:00,0.0,0.0,0.0,8.533
2017-11-26 00:00:00-03:00,0.0,0.0,0.0,7.897
2017-11-26 01:00:00-03:00,0.0,0.0,0.0,7.119
2017-11-26 02:00:00-03:00,0.0,0.0,0.0,6.271
2017-11-26 03:00:00-03:00,0.0,0.0,0.0,5.666
2017-11-26 04:00:00-03:00,0.0,0.0,0.0,5.15
2017-11-26 05:00:00-03:00,0.0,0.001,0.001,4.477
2017-11-26 06:00:00-03:00,0.03,0.018000000000000002,0.027,4.406
2017-11-26 07:00:00-03:00,0.063,0.018000000000000002,0.063,4.696
2017-11-26 08:00:00-03:00,0.231,0.106,0.15,4.567
2017-11-26 09:00:00-03:00,0.427,0.261,0.211,5.123
2017-11-26 10:00:00-03:00,0.435,0.22,0.262,5.6370000000000005
2017-11-26 11:00:00-03:00,0.604,0.403,0.28600000000000003,6.569
2017-11-26 12:00:00-03:00,0.639,0.41600000000000004,0.321,7.108
2017-11-26 13:00:00-03:00,0.7010000000000001,0.46900000000000003,0.352,7.638
2017-11-26 14:00:00-03:00,0.679,0.47400000000000003,0.319,8.04
2017-11-26 15:00:00-03:00,0.67,0.492,0.289,8.286
2017-11-26 16:00:00-03:00,0.626,0.46,0.263,8.237
2017-11-26 17:00:00-03:00,0.493,0.318,0.23700000000000002,7.753
2017-11-26 18:00:00-03:00,0.47200000000000003,0.34500000000000003,0.185,7.307
2017-11-26 19:00:00-03:00,0.372,0.281,0.131,6.5600000000000005
2017-11-26 20:00:00-03:00,0.139,0.097,0.065,5.532
2017-11-26 21:00:00-03:00,0.014,0.017,0.01,4.464
2017-11-26 22:00:00-03:00,0.0,0.0,0.0,3.886
2017-11-26 23:00:00-03:00,0.0,0.0,0.0,3.653
2017-11-27 00:00:00-03:00,0.0,0.0,0.0,3.452
2017-11-27 01:00:00-03:00,0.0,0.0,0.0,3.382
2017-11-27 02:00:00-03:00,0.0,0.0,0.0,3.41
2017-11-27 03:00:00-03:00,0.0,0.0,0.0,3.364
2017-11-27 04:00:00-03:00,0.0,0.0,0.0,3.242
2017-11-27 05:00:00-03:00,0.0,0.0,0.0,3.192
2017-11-27 06:00:00-03:00,0.008,0.003,0.016,3.35
2017-11-27 07:00:00-03:00,0.021,0.002,0.033,3.721
2017-11-27 08:00:00-03:00,0.039,0.003,0.053,3.7199999999999998
2017-11-27 09:00:00-03:00,0.081,0.005,0.095,4.042
2017-11-27 10:00:00-03:00,0.112,0.006,0.126,4.743
2017-11-27 11:00:00-03:00,0.163,0.009000000000000001,0.177,5.841
2017-11-27 12:00:00-03:00,0.227,0.015,0.241,7.54
2017-11-27 13:00:00-03:00,0.317,0.021,0.336,9.454
2017-11-27 14:00:00-03:00,0.221,0.013000000000000001,0.23900000000000002,10.303
2017-11-27 15:00:00-03:00,0.242,0.024,0.251,11.285
2017-11-27 16:00:00-03:00,0.18,0.016,0.194,11.855
2017-11-27 17:00:00-03:00,0.117,0.009000000000000001,0.134,11.941
2017-11-27 18:00:00-03:00,0.08600000000000001,0.008,0.101,11.818
2017-11-27 19:00:00-03:00,0.111,0.029,0.106,11.609
2017-11-27 20:00:00-03:00,0.049,0.018000000000000002,0.05,10.922
2017-11-27 21:00:00-03:00,0.005,0.007,0.007,10.177
2017-11-27 22:00:00-03:00,0.0,0.0,0.0,9.834
2017-11-27 23:00:00-03:00,0.0,0.0,0.0,9.628
2017-11-28 00:00:00-03:00,0.0,0.0,0.0,9.349
2017-11-28 01:00:00-03:00,0.0,0.0,0.0,9.18
2017-11-28 02:00:00-03:00,0.0,0.0,0.0,9.265
2017-11-28 03:00:00-03:00,0.0,0.0,0.0,9.388
2017-11-28 04:00:00-03:00,0.0,0.0,0.0,9.317
2017-11-28 05:00:00-03:00,0.0,0.0,0.001,9.143
2017-11-28 06:00:00-03:00,0.025,0.013000000000000001,0.027,9.223
2017-11-28 07:00:00-03:00,0.124,0.057,0.092,9.927
2017-11-28 08:00:00-03:00,0.23800000000000002,0.111,0.16,11.186
2017-11-28 09:00:00-03:00,0.315,0.14100000000000001,0.219,12.699
2017-11-28 10:00:00-03:00,0.41600000000000004,0.20600000000000002,0.275,14.276
2017-11-28 11:00:00-03:00,0.47500000000000003,0.23600000000000002,0.319,15.41
2017-11-28 12:00:00-03:00,0.443,0.153,0.365,15.973
2017-11-28 13:00:00-03:00,0.30000000000000004,0.025,0.322,15.553
2017-11-28 14:00:00-03:00,0.252,0.026000000000000002,0.266,15.436
2017-11-28 15:00:00-03:00,0.244,0.033,0.25,15.513
2017-11-28 16:00:00-03:00,0.211,0.031,0.216,15.465
2017-11-28 17:00:00-03:00,0.534,0.391,0.242,16.522
2017-11-28 18:00:00-03:00,0.56,0.487,0.182,16.567
2017-11-28 19:00:00-03:00,0.23,0.134,0.134,15.6
2017-11-28 20:00:00-03:00,0.082,0.045,0.06,14.102
2017-11-28 21:00:00-03:00,0.013000000000000001,0.017,0.009000000000000001,12.428
2017-11-28 22:00:00-03:00,0.0,0.0,0.0,10.693
2017-11-28 23:00:00-03:00,0.0,0.0,0.0,8.655
2017-11-29 00:00:00-03:00,0.0,0.0,0.0,6.981
2017-11-29 01:00:00-03:00,0.0,0.0,0.0,6.007
2017-11-29 02:00:00-03:00,0.0,0.0,0.0,5.484
2017-11-29 03:00:00-03:00,0.0,0.0,0.0,5.149
2017-11-29 04:00:00-03:00,0.0,0.0,0.0,4.855
2017-11-29 05:00:00-03:00,0.0,0.003,0.001,4.554
2017-11-29 06:00:00-03:00,0.07200000000000001,0.053,0.037,4.99
2017-11-29 07:00:00-03:00,0.161,0.091,0.093,6.286
2017-11-29 08:00:00-03:00,0.40900000000000003,0.305,0.151,7.541
2017-11-29 09:00:00-03:00,0.657,0.6000000000000001,0.168,8.983
2017-11-29 10:00:00-03:00,0.7010000000000001,0.63,0.203,10.289
2017-11-29 11:00:00-03:00,0.719,0.628,0.23500000000000001,11.354
2017-11-29 12:00:00-03:00,0.728,0.62,0.26,12.235
2017-11-29 13:00:00-03:00,0.729,0.6000000000000001,0.28500000000000003,12.86
2017-11-29 14:00:00-03:00,0.719,0.597,0.277,13.357
2017-11-29 15:00:00-03:00,0.6980000000000001,0.582,0.263,13.6
2017-11-29 16:00:00-03:00,0.682,0.587,0.23500000000000001,13.611
2017-11-29 17:00:00-03:00,0.637,0.554,0.20400000000000001,13.292
2017-11-29 18:00:00-03:00,0.539,0.456,0.171,12.618
2017-11-29 19:00:00-03:00,0.34900000000000003,0.267,0.129,11.632
2017-11-29 20:00:00-03:00,0.194,0.153,0.07,10.381
2017-11-29 21:00:00-03:00,0.048,0.054,0.012,8.422
2017-11-29 22:00:00-03:00,0.0,0.0,0.0,7.066
2017-11-29 23:00:00-03:00,0.0,0.0,0.0,6.631
2017-11-30 00:00:00-03:00,0.0,0.0,0.0,6.283
2017-11-30 01:00:00-03:00,0.0,0.0,0.0,5.92
2017-11-30 02:00:00-03:00,0.0,0.0,0.0,5.638
2017-11-30 03:00:00-03:00,0.0,0.0,0.0,5.402
2017-11-30 04:00:00-03:00,0.0,0.0,0.0,5.19
2017-11-30 05:00:00-03:00,0.0,0.001,0.001,4.931
2017-11-30 06:00:00-03:00,0.026000000000000002,0.014,0.026000000000000002,5.185
2017-11-30 07:00:00-03:00,0.078,0.027,0.07,6.146
2017-11-30 08:00:00-03:00,0.195,0.08,0.14100000000000001,7.437
2017-11-30 09:00:00-03:00,0.418,0.264,0.20600000000000002,8.944
2017-11-30 10:00:00-03:00,0.705,0.641,0.201,10.733
2017-11-30 11:00:00-03:00,0.787,0.758,0.20800000000000002,12.095
2017-11-30 12:00:00-03:00,0.782,0.733,0.23,12.842
2017-11-30 13:00:00-03:00,0.772,0.715,0.23600000000000002,13.334
2017-11-30 14:00:00-03:00,0.784,0.732,0.23900000000000002,13.711
2017-11-30 15:00:00-03:00,0.789,0.754,0.226,13.909
2017-11-30 16:00:00-03:00,0.775,0.753,0.20600000000000002,13.652
2017-11-30 17:00:00-03:00,0.754,0.747,0.176,13.027
2017-11-30 18:00:00-03:00,0.705,0.704,0.14400000000000002,12.1
2017-11-30 19:00:00-03:00,0.598,0.586,0.111,10.825
2017-11-30 20:00:00-03:00,0.426,0.41000000000000003,0.069,9.339
2017-11-30 21:00:00-03:00,0.10300000000000001,0.11,0.014,7.382
2017-11-30 22:00:00-03:00,0.0,0.0,0.0,5.93
2017-11-30 23:00:00-03:00,0.0,0.0,0.0,5.35
2017-12-01 00:00:00-03:00,0.0,0.0,0.0,4.255
2017-12-01 01:00:00-03:00,0.0,0.0,0.0,3.324
2017-12-01 02:00:00-03:00,0.0,0.0,0.0,2.86
2017-12-01 03:00:00-03:00,0.0,0.0,0.0,2.471
2017-12-01 04:00:00-03:00,0.0,0.0,0.0,2.178
2017-12-01 05:00:00-03:00,0.002,0.008,0.002,2.036
2017-12-01 06:00:00-03:00,0.161,0.138,0.044,3.246
2017-12-01 07:00:00-03:00,0.361,0.30000000000000004,0.097,5.031
2017-12-01 08:00:00-03:00,0.503,0.424,0.14200000000000002,7.046
2017-12-01 09:00:00-03:00,0.552,0.441,0.19,8.617
2017-12-01 10:00:00-03:00,0.63,0.514,0.222,9.998
2017-12-01 11:00:00-03:00,0.681,0.561,0.248,11.189
2017-12-01 12:00:00-03:00,0.715,0.597,0.265,12.286
2017-12-01 13:00:00-03:00,0.752,0.665,0.256,13.382
2017-12-01 14:00:00-03:00,0.79,0.751,0.233,14.277
2017-12-01 15:00:00-03:00,0.746,0.679,0.242,14.632
2017-12-01 16:00:00-03:00,0.527,0.34600000000000003,0.271,14.084
2017-12-01 17:00:00-03:00,0.459,0.297,0.233,13.416
2017-12-01 18:00:00-03:00,0.46900000000000003,0.361,0.18,12.644
2017-12-01 19:00:00-03:00,0.358,0.276,0.13,11.543
2017-12-01 20:00:00-03:00,0.183,0.14100000000000001,0.07100000000000001,10.201
2017-12-01 21:00:00-03:00,0.084,0.092,0.013000000000000001,8.543
2017-12-01 22:00:00-03:00,0.0,0.0,0.0,7.146
2017-12-01 23:00:00-03:00,0.0,0.0,0.0,6.395
2017-12-02 00:00:00-03:00,0.0,0.0,0.0,6.103
2017-12-02 01:00:00-03:00,0.0,0.0,0.0,6.136
2017-12-02 02:00:00-03:00,0.0,0.0,0.0,6.203
2017-12-02 03:00:00-03:00,0.0,0.0,0.0,6.173
2017-12-02 04:00:00-03:00,0.0,0.0,0.0,6.105
2017-12-02 05:00:00-03:00,0.0,0.001,0.001,5.969
2017-12-02 06:00:00-03:00,0.032,0.019,0.028,5.741
2017-12-02 07:00:00-03:00,0.148,0.081,0.09,5.776
2017-12-02 08:00:00-03:00,0.578,0.53,0.127,6.782
2017-12-02 09:00:00-03:00,0.735,0.724,0.146,8.261
2017-12-02 10:00:00-03:00,0.801,0.805,0.168,9.652
2017-12-02 11:00:00-03:00,0.845,0.866,0.182,10.948
2017-12-02 12:00:00-03:00,0.857,0.89,0.183,12.044
2017-12-02 13:00:00-03:00,0.842,0.904,0.152,12.952
2017-12-02 14:00:00-03:00,0.862,0.909,0.184,13.686
2017-12-02 15:00:00-03:00,0.86,0.903,0.19,14.17
2017-12-02 16:00:00-03:00,0.841,0.887,0.177,14.342
2017-12-02 17:00:00-03:00,0.808,0.857,0.155,14.219
2017-12-02 18:00:00-03:00,0.757,0.803,0.128,13.714
2017-12-02 19:00:00-03:00,0.672,0.707,0.098,12.795
2017-12-02 20:00:00-03:00,0.51,0.523,0.064,11.131
2017-12-02 21:00:00-03:00,0.132,0.137,0.018000000000000002,7.475
2017-12-02 22:00:00-03:00,0.0,0.0,0.0,5.507
2017-12-02 23:00:00-03:00,0.0,0.0,0.0,4.86
2017-12-03 00:00:00-03:00,0.0,0.0,0.0,4.36
2017-12-03 01:00:00-03:00,0.0,0.0,0.0,3.886
2017-12-03 02:00:00-03:00,0.0,0.0,0.0,3.419
2017-12-03 03:00:00-03:00,0.0,0.0,0.0,3.019
2017-12-03 04:00:00-03:00,0.0,0.0,0.0,2.685
2017-12-03 05:00:00-03:00,0.005,0.012,0.003,2.439
2017-12-03 06:00:00-03:00,0.198,0.17200000000000001,0.048,3.304
2017-12-03 07:00:00-03:00,0.40900000000000003,0.35100000000000003,0.1,5.128
2017-12-03 08:00:00-03:00,0.41400000000000003,0.303,0.16,8.143
2017-12-03 09:00:00-03:00,0.281,0.11,0.20800000000000002,10.818
2017-12-03 10:00:00-03:00,0.337,0.126,0.259,13.225
2017-12-03 11:00:00-03:00,0.503,0.28300000000000003,0.308,15.766
2017-12-03 12:00:00-03:00,0.5680000000000001,0.341,0.342,17.676
2017-12-03 13:00:00-03:00,0.595,0.317,0.40700000000000003,18.675
2017-12-03 14:00:00-03:00,0.557,0.311,0.362,18.908
2017-12-03 15:00:00-03:00,0.641,0.498,0.292,19.054
2017-12-03 16:00:00-03:00,0.625,0.507,0.26,18.787
2017-12-03 17:00:00-03:00,0.494,0.34700000000000003,0.24,17.896
2017-12-03 18:00:00-03:00,0.263,0.12,0.186,16.468
2017-12-03 19:00:00-03:00,0.08,0.019,0.084,14.736
2017-12-03 20:00:00-03:00,0.026000000000000002,0.008,0.034,13.227
2017-12-03 21:00:00-03:00,0.025,0.028,0.013000000000000001,11.975
2017-12-03 22:00:00-03:00,0.0,0.0,0.0,10.515
2017-12-03 23:00:00-03:00,0.0,0.0,0.0,9.488
2017-12-04 00:00:00-03:00,0.0,0.0,0.0,9.073
2017-12-04 01:00:00-03:00,0.0,0.0,0.0,8.997
2017-12-04 02:00:00-03:00,0.0,0.0,0.0,8.785
2017-12-04 03:00:00-03:00,0.0,0.0,0.0,8.539
2017-12-04 04:00:00-03:00,0.0,0.0,0.0,7.9879999999999995
2017-12-04 05:00:00-03:00,0.001,0.006,0.002,7.548
2017-12-04 06:00:00-03:00,0.065,0.043000000000000003,0.041,8.435
2017-12-04 07:00:00-03:00,0.091,0.031,0.081,9.549
2017-12-04 08:00:00-03:00,0.124,0.028,0.12,10.304
2017-12-04 09:00:00-03:00,0.289,0.114,0.214,11.161
2017-12-04 10:00:00-03:00,0.334,0.116,0.262,11.418
2017-12-04 11:00:00-03:00,0.643,0.47900000000000004,0.28200000000000003,12.138
2017-12-04 12:00:00-03:00,0.68,0.505,0.31,12.517
2017-12-04 13:00:00-03:00,0.578,0.243,0.433,12.261
2017-12-04 14:00:00-03:00,0.516,0.216,0.38,12.163
2017-12-04 15:00:00-03:00,0.548,0.308,0.33,12.326
2017-12-04 16:00:00-03:00,0.5,0.28200000000000003,0.295,12.129
2017-12-04 17:00:00-03:00,0.458,0.274,0.25,11.691
2017-12-04 18:00:00-03:00,0.388,0.242,0.198,11.048
2017-12-04 19:00:00-03:00,0.234,0.13,0.136,10.204
2017-12-04 20:00:00-03:00,0.129,0.082,0.07200000000000001,9.303
2017-12-04 21:00:00-03:00,0.012,0.014,0.011,8.437
2017-12-04 22:00:00-03:00,0.0,0.0,0.0,7.869
2017-12-04 23:00:00-03:00,0.0,0.0,0.0,7.633
2017-12-05 00:00:00-03:00,0.0,0.0,0.0,7.509
2017-12-05 01:00:00-03:00,0.0,0.0,0.0,7.398
2017-12-05 02:00:00-03:00,0.0,0.0,0.0,7.31
2017-12-05 03:00:00-03:00,0.0,0.0,0.0,7.182
2017-12-05 04:00:00-03:00,0.0,0.0,0.0,7.091
2017-12-05 05:00:00-03:00,0.0,0.002,0.002,7.111
2017-12-05 06:00:00-03:00,0.027,0.012,0.03,7.599
2017-12-05 07:00:00-03:00,0.10200000000000001,0.036000000000000004,0.088,8.656
2017-12-05 08:00:00-03:00,0.211,0.082,0.16,10.08
2017-12-05 09:00:00-03:00,0.30000000000000004,0.11800000000000001,0.223,11.637
2017-12-05 10:00:00-03:00,0.341,0.117,0.273,12.97
2017-12-05 11:00:00-03:00,0.368,0.108,0.315,13.938
2017-12-05 12:00:00-03:00,0.358,0.07100000000000001,0.341,14.475
2017-12-05 13:00:00-03:00,0.34800000000000003,0.037,0.363,14.467
2017-12-05 14:00:00-03:00,0.313,0.042,0.318,14.307
2017-12-05 15:00:00-03:00,0.291,0.048,0.28600000000000003,13.992
2017-12-05 16:00:00-03:00,0.303,0.073,0.274,13.526
2017-12-05 17:00:00-03:00,0.34,0.135,0.253,13.088
2017-12-05 18:00:00-03:00,0.34500000000000003,0.188,0.20500000000000002,12.412
2017-12-05 19:00:00-03:00,0.329,0.227,0.146,11.438
2017-12-05 20:00:00-03:00,0.203,0.151,0.082,10.087
2017-12-05 21:00:00-03:00,0.069,0.07100000000000001,0.018000000000000002,8.396
2017-12-05 22:00:00-03:00,0.0,0.0,0.0,7.029
2017-12-05 23:00:00-03:00,0.0,0.0,0.0,6.352
2017-12-06 00:00:00-03:00,0.0,0.0,0.0,5.666
2017-12-06 01:00:00-03:00,0.0,0.0,0.0,4.788
2017-12-06 02:00:00-03:00,0.0,0.0,0.0,3.9290000000000003
2017-12-06 03:00:00-03:00,0.0,0.0,0.0,3.363
2017-12-06 04:00:00-03:00,0.0,0.0,0.0,2.844
2017-12-06 05:00:00-03:00,0.003,0.008,0.003,2.4859999999999998
2017-12-06 06:00:00-03:00,0.156,0.127,0.05,2.952
2017-12-06 07:00:00-03:00,0.34900000000000003,0.275,0.107,4.344
2017-12-06 08:00:00-03:00,0.365,0.23500000000000001,0.167,5.606
2017-12-06 09:00:00-03:00,0.445,0.276,0.22,6.7379999999999995
2017-12-06 10:00:00-03:00,0.545,0.358,0.261,7.904
2017-12-06 11:00:00-03:00,0.625,0.436,0.29,9.173
2017-12-06 12:00:00-03:00,0.686,0.503,0.309,10.263
2017-12-06 13:00:00-03:00,0.7000000000000001,0.481,0.353,10.826
2017-12-06 14:00:00-03:00,0.627,0.382,0.354,10.942
2017-12-06 15:00:00-03:00,0.524,0.269,0.334,10.889
2017-12-06 16:00:00-03:00,0.425,0.187,0.295,10.619
2017-12-06 17:00:00-03:00,0.256,0.07,0.22,9.843
2017-12-06 18:00:00-03:00,0.214,0.07,0.17400000000000002,9.302
2017-12-06 19:00:00-03:00,0.07,0.013000000000000001,0.076,8.291
2017-12-06 20:00:00-03:00,0.022,0.006,0.03,7.218
2017-12-06 21:00:00-03:00,0.002,0.003,0.005,5.886
2017-12-06 22:00:00-03:00,0.0,0.0,0.0,4.807
2017-12-06 23:00:00-03:00,0.0,0.0,0.0,4.123
2017-12-07 00:00:00-03:00,0.0,0.0,0.0,3.615
2017-12-07 01:00:00-03:00,0.0,0.0,0.0,3.163
2017-12-07 02:00:00-03:00,0.0,0.0,0.0,2.797
2017-12-07 03:00:00-03:00,0.0,0.0,0.0,2.451
2017-12-07 04:00:00-03:00,0.0,0.0,0.0,2.209
2017-12-07 05:00:00-03:00,0.0,0.001,0.001,2.213
2017-12-07 06:00:00-03:00,0.016,0.006,0.023,2.681
2017-12-07 07:00:00-03:00,0.051000000000000004,0.011,0.058,4.133
2017-12-07 08:00:00-03:00,0.07100000000000001,0.009000000000000001,0.082,6.044
2017-12-07 09:00:00-03:00,0.114,0.013000000000000001,0.124,8.334
2017-12-07 10:00:00-03:00,0.221,0.038,0.213,9.85
2017-12-07 11:00:00-03:00,0.401,0.139,0.316,10.747
2017-12-07 12:00:00-03:00,0.585,0.327,0.356,11.438
2017-12-07 13:00:00-03:00,0.686,0.447,0.373,11.925
2017-12-07 14:00:00-03:00,0.769,0.665,0.278,12.597
2017-12-07 15:00:00-03:00,0.791,0.728,0.249,12.825
2017-12-07 16:00:00-03:00,0.743,0.667,0.23700000000000002,12.457
2017-12-07 17:00:00-03:00,0.707,0.642,0.20600000000000002,11.765
2017-12-07 18:00:00-03:00,0.651,0.599,0.169,10.992
2017-12-07 19:00:00-03:00,0.46900000000000003,0.396,0.136,9.961
2017-12-07 20:00:00-03:00,0.096,0.051000000000000004,0.067,8.606
2017-12-07 21:00:00-03:00,0.008,0.008,0.01,7.475
2017-12-07 22:00:00-03:00,0.0,0.0,0.0,6.644
2017-12-07 23:00:00-03:00,0.0,0.0,0.0,6.003
2017-12-08 00:00:00-03:00,0.0,0.0,0.0,5.408
2017-12-08 01:00:00-03:00,0.0,0.0,0.0,4.67
2017-12-08 02:00:00-03:00,0.0,0.0,0.0,3.8280000000000003
2017-12-08 03:00:00-03:00,0.0,0.0,0.0,3.372
2017-12-08 04:00:00-03:00,0.0,0.0,0.0,3.345
2017-12-08 05:00:00-03:00,0.0,0.003,0.003,3.431
2017-12-08 06:00:00-03:00,0.035,0.015,0.036000000000000004,4.06
2017-12-08 07:00:00-03:00,0.079,0.019,0.08,5.218
2017-12-08 08:00:00-03:00,0.113,0.017,0.117,6.23
2017-12-08 09:00:00-03:00,0.158,0.02,0.162,7.113
2017-12-08 10:00:00-03:00,0.231,0.033,0.227,8.406
2017-12-08 11:00:00-03:00,0.28,0.04,0.276,9.709
2017-12-08 12:00:00-03:00,0.301,0.033,0.306,10.286
2017-12-08 13:00:00-03:00,0.312,0.021,0.331,10.215
2017-12-08 14:00:00-03:00,0.241,0.015,0.258,10.027
2017-12-08 15:00:00-03:00,0.258,0.027,0.265,10.26
2017-12-08 16:00:00-03:00,0.196,0.018000000000000002,0.20700000000000002,10.018
2017-12-08 17:00:00-03:00,0.11900000000000001,0.009000000000000001,0.134,9.308
2017-12-08 18:00:00-03:00,0.115,0.013000000000000001,0.124,8.898
2017-12-08 19:00:00-03:00,0.098,0.02,0.1,8.49
2017-12-08 20:00:00-03:00,0.08600000000000001,0.038,0.069,7.917
2017-12-08 21:00:00-03:00,0.097,0.098,0.02,6.853
2017-12-08 22:00:00-03:00,0.0,0.0,0.0,5.588
2017-12-08 23:00:00-03:00,0.0,0.0,0.0,4.6690000000000005
2017-12-09 00:00:00-03:00,0.0,0.0,0.0,4.175
2017-12-09 01:00:00-03:00,0.0,0.0,0.0,3.998
2017-12-09 02:00:00-03:00,0.0,0.0,0.0,3.902
2017-12-09 03:00:00-03:00,0.0,0.0,0.0,3.7560000000000002
2017-12-09 04:00:00-03:00,0.0,0.0,0.0,3.705
2017-12-09 05:00:00-03:00,0.001,0.004,0.003,3.648
2017-12-09 06:00:00-03:00,0.056,0.031,0.043000000000000003,3.9779999999999998
2017-12-09 07:00:00-03:00,0.098,0.031,0.08700000000000001,4.752
2017-12-09 08:00:00-03:00,0.152,0.037,0.138,5.573
2017-12-09 09:00:00-03:00,0.187,0.034,0.178,6.229
2017-12-09 10:00:00-03:00,0.22,0.032,0.215,6.665
2017-12-09 11:00:00-03:00,0.258,0.034,0.254,7.18
2017-12-09 12:00:00-03:00,0.28,0.029,0.28300000000000003,7.503
2017-12-09 13:00:00-03:00,0.313,0.023,0.325,7.661
2017-12-09 14:00:00-03:00,0.278,0.025,0.28600000000000003,8.037
2017-12-09 15:00:00-03:00,0.25,0.028,0.254,8.623
2017-12-09 16:00:00-03:00,0.319,0.077,0.28200000000000003,9.559
2017-12-09 17:00:00-03:00,0.453,0.25,0.265,10.326
2017-12-09 18:00:00-03:00,0.41200000000000003,0.256,0.21,10.186
2017-12-09 19:00:00-03:00,0.362,0.257,0.149,9.658
2017-12-09 20:00:00-03:00,0.217,0.16,0.08600000000000001,8.702
2017-12-09 21:00:00-03:00,0.091,0.09,0.021,6.352
2017-12-09 22:00:00-03:00,0.0,0.0,0.0,4.8
2017-12-09 23:00:00-03:00,0.0,0.0,0.0,4.747
2017-12-10 00:00:00-03:00,0.0,0.0,0.0,4.693
2017-12-10 01:00:00-03:00,0.0,0.0,0.0,4.588
2017-12-10 02:00:00-03:00,0.0,0.0,0.0,4.265
2017-12-10 03:00:00-03:00,0.0,0.0,0.0,3.2640000000000002
2017-12-10 04:00:00-03:00,0.0,0.0,0.0,2.412
2017-12-10 05:00:00-03:00,0.008,0.014,0.004,2.385
2017-12-10 06:00:00-03:00,0.08700000000000001,0.058,0.049,4.284
2017-12-10 07:00:00-03:00,0.135,0.058,0.1,6.121
2017-12-10 08:00:00-03:00,0.155,0.04,0.139,7.861
2017-12-10 09:00:00-03:00,0.187,0.036000000000000004,0.178,9.014
2017-12-10 10:00:00-03:00,0.145,0.013000000000000001,0.158,9.733
2017-12-10 11:00:00-03:00,0.156,0.011,0.17200000000000001,10.596
2017-12-10 12:00:00-03:00,0.243,0.022,0.256,12.043
2017-12-10 13:00:00-03:00,0.34800000000000003,0.037,0.361,13.461
2017-12-10 14:00:00-03:00,0.401,0.089,0.374,14.559
2017-12-10 15:00:00-03:00,0.524,0.27,0.34800000000000003,15.676
2017-12-10 16:00:00-03:00,0.647,0.514,0.273,16.375
2017-12-10 17:00:00-03:00,0.597,0.47800000000000004,0.23700000000000002,15.874
2017-12-10 18:00:00-03:00,0.501,0.389,0.198,14.686
2017-12-10 19:00:00-03:00,0.257,0.15,0.145,13.077
2017-12-10 20:00:00-03:00,0.096,0.049,0.07,11.514
2017-12-10 21:00:00-03:00,0.022,0.023,0.013000000000000001,10.4
2017-12-10 22:00:00-03:00,0.0,0.0,0.0,9.632
2017-12-10 23:00:00-03:00,0.0,0.0,0.0,8.649000000000001
2017-12-11 00:00:00-03:00,0.0,0.0,0.0,7.436
2017-12-11 01:00:00-03:00,0.0,0.0,0.0,6.756
2017-12-11 02:00:00-03:00,0.0,0.0,0.0,6.467
2017-12-11 03:00:00-03:00,0.0,0.0,0.0,6.282
2017-12-11 04:00:00-03:00,0.0,0.0,0.0,6.274
2017-12-11 05:00:00-03:00,0.001,0.004,0.003,6.431
2017-12-11 06:00:00-03:00,0.068,0.042,0.045,6.986
2017-12-11 07:00:00-03:00,0.216,0.132,0.112,8.284
2017-12-11 08:00:00-03:00,0.382,0.258,0.17300000000000001,9.788
2017-12-11 09:00:00-03:00,0.606,0.509,0.201,11.31
2017-12-11 10:00:00-03:00,0.635,0.507,0.246,12.442
2017-12-11 11:00:00-03:00,0.605,0.41200000000000003,0.303,13.143
2017-12-11 12:00:00-03:00,0.533,0.249,0.372,13.054
2017-12-11 13:00:00-03:00,0.395,0.057,0.393,12.148
2017-12-11 14:00:00-03:00,0.202,0.013000000000000001,0.219,10.852
2017-12-11 15:00:00-03:00,0.169,0.012,0.184,9.682
2017-12-11 16:00:00-03:00,0.258,0.046,0.246,9.432
2017-12-11 17:00:00-03:00,0.28800000000000003,0.08700000000000001,0.23700000000000002,9.696
2017-12-11 18:00:00-03:00,0.319,0.156,0.202,9.676
2017-12-11 19:00:00-03:00,0.343,0.23800000000000002,0.147,8.92
2017-12-11 20:00:00-03:00,0.274,0.221,0.08600000000000001,7.809
2017-12-11 21:00:00-03:00,0.134,0.138,0.019,6.508
2017-12-11 22:00:00-03:00,0.0,0.0,0.0,5.366
2017-12-11 23:00:00-03:00,0.0,0.0,0.0,4.716
2017-12-12 00:00:00-03:00,0.0,0.0,0.0,4.464
2017-12-12 01:00:00-03:00,0.0,0.0,0.0,4.633
2017-12-12 02:00:00-03:00,0.0,0.0,0.0,4.82
2017-12-12 03:00:00-03:00,0.0,0.0,0.0,4.683
2017-12-12 04:00:00-03:00,0.0,0.0,0.0,4.409
2017-12-12 05:00:00-03:00,0.004,0.009000000000000001,0.003,4.17
2017-12-12 06:00:00-03:00,0.11900000000000001,0.091,0.048,4.642
2017-12-12 07:00:00-03:00,0.259,0.182,0.105,5.842
2017-12-12 08:00:00-03:00,0.626,0.593,0.128,7.449
2017-12-12 09:00:00-03:00,0.736,0.725,0.152,9.152
2017-12-12 10:00:00-03:00,0.797,0.799,0.17400000000000002,10.76
2017-12-12 11:00:00-03:00,0.783,0.754,0.20700000000000002,12.133
2017-12-12 12:00:00-03:00,0.737,0.649,0.249,13.143
2017-12-12 13:00:00-03:00,0.736,0.641,0.261,14.007
2017-12-12 14:00:00-03:00,0.782,0.748,0.227,14.815
2017-12-12 15:00:00-03:00,0.771,0.735,0.225,15.157
2017-12-12 16:00:00-03:00,0.725,0.674,0.216,14.979
2017-12-12 17:00:00-03:00,0.668,0.613,0.194,14.463
2017-12-12 18:00:00-03:00,0.62,0.58,0.158,13.674
2017-12-12 19:00:00-03:00,0.547,0.52,0.11800000000000001,12.592
2017-12-12 20:00:00-03:00,0.324,0.289,0.078,11.108
2017-12-12 21:00:00-03:00,0.096,0.098,0.02,9.371
2017-12-12 22:00:00-03:00,0.0,0.0,0.0,7.89
2017-12-12 23:00:00-03:00,0.0,0.0,0.0,7.186
2017-12-13 00:00:00-03:00,0.0,0.0,0.0,6.855
2017-12-13 01:00:00-03:00,0.0,0.0,0.0,6.594
2017-12-13 02:00:00-03:00,0.0,0.0,0.0,6.329
2017-12-13 03:00:00-03:00,0.0,0.0,0.0,6.024
2017-12-13 04:00:00-03:00,0.0,0.0,0.0,5.628
2017-12-13 05:00:00-03:00,0.005,0.01,0.004,5.272
2017-12-13 06:00:00-03:00,0.113,0.082,0.052000000000000005,5.892
2017-12-13 07:00:00-03:00,0.309,0.229,0.115,7.499
2017-12-13 08:00:00-03:00,0.586,0.527,0.149,9.401
2017-12-13 09:00:00-03:00,0.63,0.544,0.196,11.131
2017-12-13 10:00:00-03:00,0.624,0.488,0.25,12.615
2017-12-13 11:00:00-03:00,0.28200000000000003,0.05,0.271,12.157
2017-12-13 12:00:00-03:00,0.178,0.011,0.196,10.856
2017-12-13 13:00:00-03:00,0.29,0.022,0.306,11.064
2017-12-13 14:00:00-03:00,0.458,0.137,0.391,13.087
2017-12-13 15:00:00-03:00,0.333,0.07200000000000001,0.311,14.418
2017-12-13 16:00:00-03:00,0.272,0.056,0.258,14.528
2017-12-13 17:00:00-03:00,0.356,0.153,0.256,14.001
2017-12-13 18:00:00-03:00,0.197,0.056,0.17300000000000001,12.891
2017-12-13 19:00:00-03:00,0.20500000000000002,0.099,0.138,11.828
2017-12-13 20:00:00-03:00,0.265,0.213,0.08600000000000001,10.532
2017-12-13 21:00:00-03:00,0.092,0.091,0.023,8.817
2017-12-13 22:00:00-03:00,0.0,0.0,0.0,7.358
2017-12-13 23:00:00-03:00,0.0,0.0,0.0,6.485
2017-12-14 00:00:00-03:00,0.0,0.0,0.0,5.998
2017-12-14 01:00:00-03:00,0.0,0.0,0.0,5.799
2017-12-14 02:00:00-03:00,0.0,0.0,0.0,5.651
2017-12-14 03:00:00-03:00,0.0,0.0,0.0,5.427
2017-12-14 04:00:00-03:00,0.0,0.0,0.0,5.141
2017-12-14 05:00:00-03:00,0.008,0.014,0.005,4.862
2017-12-14 06:00:00-03:00,0.11900000000000001,0.08600000000000001,0.054,5.147
2017-12-14 07:00:00-03:00,0.187,0.098,0.113,5.839
2017-12-14 08:00:00-03:00,0.23700000000000002,0.095,0.169,6.517
2017-12-14 09:00:00-03:00,0.30000000000000004,0.107,0.227,7.258
2017-12-14 10:00:00-03:00,0.305,0.078,0.263,7.786
2017-12-14 11:00:00-03:00,0.326,0.067,0.297,8.249
2017-12-14 12:00:00-03:00,0.34,0.053,0.328,8.436
2017-12-14 13:00:00-03:00,0.388,0.047,0.388,8.434
2017-12-14 14:00:00-03:00,0.365,0.056,0.353,8.72
2017-12-14 15:00:00-03:00,0.339,0.065,0.315,9.082
2017-12-14 16:00:00-03:00,0.315,0.07200000000000001,0.281,8.981
2017-12-14 17:00:00-03:00,0.252,0.057,0.227,8.462
2017-12-14 18:00:00-03:00,0.18,0.04,0.166,7.976
2017-12-14 19:00:00-03:00,0.124,0.033,0.113,7.522
2017-12-14 20:00:00-03:00,0.056,0.019,0.056,6.798
2017-12-14 21:00:00-03:00,0.009000000000000001,0.007,0.013000000000000001,6.011
2017-12-14 22:00:00-03:00,0.0,0.0,0.0,5.415
2017-12-14 23:00:00-03:00,0.0,0.0,0.0,5.032
2017-12-15 00:00:00-03:00,0.0,0.0,0.0,4.7010000000000005
2017-12-15 01:00:00-03:00,0.0,0.0,0.0,4.531
2017-12-15 02:00:00-03:00,0.0,0.0,0.0,4.481
2017-12-15 03:00:00-03:00,0.0,0.0,0.0,4.443
2017-12-15 04:00:00-03:00,0.0,0.0,0.0,4.3629999999999995
2017-12-15 05:00:00-03:00,0.0,0.001,0.002,4.221
2017-12-15 06:00:00-03:00,0.023,0.007,0.03,4.386
2017-12-15 07:00:00-03:00,0.068,0.013000000000000001,0.074,5.03
2017-12-15 08:00:00-03:00,0.117,0.017,0.122,5.91
2017-12-15 09:00:00-03:00,0.161,0.019,0.166,6.768
2017-12-15 10:00:00-03:00,0.23800000000000002,0.033,0.23500000000000001,7.733
2017-12-15 11:00:00-03:00,0.281,0.036000000000000004,0.279,8.369
2017-12-15 12:00:00-03:00,0.20600000000000002,0.01,0.223,7.882
2017-12-15 13:00:00-03:00,0.23500000000000001,0.009000000000000001,0.256,7.457
2017-12-15 14:00:00-03:00,0.217,0.01,0.23500000000000001,7.58
2017-12-15 15:00:00-03:00,0.219,0.015,0.232,7.957
2017-12-15 16:00:00-03:00,0.201,0.017,0.212,8.025
2017-12-15 17:00:00-03:00,0.165,0.016,0.17400000000000002,7.766
2017-12-15 18:00:00-03:00,0.106,0.01,0.11800000000000001,7.051
2017-12-15 19:00:00-03:00,0.05,0.005,0.063,5.998
2017-12-15 20:00:00-03:00,0.02,0.003,0.03,4.759
2017-12-15 21:00:00-03:00,0.002,0.002,0.007,3.697
2017-12-15 22:00:00-03:00,0.0,0.0,0.0,2.973
2017-12-15 23:00:00-03:00,0.0,0.0,0.0,2.478
2017-12-16 00:00:00-03:00,0.0,0.0,0.0,2.39
2017-12-16 01:00:00-03:00,0.0,0.0,0.0,2.652
2017-12-16 02:00:00-03:00,0.0,0.0,0.0,2.716
2017-12-16 03:00:00-03:00,0.0,0.0,0.0,2.47
2017-12-16 04:00:00-03:00,0.0,0.0,0.0,2.221
2017-12-16 05:00:00-03:00,0.0,0.003,0.003,2.022
2017-12-16 06:00:00-03:00,0.045,0.022,0.04,2.15
2017-12-16 07:00:00-03:00,0.17500000000000002,0.08600000000000001,0.111,2.84
2017-12-16 08:00:00-03:00,0.303,0.154,0.178,3.943
2017-12-16 09:00:00-03:00,0.404,0.20800000000000002,0.23800000000000002,5.042
2017-12-16 10:00:00-03:00,0.372,0.129,0.28200000000000003,5.612
2017-12-16 11:00:00-03:00,0.462,0.18,0.335,6.464
2017-12-16 12:00:00-03:00,0.47000000000000003,0.146,0.381,7.069
2017-12-16 13:00:00-03:00,0.541,0.156,0.457,7.501
2017-12-16 14:00:00-03:00,0.5,0.157,0.40700000000000003,7.7780000000000005
2017-12-16 15:00:00-03:00,0.42,0.122,0.34700000000000003,7.667
2017-12-16 16:00:00-03:00,0.404,0.14200000000000002,0.309,7.643
2017-12-16 17:00:00-03:00,0.373,0.152,0.263,7.605
2017-12-16 18:00:00-03:00,0.251,0.08600000000000001,0.194,6.9879999999999995
2017-12-16 19:00:00-03:00,0.14400000000000002,0.045,0.122,6.016
2017-12-16 20:00:00-03:00,0.082,0.034,0.067,5.138
2017-12-16 21:00:00-03:00,0.04,0.035,0.022,4.091
2017-12-16 22:00:00-03:00,0.0,0.0,0.0,3.062
2017-12-16 23:00:00-03:00,0.0,0.0,0.0,2.48
2017-12-17 00:00:00-03:00,0.0,0.0,0.0,2.15
2017-12-17 01:00:00-03:00,0.0,0.0,0.0,2.133
2017-12-17 02:00:00-03:00,0.0,0.0,0.0,2.18
2017-12-17 03:00:00-03:00,0.0,0.0,0.0,2.265
2017-12-17 04:00:00-03:00,0.0,0.0,0.0,2.29
2017-12-17 05:00:00-03:00,0.002,0.005,0.004,2.477
2017-12-17 06:00:00-03:00,0.04,0.018000000000000002,0.039,3.304
2017-12-17 07:00:00-03:00,0.121,0.043000000000000003,0.099,4.633
2017-12-17 08:00:00-03:00,0.137,0.027,0.132,5.915
2017-12-17 09:00:00-03:00,0.12,0.011,0.131,6.61
2017-12-17 10:00:00-03:00,0.14,0.01,0.154,7.353
2017-12-17 11:00:00-03:00,0.20500000000000002,0.017,0.216,8.575
2017-12-17 12:00:00-03:00,0.26,0.022,0.271,9.859
2017-12-17 13:00:00-03:00,0.34,0.029,0.355,10.773
2017-12-17 14:00:00-03:00,0.304,0.029,0.314,11.105
2017-12-17 15:00:00-03:00,0.354,0.07200000000000001,0.331,11.78
2017-12-17 16:00:00-03:00,0.404,0.14300000000000002,0.318,12.184
2017-12-17 17:00:00-03:00,0.311,0.096,0.257,11.756
2017-12-17 18:00:00-03:00,0.24,0.077,0.197,11.174
2017-12-17 19:00:00-03:00,0.23800000000000002,0.12,0.151,10.287
2017-12-17 20:00:00-03:00,0.125,0.067,0.081,8.92
2017-12-17 21:00:00-03:00,0.047,0.043000000000000003,0.021,7.401
2017-12-17 22:00:00-03:00,0.0,0.0,0.0,6.243
2017-12-17 23:00:00-03:00,0.0,0.0,0.0,5.63
2017-12-18 00:00:00-03:00,0.0,0.0,0.0,5.299
2017-12-18 01:00:00-03:00,0.0,0.0,0.0,5.221
2017-12-18 02:00:00-03:00,0.0,0.0,0.0,5.199
2017-12-18 03:00:00-03:00,0.0,0.0,0.0,4.982
2017-12-18 04:00:00-03:00,0.0,0.0,0.0,4.675
2017-12-18 05:00:00-03:00,0.006,0.011,0.004,4.476
2017-12-18 06:00:00-03:00,0.135,0.10400000000000001,0.053,4.865
2017-12-18 07:00:00-03:00,0.321,0.242,0.112,5.8260000000000005
2017-12-18 08:00:00-03:00,0.504,0.40900000000000003,0.158,6.897
2017-12-18 09:00:00-03:00,0.615,0.514,0.195,8.155
2017-12-18 10:00:00-03:00,0.644,0.513,0.23800000000000002,9.187
2017-12-18 11:00:00-03:00,0.661,0.501,0.276,10.083
2017-12-18 12:00:00-03:00,0.733,0.603,0.279,11.094
2017-12-18 13:00:00-03:00,0.742,0.6000000000000001,0.298,11.75
2017-12-18 14:00:00-03:00,0.709,0.545,0.308,11.997
2017-12-18 15:00:00-03:00,0.7000000000000001,0.561,0.28,12.239
2017-12-18 16:00:00-03:00,0.612,0.449,0.271,12.13
2017-12-18 17:00:00-03:00,0.578,0.444,0.231,11.955
2017-12-18 18:00:00-03:00,0.374,0.225,0.2,11.386
2017-12-18 19:00:00-03:00,0.146,0.053,0.11900000000000001,10.419
2017-12-18 20:00:00-03:00,0.043000000000000003,0.014,0.047,9.301
2017-12-18 21:00:00-03:00,0.012,0.01,0.014,8.183
2017-12-18 22:00:00-03:00,0.0,0.0,0.0,7.171
2017-12-18 23:00:00-03:00,0.0,0.0,0.0,6.709
2017-12-19 00:00:00-03:00,0.0,0.0,0.0,6.372
2017-12-19 01:00:00-03:00,0.0,0.0,0.0,6.035
2017-12-19 02:00:00-03:00,0.0,0.0,0.0,5.711
2017-12-19 03:00:00-03:00,0.0,0.0,0.0,5.391
2017-12-19 04:00:00-03:00,0.0,0.0,0.0,5.216
2017-12-19 05:00:00-03:00,0.0,0.002,0.002,5.003
2017-12-19 06:00:00-03:00,0.023,0.008,0.029,5.647
2017-12-19 07:00:00-03:00,0.074,0.018000000000000002,0.076,6.885
2017-12-19 08:00:00-03:00,0.221,0.084,0.167,9.116
2017-12-19 09:00:00-03:00,0.405,0.221,0.23900000000000002,11.714
2017-12-19 10:00:00-03:00,0.29,0.07200000000000001,0.26,13.073
2017-12-19 11:00:00-03:00,0.324,0.07100000000000001,0.302,14.623
2017-12-19 12:00:00-03:00,0.34500000000000003,0.061,0.339,16.033
2017-12-19 13:00:00-03:00,0.426,0.075,0.425,17.286
2017-12-19 14:00:00-03:00,0.437,0.115,0.402,18.537
2017-12-19 15:00:00-03:00,0.454,0.179,0.36,19.138
2017-12-19 16:00:00-03:00,0.487,0.266,0.315,18.93
2017-12-19 17:00:00-03:00,0.41500000000000004,0.219,0.269,18.055
2017-12-19 18:00:00-03:00,0.302,0.14200000000000002,0.209,16.804
2017-12-19 19:00:00-03:00,0.193,0.08600000000000001,0.14100000000000001,15.455
2017-12-19 20:00:00-03:00,0.089,0.041,0.07200000000000001,13.852
2017-12-19 21:00:00-03:00,0.044,0.04,0.022,11.351
2017-12-19 22:00:00-03:00,0.0,0.0,0.0,9.332
2017-12-19 23:00:00-03:00,0.0,0.0,0.0,9.463
2017-12-20 00:00:00-03:00,0.0,0.0,0.0,9.696
2017-12-20 01:00:00-03:00,0.0,0.0,0.0,9.296
2017-12-20 02:00:00-03:00,0.0,0.0,0.0,9.273
2017-12-20 03:00:00-03:00,0.0,0.0,0.0,9.591
2017-12-20 04:00:00-03:00,0.0,0.0,0.0,9.779
2017-12-20 05:00:00-03:00,0.004,0.008,0.004,9.094
2017-12-20 06:00:00-03:00,0.109,0.079,0.054,10.129
2017-12-20 07:00:00-03:00,0.18,0.097,0.112,11.157
2017-12-20 08:00:00-03:00,0.459,0.356,0.171,12.231
2017-12-20 09:00:00-03:00,0.46900000000000003,0.307,0.231,12.019
2017-12-20 10:00:00-03:00,0.47100000000000003,0.252,0.28600000000000003,10.739
2017-12-20 11:00:00-03:00,0.483,0.219,0.332,10.277
2017-12-20 12:00:00-03:00,0.45,0.137,0.374,10.212
2017-12-20 13:00:00-03:00,0.47600000000000003,0.105,0.437,10.017
2017-12-20 14:00:00-03:00,0.448,0.113,0.394,9.945
2017-12-20 15:00:00-03:00,0.464,0.17400000000000002,0.353,10.03
2017-12-20 16:00:00-03:00,0.423,0.169,0.31,9.997
2017-12-20 17:00:00-03:00,0.28300000000000003,0.08,0.23900000000000002,9.736
2017-12-20 18:00:00-03:00,0.192,0.048,0.17200000000000001,9.282
2017-12-20 19:00:00-03:00,0.12,0.032,0.111,8.503
2017-12-20 20:00:00-03:00,0.044,0.013000000000000001,0.049,7.432
2017-12-20 21:00:00-03:00,0.005,0.004,0.01,6.299
2017-12-20 22:00:00-03:00,0.0,0.0,0.0,5.586
2017-12-20 23:00:00-03:00,0.0,0.0,0.0,5.092
2017-12-21 00:00:00-03:00,0.0,0.0,0.0,4.633
2017-12-21 01:00:00-03:00,0.0,0.0,0.0,4.259
2017-12-21 02:00:00-03:00,0.0,0.0,0.0,4.051
2017-12-21 03:00:00-03:00,0.0,0.0,0.0,4.042
2017-12-21 04:00:00-03:00,0.0,0.0,0.0,3.944
2017-12-21 05:00:00-03:00,0.003,0.007,0.004,3.829
2017-12-21 06:00:00-03:00,0.085,0.055,0.049,4.24
2017-12-21 07:00:00-03:00,0.24,0.152,0.115,5.286
2017-12-21 08:00:00-03:00,0.375,0.242,0.17400000000000002,6.469
2017-12-21 09:00:00-03:00,0.428,0.249,0.229,7.33
2017-12-21 10:00:00-03:00,0.541,0.34500000000000003,0.271,8.201
2017-12-21 11:00:00-03:00,0.6000000000000001,0.387,0.306,9.053
2017-12-21 12:00:00-03:00,0.656,0.438,0.332,10.054
2017-12-21 13:00:00-03:00,0.658,0.382,0.395,10.721
2017-12-21 14:00:00-03:00,0.612,0.338,0.377,10.897
2017-12-21 15:00:00-03:00,0.562,0.312,0.338,10.857
2017-12-21 16:00:00-03:00,0.516,0.291,0.301,10.547
2017-12-21 17:00:00-03:00,0.47100000000000003,0.279,0.256,10.055
2017-12-21 18:00:00-03:00,0.358,0.198,0.20500000000000002,9.323
2017-12-21 19:00:00-03:00,0.246,0.134,0.14300000000000002,8.435
2017-12-21 20:00:00-03:00,0.114,0.061,0.075,7.264
2017-12-21 21:00:00-03:00,0.015,0.012,0.016,5.9350000000000005
2017-12-21 22:00:00-03:00,0.0,0.0,0.0,5.002
2017-12-21 23:00:00-03:00,0.0,0.0,0.0,4.546
2017-12-22 00:00:00-03:00,0.0,0.0,0.0,4.152
2017-12-22 01:00:00-03:00,0.0,0.0,0.0,3.723
2017-12-22 02:00:00-03:00,0.0,0.0,0.0,3.271
2017-12-22 03:00:00-03:00,0.0,0.0,0.0,2.8689999999999998
2017-12-22 04:00:00-03:00,0.0,0.0,0.0,2.594
2017-12-22 05:00:00-03:00,0.002,0.006,0.004,2.439
2017-12-22 06:00:00-03:00,0.085,0.054,0.05,2.781
2017-12-22 07:00:00-03:00,0.20500000000000002,0.113,0.114,3.5869999999999997
2017-12-22 08:00:00-03:00,0.343,0.197,0.179,4.529
2017-12-22 09:00:00-03:00,0.47900000000000004,0.30000000000000004,0.232,5.569
2017-12-22 10:00:00-03:00,0.506,0.28300000000000003,0.28400000000000003,6.502
2017-12-22 11:00:00-03:00,0.489,0.216,0.333,7.072
2017-12-22 12:00:00-03:00,0.41400000000000003,0.1,0.361,7.421
2017-12-22 13:00:00-03:00,0.521,0.14300000000000002,0.448,8.342
2017-12-22 14:00:00-03:00,0.498,0.158,0.40700000000000003,9.008
2017-12-22 15:00:00-03:00,0.452,0.158,0.353,9.259
2017-12-22 16:00:00-03:00,0.41200000000000003,0.155,0.309,9.223
2017-12-22 17:00:00-03:00,0.271,0.07,0.234,8.71
2017-12-22 18:00:00-03:00,0.212,0.06,0.181,8.392
2017-12-22 19:00:00-03:00,0.191,0.08,0.137,8.091
2017-12-22 20:00:00-03:00,0.098,0.047,0.073,7.166
2017-12-22 21:00:00-03:00,0.023,0.019,0.019,5.911
2017-12-22 22:00:00-03:00,0.0,0.0,0.0,4.842
2017-12-22 23:00:00-03:00,0.0,0.0,0.0,4.254
2017-12-23 00:00:00-03:00,0.0,0.0,0.0,3.959
2017-12-23 01:00:00-03:00,0.0,0.0,0.0,3.8890000000000002
2017-12-23 02:00:00-03:00,0.0,0.0,0.0,3.765
2017-12-23 03:00:00-03:00,0.0,0.0,0.0,3.608
2017-12-23 04:00:00-03:00,0.0,0.0,0.0,3.4939999999999998
2017-12-23 05:00:00-03:00,0.0,0.001,0.002,3.403
2017-12-23 06:00:00-03:00,0.034,0.015,0.035,3.7039999999999997
2017-12-23 07:00:00-03:00,0.08600000000000001,0.024,0.082,4.585
2017-12-23 08:00:00-03:00,0.162,0.041,0.14400000000000002,5.767
2017-12-23 09:00:00-03:00,0.26,0.075,0.215,7.074
2017-12-23 10:00:00-03:00,0.23500000000000001,0.038,0.226,7.859
2017-12-23 11:00:00-03:00,0.251,0.032,0.251,8.519
2017-12-23 12:00:00-03:00,0.361,0.065,0.341,9.766
2017-12-23 13:00:00-03:00,0.638,0.32,0.433,11.524000000000001
2017-12-23 14:00:00-03:00,0.705,0.502,0.34700000000000003,12.447
2017-12-23 15:00:00-03:00,0.656,0.456,0.325,12.617
2017-12-23 16:00:00-03:00,0.393,0.137,0.31,11.818
2017-12-23 17:00:00-03:00,0.229,0.045,0.217,10.763
2017-12-23 18:00:00-03:00,0.198,0.051000000000000004,0.177,10.39
2017-12-23 19:00:00-03:00,0.226,0.111,0.146,10.295
2017-12-23 20:00:00-03:00,0.164,0.10400000000000001,0.08600000000000001,9.694
2017-12-23 21:00:00-03:00,0.029,0.025,0.02,8.48
2017-12-23 22:00:00-03:00,0.0,0.0,0.0,7.461
2017-12-23 23:00:00-03:00,0.0,0.0,0.0,7.233
2017-12-24 00:00:00-03:00,0.0,0.0,0.0,7.437
2017-12-24 01:00:00-03:00,0.0,0.0,0.0,7.786
2017-12-24 02:00:00-03:00,0.0,0.0,0.0,8.138
2017-12-24 03:00:00-03:00,0.0,0.0,0.0,8.067
2017-12-24 04:00:00-03:00,0.0,0.0,0.0,7.924
2017-12-24 05:00:00-03:00,0.001,0.004,0.003,7.796
2017-12-24 06:00:00-03:00,0.084,0.055,0.049,7.973
2017-12-24 07:00:00-03:00,0.202,0.117,0.113,8.474
2017-12-24 08:00:00-03:00,0.201,0.07100000000000001,0.158,8.728
2017-12-24 09:00:00-03:00,0.384,0.198,0.234,9.373
2017-12-24 10:00:00-03:00,0.596,0.43,0.263,10.549
2017-12-24 11:00:00-03:00,0.617,0.418,0.306,11.522
2017-12-24 12:00:00-03:00,0.658,0.447,0.336,12.272
2017-12-24 13:00:00-03:00,0.681,0.436,0.382,12.784
2017-12-24 14:00:00-03:00,0.552,0.241,0.403,12.656
2017-12-24 15:00:00-03:00,0.384,0.10200000000000001,0.334,12.063
2017-12-24 16:00:00-03:00,0.302,0.069,0.274,11.553
2017-12-24 17:00:00-03:00,0.247,0.058,0.224,11.066
2017-12-24 18:00:00-03:00,0.266,0.105,0.197,10.728
2017-12-24 19:00:00-03:00,0.23800000000000002,0.125,0.145,10.173
2017-12-24 20:00:00-03:00,0.083,0.036000000000000004,0.068,9.156
2017-12-24 21:00:00-03:00,0.003,0.003,0.007,7.946
2017-12-24 22:00:00-03:00,0.0,0.0,0.0,7.022
2017-12-24 23:00:00-03:00,0.0,0.0,0.0,6.311
2017-12-25 00:00:00-03:00,0.0,0.0,0.0,5.511
2017-12-25 01:00:00-03:00,0.0,0.0,0.0,4.641
2017-12-25 02:00:00-03:00,0.0,0.0,0.0,3.94
2017-12-25 03:00:00-03:00,0.0,0.0,0.0,3.187
2017-12-25 04:00:00-03:00,0.0,0.0,0.0,2.51
2017-12-25 05:00:00-03:00,0.011,0.018000000000000002,0.005,2.06
2017-12-25 06:00:00-03:00,0.146,0.114,0.052000000000000005,2.951
2017-12-25 07:00:00-03:00,0.32,0.24,0.11,4.131
2017-12-25 08:00:00-03:00,0.528,0.438,0.153,5.317
2017-12-25 09:00:00-03:00,0.5720000000000001,0.449,0.2,6.59
2017-12-25 10:00:00-03:00,0.669,0.553,0.227,8.11
2017-12-25 11:00:00-03:00,0.751,0.663,0.23600000000000002,9.566
2017-12-25 12:00:00-03:00,0.783,0.71,0.243,10.69
2017-12-25 13:00:00-03:00,0.785,0.717,0.242,11.387
2017-12-25 14:00:00-03:00,0.806,0.763,0.23,11.821
2017-12-25 15:00:00-03:00,0.793,0.745,0.229,11.824
2017-12-25 16:00:00-03:00,0.758,0.7030000000000001,0.217,11.5
2017-12-25 17:00:00-03:00,0.71,0.657,0.192,10.984
2017-12-25 18:00:00-03:00,0.6000000000000001,0.528,0.169,10.062
2017-12-25 19:00:00-03:00,0.431,0.35000000000000003,0.135,8.797
2017-12-25 20:00:00-03:00,0.192,0.138,0.081,7.405
2017-12-25 21:00:00-03:00,0.053,0.047,0.024,5.884
2017-12-25 22:00:00-03:00,0.0,0.0,0.0,4.63
2017-12-25 23:00:00-03:00,0.0,0.0,0.0,3.999
2017-12-26 00:00:00-03:00,0.0,0.0,0.0,3.9210000000000003
2017-12-26 01:00:00-03:00,0.0,0.0,0.0,4.032
2017-12-26 02:00:00-03:00,0.0,0.0,0.0,3.903
2017-12-26 03:00:00-03:00,0.0,0.0,0.0,3.565
2017-12-26 04:00:00-03:00,0.0,0.0,0.0,3.366
2017-12-26 05:00:00-03:00,0.007,0.012,0.005,3.343
2017-12-26 06:00:00-03:00,0.129,0.093,0.056,4.148
2017-12-26 07:00:00-03:00,0.202,0.11,0.117,5.57
2017-12-26 08:00:00-03:00,0.309,0.161,0.183,7.124
2017-12-26 09:00:00-03:00,0.28200000000000003,0.09,0.225,8.215
2017-12-26 10:00:00-03:00,0.244,0.041,0.234,8.709
2017-12-26 11:00:00-03:00,0.19,0.015,0.203,8.52
2017-12-26 12:00:00-03:00,0.202,0.012,0.217,8.535
2017-12-26 13:00:00-03:00,0.272,0.016,0.29,9.1
2017-12-26 14:00:00-03:00,0.306,0.029,0.315,9.964
2017-12-26 15:00:00-03:00,0.338,0.061,0.32,10.837
2017-12-26 16:00:00-03:00,0.319,0.073,0.289,11.226
2017-12-26 17:00:00-03:00,0.222,0.04,0.214,11.004
2017-12-26 18:00:00-03:00,0.232,0.07200000000000001,0.193,11.062
2017-12-26 19:00:00-03:00,0.162,0.056,0.133,10.723
2017-12-26 20:00:00-03:00,0.038,0.009000000000000001,0.046,9.519
2017-12-26 21:00:00-03:00,0.002,0.002,0.007,8.065
2017-12-26 22:00:00-03:00,0.0,0.0,0.0,7.174
2017-12-26 23:00:00-03:00,0.0,0.0,0.0,6.774
2017-12-27 00:00:00-03:00,0.0,0.0,0.0,6.527
2017-12-27 01:00:00-03:00,0.0,0.0,0.0,6.318
2017-12-27 02:00:00-03:00,0.0,0.0,0.0,6.083
2017-12-27 03:00:00-03:00,0.0,0.0,0.0,5.881
2017-12-27 04:00:00-03:00,0.0,0.0,0.0,5.771
2017-12-27 05:00:00-03:00,0.0,0.001,0.001,5.74
2017-12-27 06:00:00-03:00,0.012,0.005,0.02,6.043
2017-12-27 07:00:00-03:00,0.10200000000000001,0.036000000000000004,0.088,7.118
2017-12-27 08:00:00-03:00,0.34700000000000003,0.214,0.17500000000000002,9.326
2017-12-27 09:00:00-03:00,0.58,0.468,0.209,11.829
2017-12-27 10:00:00-03:00,0.713,0.643,0.223,13.695
2017-12-27 11:00:00-03:00,0.734,0.65,0.254,15.104
2017-12-27 12:00:00-03:00,0.736,0.632,0.28200000000000003,16.245
2017-12-27 13:00:00-03:00,0.728,0.589,0.316,16.865
2017-12-27 14:00:00-03:00,0.7010000000000001,0.546,0.32,17.088
2017-12-27 15:00:00-03:00,0.5720000000000001,0.35100000000000003,0.335,16.901
2017-12-27 16:00:00-03:00,0.314,0.083,0.28,15.891
2017-12-27 17:00:00-03:00,0.165,0.023,0.17300000000000001,14.692
2017-12-27 18:00:00-03:00,0.251,0.097,0.193,14.39
2017-12-27 19:00:00-03:00,0.387,0.30000000000000004,0.145,13.93
2017-12-27 20:00:00-03:00,0.14,0.08700000000000001,0.08,12.621
2017-12-27 21:00:00-03:00,0.035,0.032,0.02,10.94
2017-12-27 22:00:00-03:00,0.0,0.0,0.0,9.271
2017-12-27 23:00:00-03:00,0.0,0.0,0.0,8.265
2017-12-28 00:00:00-03:00,0.0,0.0,0.0,7.737
2017-12-28 01:00:00-03:00,0.0,0.0,0.0,7.168
2017-12-28 02:00:00-03:00,0.0,0.0,0.0,6.539
2017-12-28 03:00:00-03:00,0.0,0.0,0.0,6.165
2017-12-28 04:00:00-03:00,0.0,0.0,0.0,6.038
2017-12-28 05:00:00-03:00,0.007,0.013000000000000001,0.005,6.214
2017-12-28 06:00:00-03:00,0.09,0.063,0.049,8.184
2017-12-28 07:00:00-03:00,0.093,0.032,0.084,9.675
2017-12-28 08:00:00-03:00,0.127,0.029,0.123,11.204
2017-12-28 09:00:00-03:00,0.146,0.023,0.151,12.464
2017-12-28 10:00:00-03:00,0.254,0.057,0.23500000000000001,13.662
2017-12-28 11:00:00-03:00,0.47600000000000003,0.233,0.322,15.021
2017-12-28 12:00:00-03:00,0.735,0.636,0.277,16.345
2017-12-28 13:00:00-03:00,0.743,0.635,0.292,16.936
2017-12-28 14:00:00-03:00,0.658,0.459,0.34400000000000003,16.868
2017-12-28 15:00:00-03:00,0.604,0.405,0.321,16.383
2017-12-28 16:00:00-03:00,0.584,0.41300000000000003,0.28300000000000003,15.465
2017-12-28 17:00:00-03:00,0.517,0.359,0.247,14.357
2017-12-28 18:00:00-03:00,0.458,0.331,0.198,13.361
2017-12-28 19:00:00-03:00,0.41600000000000004,0.334,0.14100000000000001,12.268
2017-12-28 20:00:00-03:00,0.28800000000000003,0.241,0.085,10.927
2017-12-28 21:00:00-03:00,0.075,0.07100000000000001,0.024,9.327
2017-12-28 22:00:00-03:00,0.0,0.0,0.0,7.921
2017-12-28 23:00:00-03:00,0.0,0.0,0.0,7.14
2017-12-29 00:00:00-03:00,0.0,0.0,0.0,6.655
2017-12-29 01:00:00-03:00,0.0,0.0,0.0,6.367
2017-12-29 02:00:00-03:00,0.0,0.0,0.0,6.215
2017-12-29 03:00:00-03:00,0.0,0.0,0.0,6.425
2017-12-29 04:00:00-03:00,0.0,0.0,0.0,6.54
2017-12-29 05:00:00-03:00,0.001,0.005,0.003,6.462
2017-12-29 06:00:00-03:00,0.1,0.07100000000000001,0.05,6.673
2017-12-29 07:00:00-03:00,0.242,0.157,0.115,7.508
2017-12-29 08:00:00-03:00,0.302,0.165,0.17300000000000001,8.51
2017-12-29 09:00:00-03:00,0.314,0.129,0.224,9.249
2017-12-29 10:00:00-03:00,0.322,0.099,0.263,9.768
2017-12-29 11:00:00-03:00,0.387,0.123,0.315,10.259
2017-12-29 12:00:00-03:00,0.447,0.14300000000000002,0.365,10.518
2017-12-29 13:00:00-03:00,0.516,0.154,0.437,10.555
2017-12-29 14:00:00-03:00,0.545,0.228,0.401,10.882
2017-12-29 15:00:00-03:00,0.559,0.306,0.342,11.002
2017-12-29 16:00:00-03:00,0.545,0.33,0.298,10.613
2017-12-29 17:00:00-03:00,0.47800000000000004,0.28800000000000003,0.256,9.786
2017-12-29 18:00:00-03:00,0.377,0.217,0.20500000000000002,8.853
2017-12-29 19:00:00-03:00,0.269,0.156,0.145,7.918
2017-12-29 20:00:00-03:00,0.146,0.089,0.08,6.892
2017-12-29 21:00:00-03:00,0.024,0.02,0.019,5.899
2017-12-29 22:00:00-03:00,0.0,0.0,0.0,5.263
2017-12-29 23:00:00-03:00,0.0,0.0,0.0,4.889
2017-12-30 00:00:00-03:00,0.0,0.0,0.0,4.6530000000000005
2017-12-30 01:00:00-03:00,0.0,0.0,0.0,4.542
2017-12-30 02:00:00-03:00,0.0,0.0,0.0,4.355
2017-12-30 03:00:00-03:00,0.0,0.0,0.0,4.181
2017-12-30 04:00:00-03:00,0.0,0.0,0.0,4.017
2017-12-30 05:00:00-03:00,0.0,0.003,0.003,3.815
2017-12-30 06:00:00-03:00,0.079,0.05,0.048,3.965
2017-12-30 07:00:00-03:00,0.185,0.096,0.112,4.673
2017-12-30 08:00:00-03:00,0.425,0.292,0.18,5.867
2017-12-30 09:00:00-03:00,0.449,0.263,0.23900000000000002,7.077
2017-12-30 10:00:00-03:00,0.396,0.154,0.28800000000000003,7.983
2017-12-30 11:00:00-03:00,0.367,0.095,0.316,8.578
2017-12-30 12:00:00-03:00,0.373,0.07200000000000001,0.34600000000000003,9.003
2017-12-30 13:00:00-03:00,0.422,0.065,0.41100000000000003,9.302
2017-12-30 14:00:00-03:00,0.429,0.089,0.396,9.625
2017-12-30 15:00:00-03:00,0.456,0.158,0.36,10.09
2017-12-30 16:00:00-03:00,0.357,0.10200000000000001,0.301,9.937
2017-12-30 17:00:00-03:00,0.187,0.026000000000000002,0.188,9.046
2017-12-30 18:00:00-03:00,0.097,0.01,0.109,8.137
2017-12-30 19:00:00-03:00,0.058,0.007,0.07,7.583
2017-12-30 20:00:00-03:00,0.035,0.008,0.043000000000000003,7.243
2017-12-30 21:00:00-03:00,0.01,0.008,0.013000000000000001,6.808
2017-12-30 22:00:00-03:00,0.0,0.0,0.0,6.177
2017-12-30 23:00:00-03:00,0.0,0.0,0.0,5.69
2017-12-31 00:00:00-03:00,0.0,0.0,0.0,5.342
2017-12-31 01:00:00-03:00,0.0,0.0,0.0,5.122
2017-12-31 02:00:00-03:00,0.0,0.0,0.0,4.998
2017-12-31 03:00:00-03:00,0.0,0.0,0.0,4.939
2017-12-31 04:00:00-03:00,0.0,0.0,0.0,4.936
2017-12-31 05:00:00-03:00,0.0,0.002,0.002,4.963
2017-12-31 06:00:00-03:00,0.035,0.017,0.034,5.215
2017-12-31 07:00:00-03:00,0.111,0.042,0.091,5.8469999999999995
2017-12-31 08:00:00-03:00,0.34,0.202,0.17500000000000002,6.955
2017-12-31 09:00:00-03:00,0.381,0.195,0.231,7.949
2017-12-31 10:00:00-03:00,0.401,0.17,0.28,8.77
2017-12-31 11:00:00-03:00,0.438,0.171,0.324,9.5
2017-12-31 12:00:00-03:00,0.468,0.165,0.368,10.278
2017-12-31 13:00:00-03:00,0.555,0.20500000000000002,0.438,11.257
2017-12-31 14:00:00-03:00,0.511,0.185,0.405,11.744
2017-12-31 15:00:00-03:00,0.449,0.166,0.34800000000000003,11.727
2017-12-31 16:00:00-03:00,0.424,0.178,0.305,11.705
2017-12-31 17:00:00-03:00,0.426,0.226,0.259,11.618
2017-12-31 18:00:00-03:00,0.389,0.23600000000000002,0.20500000000000002,11.041
2017-12-31 19:00:00-03:00,0.268,0.157,0.145,10.011
2017-12-31 20:00:00-03:00,0.195,0.139,0.084,8.761
