local_time,electricity,irradiance_direct,irradiance_diffuse,temperature
2019-12-31 21:00:00-03:00,0.10200000000000001,0.10400000000000001,0.021,11.028
2019-12-31 22:00:00-03:00,0.0,0.0,0.0,9.83
2019-12-31 23:00:00-03:00,0.0,0.0,0.0,9.814
2020-01-01 00:00:00-03:00,0.0,0.0,0.0,9.742
2020-01-01 01:00:00-03:00,0.0,0.0,0.0,9.126
2020-01-01 02:00:00-03:00,0.0,0.0,0.0,8.059
2020-01-01 03:00:00-03:00,0.0,0.0,0.0,6.818
2020-01-01 04:00:00-03:00,0.0,0.0,0.0,6.106
2020-01-01 05:00:00-03:00,0.03,0.041,0.005,5.817
2020-01-01 06:00:00-03:00,0.301,0.28400000000000003,0.052000000000000005,8.015
2020-01-01 07:00:00-03:00,0.463,0.429,0.098,10.566
2020-01-01 08:00:00-03:00,0.599,0.5730000000000001,0.134,13.071
2020-01-01 09:00:00-03:00,0.709,0.71,0.158,14.961
2020-01-01 10:00:00-03:00,0.765,0.779,0.181,16.602
2020-01-01 11:00:00-03:00,0.767,0.764,0.20700000000000002,18.031
2020-01-01 12:00:00-03:00,0.754,0.731,0.228,19.387
2020-01-01 13:00:00-03:00,0.765,0.778,0.20600000000000002,20.717
2020-01-01 14:00:00-03:00,0.778,0.81,0.20400000000000001,21.945
2020-01-01 15:00:00-03:00,0.672,0.601,0.251,22.651
2020-01-01 16:00:00-03:00,0.618,0.539,0.23600000000000002,23.217
2020-01-01 17:00:00-03:00,0.618,0.585,0.193,23.504
2020-01-01 18:00:00-03:00,0.593,0.588,0.151,23.047
2020-01-01 19:00:00-03:00,0.524,0.527,0.111,21.633
2020-01-01 20:00:00-03:00,0.333,0.318,0.073,19.12
2020-01-01 21:00:00-03:00,0.074,0.074,0.023,15.77
2020-01-01 22:00:00-03:00,0.0,0.0,0.0,13.587
2020-01-01 23:00:00-03:00,0.0,0.0,0.0,12.813
2020-01-02 00:00:00-03:00,0.0,0.0,0.0,12.91
2020-01-02 01:00:00-03:00,0.0,0.0,0.0,12.905
2020-01-02 02:00:00-03:00,0.0,0.0,0.0,13.005
2020-01-02 03:00:00-03:00,0.0,0.0,0.0,13.069
2020-01-02 04:00:00-03:00,0.0,0.0,0.0,13.058
2020-01-02 05:00:00-03:00,0.0,0.003,0.003,12.918
2020-01-02 06:00:00-03:00,0.022,0.009000000000000001,0.028,13.371
2020-01-02 07:00:00-03:00,0.1,0.035,0.091,14.684
2020-01-02 08:00:00-03:00,0.218,0.089,0.167,15.941
2020-01-02 09:00:00-03:00,0.185,0.037,0.182,16.088
2020-01-02 10:00:00-03:00,0.295,0.08,0.263,16.492
2020-01-02 11:00:00-03:00,0.51,0.274,0.333,17.648
2020-01-02 12:00:00-03:00,0.49,0.202,0.381,18.101
2020-01-02 13:00:00-03:00,0.47800000000000004,0.123,0.445,18.115
2020-01-02 14:00:00-03:00,0.503,0.187,0.41300000000000003,18.525
2020-01-02 15:00:00-03:00,0.516,0.264,0.355,18.974
2020-01-02 16:00:00-03:00,0.438,0.20600000000000002,0.313,18.842
2020-01-02 17:00:00-03:00,0.195,0.034,0.198,17.894
2020-01-02 18:00:00-03:00,0.076,0.007,0.093,16.645
2020-01-02 19:00:00-03:00,0.056,0.008,0.07,15.514
2020-01-02 20:00:00-03:00,0.062,0.024,0.06,14.424
2020-01-02 21:00:00-03:00,0.026000000000000002,0.024,0.018000000000000002,12.158
2020-01-02 22:00:00-03:00,0.0,0.0,0.0,10.393
2020-01-02 23:00:00-03:00,0.0,0.0,0.0,9.619
2020-01-03 00:00:00-03:00,0.0,0.0,0.0,8.888
2020-01-03 01:00:00-03:00,0.0,0.0,0.0,8.289
2020-01-03 02:00:00-03:00,0.0,0.0,0.0,8.017
2020-01-03 03:00:00-03:00,0.0,0.0,0.0,7.6129999999999995
2020-01-03 04:00:00-03:00,0.0,0.0,0.0,7.216
2020-01-03 05:00:00-03:00,0.0,0.001,0.001,6.914
2020-01-03 06:00:00-03:00,0.008,0.003,0.017,7.091
2020-01-03 07:00:00-03:00,0.029,0.004,0.041,7.312
2020-01-03 08:00:00-03:00,0.055,0.004,0.069,7.575
2020-01-03 09:00:00-03:00,0.091,0.006,0.106,7.961
2020-01-03 10:00:00-03:00,0.135,0.009000000000000001,0.15,8.38
2020-01-03 11:00:00-03:00,0.279,0.039,0.275,9.323
2020-01-03 12:00:00-03:00,0.399,0.084,0.368,10.441
2020-01-03 13:00:00-03:00,0.442,0.07,0.433,11.06
2020-01-03 14:00:00-03:00,0.384,0.057,0.378,11.478
2020-01-03 15:00:00-03:00,0.34400000000000003,0.063,0.328,11.871
2020-01-03 16:00:00-03:00,0.261,0.039,0.258,11.82
2020-01-03 17:00:00-03:00,0.181,0.022,0.188,11.341
2020-01-03 18:00:00-03:00,0.08700000000000001,0.007,0.10200000000000001,10.683
2020-01-03 19:00:00-03:00,0.091,0.017,0.097,10.511
2020-01-03 20:00:00-03:00,0.077,0.031,0.067,10.145
2020-01-03 21:00:00-03:00,0.02,0.019,0.015,8.496
2020-01-03 22:00:00-03:00,0.0,0.0,0.0,7.002
2020-01-03 23:00:00-03:00,0.0,0.0,0.0,7.005
2020-01-04 00:00:00-03:00,0.0,0.0,0.0,7.014
2020-01-04 01:00:00-03:00,0.0,0.0,0.0,6.646
2020-01-04 02:00:00-03:00,0.0,0.0,0.0,6.013
2020-01-04 03:00:00-03:00,0.0,0.0,0.0,5.343
2020-01-04 04:00:00-03:00,0.0,0.0,0.0,5.032
2020-01-04 05:00:00-03:00,0.002,0.006,0.003,4.801
2020-01-04 06:00:00-03:00,0.096,0.068,0.049,5.234
2020-01-04 07:00:00-03:00,0.379,0.305,0.114,6.396
2020-01-04 08:00:00-03:00,0.5760000000000001,0.503,0.156,8.042
2020-01-04 09:00:00-03:00,0.661,0.581,0.195,9.607
2020-01-04 10:00:00-03:00,0.64,0.501,0.251,10.807
2020-01-04 11:00:00-03:00,0.594,0.386,0.309,11.705
2020-01-04 12:00:00-03:00,0.5690000000000001,0.305,0.36,12.344
2020-01-04 13:00:00-03:00,0.601,0.28400000000000003,0.424,12.905
2020-01-04 14:00:00-03:00,0.47400000000000003,0.149,0.398,12.975999999999999
2020-01-04 15:00:00-03:00,0.38,0.106,0.329,12.988
2020-01-04 16:00:00-03:00,0.28300000000000003,0.062,0.262,12.575
2020-01-04 17:00:00-03:00,0.167,0.023,0.17200000000000001,11.802
2020-01-04 18:00:00-03:00,0.11,0.015,0.11900000000000001,11.207
2020-01-04 19:00:00-03:00,0.07100000000000001,0.013000000000000001,0.08,10.632
2020-01-04 20:00:00-03:00,0.031,0.008,0.039,9.89
2020-01-04 21:00:00-03:00,0.002,0.003,0.007,8.799
2020-01-04 22:00:00-03:00,0.0,0.0,0.0,8.252
2020-01-04 23:00:00-03:00,0.0,0.0,0.0,8.054
2020-01-05 00:00:00-03:00,0.0,0.0,0.0,7.908
2020-01-05 01:00:00-03:00,0.0,0.0,0.0,7.757
2020-01-05 02:00:00-03:00,0.0,0.0,0.0,7.534
2020-01-05 03:00:00-03:00,0.0,0.0,0.0,7.287
2020-01-05 04:00:00-03:00,0.0,0.0,0.0,7.035
2020-01-05 05:00:00-03:00,0.0,0.001,0.001,6.795
2020-01-05 06:00:00-03:00,0.018000000000000002,0.007,0.024,6.9719999999999995
2020-01-05 07:00:00-03:00,0.08700000000000001,0.027,0.081,7.83
2020-01-05 08:00:00-03:00,0.192,0.067,0.153,9.452
2020-01-05 09:00:00-03:00,0.356,0.17300000000000001,0.231,11.049
2020-01-05 10:00:00-03:00,0.454,0.23800000000000002,0.28300000000000003,12.011
2020-01-05 11:00:00-03:00,0.41000000000000003,0.147,0.321,12.027
2020-01-05 12:00:00-03:00,0.388,0.094,0.34700000000000003,11.702
2020-01-05 13:00:00-03:00,0.456,0.1,0.422,11.922
2020-01-05 14:00:00-03:00,0.611,0.341,0.383,13.156
2020-01-05 15:00:00-03:00,0.583,0.354,0.334,13.619
2020-01-05 16:00:00-03:00,0.523,0.31,0.299,13.1
2020-01-05 17:00:00-03:00,0.446,0.255,0.256,12.441
2020-01-05 18:00:00-03:00,0.40700000000000003,0.263,0.201,11.847
2020-01-05 19:00:00-03:00,0.223,0.117,0.138,10.894
2020-01-05 20:00:00-03:00,0.105,0.057,0.07100000000000001,9.692
2020-01-05 21:00:00-03:00,0.021,0.019,0.016,8.033
2020-01-05 22:00:00-03:00,0.0,0.0,0.0,6.48
2020-01-05 23:00:00-03:00,0.0,0.0,0.0,5.378
2020-01-06 00:00:00-03:00,0.0,0.0,0.0,4.564
2020-01-06 01:00:00-03:00,0.0,0.0,0.0,3.9130000000000003
2020-01-06 02:00:00-03:00,0.0,0.0,0.0,3.56
2020-01-06 03:00:00-03:00,0.0,0.0,0.0,3.273
2020-01-06 04:00:00-03:00,0.0,0.0,0.0,3.203
2020-01-06 05:00:00-03:00,0.001,0.005,0.003,3.3609999999999998
2020-01-06 06:00:00-03:00,0.056,0.031,0.043000000000000003,4.19
2020-01-06 07:00:00-03:00,0.092,0.026000000000000002,0.085,4.768
2020-01-06 08:00:00-03:00,0.158,0.038,0.14400000000000002,5.805
2020-01-06 09:00:00-03:00,0.216,0.045,0.198,7.504
2020-01-06 10:00:00-03:00,0.21,0.027,0.212,9.054
2020-01-06 11:00:00-03:00,0.221,0.022,0.23,10.671
2020-01-06 12:00:00-03:00,0.294,0.035,0.301,12.523
2020-01-06 13:00:00-03:00,0.307,0.023,0.329,13.562
2020-01-06 14:00:00-03:00,0.302,0.029,0.318,14.348
2020-01-06 15:00:00-03:00,0.241,0.024,0.256,14.878
2020-01-06 16:00:00-03:00,0.20700000000000002,0.023,0.219,15.284
2020-01-06 17:00:00-03:00,0.152,0.016,0.166,15.353
2020-01-06 18:00:00-03:00,0.092,0.009000000000000001,0.107,14.833
2020-01-06 19:00:00-03:00,0.054,0.007,0.068,14.048
2020-01-06 20:00:00-03:00,0.029,0.006,0.039,13.135
2020-01-06 21:00:00-03:00,0.002,0.003,0.007,11.891
2020-01-06 22:00:00-03:00,0.0,0.0,0.0,11.152
2020-01-06 23:00:00-03:00,0.0,0.0,0.0,10.425
2020-01-07 00:00:00-03:00,0.0,0.0,0.0,9.809
2020-01-07 01:00:00-03:00,0.0,0.0,0.0,9.304
2020-01-07 02:00:00-03:00,0.0,0.0,0.0,8.551
2020-01-07 03:00:00-03:00,0.0,0.0,0.0,7.689
2020-01-07 04:00:00-03:00,0.0,0.0,0.0,6.734
2020-01-07 05:00:00-03:00,0.004,0.009000000000000001,0.004,6.717
2020-01-07 06:00:00-03:00,0.096,0.069,0.048,8.159
2020-01-07 07:00:00-03:00,0.138,0.062,0.1,9.306
2020-01-07 08:00:00-03:00,0.162,0.046,0.14300000000000002,10.586
2020-01-07 09:00:00-03:00,0.182,0.035,0.177,12.114
2020-01-07 10:00:00-03:00,0.192,0.026000000000000002,0.198,12.987
2020-01-07 11:00:00-03:00,0.322,0.074,0.295,14.032
2020-01-07 12:00:00-03:00,0.534,0.258,0.372,15.39
2020-01-07 13:00:00-03:00,0.653,0.393,0.401,16.32
2020-01-07 14:00:00-03:00,0.582,0.30000000000000004,0.398,16.445
2020-01-07 15:00:00-03:00,0.545,0.301,0.34700000000000003,16.335
2020-01-07 16:00:00-03:00,0.425,0.186,0.308,15.816
2020-01-07 17:00:00-03:00,0.227,0.049,0.214,14.686
2020-01-07 18:00:00-03:00,0.134,0.023,0.139,13.402
2020-01-07 19:00:00-03:00,0.07,0.012,0.079,11.891
2020-01-07 20:00:00-03:00,0.027,0.006,0.036000000000000004,10.391
2020-01-07 21:00:00-03:00,0.002,0.003,0.007,9.08
2020-01-07 22:00:00-03:00,0.0,0.0,0.0,8.125
2020-01-07 23:00:00-03:00,0.0,0.0,0.0,7.432
2020-01-08 00:00:00-03:00,0.0,0.0,0.0,6.767
2020-01-08 01:00:00-03:00,0.0,0.0,0.0,6.158
2020-01-08 02:00:00-03:00,0.0,0.0,0.0,5.489
2020-01-08 03:00:00-03:00,0.0,0.0,0.0,4.837
2020-01-08 04:00:00-03:00,0.0,0.0,0.0,4.372
2020-01-08 05:00:00-03:00,0.002,0.007,0.003,4.005
2020-01-08 06:00:00-03:00,0.11,0.082,0.048,5.15
2020-01-08 07:00:00-03:00,0.302,0.221,0.115,6.588
2020-01-08 08:00:00-03:00,0.491,0.388,0.167,8.193
2020-01-08 09:00:00-03:00,0.621,0.517,0.20600000000000002,9.628
2020-01-08 10:00:00-03:00,0.595,0.429,0.264,10.637
2020-01-08 11:00:00-03:00,0.434,0.171,0.323,10.841
2020-01-08 12:00:00-03:00,0.41100000000000003,0.113,0.353,10.965
2020-01-08 13:00:00-03:00,0.438,0.08700000000000001,0.41200000000000003,11.239
2020-01-08 14:00:00-03:00,0.387,0.073,0.366,11.446
2020-01-08 15:00:00-03:00,0.32,0.062,0.301,11.456
2020-01-08 16:00:00-03:00,0.259,0.047,0.247,11.276
2020-01-08 17:00:00-03:00,0.212,0.041,0.202,10.991
2020-01-08 18:00:00-03:00,0.17,0.04,0.158,10.444
2020-01-08 19:00:00-03:00,0.11900000000000001,0.035,0.108,9.501
2020-01-08 20:00:00-03:00,0.058,0.022,0.055,8.454
2020-01-08 21:00:00-03:00,0.008,0.009000000000000001,0.01,7.374
2020-01-08 22:00:00-03:00,0.0,0.0,0.0,6.448
2020-01-08 23:00:00-03:00,0.0,0.0,0.0,5.635
2020-01-09 00:00:00-03:00,0.0,0.0,0.0,4.865
2020-01-09 01:00:00-03:00,0.0,0.0,0.0,4.29
2020-01-09 02:00:00-03:00,0.0,0.0,0.0,3.942
2020-01-09 03:00:00-03:00,0.0,0.0,0.0,3.499
2020-01-09 04:00:00-03:00,0.0,0.0,0.0,3.034
2020-01-09 05:00:00-03:00,0.004,0.01,0.003,2.615
2020-01-09 06:00:00-03:00,0.148,0.12,0.049,2.848
2020-01-09 07:00:00-03:00,0.293,0.211,0.11,3.857
2020-01-09 08:00:00-03:00,0.378,0.249,0.168,5.161
2020-01-09 09:00:00-03:00,0.443,0.271,0.222,6.361
2020-01-09 10:00:00-03:00,0.486,0.276,0.27,7.562
2020-01-09 11:00:00-03:00,0.552,0.322,0.307,8.467
2020-01-09 12:00:00-03:00,0.5640000000000001,0.30000000000000004,0.34800000000000003,9.117
2020-01-09 13:00:00-03:00,0.585,0.263,0.41300000000000003,9.871
2020-01-09 14:00:00-03:00,0.585,0.302,0.377,10.512
2020-01-09 15:00:00-03:00,0.557,0.318,0.327,10.724
2020-01-09 16:00:00-03:00,0.577,0.393,0.277,10.836
2020-01-09 17:00:00-03:00,0.516,0.355,0.23800000000000002,10.547
2020-01-09 18:00:00-03:00,0.382,0.23800000000000002,0.193,9.878
2020-01-09 19:00:00-03:00,0.155,0.062,0.11800000000000001,8.858
2020-01-09 20:00:00-03:00,0.04,0.014,0.044,7.763
2020-01-09 21:00:00-03:00,0.005,0.005,0.009000000000000001,6.711
2020-01-09 22:00:00-03:00,0.0,0.0,0.0,5.588
2020-01-09 23:00:00-03:00,0.0,0.0,0.0,4.557
2020-01-10 00:00:00-03:00,0.0,0.0,0.0,3.551
2020-01-10 01:00:00-03:00,0.0,0.0,0.0,2.785
2020-01-10 02:00:00-03:00,0.0,0.0,0.0,2.729
2020-01-10 03:00:00-03:00,0.0,0.0,0.0,3.007
2020-01-10 04:00:00-03:00,0.0,0.0,0.0,3.227
2020-01-10 05:00:00-03:00,0.0,0.001,0.002,3.504
2020-01-10 06:00:00-03:00,0.016,0.006,0.023,4.103
2020-01-10 07:00:00-03:00,0.068,0.015,0.07200000000000001,5.282
2020-01-10 08:00:00-03:00,0.108,0.016,0.113,6.564
2020-01-10 09:00:00-03:00,0.11900000000000001,0.011,0.131,7.148
2020-01-10 10:00:00-03:00,0.137,0.009000000000000001,0.151,7.501
2020-01-10 11:00:00-03:00,0.11800000000000001,0.005,0.136,7.84
2020-01-10 12:00:00-03:00,0.126,0.004,0.145,8.284
2020-01-10 13:00:00-03:00,0.17400000000000002,0.005,0.195,8.998
2020-01-10 14:00:00-03:00,0.17500000000000002,0.006,0.196,10.37
2020-01-10 15:00:00-03:00,0.182,0.011,0.202,12.374
2020-01-10 16:00:00-03:00,0.20600000000000002,0.021,0.219,13.813
2020-01-10 17:00:00-03:00,0.125,0.009000000000000001,0.14200000000000002,13.673
2020-01-10 18:00:00-03:00,0.139,0.021,0.146,13.313
2020-01-10 19:00:00-03:00,0.105,0.023,0.106,12.718
2020-01-10 20:00:00-03:00,0.064,0.024,0.06,11.651
2020-01-10 21:00:00-03:00,0.013000000000000001,0.014,0.012,10.32
2020-01-10 22:00:00-03:00,0.0,0.0,0.0,9.266
2020-01-10 23:00:00-03:00,0.0,0.0,0.0,8.594
2020-01-11 00:00:00-03:00,0.0,0.0,0.0,8.23
2020-01-11 01:00:00-03:00,0.0,0.0,0.0,8.275
2020-01-11 02:00:00-03:00,0.0,0.0,0.0,8.299
2020-01-11 03:00:00-03:00,0.0,0.0,0.0,8.163
2020-01-11 04:00:00-03:00,0.0,0.0,0.0,8.047
2020-01-11 05:00:00-03:00,0.0,0.002,0.002,7.959
2020-01-11 06:00:00-03:00,0.055,0.035,0.039,8.302
2020-01-11 07:00:00-03:00,0.108,0.041,0.09,9.071
2020-01-11 08:00:00-03:00,0.325,0.189,0.177,10.146
2020-01-11 09:00:00-03:00,0.51,0.359,0.229,11.531
2020-01-11 10:00:00-03:00,0.623,0.47500000000000003,0.263,12.914
2020-01-11 11:00:00-03:00,0.42,0.156,0.328,13.495
2020-01-11 12:00:00-03:00,0.417,0.11900000000000001,0.362,14.01
2020-01-11 13:00:00-03:00,0.441,0.089,0.422,14.468
2020-01-11 14:00:00-03:00,0.437,0.109,0.398,14.937
2020-01-11 15:00:00-03:00,0.307,0.054,0.30000000000000004,14.672
2020-01-11 16:00:00-03:00,0.176,0.017,0.19,13.608
2020-01-11 17:00:00-03:00,0.095,0.007,0.113,12.393
2020-01-11 18:00:00-03:00,0.044,0.003,0.06,11.574
2020-01-11 19:00:00-03:00,0.016,0.001,0.028,11.244
2020-01-11 20:00:00-03:00,0.004,0.001,0.012,11.163
2020-01-11 21:00:00-03:00,0.0,0.001,0.003,10.869
2020-01-11 22:00:00-03:00,0.0,0.0,0.0,10.42
2020-01-11 23:00:00-03:00,0.0,0.0,0.0,10.022
2020-01-12 00:00:00-03:00,0.0,0.0,0.0,9.703
2020-01-12 01:00:00-03:00,0.0,0.0,0.0,9.47
2020-01-12 02:00:00-03:00,0.0,0.0,0.0,9.219
2020-01-12 03:00:00-03:00,0.0,0.0,0.0,8.99
2020-01-12 04:00:00-03:00,0.0,0.0,0.0,8.861
2020-01-12 05:00:00-03:00,0.0,0.001,0.001,8.676
2020-01-12 06:00:00-03:00,0.04,0.023,0.034,8.944
2020-01-12 07:00:00-03:00,0.179,0.098,0.108,9.999
2020-01-12 08:00:00-03:00,0.326,0.191,0.179,11.592
2020-01-12 09:00:00-03:00,0.381,0.199,0.23800000000000002,13.323
2020-01-12 10:00:00-03:00,0.394,0.167,0.28800000000000003,14.782
2020-01-12 11:00:00-03:00,0.41500000000000004,0.152,0.331,15.886
2020-01-12 12:00:00-03:00,0.391,0.098,0.357,16.589
2020-01-12 13:00:00-03:00,0.371,0.049,0.384,16.842
2020-01-12 14:00:00-03:00,0.24,0.017,0.264,16.582
2020-01-12 15:00:00-03:00,0.178,0.012,0.2,16.435
2020-01-12 16:00:00-03:00,0.135,0.009000000000000001,0.155,16.436
2020-01-12 17:00:00-03:00,0.097,0.007,0.116,16.442
2020-01-12 18:00:00-03:00,0.07200000000000001,0.006,0.089,16.14
2020-01-12 19:00:00-03:00,0.039,0.004,0.054,15.354
2020-01-12 20:00:00-03:00,0.019,0.004,0.03,14.495
2020-01-12 21:00:00-03:00,0.002,0.003,0.006,13.635
2020-01-12 22:00:00-03:00,0.0,0.0,0.0,12.997
2020-01-12 23:00:00-03:00,0.0,0.0,0.0,12.409
2020-01-13 00:00:00-03:00,0.0,0.0,0.0,11.836
2020-01-13 01:00:00-03:00,0.0,0.0,0.0,11.274000000000001
2020-01-13 02:00:00-03:00,0.0,0.0,0.0,10.635
2020-01-13 03:00:00-03:00,0.0,0.0,0.0,10.257
2020-01-13 04:00:00-03:00,0.0,0.0,0.0,9.435
2020-01-13 05:00:00-03:00,0.001,0.005,0.002,8.551
2020-01-13 06:00:00-03:00,0.113,0.09,0.046,9.67
2020-01-13 07:00:00-03:00,0.278,0.202,0.114,11.437
2020-01-13 08:00:00-03:00,0.323,0.194,0.177,13.597
2020-01-13 09:00:00-03:00,0.297,0.11900000000000001,0.225,15.715
2020-01-13 10:00:00-03:00,0.271,0.067,0.251,17.394
2020-01-13 11:00:00-03:00,0.289,0.057,0.28200000000000003,18.658
2020-01-13 12:00:00-03:00,0.313,0.053,0.316,19.422
2020-01-13 13:00:00-03:00,0.33,0.036000000000000004,0.353,19.46
2020-01-13 14:00:00-03:00,0.357,0.059000000000000004,0.362,19.348
2020-01-13 15:00:00-03:00,0.281,0.044,0.28600000000000003,18.838
2020-01-13 16:00:00-03:00,0.191,0.021,0.20600000000000002,17.731
2020-01-13 17:00:00-03:00,0.13,0.013000000000000001,0.146,16.492
2020-01-13 18:00:00-03:00,0.069,0.006,0.08600000000000001,15.272
2020-01-13 19:00:00-03:00,0.034,0.004,0.049,14.287
2020-01-13 20:00:00-03:00,0.01,0.002,0.02,13.348
2020-01-13 21:00:00-03:00,0.0,0.001,0.003,12.264
2020-01-13 22:00:00-03:00,0.0,0.0,0.0,11.593
2020-01-13 23:00:00-03:00,0.0,0.0,0.0,11.247
2020-01-14 00:00:00-03:00,0.0,0.0,0.0,11.021
2020-01-14 01:00:00-03:00,0.0,0.0,0.0,10.799
2020-01-14 02:00:00-03:00,0.0,0.0,0.0,10.504
2020-01-14 03:00:00-03:00,0.0,0.0,0.0,10.364
2020-01-14 04:00:00-03:00,0.0,0.0,0.0,10.168
2020-01-14 05:00:00-03:00,0.0,0.0,0.0,9.898
2020-01-14 06:00:00-03:00,0.002,0.001,0.008,9.412
2020-01-14 07:00:00-03:00,0.029,0.005,0.04,8.678
2020-01-14 08:00:00-03:00,0.091,0.014,0.099,8.44
2020-01-14 09:00:00-03:00,0.23600000000000002,0.064,0.20400000000000001,9.33
2020-01-14 10:00:00-03:00,0.364,0.132,0.279,10.538
2020-01-14 11:00:00-03:00,0.511,0.257,0.332,11.799
2020-01-14 12:00:00-03:00,0.457,0.154,0.37,12.263
2020-01-14 13:00:00-03:00,0.398,0.059000000000000004,0.394,11.936
2020-01-14 14:00:00-03:00,0.36,0.053,0.355,11.624
2020-01-14 15:00:00-03:00,0.298,0.047,0.291,11.254
2020-01-14 16:00:00-03:00,0.242,0.036000000000000004,0.23900000000000002,10.854
2020-01-14 17:00:00-03:00,0.20600000000000002,0.036000000000000004,0.201,10.498
2020-01-14 18:00:00-03:00,0.17,0.038,0.16,9.972
2020-01-14 19:00:00-03:00,0.11,0.029,0.10400000000000001,9.087
2020-01-14 20:00:00-03:00,0.045,0.015,0.048,8.117
2020-01-14 21:00:00-03:00,0.012,0.015,0.008,6.964
2020-01-14 22:00:00-03:00,0.0,0.0,0.0,5.844
2020-01-14 23:00:00-03:00,0.0,0.0,0.0,4.851
2020-01-15 00:00:00-03:00,0.0,0.0,0.0,4.138
2020-01-15 01:00:00-03:00,0.0,0.0,0.0,3.754
2020-01-15 02:00:00-03:00,0.0,0.0,0.0,3.54
2020-01-15 03:00:00-03:00,0.0,0.0,0.0,3.395
2020-01-15 04:00:00-03:00,0.0,0.0,0.0,3.27
2020-01-15 05:00:00-03:00,0.001,0.006,0.002,3.178
2020-01-15 06:00:00-03:00,0.194,0.17300000000000001,0.044,3.641
2020-01-15 07:00:00-03:00,0.297,0.224,0.10300000000000001,4.753
2020-01-15 08:00:00-03:00,0.214,0.093,0.146,5.455
2020-01-15 09:00:00-03:00,0.177,0.04,0.162,5.9190000000000005
2020-01-15 10:00:00-03:00,0.437,0.227,0.261,7.619
2020-01-15 11:00:00-03:00,0.716,0.598,0.253,9.586
2020-01-15 12:00:00-03:00,0.744,0.625,0.27,10.474
2020-01-15 13:00:00-03:00,0.748,0.617,0.28700000000000003,11.122
2020-01-15 14:00:00-03:00,0.724,0.581,0.29,11.447
2020-01-15 15:00:00-03:00,0.675,0.523,0.278,11.204
2020-01-15 16:00:00-03:00,0.627,0.483,0.253,11.053
2020-01-15 17:00:00-03:00,0.5710000000000001,0.443,0.218,10.598
2020-01-15 18:00:00-03:00,0.41300000000000003,0.28200000000000003,0.183,9.439
2020-01-15 19:00:00-03:00,0.241,0.145,0.126,8.409
2020-01-15 20:00:00-03:00,0.15,0.108,0.066,7.355
2020-01-15 21:00:00-03:00,0.016,0.019,0.01,6.129
2020-01-15 22:00:00-03:00,0.0,0.0,0.0,5.214
2020-01-15 23:00:00-03:00,0.0,0.0,0.0,4.703
2020-01-16 00:00:00-03:00,0.0,0.0,0.0,4.511
2020-01-16 01:00:00-03:00,0.0,0.0,0.0,4.556
2020-01-16 02:00:00-03:00,0.0,0.0,0.0,4.601
2020-01-16 03:00:00-03:00,0.0,0.0,0.0,4.777
2020-01-16 04:00:00-03:00,0.0,0.0,0.0,4.911
2020-01-16 05:00:00-03:00,0.0,0.001,0.001,5.022
2020-01-16 06:00:00-03:00,0.012,0.006,0.018000000000000002,5.231
2020-01-16 07:00:00-03:00,0.037,0.007,0.047,5.604
2020-01-16 08:00:00-03:00,0.096,0.015,0.10200000000000001,6.37
2020-01-16 09:00:00-03:00,0.17200000000000001,0.029,0.168,7.648
2020-01-16 10:00:00-03:00,0.25,0.048,0.234,9.219
2020-01-16 11:00:00-03:00,0.301,0.058,0.28200000000000003,10.348
2020-01-16 12:00:00-03:00,0.29,0.038,0.291,10.71
2020-01-16 13:00:00-03:00,0.296,0.023,0.312,10.916
2020-01-16 14:00:00-03:00,0.193,0.009000000000000001,0.213,11.383
2020-01-16 15:00:00-03:00,0.163,0.01,0.182,12.344
2020-01-16 16:00:00-03:00,0.168,0.015,0.183,13.262
2020-01-16 17:00:00-03:00,0.196,0.033,0.196,13.769
2020-01-16 18:00:00-03:00,0.241,0.089,0.189,13.836
2020-01-16 19:00:00-03:00,0.20800000000000002,0.107,0.135,13.33
2020-01-16 20:00:00-03:00,0.045,0.016,0.048,12.394
2020-01-16 21:00:00-03:00,0.001,0.004,0.004,11.627
2020-01-16 22:00:00-03:00,0.0,0.0,0.0,11.368
2020-01-16 23:00:00-03:00,0.0,0.0,0.0,11.275
2020-01-17 00:00:00-03:00,0.0,0.0,0.0,11.227
2020-01-17 01:00:00-03:00,0.0,0.0,0.0,11.092
2020-01-17 02:00:00-03:00,0.0,0.0,0.0,10.88
2020-01-17 03:00:00-03:00,0.0,0.0,0.0,10.482
2020-01-17 04:00:00-03:00,0.0,0.0,0.0,10.216
2020-01-17 05:00:00-03:00,0.0,0.0,0.0,10.274000000000001
2020-01-17 06:00:00-03:00,0.012,0.008,0.017,10.533
2020-01-17 07:00:00-03:00,0.085,0.034,0.073,11.121
2020-01-17 08:00:00-03:00,0.228,0.112,0.15,12.039
2020-01-17 09:00:00-03:00,0.444,0.298,0.212,12.78
2020-01-17 10:00:00-03:00,0.46,0.271,0.261,13.394
2020-01-17 11:00:00-03:00,0.516,0.303,0.299,13.811
2020-01-17 12:00:00-03:00,0.6920000000000001,0.551,0.28800000000000003,14.3
2020-01-17 13:00:00-03:00,0.719,0.5750000000000001,0.305,14.653
2020-01-17 14:00:00-03:00,0.6960000000000001,0.544,0.304,14.806000000000001
2020-01-17 15:00:00-03:00,0.6900000000000001,0.5700000000000001,0.27,15.033
2020-01-17 16:00:00-03:00,0.616,0.482,0.254,14.622
2020-01-17 17:00:00-03:00,0.5700000000000001,0.456,0.216,14.117
2020-01-17 18:00:00-03:00,0.513,0.426,0.17,13.249
2020-01-17 19:00:00-03:00,0.40900000000000003,0.34500000000000003,0.122,11.832
2020-01-17 20:00:00-03:00,0.17400000000000002,0.136,0.066,10.272
2020-01-17 21:00:00-03:00,0.008,0.011,0.007,8.849
2020-01-17 22:00:00-03:00,0.0,0.0,0.0,8.261
2020-01-17 23:00:00-03:00,0.0,0.0,0.0,7.934
2020-01-18 00:00:00-03:00,0.0,0.0,0.0,7.719
2020-01-18 01:00:00-03:00,0.0,0.0,0.0,7.647
2020-01-18 02:00:00-03:00,0.0,0.0,0.0,7.538
2020-01-18 03:00:00-03:00,0.0,0.0,0.0,7.421
2020-01-18 04:00:00-03:00,0.0,0.0,0.0,7.451
2020-01-18 05:00:00-03:00,0.0,0.002,0.001,7.583
2020-01-18 06:00:00-03:00,0.061,0.047,0.033,8.101
2020-01-18 07:00:00-03:00,0.14100000000000001,0.074,0.091,9.121
2020-01-18 08:00:00-03:00,0.28800000000000003,0.163,0.163,10.453
2020-01-18 09:00:00-03:00,0.334,0.161,0.218,11.722
2020-01-18 10:00:00-03:00,0.462,0.263,0.271,13.317
2020-01-18 11:00:00-03:00,0.6000000000000001,0.418,0.296,14.626
2020-01-18 12:00:00-03:00,0.629,0.432,0.326,15.371
2020-01-18 13:00:00-03:00,0.592,0.305,0.403,15.678
2020-01-18 14:00:00-03:00,0.432,0.123,0.379,15.443
2020-01-18 15:00:00-03:00,0.216,0.024,0.227,14.414
2020-01-18 16:00:00-03:00,0.253,0.051000000000000004,0.241,14.038
2020-01-18 17:00:00-03:00,0.229,0.057,0.20800000000000002,13.814
2020-01-18 18:00:00-03:00,0.129,0.025,0.131,12.923
2020-01-18 19:00:00-03:00,0.096,0.026000000000000002,0.093,11.836
2020-01-18 20:00:00-03:00,0.085,0.049,0.058,10.768
2020-01-18 21:00:00-03:00,0.015,0.021,0.007,9.5
2020-01-18 22:00:00-03:00,0.0,0.0,0.0,8.693
2020-01-18 23:00:00-03:00,0.0,0.0,0.0,8.334
2020-01-19 00:00:00-03:00,0.0,0.0,0.0,8.136
2020-01-19 01:00:00-03:00,0.0,0.0,0.0,7.99
2020-01-19 02:00:00-03:00,0.0,0.0,0.0,8.079
2020-01-19 03:00:00-03:00,0.0,0.0,0.0,8.194
2020-01-19 04:00:00-03:00,0.0,0.0,0.0,8.286
2020-01-19 05:00:00-03:00,0.0,0.002,0.001,8.345
2020-01-19 06:00:00-03:00,0.054,0.044,0.029,9.008
2020-01-19 07:00:00-03:00,0.193,0.131,0.091,10.289
2020-01-19 08:00:00-03:00,0.352,0.247,0.151,11.333
2020-01-19 09:00:00-03:00,0.6930000000000001,0.663,0.166,11.937
2020-01-19 10:00:00-03:00,0.75,0.72,0.195,12.498
2020-01-19 11:00:00-03:00,0.6940000000000001,0.591,0.245,12.97
2020-01-19 12:00:00-03:00,0.775,0.717,0.24,13.467
2020-01-19 13:00:00-03:00,0.8190000000000001,0.8200000000000001,0.20700000000000002,13.918
2020-01-19 14:00:00-03:00,0.76,0.6910000000000001,0.247,13.975
2020-01-19 15:00:00-03:00,0.806,0.795,0.213,14.209
2020-01-19 16:00:00-03:00,0.738,0.6970000000000001,0.20700000000000002,13.895
2020-01-19 17:00:00-03:00,0.62,0.54,0.195,13.127
2020-01-19 18:00:00-03:00,0.533,0.46,0.159,12.272
2020-01-19 19:00:00-03:00,0.435,0.384,0.112,11.357
2020-01-19 20:00:00-03:00,0.14400000000000002,0.109,0.06,10.071
2020-01-19 21:00:00-03:00,0.01,0.013000000000000001,0.008,8.518
2020-01-19 22:00:00-03:00,0.0,0.0,0.0,7.294
2020-01-19 23:00:00-03:00,0.0,0.0,0.0,6.586
2020-01-20 00:00:00-03:00,0.0,0.0,0.0,6.441
2020-01-20 01:00:00-03:00,0.0,0.0,0.0,6.483
2020-01-20 02:00:00-03:00,0.0,0.0,0.0,6.482
2020-01-20 03:00:00-03:00,0.0,0.0,0.0,6.438
2020-01-20 04:00:00-03:00,0.0,0.0,0.0,6.459
2020-01-20 05:00:00-03:00,0.0,0.001,0.0,6.601
2020-01-20 06:00:00-03:00,0.008,0.005,0.015,6.773
2020-01-20 07:00:00-03:00,0.02,0.003,0.031,6.898
2020-01-20 08:00:00-03:00,0.052000000000000005,0.005,0.065,6.93
2020-01-20 09:00:00-03:00,0.121,0.013000000000000001,0.131,7.878
2020-01-20 10:00:00-03:00,0.14200000000000002,0.012,0.156,9.5
2020-01-20 11:00:00-03:00,0.163,0.012,0.18,11.352
2020-01-20 12:00:00-03:00,0.188,0.012,0.20700000000000002,13.077
2020-01-20 13:00:00-03:00,0.20400000000000001,0.009000000000000001,0.229,14.195
2020-01-20 14:00:00-03:00,0.209,0.011,0.232,14.749
2020-01-20 15:00:00-03:00,0.195,0.015,0.214,14.929
2020-01-20 16:00:00-03:00,0.20500000000000002,0.024,0.216,15.134
2020-01-20 17:00:00-03:00,0.182,0.027,0.188,15.226
2020-01-20 18:00:00-03:00,0.14,0.025,0.14300000000000002,14.819
2020-01-20 19:00:00-03:00,0.098,0.024,0.098,14.042
2020-01-20 20:00:00-03:00,0.035,0.011,0.041,12.98
2020-01-20 21:00:00-03:00,0.002,0.005,0.004,11.822
2020-01-20 22:00:00-03:00,0.0,0.0,0.0,11.18
2020-01-20 23:00:00-03:00,0.0,0.0,0.0,10.7
2020-01-21 00:00:00-03:00,0.0,0.0,0.0,10.108
2020-01-21 01:00:00-03:00,0.0,0.0,0.0,9.551
2020-01-21 02:00:00-03:00,0.0,0.0,0.0,8.876
2020-01-21 03:00:00-03:00,0.0,0.0,0.0,8.324
2020-01-21 04:00:00-03:00,0.0,0.0,0.0,8.179
2020-01-21 05:00:00-03:00,0.0,0.0,0.0,8.189
2020-01-21 06:00:00-03:00,0.036000000000000004,0.029,0.024,8.365
2020-01-21 07:00:00-03:00,0.089,0.04,0.07100000000000001,9.147
2020-01-21 08:00:00-03:00,0.199,0.091,0.137,10.073
2020-01-21 09:00:00-03:00,0.561,0.462,0.191,11.653
2020-01-21 10:00:00-03:00,0.722,0.673,0.20400000000000001,13.295
2020-01-21 11:00:00-03:00,0.753,0.7020000000000001,0.229,14.698
2020-01-21 12:00:00-03:00,0.71,0.604,0.268,15.725
2020-01-21 13:00:00-03:00,0.766,0.713,0.249,16.569
2020-01-21 14:00:00-03:00,0.761,0.709,0.247,17.008
2020-01-21 15:00:00-03:00,0.758,0.721,0.231,17.123
2020-01-21 16:00:00-03:00,0.662,0.579,0.23,16.783
2020-01-21 17:00:00-03:00,0.605,0.529,0.198,16.292
2020-01-21 18:00:00-03:00,0.5760000000000001,0.533,0.151,15.276
2020-01-21 19:00:00-03:00,0.41200000000000003,0.36,0.114,13.6
2020-01-21 20:00:00-03:00,0.085,0.055,0.053,11.753
2020-01-21 21:00:00-03:00,0.006,0.009000000000000001,0.006,9.799
2020-01-21 22:00:00-03:00,0.0,0.0,0.0,8.138
2020-01-21 23:00:00-03:00,0.0,0.0,0.0,6.959
2020-01-22 00:00:00-03:00,0.0,0.0,0.0,6.095
2020-01-22 01:00:00-03:00,0.0,0.0,0.0,5.39
2020-01-22 02:00:00-03:00,0.0,0.0,0.0,5.083
2020-01-22 03:00:00-03:00,0.0,0.0,0.0,5.033
2020-01-22 04:00:00-03:00,0.0,0.0,0.0,4.787
2020-01-22 05:00:00-03:00,0.0,0.0,0.0,4.33
2020-01-22 06:00:00-03:00,0.09,0.076,0.033,4.799
2020-01-22 07:00:00-03:00,0.232,0.159,0.101,6.406
2020-01-22 08:00:00-03:00,0.298,0.17,0.163,7.921
2020-01-22 09:00:00-03:00,0.28,0.106,0.209,9.226
2020-01-22 10:00:00-03:00,0.314,0.1,0.254,10.43
2020-01-22 11:00:00-03:00,0.392,0.139,0.307,11.793
2020-01-22 12:00:00-03:00,0.463,0.183,0.35100000000000003,13.213
2020-01-22 13:00:00-03:00,0.532,0.20700000000000002,0.418,14.534
2020-01-22 14:00:00-03:00,0.403,0.096,0.371,15.153
2020-01-22 15:00:00-03:00,0.301,0.059000000000000004,0.289,15.464
2020-01-22 16:00:00-03:00,0.147,0.013000000000000001,0.164,14.622
2020-01-22 17:00:00-03:00,0.065,0.004,0.083,13.21
2020-01-22 18:00:00-03:00,0.036000000000000004,0.002,0.051000000000000004,12.165
2020-01-22 19:00:00-03:00,0.021,0.002,0.034,11.477
2020-01-22 20:00:00-03:00,0.007,0.002,0.016,10.837
2020-01-22 21:00:00-03:00,0.0,0.001,0.002,10.235
2020-01-22 22:00:00-03:00,0.0,0.0,0.0,9.854
2020-01-22 23:00:00-03:00,0.0,0.0,0.0,9.478
2020-01-23 00:00:00-03:00,0.0,0.0,0.0,8.719
2020-01-23 01:00:00-03:00,0.0,0.0,0.0,8.231
2020-01-23 02:00:00-03:00,0.0,0.0,0.0,8.075
2020-01-23 03:00:00-03:00,0.0,0.0,0.0,7.756
2020-01-23 04:00:00-03:00,0.0,0.0,0.0,7.336
2020-01-23 05:00:00-03:00,0.0,0.0,0.0,6.908
2020-01-23 06:00:00-03:00,0.022,0.017,0.02,6.9879999999999995
2020-01-23 07:00:00-03:00,0.16,0.094,0.091,8.059
2020-01-23 08:00:00-03:00,0.301,0.179,0.16,10.015
2020-01-23 09:00:00-03:00,0.397,0.233,0.219,11.769
2020-01-23 10:00:00-03:00,0.274,0.075,0.23700000000000002,12.01
2020-01-23 11:00:00-03:00,0.379,0.133,0.30000000000000004,12.394
2020-01-23 12:00:00-03:00,0.459,0.183,0.34400000000000003,12.734
2020-01-23 13:00:00-03:00,0.442,0.112,0.395,12.57
2020-01-23 14:00:00-03:00,0.393,0.089,0.359,12.185
2020-01-23 15:00:00-03:00,0.274,0.045,0.266,11.398
2020-01-23 16:00:00-03:00,0.179,0.02,0.187,10.622
2020-01-23 17:00:00-03:00,0.166,0.025,0.168,10.396
2020-01-23 18:00:00-03:00,0.176,0.049,0.155,10.301
2020-01-23 19:00:00-03:00,0.176,0.08600000000000001,0.117,9.904
2020-01-23 20:00:00-03:00,0.101,0.066,0.057,8.926
2020-01-23 21:00:00-03:00,0.005,0.01,0.005,7.401
2020-01-23 22:00:00-03:00,0.0,0.0,0.0,6.366
2020-01-23 23:00:00-03:00,0.0,0.0,0.0,5.697
2020-01-24 00:00:00-03:00,0.0,0.0,0.0,5.303
2020-01-24 01:00:00-03:00,0.0,0.0,0.0,5.24
2020-01-24 02:00:00-03:00,0.0,0.0,0.0,5.096
2020-01-24 03:00:00-03:00,0.0,0.0,0.0,4.666
2020-01-24 04:00:00-03:00,0.0,0.0,0.0,4.21
2020-01-24 05:00:00-03:00,0.0,0.0,0.0,4.231
2020-01-24 06:00:00-03:00,0.10300000000000001,0.096,0.027,4.492
2020-01-24 07:00:00-03:00,0.251,0.183,0.097,5.955
2020-01-24 08:00:00-03:00,0.451,0.35100000000000003,0.156,7.998
2020-01-24 09:00:00-03:00,0.491,0.34700000000000003,0.212,9.749
2020-01-24 10:00:00-03:00,0.423,0.215,0.265,10.642
2020-01-24 11:00:00-03:00,0.308,0.077,0.272,10.836
2020-01-24 12:00:00-03:00,0.323,0.069,0.298,11.603
2020-01-24 13:00:00-03:00,0.295,0.033,0.304,12.871
2020-01-24 14:00:00-03:00,0.294,0.039,0.298,13.695
2020-01-24 15:00:00-03:00,0.337,0.088,0.299,13.764
2020-01-24 16:00:00-03:00,0.309,0.091,0.263,13.269
2020-01-24 17:00:00-03:00,0.234,0.062,0.20600000000000002,12.749
2020-01-24 18:00:00-03:00,0.146,0.034,0.139,12.305
2020-01-24 19:00:00-03:00,0.085,0.023,0.085,11.649000000000001
2020-01-24 20:00:00-03:00,0.061,0.034,0.048,10.704
2020-01-24 21:00:00-03:00,0.002,0.006,0.004,9.437
2020-01-24 22:00:00-03:00,0.0,0.0,0.0,8.311
2020-01-24 23:00:00-03:00,0.0,0.0,0.0,7.578
2020-01-25 00:00:00-03:00,0.0,0.0,0.0,7.324
2020-01-25 01:00:00-03:00,0.0,0.0,0.0,7.167
2020-01-25 02:00:00-03:00,0.0,0.0,0.0,7.07
2020-01-25 03:00:00-03:00,0.0,0.0,0.0,6.984
2020-01-25 04:00:00-03:00,0.0,0.0,0.0,6.984
2020-01-25 05:00:00-03:00,0.0,0.0,0.0,6.926
2020-01-25 06:00:00-03:00,0.018000000000000002,0.016,0.016,7.114
2020-01-25 07:00:00-03:00,0.044,0.013000000000000001,0.048,7.697
2020-01-25 08:00:00-03:00,0.08700000000000001,0.018000000000000002,0.09,8.61
2020-01-25 09:00:00-03:00,0.234,0.081,0.185,10.456
2020-01-25 10:00:00-03:00,0.539,0.378,0.249,12.7
2020-01-25 11:00:00-03:00,0.598,0.428,0.281,14.115
2020-01-25 12:00:00-03:00,0.538,0.308,0.326,14.832
2020-01-25 13:00:00-03:00,0.586,0.326,0.372,15.331
2020-01-25 14:00:00-03:00,0.594,0.364,0.34600000000000003,15.65
2020-01-25 15:00:00-03:00,0.48,0.247,0.315,15.352
2020-01-25 16:00:00-03:00,0.492,0.303,0.273,15.004
2020-01-25 17:00:00-03:00,0.527,0.4,0.219,14.551
2020-01-25 18:00:00-03:00,0.428,0.318,0.17400000000000002,13.353
2020-01-25 19:00:00-03:00,0.26,0.178,0.11900000000000001,11.742
2020-01-25 20:00:00-03:00,0.07200000000000001,0.045,0.048,10.158
2020-01-25 21:00:00-03:00,0.0,0.003,0.003,8.784
2020-01-25 22:00:00-03:00,0.0,0.0,0.0,8.015
2020-01-25 23:00:00-03:00,0.0,0.0,0.0,7.717
2020-01-26 00:00:00-03:00,0.0,0.0,0.0,7.796
2020-01-26 01:00:00-03:00,0.0,0.0,0.0,7.828
2020-01-26 02:00:00-03:00,0.0,0.0,0.0,7.881
2020-01-26 03:00:00-03:00,0.0,0.0,0.0,7.986
2020-01-26 04:00:00-03:00,0.0,0.0,0.0,7.927
2020-01-26 05:00:00-03:00,0.0,0.0,0.0,7.684
2020-01-26 06:00:00-03:00,0.20400000000000001,0.20500000000000002,0.026000000000000002,7.558
2020-01-26 07:00:00-03:00,0.319,0.268,0.089,8.459
2020-01-26 08:00:00-03:00,0.41300000000000003,0.321,0.145,9.691
2020-01-26 09:00:00-03:00,0.66,0.608,0.17200000000000001,11.146
2020-01-26 10:00:00-03:00,0.6900000000000001,0.618,0.211,12.485
2020-01-26 11:00:00-03:00,0.743,0.678,0.232,13.621
2020-01-26 12:00:00-03:00,0.747,0.668,0.254,14.607
2020-01-26 13:00:00-03:00,0.7000000000000001,0.56,0.296,15.257
2020-01-26 14:00:00-03:00,0.776,0.733,0.241,16.02
2020-01-26 15:00:00-03:00,0.646,0.514,0.269,16.062
2020-01-26 16:00:00-03:00,0.668,0.588,0.226,16.14
2020-01-26 17:00:00-03:00,0.607,0.535,0.194,15.906
2020-01-26 18:00:00-03:00,0.295,0.171,0.169,14.795
2020-01-26 19:00:00-03:00,0.055,0.013000000000000001,0.062,12.703
2020-01-26 20:00:00-03:00,0.009000000000000001,0.003,0.017,10.699
2020-01-26 21:00:00-03:00,0.0,0.0,0.001,9.600999999999999
2020-01-26 22:00:00-03:00,0.0,0.0,0.0,9.07
2020-01-26 23:00:00-03:00,0.0,0.0,0.0,8.529
2020-01-27 00:00:00-03:00,0.0,0.0,0.0,7.908
2020-01-27 01:00:00-03:00,0.0,0.0,0.0,6.917
2020-01-27 02:00:00-03:00,0.0,0.0,0.0,6.168
2020-01-27 03:00:00-03:00,0.0,0.0,0.0,5.453
2020-01-27 04:00:00-03:00,0.0,0.0,0.0,5.136
2020-01-27 05:00:00-03:00,0.0,0.0,0.0,5.144
2020-01-27 06:00:00-03:00,0.037,0.032,0.021,5.3629999999999995
2020-01-27 07:00:00-03:00,0.08,0.03,0.07,6.385
2020-01-27 08:00:00-03:00,0.092,0.016,0.097,7.72
2020-01-27 09:00:00-03:00,0.12,0.015,0.129,9.1
2020-01-27 10:00:00-03:00,0.13,0.011,0.14400000000000002,10.087
2020-01-27 11:00:00-03:00,0.14200000000000002,0.009000000000000001,0.158,10.985
2020-01-27 12:00:00-03:00,0.134,0.006,0.154,11.772
2020-01-27 13:00:00-03:00,0.145,0.005,0.167,12.448
2020-01-27 14:00:00-03:00,0.159,0.007,0.181,13.243
2020-01-27 15:00:00-03:00,0.14200000000000002,0.008,0.162,13.948
2020-01-27 16:00:00-03:00,0.114,0.007,0.133,14.117
2020-01-27 17:00:00-03:00,0.096,0.007,0.114,13.77
2020-01-27 18:00:00-03:00,0.083,0.009000000000000001,0.097,13.167
2020-01-27 19:00:00-03:00,0.09,0.023,0.09,12.483
2020-01-27 20:00:00-03:00,0.076,0.046,0.051000000000000004,11.287
2020-01-27 21:00:00-03:00,0.004,0.009000000000000001,0.003,9.309
2020-01-27 22:00:00-03:00,0.0,0.0,0.0,7.913
2020-01-27 23:00:00-03:00,0.0,0.0,0.0,6.968
2020-01-28 00:00:00-03:00,0.0,0.0,0.0,6.547
2020-01-28 01:00:00-03:00,0.0,0.0,0.0,6.572
2020-01-28 02:00:00-03:00,0.0,0.0,0.0,6.652
2020-01-28 03:00:00-03:00,0.0,0.0,0.0,6.6
2020-01-28 04:00:00-03:00,0.0,0.0,0.0,6.249
2020-01-28 05:00:00-03:00,0.0,0.0,0.0,5.657
2020-01-28 06:00:00-03:00,0.1,0.099,0.022,5.434
2020-01-28 07:00:00-03:00,0.247,0.189,0.08700000000000001,6.284
2020-01-28 08:00:00-03:00,0.386,0.28400000000000003,0.146,7.522
2020-01-28 09:00:00-03:00,0.546,0.433,0.191,8.652
2020-01-28 10:00:00-03:00,0.526,0.359,0.242,9.496
2020-01-28 11:00:00-03:00,0.5670000000000001,0.379,0.277,10.482
2020-01-28 12:00:00-03:00,0.539,0.31,0.313,11.14
2020-01-28 13:00:00-03:00,0.579,0.318,0.356,11.529
2020-01-28 14:00:00-03:00,0.5760000000000001,0.335,0.337,11.682
2020-01-28 15:00:00-03:00,0.527,0.31,0.299,11.552
2020-01-28 16:00:00-03:00,0.46900000000000003,0.271,0.265,11.269
2020-01-28 17:00:00-03:00,0.543,0.42,0.209,11.316
2020-01-28 18:00:00-03:00,0.368,0.246,0.17,10.605
2020-01-28 19:00:00-03:00,0.108,0.042,0.09,9.073
2020-01-28 20:00:00-03:00,0.034,0.017,0.033,7.8100000000000005
2020-01-28 21:00:00-03:00,0.0,0.001,0.002,6.824
2020-01-28 22:00:00-03:00,0.0,0.0,0.0,6.043
2020-01-28 23:00:00-03:00,0.0,0.0,0.0,5.379
2020-01-29 00:00:00-03:00,0.0,0.0,0.0,4.987
2020-01-29 01:00:00-03:00,0.0,0.0,0.0,4.812
2020-01-29 02:00:00-03:00,0.0,0.0,0.0,4.781
2020-01-29 03:00:00-03:00,0.0,0.0,0.0,4.877
2020-01-29 04:00:00-03:00,0.0,0.0,0.0,4.932
2020-01-29 05:00:00-03:00,0.0,0.0,0.0,4.927
2020-01-29 06:00:00-03:00,0.023,0.021,0.016,5.167
2020-01-29 07:00:00-03:00,0.111,0.057,0.076,6.085
2020-01-29 08:00:00-03:00,0.468,0.372,0.153,7.517
2020-01-29 09:00:00-03:00,0.587,0.47400000000000003,0.202,9.06
2020-01-29 10:00:00-03:00,0.482,0.28400000000000003,0.266,10.251
2020-01-29 11:00:00-03:00,0.389,0.14200000000000002,0.298,10.971
2020-01-29 12:00:00-03:00,0.364,0.097,0.316,11.409
2020-01-29 13:00:00-03:00,0.30000000000000004,0.036000000000000004,0.305,11.381
2020-01-29 14:00:00-03:00,0.199,0.014,0.216,10.999
2020-01-29 15:00:00-03:00,0.146,0.009000000000000001,0.162,10.375
2020-01-29 16:00:00-03:00,0.111,0.007,0.127,9.77
2020-01-29 17:00:00-03:00,0.067,0.004,0.083,8.805
2020-01-29 18:00:00-03:00,0.041,0.003,0.056,7.7780000000000005
2020-01-29 19:00:00-03:00,0.018000000000000002,0.002,0.03,7.981
2020-01-29 20:00:00-03:00,0.003,0.001,0.01,8.463
2020-01-29 21:00:00-03:00,0.0,0.0,0.001,8.31
2020-01-29 22:00:00-03:00,0.0,0.0,0.0,8.436
2020-01-29 23:00:00-03:00,0.0,0.0,0.0,8.958
2020-01-30 00:00:00-03:00,0.0,0.0,0.0,9.486
2020-01-30 01:00:00-03:00,0.0,0.0,0.0,9.855
2020-01-30 02:00:00-03:00,0.0,0.0,0.0,10.2
2020-01-30 03:00:00-03:00,0.0,0.0,0.0,10.144
2020-01-30 04:00:00-03:00,0.0,0.0,0.0,9.719
2020-01-30 05:00:00-03:00,0.0,0.0,0.0,9.074
2020-01-30 06:00:00-03:00,0.042,0.042,0.017,8.334
2020-01-30 07:00:00-03:00,0.107,0.06,0.07,8.321
2020-01-30 08:00:00-03:00,0.20400000000000001,0.1,0.133,8.911
2020-01-30 09:00:00-03:00,0.274,0.12,0.189,9.69
2020-01-30 10:00:00-03:00,0.405,0.212,0.247,10.761
2020-01-30 11:00:00-03:00,0.5650000000000001,0.379,0.278,11.79
2020-01-30 12:00:00-03:00,0.625,0.442,0.298,12.608
2020-01-30 13:00:00-03:00,0.705,0.552,0.302,13.303
2020-01-30 14:00:00-03:00,0.634,0.438,0.317,13.545
2020-01-30 15:00:00-03:00,0.59,0.40900000000000003,0.28800000000000003,13.649000000000001
2020-01-30 16:00:00-03:00,0.562,0.406,0.254,13.653
2020-01-30 17:00:00-03:00,0.518,0.391,0.212,13.585
2020-01-30 18:00:00-03:00,0.41500000000000004,0.309,0.167,12.885
2020-01-30 19:00:00-03:00,0.079,0.024,0.077,11.294
2020-01-30 20:00:00-03:00,0.025,0.012,0.029,9.888
2020-01-30 21:00:00-03:00,0.0,0.001,0.002,8.497
2020-01-30 22:00:00-03:00,0.0,0.0,0.0,7.663
2020-01-30 23:00:00-03:00,0.0,0.0,0.0,7.257
2020-01-31 00:00:00-03:00,0.0,0.0,0.0,7.144
2020-01-31 01:00:00-03:00,0.0,0.0,0.0,7.049
2020-01-31 02:00:00-03:00,0.0,0.0,0.0,7.026
2020-01-31 03:00:00-03:00,0.0,0.0,0.0,6.941
2020-01-31 04:00:00-03:00,0.0,0.0,0.0,6.8870000000000005
2020-01-31 05:00:00-03:00,0.0,0.0,0.0,6.907
2020-01-31 06:00:00-03:00,0.001,0.002,0.005,6.918
2020-01-31 07:00:00-03:00,0.017,0.003,0.027,7.189
2020-01-31 08:00:00-03:00,0.054,0.007,0.066,7.808
2020-01-31 09:00:00-03:00,0.136,0.021,0.14,9.037
2020-01-31 10:00:00-03:00,0.23800000000000002,0.051000000000000004,0.22,10.561
2020-01-31 11:00:00-03:00,0.203,0.024,0.21,11.41
2020-01-31 12:00:00-03:00,0.166,0.011,0.183,11.741
2020-01-31 13:00:00-03:00,0.193,0.011,0.213,12.092
2020-01-31 14:00:00-03:00,0.188,0.012,0.20700000000000002,12.43
2020-01-31 15:00:00-03:00,0.162,0.012,0.179,12.755
2020-01-31 16:00:00-03:00,0.149,0.013000000000000001,0.164,12.996
2020-01-31 17:00:00-03:00,0.138,0.016,0.149,13.156
2020-01-31 18:00:00-03:00,0.097,0.013000000000000001,0.107,12.978
2020-01-31 19:00:00-03:00,0.057,0.011,0.066,12.36
2020-01-31 20:00:00-03:00,0.018000000000000002,0.006,0.026000000000000002,11.028
2020-01-31 21:00:00-03:00,0.0,0.001,0.001,9.622
2020-01-31 22:00:00-03:00,0.0,0.0,0.0,9.024
2020-01-31 23:00:00-03:00,0.0,0.0,0.0,8.458
2020-02-01 00:00:00-03:00,0.0,0.0,0.0,7.941
2020-02-01 01:00:00-03:00,0.0,0.0,0.0,7.6690000000000005
2020-02-01 02:00:00-03:00,0.0,0.0,0.0,7.6530000000000005
2020-02-01 03:00:00-03:00,0.0,0.0,0.0,7.425
2020-02-01 04:00:00-03:00,0.0,0.0,0.0,7.266
2020-02-01 05:00:00-03:00,0.0,0.0,0.0,7.34
2020-02-01 06:00:00-03:00,0.003,0.004,0.007,7.744
2020-02-01 07:00:00-03:00,0.038,0.012,0.043000000000000003,8.657
2020-02-01 08:00:00-03:00,0.15,0.055,0.121,10.204
2020-02-01 09:00:00-03:00,0.31,0.153,0.2,12.607
2020-02-01 10:00:00-03:00,0.41200000000000003,0.221,0.255,14.466
2020-02-01 11:00:00-03:00,0.393,0.165,0.29,14.926
2020-02-01 12:00:00-03:00,0.41000000000000003,0.156,0.318,14.916
2020-02-01 13:00:00-03:00,0.35000000000000003,0.07200000000000001,0.331,14.596
2020-02-01 14:00:00-03:00,0.338,0.073,0.316,14.609
2020-02-01 15:00:00-03:00,0.23800000000000002,0.038,0.23700000000000002,14.361
2020-02-01 16:00:00-03:00,0.233,0.048,0.222,14.298
2020-02-01 17:00:00-03:00,0.122,0.015,0.133,13.604
2020-02-01 18:00:00-03:00,0.135,0.033,0.13,13.421
2020-02-01 19:00:00-03:00,0.11800000000000001,0.05,0.094,12.902
2020-02-01 20:00:00-03:00,0.043000000000000003,0.025,0.036000000000000004,10.96
2020-02-01 21:00:00-03:00,0.0,0.001,0.001,8.874
2020-02-01 22:00:00-03:00,0.0,0.0,0.0,8.905
2020-02-01 23:00:00-03:00,0.0,0.0,0.0,7.996
2020-02-02 00:00:00-03:00,0.0,0.0,0.0,6.8260000000000005
2020-02-02 01:00:00-03:00,0.0,0.0,0.0,5.949
2020-02-02 02:00:00-03:00,0.0,0.0,0.0,5.209
2020-02-02 03:00:00-03:00,0.0,0.0,0.0,4.708
2020-02-02 04:00:00-03:00,0.0,0.0,0.0,4.164
2020-02-02 05:00:00-03:00,0.0,0.0,0.0,3.424
2020-02-02 06:00:00-03:00,0.126,0.129,0.018000000000000002,3.2880000000000003
2020-02-02 07:00:00-03:00,0.342,0.294,0.082,4.948
2020-02-02 08:00:00-03:00,0.37,0.269,0.14200000000000002,7.23
2020-02-02 09:00:00-03:00,0.25,0.1,0.181,8.822
2020-02-02 10:00:00-03:00,0.217,0.051000000000000004,0.197,10.034
2020-02-02 11:00:00-03:00,0.27,0.066,0.242,11.771
2020-02-02 12:00:00-03:00,0.311,0.079,0.277,13.901
2020-02-02 13:00:00-03:00,0.321,0.064,0.307,15.406
2020-02-02 14:00:00-03:00,0.321,0.073,0.30000000000000004,16.376
2020-02-02 15:00:00-03:00,0.279,0.067,0.258,17.015
2020-02-02 16:00:00-03:00,0.365,0.167,0.261,17.827
2020-02-02 17:00:00-03:00,0.353,0.195,0.219,18.152
2020-02-02 18:00:00-03:00,0.33,0.219,0.167,17.945
2020-02-02 19:00:00-03:00,0.185,0.116,0.10400000000000001,16.621
2020-02-02 20:00:00-03:00,0.041,0.026000000000000002,0.034,14.182
2020-02-02 21:00:00-03:00,0.0,0.001,0.001,12.09
2020-02-02 22:00:00-03:00,0.0,0.0,0.0,11.757
2020-02-02 23:00:00-03:00,0.0,0.0,0.0,11.511
2020-02-03 00:00:00-03:00,0.0,0.0,0.0,11.347
2020-02-03 01:00:00-03:00,0.0,0.0,0.0,11.236
2020-02-03 02:00:00-03:00,0.0,0.0,0.0,11.148
2020-02-03 03:00:00-03:00,0.0,0.0,0.0,10.637
2020-02-03 04:00:00-03:00,0.0,0.0,0.0,9.723
2020-02-03 05:00:00-03:00,0.0,0.0,0.0,9.036
2020-02-03 06:00:00-03:00,0.008,0.01,0.009000000000000001,8.641
2020-02-03 07:00:00-03:00,0.124,0.079,0.069,9.098
2020-02-03 08:00:00-03:00,0.618,0.602,0.124,11.235
2020-02-03 09:00:00-03:00,0.662,0.623,0.17,13.476
2020-02-03 10:00:00-03:00,0.636,0.544,0.221,14.869
2020-02-03 11:00:00-03:00,0.623,0.489,0.262,15.937
2020-02-03 12:00:00-03:00,0.487,0.266,0.308,16.531
2020-02-03 13:00:00-03:00,0.29,0.051000000000000004,0.28500000000000003,16.22
2020-02-03 14:00:00-03:00,0.292,0.058,0.281,16.374
2020-02-03 15:00:00-03:00,0.275,0.066,0.254,16.449
2020-02-03 16:00:00-03:00,0.195,0.036000000000000004,0.194,15.848
2020-02-03 17:00:00-03:00,0.139,0.023,0.14400000000000002,14.951
2020-02-03 18:00:00-03:00,0.114,0.026000000000000002,0.114,14.122
2020-02-03 19:00:00-03:00,0.193,0.123,0.10200000000000001,13.406
2020-02-03 20:00:00-03:00,0.07200000000000001,0.055,0.038,11.521
2020-02-03 21:00:00-03:00,0.0,0.0,0.0,9.833
2020-02-03 22:00:00-03:00,0.0,0.0,0.0,8.906
2020-02-03 23:00:00-03:00,0.0,0.0,0.0,8.067
2020-02-04 00:00:00-03:00,0.0,0.0,0.0,7.311
2020-02-04 01:00:00-03:00,0.0,0.0,0.0,6.92
2020-02-04 02:00:00-03:00,0.0,0.0,0.0,6.575
2020-02-04 03:00:00-03:00,0.0,0.0,0.0,6.456
2020-02-04 04:00:00-03:00,0.0,0.0,0.0,6.436
2020-02-04 05:00:00-03:00,0.0,0.0,0.0,6.305
2020-02-04 06:00:00-03:00,0.062,0.067,0.014,6.146
2020-02-04 07:00:00-03:00,0.281,0.23600000000000002,0.076,7.043
2020-02-04 08:00:00-03:00,0.41500000000000004,0.332,0.134,8.682
2020-02-04 09:00:00-03:00,0.627,0.5630000000000001,0.17,10.364
2020-02-04 10:00:00-03:00,0.654,0.5630000000000001,0.212,11.555
2020-02-04 11:00:00-03:00,0.639,0.506,0.252,12.428
2020-02-04 12:00:00-03:00,0.628,0.464,0.281,13.006
2020-02-04 13:00:00-03:00,0.592,0.381,0.317,13.235
2020-02-04 14:00:00-03:00,0.543,0.32,0.314,13.221
2020-02-04 15:00:00-03:00,0.48,0.27,0.28500000000000003,13.101
2020-02-04 16:00:00-03:00,0.30000000000000004,0.106,0.23600000000000002,12.522
2020-02-04 17:00:00-03:00,0.28400000000000003,0.122,0.201,12.012
2020-02-04 18:00:00-03:00,0.212,0.096,0.147,11.262
2020-02-04 19:00:00-03:00,0.105,0.046,0.082,10.334
2020-02-04 20:00:00-03:00,0.018000000000000002,0.01,0.022,9.245
2020-02-04 21:00:00-03:00,0.0,0.0,0.0,8.28
2020-02-04 22:00:00-03:00,0.0,0.0,0.0,7.592
2020-02-04 23:00:00-03:00,0.0,0.0,0.0,6.886
2020-02-05 00:00:00-03:00,0.0,0.0,0.0,6.37
2020-02-05 01:00:00-03:00,0.0,0.0,0.0,5.955
2020-02-05 02:00:00-03:00,0.0,0.0,0.0,5.448
2020-02-05 03:00:00-03:00,0.0,0.0,0.0,4.846
2020-02-05 04:00:00-03:00,0.0,0.0,0.0,4.388
2020-02-05 05:00:00-03:00,0.0,0.0,0.0,3.987
2020-02-05 06:00:00-03:00,0.06,0.065,0.012,3.903
2020-02-05 07:00:00-03:00,0.28300000000000003,0.241,0.07100000000000001,5.08
2020-02-05 08:00:00-03:00,0.492,0.428,0.123,6.6690000000000005
2020-02-05 09:00:00-03:00,0.627,0.5640000000000001,0.161,8.197
2020-02-05 10:00:00-03:00,0.717,0.663,0.19,9.73
2020-02-05 11:00:00-03:00,0.808,0.791,0.203,11.224
2020-02-05 12:00:00-03:00,0.8130000000000001,0.787,0.221,12.395
2020-02-05 13:00:00-03:00,0.754,0.678,0.245,13.129
2020-02-05 14:00:00-03:00,0.78,0.737,0.23,13.819
2020-02-05 15:00:00-03:00,0.661,0.553,0.242,13.964
2020-02-05 16:00:00-03:00,0.6890000000000001,0.632,0.203,14.1
2020-02-05 17:00:00-03:00,0.583,0.509,0.179,13.794
2020-02-05 18:00:00-03:00,0.47300000000000003,0.405,0.14100000000000001,13.127
2020-02-05 19:00:00-03:00,0.274,0.218,0.095,12.052
2020-02-05 20:00:00-03:00,0.08700000000000001,0.074,0.034,10.032
2020-02-05 21:00:00-03:00,0.0,0.001,0.0,7.565
2020-02-05 22:00:00-03:00,0.0,0.0,0.0,6.883
2020-02-05 23:00:00-03:00,0.0,0.0,0.0,6.314
2020-02-06 00:00:00-03:00,0.0,0.0,0.0,5.872
2020-02-06 01:00:00-03:00,0.0,0.0,0.0,4.785
2020-02-06 02:00:00-03:00,0.0,0.0,0.0,4.053
2020-02-06 03:00:00-03:00,0.0,0.0,0.0,3.6470000000000002
2020-02-06 04:00:00-03:00,0.0,0.0,0.0,3.141
2020-02-06 05:00:00-03:00,0.0,0.0,0.0,2.701
2020-02-06 06:00:00-03:00,0.145,0.153,0.012,2.738
2020-02-06 07:00:00-03:00,0.528,0.528,0.063,5.572
2020-02-06 08:00:00-03:00,0.6970000000000001,0.717,0.1,7.921
2020-02-06 09:00:00-03:00,0.774,0.81,0.132,11.101
2020-02-06 10:00:00-03:00,0.8200000000000001,0.86,0.161,12.844
2020-02-06 11:00:00-03:00,0.844,0.884,0.184,14.286
2020-02-06 12:00:00-03:00,0.853,0.893,0.199,15.604
2020-02-06 13:00:00-03:00,0.844,0.888,0.199,16.75
2020-02-06 14:00:00-03:00,0.8320000000000001,0.872,0.2,17.627
2020-02-06 15:00:00-03:00,0.808,0.844,0.194,18.186
2020-02-06 16:00:00-03:00,0.768,0.8,0.17400000000000002,18.354
2020-02-06 17:00:00-03:00,0.706,0.732,0.148,18.091
2020-02-06 18:00:00-03:00,0.61,0.622,0.117,17.273
2020-02-06 19:00:00-03:00,0.447,0.441,0.081,15.616
2020-02-06 20:00:00-03:00,0.168,0.164,0.034,12.85
2020-02-06 21:00:00-03:00,0.0,0.0,0.0,10.09
2020-02-06 22:00:00-03:00,0.0,0.0,0.0,8.38
2020-02-06 23:00:00-03:00,0.0,0.0,0.0,7.245
2020-02-07 00:00:00-03:00,0.0,0.0,0.0,6.533
2020-02-07 01:00:00-03:00,0.0,0.0,0.0,6.035
2020-02-07 02:00:00-03:00,0.0,0.0,0.0,5.837
2020-02-07 03:00:00-03:00,0.0,0.0,0.0,5.869
2020-02-07 04:00:00-03:00,0.0,0.0,0.0,5.853
2020-02-07 05:00:00-03:00,0.0,0.0,0.0,5.803
2020-02-07 06:00:00-03:00,0.058,0.066,0.01,5.273
2020-02-07 07:00:00-03:00,0.365,0.338,0.066,6.511
2020-02-07 08:00:00-03:00,0.665,0.673,0.10400000000000001,8.583
2020-02-07 09:00:00-03:00,0.75,0.776,0.137,12.289
2020-02-07 10:00:00-03:00,0.789,0.8290000000000001,0.166,16.509
2020-02-07 11:00:00-03:00,0.8150000000000001,0.857,0.19,17.964
2020-02-07 12:00:00-03:00,0.8180000000000001,0.849,0.20800000000000002,18.93
2020-02-07 13:00:00-03:00,0.81,0.838,0.212,19.683
2020-02-07 14:00:00-03:00,0.796,0.8190000000000001,0.212,20.226
2020-02-07 15:00:00-03:00,0.772,0.791,0.203,20.556
2020-02-07 16:00:00-03:00,0.7000000000000001,0.6940000000000001,0.189,20.564
2020-02-07 17:00:00-03:00,0.61,0.586,0.165,20.334
2020-02-07 18:00:00-03:00,0.425,0.367,0.138,19.753
2020-02-07 19:00:00-03:00,0.28700000000000003,0.249,0.089,18.786
2020-02-07 20:00:00-03:00,0.089,0.083,0.031,16.035
2020-02-07 21:00:00-03:00,0.0,0.0,0.0,13.183
2020-02-07 22:00:00-03:00,0.0,0.0,0.0,11.514
2020-02-07 23:00:00-03:00,0.0,0.0,0.0,10.257
2020-02-08 00:00:00-03:00,0.0,0.0,0.0,9.219
2020-02-08 01:00:00-03:00,0.0,0.0,0.0,8.363
2020-02-08 02:00:00-03:00,0.0,0.0,0.0,7.824
2020-02-08 03:00:00-03:00,0.0,0.0,0.0,7.801
2020-02-08 04:00:00-03:00,0.0,0.0,0.0,8.343
2020-02-08 05:00:00-03:00,0.0,0.0,0.0,8.604
2020-02-08 06:00:00-03:00,0.106,0.11800000000000001,0.01,8.673
2020-02-08 07:00:00-03:00,0.495,0.504,0.061,10.197
2020-02-08 08:00:00-03:00,0.665,0.6910000000000001,0.1,12.16
2020-02-08 09:00:00-03:00,0.743,0.789,0.133,15.798
2020-02-08 10:00:00-03:00,0.784,0.841,0.163,18.836
2020-02-08 11:00:00-03:00,0.81,0.867,0.187,20.16
2020-02-08 12:00:00-03:00,0.8210000000000001,0.876,0.203,21.126
2020-02-08 13:00:00-03:00,0.8170000000000001,0.871,0.20600000000000002,21.856
2020-02-08 14:00:00-03:00,0.805,0.855,0.20600000000000002,22.38
2020-02-08 15:00:00-03:00,0.78,0.8240000000000001,0.197,22.681
2020-02-08 16:00:00-03:00,0.74,0.779,0.177,22.688
2020-02-08 17:00:00-03:00,0.678,0.71,0.15,22.396
2020-02-08 18:00:00-03:00,0.487,0.46,0.129,21.363
2020-02-08 19:00:00-03:00,0.327,0.301,0.085,19.402
2020-02-08 20:00:00-03:00,0.14300000000000002,0.14300000000000002,0.031,16.518
2020-02-08 21:00:00-03:00,0.0,0.0,0.0,13.817
2020-02-08 22:00:00-03:00,0.0,0.0,0.0,11.817
2020-02-08 23:00:00-03:00,0.0,0.0,0.0,10.567
2020-02-09 00:00:00-03:00,0.0,0.0,0.0,9.796
2020-02-09 01:00:00-03:00,0.0,0.0,0.0,9.267
2020-02-09 02:00:00-03:00,0.0,0.0,0.0,8.849
2020-02-09 03:00:00-03:00,0.0,0.0,0.0,8.542
2020-02-09 04:00:00-03:00,0.0,0.0,0.0,8.286
2020-02-09 05:00:00-03:00,0.0,0.0,0.0,8.019
2020-02-09 06:00:00-03:00,0.04,0.048,0.01,8.007
2020-02-09 07:00:00-03:00,0.165,0.127,0.064,8.952
2020-02-09 08:00:00-03:00,0.362,0.28,0.129,10.661
2020-02-09 09:00:00-03:00,0.508,0.41300000000000003,0.178,13.69
2020-02-09 10:00:00-03:00,0.523,0.395,0.225,16.479
2020-02-09 11:00:00-03:00,0.47600000000000003,0.301,0.266,18.901
2020-02-09 12:00:00-03:00,0.427,0.22,0.289,20.771
2020-02-09 13:00:00-03:00,0.367,0.14300000000000002,0.296,21.933
2020-02-09 14:00:00-03:00,0.281,0.075,0.261,22.273
2020-02-09 15:00:00-03:00,0.219,0.046,0.218,22.169
2020-02-09 16:00:00-03:00,0.158,0.027,0.168,21.473
2020-02-09 17:00:00-03:00,0.242,0.099,0.19,21.103
2020-02-09 18:00:00-03:00,0.219,0.116,0.146,19.841
2020-02-09 19:00:00-03:00,0.13,0.075,0.085,17.687
2020-02-09 20:00:00-03:00,0.031,0.024,0.024,15.434
2020-02-09 21:00:00-03:00,0.0,0.0,0.0,13.395
2020-02-09 22:00:00-03:00,0.0,0.0,0.0,11.697
2020-02-09 23:00:00-03:00,0.0,0.0,0.0,10.344
2020-02-10 00:00:00-03:00,0.0,0.0,0.0,9.065
2020-02-10 01:00:00-03:00,0.0,0.0,0.0,8.061
2020-02-10 02:00:00-03:00,0.0,0.0,0.0,7.318
2020-02-10 03:00:00-03:00,0.0,0.0,0.0,6.753
2020-02-10 04:00:00-03:00,0.0,0.0,0.0,6.193
2020-02-10 05:00:00-03:00,0.0,0.0,0.0,6.038
2020-02-10 06:00:00-03:00,0.014,0.02,0.007,6.402
2020-02-10 07:00:00-03:00,0.064,0.039,0.045,7.698
2020-02-10 08:00:00-03:00,0.17400000000000002,0.093,0.108,9.128
2020-02-10 09:00:00-03:00,0.604,0.545,0.16,10.928
2020-02-10 10:00:00-03:00,0.724,0.6910000000000001,0.186,12.734
2020-02-10 11:00:00-03:00,0.807,0.809,0.202,14.356
2020-02-10 12:00:00-03:00,0.8230000000000001,0.8250000000000001,0.219,15.605
2020-02-10 13:00:00-03:00,0.8200000000000001,0.8180000000000001,0.227,16.598
2020-02-10 14:00:00-03:00,0.802,0.797,0.226,17.431
2020-02-10 15:00:00-03:00,0.769,0.761,0.214,18.07
2020-02-10 16:00:00-03:00,0.725,0.717,0.192,18.51
2020-02-10 17:00:00-03:00,0.403,0.281,0.193,18.368
2020-02-10 18:00:00-03:00,0.10200000000000001,0.028,0.101,17.563
2020-02-10 19:00:00-03:00,0.057,0.021,0.057,16.255
2020-02-10 20:00:00-03:00,0.056,0.051000000000000004,0.026000000000000002,13.593
2020-02-10 21:00:00-03:00,0.0,0.0,0.0,11.475
2020-02-10 22:00:00-03:00,0.0,0.0,0.0,10.407
2020-02-10 23:00:00-03:00,0.0,0.0,0.0,9.519
2020-02-11 00:00:00-03:00,0.0,0.0,0.0,9.056
2020-02-11 01:00:00-03:00,0.0,0.0,0.0,8.434
2020-02-11 02:00:00-03:00,0.0,0.0,0.0,7.808
2020-02-11 03:00:00-03:00,0.0,0.0,0.0,7.553
2020-02-11 04:00:00-03:00,0.0,0.0,0.0,7.223
2020-02-11 05:00:00-03:00,0.0,0.0,0.0,7.2780000000000005
2020-02-11 06:00:00-03:00,0.006,0.009000000000000001,0.006,7.109
2020-02-11 07:00:00-03:00,0.054,0.028,0.045,8.32
2020-02-11 08:00:00-03:00,0.076,0.019,0.078,9.123
2020-02-11 09:00:00-03:00,0.135,0.029,0.13,10.678
2020-02-11 10:00:00-03:00,0.5760000000000001,0.45,0.229,13.673
2020-02-11 11:00:00-03:00,0.391,0.182,0.271,15.63
2020-02-11 12:00:00-03:00,0.303,0.085,0.266,16.423
2020-02-11 13:00:00-03:00,0.325,0.099,0.28,17.209
2020-02-11 14:00:00-03:00,0.159,0.016,0.17500000000000002,16.692
2020-02-11 15:00:00-03:00,0.165,0.02,0.178,16.812
2020-02-11 16:00:00-03:00,0.269,0.085,0.23,17.782
2020-02-11 17:00:00-03:00,0.17,0.04,0.164,17.608
2020-02-11 18:00:00-03:00,0.05,0.006,0.064,16.026
2020-02-11 19:00:00-03:00,0.025,0.005,0.036000000000000004,14.572
2020-02-11 20:00:00-03:00,0.002,0.002,0.008,13.034
2020-02-11 21:00:00-03:00,0.0,0.0,0.0,11.923
2020-02-11 22:00:00-03:00,0.0,0.0,0.0,10.905
2020-02-11 23:00:00-03:00,0.0,0.0,0.0,10.016
2020-02-12 00:00:00-03:00,0.0,0.0,0.0,9.27
2020-02-12 01:00:00-03:00,0.0,0.0,0.0,8.625
2020-02-12 02:00:00-03:00,0.0,0.0,0.0,7.49
2020-02-12 03:00:00-03:00,0.0,0.0,0.0,6.518
2020-02-12 04:00:00-03:00,0.0,0.0,0.0,6.099
2020-02-12 05:00:00-03:00,0.0,0.0,0.0,5.712
2020-02-12 06:00:00-03:00,0.032,0.041,0.007,5.492
2020-02-12 07:00:00-03:00,0.289,0.26,0.061,6.874
2020-02-12 08:00:00-03:00,0.5640000000000001,0.535,0.11,8.613
2020-02-12 09:00:00-03:00,0.685,0.663,0.149,10.265
2020-02-12 10:00:00-03:00,0.713,0.67,0.187,11.683
2020-02-12 11:00:00-03:00,0.681,0.59,0.227,12.847
2020-02-12 12:00:00-03:00,0.613,0.467,0.26,13.706
2020-02-12 13:00:00-03:00,0.542,0.358,0.279,14.151
2020-02-12 14:00:00-03:00,0.442,0.23500000000000001,0.276,14.114
2020-02-12 15:00:00-03:00,0.336,0.136,0.249,13.651
2020-02-12 16:00:00-03:00,0.281,0.107,0.215,13.163
2020-02-12 17:00:00-03:00,0.225,0.08700000000000001,0.17300000000000001,12.722
2020-02-12 18:00:00-03:00,0.178,0.08,0.127,12.196
2020-02-12 19:00:00-03:00,0.133,0.081,0.078,11.328
2020-02-12 20:00:00-03:00,0.037,0.034,0.021,9.824
2020-02-12 21:00:00-03:00,0.0,0.0,0.0,8.058
2020-02-12 22:00:00-03:00,0.0,0.0,0.0,6.928
2020-02-12 23:00:00-03:00,0.0,0.0,0.0,6.124
2020-02-13 00:00:00-03:00,0.0,0.0,0.0,5.584
2020-02-13 01:00:00-03:00,0.0,0.0,0.0,5.254
2020-02-13 02:00:00-03:00,0.0,0.0,0.0,4.979
2020-02-13 03:00:00-03:00,0.0,0.0,0.0,4.952
2020-02-13 04:00:00-03:00,0.0,0.0,0.0,4.741
2020-02-13 05:00:00-03:00,0.0,0.0,0.0,4.744
2020-02-13 06:00:00-03:00,0.003,0.007,0.005,4.9879999999999995
2020-02-13 07:00:00-03:00,0.042,0.021,0.038,5.928
2020-02-13 08:00:00-03:00,0.085,0.024,0.082,7.301
2020-02-13 09:00:00-03:00,0.149,0.038,0.136,9.297
2020-02-13 10:00:00-03:00,0.189,0.041,0.177,10.995
2020-02-13 11:00:00-03:00,0.181,0.028,0.183,11.921
2020-02-13 12:00:00-03:00,0.226,0.04,0.22,13.01
2020-02-13 13:00:00-03:00,0.354,0.115,0.292,14.681000000000001
2020-02-13 14:00:00-03:00,0.428,0.197,0.302,16.204
2020-02-13 15:00:00-03:00,0.365,0.153,0.272,16.91
2020-02-13 16:00:00-03:00,0.198,0.041,0.193,16.626
2020-02-13 17:00:00-03:00,0.098,0.012,0.112,15.91
2020-02-13 18:00:00-03:00,0.07200000000000001,0.012,0.083,15.278
2020-02-13 19:00:00-03:00,0.04,0.01,0.048,14.305
2020-02-13 20:00:00-03:00,0.002,0.002,0.007,12.904
2020-02-13 21:00:00-03:00,0.0,0.0,0.0,11.84
2020-02-13 22:00:00-03:00,0.0,0.0,0.0,11.069
2020-02-13 23:00:00-03:00,0.0,0.0,0.0,10.456
2020-02-14 00:00:00-03:00,0.0,0.0,0.0,9.276
2020-02-14 01:00:00-03:00,0.0,0.0,0.0,8.329
2020-02-14 02:00:00-03:00,0.0,0.0,0.0,7.959
2020-02-14 03:00:00-03:00,0.0,0.0,0.0,8.104
2020-02-14 04:00:00-03:00,0.0,0.0,0.0,8.374
2020-02-14 05:00:00-03:00,0.0,0.0,0.0,8.19
2020-02-14 06:00:00-03:00,0.006,0.012,0.004,7.852
2020-02-14 07:00:00-03:00,0.126,0.101,0.049,8.467
2020-02-14 08:00:00-03:00,0.23,0.154,0.106,9.473
2020-02-14 09:00:00-03:00,0.623,0.582,0.147,10.575
2020-02-14 10:00:00-03:00,0.6890000000000001,0.641,0.181,11.551
2020-02-14 11:00:00-03:00,0.721,0.662,0.209,12.394
2020-02-14 12:00:00-03:00,0.755,0.7010000000000001,0.224,13.177
2020-02-14 13:00:00-03:00,0.789,0.756,0.224,13.939
2020-02-14 14:00:00-03:00,0.768,0.726,0.224,14.29
2020-02-14 15:00:00-03:00,0.725,0.673,0.215,14.39
2020-02-14 16:00:00-03:00,0.705,0.672,0.187,14.357
2020-02-14 17:00:00-03:00,0.629,0.593,0.158,13.985
2020-02-14 18:00:00-03:00,0.494,0.449,0.124,13.205
2020-02-14 19:00:00-03:00,0.254,0.212,0.078,12.05
2020-02-14 20:00:00-03:00,0.037,0.036000000000000004,0.018000000000000002,10.224
2020-02-14 21:00:00-03:00,0.0,0.0,0.0,8.65
2020-02-14 22:00:00-03:00,0.0,0.0,0.0,7.9719999999999995
2020-02-14 23:00:00-03:00,0.0,0.0,0.0,7.426
2020-02-15 00:00:00-03:00,0.0,0.0,0.0,6.804
2020-02-15 01:00:00-03:00,0.0,0.0,0.0,6.374
2020-02-15 02:00:00-03:00,0.0,0.0,0.0,6.042
2020-02-15 03:00:00-03:00,0.0,0.0,0.0,5.958
2020-02-15 04:00:00-03:00,0.0,0.0,0.0,6.156
2020-02-15 05:00:00-03:00,0.0,0.0,0.0,6.675
2020-02-15 06:00:00-03:00,0.008,0.015,0.004,6.534
2020-02-15 07:00:00-03:00,0.20400000000000001,0.17500000000000002,0.056,7.747
2020-02-15 08:00:00-03:00,0.292,0.211,0.116,9.142
2020-02-15 09:00:00-03:00,0.269,0.139,0.164,9.631
2020-02-15 10:00:00-03:00,0.29,0.122,0.20500000000000002,9.803
2020-02-15 11:00:00-03:00,0.23,0.057,0.20400000000000001,9.931000000000001
2020-02-15 12:00:00-03:00,0.35000000000000003,0.134,0.262,11.103
2020-02-15 13:00:00-03:00,0.649,0.489,0.28300000000000003,12.325
2020-02-15 14:00:00-03:00,0.6000000000000001,0.422,0.28400000000000003,12.256
2020-02-15 15:00:00-03:00,0.422,0.22,0.262,11.994
2020-02-15 16:00:00-03:00,0.271,0.096,0.213,11.765
2020-02-15 17:00:00-03:00,0.185,0.055,0.159,11.524000000000001
2020-02-15 18:00:00-03:00,0.126,0.041,0.11,10.894
2020-02-15 19:00:00-03:00,0.059000000000000004,0.023,0.056,9.92
2020-02-15 20:00:00-03:00,0.008,0.008,0.012,8.663
2020-02-15 21:00:00-03:00,0.0,0.0,0.0,7.641
2020-02-15 22:00:00-03:00,0.0,0.0,0.0,6.982
2020-02-15 23:00:00-03:00,0.0,0.0,0.0,6.344
2020-02-16 00:00:00-03:00,0.0,0.0,0.0,5.844
2020-02-16 01:00:00-03:00,0.0,0.0,0.0,5.593
2020-02-16 02:00:00-03:00,0.0,0.0,0.0,5.482
2020-02-16 03:00:00-03:00,0.0,0.0,0.0,5.211
2020-02-16 04:00:00-03:00,0.0,0.0,0.0,4.93
2020-02-16 05:00:00-03:00,0.0,0.0,0.0,4.749
2020-02-16 06:00:00-03:00,0.0,0.003,0.002,4.687
2020-02-16 07:00:00-03:00,0.056,0.035,0.039,5.181
2020-02-16 08:00:00-03:00,0.117,0.048,0.091,6.136
2020-02-16 09:00:00-03:00,0.319,0.184,0.17200000000000001,7.505
2020-02-16 10:00:00-03:00,0.46,0.298,0.222,8.951
2020-02-16 11:00:00-03:00,0.456,0.26,0.257,9.913
2020-02-16 12:00:00-03:00,0.342,0.12,0.265,10.169
2020-02-16 13:00:00-03:00,0.26,0.044,0.25,10.028
2020-02-16 14:00:00-03:00,0.243,0.041,0.23500000000000001,10.033
2020-02-16 15:00:00-03:00,0.223,0.045,0.21,10.065
2020-02-16 16:00:00-03:00,0.195,0.042,0.182,9.953
2020-02-16 17:00:00-03:00,0.177,0.048,0.157,9.725
2020-02-16 18:00:00-03:00,0.154,0.058,0.121,9.35
2020-02-16 19:00:00-03:00,0.054,0.019,0.053,8.431
2020-02-16 20:00:00-03:00,0.007,0.007,0.011,7.326
2020-02-16 21:00:00-03:00,0.0,0.0,0.0,6.253
2020-02-16 22:00:00-03:00,0.0,0.0,0.0,5.442
2020-02-16 23:00:00-03:00,0.0,0.0,0.0,4.632
2020-02-17 00:00:00-03:00,0.0,0.0,0.0,4.013
2020-02-17 01:00:00-03:00,0.0,0.0,0.0,3.576
2020-02-17 02:00:00-03:00,0.0,0.0,0.0,3.258
2020-02-17 03:00:00-03:00,0.0,0.0,0.0,3.067
2020-02-17 04:00:00-03:00,0.0,0.0,0.0,2.927
2020-02-17 05:00:00-03:00,0.0,0.0,0.0,2.923
2020-02-17 06:00:00-03:00,0.0,0.003,0.002,3.014
2020-02-17 07:00:00-03:00,0.032,0.016,0.031,3.778
2020-02-17 08:00:00-03:00,0.059000000000000004,0.013000000000000001,0.064,4.925
2020-02-17 09:00:00-03:00,0.10400000000000001,0.018000000000000002,0.108,6.471
2020-02-17 10:00:00-03:00,0.185,0.039,0.17300000000000001,8.391
2020-02-17 11:00:00-03:00,0.17,0.024,0.17400000000000002,9.802
2020-02-17 12:00:00-03:00,0.202,0.028,0.20500000000000002,11.055
2020-02-17 13:00:00-03:00,0.19,0.016,0.20400000000000001,11.654
2020-02-17 14:00:00-03:00,0.153,0.011,0.169,11.807
2020-02-17 15:00:00-03:00,0.096,0.006,0.113,11.252
2020-02-17 16:00:00-03:00,0.066,0.004,0.082,10.074
2020-02-17 17:00:00-03:00,0.058,0.004,0.073,9.163
2020-02-17 18:00:00-03:00,0.063,0.009000000000000001,0.074,9.455
2020-02-17 19:00:00-03:00,0.064,0.025,0.06,10.274000000000001
2020-02-17 20:00:00-03:00,0.011,0.011,0.012,10.393
2020-02-17 21:00:00-03:00,0.0,0.0,0.0,9.937
2020-02-17 22:00:00-03:00,0.0,0.0,0.0,9.347
2020-02-17 23:00:00-03:00,0.0,0.0,0.0,8.832
2020-02-18 00:00:00-03:00,0.0,0.0,0.0,8.874
2020-02-18 01:00:00-03:00,0.0,0.0,0.0,9.21
2020-02-18 02:00:00-03:00,0.0,0.0,0.0,8.616
2020-02-18 03:00:00-03:00,0.0,0.0,0.0,8.446
2020-02-18 04:00:00-03:00,0.0,0.0,0.0,8.813
2020-02-18 05:00:00-03:00,0.0,0.0,0.0,8.93
2020-02-18 06:00:00-03:00,0.001,0.006,0.002,8.715
2020-02-18 07:00:00-03:00,0.184,0.164,0.047,8.88
2020-02-18 08:00:00-03:00,0.376,0.317,0.107,9.768
2020-02-18 09:00:00-03:00,0.54,0.46900000000000003,0.153,10.64
2020-02-18 10:00:00-03:00,0.655,0.589,0.186,11.382
2020-02-18 11:00:00-03:00,0.721,0.66,0.211,12.078
2020-02-18 12:00:00-03:00,0.763,0.707,0.226,12.63
2020-02-18 13:00:00-03:00,0.737,0.654,0.245,13.086
2020-02-18 14:00:00-03:00,0.649,0.513,0.262,13.192
2020-02-18 15:00:00-03:00,0.49,0.316,0.252,12.86
2020-02-18 16:00:00-03:00,0.381,0.218,0.217,12.357
2020-02-18 17:00:00-03:00,0.289,0.155,0.17400000000000002,11.765
2020-02-18 18:00:00-03:00,0.17300000000000001,0.085,0.117,11.021
2020-02-18 19:00:00-03:00,0.053,0.023,0.049,9.882
2020-02-18 20:00:00-03:00,0.007,0.008,0.009000000000000001,8.821
2020-02-18 21:00:00-03:00,0.0,0.0,0.0,8.112
2020-02-18 22:00:00-03:00,0.0,0.0,0.0,7.634
2020-02-18 23:00:00-03:00,0.0,0.0,0.0,7.061
2020-02-19 00:00:00-03:00,0.0,0.0,0.0,6.469
2020-02-19 01:00:00-03:00,0.0,0.0,0.0,5.991
2020-02-19 02:00:00-03:00,0.0,0.0,0.0,5.64
2020-02-19 03:00:00-03:00,0.0,0.0,0.0,5.381
2020-02-19 04:00:00-03:00,0.0,0.0,0.0,5.146
2020-02-19 05:00:00-03:00,0.0,0.0,0.0,4.9
2020-02-19 06:00:00-03:00,0.004,0.011,0.002,4.818
2020-02-19 07:00:00-03:00,0.23600000000000002,0.218,0.045,5.322
2020-02-19 08:00:00-03:00,0.33,0.265,0.1,6.372
2020-02-19 09:00:00-03:00,0.685,0.668,0.132,7.781
2020-02-19 10:00:00-03:00,0.74,0.717,0.165,9.17
2020-02-19 11:00:00-03:00,0.774,0.746,0.192,10.386
2020-02-19 12:00:00-03:00,0.8,0.776,0.20600000000000002,11.46
2020-02-19 13:00:00-03:00,0.8250000000000001,0.8290000000000001,0.197,12.345
2020-02-19 14:00:00-03:00,0.812,0.81,0.199,12.737
2020-02-19 15:00:00-03:00,0.797,0.793,0.192,12.666
2020-02-19 16:00:00-03:00,0.756,0.75,0.17200000000000001,12.38
2020-02-19 17:00:00-03:00,0.6930000000000001,0.6890000000000001,0.14100000000000001,11.765
2020-02-19 18:00:00-03:00,0.561,0.541,0.108,10.737
2020-02-19 19:00:00-03:00,0.297,0.267,0.067,9.461
2020-02-19 20:00:00-03:00,0.03,0.035,0.012,8.082
2020-02-19 21:00:00-03:00,0.0,0.0,0.0,7.214
2020-02-19 22:00:00-03:00,0.0,0.0,0.0,6.3870000000000005
2020-02-19 23:00:00-03:00,0.0,0.0,0.0,5.849
2020-02-20 00:00:00-03:00,0.0,0.0,0.0,4.983
2020-02-20 01:00:00-03:00,0.0,0.0,0.0,3.941
2020-02-20 02:00:00-03:00,0.0,0.0,0.0,3.259
2020-02-20 03:00:00-03:00,0.0,0.0,0.0,2.763
2020-02-20 04:00:00-03:00,0.0,0.0,0.0,2.324
2020-02-20 05:00:00-03:00,0.0,0.0,0.0,2.001
2020-02-20 06:00:00-03:00,0.007,0.015,0.002,1.804
2020-02-20 07:00:00-03:00,0.261,0.244,0.043000000000000003,3.529
2020-02-20 08:00:00-03:00,0.523,0.492,0.094,5.841
2020-02-20 09:00:00-03:00,0.7000000000000001,0.6920000000000001,0.129,7.945
2020-02-20 10:00:00-03:00,0.769,0.767,0.16,9.73
2020-02-20 11:00:00-03:00,0.8230000000000001,0.835,0.183,11.497
2020-02-20 12:00:00-03:00,0.8230000000000001,0.8290000000000001,0.199,13.057
2020-02-20 13:00:00-03:00,0.809,0.8170000000000001,0.197,14.463
2020-02-20 14:00:00-03:00,0.804,0.8200000000000001,0.195,15.666
2020-02-20 15:00:00-03:00,0.708,0.668,0.20500000000000002,16.422
2020-02-20 16:00:00-03:00,0.6930000000000001,0.676,0.177,16.96
2020-02-20 17:00:00-03:00,0.598,0.5720000000000001,0.149,17.064
2020-02-20 18:00:00-03:00,0.363,0.304,0.11800000000000001,16.493
2020-02-20 19:00:00-03:00,0.216,0.186,0.066,15.073
2020-02-20 20:00:00-03:00,0.043000000000000003,0.051000000000000004,0.011,12.207
2020-02-20 21:00:00-03:00,0.0,0.0,0.0,11.266
2020-02-20 22:00:00-03:00,0.0,0.0,0.0,10.937
2020-02-20 23:00:00-03:00,0.0,0.0,0.0,10.337
2020-02-21 00:00:00-03:00,0.0,0.0,0.0,9.785
2020-02-21 01:00:00-03:00,0.0,0.0,0.0,9.206
2020-02-21 02:00:00-03:00,0.0,0.0,0.0,8.799
2020-02-21 03:00:00-03:00,0.0,0.0,0.0,8.472
2020-02-21 04:00:00-03:00,0.0,0.0,0.0,8.406
2020-02-21 05:00:00-03:00,0.0,0.0,0.0,8.523
2020-02-21 06:00:00-03:00,0.0,0.005,0.001,8.971
2020-02-21 07:00:00-03:00,0.128,0.117,0.035,10.05
2020-02-21 08:00:00-03:00,0.37,0.332,0.088,11.725
2020-02-21 09:00:00-03:00,0.633,0.641,0.116,14.215
2020-02-21 10:00:00-03:00,0.755,0.809,0.136,16.788
2020-02-21 11:00:00-03:00,0.794,0.861,0.156,18.466
2020-02-21 12:00:00-03:00,0.784,0.838,0.17,19.571
2020-02-21 13:00:00-03:00,0.6880000000000001,0.67,0.193,20.119
2020-02-21 14:00:00-03:00,0.529,0.405,0.23500000000000001,20.077
2020-02-21 15:00:00-03:00,0.47800000000000004,0.353,0.219,19.934
2020-02-21 16:00:00-03:00,0.23500000000000001,0.108,0.169,19.13
2020-02-21 17:00:00-03:00,0.336,0.242,0.153,18.816
2020-02-21 18:00:00-03:00,0.34,0.28700000000000003,0.111,18.191
2020-02-21 19:00:00-03:00,0.056,0.033,0.045,16.533
2020-02-21 20:00:00-03:00,0.0,0.003,0.004,14.361
2020-02-21 21:00:00-03:00,0.0,0.0,0.0,13.236
2020-02-21 22:00:00-03:00,0.0,0.0,0.0,12.631
2020-02-21 23:00:00-03:00,0.0,0.0,0.0,12.048
2020-02-22 00:00:00-03:00,0.0,0.0,0.0,11.52
2020-02-22 01:00:00-03:00,0.0,0.0,0.0,10.552
2020-02-22 02:00:00-03:00,0.0,0.0,0.0,9.965
2020-02-22 03:00:00-03:00,0.0,0.0,0.0,9.674
2020-02-22 04:00:00-03:00,0.0,0.0,0.0,9.339
2020-02-22 05:00:00-03:00,0.0,0.0,0.0,9.068
2020-02-22 06:00:00-03:00,0.0,0.0,0.001,8.996
2020-02-22 07:00:00-03:00,0.109,0.101,0.032,10.408
2020-02-22 08:00:00-03:00,0.266,0.22,0.084,12.84
2020-02-22 09:00:00-03:00,0.493,0.455,0.123,15.251
2020-02-22 10:00:00-03:00,0.669,0.685,0.14,17.986
2020-02-22 11:00:00-03:00,0.799,0.888,0.149,20.447
2020-02-22 12:00:00-03:00,0.8180000000000001,0.932,0.153,22.77
2020-02-22 13:00:00-03:00,0.806,0.9490000000000001,0.129,24.629
2020-02-22 14:00:00-03:00,0.796,0.93,0.137,25.585
2020-02-22 15:00:00-03:00,0.747,0.8280000000000001,0.155,25.276
2020-02-22 16:00:00-03:00,0.538,0.499,0.164,23.227
2020-02-22 17:00:00-03:00,0.384,0.315,0.14200000000000002,20.361
2020-02-22 18:00:00-03:00,0.339,0.295,0.10200000000000001,17.978
2020-02-22 19:00:00-03:00,0.23600000000000002,0.218,0.057,15.721
2020-02-22 20:00:00-03:00,0.015,0.021,0.007,12.897
2020-02-22 21:00:00-03:00,0.0,0.0,0.0,10.605
2020-02-22 22:00:00-03:00,0.0,0.0,0.0,8.893
2020-02-22 23:00:00-03:00,0.0,0.0,0.0,7.818
2020-02-23 00:00:00-03:00,0.0,0.0,0.0,7.402
2020-02-23 01:00:00-03:00,0.0,0.0,0.0,7.36
2020-02-23 02:00:00-03:00,0.0,0.0,0.0,7.277
2020-02-23 03:00:00-03:00,0.0,0.0,0.0,7.034
2020-02-23 04:00:00-03:00,0.0,0.0,0.0,6.743
2020-02-23 05:00:00-03:00,0.0,0.0,0.0,6.605
2020-02-23 06:00:00-03:00,0.0,0.0,0.0,6.75
2020-02-23 07:00:00-03:00,0.083,0.07200000000000001,0.031,7.145
2020-02-23 08:00:00-03:00,0.253,0.192,0.092,8.144
2020-02-23 09:00:00-03:00,0.23700000000000002,0.133,0.134,9.061
2020-02-23 10:00:00-03:00,0.192,0.068,0.152,9.579
2020-02-23 11:00:00-03:00,0.271,0.108,0.2,10.717
2020-02-23 12:00:00-03:00,0.45,0.264,0.252,12.35
2020-02-23 13:00:00-03:00,0.419,0.187,0.294,13.239
2020-02-23 14:00:00-03:00,0.374,0.149,0.28,13.583
2020-02-23 15:00:00-03:00,0.23900000000000002,0.069,0.20700000000000002,13.439
2020-02-23 16:00:00-03:00,0.153,0.035,0.147,12.955
2020-02-23 17:00:00-03:00,0.128,0.035,0.11900000000000001,12.446
2020-02-23 18:00:00-03:00,0.125,0.055,0.096,11.898
2020-02-23 19:00:00-03:00,0.07100000000000001,0.042,0.049,10.759
2020-02-23 20:00:00-03:00,0.007,0.011,0.006,9.252
2020-02-23 21:00:00-03:00,0.0,0.0,0.0,8.12
2020-02-23 22:00:00-03:00,0.0,0.0,0.0,7.263
2020-02-23 23:00:00-03:00,0.0,0.0,0.0,6.467
2020-02-24 00:00:00-03:00,0.0,0.0,0.0,5.447
2020-02-24 01:00:00-03:00,0.0,0.0,0.0,4.835
2020-02-24 02:00:00-03:00,0.0,0.0,0.0,4.639
2020-02-24 03:00:00-03:00,0.0,0.0,0.0,4.704
2020-02-24 04:00:00-03:00,0.0,0.0,0.0,4.889
2020-02-24 05:00:00-03:00,0.0,0.0,0.0,5.012
2020-02-24 06:00:00-03:00,0.0,0.0,0.0,5.134
2020-02-24 07:00:00-03:00,0.052000000000000005,0.046,0.024,5.456
2020-02-24 08:00:00-03:00,0.23600000000000002,0.18,0.083,6.382
2020-02-24 09:00:00-03:00,0.437,0.36,0.129,7.547
2020-02-24 10:00:00-03:00,0.443,0.332,0.166,8.553
2020-02-24 11:00:00-03:00,0.468,0.332,0.199,9.368
2020-02-24 12:00:00-03:00,0.558,0.424,0.22,10.265
2020-02-24 13:00:00-03:00,0.618,0.494,0.23,11.055
2020-02-24 14:00:00-03:00,0.673,0.602,0.199,11.541
2020-02-24 15:00:00-03:00,0.73,0.712,0.17,11.915
2020-02-24 16:00:00-03:00,0.709,0.7020000000000001,0.15,11.879
2020-02-24 17:00:00-03:00,0.5630000000000001,0.522,0.131,11.23
2020-02-24 18:00:00-03:00,0.339,0.279,0.10300000000000001,10.231
2020-02-24 19:00:00-03:00,0.10200000000000001,0.075,0.05,9.086
2020-02-24 20:00:00-03:00,0.005,0.009000000000000001,0.005,7.715
2020-02-24 21:00:00-03:00,0.0,0.0,0.0,6.626
2020-02-24 22:00:00-03:00,0.0,0.0,0.0,6.154
2020-02-24 23:00:00-03:00,0.0,0.0,0.0,5.974
2020-02-25 00:00:00-03:00,0.0,0.0,0.0,5.814
2020-02-25 01:00:00-03:00,0.0,0.0,0.0,5.792
2020-02-25 02:00:00-03:00,0.0,0.0,0.0,5.843
2020-02-25 03:00:00-03:00,0.0,0.0,0.0,5.839
2020-02-25 04:00:00-03:00,0.0,0.0,0.0,5.77
2020-02-25 05:00:00-03:00,0.0,0.0,0.0,5.735
2020-02-25 06:00:00-03:00,0.0,0.0,0.0,5.734
2020-02-25 07:00:00-03:00,0.053,0.047,0.024,6.101
2020-02-25 08:00:00-03:00,0.133,0.081,0.075,7.162
2020-02-25 09:00:00-03:00,0.291,0.191,0.135,8.768
2020-02-25 10:00:00-03:00,0.272,0.14200000000000002,0.165,10.464
2020-02-25 11:00:00-03:00,0.361,0.199,0.212,12.244
2020-02-25 12:00:00-03:00,0.36,0.171,0.242,13.728
2020-02-25 13:00:00-03:00,0.393,0.161,0.293,14.81
2020-02-25 14:00:00-03:00,0.417,0.209,0.276,15.73
2020-02-25 15:00:00-03:00,0.483,0.342,0.226,16.47
2020-02-25 16:00:00-03:00,0.441,0.323,0.194,16.663
2020-02-25 17:00:00-03:00,0.176,0.076,0.133,16.079
2020-02-25 18:00:00-03:00,0.081,0.029,0.076,14.921
2020-02-25 19:00:00-03:00,0.061,0.037,0.045,13.649000000000001
2020-02-25 20:00:00-03:00,0.005,0.009000000000000001,0.005,12.482
2020-02-25 21:00:00-03:00,0.0,0.0,0.0,12.244
2020-02-25 22:00:00-03:00,0.0,0.0,0.0,12.33
2020-02-25 23:00:00-03:00,0.0,0.0,0.0,12.101
2020-02-26 00:00:00-03:00,0.0,0.0,0.0,12.08
2020-02-26 01:00:00-03:00,0.0,0.0,0.0,12.208
2020-02-26 02:00:00-03:00,0.0,0.0,0.0,12.251
2020-02-26 03:00:00-03:00,0.0,0.0,0.0,12.149
2020-02-26 04:00:00-03:00,0.0,0.0,0.0,12.108
2020-02-26 05:00:00-03:00,0.0,0.0,0.0,12.029
2020-02-26 06:00:00-03:00,0.0,0.0,0.0,11.838
2020-02-26 07:00:00-03:00,0.164,0.163,0.029,11.992
2020-02-26 08:00:00-03:00,0.35000000000000003,0.316,0.084,13.035
2020-02-26 09:00:00-03:00,0.456,0.401,0.129,14.382
2020-02-26 10:00:00-03:00,0.379,0.269,0.169,15.45
2020-02-26 11:00:00-03:00,0.379,0.231,0.209,16.213
2020-02-26 12:00:00-03:00,0.41200000000000003,0.233,0.247,16.521
2020-02-26 13:00:00-03:00,0.328,0.099,0.28,15.855
2020-02-26 14:00:00-03:00,0.276,0.07100000000000001,0.249,15.247
2020-02-26 15:00:00-03:00,0.315,0.135,0.228,15.236
2020-02-26 16:00:00-03:00,0.256,0.115,0.181,14.975
2020-02-26 17:00:00-03:00,0.243,0.134,0.146,14.399000000000001
2020-02-26 18:00:00-03:00,0.122,0.06,0.088,13.088
2020-02-26 19:00:00-03:00,0.09,0.064,0.049,11.571
2020-02-26 20:00:00-03:00,0.0,0.002,0.002,10.173
2020-02-26 21:00:00-03:00,0.0,0.0,0.0,9.2
2020-02-26 22:00:00-03:00,0.0,0.0,0.0,8.388
2020-02-26 23:00:00-03:00,0.0,0.0,0.0,7.399
2020-02-27 00:00:00-03:00,0.0,0.0,0.0,6.745
2020-02-27 01:00:00-03:00,0.0,0.0,0.0,6.65
2020-02-27 02:00:00-03:00,0.0,0.0,0.0,6.71
2020-02-27 03:00:00-03:00,0.0,0.0,0.0,6.867
2020-02-27 04:00:00-03:00,0.0,0.0,0.0,6.943
2020-02-27 05:00:00-03:00,0.0,0.0,0.0,6.907
2020-02-27 06:00:00-03:00,0.0,0.0,0.0,6.809
2020-02-27 07:00:00-03:00,0.117,0.115,0.024,7.007
2020-02-27 08:00:00-03:00,0.261,0.215,0.077,7.803
2020-02-27 09:00:00-03:00,0.295,0.214,0.116,8.676
2020-02-27 10:00:00-03:00,0.642,0.611,0.14100000000000001,9.944
2020-02-27 11:00:00-03:00,0.808,0.849,0.145,11.293
2020-02-27 12:00:00-03:00,0.8150000000000001,0.86,0.15,12.336
2020-02-27 13:00:00-03:00,0.797,0.86,0.131,13.428
2020-02-27 14:00:00-03:00,0.809,0.881,0.132,14.372
2020-02-27 15:00:00-03:00,0.738,0.756,0.151,14.489
2020-02-27 16:00:00-03:00,0.747,0.786,0.134,14.321
2020-02-27 17:00:00-03:00,0.603,0.598,0.117,13.659
2020-02-27 18:00:00-03:00,0.47600000000000003,0.463,0.08600000000000001,12.669
2020-02-27 19:00:00-03:00,0.252,0.23900000000000002,0.047,11.154
2020-02-27 20:00:00-03:00,0.009000000000000001,0.016,0.004,9.366
2020-02-27 21:00:00-03:00,0.0,0.0,0.0,8.267
2020-02-27 22:00:00-03:00,0.0,0.0,0.0,7.796
2020-02-27 23:00:00-03:00,0.0,0.0,0.0,7.601
2020-02-28 00:00:00-03:00,0.0,0.0,0.0,7.432
2020-02-28 01:00:00-03:00,0.0,0.0,0.0,7.303
2020-02-28 02:00:00-03:00,0.0,0.0,0.0,7.234
2020-02-28 03:00:00-03:00,0.0,0.0,0.0,7.111
2020-02-28 04:00:00-03:00,0.0,0.0,0.0,7.039
2020-02-28 05:00:00-03:00,0.0,0.0,0.0,7.062
2020-02-28 06:00:00-03:00,0.0,0.0,0.0,7.139
2020-02-28 07:00:00-03:00,0.028,0.026000000000000002,0.018000000000000002,7.455
2020-02-28 08:00:00-03:00,0.115,0.07,0.068,8.332
2020-02-28 09:00:00-03:00,0.392,0.314,0.128,9.621
2020-02-28 10:00:00-03:00,0.705,0.6960000000000001,0.146,11.164
2020-02-28 11:00:00-03:00,0.678,0.636,0.176,12.553
2020-02-28 12:00:00-03:00,0.648,0.5680000000000001,0.20700000000000002,13.546
2020-02-28 13:00:00-03:00,0.5710000000000001,0.41300000000000003,0.261,13.944
2020-02-28 14:00:00-03:00,0.507,0.325,0.267,14.031
2020-02-28 15:00:00-03:00,0.392,0.214,0.23700000000000002,13.859
2020-02-28 16:00:00-03:00,0.11800000000000001,0.022,0.122,13.032
2020-02-28 17:00:00-03:00,0.069,0.012,0.079,12.569
2020-02-28 18:00:00-03:00,0.077,0.025,0.074,12.326
2020-02-28 19:00:00-03:00,0.005,0.002,0.013000000000000001,11.48
2020-02-28 20:00:00-03:00,0.0,0.0,0.001,10.847
2020-02-28 21:00:00-03:00,0.0,0.0,0.0,10.675
2020-02-28 22:00:00-03:00,0.0,0.0,0.0,10.712
2020-02-28 23:00:00-03:00,0.0,0.0,0.0,10.859
2020-02-29 00:00:00-03:00,0.0,0.0,0.0,11.014
2020-02-29 01:00:00-03:00,0.0,0.0,0.0,10.812
2020-02-29 02:00:00-03:00,0.0,0.0,0.0,10.604
2020-02-29 03:00:00-03:00,0.0,0.0,0.0,10.453
2020-02-29 04:00:00-03:00,0.0,0.0,0.0,10.612
2020-02-29 05:00:00-03:00,0.0,0.0,0.0,11.068
2020-02-29 06:00:00-03:00,0.0,0.0,0.0,11.701
2020-02-29 07:00:00-03:00,0.114,0.115,0.024,12.026
2020-02-29 08:00:00-03:00,0.242,0.199,0.079,13.256
2020-02-29 09:00:00-03:00,0.319,0.24,0.128,14.871
2020-02-29 10:00:00-03:00,0.393,0.28600000000000003,0.17200000000000001,16.495
2020-02-29 11:00:00-03:00,0.395,0.25,0.213,17.509
2020-02-29 12:00:00-03:00,0.355,0.167,0.249,18.017
2020-02-29 13:00:00-03:00,0.276,0.057,0.267,18.01
2020-02-29 14:00:00-03:00,0.20500000000000002,0.03,0.213,17.882
2020-02-29 15:00:00-03:00,0.184,0.036000000000000004,0.183,18.067
2020-02-29 16:00:00-03:00,0.151,0.035,0.149,18.032
2020-02-29 17:00:00-03:00,0.074,0.014,0.084,17.518
2020-02-29 18:00:00-03:00,0.064,0.02,0.067,16.919
2020-02-29 19:00:00-03:00,0.044,0.027,0.037,15.978
2020-02-29 20:00:00-03:00,0.0,0.002,0.002,14.792
2020-02-29 21:00:00-03:00,0.0,0.0,0.0,14.004
2020-02-29 22:00:00-03:00,0.0,0.0,0.0,13.339
2020-02-29 23:00:00-03:00,0.0,0.0,0.0,12.751
2020-03-01 00:00:00-03:00,0.0,0.0,0.0,12.345
2020-03-01 01:00:00-03:00,0.0,0.0,0.0,12.049
2020-03-01 02:00:00-03:00,0.0,0.0,0.0,11.833
2020-03-01 03:00:00-03:00,0.0,0.0,0.0,11.627
2020-03-01 04:00:00-03:00,0.0,0.0,0.0,11.153
2020-03-01 05:00:00-03:00,0.0,0.0,0.0,10.541
2020-03-01 06:00:00-03:00,0.0,0.0,0.0,9.787
2020-03-01 07:00:00-03:00,0.145,0.149,0.022,9.973
2020-03-01 08:00:00-03:00,0.28700000000000003,0.253,0.07200000000000001,11.368
2020-03-01 09:00:00-03:00,0.449,0.403,0.113,12.525
2020-03-01 10:00:00-03:00,0.778,0.839,0.125,13.889
2020-03-01 11:00:00-03:00,0.8,0.858,0.146,15.073
2020-03-01 12:00:00-03:00,0.467,0.326,0.22,15.675
2020-03-01 13:00:00-03:00,0.382,0.168,0.275,16.104
2020-03-01 14:00:00-03:00,0.47100000000000003,0.301,0.254,16.807
2020-03-01 15:00:00-03:00,0.589,0.52,0.191,17.597
2020-03-01 16:00:00-03:00,0.47100000000000003,0.388,0.169,17.763
2020-03-01 17:00:00-03:00,0.419,0.361,0.131,17.569
2020-03-01 18:00:00-03:00,0.439,0.428,0.08700000000000001,16.83
2020-03-01 19:00:00-03:00,0.20400000000000001,0.195,0.044,15.142
2020-03-01 20:00:00-03:00,0.001,0.005,0.002,13.04
2020-03-01 21:00:00-03:00,0.0,0.0,0.0,11.737
2020-03-01 22:00:00-03:00,0.0,0.0,0.0,10.54
2020-03-01 23:00:00-03:00,0.0,0.0,0.0,9.725
2020-03-02 00:00:00-03:00,0.0,0.0,0.0,9.071
2020-03-02 01:00:00-03:00,0.0,0.0,0.0,8.166
2020-03-02 02:00:00-03:00,0.0,0.0,0.0,7.546
2020-03-02 03:00:00-03:00,0.0,0.0,0.0,7.592
2020-03-02 04:00:00-03:00,0.0,0.0,0.0,7.664
2020-03-02 05:00:00-03:00,0.0,0.0,0.0,7.586
2020-03-02 06:00:00-03:00,0.0,0.0,0.0,8.156
2020-03-02 07:00:00-03:00,0.007,0.007,0.01,8.641
2020-03-02 08:00:00-03:00,0.055,0.023,0.051000000000000004,10.316
2020-03-02 09:00:00-03:00,0.107,0.037,0.095,11.848
2020-03-02 10:00:00-03:00,0.152,0.044,0.136,13.565
2020-03-02 11:00:00-03:00,0.217,0.065,0.188,15.292
2020-03-02 12:00:00-03:00,0.23800000000000002,0.059000000000000004,0.22,16.464
2020-03-02 13:00:00-03:00,0.275,0.051000000000000004,0.27,16.883
2020-03-02 14:00:00-03:00,0.232,0.037,0.23500000000000001,16.641
2020-03-02 15:00:00-03:00,0.176,0.031,0.178,16.271
2020-03-02 16:00:00-03:00,0.157,0.037,0.151,15.979
2020-03-02 17:00:00-03:00,0.152,0.056,0.127,15.662
2020-03-02 18:00:00-03:00,0.10200000000000001,0.046,0.082,15.059
2020-03-02 19:00:00-03:00,0.023,0.012,0.027,13.969
2020-03-02 20:00:00-03:00,0.0,0.001,0.001,12.581
2020-03-02 21:00:00-03:00,0.0,0.0,0.0,11.322
2020-03-02 22:00:00-03:00,0.0,0.0,0.0,9.574
2020-03-02 23:00:00-03:00,0.0,0.0,0.0,8.398
2020-03-03 00:00:00-03:00,0.0,0.0,0.0,7.598
2020-03-03 01:00:00-03:00,0.0,0.0,0.0,6.85
2020-03-03 02:00:00-03:00,0.0,0.0,0.0,6.138
2020-03-03 03:00:00-03:00,0.0,0.0,0.0,5.633
2020-03-03 04:00:00-03:00,0.0,0.0,0.0,5.359
2020-03-03 05:00:00-03:00,0.0,0.0,0.0,6.161
2020-03-03 06:00:00-03:00,0.0,0.0,0.0,6.856
2020-03-03 07:00:00-03:00,0.004,0.005,0.008,7.323
2020-03-03 08:00:00-03:00,0.039,0.014,0.042,8.008
2020-03-03 09:00:00-03:00,0.09,0.026000000000000002,0.085,9.104
2020-03-03 10:00:00-03:00,0.139,0.036000000000000004,0.129,10.554
2020-03-03 11:00:00-03:00,0.211,0.059000000000000004,0.184,12.171
2020-03-03 12:00:00-03:00,0.266,0.075,0.231,14.095
2020-03-03 13:00:00-03:00,0.333,0.09,0.296,16.081
2020-03-03 14:00:00-03:00,0.354,0.123,0.291,17.914
2020-03-03 15:00:00-03:00,0.23900000000000002,0.066,0.216,18.692
2020-03-03 16:00:00-03:00,0.078,0.009000000000000001,0.094,17.807
2020-03-03 17:00:00-03:00,0.048,0.006,0.063,17.005
2020-03-03 18:00:00-03:00,0.037,0.008,0.047,16.314
2020-03-03 19:00:00-03:00,0.052000000000000005,0.037,0.036000000000000004,15.272
2020-03-03 20:00:00-03:00,0.0,0.002,0.001,13.329
2020-03-03 21:00:00-03:00,0.0,0.0,0.0,11.664
2020-03-03 22:00:00-03:00,0.0,0.0,0.0,10.526
2020-03-03 23:00:00-03:00,0.0,0.0,0.0,10.098
2020-03-04 00:00:00-03:00,0.0,0.0,0.0,9.698
2020-03-04 01:00:00-03:00,0.0,0.0,0.0,9.629
2020-03-04 02:00:00-03:00,0.0,0.0,0.0,9.823
2020-03-04 03:00:00-03:00,0.0,0.0,0.0,10.089
2020-03-04 04:00:00-03:00,0.0,0.0,0.0,10.149
2020-03-04 05:00:00-03:00,0.0,0.0,0.0,9.926
2020-03-04 06:00:00-03:00,0.0,0.0,0.0,9.473
2020-03-04 07:00:00-03:00,0.036000000000000004,0.039,0.014,9.152
2020-03-04 08:00:00-03:00,0.169,0.13,0.067,10.886
2020-03-04 09:00:00-03:00,0.176,0.1,0.105,12.1
2020-03-04 10:00:00-03:00,0.213,0.099,0.149,13.611
2020-03-04 11:00:00-03:00,0.202,0.065,0.17200000000000001,15.261
2020-03-04 12:00:00-03:00,0.231,0.065,0.20500000000000002,15.737
2020-03-04 13:00:00-03:00,0.41600000000000004,0.20400000000000001,0.28300000000000003,16.667
2020-03-04 14:00:00-03:00,0.731,0.746,0.169,17.857
2020-03-04 15:00:00-03:00,0.658,0.642,0.167,17.901
2020-03-04 16:00:00-03:00,0.715,0.752,0.139,17.622
2020-03-04 17:00:00-03:00,0.341,0.262,0.134,16.375
2020-03-04 18:00:00-03:00,0.124,0.074,0.077,15.088
2020-03-04 19:00:00-03:00,0.085,0.07200000000000001,0.037,13.667
2020-03-04 20:00:00-03:00,0.0,0.001,0.001,11.398
2020-03-04 21:00:00-03:00,0.0,0.0,0.0,10.782
2020-03-04 22:00:00-03:00,0.0,0.0,0.0,10.329
2020-03-04 23:00:00-03:00,0.0,0.0,0.0,9.481
2020-03-05 00:00:00-03:00,0.0,0.0,0.0,9.083
2020-03-05 01:00:00-03:00,0.0,0.0,0.0,8.756
2020-03-05 02:00:00-03:00,0.0,0.0,0.0,8.415
2020-03-05 03:00:00-03:00,0.0,0.0,0.0,8.14
2020-03-05 04:00:00-03:00,0.0,0.0,0.0,8.273
2020-03-05 05:00:00-03:00,0.0,0.0,0.0,8.124
2020-03-05 06:00:00-03:00,0.0,0.0,0.0,8.049
2020-03-05 07:00:00-03:00,0.167,0.177,0.015,8.477
2020-03-05 08:00:00-03:00,0.562,0.593,0.057,10.557
2020-03-05 09:00:00-03:00,0.6920000000000001,0.746,0.08700000000000001,12.916
2020-03-05 10:00:00-03:00,0.784,0.878,0.108,16.36
2020-03-05 11:00:00-03:00,0.8160000000000001,0.931,0.122,18.498
2020-03-05 12:00:00-03:00,0.8220000000000001,0.9510000000000001,0.122,20.005
2020-03-05 13:00:00-03:00,0.799,0.9500000000000001,0.092,21.124
2020-03-05 14:00:00-03:00,0.794,0.936,0.10200000000000001,21.881
2020-03-05 15:00:00-03:00,0.77,0.878,0.124,22.363
2020-03-05 16:00:00-03:00,0.636,0.669,0.129,22.388
2020-03-05 17:00:00-03:00,0.453,0.435,0.112,21.976
2020-03-05 18:00:00-03:00,0.532,0.577,0.07,21.215
2020-03-05 19:00:00-03:00,0.291,0.307,0.033,17.861
2020-03-05 20:00:00-03:00,0.0,0.003,0.001,14.969
2020-03-05 21:00:00-03:00,0.0,0.0,0.0,14.104
2020-03-05 22:00:00-03:00,0.0,0.0,0.0,13.189
2020-03-05 23:00:00-03:00,0.0,0.0,0.0,11.961
2020-03-06 00:00:00-03:00,0.0,0.0,0.0,10.935
2020-03-06 01:00:00-03:00,0.0,0.0,0.0,10.399000000000001
2020-03-06 02:00:00-03:00,0.0,0.0,0.0,10.732
2020-03-06 03:00:00-03:00,0.0,0.0,0.0,10.488
2020-03-06 04:00:00-03:00,0.0,0.0,0.0,9.668
2020-03-06 05:00:00-03:00,0.0,0.0,0.0,9.896
2020-03-06 06:00:00-03:00,0.0,0.0,0.0,10.065
2020-03-06 07:00:00-03:00,0.0,0.001,0.003,10.183
2020-03-06 08:00:00-03:00,0.011,0.003,0.02,10.761
2020-03-06 09:00:00-03:00,0.066,0.016,0.07100000000000001,12.22
2020-03-06 10:00:00-03:00,0.049,0.005,0.063,12.892
2020-03-06 11:00:00-03:00,0.065,0.005,0.081,13.649000000000001
2020-03-06 12:00:00-03:00,0.092,0.007,0.109,14.318
2020-03-06 13:00:00-03:00,0.217,0.029,0.225,15.869
2020-03-06 14:00:00-03:00,0.5740000000000001,0.439,0.259,19.247
2020-03-06 15:00:00-03:00,0.559,0.48,0.20500000000000002,21.468
2020-03-06 16:00:00-03:00,0.497,0.427,0.179,22.513
2020-03-06 17:00:00-03:00,0.216,0.122,0.137,21.363
2020-03-06 18:00:00-03:00,0.054,0.019,0.056,17.449
2020-03-06 19:00:00-03:00,0.032,0.022,0.027,13.619
2020-03-06 20:00:00-03:00,0.0,0.001,0.001,11.152
2020-03-06 21:00:00-03:00,0.0,0.0,0.0,9.424
2020-03-06 22:00:00-03:00,0.0,0.0,0.0,8.14
2020-03-06 23:00:00-03:00,0.0,0.0,0.0,7.409
2020-03-07 00:00:00-03:00,0.0,0.0,0.0,6.727
2020-03-07 01:00:00-03:00,0.0,0.0,0.0,6.375
2020-03-07 02:00:00-03:00,0.0,0.0,0.0,5.864
2020-03-07 03:00:00-03:00,0.0,0.0,0.0,5.881
2020-03-07 04:00:00-03:00,0.0,0.0,0.0,5.832
2020-03-07 05:00:00-03:00,0.0,0.0,0.0,5.138
2020-03-07 06:00:00-03:00,0.0,0.0,0.0,4.978
2020-03-07 07:00:00-03:00,0.011,0.014,0.009000000000000001,5.829
2020-03-07 08:00:00-03:00,0.049,0.025,0.042,6.839
2020-03-07 09:00:00-03:00,0.106,0.043000000000000003,0.08600000000000001,7.711
2020-03-07 10:00:00-03:00,0.305,0.181,0.161,8.755
2020-03-07 11:00:00-03:00,0.438,0.295,0.201,9.792
2020-03-07 12:00:00-03:00,0.54,0.401,0.222,10.91
2020-03-07 13:00:00-03:00,0.6950000000000001,0.64,0.195,12.349
2020-03-07 14:00:00-03:00,0.723,0.708,0.17200000000000001,13.366
2020-03-07 15:00:00-03:00,0.658,0.607,0.182,13.557
2020-03-07 16:00:00-03:00,0.277,0.138,0.178,12.864
2020-03-07 17:00:00-03:00,0.064,0.012,0.073,11.893
2020-03-07 18:00:00-03:00,0.024,0.005,0.034,10.623
2020-03-07 19:00:00-03:00,0.002,0.002,0.008,9.589
2020-03-07 20:00:00-03:00,0.0,0.0,0.0,9.282
2020-03-07 21:00:00-03:00,0.0,0.0,0.0,9.176
2020-03-07 22:00:00-03:00,0.0,0.0,0.0,9.022
2020-03-07 23:00:00-03:00,0.0,0.0,0.0,8.91
2020-03-08 00:00:00-03:00,0.0,0.0,0.0,8.96
2020-03-08 01:00:00-03:00,0.0,0.0,0.0,9.068
2020-03-08 02:00:00-03:00,0.0,0.0,0.0,9.031
2020-03-08 03:00:00-03:00,0.0,0.0,0.0,8.91
2020-03-08 04:00:00-03:00,0.0,0.0,0.0,8.709
2020-03-08 05:00:00-03:00,0.0,0.0,0.0,8.265
2020-03-08 06:00:00-03:00,0.0,0.0,0.0,7.679
2020-03-08 07:00:00-03:00,0.066,0.074,0.011,7.431
2020-03-08 08:00:00-03:00,0.386,0.374,0.057,8.216
2020-03-08 09:00:00-03:00,0.665,0.6930000000000001,0.088,9.698
2020-03-08 10:00:00-03:00,0.762,0.8150000000000001,0.11,11.304
2020-03-08 11:00:00-03:00,0.795,0.857,0.126,12.737
2020-03-08 12:00:00-03:00,0.793,0.855,0.131,13.894
2020-03-08 13:00:00-03:00,0.772,0.844,0.115,14.755
2020-03-08 14:00:00-03:00,0.753,0.805,0.127,15.011
2020-03-08 15:00:00-03:00,0.722,0.748,0.137,14.887
2020-03-08 16:00:00-03:00,0.654,0.658,0.131,14.523
2020-03-08 17:00:00-03:00,0.425,0.374,0.116,13.793
2020-03-08 18:00:00-03:00,0.314,0.281,0.076,12.755
2020-03-08 19:00:00-03:00,0.11900000000000001,0.114,0.029,11.127
2020-03-08 20:00:00-03:00,0.0,0.0,0.0,9.27
2020-03-08 21:00:00-03:00,0.0,0.0,0.0,8.011
2020-03-08 22:00:00-03:00,0.0,0.0,0.0,7.077
2020-03-08 23:00:00-03:00,0.0,0.0,0.0,6.443
2020-03-09 00:00:00-03:00,0.0,0.0,0.0,6.546
2020-03-09 01:00:00-03:00,0.0,0.0,0.0,6.859
2020-03-09 02:00:00-03:00,0.0,0.0,0.0,6.872
2020-03-09 03:00:00-03:00,0.0,0.0,0.0,6.751
2020-03-09 04:00:00-03:00,0.0,0.0,0.0,6.782
2020-03-09 05:00:00-03:00,0.0,0.0,0.0,6.895
2020-03-09 06:00:00-03:00,0.0,0.0,0.0,7.036
2020-03-09 07:00:00-03:00,0.002,0.004,0.005,7.356
2020-03-09 08:00:00-03:00,0.014,0.005,0.021,7.993
2020-03-09 09:00:00-03:00,0.04,0.008,0.05,8.799
2020-03-09 10:00:00-03:00,0.096,0.018000000000000002,0.1,9.983
2020-03-09 11:00:00-03:00,0.154,0.03,0.15,11.04
2020-03-09 12:00:00-03:00,0.218,0.047,0.20400000000000001,11.964
2020-03-09 13:00:00-03:00,0.319,0.083,0.281,12.865
2020-03-09 14:00:00-03:00,0.41500000000000004,0.194,0.28400000000000003,13.86
2020-03-09 15:00:00-03:00,0.362,0.19,0.226,14.295
2020-03-09 16:00:00-03:00,0.381,0.256,0.183,14.408
2020-03-09 17:00:00-03:00,0.334,0.248,0.135,14.088
2020-03-09 18:00:00-03:00,0.229,0.179,0.085,13.193
2020-03-09 19:00:00-03:00,0.033,0.027,0.023,11.536
2020-03-09 20:00:00-03:00,0.0,0.0,0.0,9.663
2020-03-09 21:00:00-03:00,0.0,0.0,0.0,8.479
2020-03-09 22:00:00-03:00,0.0,0.0,0.0,7.303
2020-03-09 23:00:00-03:00,0.0,0.0,0.0,6.318
2020-03-10 00:00:00-03:00,0.0,0.0,0.0,5.633
2020-03-10 01:00:00-03:00,0.0,0.0,0.0,5.443
2020-03-10 02:00:00-03:00,0.0,0.0,0.0,5.575
2020-03-10 03:00:00-03:00,0.0,0.0,0.0,5.782
2020-03-10 04:00:00-03:00,0.0,0.0,0.0,5.602
2020-03-10 05:00:00-03:00,0.0,0.0,0.0,5.384
2020-03-10 06:00:00-03:00,0.0,0.0,0.0,5.051
2020-03-10 07:00:00-03:00,0.001,0.003,0.005,4.782
2020-03-10 08:00:00-03:00,0.026000000000000002,0.01,0.031,5.164
2020-03-10 09:00:00-03:00,0.075,0.02,0.074,6.11
2020-03-10 10:00:00-03:00,0.159,0.048,0.136,7.47
2020-03-10 11:00:00-03:00,0.297,0.121,0.212,9.092
2020-03-10 12:00:00-03:00,0.223,0.043000000000000003,0.211,10.147
2020-03-10 13:00:00-03:00,0.17200000000000001,0.013000000000000001,0.186,10.425
2020-03-10 14:00:00-03:00,0.14,0.009000000000000001,0.157,10.598
2020-03-10 15:00:00-03:00,0.098,0.007,0.114,10.606
2020-03-10 16:00:00-03:00,0.07200000000000001,0.006,0.08700000000000001,10.467
2020-03-10 17:00:00-03:00,0.044,0.005,0.057,10.135
2020-03-10 18:00:00-03:00,0.024,0.005,0.035,9.657
2020-03-10 19:00:00-03:00,0.005,0.003,0.011,8.783
2020-03-10 20:00:00-03:00,0.0,0.0,0.0,7.776
2020-03-10 21:00:00-03:00,0.0,0.0,0.0,7.203
2020-03-10 22:00:00-03:00,0.0,0.0,0.0,6.696
2020-03-10 23:00:00-03:00,0.0,0.0,0.0,6.218
2020-03-11 00:00:00-03:00,0.0,0.0,0.0,5.886
2020-03-11 01:00:00-03:00,0.0,0.0,0.0,5.839
2020-03-11 02:00:00-03:00,0.0,0.0,0.0,6.113
2020-03-11 03:00:00-03:00,0.0,0.0,0.0,6.678
2020-03-11 04:00:00-03:00,0.0,0.0,0.0,7.368
2020-03-11 05:00:00-03:00,0.0,0.0,0.0,7.941
2020-03-11 06:00:00-03:00,0.0,0.0,0.0,8.452
2020-03-11 07:00:00-03:00,0.0,0.0,0.001,8.874
2020-03-11 08:00:00-03:00,0.002,0.001,0.008,9.182
2020-03-11 09:00:00-03:00,0.012,0.001,0.023,9.626
2020-03-11 10:00:00-03:00,0.037,0.003,0.051000000000000004,10.28
2020-03-11 11:00:00-03:00,0.078,0.006,0.094,11.207
2020-03-11 12:00:00-03:00,0.11900000000000001,0.009000000000000001,0.135,12.184
2020-03-11 13:00:00-03:00,0.178,0.013000000000000001,0.195,13.138
2020-03-11 14:00:00-03:00,0.157,0.012,0.17400000000000002,13.461
2020-03-11 15:00:00-03:00,0.166,0.025,0.171,13.315
2020-03-11 16:00:00-03:00,0.226,0.082,0.179,13.229
2020-03-11 17:00:00-03:00,0.155,0.061,0.122,12.912
2020-03-11 18:00:00-03:00,0.07200000000000001,0.031,0.063,12.176
2020-03-11 19:00:00-03:00,0.021,0.016,0.02,10.825
2020-03-11 20:00:00-03:00,0.0,0.0,0.0,9.328
2020-03-11 21:00:00-03:00,0.0,0.0,0.0,8.355
2020-03-11 22:00:00-03:00,0.0,0.0,0.0,7.149
2020-03-11 23:00:00-03:00,0.0,0.0,0.0,6.034
2020-03-12 00:00:00-03:00,0.0,0.0,0.0,5.458
2020-03-12 01:00:00-03:00,0.0,0.0,0.0,5.135
2020-03-12 02:00:00-03:00,0.0,0.0,0.0,5.236
2020-03-12 03:00:00-03:00,0.0,0.0,0.0,5.41
2020-03-12 04:00:00-03:00,0.0,0.0,0.0,5.468
2020-03-12 05:00:00-03:00,0.0,0.0,0.0,5.451
2020-03-12 06:00:00-03:00,0.0,0.0,0.0,5.391
2020-03-12 07:00:00-03:00,0.01,0.015,0.006,5.159
2020-03-12 08:00:00-03:00,0.195,0.168,0.052000000000000005,6.607
2020-03-12 09:00:00-03:00,0.458,0.417,0.099,8.546
2020-03-12 10:00:00-03:00,0.655,0.655,0.124,11.998
2020-03-12 11:00:00-03:00,0.739,0.774,0.137,14.777
2020-03-12 12:00:00-03:00,0.726,0.747,0.152,16.119
2020-03-12 13:00:00-03:00,0.656,0.619,0.182,16.896
2020-03-12 14:00:00-03:00,0.5700000000000001,0.47300000000000003,0.212,17.289
2020-03-12 15:00:00-03:00,0.468,0.34700000000000003,0.20500000000000002,17.434
2020-03-12 16:00:00-03:00,0.192,0.076,0.151,16.871
2020-03-12 17:00:00-03:00,0.093,0.029,0.089,16.158
2020-03-12 18:00:00-03:00,0.04,0.016,0.044,14.828
2020-03-12 19:00:00-03:00,0.028,0.026000000000000002,0.018000000000000002,13.004
2020-03-12 20:00:00-03:00,0.0,0.0,0.0,11.13
2020-03-12 21:00:00-03:00,0.0,0.0,0.0,10.786
2020-03-12 22:00:00-03:00,0.0,0.0,0.0,10.137
2020-03-12 23:00:00-03:00,0.0,0.0,0.0,9.91
2020-03-13 00:00:00-03:00,0.0,0.0,0.0,9.435
2020-03-13 01:00:00-03:00,0.0,0.0,0.0,8.853
2020-03-13 02:00:00-03:00,0.0,0.0,0.0,8.259
2020-03-13 03:00:00-03:00,0.0,0.0,0.0,7.679
2020-03-13 04:00:00-03:00,0.0,0.0,0.0,7.188
2020-03-13 05:00:00-03:00,0.0,0.0,0.0,6.736
2020-03-13 06:00:00-03:00,0.0,0.0,0.0,6.323
2020-03-13 07:00:00-03:00,0.005,0.009000000000000001,0.004,5.997
2020-03-13 08:00:00-03:00,0.126,0.106,0.043000000000000003,6.297
2020-03-13 09:00:00-03:00,0.547,0.534,0.08600000000000001,7.401
2020-03-13 10:00:00-03:00,0.799,0.871,0.098,9.352
2020-03-13 11:00:00-03:00,0.85,0.9540000000000001,0.106,11.599
2020-03-13 12:00:00-03:00,0.85,0.968,0.10400000000000001,13.207
2020-03-13 13:00:00-03:00,0.8140000000000001,0.9380000000000001,0.082,14.252
2020-03-13 14:00:00-03:00,0.803,0.916,0.093,14.958
2020-03-13 15:00:00-03:00,0.793,0.887,0.108,15.364
2020-03-13 16:00:00-03:00,0.766,0.854,0.101,15.447
2020-03-13 17:00:00-03:00,0.6960000000000001,0.767,0.083,15.099
2020-03-13 18:00:00-03:00,0.552,0.592,0.057,13.986
2020-03-13 19:00:00-03:00,0.23700000000000002,0.251,0.019,10.679
2020-03-13 20:00:00-03:00,0.0,0.0,0.0,8.27
2020-03-13 21:00:00-03:00,0.0,0.0,0.0,7.899
2020-03-13 22:00:00-03:00,0.0,0.0,0.0,6.588
2020-03-13 23:00:00-03:00,0.0,0.0,0.0,5.6850000000000005
2020-03-14 00:00:00-03:00,0.0,0.0,0.0,5.848
2020-03-14 01:00:00-03:00,0.0,0.0,0.0,6.779
2020-03-14 02:00:00-03:00,0.0,0.0,0.0,6.866
2020-03-14 03:00:00-03:00,0.0,0.0,0.0,6.67
2020-03-14 04:00:00-03:00,0.0,0.0,0.0,6.66
2020-03-14 05:00:00-03:00,0.0,0.0,0.0,7.023
2020-03-14 06:00:00-03:00,0.0,0.0,0.0,7.529
2020-03-14 07:00:00-03:00,0.002,0.005,0.004,7.968
2020-03-14 08:00:00-03:00,0.056,0.034,0.041,9.061
2020-03-14 09:00:00-03:00,0.068,0.019,0.07,10.124
2020-03-14 10:00:00-03:00,0.056,0.006,0.069,10.715
2020-03-14 11:00:00-03:00,0.079,0.007,0.094,11.26
2020-03-14 12:00:00-03:00,0.112,0.008,0.128,12.06
2020-03-14 13:00:00-03:00,0.191,0.017,0.20600000000000002,13.26
2020-03-14 14:00:00-03:00,0.182,0.018000000000000002,0.196,14.176
2020-03-14 15:00:00-03:00,0.107,0.009000000000000001,0.123,14.008
2020-03-14 16:00:00-03:00,0.106,0.015,0.116,13.903
2020-03-14 17:00:00-03:00,0.062,0.01,0.074,13.852
2020-03-14 18:00:00-03:00,0.016,0.003,0.027,13.243
2020-03-14 19:00:00-03:00,0.001,0.001,0.006,12.355
2020-03-14 20:00:00-03:00,0.0,0.0,0.0,11.611
2020-03-14 21:00:00-03:00,0.0,0.0,0.0,11.118
2020-03-14 22:00:00-03:00,0.0,0.0,0.0,10.766
2020-03-14 23:00:00-03:00,0.0,0.0,0.0,10.46
2020-03-15 00:00:00-03:00,0.0,0.0,0.0,10.264
2020-03-15 01:00:00-03:00,0.0,0.0,0.0,10.188
2020-03-15 02:00:00-03:00,0.0,0.0,0.0,10.139
2020-03-15 03:00:00-03:00,0.0,0.0,0.0,10.141
2020-03-15 04:00:00-03:00,0.0,0.0,0.0,10.254
2020-03-15 05:00:00-03:00,0.0,0.0,0.0,10.388
2020-03-15 06:00:00-03:00,0.0,0.0,0.0,10.544
2020-03-15 07:00:00-03:00,0.0,0.003,0.003,10.85
2020-03-15 08:00:00-03:00,0.046,0.029,0.036000000000000004,11.7
2020-03-15 09:00:00-03:00,0.132,0.067,0.092,13.129
2020-03-15 10:00:00-03:00,0.20400000000000001,0.093,0.145,14.614
2020-03-15 11:00:00-03:00,0.224,0.076,0.185,15.689
2020-03-15 12:00:00-03:00,0.177,0.029,0.181,16.068
2020-03-15 13:00:00-03:00,0.211,0.027,0.221,16.265
2020-03-15 14:00:00-03:00,0.225,0.038,0.226,16.663
2020-03-15 15:00:00-03:00,0.221,0.058,0.201,17.128
2020-03-15 16:00:00-03:00,0.133,0.029,0.133,16.951
2020-03-15 17:00:00-03:00,0.057,0.01,0.069,16.177
2020-03-15 18:00:00-03:00,0.026000000000000002,0.007,0.035,15.37
2020-03-15 19:00:00-03:00,0.002,0.003,0.007,14.49
2020-03-15 20:00:00-03:00,0.0,0.0,0.0,13.745
2020-03-15 21:00:00-03:00,0.0,0.0,0.0,13.167
2020-03-15 22:00:00-03:00,0.0,0.0,0.0,12.655
2020-03-15 23:00:00-03:00,0.0,0.0,0.0,12.206
2020-03-16 00:00:00-03:00,0.0,0.0,0.0,11.806000000000001
2020-03-16 01:00:00-03:00,0.0,0.0,0.0,11.572
2020-03-16 02:00:00-03:00,0.0,0.0,0.0,11.425
2020-03-16 03:00:00-03:00,0.0,0.0,0.0,11.114
2020-03-16 04:00:00-03:00,0.0,0.0,0.0,10.68
2020-03-16 05:00:00-03:00,0.0,0.0,0.0,10.38
2020-03-16 06:00:00-03:00,0.0,0.0,0.0,10.096
2020-03-16 07:00:00-03:00,0.012,0.02,0.004,9.559
2020-03-16 08:00:00-03:00,0.455,0.47300000000000003,0.043000000000000003,9.983
2020-03-16 09:00:00-03:00,0.622,0.653,0.076,11.172
2020-03-16 10:00:00-03:00,0.715,0.761,0.1,12.066
2020-03-16 11:00:00-03:00,0.76,0.8160000000000001,0.114,12.58
2020-03-16 12:00:00-03:00,0.776,0.84,0.116,13.116
2020-03-16 13:00:00-03:00,0.745,0.803,0.109,13.408
2020-03-16 14:00:00-03:00,0.766,0.839,0.105,13.426
2020-03-16 15:00:00-03:00,0.778,0.852,0.108,13.277
2020-03-16 16:00:00-03:00,0.774,0.855,0.097,13.138
2020-03-16 17:00:00-03:00,0.6960000000000001,0.758,0.08,12.625
2020-03-16 18:00:00-03:00,0.514,0.536,0.056,11.498
2020-03-16 19:00:00-03:00,0.07100000000000001,0.078,0.014,9.939
2020-03-16 20:00:00-03:00,0.0,0.0,0.0,8.904
2020-03-16 21:00:00-03:00,0.0,0.0,0.0,7.802
2020-03-16 22:00:00-03:00,0.0,0.0,0.0,6.881
2020-03-16 23:00:00-03:00,0.0,0.0,0.0,6.301
2020-03-17 00:00:00-03:00,0.0,0.0,0.0,5.855
2020-03-17 01:00:00-03:00,0.0,0.0,0.0,5.5969999999999995
2020-03-17 02:00:00-03:00,0.0,0.0,0.0,5.398
2020-03-17 03:00:00-03:00,0.0,0.0,0.0,5.238
2020-03-17 04:00:00-03:00,0.0,0.0,0.0,5.163
2020-03-17 05:00:00-03:00,0.0,0.0,0.0,5.168
2020-03-17 06:00:00-03:00,0.0,0.0,0.0,5.235
2020-03-17 07:00:00-03:00,0.01,0.018000000000000002,0.003,5.183
2020-03-17 08:00:00-03:00,0.26,0.246,0.043000000000000003,6.196
2020-03-17 09:00:00-03:00,0.381,0.338,0.088,8.249
2020-03-17 10:00:00-03:00,0.598,0.583,0.114,10.923
2020-03-17 11:00:00-03:00,0.749,0.8,0.117,13.21
2020-03-17 12:00:00-03:00,0.802,0.898,0.109,14.875
2020-03-17 13:00:00-03:00,0.801,0.926,0.085,15.833
2020-03-17 14:00:00-03:00,0.768,0.859,0.10300000000000001,16.381
2020-03-17 15:00:00-03:00,0.68,0.7020000000000001,0.131,16.289
2020-03-17 16:00:00-03:00,0.542,0.512,0.13,15.681000000000001
2020-03-17 17:00:00-03:00,0.498,0.484,0.099,14.869
2020-03-17 18:00:00-03:00,0.314,0.297,0.063,13.456
2020-03-17 19:00:00-03:00,0.066,0.074,0.013000000000000001,11.541
2020-03-17 20:00:00-03:00,0.0,0.0,0.0,10.225
2020-03-17 21:00:00-03:00,0.0,0.0,0.0,9.652
2020-03-17 22:00:00-03:00,0.0,0.0,0.0,9.277
2020-03-17 23:00:00-03:00,0.0,0.0,0.0,9.054
2020-03-18 00:00:00-03:00,0.0,0.0,0.0,9.073
2020-03-18 01:00:00-03:00,0.0,0.0,0.0,9.351
2020-03-18 02:00:00-03:00,0.0,0.0,0.0,9.723
2020-03-18 03:00:00-03:00,0.0,0.0,0.0,9.984
2020-03-18 04:00:00-03:00,0.0,0.0,0.0,10.16
2020-03-18 05:00:00-03:00,0.0,0.0,0.0,10.431
2020-03-18 06:00:00-03:00,0.0,0.0,0.0,10.664
2020-03-18 07:00:00-03:00,0.002,0.007,0.002,10.842
2020-03-18 08:00:00-03:00,0.196,0.183,0.044,11.554
2020-03-18 09:00:00-03:00,0.23600000000000002,0.179,0.092,12.795
2020-03-18 10:00:00-03:00,0.256,0.158,0.136,13.648
2020-03-18 11:00:00-03:00,0.361,0.231,0.183,13.364
2020-03-18 12:00:00-03:00,0.44,0.289,0.216,12.723
2020-03-18 13:00:00-03:00,0.534,0.394,0.228,12.918
2020-03-18 14:00:00-03:00,0.644,0.595,0.17400000000000002,13.492
2020-03-18 15:00:00-03:00,0.65,0.625,0.153,13.55
2020-03-18 16:00:00-03:00,0.45,0.365,0.153,12.992
2020-03-18 17:00:00-03:00,0.178,0.101,0.106,12.152
2020-03-18 18:00:00-03:00,0.089,0.057,0.055,11.14
2020-03-18 19:00:00-03:00,0.06,0.065,0.014,9.405
2020-03-18 20:00:00-03:00,0.0,0.0,0.0,7.641
2020-03-18 21:00:00-03:00,0.0,0.0,0.0,6.518
2020-03-18 22:00:00-03:00,0.0,0.0,0.0,5.527
2020-03-18 23:00:00-03:00,0.0,0.0,0.0,5.14
2020-03-19 00:00:00-03:00,0.0,0.0,0.0,4.712
2020-03-19 01:00:00-03:00,0.0,0.0,0.0,4.458
2020-03-19 02:00:00-03:00,0.0,0.0,0.0,4.347
2020-03-19 03:00:00-03:00,0.0,0.0,0.0,4.64
2020-03-19 04:00:00-03:00,0.0,0.0,0.0,5.275
2020-03-19 05:00:00-03:00,0.0,0.0,0.0,5.931
2020-03-19 06:00:00-03:00,0.0,0.0,0.0,6.171
2020-03-19 07:00:00-03:00,0.0,0.001,0.001,6.312
2020-03-19 08:00:00-03:00,0.018000000000000002,0.01,0.022,6.782
2020-03-19 09:00:00-03:00,0.058,0.019,0.058,7.561
2020-03-19 10:00:00-03:00,0.362,0.255,0.152,9.205
2020-03-19 11:00:00-03:00,0.545,0.448,0.181,10.735
2020-03-19 12:00:00-03:00,0.418,0.23500000000000001,0.24,11.369
2020-03-19 13:00:00-03:00,0.246,0.044,0.23600000000000002,11.072
2020-03-19 14:00:00-03:00,0.176,0.02,0.184,10.738
2020-03-19 15:00:00-03:00,0.125,0.015,0.135,10.515
2020-03-19 16:00:00-03:00,0.079,0.01,0.09,10.124
2020-03-19 17:00:00-03:00,0.063,0.013000000000000001,0.07,9.761
2020-03-19 18:00:00-03:00,0.036000000000000004,0.013000000000000001,0.04,9.362
2020-03-19 19:00:00-03:00,0.005,0.006,0.007,8.599
2020-03-19 20:00:00-03:00,0.0,0.0,0.0,8.004
2020-03-19 21:00:00-03:00,0.0,0.0,0.0,7.631
2020-03-19 22:00:00-03:00,0.0,0.0,0.0,7.44
2020-03-19 23:00:00-03:00,0.0,0.0,0.0,7.214
2020-03-20 00:00:00-03:00,0.0,0.0,0.0,6.771
2020-03-20 01:00:00-03:00,0.0,0.0,0.0,6.337
2020-03-20 02:00:00-03:00,0.0,0.0,0.0,6.065
2020-03-20 03:00:00-03:00,0.0,0.0,0.0,5.953
2020-03-20 04:00:00-03:00,0.0,0.0,0.0,5.888
2020-03-20 05:00:00-03:00,0.0,0.0,0.0,5.795
2020-03-20 06:00:00-03:00,0.0,0.0,0.0,6.052
2020-03-20 07:00:00-03:00,0.0,0.001,0.001,6.471
2020-03-20 08:00:00-03:00,0.037,0.027,0.027,7.125
2020-03-20 09:00:00-03:00,0.12,0.066,0.076,8.083
2020-03-20 10:00:00-03:00,0.379,0.28800000000000003,0.138,9.289
2020-03-20 11:00:00-03:00,0.56,0.487,0.16,10.431
2020-03-20 12:00:00-03:00,0.578,0.486,0.185,10.787
2020-03-20 13:00:00-03:00,0.589,0.48,0.20500000000000002,10.795
2020-03-20 14:00:00-03:00,0.587,0.487,0.196,10.824
2020-03-20 15:00:00-03:00,0.552,0.464,0.17400000000000002,10.661
2020-03-20 16:00:00-03:00,0.441,0.34900000000000003,0.151,10.159
2020-03-20 17:00:00-03:00,0.28200000000000003,0.20500000000000002,0.112,9.346
2020-03-20 18:00:00-03:00,0.133,0.098,0.058,8.282
2020-03-20 19:00:00-03:00,0.02,0.025,0.009000000000000001,6.773
2020-03-20 20:00:00-03:00,0.0,0.0,0.0,5.389
2020-03-20 21:00:00-03:00,0.0,0.0,0.0,4.771
2020-03-20 22:00:00-03:00,0.0,0.0,0.0,4.183
2020-03-20 23:00:00-03:00,0.0,0.0,0.0,3.621
2020-03-21 00:00:00-03:00,0.0,0.0,0.0,3.661
2020-03-21 01:00:00-03:00,0.0,0.0,0.0,3.5220000000000002
2020-03-21 02:00:00-03:00,0.0,0.0,0.0,3.406
2020-03-21 03:00:00-03:00,0.0,0.0,0.0,3.186
2020-03-21 04:00:00-03:00,0.0,0.0,0.0,3.016
2020-03-21 05:00:00-03:00,0.0,0.0,0.0,2.294
2020-03-21 06:00:00-03:00,0.0,0.0,0.0,1.807
2020-03-21 07:00:00-03:00,0.0,0.0,0.0,1.43
2020-03-21 08:00:00-03:00,0.005,0.003,0.011,1.921
2020-03-21 09:00:00-03:00,0.037,0.008,0.045,3.5220000000000002
2020-03-21 10:00:00-03:00,0.041,0.005,0.054,6.181
2020-03-21 11:00:00-03:00,0.068,0.006,0.082,8.622
2020-03-21 12:00:00-03:00,0.097,0.007,0.113,10.257
2020-03-21 13:00:00-03:00,0.145,0.011,0.159,10.743
2020-03-21 14:00:00-03:00,0.261,0.059000000000000004,0.23800000000000002,11.139
2020-03-21 15:00:00-03:00,0.336,0.169,0.213,11.627
2020-03-21 16:00:00-03:00,0.582,0.534,0.145,11.792
2020-03-21 17:00:00-03:00,0.526,0.5,0.107,10.934
2020-03-21 18:00:00-03:00,0.151,0.114,0.062,9.389
2020-03-21 19:00:00-03:00,0.006,0.009000000000000001,0.007,7.717
2020-03-21 20:00:00-03:00,0.0,0.0,0.0,6.736
2020-03-21 21:00:00-03:00,0.0,0.0,0.0,6.292
2020-03-21 22:00:00-03:00,0.0,0.0,0.0,5.694
2020-03-21 23:00:00-03:00,0.0,0.0,0.0,5.326
2020-03-22 00:00:00-03:00,0.0,0.0,0.0,4.99
2020-03-22 01:00:00-03:00,0.0,0.0,0.0,4.815
2020-03-22 02:00:00-03:00,0.0,0.0,0.0,4.712
2020-03-22 03:00:00-03:00,0.0,0.0,0.0,4.651
2020-03-22 04:00:00-03:00,0.0,0.0,0.0,4.682
2020-03-22 05:00:00-03:00,0.0,0.0,0.0,4.744
2020-03-22 06:00:00-03:00,0.0,0.0,0.0,4.858
2020-03-22 07:00:00-03:00,0.0,0.001,0.001,4.857
2020-03-22 08:00:00-03:00,0.038,0.028,0.027,5.931
2020-03-22 09:00:00-03:00,0.145,0.084,0.085,8.254
2020-03-22 10:00:00-03:00,0.248,0.14,0.14100000000000001,9.933
2020-03-22 11:00:00-03:00,0.33,0.183,0.192,11.629
2020-03-22 12:00:00-03:00,0.304,0.12,0.228,13.08
2020-03-22 13:00:00-03:00,0.323,0.10300000000000001,0.268,14.414
2020-03-22 14:00:00-03:00,0.328,0.11900000000000001,0.26,15.69
2020-03-22 15:00:00-03:00,0.218,0.063,0.192,16.173
2020-03-22 16:00:00-03:00,0.092,0.015,0.10200000000000001,15.451
2020-03-22 17:00:00-03:00,0.036000000000000004,0.006,0.049,14.15
2020-03-22 18:00:00-03:00,0.012,0.004,0.022,12.94
2020-03-22 19:00:00-03:00,0.0,0.002,0.003,11.939
2020-03-22 20:00:00-03:00,0.0,0.0,0.0,11.465
2020-03-22 21:00:00-03:00,0.0,0.0,0.0,11.299
2020-03-22 22:00:00-03:00,0.0,0.0,0.0,11.318
2020-03-22 23:00:00-03:00,0.0,0.0,0.0,11.117
2020-03-23 00:00:00-03:00,0.0,0.0,0.0,10.619
2020-03-23 01:00:00-03:00,0.0,0.0,0.0,10.071
2020-03-23 02:00:00-03:00,0.0,0.0,0.0,9.658
2020-03-23 03:00:00-03:00,0.0,0.0,0.0,9.242
2020-03-23 04:00:00-03:00,0.0,0.0,0.0,9.822
2020-03-23 05:00:00-03:00,0.0,0.0,0.0,10.015
2020-03-23 06:00:00-03:00,0.0,0.0,0.0,9.907
2020-03-23 07:00:00-03:00,0.0,0.001,0.001,9.715
2020-03-23 08:00:00-03:00,0.053,0.044,0.029,9.904
2020-03-23 09:00:00-03:00,0.08600000000000001,0.04,0.068,11.023
2020-03-23 10:00:00-03:00,0.132,0.047,0.112,12.701
2020-03-23 11:00:00-03:00,0.23,0.098,0.169,14.4
2020-03-23 12:00:00-03:00,0.656,0.632,0.169,16.921
2020-03-23 13:00:00-03:00,0.664,0.645,0.17400000000000002,18.192
2020-03-23 14:00:00-03:00,0.365,0.177,0.25,17.876
2020-03-23 15:00:00-03:00,0.153,0.032,0.152,16.619
2020-03-23 16:00:00-03:00,0.138,0.039,0.129,15.985
2020-03-23 17:00:00-03:00,0.089,0.03,0.083,14.99
2020-03-23 18:00:00-03:00,0.027,0.012,0.032,13.597
2020-03-23 19:00:00-03:00,0.013000000000000001,0.018000000000000002,0.008,12.607
2020-03-23 20:00:00-03:00,0.0,0.0,0.0,11.732
2020-03-23 21:00:00-03:00,0.0,0.0,0.0,10.312
2020-03-23 22:00:00-03:00,0.0,0.0,0.0,8.289
2020-03-23 23:00:00-03:00,0.0,0.0,0.0,6.759
2020-03-24 00:00:00-03:00,0.0,0.0,0.0,6.117
2020-03-24 01:00:00-03:00,0.0,0.0,0.0,5.434
2020-03-24 02:00:00-03:00,0.0,0.0,0.0,4.335
2020-03-24 03:00:00-03:00,0.0,0.0,0.0,3.255
2020-03-24 04:00:00-03:00,0.0,0.0,0.0,2.468
2020-03-24 05:00:00-03:00,0.0,0.0,0.0,1.8820000000000001
2020-03-24 06:00:00-03:00,0.0,0.0,0.0,1.439
2020-03-24 07:00:00-03:00,0.0,0.005,0.001,1.024
2020-03-24 08:00:00-03:00,0.491,0.507,0.03,1.9849999999999999
2020-03-24 09:00:00-03:00,0.719,0.771,0.059000000000000004,4.299
2020-03-24 10:00:00-03:00,0.8200000000000001,0.905,0.077,6.42
2020-03-24 11:00:00-03:00,0.852,0.9520000000000001,0.08600000000000001,7.734
2020-03-24 12:00:00-03:00,0.852,0.962,0.082,8.787
2020-03-24 13:00:00-03:00,0.849,0.987,0.059000000000000004,9.642
2020-03-24 14:00:00-03:00,0.845,0.976,0.068,10.257
2020-03-24 15:00:00-03:00,0.835,0.9470000000000001,0.083,10.585
2020-03-24 16:00:00-03:00,0.797,0.892,0.081,10.600999999999999
2020-03-24 17:00:00-03:00,0.715,0.787,0.066,10.241
2020-03-24 18:00:00-03:00,0.527,0.559,0.042,8.949
2020-03-24 19:00:00-03:00,0.085,0.098,0.007,6.416
2020-03-24 20:00:00-03:00,0.0,0.0,0.0,5.431
2020-03-24 21:00:00-03:00,0.0,0.0,0.0,3.777
2020-03-24 22:00:00-03:00,0.0,0.0,0.0,2.648
2020-03-24 23:00:00-03:00,0.0,0.0,0.0,3.071
2020-03-25 00:00:00-03:00,0.0,0.0,0.0,3.751
2020-03-25 01:00:00-03:00,0.0,0.0,0.0,3.974
2020-03-25 02:00:00-03:00,0.0,0.0,0.0,4.548
2020-03-25 03:00:00-03:00,0.0,0.0,0.0,4.885
2020-03-25 04:00:00-03:00,0.0,0.0,0.0,5.043
2020-03-25 05:00:00-03:00,0.0,0.0,0.0,5.322
2020-03-25 06:00:00-03:00,0.0,0.0,0.0,5.326
2020-03-25 07:00:00-03:00,0.0,0.0,0.0,5.588
2020-03-25 08:00:00-03:00,0.012,0.007,0.016,6.4879999999999995
2020-03-25 09:00:00-03:00,0.041,0.01,0.049,8.067
2020-03-25 10:00:00-03:00,0.054,0.006,0.067,9.454
2020-03-25 11:00:00-03:00,0.068,0.005,0.084,10.946
2020-03-25 12:00:00-03:00,0.09,0.005,0.109,12.682
2020-03-25 13:00:00-03:00,0.081,0.003,0.101,13.751
2020-03-25 14:00:00-03:00,0.043000000000000003,0.001,0.061,13.658
2020-03-25 15:00:00-03:00,0.032,0.001,0.047,13.528
2020-03-25 16:00:00-03:00,0.023,0.001,0.038,13.389
2020-03-25 17:00:00-03:00,0.024,0.003,0.037,13.242
2020-03-25 18:00:00-03:00,0.044,0.02,0.043000000000000003,12.898
2020-03-25 19:00:00-03:00,0.001,0.004,0.004,11.604
2020-03-25 20:00:00-03:00,0.0,0.0,0.0,10.658
2020-03-25 21:00:00-03:00,0.0,0.0,0.0,9.893
2020-03-25 22:00:00-03:00,0.0,0.0,0.0,9.371
2020-03-25 23:00:00-03:00,0.0,0.0,0.0,9.249
2020-03-26 00:00:00-03:00,0.0,0.0,0.0,9.333
2020-03-26 01:00:00-03:00,0.0,0.0,0.0,9.292
2020-03-26 02:00:00-03:00,0.0,0.0,0.0,9.083
2020-03-26 03:00:00-03:00,0.0,0.0,0.0,8.802
2020-03-26 04:00:00-03:00,0.0,0.0,0.0,8.588
2020-03-26 05:00:00-03:00,0.0,0.0,0.0,8.491
2020-03-26 06:00:00-03:00,0.0,0.0,0.0,8.493
2020-03-26 07:00:00-03:00,0.0,0.001,0.0,8.453
2020-03-26 08:00:00-03:00,0.046,0.04,0.025,8.867
2020-03-26 09:00:00-03:00,0.084,0.039,0.066,9.725999999999999
2020-03-26 10:00:00-03:00,0.162,0.068,0.121,10.717
2020-03-26 11:00:00-03:00,0.269,0.123,0.183,11.751
2020-03-26 12:00:00-03:00,0.231,0.061,0.20500000000000002,12.294
2020-03-26 13:00:00-03:00,0.167,0.019,0.178,12.367
2020-03-26 14:00:00-03:00,0.179,0.025,0.185,12.704
2020-03-26 15:00:00-03:00,0.159,0.03,0.157,12.853
2020-03-26 16:00:00-03:00,0.132,0.034,0.124,12.434
2020-03-26 17:00:00-03:00,0.09,0.032,0.081,11.478
2020-03-26 18:00:00-03:00,0.098,0.07,0.051000000000000004,10.227
2020-03-26 19:00:00-03:00,0.004,0.008,0.005,8.587
2020-03-26 20:00:00-03:00,0.0,0.0,0.0,7.594
2020-03-26 21:00:00-03:00,0.0,0.0,0.0,6.949
2020-03-26 22:00:00-03:00,0.0,0.0,0.0,6.677
2020-03-26 23:00:00-03:00,0.0,0.0,0.0,6.551
2020-03-27 00:00:00-03:00,0.0,0.0,0.0,6.448
2020-03-27 01:00:00-03:00,0.0,0.0,0.0,6.267
2020-03-27 02:00:00-03:00,0.0,0.0,0.0,6.113
2020-03-27 03:00:00-03:00,0.0,0.0,0.0,5.993
2020-03-27 04:00:00-03:00,0.0,0.0,0.0,5.708
2020-03-27 05:00:00-03:00,0.0,0.0,0.0,5.502
2020-03-27 06:00:00-03:00,0.0,0.0,0.0,5.3
2020-03-27 07:00:00-03:00,0.0,0.0,0.0,5.105
2020-03-27 08:00:00-03:00,0.049,0.043000000000000003,0.024,5.319
2020-03-27 09:00:00-03:00,0.221,0.163,0.084,6.509
2020-03-27 10:00:00-03:00,0.428,0.34600000000000003,0.134,8.139
2020-03-27 11:00:00-03:00,0.442,0.318,0.182,9.469
2020-03-27 12:00:00-03:00,0.23,0.062,0.2,9.723
2020-03-27 13:00:00-03:00,0.212,0.032,0.21,9.786
2020-03-27 14:00:00-03:00,0.19,0.027,0.191,9.824
2020-03-27 15:00:00-03:00,0.13,0.018000000000000002,0.136,9.616
2020-03-27 16:00:00-03:00,0.08,0.012,0.089,9.287
2020-03-27 17:00:00-03:00,0.041,0.007,0.051000000000000004,8.824
2020-03-27 18:00:00-03:00,0.01,0.003,0.019,7.93
2020-03-27 19:00:00-03:00,0.0,0.0,0.001,6.774
2020-03-27 20:00:00-03:00,0.0,0.0,0.0,6.279
2020-03-27 21:00:00-03:00,0.0,0.0,0.0,5.965
2020-03-27 22:00:00-03:00,0.0,0.0,0.0,5.673
2020-03-27 23:00:00-03:00,0.0,0.0,0.0,5.428
2020-03-28 00:00:00-03:00,0.0,0.0,0.0,5.201
2020-03-28 01:00:00-03:00,0.0,0.0,0.0,4.947
2020-03-28 02:00:00-03:00,0.0,0.0,0.0,4.592
2020-03-28 03:00:00-03:00,0.0,0.0,0.0,4.28
2020-03-28 04:00:00-03:00,0.0,0.0,0.0,4.121
2020-03-28 05:00:00-03:00,0.0,0.0,0.0,3.969
2020-03-28 06:00:00-03:00,0.0,0.0,0.0,3.644
2020-03-28 07:00:00-03:00,0.0,0.0,0.0,2.851
2020-03-28 08:00:00-03:00,0.116,0.111,0.025,2.952
2020-03-28 09:00:00-03:00,0.305,0.259,0.076,4.446
2020-03-28 10:00:00-03:00,0.449,0.385,0.114,5.937
2020-03-28 11:00:00-03:00,0.68,0.674,0.11800000000000001,7.6129999999999995
2020-03-28 12:00:00-03:00,0.749,0.781,0.113,9.02
2020-03-28 13:00:00-03:00,0.72,0.739,0.11900000000000001,9.865
2020-03-28 14:00:00-03:00,0.678,0.668,0.133,10.378
2020-03-28 15:00:00-03:00,0.619,0.588,0.135,10.561
2020-03-28 16:00:00-03:00,0.5690000000000001,0.543,0.116,10.551
2020-03-28 17:00:00-03:00,0.417,0.382,0.09,10.12
2020-03-28 18:00:00-03:00,0.194,0.17400000000000002,0.047,8.716
2020-03-28 19:00:00-03:00,0.004,0.009000000000000001,0.003,6.311
2020-03-28 20:00:00-03:00,0.0,0.0,0.0,5.565
2020-03-28 21:00:00-03:00,0.0,0.0,0.0,4.432
2020-03-28 22:00:00-03:00,0.0,0.0,0.0,3.658
2020-03-28 23:00:00-03:00,0.0,0.0,0.0,3.015
2020-03-29 00:00:00-03:00,0.0,0.0,0.0,2.469
2020-03-29 01:00:00-03:00,0.0,0.0,0.0,2.002
2020-03-29 02:00:00-03:00,0.0,0.0,0.0,1.748
2020-03-29 03:00:00-03:00,0.0,0.0,0.0,1.749
2020-03-29 04:00:00-03:00,0.0,0.0,0.0,1.603
2020-03-29 05:00:00-03:00,0.0,0.0,0.0,1.454
2020-03-29 06:00:00-03:00,0.0,0.0,0.0,1.512
2020-03-29 07:00:00-03:00,0.0,0.0,0.0,1.599
2020-03-29 08:00:00-03:00,0.122,0.11800000000000001,0.024,2.116
2020-03-29 09:00:00-03:00,0.324,0.28,0.074,3.584
2020-03-29 10:00:00-03:00,0.539,0.501,0.106,6.184
2020-03-29 11:00:00-03:00,0.681,0.683,0.116,8.5
2020-03-29 12:00:00-03:00,0.733,0.763,0.115,10.141
2020-03-29 13:00:00-03:00,0.757,0.8180000000000001,0.1,11.395
2020-03-29 14:00:00-03:00,0.751,0.81,0.105,12.17
2020-03-29 15:00:00-03:00,0.613,0.59,0.133,12.34
2020-03-29 16:00:00-03:00,0.508,0.464,0.123,12.245
2020-03-29 17:00:00-03:00,0.302,0.248,0.095,11.633
2020-03-29 18:00:00-03:00,0.057,0.041,0.036000000000000004,10.125
2020-03-29 19:00:00-03:00,0.0,0.001,0.001,8.426
2020-03-29 20:00:00-03:00,0.0,0.0,0.0,7.687
2020-03-29 21:00:00-03:00,0.0,0.0,0.0,7.178
2020-03-29 22:00:00-03:00,0.0,0.0,0.0,6.852
2020-03-29 23:00:00-03:00,0.0,0.0,0.0,6.5120000000000005
2020-03-30 00:00:00-03:00,0.0,0.0,0.0,6.005
2020-03-30 01:00:00-03:00,0.0,0.0,0.0,5.539
2020-03-30 02:00:00-03:00,0.0,0.0,0.0,5.7780000000000005
2020-03-30 03:00:00-03:00,0.0,0.0,0.0,6.183
2020-03-30 04:00:00-03:00,0.0,0.0,0.0,6.438
2020-03-30 05:00:00-03:00,0.0,0.0,0.0,6.404
2020-03-30 06:00:00-03:00,0.0,0.0,0.0,6.19
2020-03-30 07:00:00-03:00,0.0,0.0,0.0,6.03
2020-03-30 08:00:00-03:00,0.037,0.037,0.017,6.221
2020-03-30 09:00:00-03:00,0.199,0.15,0.076,7.171
2020-03-30 10:00:00-03:00,0.248,0.157,0.122,8.291
2020-03-30 11:00:00-03:00,0.28200000000000003,0.151,0.167,9.209
2020-03-30 12:00:00-03:00,0.308,0.14200000000000002,0.20600000000000002,10.158
2020-03-30 13:00:00-03:00,0.418,0.23700000000000002,0.23900000000000002,11.359
2020-03-30 14:00:00-03:00,0.436,0.279,0.22,12.337
2020-03-30 15:00:00-03:00,0.397,0.272,0.182,12.865
2020-03-30 16:00:00-03:00,0.403,0.326,0.136,13.04
2020-03-30 17:00:00-03:00,0.54,0.546,0.083,12.817
2020-03-30 18:00:00-03:00,0.254,0.243,0.046,11.458
2020-03-30 19:00:00-03:00,0.001,0.005,0.002,9.585
2020-03-30 20:00:00-03:00,0.0,0.0,0.0,8.293
2020-03-30 21:00:00-03:00,0.0,0.0,0.0,7.27
2020-03-30 22:00:00-03:00,0.0,0.0,0.0,6.559
2020-03-30 23:00:00-03:00,0.0,0.0,0.0,6.066
2020-03-31 00:00:00-03:00,0.0,0.0,0.0,5.772
2020-03-31 01:00:00-03:00,0.0,0.0,0.0,5.52
2020-03-31 02:00:00-03:00,0.0,0.0,0.0,5.229
2020-03-31 03:00:00-03:00,0.0,0.0,0.0,5.005
2020-03-31 04:00:00-03:00,0.0,0.0,0.0,4.708
2020-03-31 05:00:00-03:00,0.0,0.0,0.0,4.451
2020-03-31 06:00:00-03:00,0.0,0.0,0.0,4.3629999999999995
2020-03-31 07:00:00-03:00,0.0,0.0,0.0,4.18
2020-03-31 08:00:00-03:00,0.243,0.248,0.021,4.453
2020-03-31 09:00:00-03:00,0.436,0.421,0.066,6.724
2020-03-31 10:00:00-03:00,0.418,0.363,0.105,8.555
2020-03-31 11:00:00-03:00,0.647,0.646,0.113,10.073
2020-03-31 12:00:00-03:00,0.725,0.765,0.107,11.234
2020-03-31 13:00:00-03:00,0.7030000000000001,0.736,0.109,12.097
2020-03-31 14:00:00-03:00,0.72,0.767,0.10400000000000001,12.609
2020-03-31 15:00:00-03:00,0.6950000000000001,0.731,0.105,12.71
2020-03-31 16:00:00-03:00,0.62,0.634,0.098,12.521
2020-03-31 17:00:00-03:00,0.482,0.47600000000000003,0.078,12.041
2020-03-31 18:00:00-03:00,0.244,0.23700000000000002,0.041,10.485
2020-03-31 19:00:00-03:00,0.003,0.009000000000000001,0.002,7.4
2020-03-31 20:00:00-03:00,0.0,0.0,0.0,6.591
2020-03-31 21:00:00-03:00,0.0,0.0,0.0,6.688
2020-03-31 22:00:00-03:00,0.0,0.0,0.0,6.7620000000000005
2020-03-31 23:00:00-03:00,0.0,0.0,0.0,6.66
2020-04-01 00:00:00-03:00,0.0,0.0,0.0,6.424
2020-04-01 01:00:00-03:00,0.0,0.0,0.0,6.101
2020-04-01 02:00:00-03:00,0.0,0.0,0.0,5.435
2020-04-01 03:00:00-03:00,0.0,0.0,0.0,4.406
2020-04-01 04:00:00-03:00,0.0,0.0,0.0,3.822
2020-04-01 05:00:00-03:00,0.0,0.0,0.0,4.121
2020-04-01 06:00:00-03:00,0.0,0.0,0.0,4.482
2020-04-01 07:00:00-03:00,0.0,0.0,0.0,4.665
2020-04-01 08:00:00-03:00,0.081,0.082,0.018000000000000002,4.981
2020-04-01 09:00:00-03:00,0.297,0.258,0.07100000000000001,6.461
2020-04-01 10:00:00-03:00,0.453,0.4,0.11,8.65
2020-04-01 11:00:00-03:00,0.5660000000000001,0.528,0.131,11.764
2020-04-01 12:00:00-03:00,0.721,0.763,0.115,13.55
2020-04-01 13:00:00-03:00,0.722,0.772,0.112,14.525
2020-04-01 14:00:00-03:00,0.618,0.586,0.154,15.006
2020-04-01 15:00:00-03:00,0.326,0.198,0.177,14.811
2020-04-01 16:00:00-03:00,0.243,0.14200000000000002,0.139,14.558
2020-04-01 17:00:00-03:00,0.083,0.036000000000000004,0.07,13.602
2020-04-01 18:00:00-03:00,0.019,0.011,0.022,12.062
2020-04-01 19:00:00-03:00,0.0,0.0,0.001,10.575
2020-04-01 20:00:00-03:00,0.0,0.0,0.0,9.989
2020-04-01 21:00:00-03:00,0.0,0.0,0.0,9.397
2020-04-01 22:00:00-03:00,0.0,0.0,0.0,8.585
2020-04-01 23:00:00-03:00,0.0,0.0,0.0,7.849
2020-04-02 00:00:00-03:00,0.0,0.0,0.0,7.621
2020-04-02 01:00:00-03:00,0.0,0.0,0.0,7.703
2020-04-02 02:00:00-03:00,0.0,0.0,0.0,7.746
2020-04-02 03:00:00-03:00,0.0,0.0,0.0,7.741
2020-04-02 04:00:00-03:00,0.0,0.0,0.0,7.678
2020-04-02 05:00:00-03:00,0.0,0.0,0.0,7.649
2020-04-02 06:00:00-03:00,0.0,0.0,0.0,7.702
2020-04-02 07:00:00-03:00,0.0,0.0,0.0,7.759
2020-04-02 08:00:00-03:00,0.02,0.021,0.013000000000000001,7.866
2020-04-02 09:00:00-03:00,0.155,0.11,0.07,9.064
2020-04-02 10:00:00-03:00,0.256,0.168,0.123,10.721
2020-04-02 11:00:00-03:00,0.28700000000000003,0.159,0.168,12.71
2020-04-02 12:00:00-03:00,0.289,0.13,0.203,14.393
2020-04-02 13:00:00-03:00,0.481,0.339,0.224,15.795
2020-04-02 14:00:00-03:00,0.526,0.422,0.203,16.642
2020-04-02 15:00:00-03:00,0.211,0.077,0.171,15.921
2020-04-02 16:00:00-03:00,0.11900000000000001,0.034,0.112,15.374
2020-04-02 17:00:00-03:00,0.051000000000000004,0.015,0.056,15.024
2020-04-02 18:00:00-03:00,0.015,0.008,0.021,14.404
2020-04-02 19:00:00-03:00,0.0,0.0,0.0,13.587
2020-04-02 20:00:00-03:00,0.0,0.0,0.0,12.774000000000001
2020-04-02 21:00:00-03:00,0.0,0.0,0.0,11.344
2020-04-02 22:00:00-03:00,0.0,0.0,0.0,9.936
2020-04-02 23:00:00-03:00,0.0,0.0,0.0,8.7
2020-04-03 00:00:00-03:00,0.0,0.0,0.0,7.656
2020-04-03 01:00:00-03:00,0.0,0.0,0.0,6.965
2020-04-03 02:00:00-03:00,0.0,0.0,0.0,6.5600000000000005
2020-04-03 03:00:00-03:00,0.0,0.0,0.0,6.179
2020-04-03 04:00:00-03:00,0.0,0.0,0.0,6.17
2020-04-03 05:00:00-03:00,0.0,0.0,0.0,5.874
2020-04-03 06:00:00-03:00,0.0,0.0,0.0,5.473
2020-04-03 07:00:00-03:00,0.0,0.0,0.0,4.806
2020-04-03 08:00:00-03:00,0.046,0.049,0.015,4.723
2020-04-03 09:00:00-03:00,0.256,0.216,0.07,6.391
2020-04-03 10:00:00-03:00,0.47500000000000003,0.426,0.109,7.849
2020-04-03 11:00:00-03:00,0.557,0.501,0.136,8.913
2020-04-03 12:00:00-03:00,0.584,0.51,0.165,9.697
2020-04-03 13:00:00-03:00,0.391,0.209,0.232,9.75
2020-04-03 14:00:00-03:00,0.247,0.075,0.20400000000000001,9.424
2020-04-03 15:00:00-03:00,0.193,0.059000000000000004,0.162,9.04
2020-04-03 16:00:00-03:00,0.14200000000000002,0.05,0.117,8.322
2020-04-03 17:00:00-03:00,0.10200000000000001,0.048,0.076,7.329
2020-04-03 18:00:00-03:00,0.035,0.024,0.027,6.164
2020-04-03 19:00:00-03:00,0.0,0.001,0.001,4.966
2020-04-03 20:00:00-03:00,0.0,0.0,0.0,4.236
2020-04-03 21:00:00-03:00,0.0,0.0,0.0,3.813
2020-04-03 22:00:00-03:00,0.0,0.0,0.0,3.333
2020-04-03 23:00:00-03:00,0.0,0.0,0.0,2.898
2020-04-04 00:00:00-03:00,0.0,0.0,0.0,2.73
2020-04-04 01:00:00-03:00,0.0,0.0,0.0,3.015
2020-04-04 02:00:00-03:00,0.0,0.0,0.0,3.099
2020-04-04 03:00:00-03:00,0.0,0.0,0.0,3.08
2020-04-04 04:00:00-03:00,0.0,0.0,0.0,3.203
2020-04-04 05:00:00-03:00,0.0,0.0,0.0,3.583
2020-04-04 06:00:00-03:00,0.0,0.0,0.0,3.938
2020-04-04 07:00:00-03:00,0.0,0.0,0.0,4.209
2020-04-04 08:00:00-03:00,0.022,0.023,0.013000000000000001,4.814
2020-04-04 09:00:00-03:00,0.099,0.058,0.061,5.886
2020-04-04 10:00:00-03:00,0.20700000000000002,0.112,0.121,7.114
2020-04-04 11:00:00-03:00,0.223,0.089,0.163,8.056
2020-04-04 12:00:00-03:00,0.196,0.043000000000000003,0.18,8.489
2020-04-04 13:00:00-03:00,0.168,0.021,0.17300000000000001,8.562
2020-04-04 14:00:00-03:00,0.164,0.022,0.168,8.689
2020-04-04 15:00:00-03:00,0.138,0.023,0.139,8.707
2020-04-04 16:00:00-03:00,0.088,0.016,0.093,8.397
2020-04-04 17:00:00-03:00,0.039,0.008,0.048,7.83
2020-04-04 18:00:00-03:00,0.007,0.003,0.013000000000000001,7.065
2020-04-04 19:00:00-03:00,0.0,0.0,0.0,6.269
2020-04-04 20:00:00-03:00,0.0,0.0,0.0,5.588
2020-04-04 21:00:00-03:00,0.0,0.0,0.0,4.865
2020-04-04 22:00:00-03:00,0.0,0.0,0.0,4.097
2020-04-04 23:00:00-03:00,0.0,0.0,0.0,3.794
2020-04-05 00:00:00-03:00,0.0,0.0,0.0,3.289
2020-04-05 01:00:00-03:00,0.0,0.0,0.0,3.026
2020-04-05 02:00:00-03:00,0.0,0.0,0.0,2.9130000000000003
2020-04-05 03:00:00-03:00,0.0,0.0,0.0,2.832
2020-04-05 04:00:00-03:00,0.0,0.0,0.0,2.75
2020-04-05 05:00:00-03:00,0.0,0.0,0.0,2.669
2020-04-05 06:00:00-03:00,0.0,0.0,0.0,2.528
2020-04-05 07:00:00-03:00,0.0,0.0,0.0,2.273
2020-04-05 08:00:00-03:00,0.04,0.043000000000000003,0.012,2.113
2020-04-05 09:00:00-03:00,0.20400000000000001,0.163,0.063,2.729
2020-04-05 10:00:00-03:00,0.315,0.23500000000000001,0.109,3.748
2020-04-05 11:00:00-03:00,0.47100000000000003,0.38,0.14200000000000002,4.908
2020-04-05 12:00:00-03:00,0.526,0.428,0.162,5.928
2020-04-05 13:00:00-03:00,0.628,0.5680000000000001,0.152,6.839
2020-04-05 14:00:00-03:00,0.525,0.42,0.17200000000000001,7.083
2020-04-05 15:00:00-03:00,0.521,0.442,0.145,7.006
2020-04-05 16:00:00-03:00,0.562,0.531,0.106,6.784
2020-04-05 17:00:00-03:00,0.458,0.434,0.076,6.169
2020-04-05 18:00:00-03:00,0.187,0.177,0.034,5.056
2020-04-05 19:00:00-03:00,0.0,0.001,0.0,3.832
2020-04-05 20:00:00-03:00,0.0,0.0,0.0,3.411
2020-04-05 21:00:00-03:00,0.0,0.0,0.0,3.117
2020-04-05 22:00:00-03:00,0.0,0.0,0.0,2.891
2020-04-05 23:00:00-03:00,0.0,0.0,0.0,2.68
2020-04-06 00:00:00-03:00,0.0,0.0,0.0,2.433
2020-04-06 01:00:00-03:00,0.0,0.0,0.0,2.25
2020-04-06 02:00:00-03:00,0.0,0.0,0.0,2.122
2020-04-06 03:00:00-03:00,0.0,0.0,0.0,2.547
2020-04-06 04:00:00-03:00,0.0,0.0,0.0,2.792
2020-04-06 05:00:00-03:00,0.0,0.0,0.0,2.356
2020-04-06 06:00:00-03:00,0.0,0.0,0.0,1.891
2020-04-06 07:00:00-03:00,0.0,0.0,0.0,2.009
2020-04-06 08:00:00-03:00,0.045,0.05,0.012,2.271
2020-04-06 09:00:00-03:00,0.255,0.22,0.061,3.571
2020-04-06 10:00:00-03:00,0.671,0.6940000000000001,0.08,6.001
2020-04-06 11:00:00-03:00,0.744,0.795,0.089,8.491
2020-04-06 12:00:00-03:00,0.763,0.8300000000000001,0.091,10.372
2020-04-06 13:00:00-03:00,0.728,0.778,0.101,11.828
2020-04-06 14:00:00-03:00,0.537,0.459,0.165,12.322
2020-04-06 15:00:00-03:00,0.316,0.194,0.165,12.073
2020-04-06 16:00:00-03:00,0.30000000000000004,0.213,0.128,11.904
2020-04-06 17:00:00-03:00,0.216,0.165,0.083,11.644
2020-04-06 18:00:00-03:00,0.044,0.037,0.025,10.704
2020-04-06 19:00:00-03:00,0.0,0.0,0.0,9.645
2020-04-06 20:00:00-03:00,0.0,0.0,0.0,9.281
2020-04-06 21:00:00-03:00,0.0,0.0,0.0,9.024
2020-04-06 22:00:00-03:00,0.0,0.0,0.0,8.808
2020-04-06 23:00:00-03:00,0.0,0.0,0.0,8.752
2020-04-07 00:00:00-03:00,0.0,0.0,0.0,8.794
2020-04-07 01:00:00-03:00,0.0,0.0,0.0,8.642
2020-04-07 02:00:00-03:00,0.0,0.0,0.0,8.386
2020-04-07 03:00:00-03:00,0.0,0.0,0.0,7.561
2020-04-07 04:00:00-03:00,0.0,0.0,0.0,6.094
2020-04-07 05:00:00-03:00,0.0,0.0,0.0,5.495
2020-04-07 06:00:00-03:00,0.0,0.0,0.0,5.287
2020-04-07 07:00:00-03:00,0.0,0.0,0.0,5.647
2020-04-07 08:00:00-03:00,0.004,0.006,0.007,6.711
2020-04-07 09:00:00-03:00,0.046,0.02,0.044,8.478
2020-04-07 10:00:00-03:00,0.12,0.045,0.099,10.057
2020-04-07 11:00:00-03:00,0.154,0.043000000000000003,0.139,11.479
2020-04-07 12:00:00-03:00,0.146,0.023,0.151,12.822
2020-04-07 13:00:00-03:00,0.14400000000000002,0.016,0.156,13.685
2020-04-07 14:00:00-03:00,0.133,0.015,0.145,14.306
2020-04-07 15:00:00-03:00,0.08700000000000001,0.01,0.101,14.378
2020-04-07 16:00:00-03:00,0.069,0.012,0.078,14.098
2020-04-07 17:00:00-03:00,0.15,0.093,0.08600000000000001,14.209
2020-04-07 18:00:00-03:00,0.067,0.059000000000000004,0.03,12.849
2020-04-07 19:00:00-03:00,0.0,0.0,0.0,11.258
2020-04-07 20:00:00-03:00,0.0,0.0,0.0,10.766
2020-04-07 21:00:00-03:00,0.0,0.0,0.0,10.178
2020-04-07 22:00:00-03:00,0.0,0.0,0.0,9.715
2020-04-07 23:00:00-03:00,0.0,0.0,0.0,9.303
2020-04-08 00:00:00-03:00,0.0,0.0,0.0,8.602
2020-04-08 01:00:00-03:00,0.0,0.0,0.0,7.519
2020-04-08 02:00:00-03:00,0.0,0.0,0.0,6.813
2020-04-08 03:00:00-03:00,0.0,0.0,0.0,6.381
2020-04-08 04:00:00-03:00,0.0,0.0,0.0,5.922
2020-04-08 05:00:00-03:00,0.0,0.0,0.0,5.484
2020-04-08 06:00:00-03:00,0.0,0.0,0.0,5.264
2020-04-08 07:00:00-03:00,0.0,0.0,0.0,5.131
2020-04-08 08:00:00-03:00,0.13,0.14200000000000002,0.01,5.47
2020-04-08 09:00:00-03:00,0.533,0.558,0.046,8.079
2020-04-08 10:00:00-03:00,0.685,0.744,0.067,10.298
2020-04-08 11:00:00-03:00,0.737,0.8230000000000001,0.077,13.303
2020-04-08 12:00:00-03:00,0.749,0.857,0.076,16.211
2020-04-08 13:00:00-03:00,0.745,0.868,0.069,18.026
2020-04-08 14:00:00-03:00,0.735,0.857,0.074,19.4
2020-04-08 15:00:00-03:00,0.715,0.8250000000000001,0.079,20.275
2020-04-08 16:00:00-03:00,0.665,0.757,0.073,20.341
2020-04-08 17:00:00-03:00,0.558,0.616,0.057,18.868
2020-04-08 18:00:00-03:00,0.28800000000000003,0.306,0.027,15.309
2020-04-08 19:00:00-03:00,0.0,0.0,0.0,12.535
2020-04-08 20:00:00-03:00,0.0,0.0,0.0,11.455
2020-04-08 21:00:00-03:00,0.0,0.0,0.0,10.384
2020-04-08 22:00:00-03:00,0.0,0.0,0.0,9.598
2020-04-08 23:00:00-03:00,0.0,0.0,0.0,9.326
2020-04-09 00:00:00-03:00,0.0,0.0,0.0,9.065
2020-04-09 01:00:00-03:00,0.0,0.0,0.0,8.895
2020-04-09 02:00:00-03:00,0.0,0.0,0.0,8.768
2020-04-09 03:00:00-03:00,0.0,0.0,0.0,8.871
2020-04-09 04:00:00-03:00,0.0,0.0,0.0,9.157
2020-04-09 05:00:00-03:00,0.0,0.0,0.0,9.027
2020-04-09 06:00:00-03:00,0.0,0.0,0.0,8.012
2020-04-09 07:00:00-03:00,0.0,0.0,0.0,6.974
2020-04-09 08:00:00-03:00,0.081,0.091,0.01,6.777
2020-04-09 09:00:00-03:00,0.373,0.367,0.053,9.612
2020-04-09 10:00:00-03:00,0.539,0.542,0.083,11.833
2020-04-09 11:00:00-03:00,0.643,0.673,0.096,13.749
2020-04-09 12:00:00-03:00,0.681,0.734,0.099,16.174
2020-04-09 13:00:00-03:00,0.653,0.6890000000000001,0.11,17.453
2020-04-09 14:00:00-03:00,0.578,0.5640000000000001,0.133,17.901
2020-04-09 15:00:00-03:00,0.526,0.501,0.127,17.849
2020-04-09 16:00:00-03:00,0.49,0.48,0.101,17.425
2020-04-09 17:00:00-03:00,0.438,0.445,0.067,16.386
2020-04-09 18:00:00-03:00,0.199,0.20500000000000002,0.027,13.714
2020-04-09 19:00:00-03:00,0.0,0.0,0.0,12.071
2020-04-09 20:00:00-03:00,0.0,0.0,0.0,11.66
2020-04-09 21:00:00-03:00,0.0,0.0,0.0,11.046
2020-04-09 22:00:00-03:00,0.0,0.0,0.0,10.122
2020-04-09 23:00:00-03:00,0.0,0.0,0.0,8.796
2020-04-10 00:00:00-03:00,0.0,0.0,0.0,7.54
2020-04-10 01:00:00-03:00,0.0,0.0,0.0,6.621
2020-04-10 02:00:00-03:00,0.0,0.0,0.0,5.971
2020-04-10 03:00:00-03:00,0.0,0.0,0.0,5.536
2020-04-10 04:00:00-03:00,0.0,0.0,0.0,5.841
2020-04-10 05:00:00-03:00,0.0,0.0,0.0,6.216
2020-04-10 06:00:00-03:00,0.0,0.0,0.0,5.997
2020-04-10 07:00:00-03:00,0.0,0.0,0.0,5.954
2020-04-10 08:00:00-03:00,0.029,0.036000000000000004,0.008,5.643
2020-04-10 09:00:00-03:00,0.269,0.244,0.055,6.209
2020-04-10 10:00:00-03:00,0.441,0.401,0.092,7.213
2020-04-10 11:00:00-03:00,0.633,0.63,0.10300000000000001,8.229
2020-04-10 12:00:00-03:00,0.668,0.67,0.112,9.018
2020-04-10 13:00:00-03:00,0.608,0.5660000000000001,0.138,9.353
2020-04-10 14:00:00-03:00,0.559,0.492,0.15,9.537
2020-04-10 15:00:00-03:00,0.47900000000000004,0.403,0.14200000000000002,9.679
2020-04-10 16:00:00-03:00,0.40800000000000003,0.34600000000000003,0.113,9.571
2020-04-10 17:00:00-03:00,0.303,0.265,0.074,8.989
2020-04-10 18:00:00-03:00,0.126,0.123,0.025,7.202
2020-04-10 19:00:00-03:00,0.0,0.0,0.0,4.867
2020-04-10 20:00:00-03:00,0.0,0.0,0.0,4.24
2020-04-10 21:00:00-03:00,0.0,0.0,0.0,3.675
2020-04-10 22:00:00-03:00,0.0,0.0,0.0,3.126
2020-04-10 23:00:00-03:00,0.0,0.0,0.0,2.64
2020-04-11 00:00:00-03:00,0.0,0.0,0.0,2.189
2020-04-11 01:00:00-03:00,0.0,0.0,0.0,1.9060000000000001
2020-04-11 02:00:00-03:00,0.0,0.0,0.0,1.679
2020-04-11 03:00:00-03:00,0.0,0.0,0.0,1.3860000000000001
2020-04-11 04:00:00-03:00,0.0,0.0,0.0,1.416
2020-04-11 05:00:00-03:00,0.0,0.0,0.0,1.653
2020-04-11 06:00:00-03:00,0.0,0.0,0.0,1.893
2020-04-11 07:00:00-03:00,0.0,0.0,0.0,1.996
2020-04-11 08:00:00-03:00,0.0,0.001,0.003,2.074
2020-04-11 09:00:00-03:00,0.015,0.005,0.023,2.45
2020-04-11 10:00:00-03:00,0.048,0.009000000000000001,0.056,3.213
2020-04-11 11:00:00-03:00,0.09,0.014,0.095,4.444
2020-04-11 12:00:00-03:00,0.153,0.027,0.149,6.146
2020-04-11 13:00:00-03:00,0.242,0.064,0.20700000000000002,7.456
2020-04-11 14:00:00-03:00,0.314,0.138,0.212,8.006
2020-04-11 15:00:00-03:00,0.417,0.297,0.171,8.381
2020-04-11 16:00:00-03:00,0.338,0.247,0.131,8.326
2020-04-11 17:00:00-03:00,0.106,0.059000000000000004,0.068,7.806
2020-04-11 18:00:00-03:00,0.047,0.042,0.022,6.664
2020-04-11 19:00:00-03:00,0.0,0.0,0.0,5.5280000000000005
2020-04-11 20:00:00-03:00,0.0,0.0,0.0,5.045
2020-04-11 21:00:00-03:00,0.0,0.0,0.0,4.65
2020-04-11 22:00:00-03:00,0.0,0.0,0.0,4.365
2020-04-11 23:00:00-03:00,0.0,0.0,0.0,4.31
2020-04-12 00:00:00-03:00,0.0,0.0,0.0,4.368
2020-04-12 01:00:00-03:00,0.0,0.0,0.0,4.486
2020-04-12 02:00:00-03:00,0.0,0.0,0.0,4.416
2020-04-12 03:00:00-03:00,0.0,0.0,0.0,4.356
2020-04-12 04:00:00-03:00,0.0,0.0,0.0,4.426
2020-04-12 05:00:00-03:00,0.0,0.0,0.0,4.754
2020-04-12 06:00:00-03:00,0.0,0.0,0.0,4.958
2020-04-12 07:00:00-03:00,0.0,0.0,0.0,5.193
2020-04-12 08:00:00-03:00,0.004,0.008,0.005,5.198
2020-04-12 09:00:00-03:00,0.067,0.043000000000000003,0.043000000000000003,6.014
2020-04-12 10:00:00-03:00,0.127,0.06,0.09,7.251
2020-04-12 11:00:00-03:00,0.148,0.051000000000000004,0.121,8.107
2020-04-12 12:00:00-03:00,0.34700000000000003,0.20400000000000001,0.185,9.173
2020-04-12 13:00:00-03:00,0.549,0.466,0.166,10.231
2020-04-12 14:00:00-03:00,0.623,0.593,0.136,10.774000000000001
2020-04-12 15:00:00-03:00,0.434,0.34400000000000003,0.149,10.667
2020-04-12 16:00:00-03:00,0.325,0.247,0.11900000000000001,10.33
2020-04-12 17:00:00-03:00,0.225,0.181,0.074,9.852
2020-04-12 18:00:00-03:00,0.063,0.064,0.019,8.9
2020-04-12 19:00:00-03:00,0.0,0.0,0.0,8.017
2020-04-12 20:00:00-03:00,0.0,0.0,0.0,7.77
2020-04-12 21:00:00-03:00,0.0,0.0,0.0,7.655
2020-04-12 22:00:00-03:00,0.0,0.0,0.0,7.455
2020-04-12 23:00:00-03:00,0.0,0.0,0.0,7.284
2020-04-13 00:00:00-03:00,0.0,0.0,0.0,7.231
2020-04-13 01:00:00-03:00,0.0,0.0,0.0,7.253
2020-04-13 02:00:00-03:00,0.0,0.0,0.0,7.171
2020-04-13 03:00:00-03:00,0.0,0.0,0.0,6.998
2020-04-13 04:00:00-03:00,0.0,0.0,0.0,6.888
2020-04-13 05:00:00-03:00,0.0,0.0,0.0,6.787
2020-04-13 06:00:00-03:00,0.0,0.0,0.0,6.704
2020-04-13 07:00:00-03:00,0.0,0.0,0.0,6.806
2020-04-13 08:00:00-03:00,0.007,0.012,0.005,6.875
2020-04-13 09:00:00-03:00,0.162,0.133,0.054,7.5809999999999995
2020-04-13 10:00:00-03:00,0.2,0.125,0.10300000000000001,8.646
2020-04-13 11:00:00-03:00,0.209,0.095,0.14300000000000002,9.388
2020-04-13 12:00:00-03:00,0.28,0.125,0.191,9.984
2020-04-13 13:00:00-03:00,0.302,0.121,0.22,10.361
2020-04-13 14:00:00-03:00,0.18,0.038,0.17,10.262
2020-04-13 15:00:00-03:00,0.089,0.012,0.098,9.929
2020-04-13 16:00:00-03:00,0.059000000000000004,0.011,0.068,9.712
2020-04-13 17:00:00-03:00,0.04,0.013000000000000001,0.045,9.409
2020-04-13 18:00:00-03:00,0.009000000000000001,0.009000000000000001,0.011,8.778
2020-04-13 19:00:00-03:00,0.0,0.0,0.0,8.217
2020-04-13 20:00:00-03:00,0.0,0.0,0.0,7.888
2020-04-13 21:00:00-03:00,0.0,0.0,0.0,7.436
2020-04-13 22:00:00-03:00,0.0,0.0,0.0,7.038
2020-04-13 23:00:00-03:00,0.0,0.0,0.0,6.66
2020-04-14 00:00:00-03:00,0.0,0.0,0.0,6.4030000000000005
2020-04-14 01:00:00-03:00,0.0,0.0,0.0,5.995
2020-04-14 02:00:00-03:00,0.0,0.0,0.0,5.513
2020-04-14 03:00:00-03:00,0.0,0.0,0.0,5.252
2020-04-14 04:00:00-03:00,0.0,0.0,0.0,5.002
2020-04-14 05:00:00-03:00,0.0,0.0,0.0,4.829
2020-04-14 06:00:00-03:00,0.0,0.0,0.0,4.721
2020-04-14 07:00:00-03:00,0.0,0.0,0.0,4.63
2020-04-14 08:00:00-03:00,0.01,0.017,0.005,4.695
2020-04-14 09:00:00-03:00,0.197,0.17300000000000001,0.048,6.029
2020-04-14 10:00:00-03:00,0.383,0.335,0.091,7.652
2020-04-14 11:00:00-03:00,0.47600000000000003,0.42,0.12,9.666
2020-04-14 12:00:00-03:00,0.562,0.519,0.132,11.081
2020-04-14 13:00:00-03:00,0.554,0.498,0.147,11.996
2020-04-14 14:00:00-03:00,0.523,0.457,0.151,12.6
2020-04-14 15:00:00-03:00,0.42,0.339,0.14200000000000002,12.845
2020-04-14 16:00:00-03:00,0.341,0.277,0.111,12.793
2020-04-14 17:00:00-03:00,0.219,0.184,0.068,11.805
2020-04-14 18:00:00-03:00,0.082,0.085,0.017,9.233
2020-04-14 19:00:00-03:00,0.0,0.0,0.0,7.922
2020-04-14 20:00:00-03:00,0.0,0.0,0.0,7.211
2020-04-14 21:00:00-03:00,0.0,0.0,0.0,6.861
2020-04-14 22:00:00-03:00,0.0,0.0,0.0,6.639
2020-04-14 23:00:00-03:00,0.0,0.0,0.0,6.514
2020-04-15 00:00:00-03:00,0.0,0.0,0.0,6.428
2020-04-15 01:00:00-03:00,0.0,0.0,0.0,6.558
2020-04-15 02:00:00-03:00,0.0,0.0,0.0,6.407
2020-04-15 03:00:00-03:00,0.0,0.0,0.0,5.95
2020-04-15 04:00:00-03:00,0.0,0.0,0.0,5.348
2020-04-15 05:00:00-03:00,0.0,0.0,0.0,4.781
2020-04-15 06:00:00-03:00,0.0,0.0,0.0,4.641
2020-04-15 07:00:00-03:00,0.0,0.0,0.0,4.55
2020-04-15 08:00:00-03:00,0.002,0.006,0.003,4.465
2020-04-15 09:00:00-03:00,0.131,0.107,0.046,5.592
2020-04-15 10:00:00-03:00,0.252,0.186,0.096,7.215
2020-04-15 11:00:00-03:00,0.321,0.222,0.137,8.63
2020-04-15 12:00:00-03:00,0.434,0.331,0.163,11.211
2020-04-15 13:00:00-03:00,0.511,0.431,0.164,13.53
2020-04-15 14:00:00-03:00,0.517,0.449,0.156,14.299
2020-04-15 15:00:00-03:00,0.362,0.265,0.152,14.271
2020-04-15 16:00:00-03:00,0.216,0.138,0.112,13.814
2020-04-15 17:00:00-03:00,0.161,0.123,0.067,12.833
2020-04-15 18:00:00-03:00,0.064,0.068,0.016,10.447
2020-04-15 19:00:00-03:00,0.0,0.0,0.0,8.245
2020-04-15 20:00:00-03:00,0.0,0.0,0.0,7.3870000000000005
2020-04-15 21:00:00-03:00,0.0,0.0,0.0,6.956
2020-04-15 22:00:00-03:00,0.0,0.0,0.0,6.574
2020-04-15 23:00:00-03:00,0.0,0.0,0.0,6.229
2020-04-16 00:00:00-03:00,0.0,0.0,0.0,5.924
2020-04-16 01:00:00-03:00,0.0,0.0,0.0,5.51
2020-04-16 02:00:00-03:00,0.0,0.0,0.0,5.3870000000000005
2020-04-16 03:00:00-03:00,0.0,0.0,0.0,5.432
2020-04-16 04:00:00-03:00,0.0,0.0,0.0,5.38
2020-04-16 05:00:00-03:00,0.0,0.0,0.0,5.289
2020-04-16 06:00:00-03:00,0.0,0.0,0.0,5.206
2020-04-16 07:00:00-03:00,0.0,0.0,0.0,5.005
2020-04-16 08:00:00-03:00,0.003,0.007,0.003,4.781
2020-04-16 09:00:00-03:00,0.062,0.042,0.039,6.354
2020-04-16 10:00:00-03:00,0.10200000000000001,0.043000000000000003,0.081,7.45
2020-04-16 11:00:00-03:00,0.17200000000000001,0.068,0.13,8.575
2020-04-16 12:00:00-03:00,0.355,0.22,0.181,10.911
2020-04-16 13:00:00-03:00,0.61,0.5710000000000001,0.151,13.431
2020-04-16 14:00:00-03:00,0.308,0.159,0.196,14.868
2020-04-16 15:00:00-03:00,0.125,0.032,0.121,15.162
2020-04-16 16:00:00-03:00,0.14200000000000002,0.061,0.111,15.719
2020-04-16 17:00:00-03:00,0.017,0.005,0.026000000000000002,14.858
2020-04-16 18:00:00-03:00,0.0,0.001,0.003,14.208
2020-04-16 19:00:00-03:00,0.0,0.0,0.0,13.222
2020-04-16 20:00:00-03:00,0.0,0.0,0.0,13.083
2020-04-16 21:00:00-03:00,0.0,0.0,0.0,12.414
2020-04-16 22:00:00-03:00,0.0,0.0,0.0,9.745
2020-04-16 23:00:00-03:00,0.0,0.0,0.0,7.761
2020-04-17 00:00:00-03:00,0.0,0.0,0.0,7.03
2020-04-17 01:00:00-03:00,0.0,0.0,0.0,5.938
2020-04-17 02:00:00-03:00,0.0,0.0,0.0,3.908
2020-04-17 03:00:00-03:00,0.0,0.0,0.0,2.586
2020-04-17 04:00:00-03:00,0.0,0.0,0.0,1.734
2020-04-17 05:00:00-03:00,0.0,0.0,0.0,1.172
2020-04-17 06:00:00-03:00,0.0,0.0,0.0,1.343
2020-04-17 07:00:00-03:00,0.0,0.0,0.0,1.344
2020-04-17 08:00:00-03:00,0.006,0.013000000000000001,0.003,1.24
2020-04-17 09:00:00-03:00,0.297,0.28300000000000003,0.04,2.531
2020-04-17 10:00:00-03:00,0.7020000000000001,0.752,0.055,4.242
2020-04-17 11:00:00-03:00,0.778,0.865,0.06,7.166
2020-04-17 12:00:00-03:00,0.791,0.906,0.058,10.587
2020-04-17 13:00:00-03:00,0.785,0.914,0.053,12.452
2020-04-17 14:00:00-03:00,0.773,0.895,0.059000000000000004,13.334
2020-04-17 15:00:00-03:00,0.744,0.846,0.066,13.782
2020-04-17 16:00:00-03:00,0.661,0.728,0.067,13.772
2020-04-17 17:00:00-03:00,0.266,0.245,0.059000000000000004,12.27
2020-04-17 18:00:00-03:00,0.032,0.037,0.011,10.038
2020-04-17 19:00:00-03:00,0.0,0.0,0.0,9.46
2020-04-17 20:00:00-03:00,0.0,0.0,0.0,9.05
2020-04-17 21:00:00-03:00,0.0,0.0,0.0,8.435
2020-04-17 22:00:00-03:00,0.0,0.0,0.0,7.718
2020-04-17 23:00:00-03:00,0.0,0.0,0.0,6.807
2020-04-18 00:00:00-03:00,0.0,0.0,0.0,5.825
2020-04-18 01:00:00-03:00,0.0,0.0,0.0,5.159
2020-04-18 02:00:00-03:00,0.0,0.0,0.0,5.514
2020-04-18 03:00:00-03:00,0.0,0.0,0.0,5.008
2020-04-18 04:00:00-03:00,0.0,0.0,0.0,4.136
2020-04-18 05:00:00-03:00,0.0,0.0,0.0,3.269
2020-04-18 06:00:00-03:00,0.0,0.0,0.0,2.65
2020-04-18 07:00:00-03:00,0.0,0.0,0.0,1.705
2020-04-18 08:00:00-03:00,0.006,0.013000000000000001,0.003,1.1440000000000001
2020-04-18 09:00:00-03:00,0.312,0.297,0.043000000000000003,2.836
2020-04-18 10:00:00-03:00,0.458,0.425,0.081,4.499
2020-04-18 11:00:00-03:00,0.5710000000000001,0.538,0.112,7.44
2020-04-18 12:00:00-03:00,0.149,0.037,0.136,8.486
2020-04-18 13:00:00-03:00,0.083,0.008,0.095,7.436
2020-04-18 14:00:00-03:00,0.135,0.026000000000000002,0.133,8.228
2020-04-18 15:00:00-03:00,0.424,0.33,0.151,10.286
2020-04-18 16:00:00-03:00,0.277,0.203,0.111,10.761
2020-04-18 17:00:00-03:00,0.11900000000000001,0.084,0.059000000000000004,9.87
2020-04-18 18:00:00-03:00,0.026000000000000002,0.03,0.012,7.53
2020-04-18 19:00:00-03:00,0.0,0.0,0.0,6.247
2020-04-18 20:00:00-03:00,0.0,0.0,0.0,6.351
2020-04-18 21:00:00-03:00,0.0,0.0,0.0,6.3
2020-04-18 22:00:00-03:00,0.0,0.0,0.0,5.866
2020-04-18 23:00:00-03:00,0.0,0.0,0.0,4.956
2020-04-19 00:00:00-03:00,0.0,0.0,0.0,3.988
2020-04-19 01:00:00-03:00,0.0,0.0,0.0,3.387
2020-04-19 02:00:00-03:00,0.0,0.0,0.0,3.206
2020-04-19 03:00:00-03:00,0.0,0.0,0.0,3.407
2020-04-19 04:00:00-03:00,0.0,0.0,0.0,3.734
2020-04-19 05:00:00-03:00,0.0,0.0,0.0,3.947
2020-04-19 06:00:00-03:00,0.0,0.0,0.0,4.018
2020-04-19 07:00:00-03:00,0.0,0.0,0.0,4.115
2020-04-19 08:00:00-03:00,0.0,0.001,0.001,4.267
2020-04-19 09:00:00-03:00,0.043000000000000003,0.029,0.031,4.6370000000000005
2020-04-19 10:00:00-03:00,0.123,0.065,0.079,5.11
2020-04-19 11:00:00-03:00,0.418,0.336,0.127,5.843
2020-04-19 12:00:00-03:00,0.541,0.47600000000000003,0.135,6.65
2020-04-19 13:00:00-03:00,0.595,0.54,0.139,7.12
2020-04-19 14:00:00-03:00,0.34,0.197,0.179,6.852
2020-04-19 15:00:00-03:00,0.193,0.083,0.136,6.516
2020-04-19 16:00:00-03:00,0.33,0.256,0.109,6.59
2020-04-19 17:00:00-03:00,0.28300000000000003,0.252,0.062,6.045
2020-04-19 18:00:00-03:00,0.045,0.051000000000000004,0.012,4.841
2020-04-19 19:00:00-03:00,0.0,0.0,0.0,3.92
2020-04-19 20:00:00-03:00,0.0,0.0,0.0,3.497
2020-04-19 21:00:00-03:00,0.0,0.0,0.0,3.359
2020-04-19 22:00:00-03:00,0.0,0.0,0.0,3.04
2020-04-19 23:00:00-03:00,0.0,0.0,0.0,2.813
2020-04-20 00:00:00-03:00,0.0,0.0,0.0,2.715
2020-04-20 01:00:00-03:00,0.0,0.0,0.0,2.699
2020-04-20 02:00:00-03:00,0.0,0.0,0.0,2.86
2020-04-20 03:00:00-03:00,0.0,0.0,0.0,3.206
2020-04-20 04:00:00-03:00,0.0,0.0,0.0,3.593
2020-04-20 05:00:00-03:00,0.0,0.0,0.0,4.096
2020-04-20 06:00:00-03:00,0.0,0.0,0.0,4.634
2020-04-20 07:00:00-03:00,0.0,0.0,0.0,5.191
2020-04-20 08:00:00-03:00,0.0,0.001,0.001,5.642
2020-04-20 09:00:00-03:00,0.036000000000000004,0.023,0.029,6.197
2020-04-20 10:00:00-03:00,0.114,0.055,0.08,7.138
2020-04-20 11:00:00-03:00,0.244,0.137,0.137,8.258
2020-04-20 12:00:00-03:00,0.37,0.23900000000000002,0.177,9.235
2020-04-20 13:00:00-03:00,0.299,0.136,0.2,9.546
2020-04-20 14:00:00-03:00,0.181,0.048,0.161,9.455
2020-04-20 15:00:00-03:00,0.156,0.049,0.133,9.538
2020-04-20 16:00:00-03:00,0.155,0.075,0.105,9.407
2020-04-20 17:00:00-03:00,0.062,0.033,0.049,8.778
2020-04-20 18:00:00-03:00,0.001,0.003,0.004,8.136
2020-04-20 19:00:00-03:00,0.0,0.0,0.0,7.917
2020-04-20 20:00:00-03:00,0.0,0.0,0.0,7.917
2020-04-20 21:00:00-03:00,0.0,0.0,0.0,7.764
2020-04-20 22:00:00-03:00,0.0,0.0,0.0,7.503
2020-04-20 23:00:00-03:00,0.0,0.0,0.0,7.235
2020-04-21 00:00:00-03:00,0.0,0.0,0.0,6.879
2020-04-21 01:00:00-03:00,0.0,0.0,0.0,6.579
2020-04-21 02:00:00-03:00,0.0,0.0,0.0,6.444
2020-04-21 03:00:00-03:00,0.0,0.0,0.0,6.346
2020-04-21 04:00:00-03:00,0.0,0.0,0.0,6.236
2020-04-21 05:00:00-03:00,0.0,0.0,0.0,5.947
2020-04-21 06:00:00-03:00,0.0,0.0,0.0,5.586
2020-04-21 07:00:00-03:00,0.0,0.0,0.0,5.173
2020-04-21 08:00:00-03:00,0.0,0.002,0.001,5.034
2020-04-21 09:00:00-03:00,0.095,0.078,0.037,5.499
2020-04-21 10:00:00-03:00,0.195,0.133,0.088,6.66
2020-04-21 11:00:00-03:00,0.256,0.157,0.13,7.73
2020-04-21 12:00:00-03:00,0.533,0.467,0.14100000000000001,8.9
2020-04-21 13:00:00-03:00,0.496,0.4,0.165,9.59
2020-04-21 14:00:00-03:00,0.31,0.165,0.182,9.535
2020-04-21 15:00:00-03:00,0.159,0.055,0.13,9.117
2020-04-21 16:00:00-03:00,0.092,0.031,0.083,8.712
2020-04-21 17:00:00-03:00,0.025,0.01,0.031,8.18
2020-04-21 18:00:00-03:00,0.004,0.006,0.006,7.59
2020-04-21 19:00:00-03:00,0.0,0.0,0.0,7.267
2020-04-21 20:00:00-03:00,0.0,0.0,0.0,7.356
2020-04-21 21:00:00-03:00,0.0,0.0,0.0,7.226
2020-04-21 22:00:00-03:00,0.0,0.0,0.0,6.776
2020-04-21 23:00:00-03:00,0.0,0.0,0.0,6.355
2020-04-22 00:00:00-03:00,0.0,0.0,0.0,6.145
2020-04-22 01:00:00-03:00,0.0,0.0,0.0,6.4030000000000005
2020-04-22 02:00:00-03:00,0.0,0.0,0.0,6.915
2020-04-22 03:00:00-03:00,0.0,0.0,0.0,6.965
2020-04-22 04:00:00-03:00,0.0,0.0,0.0,6.888
2020-04-22 05:00:00-03:00,0.0,0.0,0.0,6.936
2020-04-22 06:00:00-03:00,0.0,0.0,0.0,6.912
2020-04-22 07:00:00-03:00,0.0,0.0,0.0,6.9350000000000005
2020-04-22 08:00:00-03:00,0.0,0.0,0.0,6.585
2020-04-22 09:00:00-03:00,0.032,0.021,0.027,6.731
2020-04-22 10:00:00-03:00,0.117,0.058,0.081,7.624
2020-04-22 11:00:00-03:00,0.195,0.09,0.133,8.742
2020-04-22 12:00:00-03:00,0.234,0.094,0.17200000000000001,9.579
2020-04-22 13:00:00-03:00,0.26,0.097,0.197,10.164
2020-04-22 14:00:00-03:00,0.185,0.048,0.166,10.265
2020-04-22 15:00:00-03:00,0.089,0.014,0.097,9.965
2020-04-22 16:00:00-03:00,0.041,0.007,0.052000000000000005,9.496
2020-04-22 17:00:00-03:00,0.009000000000000001,0.003,0.018000000000000002,8.788
2020-04-22 18:00:00-03:00,0.0,0.001,0.002,7.883
2020-04-22 19:00:00-03:00,0.0,0.0,0.0,7.492
2020-04-22 20:00:00-03:00,0.0,0.0,0.0,7.166
2020-04-22 21:00:00-03:00,0.0,0.0,0.0,6.781
2020-04-22 22:00:00-03:00,0.0,0.0,0.0,6.517
2020-04-22 23:00:00-03:00,0.0,0.0,0.0,6.241
2020-04-23 00:00:00-03:00,0.0,0.0,0.0,6.026
2020-04-23 01:00:00-03:00,0.0,0.0,0.0,5.832
2020-04-23 02:00:00-03:00,0.0,0.0,0.0,5.751
2020-04-23 03:00:00-03:00,0.0,0.0,0.0,5.708
2020-04-23 04:00:00-03:00,0.0,0.0,0.0,5.695
2020-04-23 05:00:00-03:00,0.0,0.0,0.0,5.591
2020-04-23 06:00:00-03:00,0.0,0.0,0.0,5.466
2020-04-23 07:00:00-03:00,0.0,0.0,0.0,5.265
2020-04-23 08:00:00-03:00,0.0,0.0,0.0,5.002
2020-04-23 09:00:00-03:00,0.012,0.007,0.017,5.311
2020-04-23 10:00:00-03:00,0.053,0.016,0.055,5.9510000000000005
2020-04-23 11:00:00-03:00,0.117,0.033,0.106,7.003
2020-04-23 12:00:00-03:00,0.188,0.06,0.154,7.998
2020-04-23 13:00:00-03:00,0.343,0.19,0.194,8.903
2020-04-23 14:00:00-03:00,0.425,0.303,0.176,9.693
2020-04-23 15:00:00-03:00,0.23800000000000002,0.121,0.148,9.785
2020-04-23 16:00:00-03:00,0.088,0.03,0.079,9.26
2020-04-23 17:00:00-03:00,0.054,0.03,0.044,8.367
2020-04-23 18:00:00-03:00,0.005,0.008,0.006,6.589
2020-04-23 19:00:00-03:00,0.0,0.0,0.0,5.665
2020-04-23 20:00:00-03:00,0.0,0.0,0.0,5.031
2020-04-23 21:00:00-03:00,0.0,0.0,0.0,4.331
2020-04-23 22:00:00-03:00,0.0,0.0,0.0,3.5380000000000003
2020-04-23 23:00:00-03:00,0.0,0.0,0.0,2.805
2020-04-24 00:00:00-03:00,0.0,0.0,0.0,1.94
2020-04-24 01:00:00-03:00,0.0,0.0,0.0,1.171
2020-04-24 02:00:00-03:00,0.0,0.0,0.0,0.258
2020-04-24 03:00:00-03:00,0.0,0.0,0.0,-0.354
2020-04-24 04:00:00-03:00,0.0,0.0,0.0,-0.709
2020-04-24 05:00:00-03:00,0.0,0.0,0.0,-0.887
2020-04-24 06:00:00-03:00,0.0,0.0,0.0,-0.966
2020-04-24 07:00:00-03:00,0.0,0.0,0.0,-1.043
2020-04-24 08:00:00-03:00,0.0,0.001,0.0,-0.967
2020-04-24 09:00:00-03:00,0.08,0.068,0.03,0.632
2020-04-24 10:00:00-03:00,0.156,0.1,0.076,2.329
2020-04-24 11:00:00-03:00,0.23,0.134,0.12,3.868
2020-04-24 12:00:00-03:00,0.383,0.273,0.149,5.132
2020-04-24 13:00:00-03:00,0.582,0.536,0.124,6.205
2020-04-24 14:00:00-03:00,0.645,0.642,0.101,6.931
2020-04-24 15:00:00-03:00,0.601,0.593,0.095,7.142
2020-04-24 16:00:00-03:00,0.529,0.517,0.079,6.906
2020-04-24 17:00:00-03:00,0.265,0.242,0.052000000000000005,5.836
2020-04-24 18:00:00-03:00,0.022,0.029,0.007,2.946
2020-04-24 19:00:00-03:00,0.0,0.0,0.0,1.808
2020-04-24 20:00:00-03:00,0.0,0.0,0.0,1.238
2020-04-24 21:00:00-03:00,0.0,0.0,0.0,0.679
2020-04-24 22:00:00-03:00,0.0,0.0,0.0,0.20700000000000002
2020-04-24 23:00:00-03:00,0.0,0.0,0.0,-0.084
2020-04-25 00:00:00-03:00,0.0,0.0,0.0,-0.34500000000000003
2020-04-25 01:00:00-03:00,0.0,0.0,0.0,-0.242
2020-04-25 02:00:00-03:00,0.0,0.0,0.0,-0.077
2020-04-25 03:00:00-03:00,0.0,0.0,0.0,-0.309
2020-04-25 04:00:00-03:00,0.0,0.0,0.0,-0.757
2020-04-25 05:00:00-03:00,0.0,0.0,0.0,-1.026
2020-04-25 06:00:00-03:00,0.0,0.0,0.0,-1.075
2020-04-25 07:00:00-03:00,0.0,0.0,0.0,-1.077
2020-04-25 08:00:00-03:00,0.0,0.0,0.0,-1.002
2020-04-25 09:00:00-03:00,0.064,0.054,0.026000000000000002,-0.17200000000000001
2020-04-25 10:00:00-03:00,0.23500000000000001,0.181,0.076,1.47
2020-04-25 11:00:00-03:00,0.513,0.47100000000000003,0.097,3.443
2020-04-25 12:00:00-03:00,0.562,0.522,0.109,5.136
2020-04-25 13:00:00-03:00,0.646,0.645,0.096,6.195
2020-04-25 14:00:00-03:00,0.7010000000000001,0.737,0.08,7.035
2020-04-25 15:00:00-03:00,0.673,0.704,0.078,7.414
2020-04-25 16:00:00-03:00,0.548,0.549,0.073,7.335
2020-04-25 17:00:00-03:00,0.301,0.28600000000000003,0.048,6.244
2020-04-25 18:00:00-03:00,0.039,0.048,0.006,2.862
2020-04-25 19:00:00-03:00,0.0,0.0,0.0,1.79
2020-04-25 20:00:00-03:00,0.0,0.0,0.0,1.445
2020-04-25 21:00:00-03:00,0.0,0.0,0.0,0.838
2020-04-25 22:00:00-03:00,0.0,0.0,0.0,0.163
2020-04-25 23:00:00-03:00,0.0,0.0,0.0,-0.538
2020-04-26 00:00:00-03:00,0.0,0.0,0.0,-1.316
2020-04-26 01:00:00-03:00,0.0,0.0,0.0,-1.955
2020-04-26 02:00:00-03:00,0.0,0.0,0.0,-2.251
2020-04-26 03:00:00-03:00,0.0,0.0,0.0,-2.188
2020-04-26 04:00:00-03:00,0.0,0.0,0.0,-2.085
2020-04-26 05:00:00-03:00,0.0,0.0,0.0,-2.051
2020-04-26 06:00:00-03:00,0.0,0.0,0.0,-2.073
2020-04-26 07:00:00-03:00,0.0,0.0,0.0,-2.17
2020-04-26 08:00:00-03:00,0.0,0.001,0.0,-2.221
2020-04-26 09:00:00-03:00,0.139,0.127,0.03,-0.317
2020-04-26 10:00:00-03:00,0.121,0.07100000000000001,0.069,1.404
2020-04-26 11:00:00-03:00,0.276,0.181,0.12,2.605
2020-04-26 12:00:00-03:00,0.459,0.371,0.136,4.505
2020-04-26 13:00:00-03:00,0.626,0.604,0.111,6.297
2020-04-26 14:00:00-03:00,0.527,0.47000000000000003,0.126,7.452
2020-04-26 15:00:00-03:00,0.555,0.528,0.105,8.234
2020-04-26 16:00:00-03:00,0.303,0.244,0.094,8.227
2020-04-26 17:00:00-03:00,0.096,0.07200000000000001,0.045,7.126
2020-04-26 18:00:00-03:00,0.001,0.004,0.003,5.45
2020-04-26 19:00:00-03:00,0.0,0.0,0.0,5.187
2020-04-26 20:00:00-03:00,0.0,0.0,0.0,5.038
2020-04-26 21:00:00-03:00,0.0,0.0,0.0,4.809
2020-04-26 22:00:00-03:00,0.0,0.0,0.0,4.578
2020-04-26 23:00:00-03:00,0.0,0.0,0.0,4.394
2020-04-27 00:00:00-03:00,0.0,0.0,0.0,4.271
2020-04-27 01:00:00-03:00,0.0,0.0,0.0,4.124
2020-04-27 02:00:00-03:00,0.0,0.0,0.0,3.992
2020-04-27 03:00:00-03:00,0.0,0.0,0.0,3.843
2020-04-27 04:00:00-03:00,0.0,0.0,0.0,3.665
2020-04-27 05:00:00-03:00,0.0,0.0,0.0,3.5060000000000002
2020-04-27 06:00:00-03:00,0.0,0.0,0.0,3.424
2020-04-27 07:00:00-03:00,0.0,0.0,0.0,3.432
2020-04-27 08:00:00-03:00,0.0,0.0,0.0,3.474
2020-04-27 09:00:00-03:00,0.007,0.005,0.013000000000000001,3.779
2020-04-27 10:00:00-03:00,0.037,0.009000000000000001,0.044,4.356
2020-04-27 11:00:00-03:00,0.085,0.019,0.085,5.508
2020-04-27 12:00:00-03:00,0.227,0.093,0.162,6.936
2020-04-27 13:00:00-03:00,0.281,0.129,0.185,7.862
2020-04-27 14:00:00-03:00,0.28,0.138,0.17500000000000002,8.568
2020-04-27 15:00:00-03:00,0.23800000000000002,0.126,0.14300000000000002,8.731
2020-04-27 16:00:00-03:00,0.127,0.061,0.09,8.329
2020-04-27 17:00:00-03:00,0.048,0.028,0.038,7.344
2020-04-27 18:00:00-03:00,0.0,0.002,0.003,5.714
2020-04-27 19:00:00-03:00,0.0,0.0,0.0,4.94
2020-04-27 20:00:00-03:00,0.0,0.0,0.0,3.627
2020-04-27 21:00:00-03:00,0.0,0.0,0.0,2.204
2020-04-27 22:00:00-03:00,0.0,0.0,0.0,1.457
2020-04-27 23:00:00-03:00,0.0,0.0,0.0,1.369
2020-04-28 00:00:00-03:00,0.0,0.0,0.0,1.796
2020-04-28 01:00:00-03:00,0.0,0.0,0.0,2.06
2020-04-28 02:00:00-03:00,0.0,0.0,0.0,2.382
2020-04-28 03:00:00-03:00,0.0,0.0,0.0,2.184
2020-04-28 04:00:00-03:00,0.0,0.0,0.0,2.153
2020-04-28 05:00:00-03:00,0.0,0.0,0.0,2.294
2020-04-28 06:00:00-03:00,0.0,0.0,0.0,2.224
2020-04-28 07:00:00-03:00,0.0,0.0,0.0,1.978
2020-04-28 08:00:00-03:00,0.0,0.0,0.0,1.7389999999999999
2020-04-28 09:00:00-03:00,0.006,0.005,0.011,1.712
2020-04-28 10:00:00-03:00,0.037,0.01,0.042,2.077
2020-04-28 11:00:00-03:00,0.08700000000000001,0.021,0.084,2.958
2020-04-28 12:00:00-03:00,0.20800000000000002,0.08,0.152,4.159
2020-04-28 13:00:00-03:00,0.28,0.133,0.176,4.956
2020-04-28 14:00:00-03:00,0.37,0.245,0.163,5.864
2020-04-28 15:00:00-03:00,0.47300000000000003,0.40900000000000003,0.12,6.443
2020-04-28 16:00:00-03:00,0.41200000000000003,0.369,0.088,6.507
2020-04-28 17:00:00-03:00,0.231,0.209,0.048,5.678
2020-04-28 18:00:00-03:00,0.008,0.014,0.004,3.628
2020-04-28 19:00:00-03:00,0.0,0.0,0.0,2.64
2020-04-28 20:00:00-03:00,0.0,0.0,0.0,1.725
2020-04-28 21:00:00-03:00,0.0,0.0,0.0,0.8220000000000001
2020-04-28 22:00:00-03:00,0.0,0.0,0.0,0.245
2020-04-28 23:00:00-03:00,0.0,0.0,0.0,-0.23800000000000002
2020-04-29 00:00:00-03:00,0.0,0.0,0.0,-0.745
2020-04-29 01:00:00-03:00,0.0,0.0,0.0,-0.678
2020-04-29 02:00:00-03:00,0.0,0.0,0.0,-0.066
2020-04-29 03:00:00-03:00,0.0,0.0,0.0,0.532
2020-04-29 04:00:00-03:00,0.0,0.0,0.0,0.963
2020-04-29 05:00:00-03:00,0.0,0.0,0.0,1.026
2020-04-29 06:00:00-03:00,0.0,0.0,0.0,0.777
2020-04-29 07:00:00-03:00,0.0,0.0,0.0,0.368
2020-04-29 08:00:00-03:00,0.0,0.0,0.0,-0.084
2020-04-29 09:00:00-03:00,0.013000000000000001,0.01,0.015,0.084
2020-04-29 10:00:00-03:00,0.065,0.024,0.057,0.931
2020-04-29 11:00:00-03:00,0.17400000000000002,0.077,0.117,2.527
2020-04-29 12:00:00-03:00,0.361,0.231,0.165,4.55
2020-04-29 13:00:00-03:00,0.25,0.1,0.179,6.392
2020-04-29 14:00:00-03:00,0.167,0.044,0.148,7.695
2020-04-29 15:00:00-03:00,0.10300000000000001,0.022,0.10300000000000001,8.17
2020-04-29 16:00:00-03:00,0.032,0.006,0.043000000000000003,7.351
2020-04-29 17:00:00-03:00,0.006,0.002,0.013000000000000001,6.272
2020-04-29 18:00:00-03:00,0.0,0.0,0.001,5.461
2020-04-29 19:00:00-03:00,0.0,0.0,0.0,5.283
2020-04-29 20:00:00-03:00,0.0,0.0,0.0,5.131
2020-04-29 21:00:00-03:00,0.0,0.0,0.0,4.816
2020-04-29 22:00:00-03:00,0.0,0.0,0.0,4.451
2020-04-29 23:00:00-03:00,0.0,0.0,0.0,4.36
2020-04-30 00:00:00-03:00,0.0,0.0,0.0,4.194
2020-04-30 01:00:00-03:00,0.0,0.0,0.0,3.996
2020-04-30 02:00:00-03:00,0.0,0.0,0.0,3.7800000000000002
2020-04-30 03:00:00-03:00,0.0,0.0,0.0,3.798
2020-04-30 04:00:00-03:00,0.0,0.0,0.0,3.509
2020-04-30 05:00:00-03:00,0.0,0.0,0.0,3.218
2020-04-30 06:00:00-03:00,0.0,0.0,0.0,3.02
2020-04-30 07:00:00-03:00,0.0,0.0,0.0,2.751
2020-04-30 08:00:00-03:00,0.0,0.0,0.0,2.643
2020-04-30 09:00:00-03:00,0.067,0.063,0.022,3.343
2020-04-30 10:00:00-03:00,0.18,0.132,0.07100000000000001,4.815
2020-04-30 11:00:00-03:00,0.277,0.192,0.115,6.353
2020-04-30 12:00:00-03:00,0.28400000000000003,0.17200000000000001,0.145,7.575
2020-04-30 13:00:00-03:00,0.522,0.46,0.133,8.611
2020-04-30 14:00:00-03:00,0.52,0.467,0.126,9.317
2020-04-30 15:00:00-03:00,0.316,0.229,0.127,9.414
2020-04-30 16:00:00-03:00,0.19,0.129,0.088,9.174
2020-04-30 17:00:00-03:00,0.096,0.078,0.04,8.372
2020-04-30 18:00:00-03:00,0.001,0.006,0.003,6.879
2020-04-30 19:00:00-03:00,0.0,0.0,0.0,5.384
2020-04-30 20:00:00-03:00,0.0,0.0,0.0,4.324
2020-04-30 21:00:00-03:00,0.0,0.0,0.0,3.684
2020-04-30 22:00:00-03:00,0.0,0.0,0.0,3.134
2020-04-30 23:00:00-03:00,0.0,0.0,0.0,2.64
2020-05-01 00:00:00-03:00,0.0,0.0,0.0,2.092
2020-05-01 01:00:00-03:00,0.0,0.0,0.0,2.084
2020-05-01 02:00:00-03:00,0.0,0.0,0.0,2.393
2020-05-01 03:00:00-03:00,0.0,0.0,0.0,2.044
2020-05-01 04:00:00-03:00,0.0,0.0,0.0,1.48
2020-05-01 05:00:00-03:00,0.0,0.0,0.0,0.9480000000000001
2020-05-01 06:00:00-03:00,0.0,0.0,0.0,1.3519999999999999
2020-05-01 07:00:00-03:00,0.0,0.0,0.0,2.243
2020-05-01 08:00:00-03:00,0.0,0.0,0.0,2.097
2020-05-01 09:00:00-03:00,0.025,0.023,0.016,1.964
2020-05-01 10:00:00-03:00,0.135,0.08600000000000001,0.07,3.911
2020-05-01 11:00:00-03:00,0.154,0.069,0.108,4.807
2020-05-01 12:00:00-03:00,0.137,0.038,0.121,5.531
2020-05-01 13:00:00-03:00,0.277,0.14,0.168,7.083
2020-05-01 14:00:00-03:00,0.608,0.59,0.113,9.107
2020-05-01 15:00:00-03:00,0.375,0.298,0.124,9.959
2020-05-01 16:00:00-03:00,0.156,0.094,0.088,9.594
2020-05-01 17:00:00-03:00,0.011,0.006,0.017,7.959
2020-05-01 18:00:00-03:00,0.0,0.0,0.001,6.829
2020-05-01 19:00:00-03:00,0.0,0.0,0.0,6.165
2020-05-01 20:00:00-03:00,0.0,0.0,0.0,5.657
2020-05-01 21:00:00-03:00,0.0,0.0,0.0,5.471
2020-05-01 22:00:00-03:00,0.0,0.0,0.0,5.489
2020-05-01 23:00:00-03:00,0.0,0.0,0.0,5.4
2020-05-02 00:00:00-03:00,0.0,0.0,0.0,5.263
2020-05-02 01:00:00-03:00,0.0,0.0,0.0,5.029
2020-05-02 02:00:00-03:00,0.0,0.0,0.0,4.6690000000000005
2020-05-02 03:00:00-03:00,0.0,0.0,0.0,4.187
2020-05-02 04:00:00-03:00,0.0,0.0,0.0,3.476
2020-05-02 05:00:00-03:00,0.0,0.0,0.0,2.963
2020-05-02 06:00:00-03:00,0.0,0.0,0.0,2.296
2020-05-02 07:00:00-03:00,0.0,0.0,0.0,1.687
2020-05-02 08:00:00-03:00,0.0,0.0,0.0,1.328
2020-05-02 09:00:00-03:00,0.045,0.045,0.016,1.202
2020-05-02 10:00:00-03:00,0.17500000000000002,0.131,0.065,1.935
2020-05-02 11:00:00-03:00,0.391,0.33,0.097,3.4130000000000003
2020-05-02 12:00:00-03:00,0.624,0.627,0.085,5.693
2020-05-02 13:00:00-03:00,0.686,0.727,0.073,7.666
2020-05-02 14:00:00-03:00,0.674,0.717,0.074,9.029
2020-05-02 15:00:00-03:00,0.626,0.655,0.074,9.688
2020-05-02 16:00:00-03:00,0.501,0.503,0.068,9.39
2020-05-02 17:00:00-03:00,0.149,0.135,0.038,7.696
2020-05-02 18:00:00-03:00,0.0,0.002,0.001,5.732
2020-05-02 19:00:00-03:00,0.0,0.0,0.0,5.304
2020-05-02 20:00:00-03:00,0.0,0.0,0.0,5.142
2020-05-02 21:00:00-03:00,0.0,0.0,0.0,5.077
2020-05-02 22:00:00-03:00,0.0,0.0,0.0,5.079
2020-05-02 23:00:00-03:00,0.0,0.0,0.0,5.015
2020-05-03 00:00:00-03:00,0.0,0.0,0.0,4.824
2020-05-03 01:00:00-03:00,0.0,0.0,0.0,4.634
2020-05-03 02:00:00-03:00,0.0,0.0,0.0,4.479
2020-05-03 03:00:00-03:00,0.0,0.0,0.0,4.348
2020-05-03 04:00:00-03:00,0.0,0.0,0.0,4.242
2020-05-03 05:00:00-03:00,0.0,0.0,0.0,4.166
2020-05-03 06:00:00-03:00,0.0,0.0,0.0,4.207
2020-05-03 07:00:00-03:00,0.0,0.0,0.0,4.115
2020-05-03 08:00:00-03:00,0.0,0.0,0.0,3.723
2020-05-03 09:00:00-03:00,0.016,0.015,0.014,3.873
2020-05-03 10:00:00-03:00,0.073,0.033,0.059000000000000004,5.127
2020-05-03 11:00:00-03:00,0.1,0.028,0.093,6.18
2020-05-03 12:00:00-03:00,0.10400000000000001,0.018000000000000002,0.108,6.822
2020-05-03 13:00:00-03:00,0.10200000000000001,0.013000000000000001,0.111,7.038
2020-05-03 14:00:00-03:00,0.08600000000000001,0.01,0.097,7.061
2020-05-03 15:00:00-03:00,0.066,0.009000000000000001,0.076,6.934
2020-05-03 16:00:00-03:00,0.033,0.006,0.043000000000000003,6.598
2020-05-03 17:00:00-03:00,0.005,0.002,0.012,6.109
2020-05-03 18:00:00-03:00,0.0,0.0,0.0,5.461
2020-05-03 19:00:00-03:00,0.0,0.0,0.0,4.929
2020-05-03 20:00:00-03:00,0.0,0.0,0.0,4.228
2020-05-03 21:00:00-03:00,0.0,0.0,0.0,3.455
2020-05-03 22:00:00-03:00,0.0,0.0,0.0,2.903
2020-05-03 23:00:00-03:00,0.0,0.0,0.0,2.621
2020-05-04 00:00:00-03:00,0.0,0.0,0.0,2.717
2020-05-04 01:00:00-03:00,0.0,0.0,0.0,2.592
2020-05-04 02:00:00-03:00,0.0,0.0,0.0,2.203
2020-05-04 03:00:00-03:00,0.0,0.0,0.0,1.633
2020-05-04 04:00:00-03:00,0.0,0.0,0.0,1.321
2020-05-04 05:00:00-03:00,0.0,0.0,0.0,1.6800000000000002
2020-05-04 06:00:00-03:00,0.0,0.0,0.0,1.907
2020-05-04 07:00:00-03:00,0.0,0.0,0.0,1.782
2020-05-04 08:00:00-03:00,0.0,0.0,0.0,1.4140000000000001
2020-05-04 09:00:00-03:00,0.003,0.004,0.007,1.151
2020-05-04 10:00:00-03:00,0.028,0.008,0.034,1.366
2020-05-04 11:00:00-03:00,0.041,0.006,0.051000000000000004,1.831
2020-05-04 12:00:00-03:00,0.075,0.011,0.083,2.6630000000000003
2020-05-04 13:00:00-03:00,0.22,0.083,0.161,4.52
2020-05-04 14:00:00-03:00,0.321,0.197,0.158,6.192
2020-05-04 15:00:00-03:00,0.301,0.21,0.124,7.029
2020-05-04 16:00:00-03:00,0.39,0.353,0.081,7.259
2020-05-04 17:00:00-03:00,0.261,0.25,0.039,5.286
2020-05-04 18:00:00-03:00,0.0,0.005,0.001,2.483
2020-05-04 19:00:00-03:00,0.0,0.0,0.0,1.501
2020-05-04 20:00:00-03:00,0.0,0.0,0.0,0.927
2020-05-04 21:00:00-03:00,0.0,0.0,0.0,0.546
2020-05-04 22:00:00-03:00,0.0,0.0,0.0,0.34900000000000003
2020-05-04 23:00:00-03:00,0.0,0.0,0.0,0.14300000000000002
2020-05-05 00:00:00-03:00,0.0,0.0,0.0,-0.135
2020-05-05 01:00:00-03:00,0.0,0.0,0.0,0.115
2020-05-05 02:00:00-03:00,0.0,0.0,0.0,1.083
2020-05-05 03:00:00-03:00,0.0,0.0,0.0,1.5430000000000001
2020-05-05 04:00:00-03:00,0.0,0.0,0.0,1.453
2020-05-05 05:00:00-03:00,0.0,0.0,0.0,0.845
2020-05-05 06:00:00-03:00,0.0,0.0,0.0,0.443
2020-05-05 07:00:00-03:00,0.0,0.0,0.0,0.498
2020-05-05 08:00:00-03:00,0.0,0.0,0.0,0.91
2020-05-05 09:00:00-03:00,0.004,0.005,0.008,1.3980000000000001
2020-05-05 10:00:00-03:00,0.048,0.018000000000000002,0.046,2.471
2020-05-05 11:00:00-03:00,0.11800000000000001,0.043000000000000003,0.095,3.194
2020-05-05 12:00:00-03:00,0.23700000000000002,0.115,0.147,4.312
2020-05-05 13:00:00-03:00,0.289,0.151,0.168,5.428
2020-05-05 14:00:00-03:00,0.225,0.097,0.154,6.133
2020-05-05 15:00:00-03:00,0.131,0.045,0.108,6.195
2020-05-05 16:00:00-03:00,0.074,0.029,0.065,5.983
2020-05-05 17:00:00-03:00,0.025,0.016,0.024,5.044
2020-05-05 18:00:00-03:00,0.0,0.0,0.001,4.345
2020-05-05 19:00:00-03:00,0.0,0.0,0.0,4.519
2020-05-05 20:00:00-03:00,0.0,0.0,0.0,4.428
2020-05-05 21:00:00-03:00,0.0,0.0,0.0,4.525
2020-05-05 22:00:00-03:00,0.0,0.0,0.0,4.757
2020-05-05 23:00:00-03:00,0.0,0.0,0.0,4.105
2020-05-06 00:00:00-03:00,0.0,0.0,0.0,3.35
2020-05-06 01:00:00-03:00,0.0,0.0,0.0,3.2720000000000002
2020-05-06 02:00:00-03:00,0.0,0.0,0.0,3.237
2020-05-06 03:00:00-03:00,0.0,0.0,0.0,3.22
2020-05-06 04:00:00-03:00,0.0,0.0,0.0,2.9130000000000003
2020-05-06 05:00:00-03:00,0.0,0.0,0.0,2.7199999999999998
2020-05-06 06:00:00-03:00,0.0,0.0,0.0,2.6189999999999998
2020-05-06 07:00:00-03:00,0.0,0.0,0.0,2.512
2020-05-06 08:00:00-03:00,0.0,0.0,0.0,2.274
2020-05-06 09:00:00-03:00,0.002,0.003,0.007,2.26
2020-05-06 10:00:00-03:00,0.029,0.007,0.037,2.996
2020-05-06 11:00:00-03:00,0.029,0.003,0.041,2.749
2020-05-06 12:00:00-03:00,0.028,0.002,0.041,2.585
2020-05-06 13:00:00-03:00,0.045,0.002,0.059000000000000004,3.182
2020-05-06 14:00:00-03:00,0.03,0.002,0.044,3.968
2020-05-06 15:00:00-03:00,0.029,0.002,0.042,5.023
2020-05-06 16:00:00-03:00,0.027,0.004,0.038,6.393
2020-05-06 17:00:00-03:00,0.011,0.006,0.018000000000000002,7.577
2020-05-06 18:00:00-03:00,0.0,0.0,0.0,7.611
2020-05-06 19:00:00-03:00,0.0,0.0,0.0,7.815
2020-05-06 20:00:00-03:00,0.0,0.0,0.0,7.257
2020-05-06 21:00:00-03:00,0.0,0.0,0.0,6.436
2020-05-06 22:00:00-03:00,0.0,0.0,0.0,5.861
2020-05-06 23:00:00-03:00,0.0,0.0,0.0,5.786
2020-05-07 00:00:00-03:00,0.0,0.0,0.0,6.222
2020-05-07 01:00:00-03:00,0.0,0.0,0.0,5.836
2020-05-07 02:00:00-03:00,0.0,0.0,0.0,5.028
2020-05-07 03:00:00-03:00,0.0,0.0,0.0,4.688
2020-05-07 04:00:00-03:00,0.0,0.0,0.0,4.68
2020-05-07 05:00:00-03:00,0.0,0.0,0.0,4.838
2020-05-07 06:00:00-03:00,0.0,0.0,0.0,4.896
2020-05-07 07:00:00-03:00,0.0,0.0,0.0,5.08
2020-05-07 08:00:00-03:00,0.0,0.0,0.0,5.279
2020-05-07 09:00:00-03:00,0.001,0.002,0.005,5.106
2020-05-07 10:00:00-03:00,0.01,0.002,0.019,5.496
2020-05-07 11:00:00-03:00,0.054,0.008,0.064,6.16
2020-05-07 12:00:00-03:00,0.063,0.006,0.076,6.7010000000000005
2020-05-07 13:00:00-03:00,0.062,0.004,0.076,7.427
2020-05-07 14:00:00-03:00,0.04,0.003,0.055,8.052
2020-05-07 15:00:00-03:00,0.025,0.002,0.038,8.39
2020-05-07 16:00:00-03:00,0.01,0.001,0.021,8.494
2020-05-07 17:00:00-03:00,0.006,0.003,0.013000000000000001,8.27
2020-05-07 18:00:00-03:00,0.0,0.0,0.0,7.731
2020-05-07 19:00:00-03:00,0.0,0.0,0.0,7.94
2020-05-07 20:00:00-03:00,0.0,0.0,0.0,8.055
2020-05-07 21:00:00-03:00,0.0,0.0,0.0,7.413
2020-05-07 22:00:00-03:00,0.0,0.0,0.0,6.521
2020-05-07 23:00:00-03:00,0.0,0.0,0.0,6.442
2020-05-08 00:00:00-03:00,0.0,0.0,0.0,6.109
2020-05-08 01:00:00-03:00,0.0,0.0,0.0,5.164
2020-05-08 02:00:00-03:00,0.0,0.0,0.0,4.07
2020-05-08 03:00:00-03:00,0.0,0.0,0.0,3.221
2020-05-08 04:00:00-03:00,0.0,0.0,0.0,2.521
2020-05-08 05:00:00-03:00,0.0,0.0,0.0,1.995
2020-05-08 06:00:00-03:00,0.0,0.0,0.0,1.627
2020-05-08 07:00:00-03:00,0.0,0.0,0.0,1.5
2020-05-08 08:00:00-03:00,0.0,0.0,0.0,1.8050000000000002
2020-05-08 09:00:00-03:00,0.031,0.036000000000000004,0.011,2.324
2020-05-08 10:00:00-03:00,0.212,0.179,0.056,4.184
2020-05-08 11:00:00-03:00,0.446,0.41500000000000004,0.08,5.547
2020-05-08 12:00:00-03:00,0.62,0.637,0.074,7.118
2020-05-08 13:00:00-03:00,0.652,0.6910000000000001,0.07100000000000001,9.337
2020-05-08 14:00:00-03:00,0.616,0.643,0.077,10.717
2020-05-08 15:00:00-03:00,0.549,0.558,0.077,10.997
2020-05-08 16:00:00-03:00,0.47500000000000003,0.481,0.06,10.191
2020-05-08 17:00:00-03:00,0.281,0.28400000000000003,0.03,7.462
2020-05-08 18:00:00-03:00,0.0,0.002,0.0,5.455
2020-05-08 19:00:00-03:00,0.0,0.0,0.0,4.545
2020-05-08 20:00:00-03:00,0.0,0.0,0.0,3.874
2020-05-08 21:00:00-03:00,0.0,0.0,0.0,3.304
2020-05-08 22:00:00-03:00,0.0,0.0,0.0,2.701
2020-05-08 23:00:00-03:00,0.0,0.0,0.0,2.302
2020-05-09 00:00:00-03:00,0.0,0.0,0.0,2.577
2020-05-09 01:00:00-03:00,0.0,0.0,0.0,2.844
2020-05-09 02:00:00-03:00,0.0,0.0,0.0,3.448
2020-05-09 03:00:00-03:00,0.0,0.0,0.0,3.9619999999999997
2020-05-09 04:00:00-03:00,0.0,0.0,0.0,3.815
2020-05-09 05:00:00-03:00,0.0,0.0,0.0,3.8040000000000003
2020-05-09 06:00:00-03:00,0.0,0.0,0.0,3.482
2020-05-09 07:00:00-03:00,0.0,0.0,0.0,2.729
2020-05-09 08:00:00-03:00,0.0,0.0,0.0,2.016
2020-05-09 09:00:00-03:00,0.022,0.024,0.011,1.426
2020-05-09 10:00:00-03:00,0.041,0.017,0.04,2.84
2020-05-09 11:00:00-03:00,0.051000000000000004,0.01,0.058,3.903
2020-05-09 12:00:00-03:00,0.09,0.017,0.093,4.672
2020-05-09 13:00:00-03:00,0.148,0.039,0.132,5.747
2020-05-09 14:00:00-03:00,0.196,0.081,0.14100000000000001,6.859
2020-05-09 15:00:00-03:00,0.299,0.213,0.12,7.708
2020-05-09 16:00:00-03:00,0.225,0.17400000000000002,0.079,7.677
2020-05-09 17:00:00-03:00,0.08700000000000001,0.078,0.029,6.456
2020-05-09 18:00:00-03:00,0.0,0.0,0.0,5.744
2020-05-09 19:00:00-03:00,0.0,0.0,0.0,5.758
2020-05-09 20:00:00-03:00,0.0,0.0,0.0,5.471
2020-05-09 21:00:00-03:00,0.0,0.0,0.0,5.061
2020-05-09 22:00:00-03:00,0.0,0.0,0.0,4.565
2020-05-09 23:00:00-03:00,0.0,0.0,0.0,4.09
2020-05-10 00:00:00-03:00,0.0,0.0,0.0,3.755
2020-05-10 01:00:00-03:00,0.0,0.0,0.0,3.468
2020-05-10 02:00:00-03:00,0.0,0.0,0.0,3.183
2020-05-10 03:00:00-03:00,0.0,0.0,0.0,2.811
2020-05-10 04:00:00-03:00,0.0,0.0,0.0,2.583
2020-05-10 05:00:00-03:00,0.0,0.0,0.0,2.56
2020-05-10 06:00:00-03:00,0.0,0.0,0.0,2.479
2020-05-10 07:00:00-03:00,0.0,0.0,0.0,2.409
2020-05-10 08:00:00-03:00,0.0,0.0,0.0,2.338
2020-05-10 09:00:00-03:00,0.0,0.002,0.004,2.275
2020-05-10 10:00:00-03:00,0.017,0.005,0.025,2.35
2020-05-10 11:00:00-03:00,0.046,0.008,0.054,2.5
2020-05-10 12:00:00-03:00,0.082,0.014,0.08600000000000001,3.003
2020-05-10 13:00:00-03:00,0.202,0.079,0.147,4.531
2020-05-10 14:00:00-03:00,0.47500000000000003,0.403,0.126,6.2620000000000005
2020-05-10 15:00:00-03:00,0.53,0.507,0.093,7.343
2020-05-10 16:00:00-03:00,0.26,0.213,0.078,7.167
2020-05-10 17:00:00-03:00,0.035,0.028,0.022,5.638
2020-05-10 18:00:00-03:00,0.0,0.0,0.0,4.855
2020-05-10 19:00:00-03:00,0.0,0.0,0.0,5.008
2020-05-10 20:00:00-03:00,0.0,0.0,0.0,5.044
2020-05-10 21:00:00-03:00,0.0,0.0,0.0,4.736
2020-05-10 22:00:00-03:00,0.0,0.0,0.0,4.501
2020-05-10 23:00:00-03:00,0.0,0.0,0.0,4.185
2020-05-11 00:00:00-03:00,0.0,0.0,0.0,4.049
2020-05-11 01:00:00-03:00,0.0,0.0,0.0,3.963
2020-05-11 02:00:00-03:00,0.0,0.0,0.0,3.857
2020-05-11 03:00:00-03:00,0.0,0.0,0.0,3.61
2020-05-11 04:00:00-03:00,0.0,0.0,0.0,3.1
2020-05-11 05:00:00-03:00,0.0,0.0,0.0,2.767
2020-05-11 06:00:00-03:00,0.0,0.0,0.0,2.516
2020-05-11 07:00:00-03:00,0.0,0.0,0.0,2.449
2020-05-11 08:00:00-03:00,0.0,0.0,0.0,2.6630000000000003
2020-05-11 09:00:00-03:00,0.003,0.005,0.006,3.279
2020-05-11 10:00:00-03:00,0.027,0.009000000000000001,0.033,4.011
2020-05-11 11:00:00-03:00,0.075,0.02,0.074,4.75
2020-05-11 12:00:00-03:00,0.225,0.107,0.14400000000000002,5.593
2020-05-11 13:00:00-03:00,0.202,0.074,0.153,5.9510000000000005
2020-05-11 14:00:00-03:00,0.105,0.019,0.107,5.571
2020-05-11 15:00:00-03:00,0.04,0.005,0.052000000000000005,5.031
2020-05-11 16:00:00-03:00,0.016,0.003,0.026000000000000002,4.55
2020-05-11 17:00:00-03:00,0.001,0.001,0.007,3.981
2020-05-11 18:00:00-03:00,0.0,0.0,0.0,3.518
2020-05-11 19:00:00-03:00,0.0,0.0,0.0,3.312
2020-05-11 20:00:00-03:00,0.0,0.0,0.0,3.162
2020-05-11 21:00:00-03:00,0.0,0.0,0.0,2.96
2020-05-11 22:00:00-03:00,0.0,0.0,0.0,2.191
2020-05-11 23:00:00-03:00,0.0,0.0,0.0,1.843
2020-05-12 00:00:00-03:00,0.0,0.0,0.0,1.146
2020-05-12 01:00:00-03:00,0.0,0.0,0.0,0.457
2020-05-12 02:00:00-03:00,0.0,0.0,0.0,0.171
2020-05-12 03:00:00-03:00,0.0,0.0,0.0,0.10200000000000001
2020-05-12 04:00:00-03:00,0.0,0.0,0.0,0.08700000000000001
2020-05-12 05:00:00-03:00,0.0,0.0,0.0,-0.039
2020-05-12 06:00:00-03:00,0.0,0.0,0.0,0.043000000000000003
2020-05-12 07:00:00-03:00,0.0,0.0,0.0,-0.078
2020-05-12 08:00:00-03:00,0.0,0.0,0.0,-0.133
2020-05-12 09:00:00-03:00,0.023,0.029,0.008,0.10300000000000001
2020-05-12 10:00:00-03:00,0.149,0.117,0.052000000000000005,0.998
2020-05-12 11:00:00-03:00,0.222,0.154,0.091,2.267
2020-05-12 12:00:00-03:00,0.383,0.306,0.113,3.637
2020-05-12 13:00:00-03:00,0.5740000000000001,0.553,0.092,4.914
2020-05-12 14:00:00-03:00,0.61,0.614,0.079,5.635
2020-05-12 15:00:00-03:00,0.586,0.592,0.07100000000000001,5.821
2020-05-12 16:00:00-03:00,0.429,0.41500000000000004,0.06,5.393
2020-05-12 17:00:00-03:00,0.228,0.226,0.026000000000000002,3.79
2020-05-12 18:00:00-03:00,0.0,0.0,0.0,2.063
2020-05-12 19:00:00-03:00,0.0,0.0,0.0,2.274
2020-05-12 20:00:00-03:00,0.0,0.0,0.0,2.197
2020-05-12 21:00:00-03:00,0.0,0.0,0.0,1.8719999999999999
2020-05-12 22:00:00-03:00,0.0,0.0,0.0,1.397
2020-05-12 23:00:00-03:00,0.0,0.0,0.0,0.84
2020-05-13 00:00:00-03:00,0.0,0.0,0.0,1.084
2020-05-13 01:00:00-03:00,0.0,0.0,0.0,1.167
2020-05-13 02:00:00-03:00,0.0,0.0,0.0,1.17
2020-05-13 03:00:00-03:00,0.0,0.0,0.0,1.19
2020-05-13 04:00:00-03:00,0.0,0.0,0.0,1.15
2020-05-13 05:00:00-03:00,0.0,0.0,0.0,1.209
2020-05-13 06:00:00-03:00,0.0,0.0,0.0,1.278
2020-05-13 07:00:00-03:00,0.0,0.0,0.0,1.314
2020-05-13 08:00:00-03:00,0.0,0.0,0.0,1.359
2020-05-13 09:00:00-03:00,0.002,0.005,0.005,1.337
2020-05-13 10:00:00-03:00,0.069,0.041,0.046,2.128
2020-05-13 11:00:00-03:00,0.232,0.158,0.099,3.417
2020-05-13 12:00:00-03:00,0.312,0.211,0.131,4.902
2020-05-13 13:00:00-03:00,0.23700000000000002,0.117,0.147,5.777
2020-05-13 14:00:00-03:00,0.169,0.064,0.129,6.064
2020-05-13 15:00:00-03:00,0.134,0.056,0.1,6.12
2020-05-13 16:00:00-03:00,0.097,0.053,0.064,5.77
2020-05-13 17:00:00-03:00,0.02,0.017,0.017,4.155
2020-05-13 18:00:00-03:00,0.0,0.0,0.0,3.271
2020-05-13 19:00:00-03:00,0.0,0.0,0.0,3.243
2020-05-13 20:00:00-03:00,0.0,0.0,0.0,2.973
2020-05-13 21:00:00-03:00,0.0,0.0,0.0,2.605
2020-05-13 22:00:00-03:00,0.0,0.0,0.0,2.24
2020-05-13 23:00:00-03:00,0.0,0.0,0.0,1.869
2020-05-14 00:00:00-03:00,0.0,0.0,0.0,1.5430000000000001
2020-05-14 01:00:00-03:00,0.0,0.0,0.0,1.303
2020-05-14 02:00:00-03:00,0.0,0.0,0.0,1.152
2020-05-14 03:00:00-03:00,0.0,0.0,0.0,1.074
2020-05-14 04:00:00-03:00,0.0,0.0,0.0,1.087
2020-05-14 05:00:00-03:00,0.0,0.0,0.0,1.219
2020-05-14 06:00:00-03:00,0.0,0.0,0.0,1.226
2020-05-14 07:00:00-03:00,0.0,0.0,0.0,1.177
2020-05-14 08:00:00-03:00,0.0,0.0,0.0,1.304
2020-05-14 09:00:00-03:00,0.0,0.001,0.002,1.8820000000000001
2020-05-14 10:00:00-03:00,0.018000000000000002,0.007,0.025,3.666
2020-05-14 11:00:00-03:00,0.10300000000000001,0.044,0.08,6.012
2020-05-14 12:00:00-03:00,0.241,0.14400000000000002,0.126,7.356
2020-05-14 13:00:00-03:00,0.417,0.34,0.127,8.039
2020-05-14 14:00:00-03:00,0.549,0.529,0.098,8.478
2020-05-14 15:00:00-03:00,0.355,0.297,0.1,8.374
2020-05-14 16:00:00-03:00,0.277,0.241,0.068,7.8260000000000005
2020-05-14 17:00:00-03:00,0.136,0.135,0.024,6.014
2020-05-14 18:00:00-03:00,0.0,0.0,0.0,3.69
2020-05-14 19:00:00-03:00,0.0,0.0,0.0,3.052
2020-05-14 20:00:00-03:00,0.0,0.0,0.0,2.616
2020-05-14 21:00:00-03:00,0.0,0.0,0.0,2.241
2020-05-14 22:00:00-03:00,0.0,0.0,0.0,2.069
2020-05-14 23:00:00-03:00,0.0,0.0,0.0,1.9689999999999999
2020-05-15 00:00:00-03:00,0.0,0.0,0.0,2.042
2020-05-15 01:00:00-03:00,0.0,0.0,0.0,2.314
2020-05-15 02:00:00-03:00,0.0,0.0,0.0,2.302
2020-05-15 03:00:00-03:00,0.0,0.0,0.0,2.132
2020-05-15 04:00:00-03:00,0.0,0.0,0.0,1.9540000000000002
2020-05-15 05:00:00-03:00,0.0,0.0,0.0,1.738
2020-05-15 06:00:00-03:00,0.0,0.0,0.0,1.549
2020-05-15 07:00:00-03:00,0.0,0.0,0.0,1.282
2020-05-15 08:00:00-03:00,0.0,0.0,0.0,0.6990000000000001
2020-05-15 09:00:00-03:00,0.008,0.011,0.006,-0.074
2020-05-15 10:00:00-03:00,0.061,0.034,0.045,1.597
2020-05-15 11:00:00-03:00,0.07,0.018000000000000002,0.07,2.462
2020-05-15 12:00:00-03:00,0.048,0.005,0.06,2.784
2020-05-15 13:00:00-03:00,0.06,0.006,0.07200000000000001,3.076
2020-05-15 14:00:00-03:00,0.08700000000000001,0.013000000000000001,0.093,3.698
2020-05-15 15:00:00-03:00,0.044,0.006,0.054,3.515
2020-05-15 16:00:00-03:00,0.024,0.005,0.033,2.691
2020-05-15 17:00:00-03:00,0.002,0.002,0.007,2.516
2020-05-15 18:00:00-03:00,0.0,0.0,0.0,2.9859999999999998
2020-05-15 19:00:00-03:00,0.0,0.0,0.0,3.4859999999999998
2020-05-15 20:00:00-03:00,0.0,0.0,0.0,4.587
2020-05-15 21:00:00-03:00,0.0,0.0,0.0,5.583
2020-05-15 22:00:00-03:00,0.0,0.0,0.0,5.253
2020-05-15 23:00:00-03:00,0.0,0.0,0.0,3.114
2020-05-16 00:00:00-03:00,0.0,0.0,0.0,1.897
2020-05-16 01:00:00-03:00,0.0,0.0,0.0,1.678
2020-05-16 02:00:00-03:00,0.0,0.0,0.0,1.675
2020-05-16 03:00:00-03:00,0.0,0.0,0.0,1.645
2020-05-16 04:00:00-03:00,0.0,0.0,0.0,1.4140000000000001
2020-05-16 05:00:00-03:00,0.0,0.0,0.0,0.858
2020-05-16 06:00:00-03:00,0.0,0.0,0.0,0.812
2020-05-16 07:00:00-03:00,0.0,0.0,0.0,1.254
2020-05-16 08:00:00-03:00,0.0,0.0,0.0,1.6840000000000002
2020-05-16 09:00:00-03:00,0.0,0.0,0.001,1.7309999999999999
2020-05-16 10:00:00-03:00,0.002,0.001,0.009000000000000001,2.168
2020-05-16 11:00:00-03:00,0.016,0.001,0.027,2.836
2020-05-16 12:00:00-03:00,0.026000000000000002,0.002,0.038,3.236
2020-05-16 13:00:00-03:00,0.036000000000000004,0.002,0.049,3.59
2020-05-16 14:00:00-03:00,0.035,0.002,0.048,3.725
2020-05-16 15:00:00-03:00,0.032,0.003,0.045,4.159
2020-05-16 16:00:00-03:00,0.019,0.003,0.029,4.257
2020-05-16 17:00:00-03:00,0.0,0.001,0.004,3.718
2020-05-16 18:00:00-03:00,0.0,0.0,0.0,3.769
2020-05-16 19:00:00-03:00,0.0,0.0,0.0,4.17
2020-05-16 20:00:00-03:00,0.0,0.0,0.0,4.376
2020-05-16 21:00:00-03:00,0.0,0.0,0.0,4.189
2020-05-16 22:00:00-03:00,0.0,0.0,0.0,3.883
2020-05-16 23:00:00-03:00,0.0,0.0,0.0,3.122
2020-05-17 00:00:00-03:00,0.0,0.0,0.0,1.456
2020-05-17 01:00:00-03:00,0.0,0.0,0.0,1.021
2020-05-17 02:00:00-03:00,0.0,0.0,0.0,1.323
2020-05-17 03:00:00-03:00,0.0,0.0,0.0,1.56
2020-05-17 04:00:00-03:00,0.0,0.0,0.0,1.786
2020-05-17 05:00:00-03:00,0.0,0.0,0.0,2.002
2020-05-17 06:00:00-03:00,0.0,0.0,0.0,2.046
2020-05-17 07:00:00-03:00,0.0,0.0,0.0,2.472
2020-05-17 08:00:00-03:00,0.0,0.0,0.0,2.398
2020-05-17 09:00:00-03:00,0.001,0.004,0.004,2.165
2020-05-17 10:00:00-03:00,0.055,0.032,0.04,2.66
2020-05-17 11:00:00-03:00,0.096,0.039,0.077,3.467
2020-05-17 12:00:00-03:00,0.177,0.079,0.121,4.537
2020-05-17 13:00:00-03:00,0.258,0.14,0.146,5.837
2020-05-17 14:00:00-03:00,0.17300000000000001,0.07100000000000001,0.126,6.496
2020-05-17 15:00:00-03:00,0.115,0.043000000000000003,0.094,6.7059999999999995
2020-05-17 16:00:00-03:00,0.017,0.004,0.025,5.795
2020-05-17 17:00:00-03:00,0.009000000000000001,0.009000000000000001,0.012,4.628
2020-05-17 18:00:00-03:00,0.0,0.0,0.0,3.555
2020-05-17 19:00:00-03:00,0.0,0.0,0.0,3.304
2020-05-17 20:00:00-03:00,0.0,0.0,0.0,2.675
2020-05-17 21:00:00-03:00,0.0,0.0,0.0,2.432
2020-05-17 22:00:00-03:00,0.0,0.0,0.0,1.907
2020-05-17 23:00:00-03:00,0.0,0.0,0.0,1.924
2020-05-18 00:00:00-03:00,0.0,0.0,0.0,2.012
2020-05-18 01:00:00-03:00,0.0,0.0,0.0,1.2810000000000001
2020-05-18 02:00:00-03:00,0.0,0.0,0.0,1.3900000000000001
2020-05-18 03:00:00-03:00,0.0,0.0,0.0,2.233
2020-05-18 04:00:00-03:00,0.0,0.0,0.0,2.303
2020-05-18 05:00:00-03:00,0.0,0.0,0.0,2.355
2020-05-18 06:00:00-03:00,0.0,0.0,0.0,2.593
2020-05-18 07:00:00-03:00,0.0,0.0,0.0,2.918
2020-05-18 08:00:00-03:00,0.0,0.0,0.0,2.567
2020-05-18 09:00:00-03:00,0.0,0.0,0.001,2.472
2020-05-18 10:00:00-03:00,0.0,0.0,0.005,2.856
2020-05-18 11:00:00-03:00,0.005,0.001,0.014,3.113
2020-05-18 12:00:00-03:00,0.014,0.001,0.026000000000000002,3.428
2020-05-18 13:00:00-03:00,0.019,0.001,0.032,3.802
2020-05-18 14:00:00-03:00,0.031,0.002,0.044,4.139
2020-05-18 15:00:00-03:00,0.023,0.002,0.036000000000000004,4.276
2020-05-18 16:00:00-03:00,0.006,0.001,0.014,4.114
2020-05-18 17:00:00-03:00,0.0,0.001,0.004,3.834
2020-05-18 18:00:00-03:00,0.0,0.0,0.0,3.479
2020-05-18 19:00:00-03:00,0.0,0.0,0.0,3.191
2020-05-18 20:00:00-03:00,0.0,0.0,0.0,2.999
2020-05-18 21:00:00-03:00,0.0,0.0,0.0,2.791
2020-05-18 22:00:00-03:00,0.0,0.0,0.0,2.521
2020-05-18 23:00:00-03:00,0.0,0.0,0.0,2.45
2020-05-19 00:00:00-03:00,0.0,0.0,0.0,2.6
2020-05-19 01:00:00-03:00,0.0,0.0,0.0,2.811
2020-05-19 02:00:00-03:00,0.0,0.0,0.0,3.046
2020-05-19 03:00:00-03:00,0.0,0.0,0.0,3.308
2020-05-19 04:00:00-03:00,0.0,0.0,0.0,3.422
2020-05-19 05:00:00-03:00,0.0,0.0,0.0,3.211
2020-05-19 06:00:00-03:00,0.0,0.0,0.0,2.84
2020-05-19 07:00:00-03:00,0.0,0.0,0.0,2.455
2020-05-19 08:00:00-03:00,0.0,0.0,0.0,2.191
2020-05-19 09:00:00-03:00,0.013000000000000001,0.021,0.004,1.991
2020-05-19 10:00:00-03:00,0.229,0.21,0.042,2.429
2020-05-19 11:00:00-03:00,0.396,0.362,0.07,3.414
2020-05-19 12:00:00-03:00,0.521,0.502,0.078,4.551
2020-05-19 13:00:00-03:00,0.5710000000000001,0.5650000000000001,0.078,5.399
2020-05-19 14:00:00-03:00,0.551,0.542,0.079,5.759
2020-05-19 15:00:00-03:00,0.507,0.496,0.07100000000000001,5.736
2020-05-19 16:00:00-03:00,0.34500000000000003,0.324,0.055,5.159
2020-05-19 17:00:00-03:00,0.11,0.114,0.016,3.113
2020-05-19 18:00:00-03:00,0.0,0.0,0.0,1.605
2020-05-19 19:00:00-03:00,0.0,0.0,0.0,1.348
2020-05-19 20:00:00-03:00,0.0,0.0,0.0,1.177
2020-05-19 21:00:00-03:00,0.0,0.0,0.0,1.151
2020-05-19 22:00:00-03:00,0.0,0.0,0.0,1.238
2020-05-19 23:00:00-03:00,0.0,0.0,0.0,1.108
2020-05-20 00:00:00-03:00,0.0,0.0,0.0,1.284
2020-05-20 01:00:00-03:00,0.0,0.0,0.0,1.315
2020-05-20 02:00:00-03:00,0.0,0.0,0.0,0.993
2020-05-20 03:00:00-03:00,0.0,0.0,0.0,0.59
2020-05-20 04:00:00-03:00,0.0,0.0,0.0,0.276
2020-05-20 05:00:00-03:00,0.0,0.0,0.0,-0.498
2020-05-20 06:00:00-03:00,0.0,0.0,0.0,-0.586
2020-05-20 07:00:00-03:00,0.0,0.0,0.0,-0.506
2020-05-20 08:00:00-03:00,0.0,0.0,0.0,-0.457
2020-05-20 09:00:00-03:00,0.005,0.01,0.004,-0.658
2020-05-20 10:00:00-03:00,0.136,0.111,0.044,0.9510000000000001
2020-05-20 11:00:00-03:00,0.268,0.20600000000000002,0.08700000000000001,2.408
2020-05-20 12:00:00-03:00,0.20700000000000002,0.112,0.11800000000000001,3.438
2020-05-20 13:00:00-03:00,0.131,0.039,0.112,4.057
2020-05-20 14:00:00-03:00,0.113,0.033,0.101,4.464
2020-05-20 15:00:00-03:00,0.14300000000000002,0.07,0.095,5.035
2020-05-20 16:00:00-03:00,0.107,0.069,0.058,4.828
2020-05-20 17:00:00-03:00,0.02,0.021,0.012,3.589
2020-05-20 18:00:00-03:00,0.0,0.0,0.0,3.258
2020-05-20 19:00:00-03:00,0.0,0.0,0.0,3.298
2020-05-20 20:00:00-03:00,0.0,0.0,0.0,3.214
2020-05-20 21:00:00-03:00,0.0,0.0,0.0,2.692
2020-05-20 22:00:00-03:00,0.0,0.0,0.0,2.227
2020-05-20 23:00:00-03:00,0.0,0.0,0.0,2.414
2020-05-21 00:00:00-03:00,0.0,0.0,0.0,2.584
2020-05-21 01:00:00-03:00,0.0,0.0,0.0,2.499
2020-05-21 02:00:00-03:00,0.0,0.0,0.0,2.295
2020-05-21 03:00:00-03:00,0.0,0.0,0.0,2.054
2020-05-21 04:00:00-03:00,0.0,0.0,0.0,2.172
2020-05-21 05:00:00-03:00,0.0,0.0,0.0,2.127
2020-05-21 06:00:00-03:00,0.0,0.0,0.0,1.669
2020-05-21 07:00:00-03:00,0.0,0.0,0.0,1.7930000000000001
2020-05-21 08:00:00-03:00,0.0,0.0,0.0,1.7970000000000002
2020-05-21 09:00:00-03:00,0.0,0.001,0.001,2.051
2020-05-21 10:00:00-03:00,0.032,0.018000000000000002,0.029,2.416
2020-05-21 11:00:00-03:00,0.133,0.075,0.078,3.566
2020-05-21 12:00:00-03:00,0.337,0.26,0.11,5.088
2020-05-21 13:00:00-03:00,0.434,0.373,0.11,6.354
2020-05-21 14:00:00-03:00,0.47300000000000003,0.433,0.097,6.989
2020-05-21 15:00:00-03:00,0.458,0.431,0.082,7.071
2020-05-21 16:00:00-03:00,0.149,0.115,0.058,6.121
2020-05-21 17:00:00-03:00,0.031,0.033,0.013000000000000001,3.924
2020-05-21 18:00:00-03:00,0.0,0.0,0.0,2.876
2020-05-21 19:00:00-03:00,0.0,0.0,0.0,2.471
2020-05-21 20:00:00-03:00,0.0,0.0,0.0,2.55
2020-05-21 21:00:00-03:00,0.0,0.0,0.0,2.517
2020-05-21 22:00:00-03:00,0.0,0.0,0.0,2.295
2020-05-21 23:00:00-03:00,0.0,0.0,0.0,2.014
2020-05-22 00:00:00-03:00,0.0,0.0,0.0,1.7850000000000001
2020-05-22 01:00:00-03:00,0.0,0.0,0.0,1.5470000000000002
2020-05-22 02:00:00-03:00,0.0,0.0,0.0,1.376
2020-05-22 03:00:00-03:00,0.0,0.0,0.0,1.332
2020-05-22 04:00:00-03:00,0.0,0.0,0.0,1.239
2020-05-22 05:00:00-03:00,0.0,0.0,0.0,0.6930000000000001
2020-05-22 06:00:00-03:00,0.0,0.0,0.0,0.6930000000000001
2020-05-22 07:00:00-03:00,0.0,0.0,0.0,1.183
2020-05-22 08:00:00-03:00,0.0,0.0,0.0,1.517
2020-05-22 09:00:00-03:00,0.0,0.001,0.002,1.617
2020-05-22 10:00:00-03:00,0.012,0.004,0.019,2.1390000000000002
2020-05-22 11:00:00-03:00,0.019,0.003,0.03,2.892
2020-05-22 12:00:00-03:00,0.037,0.004,0.049,4.066
2020-05-22 13:00:00-03:00,0.056,0.006,0.067,4.73
2020-05-22 14:00:00-03:00,0.134,0.04,0.116,5.749
2020-05-22 15:00:00-03:00,0.131,0.057,0.097,6.755
2020-05-22 16:00:00-03:00,0.044,0.018000000000000002,0.043000000000000003,6.905
2020-05-22 17:00:00-03:00,0.002,0.003,0.006,6.865
2020-05-22 18:00:00-03:00,0.0,0.0,0.0,7.072
2020-05-22 19:00:00-03:00,0.0,0.0,0.0,7.011
2020-05-22 20:00:00-03:00,0.0,0.0,0.0,6.879
2020-05-22 21:00:00-03:00,0.0,0.0,0.0,6.8469999999999995
2020-05-22 22:00:00-03:00,0.0,0.0,0.0,6.766
2020-05-22 23:00:00-03:00,0.0,0.0,0.0,6.593
2020-05-23 00:00:00-03:00,0.0,0.0,0.0,6.119
2020-05-23 01:00:00-03:00,0.0,0.0,0.0,5.996
2020-05-23 02:00:00-03:00,0.0,0.0,0.0,6.051
2020-05-23 03:00:00-03:00,0.0,0.0,0.0,5.966
2020-05-23 04:00:00-03:00,0.0,0.0,0.0,5.742
2020-05-23 05:00:00-03:00,0.0,0.0,0.0,5.492
2020-05-23 06:00:00-03:00,0.0,0.0,0.0,5.3870000000000005
2020-05-23 07:00:00-03:00,0.0,0.0,0.0,5.522
2020-05-23 08:00:00-03:00,0.0,0.0,0.0,5.79
2020-05-23 09:00:00-03:00,0.0,0.0,0.0,6.167
2020-05-23 10:00:00-03:00,0.009000000000000001,0.003,0.017,6.832
2020-05-23 11:00:00-03:00,0.037,0.007,0.047,7.834
2020-05-23 12:00:00-03:00,0.075,0.014,0.082,9.048
2020-05-23 13:00:00-03:00,0.096,0.017,0.101,10.252
2020-05-23 14:00:00-03:00,0.05,0.005,0.063,10.773
2020-05-23 15:00:00-03:00,0.016,0.002,0.028,10.600999999999999
2020-05-23 16:00:00-03:00,0.007,0.002,0.016,10.23
2020-05-23 17:00:00-03:00,0.0,0.001,0.004,9.722
2020-05-23 18:00:00-03:00,0.0,0.0,0.0,9.192
2020-05-23 19:00:00-03:00,0.0,0.0,0.0,8.922
2020-05-23 20:00:00-03:00,0.0,0.0,0.0,8.604
2020-05-23 21:00:00-03:00,0.0,0.0,0.0,8.494
2020-05-23 22:00:00-03:00,0.0,0.0,0.0,8.381
2020-05-23 23:00:00-03:00,0.0,0.0,0.0,8.278
2020-05-24 00:00:00-03:00,0.0,0.0,0.0,8.068
2020-05-24 01:00:00-03:00,0.0,0.0,0.0,7.708
2020-05-24 02:00:00-03:00,0.0,0.0,0.0,7.457
2020-05-24 03:00:00-03:00,0.0,0.0,0.0,7.043
2020-05-24 04:00:00-03:00,0.0,0.0,0.0,6.498
2020-05-24 05:00:00-03:00,0.0,0.0,0.0,6.209
2020-05-24 06:00:00-03:00,0.0,0.0,0.0,6.016
2020-05-24 07:00:00-03:00,0.0,0.0,0.0,5.777
2020-05-24 08:00:00-03:00,0.0,0.0,0.0,5.348
2020-05-24 09:00:00-03:00,0.0,0.0,0.001,5.093
2020-05-24 10:00:00-03:00,0.005,0.002,0.012,5.313
2020-05-24 11:00:00-03:00,0.02,0.003,0.031,5.609
2020-05-24 12:00:00-03:00,0.045,0.005,0.057,5.892
2020-05-24 13:00:00-03:00,0.093,0.017,0.097,6.51
2020-05-24 14:00:00-03:00,0.10200000000000001,0.023,0.1,7.041
2020-05-24 15:00:00-03:00,0.066,0.016,0.069,6.984
2020-05-24 16:00:00-03:00,0.029,0.01,0.035,6.485
2020-05-24 17:00:00-03:00,0.002,0.003,0.006,5.763
2020-05-24 18:00:00-03:00,0.0,0.0,0.0,5.289
2020-05-24 19:00:00-03:00,0.0,0.0,0.0,5.153
2020-05-24 20:00:00-03:00,0.0,0.0,0.0,5.18
2020-05-24 21:00:00-03:00,0.0,0.0,0.0,5.162
2020-05-24 22:00:00-03:00,0.0,0.0,0.0,5.158
2020-05-24 23:00:00-03:00,0.0,0.0,0.0,4.968
2020-05-25 00:00:00-03:00,0.0,0.0,0.0,4.445
2020-05-25 01:00:00-03:00,0.0,0.0,0.0,4.081
2020-05-25 02:00:00-03:00,0.0,0.0,0.0,3.524
2020-05-25 03:00:00-03:00,0.0,0.0,0.0,1.9140000000000001
2020-05-25 04:00:00-03:00,0.0,0.0,0.0,0.799
2020-05-25 05:00:00-03:00,0.0,0.0,0.0,0.47000000000000003
2020-05-25 06:00:00-03:00,0.0,0.0,0.0,0.682
2020-05-25 07:00:00-03:00,0.0,0.0,0.0,0.867
2020-05-25 08:00:00-03:00,0.0,0.0,0.0,1.087
2020-05-25 09:00:00-03:00,0.0,0.0,0.001,1.3860000000000001
2020-05-25 10:00:00-03:00,0.006,0.002,0.014,1.7000000000000002
2020-05-25 11:00:00-03:00,0.024,0.003,0.034,2.427
2020-05-25 12:00:00-03:00,0.056,0.007,0.066,2.948
2020-05-25 13:00:00-03:00,0.056,0.005,0.068,3.098
2020-05-25 14:00:00-03:00,0.032,0.002,0.045,2.952
2020-05-25 15:00:00-03:00,0.017,0.002,0.028,2.569
2020-05-25 16:00:00-03:00,0.006,0.001,0.015,1.921
2020-05-25 17:00:00-03:00,0.0,0.0,0.002,1.476
2020-05-25 18:00:00-03:00,0.0,0.0,0.0,1.214
2020-05-25 19:00:00-03:00,0.0,0.0,0.0,1.251
2020-05-25 20:00:00-03:00,0.0,0.0,0.0,1.324
2020-05-25 21:00:00-03:00,0.0,0.0,0.0,1.5350000000000001
2020-05-25 22:00:00-03:00,0.0,0.0,0.0,1.756
2020-05-25 23:00:00-03:00,0.0,0.0,0.0,1.929
2020-05-26 00:00:00-03:00,0.0,0.0,0.0,1.9929999999999999
2020-05-26 01:00:00-03:00,0.0,0.0,0.0,2.298
2020-05-26 02:00:00-03:00,0.0,0.0,0.0,2.155
2020-05-26 03:00:00-03:00,0.0,0.0,0.0,2.092
2020-05-26 04:00:00-03:00,0.0,0.0,0.0,2.43
2020-05-26 05:00:00-03:00,0.0,0.0,0.0,3.241
2020-05-26 06:00:00-03:00,0.0,0.0,0.0,3.298
2020-05-26 07:00:00-03:00,0.0,0.0,0.0,3.662
2020-05-26 08:00:00-03:00,0.0,0.0,0.0,3.675
2020-05-26 09:00:00-03:00,0.0,0.004,0.002,2.726
2020-05-26 10:00:00-03:00,0.024,0.014,0.025,3.635
2020-05-26 11:00:00-03:00,0.048,0.014,0.051000000000000004,4.856
2020-05-26 12:00:00-03:00,0.12,0.043000000000000003,0.099,5.766
2020-05-26 13:00:00-03:00,0.216,0.112,0.131,7.042
2020-05-26 14:00:00-03:00,0.184,0.09,0.121,8.106
2020-05-26 15:00:00-03:00,0.08700000000000001,0.032,0.077,8.24
2020-05-26 16:00:00-03:00,0.025,0.009000000000000001,0.031,7.433
2020-05-26 17:00:00-03:00,0.001,0.003,0.005,6.574
2020-05-26 18:00:00-03:00,0.0,0.0,0.0,5.688
2020-05-26 19:00:00-03:00,0.0,0.0,0.0,5.23
2020-05-26 20:00:00-03:00,0.0,0.0,0.0,4.678
2020-05-26 21:00:00-03:00,0.0,0.0,0.0,4.185
2020-05-26 22:00:00-03:00,0.0,0.0,0.0,3.934
2020-05-26 23:00:00-03:00,0.0,0.0,0.0,3.983
2020-05-27 00:00:00-03:00,0.0,0.0,0.0,3.832
2020-05-27 01:00:00-03:00,0.0,0.0,0.0,3.403
2020-05-27 02:00:00-03:00,0.0,0.0,0.0,2.628
2020-05-27 03:00:00-03:00,0.0,0.0,0.0,1.8599999999999999
2020-05-27 04:00:00-03:00,0.0,0.0,0.0,1.152
2020-05-27 05:00:00-03:00,0.0,0.0,0.0,0.582
2020-05-27 06:00:00-03:00,0.0,0.0,0.0,0.266
2020-05-27 07:00:00-03:00,0.0,0.0,0.0,-0.073
2020-05-27 08:00:00-03:00,0.0,0.0,0.0,-0.379
2020-05-27 09:00:00-03:00,0.001,0.006,0.002,-0.554
2020-05-27 10:00:00-03:00,0.187,0.17,0.036000000000000004,1.009
2020-05-27 11:00:00-03:00,0.318,0.274,0.07200000000000001,3.071
2020-05-27 12:00:00-03:00,0.34900000000000003,0.28300000000000003,0.099,4.227
2020-05-27 13:00:00-03:00,0.34400000000000003,0.264,0.115,5.212
2020-05-27 14:00:00-03:00,0.304,0.223,0.113,5.932
2020-05-27 15:00:00-03:00,0.187,0.122,0.09,6.033
2020-05-27 16:00:00-03:00,0.055,0.032,0.041,4.907
2020-05-27 17:00:00-03:00,0.004,0.007,0.006,3.632
2020-05-27 18:00:00-03:00,0.0,0.0,0.0,3.436
2020-05-27 19:00:00-03:00,0.0,0.0,0.0,3.495
2020-05-27 20:00:00-03:00,0.0,0.0,0.0,3.2720000000000002
2020-05-27 21:00:00-03:00,0.0,0.0,0.0,2.974
2020-05-27 22:00:00-03:00,0.0,0.0,0.0,2.653
2020-05-27 23:00:00-03:00,0.0,0.0,0.0,2.299
2020-05-28 00:00:00-03:00,0.0,0.0,0.0,2.038
2020-05-28 01:00:00-03:00,0.0,0.0,0.0,1.9580000000000002
2020-05-28 02:00:00-03:00,0.0,0.0,0.0,2.296
2020-05-28 03:00:00-03:00,0.0,0.0,0.0,2.621
2020-05-28 04:00:00-03:00,0.0,0.0,0.0,2.849
2020-05-28 05:00:00-03:00,0.0,0.0,0.0,2.674
2020-05-28 06:00:00-03:00,0.0,0.0,0.0,1.9889999999999999
2020-05-28 07:00:00-03:00,0.0,0.0,0.0,1.158
2020-05-28 08:00:00-03:00,0.0,0.0,0.0,0.449
2020-05-28 09:00:00-03:00,0.0,0.003,0.001,-0.645
2020-05-28 10:00:00-03:00,0.121,0.105,0.034,-0.269
2020-05-28 11:00:00-03:00,0.421,0.393,0.062,0.769
2020-05-28 12:00:00-03:00,0.611,0.622,0.059000000000000004,2.201
2020-05-28 13:00:00-03:00,0.609,0.617,0.067,3.251
2020-05-28 14:00:00-03:00,0.428,0.375,0.094,3.435
2020-05-28 15:00:00-03:00,0.19,0.126,0.085,3.155
2020-05-28 16:00:00-03:00,0.073,0.047,0.044,2.444
2020-05-28 17:00:00-03:00,0.01,0.014,0.007,0.873
2020-05-28 18:00:00-03:00,0.0,0.0,0.0,0.18
2020-05-28 19:00:00-03:00,0.0,0.0,0.0,0.054
2020-05-28 20:00:00-03:00,0.0,0.0,0.0,0.006
2020-05-28 21:00:00-03:00,0.0,0.0,0.0,-0.002
2020-05-28 22:00:00-03:00,0.0,0.0,0.0,0.153
2020-05-28 23:00:00-03:00,0.0,0.0,0.0,0.178
2020-05-29 00:00:00-03:00,0.0,0.0,0.0,0.232
2020-05-29 01:00:00-03:00,0.0,0.0,0.0,0.289
2020-05-29 02:00:00-03:00,0.0,0.0,0.0,0.248
2020-05-29 03:00:00-03:00,0.0,0.0,0.0,0.027
2020-05-29 04:00:00-03:00,0.0,0.0,0.0,-0.502
2020-05-29 05:00:00-03:00,0.0,0.0,0.0,-0.96
2020-05-29 06:00:00-03:00,0.0,0.0,0.0,-0.937
2020-05-29 07:00:00-03:00,0.0,0.0,0.0,-0.809
2020-05-29 08:00:00-03:00,0.0,0.0,0.0,-0.772
2020-05-29 09:00:00-03:00,0.0,0.001,0.001,-0.685
2020-05-29 10:00:00-03:00,0.031,0.02,0.025,0.041
2020-05-29 11:00:00-03:00,0.139,0.082,0.076,1.198
2020-05-29 12:00:00-03:00,0.178,0.093,0.106,2.374
2020-05-29 13:00:00-03:00,0.214,0.111,0.126,3.332
2020-05-29 14:00:00-03:00,0.146,0.059000000000000004,0.108,3.7039999999999997
2020-05-29 15:00:00-03:00,0.098,0.04,0.078,3.7119999999999997
2020-05-29 16:00:00-03:00,0.035,0.016,0.035,3.315
2020-05-29 17:00:00-03:00,0.002,0.004,0.005,2.66
2020-05-29 18:00:00-03:00,0.0,0.0,0.0,2.362
2020-05-29 19:00:00-03:00,0.0,0.0,0.0,2.179
2020-05-29 20:00:00-03:00,0.0,0.0,0.0,2.006
2020-05-29 21:00:00-03:00,0.0,0.0,0.0,1.8639999999999999
2020-05-29 22:00:00-03:00,0.0,0.0,0.0,1.7109999999999999
2020-05-29 23:00:00-03:00,0.0,0.0,0.0,1.658
2020-05-30 00:00:00-03:00,0.0,0.0,0.0,1.853
2020-05-30 01:00:00-03:00,0.0,0.0,0.0,1.876
2020-05-30 02:00:00-03:00,0.0,0.0,0.0,1.354
2020-05-30 03:00:00-03:00,0.0,0.0,0.0,1.082
2020-05-30 04:00:00-03:00,0.0,0.0,0.0,0.877
2020-05-30 05:00:00-03:00,0.0,0.0,0.0,0.711
2020-05-30 06:00:00-03:00,0.0,0.0,0.0,0.449
2020-05-30 07:00:00-03:00,0.0,0.0,0.0,0.353
2020-05-30 08:00:00-03:00,0.0,0.0,0.0,0.261
2020-05-30 09:00:00-03:00,0.0,0.002,0.001,0.277
2020-05-30 10:00:00-03:00,0.093,0.078,0.033,1.587
2020-05-30 11:00:00-03:00,0.224,0.171,0.076,3.418
2020-05-30 12:00:00-03:00,0.272,0.192,0.107,4.419
2020-05-30 13:00:00-03:00,0.218,0.121,0.122,5.166
2020-05-30 14:00:00-03:00,0.164,0.075,0.112,5.681
2020-05-30 15:00:00-03:00,0.066,0.021,0.064,5.555
2020-05-30 16:00:00-03:00,0.019,0.007,0.026000000000000002,4.906
2020-05-30 17:00:00-03:00,0.0,0.001,0.003,4.34
2020-05-30 18:00:00-03:00,0.0,0.0,0.0,4.167
2020-05-30 19:00:00-03:00,0.0,0.0,0.0,4.081
2020-05-30 20:00:00-03:00,0.0,0.0,0.0,3.969
2020-05-30 21:00:00-03:00,0.0,0.0,0.0,3.917
2020-05-30 22:00:00-03:00,0.0,0.0,0.0,3.955
2020-05-30 23:00:00-03:00,0.0,0.0,0.0,4.21
2020-05-31 00:00:00-03:00,0.0,0.0,0.0,4.28
2020-05-31 01:00:00-03:00,0.0,0.0,0.0,3.191
2020-05-31 02:00:00-03:00,0.0,0.0,0.0,3.012
2020-05-31 03:00:00-03:00,0.0,0.0,0.0,3.563
2020-05-31 04:00:00-03:00,0.0,0.0,0.0,3.443
2020-05-31 05:00:00-03:00,0.0,0.0,0.0,3.351
2020-05-31 06:00:00-03:00,0.0,0.0,0.0,3.46
2020-05-31 07:00:00-03:00,0.0,0.0,0.0,3.378
2020-05-31 08:00:00-03:00,0.0,0.0,0.0,3.315
2020-05-31 09:00:00-03:00,0.0,0.0,0.0,3.136
2020-05-31 10:00:00-03:00,0.024,0.015,0.023,3.352
2020-05-31 11:00:00-03:00,0.073,0.031,0.061,4.352
2020-05-31 12:00:00-03:00,0.134,0.056,0.099,4.885
2020-05-31 13:00:00-03:00,0.15,0.058,0.115,5.457
2020-05-31 14:00:00-03:00,0.11,0.035,0.096,5.82
2020-05-31 15:00:00-03:00,0.081,0.03,0.07100000000000001,6.007
2020-05-31 16:00:00-03:00,0.077,0.049,0.047,5.513
2020-05-31 17:00:00-03:00,0.005,0.009000000000000001,0.006,3.864
2020-05-31 18:00:00-03:00,0.0,0.0,0.0,3.568
2020-05-31 19:00:00-03:00,0.0,0.0,0.0,3.128
2020-05-31 20:00:00-03:00,0.0,0.0,0.0,2.292
2020-05-31 21:00:00-03:00,0.0,0.0,0.0,1.907
2020-05-31 22:00:00-03:00,0.0,0.0,0.0,2.059
2020-05-31 23:00:00-03:00,0.0,0.0,0.0,2.0
2020-06-01 00:00:00-03:00,0.0,0.0,0.0,1.9849999999999999
2020-06-01 01:00:00-03:00,0.0,0.0,0.0,1.991
2020-06-01 02:00:00-03:00,0.0,0.0,0.0,2.101
2020-06-01 03:00:00-03:00,0.0,0.0,0.0,2.307
2020-06-01 04:00:00-03:00,0.0,0.0,0.0,2.541
2020-06-01 05:00:00-03:00,0.0,0.0,0.0,2.706
2020-06-01 06:00:00-03:00,0.0,0.0,0.0,2.883
2020-06-01 07:00:00-03:00,0.0,0.0,0.0,2.965
2020-06-01 08:00:00-03:00,0.0,0.0,0.0,2.908
2020-06-01 09:00:00-03:00,0.0,0.002,0.001,2.698
2020-06-01 10:00:00-03:00,0.131,0.11900000000000001,0.032,3.304
2020-06-01 11:00:00-03:00,0.363,0.335,0.064,4.711
2020-06-01 12:00:00-03:00,0.502,0.49,0.073,6.2620000000000005
2020-06-01 13:00:00-03:00,0.505,0.487,0.083,7.573
2020-06-01 14:00:00-03:00,0.342,0.278,0.10400000000000001,8.233
2020-06-01 15:00:00-03:00,0.096,0.046,0.07200000000000001,7.423
2020-06-01 16:00:00-03:00,0.031,0.016,0.03,5.551
2020-06-01 17:00:00-03:00,0.009000000000000001,0.013000000000000001,0.007,3.843
2020-06-01 18:00:00-03:00,0.0,0.0,0.0,2.761
2020-06-01 19:00:00-03:00,0.0,0.0,0.0,2.226
2020-06-01 20:00:00-03:00,0.0,0.0,0.0,1.8130000000000002
2020-06-01 21:00:00-03:00,0.0,0.0,0.0,1.4889999999999999
2020-06-01 22:00:00-03:00,0.0,0.0,0.0,1.3820000000000001
2020-06-01 23:00:00-03:00,0.0,0.0,0.0,1.379
2020-06-02 00:00:00-03:00,0.0,0.0,0.0,1.327
2020-06-02 01:00:00-03:00,0.0,0.0,0.0,1.266
2020-06-02 02:00:00-03:00,0.0,0.0,0.0,1.362
2020-06-02 03:00:00-03:00,0.0,0.0,0.0,1.513
2020-06-02 04:00:00-03:00,0.0,0.0,0.0,1.544
2020-06-02 05:00:00-03:00,0.0,0.0,0.0,1.484
2020-06-02 06:00:00-03:00,0.0,0.0,0.0,1.427
2020-06-02 07:00:00-03:00,0.0,0.0,0.0,1.338
2020-06-02 08:00:00-03:00,0.0,0.0,0.0,1.22
2020-06-02 09:00:00-03:00,0.0,0.001,0.001,1.055
2020-06-02 10:00:00-03:00,0.084,0.073,0.029,1.224
2020-06-02 11:00:00-03:00,0.242,0.196,0.069,2.021
2020-06-02 12:00:00-03:00,0.34900000000000003,0.289,0.092,3.049
2020-06-02 13:00:00-03:00,0.391,0.329,0.1,3.903
2020-06-02 14:00:00-03:00,0.379,0.32,0.095,4.305
2020-06-02 15:00:00-03:00,0.362,0.321,0.076,4.241
2020-06-02 16:00:00-03:00,0.233,0.21,0.047,3.518
2020-06-02 17:00:00-03:00,0.023,0.03,0.007,2.042
2020-06-02 18:00:00-03:00,0.0,0.0,0.0,1.088
2020-06-02 19:00:00-03:00,0.0,0.0,0.0,0.986
2020-06-02 20:00:00-03:00,0.0,0.0,0.0,1.329
2020-06-02 21:00:00-03:00,0.0,0.0,0.0,1.369
2020-06-02 22:00:00-03:00,0.0,0.0,0.0,1.23
2020-06-02 23:00:00-03:00,0.0,0.0,0.0,0.916
2020-06-03 00:00:00-03:00,0.0,0.0,0.0,0.8300000000000001
2020-06-03 01:00:00-03:00,0.0,0.0,0.0,0.754
2020-06-03 02:00:00-03:00,0.0,0.0,0.0,0.781
2020-06-03 03:00:00-03:00,0.0,0.0,0.0,0.839
2020-06-03 04:00:00-03:00,0.0,0.0,0.0,0.931
2020-06-03 05:00:00-03:00,0.0,0.0,0.0,0.9500000000000001
2020-06-03 06:00:00-03:00,0.0,0.0,0.0,1.015
2020-06-03 07:00:00-03:00,0.0,0.0,0.0,1.11
2020-06-03 08:00:00-03:00,0.0,0.0,0.0,1.118
2020-06-03 09:00:00-03:00,0.0,0.0,0.0,1.153
2020-06-03 10:00:00-03:00,0.002,0.001,0.008,1.225
2020-06-03 11:00:00-03:00,0.016,0.002,0.026000000000000002,1.663
2020-06-03 12:00:00-03:00,0.028,0.003,0.04,2.401
2020-06-03 13:00:00-03:00,0.034,0.003,0.047,3.342
2020-06-03 14:00:00-03:00,0.036000000000000004,0.003,0.048,4.465
2020-06-03 15:00:00-03:00,0.018000000000000002,0.002,0.03,5.294
2020-06-03 16:00:00-03:00,0.009000000000000001,0.002,0.018000000000000002,5.874
2020-06-03 17:00:00-03:00,0.0,0.001,0.002,6.423
2020-06-03 18:00:00-03:00,0.0,0.0,0.0,6.423
2020-06-03 19:00:00-03:00,0.0,0.0,0.0,5.989
2020-06-03 20:00:00-03:00,0.0,0.0,0.0,5.6850000000000005
2020-06-03 21:00:00-03:00,0.0,0.0,0.0,5.513
2020-06-03 22:00:00-03:00,0.0,0.0,0.0,5.557
2020-06-03 23:00:00-03:00,0.0,0.0,0.0,5.772
2020-06-04 00:00:00-03:00,0.0,0.0,0.0,5.837
2020-06-04 01:00:00-03:00,0.0,0.0,0.0,5.468
2020-06-04 02:00:00-03:00,0.0,0.0,0.0,5.107
2020-06-04 03:00:00-03:00,0.0,0.0,0.0,4.896
2020-06-04 04:00:00-03:00,0.0,0.0,0.0,4.837
2020-06-04 05:00:00-03:00,0.0,0.0,0.0,4.881
2020-06-04 06:00:00-03:00,0.0,0.0,0.0,5.028
2020-06-04 07:00:00-03:00,0.0,0.0,0.0,5.205
2020-06-04 08:00:00-03:00,0.0,0.0,0.0,5.31
2020-06-04 09:00:00-03:00,0.0,0.0,0.0,5.192
2020-06-04 10:00:00-03:00,0.055,0.047,0.026000000000000002,5.371
2020-06-04 11:00:00-03:00,0.217,0.17300000000000001,0.07,6.16
2020-06-04 12:00:00-03:00,0.342,0.28700000000000003,0.093,7.186
2020-06-04 13:00:00-03:00,0.371,0.311,0.10300000000000001,7.876
2020-06-04 14:00:00-03:00,0.34600000000000003,0.28500000000000003,0.1,8.092
2020-06-04 15:00:00-03:00,0.245,0.192,0.083,7.899
2020-06-04 16:00:00-03:00,0.076,0.054,0.042,7.198
2020-06-04 17:00:00-03:00,0.001,0.004,0.004,6.29
2020-06-04 18:00:00-03:00,0.0,0.0,0.0,5.484
2020-06-04 19:00:00-03:00,0.0,0.0,0.0,4.944
2020-06-04 20:00:00-03:00,0.0,0.0,0.0,4.955
2020-06-04 21:00:00-03:00,0.0,0.0,0.0,4.932
2020-06-04 22:00:00-03:00,0.0,0.0,0.0,4.737
2020-06-04 23:00:00-03:00,0.0,0.0,0.0,4.39
2020-06-05 00:00:00-03:00,0.0,0.0,0.0,3.9699999999999998
2020-06-05 01:00:00-03:00,0.0,0.0,0.0,3.951
2020-06-05 02:00:00-03:00,0.0,0.0,0.0,3.74
2020-06-05 03:00:00-03:00,0.0,0.0,0.0,3.573
2020-06-05 04:00:00-03:00,0.0,0.0,0.0,3.221
2020-06-05 05:00:00-03:00,0.0,0.0,0.0,2.598
2020-06-05 06:00:00-03:00,0.0,0.0,0.0,2.344
2020-06-05 07:00:00-03:00,0.0,0.0,0.0,2.292
2020-06-05 08:00:00-03:00,0.0,0.0,0.0,2.211
2020-06-05 09:00:00-03:00,0.0,0.001,0.0,1.99
2020-06-05 10:00:00-03:00,0.089,0.08,0.028,2.409
2020-06-05 11:00:00-03:00,0.198,0.153,0.068,3.418
2020-06-05 12:00:00-03:00,0.28200000000000003,0.216,0.094,4.924
2020-06-05 13:00:00-03:00,0.394,0.339,0.098,6.699
2020-06-05 14:00:00-03:00,0.34800000000000003,0.291,0.097,7.712
2020-06-05 15:00:00-03:00,0.271,0.224,0.079,8.001
2020-06-05 16:00:00-03:00,0.156,0.135,0.045,7.486
2020-06-05 17:00:00-03:00,0.017,0.024,0.006,6.284
2020-06-05 18:00:00-03:00,0.0,0.0,0.0,5.297
2020-06-05 19:00:00-03:00,0.0,0.0,0.0,4.559
2020-06-05 20:00:00-03:00,0.0,0.0,0.0,3.981
2020-06-05 21:00:00-03:00,0.0,0.0,0.0,3.461
2020-06-05 22:00:00-03:00,0.0,0.0,0.0,2.873
2020-06-05 23:00:00-03:00,0.0,0.0,0.0,2.354
2020-06-06 00:00:00-03:00,0.0,0.0,0.0,1.9380000000000002
2020-06-06 01:00:00-03:00,0.0,0.0,0.0,1.63
2020-06-06 02:00:00-03:00,0.0,0.0,0.0,1.252
2020-06-06 03:00:00-03:00,0.0,0.0,0.0,1.096
2020-06-06 04:00:00-03:00,0.0,0.0,0.0,1.019
2020-06-06 05:00:00-03:00,0.0,0.0,0.0,0.763
2020-06-06 06:00:00-03:00,0.0,0.0,0.0,0.545
2020-06-06 07:00:00-03:00,0.0,0.0,0.0,0.391
2020-06-06 08:00:00-03:00,0.0,0.0,0.0,0.395
2020-06-06 09:00:00-03:00,0.0,0.0,0.0,0.328
2020-06-06 10:00:00-03:00,0.032,0.024,0.023,1.083
2020-06-06 11:00:00-03:00,0.095,0.049,0.066,2.208
2020-06-06 12:00:00-03:00,0.091,0.028,0.082,3.008
2020-06-06 13:00:00-03:00,0.099,0.026000000000000002,0.092,3.686
2020-06-06 14:00:00-03:00,0.113,0.036000000000000004,0.097,4.196
2020-06-06 15:00:00-03:00,0.049,0.012,0.054,3.884
2020-06-06 16:00:00-03:00,0.014,0.005,0.021,3.163
2020-06-06 17:00:00-03:00,0.0,0.001,0.002,2.348
2020-06-06 18:00:00-03:00,0.0,0.0,0.0,1.192
2020-06-06 19:00:00-03:00,0.0,0.0,0.0,-0.35000000000000003
2020-06-06 20:00:00-03:00,0.0,0.0,0.0,-1.169
2020-06-06 21:00:00-03:00,0.0,0.0,0.0,-1.579
2020-06-06 22:00:00-03:00,0.0,0.0,0.0,-1.056
2020-06-06 23:00:00-03:00,0.0,0.0,0.0,-1.347
2020-06-07 00:00:00-03:00,0.0,0.0,0.0,-1.5310000000000001
2020-06-07 01:00:00-03:00,0.0,0.0,0.0,-1.3679999999999999
2020-06-07 02:00:00-03:00,0.0,0.0,0.0,-0.851
2020-06-07 03:00:00-03:00,0.0,0.0,0.0,-0.76
2020-06-07 04:00:00-03:00,0.0,0.0,0.0,-0.453
2020-06-07 05:00:00-03:00,0.0,0.0,0.0,-0.073
2020-06-07 06:00:00-03:00,0.0,0.0,0.0,-0.117
2020-06-07 07:00:00-03:00,0.0,0.0,0.0,0.066
2020-06-07 08:00:00-03:00,0.0,0.0,0.0,0.525
2020-06-07 09:00:00-03:00,0.0,0.0,0.0,1.7429999999999999
2020-06-07 10:00:00-03:00,0.016,0.012,0.017,3.02
2020-06-07 11:00:00-03:00,0.183,0.137,0.069,4.842
2020-06-07 12:00:00-03:00,0.307,0.245,0.095,6.203
2020-06-07 13:00:00-03:00,0.343,0.275,0.106,6.854
2020-06-07 14:00:00-03:00,0.296,0.226,0.10300000000000001,7.044
2020-06-07 15:00:00-03:00,0.247,0.194,0.082,6.7379999999999995
2020-06-07 16:00:00-03:00,0.11800000000000001,0.095,0.044,5.8870000000000005
2020-06-07 17:00:00-03:00,0.003,0.007,0.004,4.584
2020-06-07 18:00:00-03:00,0.0,0.0,0.0,3.795
2020-06-07 19:00:00-03:00,0.0,0.0,0.0,3.337
2020-06-07 20:00:00-03:00,0.0,0.0,0.0,2.821
2020-06-07 21:00:00-03:00,0.0,0.0,0.0,2.304
2020-06-07 22:00:00-03:00,0.0,0.0,0.0,1.838
2020-06-07 23:00:00-03:00,0.0,0.0,0.0,1.187
2020-06-08 00:00:00-03:00,0.0,0.0,0.0,0.593
2020-06-08 01:00:00-03:00,0.0,0.0,0.0,-0.176
2020-06-08 02:00:00-03:00,0.0,0.0,0.0,-0.642
2020-06-08 03:00:00-03:00,0.0,0.0,0.0,-0.852
2020-06-08 04:00:00-03:00,0.0,0.0,0.0,-0.982
2020-06-08 05:00:00-03:00,0.0,0.0,0.0,-1.176
2020-06-08 06:00:00-03:00,0.0,0.0,0.0,-0.978
2020-06-08 07:00:00-03:00,0.0,0.0,0.0,-0.138
2020-06-08 08:00:00-03:00,0.0,0.0,0.0,0.669
2020-06-08 09:00:00-03:00,0.0,0.0,0.0,1.283
2020-06-08 10:00:00-03:00,0.037,0.03,0.023,1.811
2020-06-08 11:00:00-03:00,0.138,0.091,0.068,2.991
2020-06-08 12:00:00-03:00,0.195,0.11900000000000001,0.1,4.298
2020-06-08 13:00:00-03:00,0.219,0.128,0.117,5.034
2020-06-08 14:00:00-03:00,0.158,0.076,0.105,5.092
2020-06-08 15:00:00-03:00,0.078,0.031,0.067,4.635
2020-06-08 16:00:00-03:00,0.026000000000000002,0.013000000000000001,0.028,3.973
2020-06-08 17:00:00-03:00,0.0,0.002,0.003,2.564
2020-06-08 18:00:00-03:00,0.0,0.0,0.0,1.936
2020-06-08 19:00:00-03:00,0.0,0.0,0.0,2.024
2020-06-08 20:00:00-03:00,0.0,0.0,0.0,2.618
2020-06-08 21:00:00-03:00,0.0,0.0,0.0,2.54
2020-06-08 22:00:00-03:00,0.0,0.0,0.0,2.266
2020-06-08 23:00:00-03:00,0.0,0.0,0.0,1.999
2020-06-09 00:00:00-03:00,0.0,0.0,0.0,1.786
2020-06-09 01:00:00-03:00,0.0,0.0,0.0,2.032
2020-06-09 02:00:00-03:00,0.0,0.0,0.0,2.034
2020-06-09 03:00:00-03:00,0.0,0.0,0.0,1.54
2020-06-09 04:00:00-03:00,0.0,0.0,0.0,1.457
2020-06-09 05:00:00-03:00,0.0,0.0,0.0,1.47
2020-06-09 06:00:00-03:00,0.0,0.0,0.0,1.4809999999999999
2020-06-09 07:00:00-03:00,0.0,0.0,0.0,1.807
2020-06-09 08:00:00-03:00,0.0,0.0,0.0,2.505
2020-06-09 09:00:00-03:00,0.0,0.0,0.0,2.5949999999999998
2020-06-09 10:00:00-03:00,0.011,0.008,0.015,2.566
2020-06-09 11:00:00-03:00,0.101,0.057,0.063,3.04
2020-06-09 12:00:00-03:00,0.242,0.164,0.10200000000000001,3.769
2020-06-09 13:00:00-03:00,0.213,0.121,0.116,4.194
2020-06-09 14:00:00-03:00,0.12,0.045,0.095,3.8970000000000002
2020-06-09 15:00:00-03:00,0.058,0.018000000000000002,0.058,3.035
2020-06-09 16:00:00-03:00,0.032,0.017,0.031,2.284
2020-06-09 17:00:00-03:00,0.002,0.005,0.004,1.202
2020-06-09 18:00:00-03:00,0.0,0.0,0.0,0.031
2020-06-09 19:00:00-03:00,0.0,0.0,0.0,-0.423
2020-06-09 20:00:00-03:00,0.0,0.0,0.0,-0.014
2020-06-09 21:00:00-03:00,0.0,0.0,0.0,0.083
2020-06-09 22:00:00-03:00,0.0,0.0,0.0,-0.046
2020-06-09 23:00:00-03:00,0.0,0.0,0.0,-0.073
2020-06-10 00:00:00-03:00,0.0,0.0,0.0,0.134
2020-06-10 01:00:00-03:00,0.0,0.0,0.0,0.561
2020-06-10 02:00:00-03:00,0.0,0.0,0.0,0.913
2020-06-10 03:00:00-03:00,0.0,0.0,0.0,1.255
2020-06-10 04:00:00-03:00,0.0,0.0,0.0,1.002
2020-06-10 05:00:00-03:00,0.0,0.0,0.0,0.64
2020-06-10 06:00:00-03:00,0.0,0.0,0.0,0.516
2020-06-10 07:00:00-03:00,0.0,0.0,0.0,0.041
2020-06-10 08:00:00-03:00,0.0,0.0,0.0,-0.36
2020-06-10 09:00:00-03:00,0.0,0.0,0.0,-0.653
2020-06-10 10:00:00-03:00,0.108,0.1,0.026000000000000002,-0.498
2020-06-10 11:00:00-03:00,0.29,0.251,0.062,0.426
2020-06-10 12:00:00-03:00,0.44,0.402,0.077,1.5030000000000001
2020-06-10 13:00:00-03:00,0.425,0.372,0.09,2.184
2020-06-10 14:00:00-03:00,0.34,0.275,0.094,2.378
2020-06-10 15:00:00-03:00,0.28300000000000003,0.232,0.076,2.23
2020-06-10 16:00:00-03:00,0.133,0.11,0.042,1.5979999999999999
2020-06-10 17:00:00-03:00,0.007,0.013000000000000001,0.004,0.461
2020-06-10 18:00:00-03:00,0.0,0.0,0.0,-0.5750000000000001
2020-06-10 19:00:00-03:00,0.0,0.0,0.0,-1.272
2020-06-10 20:00:00-03:00,0.0,0.0,0.0,-1.675
2020-06-10 21:00:00-03:00,0.0,0.0,0.0,-1.771
2020-06-10 22:00:00-03:00,0.0,0.0,0.0,-1.845
2020-06-10 23:00:00-03:00,0.0,0.0,0.0,-1.98
2020-06-11 00:00:00-03:00,0.0,0.0,0.0,-2.234
2020-06-11 01:00:00-03:00,0.0,0.0,0.0,-2.624
2020-06-11 02:00:00-03:00,0.0,0.0,0.0,-3.194
2020-06-11 03:00:00-03:00,0.0,0.0,0.0,-3.821
2020-06-11 04:00:00-03:00,0.0,0.0,0.0,-4.06
2020-06-11 05:00:00-03:00,0.0,0.0,0.0,-4.134
2020-06-11 06:00:00-03:00,0.0,0.0,0.0,-4.059
2020-06-11 07:00:00-03:00,0.0,0.0,0.0,-3.847
2020-06-11 08:00:00-03:00,0.0,0.0,0.0,-3.545
2020-06-11 09:00:00-03:00,0.0,0.0,0.0,-3.279
2020-06-11 10:00:00-03:00,0.125,0.116,0.025,-2.649
2020-06-11 11:00:00-03:00,0.318,0.281,0.059000000000000004,-1.407
2020-06-11 12:00:00-03:00,0.454,0.418,0.07200000000000001,0.008
2020-06-11 13:00:00-03:00,0.51,0.482,0.074,0.99
2020-06-11 14:00:00-03:00,0.47600000000000003,0.443,0.075,1.309
2020-06-11 15:00:00-03:00,0.397,0.364,0.066,1.118
2020-06-11 16:00:00-03:00,0.214,0.192,0.042,0.128
2020-06-11 17:00:00-03:00,0.01,0.016,0.004,-1.667
2020-06-11 18:00:00-03:00,0.0,0.0,0.0,-1.738
2020-06-11 19:00:00-03:00,0.0,0.0,0.0,-1.6139999999999999
2020-06-11 20:00:00-03:00,0.0,0.0,0.0,-1.294
2020-06-11 21:00:00-03:00,0.0,0.0,0.0,-1.107
2020-06-11 22:00:00-03:00,0.0,0.0,0.0,-1.104
2020-06-11 23:00:00-03:00,0.0,0.0,0.0,-1.158
2020-06-12 00:00:00-03:00,0.0,0.0,0.0,-1.248
2020-06-12 01:00:00-03:00,0.0,0.0,0.0,-1.343
2020-06-12 02:00:00-03:00,0.0,0.0,0.0,-1.654
2020-06-12 03:00:00-03:00,0.0,0.0,0.0,-2.073
2020-06-12 04:00:00-03:00,0.0,0.0,0.0,-2.192
2020-06-12 05:00:00-03:00,0.0,0.0,0.0,-2.17
2020-06-12 06:00:00-03:00,0.0,0.0,0.0,-2.145
2020-06-12 07:00:00-03:00,0.0,0.0,0.0,-2.097
2020-06-12 08:00:00-03:00,0.0,0.0,0.0,-2.037
2020-06-12 09:00:00-03:00,0.0,0.0,0.0,-1.953
2020-06-12 10:00:00-03:00,0.044,0.037,0.022,-1.562
2020-06-12 11:00:00-03:00,0.127,0.082,0.063,-0.588
2020-06-12 12:00:00-03:00,0.209,0.134,0.095,0.505
2020-06-12 13:00:00-03:00,0.276,0.191,0.109,1.303
2020-06-12 14:00:00-03:00,0.264,0.185,0.10200000000000001,1.589
2020-06-12 15:00:00-03:00,0.23500000000000001,0.177,0.079,1.408
2020-06-12 16:00:00-03:00,0.129,0.105,0.043000000000000003,0.616
2020-06-12 17:00:00-03:00,0.005,0.01,0.004,-0.682
2020-06-12 18:00:00-03:00,0.0,0.0,0.0,-1.044
2020-06-12 19:00:00-03:00,0.0,0.0,0.0,-1.496
2020-06-12 20:00:00-03:00,0.0,0.0,0.0,-1.733
2020-06-12 21:00:00-03:00,0.0,0.0,0.0,-1.778
2020-06-12 22:00:00-03:00,0.0,0.0,0.0,-1.744
2020-06-12 23:00:00-03:00,0.0,0.0,0.0,-1.774
2020-06-13 00:00:00-03:00,0.0,0.0,0.0,-1.7610000000000001
2020-06-13 01:00:00-03:00,0.0,0.0,0.0,-1.728
2020-06-13 02:00:00-03:00,0.0,0.0,0.0,-1.7069999999999999
2020-06-13 03:00:00-03:00,0.0,0.0,0.0,-1.681
2020-06-13 04:00:00-03:00,0.0,0.0,0.0,-1.643
2020-06-13 05:00:00-03:00,0.0,0.0,0.0,-1.583
2020-06-13 06:00:00-03:00,0.0,0.0,0.0,-1.6720000000000002
2020-06-13 07:00:00-03:00,0.0,0.0,0.0,-1.611
2020-06-13 08:00:00-03:00,0.0,0.0,0.0,-1.69
2020-06-13 09:00:00-03:00,0.0,0.0,0.0,-1.7429999999999999
2020-06-13 10:00:00-03:00,0.016,0.013000000000000001,0.016,-1.573
2020-06-13 11:00:00-03:00,0.077,0.039,0.054,-1.139
2020-06-13 12:00:00-03:00,0.151,0.081,0.088,-0.46
2020-06-13 13:00:00-03:00,0.424,0.364,0.094,0.796
2020-06-13 14:00:00-03:00,0.47900000000000004,0.443,0.079,1.415
2020-06-13 15:00:00-03:00,0.382,0.343,0.07,1.3
2020-06-13 16:00:00-03:00,0.177,0.154,0.043000000000000003,0.068
2020-06-13 17:00:00-03:00,0.006,0.011,0.004,-1.255
2020-06-13 18:00:00-03:00,0.0,0.0,0.0,-1.713
2020-06-13 19:00:00-03:00,0.0,0.0,0.0,-1.834
2020-06-13 20:00:00-03:00,0.0,0.0,0.0,-2.098
2020-06-13 21:00:00-03:00,0.0,0.0,0.0,-2.549
2020-06-13 22:00:00-03:00,0.0,0.0,0.0,-2.456
2020-06-13 23:00:00-03:00,0.0,0.0,0.0,-2.441
2020-06-14 00:00:00-03:00,0.0,0.0,0.0,-2.583
2020-06-14 01:00:00-03:00,0.0,0.0,0.0,-2.706
2020-06-14 02:00:00-03:00,0.0,0.0,0.0,-2.49
2020-06-14 03:00:00-03:00,0.0,0.0,0.0,-2.117
2020-06-14 04:00:00-03:00,0.0,0.0,0.0,-1.745
2020-06-14 05:00:00-03:00,0.0,0.0,0.0,-1.331
2020-06-14 06:00:00-03:00,0.0,0.0,0.0,-0.9460000000000001
2020-06-14 07:00:00-03:00,0.0,0.0,0.0,-0.665
2020-06-14 08:00:00-03:00,0.0,0.0,0.0,-0.514
2020-06-14 09:00:00-03:00,0.0,0.0,0.0,-0.432
2020-06-14 10:00:00-03:00,0.0,0.001,0.005,-0.371
2020-06-14 11:00:00-03:00,0.009000000000000001,0.001,0.018000000000000002,-0.23500000000000001
2020-06-14 12:00:00-03:00,0.025,0.003,0.037,-0.012
2020-06-14 13:00:00-03:00,0.046,0.005,0.057,0.308
2020-06-14 14:00:00-03:00,0.062,0.01,0.069,0.5760000000000001
2020-06-14 15:00:00-03:00,0.058,0.016,0.06,0.6920000000000001
2020-06-14 16:00:00-03:00,0.028,0.012,0.03,0.447
2020-06-14 17:00:00-03:00,0.0,0.001,0.002,-0.387
2020-06-14 18:00:00-03:00,0.0,0.0,0.0,-0.91
2020-06-14 19:00:00-03:00,0.0,0.0,0.0,-0.795
2020-06-14 20:00:00-03:00,0.0,0.0,0.0,-0.742
2020-06-14 21:00:00-03:00,0.0,0.0,0.0,-0.809
2020-06-14 22:00:00-03:00,0.0,0.0,0.0,-0.857
2020-06-14 23:00:00-03:00,0.0,0.0,0.0,-0.8320000000000001
2020-06-15 00:00:00-03:00,0.0,0.0,0.0,-1.186
2020-06-15 01:00:00-03:00,0.0,0.0,0.0,-1.199
2020-06-15 02:00:00-03:00,0.0,0.0,0.0,-0.872
2020-06-15 03:00:00-03:00,0.0,0.0,0.0,-0.6910000000000001
2020-06-15 04:00:00-03:00,0.0,0.0,0.0,-0.5650000000000001
2020-06-15 05:00:00-03:00,0.0,0.0,0.0,-0.638
2020-06-15 06:00:00-03:00,0.0,0.0,0.0,-0.986
2020-06-15 07:00:00-03:00,0.0,0.0,0.0,-1.5270000000000001
2020-06-15 08:00:00-03:00,0.0,0.0,0.0,-1.502
2020-06-15 09:00:00-03:00,0.0,0.0,0.0,-1.215
2020-06-15 10:00:00-03:00,0.07100000000000001,0.065,0.023,-0.761
2020-06-15 11:00:00-03:00,0.28300000000000003,0.245,0.061,0.5730000000000001
2020-06-15 12:00:00-03:00,0.454,0.42,0.073,1.322
2020-06-15 13:00:00-03:00,0.468,0.43,0.081,1.754
2020-06-15 14:00:00-03:00,0.438,0.395,0.082,2.072
2020-06-15 15:00:00-03:00,0.248,0.196,0.075,1.891
2020-06-15 16:00:00-03:00,0.095,0.074,0.039,0.66
2020-06-15 17:00:00-03:00,0.004,0.008,0.004,-0.737
2020-06-15 18:00:00-03:00,0.0,0.0,0.0,-0.838
2020-06-15 19:00:00-03:00,0.0,0.0,0.0,-0.593
2020-06-15 20:00:00-03:00,0.0,0.0,0.0,-0.419
2020-06-15 21:00:00-03:00,0.0,0.0,0.0,-0.466
2020-06-15 22:00:00-03:00,0.0,0.0,0.0,-0.54
2020-06-15 23:00:00-03:00,0.0,0.0,0.0,-0.467
2020-06-16 00:00:00-03:00,0.0,0.0,0.0,-0.455
2020-06-16 01:00:00-03:00,0.0,0.0,0.0,-0.8210000000000001
2020-06-16 02:00:00-03:00,0.0,0.0,0.0,-1.726
2020-06-16 03:00:00-03:00,0.0,0.0,0.0,-1.9889999999999999
2020-06-16 04:00:00-03:00,0.0,0.0,0.0,-1.259
2020-06-16 05:00:00-03:00,0.0,0.0,0.0,-0.47600000000000003
2020-06-16 06:00:00-03:00,0.0,0.0,0.0,-0.303
2020-06-16 07:00:00-03:00,0.0,0.0,0.0,-0.187
2020-06-16 08:00:00-03:00,0.0,0.0,0.0,-0.021
2020-06-16 09:00:00-03:00,0.0,0.0,0.0,0.062
2020-06-16 10:00:00-03:00,0.012,0.01,0.014,0.138
2020-06-16 11:00:00-03:00,0.07100000000000001,0.035,0.053,0.41200000000000003
2020-06-16 12:00:00-03:00,0.155,0.084,0.091,0.667
2020-06-16 13:00:00-03:00,0.258,0.17300000000000001,0.108,1.063
2020-06-16 14:00:00-03:00,0.366,0.303,0.094,1.337
2020-06-16 15:00:00-03:00,0.377,0.337,0.07,1.256
2020-06-16 16:00:00-03:00,0.202,0.179,0.042,-0.07200000000000001
2020-06-16 17:00:00-03:00,0.009000000000000001,0.016,0.004,-2.011
2020-06-16 18:00:00-03:00,0.0,0.0,0.0,-2.362
2020-06-16 19:00:00-03:00,0.0,0.0,0.0,-2.472
2020-06-16 20:00:00-03:00,0.0,0.0,0.0,-2.441
2020-06-16 21:00:00-03:00,0.0,0.0,0.0,-2.061
2020-06-16 22:00:00-03:00,0.0,0.0,0.0,-1.661
2020-06-16 23:00:00-03:00,0.0,0.0,0.0,-1.505
2020-06-17 00:00:00-03:00,0.0,0.0,0.0,-1.188
2020-06-17 01:00:00-03:00,0.0,0.0,0.0,-0.862
2020-06-17 02:00:00-03:00,0.0,0.0,0.0,-0.761
2020-06-17 03:00:00-03:00,0.0,0.0,0.0,-0.793
2020-06-17 04:00:00-03:00,0.0,0.0,0.0,-1.046
2020-06-17 05:00:00-03:00,0.0,0.0,0.0,-1.3940000000000001
2020-06-17 06:00:00-03:00,0.0,0.0,0.0,-1.7349999999999999
2020-06-17 07:00:00-03:00,0.0,0.0,0.0,-2.16
2020-06-17 08:00:00-03:00,0.0,0.0,0.0,-2.551
2020-06-17 09:00:00-03:00,0.0,0.0,0.0,-2.836
2020-06-17 10:00:00-03:00,0.05,0.044,0.021,-2.674
2020-06-17 11:00:00-03:00,0.17500000000000002,0.13,0.062,-1.721
2020-06-17 12:00:00-03:00,0.277,0.209,0.089,-0.833
2020-06-17 13:00:00-03:00,0.358,0.29,0.095,0.034
2020-06-17 14:00:00-03:00,0.484,0.451,0.075,0.904
2020-06-17 15:00:00-03:00,0.41500000000000004,0.385,0.063,0.997
2020-06-17 16:00:00-03:00,0.26,0.241,0.039,-0.394
2020-06-17 17:00:00-03:00,0.014,0.022,0.004,-2.412
2020-06-17 18:00:00-03:00,0.0,0.0,0.0,-3.292
2020-06-17 19:00:00-03:00,0.0,0.0,0.0,-3.773
2020-06-17 20:00:00-03:00,0.0,0.0,0.0,-4.21
2020-06-17 21:00:00-03:00,0.0,0.0,0.0,-4.128
2020-06-17 22:00:00-03:00,0.0,0.0,0.0,-4.036
2020-06-17 23:00:00-03:00,0.0,0.0,0.0,-4.123
2020-06-18 00:00:00-03:00,0.0,0.0,0.0,-4.2
2020-06-18 01:00:00-03:00,0.0,0.0,0.0,-4.128
2020-06-18 02:00:00-03:00,0.0,0.0,0.0,-4.126
2020-06-18 03:00:00-03:00,0.0,0.0,0.0,-4.251
2020-06-18 04:00:00-03:00,0.0,0.0,0.0,-4.58
2020-06-18 05:00:00-03:00,0.0,0.0,0.0,-4.807
2020-06-18 06:00:00-03:00,0.0,0.0,0.0,-4.674
2020-06-18 07:00:00-03:00,0.0,0.0,0.0,-4.333
2020-06-18 08:00:00-03:00,0.0,0.0,0.0,-3.877
2020-06-18 09:00:00-03:00,0.0,0.0,0.0,-3.247
2020-06-18 10:00:00-03:00,0.004,0.003,0.01,-2.407
2020-06-18 11:00:00-03:00,0.019,0.003,0.028,-1.403
2020-06-18 12:00:00-03:00,0.033,0.004,0.043000000000000003,-0.428
2020-06-18 13:00:00-03:00,0.05,0.006,0.061,0.337
2020-06-18 14:00:00-03:00,0.046,0.006,0.056,0.679
2020-06-18 15:00:00-03:00,0.019,0.002,0.03,0.635
2020-06-18 16:00:00-03:00,0.004,0.001,0.011,0.462
2020-06-18 17:00:00-03:00,0.0,0.0,0.001,0.12
2020-06-18 18:00:00-03:00,0.0,0.0,0.0,-0.164
2020-06-18 19:00:00-03:00,0.0,0.0,0.0,-0.488
2020-06-18 20:00:00-03:00,0.0,0.0,0.0,-0.851
2020-06-18 21:00:00-03:00,0.0,0.0,0.0,-1.187
2020-06-18 22:00:00-03:00,0.0,0.0,0.0,-1.631
2020-06-18 23:00:00-03:00,0.0,0.0,0.0,-1.999
2020-06-19 00:00:00-03:00,0.0,0.0,0.0,-2.234
2020-06-19 01:00:00-03:00,0.0,0.0,0.0,-2.536
2020-06-19 02:00:00-03:00,0.0,0.0,0.0,-2.871
2020-06-19 03:00:00-03:00,0.0,0.0,0.0,-2.907
2020-06-19 04:00:00-03:00,0.0,0.0,0.0,-2.642
2020-06-19 05:00:00-03:00,0.0,0.0,0.0,-2.598
2020-06-19 06:00:00-03:00,0.0,0.0,0.0,-2.604
2020-06-19 07:00:00-03:00,0.0,0.0,0.0,-2.2880000000000003
2020-06-19 08:00:00-03:00,0.0,0.0,0.0,-1.9300000000000002
2020-06-19 09:00:00-03:00,0.0,0.0,0.0,-1.908
2020-06-19 10:00:00-03:00,0.021,0.016,0.017,-1.154
2020-06-19 11:00:00-03:00,0.063,0.029,0.052000000000000005,0.686
2020-06-19 12:00:00-03:00,0.114,0.047,0.08600000000000001,1.638
2020-06-19 13:00:00-03:00,0.138,0.056,0.10200000000000001,2.218
2020-06-19 14:00:00-03:00,0.17,0.08700000000000001,0.10400000000000001,2.396
2020-06-19 15:00:00-03:00,0.122,0.065,0.076,2.238
2020-06-19 16:00:00-03:00,0.038,0.022,0.032,1.77
2020-06-19 17:00:00-03:00,0.0,0.003,0.003,0.975
2020-06-19 18:00:00-03:00,0.0,0.0,0.0,0.134
2020-06-19 19:00:00-03:00,0.0,0.0,0.0,-0.764
2020-06-19 20:00:00-03:00,0.0,0.0,0.0,-1.075
2020-06-19 21:00:00-03:00,0.0,0.0,0.0,-0.905
2020-06-19 22:00:00-03:00,0.0,0.0,0.0,-0.964
2020-06-19 23:00:00-03:00,0.0,0.0,0.0,-1.21
2020-06-20 00:00:00-03:00,0.0,0.0,0.0,-1.395
2020-06-20 01:00:00-03:00,0.0,0.0,0.0,-1.8250000000000002
2020-06-20 02:00:00-03:00,0.0,0.0,0.0,-2.052
2020-06-20 03:00:00-03:00,0.0,0.0,0.0,-1.7149999999999999
2020-06-20 04:00:00-03:00,0.0,0.0,0.0,-1.599
2020-06-20 05:00:00-03:00,0.0,0.0,0.0,-2.164
2020-06-20 06:00:00-03:00,0.0,0.0,0.0,-2.3609999999999998
2020-06-20 07:00:00-03:00,0.0,0.0,0.0,-2.36
2020-06-20 08:00:00-03:00,0.0,0.0,0.0,-2.087
2020-06-20 09:00:00-03:00,0.0,0.0,0.0,-2.035
2020-06-20 10:00:00-03:00,0.015,0.012,0.015,-1.9649999999999999
2020-06-20 11:00:00-03:00,0.11,0.065,0.062,-1.178
2020-06-20 12:00:00-03:00,0.20600000000000002,0.128,0.098,0.054
2020-06-20 13:00:00-03:00,0.21,0.11800000000000001,0.113,0.838
2020-06-20 14:00:00-03:00,0.136,0.056,0.099,1.214
2020-06-20 15:00:00-03:00,0.039,0.01,0.045,1.056
2020-06-20 16:00:00-03:00,0.012,0.005,0.019,0.517
2020-06-20 17:00:00-03:00,0.0,0.002,0.003,-0.317
2020-06-20 18:00:00-03:00,0.0,0.0,0.0,0.318
2020-06-20 19:00:00-03:00,0.0,0.0,0.0,1.353
2020-06-20 20:00:00-03:00,0.0,0.0,0.0,1.471
2020-06-20 21:00:00-03:00,0.0,0.0,0.0,1.071
2020-06-20 22:00:00-03:00,0.0,0.0,0.0,0.5660000000000001
2020-06-20 23:00:00-03:00,0.0,0.0,0.0,0.426
2020-06-21 00:00:00-03:00,0.0,0.0,0.0,0.674
2020-06-21 01:00:00-03:00,0.0,0.0,0.0,1.306
2020-06-21 02:00:00-03:00,0.0,0.0,0.0,1.1440000000000001
2020-06-21 03:00:00-03:00,0.0,0.0,0.0,1.012
2020-06-21 04:00:00-03:00,0.0,0.0,0.0,0.994
2020-06-21 05:00:00-03:00,0.0,0.0,0.0,0.9510000000000001
2020-06-21 06:00:00-03:00,0.0,0.0,0.0,0.875
2020-06-21 07:00:00-03:00,0.0,0.0,0.0,0.854
2020-06-21 08:00:00-03:00,0.0,0.0,0.0,0.928
2020-06-21 09:00:00-03:00,0.0,0.0,0.0,0.983
2020-06-21 10:00:00-03:00,0.002,0.002,0.007,1.086
2020-06-21 11:00:00-03:00,0.029,0.008,0.036000000000000004,1.388
2020-06-21 12:00:00-03:00,0.07100000000000001,0.019,0.07,1.846
2020-06-21 13:00:00-03:00,0.094,0.025,0.088,2.096
2020-06-21 14:00:00-03:00,0.114,0.041,0.092,2.18
2020-06-21 15:00:00-03:00,0.14300000000000002,0.083,0.08,2.005
2020-06-21 16:00:00-03:00,0.10200000000000001,0.078,0.042,0.905
2020-06-21 17:00:00-03:00,0.003,0.007,0.004,-0.746
2020-06-21 18:00:00-03:00,0.0,0.0,0.0,-0.966
2020-06-21 19:00:00-03:00,0.0,0.0,0.0,-0.755
2020-06-21 20:00:00-03:00,0.0,0.0,0.0,-0.742
2020-06-21 21:00:00-03:00,0.0,0.0,0.0,-0.74
2020-06-21 22:00:00-03:00,0.0,0.0,0.0,-0.638
2020-06-21 23:00:00-03:00,0.0,0.0,0.0,-0.936
2020-06-22 00:00:00-03:00,0.0,0.0,0.0,-1.562
2020-06-22 01:00:00-03:00,0.0,0.0,0.0,-2.147
2020-06-22 02:00:00-03:00,0.0,0.0,0.0,-1.447
2020-06-22 03:00:00-03:00,0.0,0.0,0.0,-0.658
2020-06-22 04:00:00-03:00,0.0,0.0,0.0,-0.725
2020-06-22 05:00:00-03:00,0.0,0.0,0.0,-0.9470000000000001
2020-06-22 06:00:00-03:00,0.0,0.0,0.0,-1.134
2020-06-22 07:00:00-03:00,0.0,0.0,0.0,-1.156
2020-06-22 08:00:00-03:00,0.0,0.0,0.0,-0.553
2020-06-22 09:00:00-03:00,0.0,0.0,0.0,0.164
2020-06-22 10:00:00-03:00,0.001,0.001,0.006,0.964
2020-06-22 11:00:00-03:00,0.008,0.001,0.017,1.6800000000000002
2020-06-22 12:00:00-03:00,0.013000000000000001,0.001,0.024,2.184
2020-06-22 13:00:00-03:00,0.017,0.001,0.028,2.461
2020-06-22 14:00:00-03:00,0.016,0.001,0.028,2.516
2020-06-22 15:00:00-03:00,0.008,0.001,0.017,2.507
2020-06-22 16:00:00-03:00,0.0,0.0,0.006,2.294
2020-06-22 17:00:00-03:00,0.0,0.0,0.0,2.038
2020-06-22 18:00:00-03:00,0.0,0.0,0.0,1.944
2020-06-22 19:00:00-03:00,0.0,0.0,0.0,1.714
2020-06-22 20:00:00-03:00,0.0,0.0,0.0,1.633
2020-06-22 21:00:00-03:00,0.0,0.0,0.0,1.725
2020-06-22 22:00:00-03:00,0.0,0.0,0.0,1.811
2020-06-22 23:00:00-03:00,0.0,0.0,0.0,1.796
2020-06-23 00:00:00-03:00,0.0,0.0,0.0,1.691
2020-06-23 01:00:00-03:00,0.0,0.0,0.0,1.581
2020-06-23 02:00:00-03:00,0.0,0.0,0.0,1.564
2020-06-23 03:00:00-03:00,0.0,0.0,0.0,1.505
2020-06-23 04:00:00-03:00,0.0,0.0,0.0,1.439
2020-06-23 05:00:00-03:00,0.0,0.0,0.0,1.4060000000000001
2020-06-23 06:00:00-03:00,0.0,0.0,0.0,1.483
2020-06-23 07:00:00-03:00,0.0,0.0,0.0,1.597
2020-06-23 08:00:00-03:00,0.0,0.0,0.0,1.501
2020-06-23 09:00:00-03:00,0.0,0.0,0.0,1.379
2020-06-23 10:00:00-03:00,0.005,0.004,0.01,1.2429999999999999
2020-06-23 11:00:00-03:00,0.042,0.015,0.043000000000000003,1.319
2020-06-23 12:00:00-03:00,0.091,0.032,0.077,1.71
2020-06-23 13:00:00-03:00,0.203,0.114,0.111,2.16
2020-06-23 14:00:00-03:00,0.251,0.17,0.105,2.289
2020-06-23 15:00:00-03:00,0.219,0.161,0.079,1.9849999999999999
2020-06-23 16:00:00-03:00,0.159,0.135,0.043000000000000003,1.224
2020-06-23 17:00:00-03:00,0.006,0.012,0.004,-0.12
2020-06-23 18:00:00-03:00,0.0,0.0,0.0,-1.114
2020-06-23 19:00:00-03:00,0.0,0.0,0.0,-1.654
2020-06-23 20:00:00-03:00,0.0,0.0,0.0,-1.88
2020-06-23 21:00:00-03:00,0.0,0.0,0.0,-1.978
2020-06-23 22:00:00-03:00,0.0,0.0,0.0,-1.881
2020-06-23 23:00:00-03:00,0.0,0.0,0.0,-1.665
2020-06-24 00:00:00-03:00,0.0,0.0,0.0,-1.2690000000000001
2020-06-24 01:00:00-03:00,0.0,0.0,0.0,-1.182
2020-06-24 02:00:00-03:00,0.0,0.0,0.0,-1.264
2020-06-24 03:00:00-03:00,0.0,0.0,0.0,-1.387
2020-06-24 04:00:00-03:00,0.0,0.0,0.0,-1.513
2020-06-24 05:00:00-03:00,0.0,0.0,0.0,-1.691
2020-06-24 06:00:00-03:00,0.0,0.0,0.0,-1.732
2020-06-24 07:00:00-03:00,0.0,0.0,0.0,-1.7770000000000001
2020-06-24 08:00:00-03:00,0.0,0.0,0.0,-1.552
2020-06-24 09:00:00-03:00,0.0,0.0,0.0,-1.169
2020-06-24 10:00:00-03:00,0.018000000000000002,0.014,0.018000000000000002,-0.6900000000000001
2020-06-24 11:00:00-03:00,0.026000000000000002,0.006,0.034,-0.151
2020-06-24 12:00:00-03:00,0.04,0.006,0.05,0.217
2020-06-24 13:00:00-03:00,0.052000000000000005,0.007,0.062,0.503
2020-06-24 14:00:00-03:00,0.041,0.005,0.052000000000000005,0.64
2020-06-24 15:00:00-03:00,0.021,0.003,0.032,0.6910000000000001
2020-06-24 16:00:00-03:00,0.006,0.002,0.014,0.772
2020-06-24 17:00:00-03:00,0.0,0.0,0.001,0.9590000000000001
2020-06-24 18:00:00-03:00,0.0,0.0,0.0,0.934
2020-06-24 19:00:00-03:00,0.0,0.0,0.0,0.768
2020-06-24 20:00:00-03:00,0.0,0.0,0.0,0.663
2020-06-24 21:00:00-03:00,0.0,0.0,0.0,0.493
2020-06-24 22:00:00-03:00,0.0,0.0,0.0,0.40700000000000003
2020-06-24 23:00:00-03:00,0.0,0.0,0.0,0.212
2020-06-25 00:00:00-03:00,0.0,0.0,0.0,-0.098
2020-06-25 01:00:00-03:00,0.0,0.0,0.0,-0.515
2020-06-25 02:00:00-03:00,0.0,0.0,0.0,-1.073
2020-06-25 03:00:00-03:00,0.0,0.0,0.0,-1.492
2020-06-25 04:00:00-03:00,0.0,0.0,0.0,-1.924
2020-06-25 05:00:00-03:00,0.0,0.0,0.0,-2.198
2020-06-25 06:00:00-03:00,0.0,0.0,0.0,-2.282
2020-06-25 07:00:00-03:00,0.0,0.0,0.0,-2.322
2020-06-25 08:00:00-03:00,0.0,0.0,0.0,-2.404
2020-06-25 09:00:00-03:00,0.0,0.0,0.0,-2.624
2020-06-25 10:00:00-03:00,0.037,0.032,0.019,-2.548
2020-06-25 11:00:00-03:00,0.128,0.084,0.061,-1.8439999999999999
2020-06-25 12:00:00-03:00,0.224,0.149,0.093,-1.143
2020-06-25 13:00:00-03:00,0.295,0.215,0.10300000000000001,-0.126
2020-06-25 14:00:00-03:00,0.465,0.422,0.082,0.604
2020-06-25 15:00:00-03:00,0.291,0.241,0.074,0.786
2020-06-25 16:00:00-03:00,0.136,0.112,0.041,-0.28700000000000003
2020-06-25 17:00:00-03:00,0.004,0.008,0.004,-1.9380000000000002
2020-06-25 18:00:00-03:00,0.0,0.0,0.0,-2.306
2020-06-25 19:00:00-03:00,0.0,0.0,0.0,-2.488
2020-06-25 20:00:00-03:00,0.0,0.0,0.0,-2.4859999999999998
2020-06-25 21:00:00-03:00,0.0,0.0,0.0,-2.594
2020-06-25 22:00:00-03:00,0.0,0.0,0.0,-2.801
2020-06-25 23:00:00-03:00,0.0,0.0,0.0,-3.016
2020-06-26 00:00:00-03:00,0.0,0.0,0.0,-2.984
2020-06-26 01:00:00-03:00,0.0,0.0,0.0,-2.9699999999999998
2020-06-26 02:00:00-03:00,0.0,0.0,0.0,-2.95
2020-06-26 03:00:00-03:00,0.0,0.0,0.0,-2.952
2020-06-26 04:00:00-03:00,0.0,0.0,0.0,-3.021
2020-06-26 05:00:00-03:00,0.0,0.0,0.0,-3.33
2020-06-26 06:00:00-03:00,0.0,0.0,0.0,-3.564
2020-06-26 07:00:00-03:00,0.0,0.0,0.0,-3.723
2020-06-26 08:00:00-03:00,0.0,0.0,0.0,-3.793
2020-06-26 09:00:00-03:00,0.0,0.0,0.0,-3.842
2020-06-26 10:00:00-03:00,0.054,0.049,0.02,-3.657
2020-06-26 11:00:00-03:00,0.218,0.17400000000000002,0.061,-2.705
2020-06-26 12:00:00-03:00,0.425,0.381,0.074,-1.524
2020-06-26 13:00:00-03:00,0.583,0.578,0.061,-0.373
2020-06-26 14:00:00-03:00,0.577,0.5760000000000001,0.057,0.254
2020-06-26 15:00:00-03:00,0.503,0.494,0.052000000000000005,0.242
2020-06-26 16:00:00-03:00,0.315,0.30000000000000004,0.037,-1.172
2020-06-26 17:00:00-03:00,0.02,0.028,0.004,-3.351
2020-06-26 18:00:00-03:00,0.0,0.0,0.0,-4.323
2020-06-26 19:00:00-03:00,0.0,0.0,0.0,-4.88
2020-06-26 20:00:00-03:00,0.0,0.0,0.0,-5.29
2020-06-26 21:00:00-03:00,0.0,0.0,0.0,-5.602
2020-06-26 22:00:00-03:00,0.0,0.0,0.0,-5.848
2020-06-26 23:00:00-03:00,0.0,0.0,0.0,-5.65
2020-06-27 00:00:00-03:00,0.0,0.0,0.0,-4.646
2020-06-27 01:00:00-03:00,0.0,0.0,0.0,-3.898
2020-06-27 02:00:00-03:00,0.0,0.0,0.0,-3.455
2020-06-27 03:00:00-03:00,0.0,0.0,0.0,-2.902
2020-06-27 04:00:00-03:00,0.0,0.0,0.0,-2.307
2020-06-27 05:00:00-03:00,0.0,0.0,0.0,-2.009
2020-06-27 06:00:00-03:00,0.0,0.0,0.0,-1.916
2020-06-27 07:00:00-03:00,0.0,0.0,0.0,-2.312
2020-06-27 08:00:00-03:00,0.0,0.0,0.0,-2.849
2020-06-27 09:00:00-03:00,0.0,0.0,0.0,-3.118
2020-06-27 10:00:00-03:00,0.09,0.084,0.023,-2.602
2020-06-27 11:00:00-03:00,0.231,0.19,0.06,-1.206
2020-06-27 12:00:00-03:00,0.502,0.48,0.065,-0.041
2020-06-27 13:00:00-03:00,0.583,0.584,0.059000000000000004,0.884
2020-06-27 14:00:00-03:00,0.5660000000000001,0.5670000000000001,0.058,1.572
2020-06-27 15:00:00-03:00,0.484,0.47400000000000003,0.054,1.479
2020-06-27 16:00:00-03:00,0.301,0.28700000000000003,0.037,-0.264
2020-06-27 17:00:00-03:00,0.019,0.027,0.004,-2.399
2020-06-27 18:00:00-03:00,0.0,0.0,0.0,-3.246
2020-06-27 19:00:00-03:00,0.0,0.0,0.0,-3.765
2020-06-27 20:00:00-03:00,0.0,0.0,0.0,-3.6870000000000003
2020-06-27 21:00:00-03:00,0.0,0.0,0.0,-3.25
2020-06-27 22:00:00-03:00,0.0,0.0,0.0,-3.1
2020-06-27 23:00:00-03:00,0.0,0.0,0.0,-3.566
2020-06-28 00:00:00-03:00,0.0,0.0,0.0,-4.079
2020-06-28 01:00:00-03:00,0.0,0.0,0.0,-4.526
2020-06-28 02:00:00-03:00,0.0,0.0,0.0,-4.921
2020-06-28 03:00:00-03:00,0.0,0.0,0.0,-5.304
2020-06-28 04:00:00-03:00,0.0,0.0,0.0,-5.547
2020-06-28 05:00:00-03:00,0.0,0.0,0.0,-5.745
2020-06-28 06:00:00-03:00,0.0,0.0,0.0,-5.923
2020-06-28 07:00:00-03:00,0.0,0.0,0.0,-6.146
2020-06-28 08:00:00-03:00,0.0,0.0,0.0,-6.455
2020-06-28 09:00:00-03:00,0.0,0.0,0.0,-6.891
2020-06-28 10:00:00-03:00,0.082,0.074,0.022,-7.109
2020-06-28 11:00:00-03:00,0.278,0.232,0.059000000000000004,-6.502
2020-06-28 12:00:00-03:00,0.54,0.512,0.061,-5.471
2020-06-28 13:00:00-03:00,0.63,0.628,0.054,-4.337
2020-06-28 14:00:00-03:00,0.612,0.611,0.053,-3.461
2020-06-28 15:00:00-03:00,0.537,0.527,0.049,-3.185
2020-06-28 16:00:00-03:00,0.34700000000000003,0.331,0.036000000000000004,-3.92
2020-06-28 17:00:00-03:00,0.025,0.034,0.005,-5.862
2020-06-28 18:00:00-03:00,0.0,0.0,0.0,-7.008
2020-06-28 19:00:00-03:00,0.0,0.0,0.0,-7.76
2020-06-28 20:00:00-03:00,0.0,0.0,0.0,-8.456
2020-06-28 21:00:00-03:00,0.0,0.0,0.0,-9.102
2020-06-28 22:00:00-03:00,0.0,0.0,0.0,-9.676
2020-06-28 23:00:00-03:00,0.0,0.0,0.0,-10.162
2020-06-29 00:00:00-03:00,0.0,0.0,0.0,-10.572
2020-06-29 01:00:00-03:00,0.0,0.0,0.0,-10.91
2020-06-29 02:00:00-03:00,0.0,0.0,0.0,-11.259
2020-06-29 03:00:00-03:00,0.0,0.0,0.0,-11.284
2020-06-29 04:00:00-03:00,0.0,0.0,0.0,-11.039
2020-06-29 05:00:00-03:00,0.0,0.0,0.0,-10.816
2020-06-29 06:00:00-03:00,0.0,0.0,0.0,-10.621
2020-06-29 07:00:00-03:00,0.0,0.0,0.0,-10.584
2020-06-29 08:00:00-03:00,0.0,0.0,0.0,-10.609
2020-06-29 09:00:00-03:00,0.0,0.001,0.0,-10.68
2020-06-29 10:00:00-03:00,0.17400000000000002,0.161,0.023,-10.442
2020-06-29 11:00:00-03:00,0.47000000000000003,0.439,0.048,-9.209
2020-06-29 12:00:00-03:00,0.633,0.627,0.048,-7.589
2020-06-29 13:00:00-03:00,0.66,0.664,0.047,-6.133
2020-06-29 14:00:00-03:00,0.648,0.657,0.046,-4.73
2020-06-29 15:00:00-03:00,0.577,0.5760000000000001,0.044,-4.327
2020-06-29 16:00:00-03:00,0.39,0.376,0.033,-5.089
2020-06-29 17:00:00-03:00,0.035,0.044,0.005,-7.138
2020-06-29 18:00:00-03:00,0.0,0.0,0.0,-8.175
2020-06-29 19:00:00-03:00,0.0,0.0,0.0,-8.589
2020-06-29 20:00:00-03:00,0.0,0.0,0.0,-8.808
2020-06-29 21:00:00-03:00,0.0,0.0,0.0,-8.967
2020-06-29 22:00:00-03:00,0.0,0.0,0.0,-9.016
2020-06-29 23:00:00-03:00,0.0,0.0,0.0,-8.733
2020-06-30 00:00:00-03:00,0.0,0.0,0.0,-8.403
2020-06-30 01:00:00-03:00,0.0,0.0,0.0,-8.173
2020-06-30 02:00:00-03:00,0.0,0.0,0.0,-8.167
2020-06-30 03:00:00-03:00,0.0,0.0,0.0,-8.329
2020-06-30 04:00:00-03:00,0.0,0.0,0.0,-8.38
2020-06-30 05:00:00-03:00,0.0,0.0,0.0,-8.398
2020-06-30 06:00:00-03:00,0.0,0.0,0.0,-8.19
2020-06-30 07:00:00-03:00,0.0,0.0,0.0,-8.088
2020-06-30 08:00:00-03:00,0.0,0.0,0.0,-8.049
2020-06-30 09:00:00-03:00,0.0,0.001,0.0,-8.038
2020-06-30 10:00:00-03:00,0.151,0.14,0.024,-7.529
2020-06-30 11:00:00-03:00,0.396,0.361,0.053,-5.835
2020-06-30 12:00:00-03:00,0.604,0.599,0.052000000000000005,-4.422
2020-06-30 13:00:00-03:00,0.629,0.634,0.052000000000000005,-2.7640000000000002
2020-06-30 14:00:00-03:00,0.611,0.617,0.051000000000000004,-1.808
2020-06-30 15:00:00-03:00,0.536,0.531,0.048,-1.514
2020-06-30 16:00:00-03:00,0.352,0.339,0.035,-2.312
2020-06-30 17:00:00-03:00,0.03,0.039,0.005,-4.6129999999999995
2020-06-30 18:00:00-03:00,0.0,0.0,0.0,-5.589
2020-06-30 19:00:00-03:00,0.0,0.0,0.0,-5.5280000000000005
2020-06-30 20:00:00-03:00,0.0,0.0,0.0,-5.239
2020-06-30 21:00:00-03:00,0.0,0.0,0.0,-5.249
2020-06-30 22:00:00-03:00,0.0,0.0,0.0,-5.438
2020-06-30 23:00:00-03:00,0.0,0.0,0.0,-5.694
2020-07-01 00:00:00-03:00,0.0,0.0,0.0,-5.937
2020-07-01 01:00:00-03:00,0.0,0.0,0.0,-6.021
2020-07-01 02:00:00-03:00,0.0,0.0,0.0,-6.006
2020-07-01 03:00:00-03:00,0.0,0.0,0.0,-5.971
2020-07-01 04:00:00-03:00,0.0,0.0,0.0,-5.945
2020-07-01 05:00:00-03:00,0.0,0.0,0.0,-5.929
2020-07-01 06:00:00-03:00,0.0,0.0,0.0,-5.851
2020-07-01 07:00:00-03:00,0.0,0.0,0.0,-5.708
2020-07-01 08:00:00-03:00,0.0,0.0,0.0,-5.545
2020-07-01 09:00:00-03:00,0.0,0.0,0.0,-5.34
2020-07-01 10:00:00-03:00,0.057,0.05,0.022,-4.788
2020-07-01 11:00:00-03:00,0.17200000000000001,0.124,0.064,-3.69
2020-07-01 12:00:00-03:00,0.277,0.20400000000000001,0.092,-2.711
2020-07-01 13:00:00-03:00,0.334,0.255,0.101,-1.88
2020-07-01 14:00:00-03:00,0.373,0.308,0.091,-1.091
2020-07-01 15:00:00-03:00,0.375,0.333,0.069,-0.64
2020-07-01 16:00:00-03:00,0.266,0.245,0.041,-1.221
2020-07-01 17:00:00-03:00,0.02,0.027,0.005,-2.974
2020-07-01 18:00:00-03:00,0.0,0.0,0.0,-3.6
2020-07-01 19:00:00-03:00,0.0,0.0,0.0,-3.615
2020-07-01 20:00:00-03:00,0.0,0.0,0.0,-3.621
2020-07-01 21:00:00-03:00,0.0,0.0,0.0,-3.758
2020-07-01 22:00:00-03:00,0.0,0.0,0.0,-3.92
2020-07-01 23:00:00-03:00,0.0,0.0,0.0,-4.032
2020-07-02 00:00:00-03:00,0.0,0.0,0.0,-3.98
2020-07-02 01:00:00-03:00,0.0,0.0,0.0,-3.98
2020-07-02 02:00:00-03:00,0.0,0.0,0.0,-3.988
2020-07-02 03:00:00-03:00,0.0,0.0,0.0,-4.001
2020-07-02 04:00:00-03:00,0.0,0.0,0.0,-4.035
2020-07-02 05:00:00-03:00,0.0,0.0,0.0,-4.129
2020-07-02 06:00:00-03:00,0.0,0.0,0.0,-4.246
2020-07-02 07:00:00-03:00,0.0,0.0,0.0,-4.362
2020-07-02 08:00:00-03:00,0.0,0.0,0.0,-4.455
2020-07-02 09:00:00-03:00,0.0,0.0,0.0,-4.508
2020-07-02 10:00:00-03:00,0.022,0.017,0.019,-4.234
2020-07-02 11:00:00-03:00,0.065,0.027,0.054,-3.508
2020-07-02 12:00:00-03:00,0.101,0.034,0.083,-2.836
2020-07-02 13:00:00-03:00,0.113,0.033,0.097,-2.175
2020-07-02 14:00:00-03:00,0.099,0.028,0.088,-1.682
2020-07-02 15:00:00-03:00,0.061,0.018000000000000002,0.06,-1.439
2020-07-02 16:00:00-03:00,0.026000000000000002,0.011,0.029,-1.568
2020-07-02 17:00:00-03:00,0.0,0.003,0.003,-2.209
2020-07-02 18:00:00-03:00,0.0,0.0,0.0,-2.613
2020-07-02 19:00:00-03:00,0.0,0.0,0.0,-2.632
2020-07-02 20:00:00-03:00,0.0,0.0,0.0,-2.516
2020-07-02 21:00:00-03:00,0.0,0.0,0.0,-2.467
2020-07-02 22:00:00-03:00,0.0,0.0,0.0,-2.694
2020-07-02 23:00:00-03:00,0.0,0.0,0.0,-2.984
2020-07-03 00:00:00-03:00,0.0,0.0,0.0,-3.054
2020-07-03 01:00:00-03:00,0.0,0.0,0.0,-3.033
2020-07-03 02:00:00-03:00,0.0,0.0,0.0,-3.007
2020-07-03 03:00:00-03:00,0.0,0.0,0.0,-2.942
2020-07-03 04:00:00-03:00,0.0,0.0,0.0,-2.73
2020-07-03 05:00:00-03:00,0.0,0.0,0.0,-2.49
2020-07-03 06:00:00-03:00,0.0,0.0,0.0,-2.206
2020-07-03 07:00:00-03:00,0.0,0.0,0.0,-2.008
2020-07-03 08:00:00-03:00,0.0,0.0,0.0,-1.8479999999999999
2020-07-03 09:00:00-03:00,0.0,0.0,0.0,-1.685
2020-07-03 10:00:00-03:00,0.005,0.003,0.01,-1.3860000000000001
2020-07-03 11:00:00-03:00,0.029,0.007,0.037,-0.77
2020-07-03 12:00:00-03:00,0.062,0.012,0.067,-0.08600000000000001
2020-07-03 13:00:00-03:00,0.074,0.013000000000000001,0.079,0.35100000000000003
2020-07-03 14:00:00-03:00,0.068,0.012,0.073,0.602
2020-07-03 15:00:00-03:00,0.048,0.01,0.053,0.63
2020-07-03 16:00:00-03:00,0.018000000000000002,0.006,0.025,0.37
2020-07-03 17:00:00-03:00,0.0,0.001,0.002,-0.161
2020-07-03 18:00:00-03:00,0.0,0.0,0.0,-0.106
2020-07-03 19:00:00-03:00,0.0,0.0,0.0,0.011
2020-07-03 20:00:00-03:00,0.0,0.0,0.0,-0.006
2020-07-03 21:00:00-03:00,0.0,0.0,0.0,-0.041
2020-07-03 22:00:00-03:00,0.0,0.0,0.0,-0.157
2020-07-03 23:00:00-03:00,0.0,0.0,0.0,-0.378
2020-07-04 00:00:00-03:00,0.0,0.0,0.0,-0.586
2020-07-04 01:00:00-03:00,0.0,0.0,0.0,-0.786
2020-07-04 02:00:00-03:00,0.0,0.0,0.0,-1.004
2020-07-04 03:00:00-03:00,0.0,0.0,0.0,-1.2650000000000001
2020-07-04 04:00:00-03:00,0.0,0.0,0.0,-1.532
2020-07-04 05:00:00-03:00,0.0,0.0,0.0,-1.742
2020-07-04 06:00:00-03:00,0.0,0.0,0.0,-1.895
2020-07-04 07:00:00-03:00,0.0,0.0,0.0,-2.018
2020-07-04 08:00:00-03:00,0.0,0.0,0.0,-2.149
2020-07-04 09:00:00-03:00,0.0,0.0,0.0,-2.304
2020-07-04 10:00:00-03:00,0.021,0.015,0.018000000000000002,-2.081
2020-07-04 11:00:00-03:00,0.076,0.036000000000000004,0.057,-1.21
2020-07-04 12:00:00-03:00,0.139,0.063,0.094,-0.527
2020-07-04 13:00:00-03:00,0.165,0.073,0.111,0.158
2020-07-04 14:00:00-03:00,0.14300000000000002,0.06,0.10200000000000001,0.49
2020-07-04 15:00:00-03:00,0.1,0.044,0.074,0.423
2020-07-04 16:00:00-03:00,0.043000000000000003,0.023,0.036000000000000004,0.048
2020-07-04 17:00:00-03:00,0.001,0.004,0.004,-0.9430000000000001
2020-07-04 18:00:00-03:00,0.0,0.0,0.0,-1.687
2020-07-04 19:00:00-03:00,0.0,0.0,0.0,-2.083
2020-07-04 20:00:00-03:00,0.0,0.0,0.0,-2.317
2020-07-04 21:00:00-03:00,0.0,0.0,0.0,-2.521
2020-07-04 22:00:00-03:00,0.0,0.0,0.0,-2.9050000000000002
2020-07-04 23:00:00-03:00,0.0,0.0,0.0,-3.404
2020-07-05 00:00:00-03:00,0.0,0.0,0.0,-3.919
2020-07-05 01:00:00-03:00,0.0,0.0,0.0,-4.569
2020-07-05 02:00:00-03:00,0.0,0.0,0.0,-5.214
2020-07-05 03:00:00-03:00,0.0,0.0,0.0,-5.86
2020-07-05 04:00:00-03:00,0.0,0.0,0.0,-6.352
2020-07-05 05:00:00-03:00,0.0,0.0,0.0,-6.689
2020-07-05 06:00:00-03:00,0.0,0.0,0.0,-6.877
2020-07-05 07:00:00-03:00,0.0,0.0,0.0,-7.045
2020-07-05 08:00:00-03:00,0.0,0.0,0.0,-7.235
2020-07-05 09:00:00-03:00,0.0,0.001,0.0,-7.425
2020-07-05 10:00:00-03:00,0.113,0.10200000000000001,0.026000000000000002,-7.198
2020-07-05 11:00:00-03:00,0.302,0.256,0.061,-5.777
2020-07-05 12:00:00-03:00,0.515,0.482,0.066,-4.339
2020-07-05 13:00:00-03:00,0.635,0.638,0.054,-3.279
2020-07-05 14:00:00-03:00,0.616,0.62,0.053,-2.1310000000000002
2020-07-05 15:00:00-03:00,0.537,0.53,0.051000000000000004,-1.791
2020-07-05 16:00:00-03:00,0.35000000000000003,0.333,0.038,-3.048
2020-07-05 17:00:00-03:00,0.037,0.045,0.006,-5.455
2020-07-05 18:00:00-03:00,0.0,0.0,0.0,-6.796
2020-07-05 19:00:00-03:00,0.0,0.0,0.0,-7.508
2020-07-05 20:00:00-03:00,0.0,0.0,0.0,-8.11
2020-07-05 21:00:00-03:00,0.0,0.0,0.0,-8.506
2020-07-05 22:00:00-03:00,0.0,0.0,0.0,-8.724
2020-07-05 23:00:00-03:00,0.0,0.0,0.0,-8.612
2020-07-06 00:00:00-03:00,0.0,0.0,0.0,-8.516
2020-07-06 01:00:00-03:00,0.0,0.0,0.0,-8.59
2020-07-06 02:00:00-03:00,0.0,0.0,0.0,-8.716
2020-07-06 03:00:00-03:00,0.0,0.0,0.0,-8.824
2020-07-06 04:00:00-03:00,0.0,0.0,0.0,-8.918
2020-07-06 05:00:00-03:00,0.0,0.0,0.0,-8.987
2020-07-06 06:00:00-03:00,0.0,0.0,0.0,-9.037
2020-07-06 07:00:00-03:00,0.0,0.0,0.0,-9.165
2020-07-06 08:00:00-03:00,0.0,0.0,0.0,-9.355
2020-07-06 09:00:00-03:00,0.0,0.001,0.0,-9.519
2020-07-06 10:00:00-03:00,0.105,0.092,0.026000000000000002,-9.169
2020-07-06 11:00:00-03:00,0.277,0.225,0.064,-7.655
2020-07-06 12:00:00-03:00,0.442,0.385,0.078,-6.467
2020-07-06 13:00:00-03:00,0.552,0.516,0.07200000000000001,-5.079
2020-07-06 14:00:00-03:00,0.5710000000000001,0.549,0.064,-3.974
2020-07-06 15:00:00-03:00,0.456,0.421,0.062,-3.941
2020-07-06 16:00:00-03:00,0.251,0.223,0.043000000000000003,-4.665
2020-07-06 17:00:00-03:00,0.018000000000000002,0.025,0.006,-6.13
2020-07-06 18:00:00-03:00,0.0,0.0,0.0,-6.75
2020-07-06 19:00:00-03:00,0.0,0.0,0.0,-6.833
2020-07-06 20:00:00-03:00,0.0,0.0,0.0,-7.167
2020-07-06 21:00:00-03:00,0.0,0.0,0.0,-7.6530000000000005
2020-07-06 22:00:00-03:00,0.0,0.0,0.0,-8.119
2020-07-06 23:00:00-03:00,0.0,0.0,0.0,-8.558
2020-07-07 00:00:00-03:00,0.0,0.0,0.0,-8.933
2020-07-07 01:00:00-03:00,0.0,0.0,0.0,-9.143
2020-07-07 02:00:00-03:00,0.0,0.0,0.0,-9.243
2020-07-07 03:00:00-03:00,0.0,0.0,0.0,-9.353
2020-07-07 04:00:00-03:00,0.0,0.0,0.0,-9.481
2020-07-07 05:00:00-03:00,0.0,0.0,0.0,-9.506
2020-07-07 06:00:00-03:00,0.0,0.0,0.0,-9.202
2020-07-07 07:00:00-03:00,0.0,0.0,0.0,-8.819
2020-07-07 08:00:00-03:00,0.0,0.0,0.0,-8.233
2020-07-07 09:00:00-03:00,0.0,0.001,0.0,-7.849
2020-07-07 10:00:00-03:00,0.048,0.038,0.024,-7.611
2020-07-07 11:00:00-03:00,0.145,0.091,0.068,-7.062
2020-07-07 12:00:00-03:00,0.25,0.162,0.101,-6.482
2020-07-07 13:00:00-03:00,0.28500000000000003,0.183,0.116,-5.611
2020-07-07 14:00:00-03:00,0.211,0.116,0.11,-4.872
2020-07-07 15:00:00-03:00,0.094,0.038,0.07100000000000001,-4.396
2020-07-07 16:00:00-03:00,0.032,0.014,0.031,-4.242
2020-07-07 17:00:00-03:00,0.001,0.004,0.004,-4.261
2020-07-07 18:00:00-03:00,0.0,0.0,0.0,-4.38
2020-07-07 19:00:00-03:00,0.0,0.0,0.0,-4.448
2020-07-07 20:00:00-03:00,0.0,0.0,0.0,-4.124
2020-07-07 21:00:00-03:00,0.0,0.0,0.0,-3.767
2020-07-07 22:00:00-03:00,0.0,0.0,0.0,-3.444
2020-07-07 23:00:00-03:00,0.0,0.0,0.0,-3.207
2020-07-08 00:00:00-03:00,0.0,0.0,0.0,-3.022
2020-07-08 01:00:00-03:00,0.0,0.0,0.0,-2.9210000000000003
2020-07-08 02:00:00-03:00,0.0,0.0,0.0,-2.871
2020-07-08 03:00:00-03:00,0.0,0.0,0.0,-3.059
2020-07-08 04:00:00-03:00,0.0,0.0,0.0,-3.425
2020-07-08 05:00:00-03:00,0.0,0.0,0.0,-3.977
2020-07-08 06:00:00-03:00,0.0,0.0,0.0,-5.493
2020-07-08 07:00:00-03:00,0.0,0.0,0.0,-6.316
2020-07-08 08:00:00-03:00,0.0,0.0,0.0,-6.258
2020-07-08 09:00:00-03:00,0.0,0.001,0.0,-6.886
2020-07-08 10:00:00-03:00,0.131,0.116,0.029,-7.198
2020-07-08 11:00:00-03:00,0.329,0.281,0.063,-5.804
2020-07-08 12:00:00-03:00,0.547,0.516,0.068,-4.338
2020-07-08 13:00:00-03:00,0.515,0.47200000000000003,0.08,-2.742
2020-07-08 14:00:00-03:00,0.34800000000000003,0.275,0.097,-1.3820000000000001
2020-07-08 15:00:00-03:00,0.221,0.16,0.081,-0.836
2020-07-08 16:00:00-03:00,0.131,0.10300000000000001,0.046,-1.218
2020-07-08 17:00:00-03:00,0.017,0.023,0.006,-2.896
2020-07-08 18:00:00-03:00,0.0,0.0,0.0,-3.822
2020-07-08 19:00:00-03:00,0.0,0.0,0.0,-3.936
2020-07-08 20:00:00-03:00,0.0,0.0,0.0,-3.5380000000000003
2020-07-08 21:00:00-03:00,0.0,0.0,0.0,-2.826
2020-07-08 22:00:00-03:00,0.0,0.0,0.0,-2.988
2020-07-08 23:00:00-03:00,0.0,0.0,0.0,-3.819
2020-07-09 00:00:00-03:00,0.0,0.0,0.0,-4.493
2020-07-09 01:00:00-03:00,0.0,0.0,0.0,-4.858
2020-07-09 02:00:00-03:00,0.0,0.0,0.0,-4.992
2020-07-09 03:00:00-03:00,0.0,0.0,0.0,-4.787
2020-07-09 04:00:00-03:00,0.0,0.0,0.0,-4.146
2020-07-09 05:00:00-03:00,0.0,0.0,0.0,-2.784
2020-07-09 06:00:00-03:00,0.0,0.0,0.0,-1.621
2020-07-09 07:00:00-03:00,0.0,0.0,0.0,-0.971
2020-07-09 08:00:00-03:00,0.0,0.0,0.0,-0.629
2020-07-09 09:00:00-03:00,0.0,0.0,0.0,-0.624
2020-07-09 10:00:00-03:00,0.016,0.01,0.018000000000000002,-0.518
2020-07-09 11:00:00-03:00,0.045,0.014,0.047,-0.105
2020-07-09 12:00:00-03:00,0.077,0.02,0.074,0.32
2020-07-09 13:00:00-03:00,0.12,0.037,0.10200000000000001,0.582
2020-07-09 14:00:00-03:00,0.14300000000000002,0.057,0.105,0.676
2020-07-09 15:00:00-03:00,0.153,0.085,0.08700000000000001,0.544
2020-07-09 16:00:00-03:00,0.08600000000000001,0.057,0.047,-0.14300000000000002
2020-07-09 17:00:00-03:00,0.007,0.011,0.006,-1.446
2020-07-09 18:00:00-03:00,0.0,0.0,0.0,-2.329
2020-07-09 19:00:00-03:00,0.0,0.0,0.0,-2.7880000000000003
2020-07-09 20:00:00-03:00,0.0,0.0,0.0,-3.209
2020-07-09 21:00:00-03:00,0.0,0.0,0.0,-3.535
2020-07-09 22:00:00-03:00,0.0,0.0,0.0,-3.873
2020-07-09 23:00:00-03:00,0.0,0.0,0.0,-3.899
2020-07-10 00:00:00-03:00,0.0,0.0,0.0,-3.6550000000000002
2020-07-10 01:00:00-03:00,0.0,0.0,0.0,-3.097
2020-07-10 02:00:00-03:00,0.0,0.0,0.0,-2.863
2020-07-10 03:00:00-03:00,0.0,0.0,0.0,-3.258
2020-07-10 04:00:00-03:00,0.0,0.0,0.0,-3.787
2020-07-10 05:00:00-03:00,0.0,0.0,0.0,-4.182
2020-07-10 06:00:00-03:00,0.0,0.0,0.0,-4.415
2020-07-10 07:00:00-03:00,0.0,0.0,0.0,-4.668
2020-07-10 08:00:00-03:00,0.0,0.0,0.0,-5.055
2020-07-10 09:00:00-03:00,0.0,0.0,0.0,-5.422
2020-07-10 10:00:00-03:00,0.028,0.019,0.023,-4.943
2020-07-10 11:00:00-03:00,0.065,0.025,0.056,-3.917
2020-07-10 12:00:00-03:00,0.105,0.033,0.088,-3.188
2020-07-10 13:00:00-03:00,0.106,0.026000000000000002,0.096,-2.887
2020-07-10 14:00:00-03:00,0.063,0.011,0.068,-2.759
2020-07-10 15:00:00-03:00,0.053,0.013000000000000001,0.056,-2.295
2020-07-10 16:00:00-03:00,0.07200000000000001,0.042,0.046,-2.136
2020-07-10 17:00:00-03:00,0.008,0.011,0.007,-3.041
2020-07-10 18:00:00-03:00,0.0,0.0,0.0,-3.065
2020-07-10 19:00:00-03:00,0.0,0.0,0.0,-2.797
2020-07-10 20:00:00-03:00,0.0,0.0,0.0,-2.838
2020-07-10 21:00:00-03:00,0.0,0.0,0.0,-2.983
2020-07-10 22:00:00-03:00,0.0,0.0,0.0,-3.215
2020-07-10 23:00:00-03:00,0.0,0.0,0.0,-3.351
2020-07-11 00:00:00-03:00,0.0,0.0,0.0,-3.64
2020-07-11 01:00:00-03:00,0.0,0.0,0.0,-3.9370000000000003
2020-07-11 02:00:00-03:00,0.0,0.0,0.0,-4.124
2020-07-11 03:00:00-03:00,0.0,0.0,0.0,-4.157
2020-07-11 04:00:00-03:00,0.0,0.0,0.0,-3.934
2020-07-11 05:00:00-03:00,0.0,0.0,0.0,-3.531
2020-07-11 06:00:00-03:00,0.0,0.0,0.0,-2.801
2020-07-11 07:00:00-03:00,0.0,0.0,0.0,-2.618
2020-07-11 08:00:00-03:00,0.0,0.0,0.0,-2.406
2020-07-11 09:00:00-03:00,0.0,0.001,0.001,-2.25
2020-07-11 10:00:00-03:00,0.081,0.069,0.029,-1.546
2020-07-11 11:00:00-03:00,0.184,0.133,0.07,-0.547
2020-07-11 12:00:00-03:00,0.25,0.17400000000000002,0.098,0.16
2020-07-11 13:00:00-03:00,0.375,0.30000000000000004,0.10400000000000001,0.637
2020-07-11 14:00:00-03:00,0.435,0.382,0.089,0.914
2020-07-11 15:00:00-03:00,0.418,0.382,0.07,0.909
2020-07-11 16:00:00-03:00,0.275,0.25,0.047,0.389
2020-07-11 17:00:00-03:00,0.024,0.031,0.007,-0.6970000000000001
2020-07-11 18:00:00-03:00,0.0,0.0,0.0,-1.049
2020-07-11 19:00:00-03:00,0.0,0.0,0.0,-1.201
2020-07-11 20:00:00-03:00,0.0,0.0,0.0,-1.276
2020-07-11 21:00:00-03:00,0.0,0.0,0.0,-0.969
2020-07-11 22:00:00-03:00,0.0,0.0,0.0,-1.076
2020-07-11 23:00:00-03:00,0.0,0.0,0.0,-1.166
2020-07-12 00:00:00-03:00,0.0,0.0,0.0,-1.37
2020-07-12 01:00:00-03:00,0.0,0.0,0.0,-1.72
2020-07-12 02:00:00-03:00,0.0,0.0,0.0,-1.853
2020-07-12 03:00:00-03:00,0.0,0.0,0.0,-1.713
2020-07-12 04:00:00-03:00,0.0,0.0,0.0,-1.697
2020-07-12 05:00:00-03:00,0.0,0.0,0.0,-1.641
2020-07-12 06:00:00-03:00,0.0,0.0,0.0,-1.67
2020-07-12 07:00:00-03:00,0.0,0.0,0.0,-1.641
2020-07-12 08:00:00-03:00,0.0,0.0,0.0,-1.787
2020-07-12 09:00:00-03:00,0.0,0.001,0.001,-1.716
2020-07-12 10:00:00-03:00,0.047,0.036000000000000004,0.026000000000000002,-1.391
2020-07-12 11:00:00-03:00,0.13,0.08,0.068,-0.685
2020-07-12 12:00:00-03:00,0.26,0.179,0.10200000000000001,0.23500000000000001
2020-07-12 13:00:00-03:00,0.36,0.278,0.11,0.883
2020-07-12 14:00:00-03:00,0.37,0.296,0.10300000000000001,1.131
2020-07-12 15:00:00-03:00,0.265,0.201,0.08600000000000001,1.072
2020-07-12 16:00:00-03:00,0.10300000000000001,0.074,0.048,0.857
2020-07-12 17:00:00-03:00,0.008,0.012,0.007,0.339
2020-07-12 18:00:00-03:00,0.0,0.0,0.0,0.09
2020-07-12 19:00:00-03:00,0.0,0.0,0.0,-0.008
2020-07-12 20:00:00-03:00,0.0,0.0,0.0,0.331
2020-07-12 21:00:00-03:00,0.0,0.0,0.0,0.492
2020-07-12 22:00:00-03:00,0.0,0.0,0.0,0.258
2020-07-12 23:00:00-03:00,0.0,0.0,0.0,-0.529
2020-07-13 00:00:00-03:00,0.0,0.0,0.0,-1.193
2020-07-13 01:00:00-03:00,0.0,0.0,0.0,-1.693
2020-07-13 02:00:00-03:00,0.0,0.0,0.0,-2.158
2020-07-13 03:00:00-03:00,0.0,0.0,0.0,-2.7
2020-07-13 04:00:00-03:00,0.0,0.0,0.0,-3.036
2020-07-13 05:00:00-03:00,0.0,0.0,0.0,-3.243
2020-07-13 06:00:00-03:00,0.0,0.0,0.0,-3.477
2020-07-13 07:00:00-03:00,0.0,0.0,0.0,-3.983
2020-07-13 08:00:00-03:00,0.0,0.0,0.0,-4.466
2020-07-13 09:00:00-03:00,0.0,0.002,0.001,-4.575
2020-07-13 10:00:00-03:00,0.06,0.045,0.03,-3.7119999999999997
2020-07-13 11:00:00-03:00,0.1,0.049,0.068,-2.208
2020-07-13 12:00:00-03:00,0.121,0.043000000000000003,0.095,-1.148
2020-07-13 13:00:00-03:00,0.101,0.024,0.095,-0.34
2020-07-13 14:00:00-03:00,0.075,0.015,0.078,0.248
2020-07-13 15:00:00-03:00,0.061,0.015,0.062,0.47800000000000004
2020-07-13 16:00:00-03:00,0.035,0.014,0.036000000000000004,0.432
2020-07-13 17:00:00-03:00,0.001,0.003,0.005,0.192
2020-07-13 18:00:00-03:00,0.0,0.0,0.0,0.105
2020-07-13 19:00:00-03:00,0.0,0.0,0.0,-0.052000000000000005
2020-07-13 20:00:00-03:00,0.0,0.0,0.0,-0.10400000000000001
2020-07-13 21:00:00-03:00,0.0,0.0,0.0,-0.164
2020-07-13 22:00:00-03:00,0.0,0.0,0.0,-0.274
2020-07-13 23:00:00-03:00,0.0,0.0,0.0,-0.47900000000000004
2020-07-14 00:00:00-03:00,0.0,0.0,0.0,-0.738
2020-07-14 01:00:00-03:00,0.0,0.0,0.0,-1.164
2020-07-14 02:00:00-03:00,0.0,0.0,0.0,-1.407
2020-07-14 03:00:00-03:00,0.0,0.0,0.0,-1.428
2020-07-14 04:00:00-03:00,0.0,0.0,0.0,-1.384
2020-07-14 05:00:00-03:00,0.0,0.0,0.0,-1.441
2020-07-14 06:00:00-03:00,0.0,0.0,0.0,-1.328
2020-07-14 07:00:00-03:00,0.0,0.0,0.0,-1.055
2020-07-14 08:00:00-03:00,0.0,0.0,0.0,-0.796
2020-07-14 09:00:00-03:00,0.0,0.001,0.001,-0.647
2020-07-14 10:00:00-03:00,0.045,0.033,0.028,-0.302
2020-07-14 11:00:00-03:00,0.138,0.082,0.075,0.442
2020-07-14 12:00:00-03:00,0.182,0.094,0.107,0.86
2020-07-14 13:00:00-03:00,0.16,0.063,0.117,0.981
2020-07-14 14:00:00-03:00,0.128,0.043000000000000003,0.10400000000000001,0.9580000000000001
2020-07-14 15:00:00-03:00,0.08,0.026000000000000002,0.073,0.806
2020-07-14 16:00:00-03:00,0.025,0.009000000000000001,0.031,0.5750000000000001
2020-07-14 17:00:00-03:00,0.001,0.002,0.004,0.244
2020-07-14 18:00:00-03:00,0.0,0.0,0.0,-0.164
2020-07-14 19:00:00-03:00,0.0,0.0,0.0,-0.612
2020-07-14 20:00:00-03:00,0.0,0.0,0.0,-0.935
2020-07-14 21:00:00-03:00,0.0,0.0,0.0,-1.2570000000000001
2020-07-14 22:00:00-03:00,0.0,0.0,0.0,-1.5270000000000001
2020-07-14 23:00:00-03:00,0.0,0.0,0.0,-1.6219999999999999
2020-07-15 00:00:00-03:00,0.0,0.0,0.0,-1.694
2020-07-15 01:00:00-03:00,0.0,0.0,0.0,-1.76
2020-07-15 02:00:00-03:00,0.0,0.0,0.0,-1.843
2020-07-15 03:00:00-03:00,0.0,0.0,0.0,-1.96
2020-07-15 04:00:00-03:00,0.0,0.0,0.0,-2.237
2020-07-15 05:00:00-03:00,0.0,0.0,0.0,-2.495
2020-07-15 06:00:00-03:00,0.0,0.0,0.0,-2.629
2020-07-15 07:00:00-03:00,0.0,0.0,0.0,-2.622
2020-07-15 08:00:00-03:00,0.0,0.0,0.0,-2.7279999999999998
2020-07-15 09:00:00-03:00,0.0,0.001,0.001,-2.894
2020-07-15 10:00:00-03:00,0.042,0.03,0.027,-2.661
2020-07-15 11:00:00-03:00,0.121,0.068,0.07,-1.69
2020-07-15 12:00:00-03:00,0.202,0.115,0.106,-0.867
2020-07-15 13:00:00-03:00,0.251,0.148,0.123,-0.323
2020-07-15 14:00:00-03:00,0.217,0.123,0.114,-0.096
2020-07-15 15:00:00-03:00,0.289,0.22,0.091,-0.221
2020-07-15 16:00:00-03:00,0.126,0.092,0.052000000000000005,-0.927
2020-07-15 17:00:00-03:00,0.02,0.024,0.009000000000000001,-2.341
2020-07-15 18:00:00-03:00,0.0,0.0,0.0,-3.191
2020-07-15 19:00:00-03:00,0.0,0.0,0.0,-3.535
2020-07-15 20:00:00-03:00,0.0,0.0,0.0,-3.501
2020-07-15 21:00:00-03:00,0.0,0.0,0.0,-3.4
2020-07-15 22:00:00-03:00,0.0,0.0,0.0,-3.476
2020-07-15 23:00:00-03:00,0.0,0.0,0.0,-3.648
2020-07-16 00:00:00-03:00,0.0,0.0,0.0,-3.777
2020-07-16 01:00:00-03:00,0.0,0.0,0.0,-4.052
2020-07-16 02:00:00-03:00,0.0,0.0,0.0,-4.378
2020-07-16 03:00:00-03:00,0.0,0.0,0.0,-4.755
2020-07-16 04:00:00-03:00,0.0,0.0,0.0,-5.298
2020-07-16 05:00:00-03:00,0.0,0.0,0.0,-5.809
2020-07-16 06:00:00-03:00,0.0,0.0,0.0,-6.198
2020-07-16 07:00:00-03:00,0.0,0.0,0.0,-6.54
2020-07-16 08:00:00-03:00,0.0,0.0,0.0,-6.857
2020-07-16 09:00:00-03:00,0.0,0.004,0.001,-6.996
2020-07-16 10:00:00-03:00,0.136,0.117,0.034,-6.8629999999999995
2020-07-16 11:00:00-03:00,0.305,0.25,0.07,-6.135
2020-07-16 12:00:00-03:00,0.467,0.41100000000000003,0.082,-4.829
2020-07-16 13:00:00-03:00,0.506,0.455,0.084,-3.915
2020-07-16 14:00:00-03:00,0.627,0.623,0.061,-2.942
2020-07-16 15:00:00-03:00,0.523,0.501,0.06,-2.907
2020-07-16 16:00:00-03:00,0.31,0.28,0.048,-3.81
2020-07-16 17:00:00-03:00,0.057,0.061,0.01,-5.689
2020-07-16 18:00:00-03:00,0.0,0.0,0.0,-6.991
2020-07-16 19:00:00-03:00,0.0,0.0,0.0,-7.587
2020-07-16 20:00:00-03:00,0.0,0.0,0.0,-7.896
2020-07-16 21:00:00-03:00,0.0,0.0,0.0,-8.051
2020-07-16 22:00:00-03:00,0.0,0.0,0.0,-8.255
2020-07-16 23:00:00-03:00,0.0,0.0,0.0,-8.519
2020-07-17 00:00:00-03:00,0.0,0.0,0.0,-8.622
2020-07-17 01:00:00-03:00,0.0,0.0,0.0,-8.519
2020-07-17 02:00:00-03:00,0.0,0.0,0.0,-8.238
2020-07-17 03:00:00-03:00,0.0,0.0,0.0,-7.74
2020-07-17 04:00:00-03:00,0.0,0.0,0.0,-7.284
2020-07-17 05:00:00-03:00,0.0,0.0,0.0,-6.674
2020-07-17 06:00:00-03:00,0.0,0.0,0.0,-6.174
2020-07-17 07:00:00-03:00,0.0,0.0,0.0,-5.831
2020-07-17 08:00:00-03:00,0.0,0.0,0.0,-5.559
2020-07-17 09:00:00-03:00,0.0,0.001,0.001,-5.122
2020-07-17 10:00:00-03:00,0.017,0.008,0.021,-3.915
2020-07-17 11:00:00-03:00,0.032,0.006,0.041,-2.731
2020-07-17 12:00:00-03:00,0.042,0.005,0.053,-1.8780000000000001
2020-07-17 13:00:00-03:00,0.049,0.004,0.06,-1.312
2020-07-17 14:00:00-03:00,0.037,0.003,0.049,-0.967
2020-07-17 15:00:00-03:00,0.025,0.003,0.036000000000000004,-0.785
2020-07-17 16:00:00-03:00,0.011,0.002,0.02,-0.745
2020-07-17 17:00:00-03:00,0.0,0.001,0.003,-0.851
2020-07-17 18:00:00-03:00,0.0,0.0,0.0,-0.919
2020-07-17 19:00:00-03:00,0.0,0.0,0.0,-0.922
2020-07-17 20:00:00-03:00,0.0,0.0,0.0,-0.913
2020-07-17 21:00:00-03:00,0.0,0.0,0.0,-0.914
2020-07-17 22:00:00-03:00,0.0,0.0,0.0,-0.901
2020-07-17 23:00:00-03:00,0.0,0.0,0.0,-0.86
2020-07-18 00:00:00-03:00,0.0,0.0,0.0,-0.8190000000000001
2020-07-18 01:00:00-03:00,0.0,0.0,0.0,-0.769
2020-07-18 02:00:00-03:00,0.0,0.0,0.0,-0.712
2020-07-18 03:00:00-03:00,0.0,0.0,0.0,-0.668
2020-07-18 04:00:00-03:00,0.0,0.0,0.0,-0.647
2020-07-18 05:00:00-03:00,0.0,0.0,0.0,-0.634
2020-07-18 06:00:00-03:00,0.0,0.0,0.0,-0.628
2020-07-18 07:00:00-03:00,0.0,0.0,0.0,-0.66
2020-07-18 08:00:00-03:00,0.0,0.0,0.0,-0.73
2020-07-18 09:00:00-03:00,0.0,0.001,0.001,-0.848
2020-07-18 10:00:00-03:00,0.028,0.016,0.026000000000000002,-0.719
2020-07-18 11:00:00-03:00,0.076,0.03,0.064,-0.311
2020-07-18 12:00:00-03:00,0.126,0.045,0.099,0.074
2020-07-18 13:00:00-03:00,0.16,0.058,0.12,0.324
2020-07-18 14:00:00-03:00,0.155,0.059000000000000004,0.115,0.387
2020-07-18 15:00:00-03:00,0.11,0.043000000000000003,0.085,0.363
2020-07-18 16:00:00-03:00,0.059000000000000004,0.029,0.047,0.14300000000000002
2020-07-18 17:00:00-03:00,0.01,0.012,0.009000000000000001,-0.674
2020-07-18 18:00:00-03:00,0.0,0.0,0.0,-1.512
2020-07-18 19:00:00-03:00,0.0,0.0,0.0,-2.091
2020-07-18 20:00:00-03:00,0.0,0.0,0.0,-2.463
2020-07-18 21:00:00-03:00,0.0,0.0,0.0,-2.48
2020-07-18 22:00:00-03:00,0.0,0.0,0.0,-2.347
2020-07-18 23:00:00-03:00,0.0,0.0,0.0,-2.219
2020-07-19 00:00:00-03:00,0.0,0.0,0.0,-2.079
2020-07-19 01:00:00-03:00,0.0,0.0,0.0,-2.036
2020-07-19 02:00:00-03:00,0.0,0.0,0.0,-2.026
2020-07-19 03:00:00-03:00,0.0,0.0,0.0,-2.065
2020-07-19 04:00:00-03:00,0.0,0.0,0.0,-2.156
2020-07-19 05:00:00-03:00,0.0,0.0,0.0,-2.206
2020-07-19 06:00:00-03:00,0.0,0.0,0.0,-2.193
2020-07-19 07:00:00-03:00,0.0,0.0,0.0,-2.192
2020-07-19 08:00:00-03:00,0.0,0.0,0.0,-2.235
2020-07-19 09:00:00-03:00,0.0,0.002,0.002,-2.424
2020-07-19 10:00:00-03:00,0.059000000000000004,0.043000000000000003,0.033,-2.027
2020-07-19 11:00:00-03:00,0.149,0.09,0.076,-0.9470000000000001
2020-07-19 12:00:00-03:00,0.246,0.155,0.111,-0.198
2020-07-19 13:00:00-03:00,0.29,0.186,0.126,0.185
2020-07-19 14:00:00-03:00,0.274,0.176,0.121,0.28700000000000003
2020-07-19 15:00:00-03:00,0.20600000000000002,0.131,0.095,0.273
2020-07-19 16:00:00-03:00,0.112,0.075,0.055,-0.19
2020-07-19 17:00:00-03:00,0.016,0.018000000000000002,0.01,-1.3639999999999999
2020-07-19 18:00:00-03:00,0.0,0.0,0.0,-2.417
2020-07-19 19:00:00-03:00,0.0,0.0,0.0,-2.731
2020-07-19 20:00:00-03:00,0.0,0.0,0.0,-3.083
2020-07-19 21:00:00-03:00,0.0,0.0,0.0,-3.449
2020-07-19 22:00:00-03:00,0.0,0.0,0.0,-3.674
2020-07-19 23:00:00-03:00,0.0,0.0,0.0,-3.757
2020-07-20 00:00:00-03:00,0.0,0.0,0.0,-3.7439999999999998
2020-07-20 01:00:00-03:00,0.0,0.0,0.0,-3.873
2020-07-20 02:00:00-03:00,0.0,0.0,0.0,-3.995
2020-07-20 03:00:00-03:00,0.0,0.0,0.0,-4.086
2020-07-20 04:00:00-03:00,0.0,0.0,0.0,-4.151
2020-07-20 05:00:00-03:00,0.0,0.0,0.0,-4.195
2020-07-20 06:00:00-03:00,0.0,0.0,0.0,-4.296
2020-07-20 07:00:00-03:00,0.0,0.0,0.0,-4.353
2020-07-20 08:00:00-03:00,0.0,0.0,0.0,-4.371
2020-07-20 09:00:00-03:00,0.001,0.005,0.002,-4.425
2020-07-20 10:00:00-03:00,0.126,0.10300000000000001,0.038,-3.904
2020-07-20 11:00:00-03:00,0.305,0.247,0.077,-2.349
2020-07-20 12:00:00-03:00,0.397,0.326,0.099,-1.137
2020-07-20 13:00:00-03:00,0.428,0.35100000000000003,0.109,-0.556
2020-07-20 14:00:00-03:00,0.366,0.281,0.112,-0.156
2020-07-20 15:00:00-03:00,0.194,0.121,0.093,-0.163
2020-07-20 16:00:00-03:00,0.095,0.06,0.053,-0.544
2020-07-20 17:00:00-03:00,0.017,0.019,0.01,-1.8170000000000002
2020-07-20 18:00:00-03:00,0.0,0.0,0.0,-3.224
2020-07-20 19:00:00-03:00,0.0,0.0,0.0,-4.067
2020-07-20 20:00:00-03:00,0.0,0.0,0.0,-4.725
2020-07-20 21:00:00-03:00,0.0,0.0,0.0,-5.081
2020-07-20 22:00:00-03:00,0.0,0.0,0.0,-5.337
2020-07-20 23:00:00-03:00,0.0,0.0,0.0,-5.588
2020-07-21 00:00:00-03:00,0.0,0.0,0.0,-5.906
2020-07-21 01:00:00-03:00,0.0,0.0,0.0,-6.58
2020-07-21 02:00:00-03:00,0.0,0.0,0.0,-7.548
2020-07-21 03:00:00-03:00,0.0,0.0,0.0,-8.488
2020-07-21 04:00:00-03:00,0.0,0.0,0.0,-9.276
2020-07-21 05:00:00-03:00,0.0,0.0,0.0,-9.932
2020-07-21 06:00:00-03:00,0.0,0.0,0.0,-10.363
2020-07-21 07:00:00-03:00,0.0,0.0,0.0,-10.604
2020-07-21 08:00:00-03:00,0.0,0.0,0.0,-10.728
2020-07-21 09:00:00-03:00,0.003,0.008,0.003,-10.717
2020-07-21 10:00:00-03:00,0.154,0.127,0.038,-9.766
2020-07-21 11:00:00-03:00,0.313,0.252,0.073,-7.626
2020-07-21 12:00:00-03:00,0.521,0.47400000000000003,0.078,-5.6
2020-07-21 13:00:00-03:00,0.669,0.669,0.059000000000000004,-4.449
2020-07-21 14:00:00-03:00,0.67,0.678,0.054,-3.841
2020-07-21 15:00:00-03:00,0.606,0.602,0.053,-3.778
2020-07-21 16:00:00-03:00,0.437,0.417,0.045,-4.42
2020-07-21 17:00:00-03:00,0.126,0.127,0.014,-6.429
2020-07-21 18:00:00-03:00,0.0,0.0,0.0,-8.123
2020-07-21 19:00:00-03:00,0.0,0.0,0.0,-8.066
2020-07-21 20:00:00-03:00,0.0,0.0,0.0,-8.062
2020-07-21 21:00:00-03:00,0.0,0.0,0.0,-8.507
2020-07-21 22:00:00-03:00,0.0,0.0,0.0,-8.893
2020-07-21 23:00:00-03:00,0.0,0.0,0.0,-9.11
2020-07-22 00:00:00-03:00,0.0,0.0,0.0,-9.423
2020-07-22 01:00:00-03:00,0.0,0.0,0.0,-9.82
2020-07-22 02:00:00-03:00,0.0,0.0,0.0,-10.148
2020-07-22 03:00:00-03:00,0.0,0.0,0.0,-10.773
2020-07-22 04:00:00-03:00,0.0,0.0,0.0,-11.687
2020-07-22 05:00:00-03:00,0.0,0.0,0.0,-12.317
2020-07-22 06:00:00-03:00,0.0,0.0,0.0,-12.489
2020-07-22 07:00:00-03:00,0.0,0.0,0.0,-12.55
2020-07-22 08:00:00-03:00,0.0,0.0,0.0,-12.285
2020-07-22 09:00:00-03:00,0.009000000000000001,0.015,0.003,-11.595
2020-07-22 10:00:00-03:00,0.227,0.197,0.04,-9.961
2020-07-22 11:00:00-03:00,0.41100000000000003,0.359,0.068,-7.096
2020-07-22 12:00:00-03:00,0.651,0.645,0.061,-4.583
2020-07-22 13:00:00-03:00,0.657,0.657,0.062,-3.104
2020-07-22 14:00:00-03:00,0.616,0.607,0.067,-1.88
2020-07-22 15:00:00-03:00,0.417,0.368,0.079,-1.1360000000000001
2020-07-22 16:00:00-03:00,0.162,0.123,0.057,-1.055
2020-07-22 17:00:00-03:00,0.024,0.026000000000000002,0.012,-1.762
2020-07-22 18:00:00-03:00,0.0,0.0,0.0,-2.527
2020-07-22 19:00:00-03:00,0.0,0.0,0.0,-2.492
2020-07-22 20:00:00-03:00,0.0,0.0,0.0,-2.529
2020-07-22 21:00:00-03:00,0.0,0.0,0.0,-2.919
2020-07-22 22:00:00-03:00,0.0,0.0,0.0,-3.508
2020-07-22 23:00:00-03:00,0.0,0.0,0.0,-3.898
2020-07-23 00:00:00-03:00,0.0,0.0,0.0,-3.578
2020-07-23 01:00:00-03:00,0.0,0.0,0.0,-3.4939999999999998
2020-07-23 02:00:00-03:00,0.0,0.0,0.0,-3.673
2020-07-23 03:00:00-03:00,0.0,0.0,0.0,-3.617
2020-07-23 04:00:00-03:00,0.0,0.0,0.0,-3.374
2020-07-23 05:00:00-03:00,0.0,0.0,0.0,-2.965
2020-07-23 06:00:00-03:00,0.0,0.0,0.0,-2.6870000000000003
2020-07-23 07:00:00-03:00,0.0,0.0,0.0,-2.408
2020-07-23 08:00:00-03:00,0.0,0.0,0.0,-1.239
2020-07-23 09:00:00-03:00,0.001,0.004,0.003,-0.431
2020-07-23 10:00:00-03:00,0.164,0.138,0.045,-0.228
2020-07-23 11:00:00-03:00,0.309,0.251,0.083,0.224
2020-07-23 12:00:00-03:00,0.482,0.424,0.099,0.555
2020-07-23 13:00:00-03:00,0.244,0.132,0.134,0.753
2020-07-23 14:00:00-03:00,0.10300000000000001,0.026000000000000002,0.095,0.8150000000000001
2020-07-23 15:00:00-03:00,0.121,0.047,0.093,0.908
2020-07-23 16:00:00-03:00,0.018000000000000002,0.005,0.026000000000000002,0.8280000000000001
2020-07-23 17:00:00-03:00,0.001,0.002,0.005,0.731
2020-07-23 18:00:00-03:00,0.0,0.0,0.0,0.662
2020-07-23 19:00:00-03:00,0.0,0.0,0.0,0.616
2020-07-23 20:00:00-03:00,0.0,0.0,0.0,0.681
2020-07-23 21:00:00-03:00,0.0,0.0,0.0,0.755
2020-07-23 22:00:00-03:00,0.0,0.0,0.0,0.769
2020-07-23 23:00:00-03:00,0.0,0.0,0.0,0.73
2020-07-24 00:00:00-03:00,0.0,0.0,0.0,0.722
2020-07-24 01:00:00-03:00,0.0,0.0,0.0,0.718
2020-07-24 02:00:00-03:00,0.0,0.0,0.0,0.7000000000000001
2020-07-24 03:00:00-03:00,0.0,0.0,0.0,0.7020000000000001
2020-07-24 04:00:00-03:00,0.0,0.0,0.0,0.686
2020-07-24 05:00:00-03:00,0.0,0.0,0.0,0.549
2020-07-24 06:00:00-03:00,0.0,0.0,0.0,0.47200000000000003
2020-07-24 07:00:00-03:00,0.0,0.0,0.0,0.457
2020-07-24 08:00:00-03:00,0.0,0.0,0.0,0.51
2020-07-24 09:00:00-03:00,0.002,0.006,0.004,0.602
2020-07-24 10:00:00-03:00,0.048,0.031,0.034,1.1440000000000001
2020-07-24 11:00:00-03:00,0.109,0.054,0.075,1.479
2020-07-24 12:00:00-03:00,0.203,0.109,0.116,1.716
2020-07-24 13:00:00-03:00,0.254,0.14400000000000002,0.133,1.837
2020-07-24 14:00:00-03:00,0.28200000000000003,0.18,0.127,1.891
2020-07-24 15:00:00-03:00,0.249,0.171,0.101,1.83
2020-07-24 16:00:00-03:00,0.17400000000000002,0.132,0.063,1.482
2020-07-24 17:00:00-03:00,0.074,0.073,0.018000000000000002,0.009000000000000001
2020-07-24 18:00:00-03:00,0.0,0.0,0.0,-1.5939999999999999
2020-07-24 19:00:00-03:00,0.0,0.0,0.0,-1.673
2020-07-24 20:00:00-03:00,0.0,0.0,0.0,-1.581
2020-07-24 21:00:00-03:00,0.0,0.0,0.0,-1.168
2020-07-24 22:00:00-03:00,0.0,0.0,0.0,-0.55
2020-07-24 23:00:00-03:00,0.0,0.0,0.0,-0.129
2020-07-25 00:00:00-03:00,0.0,0.0,0.0,-0.085
2020-07-25 01:00:00-03:00,0.0,0.0,0.0,-0.178
2020-07-25 02:00:00-03:00,0.0,0.0,0.0,-0.268
2020-07-25 03:00:00-03:00,0.0,0.0,0.0,-0.843
2020-07-25 04:00:00-03:00,0.0,0.0,0.0,-1.939
2020-07-25 05:00:00-03:00,0.0,0.0,0.0,-2.747
2020-07-25 06:00:00-03:00,0.0,0.0,0.0,-3.248
2020-07-25 07:00:00-03:00,0.0,0.0,0.0,-3.823
2020-07-25 08:00:00-03:00,0.0,0.0,0.0,-4.756
2020-07-25 09:00:00-03:00,0.006,0.012,0.004,-5.839
2020-07-25 10:00:00-03:00,0.23600000000000002,0.20700000000000002,0.043000000000000003,-5.885
2020-07-25 11:00:00-03:00,0.5660000000000001,0.547,0.059000000000000004,-4.34
2020-07-25 12:00:00-03:00,0.616,0.604,0.067,-2.591
2020-07-25 13:00:00-03:00,0.558,0.522,0.083,-1.638
2020-07-25 14:00:00-03:00,0.517,0.47100000000000003,0.08700000000000001,-1.384
2020-07-25 15:00:00-03:00,0.424,0.372,0.081,-1.634
2020-07-25 16:00:00-03:00,0.291,0.252,0.058,-2.59
2020-07-25 17:00:00-03:00,0.088,0.08600000000000001,0.017,-4.647
2020-07-25 18:00:00-03:00,0.0,0.0,0.0,-6.371
2020-07-25 19:00:00-03:00,0.0,0.0,0.0,-6.728
2020-07-25 20:00:00-03:00,0.0,0.0,0.0,-6.868
2020-07-25 21:00:00-03:00,0.0,0.0,0.0,-7.207
2020-07-25 22:00:00-03:00,0.0,0.0,0.0,-7.486
2020-07-25 23:00:00-03:00,0.0,0.0,0.0,-7.635
2020-07-26 00:00:00-03:00,0.0,0.0,0.0,-7.58
2020-07-26 01:00:00-03:00,0.0,0.0,0.0,-7.383
2020-07-26 02:00:00-03:00,0.0,0.0,0.0,-6.514
2020-07-26 03:00:00-03:00,0.0,0.0,0.0,-5.734
2020-07-26 04:00:00-03:00,0.0,0.0,0.0,-5.747
2020-07-26 05:00:00-03:00,0.0,0.0,0.0,-5.93
2020-07-26 06:00:00-03:00,0.0,0.0,0.0,-5.785
2020-07-26 07:00:00-03:00,0.0,0.0,0.0,-5.361
2020-07-26 08:00:00-03:00,0.0,0.0,0.0,-4.758
2020-07-26 09:00:00-03:00,0.0,0.001,0.002,-4.062
2020-07-26 10:00:00-03:00,0.023,0.011,0.026000000000000002,-3.126
2020-07-26 11:00:00-03:00,0.111,0.05,0.078,-1.7730000000000001
2020-07-26 12:00:00-03:00,0.187,0.088,0.11800000000000001,-0.352
2020-07-26 13:00:00-03:00,0.216,0.101,0.135,0.674
2020-07-26 14:00:00-03:00,0.28,0.171,0.133,1.191
2020-07-26 15:00:00-03:00,0.264,0.181,0.106,1.244
2020-07-26 16:00:00-03:00,0.154,0.107,0.066,1.005
2020-07-26 17:00:00-03:00,0.042,0.04,0.018000000000000002,0.296
2020-07-26 18:00:00-03:00,0.0,0.0,0.0,-0.526
2020-07-26 19:00:00-03:00,0.0,0.0,0.0,-0.876
2020-07-26 20:00:00-03:00,0.0,0.0,0.0,-1.192
2020-07-26 21:00:00-03:00,0.0,0.0,0.0,-1.315
2020-07-26 22:00:00-03:00,0.0,0.0,0.0,-1.222
2020-07-26 23:00:00-03:00,0.0,0.0,0.0,-1.204
2020-07-27 00:00:00-03:00,0.0,0.0,0.0,-0.877
2020-07-27 01:00:00-03:00,0.0,0.0,0.0,-1.012
2020-07-27 02:00:00-03:00,0.0,0.0,0.0,-1.484
2020-07-27 03:00:00-03:00,0.0,0.0,0.0,-1.57
2020-07-27 04:00:00-03:00,0.0,0.0,0.0,-1.6520000000000001
2020-07-27 05:00:00-03:00,0.0,0.0,0.0,-1.833
2020-07-27 06:00:00-03:00,0.0,0.0,0.0,-1.536
2020-07-27 07:00:00-03:00,0.0,0.0,0.0,-0.265
2020-07-27 08:00:00-03:00,0.0,0.0,0.0,0.712
2020-07-27 09:00:00-03:00,0.006,0.011,0.005,0.9470000000000001
2020-07-27 10:00:00-03:00,0.135,0.107,0.047,1.17
2020-07-27 11:00:00-03:00,0.199,0.132,0.088,1.548
2020-07-27 12:00:00-03:00,0.274,0.178,0.121,1.937
2020-07-27 13:00:00-03:00,0.34,0.23600000000000002,0.134,2.257
2020-07-27 14:00:00-03:00,0.352,0.255,0.127,2.393
2020-07-27 15:00:00-03:00,0.258,0.177,0.105,2.233
2020-07-27 16:00:00-03:00,0.155,0.108,0.067,1.713
2020-07-27 17:00:00-03:00,0.023,0.02,0.016,0.979
2020-07-27 18:00:00-03:00,0.0,0.0,0.0,0.246
2020-07-27 19:00:00-03:00,0.0,0.0,0.0,-0.267
2020-07-27 20:00:00-03:00,0.0,0.0,0.0,-0.769
2020-07-27 21:00:00-03:00,0.0,0.0,0.0,-1.181
2020-07-27 22:00:00-03:00,0.0,0.0,0.0,-1.235
2020-07-27 23:00:00-03:00,0.0,0.0,0.0,-1.085
2020-07-28 00:00:00-03:00,0.0,0.0,0.0,-1.089
2020-07-28 01:00:00-03:00,0.0,0.0,0.0,-0.864
2020-07-28 02:00:00-03:00,0.0,0.0,0.0,-0.5730000000000001
2020-07-28 03:00:00-03:00,0.0,0.0,0.0,-0.34800000000000003
2020-07-28 04:00:00-03:00,0.0,0.0,0.0,-0.167
2020-07-28 05:00:00-03:00,0.0,0.0,0.0,0.108
2020-07-28 06:00:00-03:00,0.0,0.0,0.0,0.53
2020-07-28 07:00:00-03:00,0.0,0.0,0.0,0.658
2020-07-28 08:00:00-03:00,0.0,0.0,0.0,0.675
2020-07-28 09:00:00-03:00,0.014,0.02,0.006,0.465
2020-07-28 10:00:00-03:00,0.219,0.191,0.048,0.8290000000000001
2020-07-28 11:00:00-03:00,0.383,0.334,0.081,1.554
2020-07-28 12:00:00-03:00,0.437,0.375,0.10200000000000001,2.221
2020-07-28 13:00:00-03:00,0.515,0.465,0.10300000000000001,2.745
2020-07-28 14:00:00-03:00,0.41400000000000003,0.338,0.113,2.938
2020-07-28 15:00:00-03:00,0.324,0.254,0.1,2.77
2020-07-28 16:00:00-03:00,0.2,0.154,0.067,2.299
2020-07-28 17:00:00-03:00,0.047,0.043000000000000003,0.02,1.259
2020-07-28 18:00:00-03:00,0.0,0.0,0.0,0.11800000000000001
2020-07-28 19:00:00-03:00,0.0,0.0,0.0,-0.037
2020-07-28 20:00:00-03:00,0.0,0.0,0.0,0.17500000000000002
2020-07-28 21:00:00-03:00,0.0,0.0,0.0,0.269
2020-07-28 22:00:00-03:00,0.0,0.0,0.0,0.253
2020-07-28 23:00:00-03:00,0.0,0.0,0.0,0.226
2020-07-29 00:00:00-03:00,0.0,0.0,0.0,0.177
2020-07-29 01:00:00-03:00,0.0,0.0,0.0,-0.08700000000000001
2020-07-29 02:00:00-03:00,0.0,0.0,0.0,-0.128
2020-07-29 03:00:00-03:00,0.0,0.0,0.0,0.084
2020-07-29 04:00:00-03:00,0.0,0.0,0.0,0.314
2020-07-29 05:00:00-03:00,0.0,0.0,0.0,0.514
2020-07-29 06:00:00-03:00,0.0,0.0,0.0,0.6940000000000001
2020-07-29 07:00:00-03:00,0.0,0.0,0.0,0.626
2020-07-29 08:00:00-03:00,0.0,0.0,0.0,0.526
2020-07-29 09:00:00-03:00,0.003,0.006,0.005,0.598
2020-07-29 10:00:00-03:00,0.048,0.027,0.038,1.006
2020-07-29 11:00:00-03:00,0.114,0.052000000000000005,0.081,1.55
2020-07-29 12:00:00-03:00,0.20600000000000002,0.10400000000000001,0.123,2.231
2020-07-29 13:00:00-03:00,0.291,0.17500000000000002,0.14300000000000002,2.7960000000000003
2020-07-29 14:00:00-03:00,0.317,0.212,0.134,3.068
2020-07-29 15:00:00-03:00,0.313,0.23500000000000001,0.107,3.019
2020-07-29 16:00:00-03:00,0.219,0.17,0.07100000000000001,2.503
2020-07-29 17:00:00-03:00,0.053,0.047,0.022,0.937
2020-07-29 18:00:00-03:00,0.0,0.0,0.0,-0.422
2020-07-29 19:00:00-03:00,0.0,0.0,0.0,-0.543
2020-07-29 20:00:00-03:00,0.0,0.0,0.0,-0.539
2020-07-29 21:00:00-03:00,0.0,0.0,0.0,-0.276
2020-07-29 22:00:00-03:00,0.0,0.0,0.0,-0.028
2020-07-29 23:00:00-03:00,0.0,0.0,0.0,0.096
2020-07-30 00:00:00-03:00,0.0,0.0,0.0,0.11800000000000001
2020-07-30 01:00:00-03:00,0.0,0.0,0.0,-0.073
2020-07-30 02:00:00-03:00,0.0,0.0,0.0,-0.394
2020-07-30 03:00:00-03:00,0.0,0.0,0.0,-0.524
2020-07-30 04:00:00-03:00,0.0,0.0,0.0,-0.5640000000000001
2020-07-30 05:00:00-03:00,0.0,0.0,0.0,-0.723
2020-07-30 06:00:00-03:00,0.0,0.0,0.0,-0.881
2020-07-30 07:00:00-03:00,0.0,0.0,0.0,-0.9420000000000001
2020-07-30 08:00:00-03:00,0.0,0.0,0.0,-1.023
2020-07-30 09:00:00-03:00,0.032,0.039,0.008,-1.62
2020-07-30 10:00:00-03:00,0.248,0.219,0.048,-0.875
2020-07-30 11:00:00-03:00,0.41500000000000004,0.37,0.076,0.033
2020-07-30 12:00:00-03:00,0.5760000000000001,0.557,0.077,0.728
2020-07-30 13:00:00-03:00,0.68,0.704,0.062,1.441
2020-07-30 14:00:00-03:00,0.671,0.6970000000000001,0.059000000000000004,1.838
2020-07-30 15:00:00-03:00,0.616,0.629,0.058,1.98
2020-07-30 16:00:00-03:00,0.481,0.47400000000000003,0.05,1.46
2020-07-30 17:00:00-03:00,0.182,0.177,0.024,-0.389
2020-07-30 18:00:00-03:00,0.0,0.0,0.0,-1.4889999999999999
2020-07-30 19:00:00-03:00,0.0,0.0,0.0,-1.114
2020-07-30 20:00:00-03:00,0.0,0.0,0.0,-1.103
2020-07-30 21:00:00-03:00,0.0,0.0,0.0,-1.162
2020-07-30 22:00:00-03:00,0.0,0.0,0.0,-1.209
2020-07-30 23:00:00-03:00,0.0,0.0,0.0,-1.177
2020-07-31 00:00:00-03:00,0.0,0.0,0.0,-1.076
2020-07-31 01:00:00-03:00,0.0,0.0,0.0,-1.001
2020-07-31 02:00:00-03:00,0.0,0.0,0.0,-0.926
2020-07-31 03:00:00-03:00,0.0,0.0,0.0,-0.858
2020-07-31 04:00:00-03:00,0.0,0.0,0.0,-0.913
2020-07-31 05:00:00-03:00,0.0,0.0,0.0,-1.098
2020-07-31 06:00:00-03:00,0.0,0.0,0.0,-1.371
2020-07-31 07:00:00-03:00,0.0,0.0,0.0,-1.794
2020-07-31 08:00:00-03:00,0.0,0.0,0.0,-2.086
2020-07-31 09:00:00-03:00,0.007,0.011,0.007,-2.224
2020-07-31 10:00:00-03:00,0.09,0.059000000000000004,0.049,-2.053
2020-07-31 11:00:00-03:00,0.211,0.132,0.098,-1.284
2020-07-31 12:00:00-03:00,0.23,0.12,0.129,-0.374
2020-07-31 13:00:00-03:00,0.262,0.135,0.149,0.512
2020-07-31 14:00:00-03:00,0.249,0.129,0.14200000000000002,1.2570000000000001
2020-07-31 15:00:00-03:00,0.20700000000000002,0.112,0.115,1.5779999999999998
2020-07-31 16:00:00-03:00,0.061,0.023,0.055,1.312
2020-07-31 17:00:00-03:00,0.005,0.003,0.011,0.6930000000000001
2020-07-31 18:00:00-03:00,0.0,0.0,0.0,0.248
2020-07-31 19:00:00-03:00,0.0,0.0,0.0,-0.004
2020-07-31 20:00:00-03:00,0.0,0.0,0.0,-0.047
2020-07-31 21:00:00-03:00,0.0,0.0,0.0,0.14100000000000001
2020-07-31 22:00:00-03:00,0.0,0.0,0.0,0.34
2020-07-31 23:00:00-03:00,0.0,0.0,0.0,0.42
2020-08-01 00:00:00-03:00,0.0,0.0,0.0,0.388
2020-08-01 01:00:00-03:00,0.0,0.0,0.0,0.452
2020-08-01 02:00:00-03:00,0.0,0.0,0.0,0.385
2020-08-01 03:00:00-03:00,0.0,0.0,0.0,0.306
2020-08-01 04:00:00-03:00,0.0,0.0,0.0,0.269
2020-08-01 05:00:00-03:00,0.0,0.0,0.0,0.111
2020-08-01 06:00:00-03:00,0.0,0.0,0.0,-0.121
2020-08-01 07:00:00-03:00,0.0,0.0,0.0,-0.361
2020-08-01 08:00:00-03:00,0.0,0.0,0.0,-0.618
2020-08-01 09:00:00-03:00,0.0,0.002,0.004,-0.869
2020-08-01 10:00:00-03:00,0.022,0.007,0.029,-0.751
2020-08-01 11:00:00-03:00,0.065,0.015,0.068,-0.312
2020-08-01 12:00:00-03:00,0.106,0.021,0.10300000000000001,0.424
2020-08-01 13:00:00-03:00,0.114,0.019,0.114,1.09
2020-08-01 14:00:00-03:00,0.096,0.014,0.1,1.5110000000000001
2020-08-01 15:00:00-03:00,0.052000000000000005,0.007,0.062,1.447
2020-08-01 16:00:00-03:00,0.032,0.007,0.041,1.06
2020-08-01 17:00:00-03:00,0.007,0.003,0.013000000000000001,0.422
2020-08-01 18:00:00-03:00,0.0,0.0,0.0,0.155
2020-08-01 19:00:00-03:00,0.0,0.0,0.0,-0.01
2020-08-01 20:00:00-03:00,0.0,0.0,0.0,-0.404
2020-08-01 21:00:00-03:00,0.0,0.0,0.0,-0.543
2020-08-01 22:00:00-03:00,0.0,0.0,0.0,-0.358
2020-08-01 23:00:00-03:00,0.0,0.0,0.0,0.493
2020-08-02 00:00:00-03:00,0.0,0.0,0.0,0.794
2020-08-02 01:00:00-03:00,0.0,0.0,0.0,1.027
2020-08-02 02:00:00-03:00,0.0,0.0,0.0,1.377
2020-08-02 03:00:00-03:00,0.0,0.0,0.0,1.326
2020-08-02 04:00:00-03:00,0.0,0.0,0.0,0.993
2020-08-02 05:00:00-03:00,0.0,0.0,0.0,0.728
2020-08-02 06:00:00-03:00,0.0,0.0,0.0,0.7000000000000001
2020-08-02 07:00:00-03:00,0.0,0.0,0.0,0.743
2020-08-02 08:00:00-03:00,0.0,0.0,0.0,0.749
2020-08-02 09:00:00-03:00,0.025,0.03,0.009000000000000001,0.711
2020-08-02 10:00:00-03:00,0.199,0.167,0.053,1.198
2020-08-02 11:00:00-03:00,0.428,0.385,0.081,2.025
2020-08-02 12:00:00-03:00,0.607,0.602,0.077,3.043
2020-08-02 13:00:00-03:00,0.64,0.651,0.074,3.996
2020-08-02 14:00:00-03:00,0.613,0.617,0.076,4.473
2020-08-02 15:00:00-03:00,0.5660000000000001,0.5630000000000001,0.07100000000000001,4.458
2020-08-02 16:00:00-03:00,0.405,0.38,0.062,3.393
2020-08-02 17:00:00-03:00,0.07100000000000001,0.062,0.026000000000000002,0.709
2020-08-02 18:00:00-03:00,0.0,0.0,0.0,-0.045
2020-08-02 19:00:00-03:00,0.0,0.0,0.0,0.744
2020-08-02 20:00:00-03:00,0.0,0.0,0.0,0.605
2020-08-02 21:00:00-03:00,0.0,0.0,0.0,0.532
2020-08-02 22:00:00-03:00,0.0,0.0,0.0,0.504
2020-08-02 23:00:00-03:00,0.0,0.0,0.0,0.8240000000000001
2020-08-03 00:00:00-03:00,0.0,0.0,0.0,1.173
2020-08-03 01:00:00-03:00,0.0,0.0,0.0,1.222
2020-08-03 02:00:00-03:00,0.0,0.0,0.0,1.214
2020-08-03 03:00:00-03:00,0.0,0.0,0.0,0.9430000000000001
2020-08-03 04:00:00-03:00,0.0,0.0,0.0,0.74
2020-08-03 05:00:00-03:00,0.0,0.0,0.0,0.62
2020-08-03 06:00:00-03:00,0.0,0.0,0.0,0.435
2020-08-03 07:00:00-03:00,0.0,0.0,0.0,0.419
2020-08-03 08:00:00-03:00,0.0,0.0,0.0,0.687
2020-08-03 09:00:00-03:00,0.082,0.089,0.011,0.995
2020-08-03 10:00:00-03:00,0.432,0.424,0.047,2.432
2020-08-03 11:00:00-03:00,0.581,0.587,0.063,3.6950000000000003
2020-08-03 12:00:00-03:00,0.65,0.674,0.066,4.798
2020-08-03 13:00:00-03:00,0.668,0.704,0.064,5.656
2020-08-03 14:00:00-03:00,0.653,0.683,0.066,5.796
2020-08-03 15:00:00-03:00,0.466,0.433,0.084,5.418
2020-08-03 16:00:00-03:00,0.338,0.304,0.066,4.409
2020-08-03 17:00:00-03:00,0.134,0.125,0.029,1.992
2020-08-03 18:00:00-03:00,0.0,0.001,0.0,-0.112
2020-08-03 19:00:00-03:00,0.0,0.0,0.0,-0.495
2020-08-03 20:00:00-03:00,0.0,0.0,0.0,-0.683
2020-08-03 21:00:00-03:00,0.0,0.0,0.0,-1.1280000000000001
2020-08-03 22:00:00-03:00,0.0,0.0,0.0,-1.338
2020-08-03 23:00:00-03:00,0.0,0.0,0.0,-1.455
2020-08-04 00:00:00-03:00,0.0,0.0,0.0,-1.482
2020-08-04 01:00:00-03:00,0.0,0.0,0.0,-1.512
2020-08-04 02:00:00-03:00,0.0,0.0,0.0,-1.5819999999999999
2020-08-04 03:00:00-03:00,0.0,0.0,0.0,-1.687
2020-08-04 04:00:00-03:00,0.0,0.0,0.0,-1.808
2020-08-04 05:00:00-03:00,0.0,0.0,0.0,-1.81
2020-08-04 06:00:00-03:00,0.0,0.0,0.0,-1.703
2020-08-04 07:00:00-03:00,0.0,0.0,0.0,-1.491
2020-08-04 08:00:00-03:00,0.0,0.0,0.0,-1.218
2020-08-04 09:00:00-03:00,0.047,0.051000000000000004,0.012,-0.6890000000000001
2020-08-04 10:00:00-03:00,0.187,0.147,0.06,0.9400000000000001
2020-08-04 11:00:00-03:00,0.263,0.186,0.101,2.293
2020-08-04 12:00:00-03:00,0.388,0.295,0.129,3.585
2020-08-04 13:00:00-03:00,0.34500000000000003,0.226,0.153,4.551
2020-08-04 14:00:00-03:00,0.178,0.065,0.136,4.596
2020-08-04 15:00:00-03:00,0.091,0.023,0.08700000000000001,3.7439999999999998
2020-08-04 16:00:00-03:00,0.041,0.011,0.046,2.646
2020-08-04 17:00:00-03:00,0.016,0.01,0.019,1.5230000000000001
2020-08-04 18:00:00-03:00,0.0,0.0,0.0,0.384
2020-08-04 19:00:00-03:00,0.0,0.0,0.0,0.10400000000000001
2020-08-04 20:00:00-03:00,0.0,0.0,0.0,-0.263
2020-08-04 21:00:00-03:00,0.0,0.0,0.0,-0.562
2020-08-04 22:00:00-03:00,0.0,0.0,0.0,-0.751
2020-08-04 23:00:00-03:00,0.0,0.0,0.0,-0.879
2020-08-05 00:00:00-03:00,0.0,0.0,0.0,-0.709
2020-08-05 01:00:00-03:00,0.0,0.0,0.0,-0.593
2020-08-05 02:00:00-03:00,0.0,0.0,0.0,-0.713
2020-08-05 03:00:00-03:00,0.0,0.0,0.0,-0.896
2020-08-05 04:00:00-03:00,0.0,0.0,0.0,-1.162
2020-08-05 05:00:00-03:00,0.0,0.0,0.0,-1.479
2020-08-05 06:00:00-03:00,0.0,0.0,0.0,-1.355
2020-08-05 07:00:00-03:00,0.0,0.0,0.0,-1.1360000000000001
2020-08-05 08:00:00-03:00,0.0,0.0,0.0,-0.8250000000000001
2020-08-05 09:00:00-03:00,0.002,0.004,0.006,-0.461
2020-08-05 10:00:00-03:00,0.029,0.009000000000000001,0.034,0.371
2020-08-05 11:00:00-03:00,0.09,0.026000000000000002,0.083,1.242
2020-08-05 12:00:00-03:00,0.153,0.045,0.128,2.141
2020-08-05 13:00:00-03:00,0.153,0.036000000000000004,0.138,2.827
2020-08-05 14:00:00-03:00,0.122,0.023,0.11900000000000001,2.952
2020-08-05 15:00:00-03:00,0.067,0.01,0.075,2.658
2020-08-05 16:00:00-03:00,0.032,0.006,0.041,2.377
2020-08-05 17:00:00-03:00,0.011,0.005,0.017,1.9460000000000002
2020-08-05 18:00:00-03:00,0.0,0.0,0.0,1.299
2020-08-05 19:00:00-03:00,0.0,0.0,0.0,0.595
2020-08-05 20:00:00-03:00,0.0,0.0,0.0,0.07100000000000001
2020-08-05 21:00:00-03:00,0.0,0.0,0.0,-0.372
2020-08-05 22:00:00-03:00,0.0,0.0,0.0,-0.994
2020-08-05 23:00:00-03:00,0.0,0.0,0.0,-1.315
2020-08-06 00:00:00-03:00,0.0,0.0,0.0,-1.351
2020-08-06 01:00:00-03:00,0.0,0.0,0.0,-1.393
2020-08-06 02:00:00-03:00,0.0,0.0,0.0,-1.365
2020-08-06 03:00:00-03:00,0.0,0.0,0.0,-1.453
2020-08-06 04:00:00-03:00,0.0,0.0,0.0,-1.3980000000000001
2020-08-06 05:00:00-03:00,0.0,0.0,0.0,-0.969
2020-08-06 06:00:00-03:00,0.0,0.0,0.0,-0.848
2020-08-06 07:00:00-03:00,0.0,0.0,0.0,-1.223
2020-08-06 08:00:00-03:00,0.0,0.0,0.0,-1.211
2020-08-06 09:00:00-03:00,0.009000000000000001,0.01,0.01,-1.141
2020-08-06 10:00:00-03:00,0.056,0.025,0.048,-0.924
2020-08-06 11:00:00-03:00,0.06,0.013000000000000001,0.064,0.021
2020-08-06 12:00:00-03:00,0.10400000000000001,0.02,0.10200000000000001,0.983
2020-08-06 13:00:00-03:00,0.151,0.036000000000000004,0.134,1.706
2020-08-06 14:00:00-03:00,0.261,0.128,0.158,2.781
2020-08-06 15:00:00-03:00,0.278,0.176,0.129,3.623
2020-08-06 16:00:00-03:00,0.105,0.05,0.075,3.512
2020-08-06 17:00:00-03:00,0.014,0.007,0.019,2.37
2020-08-06 18:00:00-03:00,0.0,0.0,0.0,1.522
2020-08-06 19:00:00-03:00,0.0,0.0,0.0,1.38
2020-08-06 20:00:00-03:00,0.0,0.0,0.0,1.3679999999999999
2020-08-06 21:00:00-03:00,0.0,0.0,0.0,1.167
2020-08-06 22:00:00-03:00,0.0,0.0,0.0,0.531
2020-08-06 23:00:00-03:00,0.0,0.0,0.0,-0.328
2020-08-07 00:00:00-03:00,0.0,0.0,0.0,-0.8320000000000001
2020-08-07 01:00:00-03:00,0.0,0.0,0.0,-0.811
2020-08-07 02:00:00-03:00,0.0,0.0,0.0,-0.72
2020-08-07 03:00:00-03:00,0.0,0.0,0.0,-0.8240000000000001
2020-08-07 04:00:00-03:00,0.0,0.0,0.0,-1.019
2020-08-07 05:00:00-03:00,0.0,0.0,0.0,-0.548
2020-08-07 06:00:00-03:00,0.0,0.0,0.0,-0.12
2020-08-07 07:00:00-03:00,0.0,0.0,0.0,0.097
2020-08-07 08:00:00-03:00,0.0,0.0,0.0,0.307
2020-08-07 09:00:00-03:00,0.14,0.14400000000000002,0.015,0.737
2020-08-07 10:00:00-03:00,0.437,0.424,0.052000000000000005,1.917
2020-08-07 11:00:00-03:00,0.5740000000000001,0.5710000000000001,0.069,3.24
2020-08-07 12:00:00-03:00,0.6000000000000001,0.594,0.081,4.243
2020-08-07 13:00:00-03:00,0.585,0.5670000000000001,0.091,4.754
2020-08-07 14:00:00-03:00,0.5680000000000001,0.547,0.091,4.852
2020-08-07 15:00:00-03:00,0.526,0.504,0.082,4.615
2020-08-07 16:00:00-03:00,0.427,0.404,0.065,3.956
2020-08-07 17:00:00-03:00,0.213,0.201,0.034,2.38
2020-08-07 18:00:00-03:00,0.0,0.003,0.001,-0.08
2020-08-07 19:00:00-03:00,0.0,0.0,0.0,-0.995
2020-08-07 20:00:00-03:00,0.0,0.0,0.0,-1.456
2020-08-07 21:00:00-03:00,0.0,0.0,0.0,-1.945
2020-08-07 22:00:00-03:00,0.0,0.0,0.0,-2.221
2020-08-07 23:00:00-03:00,0.0,0.0,0.0,-2.042
2020-08-08 00:00:00-03:00,0.0,0.0,0.0,-1.756
2020-08-08 01:00:00-03:00,0.0,0.0,0.0,-1.471
2020-08-08 02:00:00-03:00,0.0,0.0,0.0,-1.146
2020-08-08 03:00:00-03:00,0.0,0.0,0.0,-0.5720000000000001
2020-08-08 04:00:00-03:00,0.0,0.0,0.0,-0.876
2020-08-08 05:00:00-03:00,0.0,0.0,0.0,-1.234
2020-08-08 06:00:00-03:00,0.0,0.0,0.0,-1.417
2020-08-08 07:00:00-03:00,0.0,0.0,0.0,-1.8210000000000002
2020-08-08 08:00:00-03:00,0.0,0.0,0.0,-1.916
2020-08-08 09:00:00-03:00,0.10300000000000001,0.10300000000000001,0.017,-1.303
2020-08-08 10:00:00-03:00,0.203,0.158,0.064,0.215
2020-08-08 11:00:00-03:00,0.163,0.08600000000000001,0.097,1.42
2020-08-08 12:00:00-03:00,0.214,0.10400000000000001,0.132,2.287
2020-08-08 13:00:00-03:00,0.381,0.266,0.148,2.835
2020-08-08 14:00:00-03:00,0.5,0.432,0.12,3.2560000000000002
2020-08-08 15:00:00-03:00,0.435,0.372,0.105,3.2880000000000003
2020-08-08 16:00:00-03:00,0.31,0.258,0.079,2.822
2020-08-08 17:00:00-03:00,0.133,0.115,0.037,1.796
2020-08-08 18:00:00-03:00,0.0,0.003,0.001,0.46
2020-08-08 19:00:00-03:00,0.0,0.0,0.0,-0.544
2020-08-08 20:00:00-03:00,0.0,0.0,0.0,-1.138
2020-08-08 21:00:00-03:00,0.0,0.0,0.0,-1.411
2020-08-08 22:00:00-03:00,0.0,0.0,0.0,-1.556
2020-08-08 23:00:00-03:00,0.0,0.0,0.0,-1.587
2020-08-09 00:00:00-03:00,0.0,0.0,0.0,-1.581
2020-08-09 01:00:00-03:00,0.0,0.0,0.0,-1.795
2020-08-09 02:00:00-03:00,0.0,0.0,0.0,-1.9140000000000001
2020-08-09 03:00:00-03:00,0.0,0.0,0.0,-2.163
2020-08-09 04:00:00-03:00,0.0,0.0,0.0,-2.51
2020-08-09 05:00:00-03:00,0.0,0.0,0.0,-2.787
2020-08-09 06:00:00-03:00,0.0,0.0,0.0,-2.956
2020-08-09 07:00:00-03:00,0.0,0.0,0.0,-2.956
2020-08-09 08:00:00-03:00,0.0,0.0,0.0,-2.965
2020-08-09 09:00:00-03:00,0.039,0.037,0.016,-2.809
2020-08-09 10:00:00-03:00,0.131,0.082,0.066,-2.004
2020-08-09 11:00:00-03:00,0.203,0.11,0.112,-0.553
2020-08-09 12:00:00-03:00,0.23500000000000001,0.108,0.149,1.005
2020-08-09 13:00:00-03:00,0.213,0.07200000000000001,0.162,2.079
2020-08-09 14:00:00-03:00,0.137,0.028,0.128,2.3890000000000002
2020-08-09 15:00:00-03:00,0.066,0.009000000000000001,0.074,2.019
2020-08-09 16:00:00-03:00,0.022,0.003,0.033,1.138
2020-08-09 17:00:00-03:00,0.004,0.002,0.011,0.5760000000000001
2020-08-09 18:00:00-03:00,0.0,0.0,0.001,-0.035
2020-08-09 19:00:00-03:00,0.0,0.0,0.0,-0.107
2020-08-09 20:00:00-03:00,0.0,0.0,0.0,-0.324
2020-08-09 21:00:00-03:00,0.0,0.0,0.0,-0.76
2020-08-09 22:00:00-03:00,0.0,0.0,0.0,-1.28
2020-08-09 23:00:00-03:00,0.0,0.0,0.0,-1.782
2020-08-10 00:00:00-03:00,0.0,0.0,0.0,-2.205
2020-08-10 01:00:00-03:00,0.0,0.0,0.0,-2.545
2020-08-10 02:00:00-03:00,0.0,0.0,0.0,-2.621
2020-08-10 03:00:00-03:00,0.0,0.0,0.0,-2.442
2020-08-10 04:00:00-03:00,0.0,0.0,0.0,-2.1390000000000002
2020-08-10 05:00:00-03:00,0.0,0.0,0.0,-1.818
2020-08-10 06:00:00-03:00,0.0,0.0,0.0,-1.565
2020-08-10 07:00:00-03:00,0.0,0.0,0.0,-1.374
2020-08-10 08:00:00-03:00,0.0,0.0,0.0,-1.065
2020-08-10 09:00:00-03:00,0.015,0.014,0.012,-0.598
2020-08-10 10:00:00-03:00,0.077,0.039,0.056,0.105
2020-08-10 11:00:00-03:00,0.146,0.064,0.101,0.5710000000000001
2020-08-10 12:00:00-03:00,0.20800000000000002,0.088,0.139,0.753
2020-08-10 13:00:00-03:00,0.292,0.15,0.166,0.904
2020-08-10 14:00:00-03:00,0.35000000000000003,0.222,0.156,1.004
2020-08-10 15:00:00-03:00,0.328,0.226,0.127,0.852
2020-08-10 16:00:00-03:00,0.199,0.131,0.088,0.391
2020-08-10 17:00:00-03:00,0.082,0.061,0.038,-0.309
2020-08-10 18:00:00-03:00,0.0,0.003,0.002,-1.05
2020-08-10 19:00:00-03:00,0.0,0.0,0.0,-1.019
2020-08-10 20:00:00-03:00,0.0,0.0,0.0,-0.923
2020-08-10 21:00:00-03:00,0.0,0.0,0.0,-0.759
2020-08-10 22:00:00-03:00,0.0,0.0,0.0,-0.47400000000000003
2020-08-10 23:00:00-03:00,0.0,0.0,0.0,-0.232
2020-08-11 00:00:00-03:00,0.0,0.0,0.0,-0.042
2020-08-11 01:00:00-03:00,0.0,0.0,0.0,0.168
2020-08-11 02:00:00-03:00,0.0,0.0,0.0,0.355
2020-08-11 03:00:00-03:00,0.0,0.0,0.0,0.47700000000000004
2020-08-11 04:00:00-03:00,0.0,0.0,0.0,0.785
2020-08-11 05:00:00-03:00,0.0,0.0,0.0,1.149
2020-08-11 06:00:00-03:00,0.0,0.0,0.0,1.533
2020-08-11 07:00:00-03:00,0.0,0.0,0.0,1.6360000000000001
2020-08-11 08:00:00-03:00,0.0,0.0,0.0,1.673
2020-08-11 09:00:00-03:00,0.053,0.052000000000000005,0.019,1.764
2020-08-11 10:00:00-03:00,0.145,0.097,0.068,2.213
2020-08-11 11:00:00-03:00,0.269,0.179,0.115,2.7199999999999998
2020-08-11 12:00:00-03:00,0.308,0.186,0.15,3.202
2020-08-11 13:00:00-03:00,0.291,0.148,0.171,3.472
2020-08-11 14:00:00-03:00,0.199,0.073,0.149,3.393
2020-08-11 15:00:00-03:00,0.26,0.146,0.14,3.418
2020-08-11 16:00:00-03:00,0.031,0.006,0.04,2.599
2020-08-11 17:00:00-03:00,0.018000000000000002,0.008,0.023,2.254
2020-08-11 18:00:00-03:00,0.0,0.001,0.001,1.929
2020-08-11 19:00:00-03:00,0.0,0.0,0.0,1.518
2020-08-11 20:00:00-03:00,0.0,0.0,0.0,1.07
2020-08-11 21:00:00-03:00,0.0,0.0,0.0,0.843
2020-08-11 22:00:00-03:00,0.0,0.0,0.0,0.732
2020-08-11 23:00:00-03:00,0.0,0.0,0.0,0.536
2020-08-12 00:00:00-03:00,0.0,0.0,0.0,0.23800000000000002
2020-08-12 01:00:00-03:00,0.0,0.0,0.0,-0.1
2020-08-12 02:00:00-03:00,0.0,0.0,0.0,-0.368
2020-08-12 03:00:00-03:00,0.0,0.0,0.0,-0.455
2020-08-12 04:00:00-03:00,0.0,0.0,0.0,-0.5650000000000001
2020-08-12 05:00:00-03:00,0.0,0.0,0.0,-0.777
2020-08-12 06:00:00-03:00,0.0,0.0,0.0,-0.9480000000000001
2020-08-12 07:00:00-03:00,0.0,0.0,0.0,-1.284
2020-08-12 08:00:00-03:00,0.0,0.0,0.0,-1.8130000000000002
2020-08-12 09:00:00-03:00,0.139,0.134,0.023,-1.7229999999999999
2020-08-12 10:00:00-03:00,0.381,0.34500000000000003,0.065,-0.417
2020-08-12 11:00:00-03:00,0.516,0.47600000000000003,0.089,1.079
2020-08-12 12:00:00-03:00,0.556,0.508,0.107,2.062
2020-08-12 13:00:00-03:00,0.484,0.397,0.133,2.466
2020-08-12 14:00:00-03:00,0.48,0.396,0.13,2.653
2020-08-12 15:00:00-03:00,0.402,0.321,0.117,2.5620000000000003
2020-08-12 16:00:00-03:00,0.228,0.162,0.088,2.033
2020-08-12 17:00:00-03:00,0.085,0.063,0.04,0.613
2020-08-12 18:00:00-03:00,0.0,0.003,0.002,-0.9460000000000001
2020-08-12 19:00:00-03:00,0.0,0.0,0.0,-1.163
2020-08-12 20:00:00-03:00,0.0,0.0,0.0,-1.315
2020-08-12 21:00:00-03:00,0.0,0.0,0.0,-1.573
2020-08-12 22:00:00-03:00,0.0,0.0,0.0,-1.772
2020-08-12 23:00:00-03:00,0.0,0.0,0.0,-1.835
2020-08-13 00:00:00-03:00,0.0,0.0,0.0,-1.802
2020-08-13 01:00:00-03:00,0.0,0.0,0.0,-1.725
2020-08-13 02:00:00-03:00,0.0,0.0,0.0,-1.654
2020-08-13 03:00:00-03:00,0.0,0.0,0.0,-1.502
2020-08-13 04:00:00-03:00,0.0,0.0,0.0,-1.5110000000000001
2020-08-13 05:00:00-03:00,0.0,0.0,0.0,-1.55
2020-08-13 06:00:00-03:00,0.0,0.0,0.0,-1.745
2020-08-13 07:00:00-03:00,0.0,0.0,0.0,-1.9609999999999999
2020-08-13 08:00:00-03:00,0.0,0.0,0.0,-2.24
2020-08-13 09:00:00-03:00,0.037,0.033,0.019,-1.966
2020-08-13 10:00:00-03:00,0.14400000000000002,0.094,0.068,-0.546
2020-08-13 11:00:00-03:00,0.25,0.158,0.113,0.5710000000000001
2020-08-13 12:00:00-03:00,0.34700000000000003,0.231,0.145,1.268
2020-08-13 13:00:00-03:00,0.433,0.317,0.153,1.658
2020-08-13 14:00:00-03:00,0.433,0.327,0.14400000000000002,1.862
2020-08-13 15:00:00-03:00,0.41100000000000003,0.327,0.11900000000000001,1.8940000000000001
2020-08-13 16:00:00-03:00,0.34400000000000003,0.28600000000000003,0.08700000000000001,1.544
2020-08-13 17:00:00-03:00,0.201,0.17400000000000002,0.046,-0.042
2020-08-13 18:00:00-03:00,0.007,0.013000000000000001,0.004,-2.337
2020-08-13 19:00:00-03:00,0.0,0.0,0.0,-2.887
2020-08-13 20:00:00-03:00,0.0,0.0,0.0,-3.122
2020-08-13 21:00:00-03:00,0.0,0.0,0.0,-3.592
2020-08-13 22:00:00-03:00,0.0,0.0,0.0,-3.585
2020-08-13 23:00:00-03:00,0.0,0.0,0.0,-3.535
2020-08-14 00:00:00-03:00,0.0,0.0,0.0,-3.876
2020-08-14 01:00:00-03:00,0.0,0.0,0.0,-4.578
2020-08-14 02:00:00-03:00,0.0,0.0,0.0,-4.986
2020-08-14 03:00:00-03:00,0.0,0.0,0.0,-5.032
2020-08-14 04:00:00-03:00,0.0,0.0,0.0,-4.678
2020-08-14 05:00:00-03:00,0.0,0.0,0.0,-4.394
2020-08-14 06:00:00-03:00,0.0,0.0,0.0,-4.315
2020-08-14 07:00:00-03:00,0.0,0.0,0.0,-4.24
2020-08-14 08:00:00-03:00,0.0,0.0,0.0,-4.211
2020-08-14 09:00:00-03:00,0.008,0.006,0.012,-4.033
2020-08-14 10:00:00-03:00,0.035,0.009000000000000001,0.041,-3.193
2020-08-14 11:00:00-03:00,0.07200000000000001,0.013000000000000001,0.075,-2.313
2020-08-14 12:00:00-03:00,0.126,0.025,0.11900000000000001,-1.129
2020-08-14 13:00:00-03:00,0.242,0.08700000000000001,0.176,0.371
2020-08-14 14:00:00-03:00,0.335,0.187,0.17500000000000002,1.6480000000000001
2020-08-14 15:00:00-03:00,0.271,0.152,0.14300000000000002,2.1
2020-08-14 16:00:00-03:00,0.11800000000000001,0.051000000000000004,0.08700000000000001,1.774
2020-08-14 17:00:00-03:00,0.029,0.013000000000000001,0.031,0.6950000000000001
2020-08-14 18:00:00-03:00,0.0,0.001,0.002,-0.517
2020-08-14 19:00:00-03:00,0.0,0.0,0.0,-1.107
2020-08-14 20:00:00-03:00,0.0,0.0,0.0,-1.4969999999999999
2020-08-14 21:00:00-03:00,0.0,0.0,0.0,-1.206
2020-08-14 22:00:00-03:00,0.0,0.0,0.0,-0.47500000000000003
2020-08-14 23:00:00-03:00,0.0,0.0,0.0,-0.24
2020-08-15 00:00:00-03:00,0.0,0.0,0.0,-0.426
2020-08-15 01:00:00-03:00,0.0,0.0,0.0,-1.077
2020-08-15 02:00:00-03:00,0.0,0.0,0.0,-2.013
2020-08-15 03:00:00-03:00,0.0,0.0,0.0,-2.734
2020-08-15 04:00:00-03:00,0.0,0.0,0.0,-3.255
2020-08-15 05:00:00-03:00,0.0,0.0,0.0,-3.432
2020-08-15 06:00:00-03:00,0.0,0.0,0.0,-3.08
2020-08-15 07:00:00-03:00,0.0,0.0,0.0,-2.791
2020-08-15 08:00:00-03:00,0.0,0.0,0.0,-2.618
2020-08-15 09:00:00-03:00,0.001,0.001,0.006,-2.511
2020-08-15 10:00:00-03:00,0.016,0.002,0.026000000000000002,-2.1390000000000002
2020-08-15 11:00:00-03:00,0.042,0.004,0.053,-1.297
2020-08-15 12:00:00-03:00,0.091,0.01,0.098,-0.036000000000000004
2020-08-15 13:00:00-03:00,0.159,0.026000000000000002,0.152,1.362
2020-08-15 14:00:00-03:00,0.109,0.013000000000000001,0.115,2.2800000000000002
2020-08-15 15:00:00-03:00,0.079,0.01,0.08700000000000001,2.238
2020-08-15 16:00:00-03:00,0.054,0.01,0.061,1.744
2020-08-15 17:00:00-03:00,0.031,0.012,0.034,0.842
2020-08-15 18:00:00-03:00,0.0,0.002,0.003,-0.012
2020-08-15 19:00:00-03:00,0.0,0.0,0.0,-0.418
2020-08-15 20:00:00-03:00,0.0,0.0,0.0,-0.62
2020-08-15 21:00:00-03:00,0.0,0.0,0.0,-0.615
2020-08-15 22:00:00-03:00,0.0,0.0,0.0,-0.423
2020-08-15 23:00:00-03:00,0.0,0.0,0.0,0.124
2020-08-16 00:00:00-03:00,0.0,0.0,0.0,0.5730000000000001
2020-08-16 01:00:00-03:00,0.0,0.0,0.0,0.732
2020-08-16 02:00:00-03:00,0.0,0.0,0.0,0.901
2020-08-16 03:00:00-03:00,0.0,0.0,0.0,1.283
2020-08-16 04:00:00-03:00,0.0,0.0,0.0,1.756
2020-08-16 05:00:00-03:00,0.0,0.0,0.0,1.974
2020-08-16 06:00:00-03:00,0.0,0.0,0.0,1.874
2020-08-16 07:00:00-03:00,0.0,0.0,0.0,1.486
2020-08-16 08:00:00-03:00,0.0,0.0,0.0,1.215
2020-08-16 09:00:00-03:00,0.092,0.083,0.027,1.213
2020-08-16 10:00:00-03:00,0.257,0.20400000000000001,0.076,1.694
2020-08-16 11:00:00-03:00,0.437,0.369,0.107,2.194
2020-08-16 12:00:00-03:00,0.529,0.461,0.122,2.563
2020-08-16 13:00:00-03:00,0.524,0.443,0.136,2.86
2020-08-16 14:00:00-03:00,0.547,0.481,0.126,3.089
2020-08-16 15:00:00-03:00,0.457,0.379,0.122,3.013
2020-08-16 16:00:00-03:00,0.153,0.082,0.091,2.432
2020-08-16 17:00:00-03:00,0.022,0.01,0.026000000000000002,1.603
2020-08-16 18:00:00-03:00,0.0,0.001,0.002,0.84
2020-08-16 19:00:00-03:00,0.0,0.0,0.0,0.279
2020-08-16 20:00:00-03:00,0.0,0.0,0.0,-0.179
2020-08-16 21:00:00-03:00,0.0,0.0,0.0,-0.603
2020-08-16 22:00:00-03:00,0.0,0.0,0.0,-0.47300000000000003
2020-08-16 23:00:00-03:00,0.0,0.0,0.0,-0.031
2020-08-17 00:00:00-03:00,0.0,0.0,0.0,0.653
2020-08-17 01:00:00-03:00,0.0,0.0,0.0,0.8170000000000001
2020-08-17 02:00:00-03:00,0.0,0.0,0.0,0.918
2020-08-17 03:00:00-03:00,0.0,0.0,0.0,0.909
2020-08-17 04:00:00-03:00,0.0,0.0,0.0,0.837
2020-08-17 05:00:00-03:00,0.0,0.0,0.0,0.731
2020-08-17 06:00:00-03:00,0.0,0.0,0.0,0.658
2020-08-17 07:00:00-03:00,0.0,0.0,0.0,0.536
2020-08-17 08:00:00-03:00,0.0,0.0,0.0,0.337
2020-08-17 09:00:00-03:00,0.019,0.012,0.019,0.34400000000000003
2020-08-17 10:00:00-03:00,0.081,0.033,0.066,0.925
2020-08-17 11:00:00-03:00,0.155,0.058,0.117,1.756
2020-08-17 12:00:00-03:00,0.192,0.059000000000000004,0.155,2.497
2020-08-17 13:00:00-03:00,0.137,0.02,0.136,2.317
2020-08-17 14:00:00-03:00,0.083,0.008,0.093,1.869
2020-08-17 15:00:00-03:00,0.09,0.014,0.095,2.285
2020-08-17 16:00:00-03:00,0.109,0.039,0.089,2.446
2020-08-17 17:00:00-03:00,0.051000000000000004,0.025,0.042,1.704
2020-08-17 18:00:00-03:00,0.0,0.002,0.003,0.8210000000000001
2020-08-17 19:00:00-03:00,0.0,0.0,0.0,0.607
2020-08-17 20:00:00-03:00,0.0,0.0,0.0,0.6910000000000001
2020-08-17 21:00:00-03:00,0.0,0.0,0.0,0.624
2020-08-17 22:00:00-03:00,0.0,0.0,0.0,0.506
2020-08-17 23:00:00-03:00,0.0,0.0,0.0,0.382
2020-08-18 00:00:00-03:00,0.0,0.0,0.0,0.163
2020-08-18 01:00:00-03:00,0.0,0.0,0.0,-0.151
2020-08-18 02:00:00-03:00,0.0,0.0,0.0,-0.562
2020-08-18 03:00:00-03:00,0.0,0.0,0.0,-1.054
2020-08-18 04:00:00-03:00,0.0,0.0,0.0,-1.521
2020-08-18 05:00:00-03:00,0.0,0.0,0.0,-1.9260000000000002
2020-08-18 06:00:00-03:00,0.0,0.0,0.0,-2.219
2020-08-18 07:00:00-03:00,0.0,0.0,0.0,-2.396
2020-08-18 08:00:00-03:00,0.0,0.0,0.0,-2.52
2020-08-18 09:00:00-03:00,0.112,0.098,0.031,-2.312
2020-08-18 10:00:00-03:00,0.23700000000000002,0.176,0.079,-1.401
2020-08-18 11:00:00-03:00,0.31,0.213,0.12,-0.4
2020-08-18 12:00:00-03:00,0.384,0.261,0.152,0.421
2020-08-18 13:00:00-03:00,0.401,0.263,0.17,0.923
2020-08-18 14:00:00-03:00,0.373,0.23800000000000002,0.165,1.178
2020-08-18 15:00:00-03:00,0.343,0.23500000000000001,0.136,1.301
2020-08-18 16:00:00-03:00,0.293,0.219,0.098,1.152
2020-08-18 17:00:00-03:00,0.169,0.135,0.053,0.336
2020-08-18 18:00:00-03:00,0.016,0.021,0.007,-1.741
2020-08-18 19:00:00-03:00,0.0,0.0,0.0,-2.51
2020-08-18 20:00:00-03:00,0.0,0.0,0.0,-2.842
2020-08-18 21:00:00-03:00,0.0,0.0,0.0,-3.038
2020-08-18 22:00:00-03:00,0.0,0.0,0.0,-3.036
2020-08-18 23:00:00-03:00,0.0,0.0,0.0,-3.463
2020-08-19 00:00:00-03:00,0.0,0.0,0.0,-3.771
2020-08-19 01:00:00-03:00,0.0,0.0,0.0,-3.593
2020-08-19 02:00:00-03:00,0.0,0.0,0.0,-3.368
2020-08-19 03:00:00-03:00,0.0,0.0,0.0,-3.421
2020-08-19 04:00:00-03:00,0.0,0.0,0.0,-3.362
2020-08-19 05:00:00-03:00,0.0,0.0,0.0,-3.243
2020-08-19 06:00:00-03:00,0.0,0.0,0.0,-2.996
2020-08-19 07:00:00-03:00,0.0,0.0,0.0,-2.2
2020-08-19 08:00:00-03:00,0.0,0.0,0.0,-1.061
2020-08-19 09:00:00-03:00,0.005,0.003,0.011,0.636
2020-08-19 10:00:00-03:00,0.04,0.009000000000000001,0.047,2.39
2020-08-19 11:00:00-03:00,0.07,0.012,0.077,3.399
2020-08-19 12:00:00-03:00,0.105,0.016,0.11,4.132
2020-08-19 13:00:00-03:00,0.192,0.046,0.169,4.9510000000000005
2020-08-19 14:00:00-03:00,0.28200000000000003,0.127,0.185,5.673
2020-08-19 15:00:00-03:00,0.318,0.199,0.152,6.09
2020-08-19 16:00:00-03:00,0.224,0.14200000000000002,0.109,5.936
2020-08-19 17:00:00-03:00,0.055,0.029,0.044,5.288
2020-08-19 18:00:00-03:00,0.003,0.005,0.005,4.68
2020-08-19 19:00:00-03:00,0.0,0.0,0.0,4.283
2020-08-19 20:00:00-03:00,0.0,0.0,0.0,3.996
2020-08-19 21:00:00-03:00,0.0,0.0,0.0,3.8449999999999998
2020-08-19 22:00:00-03:00,0.0,0.0,0.0,3.752
2020-08-19 23:00:00-03:00,0.0,0.0,0.0,3.761
2020-08-20 00:00:00-03:00,0.0,0.0,0.0,3.909
2020-08-20 01:00:00-03:00,0.0,0.0,0.0,4.017
2020-08-20 02:00:00-03:00,0.0,0.0,0.0,3.969
2020-08-20 03:00:00-03:00,0.0,0.0,0.0,3.7
2020-08-20 04:00:00-03:00,0.0,0.0,0.0,3.317
2020-08-20 05:00:00-03:00,0.0,0.0,0.0,3.058
2020-08-20 06:00:00-03:00,0.0,0.0,0.0,3.01
2020-08-20 07:00:00-03:00,0.0,0.0,0.0,3.113
2020-08-20 08:00:00-03:00,0.0,0.0,0.0,3.32
2020-08-20 09:00:00-03:00,0.005,0.003,0.011,3.585
2020-08-20 10:00:00-03:00,0.043000000000000003,0.01,0.049,4.052
2020-08-20 11:00:00-03:00,0.135,0.042,0.115,4.805
2020-08-20 12:00:00-03:00,0.229,0.08600000000000001,0.169,5.657
2020-08-20 13:00:00-03:00,0.275,0.107,0.198,6.311
2020-08-20 14:00:00-03:00,0.228,0.075,0.18,6.489
2020-08-20 15:00:00-03:00,0.14200000000000002,0.037,0.128,6.314
2020-08-20 16:00:00-03:00,0.066,0.014,0.07,5.906
2020-08-20 17:00:00-03:00,0.017,0.005,0.026000000000000002,5.384
2020-08-20 18:00:00-03:00,0.0,0.001,0.003,4.85
2020-08-20 19:00:00-03:00,0.0,0.0,0.0,4.416
2020-08-20 20:00:00-03:00,0.0,0.0,0.0,4.19
2020-08-20 21:00:00-03:00,0.0,0.0,0.0,4.063
2020-08-20 22:00:00-03:00,0.0,0.0,0.0,4.465
2020-08-20 23:00:00-03:00,0.0,0.0,0.0,4.783
2020-08-21 00:00:00-03:00,0.0,0.0,0.0,4.779
2020-08-21 01:00:00-03:00,0.0,0.0,0.0,4.667
2020-08-21 02:00:00-03:00,0.0,0.0,0.0,4.51
2020-08-21 03:00:00-03:00,0.0,0.0,0.0,4.252
2020-08-21 04:00:00-03:00,0.0,0.0,0.0,3.8280000000000003
2020-08-21 05:00:00-03:00,0.0,0.0,0.0,3.313
2020-08-21 06:00:00-03:00,0.0,0.0,0.0,3.208
2020-08-21 07:00:00-03:00,0.0,0.0,0.0,3.268
2020-08-21 08:00:00-03:00,0.0,0.003,0.001,3.285
2020-08-21 09:00:00-03:00,0.08700000000000001,0.07200000000000001,0.034,3.983
2020-08-21 10:00:00-03:00,0.304,0.25,0.085,5.482
2020-08-21 11:00:00-03:00,0.495,0.446,0.111,7.314
2020-08-21 12:00:00-03:00,0.47200000000000003,0.39,0.14300000000000002,8.75
2020-08-21 13:00:00-03:00,0.444,0.329,0.17200000000000001,9.372
2020-08-21 14:00:00-03:00,0.301,0.156,0.182,9.252
2020-08-21 15:00:00-03:00,0.113,0.027,0.109,8.298
2020-08-21 16:00:00-03:00,0.056,0.013000000000000001,0.062,7.169
2020-08-21 17:00:00-03:00,0.049,0.023,0.043000000000000003,6.228
2020-08-21 18:00:00-03:00,0.003,0.006,0.006,4.998
2020-08-21 19:00:00-03:00,0.0,0.0,0.0,3.857
2020-08-21 20:00:00-03:00,0.0,0.0,0.0,3.216
2020-08-21 21:00:00-03:00,0.0,0.0,0.0,2.776
2020-08-21 22:00:00-03:00,0.0,0.0,0.0,2.238
2020-08-21 23:00:00-03:00,0.0,0.0,0.0,1.984
2020-08-22 00:00:00-03:00,0.0,0.0,0.0,1.8090000000000002
2020-08-22 01:00:00-03:00,0.0,0.0,0.0,1.666
2020-08-22 02:00:00-03:00,0.0,0.0,0.0,1.6059999999999999
2020-08-22 03:00:00-03:00,0.0,0.0,0.0,1.611
2020-08-22 04:00:00-03:00,0.0,0.0,0.0,1.434
2020-08-22 05:00:00-03:00,0.0,0.0,0.0,1.1280000000000001
2020-08-22 06:00:00-03:00,0.0,0.0,0.0,1.066
2020-08-22 07:00:00-03:00,0.0,0.0,0.0,1.092
2020-08-22 08:00:00-03:00,0.0,0.0,0.001,1.104
2020-08-22 09:00:00-03:00,0.015,0.007,0.02,1.8940000000000001
2020-08-22 10:00:00-03:00,0.044,0.009000000000000001,0.051000000000000004,3.503
2020-08-22 11:00:00-03:00,0.083,0.014,0.088,5.3
2020-08-22 12:00:00-03:00,0.115,0.016,0.121,6.281
2020-08-22 13:00:00-03:00,0.132,0.016,0.138,6.747
2020-08-22 14:00:00-03:00,0.147,0.023,0.148,6.907
2020-08-22 15:00:00-03:00,0.115,0.021,0.116,6.393
2020-08-22 16:00:00-03:00,0.063,0.012,0.07,5.436
2020-08-22 17:00:00-03:00,0.025,0.007,0.033,4.239
2020-08-22 18:00:00-03:00,0.002,0.003,0.006,2.963
2020-08-22 19:00:00-03:00,0.0,0.0,0.0,1.903
2020-08-22 20:00:00-03:00,0.0,0.0,0.0,1.187
2020-08-22 21:00:00-03:00,0.0,0.0,0.0,0.592
2020-08-22 22:00:00-03:00,0.0,0.0,0.0,0.10200000000000001
2020-08-22 23:00:00-03:00,0.0,0.0,0.0,-0.355
2020-08-23 00:00:00-03:00,0.0,0.0,0.0,-0.754
2020-08-23 01:00:00-03:00,0.0,0.0,0.0,-1.134
2020-08-23 02:00:00-03:00,0.0,0.0,0.0,-1.624
2020-08-23 03:00:00-03:00,0.0,0.0,0.0,-1.724
2020-08-23 04:00:00-03:00,0.0,0.0,0.0,-1.815
2020-08-23 05:00:00-03:00,0.0,0.0,0.0,-1.897
2020-08-23 06:00:00-03:00,0.0,0.0,0.0,-1.9540000000000002
2020-08-23 07:00:00-03:00,0.0,0.0,0.0,-2.126
2020-08-23 08:00:00-03:00,0.0,0.002,0.001,-2.231
2020-08-23 09:00:00-03:00,0.11800000000000001,0.096,0.039,-1.233
2020-08-23 10:00:00-03:00,0.296,0.229,0.09,0.088
2020-08-23 11:00:00-03:00,0.293,0.186,0.132,1.216
2020-08-23 12:00:00-03:00,0.328,0.186,0.17,1.9340000000000002
2020-08-23 13:00:00-03:00,0.339,0.176,0.193,2.424
2020-08-23 14:00:00-03:00,0.313,0.157,0.184,2.67
2020-08-23 15:00:00-03:00,0.243,0.11800000000000001,0.149,2.569
2020-08-23 16:00:00-03:00,0.163,0.081,0.10200000000000001,2.181
2020-08-23 17:00:00-03:00,0.089,0.053,0.055,1.353
2020-08-23 18:00:00-03:00,0.012,0.014,0.009000000000000001,0.07200000000000001
2020-08-23 19:00:00-03:00,0.0,0.0,0.0,-0.5720000000000001
2020-08-23 20:00:00-03:00,0.0,0.0,0.0,-0.844
2020-08-23 21:00:00-03:00,0.0,0.0,0.0,-1.164
2020-08-23 22:00:00-03:00,0.0,0.0,0.0,-1.344
2020-08-23 23:00:00-03:00,0.0,0.0,0.0,-1.552
2020-08-24 00:00:00-03:00,0.0,0.0,0.0,-1.72
2020-08-24 01:00:00-03:00,0.0,0.0,0.0,-1.803
2020-08-24 02:00:00-03:00,0.0,0.0,0.0,-1.7469999999999999
2020-08-24 03:00:00-03:00,0.0,0.0,0.0,-1.417
2020-08-24 04:00:00-03:00,0.0,0.0,0.0,-0.795
2020-08-24 05:00:00-03:00,0.0,0.0,0.0,-0.772
2020-08-24 06:00:00-03:00,0.0,0.0,0.0,-0.987
2020-08-24 07:00:00-03:00,0.0,0.0,0.0,-1.259
2020-08-24 08:00:00-03:00,0.0,0.003,0.002,-1.307
2020-08-24 09:00:00-03:00,0.08700000000000001,0.067,0.037,-0.6980000000000001
2020-08-24 10:00:00-03:00,0.26,0.194,0.088,0.747
2020-08-24 11:00:00-03:00,0.441,0.36,0.12,2.182
2020-08-24 12:00:00-03:00,0.501,0.41000000000000003,0.14200000000000002,3.032
2020-08-24 13:00:00-03:00,0.47700000000000004,0.36,0.166,3.407
2020-08-24 14:00:00-03:00,0.43,0.305,0.167,3.545
2020-08-24 15:00:00-03:00,0.394,0.29,0.14100000000000001,3.5380000000000003
2020-08-24 16:00:00-03:00,0.331,0.255,0.107,3.314
2020-08-24 17:00:00-03:00,0.15,0.11,0.06,2.123
2020-08-24 18:00:00-03:00,0.034,0.037,0.012,-0.52
2020-08-24 19:00:00-03:00,0.0,0.0,0.0,-1.513
2020-08-24 20:00:00-03:00,0.0,0.0,0.0,-2.4859999999999998
2020-08-24 21:00:00-03:00,0.0,0.0,0.0,-2.93
2020-08-24 22:00:00-03:00,0.0,0.0,0.0,-3.043
2020-08-24 23:00:00-03:00,0.0,0.0,0.0,-3.121
2020-08-25 00:00:00-03:00,0.0,0.0,0.0,-3.558
2020-08-25 01:00:00-03:00,0.0,0.0,0.0,-3.8449999999999998
2020-08-25 02:00:00-03:00,0.0,0.0,0.0,-3.941
2020-08-25 03:00:00-03:00,0.0,0.0,0.0,-4.002
2020-08-25 04:00:00-03:00,0.0,0.0,0.0,-4.102
2020-08-25 05:00:00-03:00,0.0,0.0,0.0,-4.22
2020-08-25 06:00:00-03:00,0.0,0.0,0.0,-4.307
2020-08-25 07:00:00-03:00,0.0,0.0,0.0,-4.365
2020-08-25 08:00:00-03:00,0.021,0.031,0.003,-4.358
2020-08-25 09:00:00-03:00,0.515,0.519,0.032,-3.016
2020-08-25 10:00:00-03:00,0.71,0.743,0.051000000000000004,-1.248
2020-08-25 11:00:00-03:00,0.775,0.834,0.059000000000000004,1.6560000000000001
2020-08-25 12:00:00-03:00,0.793,0.871,0.057,3.689
2020-08-25 13:00:00-03:00,0.793,0.885,0.05,4.88
2020-08-25 14:00:00-03:00,0.787,0.877,0.054,5.64
2020-08-25 15:00:00-03:00,0.767,0.843,0.06,5.962
2020-08-25 16:00:00-03:00,0.7010000000000001,0.754,0.057,5.655
2020-08-25 17:00:00-03:00,0.5630000000000001,0.584,0.043000000000000003,3.435
2020-08-25 18:00:00-03:00,0.234,0.241,0.013000000000000001,-0.33
2020-08-25 19:00:00-03:00,0.0,0.0,0.0,-1.863
2020-08-25 20:00:00-03:00,0.0,0.0,0.0,-2.143
2020-08-25 21:00:00-03:00,0.0,0.0,0.0,-2.411
2020-08-25 22:00:00-03:00,0.0,0.0,0.0,-2.739
2020-08-25 23:00:00-03:00,0.0,0.0,0.0,-3.086
2020-08-26 00:00:00-03:00,0.0,0.0,0.0,-3.377
2020-08-26 01:00:00-03:00,0.0,0.0,0.0,-3.537
2020-08-26 02:00:00-03:00,0.0,0.0,0.0,-3.434
2020-08-26 03:00:00-03:00,0.0,0.0,0.0,-3.346
2020-08-26 04:00:00-03:00,0.0,0.0,0.0,-3.305
2020-08-26 05:00:00-03:00,0.0,0.0,0.0,-3.2640000000000002
2020-08-26 06:00:00-03:00,0.0,0.0,0.0,-3.133
2020-08-26 07:00:00-03:00,0.0,0.0,0.0,-3.001
2020-08-26 08:00:00-03:00,0.005,0.011,0.003,-2.827
2020-08-26 09:00:00-03:00,0.149,0.121,0.045,-1.6099999999999999
2020-08-26 10:00:00-03:00,0.263,0.188,0.096,-0.098
2020-08-26 11:00:00-03:00,0.308,0.195,0.14,1.875
2020-08-26 12:00:00-03:00,0.307,0.156,0.179,3.067
2020-08-26 13:00:00-03:00,0.246,0.078,0.192,3.371
2020-08-26 14:00:00-03:00,0.186,0.044,0.163,3.3609999999999998
2020-08-26 15:00:00-03:00,0.149,0.04,0.13,3.282
2020-08-26 16:00:00-03:00,0.128,0.049,0.099,3.034
2020-08-26 17:00:00-03:00,0.08600000000000001,0.047,0.058,2.071
2020-08-26 18:00:00-03:00,0.017,0.018000000000000002,0.012,0.168
2020-08-26 19:00:00-03:00,0.0,0.0,0.0,-0.6000000000000001
2020-08-26 20:00:00-03:00,0.0,0.0,0.0,-0.17200000000000001
2020-08-26 21:00:00-03:00,0.0,0.0,0.0,0.043000000000000003
2020-08-26 22:00:00-03:00,0.0,0.0,0.0,0.001
2020-08-26 23:00:00-03:00,0.0,0.0,0.0,-0.015
2020-08-27 00:00:00-03:00,0.0,0.0,0.0,-0.249
2020-08-27 01:00:00-03:00,0.0,0.0,0.0,-0.618
2020-08-27 02:00:00-03:00,0.0,0.0,0.0,-0.973
2020-08-27 03:00:00-03:00,0.0,0.0,0.0,-1.284
2020-08-27 04:00:00-03:00,0.0,0.0,0.0,-1.438
2020-08-27 05:00:00-03:00,0.0,0.0,0.0,-1.411
2020-08-27 06:00:00-03:00,0.0,0.0,0.0,-1.465
2020-08-27 07:00:00-03:00,0.0,0.0,0.0,-1.584
2020-08-27 08:00:00-03:00,0.008,0.014,0.004,-1.3820000000000001
2020-08-27 09:00:00-03:00,0.154,0.125,0.048,0.131
2020-08-27 10:00:00-03:00,0.17200000000000001,0.1,0.093,1.678
2020-08-27 11:00:00-03:00,0.157,0.055,0.123,2.456
2020-08-27 12:00:00-03:00,0.196,0.058,0.16,2.599
2020-08-27 13:00:00-03:00,0.292,0.115,0.20400000000000001,2.706
2020-08-27 14:00:00-03:00,0.309,0.14300000000000002,0.194,2.718
2020-08-27 15:00:00-03:00,0.293,0.159,0.161,2.705
2020-08-27 16:00:00-03:00,0.184,0.093,0.112,2.529
2020-08-27 17:00:00-03:00,0.09,0.049,0.059000000000000004,2.019
2020-08-27 18:00:00-03:00,0.021,0.021,0.013000000000000001,0.96
2020-08-27 19:00:00-03:00,0.0,0.0,0.0,-0.197
2020-08-27 20:00:00-03:00,0.0,0.0,0.0,-1.141
2020-08-27 21:00:00-03:00,0.0,0.0,0.0,-1.6640000000000001
2020-08-27 22:00:00-03:00,0.0,0.0,0.0,-1.9260000000000002
2020-08-27 23:00:00-03:00,0.0,0.0,0.0,-2.183
2020-08-28 00:00:00-03:00,0.0,0.0,0.0,-2.358
2020-08-28 01:00:00-03:00,0.0,0.0,0.0,-2.458
2020-08-28 02:00:00-03:00,0.0,0.0,0.0,-2.553
2020-08-28 03:00:00-03:00,0.0,0.0,0.0,-2.435
2020-08-28 04:00:00-03:00,0.0,0.0,0.0,-2.205
2020-08-28 05:00:00-03:00,0.0,0.0,0.0,-2.27
2020-08-28 06:00:00-03:00,0.0,0.0,0.0,-2.449
2020-08-28 07:00:00-03:00,0.0,0.0,0.0,-2.314
2020-08-28 08:00:00-03:00,0.0,0.001,0.002,-2.101
2020-08-28 09:00:00-03:00,0.026000000000000002,0.012,0.027,-1.814
2020-08-28 10:00:00-03:00,0.221,0.14100000000000001,0.099,-1.23
2020-08-28 11:00:00-03:00,0.36,0.246,0.14,-0.607
2020-08-28 12:00:00-03:00,0.40800000000000003,0.265,0.17400000000000002,-0.10200000000000001
2020-08-28 13:00:00-03:00,0.406,0.23800000000000002,0.199,0.244
2020-08-28 14:00:00-03:00,0.404,0.248,0.188,0.532
2020-08-28 15:00:00-03:00,0.418,0.297,0.155,0.76
2020-08-28 16:00:00-03:00,0.22,0.124,0.116,0.531
2020-08-28 17:00:00-03:00,0.058,0.026000000000000002,0.049,-0.011
2020-08-28 18:00:00-03:00,0.056,0.055,0.018000000000000002,-0.704
2020-08-28 19:00:00-03:00,0.0,0.0,0.0,-1.472
2020-08-28 20:00:00-03:00,0.0,0.0,0.0,-1.7770000000000001
2020-08-28 21:00:00-03:00,0.0,0.0,0.0,-2.008
2020-08-28 22:00:00-03:00,0.0,0.0,0.0,-2.132
2020-08-28 23:00:00-03:00,0.0,0.0,0.0,-2.308
2020-08-29 00:00:00-03:00,0.0,0.0,0.0,-2.475
2020-08-29 01:00:00-03:00,0.0,0.0,0.0,-2.69
2020-08-29 02:00:00-03:00,0.0,0.0,0.0,-2.823
2020-08-29 03:00:00-03:00,0.0,0.0,0.0,-2.762
2020-08-29 04:00:00-03:00,0.0,0.0,0.0,-2.713
2020-08-29 05:00:00-03:00,0.0,0.0,0.0,-2.6390000000000002
2020-08-29 06:00:00-03:00,0.0,0.0,0.0,-1.8639999999999999
2020-08-29 07:00:00-03:00,0.0,0.0,0.0,-1.001
2020-08-29 08:00:00-03:00,0.004,0.007,0.005,-0.051000000000000004
2020-08-29 09:00:00-03:00,0.051000000000000004,0.028,0.04,1.05
2020-08-29 10:00:00-03:00,0.08600000000000001,0.026000000000000002,0.078,2.177
2020-08-29 11:00:00-03:00,0.083,0.013000000000000001,0.089,2.912
2020-08-29 12:00:00-03:00,0.112,0.013000000000000001,0.11900000000000001,3.482
2020-08-29 13:00:00-03:00,0.146,0.018000000000000002,0.149,3.96
2020-08-29 14:00:00-03:00,0.20700000000000002,0.047,0.183,4.472
2020-08-29 15:00:00-03:00,0.179,0.051000000000000004,0.151,4.6370000000000005
2020-08-29 16:00:00-03:00,0.09,0.023,0.08700000000000001,4.303
2020-08-29 17:00:00-03:00,0.084,0.04,0.064,3.928
2020-08-29 18:00:00-03:00,0.013000000000000001,0.012,0.013000000000000001,3.105
2020-08-29 19:00:00-03:00,0.0,0.0,0.0,2.352
2020-08-29 20:00:00-03:00,0.0,0.0,0.0,2.233
2020-08-29 21:00:00-03:00,0.0,0.0,0.0,2.136
2020-08-29 22:00:00-03:00,0.0,0.0,0.0,2.021
2020-08-29 23:00:00-03:00,0.0,0.0,0.0,1.911
2020-08-30 00:00:00-03:00,0.0,0.0,0.0,1.654
2020-08-30 01:00:00-03:00,0.0,0.0,0.0,1.314
2020-08-30 02:00:00-03:00,0.0,0.0,0.0,0.641
2020-08-30 03:00:00-03:00,0.0,0.0,0.0,-0.155
2020-08-30 04:00:00-03:00,0.0,0.0,0.0,-0.837
2020-08-30 05:00:00-03:00,0.0,0.0,0.0,-1.238
2020-08-30 06:00:00-03:00,0.0,0.0,0.0,-1.552
2020-08-30 07:00:00-03:00,0.0,0.0,0.0,-1.999
2020-08-30 08:00:00-03:00,0.017,0.024,0.006,-1.982
2020-08-30 09:00:00-03:00,0.17,0.139,0.049,-1.133
2020-08-30 10:00:00-03:00,0.34900000000000003,0.28,0.095,-0.129
2020-08-30 11:00:00-03:00,0.421,0.327,0.128,0.586
2020-08-30 12:00:00-03:00,0.605,0.542,0.129,1.149
2020-08-30 13:00:00-03:00,0.612,0.545,0.135,1.392
2020-08-30 14:00:00-03:00,0.628,0.5730000000000001,0.128,1.544
2020-08-30 15:00:00-03:00,0.513,0.429,0.133,1.449
2020-08-30 16:00:00-03:00,0.30000000000000004,0.211,0.114,1.1219999999999999
2020-08-30 17:00:00-03:00,0.196,0.145,0.07100000000000001,0.617
2020-08-30 18:00:00-03:00,0.046,0.044,0.017,-0.361
2020-08-30 19:00:00-03:00,0.0,0.0,0.0,-2.101
2020-08-30 20:00:00-03:00,0.0,0.0,0.0,-2.706
2020-08-30 21:00:00-03:00,0.0,0.0,0.0,-2.964
2020-08-30 22:00:00-03:00,0.0,0.0,0.0,-2.903
2020-08-30 23:00:00-03:00,0.0,0.0,0.0,-2.856
2020-08-31 00:00:00-03:00,0.0,0.0,0.0,-2.7119999999999997
2020-08-31 01:00:00-03:00,0.0,0.0,0.0,-2.185
2020-08-31 02:00:00-03:00,0.0,0.0,0.0,-1.9649999999999999
2020-08-31 03:00:00-03:00,0.0,0.0,0.0,-1.8479999999999999
2020-08-31 04:00:00-03:00,0.0,0.0,0.0,-1.694
2020-08-31 05:00:00-03:00,0.0,0.0,0.0,-1.5779999999999998
2020-08-31 06:00:00-03:00,0.0,0.0,0.0,-1.4969999999999999
2020-08-31 07:00:00-03:00,0.0,0.0,0.0,-1.312
2020-08-31 08:00:00-03:00,0.003,0.006,0.005,-0.81
2020-08-31 09:00:00-03:00,0.04,0.02,0.036000000000000004,0.307
2020-08-31 10:00:00-03:00,0.096,0.035,0.079,1.4060000000000001
2020-08-31 11:00:00-03:00,0.234,0.116,0.14200000000000002,2.865
2020-08-31 12:00:00-03:00,0.558,0.47000000000000003,0.155,4.317
2020-08-31 13:00:00-03:00,0.509,0.383,0.184,4.906
2020-08-31 14:00:00-03:00,0.326,0.162,0.197,4.827
2020-08-31 15:00:00-03:00,0.291,0.156,0.164,4.671
2020-08-31 16:00:00-03:00,0.274,0.179,0.122,4.344
2020-08-31 17:00:00-03:00,0.258,0.20700000000000002,0.076,3.529
2020-08-31 18:00:00-03:00,0.135,0.13,0.025,1.051
2020-08-31 19:00:00-03:00,0.0,0.0,0.0,-0.301
2020-08-31 20:00:00-03:00,0.0,0.0,0.0,0.069
2020-08-31 21:00:00-03:00,0.0,0.0,0.0,0.266
2020-08-31 22:00:00-03:00,0.0,0.0,0.0,-0.033
2020-08-31 23:00:00-03:00,0.0,0.0,0.0,-0.672
2020-09-01 00:00:00-03:00,0.0,0.0,0.0,-1.686
2020-09-01 01:00:00-03:00,0.0,0.0,0.0,-1.979
2020-09-01 02:00:00-03:00,0.0,0.0,0.0,-1.73
2020-09-01 03:00:00-03:00,0.0,0.0,0.0,-1.037
2020-09-01 04:00:00-03:00,0.0,0.0,0.0,-0.732
2020-09-01 05:00:00-03:00,0.0,0.0,0.0,-0.864
2020-09-01 06:00:00-03:00,0.0,0.0,0.0,-1.1280000000000001
2020-09-01 07:00:00-03:00,0.0,0.0,0.0,-1.193
2020-09-01 08:00:00-03:00,0.007,0.011,0.006,-1.091
2020-09-01 09:00:00-03:00,0.08700000000000001,0.057,0.048,-0.483
2020-09-01 10:00:00-03:00,0.304,0.225,0.10300000000000001,0.789
2020-09-01 11:00:00-03:00,0.56,0.498,0.123,2.762
2020-09-01 12:00:00-03:00,0.498,0.388,0.164,4.441
2020-09-01 13:00:00-03:00,0.419,0.262,0.201,5.372
2020-09-01 14:00:00-03:00,0.47200000000000003,0.34400000000000003,0.183,6.311
2020-09-01 15:00:00-03:00,0.47300000000000003,0.376,0.153,6.949
2020-09-01 16:00:00-03:00,0.225,0.13,0.122,6.423
2020-09-01 17:00:00-03:00,0.062,0.026000000000000002,0.054,4.647
2020-09-01 18:00:00-03:00,0.013000000000000001,0.011,0.015,3.726
2020-09-01 19:00:00-03:00,0.0,0.0,0.0,3.229
2020-09-01 20:00:00-03:00,0.0,0.0,0.0,2.969
2020-09-01 21:00:00-03:00,0.0,0.0,0.0,2.636
2020-09-01 22:00:00-03:00,0.0,0.0,0.0,2.113
2020-09-01 23:00:00-03:00,0.0,0.0,0.0,1.491
2020-09-02 00:00:00-03:00,0.0,0.0,0.0,1.063
2020-09-02 01:00:00-03:00,0.0,0.0,0.0,0.966
2020-09-02 02:00:00-03:00,0.0,0.0,0.0,1.131
2020-09-02 03:00:00-03:00,0.0,0.0,0.0,1.399
2020-09-02 04:00:00-03:00,0.0,0.0,0.0,1.565
2020-09-02 05:00:00-03:00,0.0,0.0,0.0,1.855
2020-09-02 06:00:00-03:00,0.0,0.0,0.0,1.742
2020-09-02 07:00:00-03:00,0.0,0.0,0.0,1.328
2020-09-02 08:00:00-03:00,0.001,0.003,0.005,0.885
2020-09-02 09:00:00-03:00,0.029,0.01,0.034,1.321
2020-09-02 10:00:00-03:00,0.061,0.012,0.067,2.563
2020-09-02 11:00:00-03:00,0.076,0.009000000000000001,0.08600000000000001,3.305
2020-09-02 12:00:00-03:00,0.082,0.006,0.095,3.367
2020-09-02 13:00:00-03:00,0.091,0.005,0.105,3.535
2020-09-02 14:00:00-03:00,0.113,0.01,0.123,4.24
2020-09-02 15:00:00-03:00,0.135,0.024,0.133,5.302
2020-09-02 16:00:00-03:00,0.146,0.051000000000000004,0.11800000000000001,5.846
2020-09-02 17:00:00-03:00,0.122,0.066,0.077,5.18
2020-09-02 18:00:00-03:00,0.037,0.03,0.023,2.917
2020-09-02 19:00:00-03:00,0.0,0.0,0.0,1.283
2020-09-02 20:00:00-03:00,0.0,0.0,0.0,0.726
2020-09-02 21:00:00-03:00,0.0,0.0,0.0,0.224
2020-09-02 22:00:00-03:00,0.0,0.0,0.0,0.108
2020-09-02 23:00:00-03:00,0.0,0.0,0.0,0.262
2020-09-03 00:00:00-03:00,0.0,0.0,0.0,0.337
2020-09-03 01:00:00-03:00,0.0,0.0,0.0,0.213
2020-09-03 02:00:00-03:00,0.0,0.0,0.0,0.177
2020-09-03 03:00:00-03:00,0.0,0.0,0.0,0.06
2020-09-03 04:00:00-03:00,0.0,0.0,0.0,-0.07200000000000001
2020-09-03 05:00:00-03:00,0.0,0.0,0.0,-0.331
2020-09-03 06:00:00-03:00,0.0,0.0,0.0,-0.715
2020-09-03 07:00:00-03:00,0.0,0.0,0.0,-1.111
2020-09-03 08:00:00-03:00,0.007,0.009000000000000001,0.007,-0.56
2020-09-03 09:00:00-03:00,0.042,0.017,0.04,0.736
2020-09-03 10:00:00-03:00,0.063,0.013000000000000001,0.067,1.33
2020-09-03 11:00:00-03:00,0.074,0.009000000000000001,0.083,2.009
2020-09-03 12:00:00-03:00,0.124,0.015,0.129,2.906
2020-09-03 13:00:00-03:00,0.188,0.029,0.181,3.902
2020-09-03 14:00:00-03:00,0.232,0.059000000000000004,0.198,4.745
2020-09-03 15:00:00-03:00,0.20600000000000002,0.067,0.163,5.145
2020-09-03 16:00:00-03:00,0.17300000000000001,0.074,0.123,5.221
2020-09-03 17:00:00-03:00,0.149,0.09,0.08,4.718
2020-09-03 18:00:00-03:00,0.062,0.052000000000000005,0.027,2.277
2020-09-03 19:00:00-03:00,0.0,0.0,0.0,0.518
2020-09-03 20:00:00-03:00,0.0,0.0,0.0,0.249
2020-09-03 21:00:00-03:00,0.0,0.0,0.0,0.044
2020-09-03 22:00:00-03:00,0.0,0.0,0.0,-0.232
2020-09-03 23:00:00-03:00,0.0,0.0,0.0,-0.261
2020-09-04 00:00:00-03:00,0.0,0.0,0.0,-0.47700000000000004
2020-09-04 01:00:00-03:00,0.0,0.0,0.0,-0.458
2020-09-04 02:00:00-03:00,0.0,0.0,0.0,-0.378
2020-09-04 03:00:00-03:00,0.0,0.0,0.0,-0.259
2020-09-04 04:00:00-03:00,0.0,0.0,0.0,0.024
2020-09-04 05:00:00-03:00,0.0,0.0,0.0,0.356
2020-09-04 06:00:00-03:00,0.0,0.0,0.0,0.526
2020-09-04 07:00:00-03:00,0.0,0.0,0.0,0.713
2020-09-04 08:00:00-03:00,0.0,0.001,0.003,0.8150000000000001
2020-09-04 09:00:00-03:00,0.016,0.005,0.024,1.325
2020-09-04 10:00:00-03:00,0.056,0.012,0.061,1.877
2020-09-04 11:00:00-03:00,0.212,0.083,0.151,2.903
2020-09-04 12:00:00-03:00,0.289,0.122,0.195,3.995
2020-09-04 13:00:00-03:00,0.405,0.224,0.222,4.995
2020-09-04 14:00:00-03:00,0.54,0.426,0.18,5.999
2020-09-04 15:00:00-03:00,0.507,0.41100000000000003,0.158,6.492
2020-09-04 16:00:00-03:00,0.201,0.10300000000000001,0.123,6.111
2020-09-04 17:00:00-03:00,0.136,0.08,0.077,5.349
2020-09-04 18:00:00-03:00,0.07200000000000001,0.061,0.029,3.597
2020-09-04 19:00:00-03:00,0.0,0.0,0.0,1.42
2020-09-04 20:00:00-03:00,0.0,0.0,0.0,0.303
2020-09-04 21:00:00-03:00,0.0,0.0,0.0,0.23700000000000002
2020-09-04 22:00:00-03:00,0.0,0.0,0.0,0.554
2020-09-04 23:00:00-03:00,0.0,0.0,0.0,0.511
2020-09-05 00:00:00-03:00,0.0,0.0,0.0,0.079
2020-09-05 01:00:00-03:00,0.0,0.0,0.0,-0.245
2020-09-05 02:00:00-03:00,0.0,0.0,0.0,-0.648
2020-09-05 03:00:00-03:00,0.0,0.0,0.0,-1.05
2020-09-05 04:00:00-03:00,0.0,0.0,0.0,-1.329
2020-09-05 05:00:00-03:00,0.0,0.0,0.0,-1.475
2020-09-05 06:00:00-03:00,0.0,0.0,0.0,-1.577
2020-09-05 07:00:00-03:00,0.0,0.0,0.0,-1.625
2020-09-05 08:00:00-03:00,0.0,0.002,0.004,-1.46
2020-09-05 09:00:00-03:00,0.02,0.006,0.027,-0.862
2020-09-05 10:00:00-03:00,0.061,0.013000000000000001,0.064,0.001
2020-09-05 11:00:00-03:00,0.145,0.039,0.126,1.746
2020-09-05 12:00:00-03:00,0.312,0.14400000000000002,0.198,4.104
2020-09-05 13:00:00-03:00,0.451,0.292,0.211,6.564
2020-09-05 14:00:00-03:00,0.5700000000000001,0.488,0.164,8.059
2020-09-05 15:00:00-03:00,0.626,0.597,0.127,8.421
2020-09-05 16:00:00-03:00,0.502,0.453,0.114,7.898
2020-09-05 17:00:00-03:00,0.339,0.294,0.082,6.896
2020-09-05 18:00:00-03:00,0.132,0.12,0.033,4.294
2020-09-05 19:00:00-03:00,0.0,0.0,0.0,1.745
2020-09-05 20:00:00-03:00,0.0,0.0,0.0,1.591
2020-09-05 21:00:00-03:00,0.0,0.0,0.0,1.5859999999999999
2020-09-05 22:00:00-03:00,0.0,0.0,0.0,1.079
2020-09-05 23:00:00-03:00,0.0,0.0,0.0,0.744
2020-09-06 00:00:00-03:00,0.0,0.0,0.0,0.505
2020-09-06 01:00:00-03:00,0.0,0.0,0.0,0.28300000000000003
2020-09-06 02:00:00-03:00,0.0,0.0,0.0,0.225
2020-09-06 03:00:00-03:00,0.0,0.0,0.0,0.529
2020-09-06 04:00:00-03:00,0.0,0.0,0.0,0.617
2020-09-06 05:00:00-03:00,0.0,0.0,0.0,0.641
2020-09-06 06:00:00-03:00,0.0,0.0,0.0,0.8290000000000001
2020-09-06 07:00:00-03:00,0.0,0.0,0.0,0.881
2020-09-06 08:00:00-03:00,0.001,0.002,0.005,0.971
2020-09-06 09:00:00-03:00,0.024,0.007,0.032,1.568
2020-09-06 10:00:00-03:00,0.11,0.033,0.096,3.191
2020-09-06 11:00:00-03:00,0.134,0.028,0.128,4.8100000000000005
2020-09-06 12:00:00-03:00,0.126,0.014,0.133,5.529
2020-09-06 13:00:00-03:00,0.11900000000000001,0.009000000000000001,0.131,5.816
2020-09-06 14:00:00-03:00,0.148,0.017,0.154,6.589
2020-09-06 15:00:00-03:00,0.14300000000000002,0.026000000000000002,0.14,7.372
2020-09-06 16:00:00-03:00,0.125,0.036000000000000004,0.113,7.603
2020-09-06 17:00:00-03:00,0.098,0.043000000000000003,0.076,7.185
2020-09-06 18:00:00-03:00,0.027,0.018000000000000002,0.024,5.563
2020-09-06 19:00:00-03:00,0.0,0.0,0.0,3.31
2020-09-06 20:00:00-03:00,0.0,0.0,0.0,2.101
2020-09-06 21:00:00-03:00,0.0,0.0,0.0,1.143
2020-09-06 22:00:00-03:00,0.0,0.0,0.0,0.326
2020-09-06 23:00:00-03:00,0.0,0.0,0.0,-0.073
2020-09-07 00:00:00-03:00,0.0,0.0,0.0,-0.381
2020-09-07 01:00:00-03:00,0.0,0.0,0.0,-0.839
2020-09-07 02:00:00-03:00,0.0,0.0,0.0,-1.059
2020-09-07 03:00:00-03:00,0.0,0.0,0.0,-1.061
2020-09-07 04:00:00-03:00,0.0,0.0,0.0,-1.185
2020-09-07 05:00:00-03:00,0.0,0.0,0.0,-1.343
2020-09-07 06:00:00-03:00,0.0,0.0,0.0,-1.5819999999999999
2020-09-07 07:00:00-03:00,0.0,0.0,0.0,-1.7000000000000002
2020-09-07 08:00:00-03:00,0.015,0.017,0.01,-1.349
2020-09-07 09:00:00-03:00,0.097,0.057,0.058,0.194
2020-09-07 10:00:00-03:00,0.20800000000000002,0.116,0.113,1.518
2020-09-07 11:00:00-03:00,0.28400000000000003,0.151,0.16,3.326
2020-09-07 12:00:00-03:00,0.35100000000000003,0.183,0.20400000000000001,5.439
2020-09-07 13:00:00-03:00,0.368,0.17200000000000001,0.23600000000000002,6.674
2020-09-07 14:00:00-03:00,0.24,0.068,0.201,7.281
2020-09-07 15:00:00-03:00,0.12,0.021,0.122,7.132
2020-09-07 16:00:00-03:00,0.083,0.019,0.085,6.713
2020-09-07 17:00:00-03:00,0.209,0.146,0.089,6.984
2020-09-07 18:00:00-03:00,0.264,0.254,0.038,4.73
2020-09-07 19:00:00-03:00,0.0,0.002,0.001,2.327
2020-09-07 20:00:00-03:00,0.0,0.0,0.0,1.608
2020-09-07 21:00:00-03:00,0.0,0.0,0.0,0.792
2020-09-07 22:00:00-03:00,0.0,0.0,0.0,1.091
2020-09-07 23:00:00-03:00,0.0,0.0,0.0,1.804
2020-09-08 00:00:00-03:00,0.0,0.0,0.0,1.565
2020-09-08 01:00:00-03:00,0.0,0.0,0.0,1.111
2020-09-08 02:00:00-03:00,0.0,0.0,0.0,0.47000000000000003
2020-09-08 03:00:00-03:00,0.0,0.0,0.0,0.578
2020-09-08 04:00:00-03:00,0.0,0.0,0.0,0.966
2020-09-08 05:00:00-03:00,0.0,0.0,0.0,0.8300000000000001
2020-09-08 06:00:00-03:00,0.0,0.0,0.0,0.48
2020-09-08 07:00:00-03:00,0.0,0.0,0.0,0.34400000000000003
2020-09-08 08:00:00-03:00,0.003,0.005,0.006,0.281
2020-09-08 09:00:00-03:00,0.047,0.021,0.043000000000000003,1.156
2020-09-08 10:00:00-03:00,0.257,0.168,0.113,2.843
2020-09-08 11:00:00-03:00,0.584,0.534,0.125,5.438
2020-09-08 12:00:00-03:00,0.7030000000000001,0.707,0.114,7.161
2020-09-08 13:00:00-03:00,0.707,0.717,0.114,8.251
2020-09-08 14:00:00-03:00,0.661,0.641,0.132,8.816
2020-09-08 15:00:00-03:00,0.558,0.499,0.14100000000000001,8.991
2020-09-08 16:00:00-03:00,0.448,0.382,0.124,8.871
2020-09-08 17:00:00-03:00,0.225,0.166,0.088,8.116
2020-09-08 18:00:00-03:00,0.019,0.013000000000000001,0.02,6.225
2020-09-08 19:00:00-03:00,0.0,0.0,0.0,5.046
2020-09-08 20:00:00-03:00,0.0,0.0,0.0,4.4879999999999995
2020-09-08 21:00:00-03:00,0.0,0.0,0.0,3.489
2020-09-08 22:00:00-03:00,0.0,0.0,0.0,2.435
2020-09-08 23:00:00-03:00,0.0,0.0,0.0,1.8439999999999999
2020-09-09 00:00:00-03:00,0.0,0.0,0.0,1.681
2020-09-09 01:00:00-03:00,0.0,0.0,0.0,1.492
2020-09-09 02:00:00-03:00,0.0,0.0,0.0,1.4140000000000001
2020-09-09 03:00:00-03:00,0.0,0.0,0.0,1.5270000000000001
2020-09-09 04:00:00-03:00,0.0,0.0,0.0,1.693
2020-09-09 05:00:00-03:00,0.0,0.0,0.0,1.828
2020-09-09 06:00:00-03:00,0.0,0.0,0.0,2.106
2020-09-09 07:00:00-03:00,0.0,0.0,0.0,2.097
2020-09-09 08:00:00-03:00,0.066,0.07,0.014,1.983
2020-09-09 09:00:00-03:00,0.388,0.364,0.059000000000000004,2.98
2020-09-09 10:00:00-03:00,0.662,0.681,0.076,4.672
2020-09-09 11:00:00-03:00,0.735,0.776,0.085,6.283
2020-09-09 12:00:00-03:00,0.739,0.784,0.089,7.529
2020-09-09 13:00:00-03:00,0.782,0.868,0.07,8.521
2020-09-09 14:00:00-03:00,0.781,0.865,0.076,9.147
2020-09-09 15:00:00-03:00,0.791,0.877,0.08,9.519
2020-09-09 16:00:00-03:00,0.734,0.799,0.077,9.589
2020-09-09 17:00:00-03:00,0.608,0.64,0.064,9.157
2020-09-09 18:00:00-03:00,0.382,0.387,0.035,6.194
2020-09-09 19:00:00-03:00,0.001,0.006,0.001,3.111
2020-09-09 20:00:00-03:00,0.0,0.0,0.0,2.86
2020-09-09 21:00:00-03:00,0.0,0.0,0.0,2.707
2020-09-09 22:00:00-03:00,0.0,0.0,0.0,2.472
2020-09-09 23:00:00-03:00,0.0,0.0,0.0,2.257
2020-09-10 00:00:00-03:00,0.0,0.0,0.0,1.8479999999999999
2020-09-10 01:00:00-03:00,0.0,0.0,0.0,1.468
2020-09-10 02:00:00-03:00,0.0,0.0,0.0,1.2610000000000001
2020-09-10 03:00:00-03:00,0.0,0.0,0.0,1.248
2020-09-10 04:00:00-03:00,0.0,0.0,0.0,1.308
2020-09-10 05:00:00-03:00,0.0,0.0,0.0,1.248
2020-09-10 06:00:00-03:00,0.0,0.0,0.0,1.181
2020-09-10 07:00:00-03:00,0.0,0.0,0.0,0.873
2020-09-10 08:00:00-03:00,0.055,0.054,0.018000000000000002,0.506
2020-09-10 09:00:00-03:00,0.131,0.084,0.066,1.451
2020-09-10 10:00:00-03:00,0.424,0.341,0.122,3.246
2020-09-10 11:00:00-03:00,0.254,0.12,0.161,4.87
2020-09-10 12:00:00-03:00,0.321,0.14200000000000002,0.213,6.415
2020-09-10 13:00:00-03:00,0.329,0.123,0.244,7.5969999999999995
2020-09-10 14:00:00-03:00,0.266,0.083,0.216,8.31
2020-09-10 15:00:00-03:00,0.189,0.053,0.163,8.416
2020-09-10 16:00:00-03:00,0.121,0.033,0.111,7.895
2020-09-10 17:00:00-03:00,0.049,0.013000000000000001,0.055,6.76
2020-09-10 18:00:00-03:00,0.008,0.004,0.014,5.434
2020-09-10 19:00:00-03:00,0.0,0.0,0.0,4.306
2020-09-10 20:00:00-03:00,0.0,0.0,0.0,3.665
2020-09-10 21:00:00-03:00,0.0,0.0,0.0,3.277
2020-09-10 22:00:00-03:00,0.0,0.0,0.0,2.85
2020-09-10 23:00:00-03:00,0.0,0.0,0.0,2.362
2020-09-11 00:00:00-03:00,0.0,0.0,0.0,1.837
2020-09-11 01:00:00-03:00,0.0,0.0,0.0,1.167
2020-09-11 02:00:00-03:00,0.0,0.0,0.0,0.266
2020-09-11 03:00:00-03:00,0.0,0.0,0.0,-0.487
2020-09-11 04:00:00-03:00,0.0,0.0,0.0,-0.708
2020-09-11 05:00:00-03:00,0.0,0.0,0.0,-0.742
2020-09-11 06:00:00-03:00,0.0,0.0,0.0,-0.513
2020-09-11 07:00:00-03:00,0.0,0.0,0.0,-0.658
2020-09-11 08:00:00-03:00,0.032,0.031,0.016,-0.59
2020-09-11 09:00:00-03:00,0.14400000000000002,0.096,0.066,0.68
2020-09-11 10:00:00-03:00,0.559,0.519,0.10200000000000001,3.002
2020-09-11 11:00:00-03:00,0.675,0.663,0.113,5.317
2020-09-11 12:00:00-03:00,0.684,0.668,0.127,6.8
2020-09-11 13:00:00-03:00,0.681,0.66,0.135,7.912
2020-09-11 14:00:00-03:00,0.637,0.587,0.152,8.704
2020-09-11 15:00:00-03:00,0.404,0.276,0.178,8.906
2020-09-11 16:00:00-03:00,0.127,0.041,0.11,8.082
2020-09-11 17:00:00-03:00,0.037,0.009000000000000001,0.045,7.003
2020-09-11 18:00:00-03:00,0.009000000000000001,0.005,0.016,5.953
2020-09-11 19:00:00-03:00,0.0,0.0,0.0,4.557
2020-09-11 20:00:00-03:00,0.0,0.0,0.0,3.391
2020-09-11 21:00:00-03:00,0.0,0.0,0.0,2.901
2020-09-11 22:00:00-03:00,0.0,0.0,0.0,2.097
2020-09-11 23:00:00-03:00,0.0,0.0,0.0,1.471
2020-09-12 00:00:00-03:00,0.0,0.0,0.0,0.931
2020-09-12 01:00:00-03:00,0.0,0.0,0.0,0.55
2020-09-12 02:00:00-03:00,0.0,0.0,0.0,-0.011
2020-09-12 03:00:00-03:00,0.0,0.0,0.0,-0.303
2020-09-12 04:00:00-03:00,0.0,0.0,0.0,-0.17200000000000001
2020-09-12 05:00:00-03:00,0.0,0.0,0.0,-0.5690000000000001
2020-09-12 06:00:00-03:00,0.0,0.0,0.0,-1.159
2020-09-12 07:00:00-03:00,0.0,0.0,0.0,-1.324
2020-09-12 08:00:00-03:00,0.006,0.005,0.011,-0.9530000000000001
2020-09-12 09:00:00-03:00,0.041,0.011,0.045,0.048
2020-09-12 10:00:00-03:00,0.075,0.013000000000000001,0.079,1.158
2020-09-12 11:00:00-03:00,0.096,0.012,0.10300000000000001,2.1310000000000002
2020-09-12 12:00:00-03:00,0.181,0.03,0.17300000000000001,4.065
2020-09-12 13:00:00-03:00,0.378,0.15,0.269,6.073
2020-09-12 14:00:00-03:00,0.298,0.096,0.234,6.432
2020-09-12 15:00:00-03:00,0.17200000000000001,0.037,0.159,6.066
2020-09-12 16:00:00-03:00,0.089,0.015,0.094,5.655
2020-09-12 17:00:00-03:00,0.053,0.012,0.059000000000000004,5.103
2020-09-12 18:00:00-03:00,0.014,0.006,0.021,4.161
2020-09-12 19:00:00-03:00,0.0,0.0,0.001,3.172
2020-09-12 20:00:00-03:00,0.0,0.0,0.0,2.635
2020-09-12 21:00:00-03:00,0.0,0.0,0.0,2.502
2020-09-12 22:00:00-03:00,0.0,0.0,0.0,2.426
2020-09-12 23:00:00-03:00,0.0,0.0,0.0,2.132
2020-09-13 00:00:00-03:00,0.0,0.0,0.0,2.044
2020-09-13 01:00:00-03:00,0.0,0.0,0.0,2.059
2020-09-13 02:00:00-03:00,0.0,0.0,0.0,2.088
2020-09-13 03:00:00-03:00,0.0,0.0,0.0,2.188
2020-09-13 04:00:00-03:00,0.0,0.0,0.0,2.263
2020-09-13 05:00:00-03:00,0.0,0.0,0.0,2.091
2020-09-13 06:00:00-03:00,0.0,0.0,0.0,1.8010000000000002
2020-09-13 07:00:00-03:00,0.0,0.0,0.0,1.464
2020-09-13 08:00:00-03:00,0.14100000000000001,0.136,0.025,1.552
2020-09-13 09:00:00-03:00,0.47900000000000004,0.459,0.067,3.032
2020-09-13 10:00:00-03:00,0.635,0.629,0.094,4.98
2020-09-13 11:00:00-03:00,0.646,0.621,0.121,6.418
2020-09-13 12:00:00-03:00,0.635,0.586,0.146,7.402
2020-09-13 13:00:00-03:00,0.65,0.597,0.157,8.065
2020-09-13 14:00:00-03:00,0.555,0.445,0.188,8.204
2020-09-13 15:00:00-03:00,0.28500000000000003,0.136,0.181,7.668
2020-09-13 16:00:00-03:00,0.125,0.036000000000000004,0.111,6.605
2020-09-13 17:00:00-03:00,0.04,0.009000000000000001,0.047,5.028
2020-09-13 18:00:00-03:00,0.004,0.002,0.011,3.591
2020-09-13 19:00:00-03:00,0.0,0.0,0.001,2.907
2020-09-13 20:00:00-03:00,0.0,0.0,0.0,2.693
2020-09-13 21:00:00-03:00,0.0,0.0,0.0,2.643
2020-09-13 22:00:00-03:00,0.0,0.0,0.0,2.654
2020-09-13 23:00:00-03:00,0.0,0.0,0.0,3.093
2020-09-14 00:00:00-03:00,0.0,0.0,0.0,4.18
2020-09-14 01:00:00-03:00,0.0,0.0,0.0,4.755
2020-09-14 02:00:00-03:00,0.0,0.0,0.0,4.994
2020-09-14 03:00:00-03:00,0.0,0.0,0.0,4.978
2020-09-14 04:00:00-03:00,0.0,0.0,0.0,4.784
2020-09-14 05:00:00-03:00,0.0,0.0,0.0,4.591
2020-09-14 06:00:00-03:00,0.0,0.0,0.0,4.539
2020-09-14 07:00:00-03:00,0.0,0.0,0.0,4.618
2020-09-14 08:00:00-03:00,0.06,0.055,0.023,4.678
2020-09-14 09:00:00-03:00,0.134,0.08700000000000001,0.068,5.502
2020-09-14 10:00:00-03:00,0.28500000000000003,0.197,0.11900000000000001,6.628
2020-09-14 11:00:00-03:00,0.606,0.5690000000000001,0.127,7.729
2020-09-14 12:00:00-03:00,0.71,0.719,0.11800000000000001,8.39
2020-09-14 13:00:00-03:00,0.713,0.724,0.117,8.599
2020-09-14 14:00:00-03:00,0.684,0.67,0.131,8.385
2020-09-14 15:00:00-03:00,0.666,0.65,0.126,8.029
2020-09-14 16:00:00-03:00,0.6000000000000001,0.5750000000000001,0.112,7.602
2020-09-14 17:00:00-03:00,0.446,0.40900000000000003,0.089,6.88
2020-09-14 18:00:00-03:00,0.16,0.138,0.045,5.711
2020-09-14 19:00:00-03:00,0.001,0.005,0.003,4.489
2020-09-14 20:00:00-03:00,0.0,0.0,0.0,3.852
2020-09-14 21:00:00-03:00,0.0,0.0,0.0,3.5300000000000002
2020-09-14 22:00:00-03:00,0.0,0.0,0.0,3.099
2020-09-14 23:00:00-03:00,0.0,0.0,0.0,2.707
2020-09-15 00:00:00-03:00,0.0,0.0,0.0,2.217
2020-09-15 01:00:00-03:00,0.0,0.0,0.0,1.7930000000000001
2020-09-15 02:00:00-03:00,0.0,0.0,0.0,1.645
2020-09-15 03:00:00-03:00,0.0,0.0,0.0,1.465
2020-09-15 04:00:00-03:00,0.0,0.0,0.0,1.062
2020-09-15 05:00:00-03:00,0.0,0.0,0.0,0.461
2020-09-15 06:00:00-03:00,0.0,0.0,0.0,-0.029
2020-09-15 07:00:00-03:00,0.0,0.0,0.0,-0.403
2020-09-15 08:00:00-03:00,0.067,0.059000000000000004,0.025,-0.313
2020-09-15 09:00:00-03:00,0.27,0.214,0.079,0.862
2020-09-15 10:00:00-03:00,0.378,0.28600000000000003,0.124,2.287
2020-09-15 11:00:00-03:00,0.362,0.229,0.166,3.07
2020-09-15 12:00:00-03:00,0.481,0.331,0.2,3.968
2020-09-15 13:00:00-03:00,0.445,0.258,0.234,4.5440000000000005
2020-09-15 14:00:00-03:00,0.481,0.323,0.211,4.889
2020-09-15 15:00:00-03:00,0.444,0.311,0.18,4.861
2020-09-15 16:00:00-03:00,0.318,0.20500000000000002,0.14400000000000002,4.531
2020-09-15 17:00:00-03:00,0.211,0.139,0.096,3.993
2020-09-15 18:00:00-03:00,0.159,0.132,0.048,2.959
2020-09-15 19:00:00-03:00,0.007,0.012,0.004,0.792
2020-09-15 20:00:00-03:00,0.0,0.0,0.0,-0.598
2020-09-15 21:00:00-03:00,0.0,0.0,0.0,-1.2850000000000001
2020-09-15 22:00:00-03:00,0.0,0.0,0.0,-1.962
2020-09-15 23:00:00-03:00,0.0,0.0,0.0,-2.253
2020-09-16 00:00:00-03:00,0.0,0.0,0.0,-2.39
2020-09-16 01:00:00-03:00,0.0,0.0,0.0,-2.66
2020-09-16 02:00:00-03:00,0.0,0.0,0.0,-3.088
2020-09-16 03:00:00-03:00,0.0,0.0,0.0,-3.327
2020-09-16 04:00:00-03:00,0.0,0.0,0.0,-3.39
2020-09-16 05:00:00-03:00,0.0,0.0,0.0,-3.084
2020-09-16 06:00:00-03:00,0.0,0.0,0.0,-2.865
2020-09-16 07:00:00-03:00,0.0,0.0,0.0,-2.778
2020-09-16 08:00:00-03:00,0.006,0.003,0.012,-2.47
2020-09-16 09:00:00-03:00,0.025,0.004,0.034,-1.812
2020-09-16 10:00:00-03:00,0.091,0.016,0.093,-0.43
2020-09-16 11:00:00-03:00,0.113,0.014,0.11800000000000001,0.963
2020-09-16 12:00:00-03:00,0.098,0.006,0.11,1.151
2020-09-16 13:00:00-03:00,0.101,0.005,0.115,0.902
2020-09-16 14:00:00-03:00,0.214,0.032,0.20400000000000001,1.88
2020-09-16 15:00:00-03:00,0.247,0.073,0.2,4.255
2020-09-16 16:00:00-03:00,0.073,0.009000000000000001,0.083,5.401
2020-09-16 17:00:00-03:00,0.029,0.004,0.04,5.221
2020-09-16 18:00:00-03:00,0.015,0.005,0.023,5.261
2020-09-16 19:00:00-03:00,0.0,0.001,0.002,5.057
2020-09-16 20:00:00-03:00,0.0,0.0,0.0,4.599
2020-09-16 21:00:00-03:00,0.0,0.0,0.0,3.9859999999999998
2020-09-16 22:00:00-03:00,0.0,0.0,0.0,3.521
2020-09-16 23:00:00-03:00,0.0,0.0,0.0,3.895
2020-09-17 00:00:00-03:00,0.0,0.0,0.0,3.885
2020-09-17 01:00:00-03:00,0.0,0.0,0.0,3.567
2020-09-17 02:00:00-03:00,0.0,0.0,0.0,3.673
2020-09-17 03:00:00-03:00,0.0,0.0,0.0,3.759
2020-09-17 04:00:00-03:00,0.0,0.0,0.0,3.414
2020-09-17 05:00:00-03:00,0.0,0.0,0.0,3.038
2020-09-17 06:00:00-03:00,0.0,0.0,0.0,2.61
2020-09-17 07:00:00-03:00,0.0,0.0,0.0,2.035
2020-09-17 08:00:00-03:00,0.105,0.094,0.03,1.82
2020-09-17 09:00:00-03:00,0.247,0.191,0.08,2.577
2020-09-17 10:00:00-03:00,0.385,0.297,0.124,3.6310000000000002
2020-09-17 11:00:00-03:00,0.446,0.332,0.16,4.5809999999999995
2020-09-17 12:00:00-03:00,0.598,0.51,0.167,5.526
2020-09-17 13:00:00-03:00,0.626,0.54,0.17400000000000002,6.022
2020-09-17 14:00:00-03:00,0.539,0.41500000000000004,0.192,6.276
2020-09-17 15:00:00-03:00,0.48,0.363,0.17400000000000002,6.3
2020-09-17 16:00:00-03:00,0.388,0.28600000000000003,0.14300000000000002,5.842
2020-09-17 17:00:00-03:00,0.291,0.22,0.101,4.931
2020-09-17 18:00:00-03:00,0.154,0.125,0.05,3.591
2020-09-17 19:00:00-03:00,0.006,0.011,0.005,2.004
2020-09-17 20:00:00-03:00,0.0,0.0,0.0,1.008
2020-09-17 21:00:00-03:00,0.0,0.0,0.0,0.391
2020-09-17 22:00:00-03:00,0.0,0.0,0.0,0.016
2020-09-17 23:00:00-03:00,0.0,0.0,0.0,-0.365
2020-09-18 00:00:00-03:00,0.0,0.0,0.0,-0.709
2020-09-18 01:00:00-03:00,0.0,0.0,0.0,-0.885
2020-09-18 02:00:00-03:00,0.0,0.0,0.0,-0.9480000000000001
2020-09-18 03:00:00-03:00,0.0,0.0,0.0,-0.935
2020-09-18 04:00:00-03:00,0.0,0.0,0.0,-0.965
2020-09-18 05:00:00-03:00,0.0,0.0,0.0,-0.976
2020-09-18 06:00:00-03:00,0.0,0.0,0.0,-1.014
2020-09-18 07:00:00-03:00,0.0,0.0,0.0,-0.964
2020-09-18 08:00:00-03:00,0.074,0.062,0.029,-0.557
2020-09-18 09:00:00-03:00,0.305,0.245,0.084,0.527
2020-09-18 10:00:00-03:00,0.279,0.17400000000000002,0.128,1.392
2020-09-18 11:00:00-03:00,0.333,0.187,0.17400000000000002,2.112
2020-09-18 12:00:00-03:00,0.389,0.20800000000000002,0.216,2.991
2020-09-18 13:00:00-03:00,0.432,0.229,0.245,3.927
2020-09-18 14:00:00-03:00,0.506,0.34900000000000003,0.213,4.5760000000000005
2020-09-18 15:00:00-03:00,0.434,0.297,0.182,4.86
2020-09-18 16:00:00-03:00,0.456,0.362,0.14300000000000002,5.089
2020-09-18 17:00:00-03:00,0.342,0.274,0.10200000000000001,4.818
2020-09-18 18:00:00-03:00,0.223,0.193,0.054,4.039
2020-09-18 19:00:00-03:00,0.015,0.021,0.006,2.835
2020-09-18 20:00:00-03:00,0.0,0.0,0.0,2.221
2020-09-18 21:00:00-03:00,0.0,0.0,0.0,2.062
2020-09-18 22:00:00-03:00,0.0,0.0,0.0,1.919
2020-09-18 23:00:00-03:00,0.0,0.0,0.0,1.763
2020-09-19 00:00:00-03:00,0.0,0.0,0.0,1.7570000000000001
2020-09-19 01:00:00-03:00,0.0,0.0,0.0,1.7690000000000001
2020-09-19 02:00:00-03:00,0.0,0.0,0.0,1.8050000000000002
2020-09-19 03:00:00-03:00,0.0,0.0,0.0,2.0
2020-09-19 04:00:00-03:00,0.0,0.0,0.0,2.1390000000000002
2020-09-19 05:00:00-03:00,0.0,0.0,0.0,2.217
2020-09-19 06:00:00-03:00,0.0,0.0,0.0,2.29
2020-09-19 07:00:00-03:00,0.0,0.001,0.0,2.308
2020-09-19 08:00:00-03:00,0.076,0.065,0.03,2.618
2020-09-19 09:00:00-03:00,0.194,0.136,0.08,3.492
2020-09-19 10:00:00-03:00,0.312,0.217,0.126,4.525
2020-09-19 11:00:00-03:00,0.524,0.437,0.15,5.671
2020-09-19 12:00:00-03:00,0.627,0.5660000000000001,0.153,6.747
2020-09-19 13:00:00-03:00,0.664,0.619,0.15,7.374
2020-09-19 14:00:00-03:00,0.648,0.598,0.151,7.563
2020-09-19 15:00:00-03:00,0.6980000000000001,0.6910000000000001,0.126,7.746
2020-09-19 16:00:00-03:00,0.748,0.786,0.1,7.718
2020-09-19 17:00:00-03:00,0.655,0.676,0.081,7.153
2020-09-19 18:00:00-03:00,0.32,0.30000000000000004,0.054,5.978
2020-09-19 19:00:00-03:00,0.013000000000000001,0.019,0.006,4.564
2020-09-19 20:00:00-03:00,0.0,0.0,0.0,3.781
2020-09-19 21:00:00-03:00,0.0,0.0,0.0,3.101
2020-09-19 22:00:00-03:00,0.0,0.0,0.0,2.594
2020-09-19 23:00:00-03:00,0.0,0.0,0.0,2.472
2020-09-20 00:00:00-03:00,0.0,0.0,0.0,2.243
2020-09-20 01:00:00-03:00,0.0,0.0,0.0,1.8599999999999999
2020-09-20 02:00:00-03:00,0.0,0.0,0.0,1.428
2020-09-20 03:00:00-03:00,0.0,0.0,0.0,0.836
2020-09-20 04:00:00-03:00,0.0,0.0,0.0,-0.44
2020-09-20 05:00:00-03:00,0.0,0.0,0.0,-1.169
2020-09-20 06:00:00-03:00,0.0,0.0,0.0,-0.8280000000000001
2020-09-20 07:00:00-03:00,0.0,0.001,0.001,-0.268
2020-09-20 08:00:00-03:00,0.053,0.04,0.029,0.661
2020-09-20 09:00:00-03:00,0.244,0.18,0.088,2.6390000000000002
2020-09-20 10:00:00-03:00,0.261,0.158,0.131,4.814
2020-09-20 11:00:00-03:00,0.371,0.23600000000000002,0.17500000000000002,6.917
2020-09-20 12:00:00-03:00,0.513,0.386,0.197,8.941
2020-09-20 13:00:00-03:00,0.614,0.533,0.183,10.202
2020-09-20 14:00:00-03:00,0.6880000000000001,0.67,0.148,10.901
2020-09-20 15:00:00-03:00,0.672,0.657,0.14100000000000001,11.255
2020-09-20 16:00:00-03:00,0.47400000000000003,0.397,0.145,11.1
2020-09-20 17:00:00-03:00,0.124,0.06,0.089,10.201
2020-09-20 18:00:00-03:00,0.034,0.017,0.034,8.53
2020-09-20 19:00:00-03:00,0.001,0.004,0.004,6.341
2020-09-20 20:00:00-03:00,0.0,0.0,0.0,5.257
2020-09-20 21:00:00-03:00,0.0,0.0,0.0,4.649
2020-09-20 22:00:00-03:00,0.0,0.0,0.0,4.473
2020-09-20 23:00:00-03:00,0.0,0.0,0.0,4.147
2020-09-21 00:00:00-03:00,0.0,0.0,0.0,3.65
2020-09-21 01:00:00-03:00,0.0,0.0,0.0,3.364
2020-09-21 02:00:00-03:00,0.0,0.0,0.0,3.233
2020-09-21 03:00:00-03:00,0.0,0.0,0.0,3.047
2020-09-21 04:00:00-03:00,0.0,0.0,0.0,2.8120000000000003
2020-09-21 05:00:00-03:00,0.0,0.0,0.0,2.59
2020-09-21 06:00:00-03:00,0.0,0.0,0.0,2.555
2020-09-21 07:00:00-03:00,0.0,0.0,0.0,2.752
2020-09-21 08:00:00-03:00,0.006,0.003,0.013000000000000001,3.468
2020-09-21 09:00:00-03:00,0.029,0.005,0.039,4.548
2020-09-21 10:00:00-03:00,0.066,0.01,0.075,5.575
2020-09-21 11:00:00-03:00,0.127,0.021,0.129,6.645
2020-09-21 12:00:00-03:00,0.29,0.093,0.232,8.566
2020-09-21 13:00:00-03:00,0.37,0.14200000000000002,0.277,10.915
2020-09-21 14:00:00-03:00,0.427,0.23600000000000002,0.253,12.037
2020-09-21 15:00:00-03:00,0.276,0.114,0.2,12.077
2020-09-21 16:00:00-03:00,0.181,0.066,0.14400000000000002,11.361
2020-09-21 17:00:00-03:00,0.106,0.04,0.089,10.409
2020-09-21 18:00:00-03:00,0.069,0.04,0.049,9.305
2020-09-21 19:00:00-03:00,0.007,0.01,0.007,7.577
2020-09-21 20:00:00-03:00,0.0,0.0,0.0,6.679
2020-09-21 21:00:00-03:00,0.0,0.0,0.0,6.06
2020-09-21 22:00:00-03:00,0.0,0.0,0.0,5.492
2020-09-21 23:00:00-03:00,0.0,0.0,0.0,5.014
2020-09-22 00:00:00-03:00,0.0,0.0,0.0,4.892
2020-09-22 01:00:00-03:00,0.0,0.0,0.0,4.611
2020-09-22 02:00:00-03:00,0.0,0.0,0.0,3.727
2020-09-22 03:00:00-03:00,0.0,0.0,0.0,2.9
2020-09-22 04:00:00-03:00,0.0,0.0,0.0,3.229
2020-09-22 05:00:00-03:00,0.0,0.0,0.0,3.6029999999999998
2020-09-22 06:00:00-03:00,0.0,0.0,0.0,3.248
2020-09-22 07:00:00-03:00,0.0,0.004,0.001,2.6189999999999998
2020-09-22 08:00:00-03:00,0.123,0.106,0.037,3.112
2020-09-22 09:00:00-03:00,0.26,0.2,0.08700000000000001,4.231
2020-09-22 10:00:00-03:00,0.359,0.266,0.13,5.391
2020-09-22 11:00:00-03:00,0.524,0.431,0.158,6.442
2020-09-22 12:00:00-03:00,0.509,0.38,0.193,7.011
2020-09-22 13:00:00-03:00,0.5670000000000001,0.443,0.20400000000000001,7.718
2020-09-22 14:00:00-03:00,0.622,0.548,0.17,8.482
2020-09-22 15:00:00-03:00,0.6880000000000001,0.672,0.137,9.164
2020-09-22 16:00:00-03:00,0.609,0.582,0.124,9.164
2020-09-22 17:00:00-03:00,0.533,0.509,0.098,8.602
2020-09-22 18:00:00-03:00,0.187,0.155,0.058,7.596
2020-09-22 19:00:00-03:00,0.004,0.008,0.006,6.5280000000000005
2020-09-22 20:00:00-03:00,0.0,0.0,0.0,5.821
2020-09-22 21:00:00-03:00,0.0,0.0,0.0,5.161
2020-09-22 22:00:00-03:00,0.0,0.0,0.0,4.677
2020-09-22 23:00:00-03:00,0.0,0.0,0.0,4.652
2020-09-23 00:00:00-03:00,0.0,0.0,0.0,4.59
2020-09-23 01:00:00-03:00,0.0,0.0,0.0,4.7219999999999995
2020-09-23 02:00:00-03:00,0.0,0.0,0.0,4.798
2020-09-23 03:00:00-03:00,0.0,0.0,0.0,4.751
2020-09-23 04:00:00-03:00,0.0,0.0,0.0,4.664
2020-09-23 05:00:00-03:00,0.0,0.0,0.0,4.664
2020-09-23 06:00:00-03:00,0.0,0.0,0.0,4.759
2020-09-23 07:00:00-03:00,0.0,0.001,0.001,4.836
2020-09-23 08:00:00-03:00,0.04,0.027,0.029,5.359
2020-09-23 09:00:00-03:00,0.121,0.064,0.079,6.533
2020-09-23 10:00:00-03:00,0.219,0.116,0.132,8.036
2020-09-23 11:00:00-03:00,0.369,0.23500000000000001,0.18,9.523
2020-09-23 12:00:00-03:00,0.468,0.324,0.209,10.608
2020-09-23 13:00:00-03:00,0.5760000000000001,0.464,0.20700000000000002,11.417
2020-09-23 14:00:00-03:00,0.592,0.507,0.186,11.914
2020-09-23 15:00:00-03:00,0.535,0.451,0.17,12.008
2020-09-23 16:00:00-03:00,0.595,0.5640000000000001,0.132,11.769
2020-09-23 17:00:00-03:00,0.401,0.34800000000000003,0.107,10.856
2020-09-23 18:00:00-03:00,0.244,0.214,0.062,9.592
2020-09-23 19:00:00-03:00,0.039,0.045,0.011,8.096
2020-09-23 20:00:00-03:00,0.0,0.0,0.0,7.001
2020-09-23 21:00:00-03:00,0.0,0.0,0.0,6.322
2020-09-23 22:00:00-03:00,0.0,0.0,0.0,5.926
2020-09-23 23:00:00-03:00,0.0,0.0,0.0,5.677
2020-09-24 00:00:00-03:00,0.0,0.0,0.0,5.476
2020-09-24 01:00:00-03:00,0.0,0.0,0.0,5.31
2020-09-24 02:00:00-03:00,0.0,0.0,0.0,5.191
2020-09-24 03:00:00-03:00,0.0,0.0,0.0,5.094
2020-09-24 04:00:00-03:00,0.0,0.0,0.0,5.052
2020-09-24 05:00:00-03:00,0.0,0.0,0.0,5.063
2020-09-24 06:00:00-03:00,0.0,0.0,0.0,5.154
2020-09-24 07:00:00-03:00,0.0,0.001,0.001,5.182
2020-09-24 08:00:00-03:00,0.025,0.015,0.025,5.643
2020-09-24 09:00:00-03:00,0.129,0.069,0.083,6.735
2020-09-24 10:00:00-03:00,0.23700000000000002,0.132,0.135,8.084
2020-09-24 11:00:00-03:00,0.422,0.30000000000000004,0.17500000000000002,9.403
2020-09-24 12:00:00-03:00,0.655,0.608,0.163,10.477
2020-09-24 13:00:00-03:00,0.587,0.47900000000000004,0.20400000000000001,10.821
2020-09-24 14:00:00-03:00,0.492,0.34700000000000003,0.216,10.733
2020-09-24 15:00:00-03:00,0.493,0.38,0.184,10.476
2020-09-24 16:00:00-03:00,0.45,0.358,0.152,9.914
2020-09-24 17:00:00-03:00,0.27,0.195,0.109,8.946
2020-09-24 18:00:00-03:00,0.32,0.292,0.065,7.9190000000000005
2020-09-24 19:00:00-03:00,0.054,0.06,0.012,6.718
2020-09-24 20:00:00-03:00,0.0,0.0,0.0,5.99
2020-09-24 21:00:00-03:00,0.0,0.0,0.0,5.664
2020-09-24 22:00:00-03:00,0.0,0.0,0.0,5.48
2020-09-24 23:00:00-03:00,0.0,0.0,0.0,5.296
2020-09-25 00:00:00-03:00,0.0,0.0,0.0,5.043
2020-09-25 01:00:00-03:00,0.0,0.0,0.0,4.828
2020-09-25 02:00:00-03:00,0.0,0.0,0.0,4.695
2020-09-25 03:00:00-03:00,0.0,0.0,0.0,4.63
2020-09-25 04:00:00-03:00,0.0,0.0,0.0,4.575
2020-09-25 05:00:00-03:00,0.0,0.0,0.0,4.475
2020-09-25 06:00:00-03:00,0.0,0.0,0.0,4.361
2020-09-25 07:00:00-03:00,0.001,0.005,0.002,4.206
2020-09-25 08:00:00-03:00,0.146,0.127,0.041,4.67
2020-09-25 09:00:00-03:00,0.37,0.324,0.085,5.978
2020-09-25 10:00:00-03:00,0.588,0.562,0.111,7.7379999999999995
2020-09-25 11:00:00-03:00,0.551,0.486,0.145,9.151
2020-09-25 12:00:00-03:00,0.595,0.533,0.159,10.538
2020-09-25 13:00:00-03:00,0.784,0.869,0.092,11.981
2020-09-25 14:00:00-03:00,0.746,0.789,0.11800000000000001,12.357
2020-09-25 15:00:00-03:00,0.716,0.738,0.125,12.172
2020-09-25 16:00:00-03:00,0.741,0.79,0.106,11.732
2020-09-25 17:00:00-03:00,0.615,0.63,0.09,10.819
2020-09-25 18:00:00-03:00,0.438,0.436,0.059000000000000004,9.425
2020-09-25 19:00:00-03:00,0.14100000000000001,0.15,0.014,7.462
2020-09-25 20:00:00-03:00,0.0,0.0,0.0,5.922
2020-09-25 21:00:00-03:00,0.0,0.0,0.0,5.041
2020-09-25 22:00:00-03:00,0.0,0.0,0.0,4.479
2020-09-25 23:00:00-03:00,0.0,0.0,0.0,4.111
2020-09-26 00:00:00-03:00,0.0,0.0,0.0,3.887
2020-09-26 01:00:00-03:00,0.0,0.0,0.0,3.83
2020-09-26 02:00:00-03:00,0.0,0.0,0.0,3.867
2020-09-26 03:00:00-03:00,0.0,0.0,0.0,3.9450000000000003
2020-09-26 04:00:00-03:00,0.0,0.0,0.0,4.057
2020-09-26 05:00:00-03:00,0.0,0.0,0.0,4.271
2020-09-26 06:00:00-03:00,0.0,0.0,0.0,4.336
2020-09-26 07:00:00-03:00,0.001,0.005,0.003,4.227
2020-09-26 08:00:00-03:00,0.047,0.031,0.034,4.649
2020-09-26 09:00:00-03:00,0.113,0.055,0.08,5.428
2020-09-26 10:00:00-03:00,0.223,0.114,0.136,6.27
2020-09-26 11:00:00-03:00,0.357,0.212,0.185,6.904
2020-09-26 12:00:00-03:00,0.437,0.27,0.219,7.413
2020-09-26 13:00:00-03:00,0.593,0.468,0.213,7.957
2020-09-26 14:00:00-03:00,0.602,0.501,0.191,7.943
2020-09-26 15:00:00-03:00,0.5700000000000001,0.47800000000000004,0.17200000000000001,7.547
2020-09-26 16:00:00-03:00,0.521,0.443,0.145,7.291
2020-09-26 17:00:00-03:00,0.445,0.387,0.11,6.939
2020-09-26 18:00:00-03:00,0.332,0.301,0.066,5.977
2020-09-26 19:00:00-03:00,0.092,0.096,0.016,4.277
2020-09-26 20:00:00-03:00,0.0,0.0,0.0,2.851
2020-09-26 21:00:00-03:00,0.0,0.0,0.0,2.119
2020-09-26 22:00:00-03:00,0.0,0.0,0.0,1.492
2020-09-26 23:00:00-03:00,0.0,0.0,0.0,0.968
2020-09-27 00:00:00-03:00,0.0,0.0,0.0,0.34500000000000003
2020-09-27 01:00:00-03:00,0.0,0.0,0.0,-0.186
2020-09-27 02:00:00-03:00,0.0,0.0,0.0,-0.449
2020-09-27 03:00:00-03:00,0.0,0.0,0.0,-0.888
2020-09-27 04:00:00-03:00,0.0,0.0,0.0,-1.207
2020-09-27 05:00:00-03:00,0.0,0.0,0.0,-1.28
2020-09-27 06:00:00-03:00,0.0,0.0,0.0,-0.609
2020-09-27 07:00:00-03:00,0.0,0.002,0.002,-0.108
2020-09-27 08:00:00-03:00,0.026000000000000002,0.011,0.029,1.078
2020-09-27 09:00:00-03:00,0.073,0.021,0.07100000000000001,2.696
2020-09-27 10:00:00-03:00,0.116,0.026000000000000002,0.111,4.432
2020-09-27 11:00:00-03:00,0.155,0.028,0.15,6.147
2020-09-27 12:00:00-03:00,0.2,0.032,0.195,7.7219999999999995
2020-09-27 13:00:00-03:00,0.228,0.029,0.23,9.312
2020-09-27 14:00:00-03:00,0.221,0.039,0.213,10.732
2020-09-27 15:00:00-03:00,0.241,0.074,0.201,11.246
2020-09-27 16:00:00-03:00,0.156,0.043000000000000003,0.14,10.993
2020-09-27 17:00:00-03:00,0.085,0.023,0.084,10.564
2020-09-27 18:00:00-03:00,0.045,0.018000000000000002,0.045,10.025
2020-09-27 19:00:00-03:00,0.009000000000000001,0.01,0.011,9.061
2020-09-27 20:00:00-03:00,0.0,0.0,0.0,8.122
2020-09-27 21:00:00-03:00,0.0,0.0,0.0,7.182
2020-09-27 22:00:00-03:00,0.0,0.0,0.0,6.05
2020-09-27 23:00:00-03:00,0.0,0.0,0.0,5.011
2020-09-28 00:00:00-03:00,0.0,0.0,0.0,4.223
2020-09-28 01:00:00-03:00,0.0,0.0,0.0,3.782
2020-09-28 02:00:00-03:00,0.0,0.0,0.0,3.399
2020-09-28 03:00:00-03:00,0.0,0.0,0.0,3.217
2020-09-28 04:00:00-03:00,0.0,0.0,0.0,2.918
2020-09-28 05:00:00-03:00,0.0,0.0,0.0,2.355
2020-09-28 06:00:00-03:00,0.0,0.0,0.0,1.415
2020-09-28 07:00:00-03:00,0.005,0.01,0.004,0.723
2020-09-28 08:00:00-03:00,0.115,0.088,0.047,1.284
2020-09-28 09:00:00-03:00,0.233,0.156,0.1,2.426
2020-09-28 10:00:00-03:00,0.231,0.113,0.14200000000000002,3.201
2020-09-28 11:00:00-03:00,0.234,0.082,0.176,3.657
2020-09-28 12:00:00-03:00,0.319,0.11800000000000001,0.232,4.296
2020-09-28 13:00:00-03:00,0.44,0.201,0.28500000000000003,4.844
2020-09-28 14:00:00-03:00,0.389,0.18,0.248,4.75
2020-09-28 15:00:00-03:00,0.299,0.128,0.2,4.354
2020-09-28 16:00:00-03:00,0.259,0.125,0.16,4.072
2020-09-28 17:00:00-03:00,0.221,0.128,0.117,3.741
2020-09-28 18:00:00-03:00,0.115,0.073,0.061,3.063
2020-09-28 19:00:00-03:00,0.058,0.058,0.018000000000000002,1.486
2020-09-28 20:00:00-03:00,0.0,0.0,0.0,-0.306
2020-09-28 21:00:00-03:00,0.0,0.0,0.0,-0.927
2020-09-28 22:00:00-03:00,0.0,0.0,0.0,-1.5190000000000001
2020-09-28 23:00:00-03:00,0.0,0.0,0.0,-2.179
2020-09-29 00:00:00-03:00,0.0,0.0,0.0,-2.822
2020-09-29 01:00:00-03:00,0.0,0.0,0.0,-3.207
2020-09-29 02:00:00-03:00,0.0,0.0,0.0,-3.312
2020-09-29 03:00:00-03:00,0.0,0.0,0.0,-3.268
2020-09-29 04:00:00-03:00,0.0,0.0,0.0,-3.125
2020-09-29 05:00:00-03:00,0.0,0.0,0.0,-3.17
2020-09-29 06:00:00-03:00,0.0,0.0,0.0,-3.298
2020-09-29 07:00:00-03:00,0.009000000000000001,0.014,0.006,-3.111
2020-09-29 08:00:00-03:00,0.06,0.034,0.042,-1.899
2020-09-29 09:00:00-03:00,0.07,0.018000000000000002,0.068,-0.5640000000000001
2020-09-29 10:00:00-03:00,0.092,0.015,0.095,0.735
2020-09-29 11:00:00-03:00,0.155,0.026000000000000002,0.149,1.9500000000000002
2020-09-29 12:00:00-03:00,0.179,0.022,0.178,2.7199999999999998
2020-09-29 13:00:00-03:00,0.185,0.015,0.191,2.794
2020-09-29 14:00:00-03:00,0.148,0.013000000000000001,0.155,2.497
2020-09-29 15:00:00-03:00,0.149,0.022,0.147,2.438
2020-09-29 16:00:00-03:00,0.168,0.047,0.14300000000000002,2.43
2020-09-29 17:00:00-03:00,0.186,0.09,0.117,2.327
2020-09-29 18:00:00-03:00,0.167,0.115,0.07200000000000001,1.857
2020-09-29 19:00:00-03:00,0.056,0.054,0.019,0.859
2020-09-29 20:00:00-03:00,0.0,0.0,0.0,-0.016
2020-09-29 21:00:00-03:00,0.0,0.0,0.0,-0.484
2020-09-29 22:00:00-03:00,0.0,0.0,0.0,-0.897
2020-09-29 23:00:00-03:00,0.0,0.0,0.0,-1.2429999999999999
2020-09-30 00:00:00-03:00,0.0,0.0,0.0,-1.467
2020-09-30 01:00:00-03:00,0.0,0.0,0.0,-1.3639999999999999
2020-09-30 02:00:00-03:00,0.0,0.0,0.0,-1.225
2020-09-30 03:00:00-03:00,0.0,0.0,0.0,-0.806
2020-09-30 04:00:00-03:00,0.0,0.0,0.0,0.021
2020-09-30 05:00:00-03:00,0.0,0.0,0.0,0.763
2020-09-30 06:00:00-03:00,0.0,0.0,0.0,1.1219999999999999
2020-09-30 07:00:00-03:00,0.001,0.004,0.004,1.279
2020-09-30 08:00:00-03:00,0.031,0.014,0.032,1.5979999999999999
2020-09-30 09:00:00-03:00,0.098,0.034,0.082,2.091
2020-09-30 10:00:00-03:00,0.149,0.044,0.125,2.483
2020-09-30 11:00:00-03:00,0.233,0.074,0.182,2.296
2020-09-30 12:00:00-03:00,0.35000000000000003,0.134,0.244,1.591
2020-09-30 13:00:00-03:00,0.463,0.20500000000000002,0.299,1.611
2020-09-30 14:00:00-03:00,0.375,0.153,0.253,1.8399999999999999
2020-09-30 15:00:00-03:00,0.352,0.164,0.219,2.367
2020-09-30 16:00:00-03:00,0.137,0.032,0.125,2.24
2020-09-30 17:00:00-03:00,0.08700000000000001,0.022,0.083,1.784
2020-09-30 18:00:00-03:00,0.068,0.031,0.054,0.739
2020-09-30 19:00:00-03:00,0.037,0.034,0.018000000000000002,-0.343
2020-09-30 20:00:00-03:00,0.0,0.0,0.0,-0.9520000000000001
2020-09-30 21:00:00-03:00,0.0,0.0,0.0,-1.335
2020-09-30 22:00:00-03:00,0.0,0.0,0.0,-1.675
2020-09-30 23:00:00-03:00,0.0,0.0,0.0,-1.8090000000000002
2020-10-01 00:00:00-03:00,0.0,0.0,0.0,-1.8439999999999999
2020-10-01 01:00:00-03:00,0.0,0.0,0.0,-2.044
2020-10-01 02:00:00-03:00,0.0,0.0,0.0,-2.479
2020-10-01 03:00:00-03:00,0.0,0.0,0.0,-2.878
2020-10-01 04:00:00-03:00,0.0,0.0,0.0,-3.084
2020-10-01 05:00:00-03:00,0.0,0.0,0.0,-3.197
2020-10-01 06:00:00-03:00,0.0,0.0,0.0,-3.12
2020-10-01 07:00:00-03:00,0.008,0.012,0.006,-2.8529999999999998
2020-10-01 08:00:00-03:00,0.101,0.069,0.049,-2.216
2020-10-01 09:00:00-03:00,0.219,0.135,0.10300000000000001,-1.362
2020-10-01 10:00:00-03:00,0.335,0.20600000000000002,0.153,-0.396
2020-10-01 11:00:00-03:00,0.393,0.228,0.195,0.58
2020-10-01 12:00:00-03:00,0.456,0.255,0.241,1.337
2020-10-01 13:00:00-03:00,0.381,0.124,0.28800000000000003,1.526
2020-10-01 14:00:00-03:00,0.271,0.07,0.224,1.654
2020-10-01 15:00:00-03:00,0.301,0.12,0.20700000000000002,2.01
2020-10-01 16:00:00-03:00,0.221,0.088,0.154,1.9020000000000001
2020-10-01 17:00:00-03:00,0.222,0.124,0.12,1.776
2020-10-01 18:00:00-03:00,0.199,0.145,0.074,1.231
2020-10-01 19:00:00-03:00,0.11,0.10400000000000001,0.024,-0.341
2020-10-01 20:00:00-03:00,0.0,0.0,0.0,-2.379
2020-10-01 21:00:00-03:00,0.0,0.0,0.0,-3.167
2020-10-01 22:00:00-03:00,0.0,0.0,0.0,-3.48
2020-10-01 23:00:00-03:00,0.0,0.0,0.0,-3.265
2020-10-02 00:00:00-03:00,0.0,0.0,0.0,-3.253
2020-10-02 01:00:00-03:00,0.0,0.0,0.0,-3.117
2020-10-02 02:00:00-03:00,0.0,0.0,0.0,-2.964
2020-10-02 03:00:00-03:00,0.0,0.0,0.0,-3.109
2020-10-02 04:00:00-03:00,0.0,0.0,0.0,-3.439
2020-10-02 05:00:00-03:00,0.0,0.0,0.0,-3.681
2020-10-02 06:00:00-03:00,0.0,0.0,0.0,-3.807
2020-10-02 07:00:00-03:00,0.08700000000000001,0.094,0.008,-3.761
2020-10-02 08:00:00-03:00,0.49,0.47900000000000004,0.046,-2.158
2020-10-02 09:00:00-03:00,0.708,0.72,0.076,0.007
2020-10-02 10:00:00-03:00,0.67,0.642,0.111,1.4
2020-10-02 11:00:00-03:00,0.59,0.508,0.148,2.363
2020-10-02 12:00:00-03:00,0.8170000000000001,0.845,0.11800000000000001,3.723
2020-10-02 13:00:00-03:00,0.835,0.912,0.083,4.785
2020-10-02 14:00:00-03:00,0.8170000000000001,0.848,0.124,5.296
2020-10-02 15:00:00-03:00,0.534,0.42,0.177,4.924
2020-10-02 16:00:00-03:00,0.279,0.156,0.151,4.225
2020-10-02 17:00:00-03:00,0.342,0.26,0.115,3.967
2020-10-02 18:00:00-03:00,0.635,0.652,0.065,3.643
2020-10-02 19:00:00-03:00,0.441,0.455,0.024,1.416
2020-10-02 20:00:00-03:00,0.0,0.0,0.0,-1.142
2020-10-02 21:00:00-03:00,0.0,0.0,0.0,-1.7850000000000001
2020-10-02 22:00:00-03:00,0.0,0.0,0.0,-2.337
2020-10-02 23:00:00-03:00,0.0,0.0,0.0,-2.227
2020-10-03 00:00:00-03:00,0.0,0.0,0.0,-1.956
2020-10-03 01:00:00-03:00,0.0,0.0,0.0,-1.738
2020-10-03 02:00:00-03:00,0.0,0.0,0.0,-1.533
2020-10-03 03:00:00-03:00,0.0,0.0,0.0,-1.385
2020-10-03 04:00:00-03:00,0.0,0.0,0.0,-1.264
2020-10-03 05:00:00-03:00,0.0,0.0,0.0,-1.12
2020-10-03 06:00:00-03:00,0.0,0.0,0.0,-0.898
2020-10-03 07:00:00-03:00,0.001,0.003,0.004,-0.552
2020-10-03 08:00:00-03:00,0.017,0.005,0.024,0.133
2020-10-03 09:00:00-03:00,0.051000000000000004,0.011,0.057,1.081
2020-10-03 10:00:00-03:00,0.146,0.04,0.126,2.782
2020-10-03 11:00:00-03:00,0.243,0.083,0.186,4.99
2020-10-03 12:00:00-03:00,0.371,0.167,0.246,6.928
2020-10-03 13:00:00-03:00,0.555,0.36,0.274,8.67
2020-10-03 14:00:00-03:00,0.449,0.253,0.254,9.277
2020-10-03 15:00:00-03:00,0.261,0.097,0.197,8.909
2020-10-03 16:00:00-03:00,0.317,0.181,0.17400000000000002,8.769
2020-10-03 17:00:00-03:00,0.361,0.272,0.132,8.62
2020-10-03 18:00:00-03:00,0.201,0.151,0.078,7.816
2020-10-03 19:00:00-03:00,0.106,0.101,0.027,6.318
2020-10-03 20:00:00-03:00,0.0,0.0,0.0,4.877
2020-10-03 21:00:00-03:00,0.0,0.0,0.0,4.27
2020-10-03 22:00:00-03:00,0.0,0.0,0.0,3.682
2020-10-03 23:00:00-03:00,0.0,0.0,0.0,3.038
2020-10-04 00:00:00-03:00,0.0,0.0,0.0,2.65
2020-10-04 01:00:00-03:00,0.0,0.0,0.0,2.358
2020-10-04 02:00:00-03:00,0.0,0.0,0.0,2.04
2020-10-04 03:00:00-03:00,0.0,0.0,0.0,2.075
2020-10-04 04:00:00-03:00,0.0,0.0,0.0,2.3
2020-10-04 05:00:00-03:00,0.0,0.0,0.0,2.509
2020-10-04 06:00:00-03:00,0.0,0.0,0.0,2.798
2020-10-04 07:00:00-03:00,0.0,0.002,0.003,3.206
2020-10-04 08:00:00-03:00,0.026000000000000002,0.009000000000000001,0.031,3.999
2020-10-04 09:00:00-03:00,0.1,0.035,0.08600000000000001,5.454
2020-10-04 10:00:00-03:00,0.199,0.08,0.146,7.419
2020-10-04 11:00:00-03:00,0.28600000000000003,0.123,0.199,9.354
2020-10-04 12:00:00-03:00,0.317,0.117,0.241,10.568
2020-10-04 13:00:00-03:00,0.426,0.181,0.303,11.067
2020-10-04 14:00:00-03:00,0.46900000000000003,0.28700000000000003,0.249,11.329
2020-10-04 15:00:00-03:00,0.516,0.389,0.20500000000000002,11.439
2020-10-04 16:00:00-03:00,0.444,0.331,0.17500000000000002,11.163
2020-10-04 17:00:00-03:00,0.20400000000000001,0.11,0.123,10.348
2020-10-04 18:00:00-03:00,0.059000000000000004,0.025,0.054,9.186
2020-10-04 19:00:00-03:00,0.031,0.026000000000000002,0.021,7.882
2020-10-04 20:00:00-03:00,0.0,0.0,0.0,6.316
2020-10-04 21:00:00-03:00,0.0,0.0,0.0,5.198
2020-10-04 22:00:00-03:00,0.0,0.0,0.0,4.325
2020-10-04 23:00:00-03:00,0.0,0.0,0.0,3.557
2020-10-05 00:00:00-03:00,0.0,0.0,0.0,3.03
2020-10-05 01:00:00-03:00,0.0,0.0,0.0,2.437
2020-10-05 02:00:00-03:00,0.0,0.0,0.0,2.613
2020-10-05 03:00:00-03:00,0.0,0.0,0.0,2.821
2020-10-05 04:00:00-03:00,0.0,0.0,0.0,2.931
2020-10-05 05:00:00-03:00,0.0,0.0,0.0,2.99
2020-10-05 06:00:00-03:00,0.0,0.0,0.0,2.965
2020-10-05 07:00:00-03:00,0.013000000000000001,0.016,0.009000000000000001,3.011
2020-10-05 08:00:00-03:00,0.10300000000000001,0.07,0.054,4.274
2020-10-05 09:00:00-03:00,0.294,0.218,0.108,6.193
2020-10-05 10:00:00-03:00,0.514,0.443,0.14,8.645
2020-10-05 11:00:00-03:00,0.675,0.65,0.15,10.711
2020-10-05 12:00:00-03:00,0.685,0.65,0.168,11.588
2020-10-05 13:00:00-03:00,0.5680000000000001,0.41300000000000003,0.246,11.091
2020-10-05 14:00:00-03:00,0.354,0.155,0.243,9.453
2020-10-05 15:00:00-03:00,0.23500000000000001,0.078,0.186,8.026
2020-10-05 16:00:00-03:00,0.20800000000000002,0.082,0.152,7.484
2020-10-05 17:00:00-03:00,0.256,0.162,0.124,7.171
2020-10-05 18:00:00-03:00,0.40900000000000003,0.371,0.083,6.521
2020-10-05 19:00:00-03:00,0.179,0.171,0.032,5.209
2020-10-05 20:00:00-03:00,0.0,0.0,0.0,3.895
2020-10-05 21:00:00-03:00,0.0,0.0,0.0,3.17
2020-10-05 22:00:00-03:00,0.0,0.0,0.0,2.597
2020-10-05 23:00:00-03:00,0.0,0.0,0.0,2.262
2020-10-06 00:00:00-03:00,0.0,0.0,0.0,2.197
2020-10-06 01:00:00-03:00,0.0,0.0,0.0,2.203
2020-10-06 02:00:00-03:00,0.0,0.0,0.0,2.066
2020-10-06 03:00:00-03:00,0.0,0.0,0.0,1.887
2020-10-06 04:00:00-03:00,0.0,0.0,0.0,1.7149999999999999
2020-10-06 05:00:00-03:00,0.0,0.0,0.0,1.651
2020-10-06 06:00:00-03:00,0.0,0.0,0.0,1.823
2020-10-06 07:00:00-03:00,0.012,0.015,0.009000000000000001,2.465
2020-10-06 08:00:00-03:00,0.089,0.056,0.053,3.414
2020-10-06 09:00:00-03:00,0.277,0.195,0.11,4.533
2020-10-06 10:00:00-03:00,0.354,0.23800000000000002,0.152,5.623
2020-10-06 11:00:00-03:00,0.506,0.384,0.183,6.606
2020-10-06 12:00:00-03:00,0.618,0.517,0.194,7.515
2020-10-06 13:00:00-03:00,0.641,0.535,0.209,8.233
2020-10-06 14:00:00-03:00,0.628,0.527,0.201,8.645
2020-10-06 15:00:00-03:00,0.508,0.38,0.197,8.594
2020-10-06 16:00:00-03:00,0.41200000000000003,0.293,0.169,8.312
2020-10-06 17:00:00-03:00,0.34900000000000003,0.26,0.129,7.825
2020-10-06 18:00:00-03:00,0.217,0.163,0.082,6.787
2020-10-06 19:00:00-03:00,0.079,0.069,0.029,5.212
2020-10-06 20:00:00-03:00,0.008,0.018000000000000002,0.0,3.547
2020-10-06 21:00:00-03:00,0.0,0.0,0.0,2.693
2020-10-06 22:00:00-03:00,0.0,0.0,0.0,2.069
2020-10-06 23:00:00-03:00,0.0,0.0,0.0,1.467
2020-10-07 00:00:00-03:00,0.0,0.0,0.0,1.129
2020-10-07 01:00:00-03:00,0.0,0.0,0.0,0.728
2020-10-07 02:00:00-03:00,0.0,0.0,0.0,0.453
2020-10-07 03:00:00-03:00,0.0,0.0,0.0,0.232
2020-10-07 04:00:00-03:00,0.0,0.0,0.0,0.091
2020-10-07 05:00:00-03:00,0.0,0.0,0.0,0.093
2020-10-07 06:00:00-03:00,0.0,0.0,0.0,-0.034
2020-10-07 07:00:00-03:00,0.025,0.027,0.012,-0.046
2020-10-07 08:00:00-03:00,0.124,0.085,0.058,0.875
2020-10-07 09:00:00-03:00,0.316,0.23600000000000002,0.108,2.52
2020-10-07 10:00:00-03:00,0.672,0.641,0.128,4.551
2020-10-07 11:00:00-03:00,0.632,0.562,0.161,6.051
2020-10-07 12:00:00-03:00,0.604,0.495,0.195,7.129
2020-10-07 13:00:00-03:00,0.629,0.509,0.218,8.064
2020-10-07 14:00:00-03:00,0.583,0.458,0.212,8.66
2020-10-07 15:00:00-03:00,0.535,0.417,0.193,8.974
2020-10-07 16:00:00-03:00,0.522,0.433,0.162,9.229
2020-10-07 17:00:00-03:00,0.42,0.342,0.131,9.188
2020-10-07 18:00:00-03:00,0.08600000000000001,0.044,0.063,8.067
2020-10-07 19:00:00-03:00,0.019,0.015,0.018000000000000002,6.292
2020-10-07 20:00:00-03:00,0.0,0.001,0.0,4.645
2020-10-07 21:00:00-03:00,0.0,0.0,0.0,4.009
2020-10-07 22:00:00-03:00,0.0,0.0,0.0,3.544
2020-10-07 23:00:00-03:00,0.0,0.0,0.0,3.618
2020-10-08 00:00:00-03:00,0.0,0.0,0.0,3.774
2020-10-08 01:00:00-03:00,0.0,0.0,0.0,3.641
2020-10-08 02:00:00-03:00,0.0,0.0,0.0,3.477
2020-10-08 03:00:00-03:00,0.0,0.0,0.0,3.262
2020-10-08 04:00:00-03:00,0.0,0.0,0.0,2.894
2020-10-08 05:00:00-03:00,0.0,0.0,0.0,2.633
2020-10-08 06:00:00-03:00,0.0,0.0,0.0,2.778
2020-10-08 07:00:00-03:00,0.011,0.012,0.01,3.23
2020-10-08 08:00:00-03:00,0.059000000000000004,0.029,0.048,4.192
2020-10-08 09:00:00-03:00,0.115,0.046,0.09,5.204
2020-10-08 10:00:00-03:00,0.20600000000000002,0.08600000000000001,0.146,6.358
2020-10-08 11:00:00-03:00,0.259,0.105,0.185,7.535
2020-10-08 12:00:00-03:00,0.534,0.389,0.221,9.121
2020-10-08 13:00:00-03:00,0.719,0.6900000000000001,0.168,10.273
2020-10-08 14:00:00-03:00,0.706,0.667,0.17400000000000002,10.68
2020-10-08 15:00:00-03:00,0.6970000000000001,0.666,0.166,11.034
2020-10-08 16:00:00-03:00,0.605,0.552,0.155,11.066
2020-10-08 17:00:00-03:00,0.384,0.304,0.13,10.588
2020-10-08 18:00:00-03:00,0.201,0.147,0.084,9.584
2020-10-08 19:00:00-03:00,0.123,0.111,0.035,8.002
2020-10-08 20:00:00-03:00,0.0,0.003,0.001,6.028
2020-10-08 21:00:00-03:00,0.0,0.0,0.0,4.886
2020-10-08 22:00:00-03:00,0.0,0.0,0.0,3.923
2020-10-08 23:00:00-03:00,0.0,0.0,0.0,3.779
2020-10-09 00:00:00-03:00,0.0,0.0,0.0,3.8
2020-10-09 01:00:00-03:00,0.0,0.0,0.0,3.694
2020-10-09 02:00:00-03:00,0.0,0.0,0.0,3.49
2020-10-09 03:00:00-03:00,0.0,0.0,0.0,3.421
2020-10-09 04:00:00-03:00,0.0,0.0,0.0,3.964
2020-10-09 05:00:00-03:00,0.0,0.0,0.0,4.382
2020-10-09 06:00:00-03:00,0.0,0.0,0.0,4.546
2020-10-09 07:00:00-03:00,0.009000000000000001,0.009000000000000001,0.011,4.91
2020-10-09 08:00:00-03:00,0.079,0.043000000000000003,0.056,6.027
2020-10-09 09:00:00-03:00,0.325,0.245,0.117,8.128
2020-10-09 10:00:00-03:00,0.509,0.432,0.151,10.497
2020-10-09 11:00:00-03:00,0.6000000000000001,0.531,0.17400000000000002,12.236
2020-10-09 12:00:00-03:00,0.648,0.582,0.192,13.537
2020-10-09 13:00:00-03:00,0.61,0.488,0.23800000000000002,14.158
2020-10-09 14:00:00-03:00,0.485,0.316,0.248,14.062
2020-10-09 15:00:00-03:00,0.244,0.084,0.197,13.205
2020-10-09 16:00:00-03:00,0.134,0.031,0.129,12.147
2020-10-09 17:00:00-03:00,0.081,0.019,0.084,10.886
2020-10-09 18:00:00-03:00,0.036000000000000004,0.01,0.043000000000000003,9.415
2020-10-09 19:00:00-03:00,0.015,0.009000000000000001,0.018000000000000002,8.097
2020-10-09 20:00:00-03:00,0.0,0.001,0.001,6.88
2020-10-09 21:00:00-03:00,0.0,0.0,0.0,5.72
2020-10-09 22:00:00-03:00,0.0,0.0,0.0,4.177
2020-10-09 23:00:00-03:00,0.0,0.0,0.0,3.067
2020-10-10 00:00:00-03:00,0.0,0.0,0.0,2.21
2020-10-10 01:00:00-03:00,0.0,0.0,0.0,1.524
2020-10-10 02:00:00-03:00,0.0,0.0,0.0,1.108
2020-10-10 03:00:00-03:00,0.0,0.0,0.0,0.644
2020-10-10 04:00:00-03:00,0.0,0.0,0.0,0.545
2020-10-10 05:00:00-03:00,0.0,0.0,0.0,0.92
2020-10-10 06:00:00-03:00,0.0,0.0,0.0,1.151
2020-10-10 07:00:00-03:00,0.024,0.025,0.013000000000000001,1.3900000000000001
2020-10-10 08:00:00-03:00,0.31,0.272,0.066,2.724
2020-10-10 09:00:00-03:00,0.68,0.6930000000000001,0.089,5.216
2020-10-10 10:00:00-03:00,0.772,0.805,0.113,7.24
2020-10-10 11:00:00-03:00,0.625,0.5690000000000001,0.154,8.316
2020-10-10 12:00:00-03:00,0.7020000000000001,0.668,0.163,9.518
2020-10-10 13:00:00-03:00,0.634,0.549,0.194,10.462
2020-10-10 14:00:00-03:00,0.6930000000000001,0.654,0.17300000000000001,11.258
2020-10-10 15:00:00-03:00,0.67,0.63,0.166,11.574
2020-10-10 16:00:00-03:00,0.541,0.47000000000000003,0.155,11.233
2020-10-10 17:00:00-03:00,0.456,0.394,0.125,10.593
2020-10-10 18:00:00-03:00,0.352,0.308,0.08700000000000001,9.347
2020-10-10 19:00:00-03:00,0.255,0.245,0.041,7.781
2020-10-10 20:00:00-03:00,0.001,0.005,0.001,6.574
2020-10-10 21:00:00-03:00,0.0,0.0,0.0,6.185
2020-10-10 22:00:00-03:00,0.0,0.0,0.0,6.112
2020-10-10 23:00:00-03:00,0.0,0.0,0.0,6.038
2020-10-11 00:00:00-03:00,0.0,0.0,0.0,5.9719999999999995
2020-10-11 01:00:00-03:00,0.0,0.0,0.0,5.902
2020-10-11 02:00:00-03:00,0.0,0.0,0.0,5.84
2020-10-11 03:00:00-03:00,0.0,0.0,0.0,5.805
2020-10-11 04:00:00-03:00,0.0,0.0,0.0,5.8100000000000005
2020-10-11 05:00:00-03:00,0.0,0.0,0.0,5.802
2020-10-11 06:00:00-03:00,0.0,0.0,0.0,5.85
2020-10-11 07:00:00-03:00,0.014,0.014,0.013000000000000001,6.0
2020-10-11 08:00:00-03:00,0.126,0.083,0.065,6.83
2020-10-11 09:00:00-03:00,0.313,0.23500000000000001,0.114,8.234
2020-10-11 10:00:00-03:00,0.508,0.433,0.146,9.815
2020-10-11 11:00:00-03:00,0.661,0.624,0.159,11.239
2020-10-11 12:00:00-03:00,0.653,0.595,0.18,12.176
2020-10-11 13:00:00-03:00,0.629,0.527,0.218,12.65
2020-10-11 14:00:00-03:00,0.446,0.276,0.23600000000000002,12.376
2020-10-11 15:00:00-03:00,0.359,0.202,0.20600000000000002,12.022
2020-10-11 16:00:00-03:00,0.402,0.28600000000000003,0.17200000000000001,11.733
2020-10-11 17:00:00-03:00,0.556,0.52,0.125,11.488
2020-10-11 18:00:00-03:00,0.562,0.5640000000000001,0.085,10.538
2020-10-11 19:00:00-03:00,0.198,0.184,0.042,8.873
2020-10-11 20:00:00-03:00,0.0,0.004,0.002,7.204
2020-10-11 21:00:00-03:00,0.0,0.0,0.0,6.319
2020-10-11 22:00:00-03:00,0.0,0.0,0.0,5.789
2020-10-11 23:00:00-03:00,0.0,0.0,0.0,5.7010000000000005
2020-10-12 00:00:00-03:00,0.0,0.0,0.0,5.5280000000000005
2020-10-12 01:00:00-03:00,0.0,0.0,0.0,5.367
2020-10-12 02:00:00-03:00,0.0,0.0,0.0,5.229
2020-10-12 03:00:00-03:00,0.0,0.0,0.0,5.032
2020-10-12 04:00:00-03:00,0.0,0.0,0.0,4.733
2020-10-12 05:00:00-03:00,0.0,0.0,0.0,4.529
2020-10-12 06:00:00-03:00,0.0,0.0,0.0,4.678
2020-10-12 07:00:00-03:00,0.004,0.003,0.01,5.099
2020-10-12 08:00:00-03:00,0.018000000000000002,0.003,0.028,5.54
2020-10-12 09:00:00-03:00,0.037,0.004,0.049,5.776
2020-10-12 10:00:00-03:00,0.084,0.009000000000000001,0.095,6.0
2020-10-12 11:00:00-03:00,0.132,0.015,0.14,6.574
2020-10-12 12:00:00-03:00,0.164,0.015,0.17400000000000002,8.394
2020-10-12 13:00:00-03:00,0.155,0.007,0.17400000000000002,9.882
2020-10-12 14:00:00-03:00,0.11800000000000001,0.007,0.135,10.456
2020-10-12 15:00:00-03:00,0.131,0.014,0.14200000000000002,10.832
2020-10-12 16:00:00-03:00,0.113,0.016,0.121,10.927
2020-10-12 17:00:00-03:00,0.079,0.013000000000000001,0.08700000000000001,10.981
2020-10-12 18:00:00-03:00,0.059000000000000004,0.016,0.063,10.651
2020-10-12 19:00:00-03:00,0.03,0.016,0.03,9.789
2020-10-12 20:00:00-03:00,0.0,0.0,0.001,8.736
2020-10-12 21:00:00-03:00,0.0,0.0,0.0,8.002
2020-10-12 22:00:00-03:00,0.0,0.0,0.0,7.235
2020-10-12 23:00:00-03:00,0.0,0.0,0.0,6.452
2020-10-13 00:00:00-03:00,0.0,0.0,0.0,5.989
2020-10-13 01:00:00-03:00,0.0,0.0,0.0,5.723
2020-10-13 02:00:00-03:00,0.0,0.0,0.0,5.38
2020-10-13 03:00:00-03:00,0.0,0.0,0.0,4.736
2020-10-13 04:00:00-03:00,0.0,0.0,0.0,4.13
2020-10-13 05:00:00-03:00,0.0,0.0,0.0,3.815
2020-10-13 06:00:00-03:00,0.0,0.0,0.0,3.625
2020-10-13 07:00:00-03:00,0.17200000000000001,0.169,0.025,3.753
2020-10-13 08:00:00-03:00,0.442,0.419,0.07,5.272
2020-10-13 09:00:00-03:00,0.47500000000000003,0.418,0.115,7.035
2020-10-13 10:00:00-03:00,0.376,0.256,0.163,7.858
2020-10-13 11:00:00-03:00,0.363,0.197,0.20800000000000002,8.066
2020-10-13 12:00:00-03:00,0.269,0.077,0.223,7.475
2020-10-13 13:00:00-03:00,0.311,0.062,0.28400000000000003,7.286
2020-10-13 14:00:00-03:00,0.313,0.106,0.242,7.432
2020-10-13 15:00:00-03:00,0.333,0.156,0.214,7.366
2020-10-13 16:00:00-03:00,0.34,0.196,0.182,7.366
2020-10-13 17:00:00-03:00,0.248,0.14100000000000001,0.136,7.153
2020-10-13 18:00:00-03:00,0.218,0.148,0.097,6.782
2020-10-13 19:00:00-03:00,0.078,0.059000000000000004,0.039,6.165
2020-10-13 20:00:00-03:00,0.001,0.004,0.002,5.495
2020-10-13 21:00:00-03:00,0.0,0.0,0.0,5.206
2020-10-13 22:00:00-03:00,0.0,0.0,0.0,5.025
2020-10-13 23:00:00-03:00,0.0,0.0,0.0,4.817
2020-10-14 00:00:00-03:00,0.0,0.0,0.0,4.41
2020-10-14 01:00:00-03:00,0.0,0.0,0.0,3.9779999999999998
2020-10-14 02:00:00-03:00,0.0,0.0,0.0,3.535
2020-10-14 03:00:00-03:00,0.0,0.0,0.0,3.167
2020-10-14 04:00:00-03:00,0.0,0.0,0.0,2.907
2020-10-14 05:00:00-03:00,0.0,0.0,0.0,2.8529999999999998
2020-10-14 06:00:00-03:00,0.0,0.0,0.0,2.834
2020-10-14 07:00:00-03:00,0.067,0.06,0.025,3.057
2020-10-14 08:00:00-03:00,0.301,0.253,0.077,4.234
2020-10-14 09:00:00-03:00,0.524,0.47500000000000003,0.113,6.037
2020-10-14 10:00:00-03:00,0.594,0.533,0.146,7.717
2020-10-14 11:00:00-03:00,0.674,0.624,0.168,9.108
2020-10-14 12:00:00-03:00,0.724,0.6880000000000001,0.177,10.334
2020-10-14 13:00:00-03:00,0.6950000000000001,0.624,0.20500000000000002,11.187
2020-10-14 14:00:00-03:00,0.377,0.18,0.247,10.973
2020-10-14 15:00:00-03:00,0.255,0.088,0.202,10.716
2020-10-14 16:00:00-03:00,0.152,0.038,0.14,10.374
2020-10-14 17:00:00-03:00,0.057,0.009000000000000001,0.067,9.182
2020-10-14 18:00:00-03:00,0.025,0.005,0.035,7.796
2020-10-14 19:00:00-03:00,0.007,0.004,0.014,7.173
2020-10-14 20:00:00-03:00,0.0,0.002,0.002,6.982
2020-10-14 21:00:00-03:00,0.0,0.0,0.0,6.784
2020-10-14 22:00:00-03:00,0.0,0.0,0.0,6.043
2020-10-14 23:00:00-03:00,0.0,0.0,0.0,5.629
2020-10-15 00:00:00-03:00,0.0,0.0,0.0,5.825
2020-10-15 01:00:00-03:00,0.0,0.0,0.0,6.407
2020-10-15 02:00:00-03:00,0.0,0.0,0.0,6.866
2020-10-15 03:00:00-03:00,0.0,0.0,0.0,6.9719999999999995
2020-10-15 04:00:00-03:00,0.0,0.0,0.0,6.769
2020-10-15 05:00:00-03:00,0.0,0.0,0.0,6.494
2020-10-15 06:00:00-03:00,0.0,0.0,0.0,6.08
2020-10-15 07:00:00-03:00,0.158,0.154,0.027,6.029
2020-10-15 08:00:00-03:00,0.484,0.47900000000000004,0.064,7.141
2020-10-15 09:00:00-03:00,0.666,0.686,0.092,8.713
2020-10-15 10:00:00-03:00,0.77,0.8160000000000001,0.116,10.272
2020-10-15 11:00:00-03:00,0.8260000000000001,0.894,0.129,11.634
2020-10-15 12:00:00-03:00,0.84,0.923,0.128,12.682
2020-10-15 13:00:00-03:00,0.8220000000000001,0.9480000000000001,0.081,13.405
2020-10-15 14:00:00-03:00,0.856,0.9510000000000001,0.134,13.856
2020-10-15 15:00:00-03:00,0.8280000000000001,0.897,0.14300000000000002,13.871
2020-10-15 16:00:00-03:00,0.646,0.623,0.147,13.191
2020-10-15 17:00:00-03:00,0.437,0.368,0.132,12.13
2020-10-15 18:00:00-03:00,0.265,0.20700000000000002,0.094,10.992
2020-10-15 19:00:00-03:00,0.135,0.115,0.044,9.631
2020-10-15 20:00:00-03:00,0.006,0.012,0.004,8.155
2020-10-15 21:00:00-03:00,0.0,0.0,0.0,7.197
2020-10-15 22:00:00-03:00,0.0,0.0,0.0,6.654
2020-10-15 23:00:00-03:00,0.0,0.0,0.0,6.237
2020-10-16 00:00:00-03:00,0.0,0.0,0.0,5.998
2020-10-16 01:00:00-03:00,0.0,0.0,0.0,5.995
2020-10-16 02:00:00-03:00,0.0,0.0,0.0,5.937
2020-10-16 03:00:00-03:00,0.0,0.0,0.0,5.827
2020-10-16 04:00:00-03:00,0.0,0.0,0.0,5.635
2020-10-16 05:00:00-03:00,0.0,0.0,0.0,5.365
2020-10-16 06:00:00-03:00,0.0,0.0,0.0,4.886
2020-10-16 07:00:00-03:00,0.041,0.032,0.026000000000000002,4.733
2020-10-16 08:00:00-03:00,0.056,0.019,0.055,5.557
2020-10-16 09:00:00-03:00,0.089,0.021,0.088,6.419
2020-10-16 10:00:00-03:00,0.131,0.028,0.126,7.664
2020-10-16 11:00:00-03:00,0.189,0.042,0.17400000000000002,9.126
2020-10-16 12:00:00-03:00,0.213,0.039,0.20500000000000002,10.055
2020-10-16 13:00:00-03:00,0.271,0.035,0.272,10.332
2020-10-16 14:00:00-03:00,0.195,0.031,0.192,10.045
2020-10-16 15:00:00-03:00,0.232,0.065,0.198,9.845
2020-10-16 16:00:00-03:00,0.265,0.11800000000000001,0.181,9.629
2020-10-16 17:00:00-03:00,0.307,0.192,0.152,9.105
2020-10-16 18:00:00-03:00,0.352,0.28400000000000003,0.108,8.336
2020-10-16 19:00:00-03:00,0.246,0.22,0.056,7.068
2020-10-16 20:00:00-03:00,0.007,0.012,0.005,5.178
2020-10-16 21:00:00-03:00,0.0,0.0,0.0,3.533
2020-10-16 22:00:00-03:00,0.0,0.0,0.0,2.498
2020-10-16 23:00:00-03:00,0.0,0.0,0.0,1.5779999999999998
2020-10-17 00:00:00-03:00,0.0,0.0,0.0,1.271
2020-10-17 01:00:00-03:00,0.0,0.0,0.0,1.34
2020-10-17 02:00:00-03:00,0.0,0.0,0.0,1.399
2020-10-17 03:00:00-03:00,0.0,0.0,0.0,1.317
2020-10-17 04:00:00-03:00,0.0,0.0,0.0,1.006
2020-10-17 05:00:00-03:00,0.0,0.0,0.0,0.706
2020-10-17 06:00:00-03:00,0.0,0.0,0.0,0.781
2020-10-17 07:00:00-03:00,0.003,0.002,0.009000000000000001,1.158
2020-10-17 08:00:00-03:00,0.023,0.004,0.033,1.671
2020-10-17 09:00:00-03:00,0.056,0.007,0.066,3.053
2020-10-17 10:00:00-03:00,0.089,0.011,0.098,5.357
2020-10-17 11:00:00-03:00,0.161,0.026000000000000002,0.16,8.49
2020-10-17 12:00:00-03:00,0.214,0.037,0.209,11.412
2020-10-17 13:00:00-03:00,0.329,0.065,0.313,13.642
2020-10-17 14:00:00-03:00,0.47200000000000003,0.271,0.281,15.565
2020-10-17 15:00:00-03:00,0.17400000000000002,0.035,0.171,14.93
2020-10-17 16:00:00-03:00,0.155,0.035,0.149,14.423
2020-10-17 17:00:00-03:00,0.146,0.046,0.129,13.799
2020-10-17 18:00:00-03:00,0.107,0.042,0.089,12.971
2020-10-17 19:00:00-03:00,0.036000000000000004,0.018000000000000002,0.035,11.071
2020-10-17 20:00:00-03:00,0.001,0.003,0.004,8.975
2020-10-17 21:00:00-03:00,0.0,0.0,0.0,8.283
2020-10-17 22:00:00-03:00,0.0,0.0,0.0,8.178
2020-10-17 23:00:00-03:00,0.0,0.0,0.0,6.68
2020-10-18 00:00:00-03:00,0.0,0.0,0.0,5.177
2020-10-18 01:00:00-03:00,0.0,0.0,0.0,3.961
2020-10-18 02:00:00-03:00,0.0,0.0,0.0,3.279
2020-10-18 03:00:00-03:00,0.0,0.0,0.0,3.805
2020-10-18 04:00:00-03:00,0.0,0.0,0.0,3.805
2020-10-18 05:00:00-03:00,0.0,0.0,0.0,3.993
2020-10-18 06:00:00-03:00,0.0,0.0,0.0,4.011
2020-10-18 07:00:00-03:00,0.01,0.005,0.016,4.039
2020-10-18 08:00:00-03:00,0.074,0.027,0.066,4.389
2020-10-18 09:00:00-03:00,0.14300000000000002,0.051000000000000004,0.113,4.983
2020-10-18 10:00:00-03:00,0.311,0.168,0.176,6.114
2020-10-18 11:00:00-03:00,0.487,0.33,0.218,7.441
2020-10-18 12:00:00-03:00,0.369,0.16,0.252,7.861
2020-10-18 13:00:00-03:00,0.4,0.111,0.336,7.8469999999999995
2020-10-18 14:00:00-03:00,0.23900000000000002,0.051000000000000004,0.217,7.39
2020-10-18 15:00:00-03:00,0.20700000000000002,0.049,0.185,7.154
2020-10-18 16:00:00-03:00,0.27,0.114,0.187,7.192
2020-10-18 17:00:00-03:00,0.181,0.068,0.138,6.65
2020-10-18 18:00:00-03:00,0.08,0.025,0.075,5.683
2020-10-18 19:00:00-03:00,0.035,0.017,0.034,4.5809999999999995
2020-10-18 20:00:00-03:00,0.001,0.003,0.004,3.371
2020-10-18 21:00:00-03:00,0.0,0.0,0.0,2.415
2020-10-18 22:00:00-03:00,0.0,0.0,0.0,1.495
2020-10-18 23:00:00-03:00,0.0,0.0,0.0,0.6970000000000001
2020-10-19 00:00:00-03:00,0.0,0.0,0.0,0.261
2020-10-19 01:00:00-03:00,0.0,0.0,0.0,0.17400000000000002
2020-10-19 02:00:00-03:00,0.0,0.0,0.0,0.306
2020-10-19 03:00:00-03:00,0.0,0.0,0.0,0.379
2020-10-19 04:00:00-03:00,0.0,0.0,0.0,0.358
2020-10-19 05:00:00-03:00,0.0,0.0,0.0,0.26
2020-10-19 06:00:00-03:00,0.0,0.0,0.0,0.231
2020-10-19 07:00:00-03:00,0.066,0.053,0.03,0.652
2020-10-19 08:00:00-03:00,0.253,0.195,0.081,1.8639999999999999
2020-10-19 09:00:00-03:00,0.577,0.534,0.11,3.464
2020-10-19 10:00:00-03:00,0.6920000000000001,0.662,0.134,5.02
2020-10-19 11:00:00-03:00,0.723,0.6880000000000001,0.156,6.247
2020-10-19 12:00:00-03:00,0.742,0.707,0.168,7.204
2020-10-19 13:00:00-03:00,0.725,0.6940000000000001,0.161,7.758
2020-10-19 14:00:00-03:00,0.755,0.724,0.17400000000000002,8.253
2020-10-19 15:00:00-03:00,0.755,0.736,0.164,8.598
2020-10-19 16:00:00-03:00,0.8160000000000001,0.849,0.139,8.481
2020-10-19 17:00:00-03:00,0.6890000000000001,0.681,0.123,7.652
2020-10-19 18:00:00-03:00,0.304,0.23600000000000002,0.101,6.393
2020-10-19 19:00:00-03:00,0.182,0.152,0.054,5.182
2020-10-19 20:00:00-03:00,0.024,0.031,0.008,3.9050000000000002
2020-10-19 21:00:00-03:00,0.0,0.0,0.0,3.094
2020-10-19 22:00:00-03:00,0.0,0.0,0.0,2.593
2020-10-19 23:00:00-03:00,0.0,0.0,0.0,2.197
2020-10-20 00:00:00-03:00,0.0,0.0,0.0,2.073
2020-10-20 01:00:00-03:00,0.0,0.0,0.0,2.067
2020-10-20 02:00:00-03:00,0.0,0.0,0.0,1.948
2020-10-20 03:00:00-03:00,0.0,0.0,0.0,1.663
2020-10-20 04:00:00-03:00,0.0,0.0,0.0,1.207
2020-10-20 05:00:00-03:00,0.0,0.0,0.0,1.057
2020-10-20 06:00:00-03:00,0.0,0.001,0.001,1.095
2020-10-20 07:00:00-03:00,0.12,0.10400000000000001,0.035,1.5030000000000001
2020-10-20 08:00:00-03:00,0.322,0.268,0.083,2.997
2020-10-20 09:00:00-03:00,0.44,0.363,0.122,4.98
2020-10-20 10:00:00-03:00,0.529,0.441,0.153,6.345
2020-10-20 11:00:00-03:00,0.644,0.5740000000000001,0.17,7.663
2020-10-20 12:00:00-03:00,0.788,0.789,0.161,8.894
2020-10-20 13:00:00-03:00,0.8190000000000001,0.896,0.105,9.864
2020-10-20 14:00:00-03:00,0.807,0.8230000000000001,0.163,10.283
2020-10-20 15:00:00-03:00,0.791,0.8,0.164,10.542
2020-10-20 16:00:00-03:00,0.61,0.545,0.166,10.416
2020-10-20 17:00:00-03:00,0.294,0.186,0.145,9.873
2020-10-20 18:00:00-03:00,0.168,0.099,0.096,9.223
2020-10-20 19:00:00-03:00,0.17200000000000001,0.14200000000000002,0.056,7.876
2020-10-20 20:00:00-03:00,0.034,0.04,0.009000000000000001,5.077
2020-10-20 21:00:00-03:00,0.0,0.0,0.0,3.3890000000000002
2020-10-20 22:00:00-03:00,0.0,0.0,0.0,2.164
2020-10-20 23:00:00-03:00,0.0,0.0,0.0,1.708
2020-10-21 00:00:00-03:00,0.0,0.0,0.0,1.824
2020-10-21 01:00:00-03:00,0.0,0.0,0.0,2.135
2020-10-21 02:00:00-03:00,0.0,0.0,0.0,1.9220000000000002
2020-10-21 03:00:00-03:00,0.0,0.0,0.0,1.592
2020-10-21 04:00:00-03:00,0.0,0.0,0.0,0.964
2020-10-21 05:00:00-03:00,0.0,0.0,0.0,0.006
2020-10-21 06:00:00-03:00,0.0,0.001,0.001,-0.444
2020-10-21 07:00:00-03:00,0.037,0.025,0.027,0.614
2020-10-21 08:00:00-03:00,0.14,0.082,0.079,2.347
2020-10-21 09:00:00-03:00,0.294,0.193,0.13,4.391
2020-10-21 10:00:00-03:00,0.38,0.258,0.165,7.388
2020-10-21 11:00:00-03:00,0.47300000000000003,0.34700000000000003,0.19,9.617
2020-10-21 12:00:00-03:00,0.709,0.675,0.177,11.807
2020-10-21 13:00:00-03:00,0.798,0.885,0.108,13.884
2020-10-21 14:00:00-03:00,0.8180000000000001,0.876,0.159,15.453
2020-10-21 15:00:00-03:00,0.779,0.8220000000000001,0.159,16.507
2020-10-21 16:00:00-03:00,0.799,0.879,0.137,17.124
2020-10-21 17:00:00-03:00,0.791,0.892,0.109,16.845
2020-10-21 18:00:00-03:00,0.72,0.803,0.082,15.336
2020-10-21 19:00:00-03:00,0.536,0.5690000000000001,0.054,12.338
2020-10-21 20:00:00-03:00,0.042,0.051000000000000004,0.009000000000000001,8.627
2020-10-21 21:00:00-03:00,0.0,0.0,0.0,7.135
2020-10-21 22:00:00-03:00,0.0,0.0,0.0,6.647
2020-10-21 23:00:00-03:00,0.0,0.0,0.0,6.267
2020-10-22 00:00:00-03:00,0.0,0.0,0.0,5.849
2020-10-22 01:00:00-03:00,0.0,0.0,0.0,5.476
2020-10-22 02:00:00-03:00,0.0,0.0,0.0,5.197
2020-10-22 03:00:00-03:00,0.0,0.0,0.0,4.885
2020-10-22 04:00:00-03:00,0.0,0.0,0.0,4.34
2020-10-22 05:00:00-03:00,0.0,0.0,0.0,3.833
2020-10-22 06:00:00-03:00,0.0,0.001,0.001,3.749
2020-10-22 07:00:00-03:00,0.053,0.035,0.035,4.458
2020-10-22 08:00:00-03:00,0.17300000000000001,0.10300000000000001,0.093,6.101
2020-10-22 09:00:00-03:00,0.28200000000000003,0.171,0.145,8.204
2020-10-22 10:00:00-03:00,0.41500000000000004,0.28,0.188,9.83
2020-10-22 11:00:00-03:00,0.376,0.201,0.225,10.924
2020-10-22 12:00:00-03:00,0.229,0.05,0.211,10.989
2020-10-22 13:00:00-03:00,0.297,0.042,0.294,11.095
2020-10-22 14:00:00-03:00,0.202,0.034,0.199,11.098
2020-10-22 15:00:00-03:00,0.158,0.024,0.16,10.929
2020-10-22 16:00:00-03:00,0.11,0.015,0.11900000000000001,10.599
2020-10-22 17:00:00-03:00,0.07200000000000001,0.009000000000000001,0.084,10.159
2020-10-22 18:00:00-03:00,0.039,0.006,0.05,9.435
2020-10-22 19:00:00-03:00,0.014,0.004,0.022,8.4
2020-10-22 20:00:00-03:00,0.0,0.001,0.003,7.234
2020-10-22 21:00:00-03:00,0.0,0.0,0.0,6.615
2020-10-22 22:00:00-03:00,0.0,0.0,0.0,6.261
2020-10-22 23:00:00-03:00,0.0,0.0,0.0,5.98
2020-10-23 00:00:00-03:00,0.0,0.0,0.0,5.696
2020-10-23 01:00:00-03:00,0.0,0.0,0.0,5.482
2020-10-23 02:00:00-03:00,0.0,0.0,0.0,5.316
2020-10-23 03:00:00-03:00,0.0,0.0,0.0,5.194
2020-10-23 04:00:00-03:00,0.0,0.0,0.0,5.11
2020-10-23 05:00:00-03:00,0.0,0.0,0.0,4.999
2020-10-23 06:00:00-03:00,0.0,0.0,0.0,4.952
2020-10-23 07:00:00-03:00,0.006,0.002,0.014,5.189
2020-10-23 08:00:00-03:00,0.039,0.006,0.049,5.784
2020-10-23 09:00:00-03:00,0.061,0.007,0.073,6.499
2020-10-23 10:00:00-03:00,0.114,0.016,0.12,7.675
2020-10-23 11:00:00-03:00,0.181,0.033,0.17400000000000002,9.092
2020-10-23 12:00:00-03:00,0.224,0.041,0.213,9.975
2020-10-23 13:00:00-03:00,0.28200000000000003,0.033,0.28600000000000003,10.346
2020-10-23 14:00:00-03:00,0.212,0.036000000000000004,0.20700000000000002,10.646
2020-10-23 15:00:00-03:00,0.184,0.033,0.18,10.788
2020-10-23 16:00:00-03:00,0.139,0.022,0.14300000000000002,10.582
2020-10-23 17:00:00-03:00,0.088,0.013000000000000001,0.097,10.026
2020-10-23 18:00:00-03:00,0.069,0.015,0.074,9.401
2020-10-23 19:00:00-03:00,0.044,0.018000000000000002,0.044,8.593
2020-10-23 20:00:00-03:00,0.005,0.006,0.008,7.457
2020-10-23 21:00:00-03:00,0.0,0.0,0.0,6.547
2020-10-23 22:00:00-03:00,0.0,0.0,0.0,5.788
2020-10-23 23:00:00-03:00,0.0,0.0,0.0,5.256
2020-10-24 00:00:00-03:00,0.0,0.0,0.0,4.914
2020-10-24 01:00:00-03:00,0.0,0.0,0.0,4.675
2020-10-24 02:00:00-03:00,0.0,0.0,0.0,4.508
2020-10-24 03:00:00-03:00,0.0,0.0,0.0,4.273
2020-10-24 04:00:00-03:00,0.0,0.0,0.0,4.105
2020-10-24 05:00:00-03:00,0.0,0.0,0.0,4.033
2020-10-24 06:00:00-03:00,0.0,0.0,0.001,3.988
2020-10-24 07:00:00-03:00,0.005,0.001,0.012,3.977
2020-10-24 08:00:00-03:00,0.011,0.001,0.021,3.979
2020-10-24 09:00:00-03:00,0.031,0.002,0.044,4.021
2020-10-24 10:00:00-03:00,0.067,0.005,0.081,4.235
2020-10-24 11:00:00-03:00,0.10300000000000001,0.009000000000000001,0.114,4.922
2020-10-24 12:00:00-03:00,0.129,0.01,0.14100000000000001,5.616
2020-10-24 13:00:00-03:00,0.198,0.012,0.211,6.175
2020-10-24 14:00:00-03:00,0.218,0.036000000000000004,0.20800000000000002,7.088
2020-10-24 15:00:00-03:00,0.241,0.063,0.20700000000000002,7.869
2020-10-24 16:00:00-03:00,0.281,0.11,0.20500000000000002,8.393
2020-10-24 17:00:00-03:00,0.252,0.115,0.168,8.47
2020-10-24 18:00:00-03:00,0.187,0.093,0.12,8.179
2020-10-24 19:00:00-03:00,0.054,0.024,0.048,7.374
2020-10-24 20:00:00-03:00,0.008,0.009000000000000001,0.009000000000000001,5.857
2020-10-24 21:00:00-03:00,0.0,0.0,0.0,4.6129999999999995
2020-10-24 22:00:00-03:00,0.0,0.0,0.0,3.903
2020-10-24 23:00:00-03:00,0.0,0.0,0.0,3.852
2020-10-25 00:00:00-03:00,0.0,0.0,0.0,3.823
2020-10-25 01:00:00-03:00,0.0,0.0,0.0,3.801
2020-10-25 02:00:00-03:00,0.0,0.0,0.0,3.855
2020-10-25 03:00:00-03:00,0.0,0.0,0.0,3.718
2020-10-25 04:00:00-03:00,0.0,0.0,0.0,3.516
2020-10-25 05:00:00-03:00,0.0,0.0,0.0,3.263
2020-10-25 06:00:00-03:00,0.0,0.0,0.001,3.06
2020-10-25 07:00:00-03:00,0.016,0.007,0.022,3.119
2020-10-25 08:00:00-03:00,0.073,0.025,0.067,3.461
2020-10-25 09:00:00-03:00,0.161,0.061,0.122,4.221
2020-10-25 10:00:00-03:00,0.295,0.152,0.17400000000000002,5.461
2020-10-25 11:00:00-03:00,0.609,0.513,0.189,8.237
2020-10-25 12:00:00-03:00,0.812,0.8240000000000001,0.17300000000000001,10.89
2020-10-25 13:00:00-03:00,0.769,0.793,0.147,12.209
2020-10-25 14:00:00-03:00,0.783,0.783,0.183,13.039
2020-10-25 15:00:00-03:00,0.745,0.734,0.179,13.513
2020-10-25 16:00:00-03:00,0.659,0.622,0.168,13.556000000000001
2020-10-25 17:00:00-03:00,0.505,0.434,0.151,13.21
2020-10-25 18:00:00-03:00,0.379,0.315,0.117,12.464
2020-10-25 19:00:00-03:00,0.182,0.145,0.065,10.995
2020-10-25 20:00:00-03:00,0.03,0.034,0.013000000000000001,8.458
2020-10-25 21:00:00-03:00,0.0,0.0,0.0,6.483
2020-10-25 22:00:00-03:00,0.0,0.0,0.0,6.3
2020-10-25 23:00:00-03:00,0.0,0.0,0.0,6.55
2020-10-26 00:00:00-03:00,0.0,0.0,0.0,6.041
2020-10-26 01:00:00-03:00,0.0,0.0,0.0,5.734
2020-10-26 02:00:00-03:00,0.0,0.0,0.0,5.534
2020-10-26 03:00:00-03:00,0.0,0.0,0.0,5.036
2020-10-26 04:00:00-03:00,0.0,0.0,0.0,4.317
2020-10-26 05:00:00-03:00,0.0,0.0,0.0,3.816
2020-10-26 06:00:00-03:00,0.002,0.007,0.003,3.419
2020-10-26 07:00:00-03:00,0.23600000000000002,0.217,0.044,4.167
2020-10-26 08:00:00-03:00,0.549,0.543,0.076,6.484
2020-10-26 09:00:00-03:00,0.586,0.5640000000000001,0.111,9.219
2020-10-26 10:00:00-03:00,0.735,0.751,0.132,10.637
2020-10-26 11:00:00-03:00,0.789,0.812,0.153,11.379
2020-10-26 12:00:00-03:00,0.8140000000000001,0.841,0.164,11.817
2020-10-26 13:00:00-03:00,0.794,0.851,0.127,12.031
2020-10-26 14:00:00-03:00,0.8320000000000001,0.865,0.17,12.038
2020-10-26 15:00:00-03:00,0.78,0.783,0.17,11.677
2020-10-26 16:00:00-03:00,0.526,0.427,0.179,10.786
2020-10-26 17:00:00-03:00,0.331,0.219,0.154,9.942
2020-10-26 18:00:00-03:00,0.30000000000000004,0.224,0.114,9.443
2020-10-26 19:00:00-03:00,0.281,0.246,0.069,8.772
2020-10-26 20:00:00-03:00,0.031,0.034,0.012,7.208
2020-10-26 21:00:00-03:00,0.0,0.0,0.0,6.338
2020-10-26 22:00:00-03:00,0.0,0.0,0.0,5.162
2020-10-26 23:00:00-03:00,0.0,0.0,0.0,3.852
2020-10-27 00:00:00-03:00,0.0,0.0,0.0,2.854
2020-10-27 01:00:00-03:00,0.0,0.0,0.0,2.259
2020-10-27 02:00:00-03:00,0.0,0.0,0.0,1.762
2020-10-27 03:00:00-03:00,0.0,0.0,0.0,1.217
2020-10-27 04:00:00-03:00,0.0,0.0,0.0,0.886
2020-10-27 05:00:00-03:00,0.0,0.0,0.0,1.365
2020-10-27 06:00:00-03:00,0.0,0.003,0.003,1.262
2020-10-27 07:00:00-03:00,0.084,0.058,0.044,1.833
2020-10-27 08:00:00-03:00,0.365,0.298,0.101,3.364
2020-10-27 09:00:00-03:00,0.34800000000000003,0.234,0.148,4.647
2020-10-27 10:00:00-03:00,0.273,0.122,0.18,5.263
2020-10-27 11:00:00-03:00,0.304,0.124,0.212,5.849
2020-10-27 12:00:00-03:00,0.28300000000000003,0.094,0.219,6.338
2020-10-27 13:00:00-03:00,0.465,0.212,0.31,7.397
2020-10-27 14:00:00-03:00,0.532,0.363,0.242,8.391
2020-10-27 15:00:00-03:00,0.538,0.393,0.222,9.14
2020-10-27 16:00:00-03:00,0.522,0.396,0.201,9.481
2020-10-27 17:00:00-03:00,0.309,0.18,0.167,9.149
2020-10-27 18:00:00-03:00,0.194,0.10400000000000001,0.117,8.65
2020-10-27 19:00:00-03:00,0.065,0.032,0.052000000000000005,7.624
2020-10-27 20:00:00-03:00,0.004,0.006,0.008,6.129
2020-10-27 21:00:00-03:00,0.0,0.0,0.0,5.199
2020-10-27 22:00:00-03:00,0.0,0.0,0.0,4.574
2020-10-27 23:00:00-03:00,0.0,0.0,0.0,4.073
2020-10-28 00:00:00-03:00,0.0,0.0,0.0,3.755
2020-10-28 01:00:00-03:00,0.0,0.0,0.0,3.436
2020-10-28 02:00:00-03:00,0.0,0.0,0.0,3.13
2020-10-28 03:00:00-03:00,0.0,0.0,0.0,2.892
2020-10-28 04:00:00-03:00,0.0,0.0,0.0,2.578
2020-10-28 05:00:00-03:00,0.0,0.0,0.0,2.441
2020-10-28 06:00:00-03:00,0.001,0.005,0.003,2.461
2020-10-28 07:00:00-03:00,0.09,0.066,0.044,2.884
2020-10-28 08:00:00-03:00,0.306,0.24,0.095,3.882
2020-10-28 09:00:00-03:00,0.539,0.47800000000000004,0.126,5.154
2020-10-28 10:00:00-03:00,0.538,0.445,0.161,6.134
2020-10-28 11:00:00-03:00,0.641,0.56,0.179,7.202
2020-10-28 12:00:00-03:00,0.738,0.6900000000000001,0.185,8.336
2020-10-28 13:00:00-03:00,0.734,0.6950000000000001,0.178,8.9
2020-10-28 14:00:00-03:00,0.836,0.846,0.178,9.257
2020-10-28 15:00:00-03:00,0.805,0.811,0.166,9.373
2020-10-28 16:00:00-03:00,0.794,0.8140000000000001,0.148,9.475
2020-10-28 17:00:00-03:00,0.606,0.562,0.138,9.131
2020-10-28 18:00:00-03:00,0.5740000000000001,0.552,0.106,8.646
2020-10-28 19:00:00-03:00,0.354,0.324,0.07,7.7
2020-10-28 20:00:00-03:00,0.061,0.063,0.016,6.622
2020-10-28 21:00:00-03:00,0.0,0.0,0.0,5.862
2020-10-28 22:00:00-03:00,0.0,0.0,0.0,5.551
2020-10-28 23:00:00-03:00,0.0,0.0,0.0,5.409
2020-10-29 00:00:00-03:00,0.0,0.0,0.0,5.231
2020-10-29 01:00:00-03:00,0.0,0.0,0.0,5.009
2020-10-29 02:00:00-03:00,0.0,0.0,0.0,4.844
2020-10-29 03:00:00-03:00,0.0,0.0,0.0,4.776
2020-10-29 04:00:00-03:00,0.0,0.0,0.0,4.72
2020-10-29 05:00:00-03:00,0.0,0.0,0.0,4.625
2020-10-29 06:00:00-03:00,0.001,0.003,0.003,4.524
2020-10-29 07:00:00-03:00,0.037,0.02,0.034,4.818
2020-10-29 08:00:00-03:00,0.169,0.1,0.092,5.562
2020-10-29 09:00:00-03:00,0.614,0.58,0.123,6.956
2020-10-29 10:00:00-03:00,0.501,0.399,0.167,8.017
2020-10-29 11:00:00-03:00,0.539,0.421,0.195,9.076
2020-10-29 12:00:00-03:00,0.706,0.649,0.19,10.317
2020-10-29 13:00:00-03:00,0.856,0.908,0.162,11.512
2020-10-29 14:00:00-03:00,0.868,0.92,0.17300000000000001,12.311
2020-10-29 15:00:00-03:00,0.771,0.776,0.169,12.448
2020-10-29 16:00:00-03:00,0.795,0.836,0.145,12.401
2020-10-29 17:00:00-03:00,0.8140000000000001,0.891,0.116,12.153
2020-10-29 18:00:00-03:00,0.624,0.63,0.10300000000000001,11.277
2020-10-29 19:00:00-03:00,0.194,0.152,0.07100000000000001,9.757
2020-10-29 20:00:00-03:00,0.009000000000000001,0.01,0.01,8.175
2020-10-29 21:00:00-03:00,0.0,0.0,0.0,7.176
2020-10-29 22:00:00-03:00,0.0,0.0,0.0,6.445
2020-10-29 23:00:00-03:00,0.0,0.0,0.0,5.563
2020-10-30 00:00:00-03:00,0.0,0.0,0.0,5.292
2020-10-30 01:00:00-03:00,0.0,0.0,0.0,5.222
2020-10-30 02:00:00-03:00,0.0,0.0,0.0,5.085
2020-10-30 03:00:00-03:00,0.0,0.0,0.0,5.019
2020-10-30 04:00:00-03:00,0.0,0.0,0.0,5.067
2020-10-30 05:00:00-03:00,0.0,0.0,0.0,5.261
2020-10-30 06:00:00-03:00,0.001,0.004,0.004,5.505
2020-10-30 07:00:00-03:00,0.03,0.013000000000000001,0.033,6.052
2020-10-30 08:00:00-03:00,0.10400000000000001,0.04,0.08600000000000001,6.859
2020-10-30 09:00:00-03:00,0.152,0.05,0.126,7.797
2020-10-30 10:00:00-03:00,0.272,0.12,0.185,9.03
2020-10-30 11:00:00-03:00,0.428,0.264,0.222,10.512
2020-10-30 12:00:00-03:00,0.541,0.392,0.23500000000000001,11.803
2020-10-30 13:00:00-03:00,0.47200000000000003,0.28800000000000003,0.255,12.373
2020-10-30 14:00:00-03:00,0.34600000000000003,0.156,0.23800000000000002,12.229
2020-10-30 15:00:00-03:00,0.445,0.277,0.234,12.492
2020-10-30 16:00:00-03:00,0.539,0.431,0.197,12.711
2020-10-30 17:00:00-03:00,0.591,0.54,0.155,12.561
2020-10-30 18:00:00-03:00,0.491,0.446,0.12,11.93
2020-10-30 19:00:00-03:00,0.357,0.327,0.077,10.914
2020-10-30 20:00:00-03:00,0.152,0.155,0.023,9.269
2020-10-30 21:00:00-03:00,0.0,0.0,0.0,7.625
2020-10-30 22:00:00-03:00,0.0,0.0,0.0,6.842
2020-10-30 23:00:00-03:00,0.0,0.0,0.0,5.86
2020-10-31 00:00:00-03:00,0.0,0.0,0.0,4.803
2020-10-31 01:00:00-03:00,0.0,0.0,0.0,4.509
2020-10-31 02:00:00-03:00,0.0,0.0,0.0,4.415
2020-10-31 03:00:00-03:00,0.0,0.0,0.0,3.775
2020-10-31 04:00:00-03:00,0.0,0.0,0.0,2.904
2020-10-31 05:00:00-03:00,0.0,0.0,0.0,2.503
2020-10-31 06:00:00-03:00,0.041,0.05,0.007,2.448
2020-10-31 07:00:00-03:00,0.355,0.34400000000000003,0.047,5.3629999999999995
2020-10-31 08:00:00-03:00,0.598,0.611,0.076,7.982
2020-10-31 09:00:00-03:00,0.715,0.756,0.10200000000000001,11.431
2020-10-31 10:00:00-03:00,0.781,0.84,0.126,13.671
2020-10-31 11:00:00-03:00,0.8150000000000001,0.881,0.149,15.372
2020-10-31 12:00:00-03:00,0.779,0.808,0.17300000000000001,16.441
2020-10-31 13:00:00-03:00,0.656,0.598,0.203,16.827
2020-10-31 14:00:00-03:00,0.544,0.424,0.224,16.68
2020-10-31 15:00:00-03:00,0.435,0.28600000000000003,0.222,16.119
2020-10-31 16:00:00-03:00,0.34400000000000003,0.203,0.195,15.405
2020-10-31 17:00:00-03:00,0.429,0.335,0.163,15.005
2020-10-31 18:00:00-03:00,0.418,0.363,0.12,14.334
2020-10-31 19:00:00-03:00,0.296,0.264,0.075,13.189
2020-10-31 20:00:00-03:00,0.122,0.124,0.022,10.894
2020-10-31 21:00:00-03:00,0.0,0.0,0.0,8.224
2020-10-31 22:00:00-03:00,0.0,0.0,0.0,7.44
2020-10-31 23:00:00-03:00,0.0,0.0,0.0,7.607
2020-11-01 00:00:00-03:00,0.0,0.0,0.0,7.939
2020-11-01 01:00:00-03:00,0.0,0.0,0.0,8.261
2020-11-01 02:00:00-03:00,0.0,0.0,0.0,7.938
2020-11-01 03:00:00-03:00,0.0,0.0,0.0,7.454
2020-11-01 04:00:00-03:00,0.0,0.0,0.0,6.805
2020-11-01 05:00:00-03:00,0.0,0.0,0.0,5.791
2020-11-01 06:00:00-03:00,0.021,0.028,0.007,5.615
2020-11-01 07:00:00-03:00,0.191,0.164,0.054,7.746
2020-11-01 08:00:00-03:00,0.37,0.319,0.096,9.53
2020-11-01 09:00:00-03:00,0.588,0.5710000000000001,0.11900000000000001,12.285
2020-11-01 10:00:00-03:00,0.713,0.736,0.135,14.5
2020-11-01 11:00:00-03:00,0.802,0.867,0.15,16.471
2020-11-01 12:00:00-03:00,0.8160000000000001,0.886,0.164,18.297
2020-11-01 13:00:00-03:00,0.768,0.84,0.145,19.88
2020-11-01 14:00:00-03:00,0.77,0.8210000000000001,0.17500000000000002,21.236
2020-11-01 15:00:00-03:00,0.777,0.85,0.163,22.385
2020-11-01 16:00:00-03:00,0.735,0.802,0.148,22.741
2020-11-01 17:00:00-03:00,0.7020000000000001,0.768,0.126,22.004
2020-11-01 18:00:00-03:00,0.53,0.529,0.111,19.741
2020-11-01 19:00:00-03:00,0.22,0.184,0.075,16.719
2020-11-01 20:00:00-03:00,0.063,0.064,0.021,13.873
2020-11-01 21:00:00-03:00,0.0,0.0,0.0,11.554
2020-11-01 22:00:00-03:00,0.0,0.0,0.0,10.456
2020-11-01 23:00:00-03:00,0.0,0.0,0.0,10.17
2020-11-02 00:00:00-03:00,0.0,0.0,0.0,9.751
2020-11-02 01:00:00-03:00,0.0,0.0,0.0,9.446
2020-11-02 02:00:00-03:00,0.0,0.0,0.0,9.155
2020-11-02 03:00:00-03:00,0.0,0.0,0.0,8.896
2020-11-02 04:00:00-03:00,0.0,0.0,0.0,8.42
2020-11-02 05:00:00-03:00,0.0,0.0,0.0,7.763
2020-11-02 06:00:00-03:00,0.005,0.009000000000000001,0.006,7.131
2020-11-02 07:00:00-03:00,0.10300000000000001,0.07100000000000001,0.054,8.486
2020-11-02 08:00:00-03:00,0.5,0.47100000000000003,0.1,10.363
2020-11-02 09:00:00-03:00,0.374,0.268,0.156,11.44
2020-11-02 10:00:00-03:00,0.28200000000000003,0.129,0.192,11.94
2020-11-02 11:00:00-03:00,0.325,0.14200000000000002,0.228,12.744
2020-11-02 12:00:00-03:00,0.383,0.184,0.255,13.586
2020-11-02 13:00:00-03:00,0.47300000000000003,0.229,0.321,14.269
2020-11-02 14:00:00-03:00,0.47900000000000004,0.301,0.258,14.924
2020-11-02 15:00:00-03:00,0.527,0.383,0.23900000000000002,15.478
2020-11-02 16:00:00-03:00,0.389,0.232,0.218,15.444
2020-11-02 17:00:00-03:00,0.245,0.112,0.17200000000000001,15.024
2020-11-02 18:00:00-03:00,0.132,0.05,0.11,14.293
2020-11-02 19:00:00-03:00,0.07100000000000001,0.032,0.06,13.151
2020-11-02 20:00:00-03:00,0.031,0.028,0.02,11.266
2020-11-02 21:00:00-03:00,0.0,0.0,0.0,9.846
2020-11-02 22:00:00-03:00,0.0,0.0,0.0,9.207
2020-11-02 23:00:00-03:00,0.0,0.0,0.0,8.665
2020-11-03 00:00:00-03:00,0.0,0.0,0.0,8.155
2020-11-03 01:00:00-03:00,0.0,0.0,0.0,7.48
2020-11-03 02:00:00-03:00,0.0,0.0,0.0,7.097
2020-11-03 03:00:00-03:00,0.0,0.0,0.0,6.518
2020-11-03 04:00:00-03:00,0.0,0.0,0.0,5.684
2020-11-03 05:00:00-03:00,0.0,0.0,0.0,5.48
2020-11-03 06:00:00-03:00,0.063,0.07100000000000001,0.01,5.382
2020-11-03 07:00:00-03:00,0.381,0.371,0.052000000000000005,6.632
2020-11-03 08:00:00-03:00,0.608,0.622,0.08,8.600999999999999
2020-11-03 09:00:00-03:00,0.6930000000000001,0.717,0.111,11.426
2020-11-03 10:00:00-03:00,0.621,0.578,0.156,12.785
2020-11-03 11:00:00-03:00,0.63,0.5650000000000001,0.187,13.938
2020-11-03 12:00:00-03:00,0.714,0.686,0.19,15.138
2020-11-03 13:00:00-03:00,0.757,0.79,0.156,16.244
2020-11-03 14:00:00-03:00,0.6990000000000001,0.66,0.202,16.827
2020-11-03 15:00:00-03:00,0.551,0.437,0.22,16.955
2020-11-03 16:00:00-03:00,0.357,0.209,0.20700000000000002,16.738
2020-11-03 17:00:00-03:00,0.28700000000000003,0.162,0.17200000000000001,16.513
2020-11-03 18:00:00-03:00,0.20700000000000002,0.11900000000000001,0.124,15.858
2020-11-03 19:00:00-03:00,0.124,0.079,0.07200000000000001,14.395
2020-11-03 20:00:00-03:00,0.04,0.038,0.021,12.071
2020-11-03 21:00:00-03:00,0.0,0.0,0.0,9.862
2020-11-03 22:00:00-03:00,0.0,0.0,0.0,7.713
2020-11-03 23:00:00-03:00,0.0,0.0,0.0,5.968
2020-11-04 00:00:00-03:00,0.0,0.0,0.0,4.989
2020-11-04 01:00:00-03:00,0.0,0.0,0.0,4.477
2020-11-04 02:00:00-03:00,0.0,0.0,0.0,4.112
2020-11-04 03:00:00-03:00,0.0,0.0,0.0,3.8
2020-11-04 04:00:00-03:00,0.0,0.0,0.0,3.541
2020-11-04 05:00:00-03:00,0.0,0.0,0.0,3.398
2020-11-04 06:00:00-03:00,0.0,0.001,0.003,3.479
2020-11-04 07:00:00-03:00,0.011,0.002,0.02,3.758
2020-11-04 08:00:00-03:00,0.033,0.004,0.045,4.16
2020-11-04 09:00:00-03:00,0.079,0.008,0.09,4.803
2020-11-04 10:00:00-03:00,0.129,0.015,0.136,5.664
2020-11-04 11:00:00-03:00,0.201,0.033,0.194,6.911
2020-11-04 12:00:00-03:00,0.34,0.107,0.272,8.578
2020-11-04 13:00:00-03:00,0.519,0.213,0.381,10.205
2020-11-04 14:00:00-03:00,0.263,0.053,0.245,10.42
2020-11-04 15:00:00-03:00,0.114,0.008,0.129,9.008
2020-11-04 16:00:00-03:00,0.094,0.007,0.108,7.527
2020-11-04 17:00:00-03:00,0.07200000000000001,0.006,0.08600000000000001,6.798
2020-11-04 18:00:00-03:00,0.054,0.007,0.065,6.583
2020-11-04 19:00:00-03:00,0.063,0.02,0.062,6.413
2020-11-04 20:00:00-03:00,0.02,0.015,0.019,5.797
2020-11-04 21:00:00-03:00,0.0,0.0,0.0,5.27
2020-11-04 22:00:00-03:00,0.0,0.0,0.0,5.338
2020-11-04 23:00:00-03:00,0.0,0.0,0.0,5.756
2020-11-05 00:00:00-03:00,0.0,0.0,0.0,6.384
2020-11-05 01:00:00-03:00,0.0,0.0,0.0,7.026
2020-11-05 02:00:00-03:00,0.0,0.0,0.0,7.373
2020-11-05 03:00:00-03:00,0.0,0.0,0.0,7.446
2020-11-05 04:00:00-03:00,0.0,0.0,0.0,7.326
2020-11-05 05:00:00-03:00,0.0,0.0,0.0,7.117
2020-11-05 06:00:00-03:00,0.007,0.009000000000000001,0.008,7.006
2020-11-05 07:00:00-03:00,0.154,0.113,0.065,7.572
2020-11-05 08:00:00-03:00,0.375,0.306,0.114,8.566
2020-11-05 09:00:00-03:00,0.504,0.421,0.153,9.525
2020-11-05 10:00:00-03:00,0.495,0.365,0.2,10.458
2020-11-05 11:00:00-03:00,0.361,0.169,0.23900000000000002,10.876
2020-11-05 12:00:00-03:00,0.315,0.1,0.257,10.944
2020-11-05 13:00:00-03:00,0.319,0.051000000000000004,0.31,10.739
2020-11-05 14:00:00-03:00,0.21,0.033,0.20700000000000002,10.611
2020-11-05 15:00:00-03:00,0.191,0.032,0.189,10.659
2020-11-05 16:00:00-03:00,0.181,0.036000000000000004,0.17400000000000002,10.747
2020-11-05 17:00:00-03:00,0.158,0.04,0.146,10.679
2020-11-05 18:00:00-03:00,0.20400000000000001,0.1,0.134,10.576
2020-11-05 19:00:00-03:00,0.215,0.155,0.09,9.905
2020-11-05 20:00:00-03:00,0.077,0.07,0.028,8.448
2020-11-05 21:00:00-03:00,0.0,0.0,0.0,7.136
2020-11-05 22:00:00-03:00,0.0,0.0,0.0,6.222
2020-11-05 23:00:00-03:00,0.0,0.0,0.0,4.886
2020-11-06 00:00:00-03:00,0.0,0.0,0.0,3.421
2020-11-06 01:00:00-03:00,0.0,0.0,0.0,2.576
2020-11-06 02:00:00-03:00,0.0,0.0,0.0,2.447
2020-11-06 03:00:00-03:00,0.0,0.0,0.0,2.442
2020-11-06 04:00:00-03:00,0.0,0.0,0.0,2.166
2020-11-06 05:00:00-03:00,0.0,0.0,0.0,2.008
2020-11-06 06:00:00-03:00,0.024,0.026000000000000002,0.012,2.053
2020-11-06 07:00:00-03:00,0.182,0.137,0.067,3.536
2020-11-06 08:00:00-03:00,0.368,0.28500000000000003,0.121,5.162
2020-11-06 09:00:00-03:00,0.644,0.597,0.14400000000000002,7.082
2020-11-06 10:00:00-03:00,0.706,0.656,0.177,8.814
2020-11-06 11:00:00-03:00,0.791,0.768,0.193,10.315
2020-11-06 12:00:00-03:00,0.8320000000000001,0.8300000000000001,0.203,11.736
2020-11-06 13:00:00-03:00,0.8290000000000001,0.866,0.17,13.005
2020-11-06 14:00:00-03:00,0.855,0.88,0.20500000000000002,13.968
2020-11-06 15:00:00-03:00,0.846,0.877,0.196,14.478
2020-11-06 16:00:00-03:00,0.777,0.78,0.185,14.516
2020-11-06 17:00:00-03:00,0.676,0.648,0.168,14.151
2020-11-06 18:00:00-03:00,0.557,0.516,0.137,13.306
2020-11-06 19:00:00-03:00,0.418,0.385,0.092,11.929
2020-11-06 20:00:00-03:00,0.221,0.215,0.036000000000000004,9.308
2020-11-06 21:00:00-03:00,0.0,0.0,0.0,6.549
2020-11-06 22:00:00-03:00,0.0,0.0,0.0,5.885
2020-11-06 23:00:00-03:00,0.0,0.0,0.0,5.827
2020-11-07 00:00:00-03:00,0.0,0.0,0.0,5.918
2020-11-07 01:00:00-03:00,0.0,0.0,0.0,5.507
2020-11-07 02:00:00-03:00,0.0,0.0,0.0,5.443
2020-11-07 03:00:00-03:00,0.0,0.0,0.0,5.214
2020-11-07 04:00:00-03:00,0.0,0.0,0.0,4.414
2020-11-07 05:00:00-03:00,0.0,0.0,0.0,3.615
2020-11-07 06:00:00-03:00,0.052000000000000005,0.053,0.017,3.5700000000000003
2020-11-07 07:00:00-03:00,0.153,0.1,0.075,5.16
2020-11-07 08:00:00-03:00,0.15,0.055,0.11900000000000001,6.8629999999999995
2020-11-07 09:00:00-03:00,0.166,0.039,0.153,9.019
2020-11-07 10:00:00-03:00,0.182,0.032,0.179,10.862
2020-11-07 11:00:00-03:00,0.212,0.034,0.211,12.521
2020-11-07 12:00:00-03:00,0.274,0.052000000000000005,0.263,14.047
2020-11-07 13:00:00-03:00,0.373,0.06,0.371,14.996
2020-11-07 14:00:00-03:00,0.355,0.106,0.305,15.891
2020-11-07 15:00:00-03:00,0.28500000000000003,0.07,0.26,15.967
2020-11-07 16:00:00-03:00,0.176,0.027,0.182,15.196
2020-11-07 17:00:00-03:00,0.166,0.035,0.163,14.773
2020-11-07 18:00:00-03:00,0.195,0.08,0.149,14.486
2020-11-07 19:00:00-03:00,0.116,0.055,0.08700000000000001,13.535
2020-11-07 20:00:00-03:00,0.034,0.025,0.026000000000000002,12.066
2020-11-07 21:00:00-03:00,0.0,0.0,0.0,10.589
2020-11-07 22:00:00-03:00,0.0,0.0,0.0,9.603
2020-11-07 23:00:00-03:00,0.0,0.0,0.0,9.094
2020-11-08 00:00:00-03:00,0.0,0.0,0.0,8.89
2020-11-08 01:00:00-03:00,0.0,0.0,0.0,8.811
2020-11-08 02:00:00-03:00,0.0,0.0,0.0,8.832
2020-11-08 03:00:00-03:00,0.0,0.0,0.0,8.861
2020-11-08 04:00:00-03:00,0.0,0.0,0.0,8.788
2020-11-08 05:00:00-03:00,0.0,0.0,0.0,8.713
2020-11-08 06:00:00-03:00,0.002,0.003,0.007,8.72
2020-11-08 07:00:00-03:00,0.048,0.015,0.051000000000000004,9.129
2020-11-08 08:00:00-03:00,0.185,0.082,0.131,10.092
2020-11-08 09:00:00-03:00,0.431,0.293,0.198,11.46
2020-11-08 10:00:00-03:00,0.453,0.272,0.249,12.579
2020-11-08 11:00:00-03:00,0.354,0.125,0.279,13.124
2020-11-08 12:00:00-03:00,0.386,0.128,0.315,13.536
2020-11-08 13:00:00-03:00,0.47900000000000004,0.134,0.422,13.791
2020-11-08 14:00:00-03:00,0.28,0.05,0.271,13.346
2020-11-08 15:00:00-03:00,0.202,0.026000000000000002,0.20800000000000002,12.613
2020-11-08 16:00:00-03:00,0.165,0.021,0.17300000000000001,11.929
2020-11-08 17:00:00-03:00,0.106,0.012,0.11800000000000001,10.923
2020-11-08 18:00:00-03:00,0.07200000000000001,0.01,0.083,9.711
2020-11-08 19:00:00-03:00,0.051000000000000004,0.012,0.057,8.559
2020-11-08 20:00:00-03:00,0.018000000000000002,0.011,0.021,7.237
2020-11-08 21:00:00-03:00,0.0,0.0,0.0,5.801
2020-11-08 22:00:00-03:00,0.0,0.0,0.0,4.642
2020-11-08 23:00:00-03:00,0.0,0.0,0.0,3.862
2020-11-09 00:00:00-03:00,0.0,0.0,0.0,3.36
2020-11-09 01:00:00-03:00,0.0,0.0,0.0,2.813
2020-11-09 02:00:00-03:00,0.0,0.0,0.0,2.3890000000000002
2020-11-09 03:00:00-03:00,0.0,0.0,0.0,1.964
2020-11-09 04:00:00-03:00,0.0,0.0,0.0,1.786
2020-11-09 05:00:00-03:00,0.0,0.0,0.0,1.921
2020-11-09 06:00:00-03:00,0.004,0.003,0.009000000000000001,2.229
2020-11-09 07:00:00-03:00,0.032,0.006,0.041,2.528
2020-11-09 08:00:00-03:00,0.064,0.008,0.074,2.973
2020-11-09 09:00:00-03:00,0.093,0.008,0.10400000000000001,3.9859999999999998
2020-11-09 10:00:00-03:00,0.096,0.006,0.111,5.256
2020-11-09 11:00:00-03:00,0.08600000000000001,0.003,0.10300000000000001,6.53
2020-11-09 12:00:00-03:00,0.14300000000000002,0.007,0.16,8.438
2020-11-09 13:00:00-03:00,0.298,0.021,0.316,10.631
2020-11-09 14:00:00-03:00,0.177,0.012,0.194,11.418
2020-11-09 15:00:00-03:00,0.15,0.01,0.167,11.412
2020-11-09 16:00:00-03:00,0.178,0.021,0.187,11.398
2020-11-09 17:00:00-03:00,0.096,0.008,0.112,10.784
2020-11-09 18:00:00-03:00,0.081,0.01,0.092,10.148
2020-11-09 19:00:00-03:00,0.036000000000000004,0.006,0.047,9.343
2020-11-09 20:00:00-03:00,0.013000000000000001,0.006,0.019,8.557
2020-11-09 21:00:00-03:00,0.0,0.002,0.0,7.772
2020-11-09 22:00:00-03:00,0.0,0.0,0.0,7.067
2020-11-09 23:00:00-03:00,0.0,0.0,0.0,6.271
2020-11-10 00:00:00-03:00,0.0,0.0,0.0,5.356
2020-11-10 01:00:00-03:00,0.0,0.0,0.0,4.595
2020-11-10 02:00:00-03:00,0.0,0.0,0.0,4.155
2020-11-10 03:00:00-03:00,0.0,0.0,0.0,3.856
2020-11-10 04:00:00-03:00,0.0,0.0,0.0,3.613
2020-11-10 05:00:00-03:00,0.0,0.0,0.0,3.357
2020-11-10 06:00:00-03:00,0.017,0.015,0.015,3.374
2020-11-10 07:00:00-03:00,0.22,0.165,0.08,4.693
2020-11-10 08:00:00-03:00,0.529,0.47400000000000003,0.123,6.8260000000000005
2020-11-10 09:00:00-03:00,0.621,0.557,0.165,9.291
2020-11-10 10:00:00-03:00,0.551,0.41300000000000003,0.227,11.539
2020-11-10 11:00:00-03:00,0.512,0.322,0.274,13.537
2020-11-10 12:00:00-03:00,0.537,0.326,0.308,15.133
2020-11-10 13:00:00-03:00,0.441,0.116,0.397,15.698
2020-11-10 14:00:00-03:00,0.299,0.069,0.278,16.068
2020-11-10 15:00:00-03:00,0.28400000000000003,0.074,0.257,16.534
2020-11-10 16:00:00-03:00,0.306,0.112,0.244,16.978
2020-11-10 17:00:00-03:00,0.232,0.08,0.192,16.874
2020-11-10 18:00:00-03:00,0.24,0.123,0.157,16.517
2020-11-10 19:00:00-03:00,0.256,0.192,0.106,15.739
2020-11-10 20:00:00-03:00,0.183,0.17,0.045,13.743
2020-11-10 21:00:00-03:00,0.002,0.008,0.001,11.226
2020-11-10 22:00:00-03:00,0.0,0.0,0.0,10.213
2020-11-10 23:00:00-03:00,0.0,0.0,0.0,9.499
2020-11-11 00:00:00-03:00,0.0,0.0,0.0,8.946
2020-11-11 01:00:00-03:00,0.0,0.0,0.0,8.801
2020-11-11 02:00:00-03:00,0.0,0.0,0.0,8.451
2020-11-11 03:00:00-03:00,0.0,0.0,0.0,7.694
2020-11-11 04:00:00-03:00,0.0,0.0,0.0,6.904
2020-11-11 05:00:00-03:00,0.0,0.0,0.0,6.448
2020-11-11 06:00:00-03:00,0.038,0.035,0.02,7.042
2020-11-11 07:00:00-03:00,0.18,0.127,0.08,9.738
2020-11-11 08:00:00-03:00,0.393,0.31,0.137,11.75
2020-11-11 09:00:00-03:00,0.437,0.316,0.191,14.871
2020-11-11 10:00:00-03:00,0.419,0.248,0.243,16.864
2020-11-11 11:00:00-03:00,0.363,0.148,0.277,17.479
2020-11-11 12:00:00-03:00,0.303,0.07100000000000001,0.28200000000000003,16.971
2020-11-11 13:00:00-03:00,0.248,0.019,0.269,15.469
2020-11-11 14:00:00-03:00,0.191,0.02,0.20400000000000001,14.801
2020-11-11 15:00:00-03:00,0.193,0.026000000000000002,0.2,15.093
2020-11-11 16:00:00-03:00,0.307,0.108,0.246,15.538
2020-11-11 17:00:00-03:00,0.578,0.483,0.20500000000000002,15.611
2020-11-11 18:00:00-03:00,0.598,0.561,0.151,14.727
2020-11-11 19:00:00-03:00,0.46,0.425,0.106,13.33
2020-11-11 20:00:00-03:00,0.158,0.14,0.046,11.659
2020-11-11 21:00:00-03:00,0.001,0.006,0.002,9.885
2020-11-11 22:00:00-03:00,0.0,0.0,0.0,8.578
2020-11-11 23:00:00-03:00,0.0,0.0,0.0,7.626
2020-11-12 00:00:00-03:00,0.0,0.0,0.0,6.77
2020-11-12 01:00:00-03:00,0.0,0.0,0.0,6.121
2020-11-12 02:00:00-03:00,0.0,0.0,0.0,5.235
2020-11-12 03:00:00-03:00,0.0,0.0,0.0,4.595
2020-11-12 04:00:00-03:00,0.0,0.0,0.0,4.538
2020-11-12 05:00:00-03:00,0.0,0.0,0.0,4.824
2020-11-12 06:00:00-03:00,0.041,0.036000000000000004,0.021,5.177
2020-11-12 07:00:00-03:00,0.171,0.114,0.082,7.263
2020-11-12 08:00:00-03:00,0.226,0.117,0.139,9.04
2020-11-12 09:00:00-03:00,0.265,0.112,0.19,11.015
2020-11-12 10:00:00-03:00,0.358,0.164,0.244,12.466
2020-11-12 11:00:00-03:00,0.5730000000000001,0.404,0.273,14.31
2020-11-12 12:00:00-03:00,0.5680000000000001,0.361,0.314,15.375
2020-11-12 13:00:00-03:00,0.552,0.241,0.41400000000000003,15.536
2020-11-12 14:00:00-03:00,0.395,0.135,0.321,15.128
2020-11-12 15:00:00-03:00,0.271,0.059000000000000004,0.253,14.434
2020-11-12 16:00:00-03:00,0.169,0.024,0.176,13.698
2020-11-12 17:00:00-03:00,0.151,0.027,0.152,13.546
2020-11-12 18:00:00-03:00,0.17400000000000002,0.061,0.14300000000000002,13.154
2020-11-12 19:00:00-03:00,0.195,0.12,0.106,11.999
2020-11-12 20:00:00-03:00,0.215,0.196,0.05,10.198
2020-11-12 21:00:00-03:00,0.002,0.007,0.002,7.9719999999999995
2020-11-12 22:00:00-03:00,0.0,0.0,0.0,6.502
2020-11-12 23:00:00-03:00,0.0,0.0,0.0,5.411
2020-11-13 00:00:00-03:00,0.0,0.0,0.0,4.48
2020-11-13 01:00:00-03:00,0.0,0.0,0.0,3.769
2020-11-13 02:00:00-03:00,0.0,0.0,0.0,3.207
2020-11-13 03:00:00-03:00,0.0,0.0,0.0,2.724
2020-11-13 04:00:00-03:00,0.0,0.0,0.0,2.22
2020-11-13 05:00:00-03:00,0.0,0.0,0.0,1.669
2020-11-13 06:00:00-03:00,0.094,0.08600000000000001,0.027,1.641
2020-11-13 07:00:00-03:00,0.383,0.333,0.085,3.265
2020-11-13 08:00:00-03:00,0.386,0.278,0.149,6.008
2020-11-13 09:00:00-03:00,0.357,0.191,0.20800000000000002,8.309
2020-11-13 10:00:00-03:00,0.324,0.117,0.248,10.006
2020-11-13 11:00:00-03:00,0.295,0.069,0.265,11.137
2020-11-13 12:00:00-03:00,0.256,0.034,0.257,11.495
2020-11-13 13:00:00-03:00,0.268,0.018000000000000002,0.28600000000000003,11.131
2020-11-13 14:00:00-03:00,0.177,0.013000000000000001,0.192,10.643
2020-11-13 15:00:00-03:00,0.148,0.011,0.163,10.281
2020-11-13 16:00:00-03:00,0.13,0.011,0.14400000000000002,10.117
2020-11-13 17:00:00-03:00,0.137,0.018000000000000002,0.14300000000000002,9.872
2020-11-13 18:00:00-03:00,0.10200000000000001,0.017,0.107,8.599
2020-11-13 19:00:00-03:00,0.07200000000000001,0.019,0.073,7.316
2020-11-13 20:00:00-03:00,0.032,0.017,0.03,6.34
2020-11-13 21:00:00-03:00,0.0,0.001,0.001,5.22
2020-11-13 22:00:00-03:00,0.0,0.0,0.0,4.287
2020-11-13 23:00:00-03:00,0.0,0.0,0.0,3.491
2020-11-14 00:00:00-03:00,0.0,0.0,0.0,2.98
2020-11-14 01:00:00-03:00,0.0,0.0,0.0,2.641
2020-11-14 02:00:00-03:00,0.0,0.0,0.0,2.323
2020-11-14 03:00:00-03:00,0.0,0.0,0.0,1.932
2020-11-14 04:00:00-03:00,0.0,0.0,0.0,1.53
2020-11-14 05:00:00-03:00,0.0,0.0,0.0,1.198
2020-11-14 06:00:00-03:00,0.036000000000000004,0.028,0.023,1.289
2020-11-14 07:00:00-03:00,0.155,0.09,0.085,2.293
2020-11-14 08:00:00-03:00,0.276,0.153,0.149,3.594
2020-11-14 09:00:00-03:00,0.34900000000000003,0.177,0.20600000000000002,4.634
2020-11-14 10:00:00-03:00,0.391,0.177,0.255,5.612
2020-11-14 11:00:00-03:00,0.482,0.242,0.299,6.922
2020-11-14 12:00:00-03:00,0.578,0.331,0.331,8.088
2020-11-14 13:00:00-03:00,0.635,0.329,0.40800000000000003,8.899000000000001
2020-11-14 14:00:00-03:00,0.557,0.298,0.341,9.305
2020-11-14 15:00:00-03:00,0.34700000000000003,0.098,0.29,8.818
2020-11-14 16:00:00-03:00,0.17200000000000001,0.021,0.176,7.604
2020-11-14 17:00:00-03:00,0.11900000000000001,0.014,0.128,6.767
2020-11-14 18:00:00-03:00,0.077,0.01,0.08700000000000001,6.66
2020-11-14 19:00:00-03:00,0.039,0.007,0.049,6.347
2020-11-14 20:00:00-03:00,0.011,0.005,0.018000000000000002,5.589
2020-11-14 21:00:00-03:00,0.0,0.001,0.001,5.159
2020-11-14 22:00:00-03:00,0.0,0.0,0.0,5.142
2020-11-14 23:00:00-03:00,0.0,0.0,0.0,5.338
2020-11-15 00:00:00-03:00,0.0,0.0,0.0,5.708
2020-11-15 01:00:00-03:00,0.0,0.0,0.0,6.112
2020-11-15 02:00:00-03:00,0.0,0.0,0.0,6.584
2020-11-15 03:00:00-03:00,0.0,0.0,0.0,7.054
2020-11-15 04:00:00-03:00,0.0,0.0,0.0,7.317
2020-11-15 05:00:00-03:00,0.0,0.0,0.0,7.184
2020-11-15 06:00:00-03:00,0.009000000000000001,0.007,0.013000000000000001,6.849
2020-11-15 07:00:00-03:00,0.137,0.083,0.077,7.336
2020-11-15 08:00:00-03:00,0.21,0.106,0.132,8.251
2020-11-15 09:00:00-03:00,0.606,0.539,0.164,9.374
2020-11-15 10:00:00-03:00,0.782,0.778,0.171,10.463
2020-11-15 11:00:00-03:00,0.8290000000000001,0.837,0.191,11.732
2020-11-15 12:00:00-03:00,0.851,0.873,0.197,12.767
2020-11-15 13:00:00-03:00,0.84,0.891,0.165,13.429
2020-11-15 14:00:00-03:00,0.866,0.897,0.203,13.794
2020-11-15 15:00:00-03:00,0.858,0.889,0.199,13.816
2020-11-15 16:00:00-03:00,0.8270000000000001,0.851,0.185,13.519
2020-11-15 17:00:00-03:00,0.792,0.8190000000000001,0.159,12.918
2020-11-15 18:00:00-03:00,0.714,0.727,0.131,11.871
2020-11-15 19:00:00-03:00,0.492,0.459,0.10400000000000001,10.398
2020-11-15 20:00:00-03:00,0.106,0.084,0.045,8.813
2020-11-15 21:00:00-03:00,0.0,0.003,0.002,7.48
2020-11-15 22:00:00-03:00,0.0,0.0,0.0,6.593
2020-11-15 23:00:00-03:00,0.0,0.0,0.0,6.119
2020-11-16 00:00:00-03:00,0.0,0.0,0.0,5.751
2020-11-16 01:00:00-03:00,0.0,0.0,0.0,5.589
2020-11-16 02:00:00-03:00,0.0,0.0,0.0,5.663
2020-11-16 03:00:00-03:00,0.0,0.0,0.0,5.994
2020-11-16 04:00:00-03:00,0.0,0.0,0.0,6.348
2020-11-16 05:00:00-03:00,0.0,0.0,0.0,6.744
2020-11-16 06:00:00-03:00,0.001,0.001,0.006,7.222
2020-11-16 07:00:00-03:00,0.036000000000000004,0.009000000000000001,0.044,7.712
2020-11-16 08:00:00-03:00,0.106,0.025,0.10300000000000001,8.219
2020-11-16 09:00:00-03:00,0.299,0.137,0.199,9.152
2020-11-16 10:00:00-03:00,0.535,0.373,0.242,10.474
2020-11-16 11:00:00-03:00,0.714,0.616,0.242,11.869
2020-11-16 12:00:00-03:00,0.733,0.625,0.266,12.783
2020-11-16 13:00:00-03:00,0.758,0.653,0.277,13.256
2020-11-16 14:00:00-03:00,0.644,0.457,0.311,13.152
2020-11-16 15:00:00-03:00,0.557,0.35000000000000003,0.301,12.779
2020-11-16 16:00:00-03:00,0.546,0.371,0.265,12.337
2020-11-16 17:00:00-03:00,0.41400000000000003,0.243,0.229,11.56
2020-11-16 18:00:00-03:00,0.388,0.263,0.176,10.84
2020-11-16 19:00:00-03:00,0.201,0.11800000000000001,0.111,9.785
2020-11-16 20:00:00-03:00,0.056,0.035,0.04,8.645
2020-11-16 21:00:00-03:00,0.001,0.004,0.003,7.532
2020-11-16 22:00:00-03:00,0.0,0.0,0.0,6.9350000000000005
2020-11-16 23:00:00-03:00,0.0,0.0,0.0,6.78
2020-11-17 00:00:00-03:00,0.0,0.0,0.0,6.675
2020-11-17 01:00:00-03:00,0.0,0.0,0.0,6.476
2020-11-17 02:00:00-03:00,0.0,0.0,0.0,6.432
2020-11-17 03:00:00-03:00,0.0,0.0,0.0,6.486
2020-11-17 04:00:00-03:00,0.0,0.0,0.0,6.609
2020-11-17 05:00:00-03:00,0.0,0.0,0.0,6.7940000000000005
2020-11-17 06:00:00-03:00,0.012,0.008,0.017,7.099
2020-11-17 07:00:00-03:00,0.064,0.021,0.063,7.86
2020-11-17 08:00:00-03:00,0.11900000000000001,0.03,0.112,8.589
2020-11-17 09:00:00-03:00,0.227,0.07200000000000001,0.186,9.396
2020-11-17 10:00:00-03:00,0.63,0.51,0.229,11.04
2020-11-17 11:00:00-03:00,0.781,0.735,0.226,12.646
2020-11-17 12:00:00-03:00,0.806,0.766,0.23900000000000002,13.574
2020-11-17 13:00:00-03:00,0.807,0.775,0.23500000000000001,14.209
2020-11-17 14:00:00-03:00,0.752,0.651,0.276,14.471
2020-11-17 15:00:00-03:00,0.30000000000000004,0.068,0.274,12.884
2020-11-17 16:00:00-03:00,0.222,0.04,0.214,11.465
2020-11-17 17:00:00-03:00,0.15,0.023,0.153,10.461
2020-11-17 18:00:00-03:00,0.121,0.025,0.12,9.745
2020-11-17 19:00:00-03:00,0.058,0.013000000000000001,0.065,8.995
2020-11-17 20:00:00-03:00,0.037,0.019,0.035,8.388
2020-11-17 21:00:00-03:00,0.0,0.003,0.002,7.72
2020-11-17 22:00:00-03:00,0.0,0.0,0.0,7.368
2020-11-17 23:00:00-03:00,0.0,0.0,0.0,7.195
2020-11-18 00:00:00-03:00,0.0,0.0,0.0,7.029
2020-11-18 01:00:00-03:00,0.0,0.0,0.0,6.901
2020-11-18 02:00:00-03:00,0.0,0.0,0.0,6.942
2020-11-18 03:00:00-03:00,0.0,0.0,0.0,7.001
2020-11-18 04:00:00-03:00,0.0,0.0,0.0,6.999
2020-11-18 05:00:00-03:00,0.0,0.0,0.0,6.959
2020-11-18 06:00:00-03:00,0.006,0.004,0.012,7.044
2020-11-18 07:00:00-03:00,0.121,0.065,0.079,7.901
2020-11-18 08:00:00-03:00,0.405,0.316,0.14100000000000001,9.784
2020-11-18 09:00:00-03:00,0.5680000000000001,0.487,0.176,12.293
2020-11-18 10:00:00-03:00,0.674,0.615,0.201,14.709
2020-11-18 11:00:00-03:00,0.762,0.746,0.21,16.742
2020-11-18 12:00:00-03:00,0.78,0.769,0.222,18.188
2020-11-18 13:00:00-03:00,0.776,0.778,0.213,19.075
2020-11-18 14:00:00-03:00,0.719,0.645,0.26,19.394
2020-11-18 15:00:00-03:00,0.714,0.656,0.244,19.514
2020-11-18 16:00:00-03:00,0.6950000000000001,0.649,0.22,19.238
2020-11-18 17:00:00-03:00,0.614,0.552,0.197,18.431
2020-11-18 18:00:00-03:00,0.488,0.41200000000000003,0.165,17.117
2020-11-18 19:00:00-03:00,0.296,0.226,0.116,15.583
2020-11-18 20:00:00-03:00,0.14200000000000002,0.117,0.053,14.069
2020-11-18 21:00:00-03:00,0.01,0.017,0.005,12.47
2020-11-18 22:00:00-03:00,0.0,0.0,0.0,11.425
2020-11-18 23:00:00-03:00,0.0,0.0,0.0,10.61
2020-11-19 00:00:00-03:00,0.0,0.0,0.0,10.066
2020-11-19 01:00:00-03:00,0.0,0.0,0.0,9.749
2020-11-19 02:00:00-03:00,0.0,0.0,0.0,9.557
2020-11-19 03:00:00-03:00,0.0,0.0,0.0,9.491
2020-11-19 04:00:00-03:00,0.0,0.0,0.0,9.449
2020-11-19 05:00:00-03:00,0.0,0.0,0.0,9.268
2020-11-19 06:00:00-03:00,0.039,0.03,0.027,9.325
2020-11-19 07:00:00-03:00,0.127,0.068,0.084,10.085
2020-11-19 08:00:00-03:00,0.23600000000000002,0.122,0.147,11.186
2020-11-19 09:00:00-03:00,0.325,0.165,0.20500000000000002,12.532
2020-11-19 10:00:00-03:00,0.371,0.17300000000000001,0.253,13.784
2020-11-19 11:00:00-03:00,0.369,0.137,0.289,14.574
2020-11-19 12:00:00-03:00,0.371,0.106,0.323,14.906
2020-11-19 13:00:00-03:00,0.47400000000000003,0.135,0.419,15.242
2020-11-19 14:00:00-03:00,0.498,0.241,0.34500000000000003,15.876
2020-11-19 15:00:00-03:00,0.548,0.35000000000000003,0.303,16.498
2020-11-19 16:00:00-03:00,0.537,0.372,0.267,16.699
2020-11-19 17:00:00-03:00,0.422,0.261,0.231,16.231
2020-11-19 18:00:00-03:00,0.396,0.28,0.179,15.587
2020-11-19 19:00:00-03:00,0.542,0.528,0.11,14.741
2020-11-19 20:00:00-03:00,0.355,0.34600000000000003,0.06,13.125
2020-11-19 21:00:00-03:00,0.03,0.04,0.006,10.758
2020-11-19 22:00:00-03:00,0.0,0.0,0.0,9.337
2020-11-19 23:00:00-03:00,0.0,0.0,0.0,8.441
2020-11-20 00:00:00-03:00,0.0,0.0,0.0,7.348
2020-11-20 01:00:00-03:00,0.0,0.0,0.0,6.345
2020-11-20 02:00:00-03:00,0.0,0.0,0.0,5.689
2020-11-20 03:00:00-03:00,0.0,0.0,0.0,5.328
2020-11-20 04:00:00-03:00,0.0,0.0,0.0,5.357
2020-11-20 05:00:00-03:00,0.0,0.0,0.0,5.276
2020-11-20 06:00:00-03:00,0.085,0.074,0.032,6.095
2020-11-20 07:00:00-03:00,0.32,0.27,0.088,8.081
2020-11-20 08:00:00-03:00,0.508,0.451,0.129,10.145
2020-11-20 09:00:00-03:00,0.5700000000000001,0.491,0.17400000000000002,11.65
2020-11-20 10:00:00-03:00,0.645,0.5630000000000001,0.20500000000000002,13.106
2020-11-20 11:00:00-03:00,0.682,0.593,0.233,14.476
2020-11-20 12:00:00-03:00,0.775,0.749,0.221,15.781
2020-11-20 13:00:00-03:00,0.781,0.782,0.20400000000000001,16.779
2020-11-20 14:00:00-03:00,0.785,0.769,0.226,17.477
2020-11-20 15:00:00-03:00,0.768,0.75,0.222,17.906
2020-11-20 16:00:00-03:00,0.745,0.735,0.202,17.94
2020-11-20 17:00:00-03:00,0.673,0.646,0.182,17.51
2020-11-20 18:00:00-03:00,0.505,0.436,0.161,16.641
2020-11-20 19:00:00-03:00,0.312,0.245,0.116,15.499
2020-11-20 20:00:00-03:00,0.138,0.112,0.054,13.715
2020-11-20 21:00:00-03:00,0.006,0.011,0.006,11.228
2020-11-20 22:00:00-03:00,0.0,0.0,0.0,11.041
2020-11-20 23:00:00-03:00,0.0,0.0,0.0,11.334
2020-11-21 00:00:00-03:00,0.0,0.0,0.0,9.581
2020-11-21 01:00:00-03:00,0.0,0.0,0.0,8.808
2020-11-21 02:00:00-03:00,0.0,0.0,0.0,8.692
2020-11-21 03:00:00-03:00,0.0,0.0,0.0,8.165
2020-11-21 04:00:00-03:00,0.0,0.0,0.0,7.735
2020-11-21 05:00:00-03:00,0.0,0.0,0.0,7.713
2020-11-21 06:00:00-03:00,0.026000000000000002,0.015,0.026000000000000002,8.62
2020-11-21 07:00:00-03:00,0.069,0.021,0.069,10.099
2020-11-21 08:00:00-03:00,0.17200000000000001,0.06,0.14100000000000001,11.815
2020-11-21 09:00:00-03:00,0.352,0.185,0.219,13.945
2020-11-21 10:00:00-03:00,0.515,0.34500000000000003,0.262,15.582
2020-11-21 11:00:00-03:00,0.577,0.393,0.299,16.666
2020-11-21 12:00:00-03:00,0.5750000000000001,0.342,0.34800000000000003,17.254
2020-11-21 13:00:00-03:00,0.583,0.266,0.437,17.415
2020-11-21 14:00:00-03:00,0.365,0.08600000000000001,0.339,16.832
2020-11-21 15:00:00-03:00,0.192,0.019,0.20800000000000002,15.741
2020-11-21 16:00:00-03:00,0.123,0.009000000000000001,0.14100000000000001,15.052
2020-11-21 17:00:00-03:00,0.105,0.01,0.121,14.81
2020-11-21 18:00:00-03:00,0.084,0.011,0.097,14.368
2020-11-21 19:00:00-03:00,0.062,0.013000000000000001,0.07,13.398
2020-11-21 20:00:00-03:00,0.043000000000000003,0.021,0.041,11.89
2020-11-21 21:00:00-03:00,0.004,0.007,0.006,9.865
2020-11-21 22:00:00-03:00,0.0,0.0,0.0,7.977
2020-11-21 23:00:00-03:00,0.0,0.0,0.0,6.437
2020-11-22 00:00:00-03:00,0.0,0.0,0.0,5.486
2020-11-22 01:00:00-03:00,0.0,0.0,0.0,5.143
2020-11-22 02:00:00-03:00,0.0,0.0,0.0,5.153
2020-11-22 03:00:00-03:00,0.0,0.0,0.0,4.971
2020-11-22 04:00:00-03:00,0.0,0.0,0.0,4.719
2020-11-22 05:00:00-03:00,0.0,0.0,0.0,4.688
2020-11-22 06:00:00-03:00,0.017,0.008,0.022,5.319
2020-11-22 07:00:00-03:00,0.06,0.015,0.064,6.336
2020-11-22 08:00:00-03:00,0.194,0.07100000000000001,0.15,8.42
2020-11-22 09:00:00-03:00,0.392,0.219,0.225,10.996
2020-11-22 10:00:00-03:00,0.371,0.149,0.273,11.955
2020-11-22 11:00:00-03:00,0.294,0.058,0.277,12.097
2020-11-22 12:00:00-03:00,0.305,0.045,0.303,12.255
2020-11-22 13:00:00-03:00,0.37,0.042,0.379,12.47
2020-11-22 14:00:00-03:00,0.276,0.032,0.28300000000000003,12.603
2020-11-22 15:00:00-03:00,0.23700000000000002,0.029,0.243,12.72
2020-11-22 16:00:00-03:00,0.17300000000000001,0.018000000000000002,0.185,12.392
2020-11-22 17:00:00-03:00,0.184,0.031,0.183,12.244
2020-11-22 18:00:00-03:00,0.176,0.048,0.158,11.865
2020-11-22 19:00:00-03:00,0.056,0.01,0.066,10.467
2020-11-22 20:00:00-03:00,0.014,0.004,0.023,9.017
2020-11-22 21:00:00-03:00,0.001,0.003,0.004,7.64
2020-11-22 22:00:00-03:00,0.0,0.0,0.0,6.431
2020-11-22 23:00:00-03:00,0.0,0.0,0.0,5.985
2020-11-23 00:00:00-03:00,0.0,0.0,0.0,5.936
2020-11-23 01:00:00-03:00,0.0,0.0,0.0,5.836
2020-11-23 02:00:00-03:00,0.0,0.0,0.0,5.151
2020-11-23 03:00:00-03:00,0.0,0.0,0.0,3.974
2020-11-23 04:00:00-03:00,0.0,0.0,0.0,3.777
2020-11-23 05:00:00-03:00,0.0,0.001,0.001,4.431
2020-11-23 06:00:00-03:00,0.035,0.022,0.03,5.325
2020-11-23 07:00:00-03:00,0.116,0.051000000000000004,0.08700000000000001,6.658
2020-11-23 08:00:00-03:00,0.188,0.07,0.145,8.336
2020-11-23 09:00:00-03:00,0.389,0.221,0.219,10.532
2020-11-23 10:00:00-03:00,0.47800000000000004,0.28,0.267,11.434
2020-11-23 11:00:00-03:00,0.545,0.325,0.306,11.306
2020-11-23 12:00:00-03:00,0.405,0.112,0.34600000000000003,10.352
2020-11-23 13:00:00-03:00,0.429,0.075,0.40900000000000003,9.638
2020-11-23 14:00:00-03:00,0.384,0.091,0.341,9.502
2020-11-23 15:00:00-03:00,0.361,0.099,0.307,9.622
2020-11-23 16:00:00-03:00,0.333,0.10300000000000001,0.272,9.738
2020-11-23 17:00:00-03:00,0.298,0.106,0.23,9.618
2020-11-23 18:00:00-03:00,0.202,0.066,0.164,9.053
2020-11-23 19:00:00-03:00,0.121,0.043000000000000003,0.101,8.195
2020-11-23 20:00:00-03:00,0.061,0.032,0.048,7.019
2020-11-23 21:00:00-03:00,0.005,0.008,0.006,5.404
2020-11-23 22:00:00-03:00,0.0,0.0,0.0,4.28
2020-11-23 23:00:00-03:00,0.0,0.0,0.0,3.548
2020-11-24 00:00:00-03:00,0.0,0.0,0.0,3.074
2020-11-24 01:00:00-03:00,0.0,0.0,0.0,2.594
2020-11-24 02:00:00-03:00,0.0,0.0,0.0,2.088
2020-11-24 03:00:00-03:00,0.0,0.0,0.0,1.682
2020-11-24 04:00:00-03:00,0.0,0.0,0.0,1.357
2020-11-24 05:00:00-03:00,0.0,0.001,0.001,1.296
2020-11-24 06:00:00-03:00,0.083,0.062,0.039,1.964
2020-11-24 07:00:00-03:00,0.293,0.218,0.10300000000000001,3.724
2020-11-24 08:00:00-03:00,0.434,0.322,0.159,5.705
2020-11-24 09:00:00-03:00,0.504,0.356,0.212,7.22
2020-11-24 10:00:00-03:00,0.502,0.301,0.268,8.394
2020-11-24 11:00:00-03:00,0.592,0.384,0.30000000000000004,9.57
2020-11-24 12:00:00-03:00,0.638,0.41500000000000004,0.334,10.799
2020-11-24 13:00:00-03:00,0.61,0.28400000000000003,0.431,11.302
2020-11-24 14:00:00-03:00,0.334,0.059000000000000004,0.319,10.818
2020-11-24 15:00:00-03:00,0.228,0.028,0.232,10.289
2020-11-24 16:00:00-03:00,0.138,0.011,0.152,9.584
2020-11-24 17:00:00-03:00,0.094,0.008,0.109,8.909
2020-11-24 18:00:00-03:00,0.056,0.005,0.07,8.208
2020-11-24 19:00:00-03:00,0.039,0.006,0.051000000000000004,7.836
2020-11-24 20:00:00-03:00,0.028,0.01,0.033,7.395
2020-11-24 21:00:00-03:00,0.003,0.007,0.005,6.165
2020-11-24 22:00:00-03:00,0.0,0.0,0.0,5.168
2020-11-24 23:00:00-03:00,0.0,0.0,0.0,4.682
2020-11-25 00:00:00-03:00,0.0,0.0,0.0,4.6530000000000005
2020-11-25 01:00:00-03:00,0.0,0.0,0.0,4.942
2020-11-25 02:00:00-03:00,0.0,0.0,0.0,4.823
2020-11-25 03:00:00-03:00,0.0,0.0,0.0,4.566
2020-11-25 04:00:00-03:00,0.0,0.0,0.0,4.076
2020-11-25 05:00:00-03:00,0.0,0.001,0.001,3.752
2020-11-25 06:00:00-03:00,0.032,0.019,0.029,4.514
2020-11-25 07:00:00-03:00,0.131,0.064,0.089,6.092
2020-11-25 08:00:00-03:00,0.34,0.222,0.158,8.073
2020-11-25 09:00:00-03:00,0.491,0.354,0.20400000000000001,9.866
2020-11-25 10:00:00-03:00,0.598,0.458,0.23800000000000002,10.765
2020-11-25 11:00:00-03:00,0.538,0.325,0.297,11.185
2020-11-25 12:00:00-03:00,0.556,0.304,0.342,11.419
2020-11-25 13:00:00-03:00,0.605,0.302,0.40800000000000003,11.503
2020-11-25 14:00:00-03:00,0.558,0.297,0.35100000000000003,11.473
2020-11-25 15:00:00-03:00,0.495,0.249,0.319,11.127
2020-11-25 16:00:00-03:00,0.47700000000000004,0.263,0.281,10.783
2020-11-25 17:00:00-03:00,0.447,0.271,0.23700000000000002,10.455
2020-11-25 18:00:00-03:00,0.41200000000000003,0.28,0.185,9.863
2020-11-25 19:00:00-03:00,0.401,0.323,0.127,8.808
2020-11-25 20:00:00-03:00,0.20800000000000002,0.168,0.067,7.187
2020-11-25 21:00:00-03:00,0.027,0.032,0.01,5.323
2020-11-25 22:00:00-03:00,0.0,0.0,0.0,3.968
2020-11-25 23:00:00-03:00,0.0,0.0,0.0,3.299
2020-11-26 00:00:00-03:00,0.0,0.0,0.0,2.896
2020-11-26 01:00:00-03:00,0.0,0.0,0.0,2.489
2020-11-26 02:00:00-03:00,0.0,0.0,0.0,2.3529999999999998
2020-11-26 03:00:00-03:00,0.0,0.0,0.0,2.445
2020-11-26 04:00:00-03:00,0.0,0.0,0.0,2.694
2020-11-26 05:00:00-03:00,0.0,0.0,0.001,2.893
2020-11-26 06:00:00-03:00,0.038,0.022,0.032,3.261
2020-11-26 07:00:00-03:00,0.214,0.135,0.10300000000000001,4.594
2020-11-26 08:00:00-03:00,0.395,0.275,0.163,6.545
2020-11-26 09:00:00-03:00,0.519,0.38,0.209,8.469
2020-11-26 10:00:00-03:00,0.61,0.465,0.246,10.211
2020-11-26 11:00:00-03:00,0.5690000000000001,0.358,0.303,11.558
2020-11-26 12:00:00-03:00,0.638,0.427,0.33,12.598
2020-11-26 13:00:00-03:00,0.714,0.524,0.34400000000000003,13.457
2020-11-26 14:00:00-03:00,0.488,0.194,0.371,13.447
2020-11-26 15:00:00-03:00,0.276,0.047,0.268,12.791
2020-11-26 16:00:00-03:00,0.153,0.015,0.166,11.513
2020-11-26 17:00:00-03:00,0.084,0.006,0.099,9.824
2020-11-26 18:00:00-03:00,0.082,0.01,0.094,9.121
2020-11-26 19:00:00-03:00,0.083,0.02,0.084,9.407
2020-11-26 20:00:00-03:00,0.066,0.035,0.052000000000000005,9.501
2020-11-26 21:00:00-03:00,0.006,0.009000000000000001,0.006,8.775
2020-11-26 22:00:00-03:00,0.0,0.0,0.0,7.833
2020-11-26 23:00:00-03:00,0.0,0.0,0.0,7.277
2020-11-27 00:00:00-03:00,0.0,0.0,0.0,7.358
2020-11-27 01:00:00-03:00,0.0,0.0,0.0,7.444
2020-11-27 02:00:00-03:00,0.0,0.0,0.0,7.095
2020-11-27 03:00:00-03:00,0.0,0.0,0.0,6.481
2020-11-27 04:00:00-03:00,0.0,0.0,0.0,5.865
2020-11-27 05:00:00-03:00,0.0,0.004,0.001,5.216
2020-11-27 06:00:00-03:00,0.154,0.132,0.044,4.966
2020-11-27 07:00:00-03:00,0.39,0.332,0.098,5.532
2020-11-27 08:00:00-03:00,0.492,0.401,0.15,6.414
2020-11-27 09:00:00-03:00,0.41100000000000003,0.241,0.216,7.027
2020-11-27 10:00:00-03:00,0.459,0.249,0.265,7.55
2020-11-27 11:00:00-03:00,0.453,0.199,0.309,7.782
2020-11-27 12:00:00-03:00,0.44,0.14300000000000002,0.35000000000000003,7.782
2020-11-27 13:00:00-03:00,0.488,0.125,0.425,8.07
2020-11-27 14:00:00-03:00,0.456,0.154,0.36,8.622
2020-11-27 15:00:00-03:00,0.463,0.199,0.324,8.782
2020-11-27 16:00:00-03:00,0.43,0.197,0.28600000000000003,8.597
2020-11-27 17:00:00-03:00,0.394,0.2,0.241,8.2
2020-11-27 18:00:00-03:00,0.376,0.23,0.189,7.546
2020-11-27 19:00:00-03:00,0.245,0.145,0.128,6.582
2020-11-27 20:00:00-03:00,0.111,0.07100000000000001,0.061,5.493
2020-11-27 21:00:00-03:00,0.012,0.014,0.009000000000000001,4.405
2020-11-27 22:00:00-03:00,0.0,0.0,0.0,3.625
2020-11-27 23:00:00-03:00,0.0,0.0,0.0,3.213
2020-11-28 00:00:00-03:00,0.0,0.0,0.0,3.094
2020-11-28 01:00:00-03:00,0.0,0.0,0.0,2.857
2020-11-28 02:00:00-03:00,0.0,0.0,0.0,2.599
2020-11-28 03:00:00-03:00,0.0,0.0,0.0,2.46
2020-11-28 04:00:00-03:00,0.0,0.0,0.0,2.34
2020-11-28 05:00:00-03:00,0.0,0.002,0.001,2.212
2020-11-28 06:00:00-03:00,0.081,0.057,0.043000000000000003,2.4859999999999998
2020-11-28 07:00:00-03:00,0.23900000000000002,0.155,0.109,3.428
2020-11-28 08:00:00-03:00,0.41300000000000003,0.28600000000000003,0.168,4.584
2020-11-28 09:00:00-03:00,0.458,0.28300000000000003,0.225,5.596
2020-11-28 10:00:00-03:00,0.433,0.202,0.28,6.317
2020-11-28 11:00:00-03:00,0.435,0.163,0.323,6.953
2020-11-28 12:00:00-03:00,0.387,0.084,0.34700000000000003,7.434
2020-11-28 13:00:00-03:00,0.373,0.042,0.374,7.839
2020-11-28 14:00:00-03:00,0.268,0.027,0.273,7.805
2020-11-28 15:00:00-03:00,0.255,0.033,0.253,7.835
2020-11-28 16:00:00-03:00,0.196,0.023,0.2,7.6129999999999995
2020-11-28 17:00:00-03:00,0.12,0.011,0.131,7.16
2020-11-28 18:00:00-03:00,0.127,0.021,0.128,7.206
2020-11-28 19:00:00-03:00,0.097,0.025,0.094,6.801
2020-11-28 20:00:00-03:00,0.041,0.015,0.043000000000000003,5.926
2020-11-28 21:00:00-03:00,0.012,0.015,0.009000000000000001,4.904
2020-11-28 22:00:00-03:00,0.0,0.0,0.0,4.142
2020-11-28 23:00:00-03:00,0.0,0.0,0.0,3.751
2020-11-29 00:00:00-03:00,0.0,0.0,0.0,3.5700000000000003
2020-11-29 01:00:00-03:00,0.0,0.0,0.0,3.449
2020-11-29 02:00:00-03:00,0.0,0.0,0.0,3.245
2020-11-29 03:00:00-03:00,0.0,0.0,0.0,3.165
2020-11-29 04:00:00-03:00,0.0,0.0,0.0,3.241
2020-11-29 05:00:00-03:00,0.0,0.002,0.001,3.493
2020-11-29 06:00:00-03:00,0.038,0.022,0.033,3.967
2020-11-29 07:00:00-03:00,0.156,0.081,0.097,4.862
2020-11-29 08:00:00-03:00,0.297,0.166,0.163,6.108
2020-11-29 09:00:00-03:00,0.47900000000000004,0.326,0.213,7.656
2020-11-29 10:00:00-03:00,0.577,0.41500000000000004,0.25,9.139
2020-11-29 11:00:00-03:00,0.656,0.497,0.274,10.307
2020-11-29 12:00:00-03:00,0.6990000000000001,0.539,0.296,11.417
2020-11-29 13:00:00-03:00,0.683,0.455,0.362,12.208
2020-11-29 14:00:00-03:00,0.619,0.388,0.343,12.698
2020-11-29 15:00:00-03:00,0.438,0.177,0.325,12.459
2020-11-29 16:00:00-03:00,0.59,0.422,0.272,12.843
2020-11-29 17:00:00-03:00,0.662,0.584,0.20800000000000002,12.937
2020-11-29 18:00:00-03:00,0.133,0.027,0.132,11.344
2020-11-29 19:00:00-03:00,0.099,0.029,0.093,10.147
2020-11-29 20:00:00-03:00,0.044,0.019,0.044,9.034
2020-11-29 21:00:00-03:00,0.006,0.008,0.008,7.924
2020-11-29 22:00:00-03:00,0.0,0.0,0.0,7.196
2020-11-29 23:00:00-03:00,0.0,0.0,0.0,6.73
2020-11-30 00:00:00-03:00,0.0,0.0,0.0,6.233
2020-11-30 01:00:00-03:00,0.0,0.0,0.0,5.84
2020-11-30 02:00:00-03:00,0.0,0.0,0.0,5.793
2020-11-30 03:00:00-03:00,0.0,0.0,0.0,5.752
2020-11-30 04:00:00-03:00,0.0,0.0,0.0,5.505
2020-11-30 05:00:00-03:00,0.0,0.002,0.002,5.354
2020-11-30 06:00:00-03:00,0.078,0.055,0.043000000000000003,5.626
2020-11-30 07:00:00-03:00,0.223,0.14400000000000002,0.107,6.66
2020-11-30 08:00:00-03:00,0.268,0.136,0.164,7.927
2020-11-30 09:00:00-03:00,0.366,0.188,0.222,9.217
2020-11-30 10:00:00-03:00,0.561,0.391,0.258,10.684
2020-11-30 11:00:00-03:00,0.588,0.388,0.30000000000000004,11.811
2020-11-30 12:00:00-03:00,0.687,0.518,0.308,12.847
2020-11-30 13:00:00-03:00,0.624,0.326,0.41400000000000003,13.107
2020-11-30 14:00:00-03:00,0.377,0.084,0.34600000000000003,12.491
2020-11-30 15:00:00-03:00,0.495,0.24,0.333,12.874
2020-11-30 16:00:00-03:00,0.561,0.374,0.28300000000000003,13.071
2020-11-30 17:00:00-03:00,0.323,0.128,0.23900000000000002,12.086
2020-11-30 18:00:00-03:00,0.168,0.043000000000000003,0.153,10.92
2020-11-30 19:00:00-03:00,0.08700000000000001,0.022,0.08700000000000001,9.912
2020-11-30 20:00:00-03:00,0.023,0.007,0.03,8.833
2020-11-30 21:00:00-03:00,0.001,0.003,0.005,7.7010000000000005
2020-11-30 22:00:00-03:00,0.0,0.0,0.0,6.689
2020-11-30 23:00:00-03:00,0.0,0.0,0.0,6.023
2020-12-01 00:00:00-03:00,0.0,0.0,0.0,5.626
2020-12-01 01:00:00-03:00,0.0,0.0,0.0,5.135
2020-12-01 02:00:00-03:00,0.0,0.0,0.0,4.616
2020-12-01 03:00:00-03:00,0.0,0.0,0.0,4.176
2020-12-01 04:00:00-03:00,0.0,0.0,0.0,3.904
2020-12-01 05:00:00-03:00,0.0,0.003,0.002,3.643
2020-12-01 06:00:00-03:00,0.076,0.052000000000000005,0.043000000000000003,3.815
2020-12-01 07:00:00-03:00,0.20400000000000001,0.122,0.106,4.746
2020-12-01 08:00:00-03:00,0.384,0.258,0.167,5.8100000000000005
2020-12-01 09:00:00-03:00,0.376,0.193,0.224,6.49
2020-12-01 10:00:00-03:00,0.359,0.132,0.267,7.027
2020-12-01 11:00:00-03:00,0.396,0.131,0.311,7.645
2020-12-01 12:00:00-03:00,0.425,0.12,0.356,8.168
2020-12-01 13:00:00-03:00,0.531,0.163,0.442,8.803
2020-12-01 14:00:00-03:00,0.47200000000000003,0.16,0.374,8.939
2020-12-01 15:00:00-03:00,0.468,0.195,0.334,8.866
2020-12-01 16:00:00-03:00,0.47900000000000004,0.246,0.295,8.734
2020-12-01 17:00:00-03:00,0.377,0.17500000000000002,0.247,8.316
2020-12-01 18:00:00-03:00,0.321,0.164,0.193,7.703
2020-12-01 19:00:00-03:00,0.31,0.20700000000000002,0.137,6.775
2020-12-01 20:00:00-03:00,0.122,0.077,0.067,5.314
2020-12-01 21:00:00-03:00,0.035,0.038,0.013000000000000001,3.907
2020-12-01 22:00:00-03:00,0.0,0.0,0.0,3.059
2020-12-01 23:00:00-03:00,0.0,0.0,0.0,2.444
2020-12-02 00:00:00-03:00,0.0,0.0,0.0,2.208
2020-12-02 01:00:00-03:00,0.0,0.0,0.0,2.271
2020-12-02 02:00:00-03:00,0.0,0.0,0.0,2.165
2020-12-02 03:00:00-03:00,0.0,0.0,0.0,1.8559999999999999
2020-12-02 04:00:00-03:00,0.0,0.0,0.0,1.5630000000000002
2020-12-02 05:00:00-03:00,0.0,0.003,0.002,1.509
2020-12-02 06:00:00-03:00,0.05,0.028,0.039,2.039
2020-12-02 07:00:00-03:00,0.11900000000000001,0.046,0.093,3.09
2020-12-02 08:00:00-03:00,0.34700000000000003,0.209,0.17200000000000001,4.6530000000000005
2020-12-02 09:00:00-03:00,0.47100000000000003,0.30000000000000004,0.225,6.239
2020-12-02 10:00:00-03:00,0.436,0.20700000000000002,0.28,7.127
2020-12-02 11:00:00-03:00,0.47400000000000003,0.20800000000000002,0.326,7.983
2020-12-02 12:00:00-03:00,0.453,0.14100000000000001,0.37,8.714
2020-12-02 13:00:00-03:00,0.435,0.074,0.41600000000000004,9.074
2020-12-02 14:00:00-03:00,0.394,0.08600000000000001,0.358,9.544
2020-12-02 15:00:00-03:00,0.375,0.1,0.321,9.679
2020-12-02 16:00:00-03:00,0.263,0.05,0.247,8.975
2020-12-02 17:00:00-03:00,0.17300000000000001,0.025,0.17400000000000002,7.925
2020-12-02 18:00:00-03:00,0.158,0.034,0.148,7.153
2020-12-02 19:00:00-03:00,0.182,0.081,0.126,6.615
2020-12-02 20:00:00-03:00,0.109,0.063,0.067,5.813
2020-12-02 21:00:00-03:00,0.017,0.019,0.011,4.662
2020-12-02 22:00:00-03:00,0.0,0.0,0.0,3.941
2020-12-02 23:00:00-03:00,0.0,0.0,0.0,3.487
2020-12-03 00:00:00-03:00,0.0,0.0,0.0,2.992
2020-12-03 01:00:00-03:00,0.0,0.0,0.0,2.4
2020-12-03 02:00:00-03:00,0.0,0.0,0.0,1.8479999999999999
2020-12-03 03:00:00-03:00,0.0,0.0,0.0,1.418
2020-12-03 04:00:00-03:00,0.0,0.0,0.0,1.159
2020-12-03 05:00:00-03:00,0.0,0.004,0.002,1.047
2020-12-03 06:00:00-03:00,0.07200000000000001,0.046,0.044,1.369
2020-12-03 07:00:00-03:00,0.194,0.108,0.108,2.3890000000000002
2020-12-03 08:00:00-03:00,0.28800000000000003,0.147,0.169,3.617
2020-12-03 09:00:00-03:00,0.387,0.198,0.228,4.825
2020-12-03 10:00:00-03:00,0.47200000000000003,0.249,0.278,6.216
2020-12-03 11:00:00-03:00,0.515,0.259,0.322,7.418
2020-12-03 12:00:00-03:00,0.493,0.184,0.372,8.082
2020-12-03 13:00:00-03:00,0.537,0.165,0.447,8.705
2020-12-03 14:00:00-03:00,0.439,0.122,0.373,9.129
2020-12-03 15:00:00-03:00,0.313,0.06,0.291,9.127
2020-12-03 16:00:00-03:00,0.314,0.082,0.271,9.362
2020-12-03 17:00:00-03:00,0.277,0.083,0.229,9.47
2020-12-03 18:00:00-03:00,0.258,0.10400000000000001,0.187,9.255
2020-12-03 19:00:00-03:00,0.16,0.065,0.121,8.421
2020-12-03 20:00:00-03:00,0.10300000000000001,0.059000000000000004,0.066,7.529
2020-12-03 21:00:00-03:00,0.026000000000000002,0.029,0.011,6.476
2020-12-03 22:00:00-03:00,0.0,0.0,0.0,5.72
2020-12-03 23:00:00-03:00,0.0,0.0,0.0,5.321
2020-12-04 00:00:00-03:00,0.0,0.0,0.0,5.026
2020-12-04 01:00:00-03:00,0.0,0.0,0.0,4.805
2020-12-04 02:00:00-03:00,0.0,0.0,0.0,4.7
2020-12-04 03:00:00-03:00,0.0,0.0,0.0,4.676
2020-12-04 04:00:00-03:00,0.0,0.0,0.0,4.608
2020-12-04 05:00:00-03:00,0.0,0.001,0.001,4.549
2020-12-04 06:00:00-03:00,0.019,0.009000000000000001,0.024,4.749
2020-12-04 07:00:00-03:00,0.08700000000000001,0.03,0.076,5.3870000000000005
2020-12-04 08:00:00-03:00,0.397,0.28300000000000003,0.158,6.727
2020-12-04 09:00:00-03:00,0.614,0.527,0.182,8.532
2020-12-04 10:00:00-03:00,0.63,0.51,0.227,10.16
2020-12-04 11:00:00-03:00,0.732,0.652,0.232,11.764
2020-12-04 12:00:00-03:00,0.784,0.739,0.229,13.056
2020-12-04 13:00:00-03:00,0.8150000000000001,0.8310000000000001,0.19,14.171
2020-12-04 14:00:00-03:00,0.8300000000000001,0.841,0.209,14.768
2020-12-04 15:00:00-03:00,0.8240000000000001,0.8310000000000001,0.21,14.95
2020-12-04 16:00:00-03:00,0.799,0.806,0.196,14.908
2020-12-04 17:00:00-03:00,0.756,0.761,0.17400000000000002,14.606
2020-12-04 18:00:00-03:00,0.636,0.605,0.155,13.975999999999999
2020-12-04 19:00:00-03:00,0.49,0.445,0.122,13.022
2020-12-04 20:00:00-03:00,0.19,0.148,0.07200000000000001,11.635
2020-12-04 21:00:00-03:00,0.033,0.035,0.014,9.999
2020-12-04 22:00:00-03:00,0.0,0.0,0.0,8.973
2020-12-04 23:00:00-03:00,0.0,0.0,0.0,8.392
2020-12-05 00:00:00-03:00,0.0,0.0,0.0,7.819
2020-12-05 01:00:00-03:00,0.0,0.0,0.0,7.55
2020-12-05 02:00:00-03:00,0.0,0.0,0.0,7.473
2020-12-05 03:00:00-03:00,0.0,0.0,0.0,7.47
2020-12-05 04:00:00-03:00,0.0,0.0,0.0,7.537
2020-12-05 05:00:00-03:00,0.0,0.0,0.001,7.652
2020-12-05 06:00:00-03:00,0.005,0.002,0.013000000000000001,7.837
2020-12-05 07:00:00-03:00,0.031,0.004,0.043000000000000003,8.235
2020-12-05 08:00:00-03:00,0.08700000000000001,0.012,0.097,9.046
2020-12-05 09:00:00-03:00,0.14200000000000002,0.018000000000000002,0.149,10.08
2020-12-05 10:00:00-03:00,0.196,0.026000000000000002,0.2,11.198
2020-12-05 11:00:00-03:00,0.278,0.046,0.272,12.579
2020-12-05 12:00:00-03:00,0.506,0.20800000000000002,0.384,14.506
2020-12-05 13:00:00-03:00,0.615,0.299,0.441,15.944
2020-12-05 14:00:00-03:00,0.483,0.17200000000000001,0.396,16.189
2020-12-05 15:00:00-03:00,0.274,0.041,0.276,15.342
2020-12-05 16:00:00-03:00,0.296,0.07,0.273,15.454
2020-12-05 17:00:00-03:00,0.534,0.384,0.25,16.57
2020-12-05 18:00:00-03:00,0.37,0.224,0.20600000000000002,16.114
2020-12-05 19:00:00-03:00,0.295,0.196,0.145,14.973
2020-12-05 20:00:00-03:00,0.146,0.098,0.076,13.684
2020-12-05 21:00:00-03:00,0.02,0.022,0.013000000000000001,12.223
2020-12-05 22:00:00-03:00,0.0,0.0,0.0,11.38
2020-12-05 23:00:00-03:00,0.0,0.0,0.0,11.266
2020-12-06 00:00:00-03:00,0.0,0.0,0.0,11.199
2020-12-06 01:00:00-03:00,0.0,0.0,0.0,11.07
2020-12-06 02:00:00-03:00,0.0,0.0,0.0,10.863
2020-12-06 03:00:00-03:00,0.0,0.0,0.0,10.66
2020-12-06 04:00:00-03:00,0.0,0.0,0.0,10.437
2020-12-06 05:00:00-03:00,0.002,0.005,0.003,10.312
2020-12-06 06:00:00-03:00,0.061,0.036000000000000004,0.045,10.681000000000001
2020-12-06 07:00:00-03:00,0.125,0.05,0.1,11.579
2020-12-06 08:00:00-03:00,0.161,0.043000000000000003,0.147,12.613
2020-12-06 09:00:00-03:00,0.193,0.038,0.187,13.6
2020-12-06 10:00:00-03:00,0.20600000000000002,0.029,0.212,14.352
2020-12-06 11:00:00-03:00,0.28,0.046,0.278,15.198
2020-12-06 12:00:00-03:00,0.372,0.076,0.357,16.329
2020-12-06 13:00:00-03:00,0.461,0.094,0.448,17.107
2020-12-06 14:00:00-03:00,0.247,0.02,0.268,16.291
2020-12-06 15:00:00-03:00,0.245,0.029,0.257,16.058
2020-12-06 16:00:00-03:00,0.263,0.049,0.258,16.618
2020-12-06 17:00:00-03:00,0.191,0.031,0.195,16.872
2020-12-06 18:00:00-03:00,0.163,0.036000000000000004,0.159,16.666
2020-12-06 19:00:00-03:00,0.122,0.037,0.113,15.94
2020-12-06 20:00:00-03:00,0.063,0.027,0.058,14.894
2020-12-06 21:00:00-03:00,0.012,0.013000000000000001,0.012,13.74
2020-12-06 22:00:00-03:00,0.0,0.0,0.0,12.918
2020-12-06 23:00:00-03:00,0.0,0.0,0.0,12.341
2020-12-07 00:00:00-03:00,0.0,0.0,0.0,11.924
2020-12-07 01:00:00-03:00,0.0,0.0,0.0,11.768
2020-12-07 02:00:00-03:00,0.0,0.0,0.0,11.63
2020-12-07 03:00:00-03:00,0.0,0.0,0.0,11.411
2020-12-07 04:00:00-03:00,0.0,0.0,0.0,11.156
2020-12-07 05:00:00-03:00,0.0,0.002,0.002,10.818
2020-12-07 06:00:00-03:00,0.019,0.006,0.027,10.896
2020-12-07 07:00:00-03:00,0.043000000000000003,0.007,0.055,11.309
2020-12-07 08:00:00-03:00,0.124,0.023,0.126,12.307
2020-12-07 09:00:00-03:00,0.192,0.036000000000000004,0.188,13.607
2020-12-07 10:00:00-03:00,0.324,0.095,0.278,15.172
2020-12-07 11:00:00-03:00,0.622,0.44,0.315,17.257
2020-12-07 12:00:00-03:00,0.654,0.455,0.35100000000000003,18.754
2020-12-07 13:00:00-03:00,0.383,0.048,0.404,18.633
2020-12-07 14:00:00-03:00,0.157,0.007,0.183,17.795
2020-12-07 15:00:00-03:00,0.111,0.005,0.134,17.054
2020-12-07 16:00:00-03:00,0.111,0.006,0.132,16.684
2020-12-07 17:00:00-03:00,0.126,0.011,0.14300000000000002,16.72
2020-12-07 18:00:00-03:00,0.168,0.037,0.164,16.933
2020-12-07 19:00:00-03:00,0.109,0.028,0.107,16.627
2020-12-07 20:00:00-03:00,0.062,0.025,0.059000000000000004,15.858
2020-12-07 21:00:00-03:00,0.016,0.017,0.013000000000000001,13.822
2020-12-07 22:00:00-03:00,0.0,0.0,0.0,12.943
2020-12-07 23:00:00-03:00,0.0,0.0,0.0,12.811
2020-12-08 00:00:00-03:00,0.0,0.0,0.0,12.387
2020-12-08 01:00:00-03:00,0.0,0.0,0.0,11.817
2020-12-08 02:00:00-03:00,0.0,0.0,0.0,11.266
2020-12-08 03:00:00-03:00,0.0,0.0,0.0,10.755
2020-12-08 04:00:00-03:00,0.0,0.0,0.0,10.31
2020-12-08 05:00:00-03:00,0.0,0.0,0.001,10.097
2020-12-08 06:00:00-03:00,0.006,0.001,0.014,10.132
2020-12-08 07:00:00-03:00,0.024,0.003,0.037,10.407
2020-12-08 08:00:00-03:00,0.047,0.003,0.063,10.856
2020-12-08 09:00:00-03:00,0.07100000000000001,0.004,0.089,11.363
2020-12-08 10:00:00-03:00,0.10400000000000001,0.005,0.123,11.975
2020-12-08 11:00:00-03:00,0.089,0.003,0.109,12.36
2020-12-08 12:00:00-03:00,0.097,0.003,0.11900000000000001,12.656
2020-12-08 13:00:00-03:00,0.162,0.004,0.187,12.983
2020-12-08 14:00:00-03:00,0.224,0.013000000000000001,0.247,13.524000000000001
2020-12-08 15:00:00-03:00,0.372,0.083,0.34500000000000003,14.618
2020-12-08 16:00:00-03:00,0.269,0.044,0.267,14.778
2020-12-08 17:00:00-03:00,0.244,0.05,0.232,14.803
2020-12-08 18:00:00-03:00,0.241,0.08,0.2,14.699
2020-12-08 19:00:00-03:00,0.114,0.028,0.112,13.955
2020-12-08 20:00:00-03:00,0.08,0.035,0.068,12.912
2020-12-08 21:00:00-03:00,0.017,0.019,0.012,11.368
2020-12-08 22:00:00-03:00,0.0,0.0,0.0,9.974
2020-12-08 23:00:00-03:00,0.0,0.0,0.0,8.684
2020-12-09 00:00:00-03:00,0.0,0.0,0.0,7.498
2020-12-09 01:00:00-03:00,0.0,0.0,0.0,6.744
2020-12-09 02:00:00-03:00,0.0,0.0,0.0,6.386
2020-12-09 03:00:00-03:00,0.0,0.0,0.0,6.187
2020-12-09 04:00:00-03:00,0.0,0.0,0.0,6.098
2020-12-09 05:00:00-03:00,0.0,0.003,0.003,6.028
2020-12-09 06:00:00-03:00,0.045,0.023,0.04,6.314
2020-12-09 07:00:00-03:00,0.134,0.056,0.101,7.009
2020-12-09 08:00:00-03:00,0.263,0.122,0.17300000000000001,8.05
2020-12-09 09:00:00-03:00,0.379,0.191,0.23500000000000001,9.288
2020-12-09 10:00:00-03:00,0.41200000000000003,0.18,0.28600000000000003,10.299
2020-12-09 11:00:00-03:00,0.40700000000000003,0.136,0.326,11.046
2020-12-09 12:00:00-03:00,0.425,0.115,0.371,11.656
2020-12-09 13:00:00-03:00,0.44,0.078,0.426,12.106
2020-12-09 14:00:00-03:00,0.35000000000000003,0.056,0.343,12.435
2020-12-09 15:00:00-03:00,0.297,0.05,0.29,12.718
2020-12-09 16:00:00-03:00,0.259,0.047,0.25,12.892
2020-12-09 17:00:00-03:00,0.218,0.044,0.20800000000000002,12.875
2020-12-09 18:00:00-03:00,0.20600000000000002,0.061,0.177,12.735
2020-12-09 19:00:00-03:00,0.289,0.184,0.146,12.603
2020-12-09 20:00:00-03:00,0.202,0.151,0.083,11.904
2020-12-09 21:00:00-03:00,0.049,0.048,0.019,10.46
2020-12-09 22:00:00-03:00,0.0,0.0,0.0,9.109
2020-12-09 23:00:00-03:00,0.0,0.0,0.0,8.177
2020-12-10 00:00:00-03:00,0.0,0.0,0.0,8.162
2020-12-10 01:00:00-03:00,0.0,0.0,0.0,7.86
2020-12-10 02:00:00-03:00,0.0,0.0,0.0,7.299
2020-12-10 03:00:00-03:00,0.0,0.0,0.0,6.858
2020-12-10 04:00:00-03:00,0.0,0.0,0.0,6.54
2020-12-10 05:00:00-03:00,0.001,0.004,0.004,6.297
2020-12-10 06:00:00-03:00,0.044,0.02,0.042,7.474
2020-12-10 07:00:00-03:00,0.109,0.034,0.097,8.55
2020-12-10 08:00:00-03:00,0.183,0.051000000000000004,0.16,10.327
2020-12-10 09:00:00-03:00,0.23500000000000001,0.055,0.213,12.165
2020-12-10 10:00:00-03:00,0.274,0.055,0.26,13.784
2020-12-10 11:00:00-03:00,0.251,0.029,0.26,14.354
2020-12-10 12:00:00-03:00,0.229,0.015,0.25,14.248
2020-12-10 13:00:00-03:00,0.224,0.009000000000000001,0.251,13.87
2020-12-10 14:00:00-03:00,0.146,0.005,0.169,13.348
2020-12-10 15:00:00-03:00,0.126,0.005,0.147,12.939
2020-12-10 16:00:00-03:00,0.096,0.004,0.115,12.569
2020-12-10 17:00:00-03:00,0.08600000000000001,0.005,0.105,12.38
2020-12-10 18:00:00-03:00,0.074,0.006,0.09,12.179
2020-12-10 19:00:00-03:00,0.081,0.014,0.09,11.93
2020-12-10 20:00:00-03:00,0.052000000000000005,0.017,0.055,11.247
2020-12-10 21:00:00-03:00,0.018000000000000002,0.017,0.015,9.5
2020-12-10 22:00:00-03:00,0.0,0.0,0.0,7.846
2020-12-10 23:00:00-03:00,0.0,0.0,0.0,6.904
2020-12-11 00:00:00-03:00,0.0,0.0,0.0,6.083
2020-12-11 01:00:00-03:00,0.0,0.0,0.0,5.416
2020-12-11 02:00:00-03:00,0.0,0.0,0.0,4.848
2020-12-11 03:00:00-03:00,0.0,0.0,0.0,4.309
2020-12-11 04:00:00-03:00,0.0,0.0,0.0,3.947
2020-12-11 05:00:00-03:00,0.001,0.004,0.004,4.366
2020-12-11 06:00:00-03:00,0.023,0.008,0.03,5.562
2020-12-11 07:00:00-03:00,0.063,0.012,0.07,6.506
2020-12-11 08:00:00-03:00,0.179,0.048,0.156,8.068
2020-12-11 09:00:00-03:00,0.295,0.099,0.234,10.002
2020-12-11 10:00:00-03:00,0.356,0.114,0.29,11.365
2020-12-11 11:00:00-03:00,0.341,0.07200000000000001,0.315,12.029
2020-12-11 12:00:00-03:00,0.28200000000000003,0.027,0.293,11.892
2020-12-11 13:00:00-03:00,0.281,0.016,0.304,11.7
2020-12-11 14:00:00-03:00,0.252,0.018000000000000002,0.27,11.991
2020-12-11 15:00:00-03:00,0.275,0.034,0.28,12.676
2020-12-11 16:00:00-03:00,0.308,0.067,0.28600000000000003,13.167
2020-12-11 17:00:00-03:00,0.105,0.007,0.122,11.891
2020-12-11 18:00:00-03:00,0.062,0.004,0.077,10.521
2020-12-11 19:00:00-03:00,0.045,0.005,0.058,9.629
2020-12-11 20:00:00-03:00,0.035,0.009000000000000001,0.043000000000000003,8.65
2020-12-11 21:00:00-03:00,0.03,0.03,0.016,7.022
2020-12-11 22:00:00-03:00,0.0,0.0,0.0,5.238
2020-12-11 23:00:00-03:00,0.0,0.0,0.0,4.16
2020-12-12 00:00:00-03:00,0.0,0.0,0.0,3.789
2020-12-12 01:00:00-03:00,0.0,0.0,0.0,3.404
2020-12-12 02:00:00-03:00,0.0,0.0,0.0,3.094
2020-12-12 03:00:00-03:00,0.0,0.0,0.0,3.228
2020-12-12 04:00:00-03:00,0.0,0.0,0.0,3.569
2020-12-12 05:00:00-03:00,0.006,0.011,0.004,3.748
2020-12-12 06:00:00-03:00,0.112,0.081,0.051000000000000004,4.374
2020-12-12 07:00:00-03:00,0.267,0.183,0.113,5.496
2020-12-12 08:00:00-03:00,0.433,0.317,0.166,6.756
2020-12-12 09:00:00-03:00,0.523,0.38,0.213,7.89
2020-12-12 10:00:00-03:00,0.596,0.436,0.251,8.887
2020-12-12 11:00:00-03:00,0.675,0.525,0.271,10.045
2020-12-12 12:00:00-03:00,0.671,0.48,0.313,10.779
2020-12-12 13:00:00-03:00,0.708,0.512,0.336,11.322
2020-12-12 14:00:00-03:00,0.732,0.593,0.291,11.826
2020-12-12 15:00:00-03:00,0.714,0.586,0.273,11.911
2020-12-12 16:00:00-03:00,0.61,0.445,0.271,11.496
2020-12-12 17:00:00-03:00,0.507,0.34,0.242,11.025
2020-12-12 18:00:00-03:00,0.34600000000000003,0.194,0.197,10.217
2020-12-12 19:00:00-03:00,0.088,0.021,0.089,8.513
2020-12-12 20:00:00-03:00,0.022,0.006,0.03,7.057
2020-12-12 21:00:00-03:00,0.001,0.002,0.006,6.077
2020-12-12 22:00:00-03:00,0.0,0.0,0.0,5.438
2020-12-12 23:00:00-03:00,0.0,0.0,0.0,4.883
2020-12-13 00:00:00-03:00,0.0,0.0,0.0,4.41
2020-12-13 01:00:00-03:00,0.0,0.0,0.0,4.299
2020-12-13 02:00:00-03:00,0.0,0.0,0.0,4.29
2020-12-13 03:00:00-03:00,0.0,0.0,0.0,4.267
2020-12-13 04:00:00-03:00,0.0,0.0,0.0,4.22
2020-12-13 05:00:00-03:00,0.0,0.003,0.003,4.119
2020-12-13 06:00:00-03:00,0.051000000000000004,0.025,0.044,4.249
2020-12-13 07:00:00-03:00,0.16,0.07100000000000001,0.112,4.937
2020-12-13 08:00:00-03:00,0.324,0.17200000000000001,0.186,6.068
2020-12-13 09:00:00-03:00,0.41300000000000003,0.214,0.246,7.268
2020-12-13 10:00:00-03:00,0.379,0.132,0.292,8.284
2020-12-13 11:00:00-03:00,0.338,0.069,0.31,8.872
2020-12-13 12:00:00-03:00,0.275,0.025,0.28300000000000003,8.86
2020-12-13 13:00:00-03:00,0.328,0.025,0.343,8.841
2020-12-13 14:00:00-03:00,0.313,0.032,0.319,9.105
2020-12-13 15:00:00-03:00,0.318,0.051000000000000004,0.306,9.443
2020-12-13 16:00:00-03:00,0.246,0.034,0.244,9.224
2020-12-13 17:00:00-03:00,0.158,0.017,0.167,8.591
2020-12-13 18:00:00-03:00,0.092,0.009000000000000001,0.10400000000000001,7.831
2020-12-13 19:00:00-03:00,0.047,0.005,0.06,7.02
2020-12-13 20:00:00-03:00,0.024,0.005,0.034,6.194
2020-12-13 21:00:00-03:00,0.004,0.005,0.008,5.377
2020-12-13 22:00:00-03:00,0.0,0.0,0.0,4.819
2020-12-13 23:00:00-03:00,0.0,0.0,0.0,4.229
2020-12-14 00:00:00-03:00,0.0,0.0,0.0,3.634
2020-12-14 01:00:00-03:00,0.0,0.0,0.0,3.329
2020-12-14 02:00:00-03:00,0.0,0.0,0.0,2.993
2020-12-14 03:00:00-03:00,0.0,0.0,0.0,2.578
2020-12-14 04:00:00-03:00,0.0,0.0,0.0,2.235
2020-12-14 05:00:00-03:00,0.003,0.007,0.004,1.941
2020-12-14 06:00:00-03:00,0.106,0.073,0.052000000000000005,2.032
2020-12-14 07:00:00-03:00,0.295,0.20600000000000002,0.116,2.77
2020-12-14 08:00:00-03:00,0.401,0.266,0.17300000000000001,3.732
2020-12-14 09:00:00-03:00,0.454,0.274,0.227,4.716
2020-12-14 10:00:00-03:00,0.485,0.262,0.278,5.526
2020-12-14 11:00:00-03:00,0.52,0.262,0.322,6.165
2020-12-14 12:00:00-03:00,0.535,0.234,0.37,6.893
2020-12-14 13:00:00-03:00,0.613,0.279,0.426,7.792
2020-12-14 14:00:00-03:00,0.631,0.366,0.364,8.483
2020-12-14 15:00:00-03:00,0.594,0.356,0.328,8.438
2020-12-14 16:00:00-03:00,0.524,0.297,0.297,7.922
2020-12-14 17:00:00-03:00,0.461,0.263,0.253,7.464
2020-12-14 18:00:00-03:00,0.305,0.14200000000000002,0.197,6.797
2020-12-14 19:00:00-03:00,0.176,0.073,0.127,5.828
2020-12-14 20:00:00-03:00,0.095,0.047,0.067,4.894
2020-12-14 21:00:00-03:00,0.021,0.021,0.013000000000000001,3.934
2020-12-14 22:00:00-03:00,0.0,0.0,0.0,3.317
2020-12-14 23:00:00-03:00,0.0,0.0,0.0,2.973
2020-12-15 00:00:00-03:00,0.0,0.0,0.0,2.9619999999999997
2020-12-15 01:00:00-03:00,0.0,0.0,0.0,3.133
2020-12-15 02:00:00-03:00,0.0,0.0,0.0,3.309
2020-12-15 03:00:00-03:00,0.0,0.0,0.0,3.511
2020-12-15 04:00:00-03:00,0.0,0.0,0.0,3.716
2020-12-15 05:00:00-03:00,0.001,0.004,0.004,3.91
2020-12-15 06:00:00-03:00,0.039,0.018000000000000002,0.037,4.439
2020-12-15 07:00:00-03:00,0.048,0.009000000000000001,0.057,5.042
2020-12-15 08:00:00-03:00,0.10300000000000001,0.016,0.107,5.843
2020-12-15 09:00:00-03:00,0.28300000000000003,0.097,0.219,7.453
2020-12-15 10:00:00-03:00,0.35000000000000003,0.117,0.274,8.385
2020-12-15 11:00:00-03:00,0.315,0.064,0.289,8.713
2020-12-15 12:00:00-03:00,0.5700000000000001,0.28800000000000003,0.371,10.214
2020-12-15 13:00:00-03:00,0.581,0.231,0.445,10.86
2020-12-15 14:00:00-03:00,0.53,0.215,0.397,11.194
2020-12-15 15:00:00-03:00,0.505,0.233,0.34800000000000003,11.303
2020-12-15 16:00:00-03:00,0.509,0.28200000000000003,0.304,11.277
2020-12-15 17:00:00-03:00,0.588,0.447,0.23900000000000002,11.242
2020-12-15 18:00:00-03:00,0.525,0.41100000000000003,0.193,10.696
2020-12-15 19:00:00-03:00,0.373,0.274,0.145,9.633
2020-12-15 20:00:00-03:00,0.182,0.126,0.083,8.284
2020-12-15 21:00:00-03:00,0.014,0.014,0.013000000000000001,7.03
2020-12-15 22:00:00-03:00,0.0,0.0,0.0,6.312
2020-12-15 23:00:00-03:00,0.0,0.0,0.0,5.944
2020-12-16 00:00:00-03:00,0.0,0.0,0.0,5.7010000000000005
2020-12-16 01:00:00-03:00,0.0,0.0,0.0,5.494
2020-12-16 02:00:00-03:00,0.0,0.0,0.0,5.3629999999999995
2020-12-16 03:00:00-03:00,0.0,0.0,0.0,5.323
2020-12-16 04:00:00-03:00,0.0,0.0,0.0,5.259
2020-12-16 05:00:00-03:00,0.0,0.002,0.003,5.236
2020-12-16 06:00:00-03:00,0.032,0.013000000000000001,0.035,5.659
2020-12-16 07:00:00-03:00,0.052000000000000005,0.009000000000000001,0.061,6.462
2020-12-16 08:00:00-03:00,0.153,0.036000000000000004,0.14100000000000001,7.575
2020-12-16 09:00:00-03:00,0.253,0.07100000000000001,0.214,8.828
2020-12-16 10:00:00-03:00,0.365,0.127,0.28400000000000003,9.993
2020-12-16 11:00:00-03:00,0.343,0.079,0.309,10.683
2020-12-16 12:00:00-03:00,0.28800000000000003,0.032,0.293,10.589
2020-12-16 13:00:00-03:00,0.28600000000000003,0.019,0.304,10.212
2020-12-16 14:00:00-03:00,0.256,0.02,0.271,10.296
2020-12-16 15:00:00-03:00,0.35100000000000003,0.075,0.323,11.391
2020-12-16 16:00:00-03:00,0.536,0.313,0.309,12.185
2020-12-16 17:00:00-03:00,0.459,0.261,0.265,11.746
2020-12-16 18:00:00-03:00,0.47700000000000004,0.341,0.20500000000000002,11.184
2020-12-16 19:00:00-03:00,0.4,0.304,0.148,10.148
2020-12-16 20:00:00-03:00,0.11800000000000001,0.064,0.077,8.598
2020-12-16 21:00:00-03:00,0.028,0.028,0.016,7.239
2020-12-16 22:00:00-03:00,0.0,0.0,0.0,6.296
2020-12-16 23:00:00-03:00,0.0,0.0,0.0,5.692
2020-12-17 00:00:00-03:00,0.0,0.0,0.0,5.077
2020-12-17 01:00:00-03:00,0.0,0.0,0.0,4.498
2020-12-17 02:00:00-03:00,0.0,0.0,0.0,4.03
2020-12-17 03:00:00-03:00,0.0,0.0,0.0,3.672
2020-12-17 04:00:00-03:00,0.0,0.0,0.0,3.273
2020-12-17 05:00:00-03:00,0.007,0.013000000000000001,0.005,3.071
2020-12-17 06:00:00-03:00,0.121,0.089,0.052000000000000005,3.561
2020-12-17 07:00:00-03:00,0.31,0.229,0.112,4.727
2020-12-17 08:00:00-03:00,0.541,0.459,0.151,6.274
2020-12-17 09:00:00-03:00,0.631,0.54,0.188,7.836
2020-12-17 10:00:00-03:00,0.7000000000000001,0.611,0.216,9.299
2020-12-17 11:00:00-03:00,0.773,0.713,0.225,10.681000000000001
2020-12-17 12:00:00-03:00,0.79,0.733,0.23600000000000002,11.669
2020-12-17 13:00:00-03:00,0.797,0.759,0.224,12.309
2020-12-17 14:00:00-03:00,0.789,0.735,0.24,12.796
2020-12-17 15:00:00-03:00,0.682,0.541,0.277,12.846
2020-12-17 16:00:00-03:00,0.74,0.682,0.221,13.031
2020-12-17 17:00:00-03:00,0.713,0.673,0.189,12.876
2020-12-17 18:00:00-03:00,0.47100000000000003,0.354,0.187,12.192
2020-12-17 19:00:00-03:00,0.123,0.041,0.107,10.872
2020-12-17 20:00:00-03:00,0.022,0.006,0.03,9.491
2020-12-17 21:00:00-03:00,0.002,0.003,0.007,8.27
2020-12-17 22:00:00-03:00,0.0,0.0,0.0,7.342
2020-12-17 23:00:00-03:00,0.0,0.0,0.0,6.59
2020-12-18 00:00:00-03:00,0.0,0.0,0.0,5.966
2020-12-18 01:00:00-03:00,0.0,0.0,0.0,5.5
2020-12-18 02:00:00-03:00,0.0,0.0,0.0,5.11
2020-12-18 03:00:00-03:00,0.0,0.0,0.0,4.867
2020-12-18 04:00:00-03:00,0.0,0.0,0.0,4.776
2020-12-18 05:00:00-03:00,0.0,0.001,0.002,4.742
2020-12-18 06:00:00-03:00,0.021,0.008,0.028,5.116
2020-12-18 07:00:00-03:00,0.063,0.014,0.068,5.803
2020-12-18 08:00:00-03:00,0.133,0.028,0.128,6.681
2020-12-18 09:00:00-03:00,0.33,0.138,0.23,8.268
2020-12-18 10:00:00-03:00,0.675,0.556,0.242,10.354
2020-12-18 11:00:00-03:00,0.7010000000000001,0.5650000000000001,0.276,11.857
2020-12-18 12:00:00-03:00,0.705,0.538,0.312,12.826
2020-12-18 13:00:00-03:00,0.654,0.374,0.40700000000000003,13.134
2020-12-18 14:00:00-03:00,0.5760000000000001,0.28400000000000003,0.392,13.255
2020-12-18 15:00:00-03:00,0.47800000000000004,0.203,0.35100000000000003,13.211
2020-12-18 16:00:00-03:00,0.448,0.20800000000000002,0.308,13.177
2020-12-18 17:00:00-03:00,0.462,0.275,0.259,13.072
2020-12-18 18:00:00-03:00,0.331,0.17200000000000001,0.20500000000000002,12.385
2020-12-18 19:00:00-03:00,0.105,0.026000000000000002,0.10200000000000001,11.069
2020-12-18 20:00:00-03:00,0.048,0.016,0.051000000000000004,9.822
2020-12-18 21:00:00-03:00,0.011,0.01,0.013000000000000001,8.421
2020-12-18 22:00:00-03:00,0.0,0.0,0.0,7.21
2020-12-18 23:00:00-03:00,0.0,0.0,0.0,6.3870000000000005
2020-12-19 00:00:00-03:00,0.0,0.0,0.0,5.792
2020-12-19 01:00:00-03:00,0.0,0.0,0.0,5.475
2020-12-19 02:00:00-03:00,0.0,0.0,0.0,5.194
2020-12-19 03:00:00-03:00,0.0,0.0,0.0,4.915
2020-12-19 04:00:00-03:00,0.0,0.0,0.0,4.644
2020-12-19 05:00:00-03:00,0.003,0.007,0.004,4.422
2020-12-19 06:00:00-03:00,0.085,0.054,0.051000000000000004,4.846
2020-12-19 07:00:00-03:00,0.24,0.149,0.117,5.851
2020-12-19 08:00:00-03:00,0.28800000000000003,0.145,0.17500000000000002,7.058
2020-12-19 09:00:00-03:00,0.442,0.266,0.232,8.746
2020-12-19 10:00:00-03:00,0.64,0.504,0.25,10.878
2020-12-19 11:00:00-03:00,0.725,0.617,0.262,12.818
2020-12-19 12:00:00-03:00,0.5710000000000001,0.306,0.366,13.721
2020-12-19 13:00:00-03:00,0.577,0.243,0.44,14.324
2020-12-19 14:00:00-03:00,0.629,0.39,0.366,15.172
2020-12-19 15:00:00-03:00,0.606,0.401,0.325,15.600999999999999
2020-12-19 16:00:00-03:00,0.388,0.148,0.301,14.836
2020-12-19 17:00:00-03:00,0.169,0.024,0.17500000000000002,13.002
2020-12-19 18:00:00-03:00,0.131,0.022,0.135,11.719
2020-12-19 19:00:00-03:00,0.093,0.021,0.095,11.114
2020-12-19 20:00:00-03:00,0.063,0.025,0.059000000000000004,10.521
2020-12-19 21:00:00-03:00,0.011,0.01,0.013000000000000001,9.414
2020-12-19 22:00:00-03:00,0.0,0.0,0.0,8.492
2020-12-19 23:00:00-03:00,0.0,0.0,0.0,7.908
2020-12-20 00:00:00-03:00,0.0,0.0,0.0,7.529
2020-12-20 01:00:00-03:00,0.0,0.0,0.0,7.266
2020-12-20 02:00:00-03:00,0.0,0.0,0.0,7.035
2020-12-20 03:00:00-03:00,0.0,0.0,0.0,6.879
2020-12-20 04:00:00-03:00,0.0,0.0,0.0,6.874
2020-12-20 05:00:00-03:00,0.001,0.005,0.004,7.029
2020-12-20 06:00:00-03:00,0.136,0.10400000000000001,0.055,7.889
2020-12-20 07:00:00-03:00,0.256,0.17400000000000002,0.115,9.523
2020-12-20 08:00:00-03:00,0.34,0.212,0.17300000000000001,11.407
2020-12-20 09:00:00-03:00,0.386,0.214,0.228,13.069
2020-12-20 10:00:00-03:00,0.492,0.302,0.272,14.377
2020-12-20 11:00:00-03:00,0.6970000000000001,0.595,0.259,15.773
2020-12-20 12:00:00-03:00,0.752,0.681,0.259,16.864
2020-12-20 13:00:00-03:00,0.665,0.45,0.363,16.849
2020-12-20 14:00:00-03:00,0.539,0.255,0.384,16.145
2020-12-20 15:00:00-03:00,0.492,0.23800000000000002,0.339,15.384
2020-12-20 16:00:00-03:00,0.494,0.281,0.295,14.658
2020-12-20 17:00:00-03:00,0.364,0.168,0.25,13.686
2020-12-20 18:00:00-03:00,0.334,0.182,0.199,12.642
2020-12-20 19:00:00-03:00,0.305,0.203,0.14300000000000002,11.255
2020-12-20 20:00:00-03:00,0.28500000000000003,0.23800000000000002,0.083,9.63
2020-12-20 21:00:00-03:00,0.131,0.13,0.024,7.807
2020-12-20 22:00:00-03:00,0.0,0.0,0.0,6.283
2020-12-20 23:00:00-03:00,0.0,0.0,0.0,5.356
2020-12-21 00:00:00-03:00,0.0,0.0,0.0,4.735
2020-12-21 01:00:00-03:00,0.0,0.0,0.0,4.341
2020-12-21 02:00:00-03:00,0.0,0.0,0.0,4.064
2020-12-21 03:00:00-03:00,0.0,0.0,0.0,3.894
2020-12-21 04:00:00-03:00,0.0,0.0,0.0,3.773
2020-12-21 05:00:00-03:00,0.019,0.027,0.006,3.646
2020-12-21 06:00:00-03:00,0.209,0.177,0.056,4.346
2020-12-21 07:00:00-03:00,0.405,0.341,0.107,5.806
2020-12-21 08:00:00-03:00,0.507,0.41600000000000004,0.154,7.27
2020-12-21 09:00:00-03:00,0.579,0.468,0.197,8.571
2020-12-21 10:00:00-03:00,0.657,0.546,0.226,10.011
2020-12-21 11:00:00-03:00,0.7030000000000001,0.592,0.249,11.272
2020-12-21 12:00:00-03:00,0.632,0.432,0.315,12.149
2020-12-21 13:00:00-03:00,0.555,0.23700000000000002,0.41100000000000003,12.641
2020-12-21 14:00:00-03:00,0.66,0.47600000000000003,0.317,13.813
2020-12-21 15:00:00-03:00,0.586,0.389,0.306,14.327
2020-12-21 16:00:00-03:00,0.578,0.417,0.267,14.492
2020-12-21 17:00:00-03:00,0.684,0.636,0.193,14.431
2020-12-21 18:00:00-03:00,0.622,0.582,0.159,13.814
2020-12-21 19:00:00-03:00,0.544,0.515,0.11900000000000001,12.802
2020-12-21 20:00:00-03:00,0.367,0.339,0.077,11.337
2020-12-21 21:00:00-03:00,0.088,0.08600000000000001,0.024,9.202
2020-12-21 22:00:00-03:00,0.0,0.0,0.0,7.508
2020-12-21 23:00:00-03:00,0.0,0.0,0.0,6.79
2020-12-22 00:00:00-03:00,0.0,0.0,0.0,6.384
2020-12-22 01:00:00-03:00,0.0,0.0,0.0,5.928
2020-12-22 02:00:00-03:00,0.0,0.0,0.0,5.49
2020-12-22 03:00:00-03:00,0.0,0.0,0.0,5.267
2020-12-22 04:00:00-03:00,0.0,0.0,0.0,5.022
2020-12-22 05:00:00-03:00,0.0,0.002,0.002,4.9350000000000005
2020-12-22 06:00:00-03:00,0.015,0.005,0.022,5.162
2020-12-22 07:00:00-03:00,0.058,0.013000000000000001,0.063,5.627
2020-12-22 08:00:00-03:00,0.157,0.043000000000000003,0.138,6.974
2020-12-22 09:00:00-03:00,0.28200000000000003,0.101,0.215,8.966
2020-12-22 10:00:00-03:00,0.488,0.28300000000000003,0.275,10.913
2020-12-22 11:00:00-03:00,0.5690000000000001,0.355,0.309,12.006
2020-12-22 12:00:00-03:00,0.639,0.428,0.331,12.675
2020-12-22 13:00:00-03:00,0.7030000000000001,0.508,0.342,13.105
2020-12-22 14:00:00-03:00,0.704,0.536,0.315,13.182
2020-12-22 15:00:00-03:00,0.716,0.593,0.275,13.022
2020-12-22 16:00:00-03:00,0.722,0.638,0.23700000000000002,12.868
2020-12-22 17:00:00-03:00,0.706,0.652,0.199,12.57
2020-12-22 18:00:00-03:00,0.622,0.5640000000000001,0.169,11.882
2020-12-22 19:00:00-03:00,0.401,0.314,0.14,10.898
2020-12-22 20:00:00-03:00,0.054,0.02,0.053,9.554
2020-12-22 21:00:00-03:00,0.005,0.005,0.01,8.37
2020-12-22 22:00:00-03:00,0.0,0.0,0.0,7.607
2020-12-22 23:00:00-03:00,0.0,0.0,0.0,7.465
2020-12-23 00:00:00-03:00,0.0,0.0,0.0,7.124
2020-12-23 01:00:00-03:00,0.0,0.0,0.0,6.724
2020-12-23 02:00:00-03:00,0.0,0.0,0.0,6.416
2020-12-23 03:00:00-03:00,0.0,0.0,0.0,6.291
2020-12-23 04:00:00-03:00,0.0,0.0,0.0,6.372
2020-12-23 05:00:00-03:00,0.0,0.003,0.003,6.598
2020-12-23 06:00:00-03:00,0.019,0.007,0.026000000000000002,7.005
2020-12-23 07:00:00-03:00,0.052000000000000005,0.01,0.06,7.687
2020-12-23 08:00:00-03:00,0.13,0.027,0.128,9.221
2020-12-23 09:00:00-03:00,0.201,0.042,0.19,11.225
2020-12-23 10:00:00-03:00,0.251,0.049,0.23900000000000002,13.089
2020-12-23 11:00:00-03:00,0.315,0.066,0.296,14.745
2020-12-23 12:00:00-03:00,0.332,0.055,0.329,15.921
2020-12-23 13:00:00-03:00,0.42,0.073,0.419,16.811
2020-12-23 14:00:00-03:00,0.432,0.11,0.397,17.13
2020-12-23 15:00:00-03:00,0.356,0.085,0.329,16.392
2020-12-23 16:00:00-03:00,0.294,0.065,0.274,14.673
2020-12-23 17:00:00-03:00,0.602,0.47600000000000003,0.23900000000000002,13.901
2020-12-23 18:00:00-03:00,0.644,0.592,0.17300000000000001,12.593
2020-12-23 19:00:00-03:00,0.546,0.498,0.132,10.769
2020-12-23 20:00:00-03:00,0.324,0.277,0.08700000000000001,8.972
2020-12-23 21:00:00-03:00,0.079,0.077,0.023,7.392
2020-12-23 22:00:00-03:00,0.0,0.0,0.0,6.288
2020-12-23 23:00:00-03:00,0.0,0.0,0.0,5.612
2020-12-24 00:00:00-03:00,0.0,0.0,0.0,5.205
2020-12-24 01:00:00-03:00,0.0,0.0,0.0,5.037
2020-12-24 02:00:00-03:00,0.0,0.0,0.0,4.906
2020-12-24 03:00:00-03:00,0.0,0.0,0.0,4.7620000000000005
2020-12-24 04:00:00-03:00,0.0,0.0,0.0,4.614
2020-12-24 05:00:00-03:00,0.008,0.013000000000000001,0.005,4.5440000000000005
2020-12-24 06:00:00-03:00,0.138,0.105,0.054,4.968
2020-12-24 07:00:00-03:00,0.377,0.305,0.112,6.016
2020-12-24 08:00:00-03:00,0.497,0.399,0.161,7.238
2020-12-24 09:00:00-03:00,0.444,0.276,0.223,8.199
2020-12-24 10:00:00-03:00,0.5700000000000001,0.398,0.258,9.361
2020-12-24 11:00:00-03:00,0.63,0.45,0.28700000000000003,10.391
2020-12-24 12:00:00-03:00,0.676,0.494,0.309,11.295
2020-12-24 13:00:00-03:00,0.727,0.5680000000000001,0.31,12.184
2020-12-24 14:00:00-03:00,0.706,0.547,0.305,12.852
2020-12-24 15:00:00-03:00,0.6880000000000001,0.547,0.281,13.159
2020-12-24 16:00:00-03:00,0.651,0.521,0.256,13.175
2020-12-24 17:00:00-03:00,0.336,0.14,0.244,12.449
2020-12-24 18:00:00-03:00,0.177,0.047,0.159,11.643
2020-12-24 19:00:00-03:00,0.17,0.073,0.126,11.074
2020-12-24 20:00:00-03:00,0.17,0.11800000000000001,0.079,10.325
2020-12-24 21:00:00-03:00,0.016,0.014,0.015,9.166
2020-12-24 22:00:00-03:00,0.0,0.0,0.0,8.284
2020-12-24 23:00:00-03:00,0.0,0.0,0.0,7.447
2020-12-25 00:00:00-03:00,0.0,0.0,0.0,6.76
2020-12-25 01:00:00-03:00,0.0,0.0,0.0,6.592
2020-12-25 02:00:00-03:00,0.0,0.0,0.0,6.291
2020-12-25 03:00:00-03:00,0.0,0.0,0.0,6.011
2020-12-25 04:00:00-03:00,0.0,0.0,0.0,5.89
2020-12-25 05:00:00-03:00,0.008,0.014,0.005,5.813
2020-12-25 06:00:00-03:00,0.125,0.091,0.056,6.462
2020-12-25 07:00:00-03:00,0.264,0.176,0.12,7.848
2020-12-25 08:00:00-03:00,0.289,0.147,0.177,9.266
2020-12-25 09:00:00-03:00,0.319,0.13,0.23,10.406
2020-12-25 10:00:00-03:00,0.334,0.106,0.273,11.297
2020-12-25 11:00:00-03:00,0.375,0.11,0.318,12.219
2020-12-25 12:00:00-03:00,0.463,0.158,0.377,13.271
2020-12-25 13:00:00-03:00,0.498,0.134,0.446,13.891
2020-12-25 14:00:00-03:00,0.465,0.139,0.401,14.415
2020-12-25 15:00:00-03:00,0.42,0.14,0.34700000000000003,14.928
2020-12-25 16:00:00-03:00,0.324,0.088,0.28600000000000003,15.2
2020-12-25 17:00:00-03:00,0.303,0.10300000000000001,0.247,15.527
2020-12-25 18:00:00-03:00,0.396,0.254,0.20700000000000002,15.955
2020-12-25 19:00:00-03:00,0.124,0.037,0.114,14.996
2020-12-25 20:00:00-03:00,0.043000000000000003,0.013000000000000001,0.049,13.58
2020-12-25 21:00:00-03:00,0.004,0.005,0.009000000000000001,12.381
2020-12-25 22:00:00-03:00,0.0,0.0,0.0,10.707
2020-12-25 23:00:00-03:00,0.0,0.0,0.0,10.249
2020-12-26 00:00:00-03:00,0.0,0.0,0.0,10.18
2020-12-26 01:00:00-03:00,0.0,0.0,0.0,10.047
2020-12-26 02:00:00-03:00,0.0,0.0,0.0,9.583
2020-12-26 03:00:00-03:00,0.0,0.0,0.0,9.138
2020-12-26 04:00:00-03:00,0.0,0.0,0.0,8.998
2020-12-26 05:00:00-03:00,0.005,0.01,0.004,9.041
2020-12-26 06:00:00-03:00,0.154,0.126,0.054,10.213
2020-12-26 07:00:00-03:00,0.339,0.276,0.11,12.123
2020-12-26 08:00:00-03:00,0.521,0.46,0.15,14.452
2020-12-26 09:00:00-03:00,0.624,0.5710000000000001,0.182,16.104
2020-12-26 10:00:00-03:00,0.725,0.705,0.198,17.105
2020-12-26 11:00:00-03:00,0.762,0.746,0.216,17.761
2020-12-26 12:00:00-03:00,0.77,0.748,0.229,18.23
2020-12-26 13:00:00-03:00,0.777,0.779,0.212,18.682
2020-12-26 14:00:00-03:00,0.782,0.779,0.221,18.961
2020-12-26 15:00:00-03:00,0.773,0.765,0.221,18.971
2020-12-26 16:00:00-03:00,0.756,0.757,0.202,18.733
2020-12-26 17:00:00-03:00,0.728,0.739,0.17500000000000002,18.368
2020-12-26 18:00:00-03:00,0.63,0.614,0.153,17.555
2020-12-26 19:00:00-03:00,0.259,0.166,0.135,16.096
2020-12-26 20:00:00-03:00,0.07,0.033,0.059000000000000004,14.238
2020-12-26 21:00:00-03:00,0.005,0.005,0.01,12.102
2020-12-26 22:00:00-03:00,0.0,0.0,0.0,11.388
2020-12-26 23:00:00-03:00,0.0,0.0,0.0,11.066
2020-12-27 00:00:00-03:00,0.0,0.0,0.0,11.007
2020-12-27 01:00:00-03:00,0.0,0.0,0.0,10.567
2020-12-27 02:00:00-03:00,0.0,0.0,0.0,10.347
2020-12-27 03:00:00-03:00,0.0,0.0,0.0,10.285
2020-12-27 04:00:00-03:00,0.0,0.0,0.0,10.427
2020-12-27 05:00:00-03:00,0.003,0.008,0.004,11.284
2020-12-27 06:00:00-03:00,0.07200000000000001,0.047,0.048,12.514
2020-12-27 07:00:00-03:00,0.137,0.063,0.10200000000000001,13.569
2020-12-27 08:00:00-03:00,0.157,0.045,0.14200000000000002,14.447
2020-12-27 09:00:00-03:00,0.378,0.20800000000000002,0.232,16.578
2020-12-27 10:00:00-03:00,0.537,0.38,0.268,19.474
2020-12-27 11:00:00-03:00,0.589,0.426,0.301,21.573
2020-12-27 12:00:00-03:00,0.6000000000000001,0.404,0.342,22.263
2020-12-27 13:00:00-03:00,0.647,0.43,0.378,21.362
2020-12-27 14:00:00-03:00,0.657,0.47700000000000004,0.34,20.034
2020-12-27 15:00:00-03:00,0.584,0.382,0.327,18.67
2020-12-27 16:00:00-03:00,0.487,0.276,0.301,17.542
2020-12-27 17:00:00-03:00,0.332,0.135,0.25,16.419
2020-12-27 18:00:00-03:00,0.21,0.067,0.178,15.204
2020-12-27 19:00:00-03:00,0.161,0.064,0.126,14.019
2020-12-27 20:00:00-03:00,0.08600000000000001,0.042,0.067,12.689
2020-12-27 21:00:00-03:00,0.037,0.035,0.019,11.016
2020-12-27 22:00:00-03:00,0.0,0.0,0.0,9.065
2020-12-27 23:00:00-03:00,0.0,0.0,0.0,7.605
2020-12-28 00:00:00-03:00,0.0,0.0,0.0,6.314
2020-12-28 01:00:00-03:00,0.0,0.0,0.0,5.608
2020-12-28 02:00:00-03:00,0.0,0.0,0.0,5.056
2020-12-28 03:00:00-03:00,0.0,0.0,0.0,4.959
2020-12-28 04:00:00-03:00,0.0,0.0,0.0,4.58
2020-12-28 05:00:00-03:00,0.003,0.006,0.004,4.509
2020-12-28 06:00:00-03:00,0.053,0.029,0.041,5.438
2020-12-28 07:00:00-03:00,0.08700000000000001,0.027,0.081,6.451
2020-12-28 08:00:00-03:00,0.132,0.03,0.125,7.579
2020-12-28 09:00:00-03:00,0.212,0.052000000000000005,0.189,8.774000000000001
2020-12-28 10:00:00-03:00,0.256,0.055,0.234,9.907
2020-12-28 11:00:00-03:00,0.315,0.07100000000000001,0.28600000000000003,11.103
2020-12-28 12:00:00-03:00,0.386,0.095,0.34500000000000003,12.182
2020-12-28 13:00:00-03:00,0.561,0.227,0.432,13.467
2020-12-28 14:00:00-03:00,0.718,0.5760000000000001,0.305,14.998
2020-12-28 15:00:00-03:00,0.771,0.72,0.246,16.095
2020-12-28 16:00:00-03:00,0.761,0.735,0.219,16.663
2020-12-28 17:00:00-03:00,0.7000000000000001,0.666,0.197,16.721
2020-12-28 18:00:00-03:00,0.497,0.397,0.189,16.253
2020-12-28 19:00:00-03:00,0.39,0.312,0.14,15.477
2020-12-28 20:00:00-03:00,0.29,0.25,0.083,13.887
2020-12-28 21:00:00-03:00,0.054,0.053,0.02,11.248
2020-12-28 22:00:00-03:00,0.0,0.0,0.0,10.107
2020-12-28 23:00:00-03:00,0.0,0.0,0.0,9.451
2020-12-29 00:00:00-03:00,0.0,0.0,0.0,8.606
2020-12-29 01:00:00-03:00,0.0,0.0,0.0,7.864
2020-12-29 02:00:00-03:00,0.0,0.0,0.0,7.09
2020-12-29 03:00:00-03:00,0.0,0.0,0.0,6.384
2020-12-29 04:00:00-03:00,0.0,0.0,0.0,6.112
2020-12-29 05:00:00-03:00,0.004,0.009000000000000001,0.004,5.918
2020-12-29 06:00:00-03:00,0.074,0.049,0.045,6.572
2020-12-29 07:00:00-03:00,0.151,0.075,0.1,7.542
2020-12-29 08:00:00-03:00,0.258,0.127,0.163,8.815
2020-12-29 09:00:00-03:00,0.491,0.34500000000000003,0.215,10.219
2020-12-29 10:00:00-03:00,0.559,0.394,0.255,11.447
2020-12-29 11:00:00-03:00,0.664,0.524,0.269,12.751
2020-12-29 12:00:00-03:00,0.736,0.634,0.267,13.876
2020-12-29 13:00:00-03:00,0.804,0.795,0.214,14.909
2020-12-29 14:00:00-03:00,0.8130000000000001,0.808,0.218,15.366
2020-12-29 15:00:00-03:00,0.789,0.761,0.227,15.118
2020-12-29 16:00:00-03:00,0.655,0.539,0.249,14.126
2020-12-29 17:00:00-03:00,0.52,0.37,0.23500000000000001,13.017
2020-12-29 18:00:00-03:00,0.334,0.186,0.194,11.98
2020-12-29 19:00:00-03:00,0.318,0.222,0.138,11.314
2020-12-29 20:00:00-03:00,0.216,0.167,0.08,10.258
2020-12-29 21:00:00-03:00,0.043000000000000003,0.041,0.02,8.608
2020-12-29 22:00:00-03:00,0.0,0.0,0.0,6.908
2020-12-29 23:00:00-03:00,0.0,0.0,0.0,5.658
2020-12-30 00:00:00-03:00,0.0,0.0,0.0,4.723
2020-12-30 01:00:00-03:00,0.0,0.0,0.0,4.071
2020-12-30 02:00:00-03:00,0.0,0.0,0.0,3.468
2020-12-30 03:00:00-03:00,0.0,0.0,0.0,2.9210000000000003
2020-12-30 04:00:00-03:00,0.0,0.0,0.0,2.672
2020-12-30 05:00:00-03:00,0.002,0.006,0.004,2.809
2020-12-30 06:00:00-03:00,0.03,0.014,0.031,3.458
2020-12-30 07:00:00-03:00,0.138,0.061,0.099,4.643
2020-12-30 08:00:00-03:00,0.28600000000000003,0.146,0.171,6.273
2020-12-30 09:00:00-03:00,0.489,0.328,0.224,8.167
2020-12-30 10:00:00-03:00,0.664,0.541,0.24,9.977
2020-12-30 11:00:00-03:00,0.723,0.611,0.26,11.646
2020-12-30 12:00:00-03:00,0.676,0.495,0.315,12.85
2020-12-30 13:00:00-03:00,0.646,0.38,0.391,13.504
2020-12-30 14:00:00-03:00,0.583,0.308,0.382,13.991
2020-12-30 15:00:00-03:00,0.556,0.322,0.333,14.468
2020-12-30 16:00:00-03:00,0.493,0.278,0.297,14.567
2020-12-30 17:00:00-03:00,0.308,0.112,0.242,13.927
2020-12-30 18:00:00-03:00,0.233,0.085,0.184,13.229
2020-12-30 19:00:00-03:00,0.161,0.065,0.125,12.495
2020-12-30 20:00:00-03:00,0.1,0.054,0.07,11.539
2020-12-30 21:00:00-03:00,0.017,0.014,0.016,9.944
2020-12-30 22:00:00-03:00,0.0,0.0,0.0,8.527
2020-12-30 23:00:00-03:00,0.0,0.0,0.0,7.667
2020-12-31 00:00:00-03:00,0.0,0.0,0.0,7.548
2020-12-31 01:00:00-03:00,0.0,0.0,0.0,7.63
2020-12-31 02:00:00-03:00,0.0,0.0,0.0,7.707
2020-12-31 03:00:00-03:00,0.0,0.0,0.0,7.7059999999999995
2020-12-31 04:00:00-03:00,0.0,0.0,0.0,7.671
2020-12-31 05:00:00-03:00,0.0,0.003,0.003,7.638
2020-12-31 06:00:00-03:00,0.046,0.023,0.041,8.167
2020-12-31 07:00:00-03:00,0.114,0.04,0.097,9.186
2020-12-31 08:00:00-03:00,0.186,0.057,0.158,10.493
2020-12-31 09:00:00-03:00,0.222,0.051000000000000004,0.203,11.662
2020-12-31 10:00:00-03:00,0.253,0.047,0.243,12.645
2020-12-31 11:00:00-03:00,0.277,0.043000000000000003,0.275,13.499
2020-12-31 12:00:00-03:00,0.32,0.046,0.322,14.471
2020-12-31 13:00:00-03:00,0.458,0.092,0.443,15.755
2020-12-31 14:00:00-03:00,0.448,0.114,0.41100000000000003,16.585
2020-12-31 15:00:00-03:00,0.358,0.081,0.336,16.719
2020-12-31 16:00:00-03:00,0.316,0.077,0.291,16.899
2020-12-31 17:00:00-03:00,0.231,0.048,0.223,16.731
2020-12-31 18:00:00-03:00,0.106,0.013000000000000001,0.12,15.728
2020-12-31 19:00:00-03:00,0.055,0.007,0.069,14.598
2020-12-31 20:00:00-03:00,0.015,0.003,0.026000000000000002,13.31
