local_time,electricity,irradiance_direct,irradiance_diffuse,temperature
2020-12-31 21:00:00-03:00,0.0,0.001,0.005,12.661
2020-12-31 22:00:00-03:00,0.0,0.0,0.0,12.019
2020-12-31 23:00:00-03:00,0.0,0.0,0.0,11.519
2021-01-01 00:00:00-03:00,0.0,0.0,0.0,11.224
2021-01-01 01:00:00-03:00,0.0,0.0,0.0,11.027
2021-01-01 02:00:00-03:00,0.0,0.0,0.0,10.715
2021-01-01 03:00:00-03:00,0.0,0.0,0.0,10.425
2021-01-01 04:00:00-03:00,0.0,0.0,0.0,10.199
2021-01-01 05:00:00-03:00,0.012,0.018000000000000002,0.007,10.101
2021-01-01 06:00:00-03:00,0.091,0.059000000000000004,0.055,10.946
2021-01-01 07:00:00-03:00,0.066,0.014,0.073,11.756
2021-01-01 08:00:00-03:00,0.084,0.01,0.097,12.345
2021-01-01 09:00:00-03:00,0.09,0.007,0.107,12.669
2021-01-01 10:00:00-03:00,0.153,0.013000000000000001,0.169,13.381
2021-01-01 11:00:00-03:00,0.164,0.011,0.183,14.016
2021-01-01 12:00:00-03:00,0.181,0.01,0.203,14.771
2021-01-01 13:00:00-03:00,0.215,0.009000000000000001,0.243,15.712
2021-01-01 14:00:00-03:00,0.252,0.019,0.275,16.951
2021-01-01 15:00:00-03:00,0.251,0.029,0.265,17.969
2021-01-01 16:00:00-03:00,0.242,0.038,0.248,18.38
2021-01-01 17:00:00-03:00,0.30000000000000004,0.098,0.253,18.489
2021-01-01 18:00:00-03:00,0.333,0.178,0.212,18.304
2021-01-01 19:00:00-03:00,0.269,0.164,0.15,17.467
2021-01-01 20:00:00-03:00,0.13,0.078,0.08,16.101
2021-01-01 21:00:00-03:00,0.029,0.03,0.016,14.725999999999999
2021-01-01 22:00:00-03:00,0.0,0.0,0.0,13.52
2021-01-01 23:00:00-03:00,0.0,0.0,0.0,12.556000000000001
2021-01-02 00:00:00-03:00,0.0,0.0,0.0,11.706
2021-01-02 01:00:00-03:00,0.0,0.0,0.0,10.903
2021-01-02 02:00:00-03:00,0.0,0.0,0.0,10.152
2021-01-02 03:00:00-03:00,0.0,0.0,0.0,9.533
2021-01-02 04:00:00-03:00,0.0,0.0,0.0,9.096
2021-01-02 05:00:00-03:00,0.039,0.05,0.007,8.787
2021-01-02 06:00:00-03:00,0.303,0.28500000000000003,0.055,9.005
2021-01-02 07:00:00-03:00,0.541,0.526,0.094,9.832
2021-01-02 08:00:00-03:00,0.6930000000000001,0.7030000000000001,0.122,10.93
2021-01-02 09:00:00-03:00,0.763,0.781,0.151,12.12
2021-01-02 10:00:00-03:00,0.8,0.8170000000000001,0.177,13.241
2021-01-02 11:00:00-03:00,0.8260000000000001,0.846,0.195,14.311
2021-01-02 12:00:00-03:00,0.8290000000000001,0.849,0.202,15.193
2021-01-02 13:00:00-03:00,0.803,0.8220000000000001,0.191,15.803
2021-01-02 14:00:00-03:00,0.786,0.771,0.218,16.009
2021-01-02 15:00:00-03:00,0.745,0.6970000000000001,0.229,16.016
2021-01-02 16:00:00-03:00,0.704,0.649,0.215,15.782
2021-01-02 17:00:00-03:00,0.622,0.55,0.197,15.258
2021-01-02 18:00:00-03:00,0.482,0.39,0.17200000000000001,14.578
2021-01-02 19:00:00-03:00,0.275,0.186,0.13,13.741
2021-01-02 20:00:00-03:00,0.16,0.117,0.07200000000000001,12.671
2021-01-02 21:00:00-03:00,0.037,0.036000000000000004,0.018000000000000002,11.19
2021-01-02 22:00:00-03:00,0.0,0.0,0.0,9.928
2021-01-02 23:00:00-03:00,0.0,0.0,0.0,8.994
2021-01-03 00:00:00-03:00,0.0,0.0,0.0,8.347
2021-01-03 01:00:00-03:00,0.0,0.0,0.0,8.001
2021-01-03 02:00:00-03:00,0.0,0.0,0.0,7.83
2021-01-03 03:00:00-03:00,0.0,0.0,0.0,7.715
2021-01-03 04:00:00-03:00,0.0,0.0,0.0,7.517
2021-01-03 05:00:00-03:00,0.017,0.025,0.006,7.153
2021-01-03 06:00:00-03:00,0.245,0.215,0.06,7.312
2021-01-03 07:00:00-03:00,0.465,0.41300000000000003,0.111,8.085
2021-01-03 08:00:00-03:00,0.559,0.481,0.159,9.033
2021-01-03 09:00:00-03:00,0.609,0.503,0.20600000000000002,9.979
2021-01-03 10:00:00-03:00,0.651,0.521,0.246,10.798
2021-01-03 11:00:00-03:00,0.41600000000000004,0.156,0.316,10.91
2021-01-03 12:00:00-03:00,0.36,0.079,0.328,11.11
2021-01-03 13:00:00-03:00,0.34,0.039,0.34600000000000003,11.137
2021-01-03 14:00:00-03:00,0.311,0.041,0.311,11.299
2021-01-03 15:00:00-03:00,0.265,0.039,0.262,11.221
2021-01-03 16:00:00-03:00,0.263,0.052000000000000005,0.247,11.024
2021-01-03 17:00:00-03:00,0.292,0.097,0.23500000000000001,11.042
2021-01-03 18:00:00-03:00,0.327,0.17300000000000001,0.197,10.951
2021-01-03 19:00:00-03:00,0.21,0.106,0.134,10.284
2021-01-03 20:00:00-03:00,0.11,0.062,0.07100000000000001,9.318
2021-01-03 21:00:00-03:00,0.013000000000000001,0.013000000000000001,0.013000000000000001,8.084
2021-01-03 22:00:00-03:00,0.0,0.0,0.0,7.244
2021-01-03 23:00:00-03:00,0.0,0.0,0.0,6.559
2021-01-04 00:00:00-03:00,0.0,0.0,0.0,5.881
2021-01-04 01:00:00-03:00,0.0,0.0,0.0,5.723
2021-01-04 02:00:00-03:00,0.0,0.0,0.0,5.744
2021-01-04 03:00:00-03:00,0.0,0.0,0.0,5.711
2021-01-04 04:00:00-03:00,0.0,0.0,0.0,5.571
2021-01-04 05:00:00-03:00,0.018000000000000002,0.026000000000000002,0.006,5.28
2021-01-04 06:00:00-03:00,0.189,0.157,0.056,5.721
2021-01-04 07:00:00-03:00,0.383,0.314,0.111,6.917
2021-01-04 08:00:00-03:00,0.553,0.47800000000000004,0.153,8.264
2021-01-04 09:00:00-03:00,0.54,0.41000000000000003,0.209,9.525
2021-01-04 10:00:00-03:00,0.534,0.356,0.26,10.692
2021-01-04 11:00:00-03:00,0.666,0.523,0.269,12.019
2021-01-04 12:00:00-03:00,0.686,0.532,0.294,13.066
2021-01-04 13:00:00-03:00,0.634,0.382,0.374,13.707
2021-01-04 14:00:00-03:00,0.524,0.242,0.371,14.139
2021-01-04 15:00:00-03:00,0.562,0.352,0.312,14.937
2021-01-04 16:00:00-03:00,0.535,0.355,0.275,15.292
2021-01-04 17:00:00-03:00,0.502,0.356,0.233,15.175
2021-01-04 18:00:00-03:00,0.47500000000000003,0.371,0.181,14.539
2021-01-04 19:00:00-03:00,0.30000000000000004,0.209,0.135,13.276
2021-01-04 20:00:00-03:00,0.079,0.04,0.061,11.761
2021-01-04 21:00:00-03:00,0.005,0.006,0.009000000000000001,10.399000000000001
2021-01-04 22:00:00-03:00,0.0,0.0,0.0,9.241
2021-01-04 23:00:00-03:00,0.0,0.0,0.0,8.161
2021-01-05 00:00:00-03:00,0.0,0.0,0.0,7.343
2021-01-05 01:00:00-03:00,0.0,0.0,0.0,6.779
2021-01-05 02:00:00-03:00,0.0,0.0,0.0,6.201
2021-01-05 03:00:00-03:00,0.0,0.0,0.0,5.591
2021-01-05 04:00:00-03:00,0.0,0.0,0.0,5.156
2021-01-05 05:00:00-03:00,0.03,0.04,0.006,4.958
2021-01-05 06:00:00-03:00,0.309,0.28500000000000003,0.057,6.178
2021-01-05 07:00:00-03:00,0.516,0.481,0.10300000000000001,8.015
2021-01-05 08:00:00-03:00,0.631,0.594,0.14300000000000002,9.953
2021-01-05 09:00:00-03:00,0.654,0.585,0.189,11.442
2021-01-05 10:00:00-03:00,0.668,0.5660000000000001,0.232,12.67
2021-01-05 11:00:00-03:00,0.623,0.456,0.28600000000000003,13.523
2021-01-05 12:00:00-03:00,0.5750000000000001,0.341,0.339,14.186
2021-01-05 13:00:00-03:00,0.542,0.219,0.419,14.52
2021-01-05 14:00:00-03:00,0.431,0.128,0.371,14.528
2021-01-05 15:00:00-03:00,0.279,0.05,0.271,14.164
2021-01-05 16:00:00-03:00,0.186,0.024,0.194,13.749
2021-01-05 17:00:00-03:00,0.23800000000000002,0.064,0.211,13.884
2021-01-05 18:00:00-03:00,0.382,0.248,0.192,14.195
2021-01-05 19:00:00-03:00,0.354,0.272,0.135,14.036
2021-01-05 20:00:00-03:00,0.189,0.14400000000000002,0.077,13.26
2021-01-05 21:00:00-03:00,0.024,0.022,0.017,11.285
2021-01-05 22:00:00-03:00,0.0,0.0,0.0,10.086
2021-01-05 23:00:00-03:00,0.0,0.0,0.0,9.565
2021-01-06 00:00:00-03:00,0.0,0.0,0.0,9.057
2021-01-06 01:00:00-03:00,0.0,0.0,0.0,8.578
2021-01-06 02:00:00-03:00,0.0,0.0,0.0,8.327
2021-01-06 03:00:00-03:00,0.0,0.0,0.0,8.437
2021-01-06 04:00:00-03:00,0.0,0.0,0.0,8.308
2021-01-06 05:00:00-03:00,0.0,0.002,0.003,8.164
2021-01-06 06:00:00-03:00,0.024,0.009000000000000001,0.03,8.555
2021-01-06 07:00:00-03:00,0.055,0.01,0.065,9.297
2021-01-06 08:00:00-03:00,0.073,0.007,0.08700000000000001,10.204
2021-01-06 09:00:00-03:00,0.123,0.011,0.137,11.662
2021-01-06 10:00:00-03:00,0.185,0.019,0.197,13.257
2021-01-06 11:00:00-03:00,0.229,0.024,0.242,14.696
2021-01-06 12:00:00-03:00,0.275,0.028,0.29,15.527
2021-01-06 13:00:00-03:00,0.331,0.027,0.356,15.674
2021-01-06 14:00:00-03:00,0.244,0.016,0.268,15.217
2021-01-06 15:00:00-03:00,0.14400000000000002,0.007,0.166,14.232
2021-01-06 16:00:00-03:00,0.107,0.005,0.127,13.245
2021-01-06 17:00:00-03:00,0.079,0.004,0.098,12.352
2021-01-06 18:00:00-03:00,0.052000000000000005,0.003,0.068,11.563
2021-01-06 19:00:00-03:00,0.029,0.002,0.043000000000000003,10.899000000000001
2021-01-06 20:00:00-03:00,0.014,0.002,0.024,10.271
2021-01-06 21:00:00-03:00,0.001,0.002,0.005,9.464
2021-01-06 22:00:00-03:00,0.0,0.0,0.0,8.993
2021-01-06 23:00:00-03:00,0.0,0.0,0.0,8.456
2021-01-07 00:00:00-03:00,0.0,0.0,0.0,7.989
2021-01-07 01:00:00-03:00,0.0,0.0,0.0,7.373
2021-01-07 02:00:00-03:00,0.0,0.0,0.0,6.801
2021-01-07 03:00:00-03:00,0.0,0.0,0.0,6.216
2021-01-07 04:00:00-03:00,0.0,0.0,0.0,5.899
2021-01-07 05:00:00-03:00,0.015,0.023,0.005,5.817
2021-01-07 06:00:00-03:00,0.146,0.117,0.052000000000000005,6.587
2021-01-07 07:00:00-03:00,0.20400000000000001,0.123,0.108,7.471
2021-01-07 08:00:00-03:00,0.62,0.5740000000000001,0.14400000000000002,8.719
2021-01-07 09:00:00-03:00,0.679,0.62,0.183,10.23
2021-01-07 10:00:00-03:00,0.683,0.588,0.227,11.622
2021-01-07 11:00:00-03:00,0.738,0.653,0.246,12.871
2021-01-07 12:00:00-03:00,0.763,0.682,0.259,13.83
2021-01-07 13:00:00-03:00,0.757,0.664,0.272,14.613
2021-01-07 14:00:00-03:00,0.484,0.188,0.375,14.418
2021-01-07 15:00:00-03:00,0.303,0.065,0.28300000000000003,13.982
2021-01-07 16:00:00-03:00,0.365,0.14,0.28,14.127
2021-01-07 17:00:00-03:00,0.521,0.379,0.23,14.234
2021-01-07 18:00:00-03:00,0.47000000000000003,0.362,0.182,13.643
2021-01-07 19:00:00-03:00,0.151,0.062,0.117,12.476
2021-01-07 20:00:00-03:00,0.048,0.019,0.048,11.242
2021-01-07 21:00:00-03:00,0.011,0.011,0.011,10.03
2021-01-07 22:00:00-03:00,0.0,0.0,0.0,8.974
2021-01-07 23:00:00-03:00,0.0,0.0,0.0,8.28
2021-01-08 00:00:00-03:00,0.0,0.0,0.0,7.996
2021-01-08 01:00:00-03:00,0.0,0.0,0.0,7.946
2021-01-08 02:00:00-03:00,0.0,0.0,0.0,7.924
2021-01-08 03:00:00-03:00,0.0,0.0,0.0,7.902
2021-01-08 04:00:00-03:00,0.0,0.0,0.0,7.851
2021-01-08 05:00:00-03:00,0.007,0.013000000000000001,0.004,7.699
2021-01-08 06:00:00-03:00,0.217,0.192,0.054,8.035
2021-01-08 07:00:00-03:00,0.449,0.401,0.106,9.157
2021-01-08 08:00:00-03:00,0.545,0.47500000000000003,0.153,10.289
2021-01-08 09:00:00-03:00,0.6000000000000001,0.504,0.198,11.215
2021-01-08 10:00:00-03:00,0.662,0.557,0.231,12.167
2021-01-08 11:00:00-03:00,0.721,0.625,0.25,13.139
2021-01-08 12:00:00-03:00,0.717,0.597,0.278,14.125
2021-01-08 13:00:00-03:00,0.5670000000000001,0.266,0.404,14.567
2021-01-08 14:00:00-03:00,0.547,0.279,0.367,15.198
2021-01-08 15:00:00-03:00,0.523,0.30000000000000004,0.319,15.892
2021-01-08 16:00:00-03:00,0.523,0.343,0.276,16.366
2021-01-08 17:00:00-03:00,0.421,0.252,0.24,16.305
2021-01-08 18:00:00-03:00,0.33,0.193,0.189,15.817
2021-01-08 19:00:00-03:00,0.149,0.063,0.116,14.818
2021-01-08 20:00:00-03:00,0.029,0.009000000000000001,0.036000000000000004,13.383
2021-01-08 21:00:00-03:00,0.001,0.002,0.005,12.074
2021-01-08 22:00:00-03:00,0.0,0.0,0.0,11.248
2021-01-08 23:00:00-03:00,0.0,0.0,0.0,10.616
2021-01-09 00:00:00-03:00,0.0,0.0,0.0,9.975999999999999
2021-01-09 01:00:00-03:00,0.0,0.0,0.0,9.218
2021-01-09 02:00:00-03:00,0.0,0.0,0.0,8.359
2021-01-09 03:00:00-03:00,0.0,0.0,0.0,7.642
2021-01-09 04:00:00-03:00,0.0,0.0,0.0,7.235
2021-01-09 05:00:00-03:00,0.0,0.003,0.003,7.035
2021-01-09 06:00:00-03:00,0.03,0.014,0.032,7.287
2021-01-09 07:00:00-03:00,0.076,0.02,0.076,7.9030000000000005
2021-01-09 08:00:00-03:00,0.147,0.035,0.136,8.836
2021-01-09 09:00:00-03:00,0.259,0.079,0.214,9.872
2021-01-09 10:00:00-03:00,0.404,0.171,0.28600000000000003,10.936
2021-01-09 11:00:00-03:00,0.453,0.187,0.331,11.777
2021-01-09 12:00:00-03:00,0.378,0.08600000000000001,0.34400000000000003,11.973
2021-01-09 13:00:00-03:00,0.309,0.026000000000000002,0.325,11.846
2021-01-09 14:00:00-03:00,0.243,0.018000000000000002,0.26,11.898
2021-01-09 15:00:00-03:00,0.203,0.017,0.217,12.026
2021-01-09 16:00:00-03:00,0.218,0.029,0.222,12.348
2021-01-09 17:00:00-03:00,0.313,0.11,0.248,12.886
2021-01-09 18:00:00-03:00,0.28400000000000003,0.127,0.198,12.953
2021-01-09 19:00:00-03:00,0.116,0.033,0.109,12.415
2021-01-09 20:00:00-03:00,0.049,0.017,0.051000000000000004,11.28
2021-01-09 21:00:00-03:00,0.006,0.007,0.009000000000000001,9.803
2021-01-09 22:00:00-03:00,0.0,0.0,0.0,8.988
2021-01-09 23:00:00-03:00,0.0,0.0,0.0,8.442
2021-01-10 00:00:00-03:00,0.0,0.0,0.0,8.013
2021-01-10 01:00:00-03:00,0.0,0.0,0.0,7.359
2021-01-10 02:00:00-03:00,0.0,0.0,0.0,6.817
2021-01-10 03:00:00-03:00,0.0,0.0,0.0,6.283
2021-01-10 04:00:00-03:00,0.0,0.0,0.0,5.78
2021-01-10 05:00:00-03:00,0.003,0.007,0.003,5.313
2021-01-10 06:00:00-03:00,0.117,0.08700000000000001,0.051000000000000004,5.556
2021-01-10 07:00:00-03:00,0.28700000000000003,0.201,0.11800000000000001,6.552
2021-01-10 08:00:00-03:00,0.42,0.293,0.177,7.938
2021-01-10 09:00:00-03:00,0.47700000000000004,0.308,0.232,9.146
2021-01-10 10:00:00-03:00,0.465,0.244,0.28400000000000003,10.041
2021-01-10 11:00:00-03:00,0.406,0.14100000000000001,0.319,10.525
2021-01-10 12:00:00-03:00,0.41000000000000003,0.114,0.35100000000000003,10.962
2021-01-10 13:00:00-03:00,0.39,0.057,0.385,10.953
2021-01-10 14:00:00-03:00,0.335,0.047,0.331,10.836
2021-01-10 15:00:00-03:00,0.263,0.035,0.262,10.517
2021-01-10 16:00:00-03:00,0.191,0.021,0.198,9.978
2021-01-10 17:00:00-03:00,0.138,0.014,0.148,9.338
2021-01-10 18:00:00-03:00,0.092,0.01,0.10300000000000001,8.706
2021-01-10 19:00:00-03:00,0.048,0.006,0.06,8.005
2021-01-10 20:00:00-03:00,0.02,0.004,0.029,7.38
2021-01-10 21:00:00-03:00,0.0,0.001,0.004,6.859
2021-01-10 22:00:00-03:00,0.0,0.0,0.0,6.591
2021-01-10 23:00:00-03:00,0.0,0.0,0.0,6.246
2021-01-11 00:00:00-03:00,0.0,0.0,0.0,5.713
2021-01-11 01:00:00-03:00,0.0,0.0,0.0,5.251
2021-01-11 02:00:00-03:00,0.0,0.0,0.0,4.898
2021-01-11 03:00:00-03:00,0.0,0.0,0.0,4.535
2021-01-11 04:00:00-03:00,0.0,0.0,0.0,4.128
2021-01-11 05:00:00-03:00,0.007,0.014,0.004,3.8200000000000003
2021-01-11 06:00:00-03:00,0.23900000000000002,0.209,0.056,4.282
2021-01-11 07:00:00-03:00,0.404,0.331,0.115,5.281
2021-01-11 08:00:00-03:00,0.494,0.381,0.17200000000000001,6.308
2021-01-11 09:00:00-03:00,0.452,0.272,0.234,7.341
2021-01-11 10:00:00-03:00,0.417,0.184,0.28300000000000003,8.202
2021-01-11 11:00:00-03:00,0.363,0.1,0.306,8.747
2021-01-11 12:00:00-03:00,0.307,0.046,0.298,8.886
2021-01-11 13:00:00-03:00,0.316,0.028,0.326,8.735
2021-01-11 14:00:00-03:00,0.322,0.041,0.32,9.057
2021-01-11 15:00:00-03:00,0.314,0.058,0.295,9.551
2021-01-11 16:00:00-03:00,0.217,0.029,0.218,9.595
2021-01-11 17:00:00-03:00,0.092,0.006,0.107,8.741
2021-01-11 18:00:00-03:00,0.052000000000000005,0.004,0.067,7.692
2021-01-11 19:00:00-03:00,0.033,0.003,0.046,7.159
2021-01-11 20:00:00-03:00,0.019,0.004,0.029,7.036
2021-01-11 21:00:00-03:00,0.003,0.004,0.006,6.827
2021-01-11 22:00:00-03:00,0.0,0.0,0.0,6.467
2021-01-11 23:00:00-03:00,0.0,0.0,0.0,5.639
2021-01-12 00:00:00-03:00,0.0,0.0,0.0,4.591
2021-01-12 01:00:00-03:00,0.0,0.0,0.0,4.065
2021-01-12 02:00:00-03:00,0.0,0.0,0.0,3.868
2021-01-12 03:00:00-03:00,0.0,0.0,0.0,3.778
2021-01-12 04:00:00-03:00,0.0,0.0,0.0,3.819
2021-01-12 05:00:00-03:00,0.004,0.01,0.003,3.878
2021-01-12 06:00:00-03:00,0.17500000000000002,0.149,0.049,4.368
2021-01-12 07:00:00-03:00,0.402,0.338,0.106,5.535
2021-01-12 08:00:00-03:00,0.511,0.42,0.155,6.989
2021-01-12 09:00:00-03:00,0.577,0.46,0.2,8.404
2021-01-12 10:00:00-03:00,0.653,0.532,0.233,9.624
2021-01-12 11:00:00-03:00,0.71,0.593,0.254,10.715
2021-01-12 12:00:00-03:00,0.722,0.592,0.277,11.671
2021-01-12 13:00:00-03:00,0.716,0.553,0.31,12.312
2021-01-12 14:00:00-03:00,0.675,0.496,0.313,12.655
2021-01-12 15:00:00-03:00,0.617,0.435,0.294,12.636
2021-01-12 16:00:00-03:00,0.485,0.281,0.278,12.177
2021-01-12 17:00:00-03:00,0.327,0.14,0.231,11.493
2021-01-12 18:00:00-03:00,0.214,0.078,0.167,10.782
2021-01-12 19:00:00-03:00,0.17400000000000002,0.083,0.11800000000000001,10.169
2021-01-12 20:00:00-03:00,0.10200000000000001,0.062,0.062,9.387
2021-01-12 21:00:00-03:00,0.024,0.028,0.011,8.117
2021-01-12 22:00:00-03:00,0.0,0.0,0.0,6.937
2021-01-12 23:00:00-03:00,0.0,0.0,0.0,5.779
2021-01-13 00:00:00-03:00,0.0,0.0,0.0,4.906
2021-01-13 01:00:00-03:00,0.0,0.0,0.0,3.933
2021-01-13 02:00:00-03:00,0.0,0.0,0.0,3.49
2021-01-13 03:00:00-03:00,0.0,0.0,0.0,3.318
2021-01-13 04:00:00-03:00,0.0,0.0,0.0,3.784
2021-01-13 05:00:00-03:00,0.003,0.009000000000000001,0.003,4.196
2021-01-13 06:00:00-03:00,0.198,0.17300000000000001,0.05,5.465
2021-01-13 07:00:00-03:00,0.431,0.377,0.105,7.339
2021-01-13 08:00:00-03:00,0.319,0.193,0.165,9.1
2021-01-13 09:00:00-03:00,0.243,0.081,0.196,10.13
2021-01-13 10:00:00-03:00,0.263,0.069,0.23,11.107
2021-01-13 11:00:00-03:00,0.506,0.28400000000000003,0.303,12.844
2021-01-13 12:00:00-03:00,0.727,0.616,0.275,14.667
2021-01-13 13:00:00-03:00,0.732,0.614,0.292,15.951
2021-01-13 14:00:00-03:00,0.716,0.601,0.28600000000000003,16.906
2021-01-13 15:00:00-03:00,0.54,0.33,0.313,17.129
2021-01-13 16:00:00-03:00,0.363,0.145,0.277,16.778
2021-01-13 17:00:00-03:00,0.314,0.133,0.231,16.333
2021-01-13 18:00:00-03:00,0.28600000000000003,0.147,0.183,15.697
2021-01-13 19:00:00-03:00,0.226,0.135,0.127,14.826
2021-01-13 20:00:00-03:00,0.111,0.07200000000000001,0.064,13.609
2021-01-13 21:00:00-03:00,0.013000000000000001,0.016,0.01,11.92
2021-01-13 22:00:00-03:00,0.0,0.0,0.0,10.946
2021-01-13 23:00:00-03:00,0.0,0.0,0.0,10.627
2021-01-14 00:00:00-03:00,0.0,0.0,0.0,10.312
2021-01-14 01:00:00-03:00,0.0,0.0,0.0,9.868
2021-01-14 02:00:00-03:00,0.0,0.0,0.0,9.447
2021-01-14 03:00:00-03:00,0.0,0.0,0.0,9.089
2021-01-14 04:00:00-03:00,0.0,0.0,0.0,8.803
2021-01-14 05:00:00-03:00,0.0,0.0,0.001,8.617
2021-01-14 06:00:00-03:00,0.007,0.003,0.014,8.688
2021-01-14 07:00:00-03:00,0.035,0.006,0.046,9.11
2021-01-14 08:00:00-03:00,0.099,0.016,0.105,9.934
2021-01-14 09:00:00-03:00,0.198,0.043000000000000003,0.185,11.202
2021-01-14 10:00:00-03:00,0.328,0.106,0.269,12.821
2021-01-14 11:00:00-03:00,0.322,0.076,0.293,13.963
2021-01-14 12:00:00-03:00,0.32,0.057,0.312,14.669
2021-01-14 13:00:00-03:00,0.449,0.101,0.422,15.468
2021-01-14 14:00:00-03:00,0.338,0.052000000000000005,0.339,15.744
2021-01-14 15:00:00-03:00,0.264,0.038,0.268,15.77
2021-01-14 16:00:00-03:00,0.243,0.042,0.241,15.742
2021-01-14 17:00:00-03:00,0.187,0.031,0.189,15.475
2021-01-14 18:00:00-03:00,0.202,0.062,0.17500000000000002,15.268
2021-01-14 19:00:00-03:00,0.12,0.038,0.11,14.648
2021-01-14 20:00:00-03:00,0.055,0.023,0.053,13.658
2021-01-14 21:00:00-03:00,0.006,0.009000000000000001,0.007,11.98
2021-01-14 22:00:00-03:00,0.0,0.0,0.0,11.043
2021-01-14 23:00:00-03:00,0.0,0.0,0.0,10.593
2021-01-15 00:00:00-03:00,0.0,0.0,0.0,10.447
2021-01-15 01:00:00-03:00,0.0,0.0,0.0,10.295
2021-01-15 02:00:00-03:00,0.0,0.0,0.0,10.086
2021-01-15 03:00:00-03:00,0.0,0.0,0.0,9.893
2021-01-15 04:00:00-03:00,0.0,0.0,0.0,9.711
2021-01-15 05:00:00-03:00,0.0,0.002,0.002,9.361
2021-01-15 06:00:00-03:00,0.051000000000000004,0.034,0.036000000000000004,9.843
2021-01-15 07:00:00-03:00,0.128,0.059000000000000004,0.094,10.787
2021-01-15 08:00:00-03:00,0.195,0.074,0.151,11.965
2021-01-15 09:00:00-03:00,0.323,0.147,0.222,13.288
2021-01-15 10:00:00-03:00,0.277,0.074,0.244,14.2
2021-01-15 11:00:00-03:00,0.406,0.159,0.312,15.36
2021-01-15 12:00:00-03:00,0.487,0.219,0.354,16.362
2021-01-15 13:00:00-03:00,0.523,0.197,0.424,16.982
2021-01-15 14:00:00-03:00,0.47400000000000003,0.17400000000000002,0.385,17.392
2021-01-15 15:00:00-03:00,0.377,0.11900000000000001,0.322,17.566
2021-01-15 16:00:00-03:00,0.307,0.088,0.271,17.53
2021-01-15 17:00:00-03:00,0.177,0.031,0.181,17.064
2021-01-15 18:00:00-03:00,0.14300000000000002,0.031,0.14300000000000002,16.671
2021-01-15 19:00:00-03:00,0.094,0.025,0.094,16.132
2021-01-15 20:00:00-03:00,0.065,0.032,0.055,15.312
2021-01-15 21:00:00-03:00,0.009000000000000001,0.012,0.008,13.59
2021-01-15 22:00:00-03:00,0.0,0.0,0.0,12.462
2021-01-15 23:00:00-03:00,0.0,0.0,0.0,11.432
2021-01-16 00:00:00-03:00,0.0,0.0,0.0,10.329
2021-01-16 01:00:00-03:00,0.0,0.0,0.0,9.728
2021-01-16 02:00:00-03:00,0.0,0.0,0.0,9.631
2021-01-16 03:00:00-03:00,0.0,0.0,0.0,9.408
2021-01-16 04:00:00-03:00,0.0,0.0,0.0,9.148
2021-01-16 05:00:00-03:00,0.001,0.005,0.002,8.998
2021-01-16 06:00:00-03:00,0.067,0.049,0.039,10.042
2021-01-16 07:00:00-03:00,0.155,0.082,0.101,11.532
2021-01-16 08:00:00-03:00,0.248,0.12,0.166,13.282
2021-01-16 09:00:00-03:00,0.272,0.1,0.214,14.632
2021-01-16 10:00:00-03:00,0.363,0.146,0.273,15.376
2021-01-16 11:00:00-03:00,0.506,0.276,0.32,16.049
2021-01-16 12:00:00-03:00,0.311,0.056,0.303,15.813
2021-01-16 13:00:00-03:00,0.261,0.02,0.28300000000000003,15.419
2021-01-16 14:00:00-03:00,0.342,0.058,0.338,15.761
2021-01-16 15:00:00-03:00,0.224,0.026000000000000002,0.23600000000000002,15.514
2021-01-16 16:00:00-03:00,0.12,0.008,0.139,14.781
2021-01-16 17:00:00-03:00,0.128,0.013000000000000001,0.14200000000000002,14.439
2021-01-16 18:00:00-03:00,0.116,0.018000000000000002,0.124,14.022
2021-01-16 19:00:00-03:00,0.094,0.024,0.094,13.402
2021-01-16 20:00:00-03:00,0.052000000000000005,0.022,0.05,12.453
2021-01-16 21:00:00-03:00,0.01,0.013000000000000001,0.008,10.987
2021-01-16 22:00:00-03:00,0.0,0.0,0.0,10.095
2021-01-16 23:00:00-03:00,0.0,0.0,0.0,9.502
2021-01-17 00:00:00-03:00,0.0,0.0,0.0,8.898
2021-01-17 01:00:00-03:00,0.0,0.0,0.0,8.441
2021-01-17 02:00:00-03:00,0.0,0.0,0.0,8.403
2021-01-17 03:00:00-03:00,0.0,0.0,0.0,8.274000000000001
2021-01-17 04:00:00-03:00,0.0,0.0,0.0,8.149
2021-01-17 05:00:00-03:00,0.0,0.001,0.001,7.983
2021-01-17 06:00:00-03:00,0.019,0.01,0.024,8.326
2021-01-17 07:00:00-03:00,0.033,0.005,0.043000000000000003,8.645
2021-01-17 08:00:00-03:00,0.155,0.042,0.138,9.535
2021-01-17 09:00:00-03:00,0.329,0.14300000000000002,0.229,11.054
2021-01-17 10:00:00-03:00,0.272,0.064,0.246,12.097
2021-01-17 11:00:00-03:00,0.34700000000000003,0.093,0.303,12.732
2021-01-17 12:00:00-03:00,0.161,0.009000000000000001,0.18,11.928
2021-01-17 13:00:00-03:00,0.137,0.004,0.159,11.405
2021-01-17 14:00:00-03:00,0.189,0.01,0.209,12.125
2021-01-17 15:00:00-03:00,0.164,0.011,0.183,13.235
2021-01-17 16:00:00-03:00,0.081,0.004,0.1,13.723
2021-01-17 17:00:00-03:00,0.134,0.014,0.148,14.043
2021-01-17 18:00:00-03:00,0.149,0.03,0.148,14.033
2021-01-17 19:00:00-03:00,0.12,0.038,0.109,13.509
2021-01-17 20:00:00-03:00,0.093,0.054,0.063,12.048
2021-01-17 21:00:00-03:00,0.007,0.01,0.006,10.655
2021-01-17 22:00:00-03:00,0.0,0.0,0.0,9.927
2021-01-17 23:00:00-03:00,0.0,0.0,0.0,9.366
2021-01-18 00:00:00-03:00,0.0,0.0,0.0,9.097
2021-01-18 01:00:00-03:00,0.0,0.0,0.0,8.812
2021-01-18 02:00:00-03:00,0.0,0.0,0.0,8.301
2021-01-18 03:00:00-03:00,0.0,0.0,0.0,7.675
2021-01-18 04:00:00-03:00,0.0,0.0,0.0,7.404
2021-01-18 05:00:00-03:00,0.0,0.002,0.001,7.165
2021-01-18 06:00:00-03:00,0.031,0.02,0.027,7.444
2021-01-18 07:00:00-03:00,0.063,0.02,0.063,8.048
2021-01-18 08:00:00-03:00,0.127,0.034,0.11800000000000001,8.909
2021-01-18 09:00:00-03:00,0.257,0.092,0.198,10.065
2021-01-18 10:00:00-03:00,0.505,0.321,0.261,11.602
2021-01-18 11:00:00-03:00,0.644,0.489,0.277,12.948
2021-01-18 12:00:00-03:00,0.705,0.5690000000000001,0.28800000000000003,13.998
2021-01-18 13:00:00-03:00,0.684,0.493,0.336,14.698
2021-01-18 14:00:00-03:00,0.603,0.373,0.34700000000000003,15.062
2021-01-18 15:00:00-03:00,0.489,0.253,0.319,15.126
2021-01-18 16:00:00-03:00,0.525,0.34400000000000003,0.274,15.281
2021-01-18 17:00:00-03:00,0.271,0.094,0.219,14.77
2021-01-18 18:00:00-03:00,0.25,0.112,0.176,14.19
2021-01-18 19:00:00-03:00,0.199,0.111,0.121,13.298
2021-01-18 20:00:00-03:00,0.117,0.081,0.061,12.227
2021-01-18 21:00:00-03:00,0.035,0.045,0.008,10.761
2021-01-18 22:00:00-03:00,0.0,0.0,0.0,9.547
2021-01-18 23:00:00-03:00,0.0,0.0,0.0,8.857
2021-01-19 00:00:00-03:00,0.0,0.0,0.0,8.338
2021-01-19 01:00:00-03:00,0.0,0.0,0.0,7.656
2021-01-19 02:00:00-03:00,0.0,0.0,0.0,7.002
2021-01-19 03:00:00-03:00,0.0,0.0,0.0,6.524
2021-01-19 04:00:00-03:00,0.0,0.0,0.0,6.145
2021-01-19 05:00:00-03:00,0.002,0.008,0.001,5.967
2021-01-19 06:00:00-03:00,0.194,0.181,0.039,7.141
2021-01-19 07:00:00-03:00,0.362,0.312,0.094,8.686
2021-01-19 08:00:00-03:00,0.586,0.55,0.13,10.38
2021-01-19 09:00:00-03:00,0.735,0.737,0.152,11.850999999999999
2021-01-19 10:00:00-03:00,0.8130000000000001,0.842,0.17200000000000001,13.288
2021-01-19 11:00:00-03:00,0.841,0.877,0.19,14.662
2021-01-19 12:00:00-03:00,0.845,0.881,0.201,15.936
2021-01-19 13:00:00-03:00,0.8250000000000001,0.876,0.182,17.124
2021-01-19 14:00:00-03:00,0.8200000000000001,0.863,0.194,18.232
2021-01-19 15:00:00-03:00,0.8,0.8320000000000001,0.199,19.192
2021-01-19 16:00:00-03:00,0.758,0.784,0.185,19.967
2021-01-19 17:00:00-03:00,0.71,0.738,0.159,20.462
2021-01-19 18:00:00-03:00,0.63,0.65,0.13,20.304
2021-01-19 19:00:00-03:00,0.458,0.443,0.10200000000000001,19.205
2021-01-19 20:00:00-03:00,0.256,0.241,0.058,17.07
2021-01-19 21:00:00-03:00,0.031,0.041,0.008,14.142
2021-01-19 22:00:00-03:00,0.0,0.0,0.0,12.848
2021-01-19 23:00:00-03:00,0.0,0.0,0.0,12.288
2021-01-20 00:00:00-03:00,0.0,0.0,0.0,11.795
2021-01-20 01:00:00-03:00,0.0,0.0,0.0,11.447
2021-01-20 02:00:00-03:00,0.0,0.0,0.0,11.269
2021-01-20 03:00:00-03:00,0.0,0.0,0.0,11.44
2021-01-20 04:00:00-03:00,0.0,0.0,0.0,11.576
2021-01-20 05:00:00-03:00,0.001,0.006,0.001,11.255
2021-01-20 06:00:00-03:00,0.122,0.109,0.038,11.565
2021-01-20 07:00:00-03:00,0.234,0.17200000000000001,0.097,12.479
2021-01-20 08:00:00-03:00,0.33,0.223,0.154,13.122
2021-01-20 09:00:00-03:00,0.521,0.41100000000000003,0.197,13.7
2021-01-20 10:00:00-03:00,0.66,0.5750000000000001,0.22,14.36
2021-01-20 11:00:00-03:00,0.636,0.501,0.263,14.802
2021-01-20 12:00:00-03:00,0.681,0.553,0.277,15.422
2021-01-20 13:00:00-03:00,0.729,0.627,0.276,16.206
2021-01-20 14:00:00-03:00,0.759,0.706,0.248,16.98
2021-01-20 15:00:00-03:00,0.724,0.66,0.242,17.453
2021-01-20 16:00:00-03:00,0.528,0.371,0.258,17.317
2021-01-20 17:00:00-03:00,0.314,0.145,0.22,16.66
2021-01-20 18:00:00-03:00,0.23700000000000002,0.11,0.166,15.975
2021-01-20 19:00:00-03:00,0.21,0.129,0.116,15.133
2021-01-20 20:00:00-03:00,0.128,0.097,0.058,13.943
2021-01-20 21:00:00-03:00,0.018000000000000002,0.026000000000000002,0.007,12.276
2021-01-20 22:00:00-03:00,0.0,0.0,0.0,11.021
2021-01-20 23:00:00-03:00,0.0,0.0,0.0,10.224
2021-01-21 00:00:00-03:00,0.0,0.0,0.0,9.519
2021-01-21 01:00:00-03:00,0.0,0.0,0.0,8.718
2021-01-21 02:00:00-03:00,0.0,0.0,0.0,8.023
2021-01-21 03:00:00-03:00,0.0,0.0,0.0,7.475
2021-01-21 04:00:00-03:00,0.0,0.0,0.0,6.968
2021-01-21 05:00:00-03:00,0.001,0.006,0.001,6.501
2021-01-21 06:00:00-03:00,0.136,0.121,0.038,7.154
2021-01-21 07:00:00-03:00,0.222,0.155,0.097,8.517
2021-01-21 08:00:00-03:00,0.40700000000000003,0.303,0.156,10.061
2021-01-21 09:00:00-03:00,0.5740000000000001,0.47400000000000003,0.195,11.564
2021-01-21 10:00:00-03:00,0.437,0.245,0.256,12.709
2021-01-21 11:00:00-03:00,0.40700000000000003,0.177,0.291,13.854
2021-01-21 12:00:00-03:00,0.437,0.183,0.324,15.041
2021-01-21 13:00:00-03:00,0.46900000000000003,0.165,0.384,15.901
2021-01-21 14:00:00-03:00,0.465,0.191,0.355,16.271
2021-01-21 15:00:00-03:00,0.487,0.265,0.308,16.227
2021-01-21 16:00:00-03:00,0.34600000000000003,0.136,0.265,15.621
2021-01-21 17:00:00-03:00,0.28600000000000003,0.112,0.218,15.017
2021-01-21 18:00:00-03:00,0.327,0.199,0.177,14.121
2021-01-21 19:00:00-03:00,0.399,0.341,0.116,12.929
2021-01-21 20:00:00-03:00,0.23600000000000002,0.209,0.061,11.51
2021-01-21 21:00:00-03:00,0.023,0.031,0.007,9.801
2021-01-21 22:00:00-03:00,0.0,0.0,0.0,8.59
2021-01-21 23:00:00-03:00,0.0,0.0,0.0,7.787
2021-01-22 00:00:00-03:00,0.0,0.0,0.0,7.157
2021-01-22 01:00:00-03:00,0.0,0.0,0.0,6.679
2021-01-22 02:00:00-03:00,0.0,0.0,0.0,6.209
2021-01-22 03:00:00-03:00,0.0,0.0,0.0,5.708
2021-01-22 04:00:00-03:00,0.0,0.0,0.0,5.854
2021-01-22 05:00:00-03:00,0.0,0.004,0.0,6.177
2021-01-22 06:00:00-03:00,0.027,0.02,0.022,6.767
2021-01-22 07:00:00-03:00,0.125,0.067,0.08,7.39
2021-01-22 08:00:00-03:00,0.609,0.5700000000000001,0.133,8.611
2021-01-22 09:00:00-03:00,0.707,0.673,0.167,9.955
2021-01-22 10:00:00-03:00,0.743,0.6980000000000001,0.2,11.186
2021-01-22 11:00:00-03:00,0.78,0.736,0.222,12.376
2021-01-22 12:00:00-03:00,0.8190000000000001,0.794,0.229,13.291
2021-01-22 13:00:00-03:00,0.793,0.751,0.23600000000000002,13.889
2021-01-22 14:00:00-03:00,0.751,0.67,0.255,14.184
2021-01-22 15:00:00-03:00,0.709,0.616,0.248,14.262
2021-01-22 16:00:00-03:00,0.647,0.545,0.231,14.122
2021-01-22 17:00:00-03:00,0.382,0.217,0.221,13.529
2021-01-22 18:00:00-03:00,0.272,0.14300000000000002,0.168,12.97
2021-01-22 19:00:00-03:00,0.16,0.083,0.106,12.298
2021-01-22 20:00:00-03:00,0.058,0.033,0.045,11.248
2021-01-22 21:00:00-03:00,0.001,0.005,0.003,9.734
2021-01-22 22:00:00-03:00,0.0,0.0,0.0,8.878
2021-01-22 23:00:00-03:00,0.0,0.0,0.0,8.145
2021-01-23 00:00:00-03:00,0.0,0.0,0.0,7.25
2021-01-23 01:00:00-03:00,0.0,0.0,0.0,6.546
2021-01-23 02:00:00-03:00,0.0,0.0,0.0,5.996
2021-01-23 03:00:00-03:00,0.0,0.0,0.0,5.588
2021-01-23 04:00:00-03:00,0.0,0.0,0.0,5.334
2021-01-23 05:00:00-03:00,0.0,0.0,0.0,5.1370000000000005
2021-01-23 06:00:00-03:00,0.273,0.266,0.037,5.486
2021-01-23 07:00:00-03:00,0.494,0.468,0.088,7.047
2021-01-23 08:00:00-03:00,0.62,0.591,0.129,9.258
2021-01-23 09:00:00-03:00,0.683,0.643,0.168,10.819
2021-01-23 10:00:00-03:00,0.682,0.605,0.21,11.964
2021-01-23 11:00:00-03:00,0.718,0.635,0.23600000000000002,13.114
2021-01-23 12:00:00-03:00,0.711,0.604,0.262,14.011
2021-01-23 13:00:00-03:00,0.71,0.586,0.28200000000000003,14.822
2021-01-23 14:00:00-03:00,0.669,0.526,0.28600000000000003,15.4
2021-01-23 15:00:00-03:00,0.556,0.376,0.28400000000000003,15.58
2021-01-23 16:00:00-03:00,0.492,0.321,0.256,15.647
2021-01-23 17:00:00-03:00,0.492,0.368,0.21,15.606
2021-01-23 18:00:00-03:00,0.395,0.29,0.166,14.99
2021-01-23 19:00:00-03:00,0.246,0.171,0.113,13.968
2021-01-23 20:00:00-03:00,0.179,0.154,0.056,12.731
2021-01-23 21:00:00-03:00,0.007,0.012,0.005,11.211
2021-01-23 22:00:00-03:00,0.0,0.0,0.0,10.116
2021-01-23 23:00:00-03:00,0.0,0.0,0.0,9.417
2021-01-24 00:00:00-03:00,0.0,0.0,0.0,8.951
2021-01-24 01:00:00-03:00,0.0,0.0,0.0,8.64
2021-01-24 02:00:00-03:00,0.0,0.0,0.0,8.222
2021-01-24 03:00:00-03:00,0.0,0.0,0.0,8.012
2021-01-24 04:00:00-03:00,0.0,0.0,0.0,7.8469999999999995
2021-01-24 05:00:00-03:00,0.0,0.0,0.0,7.6370000000000005
2021-01-24 06:00:00-03:00,0.022,0.016,0.021,7.927
2021-01-24 07:00:00-03:00,0.04,0.009000000000000001,0.048,8.7
2021-01-24 08:00:00-03:00,0.07,0.01,0.081,9.546
2021-01-24 09:00:00-03:00,0.107,0.012,0.11900000000000001,10.592
2021-01-24 10:00:00-03:00,0.146,0.015,0.157,11.838
2021-01-24 11:00:00-03:00,0.188,0.02,0.199,13.201
2021-01-24 12:00:00-03:00,0.227,0.025,0.23800000000000002,14.332
2021-01-24 13:00:00-03:00,0.301,0.034,0.313,15.107
2021-01-24 14:00:00-03:00,0.243,0.024,0.259,15.388
2021-01-24 15:00:00-03:00,0.244,0.035,0.249,15.881
2021-01-24 16:00:00-03:00,0.34600000000000003,0.122,0.279,16.345
2021-01-24 17:00:00-03:00,0.228,0.058,0.20700000000000002,15.246
2021-01-24 18:00:00-03:00,0.131,0.026000000000000002,0.133,13.153
2021-01-24 19:00:00-03:00,0.098,0.028,0.093,11.828
2021-01-24 20:00:00-03:00,0.074,0.044,0.052000000000000005,10.83
2021-01-24 21:00:00-03:00,0.006,0.011,0.004,9.289
2021-01-24 22:00:00-03:00,0.0,0.0,0.0,8.001
2021-01-24 23:00:00-03:00,0.0,0.0,0.0,7.031
2021-01-25 00:00:00-03:00,0.0,0.0,0.0,6.272
2021-01-25 01:00:00-03:00,0.0,0.0,0.0,5.7
2021-01-25 02:00:00-03:00,0.0,0.0,0.0,5.316
2021-01-25 03:00:00-03:00,0.0,0.0,0.0,5.075
2021-01-25 04:00:00-03:00,0.0,0.0,0.0,4.965
2021-01-25 05:00:00-03:00,0.0,0.0,0.0,4.952
2021-01-25 06:00:00-03:00,0.036000000000000004,0.029,0.023,5.146
2021-01-25 07:00:00-03:00,0.11800000000000001,0.06,0.079,5.664
2021-01-25 08:00:00-03:00,0.466,0.368,0.152,6.596
2021-01-25 09:00:00-03:00,0.602,0.497,0.193,7.73
2021-01-25 10:00:00-03:00,0.63,0.494,0.23700000000000002,8.767
2021-01-25 11:00:00-03:00,0.519,0.299,0.293,9.421
2021-01-25 12:00:00-03:00,0.396,0.133,0.314,9.636
2021-01-25 13:00:00-03:00,0.485,0.17500000000000002,0.377,10.089
2021-01-25 14:00:00-03:00,0.37,0.091,0.326,9.988
2021-01-25 15:00:00-03:00,0.331,0.089,0.28300000000000003,9.994
2021-01-25 16:00:00-03:00,0.297,0.08600000000000001,0.248,10.047
2021-01-25 17:00:00-03:00,0.209,0.051000000000000004,0.188,9.616
2021-01-25 18:00:00-03:00,0.156,0.042,0.139,9.135
2021-01-25 19:00:00-03:00,0.193,0.108,0.112,8.627
2021-01-25 20:00:00-03:00,0.091,0.062,0.051000000000000004,7.554
2021-01-25 21:00:00-03:00,0.003,0.007,0.003,6.289
2021-01-25 22:00:00-03:00,0.0,0.0,0.0,5.402
2021-01-25 23:00:00-03:00,0.0,0.0,0.0,4.924
2021-01-26 00:00:00-03:00,0.0,0.0,0.0,4.745
2021-01-26 01:00:00-03:00,0.0,0.0,0.0,4.468
2021-01-26 02:00:00-03:00,0.0,0.0,0.0,4.233
2021-01-26 03:00:00-03:00,0.0,0.0,0.0,4.215
2021-01-26 04:00:00-03:00,0.0,0.0,0.0,4.585
2021-01-26 05:00:00-03:00,0.0,0.0,0.0,4.719
2021-01-26 06:00:00-03:00,0.171,0.166,0.027,4.831
2021-01-26 07:00:00-03:00,0.31,0.25,0.092,5.57
2021-01-26 08:00:00-03:00,0.482,0.395,0.145,6.618
2021-01-26 09:00:00-03:00,0.559,0.444,0.192,7.634
2021-01-26 10:00:00-03:00,0.609,0.47000000000000003,0.232,8.434
2021-01-26 11:00:00-03:00,0.553,0.354,0.279,8.894
2021-01-26 12:00:00-03:00,0.5640000000000001,0.34,0.307,9.269
2021-01-26 13:00:00-03:00,0.555,0.28,0.358,9.722
2021-01-26 14:00:00-03:00,0.51,0.246,0.337,9.93
2021-01-26 15:00:00-03:00,0.46900000000000003,0.23500000000000001,0.298,9.866
2021-01-26 16:00:00-03:00,0.47600000000000003,0.279,0.262,9.796
2021-01-26 17:00:00-03:00,0.433,0.27,0.219,9.624
2021-01-26 18:00:00-03:00,0.379,0.257,0.169,9.21
2021-01-26 19:00:00-03:00,0.188,0.107,0.108,8.364
2021-01-26 20:00:00-03:00,0.059000000000000004,0.036000000000000004,0.042,7.383
2021-01-26 21:00:00-03:00,0.0,0.001,0.002,6.547
2021-01-26 22:00:00-03:00,0.0,0.0,0.0,5.694
2021-01-26 23:00:00-03:00,0.0,0.0,0.0,5.066
2021-01-27 00:00:00-03:00,0.0,0.0,0.0,4.5760000000000005
2021-01-27 01:00:00-03:00,0.0,0.0,0.0,4.16
2021-01-27 02:00:00-03:00,0.0,0.0,0.0,3.888
2021-01-27 03:00:00-03:00,0.0,0.0,0.0,3.707
2021-01-27 04:00:00-03:00,0.0,0.0,0.0,3.559
2021-01-27 05:00:00-03:00,0.0,0.0,0.0,3.454
2021-01-27 06:00:00-03:00,0.026000000000000002,0.023,0.018000000000000002,3.551
2021-01-27 07:00:00-03:00,0.106,0.05,0.076,4.127
2021-01-27 08:00:00-03:00,0.247,0.124,0.15,5.09
2021-01-27 09:00:00-03:00,0.385,0.213,0.213,6.261
2021-01-27 10:00:00-03:00,0.442,0.232,0.262,7.323
2021-01-27 11:00:00-03:00,0.47000000000000003,0.229,0.30000000000000004,8.251
2021-01-27 12:00:00-03:00,0.506,0.245,0.331,9.042
2021-01-27 13:00:00-03:00,0.557,0.262,0.378,9.78
2021-01-27 14:00:00-03:00,0.52,0.241,0.355,10.239
2021-01-27 15:00:00-03:00,0.381,0.126,0.303,9.936
2021-01-27 16:00:00-03:00,0.179,0.022,0.183,8.592
2021-01-27 17:00:00-03:00,0.091,0.007,0.10400000000000001,7.416
2021-01-27 18:00:00-03:00,0.058,0.005,0.07100000000000001,6.708
2021-01-27 19:00:00-03:00,0.029,0.004,0.041,6.171
2021-01-27 20:00:00-03:00,0.01,0.003,0.018000000000000002,5.888
2021-01-27 21:00:00-03:00,0.0,0.001,0.001,5.611
2021-01-27 22:00:00-03:00,0.0,0.0,0.0,5.501
2021-01-27 23:00:00-03:00,0.0,0.0,0.0,5.389
2021-01-28 00:00:00-03:00,0.0,0.0,0.0,5.192
2021-01-28 01:00:00-03:00,0.0,0.0,0.0,5.026
2021-01-28 02:00:00-03:00,0.0,0.0,0.0,4.998
2021-01-28 03:00:00-03:00,0.0,0.0,0.0,5.105
2021-01-28 04:00:00-03:00,0.0,0.0,0.0,5.202
2021-01-28 05:00:00-03:00,0.0,0.0,0.0,5.202
2021-01-28 06:00:00-03:00,0.029,0.026000000000000002,0.018000000000000002,5.324
2021-01-28 07:00:00-03:00,0.08600000000000001,0.037,0.069,5.74
2021-01-28 08:00:00-03:00,0.17,0.064,0.13,6.386
2021-01-28 09:00:00-03:00,0.279,0.114,0.197,7.342
2021-01-28 10:00:00-03:00,0.364,0.155,0.252,8.466
2021-01-28 11:00:00-03:00,0.44,0.203,0.294,9.547
2021-01-28 12:00:00-03:00,0.627,0.426,0.309,10.837
2021-01-28 13:00:00-03:00,0.594,0.333,0.36,11.347
2021-01-28 14:00:00-03:00,0.538,0.275,0.34600000000000003,11.276
2021-01-28 15:00:00-03:00,0.391,0.14200000000000002,0.301,10.722
2021-01-28 16:00:00-03:00,0.274,0.07,0.24,10.143
2021-01-28 17:00:00-03:00,0.147,0.022,0.151,9.385
2021-01-28 18:00:00-03:00,0.097,0.015,0.10300000000000001,8.527
2021-01-28 19:00:00-03:00,0.081,0.022,0.079,7.672
2021-01-28 20:00:00-03:00,0.041,0.021,0.037,6.798
2021-01-28 21:00:00-03:00,0.0,0.002,0.002,5.891
2021-01-28 22:00:00-03:00,0.0,0.0,0.0,5.093
2021-01-28 23:00:00-03:00,0.0,0.0,0.0,4.106
2021-01-29 00:00:00-03:00,0.0,0.0,0.0,3.412
2021-01-29 01:00:00-03:00,0.0,0.0,0.0,2.977
2021-01-29 02:00:00-03:00,0.0,0.0,0.0,2.653
2021-01-29 03:00:00-03:00,0.0,0.0,0.0,2.461
2021-01-29 04:00:00-03:00,0.0,0.0,0.0,2.374
2021-01-29 05:00:00-03:00,0.0,0.0,0.0,2.385
2021-01-29 06:00:00-03:00,0.135,0.131,0.024,2.642
2021-01-29 07:00:00-03:00,0.23800000000000002,0.17500000000000002,0.088,3.567
2021-01-29 08:00:00-03:00,0.368,0.255,0.149,4.484
2021-01-29 09:00:00-03:00,0.386,0.223,0.203,5.134
2021-01-29 10:00:00-03:00,0.453,0.255,0.249,6.101
2021-01-29 11:00:00-03:00,0.5640000000000001,0.361,0.281,7.27
2021-01-29 12:00:00-03:00,0.489,0.23800000000000002,0.314,8.089
2021-01-29 13:00:00-03:00,0.459,0.164,0.354,8.669
2021-01-29 14:00:00-03:00,0.406,0.132,0.325,9.147
2021-01-29 15:00:00-03:00,0.343,0.105,0.28,9.388
2021-01-29 16:00:00-03:00,0.307,0.099,0.246,9.458
2021-01-29 17:00:00-03:00,0.251,0.083,0.2,9.34
2021-01-29 18:00:00-03:00,0.222,0.095,0.157,9.128
2021-01-29 19:00:00-03:00,0.16,0.084,0.10200000000000001,8.677
2021-01-29 20:00:00-03:00,0.06,0.039,0.041,7.859
2021-01-29 21:00:00-03:00,0.0,0.001,0.002,6.75
2021-01-29 22:00:00-03:00,0.0,0.0,0.0,5.967
2021-01-29 23:00:00-03:00,0.0,0.0,0.0,5.619
2021-01-30 00:00:00-03:00,0.0,0.0,0.0,5.66
2021-01-30 01:00:00-03:00,0.0,0.0,0.0,5.797
2021-01-30 02:00:00-03:00,0.0,0.0,0.0,5.837
2021-01-30 03:00:00-03:00,0.0,0.0,0.0,5.87
2021-01-30 04:00:00-03:00,0.0,0.0,0.0,5.7780000000000005
2021-01-30 05:00:00-03:00,0.0,0.0,0.0,5.69
2021-01-30 06:00:00-03:00,0.012,0.011,0.013000000000000001,5.832
2021-01-30 07:00:00-03:00,0.066,0.024,0.06,6.445
2021-01-30 08:00:00-03:00,0.14,0.043000000000000003,0.12,7.348
2021-01-30 09:00:00-03:00,0.245,0.085,0.191,8.494
2021-01-30 10:00:00-03:00,0.243,0.057,0.218,9.581
2021-01-30 11:00:00-03:00,0.262,0.052000000000000005,0.245,10.59
2021-01-30 12:00:00-03:00,0.23900000000000002,0.033,0.24,11.324
2021-01-30 13:00:00-03:00,0.25,0.026000000000000002,0.26,11.883
2021-01-30 14:00:00-03:00,0.27,0.038,0.27,12.51
2021-01-30 15:00:00-03:00,0.271,0.052000000000000005,0.258,12.945
2021-01-30 16:00:00-03:00,0.2,0.031,0.202,12.811
2021-01-30 17:00:00-03:00,0.15,0.022,0.156,12.525
2021-01-30 18:00:00-03:00,0.14200000000000002,0.034,0.135,12.287
2021-01-30 19:00:00-03:00,0.07,0.017,0.074,11.705
2021-01-30 20:00:00-03:00,0.027,0.012,0.031,10.793
2021-01-30 21:00:00-03:00,0.0,0.001,0.001,9.516
2021-01-30 22:00:00-03:00,0.0,0.0,0.0,8.516
2021-01-30 23:00:00-03:00,0.0,0.0,0.0,7.848
2021-01-31 00:00:00-03:00,0.0,0.0,0.0,7.407
2021-01-31 01:00:00-03:00,0.0,0.0,0.0,6.88
2021-01-31 02:00:00-03:00,0.0,0.0,0.0,6.249
2021-01-31 03:00:00-03:00,0.0,0.0,0.0,5.864
2021-01-31 04:00:00-03:00,0.0,0.0,0.0,6.211
2021-01-31 05:00:00-03:00,0.0,0.0,0.0,6.744
2021-01-31 06:00:00-03:00,0.047,0.047,0.018000000000000002,7.101
2021-01-31 07:00:00-03:00,0.113,0.066,0.07,7.8100000000000005
2021-01-31 08:00:00-03:00,0.295,0.19,0.14,8.86
2021-01-31 09:00:00-03:00,0.331,0.181,0.192,10.034
2021-01-31 10:00:00-03:00,0.252,0.077,0.209,10.918
2021-01-31 11:00:00-03:00,0.312,0.10200000000000001,0.253,12.013
2021-01-31 12:00:00-03:00,0.577,0.389,0.292,13.768
2021-01-31 13:00:00-03:00,0.726,0.622,0.272,15.245
2021-01-31 14:00:00-03:00,0.727,0.639,0.261,16.021
2021-01-31 15:00:00-03:00,0.721,0.651,0.24,16.211
2021-01-31 16:00:00-03:00,0.66,0.58,0.221,15.802
2021-01-31 17:00:00-03:00,0.582,0.5,0.192,14.99
2021-01-31 18:00:00-03:00,0.461,0.38,0.154,13.919
2021-01-31 19:00:00-03:00,0.221,0.151,0.10300000000000001,12.485
2021-01-31 20:00:00-03:00,0.069,0.051000000000000004,0.039,10.945
2021-01-31 21:00:00-03:00,0.0,0.001,0.001,9.639
2021-01-31 22:00:00-03:00,0.0,0.0,0.0,9.122
2021-01-31 23:00:00-03:00,0.0,0.0,0.0,8.914
2021-02-01 00:00:00-03:00,0.0,0.0,0.0,8.765
2021-02-01 01:00:00-03:00,0.0,0.0,0.0,8.783
2021-02-01 02:00:00-03:00,0.0,0.0,0.0,8.953
2021-02-01 03:00:00-03:00,0.0,0.0,0.0,9.039
2021-02-01 04:00:00-03:00,0.0,0.0,0.0,9.031
2021-02-01 05:00:00-03:00,0.0,0.0,0.0,9.0
2021-02-01 06:00:00-03:00,0.013000000000000001,0.013000000000000001,0.012,8.996
2021-02-01 07:00:00-03:00,0.122,0.07,0.076,9.542
2021-02-01 08:00:00-03:00,0.228,0.117,0.14300000000000002,10.444
2021-02-01 09:00:00-03:00,0.20400000000000001,0.06,0.17500000000000002,11.017
2021-02-01 10:00:00-03:00,0.222,0.049,0.20600000000000002,11.439
2021-02-01 11:00:00-03:00,0.218,0.034,0.217,11.771
2021-02-01 12:00:00-03:00,0.217,0.027,0.222,12.027
2021-02-01 13:00:00-03:00,0.262,0.033,0.267,12.341
2021-02-01 14:00:00-03:00,0.256,0.036000000000000004,0.257,12.555
2021-02-01 15:00:00-03:00,0.191,0.022,0.201,12.445
2021-02-01 16:00:00-03:00,0.209,0.036000000000000004,0.20600000000000002,12.531
2021-02-01 17:00:00-03:00,0.125,0.015,0.136,12.176
2021-02-01 18:00:00-03:00,0.11,0.021,0.114,11.849
2021-02-01 19:00:00-03:00,0.043000000000000003,0.008,0.054,11.285
2021-02-01 20:00:00-03:00,0.013000000000000001,0.005,0.02,10.674
2021-02-01 21:00:00-03:00,0.0,0.0,0.0,10.176
2021-02-01 22:00:00-03:00,0.0,0.0,0.0,10.009
2021-02-01 23:00:00-03:00,0.0,0.0,0.0,9.822
2021-02-02 00:00:00-03:00,0.0,0.0,0.0,9.405
2021-02-02 01:00:00-03:00,0.0,0.0,0.0,8.967
2021-02-02 02:00:00-03:00,0.0,0.0,0.0,8.714
2021-02-02 03:00:00-03:00,0.0,0.0,0.0,9.003
2021-02-02 04:00:00-03:00,0.0,0.0,0.0,9.598
2021-02-02 05:00:00-03:00,0.0,0.0,0.0,9.972
2021-02-02 06:00:00-03:00,0.001,0.002,0.005,10.175
2021-02-02 07:00:00-03:00,0.037,0.013000000000000001,0.042,10.476
2021-02-02 08:00:00-03:00,0.113,0.034,0.10300000000000001,11.113
2021-02-02 09:00:00-03:00,0.249,0.101,0.184,12.076
2021-02-02 10:00:00-03:00,0.301,0.113,0.231,12.864
2021-02-02 11:00:00-03:00,0.395,0.176,0.279,14.02
2021-02-02 12:00:00-03:00,0.609,0.434,0.296,15.656
2021-02-02 13:00:00-03:00,0.605,0.40700000000000003,0.322,16.75
2021-02-02 14:00:00-03:00,0.522,0.301,0.321,17.48
2021-02-02 15:00:00-03:00,0.241,0.047,0.23500000000000001,17.332
2021-02-02 16:00:00-03:00,0.264,0.077,0.232,17.41
2021-02-02 17:00:00-03:00,0.316,0.155,0.214,17.475
2021-02-02 18:00:00-03:00,0.191,0.078,0.149,16.729
2021-02-02 19:00:00-03:00,0.109,0.047,0.088,15.647
2021-02-02 20:00:00-03:00,0.019,0.009000000000000001,0.024,14.602
2021-02-02 21:00:00-03:00,0.0,0.0,0.0,13.56
2021-02-02 22:00:00-03:00,0.0,0.0,0.0,12.405
2021-02-02 23:00:00-03:00,0.0,0.0,0.0,11.399000000000001
2021-02-03 00:00:00-03:00,0.0,0.0,0.0,10.797
2021-02-03 01:00:00-03:00,0.0,0.0,0.0,10.398
2021-02-03 02:00:00-03:00,0.0,0.0,0.0,10.077
2021-02-03 03:00:00-03:00,0.0,0.0,0.0,9.806000000000001
2021-02-03 04:00:00-03:00,0.0,0.0,0.0,9.554
2021-02-03 05:00:00-03:00,0.0,0.0,0.0,9.325
2021-02-03 06:00:00-03:00,0.005,0.006,0.008,9.254
2021-02-03 07:00:00-03:00,0.047,0.017,0.048,9.649000000000001
2021-02-03 08:00:00-03:00,0.163,0.067,0.123,10.484
2021-02-03 09:00:00-03:00,0.453,0.319,0.199,11.847
2021-02-03 10:00:00-03:00,0.41300000000000003,0.226,0.247,12.925
2021-02-03 11:00:00-03:00,0.382,0.161,0.278,13.748
2021-02-03 12:00:00-03:00,0.352,0.115,0.291,14.358
2021-02-03 13:00:00-03:00,0.266,0.043000000000000003,0.263,14.446
2021-02-03 14:00:00-03:00,0.231,0.033,0.23500000000000001,14.609
2021-02-03 15:00:00-03:00,0.217,0.035,0.218,15.098
2021-02-03 16:00:00-03:00,0.213,0.043000000000000003,0.20600000000000002,15.747
2021-02-03 17:00:00-03:00,0.19,0.048,0.177,16.297
2021-02-03 18:00:00-03:00,0.152,0.048,0.135,16.382
2021-02-03 19:00:00-03:00,0.14,0.074,0.095,16.064
2021-02-03 20:00:00-03:00,0.042,0.028,0.033,15.14
2021-02-03 21:00:00-03:00,0.0,0.0,0.0,14.088
2021-02-03 22:00:00-03:00,0.0,0.0,0.0,13.362
2021-02-03 23:00:00-03:00,0.0,0.0,0.0,12.704
2021-02-04 00:00:00-03:00,0.0,0.0,0.0,11.959
2021-02-04 01:00:00-03:00,0.0,0.0,0.0,11.565
2021-02-04 02:00:00-03:00,0.0,0.0,0.0,11.578
2021-02-04 03:00:00-03:00,0.0,0.0,0.0,11.738
2021-02-04 04:00:00-03:00,0.0,0.0,0.0,11.572
2021-02-04 05:00:00-03:00,0.0,0.0,0.0,11.451
2021-02-04 06:00:00-03:00,0.155,0.165,0.017,11.71
2021-02-04 07:00:00-03:00,0.228,0.187,0.075,12.999
2021-02-04 08:00:00-03:00,0.064,0.015,0.07,13.852
2021-02-04 09:00:00-03:00,0.113,0.023,0.116,14.285
2021-02-04 10:00:00-03:00,0.169,0.036000000000000004,0.164,14.553
2021-02-04 11:00:00-03:00,0.245,0.064,0.22,14.75
2021-02-04 12:00:00-03:00,0.443,0.23,0.28600000000000003,15.231
2021-02-04 13:00:00-03:00,0.704,0.599,0.265,15.767
2021-02-04 14:00:00-03:00,0.794,0.768,0.233,16.013
2021-02-04 15:00:00-03:00,0.811,0.8150000000000001,0.211,15.762
2021-02-04 16:00:00-03:00,0.769,0.768,0.19,15.186
2021-02-04 17:00:00-03:00,0.6990000000000001,0.687,0.163,14.584
2021-02-04 18:00:00-03:00,0.593,0.5710000000000001,0.13,13.65
2021-02-04 19:00:00-03:00,0.429,0.401,0.09,12.182
2021-02-04 20:00:00-03:00,0.153,0.14200000000000002,0.038,10.429
2021-02-04 21:00:00-03:00,0.0,0.001,0.0,8.906
2021-02-04 22:00:00-03:00,0.0,0.0,0.0,8.063
2021-02-04 23:00:00-03:00,0.0,0.0,0.0,7.348
2021-02-05 00:00:00-03:00,0.0,0.0,0.0,6.635
2021-02-05 01:00:00-03:00,0.0,0.0,0.0,6.07
2021-02-05 02:00:00-03:00,0.0,0.0,0.0,6.021
2021-02-05 03:00:00-03:00,0.0,0.0,0.0,6.034
2021-02-05 04:00:00-03:00,0.0,0.0,0.0,5.6850000000000005
2021-02-05 05:00:00-03:00,0.0,0.0,0.0,5.345
2021-02-05 06:00:00-03:00,0.097,0.10300000000000001,0.015,5.636
2021-02-05 07:00:00-03:00,0.202,0.16,0.069,6.807
2021-02-05 08:00:00-03:00,0.308,0.22,0.125,8.038
2021-02-05 09:00:00-03:00,0.612,0.552,0.159,9.589
2021-02-05 10:00:00-03:00,0.772,0.763,0.17500000000000002,11.026
2021-02-05 11:00:00-03:00,0.77,0.735,0.20600000000000002,11.941
2021-02-05 12:00:00-03:00,0.809,0.787,0.217,12.701
2021-02-05 13:00:00-03:00,0.8140000000000001,0.795,0.221,13.36
2021-02-05 14:00:00-03:00,0.808,0.791,0.218,13.854
2021-02-05 15:00:00-03:00,0.81,0.8140000000000001,0.201,14.157
2021-02-05 16:00:00-03:00,0.785,0.799,0.177,14.163
2021-02-05 17:00:00-03:00,0.724,0.733,0.149,13.801
2021-02-05 18:00:00-03:00,0.626,0.625,0.11800000000000001,13.097
2021-02-05 19:00:00-03:00,0.461,0.448,0.081,12.159
2021-02-05 20:00:00-03:00,0.165,0.158,0.034,10.58
2021-02-05 21:00:00-03:00,0.0,0.0,0.0,8.052
2021-02-05 22:00:00-03:00,0.0,0.0,0.0,7.464
2021-02-05 23:00:00-03:00,0.0,0.0,0.0,7.359
2021-02-06 00:00:00-03:00,0.0,0.0,0.0,6.992
2021-02-06 01:00:00-03:00,0.0,0.0,0.0,6.516
2021-02-06 02:00:00-03:00,0.0,0.0,0.0,6.227
2021-02-06 03:00:00-03:00,0.0,0.0,0.0,6.211
2021-02-06 04:00:00-03:00,0.0,0.0,0.0,6.125
2021-02-06 05:00:00-03:00,0.0,0.0,0.0,5.954
2021-02-06 06:00:00-03:00,0.0,0.001,0.003,5.899
2021-02-06 07:00:00-03:00,0.012,0.004,0.02,6.13
2021-02-06 08:00:00-03:00,0.047,0.009000000000000001,0.056,6.484
2021-02-06 09:00:00-03:00,0.14100000000000001,0.035,0.13,7.257
2021-02-06 10:00:00-03:00,0.397,0.219,0.227,8.722
2021-02-06 11:00:00-03:00,0.739,0.662,0.226,10.55
2021-02-06 12:00:00-03:00,0.841,0.8250000000000001,0.225,12.112
2021-02-06 13:00:00-03:00,0.857,0.856,0.227,13.277
2021-02-06 14:00:00-03:00,0.843,0.84,0.225,14.059
2021-02-06 15:00:00-03:00,0.8150000000000001,0.811,0.212,14.489
2021-02-06 16:00:00-03:00,0.725,0.6890000000000001,0.2,14.498
2021-02-06 17:00:00-03:00,0.649,0.608,0.171,14.205
2021-02-06 18:00:00-03:00,0.20500000000000002,0.098,0.14,13.239
2021-02-06 19:00:00-03:00,0.106,0.052000000000000005,0.079,12.367
2021-02-06 20:00:00-03:00,0.11,0.1,0.034,10.627
2021-02-06 21:00:00-03:00,0.0,0.0,0.0,8.29
2021-02-06 22:00:00-03:00,0.0,0.0,0.0,7.508
2021-02-06 23:00:00-03:00,0.0,0.0,0.0,6.831
2021-02-07 00:00:00-03:00,0.0,0.0,0.0,6.289
2021-02-07 01:00:00-03:00,0.0,0.0,0.0,5.632
2021-02-07 02:00:00-03:00,0.0,0.0,0.0,5.045
2021-02-07 03:00:00-03:00,0.0,0.0,0.0,4.587
2021-02-07 04:00:00-03:00,0.0,0.0,0.0,4.222
2021-02-07 05:00:00-03:00,0.0,0.0,0.0,3.822
2021-02-07 06:00:00-03:00,0.091,0.098,0.012,4.078
2021-02-07 07:00:00-03:00,0.333,0.301,0.068,6.524
2021-02-07 08:00:00-03:00,0.667,0.677,0.10300000000000001,8.804
2021-02-07 09:00:00-03:00,0.739,0.752,0.138,11.002
2021-02-07 10:00:00-03:00,0.744,0.733,0.17500000000000002,13.004
2021-02-07 11:00:00-03:00,0.786,0.788,0.197,15.249
2021-02-07 12:00:00-03:00,0.8160000000000001,0.835,0.209,17.309
2021-02-07 13:00:00-03:00,0.789,0.787,0.222,18.694
2021-02-07 14:00:00-03:00,0.756,0.74,0.223,19.716
2021-02-07 15:00:00-03:00,0.776,0.801,0.2,20.591
2021-02-07 16:00:00-03:00,0.748,0.784,0.176,21.148
2021-02-07 17:00:00-03:00,0.6880000000000001,0.721,0.148,21.266
2021-02-07 18:00:00-03:00,0.596,0.618,0.115,20.8
2021-02-07 19:00:00-03:00,0.431,0.432,0.079,19.303
2021-02-07 20:00:00-03:00,0.1,0.096,0.03,16.087
2021-02-07 21:00:00-03:00,0.0,0.0,0.0,13.827
2021-02-07 22:00:00-03:00,0.0,0.0,0.0,12.807
2021-02-07 23:00:00-03:00,0.0,0.0,0.0,12.282
2021-02-08 00:00:00-03:00,0.0,0.0,0.0,12.076
2021-02-08 01:00:00-03:00,0.0,0.0,0.0,11.743
2021-02-08 02:00:00-03:00,0.0,0.0,0.0,11.22
2021-02-08 03:00:00-03:00,0.0,0.0,0.0,10.498
2021-02-08 04:00:00-03:00,0.0,0.0,0.0,9.85
2021-02-08 05:00:00-03:00,0.0,0.0,0.0,9.706
2021-02-08 06:00:00-03:00,0.064,0.07200000000000001,0.012,9.894
2021-02-08 07:00:00-03:00,0.166,0.13,0.064,11.975
2021-02-08 08:00:00-03:00,0.169,0.089,0.111,13.469
2021-02-08 09:00:00-03:00,0.518,0.442,0.169,15.998
2021-02-08 10:00:00-03:00,0.75,0.768,0.179,18.426
2021-02-08 11:00:00-03:00,0.786,0.809,0.203,19.695
2021-02-08 12:00:00-03:00,0.8,0.8210000000000001,0.22,20.738
2021-02-08 13:00:00-03:00,0.712,0.66,0.247,21.496
2021-02-08 14:00:00-03:00,0.392,0.196,0.272,21.211
2021-02-08 15:00:00-03:00,0.295,0.109,0.241,20.818
2021-02-08 16:00:00-03:00,0.5,0.378,0.227,21.227
2021-02-08 17:00:00-03:00,0.603,0.579,0.169,21.588
2021-02-08 18:00:00-03:00,0.485,0.453,0.133,21.125
2021-02-08 19:00:00-03:00,0.17,0.12,0.08600000000000001,19.74
2021-02-08 20:00:00-03:00,0.033,0.028,0.023,17.748
2021-02-08 21:00:00-03:00,0.0,0.0,0.0,15.891
2021-02-08 22:00:00-03:00,0.0,0.0,0.0,14.724
2021-02-08 23:00:00-03:00,0.0,0.0,0.0,13.517
2021-02-09 00:00:00-03:00,0.0,0.0,0.0,12.574
2021-02-09 01:00:00-03:00,0.0,0.0,0.0,11.994
2021-02-09 02:00:00-03:00,0.0,0.0,0.0,11.731
2021-02-09 03:00:00-03:00,0.0,0.0,0.0,11.504
2021-02-09 04:00:00-03:00,0.0,0.0,0.0,11.228
2021-02-09 05:00:00-03:00,0.0,0.0,0.0,10.745
2021-02-09 06:00:00-03:00,0.069,0.08,0.01,10.504
2021-02-09 07:00:00-03:00,0.464,0.46900000000000003,0.065,12.386
2021-02-09 08:00:00-03:00,0.637,0.656,0.107,14.354
2021-02-09 09:00:00-03:00,0.714,0.737,0.145,16.231
2021-02-09 10:00:00-03:00,0.743,0.754,0.18,17.869
2021-02-09 11:00:00-03:00,0.749,0.741,0.21,19.402
2021-02-09 12:00:00-03:00,0.673,0.597,0.245,20.503
2021-02-09 13:00:00-03:00,0.744,0.719,0.23900000000000002,21.598
2021-02-09 14:00:00-03:00,0.656,0.5750000000000001,0.252,22.33
2021-02-09 15:00:00-03:00,0.422,0.25,0.258,22.538
2021-02-09 16:00:00-03:00,0.374,0.219,0.23,22.787
2021-02-09 17:00:00-03:00,0.216,0.088,0.17300000000000001,22.476
2021-02-09 18:00:00-03:00,0.164,0.075,0.126,22.025
2021-02-09 19:00:00-03:00,0.10400000000000001,0.058,0.074,21.004
2021-02-09 20:00:00-03:00,0.025,0.022,0.02,19.151
2021-02-09 21:00:00-03:00,0.0,0.0,0.0,17.468
2021-02-09 22:00:00-03:00,0.0,0.0,0.0,16.408
2021-02-09 23:00:00-03:00,0.0,0.0,0.0,15.766
2021-02-10 00:00:00-03:00,0.0,0.0,0.0,15.212
2021-02-10 01:00:00-03:00,0.0,0.0,0.0,14.489
2021-02-10 02:00:00-03:00,0.0,0.0,0.0,13.898
2021-02-10 03:00:00-03:00,0.0,0.0,0.0,13.139
2021-02-10 04:00:00-03:00,0.0,0.0,0.0,12.411
2021-02-10 05:00:00-03:00,0.0,0.0,0.0,12.192
2021-02-10 06:00:00-03:00,0.025,0.033,0.008,12.131
2021-02-10 07:00:00-03:00,0.26,0.23700000000000002,0.061,13.612
2021-02-10 08:00:00-03:00,0.628,0.654,0.1,15.041
2021-02-10 09:00:00-03:00,0.73,0.781,0.132,17.671
2021-02-10 10:00:00-03:00,0.775,0.8320000000000001,0.161,19.67
2021-02-10 11:00:00-03:00,0.799,0.855,0.186,21.148
2021-02-10 12:00:00-03:00,0.807,0.859,0.20500000000000002,22.478
2021-02-10 13:00:00-03:00,0.799,0.853,0.20600000000000002,23.632
2021-02-10 14:00:00-03:00,0.786,0.838,0.20600000000000002,24.6
2021-02-10 15:00:00-03:00,0.758,0.806,0.197,25.398
2021-02-10 16:00:00-03:00,0.711,0.755,0.17500000000000002,25.929
2021-02-10 17:00:00-03:00,0.643,0.679,0.148,26.208
2021-02-10 18:00:00-03:00,0.541,0.5630000000000001,0.115,25.957
2021-02-10 19:00:00-03:00,0.375,0.377,0.076,23.881
2021-02-10 20:00:00-03:00,0.055,0.055,0.023,20.638
2021-02-10 21:00:00-03:00,0.0,0.0,0.0,18.736
2021-02-10 22:00:00-03:00,0.0,0.0,0.0,17.59
2021-02-10 23:00:00-03:00,0.0,0.0,0.0,17.327
2021-02-11 00:00:00-03:00,0.0,0.0,0.0,17.183
2021-02-11 01:00:00-03:00,0.0,0.0,0.0,16.846
2021-02-11 02:00:00-03:00,0.0,0.0,0.0,16.75
2021-02-11 03:00:00-03:00,0.0,0.0,0.0,16.488
2021-02-11 04:00:00-03:00,0.0,0.0,0.0,16.001
2021-02-11 05:00:00-03:00,0.0,0.0,0.0,15.516
2021-02-11 06:00:00-03:00,0.003,0.006,0.005,14.954
2021-02-11 07:00:00-03:00,0.035,0.018000000000000002,0.035,14.617
2021-02-11 08:00:00-03:00,0.07200000000000001,0.021,0.073,14.444
2021-02-11 09:00:00-03:00,0.263,0.137,0.166,14.648
2021-02-11 10:00:00-03:00,0.619,0.539,0.203,15.208
2021-02-11 11:00:00-03:00,0.724,0.674,0.22,15.685
2021-02-11 12:00:00-03:00,0.784,0.757,0.23,16.275
2021-02-11 13:00:00-03:00,0.807,0.796,0.229,16.741
2021-02-11 14:00:00-03:00,0.733,0.668,0.244,16.632
2021-02-11 15:00:00-03:00,0.444,0.261,0.258,15.87
2021-02-11 16:00:00-03:00,0.289,0.116,0.217,14.715
2021-02-11 17:00:00-03:00,0.164,0.044,0.149,13.447
2021-02-11 18:00:00-03:00,0.161,0.067,0.123,12.827
2021-02-11 19:00:00-03:00,0.198,0.146,0.084,11.953
2021-02-11 20:00:00-03:00,0.061,0.058,0.023,10.479
2021-02-11 21:00:00-03:00,0.0,0.0,0.0,8.975
2021-02-11 22:00:00-03:00,0.0,0.0,0.0,7.831
2021-02-11 23:00:00-03:00,0.0,0.0,0.0,6.97
2021-02-12 00:00:00-03:00,0.0,0.0,0.0,6.401
2021-02-12 01:00:00-03:00,0.0,0.0,0.0,6.214
2021-02-12 02:00:00-03:00,0.0,0.0,0.0,5.897
2021-02-12 03:00:00-03:00,0.0,0.0,0.0,5.755
2021-02-12 04:00:00-03:00,0.0,0.0,0.0,5.945
2021-02-12 05:00:00-03:00,0.0,0.0,0.0,6.049
2021-02-12 06:00:00-03:00,0.005,0.009000000000000001,0.005,6.058
2021-02-12 07:00:00-03:00,0.067,0.039,0.046,6.691
2021-02-12 08:00:00-03:00,0.10200000000000001,0.035,0.088,7.898
2021-02-12 09:00:00-03:00,0.32,0.184,0.17500000000000002,9.756
2021-02-12 10:00:00-03:00,0.526,0.39,0.219,12.107
2021-02-12 11:00:00-03:00,0.657,0.553,0.23800000000000002,14.433
2021-02-12 12:00:00-03:00,0.758,0.704,0.242,16.272
2021-02-12 13:00:00-03:00,0.7030000000000001,0.601,0.27,17.406
2021-02-12 14:00:00-03:00,0.452,0.233,0.30000000000000004,17.613
2021-02-12 15:00:00-03:00,0.281,0.09,0.23800000000000002,17.249
2021-02-12 16:00:00-03:00,0.2,0.049,0.188,16.573
2021-02-12 17:00:00-03:00,0.145,0.033,0.14200000000000002,15.741
2021-02-12 18:00:00-03:00,0.07100000000000001,0.013000000000000001,0.08,14.714
2021-02-12 19:00:00-03:00,0.027,0.007,0.037,13.696
2021-02-12 20:00:00-03:00,0.003,0.003,0.008,12.702
2021-02-12 21:00:00-03:00,0.0,0.0,0.0,11.768
2021-02-12 22:00:00-03:00,0.0,0.0,0.0,10.987
2021-02-12 23:00:00-03:00,0.0,0.0,0.0,10.281
2021-02-13 00:00:00-03:00,0.0,0.0,0.0,9.675
2021-02-13 01:00:00-03:00,0.0,0.0,0.0,9.327
2021-02-13 02:00:00-03:00,0.0,0.0,0.0,8.923
2021-02-13 03:00:00-03:00,0.0,0.0,0.0,8.612
2021-02-13 04:00:00-03:00,0.0,0.0,0.0,8.378
2021-02-13 05:00:00-03:00,0.0,0.0,0.0,8.316
2021-02-13 06:00:00-03:00,0.0,0.001,0.002,8.287
2021-02-13 07:00:00-03:00,0.013000000000000001,0.006,0.02,8.478
2021-02-13 08:00:00-03:00,0.07100000000000001,0.021,0.07100000000000001,9.157
2021-02-13 09:00:00-03:00,0.379,0.258,0.17200000000000001,11.159
2021-02-13 10:00:00-03:00,0.5680000000000001,0.459,0.20700000000000002,13.276
2021-02-13 11:00:00-03:00,0.552,0.40700000000000003,0.243,14.318
2021-02-13 12:00:00-03:00,0.5640000000000001,0.398,0.268,14.66
2021-02-13 13:00:00-03:00,0.642,0.489,0.28300000000000003,14.712
2021-02-13 14:00:00-03:00,0.635,0.49,0.272,14.459
2021-02-13 15:00:00-03:00,0.61,0.47900000000000004,0.246,13.969
2021-02-13 16:00:00-03:00,0.584,0.47200000000000003,0.216,13.286
2021-02-13 17:00:00-03:00,0.491,0.383,0.183,12.32
2021-02-13 18:00:00-03:00,0.263,0.162,0.136,11.152
2021-02-13 19:00:00-03:00,0.081,0.039,0.064,10.014
2021-02-13 20:00:00-03:00,0.006,0.006,0.01,8.9
2021-02-13 21:00:00-03:00,0.0,0.0,0.0,8.047
2021-02-13 22:00:00-03:00,0.0,0.0,0.0,7.427
2021-02-13 23:00:00-03:00,0.0,0.0,0.0,6.827
2021-02-14 00:00:00-03:00,0.0,0.0,0.0,6.36
2021-02-14 01:00:00-03:00,0.0,0.0,0.0,6.079
2021-02-14 02:00:00-03:00,0.0,0.0,0.0,5.789
2021-02-14 03:00:00-03:00,0.0,0.0,0.0,5.189
2021-02-14 04:00:00-03:00,0.0,0.0,0.0,4.6129999999999995
2021-02-14 05:00:00-03:00,0.0,0.0,0.0,4.19
2021-02-14 06:00:00-03:00,0.032,0.041,0.006,3.949
2021-02-14 07:00:00-03:00,0.34800000000000003,0.324,0.058,4.449
2021-02-14 08:00:00-03:00,0.497,0.445,0.109,5.559
2021-02-14 09:00:00-03:00,0.626,0.5690000000000001,0.15,7.064
2021-02-14 10:00:00-03:00,0.638,0.55,0.191,8.617
2021-02-14 11:00:00-03:00,0.664,0.561,0.22,10.051
2021-02-14 12:00:00-03:00,0.6930000000000001,0.588,0.23900000000000002,11.31
2021-02-14 13:00:00-03:00,0.717,0.617,0.249,12.405
2021-02-14 14:00:00-03:00,0.717,0.63,0.24,13.213
2021-02-14 15:00:00-03:00,0.6960000000000001,0.622,0.221,13.668
2021-02-14 16:00:00-03:00,0.452,0.305,0.217,13.404
2021-02-14 17:00:00-03:00,0.258,0.125,0.171,12.676
2021-02-14 18:00:00-03:00,0.171,0.082,0.11800000000000001,11.961
2021-02-14 19:00:00-03:00,0.124,0.079,0.07,11.21
2021-02-14 20:00:00-03:00,0.04,0.041,0.017,10.029
2021-02-14 21:00:00-03:00,0.0,0.0,0.0,8.75
2021-02-14 22:00:00-03:00,0.0,0.0,0.0,7.95
2021-02-14 23:00:00-03:00,0.0,0.0,0.0,7.357
2021-02-15 00:00:00-03:00,0.0,0.0,0.0,6.793
2021-02-15 01:00:00-03:00,0.0,0.0,0.0,6.343
2021-02-15 02:00:00-03:00,0.0,0.0,0.0,5.942
2021-02-15 03:00:00-03:00,0.0,0.0,0.0,5.575
2021-02-15 04:00:00-03:00,0.0,0.0,0.0,5.267
2021-02-15 05:00:00-03:00,0.0,0.0,0.0,5.104
2021-02-15 06:00:00-03:00,0.022,0.031,0.005,5.002
2021-02-15 07:00:00-03:00,0.153,0.125,0.051000000000000004,6.241
2021-02-15 08:00:00-03:00,0.23700000000000002,0.16,0.108,8.155
2021-02-15 09:00:00-03:00,0.539,0.465,0.156,10.678
2021-02-15 10:00:00-03:00,0.619,0.541,0.191,12.655
2021-02-15 11:00:00-03:00,0.676,0.601,0.216,14.264
2021-02-15 12:00:00-03:00,0.67,0.5730000000000001,0.241,15.523
2021-02-15 13:00:00-03:00,0.607,0.449,0.28200000000000003,16.537
2021-02-15 14:00:00-03:00,0.592,0.445,0.27,17.522
2021-02-15 15:00:00-03:00,0.506,0.355,0.247,18.175
2021-02-15 16:00:00-03:00,0.506,0.393,0.211,18.622
2021-02-15 17:00:00-03:00,0.448,0.356,0.17500000000000002,18.514
2021-02-15 18:00:00-03:00,0.293,0.213,0.13,17.581
2021-02-15 19:00:00-03:00,0.189,0.149,0.074,15.727
2021-02-15 20:00:00-03:00,0.034,0.036000000000000004,0.015,13.355
2021-02-15 21:00:00-03:00,0.0,0.0,0.0,12.047
2021-02-15 22:00:00-03:00,0.0,0.0,0.0,11.254
2021-02-15 23:00:00-03:00,0.0,0.0,0.0,10.052
2021-02-16 00:00:00-03:00,0.0,0.0,0.0,9.015
2021-02-16 01:00:00-03:00,0.0,0.0,0.0,8.418
2021-02-16 02:00:00-03:00,0.0,0.0,0.0,8.458
2021-02-16 03:00:00-03:00,0.0,0.0,0.0,8.411
2021-02-16 04:00:00-03:00,0.0,0.0,0.0,8.352
2021-02-16 05:00:00-03:00,0.0,0.0,0.0,8.275
2021-02-16 06:00:00-03:00,0.006,0.013000000000000001,0.004,8.131
2021-02-16 07:00:00-03:00,0.24,0.216,0.054,9.188
2021-02-16 08:00:00-03:00,0.445,0.396,0.11,11.031
2021-02-16 09:00:00-03:00,0.627,0.596,0.149,13.251
2021-02-16 10:00:00-03:00,0.682,0.644,0.185,14.985
2021-02-16 11:00:00-03:00,0.661,0.584,0.221,16.29
2021-02-16 12:00:00-03:00,0.668,0.5730000000000001,0.246,17.225
2021-02-16 13:00:00-03:00,0.711,0.634,0.253,17.989
2021-02-16 14:00:00-03:00,0.636,0.514,0.266,18.43
2021-02-16 15:00:00-03:00,0.623,0.527,0.23600000000000002,18.772
2021-02-16 16:00:00-03:00,0.325,0.168,0.214,18.467
2021-02-16 17:00:00-03:00,0.199,0.078,0.159,17.872
2021-02-16 18:00:00-03:00,0.065,0.014,0.073,16.634
2021-02-16 19:00:00-03:00,0.013000000000000001,0.003,0.023,15.164
2021-02-16 20:00:00-03:00,0.0,0.001,0.004,13.893
2021-02-16 21:00:00-03:00,0.0,0.0,0.0,12.872
2021-02-16 22:00:00-03:00,0.0,0.0,0.0,11.66
2021-02-16 23:00:00-03:00,0.0,0.0,0.0,10.795
2021-02-17 00:00:00-03:00,0.0,0.0,0.0,9.859
2021-02-17 01:00:00-03:00,0.0,0.0,0.0,9.191
2021-02-17 02:00:00-03:00,0.0,0.0,0.0,8.658
2021-02-17 03:00:00-03:00,0.0,0.0,0.0,8.181
2021-02-17 04:00:00-03:00,0.0,0.0,0.0,7.856
2021-02-17 05:00:00-03:00,0.0,0.0,0.0,7.785
2021-02-17 06:00:00-03:00,0.001,0.006,0.003,8.13
2021-02-17 07:00:00-03:00,0.076,0.056,0.041,9.016
2021-02-17 08:00:00-03:00,0.383,0.321,0.111,10.169
2021-02-17 09:00:00-03:00,0.578,0.524,0.154,12.755
2021-02-17 10:00:00-03:00,0.679,0.641,0.186,15.265
2021-02-17 11:00:00-03:00,0.719,0.68,0.213,16.927
2021-02-17 12:00:00-03:00,0.755,0.727,0.228,18.209
2021-02-17 13:00:00-03:00,0.717,0.649,0.252,19.07
2021-02-17 14:00:00-03:00,0.486,0.279,0.301,19.115
2021-02-17 15:00:00-03:00,0.273,0.089,0.233,18.802
2021-02-17 16:00:00-03:00,0.231,0.081,0.192,18.733
2021-02-17 17:00:00-03:00,0.165,0.053,0.146,18.465
2021-02-17 18:00:00-03:00,0.094,0.029,0.092,17.621
2021-02-17 19:00:00-03:00,0.044,0.018000000000000002,0.046,16.083
2021-02-17 20:00:00-03:00,0.003,0.004,0.007,14.175
2021-02-17 21:00:00-03:00,0.0,0.0,0.0,13.022
2021-02-17 22:00:00-03:00,0.0,0.0,0.0,11.843
2021-02-17 23:00:00-03:00,0.0,0.0,0.0,10.602
2021-02-18 00:00:00-03:00,0.0,0.0,0.0,9.488
2021-02-18 01:00:00-03:00,0.0,0.0,0.0,8.704
2021-02-18 02:00:00-03:00,0.0,0.0,0.0,8.008
2021-02-18 03:00:00-03:00,0.0,0.0,0.0,7.265
2021-02-18 04:00:00-03:00,0.0,0.0,0.0,6.698
2021-02-18 05:00:00-03:00,0.0,0.0,0.0,6.148
2021-02-18 06:00:00-03:00,0.005,0.012,0.003,5.582
2021-02-18 07:00:00-03:00,0.242,0.22,0.049,5.85
2021-02-18 08:00:00-03:00,0.627,0.626,0.094,7.111
2021-02-18 09:00:00-03:00,0.738,0.745,0.13,8.526
2021-02-18 10:00:00-03:00,0.756,0.74,0.168,9.71
2021-02-18 11:00:00-03:00,0.721,0.659,0.20400000000000001,10.635
2021-02-18 12:00:00-03:00,0.675,0.5640000000000001,0.23700000000000002,11.199
2021-02-18 13:00:00-03:00,0.663,0.519,0.267,11.571
2021-02-18 14:00:00-03:00,0.645,0.506,0.257,11.9
2021-02-18 15:00:00-03:00,0.607,0.482,0.231,12.051
2021-02-18 16:00:00-03:00,0.546,0.432,0.201,11.877
2021-02-18 17:00:00-03:00,0.464,0.364,0.166,11.366
2021-02-18 18:00:00-03:00,0.328,0.248,0.122,10.499
2021-02-18 19:00:00-03:00,0.14,0.1,0.064,9.344
2021-02-18 20:00:00-03:00,0.021,0.025,0.011,8.017
2021-02-18 21:00:00-03:00,0.0,0.0,0.0,7.025
2021-02-18 22:00:00-03:00,0.0,0.0,0.0,6.067
2021-02-18 23:00:00-03:00,0.0,0.0,0.0,5.005
2021-02-19 00:00:00-03:00,0.0,0.0,0.0,4.281
2021-02-19 01:00:00-03:00,0.0,0.0,0.0,3.814
2021-02-19 02:00:00-03:00,0.0,0.0,0.0,3.549
2021-02-19 03:00:00-03:00,0.0,0.0,0.0,3.484
2021-02-19 04:00:00-03:00,0.0,0.0,0.0,3.779
2021-02-19 05:00:00-03:00,0.0,0.0,0.0,3.825
2021-02-19 06:00:00-03:00,0.001,0.006,0.002,3.8449999999999998
2021-02-19 07:00:00-03:00,0.078,0.058,0.038,4.711
2021-02-19 08:00:00-03:00,0.097,0.04,0.078,5.936
2021-02-19 09:00:00-03:00,0.098,0.022,0.097,6.946
2021-02-19 10:00:00-03:00,0.124,0.022,0.125,7.822
2021-02-19 11:00:00-03:00,0.233,0.064,0.199,9.133
2021-02-19 12:00:00-03:00,0.537,0.34700000000000003,0.272,10.911
2021-02-19 13:00:00-03:00,0.669,0.514,0.28400000000000003,12.21
2021-02-19 14:00:00-03:00,0.6890000000000001,0.5690000000000001,0.26,12.91
2021-02-19 15:00:00-03:00,0.656,0.55,0.234,13.189
2021-02-19 16:00:00-03:00,0.5,0.364,0.215,12.91
2021-02-19 17:00:00-03:00,0.451,0.34400000000000003,0.17400000000000002,12.506
2021-02-19 18:00:00-03:00,0.362,0.28600000000000003,0.126,11.757
2021-02-19 19:00:00-03:00,0.195,0.155,0.069,10.626
2021-02-19 20:00:00-03:00,0.008,0.011,0.008,9.306
2021-02-19 21:00:00-03:00,0.0,0.0,0.0,8.302
2021-02-19 22:00:00-03:00,0.0,0.0,0.0,7.698
2021-02-19 23:00:00-03:00,0.0,0.0,0.0,7.234
2021-02-20 00:00:00-03:00,0.0,0.0,0.0,7.107
2021-02-20 01:00:00-03:00,0.0,0.0,0.0,7.152
2021-02-20 02:00:00-03:00,0.0,0.0,0.0,7.143
2021-02-20 03:00:00-03:00,0.0,0.0,0.0,7.038
2021-02-20 04:00:00-03:00,0.0,0.0,0.0,6.736
2021-02-20 05:00:00-03:00,0.0,0.0,0.0,6.507
2021-02-20 06:00:00-03:00,0.0,0.002,0.001,6.419
2021-02-20 07:00:00-03:00,0.036000000000000004,0.024,0.028,6.813
2021-02-20 08:00:00-03:00,0.153,0.08700000000000001,0.09,8.007
2021-02-20 09:00:00-03:00,0.299,0.188,0.15,10.227
2021-02-20 10:00:00-03:00,0.313,0.169,0.188,12.344
2021-02-20 11:00:00-03:00,0.243,0.079,0.201,13.247
2021-02-20 12:00:00-03:00,0.219,0.045,0.209,13.438
2021-02-20 13:00:00-03:00,0.29,0.056,0.277,13.847
2021-02-20 14:00:00-03:00,0.243,0.042,0.23900000000000002,14.13
2021-02-20 15:00:00-03:00,0.163,0.024,0.17,14.005
2021-02-20 16:00:00-03:00,0.1,0.012,0.112,13.558
2021-02-20 17:00:00-03:00,0.07,0.009000000000000001,0.083,13.162
2021-02-20 18:00:00-03:00,0.047,0.008,0.058,12.719
2021-02-20 19:00:00-03:00,0.014,0.003,0.023,11.927
2021-02-20 20:00:00-03:00,0.0,0.001,0.003,11.036
2021-02-20 21:00:00-03:00,0.0,0.0,0.0,10.596
2021-02-20 22:00:00-03:00,0.0,0.0,0.0,10.243
2021-02-20 23:00:00-03:00,0.0,0.0,0.0,9.878
2021-02-21 00:00:00-03:00,0.0,0.0,0.0,9.305
2021-02-21 01:00:00-03:00,0.0,0.0,0.0,8.805
2021-02-21 02:00:00-03:00,0.0,0.0,0.0,8.135
2021-02-21 03:00:00-03:00,0.0,0.0,0.0,7.283
2021-02-21 04:00:00-03:00,0.0,0.0,0.0,6.616
2021-02-21 05:00:00-03:00,0.0,0.0,0.0,6.097
2021-02-21 06:00:00-03:00,0.001,0.005,0.001,5.6850000000000005
2021-02-21 07:00:00-03:00,0.186,0.171,0.04,6.326
2021-02-21 08:00:00-03:00,0.383,0.334,0.091,7.293
2021-02-21 09:00:00-03:00,0.53,0.47100000000000003,0.131,8.449
2021-02-21 10:00:00-03:00,0.501,0.401,0.169,9.405
2021-02-21 11:00:00-03:00,0.616,0.526,0.192,10.5
2021-02-21 12:00:00-03:00,0.682,0.608,0.20400000000000001,11.528
2021-02-21 13:00:00-03:00,0.633,0.513,0.23600000000000002,12.025
2021-02-21 14:00:00-03:00,0.578,0.43,0.247,12.219
2021-02-21 15:00:00-03:00,0.375,0.197,0.229,11.87
2021-02-21 16:00:00-03:00,0.212,0.073,0.171,11.236
2021-02-21 17:00:00-03:00,0.097,0.021,0.099,10.476
2021-02-21 18:00:00-03:00,0.043000000000000003,0.008,0.053,9.607
2021-02-21 19:00:00-03:00,0.014,0.004,0.022,8.632
2021-02-21 20:00:00-03:00,0.001,0.004,0.005,7.546
2021-02-21 21:00:00-03:00,0.0,0.0,0.0,6.104
2021-02-21 22:00:00-03:00,0.0,0.0,0.0,5.611
2021-02-21 23:00:00-03:00,0.0,0.0,0.0,4.986
2021-02-22 00:00:00-03:00,0.0,0.0,0.0,4.483
2021-02-22 01:00:00-03:00,0.0,0.0,0.0,4.342
2021-02-22 02:00:00-03:00,0.0,0.0,0.0,4.366
2021-02-22 03:00:00-03:00,0.0,0.0,0.0,4.496
2021-02-22 04:00:00-03:00,0.0,0.0,0.0,4.792
2021-02-22 05:00:00-03:00,0.0,0.0,0.0,5.362
2021-02-22 06:00:00-03:00,0.0,0.001,0.001,6.134
2021-02-22 07:00:00-03:00,0.049,0.038,0.029,6.868
2021-02-22 08:00:00-03:00,0.249,0.184,0.096,8.011
2021-02-22 09:00:00-03:00,0.336,0.234,0.14300000000000002,9.165
2021-02-22 10:00:00-03:00,0.387,0.252,0.185,10.235
2021-02-22 11:00:00-03:00,0.324,0.147,0.219,10.929
2021-02-22 12:00:00-03:00,0.201,0.035,0.196,10.635
2021-02-22 13:00:00-03:00,0.147,0.009000000000000001,0.164,10.381
2021-02-22 14:00:00-03:00,0.1,0.005,0.11800000000000001,10.597
2021-02-22 15:00:00-03:00,0.04,0.002,0.056,10.716
2021-02-22 16:00:00-03:00,0.033,0.002,0.048,10.796
2021-02-22 17:00:00-03:00,0.076,0.012,0.08600000000000001,11.014
2021-02-22 18:00:00-03:00,0.15,0.074,0.10200000000000001,10.621
2021-02-22 19:00:00-03:00,0.218,0.187,0.062,9.445
2021-02-22 20:00:00-03:00,0.014,0.02,0.007,7.994
2021-02-22 21:00:00-03:00,0.0,0.0,0.0,6.983
2021-02-22 22:00:00-03:00,0.0,0.0,0.0,6.384
2021-02-22 23:00:00-03:00,0.0,0.0,0.0,5.967
2021-02-23 00:00:00-03:00,0.0,0.0,0.0,5.841
2021-02-23 01:00:00-03:00,0.0,0.0,0.0,5.916
2021-02-23 02:00:00-03:00,0.0,0.0,0.0,5.813
2021-02-23 03:00:00-03:00,0.0,0.0,0.0,5.664
2021-02-23 04:00:00-03:00,0.0,0.0,0.0,5.239
2021-02-23 05:00:00-03:00,0.0,0.0,0.0,4.9719999999999995
2021-02-23 06:00:00-03:00,0.0,0.0,0.001,4.804
2021-02-23 07:00:00-03:00,0.098,0.084,0.034,5.2620000000000005
2021-02-23 08:00:00-03:00,0.159,0.096,0.08600000000000001,6.434
2021-02-23 09:00:00-03:00,0.133,0.045,0.111,7.035
2021-02-23 10:00:00-03:00,0.124,0.025,0.122,7.628
2021-02-23 11:00:00-03:00,0.092,0.009000000000000001,0.105,8.651
2021-02-23 12:00:00-03:00,0.08700000000000001,0.005,0.10400000000000001,9.777
2021-02-23 13:00:00-03:00,0.109,0.005,0.128,11.287
2021-02-23 14:00:00-03:00,0.17,0.016,0.184,13.071
2021-02-23 15:00:00-03:00,0.216,0.051000000000000004,0.201,14.547
2021-02-23 16:00:00-03:00,0.314,0.165,0.199,15.399000000000001
2021-02-23 17:00:00-03:00,0.353,0.251,0.156,15.488
2021-02-23 18:00:00-03:00,0.258,0.188,0.11,14.442
2021-02-23 19:00:00-03:00,0.088,0.06,0.052000000000000005,13.053
2021-02-23 20:00:00-03:00,0.001,0.004,0.004,11.922
2021-02-23 21:00:00-03:00,0.0,0.0,0.0,11.409
2021-02-23 22:00:00-03:00,0.0,0.0,0.0,11.074
2021-02-23 23:00:00-03:00,0.0,0.0,0.0,10.66
2021-02-24 00:00:00-03:00,0.0,0.0,0.0,10.219
2021-02-24 01:00:00-03:00,0.0,0.0,0.0,9.62
2021-02-24 02:00:00-03:00,0.0,0.0,0.0,8.887
2021-02-24 03:00:00-03:00,0.0,0.0,0.0,8.285
2021-02-24 04:00:00-03:00,0.0,0.0,0.0,7.829
2021-02-24 05:00:00-03:00,0.0,0.0,0.0,7.505
2021-02-24 06:00:00-03:00,0.0,0.0,0.0,7.412
2021-02-24 07:00:00-03:00,0.058,0.051000000000000004,0.026000000000000002,7.626
2021-02-24 08:00:00-03:00,0.189,0.136,0.079,8.284
2021-02-24 09:00:00-03:00,0.485,0.428,0.123,9.41
2021-02-24 10:00:00-03:00,0.74,0.752,0.138,10.79
2021-02-24 11:00:00-03:00,0.6970000000000001,0.667,0.167,11.719
2021-02-24 12:00:00-03:00,0.5730000000000001,0.459,0.21,11.991
2021-02-24 13:00:00-03:00,0.577,0.431,0.244,12.087
2021-02-24 14:00:00-03:00,0.552,0.41000000000000003,0.232,12.079
2021-02-24 15:00:00-03:00,0.64,0.5760000000000001,0.183,12.087
2021-02-24 16:00:00-03:00,0.683,0.668,0.148,11.99
2021-02-24 17:00:00-03:00,0.625,0.615,0.12,11.551
2021-02-24 18:00:00-03:00,0.452,0.422,0.092,10.514
2021-02-24 19:00:00-03:00,0.166,0.14300000000000002,0.05,9.451
2021-02-24 20:00:00-03:00,0.013000000000000001,0.02,0.005,8.31
2021-02-24 21:00:00-03:00,0.0,0.0,0.0,7.48
2021-02-24 22:00:00-03:00,0.0,0.0,0.0,7.066
2021-02-24 23:00:00-03:00,0.0,0.0,0.0,6.878
2021-02-25 00:00:00-03:00,0.0,0.0,0.0,6.767
2021-02-25 01:00:00-03:00,0.0,0.0,0.0,6.8
2021-02-25 02:00:00-03:00,0.0,0.0,0.0,7.048
2021-02-25 03:00:00-03:00,0.0,0.0,0.0,7.326
2021-02-25 04:00:00-03:00,0.0,0.0,0.0,7.419
2021-02-25 05:00:00-03:00,0.0,0.0,0.0,7.287
2021-02-25 06:00:00-03:00,0.0,0.0,0.0,7.002
2021-02-25 07:00:00-03:00,0.057,0.05,0.026000000000000002,7.042
2021-02-25 08:00:00-03:00,0.135,0.083,0.076,7.518
2021-02-25 09:00:00-03:00,0.364,0.272,0.135,8.616
2021-02-25 10:00:00-03:00,0.549,0.462,0.17,10.063
2021-02-25 11:00:00-03:00,0.434,0.281,0.213,10.973
2021-02-25 12:00:00-03:00,0.38,0.183,0.249,11.72
2021-02-25 13:00:00-03:00,0.41300000000000003,0.164,0.308,12.515
2021-02-25 14:00:00-03:00,0.354,0.124,0.281,13.099
2021-02-25 15:00:00-03:00,0.242,0.069,0.209,13.257
2021-02-25 16:00:00-03:00,0.155,0.037,0.147,13.067
2021-02-25 17:00:00-03:00,0.134,0.042,0.11900000000000001,12.92
2021-02-25 18:00:00-03:00,0.08,0.027,0.075,12.399000000000001
2021-02-25 19:00:00-03:00,0.024,0.01,0.029,11.424
2021-02-25 20:00:00-03:00,0.0,0.001,0.002,10.357
2021-02-25 21:00:00-03:00,0.0,0.0,0.0,9.645
2021-02-25 22:00:00-03:00,0.0,0.0,0.0,9.163
2021-02-25 23:00:00-03:00,0.0,0.0,0.0,8.825
2021-02-26 00:00:00-03:00,0.0,0.0,0.0,8.589
2021-02-26 01:00:00-03:00,0.0,0.0,0.0,8.403
2021-02-26 02:00:00-03:00,0.0,0.0,0.0,8.306
2021-02-26 03:00:00-03:00,0.0,0.0,0.0,8.292
2021-02-26 04:00:00-03:00,0.0,0.0,0.0,8.195
2021-02-26 05:00:00-03:00,0.0,0.0,0.0,7.867
2021-02-26 06:00:00-03:00,0.0,0.0,0.0,7.571
2021-02-26 07:00:00-03:00,0.276,0.28,0.028,7.619
2021-02-26 08:00:00-03:00,0.561,0.5730000000000001,0.069,8.768
2021-02-26 09:00:00-03:00,0.735,0.785,0.096,10.407
2021-02-26 10:00:00-03:00,0.722,0.745,0.127,12.127
2021-02-26 11:00:00-03:00,0.766,0.802,0.14300000000000002,13.864
2021-02-26 12:00:00-03:00,0.835,0.924,0.138,15.46
2021-02-26 13:00:00-03:00,0.808,0.919,0.109,16.675
2021-02-26 14:00:00-03:00,0.783,0.868,0.126,17.521
2021-02-26 15:00:00-03:00,0.767,0.8320000000000001,0.138,17.995
2021-02-26 16:00:00-03:00,0.729,0.787,0.127,18.074
2021-02-26 17:00:00-03:00,0.6920000000000001,0.752,0.10400000000000001,17.764
2021-02-26 18:00:00-03:00,0.549,0.579,0.077,17.011
2021-02-26 19:00:00-03:00,0.35100000000000003,0.364,0.043000000000000003,15.503
2021-02-26 20:00:00-03:00,0.019,0.029,0.004,12.394
2021-02-26 21:00:00-03:00,0.0,0.0,0.0,11.05
2021-02-26 22:00:00-03:00,0.0,0.0,0.0,10.259
2021-02-26 23:00:00-03:00,0.0,0.0,0.0,9.598
2021-02-27 00:00:00-03:00,0.0,0.0,0.0,8.937
2021-02-27 01:00:00-03:00,0.0,0.0,0.0,8.262
2021-02-27 02:00:00-03:00,0.0,0.0,0.0,7.671
2021-02-27 03:00:00-03:00,0.0,0.0,0.0,7.15
2021-02-27 04:00:00-03:00,0.0,0.0,0.0,6.657
2021-02-27 05:00:00-03:00,0.0,0.0,0.0,6.333
2021-02-27 06:00:00-03:00,0.0,0.0,0.0,6.449
2021-02-27 07:00:00-03:00,0.368,0.384,0.026000000000000002,7.603
2021-02-27 08:00:00-03:00,0.591,0.62,0.065,9.907
2021-02-27 09:00:00-03:00,0.797,0.895,0.089,12.39
2021-02-27 10:00:00-03:00,0.8320000000000001,0.9470000000000001,0.113,15.881
2021-02-27 11:00:00-03:00,0.841,0.968,0.127,18.855
2021-02-27 12:00:00-03:00,0.835,0.974,0.128,21.029
2021-02-27 13:00:00-03:00,0.806,0.968,0.094,22.596
2021-02-27 14:00:00-03:00,0.798,0.9500000000000001,0.108,23.8
2021-02-27 15:00:00-03:00,0.784,0.914,0.127,24.625
2021-02-27 16:00:00-03:00,0.743,0.854,0.12,24.836
2021-02-27 17:00:00-03:00,0.668,0.753,0.101,24.166
2021-02-27 18:00:00-03:00,0.538,0.587,0.074,22.616
2021-02-27 19:00:00-03:00,0.294,0.305,0.042,19.778
2021-02-27 20:00:00-03:00,0.009000000000000001,0.018000000000000002,0.003,16.554
2021-02-27 21:00:00-03:00,0.0,0.0,0.0,15.251
2021-02-27 22:00:00-03:00,0.0,0.0,0.0,14.407
2021-02-27 23:00:00-03:00,0.0,0.0,0.0,13.315
2021-02-28 00:00:00-03:00,0.0,0.0,0.0,12.122
2021-02-28 01:00:00-03:00,0.0,0.0,0.0,11.706
2021-02-28 02:00:00-03:00,0.0,0.0,0.0,11.704
2021-02-28 03:00:00-03:00,0.0,0.0,0.0,11.639
2021-02-28 04:00:00-03:00,0.0,0.0,0.0,11.507
2021-02-28 05:00:00-03:00,0.0,0.0,0.0,11.266
2021-02-28 06:00:00-03:00,0.0,0.0,0.0,11.203
2021-02-28 07:00:00-03:00,0.017,0.017,0.014,11.459
2021-02-28 08:00:00-03:00,0.11,0.07,0.065,12.309
2021-02-28 09:00:00-03:00,0.41400000000000003,0.354,0.123,14.002
2021-02-28 10:00:00-03:00,0.516,0.45,0.158,15.565
2021-02-28 11:00:00-03:00,0.4,0.263,0.203,16.1
2021-02-28 12:00:00-03:00,0.292,0.114,0.225,15.634
2021-02-28 13:00:00-03:00,0.366,0.132,0.29,15.063
2021-02-28 14:00:00-03:00,0.356,0.145,0.265,14.661
2021-02-28 15:00:00-03:00,0.448,0.307,0.213,14.612
2021-02-28 16:00:00-03:00,0.708,0.722,0.14200000000000002,14.634
2021-02-28 17:00:00-03:00,0.715,0.765,0.107,14.011
2021-02-28 18:00:00-03:00,0.598,0.628,0.077,12.789
2021-02-28 19:00:00-03:00,0.332,0.333,0.043000000000000003,11.047
2021-02-28 20:00:00-03:00,0.007,0.015,0.003,8.683
2021-02-28 21:00:00-03:00,0.0,0.0,0.0,7.307
2021-02-28 22:00:00-03:00,0.0,0.0,0.0,6.417
2021-02-28 23:00:00-03:00,0.0,0.0,0.0,5.568
2021-03-01 00:00:00-03:00,0.0,0.0,0.0,4.877
2021-03-01 01:00:00-03:00,0.0,0.0,0.0,4.315
2021-03-01 02:00:00-03:00,0.0,0.0,0.0,4.186
2021-03-01 03:00:00-03:00,0.0,0.0,0.0,4.241
2021-03-01 04:00:00-03:00,0.0,0.0,0.0,4.183
2021-03-01 05:00:00-03:00,0.0,0.0,0.0,3.896
2021-03-01 06:00:00-03:00,0.0,0.0,0.0,3.521
2021-03-01 07:00:00-03:00,0.262,0.265,0.023,4.111
2021-03-01 08:00:00-03:00,0.551,0.555,0.066,5.979
2021-03-01 09:00:00-03:00,0.638,0.634,0.101,7.24
2021-03-01 10:00:00-03:00,0.63,0.595,0.134,8.232
2021-03-01 11:00:00-03:00,0.732,0.724,0.147,9.297
2021-03-01 12:00:00-03:00,0.853,0.922,0.134,10.273
2021-03-01 13:00:00-03:00,0.8280000000000001,0.917,0.105,10.931000000000001
2021-03-01 14:00:00-03:00,0.8130000000000001,0.883,0.11900000000000001,11.387
2021-03-01 15:00:00-03:00,0.801,0.852,0.132,11.607
2021-03-01 16:00:00-03:00,0.746,0.778,0.125,11.506
2021-03-01 17:00:00-03:00,0.67,0.6900000000000001,0.10400000000000001,11.122
2021-03-01 18:00:00-03:00,0.548,0.557,0.075,10.559
2021-03-01 19:00:00-03:00,0.281,0.277,0.04,9.401
2021-03-01 20:00:00-03:00,0.004,0.01,0.002,6.857
2021-03-01 21:00:00-03:00,0.0,0.0,0.0,6.14
2021-03-01 22:00:00-03:00,0.0,0.0,0.0,5.673
2021-03-01 23:00:00-03:00,0.0,0.0,0.0,5.2
2021-03-02 00:00:00-03:00,0.0,0.0,0.0,4.734
2021-03-02 01:00:00-03:00,0.0,0.0,0.0,4.26
2021-03-02 02:00:00-03:00,0.0,0.0,0.0,3.778
2021-03-02 03:00:00-03:00,0.0,0.0,0.0,3.342
2021-03-02 04:00:00-03:00,0.0,0.0,0.0,2.973
2021-03-02 05:00:00-03:00,0.0,0.0,0.0,2.649
2021-03-02 06:00:00-03:00,0.0,0.0,0.0,2.341
2021-03-02 07:00:00-03:00,0.44,0.462,0.02,3.177
2021-03-02 08:00:00-03:00,0.744,0.8160000000000001,0.055,5.717
2021-03-02 09:00:00-03:00,0.834,0.933,0.083,8.475
2021-03-02 10:00:00-03:00,0.871,0.984,0.106,11.019
2021-03-02 11:00:00-03:00,0.888,1.01,0.11800000000000001,12.595
2021-03-02 12:00:00-03:00,0.886,1.017,0.116,13.802
2021-03-02 13:00:00-03:00,0.856,1.013,0.079,14.717
2021-03-02 14:00:00-03:00,0.853,0.996,0.093,15.328
2021-03-02 15:00:00-03:00,0.846,0.965,0.115,15.589
2021-03-02 16:00:00-03:00,0.812,0.915,0.11,15.477
2021-03-02 17:00:00-03:00,0.748,0.833,0.092,15.021
2021-03-02 18:00:00-03:00,0.626,0.682,0.066,14.155
2021-03-02 19:00:00-03:00,0.353,0.366,0.035,11.894
2021-03-02 20:00:00-03:00,0.002,0.009000000000000001,0.002,9.026
2021-03-02 21:00:00-03:00,0.0,0.0,0.0,8.157
2021-03-02 22:00:00-03:00,0.0,0.0,0.0,7.684
2021-03-02 23:00:00-03:00,0.0,0.0,0.0,7.339
2021-03-03 00:00:00-03:00,0.0,0.0,0.0,6.946
2021-03-03 01:00:00-03:00,0.0,0.0,0.0,6.472
2021-03-03 02:00:00-03:00,0.0,0.0,0.0,5.989
2021-03-03 03:00:00-03:00,0.0,0.0,0.0,5.405
2021-03-03 04:00:00-03:00,0.0,0.0,0.0,4.925
2021-03-03 05:00:00-03:00,0.0,0.0,0.0,4.57
2021-03-03 06:00:00-03:00,0.0,0.0,0.0,4.226
2021-03-03 07:00:00-03:00,0.146,0.149,0.019,4.8
2021-03-03 08:00:00-03:00,0.486,0.483,0.062,7.094
2021-03-03 09:00:00-03:00,0.806,0.894,0.085,9.347
2021-03-03 10:00:00-03:00,0.853,0.9580000000000001,0.106,11.368
2021-03-03 11:00:00-03:00,0.87,0.983,0.11800000000000001,13.058
2021-03-03 12:00:00-03:00,0.862,0.981,0.117,14.319
2021-03-03 13:00:00-03:00,0.834,0.975,0.084,15.241
2021-03-03 14:00:00-03:00,0.8300000000000001,0.96,0.097,15.89
2021-03-03 15:00:00-03:00,0.8260000000000001,0.937,0.116,16.289
2021-03-03 16:00:00-03:00,0.793,0.891,0.11,16.374
2021-03-03 17:00:00-03:00,0.723,0.801,0.093,16.119
2021-03-03 18:00:00-03:00,0.5690000000000001,0.608,0.067,15.378
2021-03-03 19:00:00-03:00,0.313,0.324,0.035,13.087
2021-03-03 20:00:00-03:00,0.001,0.007,0.001,10.32
2021-03-03 21:00:00-03:00,0.0,0.0,0.0,9.395
2021-03-03 22:00:00-03:00,0.0,0.0,0.0,8.565
2021-03-03 23:00:00-03:00,0.0,0.0,0.0,7.752
2021-03-04 00:00:00-03:00,0.0,0.0,0.0,7.016
2021-03-04 01:00:00-03:00,0.0,0.0,0.0,6.608
2021-03-04 02:00:00-03:00,0.0,0.0,0.0,6.35
2021-03-04 03:00:00-03:00,0.0,0.0,0.0,6.009
2021-03-04 04:00:00-03:00,0.0,0.0,0.0,5.502
2021-03-04 05:00:00-03:00,0.0,0.0,0.0,5.207
2021-03-04 06:00:00-03:00,0.0,0.0,0.0,5.51
2021-03-04 07:00:00-03:00,0.059000000000000004,0.061,0.016,6.184
2021-03-04 08:00:00-03:00,0.418,0.4,0.067,7.468
2021-03-04 09:00:00-03:00,0.627,0.631,0.098,9.336
2021-03-04 10:00:00-03:00,0.755,0.794,0.121,11.274000000000001
2021-03-04 11:00:00-03:00,0.641,0.602,0.16,12.793
2021-03-04 12:00:00-03:00,0.544,0.444,0.195,13.849
2021-03-04 13:00:00-03:00,0.8180000000000001,0.927,0.107,15.426
2021-03-04 14:00:00-03:00,0.803,0.905,0.113,16.502
2021-03-04 15:00:00-03:00,0.777,0.85,0.131,17.109
2021-03-04 16:00:00-03:00,0.675,0.6990000000000001,0.131,17.367
2021-03-04 17:00:00-03:00,0.464,0.425,0.122,17.219
2021-03-04 18:00:00-03:00,0.131,0.08600000000000001,0.074,15.838
2021-03-04 19:00:00-03:00,0.042,0.032,0.028,13.48
2021-03-04 20:00:00-03:00,0.0,0.001,0.001,11.786
2021-03-04 21:00:00-03:00,0.0,0.0,0.0,11.323
2021-03-04 22:00:00-03:00,0.0,0.0,0.0,10.77
2021-03-04 23:00:00-03:00,0.0,0.0,0.0,10.204
2021-03-05 00:00:00-03:00,0.0,0.0,0.0,9.763
2021-03-05 01:00:00-03:00,0.0,0.0,0.0,9.306
2021-03-05 02:00:00-03:00,0.0,0.0,0.0,9.071
2021-03-05 03:00:00-03:00,0.0,0.0,0.0,8.925
2021-03-05 04:00:00-03:00,0.0,0.0,0.0,8.64
2021-03-05 05:00:00-03:00,0.0,0.0,0.0,7.787
2021-03-05 06:00:00-03:00,0.0,0.0,0.0,7.126
2021-03-05 07:00:00-03:00,0.052000000000000005,0.053,0.018000000000000002,7.213
2021-03-05 08:00:00-03:00,0.079,0.045,0.055,8.063
2021-03-05 09:00:00-03:00,0.111,0.044,0.091,9.36
2021-03-05 10:00:00-03:00,0.321,0.196,0.169,11.358
2021-03-05 11:00:00-03:00,0.498,0.373,0.20500000000000002,13.21
2021-03-05 12:00:00-03:00,0.517,0.366,0.23900000000000002,14.621
2021-03-05 13:00:00-03:00,0.458,0.228,0.306,15.552
2021-03-05 14:00:00-03:00,0.28800000000000003,0.07200000000000001,0.262,15.584
2021-03-05 15:00:00-03:00,0.14200000000000002,0.02,0.151,14.992
2021-03-05 16:00:00-03:00,0.10200000000000001,0.015,0.112,14.651
2021-03-05 17:00:00-03:00,0.07,0.013000000000000001,0.08,14.699
2021-03-05 18:00:00-03:00,0.032,0.008,0.042,14.667
2021-03-05 19:00:00-03:00,0.007,0.004,0.014,14.476
2021-03-05 20:00:00-03:00,0.0,0.0,0.0,13.868
2021-03-05 21:00:00-03:00,0.0,0.0,0.0,13.356
2021-03-05 22:00:00-03:00,0.0,0.0,0.0,13.25
2021-03-05 23:00:00-03:00,0.0,0.0,0.0,13.508
2021-03-06 00:00:00-03:00,0.0,0.0,0.0,13.27
2021-03-06 01:00:00-03:00,0.0,0.0,0.0,13.14
2021-03-06 02:00:00-03:00,0.0,0.0,0.0,12.813
2021-03-06 03:00:00-03:00,0.0,0.0,0.0,12.348
2021-03-06 04:00:00-03:00,0.0,0.0,0.0,12.025
2021-03-06 05:00:00-03:00,0.0,0.0,0.0,11.664
2021-03-06 06:00:00-03:00,0.0,0.0,0.0,11.217
2021-03-06 07:00:00-03:00,0.133,0.14300000000000002,0.016,10.708
2021-03-06 08:00:00-03:00,0.547,0.5730000000000001,0.058,10.48
2021-03-06 09:00:00-03:00,0.758,0.834,0.085,11.312
2021-03-06 10:00:00-03:00,0.79,0.864,0.109,12.495
2021-03-06 11:00:00-03:00,0.777,0.8290000000000001,0.129,13.335
2021-03-06 12:00:00-03:00,0.763,0.803,0.138,13.793
2021-03-06 13:00:00-03:00,0.756,0.812,0.12,14.021
2021-03-06 14:00:00-03:00,0.786,0.861,0.115,14.129
2021-03-06 15:00:00-03:00,0.768,0.8220000000000001,0.127,14.004
2021-03-06 16:00:00-03:00,0.712,0.746,0.12,13.703
2021-03-06 17:00:00-03:00,0.602,0.609,0.10200000000000001,13.145
2021-03-06 18:00:00-03:00,0.41300000000000003,0.397,0.074,12.147
2021-03-06 19:00:00-03:00,0.091,0.085,0.03,10.803
2021-03-06 20:00:00-03:00,0.0,0.001,0.0,9.532
2021-03-06 21:00:00-03:00,0.0,0.0,0.0,8.494
2021-03-06 22:00:00-03:00,0.0,0.0,0.0,7.9510000000000005
2021-03-06 23:00:00-03:00,0.0,0.0,0.0,7.77
2021-03-07 00:00:00-03:00,0.0,0.0,0.0,7.773
2021-03-07 01:00:00-03:00,0.0,0.0,0.0,7.781
2021-03-07 02:00:00-03:00,0.0,0.0,0.0,7.625
2021-03-07 03:00:00-03:00,0.0,0.0,0.0,7.302
2021-03-07 04:00:00-03:00,0.0,0.0,0.0,7.211
2021-03-07 05:00:00-03:00,0.0,0.0,0.0,7.3870000000000005
2021-03-07 06:00:00-03:00,0.0,0.0,0.0,7.418
2021-03-07 07:00:00-03:00,0.003,0.005,0.007,7.356
2021-03-07 08:00:00-03:00,0.033,0.014,0.036000000000000004,7.604
2021-03-07 09:00:00-03:00,0.083,0.027,0.077,7.8
2021-03-07 10:00:00-03:00,0.214,0.091,0.151,8.234
2021-03-07 11:00:00-03:00,0.242,0.088,0.186,8.628
2021-03-07 12:00:00-03:00,0.352,0.149,0.245,9.022
2021-03-07 13:00:00-03:00,0.367,0.124,0.28800000000000003,9.023
2021-03-07 14:00:00-03:00,0.457,0.244,0.274,9.463
2021-03-07 15:00:00-03:00,0.438,0.274,0.221,9.808
2021-03-07 16:00:00-03:00,0.41400000000000003,0.289,0.178,9.86
2021-03-07 17:00:00-03:00,0.377,0.291,0.133,9.673
2021-03-07 18:00:00-03:00,0.229,0.176,0.083,8.892
2021-03-07 19:00:00-03:00,0.059000000000000004,0.05,0.029,7.689
2021-03-07 20:00:00-03:00,0.0,0.0,0.0,6.467
2021-03-07 21:00:00-03:00,0.0,0.0,0.0,5.527
2021-03-07 22:00:00-03:00,0.0,0.0,0.0,4.946
2021-03-07 23:00:00-03:00,0.0,0.0,0.0,4.6370000000000005
2021-03-08 00:00:00-03:00,0.0,0.0,0.0,4.224
2021-03-08 01:00:00-03:00,0.0,0.0,0.0,3.6950000000000003
2021-03-08 02:00:00-03:00,0.0,0.0,0.0,3.4859999999999998
2021-03-08 03:00:00-03:00,0.0,0.0,0.0,3.475
2021-03-08 04:00:00-03:00,0.0,0.0,0.0,3.565
2021-03-08 05:00:00-03:00,0.0,0.0,0.0,4.506
2021-03-08 06:00:00-03:00,0.0,0.0,0.0,5.957
2021-03-08 07:00:00-03:00,0.004,0.006,0.007,7.036
2021-03-08 08:00:00-03:00,0.048,0.024,0.042,8.472
2021-03-08 09:00:00-03:00,0.107,0.043000000000000003,0.08700000000000001,10.081
2021-03-08 10:00:00-03:00,0.183,0.07200000000000001,0.14100000000000001,11.417
2021-03-08 11:00:00-03:00,0.26,0.10300000000000001,0.195,12.547
2021-03-08 12:00:00-03:00,0.202,0.043000000000000003,0.191,13.044
2021-03-08 13:00:00-03:00,0.337,0.099,0.28800000000000003,13.877
2021-03-08 14:00:00-03:00,0.35100000000000003,0.138,0.266,14.655
2021-03-08 15:00:00-03:00,0.531,0.41600000000000004,0.211,15.417
2021-03-08 16:00:00-03:00,0.316,0.193,0.17200000000000001,15.021
2021-03-08 17:00:00-03:00,0.459,0.40700000000000003,0.127,14.975999999999999
2021-03-08 18:00:00-03:00,0.301,0.265,0.081,14.206
2021-03-08 19:00:00-03:00,0.121,0.116,0.031,13.028
2021-03-08 20:00:00-03:00,0.0,0.0,0.0,11.798
2021-03-08 21:00:00-03:00,0.0,0.0,0.0,11.094
2021-03-08 22:00:00-03:00,0.0,0.0,0.0,10.532
2021-03-08 23:00:00-03:00,0.0,0.0,0.0,10.0
2021-03-09 00:00:00-03:00,0.0,0.0,0.0,9.6
2021-03-09 01:00:00-03:00,0.0,0.0,0.0,9.297
2021-03-09 02:00:00-03:00,0.0,0.0,0.0,9.198
2021-03-09 03:00:00-03:00,0.0,0.0,0.0,9.342
2021-03-09 04:00:00-03:00,0.0,0.0,0.0,9.493
2021-03-09 05:00:00-03:00,0.0,0.0,0.0,9.534
2021-03-09 06:00:00-03:00,0.0,0.0,0.0,9.476
2021-03-09 07:00:00-03:00,0.006,0.009000000000000001,0.007,9.288
2021-03-09 08:00:00-03:00,0.074,0.047,0.048,9.807
2021-03-09 09:00:00-03:00,0.127,0.062,0.09,10.987
2021-03-09 10:00:00-03:00,0.313,0.193,0.163,12.802
2021-03-09 11:00:00-03:00,0.098,0.016,0.106,12.999
2021-03-09 12:00:00-03:00,0.334,0.14,0.244,14.447
2021-03-09 13:00:00-03:00,0.307,0.095,0.262,16.046
2021-03-09 14:00:00-03:00,0.582,0.485,0.219,18.43
2021-03-09 15:00:00-03:00,0.6950000000000001,0.721,0.155,20.628
2021-03-09 16:00:00-03:00,0.397,0.31,0.162,20.495
2021-03-09 17:00:00-03:00,0.538,0.535,0.113,19.082
2021-03-09 18:00:00-03:00,0.506,0.53,0.07,17.319
2021-03-09 19:00:00-03:00,0.20800000000000002,0.214,0.029,14.522
2021-03-09 20:00:00-03:00,0.0,0.0,0.0,11.719
2021-03-09 21:00:00-03:00,0.0,0.0,0.0,11.939
2021-03-09 22:00:00-03:00,0.0,0.0,0.0,11.383
2021-03-09 23:00:00-03:00,0.0,0.0,0.0,10.604
2021-03-10 00:00:00-03:00,0.0,0.0,0.0,12.269
2021-03-10 01:00:00-03:00,0.0,0.0,0.0,12.416
2021-03-10 02:00:00-03:00,0.0,0.0,0.0,11.655
2021-03-10 03:00:00-03:00,0.0,0.0,0.0,10.224
2021-03-10 04:00:00-03:00,0.0,0.0,0.0,9.048
2021-03-10 05:00:00-03:00,0.0,0.0,0.0,8.025
2021-03-10 06:00:00-03:00,0.0,0.0,0.0,7.207
2021-03-10 07:00:00-03:00,0.082,0.092,0.011,6.681
2021-03-10 08:00:00-03:00,0.43,0.424,0.056,7.043
2021-03-10 09:00:00-03:00,0.657,0.674,0.088,7.809
2021-03-10 10:00:00-03:00,0.749,0.781,0.111,8.661
2021-03-10 11:00:00-03:00,0.779,0.812,0.128,9.359
2021-03-10 12:00:00-03:00,0.782,0.812,0.134,9.785
2021-03-10 13:00:00-03:00,0.755,0.778,0.13,9.852
2021-03-10 14:00:00-03:00,0.726,0.721,0.145,9.814
2021-03-10 15:00:00-03:00,0.614,0.551,0.162,9.543
2021-03-10 16:00:00-03:00,0.614,0.5760000000000001,0.136,9.449
2021-03-10 17:00:00-03:00,0.47500000000000003,0.424,0.114,9.083
2021-03-10 18:00:00-03:00,0.125,0.083,0.065,8.184
2021-03-10 19:00:00-03:00,0.027,0.025,0.018000000000000002,7.2
2021-03-10 20:00:00-03:00,0.0,0.0,0.0,6.136
2021-03-10 21:00:00-03:00,0.0,0.0,0.0,5.515
2021-03-10 22:00:00-03:00,0.0,0.0,0.0,4.73
2021-03-10 23:00:00-03:00,0.0,0.0,0.0,4.7059999999999995
2021-03-11 00:00:00-03:00,0.0,0.0,0.0,5.5280000000000005
2021-03-11 01:00:00-03:00,0.0,0.0,0.0,6.211
2021-03-11 02:00:00-03:00,0.0,0.0,0.0,6.632
2021-03-11 03:00:00-03:00,0.0,0.0,0.0,6.329
2021-03-11 04:00:00-03:00,0.0,0.0,0.0,5.256
2021-03-11 05:00:00-03:00,0.0,0.0,0.0,4.905
2021-03-11 06:00:00-03:00,0.0,0.0,0.0,4.864
2021-03-11 07:00:00-03:00,0.029,0.035,0.009000000000000001,4.926
2021-03-11 08:00:00-03:00,0.26,0.229,0.059000000000000004,5.676
2021-03-11 09:00:00-03:00,0.372,0.301,0.112,6.804
2021-03-11 10:00:00-03:00,0.129,0.039,0.113,7.397
2021-03-11 11:00:00-03:00,0.195,0.054,0.168,8.224
2021-03-11 12:00:00-03:00,0.251,0.07,0.213,8.86
2021-03-11 13:00:00-03:00,0.42,0.181,0.293,9.475
2021-03-11 14:00:00-03:00,0.39,0.178,0.262,9.868
2021-03-11 15:00:00-03:00,0.528,0.397,0.211,10.686
2021-03-11 16:00:00-03:00,0.203,0.08,0.152,10.377
2021-03-11 17:00:00-03:00,0.242,0.147,0.128,10.388
2021-03-11 18:00:00-03:00,0.111,0.067,0.068,9.861
2021-03-11 19:00:00-03:00,0.012,0.011,0.013000000000000001,8.928
2021-03-11 20:00:00-03:00,0.0,0.0,0.0,8.349
2021-03-11 21:00:00-03:00,0.0,0.0,0.0,8.196
2021-03-11 22:00:00-03:00,0.0,0.0,0.0,8.186
2021-03-11 23:00:00-03:00,0.0,0.0,0.0,8.228
2021-03-12 00:00:00-03:00,0.0,0.0,0.0,8.276
2021-03-12 01:00:00-03:00,0.0,0.0,0.0,8.367
2021-03-12 02:00:00-03:00,0.0,0.0,0.0,8.514
2021-03-12 03:00:00-03:00,0.0,0.0,0.0,8.679
2021-03-12 04:00:00-03:00,0.0,0.0,0.0,8.842
2021-03-12 05:00:00-03:00,0.0,0.0,0.0,9.1
2021-03-12 06:00:00-03:00,0.0,0.0,0.0,9.512
2021-03-12 07:00:00-03:00,0.001,0.003,0.004,9.982
2021-03-12 08:00:00-03:00,0.08,0.054,0.048,10.722
2021-03-12 09:00:00-03:00,0.091,0.035,0.079,11.576
2021-03-12 10:00:00-03:00,0.149,0.049,0.128,12.375
2021-03-12 11:00:00-03:00,0.217,0.07,0.181,13.228
2021-03-12 12:00:00-03:00,0.23,0.06,0.20600000000000002,13.867
2021-03-12 13:00:00-03:00,0.47800000000000004,0.258,0.299,14.895
2021-03-12 14:00:00-03:00,0.261,0.064,0.23800000000000002,14.691
2021-03-12 15:00:00-03:00,0.234,0.07100000000000001,0.201,14.437
2021-03-12 16:00:00-03:00,0.228,0.098,0.166,14.207
2021-03-12 17:00:00-03:00,0.23600000000000002,0.145,0.127,13.765
2021-03-12 18:00:00-03:00,0.153,0.107,0.074,12.997
2021-03-12 19:00:00-03:00,0.026000000000000002,0.025,0.017,11.945
2021-03-12 20:00:00-03:00,0.0,0.0,0.0,11.317
2021-03-12 21:00:00-03:00,0.0,0.0,0.0,10.998
2021-03-12 22:00:00-03:00,0.0,0.0,0.0,10.564
2021-03-12 23:00:00-03:00,0.0,0.0,0.0,9.635
2021-03-13 00:00:00-03:00,0.0,0.0,0.0,7.949
2021-03-13 01:00:00-03:00,0.0,0.0,0.0,6.471
2021-03-13 02:00:00-03:00,0.0,0.0,0.0,5.605
2021-03-13 03:00:00-03:00,0.0,0.0,0.0,5.105
2021-03-13 04:00:00-03:00,0.0,0.0,0.0,4.859
2021-03-13 05:00:00-03:00,0.0,0.0,0.0,4.743
2021-03-13 06:00:00-03:00,0.0,0.0,0.0,4.608
2021-03-13 07:00:00-03:00,0.059000000000000004,0.07,0.007,4.472
2021-03-13 08:00:00-03:00,0.5,0.51,0.047,5.259
2021-03-13 09:00:00-03:00,0.68,0.711,0.078,6.902
2021-03-13 10:00:00-03:00,0.739,0.775,0.101,8.17
2021-03-13 11:00:00-03:00,0.781,0.8280000000000001,0.114,9.283
2021-03-13 12:00:00-03:00,0.8170000000000001,0.892,0.109,10.374
2021-03-13 13:00:00-03:00,0.8170000000000001,0.925,0.081,11.268
2021-03-13 14:00:00-03:00,0.8200000000000001,0.929,0.08700000000000001,11.864
2021-03-13 15:00:00-03:00,0.834,0.9400000000000001,0.099,12.218
2021-03-13 16:00:00-03:00,0.802,0.895,0.095,12.166
2021-03-13 17:00:00-03:00,0.728,0.8,0.079,11.779
2021-03-13 18:00:00-03:00,0.5650000000000001,0.6000000000000001,0.055,10.858
2021-03-13 19:00:00-03:00,0.232,0.244,0.018000000000000002,8.469
2021-03-13 20:00:00-03:00,0.0,0.0,0.0,5.958
2021-03-13 21:00:00-03:00,0.0,0.0,0.0,5.51
2021-03-13 22:00:00-03:00,0.0,0.0,0.0,5.007
2021-03-13 23:00:00-03:00,0.0,0.0,0.0,4.366
2021-03-14 00:00:00-03:00,0.0,0.0,0.0,4.586
2021-03-14 01:00:00-03:00,0.0,0.0,0.0,5.027
2021-03-14 02:00:00-03:00,0.0,0.0,0.0,5.063
2021-03-14 03:00:00-03:00,0.0,0.0,0.0,4.692
2021-03-14 04:00:00-03:00,0.0,0.0,0.0,4.657
2021-03-14 05:00:00-03:00,0.0,0.0,0.0,4.57
2021-03-14 06:00:00-03:00,0.0,0.0,0.0,4.895
2021-03-14 07:00:00-03:00,0.001,0.004,0.004,5.367
2021-03-14 08:00:00-03:00,0.093,0.068,0.046,6.673
2021-03-14 09:00:00-03:00,0.254,0.18,0.105,8.351
2021-03-14 10:00:00-03:00,0.27,0.156,0.149,9.812
2021-03-14 11:00:00-03:00,0.34700000000000003,0.199,0.194,11.043
2021-03-14 12:00:00-03:00,0.538,0.41100000000000003,0.215,12.377
2021-03-14 13:00:00-03:00,0.715,0.7010000000000001,0.168,13.637
2021-03-14 14:00:00-03:00,0.67,0.62,0.189,14.349
2021-03-14 15:00:00-03:00,0.256,0.093,0.202,13.943
2021-03-14 16:00:00-03:00,0.08600000000000001,0.013000000000000001,0.096,13.054
2021-03-14 17:00:00-03:00,0.038,0.005,0.05,12.116
2021-03-14 18:00:00-03:00,0.013000000000000001,0.003,0.022,11.26
2021-03-14 19:00:00-03:00,0.001,0.002,0.006,10.452
2021-03-14 20:00:00-03:00,0.0,0.0,0.0,9.454
2021-03-14 21:00:00-03:00,0.0,0.0,0.0,8.854
2021-03-14 22:00:00-03:00,0.0,0.0,0.0,8.407
2021-03-14 23:00:00-03:00,0.0,0.0,0.0,8.25
2021-03-15 00:00:00-03:00,0.0,0.0,0.0,8.293
2021-03-15 01:00:00-03:00,0.0,0.0,0.0,8.239
2021-03-15 02:00:00-03:00,0.0,0.0,0.0,8.518
2021-03-15 03:00:00-03:00,0.0,0.0,0.0,8.771
2021-03-15 04:00:00-03:00,0.0,0.0,0.0,8.669
2021-03-15 05:00:00-03:00,0.0,0.0,0.0,8.211
2021-03-15 06:00:00-03:00,0.0,0.0,0.0,7.851
2021-03-15 07:00:00-03:00,0.044,0.056,0.006,7.632
2021-03-15 08:00:00-03:00,0.47700000000000004,0.492,0.046,8.266
2021-03-15 09:00:00-03:00,0.429,0.396,0.088,9.571
2021-03-15 10:00:00-03:00,0.637,0.634,0.112,10.132
2021-03-15 11:00:00-03:00,0.787,0.843,0.114,10.434
2021-03-15 12:00:00-03:00,0.8190000000000001,0.896,0.109,10.704
2021-03-15 13:00:00-03:00,0.779,0.847,0.101,10.897
2021-03-15 14:00:00-03:00,0.764,0.8130000000000001,0.112,10.757
2021-03-15 15:00:00-03:00,0.755,0.795,0.117,10.545
2021-03-15 16:00:00-03:00,0.722,0.756,0.106,10.238
2021-03-15 17:00:00-03:00,0.643,0.665,0.08700000000000001,9.586
2021-03-15 18:00:00-03:00,0.356,0.334,0.064,8.274000000000001
2021-03-15 19:00:00-03:00,0.012,0.014,0.009000000000000001,6.862
2021-03-15 20:00:00-03:00,0.0,0.0,0.0,5.765
2021-03-15 21:00:00-03:00,0.0,0.0,0.0,4.709
2021-03-15 22:00:00-03:00,0.0,0.0,0.0,3.7439999999999998
2021-03-15 23:00:00-03:00,0.0,0.0,0.0,3.217
2021-03-16 00:00:00-03:00,0.0,0.0,0.0,2.974
2021-03-16 01:00:00-03:00,0.0,0.0,0.0,2.867
2021-03-16 02:00:00-03:00,0.0,0.0,0.0,2.781
2021-03-16 03:00:00-03:00,0.0,0.0,0.0,2.725
2021-03-16 04:00:00-03:00,0.0,0.0,0.0,2.622
2021-03-16 05:00:00-03:00,0.0,0.0,0.0,2.492
2021-03-16 06:00:00-03:00,0.0,0.0,0.0,2.398
2021-03-16 07:00:00-03:00,0.008,0.014,0.004,2.445
2021-03-16 08:00:00-03:00,0.17300000000000001,0.148,0.046,3.175
2021-03-16 09:00:00-03:00,0.336,0.273,0.096,4.492
2021-03-16 10:00:00-03:00,0.455,0.368,0.137,5.737
2021-03-16 11:00:00-03:00,0.483,0.368,0.17300000000000001,6.801
2021-03-16 12:00:00-03:00,0.545,0.424,0.196,7.843
2021-03-16 13:00:00-03:00,0.638,0.555,0.187,8.826
2021-03-16 14:00:00-03:00,0.677,0.633,0.165,9.633
2021-03-16 15:00:00-03:00,0.496,0.385,0.18,9.961
2021-03-16 16:00:00-03:00,0.518,0.45,0.14300000000000002,10.163
2021-03-16 17:00:00-03:00,0.48,0.44,0.106,9.957
2021-03-16 18:00:00-03:00,0.203,0.167,0.065,9.198
2021-03-16 19:00:00-03:00,0.035,0.039,0.013000000000000001,8.135
2021-03-16 20:00:00-03:00,0.0,0.0,0.0,7.455
2021-03-16 21:00:00-03:00,0.0,0.0,0.0,7.135
2021-03-16 22:00:00-03:00,0.0,0.0,0.0,6.869
2021-03-16 23:00:00-03:00,0.0,0.0,0.0,6.739
2021-03-17 00:00:00-03:00,0.0,0.0,0.0,6.625
2021-03-17 01:00:00-03:00,0.0,0.0,0.0,6.57
2021-03-17 02:00:00-03:00,0.0,0.0,0.0,6.552
2021-03-17 03:00:00-03:00,0.0,0.0,0.0,6.805
2021-03-17 04:00:00-03:00,0.0,0.0,0.0,6.91
2021-03-17 05:00:00-03:00,0.0,0.0,0.0,6.89
2021-03-17 06:00:00-03:00,0.0,0.0,0.0,6.853
2021-03-17 07:00:00-03:00,0.001,0.004,0.003,6.773
2021-03-17 08:00:00-03:00,0.1,0.08,0.041,7.079
2021-03-17 09:00:00-03:00,0.114,0.059000000000000004,0.078,7.871
2021-03-17 10:00:00-03:00,0.121,0.039,0.105,8.639
2021-03-17 11:00:00-03:00,0.166,0.053,0.14,9.466
2021-03-17 12:00:00-03:00,0.744,0.757,0.14200000000000002,11.506
2021-03-17 13:00:00-03:00,0.797,0.891,0.096,12.975999999999999
2021-03-17 14:00:00-03:00,0.797,0.89,0.099,13.513
2021-03-17 15:00:00-03:00,0.788,0.87,0.108,13.699
2021-03-17 16:00:00-03:00,0.753,0.8240000000000001,0.101,13.659
2021-03-17 17:00:00-03:00,0.675,0.729,0.082,13.107
2021-03-17 18:00:00-03:00,0.493,0.512,0.056,11.869
2021-03-17 19:00:00-03:00,0.129,0.14,0.014,9.961
2021-03-17 20:00:00-03:00,0.0,0.0,0.0,8.341
2021-03-17 21:00:00-03:00,0.0,0.0,0.0,7.381
2021-03-17 22:00:00-03:00,0.0,0.0,0.0,7.018
2021-03-17 23:00:00-03:00,0.0,0.0,0.0,6.895
2021-03-18 00:00:00-03:00,0.0,0.0,0.0,6.825
2021-03-18 01:00:00-03:00,0.0,0.0,0.0,6.819
2021-03-18 02:00:00-03:00,0.0,0.0,0.0,6.836
2021-03-18 03:00:00-03:00,0.0,0.0,0.0,6.9350000000000005
2021-03-18 04:00:00-03:00,0.0,0.0,0.0,7.114
2021-03-18 05:00:00-03:00,0.0,0.0,0.0,7.35
2021-03-18 06:00:00-03:00,0.0,0.0,0.0,7.633
2021-03-18 07:00:00-03:00,0.0,0.001,0.002,7.767
2021-03-18 08:00:00-03:00,0.013000000000000001,0.007,0.019,8.124
2021-03-18 09:00:00-03:00,0.062,0.019,0.062,8.708
2021-03-18 10:00:00-03:00,0.184,0.074,0.137,9.704
2021-03-18 11:00:00-03:00,0.23600000000000002,0.08700000000000001,0.181,10.641
2021-03-18 12:00:00-03:00,0.334,0.138,0.24,11.417
2021-03-18 13:00:00-03:00,0.35000000000000003,0.11800000000000001,0.28,11.899000000000001
2021-03-18 14:00:00-03:00,0.321,0.105,0.26,12.14
2021-03-18 15:00:00-03:00,0.223,0.065,0.192,12.008
2021-03-18 16:00:00-03:00,0.218,0.089,0.161,11.913
2021-03-18 17:00:00-03:00,0.132,0.054,0.10400000000000001,11.507
2021-03-18 18:00:00-03:00,0.036000000000000004,0.014,0.04,10.869
2021-03-18 19:00:00-03:00,0.001,0.003,0.005,10.192
2021-03-18 20:00:00-03:00,0.0,0.0,0.0,9.718
2021-03-18 21:00:00-03:00,0.0,0.0,0.0,9.435
2021-03-18 22:00:00-03:00,0.0,0.0,0.0,9.317
2021-03-18 23:00:00-03:00,0.0,0.0,0.0,9.201
2021-03-19 00:00:00-03:00,0.0,0.0,0.0,9.022
2021-03-19 01:00:00-03:00,0.0,0.0,0.0,8.798
2021-03-19 02:00:00-03:00,0.0,0.0,0.0,8.553
2021-03-19 03:00:00-03:00,0.0,0.0,0.0,8.304
2021-03-19 04:00:00-03:00,0.0,0.0,0.0,8.08
2021-03-19 05:00:00-03:00,0.0,0.0,0.0,7.963
2021-03-19 06:00:00-03:00,0.0,0.0,0.0,7.953
2021-03-19 07:00:00-03:00,0.0,0.003,0.002,7.833
2021-03-19 08:00:00-03:00,0.079,0.063,0.037,8.441
2021-03-19 09:00:00-03:00,0.111,0.056,0.078,9.58
2021-03-19 10:00:00-03:00,0.128,0.044,0.109,10.639
2021-03-19 11:00:00-03:00,0.396,0.268,0.184,11.981
2021-03-19 12:00:00-03:00,0.679,0.655,0.16,13.13
2021-03-19 13:00:00-03:00,0.73,0.752,0.137,13.36
2021-03-19 14:00:00-03:00,0.7010000000000001,0.6920000000000001,0.154,12.967
2021-03-19 15:00:00-03:00,0.403,0.259,0.201,11.963
2021-03-19 16:00:00-03:00,0.161,0.057,0.131,10.557
2021-03-19 17:00:00-03:00,0.224,0.14200000000000002,0.114,10.204
2021-03-19 18:00:00-03:00,0.11800000000000001,0.083,0.058,9.744
2021-03-19 19:00:00-03:00,0.009000000000000001,0.013000000000000001,0.008,8.858
2021-03-19 20:00:00-03:00,0.0,0.0,0.0,7.968
2021-03-19 21:00:00-03:00,0.0,0.0,0.0,6.8260000000000005
2021-03-19 22:00:00-03:00,0.0,0.0,0.0,5.961
2021-03-19 23:00:00-03:00,0.0,0.0,0.0,5.587
2021-03-20 00:00:00-03:00,0.0,0.0,0.0,5.375
2021-03-20 01:00:00-03:00,0.0,0.0,0.0,5.142
2021-03-20 02:00:00-03:00,0.0,0.0,0.0,4.807
2021-03-20 03:00:00-03:00,0.0,0.0,0.0,4.5120000000000005
2021-03-20 04:00:00-03:00,0.0,0.0,0.0,4.267
2021-03-20 05:00:00-03:00,0.0,0.0,0.0,4.101
2021-03-20 06:00:00-03:00,0.0,0.0,0.0,3.951
2021-03-20 07:00:00-03:00,0.004,0.01,0.002,3.8120000000000003
2021-03-20 08:00:00-03:00,0.32,0.309,0.041,4.346
2021-03-20 09:00:00-03:00,0.554,0.544,0.08,5.631
2021-03-20 10:00:00-03:00,0.627,0.609,0.11,6.958
2021-03-20 11:00:00-03:00,0.679,0.661,0.133,8.269
2021-03-20 12:00:00-03:00,0.553,0.459,0.17500000000000002,9.407
2021-03-20 13:00:00-03:00,0.73,0.746,0.129,10.756
2021-03-20 14:00:00-03:00,0.717,0.73,0.131,11.472
2021-03-20 15:00:00-03:00,0.582,0.524,0.155,11.643
2021-03-20 16:00:00-03:00,0.433,0.352,0.14200000000000002,11.545
2021-03-20 17:00:00-03:00,0.34,0.279,0.106,11.243
2021-03-20 18:00:00-03:00,0.14,0.111,0.055,10.539
2021-03-20 19:00:00-03:00,0.029,0.036000000000000004,0.009000000000000001,9.442
2021-03-20 20:00:00-03:00,0.0,0.0,0.0,8.325
2021-03-20 21:00:00-03:00,0.0,0.0,0.0,7.651
2021-03-20 22:00:00-03:00,0.0,0.0,0.0,7.238
2021-03-20 23:00:00-03:00,0.0,0.0,0.0,6.904
2021-03-21 00:00:00-03:00,0.0,0.0,0.0,6.833
2021-03-21 01:00:00-03:00,0.0,0.0,0.0,6.991
2021-03-21 02:00:00-03:00,0.0,0.0,0.0,7.116
2021-03-21 03:00:00-03:00,0.0,0.0,0.0,7.163
2021-03-21 04:00:00-03:00,0.0,0.0,0.0,7.162
2021-03-21 05:00:00-03:00,0.0,0.0,0.0,7.027
2021-03-21 06:00:00-03:00,0.0,0.0,0.0,6.867
2021-03-21 07:00:00-03:00,0.0,0.003,0.001,7.088
2021-03-21 08:00:00-03:00,0.06,0.047,0.032,8.001
2021-03-21 09:00:00-03:00,0.19,0.131,0.08700000000000001,9.372
2021-03-21 10:00:00-03:00,0.523,0.47200000000000003,0.129,10.972
2021-03-21 11:00:00-03:00,0.5760000000000001,0.514,0.16,12.27
2021-03-21 12:00:00-03:00,0.403,0.243,0.219,13.054
2021-03-21 13:00:00-03:00,0.41300000000000003,0.217,0.258,13.775
2021-03-21 14:00:00-03:00,0.503,0.359,0.229,14.641
2021-03-21 15:00:00-03:00,0.366,0.217,0.20500000000000002,14.97
2021-03-21 16:00:00-03:00,0.14300000000000002,0.047,0.125,14.656
2021-03-21 17:00:00-03:00,0.158,0.085,0.10300000000000001,14.57
2021-03-21 18:00:00-03:00,0.084,0.056,0.051000000000000004,13.679
2021-03-21 19:00:00-03:00,0.005,0.008,0.006,11.65
2021-03-21 20:00:00-03:00,0.0,0.0,0.0,10.891
2021-03-21 21:00:00-03:00,0.0,0.0,0.0,10.558
2021-03-21 22:00:00-03:00,0.0,0.0,0.0,10.305
2021-03-21 23:00:00-03:00,0.0,0.0,0.0,10.115
2021-03-22 00:00:00-03:00,0.0,0.0,0.0,9.647
2021-03-22 01:00:00-03:00,0.0,0.0,0.0,9.303
2021-03-22 02:00:00-03:00,0.0,0.0,0.0,8.949
2021-03-22 03:00:00-03:00,0.0,0.0,0.0,8.971
2021-03-22 04:00:00-03:00,0.0,0.0,0.0,8.909
2021-03-22 05:00:00-03:00,0.0,0.0,0.0,8.72
2021-03-22 06:00:00-03:00,0.0,0.0,0.0,8.665
2021-03-22 07:00:00-03:00,0.0,0.001,0.001,8.92
2021-03-22 08:00:00-03:00,0.255,0.248,0.04,9.186
2021-03-22 09:00:00-03:00,0.631,0.663,0.074,10.267
2021-03-22 10:00:00-03:00,0.712,0.762,0.098,12.731
2021-03-22 11:00:00-03:00,0.739,0.796,0.115,14.757
2021-03-22 12:00:00-03:00,0.75,0.8130000000000001,0.12,15.863
2021-03-22 13:00:00-03:00,0.739,0.799,0.12,16.426
2021-03-22 14:00:00-03:00,0.56,0.47500000000000003,0.193,16.264
2021-03-22 15:00:00-03:00,0.319,0.17200000000000001,0.196,15.642
2021-03-22 16:00:00-03:00,0.134,0.041,0.122,14.73
2021-03-22 17:00:00-03:00,0.045,0.01,0.054,13.702
2021-03-22 18:00:00-03:00,0.023,0.01,0.029,12.696
2021-03-22 19:00:00-03:00,0.001,0.004,0.004,11.222
2021-03-22 20:00:00-03:00,0.0,0.0,0.0,9.864
2021-03-22 21:00:00-03:00,0.0,0.0,0.0,8.927
2021-03-22 22:00:00-03:00,0.0,0.0,0.0,8.773
2021-03-22 23:00:00-03:00,0.0,0.0,0.0,8.715
2021-03-23 00:00:00-03:00,0.0,0.0,0.0,8.354
2021-03-23 01:00:00-03:00,0.0,0.0,0.0,8.438
2021-03-23 02:00:00-03:00,0.0,0.0,0.0,9.07
2021-03-23 03:00:00-03:00,0.0,0.0,0.0,9.212
2021-03-23 04:00:00-03:00,0.0,0.0,0.0,9.121
2021-03-23 05:00:00-03:00,0.0,0.0,0.0,8.795
2021-03-23 06:00:00-03:00,0.0,0.0,0.0,8.406
2021-03-23 07:00:00-03:00,0.0,0.0,0.0,7.929
2021-03-23 08:00:00-03:00,0.012,0.007,0.017,8.092
2021-03-23 09:00:00-03:00,0.038,0.01,0.046,8.677
2021-03-23 10:00:00-03:00,0.079,0.015,0.085,9.275
2021-03-23 11:00:00-03:00,0.134,0.026000000000000002,0.133,10.342
2021-03-23 12:00:00-03:00,0.24,0.063,0.211,11.336
2021-03-23 13:00:00-03:00,0.279,0.07200000000000001,0.246,11.786
2021-03-23 14:00:00-03:00,0.44,0.254,0.251,12.587
2021-03-23 15:00:00-03:00,0.485,0.364,0.196,12.754
2021-03-23 16:00:00-03:00,0.325,0.209,0.16,12.058
2021-03-23 17:00:00-03:00,0.187,0.108,0.108,11.165
2021-03-23 18:00:00-03:00,0.049,0.026000000000000002,0.041,10.054
2021-03-23 19:00:00-03:00,0.002,0.005,0.005,8.753
2021-03-23 20:00:00-03:00,0.0,0.0,0.0,7.449
2021-03-23 21:00:00-03:00,0.0,0.0,0.0,6.123
2021-03-23 22:00:00-03:00,0.0,0.0,0.0,5.013
2021-03-23 23:00:00-03:00,0.0,0.0,0.0,4.069
2021-03-24 00:00:00-03:00,0.0,0.0,0.0,3.393
2021-03-24 01:00:00-03:00,0.0,0.0,0.0,3.163
2021-03-24 02:00:00-03:00,0.0,0.0,0.0,3.263
2021-03-24 03:00:00-03:00,0.0,0.0,0.0,3.52
2021-03-24 04:00:00-03:00,0.0,0.0,0.0,3.947
2021-03-24 05:00:00-03:00,0.0,0.0,0.0,4.267
2021-03-24 06:00:00-03:00,0.0,0.0,0.0,4.253
2021-03-24 07:00:00-03:00,0.0,0.003,0.001,4.11
2021-03-24 08:00:00-03:00,0.232,0.222,0.035,4.457
2021-03-24 09:00:00-03:00,0.427,0.394,0.079,5.426
2021-03-24 10:00:00-03:00,0.5740000000000001,0.54,0.11,6.487
2021-03-24 11:00:00-03:00,0.64,0.609,0.131,7.587
2021-03-24 12:00:00-03:00,0.674,0.646,0.14200000000000002,8.526
2021-03-24 13:00:00-03:00,0.662,0.625,0.151,9.386
2021-03-24 14:00:00-03:00,0.629,0.578,0.157,10.035
2021-03-24 15:00:00-03:00,0.63,0.597,0.14,10.343
2021-03-24 16:00:00-03:00,0.47100000000000003,0.406,0.13,10.234
2021-03-24 17:00:00-03:00,0.458,0.428,0.092,10.049
2021-03-24 18:00:00-03:00,0.244,0.223,0.052000000000000005,9.356
2021-03-24 19:00:00-03:00,0.011,0.018000000000000002,0.005,8.26
2021-03-24 20:00:00-03:00,0.0,0.0,0.0,7.384
2021-03-24 21:00:00-03:00,0.0,0.0,0.0,6.893
2021-03-24 22:00:00-03:00,0.0,0.0,0.0,6.769
2021-03-24 23:00:00-03:00,0.0,0.0,0.0,6.718
2021-03-25 00:00:00-03:00,0.0,0.0,0.0,6.624
2021-03-25 01:00:00-03:00,0.0,0.0,0.0,6.36
2021-03-25 02:00:00-03:00,0.0,0.0,0.0,6.087
2021-03-25 03:00:00-03:00,0.0,0.0,0.0,5.876
2021-03-25 04:00:00-03:00,0.0,0.0,0.0,5.715
2021-03-25 05:00:00-03:00,0.0,0.0,0.0,5.371
2021-03-25 06:00:00-03:00,0.0,0.0,0.0,4.822
2021-03-25 07:00:00-03:00,0.0,0.001,0.001,4.467
2021-03-25 08:00:00-03:00,0.078,0.068,0.029,4.773
2021-03-25 09:00:00-03:00,0.166,0.109,0.081,6.463
2021-03-25 10:00:00-03:00,0.177,0.083,0.121,9.033
2021-03-25 11:00:00-03:00,0.168,0.051000000000000004,0.145,10.953
2021-03-25 12:00:00-03:00,0.263,0.094,0.20600000000000002,12.255
2021-03-25 13:00:00-03:00,0.41600000000000004,0.23,0.247,13.268
2021-03-25 14:00:00-03:00,0.579,0.489,0.195,13.833
2021-03-25 15:00:00-03:00,0.354,0.218,0.186,13.113
2021-03-25 16:00:00-03:00,0.451,0.378,0.139,12.085
2021-03-25 17:00:00-03:00,0.615,0.637,0.082,11.052
2021-03-25 18:00:00-03:00,0.357,0.35100000000000003,0.051000000000000004,9.808
2021-03-25 19:00:00-03:00,0.009000000000000001,0.015,0.005,8.693
2021-03-25 20:00:00-03:00,0.0,0.0,0.0,8.114
2021-03-25 21:00:00-03:00,0.0,0.0,0.0,7.654
2021-03-25 22:00:00-03:00,0.0,0.0,0.0,7.2620000000000005
2021-03-25 23:00:00-03:00,0.0,0.0,0.0,6.869
2021-03-26 00:00:00-03:00,0.0,0.0,0.0,6.494
2021-03-26 01:00:00-03:00,0.0,0.0,0.0,6.24
2021-03-26 02:00:00-03:00,0.0,0.0,0.0,6.005
2021-03-26 03:00:00-03:00,0.0,0.0,0.0,5.704
2021-03-26 04:00:00-03:00,0.0,0.0,0.0,5.475
2021-03-26 05:00:00-03:00,0.0,0.0,0.0,5.58
2021-03-26 06:00:00-03:00,0.0,0.0,0.0,5.735
2021-03-26 07:00:00-03:00,0.0,0.001,0.0,5.635
2021-03-26 08:00:00-03:00,0.061,0.055,0.024,5.748
2021-03-26 09:00:00-03:00,0.358,0.318,0.079,6.447
2021-03-26 10:00:00-03:00,0.521,0.47600000000000003,0.113,7.6690000000000005
2021-03-26 11:00:00-03:00,0.48,0.392,0.15,8.815
2021-03-26 12:00:00-03:00,0.579,0.509,0.16,9.993
2021-03-26 13:00:00-03:00,0.749,0.799,0.107,11.293
2021-03-26 14:00:00-03:00,0.751,0.812,0.10200000000000001,12.258
2021-03-26 15:00:00-03:00,0.746,0.81,0.10200000000000001,13.04
2021-03-26 16:00:00-03:00,0.711,0.771,0.092,13.564
2021-03-26 17:00:00-03:00,0.599,0.634,0.075,13.579
2021-03-26 18:00:00-03:00,0.335,0.334,0.046,11.866
2021-03-26 19:00:00-03:00,0.014,0.023,0.005,8.806000000000001
2021-03-26 20:00:00-03:00,0.0,0.0,0.0,8.043
2021-03-26 21:00:00-03:00,0.0,0.0,0.0,7.643
2021-03-26 22:00:00-03:00,0.0,0.0,0.0,7.704
2021-03-26 23:00:00-03:00,0.0,0.0,0.0,7.835
2021-03-27 00:00:00-03:00,0.0,0.0,0.0,7.999
2021-03-27 01:00:00-03:00,0.0,0.0,0.0,8.324
2021-03-27 02:00:00-03:00,0.0,0.0,0.0,8.281
2021-03-27 03:00:00-03:00,0.0,0.0,0.0,8.062
2021-03-27 04:00:00-03:00,0.0,0.0,0.0,7.7780000000000005
2021-03-27 05:00:00-03:00,0.0,0.0,0.0,7.682
2021-03-27 06:00:00-03:00,0.0,0.0,0.0,7.702
2021-03-27 07:00:00-03:00,0.0,0.0,0.0,7.712
2021-03-27 08:00:00-03:00,0.004,0.003,0.01,8.048
2021-03-27 09:00:00-03:00,0.067,0.025,0.062,8.872
2021-03-27 10:00:00-03:00,0.081,0.016,0.08600000000000001,9.848
2021-03-27 11:00:00-03:00,0.067,0.006,0.081,10.549
2021-03-27 12:00:00-03:00,0.132,0.014,0.14400000000000002,11.425
2021-03-27 13:00:00-03:00,0.158,0.016,0.17,12.596
2021-03-27 14:00:00-03:00,0.255,0.063,0.231,14.53
2021-03-27 15:00:00-03:00,0.242,0.084,0.199,16.468
2021-03-27 16:00:00-03:00,0.084,0.015,0.093,16.433
2021-03-27 17:00:00-03:00,0.10400000000000001,0.043000000000000003,0.08600000000000001,15.09
2021-03-27 18:00:00-03:00,0.232,0.213,0.054,12.498
2021-03-27 19:00:00-03:00,0.005,0.011,0.004,9.725999999999999
2021-03-27 20:00:00-03:00,0.0,0.0,0.0,8.989
2021-03-27 21:00:00-03:00,0.0,0.0,0.0,8.723
2021-03-27 22:00:00-03:00,0.0,0.0,0.0,8.565
2021-03-27 23:00:00-03:00,0.0,0.0,0.0,8.301
2021-03-28 00:00:00-03:00,0.0,0.0,0.0,8.091
2021-03-28 01:00:00-03:00,0.0,0.0,0.0,7.9879999999999995
2021-03-28 02:00:00-03:00,0.0,0.0,0.0,7.811
2021-03-28 03:00:00-03:00,0.0,0.0,0.0,7.502
2021-03-28 04:00:00-03:00,0.0,0.0,0.0,7.126
2021-03-28 05:00:00-03:00,0.0,0.0,0.0,6.768
2021-03-28 06:00:00-03:00,0.0,0.0,0.0,6.3629999999999995
2021-03-28 07:00:00-03:00,0.0,0.0,0.0,5.806
2021-03-28 08:00:00-03:00,0.377,0.39,0.027,5.76
2021-03-28 09:00:00-03:00,0.662,0.708,0.057,6.918
2021-03-28 10:00:00-03:00,0.773,0.849,0.075,8.283
2021-03-28 11:00:00-03:00,0.8160000000000001,0.911,0.084,9.5
2021-03-28 12:00:00-03:00,0.8240000000000001,0.933,0.08,10.568
2021-03-28 13:00:00-03:00,0.786,0.885,0.076,11.431
2021-03-28 14:00:00-03:00,0.771,0.859,0.084,12.047
2021-03-28 15:00:00-03:00,0.798,0.902,0.083,12.477
2021-03-28 16:00:00-03:00,0.759,0.848,0.079,12.54
2021-03-28 17:00:00-03:00,0.629,0.677,0.067,12.205
2021-03-28 18:00:00-03:00,0.352,0.356,0.041,10.486
2021-03-28 19:00:00-03:00,0.015,0.024,0.003,8.318
2021-03-28 20:00:00-03:00,0.0,0.0,0.0,8.031
2021-03-28 21:00:00-03:00,0.0,0.0,0.0,7.737
2021-03-28 22:00:00-03:00,0.0,0.0,0.0,6.648
2021-03-28 23:00:00-03:00,0.0,0.0,0.0,5.518
2021-03-29 00:00:00-03:00,0.0,0.0,0.0,4.649
2021-03-29 01:00:00-03:00,0.0,0.0,0.0,4.142
2021-03-29 02:00:00-03:00,0.0,0.0,0.0,3.876
2021-03-29 03:00:00-03:00,0.0,0.0,0.0,3.886
2021-03-29 04:00:00-03:00,0.0,0.0,0.0,4.404
2021-03-29 05:00:00-03:00,0.0,0.0,0.0,5.417
2021-03-29 06:00:00-03:00,0.0,0.0,0.0,5.83
2021-03-29 07:00:00-03:00,0.0,0.0,0.0,5.623
2021-03-29 08:00:00-03:00,0.012,0.009000000000000001,0.014,5.72
2021-03-29 09:00:00-03:00,0.047,0.015,0.05,6.195
2021-03-29 10:00:00-03:00,0.105,0.027,0.1,7.15
2021-03-29 11:00:00-03:00,0.129,0.022,0.13,8.616
2021-03-29 12:00:00-03:00,0.108,0.009000000000000001,0.122,9.949
2021-03-29 13:00:00-03:00,0.101,0.006,0.11900000000000001,11.022
2021-03-29 14:00:00-03:00,0.112,0.009000000000000001,0.128,12.08
2021-03-29 15:00:00-03:00,0.219,0.063,0.191,13.865
2021-03-29 16:00:00-03:00,0.145,0.043000000000000003,0.131,14.959
2021-03-29 17:00:00-03:00,0.057,0.014,0.063,14.739
2021-03-29 18:00:00-03:00,0.017,0.008,0.024,13.77
2021-03-29 19:00:00-03:00,0.0,0.002,0.002,12.603
2021-03-29 20:00:00-03:00,0.0,0.0,0.0,12.287
2021-03-29 21:00:00-03:00,0.0,0.0,0.0,11.967
2021-03-29 22:00:00-03:00,0.0,0.0,0.0,11.543
2021-03-29 23:00:00-03:00,0.0,0.0,0.0,11.552
2021-03-30 00:00:00-03:00,0.0,0.0,0.0,11.794
2021-03-30 01:00:00-03:00,0.0,0.0,0.0,11.982
2021-03-30 02:00:00-03:00,0.0,0.0,0.0,11.954
2021-03-30 03:00:00-03:00,0.0,0.0,0.0,11.68
2021-03-30 04:00:00-03:00,0.0,0.0,0.0,11.037
2021-03-30 05:00:00-03:00,0.0,0.0,0.0,10.343
2021-03-30 06:00:00-03:00,0.0,0.0,0.0,9.552
2021-03-30 07:00:00-03:00,0.0,0.0,0.0,8.637
2021-03-30 08:00:00-03:00,0.021,0.021,0.014,8.013
2021-03-30 09:00:00-03:00,0.198,0.156,0.069,8.272
2021-03-30 10:00:00-03:00,0.681,0.715,0.08700000000000001,9.286
2021-03-30 11:00:00-03:00,0.761,0.8270000000000001,0.092,10.367
2021-03-30 12:00:00-03:00,0.809,0.909,0.083,10.924
2021-03-30 13:00:00-03:00,0.8200000000000001,0.9450000000000001,0.066,11.129
2021-03-30 14:00:00-03:00,0.8180000000000001,0.937,0.07200000000000001,11.242
2021-03-30 15:00:00-03:00,0.805,0.906,0.082,11.268
2021-03-30 16:00:00-03:00,0.759,0.841,0.078,11.095
2021-03-30 17:00:00-03:00,0.657,0.711,0.064,10.63
2021-03-30 18:00:00-03:00,0.41400000000000003,0.428,0.037,9.131
2021-03-30 19:00:00-03:00,0.008,0.016,0.002,6.7780000000000005
2021-03-30 20:00:00-03:00,0.0,0.0,0.0,6.748
2021-03-30 21:00:00-03:00,0.0,0.0,0.0,6.9719999999999995
2021-03-30 22:00:00-03:00,0.0,0.0,0.0,6.338
2021-03-30 23:00:00-03:00,0.0,0.0,0.0,5.121
2021-03-31 00:00:00-03:00,0.0,0.0,0.0,4.041
2021-03-31 01:00:00-03:00,0.0,0.0,0.0,3.136
2021-03-31 02:00:00-03:00,0.0,0.0,0.0,2.387
2021-03-31 03:00:00-03:00,0.0,0.0,0.0,1.749
2021-03-31 04:00:00-03:00,0.0,0.0,0.0,1.209
2021-03-31 05:00:00-03:00,0.0,0.0,0.0,0.741
2021-03-31 06:00:00-03:00,0.0,0.0,0.0,0.4
2021-03-31 07:00:00-03:00,0.0,0.0,0.0,0.189
2021-03-31 08:00:00-03:00,0.419,0.434,0.02,1.117
2021-03-31 09:00:00-03:00,0.596,0.615,0.056,4.296
2021-03-31 10:00:00-03:00,0.776,0.85,0.07100000000000001,6.721
2021-03-31 11:00:00-03:00,0.8150000000000001,0.914,0.079,9.221
2021-03-31 12:00:00-03:00,0.8230000000000001,0.9400000000000001,0.074,10.87
2021-03-31 13:00:00-03:00,0.8140000000000001,0.9460000000000001,0.061,12.015
2021-03-31 14:00:00-03:00,0.809,0.937,0.067,12.831
2021-03-31 15:00:00-03:00,0.796,0.91,0.077,13.285
2021-03-31 16:00:00-03:00,0.755,0.852,0.074,13.334
2021-03-31 17:00:00-03:00,0.662,0.731,0.059000000000000004,12.818
2021-03-31 18:00:00-03:00,0.426,0.448,0.034,10.407
2021-03-31 19:00:00-03:00,0.006,0.014,0.002,7.247
2021-03-31 20:00:00-03:00,0.0,0.0,0.0,6.393
2021-03-31 21:00:00-03:00,0.0,0.0,0.0,5.708
2021-03-31 22:00:00-03:00,0.0,0.0,0.0,4.999
2021-03-31 23:00:00-03:00,0.0,0.0,0.0,4.561
2021-04-01 00:00:00-03:00,0.0,0.0,0.0,4.43
2021-04-01 01:00:00-03:00,0.0,0.0,0.0,4.615
2021-04-01 02:00:00-03:00,0.0,0.0,0.0,4.594
2021-04-01 03:00:00-03:00,0.0,0.0,0.0,4.452
2021-04-01 04:00:00-03:00,0.0,0.0,0.0,4.553
2021-04-01 05:00:00-03:00,0.0,0.0,0.0,4.518
2021-04-01 06:00:00-03:00,0.0,0.0,0.0,4.01
2021-04-01 07:00:00-03:00,0.0,0.0,0.0,3.803
2021-04-01 08:00:00-03:00,0.217,0.222,0.02,4.511
2021-04-01 09:00:00-03:00,0.489,0.486,0.061,6.358
2021-04-01 10:00:00-03:00,0.657,0.682,0.083,8.408
2021-04-01 11:00:00-03:00,0.725,0.773,0.094,10.362
2021-04-01 12:00:00-03:00,0.754,0.8240000000000001,0.092,11.837
2021-04-01 13:00:00-03:00,0.767,0.862,0.079,12.941
2021-04-01 14:00:00-03:00,0.765,0.862,0.082,13.749
2021-04-01 15:00:00-03:00,0.734,0.809,0.091,14.252
2021-04-01 16:00:00-03:00,0.599,0.616,0.096,14.389
2021-04-01 17:00:00-03:00,0.374,0.35000000000000003,0.08,14.128
2021-04-01 18:00:00-03:00,0.159,0.151,0.037,12.896
2021-04-01 19:00:00-03:00,0.0,0.004,0.001,11.422
2021-04-01 20:00:00-03:00,0.0,0.0,0.0,10.546
2021-04-01 21:00:00-03:00,0.0,0.0,0.0,9.612
2021-04-01 22:00:00-03:00,0.0,0.0,0.0,8.424
2021-04-01 23:00:00-03:00,0.0,0.0,0.0,7.453
2021-04-02 00:00:00-03:00,0.0,0.0,0.0,6.517
2021-04-02 01:00:00-03:00,0.0,0.0,0.0,5.768
2021-04-02 02:00:00-03:00,0.0,0.0,0.0,5.174
2021-04-02 03:00:00-03:00,0.0,0.0,0.0,4.8100000000000005
2021-04-02 04:00:00-03:00,0.0,0.0,0.0,4.89
2021-04-02 05:00:00-03:00,0.0,0.0,0.0,5.522
2021-04-02 06:00:00-03:00,0.0,0.0,0.0,6.186
2021-04-02 07:00:00-03:00,0.0,0.0,0.0,6.376
2021-04-02 08:00:00-03:00,0.162,0.166,0.02,6.316
2021-04-02 09:00:00-03:00,0.325,0.292,0.069,7.1370000000000005
2021-04-02 10:00:00-03:00,0.333,0.261,0.11,7.727
2021-04-02 11:00:00-03:00,0.655,0.652,0.113,8.922
2021-04-02 12:00:00-03:00,0.751,0.803,0.1,10.252
2021-04-02 13:00:00-03:00,0.741,0.797,0.098,11.177
2021-04-02 14:00:00-03:00,0.6920000000000001,0.712,0.116,11.67
2021-04-02 15:00:00-03:00,0.596,0.5680000000000001,0.13,11.716
2021-04-02 16:00:00-03:00,0.399,0.329,0.125,11.329
2021-04-02 17:00:00-03:00,0.211,0.156,0.085,10.644
2021-04-02 18:00:00-03:00,0.051000000000000004,0.041,0.029,9.24
2021-04-02 19:00:00-03:00,0.0,0.001,0.001,7.438
2021-04-02 20:00:00-03:00,0.0,0.0,0.0,7.073
2021-04-02 21:00:00-03:00,0.0,0.0,0.0,6.642
2021-04-02 22:00:00-03:00,0.0,0.0,0.0,6.099
2021-04-02 23:00:00-03:00,0.0,0.0,0.0,5.624
2021-04-03 00:00:00-03:00,0.0,0.0,0.0,5.106
2021-04-03 01:00:00-03:00,0.0,0.0,0.0,4.884
2021-04-03 02:00:00-03:00,0.0,0.0,0.0,4.569
2021-04-03 03:00:00-03:00,0.0,0.0,0.0,4.314
2021-04-03 04:00:00-03:00,0.0,0.0,0.0,4.08
2021-04-03 05:00:00-03:00,0.0,0.0,0.0,4.136
2021-04-03 06:00:00-03:00,0.0,0.0,0.0,4.662
2021-04-03 07:00:00-03:00,0.0,0.0,0.0,5.291
2021-04-03 08:00:00-03:00,0.0,0.001,0.004,6.051
2021-04-03 09:00:00-03:00,0.007,0.002,0.015,7.202
2021-04-03 10:00:00-03:00,0.023,0.003,0.035,7.949
2021-04-03 11:00:00-03:00,0.067,0.008,0.078,8.139
2021-04-03 12:00:00-03:00,0.259,0.093,0.197,8.167
2021-04-03 13:00:00-03:00,0.591,0.491,0.188,8.542
2021-04-03 14:00:00-03:00,0.598,0.519,0.168,8.27
2021-04-03 15:00:00-03:00,0.504,0.41000000000000003,0.159,7.7620000000000005
2021-04-03 16:00:00-03:00,0.499,0.44,0.122,7.541
2021-04-03 17:00:00-03:00,0.421,0.385,0.084,7.182
2021-04-03 18:00:00-03:00,0.20600000000000002,0.194,0.038,6.17
2021-04-03 19:00:00-03:00,0.0,0.002,0.001,4.404
2021-04-03 20:00:00-03:00,0.0,0.0,0.0,3.396
2021-04-03 21:00:00-03:00,0.0,0.0,0.0,2.826
2021-04-03 22:00:00-03:00,0.0,0.0,0.0,2.398
2021-04-03 23:00:00-03:00,0.0,0.0,0.0,2.201
2021-04-04 00:00:00-03:00,0.0,0.0,0.0,1.984
2021-04-04 01:00:00-03:00,0.0,0.0,0.0,1.823
2021-04-04 02:00:00-03:00,0.0,0.0,0.0,1.7530000000000001
2021-04-04 03:00:00-03:00,0.0,0.0,0.0,1.704
2021-04-04 04:00:00-03:00,0.0,0.0,0.0,1.5779999999999998
2021-04-04 05:00:00-03:00,0.0,0.0,0.0,1.474
2021-04-04 06:00:00-03:00,0.0,0.0,0.0,1.424
2021-04-04 07:00:00-03:00,0.0,0.0,0.0,0.924
2021-04-04 08:00:00-03:00,0.166,0.169,0.016,0.801
2021-04-04 09:00:00-03:00,0.5660000000000001,0.5750000000000001,0.055,2.9859999999999998
2021-04-04 10:00:00-03:00,0.7000000000000001,0.732,0.076,5.256
2021-04-04 11:00:00-03:00,0.738,0.776,0.091,6.915
2021-04-04 12:00:00-03:00,0.719,0.743,0.10400000000000001,7.842
2021-04-04 13:00:00-03:00,0.711,0.731,0.107,8.517
2021-04-04 14:00:00-03:00,0.667,0.659,0.121,8.919
2021-04-04 15:00:00-03:00,0.5740000000000001,0.528,0.131,8.929
2021-04-04 16:00:00-03:00,0.372,0.294,0.122,8.462
2021-04-04 17:00:00-03:00,0.221,0.168,0.081,7.872
2021-04-04 18:00:00-03:00,0.089,0.08,0.03,6.8260000000000005
2021-04-04 19:00:00-03:00,0.0,0.0,0.0,5.259
2021-04-04 20:00:00-03:00,0.0,0.0,0.0,4.784
2021-04-04 21:00:00-03:00,0.0,0.0,0.0,4.586
2021-04-04 22:00:00-03:00,0.0,0.0,0.0,3.864
2021-04-04 23:00:00-03:00,0.0,0.0,0.0,3.175
2021-04-05 00:00:00-03:00,0.0,0.0,0.0,2.606
2021-04-05 01:00:00-03:00,0.0,0.0,0.0,1.999
2021-04-05 02:00:00-03:00,0.0,0.0,0.0,1.469
2021-04-05 03:00:00-03:00,0.0,0.0,0.0,0.963
2021-04-05 04:00:00-03:00,0.0,0.0,0.0,0.487
2021-04-05 05:00:00-03:00,0.0,0.0,0.0,0.045
2021-04-05 06:00:00-03:00,0.0,0.0,0.0,-0.453
2021-04-05 07:00:00-03:00,0.0,0.0,0.0,-0.76
2021-04-05 08:00:00-03:00,0.20800000000000002,0.212,0.014,-0.426
2021-04-05 09:00:00-03:00,0.535,0.539,0.052000000000000005,2.561
2021-04-05 10:00:00-03:00,0.6960000000000001,0.73,0.07100000000000001,4.782
2021-04-05 11:00:00-03:00,0.77,0.833,0.079,6.79
2021-04-05 12:00:00-03:00,0.793,0.878,0.075,8.037
2021-04-05 13:00:00-03:00,0.807,0.917,0.061,8.951
2021-04-05 14:00:00-03:00,0.8130000000000001,0.927,0.064,9.646
2021-04-05 15:00:00-03:00,0.801,0.905,0.07100000000000001,10.089
2021-04-05 16:00:00-03:00,0.763,0.854,0.067,10.186
2021-04-05 17:00:00-03:00,0.652,0.711,0.054,9.79
2021-04-05 18:00:00-03:00,0.364,0.376,0.028,7.339
2021-04-05 19:00:00-03:00,0.0,0.001,0.0,5.312
2021-04-05 20:00:00-03:00,0.0,0.0,0.0,5.291
2021-04-05 21:00:00-03:00,0.0,0.0,0.0,4.4030000000000005
2021-04-05 22:00:00-03:00,0.0,0.0,0.0,4.021
2021-04-05 23:00:00-03:00,0.0,0.0,0.0,3.918
2021-04-06 00:00:00-03:00,0.0,0.0,0.0,4.097
2021-04-06 01:00:00-03:00,0.0,0.0,0.0,4.579
2021-04-06 02:00:00-03:00,0.0,0.0,0.0,5.109
2021-04-06 03:00:00-03:00,0.0,0.0,0.0,5.527
2021-04-06 04:00:00-03:00,0.0,0.0,0.0,5.796
2021-04-06 05:00:00-03:00,0.0,0.0,0.0,5.954
2021-04-06 06:00:00-03:00,0.0,0.0,0.0,6.091
2021-04-06 07:00:00-03:00,0.0,0.0,0.0,6.417
2021-04-06 08:00:00-03:00,0.0,0.001,0.002,6.603
2021-04-06 09:00:00-03:00,0.006,0.001,0.015,6.707
2021-04-06 10:00:00-03:00,0.055,0.008,0.064,7.161
2021-04-06 11:00:00-03:00,0.091,0.011,0.101,7.865
2021-04-06 12:00:00-03:00,0.089,0.007,0.10400000000000001,8.435
2021-04-06 13:00:00-03:00,0.112,0.008,0.128,9.029
2021-04-06 14:00:00-03:00,0.139,0.014,0.15,9.711
2021-04-06 15:00:00-03:00,0.106,0.013000000000000001,0.116,10.195
2021-04-06 16:00:00-03:00,0.085,0.016,0.091,10.467
2021-04-06 17:00:00-03:00,0.074,0.028,0.068,10.417
2021-04-06 18:00:00-03:00,0.029,0.021,0.024,9.408
2021-04-06 19:00:00-03:00,0.0,0.0,0.0,7.7
2021-04-06 20:00:00-03:00,0.0,0.0,0.0,6.966
2021-04-06 21:00:00-03:00,0.0,0.0,0.0,6.758
2021-04-06 22:00:00-03:00,0.0,0.0,0.0,6.812
2021-04-06 23:00:00-03:00,0.0,0.0,0.0,6.726
2021-04-07 00:00:00-03:00,0.0,0.0,0.0,6.563
2021-04-07 01:00:00-03:00,0.0,0.0,0.0,6.467
2021-04-07 02:00:00-03:00,0.0,0.0,0.0,6.382
2021-04-07 03:00:00-03:00,0.0,0.0,0.0,6.34
2021-04-07 04:00:00-03:00,0.0,0.0,0.0,6.33
2021-04-07 05:00:00-03:00,0.0,0.0,0.0,6.2780000000000005
2021-04-07 06:00:00-03:00,0.0,0.0,0.0,6.095
2021-04-07 07:00:00-03:00,0.0,0.0,0.0,5.946
2021-04-07 08:00:00-03:00,0.007,0.01,0.007,6.012
2021-04-07 09:00:00-03:00,0.108,0.076,0.053,7.007
2021-04-07 10:00:00-03:00,0.503,0.47600000000000003,0.094,8.56
2021-04-07 11:00:00-03:00,0.6920000000000001,0.73,0.094,10.992
2021-04-07 12:00:00-03:00,0.7000000000000001,0.743,0.101,12.809
2021-04-07 13:00:00-03:00,0.682,0.716,0.106,13.696
2021-04-07 14:00:00-03:00,0.6890000000000001,0.731,0.10400000000000001,14.112
2021-04-07 15:00:00-03:00,0.627,0.639,0.109,14.124
2021-04-07 16:00:00-03:00,0.544,0.54,0.097,13.803
2021-04-07 17:00:00-03:00,0.424,0.417,0.07,13.053
2021-04-07 18:00:00-03:00,0.185,0.186,0.028,11.486
2021-04-07 19:00:00-03:00,0.0,0.0,0.0,9.718
2021-04-07 20:00:00-03:00,0.0,0.0,0.0,8.907
2021-04-07 21:00:00-03:00,0.0,0.0,0.0,8.415
2021-04-07 22:00:00-03:00,0.0,0.0,0.0,8.056
2021-04-07 23:00:00-03:00,0.0,0.0,0.0,7.776
2021-04-08 00:00:00-03:00,0.0,0.0,0.0,7.782
2021-04-08 01:00:00-03:00,0.0,0.0,0.0,7.78
2021-04-08 02:00:00-03:00,0.0,0.0,0.0,7.489
2021-04-08 03:00:00-03:00,0.0,0.0,0.0,7.309
2021-04-08 04:00:00-03:00,0.0,0.0,0.0,7.062
2021-04-08 05:00:00-03:00,0.0,0.0,0.0,6.755
2021-04-08 06:00:00-03:00,0.0,0.0,0.0,6.372
2021-04-08 07:00:00-03:00,0.0,0.0,0.0,5.774
2021-04-08 08:00:00-03:00,0.037,0.043000000000000003,0.01,5.117
2021-04-08 09:00:00-03:00,0.387,0.369,0.057,5.377
2021-04-08 10:00:00-03:00,0.5760000000000001,0.5680000000000001,0.085,6.396
2021-04-08 11:00:00-03:00,0.632,0.623,0.106,7.467
2021-04-08 12:00:00-03:00,0.636,0.61,0.128,8.411
2021-04-08 13:00:00-03:00,0.47800000000000004,0.35100000000000003,0.189,8.844
2021-04-08 14:00:00-03:00,0.28600000000000003,0.13,0.191,8.804
2021-04-08 15:00:00-03:00,0.34400000000000003,0.224,0.161,8.979
2021-04-08 16:00:00-03:00,0.47700000000000004,0.43,0.11,9.116
2021-04-08 17:00:00-03:00,0.38,0.353,0.073,8.732
2021-04-08 18:00:00-03:00,0.128,0.124,0.026000000000000002,7.63
2021-04-08 19:00:00-03:00,0.0,0.0,0.0,5.945
2021-04-08 20:00:00-03:00,0.0,0.0,0.0,5.607
2021-04-08 21:00:00-03:00,0.0,0.0,0.0,5.179
2021-04-08 22:00:00-03:00,0.0,0.0,0.0,4.422
2021-04-08 23:00:00-03:00,0.0,0.0,0.0,4.214
2021-04-09 00:00:00-03:00,0.0,0.0,0.0,4.523
2021-04-09 01:00:00-03:00,0.0,0.0,0.0,4.625
2021-04-09 02:00:00-03:00,0.0,0.0,0.0,4.961
2021-04-09 03:00:00-03:00,0.0,0.0,0.0,4.913
2021-04-09 04:00:00-03:00,0.0,0.0,0.0,4.814
2021-04-09 05:00:00-03:00,0.0,0.0,0.0,4.838
2021-04-09 06:00:00-03:00,0.0,0.0,0.0,4.845
2021-04-09 07:00:00-03:00,0.0,0.0,0.0,4.749
2021-04-09 08:00:00-03:00,0.02,0.025,0.009000000000000001,4.65
2021-04-09 09:00:00-03:00,0.123,0.091,0.053,5.817
2021-04-09 10:00:00-03:00,0.195,0.122,0.099,7.044
2021-04-09 11:00:00-03:00,0.375,0.281,0.138,8.106
2021-04-09 12:00:00-03:00,0.739,0.786,0.096,9.521
2021-04-09 13:00:00-03:00,0.719,0.765,0.095,10.57
2021-04-09 14:00:00-03:00,0.683,0.705,0.107,11.144
2021-04-09 15:00:00-03:00,0.5660000000000001,0.538,0.12,11.277
2021-04-09 16:00:00-03:00,0.586,0.593,0.09,11.14
2021-04-09 17:00:00-03:00,0.5650000000000001,0.595,0.059000000000000004,10.656
2021-04-09 18:00:00-03:00,0.213,0.217,0.025,8.856
2021-04-09 19:00:00-03:00,0.0,0.0,0.0,6.346
2021-04-09 20:00:00-03:00,0.0,0.0,0.0,5.4030000000000005
2021-04-09 21:00:00-03:00,0.0,0.0,0.0,4.665
2021-04-09 22:00:00-03:00,0.0,0.0,0.0,4.229
2021-04-09 23:00:00-03:00,0.0,0.0,0.0,3.606
2021-04-10 00:00:00-03:00,0.0,0.0,0.0,3.269
2021-04-10 01:00:00-03:00,0.0,0.0,0.0,3.94
2021-04-10 02:00:00-03:00,0.0,0.0,0.0,4.543
2021-04-10 03:00:00-03:00,0.0,0.0,0.0,4.909
2021-04-10 04:00:00-03:00,0.0,0.0,0.0,5.152
2021-04-10 05:00:00-03:00,0.0,0.0,0.0,4.975
2021-04-10 06:00:00-03:00,0.0,0.0,0.0,4.36
2021-04-10 07:00:00-03:00,0.0,0.0,0.0,4.055
2021-04-10 08:00:00-03:00,0.0,0.002,0.003,4.292
2021-04-10 09:00:00-03:00,0.046,0.025,0.038,5.168
2021-04-10 10:00:00-03:00,0.187,0.115,0.098,7.233
2021-04-10 11:00:00-03:00,0.512,0.461,0.125,9.993
2021-04-10 12:00:00-03:00,0.649,0.656,0.114,11.871
2021-04-10 13:00:00-03:00,0.7030000000000001,0.75,0.098,12.754
2021-04-10 14:00:00-03:00,0.737,0.81,0.088,13.135
2021-04-10 15:00:00-03:00,0.644,0.664,0.10300000000000001,12.979
2021-04-10 16:00:00-03:00,0.511,0.493,0.099,12.484
2021-04-10 17:00:00-03:00,0.28800000000000003,0.255,0.07200000000000001,11.575
2021-04-10 18:00:00-03:00,0.057,0.058,0.019,10.167
2021-04-10 19:00:00-03:00,0.0,0.0,0.0,8.898
2021-04-10 20:00:00-03:00,0.0,0.0,0.0,8.11
2021-04-10 21:00:00-03:00,0.0,0.0,0.0,7.484
2021-04-10 22:00:00-03:00,0.0,0.0,0.0,7.07
2021-04-10 23:00:00-03:00,0.0,0.0,0.0,6.703
2021-04-11 00:00:00-03:00,0.0,0.0,0.0,6.122
2021-04-11 01:00:00-03:00,0.0,0.0,0.0,5.605
2021-04-11 02:00:00-03:00,0.0,0.0,0.0,5.3629999999999995
2021-04-11 03:00:00-03:00,0.0,0.0,0.0,5.6129999999999995
2021-04-11 04:00:00-03:00,0.0,0.0,0.0,5.8469999999999995
2021-04-11 05:00:00-03:00,0.0,0.0,0.0,5.93
2021-04-11 06:00:00-03:00,0.0,0.0,0.0,6.105
2021-04-11 07:00:00-03:00,0.0,0.0,0.0,5.98
2021-04-11 08:00:00-03:00,0.012,0.018000000000000002,0.007,5.805
2021-04-11 09:00:00-03:00,0.167,0.139,0.052000000000000005,6.704
2021-04-11 10:00:00-03:00,0.41400000000000003,0.371,0.092,8.054
2021-04-11 11:00:00-03:00,0.636,0.642,0.1,9.599
2021-04-11 12:00:00-03:00,0.552,0.504,0.132,10.614
2021-04-11 13:00:00-03:00,0.648,0.649,0.117,11.623
2021-04-11 14:00:00-03:00,0.615,0.602,0.123,12.432
2021-04-11 15:00:00-03:00,0.5,0.452,0.127,13.014
2021-04-11 16:00:00-03:00,0.546,0.548,0.091,13.523
2021-04-11 17:00:00-03:00,0.452,0.457,0.063,13.139
2021-04-11 18:00:00-03:00,0.068,0.07200000000000001,0.018000000000000002,11.213
2021-04-11 19:00:00-03:00,0.0,0.0,0.0,9.603
2021-04-11 20:00:00-03:00,0.0,0.0,0.0,9.133
2021-04-11 21:00:00-03:00,0.0,0.0,0.0,8.492
2021-04-11 22:00:00-03:00,0.0,0.0,0.0,7.828
2021-04-11 23:00:00-03:00,0.0,0.0,0.0,7.831
2021-04-12 00:00:00-03:00,0.0,0.0,0.0,7.684
2021-04-12 01:00:00-03:00,0.0,0.0,0.0,7.478
2021-04-12 02:00:00-03:00,0.0,0.0,0.0,7.275
2021-04-12 03:00:00-03:00,0.0,0.0,0.0,6.768
2021-04-12 04:00:00-03:00,0.0,0.0,0.0,6.371
2021-04-12 05:00:00-03:00,0.0,0.0,0.0,6.066
2021-04-12 06:00:00-03:00,0.0,0.0,0.0,5.625
2021-04-12 07:00:00-03:00,0.0,0.0,0.0,4.9879999999999995
2021-04-12 08:00:00-03:00,0.059000000000000004,0.07,0.007,4.443
2021-04-12 09:00:00-03:00,0.46900000000000003,0.47600000000000003,0.045,5.242
2021-04-12 10:00:00-03:00,0.644,0.673,0.067,6.746
2021-04-12 11:00:00-03:00,0.7030000000000001,0.745,0.081,8.176
2021-04-12 12:00:00-03:00,0.7000000000000001,0.736,0.091,9.3
2021-04-12 13:00:00-03:00,0.6880000000000001,0.719,0.095,10.134
2021-04-12 14:00:00-03:00,0.7000000000000001,0.742,0.091,10.789
2021-04-12 15:00:00-03:00,0.663,0.6880000000000001,0.096,11.195
2021-04-12 16:00:00-03:00,0.28,0.211,0.107,10.997
2021-04-12 17:00:00-03:00,0.20400000000000001,0.167,0.067,10.598
2021-04-12 18:00:00-03:00,0.063,0.066,0.017,9.827
2021-04-12 19:00:00-03:00,0.0,0.0,0.0,9.414
2021-04-12 20:00:00-03:00,0.0,0.0,0.0,9.501
2021-04-12 21:00:00-03:00,0.0,0.0,0.0,9.273
2021-04-12 22:00:00-03:00,0.0,0.0,0.0,8.832
2021-04-12 23:00:00-03:00,0.0,0.0,0.0,7.599
2021-04-13 00:00:00-03:00,0.0,0.0,0.0,6.617
2021-04-13 01:00:00-03:00,0.0,0.0,0.0,6.198
2021-04-13 02:00:00-03:00,0.0,0.0,0.0,5.874
2021-04-13 03:00:00-03:00,0.0,0.0,0.0,5.63
2021-04-13 04:00:00-03:00,0.0,0.0,0.0,5.442
2021-04-13 05:00:00-03:00,0.0,0.0,0.0,5.301
2021-04-13 06:00:00-03:00,0.0,0.0,0.0,5.119
2021-04-13 07:00:00-03:00,0.0,0.0,0.0,4.631
2021-04-13 08:00:00-03:00,0.026000000000000002,0.033,0.007,3.789
2021-04-13 09:00:00-03:00,0.17400000000000002,0.14,0.056,4.768
2021-04-13 10:00:00-03:00,0.20700000000000002,0.126,0.107,5.984
2021-04-13 11:00:00-03:00,0.191,0.07200000000000001,0.145,7.4
2021-04-13 12:00:00-03:00,0.124,0.017,0.13,7.896
2021-04-13 13:00:00-03:00,0.093,0.007,0.108,7.873
2021-04-13 14:00:00-03:00,0.08,0.006,0.095,8.063
2021-04-13 15:00:00-03:00,0.07100000000000001,0.007,0.084,8.534
2021-04-13 16:00:00-03:00,0.041,0.005,0.054,8.881
2021-04-13 17:00:00-03:00,0.023,0.005,0.033,9.149
2021-04-13 18:00:00-03:00,0.0,0.001,0.004,9.143
2021-04-13 19:00:00-03:00,0.0,0.0,0.0,9.085
2021-04-13 20:00:00-03:00,0.0,0.0,0.0,9.053
2021-04-13 21:00:00-03:00,0.0,0.0,0.0,9.114
2021-04-13 22:00:00-03:00,0.0,0.0,0.0,9.735
2021-04-13 23:00:00-03:00,0.0,0.0,0.0,10.334
2021-04-14 00:00:00-03:00,0.0,0.0,0.0,10.835
2021-04-14 01:00:00-03:00,0.0,0.0,0.0,11.194
2021-04-14 02:00:00-03:00,0.0,0.0,0.0,8.946
2021-04-14 03:00:00-03:00,0.0,0.0,0.0,6.368
2021-04-14 04:00:00-03:00,0.0,0.0,0.0,5.223
2021-04-14 05:00:00-03:00,0.0,0.0,0.0,4.599
2021-04-14 06:00:00-03:00,0.0,0.0,0.0,4.314
2021-04-14 07:00:00-03:00,0.0,0.0,0.0,4.349
2021-04-14 08:00:00-03:00,0.013000000000000001,0.02,0.005,4.15
2021-04-14 09:00:00-03:00,0.23,0.20400000000000001,0.05,4.617
2021-04-14 10:00:00-03:00,0.422,0.376,0.091,5.683
2021-04-14 11:00:00-03:00,0.456,0.382,0.127,6.809
2021-04-14 12:00:00-03:00,0.421,0.304,0.168,7.736
2021-04-14 13:00:00-03:00,0.37,0.216,0.198,8.365
2021-04-14 14:00:00-03:00,0.28500000000000003,0.135,0.185,8.59
2021-04-14 15:00:00-03:00,0.294,0.17500000000000002,0.155,8.833
2021-04-14 16:00:00-03:00,0.301,0.223,0.114,9.011
2021-04-14 17:00:00-03:00,0.176,0.137,0.066,8.619
2021-04-14 18:00:00-03:00,0.068,0.07200000000000001,0.016,7.642
2021-04-14 19:00:00-03:00,0.0,0.0,0.0,6.595
2021-04-14 20:00:00-03:00,0.0,0.0,0.0,5.9350000000000005
2021-04-14 21:00:00-03:00,0.0,0.0,0.0,5.674
2021-04-14 22:00:00-03:00,0.0,0.0,0.0,5.484
2021-04-14 23:00:00-03:00,0.0,0.0,0.0,5.104
2021-04-15 00:00:00-03:00,0.0,0.0,0.0,4.438
2021-04-15 01:00:00-03:00,0.0,0.0,0.0,3.839
2021-04-15 02:00:00-03:00,0.0,0.0,0.0,3.5380000000000003
2021-04-15 03:00:00-03:00,0.0,0.0,0.0,4.228
2021-04-15 04:00:00-03:00,0.0,0.0,0.0,5.718
2021-04-15 05:00:00-03:00,0.0,0.0,0.0,6.694
2021-04-15 06:00:00-03:00,0.0,0.0,0.0,6.851
2021-04-15 07:00:00-03:00,0.0,0.0,0.0,6.658
2021-04-15 08:00:00-03:00,0.005,0.011,0.004,6.499
2021-04-15 09:00:00-03:00,0.253,0.234,0.049,7.101
2021-04-15 10:00:00-03:00,0.526,0.518,0.079,8.454
2021-04-15 11:00:00-03:00,0.634,0.648,0.093,10.002
2021-04-15 12:00:00-03:00,0.672,0.6970000000000001,0.1,11.309
2021-04-15 13:00:00-03:00,0.655,0.664,0.115,12.278
2021-04-15 14:00:00-03:00,0.421,0.31,0.17200000000000001,12.596
2021-04-15 15:00:00-03:00,0.251,0.136,0.151,12.755
2021-04-15 16:00:00-03:00,0.127,0.056,0.097,12.682
2021-04-15 17:00:00-03:00,0.048,0.023,0.044,12.104
2021-04-15 18:00:00-03:00,0.005,0.007,0.008,11.049
2021-04-15 19:00:00-03:00,0.0,0.0,0.0,10.488
2021-04-15 20:00:00-03:00,0.0,0.0,0.0,10.248
2021-04-15 21:00:00-03:00,0.0,0.0,0.0,9.784
2021-04-15 22:00:00-03:00,0.0,0.0,0.0,9.26
2021-04-15 23:00:00-03:00,0.0,0.0,0.0,9.027
2021-04-16 00:00:00-03:00,0.0,0.0,0.0,8.942
2021-04-16 01:00:00-03:00,0.0,0.0,0.0,7.931
2021-04-16 02:00:00-03:00,0.0,0.0,0.0,7.052
2021-04-16 03:00:00-03:00,0.0,0.0,0.0,6.71
2021-04-16 04:00:00-03:00,0.0,0.0,0.0,6.458
2021-04-16 05:00:00-03:00,0.0,0.0,0.0,6.074
2021-04-16 06:00:00-03:00,0.0,0.0,0.0,5.728
2021-04-16 07:00:00-03:00,0.0,0.0,0.0,5.5600000000000005
2021-04-16 08:00:00-03:00,0.005,0.011,0.003,5.552
2021-04-16 09:00:00-03:00,0.262,0.247,0.044,5.957
2021-04-16 10:00:00-03:00,0.512,0.502,0.073,6.801
2021-04-16 11:00:00-03:00,0.634,0.647,0.085,7.754
2021-04-16 12:00:00-03:00,0.683,0.714,0.08700000000000001,8.693
2021-04-16 13:00:00-03:00,0.71,0.76,0.081,9.415
2021-04-16 14:00:00-03:00,0.731,0.798,0.075,9.857
2021-04-16 15:00:00-03:00,0.72,0.785,0.074,10.037
2021-04-16 16:00:00-03:00,0.67,0.723,0.066,9.879
2021-04-16 17:00:00-03:00,0.486,0.501,0.051000000000000004,9.278
2021-04-16 18:00:00-03:00,0.11900000000000001,0.128,0.013000000000000001,7.729
2021-04-16 19:00:00-03:00,0.0,0.0,0.0,6.114
2021-04-16 20:00:00-03:00,0.0,0.0,0.0,5.617
2021-04-16 21:00:00-03:00,0.0,0.0,0.0,5.349
2021-04-16 22:00:00-03:00,0.0,0.0,0.0,5.139
2021-04-16 23:00:00-03:00,0.0,0.0,0.0,4.796
2021-04-17 00:00:00-03:00,0.0,0.0,0.0,4.357
2021-04-17 01:00:00-03:00,0.0,0.0,0.0,4.089
2021-04-17 02:00:00-03:00,0.0,0.0,0.0,4.046
2021-04-17 03:00:00-03:00,0.0,0.0,0.0,4.036
2021-04-17 04:00:00-03:00,0.0,0.0,0.0,4.093
2021-04-17 05:00:00-03:00,0.0,0.0,0.0,4.355
2021-04-17 06:00:00-03:00,0.0,0.0,0.0,4.465
2021-04-17 07:00:00-03:00,0.0,0.0,0.0,4.41
2021-04-17 08:00:00-03:00,0.005,0.012,0.003,3.981
2021-04-17 09:00:00-03:00,0.277,0.262,0.044,5.2
2021-04-17 10:00:00-03:00,0.51,0.5,0.074,6.992
2021-04-17 11:00:00-03:00,0.606,0.612,0.09,9.336
2021-04-17 12:00:00-03:00,0.677,0.718,0.089,12.064
2021-04-17 13:00:00-03:00,0.7000000000000001,0.765,0.084,13.933
2021-04-17 14:00:00-03:00,0.649,0.683,0.098,14.654
2021-04-17 15:00:00-03:00,0.543,0.53,0.11,14.848
2021-04-17 16:00:00-03:00,0.341,0.29,0.10200000000000001,14.532
2021-04-17 17:00:00-03:00,0.092,0.064,0.052000000000000005,12.907
2021-04-17 18:00:00-03:00,0.014,0.018000000000000002,0.009000000000000001,11.096
2021-04-17 19:00:00-03:00,0.0,0.0,0.0,9.823
2021-04-17 20:00:00-03:00,0.0,0.0,0.0,9.253
2021-04-17 21:00:00-03:00,0.0,0.0,0.0,9.233
2021-04-17 22:00:00-03:00,0.0,0.0,0.0,8.9
2021-04-17 23:00:00-03:00,0.0,0.0,0.0,8.423
2021-04-18 00:00:00-03:00,0.0,0.0,0.0,8.109
2021-04-18 01:00:00-03:00,0.0,0.0,0.0,7.625
2021-04-18 02:00:00-03:00,0.0,0.0,0.0,7.16
2021-04-18 03:00:00-03:00,0.0,0.0,0.0,6.932
2021-04-18 04:00:00-03:00,0.0,0.0,0.0,6.468
2021-04-18 05:00:00-03:00,0.0,0.0,0.0,5.952
2021-04-18 06:00:00-03:00,0.0,0.0,0.0,5.746
2021-04-18 07:00:00-03:00,0.0,0.0,0.0,5.662
2021-04-18 08:00:00-03:00,0.0,0.004,0.002,5.866
2021-04-18 09:00:00-03:00,0.031,0.018000000000000002,0.029,6.684
2021-04-18 10:00:00-03:00,0.053,0.015,0.057,7.7620000000000005
2021-04-18 11:00:00-03:00,0.07,0.012,0.078,8.831
2021-04-18 12:00:00-03:00,0.114,0.019,0.11800000000000001,9.93
2021-04-18 13:00:00-03:00,0.276,0.114,0.199,11.466
2021-04-18 14:00:00-03:00,0.356,0.225,0.182,12.88
2021-04-18 15:00:00-03:00,0.55,0.524,0.121,13.894
2021-04-18 16:00:00-03:00,0.47700000000000004,0.458,0.096,14.082
2021-04-18 17:00:00-03:00,0.223,0.195,0.063,13.237
2021-04-18 18:00:00-03:00,0.019,0.024,0.01,11.19
2021-04-18 19:00:00-03:00,0.0,0.0,0.0,10.175
2021-04-18 20:00:00-03:00,0.0,0.0,0.0,9.192
2021-04-18 21:00:00-03:00,0.0,0.0,0.0,8.156
2021-04-18 22:00:00-03:00,0.0,0.0,0.0,7.507
2021-04-18 23:00:00-03:00,0.0,0.0,0.0,7.242
2021-04-19 00:00:00-03:00,0.0,0.0,0.0,7.236
2021-04-19 01:00:00-03:00,0.0,0.0,0.0,7.316
2021-04-19 02:00:00-03:00,0.0,0.0,0.0,7.253
2021-04-19 03:00:00-03:00,0.0,0.0,0.0,7.317
2021-04-19 04:00:00-03:00,0.0,0.0,0.0,7.484
2021-04-19 05:00:00-03:00,0.0,0.0,0.0,7.72
2021-04-19 06:00:00-03:00,0.0,0.0,0.0,7.726
2021-04-19 07:00:00-03:00,0.0,0.0,0.0,7.343
2021-04-19 08:00:00-03:00,0.0,0.0,0.001,6.933
2021-04-19 09:00:00-03:00,0.007,0.004,0.014,6.928
2021-04-19 10:00:00-03:00,0.027,0.005,0.036000000000000004,7.309
2021-04-19 11:00:00-03:00,0.07100000000000001,0.014,0.077,7.768
2021-04-19 12:00:00-03:00,0.388,0.269,0.168,9.339
2021-04-19 13:00:00-03:00,0.622,0.606,0.123,10.804
2021-04-19 14:00:00-03:00,0.635,0.637,0.11,11.357
2021-04-19 15:00:00-03:00,0.627,0.64,0.098,11.333
2021-04-19 16:00:00-03:00,0.531,0.527,0.085,10.888
2021-04-19 17:00:00-03:00,0.359,0.34800000000000003,0.056,9.989
2021-04-19 18:00:00-03:00,0.058,0.066,0.011,8.243
2021-04-19 19:00:00-03:00,0.0,0.0,0.0,6.809
2021-04-19 20:00:00-03:00,0.0,0.0,0.0,6.227
2021-04-19 21:00:00-03:00,0.0,0.0,0.0,5.894
2021-04-19 22:00:00-03:00,0.0,0.0,0.0,5.73
2021-04-19 23:00:00-03:00,0.0,0.0,0.0,5.656
2021-04-20 00:00:00-03:00,0.0,0.0,0.0,5.62
2021-04-20 01:00:00-03:00,0.0,0.0,0.0,5.684
2021-04-20 02:00:00-03:00,0.0,0.0,0.0,5.72
2021-04-20 03:00:00-03:00,0.0,0.0,0.0,5.765
2021-04-20 04:00:00-03:00,0.0,0.0,0.0,5.494
2021-04-20 05:00:00-03:00,0.0,0.0,0.0,5.312
2021-04-20 06:00:00-03:00,0.0,0.0,0.0,5.215
2021-04-20 07:00:00-03:00,0.0,0.0,0.0,4.249
2021-04-20 08:00:00-03:00,0.006,0.013000000000000001,0.002,3.383
2021-04-20 09:00:00-03:00,0.388,0.392,0.034,4.239
2021-04-20 10:00:00-03:00,0.611,0.639,0.056,5.748
2021-04-20 11:00:00-03:00,0.7000000000000001,0.753,0.065,7.369
2021-04-20 12:00:00-03:00,0.749,0.8280000000000001,0.062,8.359
2021-04-20 13:00:00-03:00,0.781,0.889,0.052000000000000005,9.042
2021-04-20 14:00:00-03:00,0.778,0.883,0.055,9.502
2021-04-20 15:00:00-03:00,0.757,0.849,0.06,9.706
2021-04-20 16:00:00-03:00,0.6990000000000001,0.771,0.055,9.582
2021-04-20 17:00:00-03:00,0.552,0.591,0.04,8.703
2021-04-20 18:00:00-03:00,0.11900000000000001,0.132,0.009000000000000001,5.553
2021-04-20 19:00:00-03:00,0.0,0.0,0.0,4.079
2021-04-20 20:00:00-03:00,0.0,0.0,0.0,3.325
2021-04-20 21:00:00-03:00,0.0,0.0,0.0,2.616
2021-04-20 22:00:00-03:00,0.0,0.0,0.0,2.069
2021-04-20 23:00:00-03:00,0.0,0.0,0.0,1.4809999999999999
2021-04-21 00:00:00-03:00,0.0,0.0,0.0,0.901
2021-04-21 01:00:00-03:00,0.0,0.0,0.0,0.403
2021-04-21 02:00:00-03:00,0.0,0.0,0.0,-0.07
2021-04-21 03:00:00-03:00,0.0,0.0,0.0,-0.47300000000000003
2021-04-21 04:00:00-03:00,0.0,0.0,0.0,-0.803
2021-04-21 05:00:00-03:00,0.0,0.0,0.0,-1.157
2021-04-21 06:00:00-03:00,0.0,0.0,0.0,-1.542
2021-04-21 07:00:00-03:00,0.0,0.0,0.0,-1.837
2021-04-21 08:00:00-03:00,0.008,0.016,0.002,-2.065
2021-04-21 09:00:00-03:00,0.483,0.493,0.03,-0.268
2021-04-21 10:00:00-03:00,0.591,0.601,0.058,2.51
2021-04-21 11:00:00-03:00,0.546,0.522,0.08700000000000001,4.221
2021-04-21 12:00:00-03:00,0.761,0.835,0.063,6.448
2021-04-21 13:00:00-03:00,0.749,0.833,0.06,8.999
2021-04-21 14:00:00-03:00,0.755,0.852,0.06,10.617
2021-04-21 15:00:00-03:00,0.735,0.8210000000000001,0.063,10.926
2021-04-21 16:00:00-03:00,0.632,0.679,0.062,10.587
2021-04-21 17:00:00-03:00,0.41300000000000003,0.42,0.046,9.293
2021-04-21 18:00:00-03:00,0.069,0.08,0.008,7.025
2021-04-21 19:00:00-03:00,0.0,0.0,0.0,5.538
2021-04-21 20:00:00-03:00,0.0,0.0,0.0,4.611
2021-04-21 21:00:00-03:00,0.0,0.0,0.0,3.727
2021-04-21 22:00:00-03:00,0.0,0.0,0.0,2.761
2021-04-21 23:00:00-03:00,0.0,0.0,0.0,1.491
2021-04-22 00:00:00-03:00,0.0,0.0,0.0,0.766
2021-04-22 01:00:00-03:00,0.0,0.0,0.0,0.523
2021-04-22 02:00:00-03:00,0.0,0.0,0.0,1.205
2021-04-22 03:00:00-03:00,0.0,0.0,0.0,1.891
2021-04-22 04:00:00-03:00,0.0,0.0,0.0,2.1310000000000002
2021-04-22 05:00:00-03:00,0.0,0.0,0.0,2.17
2021-04-22 06:00:00-03:00,0.0,0.0,0.0,2.352
2021-04-22 07:00:00-03:00,0.0,0.0,0.0,2.584
2021-04-22 08:00:00-03:00,0.0,0.0,0.0,2.727
2021-04-22 09:00:00-03:00,0.006,0.003,0.013000000000000001,3.22
2021-04-22 10:00:00-03:00,0.031,0.006,0.041,4.091
2021-04-22 11:00:00-03:00,0.067,0.01,0.076,4.855
2021-04-22 12:00:00-03:00,0.11800000000000001,0.018000000000000002,0.122,5.819
2021-04-22 13:00:00-03:00,0.186,0.041,0.169,6.831
2021-04-22 14:00:00-03:00,0.234,0.083,0.181,7.897
2021-04-22 15:00:00-03:00,0.20500000000000002,0.08600000000000001,0.147,8.411
2021-04-22 16:00:00-03:00,0.116,0.047,0.093,8.322
2021-04-22 17:00:00-03:00,0.04,0.019,0.039,7.718
2021-04-22 18:00:00-03:00,0.001,0.003,0.004,6.717
2021-04-22 19:00:00-03:00,0.0,0.0,0.0,6.249
2021-04-22 20:00:00-03:00,0.0,0.0,0.0,6.018
2021-04-22 21:00:00-03:00,0.0,0.0,0.0,5.614
2021-04-22 22:00:00-03:00,0.0,0.0,0.0,5.505
2021-04-22 23:00:00-03:00,0.0,0.0,0.0,5.425
2021-04-23 00:00:00-03:00,0.0,0.0,0.0,5.313
2021-04-23 01:00:00-03:00,0.0,0.0,0.0,5.301
2021-04-23 02:00:00-03:00,0.0,0.0,0.0,5.354
2021-04-23 03:00:00-03:00,0.0,0.0,0.0,5.391
2021-04-23 04:00:00-03:00,0.0,0.0,0.0,5.42
2021-04-23 05:00:00-03:00,0.0,0.0,0.0,5.263
2021-04-23 06:00:00-03:00,0.0,0.0,0.0,4.874
2021-04-23 07:00:00-03:00,0.0,0.0,0.0,4.687
2021-04-23 08:00:00-03:00,0.0,0.0,0.0,4.499
2021-04-23 09:00:00-03:00,0.024,0.015,0.023,4.949
2021-04-23 10:00:00-03:00,0.085,0.036000000000000004,0.069,6.237
2021-04-23 11:00:00-03:00,0.17400000000000002,0.077,0.122,7.185
2021-04-23 12:00:00-03:00,0.28500000000000003,0.151,0.168,8.327
2021-04-23 13:00:00-03:00,0.378,0.241,0.185,9.492
2021-04-23 14:00:00-03:00,0.353,0.223,0.17500000000000002,10.264
2021-04-23 15:00:00-03:00,0.274,0.165,0.145,10.632
2021-04-23 16:00:00-03:00,0.146,0.078,0.095,10.58
2021-04-23 17:00:00-03:00,0.057,0.034,0.042,9.947
2021-04-23 18:00:00-03:00,0.001,0.004,0.004,8.72
2021-04-23 19:00:00-03:00,0.0,0.0,0.0,7.962
2021-04-23 20:00:00-03:00,0.0,0.0,0.0,7.25
2021-04-23 21:00:00-03:00,0.0,0.0,0.0,6.772
2021-04-23 22:00:00-03:00,0.0,0.0,0.0,6.384
2021-04-23 23:00:00-03:00,0.0,0.0,0.0,5.895
2021-04-24 00:00:00-03:00,0.0,0.0,0.0,5.398
2021-04-24 01:00:00-03:00,0.0,0.0,0.0,5.124
2021-04-24 02:00:00-03:00,0.0,0.0,0.0,5.016
2021-04-24 03:00:00-03:00,0.0,0.0,0.0,4.667
2021-04-24 04:00:00-03:00,0.0,0.0,0.0,4.292
2021-04-24 05:00:00-03:00,0.0,0.0,0.0,4.05
2021-04-24 06:00:00-03:00,0.0,0.0,0.0,3.734
2021-04-24 07:00:00-03:00,0.0,0.0,0.0,3.577
2021-04-24 08:00:00-03:00,0.0,0.001,0.001,3.385
2021-04-24 09:00:00-03:00,0.094,0.082,0.031,4.1370000000000005
2021-04-24 10:00:00-03:00,0.41600000000000004,0.386,0.074,5.585
2021-04-24 11:00:00-03:00,0.599,0.597,0.088,7.263
2021-04-24 12:00:00-03:00,0.497,0.434,0.131,9.32
2021-04-24 13:00:00-03:00,0.318,0.185,0.17500000000000002,11.105
2021-04-24 14:00:00-03:00,0.219,0.092,0.16,12.005
2021-04-24 15:00:00-03:00,0.178,0.081,0.127,12.102
2021-04-24 16:00:00-03:00,0.226,0.162,0.097,11.983
2021-04-24 17:00:00-03:00,0.188,0.166,0.051000000000000004,10.856
2021-04-24 18:00:00-03:00,0.017,0.025,0.006,8.318
2021-04-24 19:00:00-03:00,0.0,0.0,0.0,7.214
2021-04-24 20:00:00-03:00,0.0,0.0,0.0,6.348
2021-04-24 21:00:00-03:00,0.0,0.0,0.0,5.459
2021-04-24 22:00:00-03:00,0.0,0.0,0.0,4.872
2021-04-24 23:00:00-03:00,0.0,0.0,0.0,4.763
2021-04-25 00:00:00-03:00,0.0,0.0,0.0,5.189
2021-04-25 01:00:00-03:00,0.0,0.0,0.0,5.28
2021-04-25 02:00:00-03:00,0.0,0.0,0.0,5.048
2021-04-25 03:00:00-03:00,0.0,0.0,0.0,5.053
2021-04-25 04:00:00-03:00,0.0,0.0,0.0,5.464
2021-04-25 05:00:00-03:00,0.0,0.0,0.0,5.754
2021-04-25 06:00:00-03:00,0.0,0.0,0.0,5.868
2021-04-25 07:00:00-03:00,0.0,0.0,0.0,5.761
2021-04-25 08:00:00-03:00,0.0,0.0,0.0,5.773
2021-04-25 09:00:00-03:00,0.008,0.005,0.014,6.092
2021-04-25 10:00:00-03:00,0.035,0.009000000000000001,0.043000000000000003,6.839
2021-04-25 11:00:00-03:00,0.08600000000000001,0.019,0.088,8.111
2021-04-25 12:00:00-03:00,0.132,0.03,0.126,9.15
2021-04-25 13:00:00-03:00,0.33,0.187,0.186,10.949
2021-04-25 14:00:00-03:00,0.487,0.41300000000000003,0.15,12.985
2021-04-25 15:00:00-03:00,0.446,0.388,0.128,13.982
2021-04-25 16:00:00-03:00,0.216,0.152,0.099,13.749
2021-04-25 17:00:00-03:00,0.053,0.033,0.039,12.66
2021-04-25 18:00:00-03:00,0.0,0.002,0.003,11.297
2021-04-25 19:00:00-03:00,0.0,0.0,0.0,10.412
2021-04-25 20:00:00-03:00,0.0,0.0,0.0,9.719
2021-04-25 21:00:00-03:00,0.0,0.0,0.0,9.316
2021-04-25 22:00:00-03:00,0.0,0.0,0.0,9.032
2021-04-25 23:00:00-03:00,0.0,0.0,0.0,8.786
2021-04-26 00:00:00-03:00,0.0,0.0,0.0,8.594
2021-04-26 01:00:00-03:00,0.0,0.0,0.0,8.39
2021-04-26 02:00:00-03:00,0.0,0.0,0.0,8.151
2021-04-26 03:00:00-03:00,0.0,0.0,0.0,7.841
2021-04-26 04:00:00-03:00,0.0,0.0,0.0,7.292
2021-04-26 05:00:00-03:00,0.0,0.0,0.0,6.658
2021-04-26 06:00:00-03:00,0.0,0.0,0.0,6.4879999999999995
2021-04-26 07:00:00-03:00,0.0,0.0,0.0,6.331
2021-04-26 08:00:00-03:00,0.0,0.0,0.0,6.209
2021-04-26 09:00:00-03:00,0.028,0.02,0.023,6.881
2021-04-26 10:00:00-03:00,0.032,0.008,0.04,7.89
2021-04-26 11:00:00-03:00,0.061,0.01,0.07,8.377
2021-04-26 12:00:00-03:00,0.177,0.056,0.148,9.585
2021-04-26 13:00:00-03:00,0.418,0.289,0.188,11.753
2021-04-26 14:00:00-03:00,0.139,0.032,0.133,12.784
2021-04-26 15:00:00-03:00,0.121,0.033,0.115,13.479
2021-04-26 16:00:00-03:00,0.061,0.018000000000000002,0.064,13.831
2021-04-26 17:00:00-03:00,0.065,0.044,0.043000000000000003,13.59
2021-04-26 18:00:00-03:00,0.001,0.004,0.003,12.151
2021-04-26 19:00:00-03:00,0.0,0.0,0.0,10.816
2021-04-26 20:00:00-03:00,0.0,0.0,0.0,10.151
2021-04-26 21:00:00-03:00,0.0,0.0,0.0,9.845
2021-04-26 22:00:00-03:00,0.0,0.0,0.0,9.525
2021-04-26 23:00:00-03:00,0.0,0.0,0.0,8.793
2021-04-27 00:00:00-03:00,0.0,0.0,0.0,7.85
2021-04-27 01:00:00-03:00,0.0,0.0,0.0,7.9190000000000005
2021-04-27 02:00:00-03:00,0.0,0.0,0.0,8.011
2021-04-27 03:00:00-03:00,0.0,0.0,0.0,8.017
2021-04-27 04:00:00-03:00,0.0,0.0,0.0,8.046
2021-04-27 05:00:00-03:00,0.0,0.0,0.0,8.061
2021-04-27 06:00:00-03:00,0.0,0.0,0.0,7.92
2021-04-27 07:00:00-03:00,0.0,0.0,0.0,7.661
2021-04-27 08:00:00-03:00,0.0,0.0,0.0,7.273
2021-04-27 09:00:00-03:00,0.001,0.001,0.007,7.211
2021-04-27 10:00:00-03:00,0.019,0.003,0.031,7.586
2021-04-27 11:00:00-03:00,0.031,0.003,0.044,7.747
2021-04-27 12:00:00-03:00,0.044,0.003,0.059000000000000004,7.667
2021-04-27 13:00:00-03:00,0.14,0.019,0.145,7.987
2021-04-27 14:00:00-03:00,0.088,0.009000000000000001,0.101,8.038
2021-04-27 15:00:00-03:00,0.05,0.005,0.064,7.747
2021-04-27 16:00:00-03:00,0.027,0.003,0.039,7.405
2021-04-27 17:00:00-03:00,0.007,0.002,0.015,6.6850000000000005
2021-04-27 18:00:00-03:00,0.0,0.0,0.001,5.406
2021-04-27 19:00:00-03:00,0.0,0.0,0.0,4.622
2021-04-27 20:00:00-03:00,0.0,0.0,0.0,4.36
2021-04-27 21:00:00-03:00,0.0,0.0,0.0,4.441
2021-04-27 22:00:00-03:00,0.0,0.0,0.0,4.388
2021-04-27 23:00:00-03:00,0.0,0.0,0.0,4.349
2021-04-28 00:00:00-03:00,0.0,0.0,0.0,4.215
2021-04-28 01:00:00-03:00,0.0,0.0,0.0,4.055
2021-04-28 02:00:00-03:00,0.0,0.0,0.0,3.829
2021-04-28 03:00:00-03:00,0.0,0.0,0.0,3.803
2021-04-28 04:00:00-03:00,0.0,0.0,0.0,3.822
2021-04-28 05:00:00-03:00,0.0,0.0,0.0,3.86
2021-04-28 06:00:00-03:00,0.0,0.0,0.0,4.448
2021-04-28 07:00:00-03:00,0.0,0.0,0.0,5.4
2021-04-28 08:00:00-03:00,0.0,0.0,0.0,5.655
2021-04-28 09:00:00-03:00,0.043000000000000003,0.037,0.023,5.729
2021-04-28 10:00:00-03:00,0.17300000000000001,0.12,0.077,6.379
2021-04-28 11:00:00-03:00,0.23500000000000001,0.145,0.11900000000000001,7.26
2021-04-28 12:00:00-03:00,0.353,0.24,0.154,7.92
2021-04-28 13:00:00-03:00,0.36,0.231,0.171,8.277
2021-04-28 14:00:00-03:00,0.305,0.177,0.164,8.312
2021-04-28 15:00:00-03:00,0.234,0.131,0.133,8.107
2021-04-28 16:00:00-03:00,0.124,0.063,0.083,7.6690000000000005
2021-04-28 17:00:00-03:00,0.037,0.023,0.031,7.15
2021-04-28 18:00:00-03:00,0.0,0.001,0.002,6.503
2021-04-28 19:00:00-03:00,0.0,0.0,0.0,5.9719999999999995
2021-04-28 20:00:00-03:00,0.0,0.0,0.0,5.574
2021-04-28 21:00:00-03:00,0.0,0.0,0.0,5.143
2021-04-28 22:00:00-03:00,0.0,0.0,0.0,4.779
2021-04-28 23:00:00-03:00,0.0,0.0,0.0,4.367
2021-04-29 00:00:00-03:00,0.0,0.0,0.0,3.757
2021-04-29 01:00:00-03:00,0.0,0.0,0.0,3.177
2021-04-29 02:00:00-03:00,0.0,0.0,0.0,2.719
2021-04-29 03:00:00-03:00,0.0,0.0,0.0,2.261
2021-04-29 04:00:00-03:00,0.0,0.0,0.0,1.8
2021-04-29 05:00:00-03:00,0.0,0.0,0.0,1.502
2021-04-29 06:00:00-03:00,0.0,0.0,0.0,1.609
2021-04-29 07:00:00-03:00,0.0,0.0,0.0,1.584
2021-04-29 08:00:00-03:00,0.0,0.0,0.0,1.354
2021-04-29 09:00:00-03:00,0.033,0.027,0.021,1.682
2021-04-29 10:00:00-03:00,0.116,0.064,0.07100000000000001,3.211
2021-04-29 11:00:00-03:00,0.146,0.057,0.11,4.171
2021-04-29 12:00:00-03:00,0.152,0.041,0.133,4.967
2021-04-29 13:00:00-03:00,0.17300000000000001,0.044,0.152,5.482
2021-04-29 14:00:00-03:00,0.20600000000000002,0.073,0.159,6.032
2021-04-29 15:00:00-03:00,0.153,0.056,0.12,6.18
2021-04-29 16:00:00-03:00,0.109,0.049,0.081,5.699
2021-04-29 17:00:00-03:00,0.032,0.018000000000000002,0.029,4.744
2021-04-29 18:00:00-03:00,0.0,0.001,0.001,3.899
2021-04-29 19:00:00-03:00,0.0,0.0,0.0,3.713
2021-04-29 20:00:00-03:00,0.0,0.0,0.0,3.777
2021-04-29 21:00:00-03:00,0.0,0.0,0.0,3.838
2021-04-29 22:00:00-03:00,0.0,0.0,0.0,3.725
2021-04-29 23:00:00-03:00,0.0,0.0,0.0,3.894
2021-04-30 00:00:00-03:00,0.0,0.0,0.0,4.126
2021-04-30 01:00:00-03:00,0.0,0.0,0.0,4.328
2021-04-30 02:00:00-03:00,0.0,0.0,0.0,4.497
2021-04-30 03:00:00-03:00,0.0,0.0,0.0,4.471
2021-04-30 04:00:00-03:00,0.0,0.0,0.0,4.575
2021-04-30 05:00:00-03:00,0.0,0.0,0.0,4.829
2021-04-30 06:00:00-03:00,0.0,0.0,0.0,4.743
2021-04-30 07:00:00-03:00,0.0,0.0,0.0,4.208
2021-04-30 08:00:00-03:00,0.0,0.0,0.0,4.047
2021-04-30 09:00:00-03:00,0.051000000000000004,0.047,0.021,4.646
2021-04-30 10:00:00-03:00,0.117,0.073,0.066,6.249
2021-04-30 11:00:00-03:00,0.228,0.14400000000000002,0.112,7.195
2021-04-30 12:00:00-03:00,0.456,0.385,0.129,8.787
2021-04-30 13:00:00-03:00,0.516,0.466,0.126,10.413
2021-04-30 14:00:00-03:00,0.539,0.511,0.114,11.703
2021-04-30 15:00:00-03:00,0.47900000000000004,0.445,0.106,12.213
2021-04-30 16:00:00-03:00,0.20800000000000002,0.155,0.084,11.653
2021-04-30 17:00:00-03:00,0.115,0.099,0.039,10.177
2021-04-30 18:00:00-03:00,0.0,0.003,0.002,8.567
2021-04-30 19:00:00-03:00,0.0,0.0,0.0,7.739
2021-04-30 20:00:00-03:00,0.0,0.0,0.0,6.926
2021-04-30 21:00:00-03:00,0.0,0.0,0.0,6.449
2021-04-30 22:00:00-03:00,0.0,0.0,0.0,6.174
2021-04-30 23:00:00-03:00,0.0,0.0,0.0,5.904
2021-05-01 00:00:00-03:00,0.0,0.0,0.0,5.639
2021-05-01 01:00:00-03:00,0.0,0.0,0.0,5.333
2021-05-01 02:00:00-03:00,0.0,0.0,0.0,4.937
2021-05-01 03:00:00-03:00,0.0,0.0,0.0,4.436
2021-05-01 04:00:00-03:00,0.0,0.0,0.0,3.814
2021-05-01 05:00:00-03:00,0.0,0.0,0.0,3.432
2021-05-01 06:00:00-03:00,0.0,0.0,0.0,3.223
2021-05-01 07:00:00-03:00,0.0,0.0,0.0,3.134
2021-05-01 08:00:00-03:00,0.0,0.0,0.0,2.864
2021-05-01 09:00:00-03:00,0.036000000000000004,0.034,0.018000000000000002,2.94
2021-05-01 10:00:00-03:00,0.242,0.196,0.07100000000000001,4.237
2021-05-01 11:00:00-03:00,0.395,0.331,0.10400000000000001,5.152
2021-05-01 12:00:00-03:00,0.406,0.317,0.133,6.017
2021-05-01 13:00:00-03:00,0.47200000000000003,0.391,0.137,6.7219999999999995
2021-05-01 14:00:00-03:00,0.514,0.458,0.122,7.317
2021-05-01 15:00:00-03:00,0.434,0.375,0.111,7.661
2021-05-01 16:00:00-03:00,0.279,0.227,0.085,7.564
2021-05-01 17:00:00-03:00,0.09,0.075,0.036000000000000004,6.268
2021-05-01 18:00:00-03:00,0.0,0.001,0.001,4.939
2021-05-01 19:00:00-03:00,0.0,0.0,0.0,4.682
2021-05-01 20:00:00-03:00,0.0,0.0,0.0,4.459
2021-05-01 21:00:00-03:00,0.0,0.0,0.0,4.14
2021-05-01 22:00:00-03:00,0.0,0.0,0.0,4.202
2021-05-01 23:00:00-03:00,0.0,0.0,0.0,4.4030000000000005
2021-05-02 00:00:00-03:00,0.0,0.0,0.0,4.541
2021-05-02 01:00:00-03:00,0.0,0.0,0.0,4.338
2021-05-02 02:00:00-03:00,0.0,0.0,0.0,3.98
2021-05-02 03:00:00-03:00,0.0,0.0,0.0,3.461
2021-05-02 04:00:00-03:00,0.0,0.0,0.0,2.701
2021-05-02 05:00:00-03:00,0.0,0.0,0.0,2.204
2021-05-02 06:00:00-03:00,0.0,0.0,0.0,1.998
2021-05-02 07:00:00-03:00,0.0,0.0,0.0,2.248
2021-05-02 08:00:00-03:00,0.0,0.0,0.0,2.286
2021-05-02 09:00:00-03:00,0.006,0.006,0.01,2.633
2021-05-02 10:00:00-03:00,0.034,0.011,0.039,3.255
2021-05-02 11:00:00-03:00,0.077,0.02,0.076,4.035
2021-05-02 12:00:00-03:00,0.289,0.17,0.15,5.409
2021-05-02 13:00:00-03:00,0.438,0.34,0.148,6.592
2021-05-02 14:00:00-03:00,0.499,0.434,0.127,7.21
2021-05-02 15:00:00-03:00,0.463,0.41000000000000003,0.109,7.298
2021-05-02 16:00:00-03:00,0.279,0.225,0.085,6.785
2021-05-02 17:00:00-03:00,0.053,0.041,0.031,5.786
2021-05-02 18:00:00-03:00,0.0,0.001,0.001,4.704
2021-05-02 19:00:00-03:00,0.0,0.0,0.0,4.311
2021-05-02 20:00:00-03:00,0.0,0.0,0.0,4.031
2021-05-02 21:00:00-03:00,0.0,0.0,0.0,3.511
2021-05-02 22:00:00-03:00,0.0,0.0,0.0,2.449
2021-05-02 23:00:00-03:00,0.0,0.0,0.0,1.003
2021-05-03 00:00:00-03:00,0.0,0.0,0.0,-0.054
2021-05-03 01:00:00-03:00,0.0,0.0,0.0,-0.227
2021-05-03 02:00:00-03:00,0.0,0.0,0.0,0.091
2021-05-03 03:00:00-03:00,0.0,0.0,0.0,-0.11800000000000001
2021-05-03 04:00:00-03:00,0.0,0.0,0.0,-0.034
2021-05-03 05:00:00-03:00,0.0,0.0,0.0,0.315
2021-05-03 06:00:00-03:00,0.0,0.0,0.0,0.388
2021-05-03 07:00:00-03:00,0.0,0.0,0.0,0.318
2021-05-03 08:00:00-03:00,0.0,0.0,0.0,0.354
2021-05-03 09:00:00-03:00,0.009000000000000001,0.009000000000000001,0.011,0.834
2021-05-03 10:00:00-03:00,0.078,0.039,0.057,1.693
2021-05-03 11:00:00-03:00,0.136,0.059000000000000004,0.097,2.59
2021-05-03 12:00:00-03:00,0.382,0.275,0.14200000000000002,3.561
2021-05-03 13:00:00-03:00,0.386,0.268,0.155,3.895
2021-05-03 14:00:00-03:00,0.35100000000000003,0.23500000000000001,0.149,3.841
2021-05-03 15:00:00-03:00,0.319,0.225,0.124,3.841
2021-05-03 16:00:00-03:00,0.153,0.094,0.08,3.762
2021-05-03 17:00:00-03:00,0.038,0.027,0.026000000000000002,3.396
2021-05-03 18:00:00-03:00,0.0,0.001,0.001,2.403
2021-05-03 19:00:00-03:00,0.0,0.0,0.0,1.96
2021-05-03 20:00:00-03:00,0.0,0.0,0.0,1.651
2021-05-03 21:00:00-03:00,0.0,0.0,0.0,1.593
2021-05-03 22:00:00-03:00,0.0,0.0,0.0,1.454
2021-05-03 23:00:00-03:00,0.0,0.0,0.0,1.341
2021-05-04 00:00:00-03:00,0.0,0.0,0.0,1.452
2021-05-04 01:00:00-03:00,0.0,0.0,0.0,1.763
2021-05-04 02:00:00-03:00,0.0,0.0,0.0,2.001
2021-05-04 03:00:00-03:00,0.0,0.0,0.0,2.222
2021-05-04 04:00:00-03:00,0.0,0.0,0.0,2.508
2021-05-04 05:00:00-03:00,0.0,0.0,0.0,2.698
2021-05-04 06:00:00-03:00,0.0,0.0,0.0,2.86
2021-05-04 07:00:00-03:00,0.0,0.0,0.0,3.168
2021-05-04 08:00:00-03:00,0.0,0.0,0.0,3.617
2021-05-04 09:00:00-03:00,0.001,0.002,0.006,4.183
2021-05-04 10:00:00-03:00,0.017,0.004,0.026000000000000002,5.117
2021-05-04 11:00:00-03:00,0.036000000000000004,0.005,0.048,6.175
2021-05-04 12:00:00-03:00,0.062,0.007,0.074,6.783
2021-05-04 13:00:00-03:00,0.109,0.018000000000000002,0.114,7.258
2021-05-04 14:00:00-03:00,0.234,0.10300000000000001,0.16,7.755
2021-05-04 15:00:00-03:00,0.21,0.113,0.125,7.858
2021-05-04 16:00:00-03:00,0.23900000000000002,0.179,0.089,7.635
2021-05-04 17:00:00-03:00,0.045,0.034,0.029,7.016
2021-05-04 18:00:00-03:00,0.0,0.0,0.0,6.489
2021-05-04 19:00:00-03:00,0.0,0.0,0.0,6.33
2021-05-04 20:00:00-03:00,0.0,0.0,0.0,6.304
2021-05-04 21:00:00-03:00,0.0,0.0,0.0,6.225
2021-05-04 22:00:00-03:00,0.0,0.0,0.0,6.154
2021-05-04 23:00:00-03:00,0.0,0.0,0.0,6.026
2021-05-05 00:00:00-03:00,0.0,0.0,0.0,5.924
2021-05-05 01:00:00-03:00,0.0,0.0,0.0,5.888
2021-05-05 02:00:00-03:00,0.0,0.0,0.0,5.764
2021-05-05 03:00:00-03:00,0.0,0.0,0.0,5.71
2021-05-05 04:00:00-03:00,0.0,0.0,0.0,5.905
2021-05-05 05:00:00-03:00,0.0,0.0,0.0,6.181
2021-05-05 06:00:00-03:00,0.0,0.0,0.0,6.408
2021-05-05 07:00:00-03:00,0.0,0.0,0.0,6.535
2021-05-05 08:00:00-03:00,0.0,0.0,0.0,6.574
2021-05-05 09:00:00-03:00,0.007,0.008,0.009000000000000001,6.599
2021-05-05 10:00:00-03:00,0.056,0.026000000000000002,0.049,6.914
2021-05-05 11:00:00-03:00,0.13,0.057,0.096,7.436
2021-05-05 12:00:00-03:00,0.332,0.228,0.14300000000000002,8.083
2021-05-05 13:00:00-03:00,0.42,0.325,0.146,8.6
2021-05-05 14:00:00-03:00,0.396,0.302,0.14200000000000002,8.88
2021-05-05 15:00:00-03:00,0.232,0.14100000000000001,0.122,8.756
2021-05-05 16:00:00-03:00,0.083,0.038,0.066,8.327
2021-05-05 17:00:00-03:00,0.017,0.011,0.019,7.72
2021-05-05 18:00:00-03:00,0.0,0.0,0.0,7.147
2021-05-05 19:00:00-03:00,0.0,0.0,0.0,6.745
2021-05-05 20:00:00-03:00,0.0,0.0,0.0,6.337
2021-05-05 21:00:00-03:00,0.0,0.0,0.0,5.991
2021-05-05 22:00:00-03:00,0.0,0.0,0.0,6.011
2021-05-05 23:00:00-03:00,0.0,0.0,0.0,5.965
2021-05-06 00:00:00-03:00,0.0,0.0,0.0,5.606
2021-05-06 01:00:00-03:00,0.0,0.0,0.0,5.234
2021-05-06 02:00:00-03:00,0.0,0.0,0.0,4.956
2021-05-06 03:00:00-03:00,0.0,0.0,0.0,4.911
2021-05-06 04:00:00-03:00,0.0,0.0,0.0,4.764
2021-05-06 05:00:00-03:00,0.0,0.0,0.0,4.612
2021-05-06 06:00:00-03:00,0.0,0.0,0.0,4.558
2021-05-06 07:00:00-03:00,0.0,0.0,0.0,4.418
2021-05-06 08:00:00-03:00,0.0,0.0,0.0,4.249
2021-05-06 09:00:00-03:00,0.005,0.005,0.008,4.203
2021-05-06 10:00:00-03:00,0.037,0.012,0.041,4.713
2021-05-06 11:00:00-03:00,0.097,0.029,0.088,5.496
2021-05-06 12:00:00-03:00,0.137,0.036000000000000004,0.123,6.408
2021-05-06 13:00:00-03:00,0.147,0.034,0.137,7.098
2021-05-06 14:00:00-03:00,0.115,0.023,0.115,7.451
2021-05-06 15:00:00-03:00,0.083,0.018000000000000002,0.085,7.575
2021-05-06 16:00:00-03:00,0.048,0.014,0.052000000000000005,7.379
2021-05-06 17:00:00-03:00,0.014,0.009000000000000001,0.018000000000000002,6.404
2021-05-06 18:00:00-03:00,0.0,0.0,0.0,5.471
2021-05-06 19:00:00-03:00,0.0,0.0,0.0,5.254
2021-05-06 20:00:00-03:00,0.0,0.0,0.0,4.728
2021-05-06 21:00:00-03:00,0.0,0.0,0.0,4.159
2021-05-06 22:00:00-03:00,0.0,0.0,0.0,3.711
2021-05-06 23:00:00-03:00,0.0,0.0,0.0,3.471
2021-05-07 00:00:00-03:00,0.0,0.0,0.0,3.313
2021-05-07 01:00:00-03:00,0.0,0.0,0.0,3.261
2021-05-07 02:00:00-03:00,0.0,0.0,0.0,3.199
2021-05-07 03:00:00-03:00,0.0,0.0,0.0,2.6470000000000002
2021-05-07 04:00:00-03:00,0.0,0.0,0.0,2.29
2021-05-07 05:00:00-03:00,0.0,0.0,0.0,2.064
2021-05-07 06:00:00-03:00,0.0,0.0,0.0,2.233
2021-05-07 07:00:00-03:00,0.0,0.0,0.0,2.267
2021-05-07 08:00:00-03:00,0.0,0.0,0.0,2.197
2021-05-07 09:00:00-03:00,0.007,0.008,0.008,2.346
2021-05-07 10:00:00-03:00,0.061,0.03,0.049,3.141
2021-05-07 11:00:00-03:00,0.149,0.07100000000000001,0.1,4.063
2021-05-07 12:00:00-03:00,0.197,0.08700000000000001,0.134,5.314
2021-05-07 13:00:00-03:00,0.28200000000000003,0.156,0.158,6.699
2021-05-07 14:00:00-03:00,0.296,0.179,0.15,7.53
2021-05-07 15:00:00-03:00,0.14400000000000002,0.062,0.106,7.663
2021-05-07 16:00:00-03:00,0.092,0.047,0.067,7.205
2021-05-07 17:00:00-03:00,0.041,0.033,0.024,5.64
2021-05-07 18:00:00-03:00,0.0,0.0,0.0,4.022
2021-05-07 19:00:00-03:00,0.0,0.0,0.0,3.311
2021-05-07 20:00:00-03:00,0.0,0.0,0.0,3.057
2021-05-07 21:00:00-03:00,0.0,0.0,0.0,2.829
2021-05-07 22:00:00-03:00,0.0,0.0,0.0,3.146
2021-05-07 23:00:00-03:00,0.0,0.0,0.0,3.434
2021-05-08 00:00:00-03:00,0.0,0.0,0.0,3.701
2021-05-08 01:00:00-03:00,0.0,0.0,0.0,3.7560000000000002
2021-05-08 02:00:00-03:00,0.0,0.0,0.0,3.526
2021-05-08 03:00:00-03:00,0.0,0.0,0.0,3.332
2021-05-08 04:00:00-03:00,0.0,0.0,0.0,3.003
2021-05-08 05:00:00-03:00,0.0,0.0,0.0,2.8
2021-05-08 06:00:00-03:00,0.0,0.0,0.0,2.93
2021-05-08 07:00:00-03:00,0.0,0.0,0.0,3.127
2021-05-08 08:00:00-03:00,0.0,0.0,0.0,3.287
2021-05-08 09:00:00-03:00,0.005,0.006,0.008,3.624
2021-05-08 10:00:00-03:00,0.039,0.014,0.041,4.631
2021-05-08 11:00:00-03:00,0.08600000000000001,0.024,0.082,5.632
2021-05-08 12:00:00-03:00,0.105,0.021,0.105,6.42
2021-05-08 13:00:00-03:00,0.10200000000000001,0.015,0.108,6.956
2021-05-08 14:00:00-03:00,0.089,0.013000000000000001,0.097,7.253
2021-05-08 15:00:00-03:00,0.062,0.01,0.07100000000000001,7.165
2021-05-08 16:00:00-03:00,0.032,0.007,0.04,6.497
2021-05-08 17:00:00-03:00,0.008,0.005,0.013000000000000001,5.478
2021-05-08 18:00:00-03:00,0.0,0.0,0.0,4.656
2021-05-08 19:00:00-03:00,0.0,0.0,0.0,4.207
2021-05-08 20:00:00-03:00,0.0,0.0,0.0,4.033
2021-05-08 21:00:00-03:00,0.0,0.0,0.0,4.407
2021-05-08 22:00:00-03:00,0.0,0.0,0.0,4.292
2021-05-08 23:00:00-03:00,0.0,0.0,0.0,4.057
2021-05-09 00:00:00-03:00,0.0,0.0,0.0,3.737
2021-05-09 01:00:00-03:00,0.0,0.0,0.0,3.463
2021-05-09 02:00:00-03:00,0.0,0.0,0.0,3.394
2021-05-09 03:00:00-03:00,0.0,0.0,0.0,3.46
2021-05-09 04:00:00-03:00,0.0,0.0,0.0,3.548
2021-05-09 05:00:00-03:00,0.0,0.0,0.0,3.67
2021-05-09 06:00:00-03:00,0.0,0.0,0.0,3.926
2021-05-09 07:00:00-03:00,0.0,0.0,0.0,3.992
2021-05-09 08:00:00-03:00,0.0,0.0,0.0,3.941
2021-05-09 09:00:00-03:00,0.019,0.022,0.01,3.911
2021-05-09 10:00:00-03:00,0.158,0.123,0.057,4.436
2021-05-09 11:00:00-03:00,0.294,0.23,0.094,5.443
2021-05-09 12:00:00-03:00,0.588,0.582,0.08600000000000001,6.273
2021-05-09 13:00:00-03:00,0.605,0.605,0.08700000000000001,6.88
2021-05-09 14:00:00-03:00,0.588,0.581,0.09,7.253
2021-05-09 15:00:00-03:00,0.352,0.28800000000000003,0.10400000000000001,7.219
2021-05-09 16:00:00-03:00,0.138,0.092,0.068,6.85
2021-05-09 17:00:00-03:00,0.026000000000000002,0.022,0.018000000000000002,6.194
2021-05-09 18:00:00-03:00,0.0,0.0,0.0,5.733
2021-05-09 19:00:00-03:00,0.0,0.0,0.0,5.665
2021-05-09 20:00:00-03:00,0.0,0.0,0.0,5.866
2021-05-09 21:00:00-03:00,0.0,0.0,0.0,5.998
2021-05-09 22:00:00-03:00,0.0,0.0,0.0,5.909
2021-05-09 23:00:00-03:00,0.0,0.0,0.0,5.6850000000000005
2021-05-10 00:00:00-03:00,0.0,0.0,0.0,5.443
2021-05-10 01:00:00-03:00,0.0,0.0,0.0,5.417
2021-05-10 02:00:00-03:00,0.0,0.0,0.0,5.622
2021-05-10 03:00:00-03:00,0.0,0.0,0.0,5.736
2021-05-10 04:00:00-03:00,0.0,0.0,0.0,5.521
2021-05-10 05:00:00-03:00,0.0,0.0,0.0,5.185
2021-05-10 06:00:00-03:00,0.0,0.0,0.0,4.806
2021-05-10 07:00:00-03:00,0.0,0.0,0.0,4.377
2021-05-10 08:00:00-03:00,0.0,0.0,0.0,4.24
2021-05-10 09:00:00-03:00,0.012,0.015,0.009000000000000001,4.329
2021-05-10 10:00:00-03:00,0.047,0.025,0.04,4.977
2021-05-10 11:00:00-03:00,0.242,0.171,0.099,5.99
2021-05-10 12:00:00-03:00,0.34700000000000003,0.264,0.121,7.209
2021-05-10 13:00:00-03:00,0.543,0.516,0.10200000000000001,8.245
2021-05-10 14:00:00-03:00,0.58,0.577,0.089,8.834
2021-05-10 15:00:00-03:00,0.493,0.47300000000000003,0.08700000000000001,9.062
2021-05-10 16:00:00-03:00,0.247,0.20800000000000002,0.07,8.745
2021-05-10 17:00:00-03:00,0.047,0.044,0.021,7.385
2021-05-10 18:00:00-03:00,0.0,0.0,0.0,6.168
2021-05-10 19:00:00-03:00,0.0,0.0,0.0,5.974
2021-05-10 20:00:00-03:00,0.0,0.0,0.0,5.678
2021-05-10 21:00:00-03:00,0.0,0.0,0.0,5.24
2021-05-10 22:00:00-03:00,0.0,0.0,0.0,4.636
2021-05-10 23:00:00-03:00,0.0,0.0,0.0,3.692
2021-05-11 00:00:00-03:00,0.0,0.0,0.0,3.0
2021-05-11 01:00:00-03:00,0.0,0.0,0.0,2.6109999999999998
2021-05-11 02:00:00-03:00,0.0,0.0,0.0,2.229
2021-05-11 03:00:00-03:00,0.0,0.0,0.0,1.901
2021-05-11 04:00:00-03:00,0.0,0.0,0.0,1.82
2021-05-11 05:00:00-03:00,0.0,0.0,0.0,1.832
2021-05-11 06:00:00-03:00,0.0,0.0,0.0,1.919
2021-05-11 07:00:00-03:00,0.0,0.0,0.0,2.205
2021-05-11 08:00:00-03:00,0.0,0.0,0.0,2.614
2021-05-11 09:00:00-03:00,0.0,0.0,0.002,2.911
2021-05-11 10:00:00-03:00,0.006,0.001,0.014,3.371
2021-05-11 11:00:00-03:00,0.019,0.002,0.03,4.235
2021-05-11 12:00:00-03:00,0.032,0.002,0.046,4.849
2021-05-11 13:00:00-03:00,0.057,0.004,0.07100000000000001,5.436
2021-05-11 14:00:00-03:00,0.051000000000000004,0.004,0.064,6.114
2021-05-11 15:00:00-03:00,0.039,0.004,0.052000000000000005,6.551
2021-05-11 16:00:00-03:00,0.013000000000000001,0.002,0.023,6.586
2021-05-11 17:00:00-03:00,0.002,0.002,0.008,6.516
2021-05-11 18:00:00-03:00,0.0,0.0,0.0,6.329
2021-05-11 19:00:00-03:00,0.0,0.0,0.0,6.263
2021-05-11 20:00:00-03:00,0.0,0.0,0.0,6.801
2021-05-11 21:00:00-03:00,0.0,0.0,0.0,7.21
2021-05-11 22:00:00-03:00,0.0,0.0,0.0,7.22
2021-05-11 23:00:00-03:00,0.0,0.0,0.0,7.38
2021-05-12 00:00:00-03:00,0.0,0.0,0.0,7.344
2021-05-12 01:00:00-03:00,0.0,0.0,0.0,6.78
2021-05-12 02:00:00-03:00,0.0,0.0,0.0,6.24
2021-05-12 03:00:00-03:00,0.0,0.0,0.0,5.997
2021-05-12 04:00:00-03:00,0.0,0.0,0.0,5.804
2021-05-12 05:00:00-03:00,0.0,0.0,0.0,5.425
2021-05-12 06:00:00-03:00,0.0,0.0,0.0,4.916
2021-05-12 07:00:00-03:00,0.0,0.0,0.0,4.493
2021-05-12 08:00:00-03:00,0.0,0.0,0.0,4.239
2021-05-12 09:00:00-03:00,0.056,0.064,0.01,4.382
2021-05-12 10:00:00-03:00,0.196,0.167,0.053,5.583
2021-05-12 11:00:00-03:00,0.112,0.058,0.076,6.38
2021-05-12 12:00:00-03:00,0.496,0.461,0.098,7.837
2021-05-12 13:00:00-03:00,0.534,0.516,0.095,9.597
2021-05-12 14:00:00-03:00,0.495,0.46900000000000003,0.099,10.725999999999999
2021-05-12 15:00:00-03:00,0.395,0.356,0.092,11.134
2021-05-12 16:00:00-03:00,0.262,0.231,0.067,10.821
2021-05-12 17:00:00-03:00,0.037,0.038,0.016,9.89
2021-05-12 18:00:00-03:00,0.0,0.0,0.0,9.332
2021-05-12 19:00:00-03:00,0.0,0.0,0.0,9.078
2021-05-12 20:00:00-03:00,0.0,0.0,0.0,8.622
2021-05-12 21:00:00-03:00,0.0,0.0,0.0,8.196
2021-05-12 22:00:00-03:00,0.0,0.0,0.0,7.645
2021-05-12 23:00:00-03:00,0.0,0.0,0.0,7.188
2021-05-13 00:00:00-03:00,0.0,0.0,0.0,7.088
2021-05-13 01:00:00-03:00,0.0,0.0,0.0,7.13
2021-05-13 02:00:00-03:00,0.0,0.0,0.0,7.201
2021-05-13 03:00:00-03:00,0.0,0.0,0.0,7.573
2021-05-13 04:00:00-03:00,0.0,0.0,0.0,7.43
2021-05-13 05:00:00-03:00,0.0,0.0,0.0,6.7219999999999995
2021-05-13 06:00:00-03:00,0.0,0.0,0.0,5.926
2021-05-13 07:00:00-03:00,0.0,0.0,0.0,5.096
2021-05-13 08:00:00-03:00,0.0,0.0,0.0,4.139
2021-05-13 09:00:00-03:00,0.054,0.063,0.008,3.235
2021-05-13 10:00:00-03:00,0.34800000000000003,0.338,0.044,4.866
2021-05-13 11:00:00-03:00,0.52,0.522,0.062,6.104
2021-05-13 12:00:00-03:00,0.596,0.615,0.068,7.5280000000000005
2021-05-13 13:00:00-03:00,0.613,0.637,0.07,8.303
2021-05-13 14:00:00-03:00,0.597,0.615,0.07200000000000001,8.613
2021-05-13 15:00:00-03:00,0.549,0.559,0.068,8.635
2021-05-13 16:00:00-03:00,0.358,0.343,0.057,8.091
2021-05-13 17:00:00-03:00,0.166,0.17,0.019,5.859
2021-05-13 18:00:00-03:00,0.0,0.0,0.0,4.534
2021-05-13 19:00:00-03:00,0.0,0.0,0.0,4.618
2021-05-13 20:00:00-03:00,0.0,0.0,0.0,4.492
2021-05-13 21:00:00-03:00,0.0,0.0,0.0,4.3629999999999995
2021-05-13 22:00:00-03:00,0.0,0.0,0.0,4.211
2021-05-13 23:00:00-03:00,0.0,0.0,0.0,3.802
2021-05-14 00:00:00-03:00,0.0,0.0,0.0,3.412
2021-05-14 01:00:00-03:00,0.0,0.0,0.0,3.181
2021-05-14 02:00:00-03:00,0.0,0.0,0.0,3.106
2021-05-14 03:00:00-03:00,0.0,0.0,0.0,3.223
2021-05-14 04:00:00-03:00,0.0,0.0,0.0,3.257
2021-05-14 05:00:00-03:00,0.0,0.0,0.0,3.268
2021-05-14 06:00:00-03:00,0.0,0.0,0.0,3.356
2021-05-14 07:00:00-03:00,0.0,0.0,0.0,3.143
2021-05-14 08:00:00-03:00,0.0,0.0,0.0,3.125
2021-05-14 09:00:00-03:00,0.008,0.012,0.006,3.12
2021-05-14 10:00:00-03:00,0.079,0.055,0.043000000000000003,3.874
2021-05-14 11:00:00-03:00,0.329,0.275,0.08700000000000001,4.823
2021-05-14 12:00:00-03:00,0.376,0.309,0.108,6.03
2021-05-14 13:00:00-03:00,0.54,0.516,0.095,7.2780000000000005
2021-05-14 14:00:00-03:00,0.46,0.41500000000000004,0.10300000000000001,8.193
2021-05-14 15:00:00-03:00,0.378,0.332,0.092,8.501
2021-05-14 16:00:00-03:00,0.26,0.228,0.063,7.978
2021-05-14 17:00:00-03:00,0.1,0.10200000000000001,0.019,6.212
2021-05-14 18:00:00-03:00,0.0,0.0,0.0,5.214
2021-05-14 19:00:00-03:00,0.0,0.0,0.0,5.519
2021-05-14 20:00:00-03:00,0.0,0.0,0.0,5.897
2021-05-14 21:00:00-03:00,0.0,0.0,0.0,6.201
2021-05-14 22:00:00-03:00,0.0,0.0,0.0,6.466
2021-05-14 23:00:00-03:00,0.0,0.0,0.0,6.634
2021-05-15 00:00:00-03:00,0.0,0.0,0.0,6.526
2021-05-15 01:00:00-03:00,0.0,0.0,0.0,6.422
2021-05-15 02:00:00-03:00,0.0,0.0,0.0,6.44
2021-05-15 03:00:00-03:00,0.0,0.0,0.0,6.495
2021-05-15 04:00:00-03:00,0.0,0.0,0.0,6.453
2021-05-15 05:00:00-03:00,0.0,0.0,0.0,6.385
2021-05-15 06:00:00-03:00,0.0,0.0,0.0,6.313
2021-05-15 07:00:00-03:00,0.0,0.0,0.0,6.228
2021-05-15 08:00:00-03:00,0.0,0.0,0.0,6.168
2021-05-15 09:00:00-03:00,0.0,0.001,0.002,6.187
2021-05-15 10:00:00-03:00,0.009000000000000001,0.002,0.018000000000000002,6.508
2021-05-15 11:00:00-03:00,0.03,0.004,0.041,6.842
2021-05-15 12:00:00-03:00,0.059000000000000004,0.007,0.07100000000000001,7.248
2021-05-15 13:00:00-03:00,0.084,0.012,0.093,7.615
2021-05-15 14:00:00-03:00,0.093,0.017,0.098,7.851
2021-05-15 15:00:00-03:00,0.07200000000000001,0.016,0.076,7.87
2021-05-15 16:00:00-03:00,0.03,0.008,0.037,7.634
2021-05-15 17:00:00-03:00,0.004,0.004,0.008,7.001
2021-05-15 18:00:00-03:00,0.0,0.0,0.0,6.497
2021-05-15 19:00:00-03:00,0.0,0.0,0.0,6.3629999999999995
2021-05-15 20:00:00-03:00,0.0,0.0,0.0,6.279
2021-05-15 21:00:00-03:00,0.0,0.0,0.0,6.157
2021-05-15 22:00:00-03:00,0.0,0.0,0.0,6.013
2021-05-15 23:00:00-03:00,0.0,0.0,0.0,5.852
2021-05-16 00:00:00-03:00,0.0,0.0,0.0,5.72
2021-05-16 01:00:00-03:00,0.0,0.0,0.0,5.554
2021-05-16 02:00:00-03:00,0.0,0.0,0.0,5.439
2021-05-16 03:00:00-03:00,0.0,0.0,0.0,5.289
2021-05-16 04:00:00-03:00,0.0,0.0,0.0,5.133
2021-05-16 05:00:00-03:00,0.0,0.0,0.0,5.022
2021-05-16 06:00:00-03:00,0.0,0.0,0.0,4.965
2021-05-16 07:00:00-03:00,0.0,0.0,0.0,4.913
2021-05-16 08:00:00-03:00,0.0,0.0,0.0,4.841
2021-05-16 09:00:00-03:00,0.0,0.002,0.003,4.676
2021-05-16 10:00:00-03:00,0.025,0.011,0.029,4.7059999999999995
2021-05-16 11:00:00-03:00,0.078,0.027,0.07,4.947
2021-05-16 12:00:00-03:00,0.151,0.059000000000000004,0.114,5.359
2021-05-16 13:00:00-03:00,0.20400000000000001,0.092,0.137,5.851
2021-05-16 14:00:00-03:00,0.194,0.093,0.125,6.234
2021-05-16 15:00:00-03:00,0.305,0.233,0.105,6.547
2021-05-16 16:00:00-03:00,0.131,0.091,0.062,6.477
2021-05-16 17:00:00-03:00,0.024,0.025,0.014,5.884
2021-05-16 18:00:00-03:00,0.0,0.0,0.0,5.273
2021-05-16 19:00:00-03:00,0.0,0.0,0.0,5.031
2021-05-16 20:00:00-03:00,0.0,0.0,0.0,4.921
2021-05-16 21:00:00-03:00,0.0,0.0,0.0,4.869
2021-05-16 22:00:00-03:00,0.0,0.0,0.0,4.7780000000000005
2021-05-16 23:00:00-03:00,0.0,0.0,0.0,4.691
2021-05-17 00:00:00-03:00,0.0,0.0,0.0,4.6690000000000005
2021-05-17 01:00:00-03:00,0.0,0.0,0.0,4.638
2021-05-17 02:00:00-03:00,0.0,0.0,0.0,4.599
2021-05-17 03:00:00-03:00,0.0,0.0,0.0,4.663
2021-05-17 04:00:00-03:00,0.0,0.0,0.0,4.814
2021-05-17 05:00:00-03:00,0.0,0.0,0.0,4.9
2021-05-17 06:00:00-03:00,0.0,0.0,0.0,4.8870000000000005
2021-05-17 07:00:00-03:00,0.0,0.0,0.0,4.82
2021-05-17 08:00:00-03:00,0.0,0.0,0.0,4.659
2021-05-17 09:00:00-03:00,0.0,0.001,0.002,4.495
2021-05-17 10:00:00-03:00,0.01,0.003,0.018000000000000002,4.436
2021-05-17 11:00:00-03:00,0.022,0.003,0.033,4.337
2021-05-17 12:00:00-03:00,0.026000000000000002,0.002,0.039,4.225
2021-05-17 13:00:00-03:00,0.032,0.002,0.046,4.197
2021-05-17 14:00:00-03:00,0.041,0.004,0.054,4.396
2021-05-17 15:00:00-03:00,0.08600000000000001,0.022,0.083,4.899
2021-05-17 16:00:00-03:00,0.057,0.024,0.051000000000000004,5.153
2021-05-17 17:00:00-03:00,0.01,0.011,0.011,4.934
2021-05-17 18:00:00-03:00,0.0,0.0,0.0,4.735
2021-05-17 19:00:00-03:00,0.0,0.0,0.0,4.829
2021-05-17 20:00:00-03:00,0.0,0.0,0.0,4.595
2021-05-17 21:00:00-03:00,0.0,0.0,0.0,4.57
2021-05-17 22:00:00-03:00,0.0,0.0,0.0,4.541
2021-05-17 23:00:00-03:00,0.0,0.0,0.0,4.459
2021-05-18 00:00:00-03:00,0.0,0.0,0.0,4.499
2021-05-18 01:00:00-03:00,0.0,0.0,0.0,3.939
2021-05-18 02:00:00-03:00,0.0,0.0,0.0,3.893
2021-05-18 03:00:00-03:00,0.0,0.0,0.0,3.515
2021-05-18 04:00:00-03:00,0.0,0.0,0.0,3.101
2021-05-18 05:00:00-03:00,0.0,0.0,0.0,2.763
2021-05-18 06:00:00-03:00,0.0,0.0,0.0,2.534
2021-05-18 07:00:00-03:00,0.0,0.0,0.0,2.416
2021-05-18 08:00:00-03:00,0.0,0.0,0.0,2.291
2021-05-18 09:00:00-03:00,0.0,0.001,0.003,2.1310000000000002
2021-05-18 10:00:00-03:00,0.015,0.005,0.023,2.2560000000000002
2021-05-18 11:00:00-03:00,0.05,0.011,0.057,2.754
2021-05-18 12:00:00-03:00,0.082,0.015,0.08600000000000001,3.427
2021-05-18 13:00:00-03:00,0.093,0.015,0.098,3.954
2021-05-18 14:00:00-03:00,0.053,0.006,0.065,4.121
2021-05-18 15:00:00-03:00,0.03,0.004,0.041,4.23
2021-05-18 16:00:00-03:00,0.017,0.004,0.026000000000000002,4.301
2021-05-18 17:00:00-03:00,0.001,0.002,0.005,4.133
2021-05-18 18:00:00-03:00,0.0,0.0,0.0,4.002
2021-05-18 19:00:00-03:00,0.0,0.0,0.0,4.072
2021-05-18 20:00:00-03:00,0.0,0.0,0.0,4.231
2021-05-18 21:00:00-03:00,0.0,0.0,0.0,4.536
2021-05-18 22:00:00-03:00,0.0,0.0,0.0,4.8469999999999995
2021-05-18 23:00:00-03:00,0.0,0.0,0.0,4.589
2021-05-19 00:00:00-03:00,0.0,0.0,0.0,4.273
2021-05-19 01:00:00-03:00,0.0,0.0,0.0,4.069
2021-05-19 02:00:00-03:00,0.0,0.0,0.0,4.118
2021-05-19 03:00:00-03:00,0.0,0.0,0.0,4.191
2021-05-19 04:00:00-03:00,0.0,0.0,0.0,4.124
2021-05-19 05:00:00-03:00,0.0,0.0,0.0,4.191
2021-05-19 06:00:00-03:00,0.0,0.0,0.0,4.24
2021-05-19 07:00:00-03:00,0.0,0.0,0.0,4.269
2021-05-19 08:00:00-03:00,0.0,0.0,0.0,4.279
2021-05-19 09:00:00-03:00,0.0,0.002,0.003,4.311
2021-05-19 10:00:00-03:00,0.027,0.012,0.029,5.134
2021-05-19 11:00:00-03:00,0.06,0.017,0.061,5.829
2021-05-19 12:00:00-03:00,0.105,0.029,0.097,6.342
2021-05-19 13:00:00-03:00,0.121,0.032,0.112,6.92
2021-05-19 14:00:00-03:00,0.128,0.04,0.111,7.374
2021-05-19 15:00:00-03:00,0.093,0.032,0.082,7.577
2021-05-19 16:00:00-03:00,0.052000000000000005,0.024,0.046,7.303
2021-05-19 17:00:00-03:00,0.01,0.011,0.01,6.354
2021-05-19 18:00:00-03:00,0.0,0.0,0.0,5.5600000000000005
2021-05-19 19:00:00-03:00,0.0,0.0,0.0,5.337
2021-05-19 20:00:00-03:00,0.0,0.0,0.0,5.306
2021-05-19 21:00:00-03:00,0.0,0.0,0.0,5.577
2021-05-19 22:00:00-03:00,0.0,0.0,0.0,5.5969999999999995
2021-05-19 23:00:00-03:00,0.0,0.0,0.0,5.621
2021-05-20 00:00:00-03:00,0.0,0.0,0.0,5.6530000000000005
2021-05-20 01:00:00-03:00,0.0,0.0,0.0,5.679
2021-05-20 02:00:00-03:00,0.0,0.0,0.0,5.67
2021-05-20 03:00:00-03:00,0.0,0.0,0.0,5.648
2021-05-20 04:00:00-03:00,0.0,0.0,0.0,5.563
2021-05-20 05:00:00-03:00,0.0,0.0,0.0,5.41
2021-05-20 06:00:00-03:00,0.0,0.0,0.0,5.285
2021-05-20 07:00:00-03:00,0.0,0.0,0.0,5.201
2021-05-20 08:00:00-03:00,0.0,0.0,0.0,5.16
2021-05-20 09:00:00-03:00,0.0,0.0,0.0,5.161
2021-05-20 10:00:00-03:00,0.0,0.0,0.005,5.227
2021-05-20 11:00:00-03:00,0.006,0.001,0.015,5.332
2021-05-20 12:00:00-03:00,0.011,0.001,0.022,5.443
2021-05-20 13:00:00-03:00,0.013000000000000001,0.001,0.025,5.506
2021-05-20 14:00:00-03:00,0.011,0.001,0.023,5.479
2021-05-20 15:00:00-03:00,0.011,0.001,0.021,5.362
2021-05-20 16:00:00-03:00,0.005,0.001,0.013000000000000001,5.18
2021-05-20 17:00:00-03:00,0.0,0.001,0.003,4.927
2021-05-20 18:00:00-03:00,0.0,0.0,0.0,4.636
2021-05-20 19:00:00-03:00,0.0,0.0,0.0,4.276
2021-05-20 20:00:00-03:00,0.0,0.0,0.0,3.93
2021-05-20 21:00:00-03:00,0.0,0.0,0.0,3.694
2021-05-20 22:00:00-03:00,0.0,0.0,0.0,3.552
2021-05-20 23:00:00-03:00,0.0,0.0,0.0,3.442
2021-05-21 00:00:00-03:00,0.0,0.0,0.0,3.378
2021-05-21 01:00:00-03:00,0.0,0.0,0.0,3.311
2021-05-21 02:00:00-03:00,0.0,0.0,0.0,3.294
2021-05-21 03:00:00-03:00,0.0,0.0,0.0,3.257
2021-05-21 04:00:00-03:00,0.0,0.0,0.0,3.201
2021-05-21 05:00:00-03:00,0.0,0.0,0.0,3.082
2021-05-21 06:00:00-03:00,0.0,0.0,0.0,2.971
2021-05-21 07:00:00-03:00,0.0,0.0,0.0,2.84
2021-05-21 08:00:00-03:00,0.0,0.0,0.0,2.667
2021-05-21 09:00:00-03:00,0.0,0.001,0.002,2.59
2021-05-21 10:00:00-03:00,0.024,0.012,0.027,2.9859999999999998
2021-05-21 11:00:00-03:00,0.063,0.02,0.061,3.675
2021-05-21 12:00:00-03:00,0.146,0.059000000000000004,0.109,4.687
2021-05-21 13:00:00-03:00,0.196,0.09,0.131,5.719
2021-05-21 14:00:00-03:00,0.194,0.095,0.124,6.548
2021-05-21 15:00:00-03:00,0.128,0.061,0.09,6.974
2021-05-21 16:00:00-03:00,0.049,0.024,0.043000000000000003,6.674
2021-05-21 17:00:00-03:00,0.005,0.007,0.008,5.515
2021-05-21 18:00:00-03:00,0.0,0.0,0.0,4.9510000000000005
2021-05-21 19:00:00-03:00,0.0,0.0,0.0,4.783
2021-05-21 20:00:00-03:00,0.0,0.0,0.0,4.7059999999999995
2021-05-21 21:00:00-03:00,0.0,0.0,0.0,4.642
2021-05-21 22:00:00-03:00,0.0,0.0,0.0,4.48
2021-05-21 23:00:00-03:00,0.0,0.0,0.0,4.233
2021-05-22 00:00:00-03:00,0.0,0.0,0.0,4.105
2021-05-22 01:00:00-03:00,0.0,0.0,0.0,4.101
2021-05-22 02:00:00-03:00,0.0,0.0,0.0,4.163
2021-05-22 03:00:00-03:00,0.0,0.0,0.0,4.132
2021-05-22 04:00:00-03:00,0.0,0.0,0.0,3.9619999999999997
2021-05-22 05:00:00-03:00,0.0,0.0,0.0,3.866
2021-05-22 06:00:00-03:00,0.0,0.0,0.0,3.821
2021-05-22 07:00:00-03:00,0.0,0.0,0.0,3.746
2021-05-22 08:00:00-03:00,0.0,0.0,0.0,3.684
2021-05-22 09:00:00-03:00,0.0,0.001,0.001,3.628
2021-05-22 10:00:00-03:00,0.017,0.007,0.023,4.12
2021-05-22 11:00:00-03:00,0.053,0.014,0.057,4.674
2021-05-22 12:00:00-03:00,0.075,0.015,0.079,5.193
2021-05-22 13:00:00-03:00,0.096,0.019,0.097,5.477
2021-05-22 14:00:00-03:00,0.084,0.017,0.08700000000000001,5.591
2021-05-22 15:00:00-03:00,0.066,0.017,0.068,5.594
2021-05-22 16:00:00-03:00,0.035,0.013000000000000001,0.037,5.384
2021-05-22 17:00:00-03:00,0.003,0.004,0.006,4.565
2021-05-22 18:00:00-03:00,0.0,0.0,0.0,4.058
2021-05-22 19:00:00-03:00,0.0,0.0,0.0,3.833
2021-05-22 20:00:00-03:00,0.0,0.0,0.0,3.388
2021-05-22 21:00:00-03:00,0.0,0.0,0.0,2.541
2021-05-22 22:00:00-03:00,0.0,0.0,0.0,1.939
2021-05-22 23:00:00-03:00,0.0,0.0,0.0,1.657
2021-05-23 00:00:00-03:00,0.0,0.0,0.0,1.383
2021-05-23 01:00:00-03:00,0.0,0.0,0.0,1.093
2021-05-23 02:00:00-03:00,0.0,0.0,0.0,1.008
2021-05-23 03:00:00-03:00,0.0,0.0,0.0,1.093
2021-05-23 04:00:00-03:00,0.0,0.0,0.0,1.365
2021-05-23 05:00:00-03:00,0.0,0.0,0.0,1.5270000000000001
2021-05-23 06:00:00-03:00,0.0,0.0,0.0,1.79
2021-05-23 07:00:00-03:00,0.0,0.0,0.0,1.714
2021-05-23 08:00:00-03:00,0.0,0.0,0.0,1.7890000000000001
2021-05-23 09:00:00-03:00,0.0,0.003,0.002,1.921
2021-05-23 10:00:00-03:00,0.043000000000000003,0.026000000000000002,0.033,2.363
2021-05-23 11:00:00-03:00,0.131,0.069,0.082,2.987
2021-05-23 12:00:00-03:00,0.123,0.043000000000000003,0.1,3.7720000000000002
2021-05-23 13:00:00-03:00,0.17200000000000001,0.066,0.128,4.904
2021-05-23 14:00:00-03:00,0.085,0.018000000000000002,0.08700000000000001,5.425
2021-05-23 15:00:00-03:00,0.026000000000000002,0.004,0.037,5.214
2021-05-23 16:00:00-03:00,0.015,0.004,0.024,5.048
2021-05-23 17:00:00-03:00,0.0,0.001,0.003,4.864
2021-05-23 18:00:00-03:00,0.0,0.0,0.0,4.865
2021-05-23 19:00:00-03:00,0.0,0.0,0.0,5.062
2021-05-23 20:00:00-03:00,0.0,0.0,0.0,5.197
2021-05-23 21:00:00-03:00,0.0,0.0,0.0,5.033
2021-05-23 22:00:00-03:00,0.0,0.0,0.0,4.482
2021-05-23 23:00:00-03:00,0.0,0.0,0.0,3.632
2021-05-24 00:00:00-03:00,0.0,0.0,0.0,3.087
2021-05-24 01:00:00-03:00,0.0,0.0,0.0,2.939
2021-05-24 02:00:00-03:00,0.0,0.0,0.0,2.898
2021-05-24 03:00:00-03:00,0.0,0.0,0.0,2.8200000000000003
2021-05-24 04:00:00-03:00,0.0,0.0,0.0,2.548
2021-05-24 05:00:00-03:00,0.0,0.0,0.0,2.333
2021-05-24 06:00:00-03:00,0.0,0.0,0.0,2.242
2021-05-24 07:00:00-03:00,0.0,0.0,0.0,2.074
2021-05-24 08:00:00-03:00,0.0,0.0,0.0,2.023
2021-05-24 09:00:00-03:00,0.0,0.002,0.002,2.16
2021-05-24 10:00:00-03:00,0.02,0.01,0.023,2.633
2021-05-24 11:00:00-03:00,0.043000000000000003,0.011,0.048,3.181
2021-05-24 12:00:00-03:00,0.133,0.052000000000000005,0.10200000000000001,3.873
2021-05-24 13:00:00-03:00,0.28200000000000003,0.178,0.132,4.108
2021-05-24 14:00:00-03:00,0.195,0.098,0.11900000000000001,3.207
2021-05-24 15:00:00-03:00,0.089,0.033,0.075,2.4939999999999998
2021-05-24 16:00:00-03:00,0.044,0.021,0.039,2.122
2021-05-24 17:00:00-03:00,0.008,0.01,0.008,1.453
2021-05-24 18:00:00-03:00,0.0,0.0,0.0,0.735
2021-05-24 19:00:00-03:00,0.0,0.0,0.0,0.20600000000000002
2021-05-24 20:00:00-03:00,0.0,0.0,0.0,-0.107
2021-05-24 21:00:00-03:00,0.0,0.0,0.0,-0.20700000000000002
2021-05-24 22:00:00-03:00,0.0,0.0,0.0,-0.16
2021-05-24 23:00:00-03:00,0.0,0.0,0.0,-0.211
2021-05-25 00:00:00-03:00,0.0,0.0,0.0,-0.28800000000000003
2021-05-25 01:00:00-03:00,0.0,0.0,0.0,-0.352
2021-05-25 02:00:00-03:00,0.0,0.0,0.0,-0.241
2021-05-25 03:00:00-03:00,0.0,0.0,0.0,0.012
2021-05-25 04:00:00-03:00,0.0,0.0,0.0,0.09
2021-05-25 05:00:00-03:00,0.0,0.0,0.0,0.122
2021-05-25 06:00:00-03:00,0.0,0.0,0.0,0.17
2021-05-25 07:00:00-03:00,0.0,0.0,0.0,0.11900000000000001
2021-05-25 08:00:00-03:00,0.0,0.0,0.0,0.255
2021-05-25 09:00:00-03:00,0.0,0.003,0.002,0.389
2021-05-25 10:00:00-03:00,0.099,0.08,0.037,0.836
2021-05-25 11:00:00-03:00,0.225,0.169,0.078,1.709
2021-05-25 12:00:00-03:00,0.273,0.19,0.108,2.589
2021-05-25 13:00:00-03:00,0.24,0.14200000000000002,0.122,3.047
2021-05-25 14:00:00-03:00,0.23500000000000001,0.14400000000000002,0.115,3.322
2021-05-25 15:00:00-03:00,0.183,0.116,0.089,3.273
2021-05-25 16:00:00-03:00,0.10200000000000001,0.07200000000000001,0.049,2.909
2021-05-25 17:00:00-03:00,0.01,0.013000000000000001,0.007,2.276
2021-05-25 18:00:00-03:00,0.0,0.0,0.0,1.877
2021-05-25 19:00:00-03:00,0.0,0.0,0.0,1.354
2021-05-25 20:00:00-03:00,0.0,0.0,0.0,0.928
2021-05-25 21:00:00-03:00,0.0,0.0,0.0,0.73
2021-05-25 22:00:00-03:00,0.0,0.0,0.0,0.744
2021-05-25 23:00:00-03:00,0.0,0.0,0.0,0.77
2021-05-26 00:00:00-03:00,0.0,0.0,0.0,0.668
2021-05-26 01:00:00-03:00,0.0,0.0,0.0,0.601
2021-05-26 02:00:00-03:00,0.0,0.0,0.0,0.461
2021-05-26 03:00:00-03:00,0.0,0.0,0.0,0.39
2021-05-26 04:00:00-03:00,0.0,0.0,0.0,0.32
2021-05-26 05:00:00-03:00,0.0,0.0,0.0,0.291
2021-05-26 06:00:00-03:00,0.0,0.0,0.0,0.241
2021-05-26 07:00:00-03:00,0.0,0.0,0.0,0.145
2021-05-26 08:00:00-03:00,0.0,0.0,0.0,0.082
2021-05-26 09:00:00-03:00,0.0,0.002,0.001,0.08600000000000001
2021-05-26 10:00:00-03:00,0.054,0.039,0.031,0.498
2021-05-26 11:00:00-03:00,0.17200000000000001,0.117,0.076,1.495
2021-05-26 12:00:00-03:00,0.338,0.265,0.10300000000000001,2.513
2021-05-26 13:00:00-03:00,0.332,0.245,0.117,3.089
2021-05-26 14:00:00-03:00,0.20700000000000002,0.12,0.111,3.204
2021-05-26 15:00:00-03:00,0.20600000000000002,0.14,0.089,3.302
2021-05-26 16:00:00-03:00,0.125,0.096,0.049,3.085
2021-05-26 17:00:00-03:00,0.019,0.024,0.008,2.207
2021-05-26 18:00:00-03:00,0.0,0.0,0.0,1.188
2021-05-26 19:00:00-03:00,0.0,0.0,0.0,0.531
2021-05-26 20:00:00-03:00,0.0,0.0,0.0,-0.084
2021-05-26 21:00:00-03:00,0.0,0.0,0.0,-1.029
2021-05-26 22:00:00-03:00,0.0,0.0,0.0,-1.694
2021-05-26 23:00:00-03:00,0.0,0.0,0.0,-1.931
2021-05-27 00:00:00-03:00,0.0,0.0,0.0,-1.99
2021-05-27 01:00:00-03:00,0.0,0.0,0.0,-1.808
2021-05-27 02:00:00-03:00,0.0,0.0,0.0,-1.518
2021-05-27 03:00:00-03:00,0.0,0.0,0.0,-0.977
2021-05-27 04:00:00-03:00,0.0,0.0,0.0,-0.846
2021-05-27 05:00:00-03:00,0.0,0.0,0.0,-1.116
2021-05-27 06:00:00-03:00,0.0,0.0,0.0,-1.168
2021-05-27 07:00:00-03:00,0.0,0.0,0.0,-1.001
2021-05-27 08:00:00-03:00,0.0,0.0,0.0,-1.009
2021-05-27 09:00:00-03:00,0.0,0.002,0.001,-1.224
2021-05-27 10:00:00-03:00,0.067,0.052000000000000005,0.031,-1.005
2021-05-27 11:00:00-03:00,0.265,0.213,0.074,0.468
2021-05-27 12:00:00-03:00,0.454,0.406,0.08700000000000001,1.227
2021-05-27 13:00:00-03:00,0.391,0.317,0.107,1.6219999999999999
2021-05-27 14:00:00-03:00,0.264,0.178,0.11,1.73
2021-05-27 15:00:00-03:00,0.203,0.137,0.08700000000000001,1.593
2021-05-27 16:00:00-03:00,0.08,0.054,0.044,1.05
2021-05-27 17:00:00-03:00,0.009000000000000001,0.013000000000000001,0.007,-0.10300000000000001
2021-05-27 18:00:00-03:00,0.0,0.0,0.0,-0.464
2021-05-27 19:00:00-03:00,0.0,0.0,0.0,-0.56
2021-05-27 20:00:00-03:00,0.0,0.0,0.0,-0.718
2021-05-27 21:00:00-03:00,0.0,0.0,0.0,-0.756
2021-05-27 22:00:00-03:00,0.0,0.0,0.0,-0.899
2021-05-27 23:00:00-03:00,0.0,0.0,0.0,-1.042
2021-05-28 00:00:00-03:00,0.0,0.0,0.0,-1.002
2021-05-28 01:00:00-03:00,0.0,0.0,0.0,-0.45
2021-05-28 02:00:00-03:00,0.0,0.0,0.0,-0.299
2021-05-28 03:00:00-03:00,0.0,0.0,0.0,-0.19
2021-05-28 04:00:00-03:00,0.0,0.0,0.0,-0.08
2021-05-28 05:00:00-03:00,0.0,0.0,0.0,0.017
2021-05-28 06:00:00-03:00,0.0,0.0,0.0,0.077
2021-05-28 07:00:00-03:00,0.0,0.0,0.0,0.115
2021-05-28 08:00:00-03:00,0.0,0.0,0.0,0.159
2021-05-28 09:00:00-03:00,0.0,0.001,0.001,0.11900000000000001
2021-05-28 10:00:00-03:00,0.044,0.031,0.028,0.401
2021-05-28 11:00:00-03:00,0.132,0.079,0.07200000000000001,1.04
2021-05-28 12:00:00-03:00,0.214,0.13,0.106,1.701
2021-05-28 13:00:00-03:00,0.223,0.126,0.11900000000000001,2.339
2021-05-28 14:00:00-03:00,0.226,0.137,0.112,2.711
2021-05-28 15:00:00-03:00,0.258,0.195,0.08700000000000001,2.833
2021-05-28 16:00:00-03:00,0.14400000000000002,0.114,0.05,2.59
2021-05-28 17:00:00-03:00,0.006,0.009000000000000001,0.006,2.154
2021-05-28 18:00:00-03:00,0.0,0.0,0.0,1.819
2021-05-28 19:00:00-03:00,0.0,0.0,0.0,1.449
2021-05-28 20:00:00-03:00,0.0,0.0,0.0,1.302
2021-05-28 21:00:00-03:00,0.0,0.0,0.0,1.27
2021-05-28 22:00:00-03:00,0.0,0.0,0.0,1.252
2021-05-28 23:00:00-03:00,0.0,0.0,0.0,1.1440000000000001
2021-05-29 00:00:00-03:00,0.0,0.0,0.0,1.055
2021-05-29 01:00:00-03:00,0.0,0.0,0.0,1.021
2021-05-29 02:00:00-03:00,0.0,0.0,0.0,0.966
2021-05-29 03:00:00-03:00,0.0,0.0,0.0,0.9
2021-05-29 04:00:00-03:00,0.0,0.0,0.0,0.911
2021-05-29 05:00:00-03:00,0.0,0.0,0.0,0.7000000000000001
2021-05-29 06:00:00-03:00,0.0,0.0,0.0,0.426
2021-05-29 07:00:00-03:00,0.0,0.0,0.0,-0.021
2021-05-29 08:00:00-03:00,0.0,0.0,0.0,-0.196
2021-05-29 09:00:00-03:00,0.0,0.001,0.001,-0.183
2021-05-29 10:00:00-03:00,0.074,0.06,0.031,0.114
2021-05-29 11:00:00-03:00,0.198,0.14300000000000002,0.074,0.709
2021-05-29 12:00:00-03:00,0.23900000000000002,0.158,0.10300000000000001,1.192
2021-05-29 13:00:00-03:00,0.272,0.179,0.117,1.514
2021-05-29 14:00:00-03:00,0.263,0.178,0.109,1.7690000000000001
2021-05-29 15:00:00-03:00,0.24,0.177,0.08600000000000001,1.792
2021-05-29 16:00:00-03:00,0.101,0.075,0.045,1.449
2021-05-29 17:00:00-03:00,0.011,0.016,0.006,0.681
2021-05-29 18:00:00-03:00,0.0,0.0,0.0,0.128
2021-05-29 19:00:00-03:00,0.0,0.0,0.0,-0.385
2021-05-29 20:00:00-03:00,0.0,0.0,0.0,-0.738
2021-05-29 21:00:00-03:00,0.0,0.0,0.0,-1.052
2021-05-29 22:00:00-03:00,0.0,0.0,0.0,-1.166
2021-05-29 23:00:00-03:00,0.0,0.0,0.0,-0.892
2021-05-30 00:00:00-03:00,0.0,0.0,0.0,-0.937
2021-05-30 01:00:00-03:00,0.0,0.0,0.0,-0.9400000000000001
2021-05-30 02:00:00-03:00,0.0,0.0,0.0,-0.834
2021-05-30 03:00:00-03:00,0.0,0.0,0.0,-0.606
2021-05-30 04:00:00-03:00,0.0,0.0,0.0,-0.273
2021-05-30 05:00:00-03:00,0.0,0.0,0.0,-0.125
2021-05-30 06:00:00-03:00,0.0,0.0,0.0,-0.258
2021-05-30 07:00:00-03:00,0.0,0.0,0.0,-0.522
2021-05-30 08:00:00-03:00,0.0,0.0,0.0,-1.1280000000000001
2021-05-30 09:00:00-03:00,0.0,0.001,0.001,-1.346
2021-05-30 10:00:00-03:00,0.057,0.044,0.029,-0.633
2021-05-30 11:00:00-03:00,0.195,0.14200000000000002,0.073,0.8270000000000001
2021-05-30 12:00:00-03:00,0.338,0.269,0.097,1.861
2021-05-30 13:00:00-03:00,0.354,0.275,0.11,2.371
2021-05-30 14:00:00-03:00,0.252,0.167,0.109,2.441
2021-05-30 15:00:00-03:00,0.149,0.089,0.08,2.205
2021-05-30 16:00:00-03:00,0.096,0.07,0.044,1.146
2021-05-30 17:00:00-03:00,0.008,0.012,0.006,-0.268
2021-05-30 18:00:00-03:00,0.0,0.0,0.0,-0.354
2021-05-30 19:00:00-03:00,0.0,0.0,0.0,-0.401
2021-05-30 20:00:00-03:00,0.0,0.0,0.0,-0.49
2021-05-30 21:00:00-03:00,0.0,0.0,0.0,-0.577
2021-05-30 22:00:00-03:00,0.0,0.0,0.0,-0.597
2021-05-30 23:00:00-03:00,0.0,0.0,0.0,-0.655
2021-05-31 00:00:00-03:00,0.0,0.0,0.0,-0.8280000000000001
2021-05-31 01:00:00-03:00,0.0,0.0,0.0,-1.143
2021-05-31 02:00:00-03:00,0.0,0.0,0.0,-1.499
2021-05-31 03:00:00-03:00,0.0,0.0,0.0,-1.873
2021-05-31 04:00:00-03:00,0.0,0.0,0.0,-1.909
2021-05-31 05:00:00-03:00,0.0,0.0,0.0,-1.659
2021-05-31 06:00:00-03:00,0.0,0.0,0.0,-1.389
2021-05-31 07:00:00-03:00,0.0,0.0,0.0,-1.204
2021-05-31 08:00:00-03:00,0.0,0.0,0.0,-1.102
2021-05-31 09:00:00-03:00,0.0,0.0,0.0,-1.025
2021-05-31 10:00:00-03:00,0.008,0.004,0.014,-0.715
2021-05-31 11:00:00-03:00,0.03,0.006,0.038,-0.28300000000000003
2021-05-31 12:00:00-03:00,0.068,0.013000000000000001,0.07200000000000001,0.171
2021-05-31 13:00:00-03:00,0.095,0.02,0.093,0.904
2021-05-31 14:00:00-03:00,0.08,0.017,0.081,1.166
2021-05-31 15:00:00-03:00,0.052000000000000005,0.012,0.056,0.927
2021-05-31 16:00:00-03:00,0.021,0.008,0.026000000000000002,0.32
2021-05-31 17:00:00-03:00,0.0,0.001,0.003,-0.198
2021-05-31 18:00:00-03:00,0.0,0.0,0.0,-0.22
2021-05-31 19:00:00-03:00,0.0,0.0,0.0,-0.106
2021-05-31 20:00:00-03:00,0.0,0.0,0.0,-0.015
2021-05-31 21:00:00-03:00,0.0,0.0,0.0,0.013000000000000001
2021-05-31 22:00:00-03:00,0.0,0.0,0.0,0.009000000000000001
2021-05-31 23:00:00-03:00,0.0,0.0,0.0,-0.005
2021-06-01 00:00:00-03:00,0.0,0.0,0.0,-0.089
2021-06-01 01:00:00-03:00,0.0,0.0,0.0,-0.214
2021-06-01 02:00:00-03:00,0.0,0.0,0.0,-0.423
2021-06-01 03:00:00-03:00,0.0,0.0,0.0,-0.84
2021-06-01 04:00:00-03:00,0.0,0.0,0.0,-1.2730000000000001
2021-06-01 05:00:00-03:00,0.0,0.0,0.0,-1.616
2021-06-01 06:00:00-03:00,0.0,0.0,0.0,-1.8679999999999999
2021-06-01 07:00:00-03:00,0.0,0.0,0.0,-2.212
2021-06-01 08:00:00-03:00,0.0,0.0,0.0,-2.483
2021-06-01 09:00:00-03:00,0.0,0.001,0.001,-2.551
2021-06-01 10:00:00-03:00,0.107,0.094,0.03,-1.996
2021-06-01 11:00:00-03:00,0.243,0.193,0.069,-1.279
2021-06-01 12:00:00-03:00,0.326,0.256,0.094,-0.627
2021-06-01 13:00:00-03:00,0.34600000000000003,0.265,0.106,-0.395
2021-06-01 14:00:00-03:00,0.291,0.211,0.10200000000000001,-0.405
2021-06-01 15:00:00-03:00,0.268,0.209,0.08,-0.449
2021-06-01 16:00:00-03:00,0.152,0.125,0.045,-0.92
2021-06-01 17:00:00-03:00,0.013000000000000001,0.019,0.005,-1.911
2021-06-01 18:00:00-03:00,0.0,0.0,0.0,-2.143
2021-06-01 19:00:00-03:00,0.0,0.0,0.0,-2.246
2021-06-01 20:00:00-03:00,0.0,0.0,0.0,-2.276
2021-06-01 21:00:00-03:00,0.0,0.0,0.0,-2.25
2021-06-01 22:00:00-03:00,0.0,0.0,0.0,-2.341
2021-06-01 23:00:00-03:00,0.0,0.0,0.0,-2.505
2021-06-02 00:00:00-03:00,0.0,0.0,0.0,-2.731
2021-06-02 01:00:00-03:00,0.0,0.0,0.0,-2.94
2021-06-02 02:00:00-03:00,0.0,0.0,0.0,-3.262
2021-06-02 03:00:00-03:00,0.0,0.0,0.0,-3.644
2021-06-02 04:00:00-03:00,0.0,0.0,0.0,-3.906
2021-06-02 05:00:00-03:00,0.0,0.0,0.0,-4.149
2021-06-02 06:00:00-03:00,0.0,0.0,0.0,-4.228
2021-06-02 07:00:00-03:00,0.0,0.0,0.0,-4.257
2021-06-02 08:00:00-03:00,0.0,0.0,0.0,-4.455
2021-06-02 09:00:00-03:00,0.0,0.004,0.001,-4.691
2021-06-02 10:00:00-03:00,0.321,0.313,0.026000000000000002,-4.324
2021-06-02 11:00:00-03:00,0.55,0.551,0.042,-2.693
2021-06-02 12:00:00-03:00,0.631,0.647,0.048,-1.032
2021-06-02 13:00:00-03:00,0.651,0.673,0.049,-0.248
2021-06-02 14:00:00-03:00,0.632,0.65,0.051000000000000004,0.148
2021-06-02 15:00:00-03:00,0.55,0.551,0.05,0.138
2021-06-02 16:00:00-03:00,0.331,0.316,0.038,-0.7030000000000001
2021-06-02 17:00:00-03:00,0.024,0.032,0.005,-1.888
2021-06-02 18:00:00-03:00,0.0,0.0,0.0,-2.427
2021-06-02 19:00:00-03:00,0.0,0.0,0.0,-2.93
2021-06-02 20:00:00-03:00,0.0,0.0,0.0,-3.329
2021-06-02 21:00:00-03:00,0.0,0.0,0.0,-3.793
2021-06-02 22:00:00-03:00,0.0,0.0,0.0,-4.085
2021-06-02 23:00:00-03:00,0.0,0.0,0.0,-4.61
2021-06-03 00:00:00-03:00,0.0,0.0,0.0,-4.974
2021-06-03 01:00:00-03:00,0.0,0.0,0.0,-5.139
2021-06-03 02:00:00-03:00,0.0,0.0,0.0,-5.016
2021-06-03 03:00:00-03:00,0.0,0.0,0.0,-4.626
2021-06-03 04:00:00-03:00,0.0,0.0,0.0,-4.027
2021-06-03 05:00:00-03:00,0.0,0.0,0.0,-3.559
2021-06-03 06:00:00-03:00,0.0,0.0,0.0,-2.997
2021-06-03 07:00:00-03:00,0.0,0.0,0.0,-2.773
2021-06-03 08:00:00-03:00,0.0,0.0,0.0,-2.478
2021-06-03 09:00:00-03:00,0.0,0.001,0.0,-2.33
2021-06-03 10:00:00-03:00,0.058,0.046,0.029,-1.311
2021-06-03 11:00:00-03:00,0.123,0.07,0.07,0.17
2021-06-03 12:00:00-03:00,0.117,0.044,0.092,1.084
2021-06-03 13:00:00-03:00,0.081,0.017,0.083,1.383
2021-06-03 14:00:00-03:00,0.047,0.007,0.056,1.312
2021-06-03 15:00:00-03:00,0.024,0.004,0.034,1.15
2021-06-03 16:00:00-03:00,0.009000000000000001,0.003,0.016,0.9530000000000001
2021-06-03 17:00:00-03:00,0.0,0.001,0.002,0.734
2021-06-03 18:00:00-03:00,0.0,0.0,0.0,0.65
2021-06-03 19:00:00-03:00,0.0,0.0,0.0,0.632
2021-06-03 20:00:00-03:00,0.0,0.0,0.0,0.5670000000000001
2021-06-03 21:00:00-03:00,0.0,0.0,0.0,0.5
2021-06-03 22:00:00-03:00,0.0,0.0,0.0,0.404
2021-06-03 23:00:00-03:00,0.0,0.0,0.0,0.28600000000000003
2021-06-04 00:00:00-03:00,0.0,0.0,0.0,0.14100000000000001
2021-06-04 01:00:00-03:00,0.0,0.0,0.0,-0.053
2021-06-04 02:00:00-03:00,0.0,0.0,0.0,-0.354
2021-06-04 03:00:00-03:00,0.0,0.0,0.0,-0.614
2021-06-04 04:00:00-03:00,0.0,0.0,0.0,-0.913
2021-06-04 05:00:00-03:00,0.0,0.0,0.0,-1.275
2021-06-04 06:00:00-03:00,0.0,0.0,0.0,-1.5779999999999998
2021-06-04 07:00:00-03:00,0.0,0.0,0.0,-1.8290000000000002
2021-06-04 08:00:00-03:00,0.0,0.0,0.0,-1.963
2021-06-04 09:00:00-03:00,0.0,0.0,0.0,-2.031
2021-06-04 10:00:00-03:00,0.03,0.022,0.022,-1.837
2021-06-04 11:00:00-03:00,0.09,0.045,0.062,-1.159
2021-06-04 12:00:00-03:00,0.138,0.062,0.095,-0.505
2021-06-04 13:00:00-03:00,0.149,0.06,0.107,0.053
2021-06-04 14:00:00-03:00,0.128,0.049,0.097,0.777
2021-06-04 15:00:00-03:00,0.08600000000000001,0.035,0.068,0.846
2021-06-04 16:00:00-03:00,0.042,0.024,0.034,0.515
2021-06-04 17:00:00-03:00,0.001,0.004,0.004,-0.23500000000000001
2021-06-04 18:00:00-03:00,0.0,0.0,0.0,-0.765
2021-06-04 19:00:00-03:00,0.0,0.0,0.0,-1.224
2021-06-04 20:00:00-03:00,0.0,0.0,0.0,-1.595
2021-06-04 21:00:00-03:00,0.0,0.0,0.0,-1.807
2021-06-04 22:00:00-03:00,0.0,0.0,0.0,-2.045
2021-06-04 23:00:00-03:00,0.0,0.0,0.0,-2.159
2021-06-05 00:00:00-03:00,0.0,0.0,0.0,-2.129
2021-06-05 01:00:00-03:00,0.0,0.0,0.0,-2.065
2021-06-05 02:00:00-03:00,0.0,0.0,0.0,-1.9540000000000002
2021-06-05 03:00:00-03:00,0.0,0.0,0.0,-1.816
2021-06-05 04:00:00-03:00,0.0,0.0,0.0,-1.7069999999999999
2021-06-05 05:00:00-03:00,0.0,0.0,0.0,-1.639
2021-06-05 06:00:00-03:00,0.0,0.0,0.0,-1.464
2021-06-05 07:00:00-03:00,0.0,0.0,0.0,-1.2730000000000001
2021-06-05 08:00:00-03:00,0.0,0.0,0.0,-0.984
2021-06-05 09:00:00-03:00,0.0,0.0,0.0,-0.17400000000000002
2021-06-05 10:00:00-03:00,0.004,0.003,0.01,0.758
2021-06-05 11:00:00-03:00,0.028,0.006,0.036000000000000004,1.621
2021-06-05 12:00:00-03:00,0.059000000000000004,0.012,0.065,2.249
2021-06-05 13:00:00-03:00,0.10400000000000001,0.028,0.096,2.698
2021-06-05 14:00:00-03:00,0.109,0.035,0.094,2.813
2021-06-05 15:00:00-03:00,0.07200000000000001,0.025,0.065,2.656
2021-06-05 16:00:00-03:00,0.03,0.014,0.03,2.295
2021-06-05 17:00:00-03:00,0.0,0.002,0.003,1.7269999999999999
2021-06-05 18:00:00-03:00,0.0,0.0,0.0,0.756
2021-06-05 19:00:00-03:00,0.0,0.0,0.0,-0.192
2021-06-05 20:00:00-03:00,0.0,0.0,0.0,-0.791
2021-06-05 21:00:00-03:00,0.0,0.0,0.0,-0.668
2021-06-05 22:00:00-03:00,0.0,0.0,0.0,-0.009000000000000001
2021-06-05 23:00:00-03:00,0.0,0.0,0.0,0.502
2021-06-06 00:00:00-03:00,0.0,0.0,0.0,0.6890000000000001
2021-06-06 01:00:00-03:00,0.0,0.0,0.0,0.711
2021-06-06 02:00:00-03:00,0.0,0.0,0.0,0.607
2021-06-06 03:00:00-03:00,0.0,0.0,0.0,0.5670000000000001
2021-06-06 04:00:00-03:00,0.0,0.0,0.0,0.4
2021-06-06 05:00:00-03:00,0.0,0.0,0.0,0.338
2021-06-06 06:00:00-03:00,0.0,0.0,0.0,0.28
2021-06-06 07:00:00-03:00,0.0,0.0,0.0,0.448
2021-06-06 08:00:00-03:00,0.0,0.0,0.0,0.783
2021-06-06 09:00:00-03:00,0.0,0.0,0.0,0.885
2021-06-06 10:00:00-03:00,0.001,0.001,0.007,0.99
2021-06-06 11:00:00-03:00,0.013000000000000001,0.002,0.023,1.248
2021-06-06 12:00:00-03:00,0.03,0.003,0.042,1.533
2021-06-06 13:00:00-03:00,0.044,0.005,0.055,1.756
2021-06-06 14:00:00-03:00,0.039,0.004,0.05,1.862
2021-06-06 15:00:00-03:00,0.023,0.003,0.033,1.811
2021-06-06 16:00:00-03:00,0.011,0.004,0.019,1.641
2021-06-06 17:00:00-03:00,0.001,0.004,0.004,0.969
2021-06-06 18:00:00-03:00,0.0,0.0,0.0,0.664
2021-06-06 19:00:00-03:00,0.0,0.0,0.0,0.292
2021-06-06 20:00:00-03:00,0.0,0.0,0.0,0.164
2021-06-06 21:00:00-03:00,0.0,0.0,0.0,0.394
2021-06-06 22:00:00-03:00,0.0,0.0,0.0,0.8230000000000001
2021-06-06 23:00:00-03:00,0.0,0.0,0.0,1.189
2021-06-07 00:00:00-03:00,0.0,0.0,0.0,1.459
2021-06-07 01:00:00-03:00,0.0,0.0,0.0,1.55
2021-06-07 02:00:00-03:00,0.0,0.0,0.0,1.342
2021-06-07 03:00:00-03:00,0.0,0.0,0.0,1.187
2021-06-07 04:00:00-03:00,0.0,0.0,0.0,1.286
2021-06-07 05:00:00-03:00,0.0,0.0,0.0,1.488
2021-06-07 06:00:00-03:00,0.0,0.0,0.0,1.634
2021-06-07 07:00:00-03:00,0.0,0.0,0.0,1.7069999999999999
2021-06-07 08:00:00-03:00,0.0,0.0,0.0,1.893
2021-06-07 09:00:00-03:00,0.0,0.0,0.0,1.771
2021-06-07 10:00:00-03:00,0.033,0.026000000000000002,0.022,1.854
2021-06-07 11:00:00-03:00,0.13,0.084,0.066,2.407
2021-06-07 12:00:00-03:00,0.23,0.152,0.101,2.947
2021-06-07 13:00:00-03:00,0.195,0.105,0.112,3.23
2021-06-07 14:00:00-03:00,0.14100000000000001,0.063,0.099,3.141
2021-06-07 15:00:00-03:00,0.065,0.023,0.059000000000000004,2.598
2021-06-07 16:00:00-03:00,0.023,0.011,0.025,2.018
2021-06-07 17:00:00-03:00,0.0,0.001,0.002,1.6720000000000002
2021-06-07 18:00:00-03:00,0.0,0.0,0.0,1.666
2021-06-07 19:00:00-03:00,0.0,0.0,0.0,1.754
2021-06-07 20:00:00-03:00,0.0,0.0,0.0,1.937
2021-06-07 21:00:00-03:00,0.0,0.0,0.0,2.137
2021-06-07 22:00:00-03:00,0.0,0.0,0.0,2.384
2021-06-07 23:00:00-03:00,0.0,0.0,0.0,2.596
2021-06-08 00:00:00-03:00,0.0,0.0,0.0,2.624
2021-06-08 01:00:00-03:00,0.0,0.0,0.0,2.676
2021-06-08 02:00:00-03:00,0.0,0.0,0.0,2.658
2021-06-08 03:00:00-03:00,0.0,0.0,0.0,2.454
2021-06-08 04:00:00-03:00,0.0,0.0,0.0,2.224
2021-06-08 05:00:00-03:00,0.0,0.0,0.0,1.983
2021-06-08 06:00:00-03:00,0.0,0.0,0.0,1.695
2021-06-08 07:00:00-03:00,0.0,0.0,0.0,1.396
2021-06-08 08:00:00-03:00,0.0,0.0,0.0,1.167
2021-06-08 09:00:00-03:00,0.0,0.0,0.0,0.907
2021-06-08 10:00:00-03:00,0.007,0.005,0.012,0.786
2021-06-08 11:00:00-03:00,0.07100000000000001,0.035,0.054,1.466
2021-06-08 12:00:00-03:00,0.248,0.17500000000000002,0.097,2.449
2021-06-08 13:00:00-03:00,0.33,0.257,0.10300000000000001,3.18
2021-06-08 14:00:00-03:00,0.399,0.34700000000000003,0.09,3.775
2021-06-08 15:00:00-03:00,0.306,0.262,0.074,3.9619999999999997
2021-06-08 16:00:00-03:00,0.171,0.152,0.042,3.591
2021-06-08 17:00:00-03:00,0.004,0.009000000000000001,0.003,4.112
2021-06-08 18:00:00-03:00,0.0,0.0,0.0,4.627
2021-06-08 19:00:00-03:00,0.0,0.0,0.0,4.707
2021-06-08 20:00:00-03:00,0.0,0.0,0.0,4.509
2021-06-08 21:00:00-03:00,0.0,0.0,0.0,4.296
2021-06-08 22:00:00-03:00,0.0,0.0,0.0,4.174
2021-06-08 23:00:00-03:00,0.0,0.0,0.0,4.169
2021-06-09 00:00:00-03:00,0.0,0.0,0.0,4.02
2021-06-09 01:00:00-03:00,0.0,0.0,0.0,3.624
2021-06-09 02:00:00-03:00,0.0,0.0,0.0,2.9859999999999998
2021-06-09 03:00:00-03:00,0.0,0.0,0.0,2.18
2021-06-09 04:00:00-03:00,0.0,0.0,0.0,1.205
2021-06-09 05:00:00-03:00,0.0,0.0,0.0,0.835
2021-06-09 06:00:00-03:00,0.0,0.0,0.0,0.6920000000000001
2021-06-09 07:00:00-03:00,0.0,0.0,0.0,1.033
2021-06-09 08:00:00-03:00,0.0,0.0,0.0,1.351
2021-06-09 09:00:00-03:00,0.0,0.0,0.0,1.031
2021-06-09 10:00:00-03:00,0.037,0.031,0.022,1.282
2021-06-09 11:00:00-03:00,0.063,0.029,0.052000000000000005,2.34
2021-06-09 12:00:00-03:00,0.098,0.039,0.078,3.411
2021-06-09 13:00:00-03:00,0.32,0.241,0.11,4.457
2021-06-09 14:00:00-03:00,0.226,0.15,0.10200000000000001,4.966
2021-06-09 15:00:00-03:00,0.179,0.125,0.078,4.824
2021-06-09 16:00:00-03:00,0.095,0.075,0.039,4.194
2021-06-09 17:00:00-03:00,0.0,0.004,0.003,3.471
2021-06-09 18:00:00-03:00,0.0,0.0,0.0,3.332
2021-06-09 19:00:00-03:00,0.0,0.0,0.0,3.189
2021-06-09 20:00:00-03:00,0.0,0.0,0.0,3.081
2021-06-09 21:00:00-03:00,0.0,0.0,0.0,2.9
2021-06-09 22:00:00-03:00,0.0,0.0,0.0,2.651
2021-06-09 23:00:00-03:00,0.0,0.0,0.0,2.497
2021-06-10 00:00:00-03:00,0.0,0.0,0.0,2.34
2021-06-10 01:00:00-03:00,0.0,0.0,0.0,2.126
2021-06-10 02:00:00-03:00,0.0,0.0,0.0,1.941
2021-06-10 03:00:00-03:00,0.0,0.0,0.0,1.811
2021-06-10 04:00:00-03:00,0.0,0.0,0.0,1.706
2021-06-10 05:00:00-03:00,0.0,0.0,0.0,1.6720000000000002
2021-06-10 06:00:00-03:00,0.0,0.0,0.0,1.46
2021-06-10 07:00:00-03:00,0.0,0.0,0.0,1.455
2021-06-10 08:00:00-03:00,0.0,0.0,0.0,1.287
2021-06-10 09:00:00-03:00,0.0,0.0,0.0,1.155
2021-06-10 10:00:00-03:00,0.01,0.006,0.015,1.157
2021-06-10 11:00:00-03:00,0.038,0.01,0.043000000000000003,1.564
2021-06-10 12:00:00-03:00,0.055,0.01,0.062,1.913
2021-06-10 13:00:00-03:00,0.044,0.005,0.055,1.959
2021-06-10 14:00:00-03:00,0.029,0.003,0.041,1.792
2021-06-10 15:00:00-03:00,0.017,0.002,0.027,1.6059999999999999
2021-06-10 16:00:00-03:00,0.005,0.002,0.012,1.437
2021-06-10 17:00:00-03:00,0.0,0.0,0.001,1.438
2021-06-10 18:00:00-03:00,0.0,0.0,0.0,1.704
2021-06-10 19:00:00-03:00,0.0,0.0,0.0,2.015
2021-06-10 20:00:00-03:00,0.0,0.0,0.0,2.125
2021-06-10 21:00:00-03:00,0.0,0.0,0.0,1.74
2021-06-10 22:00:00-03:00,0.0,0.0,0.0,1.5190000000000001
2021-06-10 23:00:00-03:00,0.0,0.0,0.0,1.371
2021-06-11 00:00:00-03:00,0.0,0.0,0.0,1.203
2021-06-11 01:00:00-03:00,0.0,0.0,0.0,0.898
2021-06-11 02:00:00-03:00,0.0,0.0,0.0,0.791
2021-06-11 03:00:00-03:00,0.0,0.0,0.0,1.581
2021-06-11 04:00:00-03:00,0.0,0.0,0.0,2.332
2021-06-11 05:00:00-03:00,0.0,0.0,0.0,2.787
2021-06-11 06:00:00-03:00,0.0,0.0,0.0,3.046
2021-06-11 07:00:00-03:00,0.0,0.0,0.0,2.25
2021-06-11 08:00:00-03:00,0.0,0.0,0.0,1.631
2021-06-11 09:00:00-03:00,0.0,0.0,0.0,2.157
2021-06-11 10:00:00-03:00,0.003,0.002,0.008,2.323
2021-06-11 11:00:00-03:00,0.016,0.003,0.025,2.487
2021-06-11 12:00:00-03:00,0.034,0.004,0.045,2.609
2021-06-11 13:00:00-03:00,0.048,0.006,0.059000000000000004,2.657
2021-06-11 14:00:00-03:00,0.04,0.005,0.051000000000000004,3.056
2021-06-11 15:00:00-03:00,0.032,0.006,0.041,3.199
2021-06-11 16:00:00-03:00,0.017,0.007,0.023,3.162
2021-06-11 17:00:00-03:00,0.0,0.002,0.002,2.858
2021-06-11 18:00:00-03:00,0.0,0.0,0.0,2.814
2021-06-11 19:00:00-03:00,0.0,0.0,0.0,2.822
2021-06-11 20:00:00-03:00,0.0,0.0,0.0,2.301
2021-06-11 21:00:00-03:00,0.0,0.0,0.0,1.705
2021-06-11 22:00:00-03:00,0.0,0.0,0.0,1.255
2021-06-11 23:00:00-03:00,0.0,0.0,0.0,1.445
2021-06-12 00:00:00-03:00,0.0,0.0,0.0,1.307
2021-06-12 01:00:00-03:00,0.0,0.0,0.0,1.106
2021-06-12 02:00:00-03:00,0.0,0.0,0.0,0.554
2021-06-12 03:00:00-03:00,0.0,0.0,0.0,0.43
2021-06-12 04:00:00-03:00,0.0,0.0,0.0,1.395
2021-06-12 05:00:00-03:00,0.0,0.0,0.0,1.854
2021-06-12 06:00:00-03:00,0.0,0.0,0.0,1.8439999999999999
2021-06-12 07:00:00-03:00,0.0,0.0,0.0,2.193
2021-06-12 08:00:00-03:00,0.0,0.0,0.0,2.598
2021-06-12 09:00:00-03:00,0.0,0.0,0.0,2.765
2021-06-12 10:00:00-03:00,0.075,0.07100000000000001,0.023,3.055
2021-06-12 11:00:00-03:00,0.24,0.203,0.061,3.779
2021-06-12 12:00:00-03:00,0.386,0.34600000000000003,0.078,4.51
2021-06-12 13:00:00-03:00,0.451,0.418,0.08,5.139
2021-06-12 14:00:00-03:00,0.467,0.445,0.074,5.574
2021-06-12 15:00:00-03:00,0.28700000000000003,0.247,0.07,5.545
2021-06-12 16:00:00-03:00,0.151,0.135,0.038,4.962
2021-06-12 17:00:00-03:00,0.004,0.01,0.003,3.943
2021-06-12 18:00:00-03:00,0.0,0.0,0.0,2.936
2021-06-12 19:00:00-03:00,0.0,0.0,0.0,1.915
2021-06-12 20:00:00-03:00,0.0,0.0,0.0,1.708
2021-06-12 21:00:00-03:00,0.0,0.0,0.0,1.7189999999999999
2021-06-12 22:00:00-03:00,0.0,0.0,0.0,1.7650000000000001
2021-06-12 23:00:00-03:00,0.0,0.0,0.0,1.762
2021-06-13 00:00:00-03:00,0.0,0.0,0.0,1.54
2021-06-13 01:00:00-03:00,0.0,0.0,0.0,1.393
2021-06-13 02:00:00-03:00,0.0,0.0,0.0,1.156
2021-06-13 03:00:00-03:00,0.0,0.0,0.0,0.791
2021-06-13 04:00:00-03:00,0.0,0.0,0.0,0.666
2021-06-13 05:00:00-03:00,0.0,0.0,0.0,0.549
2021-06-13 06:00:00-03:00,0.0,0.0,0.0,0.616
2021-06-13 07:00:00-03:00,0.0,0.0,0.0,0.811
2021-06-13 08:00:00-03:00,0.0,0.0,0.0,0.937
2021-06-13 09:00:00-03:00,0.0,0.0,0.0,0.847
2021-06-13 10:00:00-03:00,0.026000000000000002,0.023,0.018000000000000002,0.9560000000000001
2021-06-13 11:00:00-03:00,0.191,0.15,0.062,1.667
2021-06-13 12:00:00-03:00,0.435,0.4,0.075,2.605
2021-06-13 13:00:00-03:00,0.455,0.419,0.081,3.503
2021-06-13 14:00:00-03:00,0.41500000000000004,0.374,0.081,4.077
2021-06-13 15:00:00-03:00,0.334,0.298,0.068,4.095
2021-06-13 16:00:00-03:00,0.145,0.128,0.038,3.432
2021-06-13 17:00:00-03:00,0.002,0.007,0.003,2.134
2021-06-13 18:00:00-03:00,0.0,0.0,0.0,1.6219999999999999
2021-06-13 19:00:00-03:00,0.0,0.0,0.0,1.168
2021-06-13 20:00:00-03:00,0.0,0.0,0.0,0.751
2021-06-13 21:00:00-03:00,0.0,0.0,0.0,0.904
2021-06-13 22:00:00-03:00,0.0,0.0,0.0,0.525
2021-06-13 23:00:00-03:00,0.0,0.0,0.0,0.405
2021-06-14 00:00:00-03:00,0.0,0.0,0.0,0.631
2021-06-14 01:00:00-03:00,0.0,0.0,0.0,0.9450000000000001
2021-06-14 02:00:00-03:00,0.0,0.0,0.0,1.379
2021-06-14 03:00:00-03:00,0.0,0.0,0.0,2.072
2021-06-14 04:00:00-03:00,0.0,0.0,0.0,2.292
2021-06-14 05:00:00-03:00,0.0,0.0,0.0,1.921
2021-06-14 06:00:00-03:00,0.0,0.0,0.0,1.275
2021-06-14 07:00:00-03:00,0.0,0.0,0.0,0.846
2021-06-14 08:00:00-03:00,0.0,0.0,0.0,0.756
2021-06-14 09:00:00-03:00,0.0,0.0,0.0,0.9580000000000001
2021-06-14 10:00:00-03:00,0.025,0.021,0.018000000000000002,1.323
2021-06-14 11:00:00-03:00,0.14200000000000002,0.099,0.063,1.8900000000000001
2021-06-14 12:00:00-03:00,0.227,0.157,0.093,2.584
2021-06-14 13:00:00-03:00,0.267,0.187,0.106,3.21
2021-06-14 14:00:00-03:00,0.226,0.151,0.099,3.502
2021-06-14 15:00:00-03:00,0.188,0.135,0.075,3.448
2021-06-14 16:00:00-03:00,0.108,0.09,0.038,2.864
2021-06-14 17:00:00-03:00,0.002,0.006,0.003,1.714
2021-06-14 18:00:00-03:00,0.0,0.0,0.0,0.902
2021-06-14 19:00:00-03:00,0.0,0.0,0.0,0.163
2021-06-14 20:00:00-03:00,0.0,0.0,0.0,-0.40900000000000003
2021-06-14 21:00:00-03:00,0.0,0.0,0.0,-0.884
2021-06-14 22:00:00-03:00,0.0,0.0,0.0,-1.305
2021-06-14 23:00:00-03:00,0.0,0.0,0.0,-1.745
2021-06-15 00:00:00-03:00,0.0,0.0,0.0,-1.792
2021-06-15 01:00:00-03:00,0.0,0.0,0.0,-1.339
2021-06-15 02:00:00-03:00,0.0,0.0,0.0,-0.881
2021-06-15 03:00:00-03:00,0.0,0.0,0.0,-0.74
2021-06-15 04:00:00-03:00,0.0,0.0,0.0,-0.628
2021-06-15 05:00:00-03:00,0.0,0.0,0.0,-0.515
2021-06-15 06:00:00-03:00,0.0,0.0,0.0,-0.34500000000000003
2021-06-15 07:00:00-03:00,0.0,0.0,0.0,-0.069
2021-06-15 08:00:00-03:00,0.0,0.0,0.0,0.226
2021-06-15 09:00:00-03:00,0.0,0.0,0.0,0.462
2021-06-15 10:00:00-03:00,0.004,0.003,0.009000000000000001,0.791
2021-06-15 11:00:00-03:00,0.021,0.005,0.03,1.37
2021-06-15 12:00:00-03:00,0.039,0.007,0.048,1.876
2021-06-15 13:00:00-03:00,0.10400000000000001,0.031,0.092,2.497
2021-06-15 14:00:00-03:00,0.162,0.08,0.10300000000000001,3.104
2021-06-15 15:00:00-03:00,0.121,0.066,0.075,3.266
2021-06-15 16:00:00-03:00,0.036000000000000004,0.022,0.03,2.757
2021-06-15 17:00:00-03:00,0.0,0.001,0.001,2.192
2021-06-15 18:00:00-03:00,0.0,0.0,0.0,2.36
2021-06-15 19:00:00-03:00,0.0,0.0,0.0,2.417
2021-06-15 20:00:00-03:00,0.0,0.0,0.0,2.553
2021-06-15 21:00:00-03:00,0.0,0.0,0.0,2.54
2021-06-15 22:00:00-03:00,0.0,0.0,0.0,2.312
2021-06-15 23:00:00-03:00,0.0,0.0,0.0,2.273
2021-06-16 00:00:00-03:00,0.0,0.0,0.0,2.2
2021-06-16 01:00:00-03:00,0.0,0.0,0.0,1.996
2021-06-16 02:00:00-03:00,0.0,0.0,0.0,1.841
2021-06-16 03:00:00-03:00,0.0,0.0,0.0,1.8
2021-06-16 04:00:00-03:00,0.0,0.0,0.0,1.783
2021-06-16 05:00:00-03:00,0.0,0.0,0.0,1.78
2021-06-16 06:00:00-03:00,0.0,0.0,0.0,1.75
2021-06-16 07:00:00-03:00,0.0,0.0,0.0,1.6520000000000001
2021-06-16 08:00:00-03:00,0.0,0.0,0.0,1.5030000000000001
2021-06-16 09:00:00-03:00,0.0,0.0,0.0,1.337
2021-06-16 10:00:00-03:00,0.006,0.005,0.011,1.263
2021-06-16 11:00:00-03:00,0.044,0.018000000000000002,0.043000000000000003,1.6059999999999999
2021-06-16 12:00:00-03:00,0.149,0.081,0.088,2.238
2021-06-16 13:00:00-03:00,0.29,0.213,0.10400000000000001,2.9130000000000003
2021-06-16 14:00:00-03:00,0.357,0.30000000000000004,0.09,3.61
2021-06-16 15:00:00-03:00,0.389,0.361,0.065,3.872
2021-06-16 16:00:00-03:00,0.256,0.243,0.037,2.435
2021-06-16 17:00:00-03:00,0.007,0.015,0.003,0.274
2021-06-16 18:00:00-03:00,0.0,0.0,0.0,-0.109
2021-06-16 19:00:00-03:00,0.0,0.0,0.0,0.275
2021-06-16 20:00:00-03:00,0.0,0.0,0.0,0.47000000000000003
2021-06-16 21:00:00-03:00,0.0,0.0,0.0,0.445
2021-06-16 22:00:00-03:00,0.0,0.0,0.0,-0.306
2021-06-16 23:00:00-03:00,0.0,0.0,0.0,-0.788
2021-06-17 00:00:00-03:00,0.0,0.0,0.0,-1.153
2021-06-17 01:00:00-03:00,0.0,0.0,0.0,-1.2770000000000001
2021-06-17 02:00:00-03:00,0.0,0.0,0.0,-1.311
2021-06-17 03:00:00-03:00,0.0,0.0,0.0,-1.267
2021-06-17 04:00:00-03:00,0.0,0.0,0.0,-1.133
2021-06-17 05:00:00-03:00,0.0,0.0,0.0,-0.9
2021-06-17 06:00:00-03:00,0.0,0.0,0.0,-0.639
2021-06-17 07:00:00-03:00,0.0,0.0,0.0,-0.506
2021-06-17 08:00:00-03:00,0.0,0.0,0.0,-0.605
2021-06-17 09:00:00-03:00,0.0,0.0,0.0,-0.909
2021-06-17 10:00:00-03:00,0.079,0.074,0.022,-0.504
2021-06-17 11:00:00-03:00,0.199,0.159,0.06,0.864
2021-06-17 12:00:00-03:00,0.40900000000000003,0.368,0.076,1.986
2021-06-17 13:00:00-03:00,0.488,0.461,0.075,2.781
2021-06-17 14:00:00-03:00,0.399,0.354,0.082,3.333
2021-06-17 15:00:00-03:00,0.25,0.203,0.07100000000000001,3.101
2021-06-17 16:00:00-03:00,0.1,0.083,0.035,1.476
2021-06-17 17:00:00-03:00,0.002,0.007,0.002,-0.046
2021-06-17 18:00:00-03:00,0.0,0.0,0.0,-0.281
2021-06-17 19:00:00-03:00,0.0,0.0,0.0,-0.259
2021-06-17 20:00:00-03:00,0.0,0.0,0.0,-0.273
2021-06-17 21:00:00-03:00,0.0,0.0,0.0,-0.1
2021-06-17 22:00:00-03:00,0.0,0.0,0.0,0.343
2021-06-17 23:00:00-03:00,0.0,0.0,0.0,0.673
2021-06-18 00:00:00-03:00,0.0,0.0,0.0,0.879
2021-06-18 01:00:00-03:00,0.0,0.0,0.0,0.973
2021-06-18 02:00:00-03:00,0.0,0.0,0.0,0.876
2021-06-18 03:00:00-03:00,0.0,0.0,0.0,0.638
2021-06-18 04:00:00-03:00,0.0,0.0,0.0,0.441
2021-06-18 05:00:00-03:00,0.0,0.0,0.0,0.593
2021-06-18 06:00:00-03:00,0.0,0.0,0.0,0.78
2021-06-18 07:00:00-03:00,0.0,0.0,0.0,0.914
2021-06-18 08:00:00-03:00,0.0,0.0,0.0,0.801
2021-06-18 09:00:00-03:00,0.0,0.0,0.0,0.315
2021-06-18 10:00:00-03:00,0.098,0.094,0.022,0.794
2021-06-18 11:00:00-03:00,0.253,0.217,0.059000000000000004,1.903
2021-06-18 12:00:00-03:00,0.443,0.41400000000000003,0.07100000000000001,2.899
2021-06-18 13:00:00-03:00,0.508,0.491,0.07100000000000001,3.654
2021-06-18 14:00:00-03:00,0.40900000000000003,0.369,0.08,4.043
2021-06-18 15:00:00-03:00,0.272,0.229,0.07,3.737
2021-06-18 16:00:00-03:00,0.08600000000000001,0.07,0.034,2.245
2021-06-18 17:00:00-03:00,0.0,0.003,0.002,1.233
2021-06-18 18:00:00-03:00,0.0,0.0,0.0,1.217
2021-06-18 19:00:00-03:00,0.0,0.0,0.0,1.338
2021-06-18 20:00:00-03:00,0.0,0.0,0.0,1.295
2021-06-18 21:00:00-03:00,0.0,0.0,0.0,1.215
2021-06-18 22:00:00-03:00,0.0,0.0,0.0,1.061
2021-06-18 23:00:00-03:00,0.0,0.0,0.0,1.006
2021-06-19 00:00:00-03:00,0.0,0.0,0.0,0.9550000000000001
2021-06-19 01:00:00-03:00,0.0,0.0,0.0,0.916
2021-06-19 02:00:00-03:00,0.0,0.0,0.0,0.888
2021-06-19 03:00:00-03:00,0.0,0.0,0.0,0.906
2021-06-19 04:00:00-03:00,0.0,0.0,0.0,0.928
2021-06-19 05:00:00-03:00,0.0,0.0,0.0,0.9480000000000001
2021-06-19 06:00:00-03:00,0.0,0.0,0.0,0.993
2021-06-19 07:00:00-03:00,0.0,0.0,0.0,1.171
2021-06-19 08:00:00-03:00,0.0,0.0,0.0,1.393
2021-06-19 09:00:00-03:00,0.0,0.0,0.0,1.579
2021-06-19 10:00:00-03:00,0.004,0.003,0.009000000000000001,1.874
2021-06-19 11:00:00-03:00,0.024,0.007,0.032,2.328
2021-06-19 12:00:00-03:00,0.073,0.023,0.069,2.868
2021-06-19 13:00:00-03:00,0.21,0.122,0.111,3.776
2021-06-19 14:00:00-03:00,0.17200000000000001,0.096,0.099,4.663
2021-06-19 15:00:00-03:00,0.156,0.10400000000000001,0.075,5.016
2021-06-19 16:00:00-03:00,0.139,0.121,0.04,4.621
2021-06-19 17:00:00-03:00,0.0,0.004,0.002,3.855
2021-06-19 18:00:00-03:00,0.0,0.0,0.0,3.1390000000000002
2021-06-19 19:00:00-03:00,0.0,0.0,0.0,2.031
2021-06-19 20:00:00-03:00,0.0,0.0,0.0,1.492
2021-06-19 21:00:00-03:00,0.0,0.0,0.0,1.457
2021-06-19 22:00:00-03:00,0.0,0.0,0.0,1.442
2021-06-19 23:00:00-03:00,0.0,0.0,0.0,1.332
2021-06-20 00:00:00-03:00,0.0,0.0,0.0,1.071
2021-06-20 01:00:00-03:00,0.0,0.0,0.0,0.514
2021-06-20 02:00:00-03:00,0.0,0.0,0.0,0.126
2021-06-20 03:00:00-03:00,0.0,0.0,0.0,0.0
2021-06-20 04:00:00-03:00,0.0,0.0,0.0,-0.113
2021-06-20 05:00:00-03:00,0.0,0.0,0.0,-0.322
2021-06-20 06:00:00-03:00,0.0,0.0,0.0,-0.354
2021-06-20 07:00:00-03:00,0.0,0.0,0.0,-0.34500000000000003
2021-06-20 08:00:00-03:00,0.0,0.0,0.0,-0.203
2021-06-20 09:00:00-03:00,0.0,0.0,0.0,-0.037
2021-06-20 10:00:00-03:00,0.05,0.046,0.02,0.39
2021-06-20 11:00:00-03:00,0.217,0.177,0.061,1.442
2021-06-20 12:00:00-03:00,0.296,0.23800000000000002,0.084,2.321
2021-06-20 13:00:00-03:00,0.464,0.432,0.078,3.316
2021-06-20 14:00:00-03:00,0.495,0.47900000000000004,0.069,4.082
2021-06-20 15:00:00-03:00,0.34700000000000003,0.315,0.065,4.15
2021-06-20 16:00:00-03:00,0.106,0.091,0.035,3.31
2021-06-20 17:00:00-03:00,0.001,0.006,0.002,2.233
2021-06-20 18:00:00-03:00,0.0,0.0,0.0,1.73
2021-06-20 19:00:00-03:00,0.0,0.0,0.0,1.53
2021-06-20 20:00:00-03:00,0.0,0.0,0.0,1.4889999999999999
2021-06-20 21:00:00-03:00,0.0,0.0,0.0,1.384
2021-06-20 22:00:00-03:00,0.0,0.0,0.0,1.099
2021-06-20 23:00:00-03:00,0.0,0.0,0.0,1.422
2021-06-21 00:00:00-03:00,0.0,0.0,0.0,1.289
2021-06-21 01:00:00-03:00,0.0,0.0,0.0,1.5110000000000001
2021-06-21 02:00:00-03:00,0.0,0.0,0.0,1.315
2021-06-21 03:00:00-03:00,0.0,0.0,0.0,1.078
2021-06-21 04:00:00-03:00,0.0,0.0,0.0,1.451
2021-06-21 05:00:00-03:00,0.0,0.0,0.0,1.661
2021-06-21 06:00:00-03:00,0.0,0.0,0.0,2.227
2021-06-21 07:00:00-03:00,0.0,0.0,0.0,3.062
2021-06-21 08:00:00-03:00,0.0,0.0,0.0,3.069
2021-06-21 09:00:00-03:00,0.0,0.0,0.0,3.008
2021-06-21 10:00:00-03:00,0.005,0.004,0.01,3.464
2021-06-21 11:00:00-03:00,0.033,0.01,0.039,4.079
2021-06-21 12:00:00-03:00,0.065,0.016,0.067,4.407
2021-06-21 13:00:00-03:00,0.07200000000000001,0.015,0.076,4.508
2021-06-21 14:00:00-03:00,0.054,0.01,0.061,4.417
2021-06-21 15:00:00-03:00,0.055,0.017,0.056,4.234
2021-06-21 16:00:00-03:00,0.031,0.018000000000000002,0.029,3.5060000000000002
2021-06-21 17:00:00-03:00,0.0,0.002,0.002,2.007
2021-06-21 18:00:00-03:00,0.0,0.0,0.0,1.2770000000000001
2021-06-21 19:00:00-03:00,0.0,0.0,0.0,0.47100000000000003
2021-06-21 20:00:00-03:00,0.0,0.0,0.0,-0.231
2021-06-21 21:00:00-03:00,0.0,0.0,0.0,-0.712
2021-06-21 22:00:00-03:00,0.0,0.0,0.0,-1.033
2021-06-21 23:00:00-03:00,0.0,0.0,0.0,-1.187
2021-06-22 00:00:00-03:00,0.0,0.0,0.0,-1.2810000000000001
2021-06-22 01:00:00-03:00,0.0,0.0,0.0,-1.323
2021-06-22 02:00:00-03:00,0.0,0.0,0.0,-1.226
2021-06-22 03:00:00-03:00,0.0,0.0,0.0,-1.034
2021-06-22 04:00:00-03:00,0.0,0.0,0.0,-0.875
2021-06-22 05:00:00-03:00,0.0,0.0,0.0,-0.922
2021-06-22 06:00:00-03:00,0.0,0.0,0.0,-1.046
2021-06-22 07:00:00-03:00,0.0,0.0,0.0,-1.085
2021-06-22 08:00:00-03:00,0.0,0.0,0.0,-1.012
2021-06-22 09:00:00-03:00,0.0,0.0,0.0,-1.11
2021-06-22 10:00:00-03:00,0.109,0.10400000000000001,0.022,-0.9390000000000001
2021-06-22 11:00:00-03:00,0.321,0.28800000000000003,0.056,-0.094
2021-06-22 12:00:00-03:00,0.41500000000000004,0.375,0.074,0.895
2021-06-22 13:00:00-03:00,0.40900000000000003,0.36,0.085,1.834
2021-06-22 14:00:00-03:00,0.362,0.309,0.085,2.636
2021-06-22 15:00:00-03:00,0.274,0.23,0.069,2.784
2021-06-22 16:00:00-03:00,0.14300000000000002,0.126,0.036000000000000004,1.625
2021-06-22 17:00:00-03:00,0.003,0.008,0.002,-0.094
2021-06-22 18:00:00-03:00,0.0,0.0,0.0,-0.627
2021-06-22 19:00:00-03:00,0.0,0.0,0.0,-0.837
2021-06-22 20:00:00-03:00,0.0,0.0,0.0,-0.9460000000000001
2021-06-22 21:00:00-03:00,0.0,0.0,0.0,-1.088
2021-06-22 22:00:00-03:00,0.0,0.0,0.0,-1.374
2021-06-22 23:00:00-03:00,0.0,0.0,0.0,-1.695
2021-06-23 00:00:00-03:00,0.0,0.0,0.0,-1.908
2021-06-23 01:00:00-03:00,0.0,0.0,0.0,-2.024
2021-06-23 02:00:00-03:00,0.0,0.0,0.0,-1.291
2021-06-23 03:00:00-03:00,0.0,0.0,0.0,-1.366
2021-06-23 04:00:00-03:00,0.0,0.0,0.0,-1.059
2021-06-23 05:00:00-03:00,0.0,0.0,0.0,-0.47800000000000004
2021-06-23 06:00:00-03:00,0.0,0.0,0.0,-0.302
2021-06-23 07:00:00-03:00,0.0,0.0,0.0,-0.304
2021-06-23 08:00:00-03:00,0.0,0.0,0.0,-0.251
2021-06-23 09:00:00-03:00,0.0,0.0,0.0,-0.241
2021-06-23 10:00:00-03:00,0.019,0.016,0.016,0.125
2021-06-23 11:00:00-03:00,0.063,0.03,0.05,0.919
2021-06-23 12:00:00-03:00,0.109,0.046,0.082,1.27
2021-06-23 13:00:00-03:00,0.14400000000000002,0.064,0.1,1.57
2021-06-23 14:00:00-03:00,0.157,0.081,0.096,1.74
2021-06-23 15:00:00-03:00,0.165,0.11,0.076,1.661
2021-06-23 16:00:00-03:00,0.08700000000000001,0.068,0.037,0.9450000000000001
2021-06-23 17:00:00-03:00,0.0,0.004,0.002,-0.135
2021-06-23 18:00:00-03:00,0.0,0.0,0.0,-0.339
2021-06-23 19:00:00-03:00,0.0,0.0,0.0,-0.39
2021-06-23 20:00:00-03:00,0.0,0.0,0.0,-0.281
2021-06-23 21:00:00-03:00,0.0,0.0,0.0,-0.223
2021-06-23 22:00:00-03:00,0.0,0.0,0.0,-0.304
2021-06-23 23:00:00-03:00,0.0,0.0,0.0,-0.425
2021-06-24 00:00:00-03:00,0.0,0.0,0.0,-0.241
2021-06-24 01:00:00-03:00,0.0,0.0,0.0,0.008
2021-06-24 02:00:00-03:00,0.0,0.0,0.0,0.337
2021-06-24 03:00:00-03:00,0.0,0.0,0.0,0.736
2021-06-24 04:00:00-03:00,0.0,0.0,0.0,1.07
2021-06-24 05:00:00-03:00,0.0,0.0,0.0,1.284
2021-06-24 06:00:00-03:00,0.0,0.0,0.0,1.508
2021-06-24 07:00:00-03:00,0.0,0.0,0.0,1.824
2021-06-24 08:00:00-03:00,0.0,0.0,0.0,1.881
2021-06-24 09:00:00-03:00,0.0,0.0,0.0,1.7469999999999999
2021-06-24 10:00:00-03:00,0.022,0.018000000000000002,0.018000000000000002,1.6720000000000002
2021-06-24 11:00:00-03:00,0.062,0.027,0.052000000000000005,1.876
2021-06-24 12:00:00-03:00,0.093,0.031,0.081,2.168
2021-06-24 13:00:00-03:00,0.077,0.017,0.079,2.192
2021-06-24 14:00:00-03:00,0.038,0.005,0.049,2.294
2021-06-24 15:00:00-03:00,0.017,0.003,0.028,2.556
2021-06-24 16:00:00-03:00,0.004,0.002,0.011,2.669
2021-06-24 17:00:00-03:00,0.0,0.0,0.001,2.435
2021-06-24 18:00:00-03:00,0.0,0.0,0.0,1.8010000000000002
2021-06-24 19:00:00-03:00,0.0,0.0,0.0,1.015
2021-06-24 20:00:00-03:00,0.0,0.0,0.0,0.032
2021-06-24 21:00:00-03:00,0.0,0.0,0.0,-0.757
2021-06-24 22:00:00-03:00,0.0,0.0,0.0,-1.324
2021-06-24 23:00:00-03:00,0.0,0.0,0.0,-1.685
2021-06-25 00:00:00-03:00,0.0,0.0,0.0,-1.799
2021-06-25 01:00:00-03:00,0.0,0.0,0.0,-1.788
2021-06-25 02:00:00-03:00,0.0,0.0,0.0,-1.659
2021-06-25 03:00:00-03:00,0.0,0.0,0.0,-1.278
2021-06-25 04:00:00-03:00,0.0,0.0,0.0,-0.517
2021-06-25 05:00:00-03:00,0.0,0.0,0.0,0.935
2021-06-25 06:00:00-03:00,0.0,0.0,0.0,1.6440000000000001
2021-06-25 07:00:00-03:00,0.0,0.0,0.0,1.7429999999999999
2021-06-25 08:00:00-03:00,0.0,0.0,0.0,1.772
2021-06-25 09:00:00-03:00,0.0,0.0,0.0,1.879
2021-06-25 10:00:00-03:00,0.006,0.005,0.011,2.387
2021-06-25 11:00:00-03:00,0.055,0.024,0.048,3.371
2021-06-25 12:00:00-03:00,0.124,0.058,0.08700000000000001,4.385
2021-06-25 13:00:00-03:00,0.155,0.075,0.10300000000000001,4.796
2021-06-25 14:00:00-03:00,0.19,0.113,0.101,4.891
2021-06-25 15:00:00-03:00,0.154,0.101,0.075,4.6690000000000005
2021-06-25 16:00:00-03:00,0.076,0.058,0.036000000000000004,3.989
2021-06-25 17:00:00-03:00,0.001,0.004,0.002,2.954
2021-06-25 18:00:00-03:00,0.0,0.0,0.0,2.414
2021-06-25 19:00:00-03:00,0.0,0.0,0.0,2.145
2021-06-25 20:00:00-03:00,0.0,0.0,0.0,1.912
2021-06-25 21:00:00-03:00,0.0,0.0,0.0,1.5230000000000001
2021-06-25 22:00:00-03:00,0.0,0.0,0.0,1.068
2021-06-25 23:00:00-03:00,0.0,0.0,0.0,0.809
2021-06-26 00:00:00-03:00,0.0,0.0,0.0,0.9460000000000001
2021-06-26 01:00:00-03:00,0.0,0.0,0.0,1.125
2021-06-26 02:00:00-03:00,0.0,0.0,0.0,1.09
2021-06-26 03:00:00-03:00,0.0,0.0,0.0,1.1320000000000001
2021-06-26 04:00:00-03:00,0.0,0.0,0.0,0.712
2021-06-26 05:00:00-03:00,0.0,0.0,0.0,0.67
2021-06-26 06:00:00-03:00,0.0,0.0,0.0,0.371
2021-06-26 07:00:00-03:00,0.0,0.0,0.0,0.21
2021-06-26 08:00:00-03:00,0.0,0.0,0.0,0.108
2021-06-26 09:00:00-03:00,0.0,0.0,0.0,0.093
2021-06-26 10:00:00-03:00,0.023,0.021,0.016,0.583
2021-06-26 11:00:00-03:00,0.182,0.14200000000000002,0.061,1.5819999999999999
2021-06-26 12:00:00-03:00,0.483,0.46,0.07,2.463
2021-06-26 13:00:00-03:00,0.378,0.325,0.08700000000000001,2.951
2021-06-26 14:00:00-03:00,0.523,0.512,0.066,3.222
2021-06-26 15:00:00-03:00,0.4,0.374,0.062,2.862
2021-06-26 16:00:00-03:00,0.112,0.094,0.036000000000000004,1.397
2021-06-26 17:00:00-03:00,0.0,0.003,0.002,0.43
2021-06-26 18:00:00-03:00,0.0,0.0,0.0,0.649
2021-06-26 19:00:00-03:00,0.0,0.0,0.0,0.8260000000000001
2021-06-26 20:00:00-03:00,0.0,0.0,0.0,0.534
2021-06-26 21:00:00-03:00,0.0,0.0,0.0,0.054
2021-06-26 22:00:00-03:00,0.0,0.0,0.0,-0.10400000000000001
2021-06-26 23:00:00-03:00,0.0,0.0,0.0,-0.184
2021-06-27 00:00:00-03:00,0.0,0.0,0.0,-0.28600000000000003
2021-06-27 01:00:00-03:00,0.0,0.0,0.0,-0.395
2021-06-27 02:00:00-03:00,0.0,0.0,0.0,-0.605
2021-06-27 03:00:00-03:00,0.0,0.0,0.0,-0.993
2021-06-27 04:00:00-03:00,0.0,0.0,0.0,-1.295
2021-06-27 05:00:00-03:00,0.0,0.0,0.0,-1.4100000000000001
2021-06-27 06:00:00-03:00,0.0,0.0,0.0,-1.233
2021-06-27 07:00:00-03:00,0.0,0.0,0.0,-0.8250000000000001
2021-06-27 08:00:00-03:00,0.0,0.0,0.0,-0.464
2021-06-27 09:00:00-03:00,0.0,0.0,0.0,0.40800000000000003
2021-06-27 10:00:00-03:00,0.032,0.029,0.019,1.375
2021-06-27 11:00:00-03:00,0.106,0.067,0.059000000000000004,2.49
2021-06-27 12:00:00-03:00,0.198,0.128,0.093,3.326
2021-06-27 13:00:00-03:00,0.256,0.17500000000000002,0.107,3.927
2021-06-27 14:00:00-03:00,0.251,0.177,0.1,4.29
2021-06-27 15:00:00-03:00,0.198,0.14400000000000002,0.078,4.124
2021-06-27 16:00:00-03:00,0.029,0.017,0.027,3.184
2021-06-27 17:00:00-03:00,0.0,0.001,0.001,2.542
2021-06-27 18:00:00-03:00,0.0,0.0,0.0,2.469
2021-06-27 19:00:00-03:00,0.0,0.0,0.0,2.289
2021-06-27 20:00:00-03:00,0.0,0.0,0.0,2.08
2021-06-27 21:00:00-03:00,0.0,0.0,0.0,1.953
2021-06-27 22:00:00-03:00,0.0,0.0,0.0,1.8559999999999999
2021-06-27 23:00:00-03:00,0.0,0.0,0.0,1.815
2021-06-28 00:00:00-03:00,0.0,0.0,0.0,1.8719999999999999
2021-06-28 01:00:00-03:00,0.0,0.0,0.0,1.811
2021-06-28 02:00:00-03:00,0.0,0.0,0.0,1.7650000000000001
2021-06-28 03:00:00-03:00,0.0,0.0,0.0,1.87
2021-06-28 04:00:00-03:00,0.0,0.0,0.0,2.22
2021-06-28 05:00:00-03:00,0.0,0.0,0.0,2.47
2021-06-28 06:00:00-03:00,0.0,0.0,0.0,2.767
2021-06-28 07:00:00-03:00,0.0,0.0,0.0,2.675
2021-06-28 08:00:00-03:00,0.0,0.0,0.0,2.624
2021-06-28 09:00:00-03:00,0.0,0.0,0.0,2.723
2021-06-28 10:00:00-03:00,0.001,0.002,0.007,3.355
2021-06-28 11:00:00-03:00,0.014,0.003,0.023,4.091
2021-06-28 12:00:00-03:00,0.07200000000000001,0.019,0.07200000000000001,5.148
2021-06-28 13:00:00-03:00,0.083,0.02,0.083,5.747
2021-06-28 14:00:00-03:00,0.06,0.012,0.066,5.7
2021-06-28 15:00:00-03:00,0.064,0.022,0.06,5.203
2021-06-28 16:00:00-03:00,0.062,0.043000000000000003,0.037,3.74
2021-06-28 17:00:00-03:00,0.0,0.003,0.002,2.201
2021-06-28 18:00:00-03:00,0.0,0.0,0.0,2.072
2021-06-28 19:00:00-03:00,0.0,0.0,0.0,2.122
2021-06-28 20:00:00-03:00,0.0,0.0,0.0,2.396
2021-06-28 21:00:00-03:00,0.0,0.0,0.0,2.412
2021-06-28 22:00:00-03:00,0.0,0.0,0.0,2.175
2021-06-28 23:00:00-03:00,0.0,0.0,0.0,2.344
2021-06-29 00:00:00-03:00,0.0,0.0,0.0,2.624
2021-06-29 01:00:00-03:00,0.0,0.0,0.0,2.734
2021-06-29 02:00:00-03:00,0.0,0.0,0.0,2.806
2021-06-29 03:00:00-03:00,0.0,0.0,0.0,2.7199999999999998
2021-06-29 04:00:00-03:00,0.0,0.0,0.0,2.61
2021-06-29 05:00:00-03:00,0.0,0.0,0.0,2.525
2021-06-29 06:00:00-03:00,0.0,0.0,0.0,2.391
2021-06-29 07:00:00-03:00,0.0,0.0,0.0,2.462
2021-06-29 08:00:00-03:00,0.0,0.0,0.0,2.432
2021-06-29 09:00:00-03:00,0.0,0.0,0.0,2.451
2021-06-29 10:00:00-03:00,0.011,0.008,0.015,2.751
2021-06-29 11:00:00-03:00,0.039,0.012,0.043000000000000003,3.401
2021-06-29 12:00:00-03:00,0.065,0.015,0.068,4.036
2021-06-29 13:00:00-03:00,0.049,0.007,0.059000000000000004,4.178
2021-06-29 14:00:00-03:00,0.035,0.004,0.046,4.118
2021-06-29 15:00:00-03:00,0.038,0.008,0.046,4.007
2021-06-29 16:00:00-03:00,0.015,0.006,0.021,3.613
2021-06-29 17:00:00-03:00,0.0,0.0,0.001,2.981
2021-06-29 18:00:00-03:00,0.0,0.0,0.0,2.673
2021-06-29 19:00:00-03:00,0.0,0.0,0.0,2.44
2021-06-29 20:00:00-03:00,0.0,0.0,0.0,2.21
2021-06-29 21:00:00-03:00,0.0,0.0,0.0,2.169
2021-06-29 22:00:00-03:00,0.0,0.0,0.0,2.26
2021-06-29 23:00:00-03:00,0.0,0.0,0.0,2.307
2021-06-30 00:00:00-03:00,0.0,0.0,0.0,2.509
2021-06-30 01:00:00-03:00,0.0,0.0,0.0,2.513
2021-06-30 02:00:00-03:00,0.0,0.0,0.0,2.499
2021-06-30 03:00:00-03:00,0.0,0.0,0.0,2.404
2021-06-30 04:00:00-03:00,0.0,0.0,0.0,2.326
2021-06-30 05:00:00-03:00,0.0,0.0,0.0,2.096
2021-06-30 06:00:00-03:00,0.0,0.0,0.0,1.697
2021-06-30 07:00:00-03:00,0.0,0.0,0.0,1.477
2021-06-30 08:00:00-03:00,0.0,0.0,0.0,1.46
2021-06-30 09:00:00-03:00,0.0,0.0,0.0,1.4020000000000001
2021-06-30 10:00:00-03:00,0.061,0.057,0.022,2.078
2021-06-30 11:00:00-03:00,0.139,0.101,0.059000000000000004,3.318
2021-06-30 12:00:00-03:00,0.289,0.232,0.085,4.303
2021-06-30 13:00:00-03:00,0.488,0.467,0.075,4.811
2021-06-30 14:00:00-03:00,0.516,0.511,0.064,5.022
2021-06-30 15:00:00-03:00,0.46,0.454,0.055,4.65
2021-06-30 16:00:00-03:00,0.259,0.247,0.036000000000000004,2.709
2021-06-30 17:00:00-03:00,0.011,0.018000000000000002,0.003,0.343
2021-06-30 18:00:00-03:00,0.0,0.0,0.0,-0.54
2021-06-30 19:00:00-03:00,0.0,0.0,0.0,-1.033
2021-06-30 20:00:00-03:00,0.0,0.0,0.0,-1.139
2021-06-30 21:00:00-03:00,0.0,0.0,0.0,-0.429
2021-06-30 22:00:00-03:00,0.0,0.0,0.0,0.32
2021-06-30 23:00:00-03:00,0.0,0.0,0.0,0.101
2021-07-01 00:00:00-03:00,0.0,0.0,0.0,-0.117
2021-07-01 01:00:00-03:00,0.0,0.0,0.0,-0.074
2021-07-01 02:00:00-03:00,0.0,0.0,0.0,0.149
2021-07-01 03:00:00-03:00,0.0,0.0,0.0,0.269
2021-07-01 04:00:00-03:00,0.0,0.0,0.0,0.17
2021-07-01 05:00:00-03:00,0.0,0.0,0.0,0.215
2021-07-01 06:00:00-03:00,0.0,0.0,0.0,0.616
2021-07-01 07:00:00-03:00,0.0,0.0,0.0,1.334
2021-07-01 08:00:00-03:00,0.0,0.0,0.0,1.637
2021-07-01 09:00:00-03:00,0.0,0.0,0.0,1.502
2021-07-01 10:00:00-03:00,0.067,0.061,0.023,1.448
2021-07-01 11:00:00-03:00,0.181,0.137,0.065,1.9609999999999999
2021-07-01 12:00:00-03:00,0.25,0.18,0.094,2.598
2021-07-01 13:00:00-03:00,0.218,0.133,0.108,2.854
2021-07-01 14:00:00-03:00,0.14100000000000001,0.066,0.095,2.693
2021-07-01 15:00:00-03:00,0.084,0.038,0.064,2.355
2021-07-01 16:00:00-03:00,0.049,0.032,0.033,1.8170000000000002
2021-07-01 17:00:00-03:00,0.001,0.004,0.003,0.863
2021-07-01 18:00:00-03:00,0.0,0.0,0.0,0.116
2021-07-01 19:00:00-03:00,0.0,0.0,0.0,-0.153
2021-07-01 20:00:00-03:00,0.0,0.0,0.0,-0.765
2021-07-01 21:00:00-03:00,0.0,0.0,0.0,-1.009
2021-07-01 22:00:00-03:00,0.0,0.0,0.0,-1.27
2021-07-01 23:00:00-03:00,0.0,0.0,0.0,-1.454
2021-07-02 00:00:00-03:00,0.0,0.0,0.0,-1.181
2021-07-02 01:00:00-03:00,0.0,0.0,0.0,-0.867
2021-07-02 02:00:00-03:00,0.0,0.0,0.0,-0.522
2021-07-02 03:00:00-03:00,0.0,0.0,0.0,-0.198
2021-07-02 04:00:00-03:00,0.0,0.0,0.0,0.04
2021-07-02 05:00:00-03:00,0.0,0.0,0.0,0.145
2021-07-02 06:00:00-03:00,0.0,0.0,0.0,1.054
2021-07-02 07:00:00-03:00,0.0,0.0,0.0,2.525
2021-07-02 08:00:00-03:00,0.0,0.0,0.0,3.818
2021-07-02 09:00:00-03:00,0.0,0.0,0.0,3.809
2021-07-02 10:00:00-03:00,0.082,0.076,0.025,3.2560000000000002
2021-07-02 11:00:00-03:00,0.27,0.232,0.064,3.447
2021-07-02 12:00:00-03:00,0.41200000000000003,0.371,0.081,4.027
2021-07-02 13:00:00-03:00,0.452,0.41000000000000003,0.089,4.546
2021-07-02 14:00:00-03:00,0.184,0.106,0.101,4.55
2021-07-02 15:00:00-03:00,0.038,0.01,0.044,4.129
2021-07-02 16:00:00-03:00,0.006,0.003,0.013000000000000001,3.467
2021-07-02 17:00:00-03:00,0.0,0.0,0.001,3.052
2021-07-02 18:00:00-03:00,0.0,0.0,0.0,3.027
2021-07-02 19:00:00-03:00,0.0,0.0,0.0,3.188
2021-07-02 20:00:00-03:00,0.0,0.0,0.0,3.521
2021-07-02 21:00:00-03:00,0.0,0.0,0.0,3.8529999999999998
2021-07-02 22:00:00-03:00,0.0,0.0,0.0,3.907
2021-07-02 23:00:00-03:00,0.0,0.0,0.0,3.972
2021-07-03 00:00:00-03:00,0.0,0.0,0.0,3.98
2021-07-03 01:00:00-03:00,0.0,0.0,0.0,4.118
2021-07-03 02:00:00-03:00,0.0,0.0,0.0,4.24
2021-07-03 03:00:00-03:00,0.0,0.0,0.0,4.315
2021-07-03 04:00:00-03:00,0.0,0.0,0.0,4.297
2021-07-03 05:00:00-03:00,0.0,0.0,0.0,3.926
2021-07-03 06:00:00-03:00,0.0,0.0,0.0,3.368
2021-07-03 07:00:00-03:00,0.0,0.0,0.0,2.86
2021-07-03 08:00:00-03:00,0.0,0.0,0.0,2.5060000000000002
2021-07-03 09:00:00-03:00,0.0,0.0,0.0,2.345
2021-07-03 10:00:00-03:00,0.109,0.10300000000000001,0.025,2.662
2021-07-03 11:00:00-03:00,0.221,0.181,0.065,3.529
2021-07-03 12:00:00-03:00,0.219,0.152,0.092,4.336
2021-07-03 13:00:00-03:00,0.241,0.161,0.107,4.959
2021-07-03 14:00:00-03:00,0.199,0.125,0.099,5.4
2021-07-03 15:00:00-03:00,0.223,0.17300000000000001,0.076,5.575
2021-07-03 16:00:00-03:00,0.137,0.11800000000000001,0.041,5.305
2021-07-03 17:00:00-03:00,0.002,0.006,0.003,4.776
2021-07-03 18:00:00-03:00,0.0,0.0,0.0,4.547
2021-07-03 19:00:00-03:00,0.0,0.0,0.0,4.425
2021-07-03 20:00:00-03:00,0.0,0.0,0.0,4.442
2021-07-03 21:00:00-03:00,0.0,0.0,0.0,4.441
2021-07-03 22:00:00-03:00,0.0,0.0,0.0,4.3629999999999995
2021-07-03 23:00:00-03:00,0.0,0.0,0.0,4.302
2021-07-04 00:00:00-03:00,0.0,0.0,0.0,4.245
2021-07-04 01:00:00-03:00,0.0,0.0,0.0,4.348
2021-07-04 02:00:00-03:00,0.0,0.0,0.0,4.493
2021-07-04 03:00:00-03:00,0.0,0.0,0.0,4.639
2021-07-04 04:00:00-03:00,0.0,0.0,0.0,4.754
2021-07-04 05:00:00-03:00,0.0,0.0,0.0,4.7620000000000005
2021-07-04 06:00:00-03:00,0.0,0.0,0.0,4.647
2021-07-04 07:00:00-03:00,0.0,0.0,0.0,4.401
2021-07-04 08:00:00-03:00,0.0,0.0,0.0,3.99
2021-07-04 09:00:00-03:00,0.0,0.0,0.0,3.469
2021-07-04 10:00:00-03:00,0.146,0.139,0.027,3.362
2021-07-04 11:00:00-03:00,0.371,0.34700000000000003,0.06,4.045
2021-07-04 12:00:00-03:00,0.459,0.43,0.078,4.916
2021-07-04 13:00:00-03:00,0.275,0.194,0.11,5.475
2021-07-04 14:00:00-03:00,0.089,0.028,0.081,5.4879999999999995
2021-07-04 15:00:00-03:00,0.033,0.008,0.041,5.153
2021-07-04 16:00:00-03:00,0.01,0.004,0.017,4.662
2021-07-04 17:00:00-03:00,0.0,0.0,0.001,4.076
2021-07-04 18:00:00-03:00,0.0,0.0,0.0,3.831
2021-07-04 19:00:00-03:00,0.0,0.0,0.0,3.41
2021-07-04 20:00:00-03:00,0.0,0.0,0.0,2.931
2021-07-04 21:00:00-03:00,0.0,0.0,0.0,3.11
2021-07-04 22:00:00-03:00,0.0,0.0,0.0,3.651
2021-07-04 23:00:00-03:00,0.0,0.0,0.0,3.894
2021-07-05 00:00:00-03:00,0.0,0.0,0.0,3.715
2021-07-05 01:00:00-03:00,0.0,0.0,0.0,3.228
2021-07-05 02:00:00-03:00,0.0,0.0,0.0,2.761
2021-07-05 03:00:00-03:00,0.0,0.0,0.0,2.398
2021-07-05 04:00:00-03:00,0.0,0.0,0.0,2.571
2021-07-05 05:00:00-03:00,0.0,0.0,0.0,2.669
2021-07-05 06:00:00-03:00,0.0,0.0,0.0,2.882
2021-07-05 07:00:00-03:00,0.0,0.0,0.0,3.141
2021-07-05 08:00:00-03:00,0.0,0.0,0.0,3.428
2021-07-05 09:00:00-03:00,0.0,0.0,0.0,3.49
2021-07-05 10:00:00-03:00,0.012,0.008,0.015,3.618
2021-07-05 11:00:00-03:00,0.031,0.009000000000000001,0.038,4.153
2021-07-05 12:00:00-03:00,0.055,0.013000000000000001,0.059000000000000004,4.79
2021-07-05 13:00:00-03:00,0.28,0.193,0.117,5.881
2021-07-05 14:00:00-03:00,0.26,0.181,0.109,6.661
2021-07-05 15:00:00-03:00,0.088,0.04,0.069,6.372
2021-07-05 16:00:00-03:00,0.031,0.017,0.03,5.614
2021-07-05 17:00:00-03:00,0.0,0.002,0.002,4.601
2021-07-05 18:00:00-03:00,0.0,0.0,0.0,3.914
2021-07-05 19:00:00-03:00,0.0,0.0,0.0,3.709
2021-07-05 20:00:00-03:00,0.0,0.0,0.0,3.407
2021-07-05 21:00:00-03:00,0.0,0.0,0.0,2.934
2021-07-05 22:00:00-03:00,0.0,0.0,0.0,2.241
2021-07-05 23:00:00-03:00,0.0,0.0,0.0,1.988
2021-07-06 00:00:00-03:00,0.0,0.0,0.0,1.72
2021-07-06 01:00:00-03:00,0.0,0.0,0.0,1.417
2021-07-06 02:00:00-03:00,0.0,0.0,0.0,1.085
2021-07-06 03:00:00-03:00,0.0,0.0,0.0,0.58
2021-07-06 04:00:00-03:00,0.0,0.0,0.0,0.331
2021-07-06 05:00:00-03:00,0.0,0.0,0.0,-0.178
2021-07-06 06:00:00-03:00,0.0,0.0,0.0,-0.13
2021-07-06 07:00:00-03:00,0.0,0.0,0.0,-0.278
2021-07-06 08:00:00-03:00,0.0,0.0,0.0,-0.40900000000000003
2021-07-06 09:00:00-03:00,0.0,0.0,0.0,-0.618
2021-07-06 10:00:00-03:00,0.049,0.043000000000000003,0.022,-0.491
2021-07-06 11:00:00-03:00,0.163,0.121,0.062,0.107
2021-07-06 12:00:00-03:00,0.466,0.435,0.07200000000000001,1.197
2021-07-06 13:00:00-03:00,0.5650000000000001,0.562,0.063,2.156
2021-07-06 14:00:00-03:00,0.5730000000000001,0.579,0.057,2.688
2021-07-06 15:00:00-03:00,0.501,0.499,0.052000000000000005,2.654
2021-07-06 16:00:00-03:00,0.328,0.319,0.036000000000000004,1.4020000000000001
2021-07-06 17:00:00-03:00,0.024,0.033,0.004,-0.782
2021-07-06 18:00:00-03:00,0.0,0.0,0.0,-1.27
2021-07-06 19:00:00-03:00,0.0,0.0,0.0,-1.101
2021-07-06 20:00:00-03:00,0.0,0.0,0.0,-0.588
2021-07-06 21:00:00-03:00,0.0,0.0,0.0,-0.216
2021-07-06 22:00:00-03:00,0.0,0.0,0.0,0.074
2021-07-06 23:00:00-03:00,0.0,0.0,0.0,0.381
2021-07-07 00:00:00-03:00,0.0,0.0,0.0,0.707
2021-07-07 01:00:00-03:00,0.0,0.0,0.0,0.854
2021-07-07 02:00:00-03:00,0.0,0.0,0.0,1.053
2021-07-07 03:00:00-03:00,0.0,0.0,0.0,1.342
2021-07-07 04:00:00-03:00,0.0,0.0,0.0,1.62
2021-07-07 05:00:00-03:00,0.0,0.0,0.0,1.895
2021-07-07 06:00:00-03:00,0.0,0.0,0.0,2.149
2021-07-07 07:00:00-03:00,0.0,0.0,0.0,2.447
2021-07-07 08:00:00-03:00,0.0,0.0,0.0,2.742
2021-07-07 09:00:00-03:00,0.0,0.0,0.0,2.885
2021-07-07 10:00:00-03:00,0.0,0.001,0.004,2.7960000000000003
2021-07-07 11:00:00-03:00,0.004,0.001,0.012,2.462
2021-07-07 12:00:00-03:00,0.008,0.001,0.018000000000000002,2.253
2021-07-07 13:00:00-03:00,0.016,0.001,0.028,2.466
2021-07-07 14:00:00-03:00,0.05,0.007,0.059000000000000004,2.886
2021-07-07 15:00:00-03:00,0.14400000000000002,0.08,0.085,3.477
2021-07-07 16:00:00-03:00,0.161,0.134,0.048,3.24
2021-07-07 17:00:00-03:00,0.009000000000000001,0.015,0.005,1.7149999999999999
2021-07-07 18:00:00-03:00,0.0,0.0,0.0,1.717
2021-07-07 19:00:00-03:00,0.0,0.0,0.0,1.558
2021-07-07 20:00:00-03:00,0.0,0.0,0.0,1.308
2021-07-07 21:00:00-03:00,0.0,0.0,0.0,1.064
2021-07-07 22:00:00-03:00,0.0,0.0,0.0,0.722
2021-07-07 23:00:00-03:00,0.0,0.0,0.0,0.492
2021-07-08 00:00:00-03:00,0.0,0.0,0.0,0.334
2021-07-08 01:00:00-03:00,0.0,0.0,0.0,0.015
2021-07-08 02:00:00-03:00,0.0,0.0,0.0,-0.112
2021-07-08 03:00:00-03:00,0.0,0.0,0.0,-0.601
2021-07-08 04:00:00-03:00,0.0,0.0,0.0,-1.031
2021-07-08 05:00:00-03:00,0.0,0.0,0.0,-1.395
2021-07-08 06:00:00-03:00,0.0,0.0,0.0,-1.4100000000000001
2021-07-08 07:00:00-03:00,0.0,0.0,0.0,-1.206
2021-07-08 08:00:00-03:00,0.0,0.0,0.0,-0.852
2021-07-08 09:00:00-03:00,0.0,0.001,0.0,-0.455
2021-07-08 10:00:00-03:00,0.03,0.022,0.022,0.34
2021-07-08 11:00:00-03:00,0.038,0.011,0.043000000000000003,1.44
2021-07-08 12:00:00-03:00,0.039,0.006,0.049,2.177
2021-07-08 13:00:00-03:00,0.044,0.006,0.055,2.565
2021-07-08 14:00:00-03:00,0.055,0.01,0.063,2.862
2021-07-08 15:00:00-03:00,0.107,0.048,0.079,3.197
2021-07-08 16:00:00-03:00,0.039,0.021,0.034,3.015
2021-07-08 17:00:00-03:00,0.002,0.005,0.004,2.266
2021-07-08 18:00:00-03:00,0.0,0.0,0.0,1.885
2021-07-08 19:00:00-03:00,0.0,0.0,0.0,1.631
2021-07-08 20:00:00-03:00,0.0,0.0,0.0,1.166
2021-07-08 21:00:00-03:00,0.0,0.0,0.0,0.044
2021-07-08 22:00:00-03:00,0.0,0.0,0.0,-0.441
2021-07-08 23:00:00-03:00,0.0,0.0,0.0,-0.193
2021-07-09 00:00:00-03:00,0.0,0.0,0.0,0.505
2021-07-09 01:00:00-03:00,0.0,0.0,0.0,0.449
2021-07-09 02:00:00-03:00,0.0,0.0,0.0,-0.019
2021-07-09 03:00:00-03:00,0.0,0.0,0.0,-0.607
2021-07-09 04:00:00-03:00,0.0,0.0,0.0,-1.022
2021-07-09 05:00:00-03:00,0.0,0.0,0.0,-1.284
2021-07-09 06:00:00-03:00,0.0,0.0,0.0,-0.993
2021-07-09 07:00:00-03:00,0.0,0.0,0.0,-0.657
2021-07-09 08:00:00-03:00,0.0,0.0,0.0,-0.503
2021-07-09 09:00:00-03:00,0.0,0.0,0.0,-0.504
2021-07-09 10:00:00-03:00,0.01,0.006,0.015,0.045
2021-07-09 11:00:00-03:00,0.038,0.011,0.043000000000000003,1.223
2021-07-09 12:00:00-03:00,0.051000000000000004,0.009000000000000001,0.058,1.783
2021-07-09 13:00:00-03:00,0.059000000000000004,0.01,0.066,2.123
2021-07-09 14:00:00-03:00,0.10300000000000001,0.032,0.091,2.684
2021-07-09 15:00:00-03:00,0.169,0.105,0.08600000000000001,3.054
2021-07-09 16:00:00-03:00,0.113,0.08700000000000001,0.046,2.42
2021-07-09 17:00:00-03:00,0.006,0.011,0.005,0.787
2021-07-09 18:00:00-03:00,0.0,0.0,0.0,0.343
2021-07-09 19:00:00-03:00,0.0,0.0,0.0,0.116
2021-07-09 20:00:00-03:00,0.0,0.0,0.0,0.04
2021-07-09 21:00:00-03:00,0.0,0.0,0.0,-0.115
2021-07-09 22:00:00-03:00,0.0,0.0,0.0,-0.046
2021-07-09 23:00:00-03:00,0.0,0.0,0.0,0.187
2021-07-10 00:00:00-03:00,0.0,0.0,0.0,0.305
2021-07-10 01:00:00-03:00,0.0,0.0,0.0,0.534
2021-07-10 02:00:00-03:00,0.0,0.0,0.0,0.592
2021-07-10 03:00:00-03:00,0.0,0.0,0.0,0.708
2021-07-10 04:00:00-03:00,0.0,0.0,0.0,0.862
2021-07-10 05:00:00-03:00,0.0,0.0,0.0,0.789
2021-07-10 06:00:00-03:00,0.0,0.0,0.0,0.784
2021-07-10 07:00:00-03:00,0.0,0.0,0.0,0.744
2021-07-10 08:00:00-03:00,0.0,0.0,0.0,0.6900000000000001
2021-07-10 09:00:00-03:00,0.0,0.0,0.0,0.633
2021-07-10 10:00:00-03:00,0.028,0.021,0.022,1.023
2021-07-10 11:00:00-03:00,0.08700000000000001,0.045,0.061,2.22
2021-07-10 12:00:00-03:00,0.169,0.091,0.099,3.206
2021-07-10 13:00:00-03:00,0.23600000000000002,0.14400000000000002,0.116,3.52
2021-07-10 14:00:00-03:00,0.23700000000000002,0.15,0.111,3.422
2021-07-10 15:00:00-03:00,0.106,0.051000000000000004,0.074,2.826
2021-07-10 16:00:00-03:00,0.046,0.026000000000000002,0.036000000000000004,2.154
2021-07-10 17:00:00-03:00,0.0,0.003,0.003,1.546
2021-07-10 18:00:00-03:00,0.0,0.0,0.0,1.472
2021-07-10 19:00:00-03:00,0.0,0.0,0.0,1.439
2021-07-10 20:00:00-03:00,0.0,0.0,0.0,1.2730000000000001
2021-07-10 21:00:00-03:00,0.0,0.0,0.0,1.231
2021-07-10 22:00:00-03:00,0.0,0.0,0.0,1.069
2021-07-10 23:00:00-03:00,0.0,0.0,0.0,0.8180000000000001
2021-07-11 00:00:00-03:00,0.0,0.0,0.0,0.731
2021-07-11 01:00:00-03:00,0.0,0.0,0.0,0.725
2021-07-11 02:00:00-03:00,0.0,0.0,0.0,0.776
2021-07-11 03:00:00-03:00,0.0,0.0,0.0,0.78
2021-07-11 04:00:00-03:00,0.0,0.0,0.0,0.73
2021-07-11 05:00:00-03:00,0.0,0.0,0.0,0.748
2021-07-11 06:00:00-03:00,0.0,0.0,0.0,0.8260000000000001
2021-07-11 07:00:00-03:00,0.0,0.0,0.0,0.917
2021-07-11 08:00:00-03:00,0.0,0.0,0.0,0.874
2021-07-11 09:00:00-03:00,0.0,0.0,0.0,0.713
2021-07-11 10:00:00-03:00,0.012,0.007,0.017,0.73
2021-07-11 11:00:00-03:00,0.037,0.009000000000000001,0.043000000000000003,1.2429999999999999
2021-07-11 12:00:00-03:00,0.049,0.008,0.058,2.024
2021-07-11 13:00:00-03:00,0.058,0.009000000000000001,0.067,2.73
2021-07-11 14:00:00-03:00,0.131,0.045,0.106,3.178
2021-07-11 15:00:00-03:00,0.055,0.014,0.058,2.778
2021-07-11 16:00:00-03:00,0.013000000000000001,0.004,0.021,2.569
2021-07-11 17:00:00-03:00,0.001,0.004,0.004,2.05
2021-07-11 18:00:00-03:00,0.0,0.0,0.0,1.383
2021-07-11 19:00:00-03:00,0.0,0.0,0.0,1.061
2021-07-11 20:00:00-03:00,0.0,0.0,0.0,0.9490000000000001
2021-07-11 21:00:00-03:00,0.0,0.0,0.0,0.974
2021-07-11 22:00:00-03:00,0.0,0.0,0.0,1.098
2021-07-11 23:00:00-03:00,0.0,0.0,0.0,1.194
2021-07-12 00:00:00-03:00,0.0,0.0,0.0,1.275
2021-07-12 01:00:00-03:00,0.0,0.0,0.0,1.399
2021-07-12 02:00:00-03:00,0.0,0.0,0.0,1.525
2021-07-12 03:00:00-03:00,0.0,0.0,0.0,1.626
2021-07-12 04:00:00-03:00,0.0,0.0,0.0,1.752
2021-07-12 05:00:00-03:00,0.0,0.0,0.0,1.82
2021-07-12 06:00:00-03:00,0.0,0.0,0.0,1.764
2021-07-12 07:00:00-03:00,0.0,0.0,0.0,1.6840000000000002
2021-07-12 08:00:00-03:00,0.0,0.0,0.0,1.596
2021-07-12 09:00:00-03:00,0.0,0.001,0.0,1.505
2021-07-12 10:00:00-03:00,0.047,0.037,0.026000000000000002,1.613
2021-07-12 11:00:00-03:00,0.136,0.08700000000000001,0.069,2.032
2021-07-12 12:00:00-03:00,0.209,0.13,0.101,2.516
2021-07-12 13:00:00-03:00,0.255,0.163,0.116,2.855
2021-07-12 14:00:00-03:00,0.22,0.134,0.109,2.88
2021-07-12 15:00:00-03:00,0.165,0.10300000000000001,0.083,2.636
2021-07-12 16:00:00-03:00,0.09,0.064,0.044,2.158
2021-07-12 17:00:00-03:00,0.005,0.009000000000000001,0.005,1.516
2021-07-12 18:00:00-03:00,0.0,0.0,0.0,1.232
2021-07-12 19:00:00-03:00,0.0,0.0,0.0,1.241
2021-07-12 20:00:00-03:00,0.0,0.0,0.0,1.393
2021-07-12 21:00:00-03:00,0.0,0.0,0.0,1.533
2021-07-12 22:00:00-03:00,0.0,0.0,0.0,1.607
2021-07-12 23:00:00-03:00,0.0,0.0,0.0,1.649
2021-07-13 00:00:00-03:00,0.0,0.0,0.0,1.5230000000000001
2021-07-13 01:00:00-03:00,0.0,0.0,0.0,1.228
2021-07-13 02:00:00-03:00,0.0,0.0,0.0,0.679
2021-07-13 03:00:00-03:00,0.0,0.0,0.0,0.331
2021-07-13 04:00:00-03:00,0.0,0.0,0.0,0.148
2021-07-13 05:00:00-03:00,0.0,0.0,0.0,-0.001
2021-07-13 06:00:00-03:00,0.0,0.0,0.0,-0.189
2021-07-13 07:00:00-03:00,0.0,0.0,0.0,-0.328
2021-07-13 08:00:00-03:00,0.0,0.0,0.0,-0.443
2021-07-13 09:00:00-03:00,0.0,0.001,0.001,-0.617
2021-07-13 10:00:00-03:00,0.043000000000000003,0.035,0.024,-0.082
2021-07-13 11:00:00-03:00,0.203,0.153,0.07,0.868
2021-07-13 12:00:00-03:00,0.35000000000000003,0.28800000000000003,0.091,1.823
2021-07-13 13:00:00-03:00,0.455,0.40900000000000003,0.089,2.76
2021-07-13 14:00:00-03:00,0.456,0.418,0.082,3.303
2021-07-13 15:00:00-03:00,0.397,0.365,0.069,3.333
2021-07-13 16:00:00-03:00,0.26,0.24,0.044,1.987
2021-07-13 17:00:00-03:00,0.035,0.043000000000000003,0.007,0.533
2021-07-13 18:00:00-03:00,0.0,0.0,0.0,0.067
2021-07-13 19:00:00-03:00,0.0,0.0,0.0,-0.254
2021-07-13 20:00:00-03:00,0.0,0.0,0.0,-0.726
2021-07-13 21:00:00-03:00,0.0,0.0,0.0,-1.308
2021-07-13 22:00:00-03:00,0.0,0.0,0.0,-1.619
2021-07-13 23:00:00-03:00,0.0,0.0,0.0,-1.6720000000000002
2021-07-14 00:00:00-03:00,0.0,0.0,0.0,-1.5390000000000001
2021-07-14 01:00:00-03:00,0.0,0.0,0.0,-1.333
2021-07-14 02:00:00-03:00,0.0,0.0,0.0,-0.917
2021-07-14 03:00:00-03:00,0.0,0.0,0.0,-0.388
2021-07-14 04:00:00-03:00,0.0,0.0,0.0,0.056
2021-07-14 05:00:00-03:00,0.0,0.0,0.0,0.439
2021-07-14 06:00:00-03:00,0.0,0.0,0.0,0.725
2021-07-14 07:00:00-03:00,0.0,0.0,0.0,0.9500000000000001
2021-07-14 08:00:00-03:00,0.0,0.0,0.0,1.098
2021-07-14 09:00:00-03:00,0.0,0.0,0.0,1.238
2021-07-14 10:00:00-03:00,0.001,0.001,0.007,1.407
2021-07-14 11:00:00-03:00,0.008,0.001,0.018000000000000002,1.573
2021-07-14 12:00:00-03:00,0.018000000000000002,0.001,0.03,1.615
2021-07-14 13:00:00-03:00,0.023,0.001,0.036000000000000004,1.6280000000000001
2021-07-14 14:00:00-03:00,0.022,0.002,0.034,1.698
2021-07-14 15:00:00-03:00,0.021,0.002,0.033,1.7850000000000001
2021-07-14 16:00:00-03:00,0.005,0.001,0.012,1.525
2021-07-14 17:00:00-03:00,0.0,0.0,0.001,1.351
2021-07-14 18:00:00-03:00,0.0,0.0,0.0,1.425
2021-07-14 19:00:00-03:00,0.0,0.0,0.0,1.245
2021-07-14 20:00:00-03:00,0.0,0.0,0.0,1.021
2021-07-14 21:00:00-03:00,0.0,0.0,0.0,0.859
2021-07-14 22:00:00-03:00,0.0,0.0,0.0,0.6890000000000001
2021-07-14 23:00:00-03:00,0.0,0.0,0.0,0.47600000000000003
2021-07-15 00:00:00-03:00,0.0,0.0,0.0,0.41100000000000003
2021-07-15 01:00:00-03:00,0.0,0.0,0.0,0.326
2021-07-15 02:00:00-03:00,0.0,0.0,0.0,0.218
2021-07-15 03:00:00-03:00,0.0,0.0,0.0,0.214
2021-07-15 04:00:00-03:00,0.0,0.0,0.0,0.163
2021-07-15 05:00:00-03:00,0.0,0.0,0.0,0.363
2021-07-15 06:00:00-03:00,0.0,0.0,0.0,0.421
2021-07-15 07:00:00-03:00,0.0,0.0,0.0,0.47800000000000004
2021-07-15 08:00:00-03:00,0.0,0.0,0.0,0.836
2021-07-15 09:00:00-03:00,0.0,0.0,0.0,1.012
2021-07-15 10:00:00-03:00,0.001,0.001,0.006,0.994
2021-07-15 11:00:00-03:00,0.007,0.001,0.016,1.092
2021-07-15 12:00:00-03:00,0.014,0.001,0.025,1.311
2021-07-15 13:00:00-03:00,0.044,0.004,0.056,1.649
2021-07-15 14:00:00-03:00,0.062,0.008,0.07100000000000001,1.966
2021-07-15 15:00:00-03:00,0.054,0.011,0.06,2.097
2021-07-15 16:00:00-03:00,0.015,0.004,0.023,1.818
2021-07-15 17:00:00-03:00,0.0,0.001,0.002,1.3980000000000001
2021-07-15 18:00:00-03:00,0.0,0.0,0.0,1.338
2021-07-15 19:00:00-03:00,0.0,0.0,0.0,1.213
2021-07-15 20:00:00-03:00,0.0,0.0,0.0,1.112
2021-07-15 21:00:00-03:00,0.0,0.0,0.0,1.036
2021-07-15 22:00:00-03:00,0.0,0.0,0.0,1.015
2021-07-15 23:00:00-03:00,0.0,0.0,0.0,0.97
2021-07-16 00:00:00-03:00,0.0,0.0,0.0,0.914
2021-07-16 01:00:00-03:00,0.0,0.0,0.0,0.861
2021-07-16 02:00:00-03:00,0.0,0.0,0.0,0.798
2021-07-16 03:00:00-03:00,0.0,0.0,0.0,0.736
2021-07-16 04:00:00-03:00,0.0,0.0,0.0,0.6900000000000001
2021-07-16 05:00:00-03:00,0.0,0.0,0.0,0.601
2021-07-16 06:00:00-03:00,0.0,0.0,0.0,0.511
2021-07-16 07:00:00-03:00,0.0,0.0,0.0,0.48
2021-07-16 08:00:00-03:00,0.0,0.0,0.0,0.45
2021-07-16 09:00:00-03:00,0.0,0.0,0.0,0.465
2021-07-16 10:00:00-03:00,0.004,0.002,0.01,0.804
2021-07-16 11:00:00-03:00,0.024,0.004,0.033,1.212
2021-07-16 12:00:00-03:00,0.05,0.008,0.059000000000000004,1.623
2021-07-16 13:00:00-03:00,0.08,0.014,0.084,2.014
2021-07-16 14:00:00-03:00,0.101,0.025,0.095,2.315
2021-07-16 15:00:00-03:00,0.093,0.033,0.078,2.42
2021-07-16 16:00:00-03:00,0.051000000000000004,0.025,0.043000000000000003,2.072
2021-07-16 17:00:00-03:00,0.003,0.006,0.006,0.7010000000000001
2021-07-16 18:00:00-03:00,0.0,0.0,0.0,-0.052000000000000005
2021-07-16 19:00:00-03:00,0.0,0.0,0.0,-0.509
2021-07-16 20:00:00-03:00,0.0,0.0,0.0,-0.919
2021-07-16 21:00:00-03:00,0.0,0.0,0.0,-1.047
2021-07-16 22:00:00-03:00,0.0,0.0,0.0,-0.9480000000000001
2021-07-16 23:00:00-03:00,0.0,0.0,0.0,-0.733
2021-07-17 00:00:00-03:00,0.0,0.0,0.0,-0.47300000000000003
2021-07-17 01:00:00-03:00,0.0,0.0,0.0,-0.555
2021-07-17 02:00:00-03:00,0.0,0.0,0.0,-0.726
2021-07-17 03:00:00-03:00,0.0,0.0,0.0,-0.8270000000000001
2021-07-17 04:00:00-03:00,0.0,0.0,0.0,-0.803
2021-07-17 05:00:00-03:00,0.0,0.0,0.0,-0.583
2021-07-17 06:00:00-03:00,0.0,0.0,0.0,-0.335
2021-07-17 07:00:00-03:00,0.0,0.0,0.0,-0.192
2021-07-17 08:00:00-03:00,0.0,0.0,0.0,-0.215
2021-07-17 09:00:00-03:00,0.0,0.0,0.001,-0.245
2021-07-17 10:00:00-03:00,0.018000000000000002,0.009000000000000001,0.021,0.249
2021-07-17 11:00:00-03:00,0.051000000000000004,0.015,0.053,0.722
2021-07-17 12:00:00-03:00,0.077,0.017,0.078,1.135
2021-07-17 13:00:00-03:00,0.083,0.015,0.08600000000000001,1.505
2021-07-17 14:00:00-03:00,0.083,0.017,0.084,1.9609999999999999
2021-07-17 15:00:00-03:00,0.091,0.03,0.08,2.161
2021-07-17 16:00:00-03:00,0.012,0.003,0.021,1.6
2021-07-17 17:00:00-03:00,0.0,0.001,0.002,1.088
2021-07-17 18:00:00-03:00,0.0,0.0,0.0,0.9590000000000001
2021-07-17 19:00:00-03:00,0.0,0.0,0.0,0.888
2021-07-17 20:00:00-03:00,0.0,0.0,0.0,0.862
2021-07-17 21:00:00-03:00,0.0,0.0,0.0,0.801
2021-07-17 22:00:00-03:00,0.0,0.0,0.0,0.81
2021-07-17 23:00:00-03:00,0.0,0.0,0.0,0.84
2021-07-18 00:00:00-03:00,0.0,0.0,0.0,0.851
2021-07-18 01:00:00-03:00,0.0,0.0,0.0,0.869
2021-07-18 02:00:00-03:00,0.0,0.0,0.0,0.91
2021-07-18 03:00:00-03:00,0.0,0.0,0.0,0.919
2021-07-18 04:00:00-03:00,0.0,0.0,0.0,0.886
2021-07-18 05:00:00-03:00,0.0,0.0,0.0,0.896
2021-07-18 06:00:00-03:00,0.0,0.0,0.0,0.991
2021-07-18 07:00:00-03:00,0.0,0.0,0.0,1.149
2021-07-18 08:00:00-03:00,0.0,0.0,0.0,1.149
2021-07-18 09:00:00-03:00,0.0,0.0,0.0,1.15
2021-07-18 10:00:00-03:00,0.003,0.002,0.01,1.47
2021-07-18 11:00:00-03:00,0.017,0.002,0.027,2.155
2021-07-18 12:00:00-03:00,0.032,0.003,0.044,2.896
2021-07-18 13:00:00-03:00,0.052000000000000005,0.005,0.064,3.59
2021-07-18 14:00:00-03:00,0.048,0.005,0.06,4.525
2021-07-18 15:00:00-03:00,0.033,0.005,0.044,5.599
2021-07-18 16:00:00-03:00,0.03,0.01,0.036000000000000004,6.125
2021-07-18 17:00:00-03:00,0.005,0.007,0.007,5.899
2021-07-18 18:00:00-03:00,0.0,0.0,0.0,4.934
2021-07-18 19:00:00-03:00,0.0,0.0,0.0,4.149
2021-07-18 20:00:00-03:00,0.0,0.0,0.0,3.606
2021-07-18 21:00:00-03:00,0.0,0.0,0.0,3.179
2021-07-18 22:00:00-03:00,0.0,0.0,0.0,2.808
2021-07-18 23:00:00-03:00,0.0,0.0,0.0,2.507
2021-07-19 00:00:00-03:00,0.0,0.0,0.0,2.338
2021-07-19 01:00:00-03:00,0.0,0.0,0.0,2.298
2021-07-19 02:00:00-03:00,0.0,0.0,0.0,2.421
2021-07-19 03:00:00-03:00,0.0,0.0,0.0,2.652
2021-07-19 04:00:00-03:00,0.0,0.0,0.0,2.989
2021-07-19 05:00:00-03:00,0.0,0.0,0.0,3.245
2021-07-19 06:00:00-03:00,0.0,0.0,0.0,3.157
2021-07-19 07:00:00-03:00,0.0,0.0,0.0,2.918
2021-07-19 08:00:00-03:00,0.0,0.0,0.0,2.7039999999999997
2021-07-19 09:00:00-03:00,0.0,0.002,0.002,2.345
2021-07-19 10:00:00-03:00,0.074,0.057,0.035,2.208
2021-07-19 11:00:00-03:00,0.156,0.099,0.077,3.026
2021-07-19 12:00:00-03:00,0.17300000000000001,0.09,0.106,4.219
2021-07-19 13:00:00-03:00,0.20700000000000002,0.108,0.124,5.083
2021-07-19 14:00:00-03:00,0.20600000000000002,0.112,0.11900000000000001,5.726
2021-07-19 15:00:00-03:00,0.122,0.059000000000000004,0.085,5.85
2021-07-19 16:00:00-03:00,0.049,0.025,0.042,5.458
2021-07-19 17:00:00-03:00,0.006,0.009000000000000001,0.007,4.632
2021-07-19 18:00:00-03:00,0.0,0.0,0.0,4.013
2021-07-19 19:00:00-03:00,0.0,0.0,0.0,3.61
2021-07-19 20:00:00-03:00,0.0,0.0,0.0,3.277
2021-07-19 21:00:00-03:00,0.0,0.0,0.0,3.068
2021-07-19 22:00:00-03:00,0.0,0.0,0.0,3.044
2021-07-19 23:00:00-03:00,0.0,0.0,0.0,2.974
2021-07-20 00:00:00-03:00,0.0,0.0,0.0,2.836
2021-07-20 01:00:00-03:00,0.0,0.0,0.0,2.524
2021-07-20 02:00:00-03:00,0.0,0.0,0.0,2.047
2021-07-20 03:00:00-03:00,0.0,0.0,0.0,1.873
2021-07-20 04:00:00-03:00,0.0,0.0,0.0,1.867
2021-07-20 05:00:00-03:00,0.0,0.0,0.0,1.8559999999999999
2021-07-20 06:00:00-03:00,0.0,0.0,0.0,1.865
2021-07-20 07:00:00-03:00,0.0,0.0,0.0,1.9689999999999999
2021-07-20 08:00:00-03:00,0.0,0.0,0.0,2.178
2021-07-20 09:00:00-03:00,0.0,0.001,0.001,2.292
2021-07-20 10:00:00-03:00,0.023,0.013000000000000001,0.023,2.633
2021-07-20 11:00:00-03:00,0.081,0.036000000000000004,0.064,3.186
2021-07-20 12:00:00-03:00,0.227,0.14100000000000001,0.11,3.895
2021-07-20 13:00:00-03:00,0.366,0.28400000000000003,0.11800000000000001,4.5440000000000005
2021-07-20 14:00:00-03:00,0.319,0.23700000000000002,0.114,4.785
2021-07-20 15:00:00-03:00,0.253,0.187,0.093,4.686
2021-07-20 16:00:00-03:00,0.107,0.074,0.052000000000000005,3.941
2021-07-20 17:00:00-03:00,0.011,0.014,0.008,2.428
2021-07-20 18:00:00-03:00,0.0,0.0,0.0,1.9100000000000001
2021-07-20 19:00:00-03:00,0.0,0.0,0.0,1.6960000000000002
2021-07-20 20:00:00-03:00,0.0,0.0,0.0,1.231
2021-07-20 21:00:00-03:00,0.0,0.0,0.0,0.8270000000000001
2021-07-20 22:00:00-03:00,0.0,0.0,0.0,0.379
2021-07-20 23:00:00-03:00,0.0,0.0,0.0,0.069
2021-07-21 00:00:00-03:00,0.0,0.0,0.0,0.007
2021-07-21 01:00:00-03:00,0.0,0.0,0.0,0.424
2021-07-21 02:00:00-03:00,0.0,0.0,0.0,0.124
2021-07-21 03:00:00-03:00,0.0,0.0,0.0,-0.521
2021-07-21 04:00:00-03:00,0.0,0.0,0.0,-1.094
2021-07-21 05:00:00-03:00,0.0,0.0,0.0,-1.417
2021-07-21 06:00:00-03:00,0.0,0.0,0.0,-1.475
2021-07-21 07:00:00-03:00,0.0,0.0,0.0,-1.502
2021-07-21 08:00:00-03:00,0.0,0.0,0.0,-1.283
2021-07-21 09:00:00-03:00,0.0,0.001,0.001,-0.916
2021-07-21 10:00:00-03:00,0.018000000000000002,0.008,0.023,-0.381
2021-07-21 11:00:00-03:00,0.056,0.015,0.057,0.396
2021-07-21 12:00:00-03:00,0.08600000000000001,0.019,0.085,1.214
2021-07-21 13:00:00-03:00,0.094,0.017,0.096,1.933
2021-07-21 14:00:00-03:00,0.057,0.007,0.067,2.368
2021-07-21 15:00:00-03:00,0.034,0.004,0.044,2.432
2021-07-21 16:00:00-03:00,0.012,0.003,0.021,2.37
2021-07-21 17:00:00-03:00,0.0,0.001,0.003,2.257
2021-07-21 18:00:00-03:00,0.0,0.0,0.0,2.201
2021-07-21 19:00:00-03:00,0.0,0.0,0.0,2.132
2021-07-21 20:00:00-03:00,0.0,0.0,0.0,1.928
2021-07-21 21:00:00-03:00,0.0,0.0,0.0,1.1360000000000001
2021-07-21 22:00:00-03:00,0.0,0.0,0.0,0.259
2021-07-21 23:00:00-03:00,0.0,0.0,0.0,-0.019
2021-07-22 00:00:00-03:00,0.0,0.0,0.0,-0.376
2021-07-22 01:00:00-03:00,0.0,0.0,0.0,-0.292
2021-07-22 02:00:00-03:00,0.0,0.0,0.0,0.398
2021-07-22 03:00:00-03:00,0.0,0.0,0.0,1.032
2021-07-22 04:00:00-03:00,0.0,0.0,0.0,1.4969999999999999
2021-07-22 05:00:00-03:00,0.0,0.0,0.0,1.729
2021-07-22 06:00:00-03:00,0.0,0.0,0.0,1.669
2021-07-22 07:00:00-03:00,0.0,0.0,0.0,1.468
2021-07-22 08:00:00-03:00,0.0,0.0,0.0,1.3639999999999999
2021-07-22 09:00:00-03:00,0.0,0.0,0.001,1.425
2021-07-22 10:00:00-03:00,0.01,0.005,0.016,1.847
2021-07-22 11:00:00-03:00,0.122,0.067,0.075,2.616
2021-07-22 12:00:00-03:00,0.312,0.233,0.108,3.7800000000000002
2021-07-22 13:00:00-03:00,0.47100000000000003,0.421,0.10200000000000001,5.071
2021-07-22 14:00:00-03:00,0.418,0.36,0.10300000000000001,5.915
2021-07-22 15:00:00-03:00,0.272,0.211,0.09,6.078
2021-07-22 16:00:00-03:00,0.23600000000000002,0.20600000000000002,0.057,5.612
2021-07-22 17:00:00-03:00,0.029,0.033,0.011,4.456
2021-07-22 18:00:00-03:00,0.0,0.0,0.0,3.317
2021-07-22 19:00:00-03:00,0.0,0.0,0.0,2.168
2021-07-22 20:00:00-03:00,0.0,0.0,0.0,1.31
2021-07-22 21:00:00-03:00,0.0,0.0,0.0,0.911
2021-07-22 22:00:00-03:00,0.0,0.0,0.0,0.676
2021-07-22 23:00:00-03:00,0.0,0.0,0.0,0.626
2021-07-23 00:00:00-03:00,0.0,0.0,0.0,0.896
2021-07-23 01:00:00-03:00,0.0,0.0,0.0,1.245
2021-07-23 02:00:00-03:00,0.0,0.0,0.0,1.506
2021-07-23 03:00:00-03:00,0.0,0.0,0.0,1.572
2021-07-23 04:00:00-03:00,0.0,0.0,0.0,1.7269999999999999
2021-07-23 05:00:00-03:00,0.0,0.0,0.0,2.066
2021-07-23 06:00:00-03:00,0.0,0.0,0.0,2.049
2021-07-23 07:00:00-03:00,0.0,0.0,0.0,1.901
2021-07-23 08:00:00-03:00,0.0,0.0,0.0,1.8170000000000002
2021-07-23 09:00:00-03:00,0.001,0.005,0.003,1.843
2021-07-23 10:00:00-03:00,0.109,0.09,0.038,2.156
2021-07-23 11:00:00-03:00,0.293,0.243,0.077,2.7800000000000002
2021-07-23 12:00:00-03:00,0.456,0.41300000000000003,0.088,3.586
2021-07-23 13:00:00-03:00,0.47300000000000003,0.428,0.094,4.281
2021-07-23 14:00:00-03:00,0.498,0.46900000000000003,0.084,4.734
2021-07-23 15:00:00-03:00,0.446,0.421,0.07200000000000001,4.842
2021-07-23 16:00:00-03:00,0.307,0.28600000000000003,0.052000000000000005,4.471
2021-07-23 17:00:00-03:00,0.067,0.073,0.013000000000000001,3.431
2021-07-23 18:00:00-03:00,0.0,0.0,0.0,2.409
2021-07-23 19:00:00-03:00,0.0,0.0,0.0,2.145
2021-07-23 20:00:00-03:00,0.0,0.0,0.0,2.045
2021-07-23 21:00:00-03:00,0.0,0.0,0.0,1.929
2021-07-23 22:00:00-03:00,0.0,0.0,0.0,1.827
2021-07-23 23:00:00-03:00,0.0,0.0,0.0,1.7730000000000001
2021-07-24 00:00:00-03:00,0.0,0.0,0.0,1.8050000000000002
2021-07-24 01:00:00-03:00,0.0,0.0,0.0,1.855
2021-07-24 02:00:00-03:00,0.0,0.0,0.0,1.8900000000000001
2021-07-24 03:00:00-03:00,0.0,0.0,0.0,1.881
2021-07-24 04:00:00-03:00,0.0,0.0,0.0,1.8130000000000002
2021-07-24 05:00:00-03:00,0.0,0.0,0.0,1.706
2021-07-24 06:00:00-03:00,0.0,0.0,0.0,1.583
2021-07-24 07:00:00-03:00,0.0,0.0,0.0,1.5030000000000001
2021-07-24 08:00:00-03:00,0.0,0.0,0.0,1.441
2021-07-24 09:00:00-03:00,0.0,0.002,0.002,1.35
2021-07-24 10:00:00-03:00,0.027,0.016,0.026000000000000002,1.669
2021-07-24 11:00:00-03:00,0.272,0.212,0.084,2.6189999999999998
2021-07-24 12:00:00-03:00,0.391,0.325,0.10300000000000001,3.749
2021-07-24 13:00:00-03:00,0.393,0.317,0.115,4.656
2021-07-24 14:00:00-03:00,0.362,0.28500000000000003,0.114,5.113
2021-07-24 15:00:00-03:00,0.243,0.17400000000000002,0.096,5.066
2021-07-24 16:00:00-03:00,0.116,0.08,0.056,4.399
2021-07-24 17:00:00-03:00,0.019,0.021,0.011,3.125
2021-07-24 18:00:00-03:00,0.0,0.0,0.0,2.212
2021-07-24 19:00:00-03:00,0.0,0.0,0.0,1.888
2021-07-24 20:00:00-03:00,0.0,0.0,0.0,1.7730000000000001
2021-07-24 21:00:00-03:00,0.0,0.0,0.0,1.528
2021-07-24 22:00:00-03:00,0.0,0.0,0.0,1.1219999999999999
2021-07-24 23:00:00-03:00,0.0,0.0,0.0,0.707
2021-07-25 00:00:00-03:00,0.0,0.0,0.0,0.5660000000000001
2021-07-25 01:00:00-03:00,0.0,0.0,0.0,0.602
2021-07-25 02:00:00-03:00,0.0,0.0,0.0,0.658
2021-07-25 03:00:00-03:00,0.0,0.0,0.0,0.46900000000000003
2021-07-25 04:00:00-03:00,0.0,0.0,0.0,0.24
2021-07-25 05:00:00-03:00,0.0,0.0,0.0,-0.048
2021-07-25 06:00:00-03:00,0.0,0.0,0.0,-0.308
2021-07-25 07:00:00-03:00,0.0,0.0,0.0,-0.302
2021-07-25 08:00:00-03:00,0.0,0.0,0.0,-0.137
2021-07-25 09:00:00-03:00,0.0,0.001,0.002,0.105
2021-07-25 10:00:00-03:00,0.012,0.005,0.019,0.608
2021-07-25 11:00:00-03:00,0.037,0.008,0.045,1.292
2021-07-25 12:00:00-03:00,0.076,0.015,0.079,1.9689999999999999
2021-07-25 13:00:00-03:00,0.136,0.04,0.116,2.783
2021-07-25 14:00:00-03:00,0.242,0.136,0.131,3.428
2021-07-25 15:00:00-03:00,0.28500000000000003,0.20800000000000002,0.10400000000000001,3.569
2021-07-25 16:00:00-03:00,0.088,0.051000000000000004,0.056,3.084
2021-07-25 17:00:00-03:00,0.013000000000000001,0.014,0.011,2.216
2021-07-25 18:00:00-03:00,0.0,0.0,0.0,1.572
2021-07-25 19:00:00-03:00,0.0,0.0,0.0,1.238
2021-07-25 20:00:00-03:00,0.0,0.0,0.0,0.778
2021-07-25 21:00:00-03:00,0.0,0.0,0.0,0.423
2021-07-25 22:00:00-03:00,0.0,0.0,0.0,0.321
2021-07-25 23:00:00-03:00,0.0,0.0,0.0,0.41500000000000004
2021-07-26 00:00:00-03:00,0.0,0.0,0.0,0.665
2021-07-26 01:00:00-03:00,0.0,0.0,0.0,0.518
2021-07-26 02:00:00-03:00,0.0,0.0,0.0,0.439
2021-07-26 03:00:00-03:00,0.0,0.0,0.0,0.586
2021-07-26 04:00:00-03:00,0.0,0.0,0.0,0.8190000000000001
2021-07-26 05:00:00-03:00,0.0,0.0,0.0,0.968
2021-07-26 06:00:00-03:00,0.0,0.0,0.0,0.999
2021-07-26 07:00:00-03:00,0.0,0.0,0.0,1.083
2021-07-26 08:00:00-03:00,0.0,0.0,0.0,1.22
2021-07-26 09:00:00-03:00,0.0,0.002,0.003,1.446
2021-07-26 10:00:00-03:00,0.029,0.013000000000000001,0.03,2.075
2021-07-26 11:00:00-03:00,0.056,0.014,0.059000000000000004,2.9699999999999998
2021-07-26 12:00:00-03:00,0.08,0.015,0.083,3.495
2021-07-26 13:00:00-03:00,0.098,0.017,0.1,3.821
2021-07-26 14:00:00-03:00,0.083,0.013000000000000001,0.088,3.911
2021-07-26 15:00:00-03:00,0.053,0.009000000000000001,0.061,3.757
2021-07-26 16:00:00-03:00,0.024,0.006,0.033,3.42
2021-07-26 17:00:00-03:00,0.002,0.002,0.007,2.918
2021-07-26 18:00:00-03:00,0.0,0.0,0.0,2.534
2021-07-26 19:00:00-03:00,0.0,0.0,0.0,2.483
2021-07-26 20:00:00-03:00,0.0,0.0,0.0,2.363
2021-07-26 21:00:00-03:00,0.0,0.0,0.0,2.162
2021-07-26 22:00:00-03:00,0.0,0.0,0.0,1.992
2021-07-26 23:00:00-03:00,0.0,0.0,0.0,1.709
2021-07-27 00:00:00-03:00,0.0,0.0,0.0,1.48
2021-07-27 01:00:00-03:00,0.0,0.0,0.0,1.35
2021-07-27 02:00:00-03:00,0.0,0.0,0.0,1.529
2021-07-27 03:00:00-03:00,0.0,0.0,0.0,1.788
2021-07-27 04:00:00-03:00,0.0,0.0,0.0,1.9689999999999999
2021-07-27 05:00:00-03:00,0.0,0.0,0.0,2.036
2021-07-27 06:00:00-03:00,0.0,0.0,0.0,2.154
2021-07-27 07:00:00-03:00,0.0,0.0,0.0,1.933
2021-07-27 08:00:00-03:00,0.0,0.0,0.0,2.061
2021-07-27 09:00:00-03:00,0.0,0.0,0.001,2.216
2021-07-27 10:00:00-03:00,0.006,0.002,0.014,2.627
2021-07-27 11:00:00-03:00,0.015,0.002,0.026000000000000002,3.111
2021-07-27 12:00:00-03:00,0.029,0.002,0.042,3.6390000000000002
2021-07-27 13:00:00-03:00,0.031,0.002,0.045,4.146
2021-07-27 14:00:00-03:00,0.027,0.002,0.041,4.542
2021-07-27 15:00:00-03:00,0.024,0.002,0.036000000000000004,4.753
2021-07-27 16:00:00-03:00,0.009000000000000001,0.001,0.018000000000000002,4.617
2021-07-27 17:00:00-03:00,0.0,0.0,0.003,4.456
2021-07-27 18:00:00-03:00,0.0,0.0,0.0,4.621
2021-07-27 19:00:00-03:00,0.0,0.0,0.0,5.115
2021-07-27 20:00:00-03:00,0.0,0.0,0.0,5.674
2021-07-27 21:00:00-03:00,0.0,0.0,0.0,6.029
2021-07-27 22:00:00-03:00,0.0,0.0,0.0,6.135
2021-07-27 23:00:00-03:00,0.0,0.0,0.0,6.336
2021-07-28 00:00:00-03:00,0.0,0.0,0.0,6.64
2021-07-28 01:00:00-03:00,0.0,0.0,0.0,6.514
2021-07-28 02:00:00-03:00,0.0,0.0,0.0,6.405
2021-07-28 03:00:00-03:00,0.0,0.0,0.0,6.231
2021-07-28 04:00:00-03:00,0.0,0.0,0.0,6.027
2021-07-28 05:00:00-03:00,0.0,0.0,0.0,5.882
2021-07-28 06:00:00-03:00,0.0,0.0,0.0,5.845
2021-07-28 07:00:00-03:00,0.0,0.0,0.0,5.731
2021-07-28 08:00:00-03:00,0.0,0.0,0.0,5.561
2021-07-28 09:00:00-03:00,0.0,0.001,0.003,5.449
2021-07-28 10:00:00-03:00,0.017,0.006,0.024,5.711
2021-07-28 11:00:00-03:00,0.073,0.023,0.07,6.307
2021-07-28 12:00:00-03:00,0.133,0.045,0.111,6.921
2021-07-28 13:00:00-03:00,0.196,0.08,0.14200000000000002,7.518
2021-07-28 14:00:00-03:00,0.13,0.037,0.117,7.671
2021-07-28 15:00:00-03:00,0.047,0.008,0.057,7.219
2021-07-28 16:00:00-03:00,0.024,0.006,0.033,6.692
2021-07-28 17:00:00-03:00,0.004,0.004,0.009000000000000001,6.169
2021-07-28 18:00:00-03:00,0.0,0.0,0.0,5.785
2021-07-28 19:00:00-03:00,0.0,0.0,0.0,5.5
2021-07-28 20:00:00-03:00,0.0,0.0,0.0,5.213
2021-07-28 21:00:00-03:00,0.0,0.0,0.0,4.662
2021-07-28 22:00:00-03:00,0.0,0.0,0.0,4.282
2021-07-28 23:00:00-03:00,0.0,0.0,0.0,4.055
2021-07-29 00:00:00-03:00,0.0,0.0,0.0,3.767
2021-07-29 01:00:00-03:00,0.0,0.0,0.0,3.422
2021-07-29 02:00:00-03:00,0.0,0.0,0.0,3.114
2021-07-29 03:00:00-03:00,0.0,0.0,0.0,2.904
2021-07-29 04:00:00-03:00,0.0,0.0,0.0,2.741
2021-07-29 05:00:00-03:00,0.0,0.0,0.0,2.605
2021-07-29 06:00:00-03:00,0.0,0.0,0.0,2.475
2021-07-29 07:00:00-03:00,0.0,0.0,0.0,2.479
2021-07-29 08:00:00-03:00,0.0,0.0,0.0,2.641
2021-07-29 09:00:00-03:00,0.0,0.001,0.002,2.895
2021-07-29 10:00:00-03:00,0.01,0.003,0.018000000000000002,3.849
2021-07-29 11:00:00-03:00,0.032,0.005,0.043000000000000003,4.565
2021-07-29 12:00:00-03:00,0.074,0.012,0.08,5.172
2021-07-29 13:00:00-03:00,0.114,0.023,0.112,5.652
2021-07-29 14:00:00-03:00,0.093,0.017,0.096,5.834
2021-07-29 15:00:00-03:00,0.08700000000000001,0.023,0.084,5.905
2021-07-29 16:00:00-03:00,0.065,0.028,0.056,5.741
2021-07-29 17:00:00-03:00,0.026000000000000002,0.024,0.017,5.073
2021-07-29 18:00:00-03:00,0.0,0.0,0.0,4.086
2021-07-29 19:00:00-03:00,0.0,0.0,0.0,3.306
2021-07-29 20:00:00-03:00,0.0,0.0,0.0,2.794
2021-07-29 21:00:00-03:00,0.0,0.0,0.0,2.443
2021-07-29 22:00:00-03:00,0.0,0.0,0.0,1.955
2021-07-29 23:00:00-03:00,0.0,0.0,0.0,1.3719999999999999
2021-07-30 00:00:00-03:00,0.0,0.0,0.0,1.1400000000000001
2021-07-30 01:00:00-03:00,0.0,0.0,0.0,0.997
2021-07-30 02:00:00-03:00,0.0,0.0,0.0,0.735
2021-07-30 03:00:00-03:00,0.0,0.0,0.0,0.523
2021-07-30 04:00:00-03:00,0.0,0.0,0.0,0.319
2021-07-30 05:00:00-03:00,0.0,0.0,0.0,0.111
2021-07-30 06:00:00-03:00,0.0,0.0,0.0,0.077
2021-07-30 07:00:00-03:00,0.0,0.0,0.0,0.116
2021-07-30 08:00:00-03:00,0.0,0.0,0.0,0.269
2021-07-30 09:00:00-03:00,0.002,0.005,0.004,0.441
2021-07-30 10:00:00-03:00,0.064,0.042,0.04,1.021
2021-07-30 11:00:00-03:00,0.34700000000000003,0.291,0.08600000000000001,2.227
2021-07-30 12:00:00-03:00,0.47900000000000004,0.431,0.096,3.462
2021-07-30 13:00:00-03:00,0.47000000000000003,0.41100000000000003,0.108,4.078
2021-07-30 14:00:00-03:00,0.435,0.37,0.108,4.229
2021-07-30 15:00:00-03:00,0.373,0.317,0.092,4.052
2021-07-30 16:00:00-03:00,0.257,0.218,0.064,3.604
2021-07-30 17:00:00-03:00,0.066,0.064,0.019,2.678
2021-07-30 18:00:00-03:00,0.0,0.0,0.0,1.917
2021-07-30 19:00:00-03:00,0.0,0.0,0.0,1.464
2021-07-30 20:00:00-03:00,0.0,0.0,0.0,0.909
2021-07-30 21:00:00-03:00,0.0,0.0,0.0,0.436
2021-07-30 22:00:00-03:00,0.0,0.0,0.0,0.069
2021-07-30 23:00:00-03:00,0.0,0.0,0.0,-0.125
2021-07-31 00:00:00-03:00,0.0,0.0,0.0,-0.17500000000000002
2021-07-31 01:00:00-03:00,0.0,0.0,0.0,-0.153
2021-07-31 02:00:00-03:00,0.0,0.0,0.0,-0.082
2021-07-31 03:00:00-03:00,0.0,0.0,0.0,0.028
2021-07-31 04:00:00-03:00,0.0,0.0,0.0,0.094
2021-07-31 05:00:00-03:00,0.0,0.0,0.0,0.117
2021-07-31 06:00:00-03:00,0.0,0.0,0.0,0.052000000000000005
2021-07-31 07:00:00-03:00,0.0,0.0,0.0,-0.079
2021-07-31 08:00:00-03:00,0.0,0.0,0.0,-0.275
2021-07-31 09:00:00-03:00,0.034,0.039,0.009000000000000001,-0.371
2021-07-31 10:00:00-03:00,0.151,0.114,0.056,0.232
2021-07-31 11:00:00-03:00,0.091,0.031,0.078,0.86
2021-07-31 12:00:00-03:00,0.067,0.011,0.074,1.333
2021-07-31 13:00:00-03:00,0.139,0.033,0.127,2.201
2021-07-31 14:00:00-03:00,0.085,0.013000000000000001,0.09,2.884
2021-07-31 15:00:00-03:00,0.041,0.005,0.052000000000000005,2.979
2021-07-31 16:00:00-03:00,0.012,0.002,0.022,2.7800000000000002
2021-07-31 17:00:00-03:00,0.0,0.001,0.005,2.355
2021-07-31 18:00:00-03:00,0.0,0.0,0.0,1.6600000000000001
2021-07-31 19:00:00-03:00,0.0,0.0,0.0,1.639
2021-07-31 20:00:00-03:00,0.0,0.0,0.0,2.167
2021-07-31 21:00:00-03:00,0.0,0.0,0.0,2.307
2021-07-31 22:00:00-03:00,0.0,0.0,0.0,2.3810000000000002
2021-07-31 23:00:00-03:00,0.0,0.0,0.0,2.912
2021-08-01 00:00:00-03:00,0.0,0.0,0.0,3.166
2021-08-01 01:00:00-03:00,0.0,0.0,0.0,3.411
2021-08-01 02:00:00-03:00,0.0,0.0,0.0,3.521
2021-08-01 03:00:00-03:00,0.0,0.0,0.0,3.448
2021-08-01 04:00:00-03:00,0.0,0.0,0.0,3.033
2021-08-01 05:00:00-03:00,0.0,0.0,0.0,2.762
2021-08-01 06:00:00-03:00,0.0,0.0,0.0,2.7119999999999997
2021-08-01 07:00:00-03:00,0.0,0.0,0.0,2.8529999999999998
2021-08-01 08:00:00-03:00,0.0,0.0,0.0,2.831
2021-08-01 09:00:00-03:00,0.003,0.005,0.006,3.037
2021-08-01 10:00:00-03:00,0.043000000000000003,0.02,0.04,4.007
2021-08-01 11:00:00-03:00,0.073,0.02,0.07100000000000001,4.945
2021-08-01 12:00:00-03:00,0.093,0.019,0.095,5.713
2021-08-01 13:00:00-03:00,0.101,0.017,0.105,6.286
2021-08-01 14:00:00-03:00,0.082,0.012,0.09,6.604
2021-08-01 15:00:00-03:00,0.065,0.013000000000000001,0.07200000000000001,6.707
2021-08-01 16:00:00-03:00,0.06,0.022,0.057,6.547
2021-08-01 17:00:00-03:00,0.011,0.008,0.014,5.94
2021-08-01 18:00:00-03:00,0.0,0.0,0.0,5.04
2021-08-01 19:00:00-03:00,0.0,0.0,0.0,4.49
2021-08-01 20:00:00-03:00,0.0,0.0,0.0,4.211
2021-08-01 21:00:00-03:00,0.0,0.0,0.0,3.947
2021-08-01 22:00:00-03:00,0.0,0.0,0.0,3.718
2021-08-01 23:00:00-03:00,0.0,0.0,0.0,3.643
2021-08-02 00:00:00-03:00,0.0,0.0,0.0,3.629
2021-08-02 01:00:00-03:00,0.0,0.0,0.0,3.592
2021-08-02 02:00:00-03:00,0.0,0.0,0.0,3.527
2021-08-02 03:00:00-03:00,0.0,0.0,0.0,3.387
2021-08-02 04:00:00-03:00,0.0,0.0,0.0,3.208
2021-08-02 05:00:00-03:00,0.0,0.0,0.0,3.065
2021-08-02 06:00:00-03:00,0.0,0.0,0.0,3.005
2021-08-02 07:00:00-03:00,0.0,0.0,0.0,3.009
2021-08-02 08:00:00-03:00,0.0,0.0,0.0,2.996
2021-08-02 09:00:00-03:00,0.02,0.024,0.009000000000000001,3.099
2021-08-02 10:00:00-03:00,0.171,0.138,0.055,3.807
2021-08-02 11:00:00-03:00,0.362,0.307,0.091,4.946
2021-08-02 12:00:00-03:00,0.426,0.36,0.113,6.045
2021-08-02 13:00:00-03:00,0.402,0.313,0.134,6.904
2021-08-02 14:00:00-03:00,0.242,0.134,0.137,7.312
2021-08-02 15:00:00-03:00,0.139,0.061,0.101,7.276
2021-08-02 16:00:00-03:00,0.07100000000000001,0.033,0.058,7.049
2021-08-02 17:00:00-03:00,0.015,0.012,0.016,6.427
2021-08-02 18:00:00-03:00,0.0,0.0,0.0,5.654
2021-08-02 19:00:00-03:00,0.0,0.0,0.0,4.839
2021-08-02 20:00:00-03:00,0.0,0.0,0.0,4.044
2021-08-02 21:00:00-03:00,0.0,0.0,0.0,3.504
2021-08-02 22:00:00-03:00,0.0,0.0,0.0,3.2439999999999998
2021-08-02 23:00:00-03:00,0.0,0.0,0.0,3.095
2021-08-03 00:00:00-03:00,0.0,0.0,0.0,2.923
2021-08-03 01:00:00-03:00,0.0,0.0,0.0,2.79
2021-08-03 02:00:00-03:00,0.0,0.0,0.0,2.747
2021-08-03 03:00:00-03:00,0.0,0.0,0.0,2.745
2021-08-03 04:00:00-03:00,0.0,0.0,0.0,2.723
2021-08-03 05:00:00-03:00,0.0,0.0,0.0,2.601
2021-08-03 06:00:00-03:00,0.0,0.0,0.0,2.473
2021-08-03 07:00:00-03:00,0.0,0.0,0.0,2.433
2021-08-03 08:00:00-03:00,0.0,0.0,0.0,2.38
2021-08-03 09:00:00-03:00,0.053,0.058,0.012,2.4050000000000002
2021-08-03 10:00:00-03:00,0.279,0.248,0.058,3.128
2021-08-03 11:00:00-03:00,0.323,0.256,0.098,4.131
2021-08-03 12:00:00-03:00,0.303,0.203,0.131,4.927
2021-08-03 13:00:00-03:00,0.343,0.226,0.152,5.483
2021-08-03 14:00:00-03:00,0.14400000000000002,0.042,0.123,5.351
2021-08-03 15:00:00-03:00,0.036000000000000004,0.005,0.047,4.813
2021-08-03 16:00:00-03:00,0.017,0.003,0.027,4.506
2021-08-03 17:00:00-03:00,0.003,0.002,0.008,4.304
2021-08-03 18:00:00-03:00,0.0,0.0,0.0,4.192
2021-08-03 19:00:00-03:00,0.0,0.0,0.0,4.091
2021-08-03 20:00:00-03:00,0.0,0.0,0.0,3.7439999999999998
2021-08-03 21:00:00-03:00,0.0,0.0,0.0,3.777
2021-08-03 22:00:00-03:00,0.0,0.0,0.0,3.755
2021-08-03 23:00:00-03:00,0.0,0.0,0.0,3.6
2021-08-04 00:00:00-03:00,0.0,0.0,0.0,3.496
2021-08-04 01:00:00-03:00,0.0,0.0,0.0,3.468
2021-08-04 02:00:00-03:00,0.0,0.0,0.0,3.537
2021-08-04 03:00:00-03:00,0.0,0.0,0.0,3.857
2021-08-04 04:00:00-03:00,0.0,0.0,0.0,4.414
2021-08-04 05:00:00-03:00,0.0,0.0,0.0,5.582
2021-08-04 06:00:00-03:00,0.0,0.0,0.0,6.408
2021-08-04 07:00:00-03:00,0.0,0.0,0.0,6.574
2021-08-04 08:00:00-03:00,0.0,0.0,0.0,6.504
2021-08-04 09:00:00-03:00,0.009000000000000001,0.011,0.008,6.447
2021-08-04 10:00:00-03:00,0.07100000000000001,0.043000000000000003,0.048,6.921
2021-08-04 11:00:00-03:00,0.17200000000000001,0.10300000000000001,0.095,7.962
2021-08-04 12:00:00-03:00,0.387,0.315,0.121,9.637
2021-08-04 13:00:00-03:00,0.528,0.504,0.106,11.393
2021-08-04 14:00:00-03:00,0.47300000000000003,0.433,0.112,12.456
2021-08-04 15:00:00-03:00,0.255,0.181,0.111,12.348
2021-08-04 16:00:00-03:00,0.145,0.1,0.07200000000000001,11.66
2021-08-04 17:00:00-03:00,0.035,0.03,0.023,10.574
2021-08-04 18:00:00-03:00,0.0,0.0,0.0,9.46
2021-08-04 19:00:00-03:00,0.0,0.0,0.0,8.714
2021-08-04 20:00:00-03:00,0.0,0.0,0.0,8.113
2021-08-04 21:00:00-03:00,0.0,0.0,0.0,7.767
2021-08-04 22:00:00-03:00,0.0,0.0,0.0,7.63
2021-08-04 23:00:00-03:00,0.0,0.0,0.0,7.969
2021-08-05 00:00:00-03:00,0.0,0.0,0.0,7.532
2021-08-05 01:00:00-03:00,0.0,0.0,0.0,6.802
2021-08-05 02:00:00-03:00,0.0,0.0,0.0,6.075
2021-08-05 03:00:00-03:00,0.0,0.0,0.0,5.372
2021-08-05 04:00:00-03:00,0.0,0.0,0.0,4.901
2021-08-05 05:00:00-03:00,0.0,0.0,0.0,4.614
2021-08-05 06:00:00-03:00,0.0,0.0,0.0,4.604
2021-08-05 07:00:00-03:00,0.0,0.0,0.0,5.015
2021-08-05 08:00:00-03:00,0.0,0.0,0.0,5.532
2021-08-05 09:00:00-03:00,0.012,0.015,0.008,5.35
2021-08-05 10:00:00-03:00,0.34500000000000003,0.325,0.056,5.9030000000000005
2021-08-05 11:00:00-03:00,0.509,0.5,0.076,8.272
2021-08-05 12:00:00-03:00,0.367,0.30000000000000004,0.115,11.03
2021-08-05 13:00:00-03:00,0.47300000000000003,0.418,0.115,8.449
2021-08-05 14:00:00-03:00,0.534,0.506,0.098,6.879
2021-08-05 15:00:00-03:00,0.426,0.38,0.094,6.662
2021-08-05 16:00:00-03:00,0.28600000000000003,0.247,0.07,6.464
2021-08-05 17:00:00-03:00,0.12,0.112,0.029,5.709
2021-08-05 18:00:00-03:00,0.0,0.0,0.0,4.882
2021-08-05 19:00:00-03:00,0.0,0.0,0.0,4.434
2021-08-05 20:00:00-03:00,0.0,0.0,0.0,4.251
2021-08-05 21:00:00-03:00,0.0,0.0,0.0,4.689
2021-08-05 22:00:00-03:00,0.0,0.0,0.0,3.504
2021-08-05 23:00:00-03:00,0.0,0.0,0.0,1.991
2021-08-06 00:00:00-03:00,0.0,0.0,0.0,1.354
2021-08-06 01:00:00-03:00,0.0,0.0,0.0,1.015
2021-08-06 02:00:00-03:00,0.0,0.0,0.0,0.6920000000000001
2021-08-06 03:00:00-03:00,0.0,0.0,0.0,0.396
2021-08-06 04:00:00-03:00,0.0,0.0,0.0,0.209
2021-08-06 05:00:00-03:00,0.0,0.0,0.0,0.088
2021-08-06 06:00:00-03:00,0.0,0.0,0.0,-0.017
2021-08-06 07:00:00-03:00,0.0,0.0,0.0,-0.075
2021-08-06 08:00:00-03:00,0.0,0.0,0.0,-0.018000000000000002
2021-08-06 09:00:00-03:00,0.032,0.035,0.013000000000000001,0.388
2021-08-06 10:00:00-03:00,0.108,0.07200000000000001,0.055,1.701
2021-08-06 11:00:00-03:00,0.21,0.133,0.1,2.766
2021-08-06 12:00:00-03:00,0.392,0.297,0.13,3.2560000000000002
2021-08-06 13:00:00-03:00,0.216,0.096,0.14400000000000002,3.144
2021-08-06 14:00:00-03:00,0.232,0.114,0.14200000000000002,3.216
2021-08-06 15:00:00-03:00,0.28300000000000003,0.194,0.116,3.36
2021-08-06 16:00:00-03:00,0.26,0.20800000000000002,0.077,3.18
2021-08-06 17:00:00-03:00,0.11,0.098,0.031,2.5060000000000002
2021-08-06 18:00:00-03:00,0.0,0.0,0.0,1.755
2021-08-06 19:00:00-03:00,0.0,0.0,0.0,1.4889999999999999
2021-08-06 20:00:00-03:00,0.0,0.0,0.0,1.587
2021-08-06 21:00:00-03:00,0.0,0.0,0.0,2.005
2021-08-06 22:00:00-03:00,0.0,0.0,0.0,2.478
2021-08-06 23:00:00-03:00,0.0,0.0,0.0,2.013
2021-08-07 00:00:00-03:00,0.0,0.0,0.0,0.964
2021-08-07 01:00:00-03:00,0.0,0.0,0.0,-0.22
2021-08-07 02:00:00-03:00,0.0,0.0,0.0,-0.788
2021-08-07 03:00:00-03:00,0.0,0.0,0.0,-1.074
2021-08-07 04:00:00-03:00,0.0,0.0,0.0,-1.229
2021-08-07 05:00:00-03:00,0.0,0.0,0.0,-1.322
2021-08-07 06:00:00-03:00,0.0,0.0,0.0,-1.26
2021-08-07 07:00:00-03:00,0.0,0.0,0.0,-0.991
2021-08-07 08:00:00-03:00,0.0,0.0,0.0,-0.722
2021-08-07 09:00:00-03:00,0.042,0.043000000000000003,0.014,-0.40900000000000003
2021-08-07 10:00:00-03:00,0.111,0.07200000000000001,0.056,0.553
2021-08-07 11:00:00-03:00,0.225,0.14300000000000002,0.10400000000000001,1.763
2021-08-07 12:00:00-03:00,0.252,0.14200000000000002,0.134,2.402
2021-08-07 13:00:00-03:00,0.328,0.20500000000000002,0.152,2.727
2021-08-07 14:00:00-03:00,0.343,0.231,0.14300000000000002,2.9210000000000003
2021-08-07 15:00:00-03:00,0.28200000000000003,0.192,0.116,2.9530000000000003
2021-08-07 16:00:00-03:00,0.216,0.159,0.079,2.859
2021-08-07 17:00:00-03:00,0.069,0.057,0.03,2.368
2021-08-07 18:00:00-03:00,0.0,0.0,0.0,1.7610000000000001
2021-08-07 19:00:00-03:00,0.0,0.0,0.0,1.528
2021-08-07 20:00:00-03:00,0.0,0.0,0.0,1.409
2021-08-07 21:00:00-03:00,0.0,0.0,0.0,1.278
2021-08-07 22:00:00-03:00,0.0,0.0,0.0,1.088
2021-08-07 23:00:00-03:00,0.0,0.0,0.0,0.835
2021-08-08 00:00:00-03:00,0.0,0.0,0.0,0.682
2021-08-08 01:00:00-03:00,0.0,0.0,0.0,0.778
2021-08-08 02:00:00-03:00,0.0,0.0,0.0,0.981
2021-08-08 03:00:00-03:00,0.0,0.0,0.0,1.27
2021-08-08 04:00:00-03:00,0.0,0.0,0.0,1.597
2021-08-08 05:00:00-03:00,0.0,0.0,0.0,1.71
2021-08-08 06:00:00-03:00,0.0,0.0,0.0,1.518
2021-08-08 07:00:00-03:00,0.0,0.0,0.0,1.131
2021-08-08 08:00:00-03:00,0.0,0.0,0.0,0.781
2021-08-08 09:00:00-03:00,0.11900000000000001,0.121,0.017,1.056
2021-08-08 10:00:00-03:00,0.389,0.364,0.059000000000000004,2.411
2021-08-08 11:00:00-03:00,0.559,0.548,0.078,4.198
2021-08-08 12:00:00-03:00,0.536,0.497,0.106,5.878
2021-08-08 13:00:00-03:00,0.246,0.123,0.151,6.24
2021-08-08 14:00:00-03:00,0.165,0.056,0.132,6.291
2021-08-08 15:00:00-03:00,0.127,0.046,0.10300000000000001,6.374
2021-08-08 16:00:00-03:00,0.08700000000000001,0.04,0.068,6.171
2021-08-08 17:00:00-03:00,0.02,0.013000000000000001,0.021,5.431
2021-08-08 18:00:00-03:00,0.0,0.0,0.0,4.609
2021-08-08 19:00:00-03:00,0.0,0.0,0.0,4.368
2021-08-08 20:00:00-03:00,0.0,0.0,0.0,4.255
2021-08-08 21:00:00-03:00,0.0,0.0,0.0,4.199
2021-08-08 22:00:00-03:00,0.0,0.0,0.0,4.108
2021-08-08 23:00:00-03:00,0.0,0.0,0.0,3.995
2021-08-09 00:00:00-03:00,0.0,0.0,0.0,3.91
2021-08-09 01:00:00-03:00,0.0,0.0,0.0,3.922
2021-08-09 02:00:00-03:00,0.0,0.0,0.0,4.021
2021-08-09 03:00:00-03:00,0.0,0.0,0.0,4.027
2021-08-09 04:00:00-03:00,0.0,0.0,0.0,3.846
2021-08-09 05:00:00-03:00,0.0,0.0,0.0,3.713
2021-08-09 06:00:00-03:00,0.0,0.0,0.0,3.666
2021-08-09 07:00:00-03:00,0.0,0.0,0.0,3.738
2021-08-09 08:00:00-03:00,0.0,0.0,0.0,3.721
2021-08-09 09:00:00-03:00,0.066,0.067,0.017,3.678
2021-08-09 10:00:00-03:00,0.20400000000000001,0.16,0.067,4.332
2021-08-09 11:00:00-03:00,0.154,0.077,0.1,5.197
2021-08-09 12:00:00-03:00,0.138,0.043000000000000003,0.117,5.79
2021-08-09 13:00:00-03:00,0.21,0.08600000000000001,0.15,6.479
2021-08-09 14:00:00-03:00,0.40800000000000003,0.314,0.14100000000000001,7.227
2021-08-09 15:00:00-03:00,0.36,0.28500000000000003,0.116,7.43
2021-08-09 16:00:00-03:00,0.198,0.14200000000000002,0.082,7.076
2021-08-09 17:00:00-03:00,0.058,0.044,0.032,6.472
2021-08-09 18:00:00-03:00,0.0,0.0,0.001,5.904
2021-08-09 19:00:00-03:00,0.0,0.0,0.0,5.7620000000000005
2021-08-09 20:00:00-03:00,0.0,0.0,0.0,5.844
2021-08-09 21:00:00-03:00,0.0,0.0,0.0,5.763
2021-08-09 22:00:00-03:00,0.0,0.0,0.0,5.033
2021-08-09 23:00:00-03:00,0.0,0.0,0.0,4.159
2021-08-10 00:00:00-03:00,0.0,0.0,0.0,3.844
2021-08-10 01:00:00-03:00,0.0,0.0,0.0,3.586
2021-08-10 02:00:00-03:00,0.0,0.0,0.0,2.927
2021-08-10 03:00:00-03:00,0.0,0.0,0.0,1.9649999999999999
2021-08-10 04:00:00-03:00,0.0,0.0,0.0,1.336
2021-08-10 05:00:00-03:00,0.0,0.0,0.0,1.305
2021-08-10 06:00:00-03:00,0.0,0.0,0.0,1.5470000000000002
2021-08-10 07:00:00-03:00,0.0,0.0,0.0,1.542
2021-08-10 08:00:00-03:00,0.0,0.0,0.0,1.589
2021-08-10 09:00:00-03:00,0.095,0.095,0.018000000000000002,1.492
2021-08-10 10:00:00-03:00,0.265,0.224,0.065,2.156
2021-08-10 11:00:00-03:00,0.401,0.34,0.098,3.188
2021-08-10 12:00:00-03:00,0.40900000000000003,0.324,0.125,3.973
2021-08-10 13:00:00-03:00,0.434,0.341,0.137,4.42
2021-08-10 14:00:00-03:00,0.425,0.336,0.133,4.736
2021-08-10 15:00:00-03:00,0.302,0.216,0.116,4.832
2021-08-10 16:00:00-03:00,0.297,0.246,0.081,4.672
2021-08-10 17:00:00-03:00,0.064,0.05,0.032,3.96
2021-08-10 18:00:00-03:00,0.0,0.001,0.001,3.028
2021-08-10 19:00:00-03:00,0.0,0.0,0.0,2.339
2021-08-10 20:00:00-03:00,0.0,0.0,0.0,1.162
2021-08-10 21:00:00-03:00,0.0,0.0,0.0,0.578
2021-08-10 22:00:00-03:00,0.0,0.0,0.0,0.271
2021-08-10 23:00:00-03:00,0.0,0.0,0.0,0.513
2021-08-11 00:00:00-03:00,0.0,0.0,0.0,0.41400000000000003
2021-08-11 01:00:00-03:00,0.0,0.0,0.0,0.366
2021-08-11 02:00:00-03:00,0.0,0.0,0.0,0.508
2021-08-11 03:00:00-03:00,0.0,0.0,0.0,0.581
2021-08-11 04:00:00-03:00,0.0,0.0,0.0,0.5760000000000001
2021-08-11 05:00:00-03:00,0.0,0.0,0.0,0.77
2021-08-11 06:00:00-03:00,0.0,0.0,0.0,0.861
2021-08-11 07:00:00-03:00,0.0,0.0,0.0,1.238
2021-08-11 08:00:00-03:00,0.0,0.0,0.0,1.705
2021-08-11 09:00:00-03:00,0.012,0.011,0.012,2.462
2021-08-11 10:00:00-03:00,0.032,0.01,0.038,3.616
2021-08-11 11:00:00-03:00,0.093,0.027,0.08600000000000001,4.889
2021-08-11 12:00:00-03:00,0.279,0.154,0.155,6.302
2021-08-11 13:00:00-03:00,0.28600000000000003,0.148,0.171,7.191
2021-08-11 14:00:00-03:00,0.221,0.09,0.158,7.5120000000000005
2021-08-11 15:00:00-03:00,0.106,0.028,0.1,7.393
2021-08-11 16:00:00-03:00,0.046,0.012,0.053,7.215
2021-08-11 17:00:00-03:00,0.019,0.01,0.024,6.974
2021-08-11 18:00:00-03:00,0.0,0.001,0.001,6.687
2021-08-11 19:00:00-03:00,0.0,0.0,0.0,6.514
2021-08-11 20:00:00-03:00,0.0,0.0,0.0,6.302
2021-08-11 21:00:00-03:00,0.0,0.0,0.0,6.023
2021-08-11 22:00:00-03:00,0.0,0.0,0.0,5.93
2021-08-11 23:00:00-03:00,0.0,0.0,0.0,6.018
2021-08-12 00:00:00-03:00,0.0,0.0,0.0,6.038
2021-08-12 01:00:00-03:00,0.0,0.0,0.0,6.289
2021-08-12 02:00:00-03:00,0.0,0.0,0.0,6.521
2021-08-12 03:00:00-03:00,0.0,0.0,0.0,6.335
2021-08-12 04:00:00-03:00,0.0,0.0,0.0,6.023
2021-08-12 05:00:00-03:00,0.0,0.0,0.0,6.016
2021-08-12 06:00:00-03:00,0.0,0.0,0.0,6.233
2021-08-12 07:00:00-03:00,0.0,0.0,0.0,6.444
2021-08-12 08:00:00-03:00,0.0,0.0,0.0,6.58
2021-08-12 09:00:00-03:00,0.031,0.029,0.018000000000000002,6.698
2021-08-12 10:00:00-03:00,0.106,0.064,0.064,7.282
2021-08-12 11:00:00-03:00,0.23500000000000001,0.146,0.11900000000000001,8.113
2021-08-12 12:00:00-03:00,0.099,0.022,0.099,8.53
2021-08-12 13:00:00-03:00,0.254,0.11900000000000001,0.167,9.301
2021-08-12 14:00:00-03:00,0.4,0.297,0.154,10.103
2021-08-12 15:00:00-03:00,0.176,0.084,0.11900000000000001,9.415
2021-08-12 16:00:00-03:00,0.202,0.14100000000000001,0.089,9.007
2021-08-12 17:00:00-03:00,0.116,0.098,0.041,8.716
2021-08-12 18:00:00-03:00,0.0,0.004,0.002,8.262
2021-08-12 19:00:00-03:00,0.0,0.0,0.0,7.994
2021-08-12 20:00:00-03:00,0.0,0.0,0.0,7.8260000000000005
2021-08-12 21:00:00-03:00,0.0,0.0,0.0,7.662
2021-08-12 22:00:00-03:00,0.0,0.0,0.0,7.467
2021-08-12 23:00:00-03:00,0.0,0.0,0.0,7.246
2021-08-13 00:00:00-03:00,0.0,0.0,0.0,6.953
2021-08-13 01:00:00-03:00,0.0,0.0,0.0,6.627
2021-08-13 02:00:00-03:00,0.0,0.0,0.0,6.395
2021-08-13 03:00:00-03:00,0.0,0.0,0.0,6.245
2021-08-13 04:00:00-03:00,0.0,0.0,0.0,6.198
2021-08-13 05:00:00-03:00,0.0,0.0,0.0,6.215
2021-08-13 06:00:00-03:00,0.0,0.0,0.0,6.268
2021-08-13 07:00:00-03:00,0.0,0.0,0.0,6.249
2021-08-13 08:00:00-03:00,0.0,0.0,0.0,6.377
2021-08-13 09:00:00-03:00,0.0,0.001,0.004,6.7620000000000005
2021-08-13 10:00:00-03:00,0.01,0.002,0.02,7.333
2021-08-13 11:00:00-03:00,0.061,0.009000000000000001,0.07100000000000001,8.075
2021-08-13 12:00:00-03:00,0.083,0.01,0.094,8.600999999999999
2021-08-13 13:00:00-03:00,0.077,0.006,0.092,8.818
2021-08-13 14:00:00-03:00,0.07100000000000001,0.006,0.085,8.989
2021-08-13 15:00:00-03:00,0.066,0.008,0.078,8.745
2021-08-13 16:00:00-03:00,0.058,0.013000000000000001,0.063,8.669
2021-08-13 17:00:00-03:00,0.017,0.006,0.024,8.424
2021-08-13 18:00:00-03:00,0.0,0.0,0.001,7.815
2021-08-13 19:00:00-03:00,0.0,0.0,0.0,7.084
2021-08-13 20:00:00-03:00,0.0,0.0,0.0,6.094
2021-08-13 21:00:00-03:00,0.0,0.0,0.0,4.88
2021-08-13 22:00:00-03:00,0.0,0.0,0.0,3.621
2021-08-13 23:00:00-03:00,0.0,0.0,0.0,2.573
2021-08-14 00:00:00-03:00,0.0,0.0,0.0,1.901
2021-08-14 01:00:00-03:00,0.0,0.0,0.0,1.609
2021-08-14 02:00:00-03:00,0.0,0.0,0.0,1.304
2021-08-14 03:00:00-03:00,0.0,0.0,0.0,1.077
2021-08-14 04:00:00-03:00,0.0,0.0,0.0,1.169
2021-08-14 05:00:00-03:00,0.0,0.0,0.0,1.422
2021-08-14 06:00:00-03:00,0.0,0.0,0.0,1.31
2021-08-14 07:00:00-03:00,0.0,0.0,0.0,1.052
2021-08-14 08:00:00-03:00,0.0,0.001,0.0,0.774
2021-08-14 09:00:00-03:00,0.012,0.009000000000000001,0.015,0.989
2021-08-14 10:00:00-03:00,0.027,0.005,0.036000000000000004,1.871
2021-08-14 11:00:00-03:00,0.041,0.005,0.053,2.306
2021-08-14 12:00:00-03:00,0.063,0.005,0.075,2.815
2021-08-14 13:00:00-03:00,0.077,0.006,0.09,3.454
2021-08-14 14:00:00-03:00,0.075,0.006,0.08700000000000001,4.06
2021-08-14 15:00:00-03:00,0.063,0.007,0.074,4.6370000000000005
2021-08-14 16:00:00-03:00,0.051000000000000004,0.011,0.058,5.058
2021-08-14 17:00:00-03:00,0.021,0.008,0.027,4.656
2021-08-14 18:00:00-03:00,0.0,0.001,0.002,3.629
2021-08-14 19:00:00-03:00,0.0,0.0,0.0,3.488
2021-08-14 20:00:00-03:00,0.0,0.0,0.0,3.727
2021-08-14 21:00:00-03:00,0.0,0.0,0.0,4.018
2021-08-14 22:00:00-03:00,0.0,0.0,0.0,3.984
2021-08-14 23:00:00-03:00,0.0,0.0,0.0,3.681
2021-08-15 00:00:00-03:00,0.0,0.0,0.0,3.4130000000000003
2021-08-15 01:00:00-03:00,0.0,0.0,0.0,3.346
2021-08-15 02:00:00-03:00,0.0,0.0,0.0,3.307
2021-08-15 03:00:00-03:00,0.0,0.0,0.0,3.194
2021-08-15 04:00:00-03:00,0.0,0.0,0.0,3.046
2021-08-15 05:00:00-03:00,0.0,0.0,0.0,2.958
2021-08-15 06:00:00-03:00,0.0,0.0,0.0,2.832
2021-08-15 07:00:00-03:00,0.0,0.0,0.0,2.674
2021-08-15 08:00:00-03:00,0.0,0.0,0.0,2.542
2021-08-15 09:00:00-03:00,0.017,0.014,0.016,2.816
2021-08-15 10:00:00-03:00,0.079,0.039,0.059000000000000004,4.011
2021-08-15 11:00:00-03:00,0.223,0.135,0.114,5.115
2021-08-15 12:00:00-03:00,0.357,0.253,0.14300000000000002,6.515
2021-08-15 13:00:00-03:00,0.485,0.41100000000000003,0.136,8.299
2021-08-15 14:00:00-03:00,0.549,0.521,0.11,9.886
2021-08-15 15:00:00-03:00,0.611,0.632,0.08,10.638
2021-08-15 16:00:00-03:00,0.529,0.543,0.066,10.843
2021-08-15 17:00:00-03:00,0.295,0.29,0.043000000000000003,9.977
2021-08-15 18:00:00-03:00,0.007,0.013000000000000001,0.003,7.883
2021-08-15 19:00:00-03:00,0.0,0.0,0.0,6.104
2021-08-15 20:00:00-03:00,0.0,0.0,0.0,4.737
2021-08-15 21:00:00-03:00,0.0,0.0,0.0,4.337
2021-08-15 22:00:00-03:00,0.0,0.0,0.0,4.247
2021-08-15 23:00:00-03:00,0.0,0.0,0.0,3.816
2021-08-16 00:00:00-03:00,0.0,0.0,0.0,3.682
2021-08-16 01:00:00-03:00,0.0,0.0,0.0,3.68
2021-08-16 02:00:00-03:00,0.0,0.0,0.0,3.559
2021-08-16 03:00:00-03:00,0.0,0.0,0.0,3.433
2021-08-16 04:00:00-03:00,0.0,0.0,0.0,3.512
2021-08-16 05:00:00-03:00,0.0,0.0,0.0,3.452
2021-08-16 06:00:00-03:00,0.0,0.0,0.0,2.743
2021-08-16 07:00:00-03:00,0.0,0.0,0.0,2.117
2021-08-16 08:00:00-03:00,0.0,0.0,0.0,1.504
2021-08-16 09:00:00-03:00,0.068,0.059000000000000004,0.027,1.841
2021-08-16 10:00:00-03:00,0.135,0.081,0.074,3.334
2021-08-16 11:00:00-03:00,0.20500000000000002,0.108,0.12,4.001
2021-08-16 12:00:00-03:00,0.249,0.11900000000000001,0.158,5.487
2021-08-16 13:00:00-03:00,0.269,0.11900000000000001,0.179,6.315
2021-08-16 14:00:00-03:00,0.216,0.08,0.163,6.626
2021-08-16 15:00:00-03:00,0.134,0.04,0.116,6.527
2021-08-16 16:00:00-03:00,0.068,0.02,0.067,6.006
2021-08-16 17:00:00-03:00,0.021,0.009000000000000001,0.026000000000000002,4.998
2021-08-16 18:00:00-03:00,0.0,0.001,0.002,3.91
2021-08-16 19:00:00-03:00,0.0,0.0,0.0,3.483
2021-08-16 20:00:00-03:00,0.0,0.0,0.0,3.107
2021-08-16 21:00:00-03:00,0.0,0.0,0.0,2.727
2021-08-16 22:00:00-03:00,0.0,0.0,0.0,2.302
2021-08-16 23:00:00-03:00,0.0,0.0,0.0,1.7610000000000001
2021-08-17 00:00:00-03:00,0.0,0.0,0.0,1.579
2021-08-17 01:00:00-03:00,0.0,0.0,0.0,1.517
2021-08-17 02:00:00-03:00,0.0,0.0,0.0,1.464
2021-08-17 03:00:00-03:00,0.0,0.0,0.0,1.446
2021-08-17 04:00:00-03:00,0.0,0.0,0.0,1.45
2021-08-17 05:00:00-03:00,0.0,0.0,0.0,1.44
2021-08-17 06:00:00-03:00,0.0,0.0,0.0,1.399
2021-08-17 07:00:00-03:00,0.0,0.0,0.0,1.3679999999999999
2021-08-17 08:00:00-03:00,0.0,0.0,0.0,1.302
2021-08-17 09:00:00-03:00,0.0,0.001,0.005,1.271
2021-08-17 10:00:00-03:00,0.008,0.001,0.018000000000000002,1.323
2021-08-17 11:00:00-03:00,0.022,0.001,0.034,1.37
2021-08-17 12:00:00-03:00,0.037,0.002,0.051000000000000004,1.512
2021-08-17 13:00:00-03:00,0.048,0.002,0.062,1.647
2021-08-17 14:00:00-03:00,0.045,0.002,0.059000000000000004,1.776
2021-08-17 15:00:00-03:00,0.035,0.002,0.048,1.798
2021-08-17 16:00:00-03:00,0.02,0.002,0.032,1.744
2021-08-17 17:00:00-03:00,0.006,0.001,0.014,1.541
2021-08-17 18:00:00-03:00,0.0,0.0,0.001,1.286
2021-08-17 19:00:00-03:00,0.0,0.0,0.0,1.201
2021-08-17 20:00:00-03:00,0.0,0.0,0.0,1.055
2021-08-17 21:00:00-03:00,0.0,0.0,0.0,1.049
2021-08-17 22:00:00-03:00,0.0,0.0,0.0,1.231
2021-08-17 23:00:00-03:00,0.0,0.0,0.0,1.474
2021-08-18 00:00:00-03:00,0.0,0.0,0.0,1.3679999999999999
2021-08-18 01:00:00-03:00,0.0,0.0,0.0,1.135
2021-08-18 02:00:00-03:00,0.0,0.0,0.0,1.271
2021-08-18 03:00:00-03:00,0.0,0.0,0.0,1.2429999999999999
2021-08-18 04:00:00-03:00,0.0,0.0,0.0,1.081
2021-08-18 05:00:00-03:00,0.0,0.0,0.0,0.864
2021-08-18 06:00:00-03:00,0.0,0.0,0.0,0.749
2021-08-18 07:00:00-03:00,0.0,0.0,0.0,0.715
2021-08-18 08:00:00-03:00,0.0,0.0,0.0,0.577
2021-08-18 09:00:00-03:00,0.075,0.064,0.028,1.155
2021-08-18 10:00:00-03:00,0.244,0.189,0.078,2.5540000000000003
2021-08-18 11:00:00-03:00,0.49,0.439,0.10200000000000001,3.872
2021-08-18 12:00:00-03:00,0.5700000000000001,0.532,0.11,5.418
2021-08-18 13:00:00-03:00,0.626,0.61,0.106,6.138
2021-08-18 14:00:00-03:00,0.553,0.504,0.12,6.307
2021-08-18 15:00:00-03:00,0.42,0.34,0.126,5.999
2021-08-18 16:00:00-03:00,0.108,0.049,0.08,5.001
2021-08-18 17:00:00-03:00,0.038,0.02,0.034,3.782
2021-08-18 18:00:00-03:00,0.0,0.003,0.003,2.686
2021-08-18 19:00:00-03:00,0.0,0.0,0.0,2.014
2021-08-18 20:00:00-03:00,0.0,0.0,0.0,1.576
2021-08-18 21:00:00-03:00,0.0,0.0,0.0,1.2469999999999999
2021-08-18 22:00:00-03:00,0.0,0.0,0.0,0.778
2021-08-18 23:00:00-03:00,0.0,0.0,0.0,0.265
2021-08-19 00:00:00-03:00,0.0,0.0,0.0,-0.059000000000000004
2021-08-19 01:00:00-03:00,0.0,0.0,0.0,-0.248
2021-08-19 02:00:00-03:00,0.0,0.0,0.0,-0.482
2021-08-19 03:00:00-03:00,0.0,0.0,0.0,-0.792
2021-08-19 04:00:00-03:00,0.0,0.0,0.0,-1.006
2021-08-19 05:00:00-03:00,0.0,0.0,0.0,-1.272
2021-08-19 06:00:00-03:00,0.0,0.0,0.0,-1.638
2021-08-19 07:00:00-03:00,0.0,0.0,0.0,-2.339
2021-08-19 08:00:00-03:00,0.0,0.002,0.001,-2.995
2021-08-19 09:00:00-03:00,0.28300000000000003,0.269,0.033,-1.633
2021-08-19 10:00:00-03:00,0.47700000000000004,0.449,0.069,0.583
2021-08-19 11:00:00-03:00,0.465,0.401,0.105,1.336
2021-08-19 12:00:00-03:00,0.452,0.355,0.137,1.516
2021-08-19 13:00:00-03:00,0.47400000000000003,0.367,0.15,1.6400000000000001
2021-08-19 14:00:00-03:00,0.468,0.367,0.14400000000000002,1.758
2021-08-19 15:00:00-03:00,0.384,0.28700000000000003,0.129,1.671
2021-08-19 16:00:00-03:00,0.212,0.138,0.095,1.326
2021-08-19 17:00:00-03:00,0.073,0.047,0.043000000000000003,0.729
2021-08-19 18:00:00-03:00,0.003,0.007,0.004,-0.367
2021-08-19 19:00:00-03:00,0.0,0.0,0.0,-0.9590000000000001
2021-08-19 20:00:00-03:00,0.0,0.0,0.0,-1.303
2021-08-19 21:00:00-03:00,0.0,0.0,0.0,-1.847
2021-08-19 22:00:00-03:00,0.0,0.0,0.0,-2.36
2021-08-19 23:00:00-03:00,0.0,0.0,0.0,-3.052
2021-08-20 00:00:00-03:00,0.0,0.0,0.0,-3.199
2021-08-20 01:00:00-03:00,0.0,0.0,0.0,-2.951
2021-08-20 02:00:00-03:00,0.0,0.0,0.0,-2.938
2021-08-20 03:00:00-03:00,0.0,0.0,0.0,-2.786
2021-08-20 04:00:00-03:00,0.0,0.0,0.0,-2.665
2021-08-20 05:00:00-03:00,0.0,0.0,0.0,-2.493
2021-08-20 06:00:00-03:00,0.0,0.0,0.0,-2.175
2021-08-20 07:00:00-03:00,0.0,0.0,0.0,-2.294
2021-08-20 08:00:00-03:00,0.0,0.001,0.001,-2.338
2021-08-20 09:00:00-03:00,0.111,0.095,0.033,-1.458
2021-08-20 10:00:00-03:00,0.293,0.23500000000000001,0.081,0.07
2021-08-20 11:00:00-03:00,0.42,0.341,0.114,1.044
2021-08-20 12:00:00-03:00,0.47300000000000003,0.377,0.138,1.639
2021-08-20 13:00:00-03:00,0.437,0.314,0.162,2.022
2021-08-20 14:00:00-03:00,0.392,0.266,0.16,2.225
2021-08-20 15:00:00-03:00,0.36,0.258,0.134,2.267
2021-08-20 16:00:00-03:00,0.28500000000000003,0.213,0.097,2.089
2021-08-20 17:00:00-03:00,0.167,0.134,0.052000000000000005,1.105
2021-08-20 18:00:00-03:00,0.016,0.021,0.007,-1.083
2021-08-20 19:00:00-03:00,0.0,0.0,0.0,-1.725
2021-08-20 20:00:00-03:00,0.0,0.0,0.0,-1.779
2021-08-20 21:00:00-03:00,0.0,0.0,0.0,-1.736
2021-08-20 22:00:00-03:00,0.0,0.0,0.0,-1.677
2021-08-20 23:00:00-03:00,0.0,0.0,0.0,-1.512
2021-08-21 00:00:00-03:00,0.0,0.0,0.0,-1.416
2021-08-21 01:00:00-03:00,0.0,0.0,0.0,-1.336
2021-08-21 02:00:00-03:00,0.0,0.0,0.0,-1.302
2021-08-21 03:00:00-03:00,0.0,0.0,0.0,-1.4849999999999999
2021-08-21 04:00:00-03:00,0.0,0.0,0.0,-1.584
2021-08-21 05:00:00-03:00,0.0,0.0,0.0,-1.5190000000000001
2021-08-21 06:00:00-03:00,0.0,0.0,0.0,-1.423
2021-08-21 07:00:00-03:00,0.0,0.0,0.0,-1.374
2021-08-21 08:00:00-03:00,0.0,0.002,0.001,-1.645
2021-08-21 09:00:00-03:00,0.082,0.066,0.033,-1.115
2021-08-21 10:00:00-03:00,0.241,0.179,0.083,0.136
2021-08-21 11:00:00-03:00,0.40900000000000003,0.324,0.117,0.859
2021-08-21 12:00:00-03:00,0.493,0.402,0.137,1.309
2021-08-21 13:00:00-03:00,0.485,0.375,0.154,1.463
2021-08-21 14:00:00-03:00,0.467,0.356,0.152,1.56
2021-08-21 15:00:00-03:00,0.305,0.193,0.138,1.509
2021-08-21 16:00:00-03:00,0.24,0.163,0.1,1.347
2021-08-21 17:00:00-03:00,0.154,0.12,0.054,0.668
2021-08-21 18:00:00-03:00,0.018000000000000002,0.023,0.007,-1.192
2021-08-21 19:00:00-03:00,0.0,0.0,0.0,-1.473
2021-08-21 20:00:00-03:00,0.0,0.0,0.0,-1.5030000000000001
2021-08-21 21:00:00-03:00,0.0,0.0,0.0,-1.901
2021-08-21 22:00:00-03:00,0.0,0.0,0.0,-2.246
2021-08-21 23:00:00-03:00,0.0,0.0,0.0,-2.355
2021-08-22 00:00:00-03:00,0.0,0.0,0.0,-2.148
2021-08-22 01:00:00-03:00,0.0,0.0,0.0,-1.907
2021-08-22 02:00:00-03:00,0.0,0.0,0.0,-1.588
2021-08-22 03:00:00-03:00,0.0,0.0,0.0,-1.314
2021-08-22 04:00:00-03:00,0.0,0.0,0.0,-0.903
2021-08-22 05:00:00-03:00,0.0,0.0,0.0,-0.535
2021-08-22 06:00:00-03:00,0.0,0.0,0.0,-0.254
2021-08-22 07:00:00-03:00,0.0,0.0,0.0,0.081
2021-08-22 08:00:00-03:00,0.0,0.0,0.001,0.398
2021-08-22 09:00:00-03:00,0.017,0.008,0.022,0.7020000000000001
2021-08-22 10:00:00-03:00,0.04,0.007,0.049,1.175
2021-08-22 11:00:00-03:00,0.057,0.006,0.068,1.415
2021-08-22 12:00:00-03:00,0.07100000000000001,0.005,0.083,1.549
2021-08-22 13:00:00-03:00,0.079,0.005,0.092,1.596
2021-08-22 14:00:00-03:00,0.065,0.004,0.078,1.553
2021-08-22 15:00:00-03:00,0.045,0.003,0.058,1.4929999999999999
2021-08-22 16:00:00-03:00,0.024,0.002,0.036000000000000004,1.344
2021-08-22 17:00:00-03:00,0.007,0.001,0.015,1.166
2021-08-22 18:00:00-03:00,0.0,0.0,0.002,0.965
2021-08-22 19:00:00-03:00,0.0,0.0,0.0,0.9380000000000001
2021-08-22 20:00:00-03:00,0.0,0.0,0.0,0.918
2021-08-22 21:00:00-03:00,0.0,0.0,0.0,0.806
2021-08-22 22:00:00-03:00,0.0,0.0,0.0,0.539
2021-08-22 23:00:00-03:00,0.0,0.0,0.0,0.189
2021-08-23 00:00:00-03:00,0.0,0.0,0.0,-0.302
2021-08-23 01:00:00-03:00,0.0,0.0,0.0,-0.754
2021-08-23 02:00:00-03:00,0.0,0.0,0.0,-1.017
2021-08-23 03:00:00-03:00,0.0,0.0,0.0,-1.201
2021-08-23 04:00:00-03:00,0.0,0.0,0.0,-1.286
2021-08-23 05:00:00-03:00,0.0,0.0,0.0,-1.151
2021-08-23 06:00:00-03:00,0.0,0.0,0.0,-0.995
2021-08-23 07:00:00-03:00,0.0,0.0,0.0,-0.876
2021-08-23 08:00:00-03:00,0.0,0.002,0.001,-0.869
2021-08-23 09:00:00-03:00,0.085,0.069,0.033,-0.23800000000000002
2021-08-23 10:00:00-03:00,0.467,0.433,0.074,0.869
2021-08-23 11:00:00-03:00,0.629,0.621,0.083,2.052
2021-08-23 12:00:00-03:00,0.68,0.686,0.08600000000000001,2.882
2021-08-23 13:00:00-03:00,0.6990000000000001,0.716,0.083,3.378
2021-08-23 14:00:00-03:00,0.709,0.735,0.079,3.781
2021-08-23 15:00:00-03:00,0.663,0.673,0.082,4.006
2021-08-23 16:00:00-03:00,0.491,0.461,0.081,3.851
2021-08-23 17:00:00-03:00,0.276,0.248,0.054,2.803
2021-08-23 18:00:00-03:00,0.046,0.053,0.009000000000000001,0.40700000000000003
2021-08-23 19:00:00-03:00,0.0,0.0,0.0,-0.276
2021-08-23 20:00:00-03:00,0.0,0.0,0.0,0.116
2021-08-23 21:00:00-03:00,0.0,0.0,0.0,0.46
2021-08-23 22:00:00-03:00,0.0,0.0,0.0,0.419
2021-08-23 23:00:00-03:00,0.0,0.0,0.0,0.34600000000000003
2021-08-24 00:00:00-03:00,0.0,0.0,0.0,0.229
2021-08-24 01:00:00-03:00,0.0,0.0,0.0,0.164
2021-08-24 02:00:00-03:00,0.0,0.0,0.0,0.051000000000000004
2021-08-24 03:00:00-03:00,0.0,0.0,0.0,-0.29
2021-08-24 04:00:00-03:00,0.0,0.0,0.0,-0.634
2021-08-24 05:00:00-03:00,0.0,0.0,0.0,-1.085
2021-08-24 06:00:00-03:00,0.0,0.0,0.0,-1.176
2021-08-24 07:00:00-03:00,0.0,0.0,0.0,-1.078
2021-08-24 08:00:00-03:00,0.0,0.003,0.002,-1.071
2021-08-24 09:00:00-03:00,0.082,0.065,0.034,-0.077
2021-08-24 10:00:00-03:00,0.35100000000000003,0.299,0.08,1.224
2021-08-24 11:00:00-03:00,0.656,0.66,0.08,2.547
2021-08-24 12:00:00-03:00,0.726,0.76,0.075,3.566
2021-08-24 13:00:00-03:00,0.719,0.752,0.076,4.095
2021-08-24 14:00:00-03:00,0.729,0.771,0.073,4.38
2021-08-24 15:00:00-03:00,0.714,0.752,0.07100000000000001,4.408
2021-08-24 16:00:00-03:00,0.638,0.657,0.065,4.111
2021-08-24 17:00:00-03:00,0.427,0.417,0.049,2.98
2021-08-24 18:00:00-03:00,0.077,0.084,0.011,1.615
2021-08-24 19:00:00-03:00,0.0,0.0,0.0,1.248
2021-08-24 20:00:00-03:00,0.0,0.0,0.0,0.87
2021-08-24 21:00:00-03:00,0.0,0.0,0.0,0.08
2021-08-24 22:00:00-03:00,0.0,0.0,0.0,-0.81
2021-08-24 23:00:00-03:00,0.0,0.0,0.0,-1.5230000000000001
2021-08-25 00:00:00-03:00,0.0,0.0,0.0,-1.8090000000000002
2021-08-25 01:00:00-03:00,0.0,0.0,0.0,-1.469
2021-08-25 02:00:00-03:00,0.0,0.0,0.0,-1.051
2021-08-25 03:00:00-03:00,0.0,0.0,0.0,-0.88
2021-08-25 04:00:00-03:00,0.0,0.0,0.0,-0.861
2021-08-25 05:00:00-03:00,0.0,0.0,0.0,-0.935
2021-08-25 06:00:00-03:00,0.0,0.0,0.0,-0.792
2021-08-25 07:00:00-03:00,0.0,0.0,0.0,-0.628
2021-08-25 08:00:00-03:00,0.0,0.003,0.002,-0.635
2021-08-25 09:00:00-03:00,0.064,0.045,0.035,-0.069
2021-08-25 10:00:00-03:00,0.17,0.10300000000000001,0.08600000000000001,0.906
2021-08-25 11:00:00-03:00,0.28800000000000003,0.183,0.13,1.8820000000000001
2021-08-25 12:00:00-03:00,0.523,0.439,0.138,2.949
2021-08-25 13:00:00-03:00,0.608,0.557,0.126,3.755
2021-08-25 14:00:00-03:00,0.585,0.531,0.126,4.134
2021-08-25 15:00:00-03:00,0.513,0.447,0.122,4.14
2021-08-25 16:00:00-03:00,0.277,0.199,0.105,3.707
2021-08-25 17:00:00-03:00,0.149,0.111,0.059000000000000004,2.7720000000000002
2021-08-25 18:00:00-03:00,0.03,0.034,0.011,0.8130000000000001
2021-08-25 19:00:00-03:00,0.0,0.0,0.0,-0.218
2021-08-25 20:00:00-03:00,0.0,0.0,0.0,-0.365
2021-08-25 21:00:00-03:00,0.0,0.0,0.0,-0.061
2021-08-25 22:00:00-03:00,0.0,0.0,0.0,0.265
2021-08-25 23:00:00-03:00,0.0,0.0,0.0,0.374
2021-08-26 00:00:00-03:00,0.0,0.0,0.0,0.383
2021-08-26 01:00:00-03:00,0.0,0.0,0.0,0.20500000000000002
2021-08-26 02:00:00-03:00,0.0,0.0,0.0,-0.084
2021-08-26 03:00:00-03:00,0.0,0.0,0.0,-0.242
2021-08-26 04:00:00-03:00,0.0,0.0,0.0,-0.35100000000000003
2021-08-26 05:00:00-03:00,0.0,0.0,0.0,-0.445
2021-08-26 06:00:00-03:00,0.0,0.0,0.0,-0.547
2021-08-26 07:00:00-03:00,0.0,0.0,0.0,-0.676
2021-08-26 08:00:00-03:00,0.001,0.005,0.002,-0.783
2021-08-26 09:00:00-03:00,0.134,0.111,0.041,0.333
2021-08-26 10:00:00-03:00,0.363,0.311,0.082,1.758
2021-08-26 11:00:00-03:00,0.622,0.611,0.088,3.041
2021-08-26 12:00:00-03:00,0.68,0.686,0.089,3.803
2021-08-26 13:00:00-03:00,0.676,0.68,0.093,4.325
2021-08-26 14:00:00-03:00,0.669,0.674,0.092,4.87
2021-08-26 15:00:00-03:00,0.671,0.686,0.083,5.08
2021-08-26 16:00:00-03:00,0.617,0.629,0.07100000000000001,4.959
2021-08-26 17:00:00-03:00,0.462,0.458,0.051000000000000004,4.115
2021-08-26 18:00:00-03:00,0.151,0.158,0.013000000000000001,2.404
2021-08-26 19:00:00-03:00,0.0,0.0,0.0,2.048
2021-08-26 20:00:00-03:00,0.0,0.0,0.0,2.099
2021-08-26 21:00:00-03:00,0.0,0.0,0.0,1.7970000000000002
2021-08-26 22:00:00-03:00,0.0,0.0,0.0,1.32
2021-08-26 23:00:00-03:00,0.0,0.0,0.0,0.789
2021-08-27 00:00:00-03:00,0.0,0.0,0.0,0.261
2021-08-27 01:00:00-03:00,0.0,0.0,0.0,-0.311
2021-08-27 02:00:00-03:00,0.0,0.0,0.0,-0.706
2021-08-27 03:00:00-03:00,0.0,0.0,0.0,-1.03
2021-08-27 04:00:00-03:00,0.0,0.0,0.0,-1.282
2021-08-27 05:00:00-03:00,0.0,0.0,0.0,-1.518
2021-08-27 06:00:00-03:00,0.0,0.0,0.0,-1.6840000000000002
2021-08-27 07:00:00-03:00,0.0,0.0,0.0,-1.573
2021-08-27 08:00:00-03:00,0.005,0.011,0.004,-1.282
2021-08-27 09:00:00-03:00,0.11900000000000001,0.092,0.045,-0.081
2021-08-27 10:00:00-03:00,0.297,0.224,0.097,1.15
2021-08-27 11:00:00-03:00,0.373,0.269,0.137,2.596
2021-08-27 12:00:00-03:00,0.373,0.231,0.176,3.489
2021-08-27 13:00:00-03:00,0.315,0.145,0.2,3.844
2021-08-27 14:00:00-03:00,0.262,0.10200000000000001,0.186,3.895
2021-08-27 15:00:00-03:00,0.195,0.073,0.145,3.605
2021-08-27 16:00:00-03:00,0.131,0.052000000000000005,0.1,3.187
2021-08-27 17:00:00-03:00,0.039,0.014,0.04,2.646
2021-08-27 18:00:00-03:00,0.001,0.003,0.005,2.017
2021-08-27 19:00:00-03:00,0.0,0.0,0.0,1.425
2021-08-27 20:00:00-03:00,0.0,0.0,0.0,1.181
2021-08-27 21:00:00-03:00,0.0,0.0,0.0,0.9500000000000001
2021-08-27 22:00:00-03:00,0.0,0.0,0.0,0.765
2021-08-27 23:00:00-03:00,0.0,0.0,0.0,0.639
2021-08-28 00:00:00-03:00,0.0,0.0,0.0,0.494
2021-08-28 01:00:00-03:00,0.0,0.0,0.0,0.254
2021-08-28 02:00:00-03:00,0.0,0.0,0.0,0.025
2021-08-28 03:00:00-03:00,0.0,0.0,0.0,-0.28700000000000003
2021-08-28 04:00:00-03:00,0.0,0.0,0.0,-0.439
2021-08-28 05:00:00-03:00,0.0,0.0,0.0,-0.381
2021-08-28 06:00:00-03:00,0.0,0.0,0.0,0.255
2021-08-28 07:00:00-03:00,0.0,0.0,0.0,0.886
2021-08-28 08:00:00-03:00,0.018000000000000002,0.026000000000000002,0.005,1.014
2021-08-28 09:00:00-03:00,0.318,0.299,0.047,2.467
2021-08-28 10:00:00-03:00,0.506,0.481,0.079,4.06
2021-08-28 11:00:00-03:00,0.577,0.547,0.105,5.7059999999999995
2021-08-28 12:00:00-03:00,0.45,0.34800000000000003,0.154,6.744
2021-08-28 13:00:00-03:00,0.46,0.341,0.17500000000000002,7.344
2021-08-28 14:00:00-03:00,0.437,0.319,0.171,7.697
2021-08-28 15:00:00-03:00,0.316,0.199,0.152,7.629
2021-08-28 16:00:00-03:00,0.14200000000000002,0.066,0.099,7.073
2021-08-28 17:00:00-03:00,0.07200000000000001,0.039,0.053,6.227
2021-08-28 18:00:00-03:00,0.007,0.009000000000000001,0.009000000000000001,5.185
2021-08-28 19:00:00-03:00,0.0,0.0,0.0,4.242
2021-08-28 20:00:00-03:00,0.0,0.0,0.0,3.401
2021-08-28 21:00:00-03:00,0.0,0.0,0.0,2.497
2021-08-28 22:00:00-03:00,0.0,0.0,0.0,1.5979999999999999
2021-08-28 23:00:00-03:00,0.0,0.0,0.0,1.099
2021-08-29 00:00:00-03:00,0.0,0.0,0.0,0.908
2021-08-29 01:00:00-03:00,0.0,0.0,0.0,0.039
2021-08-29 02:00:00-03:00,0.0,0.0,0.0,-0.301
2021-08-29 03:00:00-03:00,0.0,0.0,0.0,-0.243
2021-08-29 04:00:00-03:00,0.0,0.0,0.0,-0.6910000000000001
2021-08-29 05:00:00-03:00,0.0,0.0,0.0,-0.714
2021-08-29 06:00:00-03:00,0.0,0.0,0.0,-0.834
2021-08-29 07:00:00-03:00,0.0,0.0,0.0,-1.064
2021-08-29 08:00:00-03:00,0.005,0.01,0.004,-0.962
2021-08-29 09:00:00-03:00,0.114,0.09,0.043000000000000003,0.147
2021-08-29 10:00:00-03:00,0.527,0.503,0.076,1.686
2021-08-29 11:00:00-03:00,0.682,0.6970000000000001,0.081,3.618
2021-08-29 12:00:00-03:00,0.718,0.752,0.082,5.543
2021-08-29 13:00:00-03:00,0.723,0.766,0.08,6.631
2021-08-29 14:00:00-03:00,0.666,0.676,0.096,7.1370000000000005
2021-08-29 15:00:00-03:00,0.63,0.631,0.094,7.282
2021-08-29 16:00:00-03:00,0.582,0.584,0.079,7.054
2021-08-29 17:00:00-03:00,0.452,0.448,0.056,6.236
2021-08-29 18:00:00-03:00,0.191,0.197,0.017,3.761
2021-08-29 19:00:00-03:00,0.0,0.0,0.0,1.807
2021-08-29 20:00:00-03:00,0.0,0.0,0.0,1.245
2021-08-29 21:00:00-03:00,0.0,0.0,0.0,0.739
2021-08-29 22:00:00-03:00,0.0,0.0,0.0,0.076
2021-08-29 23:00:00-03:00,0.0,0.0,0.0,-0.609
2021-08-30 00:00:00-03:00,0.0,0.0,0.0,-0.363
2021-08-30 01:00:00-03:00,0.0,0.0,0.0,0.007
2021-08-30 02:00:00-03:00,0.0,0.0,0.0,-0.085
2021-08-30 03:00:00-03:00,0.0,0.0,0.0,-0.537
2021-08-30 04:00:00-03:00,0.0,0.0,0.0,-1.152
2021-08-30 05:00:00-03:00,0.0,0.0,0.0,-1.787
2021-08-30 06:00:00-03:00,0.0,0.0,0.0,-2.081
2021-08-30 07:00:00-03:00,0.0,0.0,0.0,-2.188
2021-08-30 08:00:00-03:00,0.01,0.016,0.005,-2.13
2021-08-30 09:00:00-03:00,0.156,0.127,0.047,-1.353
2021-08-30 10:00:00-03:00,0.441,0.392,0.085,0.307
2021-08-30 11:00:00-03:00,0.6940000000000001,0.706,0.083,2.61
2021-08-30 12:00:00-03:00,0.742,0.781,0.081,4.563
2021-08-30 13:00:00-03:00,0.685,0.7000000000000001,0.093,6.351
2021-08-30 14:00:00-03:00,0.751,0.8150000000000001,0.076,7.742
2021-08-30 15:00:00-03:00,0.6930000000000001,0.727,0.08600000000000001,8.266
2021-08-30 16:00:00-03:00,0.422,0.374,0.098,7.782
2021-08-30 17:00:00-03:00,0.255,0.217,0.066,6.311
2021-08-30 18:00:00-03:00,0.044,0.046,0.015,3.933
2021-08-30 19:00:00-03:00,0.0,0.0,0.0,2.49
2021-08-30 20:00:00-03:00,0.0,0.0,0.0,1.8250000000000002
2021-08-30 21:00:00-03:00,0.0,0.0,0.0,1.5310000000000001
2021-08-30 22:00:00-03:00,0.0,0.0,0.0,1.3940000000000001
2021-08-30 23:00:00-03:00,0.0,0.0,0.0,1.3559999999999999
2021-08-31 00:00:00-03:00,0.0,0.0,0.0,1.258
2021-08-31 01:00:00-03:00,0.0,0.0,0.0,1.188
2021-08-31 02:00:00-03:00,0.0,0.0,0.0,1.203
2021-08-31 03:00:00-03:00,0.0,0.0,0.0,1.282
2021-08-31 04:00:00-03:00,0.0,0.0,0.0,1.3719999999999999
2021-08-31 05:00:00-03:00,0.0,0.0,0.0,1.459
2021-08-31 06:00:00-03:00,0.0,0.0,0.0,1.599
2021-08-31 07:00:00-03:00,0.0,0.0,0.0,1.75
2021-08-31 08:00:00-03:00,0.0,0.0,0.001,1.888
2021-08-31 09:00:00-03:00,0.006,0.002,0.013000000000000001,2.169
2021-08-31 10:00:00-03:00,0.025,0.003,0.036000000000000004,2.66
2021-08-31 11:00:00-03:00,0.066,0.008,0.076,3.552
2021-08-31 12:00:00-03:00,0.152,0.028,0.147,4.7940000000000005
2021-08-31 13:00:00-03:00,0.228,0.059000000000000004,0.195,5.44
2021-08-31 14:00:00-03:00,0.326,0.157,0.202,5.496
2021-08-31 15:00:00-03:00,0.512,0.424,0.148,5.407
2021-08-31 16:00:00-03:00,0.40700000000000003,0.331,0.117,4.895
2021-08-31 17:00:00-03:00,0.193,0.14300000000000002,0.073,4.158
2021-08-31 18:00:00-03:00,0.067,0.065,0.02,2.927
2021-08-31 19:00:00-03:00,0.0,0.0,0.0,1.6840000000000002
2021-08-31 20:00:00-03:00,0.0,0.0,0.0,0.627
2021-08-31 21:00:00-03:00,0.0,0.0,0.0,-0.28400000000000003
2021-08-31 22:00:00-03:00,0.0,0.0,0.0,-1.173
2021-08-31 23:00:00-03:00,0.0,0.0,0.0,-1.866
2021-09-01 00:00:00-03:00,0.0,0.0,0.0,-2.3609999999999998
2021-09-01 01:00:00-03:00,0.0,0.0,0.0,-2.717
2021-09-01 02:00:00-03:00,0.0,0.0,0.0,-2.8449999999999998
2021-09-01 03:00:00-03:00,0.0,0.0,0.0,-2.8369999999999997
2021-09-01 04:00:00-03:00,0.0,0.0,0.0,-2.7720000000000002
2021-09-01 05:00:00-03:00,0.0,0.0,0.0,-2.684
2021-09-01 06:00:00-03:00,0.0,0.0,0.0,-2.532
2021-09-01 07:00:00-03:00,0.0,0.0,0.0,-2.298
2021-09-01 08:00:00-03:00,0.085,0.094,0.008,-1.9300000000000002
2021-09-01 09:00:00-03:00,0.511,0.513,0.041,-0.403
2021-09-01 10:00:00-03:00,0.687,0.716,0.06,1.811
2021-09-01 11:00:00-03:00,0.753,0.805,0.068,3.852
2021-09-01 12:00:00-03:00,0.765,0.8280000000000001,0.068,5.131
2021-09-01 13:00:00-03:00,0.78,0.863,0.059000000000000004,6.115
2021-09-01 14:00:00-03:00,0.776,0.858,0.063,6.765
2021-09-01 15:00:00-03:00,0.76,0.8310000000000001,0.069,7.081
2021-09-01 16:00:00-03:00,0.71,0.766,0.064,7.04
2021-09-01 17:00:00-03:00,0.585,0.614,0.05,6.277
2021-09-01 18:00:00-03:00,0.313,0.323,0.019,3.258
2021-09-01 19:00:00-03:00,0.0,0.0,0.0,0.867
2021-09-01 20:00:00-03:00,0.0,0.0,0.0,0.009000000000000001
2021-09-01 21:00:00-03:00,0.0,0.0,0.0,-0.767
2021-09-01 22:00:00-03:00,0.0,0.0,0.0,-1.401
2021-09-01 23:00:00-03:00,0.0,0.0,0.0,-1.755
2021-09-02 00:00:00-03:00,0.0,0.0,0.0,-1.911
2021-09-02 01:00:00-03:00,0.0,0.0,0.0,-1.936
2021-09-02 02:00:00-03:00,0.0,0.0,0.0,-1.908
2021-09-02 03:00:00-03:00,0.0,0.0,0.0,-1.88
2021-09-02 04:00:00-03:00,0.0,0.0,0.0,-1.843
2021-09-02 05:00:00-03:00,0.0,0.0,0.0,-1.828
2021-09-02 06:00:00-03:00,0.0,0.0,0.0,-1.911
2021-09-02 07:00:00-03:00,0.0,0.0,0.0,-1.9969999999999999
2021-09-02 08:00:00-03:00,0.04,0.046,0.009000000000000001,-1.4140000000000001
2021-09-02 09:00:00-03:00,0.17400000000000002,0.14200000000000002,0.051000000000000004,0.233
2021-09-02 10:00:00-03:00,0.40900000000000003,0.356,0.089,1.883
2021-09-02 11:00:00-03:00,0.6960000000000001,0.714,0.084,4.211
2021-09-02 12:00:00-03:00,0.761,0.8180000000000001,0.075,5.591
2021-09-02 13:00:00-03:00,0.759,0.8250000000000001,0.07,6.527
2021-09-02 14:00:00-03:00,0.768,0.841,0.07100000000000001,7.232
2021-09-02 15:00:00-03:00,0.765,0.835,0.075,7.672
2021-09-02 16:00:00-03:00,0.561,0.553,0.08600000000000001,7.557
2021-09-02 17:00:00-03:00,0.401,0.382,0.064,6.926
2021-09-02 18:00:00-03:00,0.24,0.244,0.022,4.632
2021-09-02 19:00:00-03:00,0.0,0.0,0.0,2.529
2021-09-02 20:00:00-03:00,0.0,0.0,0.0,2.068
2021-09-02 21:00:00-03:00,0.0,0.0,0.0,1.76
2021-09-02 22:00:00-03:00,0.0,0.0,0.0,1.413
2021-09-02 23:00:00-03:00,0.0,0.0,0.0,0.935
2021-09-03 00:00:00-03:00,0.0,0.0,0.0,0.715
2021-09-03 01:00:00-03:00,0.0,0.0,0.0,0.775
2021-09-03 02:00:00-03:00,0.0,0.0,0.0,1.17
2021-09-03 03:00:00-03:00,0.0,0.0,0.0,1.344
2021-09-03 04:00:00-03:00,0.0,0.0,0.0,1.482
2021-09-03 05:00:00-03:00,0.0,0.0,0.0,1.576
2021-09-03 06:00:00-03:00,0.0,0.0,0.0,1.597
2021-09-03 07:00:00-03:00,0.0,0.0,0.0,1.4969999999999999
2021-09-03 08:00:00-03:00,0.029,0.034,0.009000000000000001,1.474
2021-09-03 09:00:00-03:00,0.22,0.185,0.057,2.4939999999999998
2021-09-03 10:00:00-03:00,0.396,0.337,0.098,4.057
2021-09-03 11:00:00-03:00,0.481,0.41000000000000003,0.128,6.259
2021-09-03 12:00:00-03:00,0.494,0.402,0.157,8.032
2021-09-03 13:00:00-03:00,0.493,0.384,0.176,9.235
2021-09-03 14:00:00-03:00,0.485,0.385,0.167,9.973
2021-09-03 15:00:00-03:00,0.487,0.417,0.138,10.339
2021-09-03 16:00:00-03:00,0.451,0.405,0.107,10.264
2021-09-03 17:00:00-03:00,0.356,0.329,0.07100000000000001,9.607
2021-09-03 18:00:00-03:00,0.171,0.169,0.026000000000000002,7.349
2021-09-03 19:00:00-03:00,0.0,0.0,0.0,4.797
2021-09-03 20:00:00-03:00,0.0,0.0,0.0,3.898
2021-09-03 21:00:00-03:00,0.0,0.0,0.0,3.324
2021-09-03 22:00:00-03:00,0.0,0.0,0.0,3.227
2021-09-03 23:00:00-03:00,0.0,0.0,0.0,3.055
2021-09-04 00:00:00-03:00,0.0,0.0,0.0,2.849
2021-09-04 01:00:00-03:00,0.0,0.0,0.0,2.39
2021-09-04 02:00:00-03:00,0.0,0.0,0.0,1.763
2021-09-04 03:00:00-03:00,0.0,0.0,0.0,1.42
2021-09-04 04:00:00-03:00,0.0,0.0,0.0,1.452
2021-09-04 05:00:00-03:00,0.0,0.0,0.0,1.7389999999999999
2021-09-04 06:00:00-03:00,0.0,0.0,0.0,1.4929999999999999
2021-09-04 07:00:00-03:00,0.0,0.0,0.0,1.043
2021-09-04 08:00:00-03:00,0.077,0.084,0.011,1.1320000000000001
2021-09-04 09:00:00-03:00,0.421,0.41000000000000003,0.052000000000000005,3.559
2021-09-04 10:00:00-03:00,0.61,0.618,0.074,5.462
2021-09-04 11:00:00-03:00,0.679,0.7030000000000001,0.088,7.733
2021-09-04 12:00:00-03:00,0.7010000000000001,0.733,0.093,8.843
2021-09-04 13:00:00-03:00,0.709,0.751,0.09,9.621
2021-09-04 14:00:00-03:00,0.6940000000000001,0.727,0.096,10.168
2021-09-04 15:00:00-03:00,0.656,0.673,0.099,10.414
2021-09-04 16:00:00-03:00,0.539,0.526,0.094,10.322
2021-09-04 17:00:00-03:00,0.327,0.297,0.07,9.657
2021-09-04 18:00:00-03:00,0.199,0.198,0.027,7.243
2021-09-04 19:00:00-03:00,0.0,0.0,0.0,5.08
2021-09-04 20:00:00-03:00,0.0,0.0,0.0,4.656
2021-09-04 21:00:00-03:00,0.0,0.0,0.0,4.4
2021-09-04 22:00:00-03:00,0.0,0.0,0.0,3.99
2021-09-04 23:00:00-03:00,0.0,0.0,0.0,3.4
2021-09-05 00:00:00-03:00,0.0,0.0,0.0,3.135
2021-09-05 01:00:00-03:00,0.0,0.0,0.0,2.9450000000000003
2021-09-05 02:00:00-03:00,0.0,0.0,0.0,2.781
2021-09-05 03:00:00-03:00,0.0,0.0,0.0,2.551
2021-09-05 04:00:00-03:00,0.0,0.0,0.0,2.304
2021-09-05 05:00:00-03:00,0.0,0.0,0.0,1.9
2021-09-05 06:00:00-03:00,0.0,0.0,0.0,1.518
2021-09-05 07:00:00-03:00,0.0,0.0,0.0,1.22
2021-09-05 08:00:00-03:00,0.12,0.127,0.012,1.3940000000000001
2021-09-05 09:00:00-03:00,0.446,0.44,0.05,4.072
2021-09-05 10:00:00-03:00,0.633,0.653,0.07100000000000001,6.084
2021-09-05 11:00:00-03:00,0.721,0.772,0.079,8.194
2021-09-05 12:00:00-03:00,0.749,0.8260000000000001,0.076,10.631
2021-09-05 13:00:00-03:00,0.754,0.845,0.069,11.44
2021-09-05 14:00:00-03:00,0.754,0.843,0.073,11.752
2021-09-05 15:00:00-03:00,0.742,0.8210000000000001,0.078,11.754
2021-09-05 16:00:00-03:00,0.6930000000000001,0.755,0.073,11.451
2021-09-05 17:00:00-03:00,0.58,0.616,0.057,10.679
2021-09-05 18:00:00-03:00,0.296,0.303,0.027,7.991
2021-09-05 19:00:00-03:00,0.0,0.0,0.0,5.402
2021-09-05 20:00:00-03:00,0.0,0.0,0.0,4.364
2021-09-05 21:00:00-03:00,0.0,0.0,0.0,3.7
2021-09-05 22:00:00-03:00,0.0,0.0,0.0,3.024
2021-09-05 23:00:00-03:00,0.0,0.0,0.0,2.341
2021-09-06 00:00:00-03:00,0.0,0.0,0.0,1.748
2021-09-06 01:00:00-03:00,0.0,0.0,0.0,1.3860000000000001
2021-09-06 02:00:00-03:00,0.0,0.0,0.0,1.2469999999999999
2021-09-06 03:00:00-03:00,0.0,0.0,0.0,1.086
2021-09-06 04:00:00-03:00,0.0,0.0,0.0,0.904
2021-09-06 05:00:00-03:00,0.0,0.0,0.0,0.746
2021-09-06 06:00:00-03:00,0.0,0.0,0.0,0.8260000000000001
2021-09-06 07:00:00-03:00,0.0,0.0,0.0,1.787
2021-09-06 08:00:00-03:00,0.024,0.027,0.011,2.675
2021-09-06 09:00:00-03:00,0.186,0.145,0.064,4.733
2021-09-06 10:00:00-03:00,0.423,0.362,0.108,6.675
2021-09-06 11:00:00-03:00,0.41200000000000003,0.312,0.15,8.451
2021-09-06 12:00:00-03:00,0.432,0.297,0.191,9.588
2021-09-06 13:00:00-03:00,0.337,0.155,0.224,9.89
2021-09-06 14:00:00-03:00,0.264,0.098,0.201,9.907
2021-09-06 15:00:00-03:00,0.273,0.133,0.176,10.074
2021-09-06 16:00:00-03:00,0.121,0.041,0.10400000000000001,9.819
2021-09-06 17:00:00-03:00,0.085,0.04,0.067,9.392
2021-09-06 18:00:00-03:00,0.026000000000000002,0.02,0.021,7.922
2021-09-06 19:00:00-03:00,0.0,0.0,0.0,6.911
2021-09-06 20:00:00-03:00,0.0,0.0,0.0,6.429
2021-09-06 21:00:00-03:00,0.0,0.0,0.0,5.8100000000000005
2021-09-06 22:00:00-03:00,0.0,0.0,0.0,5.112
2021-09-06 23:00:00-03:00,0.0,0.0,0.0,4.293
2021-09-07 00:00:00-03:00,0.0,0.0,0.0,3.4859999999999998
2021-09-07 01:00:00-03:00,0.0,0.0,0.0,2.922
2021-09-07 02:00:00-03:00,0.0,0.0,0.0,2.511
2021-09-07 03:00:00-03:00,0.0,0.0,0.0,2.201
2021-09-07 04:00:00-03:00,0.0,0.0,0.0,2.217
2021-09-07 05:00:00-03:00,0.0,0.0,0.0,2.565
2021-09-07 06:00:00-03:00,0.0,0.0,0.0,3.051
2021-09-07 07:00:00-03:00,0.0,0.0,0.0,3.07
2021-09-07 08:00:00-03:00,0.013000000000000001,0.015,0.009000000000000001,3.206
2021-09-07 09:00:00-03:00,0.099,0.066,0.053,4.26
2021-09-07 10:00:00-03:00,0.609,0.61,0.084,6.006
2021-09-07 11:00:00-03:00,0.735,0.789,0.084,8.734
2021-09-07 12:00:00-03:00,0.725,0.776,0.094,11.051
2021-09-07 13:00:00-03:00,0.5720000000000001,0.523,0.14400000000000002,11.776
2021-09-07 14:00:00-03:00,0.661,0.672,0.114,12.221
2021-09-07 15:00:00-03:00,0.746,0.8210000000000001,0.08700000000000001,12.503
2021-09-07 16:00:00-03:00,0.665,0.707,0.08600000000000001,12.34
2021-09-07 17:00:00-03:00,0.265,0.223,0.078,11.059
2021-09-07 18:00:00-03:00,0.069,0.062,0.027,8.712
2021-09-07 19:00:00-03:00,0.0,0.001,0.0,7.027
2021-09-07 20:00:00-03:00,0.0,0.0,0.0,6.515
2021-09-07 21:00:00-03:00,0.0,0.0,0.0,5.876
2021-09-07 22:00:00-03:00,0.0,0.0,0.0,5.542
2021-09-07 23:00:00-03:00,0.0,0.0,0.0,5.3870000000000005
2021-09-08 00:00:00-03:00,0.0,0.0,0.0,5.011
2021-09-08 01:00:00-03:00,0.0,0.0,0.0,4.429
2021-09-08 02:00:00-03:00,0.0,0.0,0.0,4.053
2021-09-08 03:00:00-03:00,0.0,0.0,0.0,3.899
2021-09-08 04:00:00-03:00,0.0,0.0,0.0,3.9130000000000003
2021-09-08 05:00:00-03:00,0.0,0.0,0.0,4.118
2021-09-08 06:00:00-03:00,0.0,0.0,0.0,5.035
2021-09-08 07:00:00-03:00,0.0,0.0,0.0,5.36
2021-09-08 08:00:00-03:00,0.003,0.004,0.007,5.599
2021-09-08 09:00:00-03:00,0.038,0.012,0.043000000000000003,6.258
2021-09-08 10:00:00-03:00,0.088,0.021,0.088,7.313
2021-09-08 11:00:00-03:00,0.135,0.027,0.132,8.54
2021-09-08 12:00:00-03:00,0.179,0.032,0.17500000000000002,9.736
2021-09-08 13:00:00-03:00,0.176,0.022,0.183,10.484
2021-09-08 14:00:00-03:00,0.125,0.012,0.138,10.716
2021-09-08 15:00:00-03:00,0.081,0.007,0.095,10.579
2021-09-08 16:00:00-03:00,0.05,0.006,0.063,10.132
2021-09-08 17:00:00-03:00,0.025,0.004,0.036000000000000004,9.37
2021-09-08 18:00:00-03:00,0.006,0.003,0.013000000000000001,8.352
2021-09-08 19:00:00-03:00,0.0,0.0,0.0,7.162
2021-09-08 20:00:00-03:00,0.0,0.0,0.0,6.413
2021-09-08 21:00:00-03:00,0.0,0.0,0.0,5.622
2021-09-08 22:00:00-03:00,0.0,0.0,0.0,4.657
2021-09-08 23:00:00-03:00,0.0,0.0,0.0,3.787
2021-09-09 00:00:00-03:00,0.0,0.0,0.0,2.8369999999999997
2021-09-09 01:00:00-03:00,0.0,0.0,0.0,1.865
2021-09-09 02:00:00-03:00,0.0,0.0,0.0,1.341
2021-09-09 03:00:00-03:00,0.0,0.0,0.0,0.983
2021-09-09 04:00:00-03:00,0.0,0.0,0.0,0.66
2021-09-09 05:00:00-03:00,0.0,0.0,0.0,0.311
2021-09-09 06:00:00-03:00,0.0,0.0,0.0,-0.12
2021-09-09 07:00:00-03:00,0.0,0.0,0.0,-0.401
2021-09-09 08:00:00-03:00,0.15,0.153,0.016,0.163
2021-09-09 09:00:00-03:00,0.425,0.405,0.057,2.214
2021-09-09 10:00:00-03:00,0.656,0.672,0.075,4.192
2021-09-09 11:00:00-03:00,0.734,0.781,0.083,7.109
2021-09-09 12:00:00-03:00,0.764,0.834,0.079,8.686
2021-09-09 13:00:00-03:00,0.776,0.867,0.068,9.578
2021-09-09 14:00:00-03:00,0.778,0.868,0.075,10.204
2021-09-09 15:00:00-03:00,0.736,0.797,0.08700000000000001,10.472
2021-09-09 16:00:00-03:00,0.674,0.714,0.082,10.37
2021-09-09 17:00:00-03:00,0.5670000000000001,0.589,0.064,9.764
2021-09-09 18:00:00-03:00,0.28700000000000003,0.28600000000000003,0.033,7.47
2021-09-09 19:00:00-03:00,0.0,0.004,0.001,4.687
2021-09-09 20:00:00-03:00,0.0,0.0,0.0,3.738
2021-09-09 21:00:00-03:00,0.0,0.0,0.0,3.225
2021-09-09 22:00:00-03:00,0.0,0.0,0.0,2.84
2021-09-09 23:00:00-03:00,0.0,0.0,0.0,2.286
2021-09-10 00:00:00-03:00,0.0,0.0,0.0,2.212
2021-09-10 01:00:00-03:00,0.0,0.0,0.0,2.322
2021-09-10 02:00:00-03:00,0.0,0.0,0.0,2.365
2021-09-10 03:00:00-03:00,0.0,0.0,0.0,2.185
2021-09-10 04:00:00-03:00,0.0,0.0,0.0,1.846
2021-09-10 05:00:00-03:00,0.0,0.0,0.0,1.458
2021-09-10 06:00:00-03:00,0.0,0.0,0.0,1.4020000000000001
2021-09-10 07:00:00-03:00,0.0,0.0,0.0,1.522
2021-09-10 08:00:00-03:00,0.002,0.003,0.006,1.6360000000000001
2021-09-10 09:00:00-03:00,0.017,0.004,0.025,1.919
2021-09-10 10:00:00-03:00,0.05,0.008,0.058,2.617
2021-09-10 11:00:00-03:00,0.109,0.02,0.11,3.883
2021-09-10 12:00:00-03:00,0.221,0.064,0.183,5.784
2021-09-10 13:00:00-03:00,0.51,0.365,0.212,7.614
2021-09-10 14:00:00-03:00,0.54,0.436,0.178,8.06
2021-09-10 15:00:00-03:00,0.62,0.581,0.133,7.898
2021-09-10 16:00:00-03:00,0.643,0.641,0.10200000000000001,7.503
2021-09-10 17:00:00-03:00,0.507,0.492,0.078,6.839
2021-09-10 18:00:00-03:00,0.241,0.229,0.039,5.614
2021-09-10 19:00:00-03:00,0.0,0.003,0.001,3.813
2021-09-10 20:00:00-03:00,0.0,0.0,0.0,2.843
2021-09-10 21:00:00-03:00,0.0,0.0,0.0,1.995
2021-09-10 22:00:00-03:00,0.0,0.0,0.0,1.428
2021-09-10 23:00:00-03:00,0.0,0.0,0.0,0.841
2021-09-11 00:00:00-03:00,0.0,0.0,0.0,0.212
2021-09-11 01:00:00-03:00,0.0,0.0,0.0,-0.305
2021-09-11 02:00:00-03:00,0.0,0.0,0.0,-0.66
2021-09-11 03:00:00-03:00,0.0,0.0,0.0,-0.853
2021-09-11 04:00:00-03:00,0.0,0.0,0.0,-1.061
2021-09-11 05:00:00-03:00,0.0,0.0,0.0,-1.274
2021-09-11 06:00:00-03:00,0.0,0.0,0.0,-1.389
2021-09-11 07:00:00-03:00,0.0,0.0,0.0,-1.358
2021-09-11 08:00:00-03:00,0.243,0.245,0.019,-0.648
2021-09-11 09:00:00-03:00,0.538,0.537,0.053,1.218
2021-09-11 10:00:00-03:00,0.6930000000000001,0.719,0.07200000000000001,3.45
2021-09-11 11:00:00-03:00,0.762,0.8190000000000001,0.079,6.212
2021-09-11 12:00:00-03:00,0.809,0.902,0.069,7.41
2021-09-11 13:00:00-03:00,0.8250000000000001,0.9470000000000001,0.053,8.23
2021-09-11 14:00:00-03:00,0.8290000000000001,0.9480000000000001,0.063,8.783
2021-09-11 15:00:00-03:00,0.8220000000000001,0.928,0.073,9.092
2021-09-11 16:00:00-03:00,0.783,0.873,0.07100000000000001,9.132
2021-09-11 17:00:00-03:00,0.677,0.735,0.058,8.725
2021-09-11 18:00:00-03:00,0.447,0.465,0.033,6.46
2021-09-11 19:00:00-03:00,0.005,0.012,0.002,3.669
2021-09-11 20:00:00-03:00,0.0,0.0,0.0,2.907
2021-09-11 21:00:00-03:00,0.0,0.0,0.0,2.301
2021-09-11 22:00:00-03:00,0.0,0.0,0.0,2.253
2021-09-11 23:00:00-03:00,0.0,0.0,0.0,2.51
2021-09-12 00:00:00-03:00,0.0,0.0,0.0,2.445
2021-09-12 01:00:00-03:00,0.0,0.0,0.0,1.953
2021-09-12 02:00:00-03:00,0.0,0.0,0.0,2.08
2021-09-12 03:00:00-03:00,0.0,0.0,0.0,1.603
2021-09-12 04:00:00-03:00,0.0,0.0,0.0,1.146
2021-09-12 05:00:00-03:00,0.0,0.0,0.0,1.184
2021-09-12 06:00:00-03:00,0.0,0.0,0.0,1.194
2021-09-12 07:00:00-03:00,0.0,0.0,0.0,0.7030000000000001
2021-09-12 08:00:00-03:00,0.004,0.003,0.009000000000000001,0.546
2021-09-12 09:00:00-03:00,0.014,0.003,0.023,1.183
2021-09-12 10:00:00-03:00,0.038,0.004,0.05,1.808
2021-09-12 11:00:00-03:00,0.082,0.009000000000000001,0.092,2.492
2021-09-12 12:00:00-03:00,0.17,0.026000000000000002,0.166,3.939
2021-09-12 13:00:00-03:00,0.302,0.08700000000000001,0.246,5.513
2021-09-12 14:00:00-03:00,0.385,0.19,0.23700000000000002,6.474
2021-09-12 15:00:00-03:00,0.337,0.179,0.194,6.687
2021-09-12 16:00:00-03:00,0.222,0.106,0.14300000000000002,6.428
2021-09-12 17:00:00-03:00,0.091,0.036000000000000004,0.076,5.714
2021-09-12 18:00:00-03:00,0.033,0.019,0.029,4.907
2021-09-12 19:00:00-03:00,0.0,0.001,0.001,3.872
2021-09-12 20:00:00-03:00,0.0,0.0,0.0,2.848
2021-09-12 21:00:00-03:00,0.0,0.0,0.0,2.098
2021-09-12 22:00:00-03:00,0.0,0.0,0.0,1.556
2021-09-12 23:00:00-03:00,0.0,0.0,0.0,1.121
2021-09-13 00:00:00-03:00,0.0,0.0,0.0,0.787
2021-09-13 01:00:00-03:00,0.0,0.0,0.0,0.719
2021-09-13 02:00:00-03:00,0.0,0.0,0.0,0.41100000000000003
2021-09-13 03:00:00-03:00,0.0,0.0,0.0,0.542
2021-09-13 04:00:00-03:00,0.0,0.0,0.0,0.995
2021-09-13 05:00:00-03:00,0.0,0.0,0.0,1.365
2021-09-13 06:00:00-03:00,0.0,0.0,0.0,1.528
2021-09-13 07:00:00-03:00,0.0,0.0,0.0,1.724
2021-09-13 08:00:00-03:00,0.084,0.08,0.023,2.214
2021-09-13 09:00:00-03:00,0.304,0.259,0.073,3.533
2021-09-13 10:00:00-03:00,0.467,0.40800000000000003,0.109,5.2
2021-09-13 11:00:00-03:00,0.58,0.53,0.13,6.769
2021-09-13 12:00:00-03:00,0.629,0.584,0.14200000000000002,7.875
2021-09-13 13:00:00-03:00,0.613,0.547,0.162,8.554
2021-09-13 14:00:00-03:00,0.535,0.43,0.18,8.862
2021-09-13 15:00:00-03:00,0.435,0.319,0.17,8.838
2021-09-13 16:00:00-03:00,0.253,0.151,0.133,8.328
2021-09-13 17:00:00-03:00,0.199,0.137,0.089,7.768
2021-09-13 18:00:00-03:00,0.15,0.132,0.042,6.978
2021-09-13 19:00:00-03:00,0.0,0.004,0.002,5.9879999999999995
2021-09-13 20:00:00-03:00,0.0,0.0,0.0,5.548
2021-09-13 21:00:00-03:00,0.0,0.0,0.0,5.368
2021-09-13 22:00:00-03:00,0.0,0.0,0.0,5.268
2021-09-13 23:00:00-03:00,0.0,0.0,0.0,5.169
2021-09-14 00:00:00-03:00,0.0,0.0,0.0,5.031
2021-09-14 01:00:00-03:00,0.0,0.0,0.0,4.949
2021-09-14 02:00:00-03:00,0.0,0.0,0.0,4.883
2021-09-14 03:00:00-03:00,0.0,0.0,0.0,4.751
2021-09-14 04:00:00-03:00,0.0,0.0,0.0,4.3629999999999995
2021-09-14 05:00:00-03:00,0.0,0.0,0.0,4.034
2021-09-14 06:00:00-03:00,0.0,0.0,0.0,3.848
2021-09-14 07:00:00-03:00,0.0,0.0,0.0,3.632
2021-09-14 08:00:00-03:00,0.016,0.013000000000000001,0.016,3.581
2021-09-14 09:00:00-03:00,0.092,0.047,0.064,4.176
2021-09-14 10:00:00-03:00,0.234,0.137,0.123,5.232
2021-09-14 11:00:00-03:00,0.382,0.255,0.168,6.238
2021-09-14 12:00:00-03:00,0.40800000000000003,0.248,0.20600000000000002,6.769
2021-09-14 13:00:00-03:00,0.446,0.271,0.226,6.686
2021-09-14 14:00:00-03:00,0.605,0.52,0.17,6.649
2021-09-14 15:00:00-03:00,0.608,0.551,0.14300000000000002,6.491
2021-09-14 16:00:00-03:00,0.521,0.459,0.126,6.037
2021-09-14 17:00:00-03:00,0.281,0.217,0.093,5.267
2021-09-14 18:00:00-03:00,0.185,0.163,0.045,4.377
2021-09-14 19:00:00-03:00,0.002,0.007,0.003,3.191
2021-09-14 20:00:00-03:00,0.0,0.0,0.0,2.394
2021-09-14 21:00:00-03:00,0.0,0.0,0.0,1.911
2021-09-14 22:00:00-03:00,0.0,0.0,0.0,1.583
2021-09-14 23:00:00-03:00,0.0,0.0,0.0,1.3780000000000001
2021-09-15 00:00:00-03:00,0.0,0.0,0.0,1.297
2021-09-15 01:00:00-03:00,0.0,0.0,0.0,1.326
2021-09-15 02:00:00-03:00,0.0,0.0,0.0,1.3559999999999999
2021-09-15 03:00:00-03:00,0.0,0.0,0.0,1.315
2021-09-15 04:00:00-03:00,0.0,0.0,0.0,1.316
2021-09-15 05:00:00-03:00,0.0,0.0,0.0,1.328
2021-09-15 06:00:00-03:00,0.0,0.0,0.0,1.228
2021-09-15 07:00:00-03:00,0.0,0.0,0.0,1.106
2021-09-15 08:00:00-03:00,0.042,0.035,0.023,1.358
2021-09-15 09:00:00-03:00,0.135,0.082,0.073,2.068
2021-09-15 10:00:00-03:00,0.25,0.146,0.128,2.733
2021-09-15 11:00:00-03:00,0.25,0.109,0.165,2.956
2021-09-15 12:00:00-03:00,0.342,0.159,0.215,3.438
2021-09-15 13:00:00-03:00,0.431,0.233,0.241,4.001
2021-09-15 14:00:00-03:00,0.47900000000000004,0.315,0.215,4.235
2021-09-15 15:00:00-03:00,0.356,0.20700000000000002,0.183,4.225
2021-09-15 16:00:00-03:00,0.34,0.229,0.14400000000000002,4.149
2021-09-15 17:00:00-03:00,0.28400000000000003,0.214,0.097,3.763
2021-09-15 18:00:00-03:00,0.17500000000000002,0.149,0.047,3.034
2021-09-15 19:00:00-03:00,0.001,0.004,0.003,2.136
2021-09-15 20:00:00-03:00,0.0,0.0,0.0,1.043
2021-09-15 21:00:00-03:00,0.0,0.0,0.0,0.097
2021-09-15 22:00:00-03:00,0.0,0.0,0.0,-0.843
2021-09-15 23:00:00-03:00,0.0,0.0,0.0,-1.3780000000000001
2021-09-16 00:00:00-03:00,0.0,0.0,0.0,-1.69
2021-09-16 01:00:00-03:00,0.0,0.0,0.0,-1.8439999999999999
2021-09-16 02:00:00-03:00,0.0,0.0,0.0,-1.896
2021-09-16 03:00:00-03:00,0.0,0.0,0.0,-1.794
2021-09-16 04:00:00-03:00,0.0,0.0,0.0,-1.709
2021-09-16 05:00:00-03:00,0.0,0.0,0.0,-1.544
2021-09-16 06:00:00-03:00,0.0,0.0,0.0,-1.333
2021-09-16 07:00:00-03:00,0.0,0.0,0.0,-1.039
2021-09-16 08:00:00-03:00,0.005,0.002,0.011,-0.505
2021-09-16 09:00:00-03:00,0.028,0.004,0.037,0.41600000000000004
2021-09-16 10:00:00-03:00,0.043000000000000003,0.004,0.055,1.167
2021-09-16 11:00:00-03:00,0.051000000000000004,0.003,0.065,1.5110000000000001
2021-09-16 12:00:00-03:00,0.067,0.003,0.082,1.568
2021-09-16 13:00:00-03:00,0.098,0.004,0.113,1.83
2021-09-16 14:00:00-03:00,0.10400000000000001,0.005,0.117,2.323
2021-09-16 15:00:00-03:00,0.075,0.005,0.088,2.421
2021-09-16 16:00:00-03:00,0.053,0.004,0.066,2.488
2021-09-16 17:00:00-03:00,0.027,0.003,0.038,2.636
2021-09-16 18:00:00-03:00,0.009000000000000001,0.003,0.017,2.27
2021-09-16 19:00:00-03:00,0.0,0.0,0.001,1.456
2021-09-16 20:00:00-03:00,0.0,0.0,0.0,1.2650000000000001
2021-09-16 21:00:00-03:00,0.0,0.0,0.0,1.358
2021-09-16 22:00:00-03:00,0.0,0.0,0.0,1.479
2021-09-16 23:00:00-03:00,0.0,0.0,0.0,1.466
2021-09-17 00:00:00-03:00,0.0,0.0,0.0,1.388
2021-09-17 01:00:00-03:00,0.0,0.0,0.0,1.178
2021-09-17 02:00:00-03:00,0.0,0.0,0.0,1.181
2021-09-17 03:00:00-03:00,0.0,0.0,0.0,1.172
2021-09-17 04:00:00-03:00,0.0,0.0,0.0,1.145
2021-09-17 05:00:00-03:00,0.0,0.0,0.0,1.1280000000000001
2021-09-17 06:00:00-03:00,0.0,0.0,0.0,1.246
2021-09-17 07:00:00-03:00,0.0,0.0,0.0,1.052
2021-09-17 08:00:00-03:00,0.02,0.013000000000000001,0.02,1.103
2021-09-17 09:00:00-03:00,0.049,0.015,0.051000000000000004,1.361
2021-09-17 10:00:00-03:00,0.08600000000000001,0.018000000000000002,0.08600000000000001,1.8980000000000001
2021-09-17 11:00:00-03:00,0.145,0.03,0.136,2.618
2021-09-17 12:00:00-03:00,0.22,0.049,0.194,3.223
2021-09-17 13:00:00-03:00,0.272,0.067,0.233,4.202
2021-09-17 14:00:00-03:00,0.401,0.20800000000000002,0.234,5.179
2021-09-17 15:00:00-03:00,0.501,0.381,0.179,5.896
2021-09-17 16:00:00-03:00,0.518,0.444,0.137,6.236
2021-09-17 17:00:00-03:00,0.34800000000000003,0.28300000000000003,0.10200000000000001,5.969
2021-09-17 18:00:00-03:00,0.146,0.11900000000000001,0.049,5.077
2021-09-17 19:00:00-03:00,0.006,0.011,0.004,2.76
2021-09-17 20:00:00-03:00,0.0,0.0,0.0,1.5779999999999998
2021-09-17 21:00:00-03:00,0.0,0.0,0.0,0.718
2021-09-17 22:00:00-03:00,0.0,0.0,0.0,0.19
2021-09-17 23:00:00-03:00,0.0,0.0,0.0,0.511
2021-09-18 00:00:00-03:00,0.0,0.0,0.0,0.586
2021-09-18 01:00:00-03:00,0.0,0.0,0.0,0.335
2021-09-18 02:00:00-03:00,0.0,0.0,0.0,0.052000000000000005
2021-09-18 03:00:00-03:00,0.0,0.0,0.0,-0.253
2021-09-18 04:00:00-03:00,0.0,0.0,0.0,-0.514
2021-09-18 05:00:00-03:00,0.0,0.0,0.0,-0.785
2021-09-18 06:00:00-03:00,0.0,0.0,0.0,-0.9580000000000001
2021-09-18 07:00:00-03:00,0.0,0.001,0.0,-1.222
2021-09-18 08:00:00-03:00,0.099,0.08600000000000001,0.03,-0.382
2021-09-18 09:00:00-03:00,0.322,0.271,0.077,1.232
2021-09-18 10:00:00-03:00,0.681,0.685,0.091,3.406
2021-09-18 11:00:00-03:00,0.771,0.811,0.096,5.647
2021-09-18 12:00:00-03:00,0.78,0.834,0.096,7.242
2021-09-18 13:00:00-03:00,0.78,0.846,0.089,8.294
2021-09-18 14:00:00-03:00,0.723,0.74,0.117,8.878
2021-09-18 15:00:00-03:00,0.6910000000000001,0.6890000000000001,0.124,9.1
2021-09-18 16:00:00-03:00,0.41300000000000003,0.331,0.133,8.85
2021-09-18 17:00:00-03:00,0.251,0.187,0.096,8.345
2021-09-18 18:00:00-03:00,0.129,0.106,0.046,7.471
2021-09-18 19:00:00-03:00,0.01,0.016,0.005,5.5
2021-09-18 20:00:00-03:00,0.0,0.0,0.0,4.661
2021-09-18 21:00:00-03:00,0.0,0.0,0.0,3.84
2021-09-18 22:00:00-03:00,0.0,0.0,0.0,2.825
2021-09-18 23:00:00-03:00,0.0,0.0,0.0,2.18
2021-09-19 00:00:00-03:00,0.0,0.0,0.0,2.215
2021-09-19 01:00:00-03:00,0.0,0.0,0.0,2.086
2021-09-19 02:00:00-03:00,0.0,0.0,0.0,1.818
2021-09-19 03:00:00-03:00,0.0,0.0,0.0,1.663
2021-09-19 04:00:00-03:00,0.0,0.0,0.0,1.496
2021-09-19 05:00:00-03:00,0.0,0.0,0.0,1.255
2021-09-19 06:00:00-03:00,0.0,0.0,0.0,1.258
2021-09-19 07:00:00-03:00,0.0,0.0,0.0,1.258
2021-09-19 08:00:00-03:00,0.043000000000000003,0.031,0.027,1.913
2021-09-19 09:00:00-03:00,0.165,0.105,0.081,3.427
2021-09-19 10:00:00-03:00,0.555,0.506,0.12,5.804
2021-09-19 11:00:00-03:00,0.417,0.293,0.17300000000000001,7.66
2021-09-19 12:00:00-03:00,0.325,0.14400000000000002,0.219,8.053
2021-09-19 13:00:00-03:00,0.372,0.155,0.26,8.203
2021-09-19 14:00:00-03:00,0.28400000000000003,0.094,0.223,7.927
2021-09-19 15:00:00-03:00,0.216,0.07200000000000001,0.17200000000000001,7.718
2021-09-19 16:00:00-03:00,0.258,0.14200000000000002,0.148,8.069
2021-09-19 17:00:00-03:00,0.317,0.247,0.106,8.26
2021-09-19 18:00:00-03:00,0.121,0.094,0.05,7.485
2021-09-19 19:00:00-03:00,0.004,0.008,0.005,6.178
2021-09-19 20:00:00-03:00,0.0,0.0,0.0,5.41
2021-09-19 21:00:00-03:00,0.0,0.0,0.0,5.05
2021-09-19 22:00:00-03:00,0.0,0.0,0.0,4.41
2021-09-19 23:00:00-03:00,0.0,0.0,0.0,3.403
2021-09-20 00:00:00-03:00,0.0,0.0,0.0,1.893
2021-09-20 01:00:00-03:00,0.0,0.0,0.0,0.755
2021-09-20 02:00:00-03:00,0.0,0.0,0.0,0.666
2021-09-20 03:00:00-03:00,0.0,0.0,0.0,1.278
2021-09-20 04:00:00-03:00,0.0,0.0,0.0,1.659
2021-09-20 05:00:00-03:00,0.0,0.0,0.0,2.004
2021-09-20 06:00:00-03:00,0.0,0.0,0.0,2.472
2021-09-20 07:00:00-03:00,0.0,0.0,0.0,3.023
2021-09-20 08:00:00-03:00,0.007,0.003,0.014,3.83
2021-09-20 09:00:00-03:00,0.054,0.013000000000000001,0.058,4.787
2021-09-20 10:00:00-03:00,0.066,0.009000000000000001,0.076,5.518
2021-09-20 11:00:00-03:00,0.084,0.008,0.096,6.125
2021-09-20 12:00:00-03:00,0.11800000000000001,0.009000000000000001,0.131,6.983
2021-09-20 13:00:00-03:00,0.145,0.01,0.159,8.538
2021-09-20 14:00:00-03:00,0.125,0.01,0.139,9.582
2021-09-20 15:00:00-03:00,0.124,0.016,0.132,10.18
2021-09-20 16:00:00-03:00,0.176,0.06,0.145,10.88
2021-09-20 17:00:00-03:00,0.156,0.079,0.10400000000000001,11.18
2021-09-20 18:00:00-03:00,0.088,0.059000000000000004,0.051000000000000004,10.698
2021-09-20 19:00:00-03:00,0.003,0.006,0.005,9.682
2021-09-20 20:00:00-03:00,0.0,0.0,0.0,9.023
2021-09-20 21:00:00-03:00,0.0,0.0,0.0,8.565
2021-09-20 22:00:00-03:00,0.0,0.0,0.0,8.218
2021-09-20 23:00:00-03:00,0.0,0.0,0.0,7.927
2021-09-21 00:00:00-03:00,0.0,0.0,0.0,7.8
2021-09-21 01:00:00-03:00,0.0,0.0,0.0,7.817
2021-09-21 02:00:00-03:00,0.0,0.0,0.0,7.657
2021-09-21 03:00:00-03:00,0.0,0.0,0.0,7.413
2021-09-21 04:00:00-03:00,0.0,0.0,0.0,7.152
2021-09-21 05:00:00-03:00,0.0,0.0,0.0,6.852
2021-09-21 06:00:00-03:00,0.0,0.0,0.0,6.717
2021-09-21 07:00:00-03:00,0.0,0.001,0.001,6.812
2021-09-21 08:00:00-03:00,0.053,0.038,0.033,7.383
2021-09-21 09:00:00-03:00,0.179,0.114,0.092,8.786
2021-09-21 10:00:00-03:00,0.225,0.116,0.14100000000000001,10.569
2021-09-21 11:00:00-03:00,0.223,0.079,0.178,12.127
2021-09-21 12:00:00-03:00,0.218,0.047,0.20400000000000001,12.729
2021-09-21 13:00:00-03:00,0.20700000000000002,0.028,0.211,12.476
2021-09-21 14:00:00-03:00,0.188,0.029,0.19,12.26
2021-09-21 15:00:00-03:00,0.166,0.034,0.161,12.18
2021-09-21 16:00:00-03:00,0.108,0.022,0.11,11.966
2021-09-21 17:00:00-03:00,0.055,0.012,0.063,11.499
2021-09-21 18:00:00-03:00,0.022,0.008,0.028,10.618
2021-09-21 19:00:00-03:00,0.0,0.002,0.004,9.272
2021-09-21 20:00:00-03:00,0.0,0.0,0.0,8.633
2021-09-21 21:00:00-03:00,0.0,0.0,0.0,8.369
2021-09-21 22:00:00-03:00,0.0,0.0,0.0,8.227
2021-09-21 23:00:00-03:00,0.0,0.0,0.0,7.839
2021-09-22 00:00:00-03:00,0.0,0.0,0.0,7.151
2021-09-22 01:00:00-03:00,0.0,0.0,0.0,7.091
2021-09-22 02:00:00-03:00,0.0,0.0,0.0,7.224
2021-09-22 03:00:00-03:00,0.0,0.0,0.0,7.164
2021-09-22 04:00:00-03:00,0.0,0.0,0.0,6.8
2021-09-22 05:00:00-03:00,0.0,0.0,0.0,5.772
2021-09-22 06:00:00-03:00,0.0,0.0,0.0,5.149
2021-09-22 07:00:00-03:00,0.0,0.002,0.001,5.33
2021-09-22 08:00:00-03:00,0.024,0.014,0.025,6.064
2021-09-22 09:00:00-03:00,0.065,0.021,0.063,7.167
2021-09-22 10:00:00-03:00,0.078,0.014,0.085,7.917
2021-09-22 11:00:00-03:00,0.088,0.011,0.099,8.614
2021-09-22 12:00:00-03:00,0.194,0.039,0.183,9.829
2021-09-22 13:00:00-03:00,0.622,0.523,0.21,11.844
2021-09-22 14:00:00-03:00,0.549,0.425,0.213,12.117
2021-09-22 15:00:00-03:00,0.222,0.08,0.17400000000000002,11.07
2021-09-22 16:00:00-03:00,0.34600000000000003,0.229,0.161,10.459
2021-09-22 17:00:00-03:00,0.246,0.169,0.109,9.614
2021-09-22 18:00:00-03:00,0.165,0.133,0.058,8.614
2021-09-22 19:00:00-03:00,0.03,0.037,0.009000000000000001,7.167
2021-09-22 20:00:00-03:00,0.0,0.0,0.0,5.868
2021-09-22 21:00:00-03:00,0.0,0.0,0.0,4.9350000000000005
2021-09-22 22:00:00-03:00,0.0,0.0,0.0,4.183
2021-09-22 23:00:00-03:00,0.0,0.0,0.0,3.678
2021-09-23 00:00:00-03:00,0.0,0.0,0.0,3.202
2021-09-23 01:00:00-03:00,0.0,0.0,0.0,2.5
2021-09-23 02:00:00-03:00,0.0,0.0,0.0,1.945
2021-09-23 03:00:00-03:00,0.0,0.0,0.0,1.7189999999999999
2021-09-23 04:00:00-03:00,0.0,0.0,0.0,1.461
2021-09-23 05:00:00-03:00,0.0,0.0,0.0,1.063
2021-09-23 06:00:00-03:00,0.0,0.0,0.0,0.847
2021-09-23 07:00:00-03:00,0.003,0.009000000000000001,0.002,0.81
2021-09-23 08:00:00-03:00,0.254,0.23500000000000001,0.041,1.655
2021-09-23 09:00:00-03:00,0.513,0.488,0.08,3.572
2021-09-23 10:00:00-03:00,0.651,0.643,0.105,6.272
2021-09-23 11:00:00-03:00,0.6880000000000001,0.679,0.126,7.913
2021-09-23 12:00:00-03:00,0.67,0.633,0.151,8.728
2021-09-23 13:00:00-03:00,0.5720000000000001,0.45,0.20600000000000002,9.01
2021-09-23 14:00:00-03:00,0.502,0.355,0.215,9.15
2021-09-23 15:00:00-03:00,0.332,0.176,0.196,9.142
2021-09-23 16:00:00-03:00,0.116,0.03,0.109,8.676
2021-09-23 17:00:00-03:00,0.044,0.01,0.052000000000000005,7.917
2021-09-23 18:00:00-03:00,0.03,0.013000000000000001,0.032,7.051
2021-09-23 19:00:00-03:00,0.001,0.004,0.005,5.923
2021-09-23 20:00:00-03:00,0.0,0.0,0.0,5.666
2021-09-23 21:00:00-03:00,0.0,0.0,0.0,5.712
2021-09-23 22:00:00-03:00,0.0,0.0,0.0,6.21
2021-09-23 23:00:00-03:00,0.0,0.0,0.0,6.9350000000000005
2021-09-24 00:00:00-03:00,0.0,0.0,0.0,7.012
2021-09-24 01:00:00-03:00,0.0,0.0,0.0,6.611
2021-09-24 02:00:00-03:00,0.0,0.0,0.0,5.978
2021-09-24 03:00:00-03:00,0.0,0.0,0.0,5.531
2021-09-24 04:00:00-03:00,0.0,0.0,0.0,5.23
2021-09-24 05:00:00-03:00,0.0,0.0,0.0,5.031
2021-09-24 06:00:00-03:00,0.0,0.0,0.0,5.096
2021-09-24 07:00:00-03:00,0.0,0.001,0.001,5.333
2021-09-24 08:00:00-03:00,0.008,0.003,0.015,6.787
2021-09-24 09:00:00-03:00,0.037,0.007,0.046,8.322
2021-09-24 10:00:00-03:00,0.081,0.014,0.088,9.376
2021-09-24 11:00:00-03:00,0.166,0.037,0.156,10.66
2021-09-24 12:00:00-03:00,0.244,0.06,0.22,11.751
2021-09-24 13:00:00-03:00,0.242,0.041,0.23600000000000002,12.167
2021-09-24 14:00:00-03:00,0.212,0.04,0.20400000000000001,12.054
2021-09-24 15:00:00-03:00,0.255,0.096,0.195,11.979
2021-09-24 16:00:00-03:00,0.398,0.28600000000000003,0.168,12.227
2021-09-24 17:00:00-03:00,0.184,0.106,0.108,11.668
2021-09-24 18:00:00-03:00,0.128,0.093,0.059000000000000004,10.285
2021-09-24 19:00:00-03:00,0.024,0.029,0.011,8.0
2021-09-24 20:00:00-03:00,0.0,0.0,0.0,6.113
2021-09-24 21:00:00-03:00,0.0,0.0,0.0,4.964
2021-09-24 22:00:00-03:00,0.0,0.0,0.0,4.087
2021-09-24 23:00:00-03:00,0.0,0.0,0.0,3.402
2021-09-25 00:00:00-03:00,0.0,0.0,0.0,2.652
2021-09-25 01:00:00-03:00,0.0,0.0,0.0,2.396
2021-09-25 02:00:00-03:00,0.0,0.0,0.0,2.61
2021-09-25 03:00:00-03:00,0.0,0.0,0.0,2.4859999999999998
2021-09-25 04:00:00-03:00,0.0,0.0,0.0,2.171
2021-09-25 05:00:00-03:00,0.0,0.0,0.0,1.896
2021-09-25 06:00:00-03:00,0.0,0.0,0.0,1.748
2021-09-25 07:00:00-03:00,0.001,0.005,0.003,1.694
2021-09-25 08:00:00-03:00,0.081,0.059000000000000004,0.04,2.754
2021-09-25 09:00:00-03:00,0.193,0.123,0.093,3.999
2021-09-25 10:00:00-03:00,0.296,0.183,0.14300000000000002,4.998
2021-09-25 11:00:00-03:00,0.405,0.262,0.186,5.913
2021-09-25 12:00:00-03:00,0.434,0.252,0.231,6.516
2021-09-25 13:00:00-03:00,0.365,0.136,0.268,6.495
2021-09-25 14:00:00-03:00,0.325,0.124,0.23700000000000002,6.553
2021-09-25 15:00:00-03:00,0.305,0.14100000000000001,0.198,6.566
2021-09-25 16:00:00-03:00,0.259,0.134,0.155,6.398
2021-09-25 17:00:00-03:00,0.21,0.127,0.109,6.011
2021-09-25 18:00:00-03:00,0.155,0.116,0.061,5.31
2021-09-25 19:00:00-03:00,0.027,0.03,0.011,4.086
2021-09-25 20:00:00-03:00,0.0,0.0,0.0,3.031
2021-09-25 21:00:00-03:00,0.0,0.0,0.0,2.236
2021-09-25 22:00:00-03:00,0.0,0.0,0.0,1.883
2021-09-25 23:00:00-03:00,0.0,0.0,0.0,1.475
2021-09-26 00:00:00-03:00,0.0,0.0,0.0,1.119
2021-09-26 01:00:00-03:00,0.0,0.0,0.0,0.784
2021-09-26 02:00:00-03:00,0.0,0.0,0.0,0.368
2021-09-26 03:00:00-03:00,0.0,0.0,0.0,0.162
2021-09-26 04:00:00-03:00,0.0,0.0,0.0,0.241
2021-09-26 05:00:00-03:00,0.0,0.0,0.0,0.089
2021-09-26 06:00:00-03:00,0.0,0.0,0.0,-0.041
2021-09-26 07:00:00-03:00,0.002,0.006,0.003,-0.216
2021-09-26 08:00:00-03:00,0.085,0.064,0.039,0.922
2021-09-26 09:00:00-03:00,0.44,0.391,0.089,2.59
2021-09-26 10:00:00-03:00,0.525,0.461,0.123,4.23
2021-09-26 11:00:00-03:00,0.47500000000000003,0.362,0.165,5.163
2021-09-26 12:00:00-03:00,0.5750000000000001,0.468,0.182,6.177
2021-09-26 13:00:00-03:00,0.652,0.582,0.171,7.106
2021-09-26 14:00:00-03:00,0.644,0.577,0.168,7.724
2021-09-26 15:00:00-03:00,0.5700000000000001,0.487,0.164,7.939
2021-09-26 16:00:00-03:00,0.496,0.418,0.14200000000000002,7.882
2021-09-26 17:00:00-03:00,0.388,0.325,0.107,7.567
2021-09-26 18:00:00-03:00,0.272,0.241,0.062,7.009
2021-09-26 19:00:00-03:00,0.082,0.08700000000000001,0.014,5.348
2021-09-26 20:00:00-03:00,0.0,0.0,0.0,3.9210000000000003
2021-09-26 21:00:00-03:00,0.0,0.0,0.0,3.503
2021-09-26 22:00:00-03:00,0.0,0.0,0.0,3.174
2021-09-26 23:00:00-03:00,0.0,0.0,0.0,2.943
2021-09-27 00:00:00-03:00,0.0,0.0,0.0,2.701
2021-09-27 01:00:00-03:00,0.0,0.0,0.0,2.778
2021-09-27 02:00:00-03:00,0.0,0.0,0.0,3.036
2021-09-27 03:00:00-03:00,0.0,0.0,0.0,2.952
2021-09-27 04:00:00-03:00,0.0,0.0,0.0,2.814
2021-09-27 05:00:00-03:00,0.0,0.0,0.0,2.667
2021-09-27 06:00:00-03:00,0.0,0.0,0.0,2.419
2021-09-27 07:00:00-03:00,0.004,0.009000000000000001,0.004,2.226
2021-09-27 08:00:00-03:00,0.092,0.07,0.042,2.925
2021-09-27 09:00:00-03:00,0.249,0.181,0.095,4.369
2021-09-27 10:00:00-03:00,0.401,0.307,0.137,6.283
2021-09-27 11:00:00-03:00,0.47400000000000003,0.362,0.171,7.505
2021-09-27 12:00:00-03:00,0.529,0.404,0.198,8.406
2021-09-27 13:00:00-03:00,0.577,0.457,0.20700000000000002,9.245
2021-09-27 14:00:00-03:00,0.62,0.542,0.179,9.895
2021-09-27 15:00:00-03:00,0.5630000000000001,0.483,0.167,10.108
2021-09-27 16:00:00-03:00,0.519,0.452,0.14100000000000001,9.974
2021-09-27 17:00:00-03:00,0.458,0.41200000000000003,0.107,9.56
2021-09-27 18:00:00-03:00,0.291,0.262,0.064,8.613
2021-09-27 19:00:00-03:00,0.08,0.085,0.015,7.111
2021-09-27 20:00:00-03:00,0.0,0.0,0.0,5.844
2021-09-27 21:00:00-03:00,0.0,0.0,0.0,5.055
2021-09-27 22:00:00-03:00,0.0,0.0,0.0,4.347
2021-09-27 23:00:00-03:00,0.0,0.0,0.0,3.547
2021-09-28 00:00:00-03:00,0.0,0.0,0.0,2.777
2021-09-28 01:00:00-03:00,0.0,0.0,0.0,2.039
2021-09-28 02:00:00-03:00,0.0,0.0,0.0,1.627
2021-09-28 03:00:00-03:00,0.0,0.0,0.0,1.355
2021-09-28 04:00:00-03:00,0.0,0.0,0.0,0.922
2021-09-28 05:00:00-03:00,0.0,0.0,0.0,0.377
2021-09-28 06:00:00-03:00,0.0,0.0,0.0,0.457
2021-09-28 07:00:00-03:00,0.004,0.008,0.005,0.502
2021-09-28 08:00:00-03:00,0.05,0.027,0.04,1.419
2021-09-28 09:00:00-03:00,0.069,0.018000000000000002,0.068,2.525
2021-09-28 10:00:00-03:00,0.125,0.029,0.117,3.87
2021-09-28 11:00:00-03:00,0.17300000000000001,0.035,0.161,5.2
2021-09-28 12:00:00-03:00,0.223,0.041,0.209,6.33
2021-09-28 13:00:00-03:00,0.31,0.067,0.279,7.483
2021-09-28 14:00:00-03:00,0.253,0.054,0.23,8.199
2021-09-28 15:00:00-03:00,0.154,0.025,0.154,8.25
2021-09-28 16:00:00-03:00,0.094,0.014,0.10200000000000001,7.92
2021-09-28 17:00:00-03:00,0.051000000000000004,0.009000000000000001,0.06,7.5809999999999995
2021-09-28 18:00:00-03:00,0.023,0.006,0.031,7.304
2021-09-28 19:00:00-03:00,0.001,0.002,0.006,6.785
2021-09-28 20:00:00-03:00,0.0,0.0,0.0,6.235
2021-09-28 21:00:00-03:00,0.0,0.0,0.0,5.841
2021-09-28 22:00:00-03:00,0.0,0.0,0.0,5.558
2021-09-28 23:00:00-03:00,0.0,0.0,0.0,5.339
2021-09-29 00:00:00-03:00,0.0,0.0,0.0,5.12
2021-09-29 01:00:00-03:00,0.0,0.0,0.0,4.958
2021-09-29 02:00:00-03:00,0.0,0.0,0.0,4.869
2021-09-29 03:00:00-03:00,0.0,0.0,0.0,4.884
2021-09-29 04:00:00-03:00,0.0,0.0,0.0,4.998
2021-09-29 05:00:00-03:00,0.0,0.0,0.0,5.093
2021-09-29 06:00:00-03:00,0.0,0.0,0.0,5.148
2021-09-29 07:00:00-03:00,0.0,0.001,0.002,5.166
2021-09-29 08:00:00-03:00,0.016,0.006,0.023,5.462
2021-09-29 09:00:00-03:00,0.063,0.016,0.065,6.209
2021-09-29 10:00:00-03:00,0.179,0.066,0.138,7.514
2021-09-29 11:00:00-03:00,0.34400000000000003,0.183,0.203,8.999
2021-09-29 12:00:00-03:00,0.42,0.228,0.247,9.846
2021-09-29 13:00:00-03:00,0.451,0.222,0.289,10.073
2021-09-29 14:00:00-03:00,0.404,0.2,0.256,10.091
2021-09-29 15:00:00-03:00,0.313,0.14,0.212,9.841
2021-09-29 16:00:00-03:00,0.165,0.05,0.14100000000000001,9.143
2021-09-29 17:00:00-03:00,0.077,0.019,0.078,8.273
2021-09-29 18:00:00-03:00,0.025,0.008,0.032,7.313
2021-09-29 19:00:00-03:00,0.001,0.002,0.005,6.374
2021-09-29 20:00:00-03:00,0.0,0.0,0.0,5.825
2021-09-29 21:00:00-03:00,0.0,0.0,0.0,5.411
2021-09-29 22:00:00-03:00,0.0,0.0,0.0,4.943
2021-09-29 23:00:00-03:00,0.0,0.0,0.0,4.561
2021-09-30 00:00:00-03:00,0.0,0.0,0.0,4.205
2021-09-30 01:00:00-03:00,0.0,0.0,0.0,3.673
2021-09-30 02:00:00-03:00,0.0,0.0,0.0,2.911
2021-09-30 03:00:00-03:00,0.0,0.0,0.0,2.262
2021-09-30 04:00:00-03:00,0.0,0.0,0.0,1.76
2021-09-30 05:00:00-03:00,0.0,0.0,0.0,1.459
2021-09-30 06:00:00-03:00,0.0,0.0,0.0,1.228
2021-09-30 07:00:00-03:00,0.018000000000000002,0.025,0.006,1.1280000000000001
2021-09-30 08:00:00-03:00,0.23800000000000002,0.211,0.05,2.061
2021-09-30 09:00:00-03:00,0.5730000000000001,0.557,0.083,3.526
2021-09-30 10:00:00-03:00,0.673,0.665,0.107,4.816
2021-09-30 11:00:00-03:00,0.717,0.709,0.125,5.832
2021-09-30 12:00:00-03:00,0.667,0.617,0.152,6.4030000000000005
2021-09-30 13:00:00-03:00,0.645,0.5690000000000001,0.17400000000000002,6.691
2021-09-30 14:00:00-03:00,0.64,0.5670000000000001,0.171,6.9879999999999995
2021-09-30 15:00:00-03:00,0.624,0.56,0.157,7.215
2021-09-30 16:00:00-03:00,0.545,0.47800000000000004,0.139,7.163
2021-09-30 17:00:00-03:00,0.484,0.435,0.107,6.752
2021-09-30 18:00:00-03:00,0.313,0.279,0.067,6.089
2021-09-30 19:00:00-03:00,0.114,0.116,0.019,4.9190000000000005
2021-09-30 20:00:00-03:00,0.0,0.0,0.0,3.685
2021-09-30 21:00:00-03:00,0.0,0.0,0.0,3.15
2021-09-30 22:00:00-03:00,0.0,0.0,0.0,2.896
2021-09-30 23:00:00-03:00,0.0,0.0,0.0,2.745
2021-10-01 00:00:00-03:00,0.0,0.0,0.0,2.559
2021-10-01 01:00:00-03:00,0.0,0.0,0.0,2.404
2021-10-01 02:00:00-03:00,0.0,0.0,0.0,2.316
2021-10-01 03:00:00-03:00,0.0,0.0,0.0,2.21
2021-10-01 04:00:00-03:00,0.0,0.0,0.0,2.05
2021-10-01 05:00:00-03:00,0.0,0.0,0.0,1.776
2021-10-01 06:00:00-03:00,0.0,0.0,0.0,1.728
2021-10-01 07:00:00-03:00,0.0,0.001,0.003,1.876
2021-10-01 08:00:00-03:00,0.02,0.008,0.026000000000000002,2.377
2021-10-01 09:00:00-03:00,0.10300000000000001,0.04,0.083,3.542
2021-10-01 10:00:00-03:00,0.339,0.217,0.156,5.412
2021-10-01 11:00:00-03:00,0.428,0.281,0.194,6.441
2021-10-01 12:00:00-03:00,0.446,0.26,0.23700000000000002,6.806
2021-10-01 13:00:00-03:00,0.499,0.278,0.28200000000000003,7.081
2021-10-01 14:00:00-03:00,0.272,0.078,0.225,6.834
2021-10-01 15:00:00-03:00,0.262,0.098,0.195,6.851
2021-10-01 16:00:00-03:00,0.34900000000000003,0.217,0.17,6.741
2021-10-01 17:00:00-03:00,0.28200000000000003,0.191,0.122,6.116
2021-10-01 18:00:00-03:00,0.182,0.135,0.07100000000000001,5.306
2021-10-01 19:00:00-03:00,0.066,0.064,0.02,4.09
2021-10-01 20:00:00-03:00,0.0,0.0,0.0,3.014
2021-10-01 21:00:00-03:00,0.0,0.0,0.0,2.758
2021-10-01 22:00:00-03:00,0.0,0.0,0.0,2.2
2021-10-01 23:00:00-03:00,0.0,0.0,0.0,1.157
2021-10-02 00:00:00-03:00,0.0,0.0,0.0,0.34400000000000003
2021-10-02 01:00:00-03:00,0.0,0.0,0.0,-0.34900000000000003
2021-10-02 02:00:00-03:00,0.0,0.0,0.0,-0.777
2021-10-02 03:00:00-03:00,0.0,0.0,0.0,-1.008
2021-10-02 04:00:00-03:00,0.0,0.0,0.0,-1.096
2021-10-02 05:00:00-03:00,0.0,0.0,0.0,-0.998
2021-10-02 06:00:00-03:00,0.0,0.0,0.0,-0.63
2021-10-02 07:00:00-03:00,0.001,0.003,0.004,-0.033
2021-10-02 08:00:00-03:00,0.028,0.01,0.032,0.917
2021-10-02 09:00:00-03:00,0.10200000000000001,0.035,0.08600000000000001,2.339
2021-10-02 10:00:00-03:00,0.21,0.083,0.151,4.483
2021-10-02 11:00:00-03:00,0.218,0.06,0.184,5.99
2021-10-02 12:00:00-03:00,0.18,0.024,0.181,6.451
2021-10-02 13:00:00-03:00,0.199,0.018000000000000002,0.20600000000000002,6.631
2021-10-02 14:00:00-03:00,0.163,0.018000000000000002,0.169,6.796
2021-10-02 15:00:00-03:00,0.199,0.045,0.18,7.214
2021-10-02 16:00:00-03:00,0.222,0.088,0.162,7.553
2021-10-02 17:00:00-03:00,0.232,0.135,0.125,7.541
2021-10-02 18:00:00-03:00,0.178,0.128,0.075,7.104
2021-10-02 19:00:00-03:00,0.059000000000000004,0.057,0.021,6.077
2021-10-02 20:00:00-03:00,0.0,0.0,0.0,4.783
2021-10-02 21:00:00-03:00,0.0,0.0,0.0,3.825
2021-10-02 22:00:00-03:00,0.0,0.0,0.0,3.239
2021-10-02 23:00:00-03:00,0.0,0.0,0.0,2.827
2021-10-03 00:00:00-03:00,0.0,0.0,0.0,2.638
2021-10-03 01:00:00-03:00,0.0,0.0,0.0,2.396
2021-10-03 02:00:00-03:00,0.0,0.0,0.0,2.339
2021-10-03 03:00:00-03:00,0.0,0.0,0.0,2.448
2021-10-03 04:00:00-03:00,0.0,0.0,0.0,2.42
2021-10-03 05:00:00-03:00,0.0,0.0,0.0,2.601
2021-10-03 06:00:00-03:00,0.0,0.0,0.0,2.793
2021-10-03 07:00:00-03:00,0.0,0.001,0.002,2.9210000000000003
2021-10-03 08:00:00-03:00,0.018000000000000002,0.006,0.025,3.326
2021-10-03 09:00:00-03:00,0.073,0.02,0.07200000000000001,4.456
2021-10-03 10:00:00-03:00,0.11,0.024,0.108,5.868
2021-10-03 11:00:00-03:00,0.165,0.036000000000000004,0.154,7.263
2021-10-03 12:00:00-03:00,0.329,0.124,0.244,8.591
2021-10-03 13:00:00-03:00,0.47100000000000003,0.249,0.28400000000000003,9.344
2021-10-03 14:00:00-03:00,0.577,0.447,0.22,9.999
2021-10-03 15:00:00-03:00,0.543,0.432,0.191,9.676
2021-10-03 16:00:00-03:00,0.53,0.446,0.159,8.79
2021-10-03 17:00:00-03:00,0.449,0.383,0.121,7.981
2021-10-03 18:00:00-03:00,0.399,0.368,0.076,7.141
2021-10-03 19:00:00-03:00,0.255,0.257,0.027,5.959
2021-10-03 20:00:00-03:00,0.0,0.0,0.0,4.882
2021-10-03 21:00:00-03:00,0.0,0.0,0.0,4.3629999999999995
2021-10-03 22:00:00-03:00,0.0,0.0,0.0,4.0
2021-10-03 23:00:00-03:00,0.0,0.0,0.0,3.716
2021-10-04 00:00:00-03:00,0.0,0.0,0.0,3.467
2021-10-04 01:00:00-03:00,0.0,0.0,0.0,3.242
2021-10-04 02:00:00-03:00,0.0,0.0,0.0,3.037
2021-10-04 03:00:00-03:00,0.0,0.0,0.0,2.875
2021-10-04 04:00:00-03:00,0.0,0.0,0.0,2.733
2021-10-04 05:00:00-03:00,0.0,0.0,0.0,2.6390000000000002
2021-10-04 06:00:00-03:00,0.0,0.0,0.0,2.597
2021-10-04 07:00:00-03:00,0.041,0.046,0.011,2.696
2021-10-04 08:00:00-03:00,0.24,0.202,0.062,3.649
2021-10-04 09:00:00-03:00,0.353,0.276,0.112,4.878
2021-10-04 10:00:00-03:00,0.304,0.177,0.158,5.687
2021-10-04 11:00:00-03:00,0.313,0.14400000000000002,0.203,6.41
2021-10-04 12:00:00-03:00,0.313,0.101,0.246,6.811
2021-10-04 13:00:00-03:00,0.227,0.028,0.227,6.662
2021-10-04 14:00:00-03:00,0.14300000000000002,0.014,0.152,6.499
2021-10-04 15:00:00-03:00,0.124,0.016,0.13,6.628
2021-10-04 16:00:00-03:00,0.156,0.041,0.138,6.844
2021-10-04 17:00:00-03:00,0.171,0.078,0.117,6.473
2021-10-04 18:00:00-03:00,0.111,0.064,0.068,5.513
2021-10-04 19:00:00-03:00,0.053,0.048,0.023,4.461
2021-10-04 20:00:00-03:00,0.0,0.0,0.0,3.623
2021-10-04 21:00:00-03:00,0.0,0.0,0.0,3.096
2021-10-04 22:00:00-03:00,0.0,0.0,0.0,2.52
2021-10-04 23:00:00-03:00,0.0,0.0,0.0,2.14
2021-10-05 00:00:00-03:00,0.0,0.0,0.0,1.986
2021-10-05 01:00:00-03:00,0.0,0.0,0.0,1.8639999999999999
2021-10-05 02:00:00-03:00,0.0,0.0,0.0,1.7269999999999999
2021-10-05 03:00:00-03:00,0.0,0.0,0.0,1.657
2021-10-05 04:00:00-03:00,0.0,0.0,0.0,1.5979999999999999
2021-10-05 05:00:00-03:00,0.0,0.0,0.0,1.432
2021-10-05 06:00:00-03:00,0.0,0.0,0.0,1.139
2021-10-05 07:00:00-03:00,0.08600000000000001,0.092,0.012,0.976
2021-10-05 08:00:00-03:00,0.372,0.34900000000000003,0.054,1.9300000000000002
2021-10-05 09:00:00-03:00,0.546,0.519,0.088,3.303
2021-10-05 10:00:00-03:00,0.684,0.675,0.109,4.538
2021-10-05 11:00:00-03:00,0.774,0.796,0.117,5.721
2021-10-05 12:00:00-03:00,0.855,0.9380000000000001,0.099,6.953
2021-10-05 13:00:00-03:00,0.843,0.9570000000000001,0.069,7.952
2021-10-05 14:00:00-03:00,0.869,0.969,0.10200000000000001,8.78
2021-10-05 15:00:00-03:00,0.857,0.9400000000000001,0.114,9.238
2021-10-05 16:00:00-03:00,0.8160000000000001,0.886,0.108,9.313
2021-10-05 17:00:00-03:00,0.782,0.853,0.088,8.987
2021-10-05 18:00:00-03:00,0.669,0.717,0.063,8.082
2021-10-05 19:00:00-03:00,0.306,0.31,0.029,6.322
2021-10-05 20:00:00-03:00,0.0,0.0,0.0,4.536
2021-10-05 21:00:00-03:00,0.0,0.0,0.0,3.129
2021-10-05 22:00:00-03:00,0.0,0.0,0.0,2.108
2021-10-05 23:00:00-03:00,0.0,0.0,0.0,1.509
2021-10-06 00:00:00-03:00,0.0,0.0,0.0,1.048
2021-10-06 01:00:00-03:00,0.0,0.0,0.0,0.91
2021-10-06 02:00:00-03:00,0.0,0.0,0.0,0.756
2021-10-06 03:00:00-03:00,0.0,0.0,0.0,0.604
2021-10-06 04:00:00-03:00,0.0,0.0,0.0,0.5660000000000001
2021-10-06 05:00:00-03:00,0.0,0.0,0.0,0.747
2021-10-06 06:00:00-03:00,0.0,0.0,0.0,1.009
2021-10-06 07:00:00-03:00,0.001,0.002,0.005,1.2469999999999999
2021-10-06 08:00:00-03:00,0.017,0.004,0.025,1.591
2021-10-06 09:00:00-03:00,0.034,0.005,0.044,1.814
2021-10-06 10:00:00-03:00,0.075,0.01,0.083,2.706
2021-10-06 11:00:00-03:00,0.185,0.042,0.166,4.817
2021-10-06 12:00:00-03:00,0.381,0.171,0.254,7.704
2021-10-06 13:00:00-03:00,0.513,0.30000000000000004,0.28500000000000003,9.878
2021-10-06 14:00:00-03:00,0.539,0.39,0.232,10.806000000000001
2021-10-06 15:00:00-03:00,0.5700000000000001,0.464,0.197,10.718
2021-10-06 16:00:00-03:00,0.387,0.266,0.17,10.137
2021-10-06 17:00:00-03:00,0.47200000000000003,0.40800000000000003,0.128,9.822
2021-10-06 18:00:00-03:00,0.368,0.328,0.085,8.888
2021-10-06 19:00:00-03:00,0.073,0.066,0.027,7.474
2021-10-06 20:00:00-03:00,0.0,0.0,0.0,6.233
2021-10-06 21:00:00-03:00,0.0,0.0,0.0,5.147
2021-10-06 22:00:00-03:00,0.0,0.0,0.0,4.237
2021-10-06 23:00:00-03:00,0.0,0.0,0.0,3.565
2021-10-07 00:00:00-03:00,0.0,0.0,0.0,2.886
2021-10-07 01:00:00-03:00,0.0,0.0,0.0,2.23
2021-10-07 02:00:00-03:00,0.0,0.0,0.0,1.699
2021-10-07 03:00:00-03:00,0.0,0.0,0.0,1.37
2021-10-07 04:00:00-03:00,0.0,0.0,0.0,1.179
2021-10-07 05:00:00-03:00,0.0,0.0,0.0,0.9400000000000001
2021-10-07 06:00:00-03:00,0.0,0.0,0.0,1.059
2021-10-07 07:00:00-03:00,0.10200000000000001,0.106,0.015,1.512
2021-10-07 08:00:00-03:00,0.443,0.429,0.056,3.189
2021-10-07 09:00:00-03:00,0.618,0.613,0.088,5.161
2021-10-07 10:00:00-03:00,0.5700000000000001,0.518,0.128,6.6
2021-10-07 11:00:00-03:00,0.497,0.387,0.17400000000000002,7.655
2021-10-07 12:00:00-03:00,0.461,0.305,0.215,8.44
2021-10-07 13:00:00-03:00,0.58,0.452,0.216,9.264
2021-10-07 14:00:00-03:00,0.718,0.705,0.152,10.128
2021-10-07 15:00:00-03:00,0.863,0.9550000000000001,0.121,10.889
2021-10-07 16:00:00-03:00,0.85,0.9470000000000001,0.11,11.199
2021-10-07 17:00:00-03:00,0.798,0.883,0.093,10.991
2021-10-07 18:00:00-03:00,0.41200000000000003,0.391,0.075,10.084
2021-10-07 19:00:00-03:00,0.299,0.301,0.033,8.026
2021-10-07 20:00:00-03:00,0.0,0.0,0.0,5.291
2021-10-07 21:00:00-03:00,0.0,0.0,0.0,4.364
2021-10-07 22:00:00-03:00,0.0,0.0,0.0,4.67
2021-10-07 23:00:00-03:00,0.0,0.0,0.0,5.056
2021-10-08 00:00:00-03:00,0.0,0.0,0.0,5.372
2021-10-08 01:00:00-03:00,0.0,0.0,0.0,5.094
2021-10-08 02:00:00-03:00,0.0,0.0,0.0,4.974
2021-10-08 03:00:00-03:00,0.0,0.0,0.0,4.914
2021-10-08 04:00:00-03:00,0.0,0.0,0.0,4.804
2021-10-08 05:00:00-03:00,0.0,0.0,0.0,4.956
2021-10-08 06:00:00-03:00,0.0,0.0,0.0,5.166
2021-10-08 07:00:00-03:00,0.002,0.004,0.006,5.339
2021-10-08 08:00:00-03:00,0.093,0.056,0.057,6.051
2021-10-08 09:00:00-03:00,0.123,0.055,0.09,7.136
2021-10-08 10:00:00-03:00,0.341,0.228,0.153,8.169
2021-10-08 11:00:00-03:00,0.7000000000000001,0.677,0.148,8.774000000000001
2021-10-08 12:00:00-03:00,0.732,0.72,0.15,8.994
2021-10-08 13:00:00-03:00,0.671,0.608,0.179,9.063
2021-10-08 14:00:00-03:00,0.617,0.519,0.195,8.815
2021-10-08 15:00:00-03:00,0.593,0.504,0.178,8.554
2021-10-08 16:00:00-03:00,0.606,0.552,0.147,8.335
2021-10-08 17:00:00-03:00,0.662,0.662,0.108,7.99
2021-10-08 18:00:00-03:00,0.622,0.642,0.073,7.282
2021-10-08 19:00:00-03:00,0.385,0.39,0.035,6.023
2021-10-08 20:00:00-03:00,0.001,0.006,0.001,4.392
2021-10-08 21:00:00-03:00,0.0,0.0,0.0,3.339
2021-10-08 22:00:00-03:00,0.0,0.0,0.0,2.762
2021-10-08 23:00:00-03:00,0.0,0.0,0.0,2.5140000000000002
2021-10-09 00:00:00-03:00,0.0,0.0,0.0,2.305
2021-10-09 01:00:00-03:00,0.0,0.0,0.0,2.342
2021-10-09 02:00:00-03:00,0.0,0.0,0.0,2.36
2021-10-09 03:00:00-03:00,0.0,0.0,0.0,2.335
2021-10-09 04:00:00-03:00,0.0,0.0,0.0,2.342
2021-10-09 05:00:00-03:00,0.0,0.0,0.0,2.301
2021-10-09 06:00:00-03:00,0.0,0.0,0.0,2.307
2021-10-09 07:00:00-03:00,0.006,0.006,0.009000000000000001,2.621
2021-10-09 08:00:00-03:00,0.08,0.041,0.058,3.59
2021-10-09 09:00:00-03:00,0.20500000000000002,0.115,0.115,5.628
2021-10-09 10:00:00-03:00,0.267,0.14,0.159,8.216
2021-10-09 11:00:00-03:00,0.502,0.376,0.201,11.364
2021-10-09 12:00:00-03:00,0.459,0.28300000000000003,0.247,13.57
2021-10-09 13:00:00-03:00,0.439,0.202,0.307,14.502
2021-10-09 14:00:00-03:00,0.402,0.20500000000000002,0.259,14.692
2021-10-09 15:00:00-03:00,0.298,0.129,0.215,14.527
2021-10-09 16:00:00-03:00,0.14200000000000002,0.036000000000000004,0.134,13.662
2021-10-09 17:00:00-03:00,0.096,0.027,0.093,12.546
2021-10-09 18:00:00-03:00,0.069,0.028,0.062,11.315
2021-10-09 19:00:00-03:00,0.036000000000000004,0.027,0.026000000000000002,9.963
2021-10-09 20:00:00-03:00,0.0,0.001,0.001,8.717
2021-10-09 21:00:00-03:00,0.0,0.0,0.0,7.824
2021-10-09 22:00:00-03:00,0.0,0.0,0.0,6.855
2021-10-09 23:00:00-03:00,0.0,0.0,0.0,5.831
2021-10-10 00:00:00-03:00,0.0,0.0,0.0,4.869
2021-10-10 01:00:00-03:00,0.0,0.0,0.0,4.304
2021-10-10 02:00:00-03:00,0.0,0.0,0.0,4.148
2021-10-10 03:00:00-03:00,0.0,0.0,0.0,3.74
2021-10-10 04:00:00-03:00,0.0,0.0,0.0,3.202
2021-10-10 05:00:00-03:00,0.0,0.0,0.0,2.735
2021-10-10 06:00:00-03:00,0.0,0.0,0.0,2.5540000000000003
2021-10-10 07:00:00-03:00,0.028,0.028,0.015,2.618
2021-10-10 08:00:00-03:00,0.134,0.092,0.063,3.565
2021-10-10 09:00:00-03:00,0.232,0.15,0.108,4.925
2021-10-10 10:00:00-03:00,0.327,0.212,0.15,6.284
2021-10-10 11:00:00-03:00,0.547,0.451,0.171,7.747
2021-10-10 12:00:00-03:00,0.749,0.752,0.14300000000000002,9.091
2021-10-10 13:00:00-03:00,0.788,0.853,0.10300000000000001,10.104
2021-10-10 14:00:00-03:00,0.84,0.916,0.124,10.874
2021-10-10 15:00:00-03:00,0.842,0.915,0.129,11.208
2021-10-10 16:00:00-03:00,0.801,0.862,0.12,11.074
2021-10-10 17:00:00-03:00,0.759,0.8180000000000001,0.099,10.654
2021-10-10 18:00:00-03:00,0.668,0.715,0.07100000000000001,9.874
2021-10-10 19:00:00-03:00,0.434,0.451,0.037,8.532
2021-10-10 20:00:00-03:00,0.002,0.008,0.001,6.891
2021-10-10 21:00:00-03:00,0.0,0.0,0.0,6.041
2021-10-10 22:00:00-03:00,0.0,0.0,0.0,5.49
2021-10-10 23:00:00-03:00,0.0,0.0,0.0,5.053
2021-10-11 00:00:00-03:00,0.0,0.0,0.0,4.737
2021-10-11 01:00:00-03:00,0.0,0.0,0.0,4.545
2021-10-11 02:00:00-03:00,0.0,0.0,0.0,4.252
2021-10-11 03:00:00-03:00,0.0,0.0,0.0,3.9210000000000003
2021-10-11 04:00:00-03:00,0.0,0.0,0.0,3.683
2021-10-11 05:00:00-03:00,0.0,0.0,0.0,3.403
2021-10-11 06:00:00-03:00,0.0,0.0,0.0,3.2
2021-10-11 07:00:00-03:00,0.065,0.061,0.022,3.602
2021-10-11 08:00:00-03:00,0.242,0.197,0.07200000000000001,5.237
2021-10-11 09:00:00-03:00,0.47700000000000004,0.425,0.11,7.179
2021-10-11 10:00:00-03:00,0.685,0.677,0.13,9.312
2021-10-11 11:00:00-03:00,0.652,0.602,0.166,10.643
2021-10-11 12:00:00-03:00,0.443,0.265,0.24,11.032
2021-10-11 13:00:00-03:00,0.40700000000000003,0.16,0.303,11.16
2021-10-11 14:00:00-03:00,0.369,0.169,0.25,11.542
2021-10-11 15:00:00-03:00,0.361,0.195,0.215,11.889
2021-10-11 16:00:00-03:00,0.29,0.156,0.17400000000000002,11.768
2021-10-11 17:00:00-03:00,0.2,0.106,0.125,11.334
2021-10-11 18:00:00-03:00,0.11800000000000001,0.065,0.077,10.596
2021-10-11 19:00:00-03:00,0.053,0.041,0.031,9.532
2021-10-11 20:00:00-03:00,0.0,0.003,0.001,8.229
2021-10-11 21:00:00-03:00,0.0,0.0,0.0,7.319
2021-10-11 22:00:00-03:00,0.0,0.0,0.0,6.656
2021-10-11 23:00:00-03:00,0.0,0.0,0.0,6.063
2021-10-12 00:00:00-03:00,0.0,0.0,0.0,5.646
2021-10-12 01:00:00-03:00,0.0,0.0,0.0,5.344
2021-10-12 02:00:00-03:00,0.0,0.0,0.0,5.064
2021-10-12 03:00:00-03:00,0.0,0.0,0.0,4.857
2021-10-12 04:00:00-03:00,0.0,0.0,0.0,4.664
2021-10-12 05:00:00-03:00,0.0,0.0,0.0,4.543
2021-10-12 06:00:00-03:00,0.0,0.0,0.0,4.408
2021-10-12 07:00:00-03:00,0.039,0.034,0.021,4.799
2021-10-12 08:00:00-03:00,0.221,0.17200000000000001,0.075,6.109
2021-10-12 09:00:00-03:00,0.353,0.275,0.11900000000000001,8.031
2021-10-12 10:00:00-03:00,0.488,0.405,0.154,10.864
2021-10-12 11:00:00-03:00,0.7010000000000001,0.6880000000000001,0.156,12.632
2021-10-12 12:00:00-03:00,0.768,0.797,0.15,13.612
2021-10-12 13:00:00-03:00,0.761,0.806,0.134,14.335
2021-10-12 14:00:00-03:00,0.736,0.73,0.176,14.776
2021-10-12 15:00:00-03:00,0.395,0.241,0.214,14.33
2021-10-12 16:00:00-03:00,0.17200000000000001,0.055,0.147,13.386
2021-10-12 17:00:00-03:00,0.073,0.016,0.079,12.041
2021-10-12 18:00:00-03:00,0.023,0.005,0.033,10.547
2021-10-12 19:00:00-03:00,0.005,0.003,0.011,9.524000000000001
2021-10-12 20:00:00-03:00,0.0,0.0,0.0,9.095
2021-10-12 21:00:00-03:00,0.0,0.0,0.0,8.85
2021-10-12 22:00:00-03:00,0.0,0.0,0.0,8.61
2021-10-12 23:00:00-03:00,0.0,0.0,0.0,8.335
2021-10-13 00:00:00-03:00,0.0,0.0,0.0,7.862
2021-10-13 01:00:00-03:00,0.0,0.0,0.0,7.443
2021-10-13 02:00:00-03:00,0.0,0.0,0.0,7.054
2021-10-13 03:00:00-03:00,0.0,0.0,0.0,6.719
2021-10-13 04:00:00-03:00,0.0,0.0,0.0,6.334
2021-10-13 05:00:00-03:00,0.0,0.0,0.0,6.246
2021-10-13 06:00:00-03:00,0.0,0.0,0.0,6.101
2021-10-13 07:00:00-03:00,0.029,0.025,0.02,6.085
2021-10-13 08:00:00-03:00,0.219,0.169,0.077,7.223
2021-10-13 09:00:00-03:00,0.492,0.439,0.117,8.492
2021-10-13 10:00:00-03:00,0.405,0.29,0.165,9.158
2021-10-13 11:00:00-03:00,0.35100000000000003,0.184,0.21,9.424
2021-10-13 12:00:00-03:00,0.272,0.075,0.23,9.083
2021-10-13 13:00:00-03:00,0.311,0.063,0.28600000000000003,8.89
2021-10-13 14:00:00-03:00,0.302,0.096,0.243,8.941
2021-10-13 15:00:00-03:00,0.28500000000000003,0.112,0.20700000000000002,8.795
2021-10-13 16:00:00-03:00,0.337,0.194,0.182,8.597
2021-10-13 17:00:00-03:00,0.318,0.213,0.14100000000000001,8.159
2021-10-13 18:00:00-03:00,0.179,0.114,0.091,7.287
2021-10-13 19:00:00-03:00,0.07100000000000001,0.054,0.037,6.142
2021-10-13 20:00:00-03:00,0.0,0.002,0.002,4.894
2021-10-13 21:00:00-03:00,0.0,0.0,0.0,4.039
2021-10-13 22:00:00-03:00,0.0,0.0,0.0,3.2800000000000002
2021-10-13 23:00:00-03:00,0.0,0.0,0.0,2.45
2021-10-14 00:00:00-03:00,0.0,0.0,0.0,1.722
2021-10-14 01:00:00-03:00,0.0,0.0,0.0,1.177
2021-10-14 02:00:00-03:00,0.0,0.0,0.0,0.787
2021-10-14 03:00:00-03:00,0.0,0.0,0.0,0.468
2021-10-14 04:00:00-03:00,0.0,0.0,0.0,0.153
2021-10-14 05:00:00-03:00,0.0,0.0,0.0,-0.079
2021-10-14 06:00:00-03:00,0.0,0.0,0.0,-0.26
2021-10-14 07:00:00-03:00,0.084,0.076,0.025,0.224
2021-10-14 08:00:00-03:00,0.418,0.383,0.07,1.74
2021-10-14 09:00:00-03:00,0.581,0.547,0.10200000000000001,3.5
2021-10-14 10:00:00-03:00,0.671,0.638,0.13,4.892
2021-10-14 11:00:00-03:00,0.651,0.584,0.163,5.746
2021-10-14 12:00:00-03:00,0.5640000000000001,0.429,0.20800000000000002,6.201
2021-10-14 13:00:00-03:00,0.581,0.41500000000000004,0.245,6.571
2021-10-14 14:00:00-03:00,0.609,0.492,0.20500000000000002,7.04
2021-10-14 15:00:00-03:00,0.636,0.556,0.177,7.509
2021-10-14 16:00:00-03:00,0.6950000000000001,0.67,0.14400000000000002,7.899
2021-10-14 17:00:00-03:00,0.6960000000000001,0.7020000000000001,0.113,7.907
2021-10-14 18:00:00-03:00,0.515,0.494,0.08700000000000001,7.321
2021-10-14 19:00:00-03:00,0.23600000000000002,0.218,0.045,6.257
2021-10-14 20:00:00-03:00,0.003,0.008,0.003,5.065
2021-10-14 21:00:00-03:00,0.0,0.0,0.0,4.494
2021-10-14 22:00:00-03:00,0.0,0.0,0.0,4.196
2021-10-14 23:00:00-03:00,0.0,0.0,0.0,4.026
2021-10-15 00:00:00-03:00,0.0,0.0,0.0,4.183
2021-10-15 01:00:00-03:00,0.0,0.0,0.0,4.305
2021-10-15 02:00:00-03:00,0.0,0.0,0.0,4.127
2021-10-15 03:00:00-03:00,0.0,0.0,0.0,3.957
2021-10-15 04:00:00-03:00,0.0,0.0,0.0,3.915
2021-10-15 05:00:00-03:00,0.0,0.0,0.0,4.015
2021-10-15 06:00:00-03:00,0.0,0.0,0.0,4.203
2021-10-15 07:00:00-03:00,0.019,0.014,0.019,4.6
2021-10-15 08:00:00-03:00,0.254,0.2,0.082,5.733
2021-10-15 09:00:00-03:00,0.493,0.435,0.12,7.296
2021-10-15 10:00:00-03:00,0.457,0.35000000000000003,0.165,8.467
2021-10-15 11:00:00-03:00,0.385,0.221,0.212,9.055
2021-10-15 12:00:00-03:00,0.297,0.093,0.241,9.082
2021-10-15 13:00:00-03:00,0.252,0.032,0.252,8.676
2021-10-15 14:00:00-03:00,0.14300000000000002,0.016,0.151,8.258
2021-10-15 15:00:00-03:00,0.252,0.084,0.2,8.781
2021-10-15 16:00:00-03:00,0.528,0.423,0.181,9.477
2021-10-15 17:00:00-03:00,0.499,0.427,0.14100000000000001,9.374
2021-10-15 18:00:00-03:00,0.225,0.157,0.098,8.377
2021-10-15 19:00:00-03:00,0.07100000000000001,0.051000000000000004,0.039,7.026
2021-10-15 20:00:00-03:00,0.001,0.004,0.003,5.624
2021-10-15 21:00:00-03:00,0.0,0.0,0.0,4.316
2021-10-15 22:00:00-03:00,0.0,0.0,0.0,3.791
2021-10-15 23:00:00-03:00,0.0,0.0,0.0,3.086
2021-10-16 00:00:00-03:00,0.0,0.0,0.0,2.5140000000000002
2021-10-16 01:00:00-03:00,0.0,0.0,0.0,2.026
2021-10-16 02:00:00-03:00,0.0,0.0,0.0,1.686
2021-10-16 03:00:00-03:00,0.0,0.0,0.0,1.6139999999999999
2021-10-16 04:00:00-03:00,0.0,0.0,0.0,1.505
2021-10-16 05:00:00-03:00,0.0,0.0,0.0,1.322
2021-10-16 06:00:00-03:00,0.0,0.0,0.0,1.123
2021-10-16 07:00:00-03:00,0.055,0.044,0.028,1.176
2021-10-16 08:00:00-03:00,0.266,0.20700000000000002,0.083,1.8980000000000001
2021-10-16 09:00:00-03:00,0.422,0.335,0.126,2.914
2021-10-16 10:00:00-03:00,0.393,0.262,0.168,3.74
2021-10-16 11:00:00-03:00,0.427,0.261,0.209,4.33
2021-10-16 12:00:00-03:00,0.47500000000000003,0.279,0.247,4.936
2021-10-16 13:00:00-03:00,0.527,0.28400000000000003,0.306,5.538
2021-10-16 14:00:00-03:00,0.402,0.191,0.253,5.821
2021-10-16 15:00:00-03:00,0.311,0.13,0.213,5.718
2021-10-16 16:00:00-03:00,0.215,0.078,0.162,5.468
2021-10-16 17:00:00-03:00,0.184,0.079,0.129,5.27
2021-10-16 18:00:00-03:00,0.14400000000000002,0.075,0.09,4.846
2021-10-16 19:00:00-03:00,0.061,0.04,0.038,4.143
2021-10-16 20:00:00-03:00,0.001,0.005,0.003,3.301
2021-10-16 21:00:00-03:00,0.0,0.0,0.0,2.52
2021-10-16 22:00:00-03:00,0.0,0.0,0.0,1.943
2021-10-16 23:00:00-03:00,0.0,0.0,0.0,1.393
2021-10-17 00:00:00-03:00,0.0,0.0,0.0,1.068
2021-10-17 01:00:00-03:00,0.0,0.0,0.0,0.934
2021-10-17 02:00:00-03:00,0.0,0.0,0.0,0.9590000000000001
2021-10-17 03:00:00-03:00,0.0,0.0,0.0,1.2530000000000001
2021-10-17 04:00:00-03:00,0.0,0.0,0.0,1.7069999999999999
2021-10-17 05:00:00-03:00,0.0,0.0,0.0,2.011
2021-10-17 06:00:00-03:00,0.0,0.0,0.0,2.368
2021-10-17 07:00:00-03:00,0.021,0.013000000000000001,0.022,2.9450000000000003
2021-10-17 08:00:00-03:00,0.153,0.093,0.082,4.179
2021-10-17 09:00:00-03:00,0.429,0.34600000000000003,0.13,6.057
2021-10-17 10:00:00-03:00,0.531,0.436,0.167,8.008
2021-10-17 11:00:00-03:00,0.384,0.216,0.215,9.133
2021-10-17 12:00:00-03:00,0.34600000000000003,0.138,0.251,9.62
2021-10-17 13:00:00-03:00,0.504,0.253,0.324,10.36
2021-10-17 14:00:00-03:00,0.459,0.261,0.262,10.704
2021-10-17 15:00:00-03:00,0.296,0.11800000000000001,0.217,10.205
2021-10-17 16:00:00-03:00,0.157,0.038,0.145,9.297
2021-10-17 17:00:00-03:00,0.069,0.011,0.078,8.366
2021-10-17 18:00:00-03:00,0.029,0.005,0.04,7.568
2021-10-17 19:00:00-03:00,0.008,0.003,0.016,7.057
2021-10-17 20:00:00-03:00,0.0,0.001,0.002,6.969
2021-10-17 21:00:00-03:00,0.0,0.0,0.0,6.6850000000000005
2021-10-17 22:00:00-03:00,0.0,0.0,0.0,6.252
2021-10-17 23:00:00-03:00,0.0,0.0,0.0,6.041
2021-10-18 00:00:00-03:00,0.0,0.0,0.0,6.248
2021-10-18 01:00:00-03:00,0.0,0.0,0.0,6.611
2021-10-18 02:00:00-03:00,0.0,0.0,0.0,6.673
2021-10-18 03:00:00-03:00,0.0,0.0,0.0,6.69
2021-10-18 04:00:00-03:00,0.0,0.0,0.0,6.798
2021-10-18 05:00:00-03:00,0.0,0.0,0.0,6.718
2021-10-18 06:00:00-03:00,0.0,0.0,0.0,6.76
2021-10-18 07:00:00-03:00,0.013000000000000001,0.008,0.017,6.954
2021-10-18 08:00:00-03:00,0.075,0.032,0.063,7.28
2021-10-18 09:00:00-03:00,0.291,0.197,0.128,8.06
2021-10-18 10:00:00-03:00,0.619,0.5720000000000001,0.148,9.397
2021-10-18 11:00:00-03:00,0.664,0.614,0.17,10.538
2021-10-18 12:00:00-03:00,0.615,0.517,0.20400000000000001,11.123
2021-10-18 13:00:00-03:00,0.604,0.46,0.247,11.449
2021-10-18 14:00:00-03:00,0.549,0.40900000000000003,0.228,11.566
2021-10-18 15:00:00-03:00,0.505,0.374,0.20700000000000002,11.45
2021-10-18 16:00:00-03:00,0.47600000000000003,0.367,0.178,11.207
2021-10-18 17:00:00-03:00,0.35100000000000003,0.252,0.145,10.756
2021-10-18 18:00:00-03:00,0.252,0.184,0.101,10.027
2021-10-18 19:00:00-03:00,0.20800000000000002,0.183,0.053,8.941
2021-10-18 20:00:00-03:00,0.028,0.036000000000000004,0.007,7.289
2021-10-18 21:00:00-03:00,0.0,0.0,0.0,5.989
2021-10-18 22:00:00-03:00,0.0,0.0,0.0,5.139
2021-10-18 23:00:00-03:00,0.0,0.0,0.0,4.294
2021-10-19 00:00:00-03:00,0.0,0.0,0.0,3.47
2021-10-19 01:00:00-03:00,0.0,0.0,0.0,3.404
2021-10-19 02:00:00-03:00,0.0,0.0,0.0,3.318
2021-10-19 03:00:00-03:00,0.0,0.0,0.0,2.242
2021-10-19 04:00:00-03:00,0.0,0.0,0.0,2.194
2021-10-19 05:00:00-03:00,0.0,0.0,0.0,2.238
2021-10-19 06:00:00-03:00,0.0,0.0,0.0,2.67
2021-10-19 07:00:00-03:00,0.012,0.006,0.018000000000000002,3.362
2021-10-19 08:00:00-03:00,0.02,0.004,0.029,4.257
2021-10-19 09:00:00-03:00,0.14,0.051000000000000004,0.111,6.15
2021-10-19 10:00:00-03:00,0.292,0.156,0.17200000000000001,9.08
2021-10-19 11:00:00-03:00,0.258,0.10300000000000001,0.191,11.562
2021-10-19 12:00:00-03:00,0.463,0.298,0.24,14.469
2021-10-19 13:00:00-03:00,0.686,0.655,0.189,17.106
2021-10-19 14:00:00-03:00,0.768,0.804,0.17,18.324
2021-10-19 15:00:00-03:00,0.673,0.654,0.178,18.391
2021-10-19 16:00:00-03:00,0.628,0.606,0.161,18.176
2021-10-19 17:00:00-03:00,0.546,0.518,0.136,17.766
2021-10-19 18:00:00-03:00,0.41600000000000004,0.384,0.10300000000000001,16.944
2021-10-19 19:00:00-03:00,0.24,0.223,0.056,15.413
2021-10-19 20:00:00-03:00,0.022,0.03,0.007,13.129
2021-10-19 21:00:00-03:00,0.0,0.0,0.0,11.943
2021-10-19 22:00:00-03:00,0.0,0.0,0.0,11.232
2021-10-19 23:00:00-03:00,0.0,0.0,0.0,10.755
2021-10-20 00:00:00-03:00,0.0,0.0,0.0,10.385
2021-10-20 01:00:00-03:00,0.0,0.0,0.0,10.091
2021-10-20 02:00:00-03:00,0.0,0.0,0.0,9.723
2021-10-20 03:00:00-03:00,0.0,0.0,0.0,9.19
2021-10-20 04:00:00-03:00,0.0,0.0,0.0,8.665
2021-10-20 05:00:00-03:00,0.0,0.0,0.0,8.148
2021-10-20 06:00:00-03:00,0.0,0.001,0.001,7.371
2021-10-20 07:00:00-03:00,0.016,0.008,0.021,6.751
2021-10-20 08:00:00-03:00,0.038,0.009000000000000001,0.046,6.681
2021-10-20 09:00:00-03:00,0.054,0.008,0.064,6.877
2021-10-20 10:00:00-03:00,0.085,0.011,0.095,7.422
2021-10-20 11:00:00-03:00,0.138,0.02,0.14200000000000002,8.276
2021-10-20 12:00:00-03:00,0.20700000000000002,0.036000000000000004,0.2,9.168
2021-10-20 13:00:00-03:00,0.299,0.05,0.28700000000000003,9.758
2021-10-20 14:00:00-03:00,0.301,0.101,0.23800000000000002,10.267
2021-10-20 15:00:00-03:00,0.5660000000000001,0.442,0.214,11.027
2021-10-20 16:00:00-03:00,0.6960000000000001,0.667,0.164,11.256
2021-10-20 17:00:00-03:00,0.669,0.661,0.131,10.964
2021-10-20 18:00:00-03:00,0.597,0.595,0.098,10.306
2021-10-20 19:00:00-03:00,0.319,0.298,0.059000000000000004,9.276
2021-10-20 20:00:00-03:00,0.036000000000000004,0.044,0.009000000000000001,7.577
2021-10-20 21:00:00-03:00,0.0,0.0,0.0,6.389
2021-10-20 22:00:00-03:00,0.0,0.0,0.0,5.7379999999999995
2021-10-20 23:00:00-03:00,0.0,0.0,0.0,5.27
2021-10-21 00:00:00-03:00,0.0,0.0,0.0,4.964
2021-10-21 01:00:00-03:00,0.0,0.0,0.0,4.674
2021-10-21 02:00:00-03:00,0.0,0.0,0.0,4.513
2021-10-21 03:00:00-03:00,0.0,0.0,0.0,4.59
2021-10-21 04:00:00-03:00,0.0,0.0,0.0,4.7010000000000005
2021-10-21 05:00:00-03:00,0.0,0.0,0.0,4.515
2021-10-21 06:00:00-03:00,0.0,0.003,0.001,4.277
2021-10-21 07:00:00-03:00,0.171,0.155,0.039,4.661
2021-10-21 08:00:00-03:00,0.424,0.39,0.08,5.831
2021-10-21 09:00:00-03:00,0.5720000000000001,0.539,0.111,7.05
2021-10-21 10:00:00-03:00,0.651,0.616,0.14,8.045
2021-10-21 11:00:00-03:00,0.7020000000000001,0.666,0.162,9.011
2021-10-21 12:00:00-03:00,0.646,0.5680000000000001,0.189,9.825
2021-10-21 13:00:00-03:00,0.682,0.616,0.192,10.472
2021-10-21 14:00:00-03:00,0.634,0.543,0.2,10.674
2021-10-21 15:00:00-03:00,0.651,0.582,0.184,10.656
2021-10-21 16:00:00-03:00,0.532,0.441,0.169,10.225
2021-10-21 17:00:00-03:00,0.47500000000000003,0.399,0.14100000000000001,9.739
2021-10-21 18:00:00-03:00,0.405,0.352,0.10300000000000001,8.963
2021-10-21 19:00:00-03:00,0.28800000000000003,0.263,0.058,7.735
2021-10-21 20:00:00-03:00,0.025,0.031,0.008,6.251
2021-10-21 21:00:00-03:00,0.0,0.0,0.0,5.031
2021-10-21 22:00:00-03:00,0.0,0.0,0.0,4.103
2021-10-21 23:00:00-03:00,0.0,0.0,0.0,3.359
2021-10-22 00:00:00-03:00,0.0,0.0,0.0,2.809
2021-10-22 01:00:00-03:00,0.0,0.0,0.0,2.615
2021-10-22 02:00:00-03:00,0.0,0.0,0.0,2.7279999999999998
2021-10-22 03:00:00-03:00,0.0,0.0,0.0,2.9050000000000002
2021-10-22 04:00:00-03:00,0.0,0.0,0.0,3.015
2021-10-22 05:00:00-03:00,0.0,0.0,0.0,3.024
2021-10-22 06:00:00-03:00,0.0,0.0,0.001,3.078
2021-10-22 07:00:00-03:00,0.006,0.002,0.013000000000000001,3.346
2021-10-22 08:00:00-03:00,0.022,0.003,0.034,3.719
2021-10-22 09:00:00-03:00,0.052000000000000005,0.005,0.064,4.016
2021-10-22 10:00:00-03:00,0.08600000000000001,0.009000000000000001,0.097,4.379
2021-10-22 11:00:00-03:00,0.11,0.009000000000000001,0.122,4.9719999999999995
2021-10-22 12:00:00-03:00,0.122,0.008,0.136,5.575
2021-10-22 13:00:00-03:00,0.187,0.01,0.202,6.22
2021-10-22 14:00:00-03:00,0.13,0.01,0.14400000000000002,6.961
2021-10-22 15:00:00-03:00,0.135,0.015,0.14400000000000002,8.001
2021-10-22 16:00:00-03:00,0.136,0.021,0.138,8.259
2021-10-22 17:00:00-03:00,0.133,0.031,0.126,8.082
2021-10-22 18:00:00-03:00,0.095,0.029,0.088,7.916
2021-10-22 19:00:00-03:00,0.056,0.028,0.047,7.182
2021-10-22 20:00:00-03:00,0.011,0.014,0.009000000000000001,5.715
2021-10-22 21:00:00-03:00,0.0,0.0,0.0,4.499
2021-10-22 22:00:00-03:00,0.0,0.0,0.0,3.816
2021-10-22 23:00:00-03:00,0.0,0.0,0.0,3.592
2021-10-23 00:00:00-03:00,0.0,0.0,0.0,3.235
2021-10-23 01:00:00-03:00,0.0,0.0,0.0,2.643
2021-10-23 02:00:00-03:00,0.0,0.0,0.0,2.278
2021-10-23 03:00:00-03:00,0.0,0.0,0.0,1.862
2021-10-23 04:00:00-03:00,0.0,0.0,0.0,1.552
2021-10-23 05:00:00-03:00,0.0,0.0,0.0,1.335
2021-10-23 06:00:00-03:00,0.0,0.003,0.002,1.2570000000000001
2021-10-23 07:00:00-03:00,0.06,0.04,0.037,1.755
2021-10-23 08:00:00-03:00,0.17,0.101,0.091,2.747
2021-10-23 09:00:00-03:00,0.304,0.193,0.14,3.814
2021-10-23 10:00:00-03:00,0.463,0.333,0.179,4.9030000000000005
2021-10-23 11:00:00-03:00,0.309,0.133,0.20800000000000002,5.243
2021-10-23 12:00:00-03:00,0.21,0.043000000000000003,0.192,5.17
2021-10-23 13:00:00-03:00,0.466,0.189,0.33,6.349
2021-10-23 14:00:00-03:00,0.506,0.316,0.254,7.29
2021-10-23 15:00:00-03:00,0.265,0.095,0.199,6.514
2021-10-23 16:00:00-03:00,0.28,0.127,0.184,6.227
2021-10-23 17:00:00-03:00,0.395,0.278,0.16,6.354
2021-10-23 18:00:00-03:00,0.383,0.308,0.115,5.877
2021-10-23 19:00:00-03:00,0.219,0.181,0.064,5.117
2021-10-23 20:00:00-03:00,0.02,0.024,0.01,4.284
2021-10-23 21:00:00-03:00,0.0,0.0,0.0,3.64
2021-10-23 22:00:00-03:00,0.0,0.0,0.0,3.319
2021-10-23 23:00:00-03:00,0.0,0.0,0.0,3.156
2021-10-24 00:00:00-03:00,0.0,0.0,0.0,2.944
2021-10-24 01:00:00-03:00,0.0,0.0,0.0,2.604
2021-10-24 02:00:00-03:00,0.0,0.0,0.0,2.216
2021-10-24 03:00:00-03:00,0.0,0.0,0.0,1.952
2021-10-24 04:00:00-03:00,0.0,0.0,0.0,1.678
2021-10-24 05:00:00-03:00,0.0,0.0,0.0,1.295
2021-10-24 06:00:00-03:00,0.0,0.0,0.001,1.146
2021-10-24 07:00:00-03:00,0.009000000000000001,0.003,0.016,1.216
2021-10-24 08:00:00-03:00,0.083,0.03,0.07200000000000001,1.876
2021-10-24 09:00:00-03:00,0.343,0.226,0.149,3.581
2021-10-24 10:00:00-03:00,0.29,0.146,0.17300000000000001,5.103
2021-10-24 11:00:00-03:00,0.502,0.354,0.209,6.527
2021-10-24 12:00:00-03:00,0.734,0.671,0.197,8.087
2021-10-24 13:00:00-03:00,0.649,0.507,0.248,8.748
2021-10-24 14:00:00-03:00,0.491,0.311,0.245,8.82
2021-10-24 15:00:00-03:00,0.428,0.257,0.224,8.339
2021-10-24 16:00:00-03:00,0.382,0.228,0.197,7.711
2021-10-24 17:00:00-03:00,0.28300000000000003,0.154,0.161,7.032
2021-10-24 18:00:00-03:00,0.089,0.029,0.08,6.003
2021-10-24 19:00:00-03:00,0.042,0.019,0.039,5.023
2021-10-24 20:00:00-03:00,0.019,0.021,0.011,4.036
2021-10-24 21:00:00-03:00,0.0,0.0,0.0,2.934
2021-10-24 22:00:00-03:00,0.0,0.0,0.0,1.992
2021-10-24 23:00:00-03:00,0.0,0.0,0.0,1.7109999999999999
2021-10-25 00:00:00-03:00,0.0,0.0,0.0,1.8559999999999999
2021-10-25 01:00:00-03:00,0.0,0.0,0.0,2.371
2021-10-25 02:00:00-03:00,0.0,0.0,0.0,2.294
2021-10-25 03:00:00-03:00,0.0,0.0,0.0,2.36
2021-10-25 04:00:00-03:00,0.0,0.0,0.0,2.716
2021-10-25 05:00:00-03:00,0.0,0.0,0.0,2.427
2021-10-25 06:00:00-03:00,0.0,0.001,0.002,2.083
2021-10-25 07:00:00-03:00,0.037,0.019,0.034,2.232
2021-10-25 08:00:00-03:00,0.111,0.047,0.083,2.6550000000000002
2021-10-25 09:00:00-03:00,0.182,0.073,0.131,3.125
2021-10-25 10:00:00-03:00,0.241,0.094,0.17200000000000001,3.5789999999999997
2021-10-25 11:00:00-03:00,0.263,0.091,0.199,4.061
2021-10-25 12:00:00-03:00,0.34600000000000003,0.134,0.246,4.6690000000000005
2021-10-25 13:00:00-03:00,0.41400000000000003,0.132,0.325,5.213
2021-10-25 14:00:00-03:00,0.359,0.151,0.246,5.9719999999999995
2021-10-25 15:00:00-03:00,0.417,0.24,0.224,6.779
2021-10-25 16:00:00-03:00,0.557,0.443,0.19,7.43
2021-10-25 17:00:00-03:00,0.534,0.449,0.155,7.377
2021-10-25 18:00:00-03:00,0.371,0.294,0.11800000000000001,6.796
2021-10-25 19:00:00-03:00,0.20500000000000002,0.163,0.067,5.939
2021-10-25 20:00:00-03:00,0.018000000000000002,0.02,0.011,4.575
2021-10-25 21:00:00-03:00,0.0,0.0,0.0,3.287
2021-10-25 22:00:00-03:00,0.0,0.0,0.0,2.659
2021-10-25 23:00:00-03:00,0.0,0.0,0.0,2.642
2021-10-26 00:00:00-03:00,0.0,0.0,0.0,2.841
2021-10-26 01:00:00-03:00,0.0,0.0,0.0,2.473
2021-10-26 02:00:00-03:00,0.0,0.0,0.0,1.8820000000000001
2021-10-26 03:00:00-03:00,0.0,0.0,0.0,1.741
2021-10-26 04:00:00-03:00,0.0,0.0,0.0,2.118
2021-10-26 05:00:00-03:00,0.0,0.0,0.0,3.275
2021-10-26 06:00:00-03:00,0.005,0.011,0.004,4.458
2021-10-26 07:00:00-03:00,0.126,0.101,0.047,5.352
2021-10-26 08:00:00-03:00,0.171,0.105,0.09,6.181
2021-10-26 09:00:00-03:00,0.313,0.211,0.136,7.105
2021-10-26 10:00:00-03:00,0.663,0.625,0.148,8.585
2021-10-26 11:00:00-03:00,0.748,0.735,0.162,9.898
2021-10-26 12:00:00-03:00,0.738,0.71,0.177,10.713
2021-10-26 13:00:00-03:00,0.718,0.6890000000000001,0.17300000000000001,11.309
2021-10-26 14:00:00-03:00,0.718,0.67,0.194,11.688
2021-10-26 15:00:00-03:00,0.509,0.384,0.202,11.288
2021-10-26 16:00:00-03:00,0.545,0.449,0.18,10.892
2021-10-26 17:00:00-03:00,0.485,0.403,0.149,10.202
2021-10-26 18:00:00-03:00,0.442,0.388,0.112,9.525
2021-10-26 19:00:00-03:00,0.227,0.192,0.065,8.614
2021-10-26 20:00:00-03:00,0.082,0.08700000000000001,0.015,7.293
2021-10-26 21:00:00-03:00,0.0,0.0,0.0,6.029
2021-10-26 22:00:00-03:00,0.0,0.0,0.0,5.167
2021-10-26 23:00:00-03:00,0.0,0.0,0.0,4.55
2021-10-27 00:00:00-03:00,0.0,0.0,0.0,4.213
2021-10-27 01:00:00-03:00,0.0,0.0,0.0,4.027
2021-10-27 02:00:00-03:00,0.0,0.0,0.0,3.8810000000000002
2021-10-27 03:00:00-03:00,0.0,0.0,0.0,3.7359999999999998
2021-10-27 04:00:00-03:00,0.0,0.0,0.0,3.739
2021-10-27 05:00:00-03:00,0.0,0.0,0.0,3.79
2021-10-27 06:00:00-03:00,0.0,0.003,0.003,4.168
2021-10-27 07:00:00-03:00,0.024,0.011,0.028,4.894
2021-10-27 08:00:00-03:00,0.052000000000000005,0.013000000000000001,0.057,5.788
2021-10-27 09:00:00-03:00,0.076,0.014,0.082,6.71
2021-10-27 10:00:00-03:00,0.18,0.054,0.152,8.447
2021-10-27 11:00:00-03:00,0.325,0.162,0.20500000000000002,10.526
2021-10-27 12:00:00-03:00,0.595,0.47800000000000004,0.219,11.944
2021-10-27 13:00:00-03:00,0.675,0.599,0.20800000000000002,12.548
2021-10-27 14:00:00-03:00,0.728,0.6910000000000001,0.193,12.85
2021-10-27 15:00:00-03:00,0.757,0.75,0.176,12.802
2021-10-27 16:00:00-03:00,0.786,0.8190000000000001,0.148,12.624
2021-10-27 17:00:00-03:00,0.78,0.838,0.11900000000000001,12.27
2021-10-27 18:00:00-03:00,0.732,0.794,0.089,11.576
2021-10-27 19:00:00-03:00,0.59,0.624,0.061,10.442
2021-10-27 20:00:00-03:00,0.123,0.129,0.017,8.743
2021-10-27 21:00:00-03:00,0.0,0.0,0.0,7.523
2021-10-27 22:00:00-03:00,0.0,0.0,0.0,6.946
2021-10-27 23:00:00-03:00,0.0,0.0,0.0,6.039
2021-10-28 00:00:00-03:00,0.0,0.0,0.0,5.525
2021-10-28 01:00:00-03:00,0.0,0.0,0.0,5.324
2021-10-28 02:00:00-03:00,0.0,0.0,0.0,5.198
2021-10-28 03:00:00-03:00,0.0,0.0,0.0,5.333
2021-10-28 04:00:00-03:00,0.0,0.0,0.0,5.315
2021-10-28 05:00:00-03:00,0.0,0.0,0.0,5.285
2021-10-28 06:00:00-03:00,0.0,0.001,0.003,5.5440000000000005
2021-10-28 07:00:00-03:00,0.023,0.008,0.029,6.323
2021-10-28 08:00:00-03:00,0.084,0.026000000000000002,0.079,7.759
2021-10-28 09:00:00-03:00,0.20700000000000002,0.088,0.148,9.905
2021-10-28 10:00:00-03:00,0.295,0.139,0.196,11.786
2021-10-28 11:00:00-03:00,0.28,0.105,0.215,12.779
2021-10-28 12:00:00-03:00,0.234,0.057,0.213,13.36
2021-10-28 13:00:00-03:00,0.496,0.243,0.336,14.75
2021-10-28 14:00:00-03:00,0.41600000000000004,0.221,0.263,15.629
2021-10-28 15:00:00-03:00,0.274,0.097,0.221,15.742
2021-10-28 16:00:00-03:00,0.167,0.037,0.162,15.402
2021-10-28 17:00:00-03:00,0.1,0.017,0.108,14.83
2021-10-28 18:00:00-03:00,0.045,0.007,0.057,13.887
2021-10-28 19:00:00-03:00,0.015,0.004,0.025,12.867
2021-10-28 20:00:00-03:00,0.001,0.002,0.006,11.743
2021-10-28 21:00:00-03:00,0.0,0.0,0.0,10.966
2021-10-28 22:00:00-03:00,0.0,0.0,0.0,10.804
2021-10-28 23:00:00-03:00,0.0,0.0,0.0,10.644
2021-10-29 00:00:00-03:00,0.0,0.0,0.0,10.255
2021-10-29 01:00:00-03:00,0.0,0.0,0.0,9.898
2021-10-29 02:00:00-03:00,0.0,0.0,0.0,9.473
2021-10-29 03:00:00-03:00,0.0,0.0,0.0,8.878
2021-10-29 04:00:00-03:00,0.0,0.0,0.0,8.278
2021-10-29 05:00:00-03:00,0.0,0.0,0.0,7.736
2021-10-29 06:00:00-03:00,0.002,0.005,0.004,7.294
2021-10-29 07:00:00-03:00,0.067,0.044,0.043000000000000003,7.178
2021-10-29 08:00:00-03:00,0.365,0.311,0.097,7.79
2021-10-29 09:00:00-03:00,0.5640000000000001,0.526,0.122,9.047
2021-10-29 10:00:00-03:00,0.6880000000000001,0.672,0.14300000000000002,10.151
2021-10-29 11:00:00-03:00,0.727,0.706,0.165,10.711
2021-10-29 12:00:00-03:00,0.747,0.718,0.183,10.9
2021-10-29 13:00:00-03:00,0.594,0.457,0.234,10.585
2021-10-29 14:00:00-03:00,0.639,0.544,0.20600000000000002,10.494
2021-10-29 15:00:00-03:00,0.76,0.742,0.176,10.406
2021-10-29 16:00:00-03:00,0.736,0.727,0.154,9.974
2021-10-29 17:00:00-03:00,0.663,0.645,0.133,9.393
2021-10-29 18:00:00-03:00,0.5700000000000001,0.548,0.106,8.789
2021-10-29 19:00:00-03:00,0.293,0.257,0.07,7.892
2021-10-29 20:00:00-03:00,0.07200000000000001,0.074,0.018000000000000002,6.76
2021-10-29 21:00:00-03:00,0.0,0.0,0.0,5.57
2021-10-29 22:00:00-03:00,0.0,0.0,0.0,4.648
2021-10-29 23:00:00-03:00,0.0,0.0,0.0,4.249
2021-10-30 00:00:00-03:00,0.0,0.0,0.0,3.757
2021-10-30 01:00:00-03:00,0.0,0.0,0.0,3.286
2021-10-30 02:00:00-03:00,0.0,0.0,0.0,2.732
2021-10-30 03:00:00-03:00,0.0,0.0,0.0,2.143
2021-10-30 04:00:00-03:00,0.0,0.0,0.0,1.577
2021-10-30 05:00:00-03:00,0.0,0.0,0.0,1.112
2021-10-30 06:00:00-03:00,0.052000000000000005,0.062,0.007,1.039
2021-10-30 07:00:00-03:00,0.38,0.369,0.044,2.6790000000000003
2021-10-30 08:00:00-03:00,0.637,0.654,0.069,4.607
2021-10-30 09:00:00-03:00,0.764,0.808,0.093,6.222
2021-10-30 10:00:00-03:00,0.837,0.898,0.11800000000000001,7.737
2021-10-30 11:00:00-03:00,0.874,0.9410000000000001,0.14100000000000001,9.178
2021-10-30 12:00:00-03:00,0.897,0.974,0.152,10.403
2021-10-30 13:00:00-03:00,0.878,0.992,0.11,11.344
2021-10-30 14:00:00-03:00,0.9,1.001,0.158,12.061
2021-10-30 15:00:00-03:00,0.9,1.001,0.146,12.545
2021-10-30 16:00:00-03:00,0.88,0.989,0.126,12.703
2021-10-30 17:00:00-03:00,0.843,0.9520000000000001,0.10300000000000001,12.462
2021-10-30 18:00:00-03:00,0.779,0.875,0.079,11.788
2021-10-30 19:00:00-03:00,0.653,0.715,0.055,10.631
2021-10-30 20:00:00-03:00,0.28500000000000003,0.30000000000000004,0.019,8.063
2021-10-30 21:00:00-03:00,0.0,0.0,0.0,5.856
2021-10-30 22:00:00-03:00,0.0,0.0,0.0,4.936
2021-10-30 23:00:00-03:00,0.0,0.0,0.0,3.992
2021-10-31 00:00:00-03:00,0.0,0.0,0.0,3.13
2021-10-31 01:00:00-03:00,0.0,0.0,0.0,2.456
2021-10-31 02:00:00-03:00,0.0,0.0,0.0,1.853
2021-10-31 03:00:00-03:00,0.0,0.0,0.0,1.3940000000000001
2021-10-31 04:00:00-03:00,0.0,0.0,0.0,1.015
2021-10-31 05:00:00-03:00,0.0,0.0,0.0,0.764
2021-10-31 06:00:00-03:00,0.089,0.099,0.008,0.844
2021-10-31 07:00:00-03:00,0.45,0.452,0.041,3.034
2021-10-31 08:00:00-03:00,0.669,0.7020000000000001,0.066,5.58
2021-10-31 09:00:00-03:00,0.775,0.8320000000000001,0.092,7.804
2021-10-31 10:00:00-03:00,0.835,0.908,0.117,9.789
2021-10-31 11:00:00-03:00,0.871,0.9570000000000001,0.139,12.005
2021-10-31 12:00:00-03:00,0.889,0.987,0.154,14.242
2021-10-31 13:00:00-03:00,0.872,1.006,0.122,16.165
2021-10-31 14:00:00-03:00,0.895,1.018,0.159,17.513
2021-10-31 15:00:00-03:00,0.885,1.022,0.14400000000000002,18.414
2021-10-31 16:00:00-03:00,0.868,1.016,0.124,18.834
2021-10-31 17:00:00-03:00,0.838,0.989,0.101,18.66
2021-10-31 18:00:00-03:00,0.787,0.924,0.076,17.642
2021-10-31 19:00:00-03:00,0.682,0.778,0.053,15.365
2021-10-31 20:00:00-03:00,0.336,0.362,0.02,12.163
2021-10-31 21:00:00-03:00,0.0,0.0,0.0,9.823
2021-10-31 22:00:00-03:00,0.0,0.0,0.0,8.58
2021-10-31 23:00:00-03:00,0.0,0.0,0.0,7.482
2021-11-01 00:00:00-03:00,0.0,0.0,0.0,6.88
2021-11-01 01:00:00-03:00,0.0,0.0,0.0,6.143
2021-11-01 02:00:00-03:00,0.0,0.0,0.0,5.126
2021-11-01 03:00:00-03:00,0.0,0.0,0.0,4.291
2021-11-01 04:00:00-03:00,0.0,0.0,0.0,3.584
2021-11-01 05:00:00-03:00,0.0,0.0,0.0,2.998
2021-11-01 06:00:00-03:00,0.066,0.075,0.009000000000000001,2.659
2021-11-01 07:00:00-03:00,0.385,0.375,0.048,4.374
2021-11-01 08:00:00-03:00,0.606,0.615,0.075,6.056
2021-11-01 09:00:00-03:00,0.725,0.758,0.101,8.59
2021-11-01 10:00:00-03:00,0.782,0.8290000000000001,0.126,11.531
2021-11-01 11:00:00-03:00,0.786,0.8190000000000001,0.151,13.185
2021-11-01 12:00:00-03:00,0.766,0.775,0.17300000000000001,14.372
2021-11-01 13:00:00-03:00,0.757,0.771,0.171,15.663
2021-11-01 14:00:00-03:00,0.744,0.749,0.18,16.7
2021-11-01 15:00:00-03:00,0.771,0.812,0.163,17.475
2021-11-01 16:00:00-03:00,0.775,0.843,0.14,17.974
2021-11-01 17:00:00-03:00,0.731,0.798,0.11800000000000001,18.156
2021-11-01 18:00:00-03:00,0.621,0.66,0.098,18.016
2021-11-01 19:00:00-03:00,0.335,0.317,0.07200000000000001,16.73
2021-11-01 20:00:00-03:00,0.09,0.093,0.021,13.22
2021-11-01 21:00:00-03:00,0.0,0.0,0.0,10.781
2021-11-01 22:00:00-03:00,0.0,0.0,0.0,9.56
2021-11-01 23:00:00-03:00,0.0,0.0,0.0,8.698
2021-11-02 00:00:00-03:00,0.0,0.0,0.0,8.247
2021-11-02 01:00:00-03:00,0.0,0.0,0.0,8.299
2021-11-02 02:00:00-03:00,0.0,0.0,0.0,8.382
2021-11-02 03:00:00-03:00,0.0,0.0,0.0,7.8100000000000005
2021-11-02 04:00:00-03:00,0.0,0.0,0.0,6.84
2021-11-02 05:00:00-03:00,0.0,0.0,0.0,5.881
2021-11-02 06:00:00-03:00,0.043000000000000003,0.049,0.011,5.368
2021-11-02 07:00:00-03:00,0.307,0.28200000000000003,0.059000000000000004,7.543
2021-11-02 08:00:00-03:00,0.432,0.384,0.10300000000000001,9.217
2021-11-02 09:00:00-03:00,0.495,0.426,0.14300000000000002,11.733
2021-11-02 10:00:00-03:00,0.593,0.53,0.171,13.652
2021-11-02 11:00:00-03:00,0.663,0.61,0.192,15.11
2021-11-02 12:00:00-03:00,0.592,0.483,0.226,16.124
2021-11-02 13:00:00-03:00,0.47900000000000004,0.315,0.249,16.645
2021-11-02 14:00:00-03:00,0.456,0.28,0.256,17.054
2021-11-02 15:00:00-03:00,0.28,0.10300000000000001,0.224,16.608
2021-11-02 16:00:00-03:00,0.171,0.039,0.165,15.321
2021-11-02 17:00:00-03:00,0.092,0.015,0.101,13.81
2021-11-02 18:00:00-03:00,0.051000000000000004,0.009000000000000001,0.062,12.779
2021-11-02 19:00:00-03:00,0.024,0.006,0.033,12.047
2021-11-02 20:00:00-03:00,0.004,0.004,0.009000000000000001,11.038
2021-11-02 21:00:00-03:00,0.0,0.0,0.0,10.513
2021-11-02 22:00:00-03:00,0.0,0.0,0.0,10.09
2021-11-02 23:00:00-03:00,0.0,0.0,0.0,9.596
2021-11-03 00:00:00-03:00,0.0,0.0,0.0,9.162
2021-11-03 01:00:00-03:00,0.0,0.0,0.0,8.815
2021-11-03 02:00:00-03:00,0.0,0.0,0.0,8.518
2021-11-03 03:00:00-03:00,0.0,0.0,0.0,8.051
2021-11-03 04:00:00-03:00,0.0,0.0,0.0,7.587
2021-11-03 05:00:00-03:00,0.0,0.0,0.0,7.164
2021-11-03 06:00:00-03:00,0.012,0.015,0.009000000000000001,7.183
2021-11-03 07:00:00-03:00,0.14200000000000002,0.106,0.06,8.428
2021-11-03 08:00:00-03:00,0.35000000000000003,0.28500000000000003,0.108,9.564
2021-11-03 09:00:00-03:00,0.5630000000000001,0.523,0.133,11.975
2021-11-03 10:00:00-03:00,0.709,0.713,0.148,13.618
2021-11-03 11:00:00-03:00,0.762,0.769,0.17300000000000001,14.217
2021-11-03 12:00:00-03:00,0.504,0.34800000000000003,0.23900000000000002,13.603
2021-11-03 13:00:00-03:00,0.25,0.062,0.224,12.215
2021-11-03 14:00:00-03:00,0.225,0.053,0.20500000000000002,11.554
2021-11-03 15:00:00-03:00,0.279,0.098,0.219,11.714
2021-11-03 16:00:00-03:00,0.39,0.233,0.21,12.058
2021-11-03 17:00:00-03:00,0.562,0.494,0.162,12.133
2021-11-03 18:00:00-03:00,0.514,0.47000000000000003,0.123,11.446
2021-11-03 19:00:00-03:00,0.257,0.21,0.081,9.999
2021-11-03 20:00:00-03:00,0.14,0.137,0.027,8.291
2021-11-03 21:00:00-03:00,0.0,0.0,0.0,6.65
2021-11-03 22:00:00-03:00,0.0,0.0,0.0,5.596
2021-11-03 23:00:00-03:00,0.0,0.0,0.0,4.796
2021-11-04 00:00:00-03:00,0.0,0.0,0.0,3.98
2021-11-04 01:00:00-03:00,0.0,0.0,0.0,3.15
2021-11-04 02:00:00-03:00,0.0,0.0,0.0,2.433
2021-11-04 03:00:00-03:00,0.0,0.0,0.0,1.948
2021-11-04 04:00:00-03:00,0.0,0.0,0.0,1.6219999999999999
2021-11-04 05:00:00-03:00,0.0,0.0,0.0,1.324
2021-11-04 06:00:00-03:00,0.042,0.047,0.012,1.3820000000000001
2021-11-04 07:00:00-03:00,0.225,0.185,0.062,2.47
2021-11-04 08:00:00-03:00,0.263,0.181,0.109,3.9290000000000003
2021-11-04 09:00:00-03:00,0.322,0.203,0.152,5.374
2021-11-04 10:00:00-03:00,0.504,0.384,0.184,7.372
2021-11-04 11:00:00-03:00,0.514,0.375,0.209,8.783
2021-11-04 12:00:00-03:00,0.633,0.529,0.211,10.077
2021-11-04 13:00:00-03:00,0.755,0.725,0.19,11.304
2021-11-04 14:00:00-03:00,0.675,0.595,0.20800000000000002,11.631
2021-11-04 15:00:00-03:00,0.632,0.542,0.20400000000000001,11.781
2021-11-04 16:00:00-03:00,0.59,0.505,0.183,11.391
2021-11-04 17:00:00-03:00,0.713,0.717,0.136,10.893
2021-11-04 18:00:00-03:00,0.646,0.651,0.106,10.044
2021-11-04 19:00:00-03:00,0.47300000000000003,0.458,0.077,8.806000000000001
2021-11-04 20:00:00-03:00,0.135,0.132,0.026000000000000002,7.438
2021-11-04 21:00:00-03:00,0.0,0.0,0.0,6.243
2021-11-04 22:00:00-03:00,0.0,0.0,0.0,5.517
2021-11-04 23:00:00-03:00,0.0,0.0,0.0,4.979
2021-11-05 00:00:00-03:00,0.0,0.0,0.0,4.551
2021-11-05 01:00:00-03:00,0.0,0.0,0.0,4.177
2021-11-05 02:00:00-03:00,0.0,0.0,0.0,3.768
2021-11-05 03:00:00-03:00,0.0,0.0,0.0,3.178
2021-11-05 04:00:00-03:00,0.0,0.0,0.0,2.565
2021-11-05 05:00:00-03:00,0.0,0.0,0.0,2.053
2021-11-05 06:00:00-03:00,0.059000000000000004,0.063,0.014,1.964
2021-11-05 07:00:00-03:00,0.319,0.28600000000000003,0.062,3.136
2021-11-05 08:00:00-03:00,0.555,0.528,0.096,5.326
2021-11-05 09:00:00-03:00,0.558,0.496,0.138,7.372
2021-11-05 10:00:00-03:00,0.687,0.647,0.162,9.292
2021-11-05 11:00:00-03:00,0.554,0.424,0.216,10.698
2021-11-05 12:00:00-03:00,0.428,0.23500000000000001,0.254,11.604
2021-11-05 13:00:00-03:00,0.392,0.149,0.299,12.348
2021-11-05 14:00:00-03:00,0.382,0.17300000000000001,0.263,13.032
2021-11-05 15:00:00-03:00,0.242,0.067,0.211,12.639
2021-11-05 16:00:00-03:00,0.181,0.042,0.169,12.23
2021-11-05 17:00:00-03:00,0.222,0.08700000000000001,0.168,12.425
2021-11-05 18:00:00-03:00,0.176,0.081,0.125,12.156
2021-11-05 19:00:00-03:00,0.073,0.032,0.062,11.114
2021-11-05 20:00:00-03:00,0.016,0.014,0.016,9.868
2021-11-05 21:00:00-03:00,0.0,0.0,0.0,8.868
2021-11-05 22:00:00-03:00,0.0,0.0,0.0,8.09
2021-11-05 23:00:00-03:00,0.0,0.0,0.0,7.541
2021-11-06 00:00:00-03:00,0.0,0.0,0.0,7.093
2021-11-06 01:00:00-03:00,0.0,0.0,0.0,6.644
2021-11-06 02:00:00-03:00,0.0,0.0,0.0,6.33
2021-11-06 03:00:00-03:00,0.0,0.0,0.0,6.187
2021-11-06 04:00:00-03:00,0.0,0.0,0.0,6.078
2021-11-06 05:00:00-03:00,0.0,0.0,0.0,5.959
2021-11-06 06:00:00-03:00,0.003,0.004,0.008,5.954
2021-11-06 07:00:00-03:00,0.04,0.012,0.044,6.54
2021-11-06 08:00:00-03:00,0.108,0.031,0.098,7.503
2021-11-06 09:00:00-03:00,0.202,0.069,0.161,8.771
2021-11-06 10:00:00-03:00,0.28200000000000003,0.106,0.212,10.133
2021-11-06 11:00:00-03:00,0.281,0.084,0.23500000000000001,11.128
2021-11-06 12:00:00-03:00,0.226,0.04,0.219,11.579
2021-11-06 13:00:00-03:00,0.26,0.031,0.265,11.828
2021-11-06 14:00:00-03:00,0.228,0.039,0.223,12.034
2021-11-06 15:00:00-03:00,0.224,0.043000000000000003,0.215,12.11
2021-11-06 16:00:00-03:00,0.182,0.033,0.179,11.93
2021-11-06 17:00:00-03:00,0.10400000000000001,0.014,0.114,11.455
2021-11-06 18:00:00-03:00,0.049,0.006,0.062,10.844
2021-11-06 19:00:00-03:00,0.017,0.003,0.028,10.2
2021-11-06 20:00:00-03:00,0.003,0.002,0.008,9.526
2021-11-06 21:00:00-03:00,0.0,0.0,0.0,9.044
2021-11-06 22:00:00-03:00,0.0,0.0,0.0,9.05
2021-11-06 23:00:00-03:00,0.0,0.0,0.0,9.029
2021-11-07 00:00:00-03:00,0.0,0.0,0.0,8.815
2021-11-07 01:00:00-03:00,0.0,0.0,0.0,8.558
2021-11-07 02:00:00-03:00,0.0,0.0,0.0,8.159
2021-11-07 03:00:00-03:00,0.0,0.0,0.0,7.7940000000000005
2021-11-07 04:00:00-03:00,0.0,0.0,0.0,7.504
2021-11-07 05:00:00-03:00,0.0,0.0,0.0,7.083
2021-11-07 06:00:00-03:00,0.029,0.029,0.015,6.814
2021-11-07 07:00:00-03:00,0.17200000000000001,0.124,0.073,7.498
2021-11-07 08:00:00-03:00,0.20400000000000001,0.108,0.124,8.527
2021-11-07 09:00:00-03:00,0.268,0.128,0.17500000000000002,9.413
2021-11-07 10:00:00-03:00,0.585,0.47100000000000003,0.20700000000000002,10.5
2021-11-07 11:00:00-03:00,0.645,0.527,0.234,11.206
2021-11-07 12:00:00-03:00,0.669,0.54,0.256,11.74
2021-11-07 13:00:00-03:00,0.667,0.496,0.299,12.115
2021-11-07 14:00:00-03:00,0.525,0.319,0.28800000000000003,11.98
2021-11-07 15:00:00-03:00,0.53,0.34600000000000003,0.267,11.787
2021-11-07 16:00:00-03:00,0.652,0.554,0.219,11.81
2021-11-07 17:00:00-03:00,0.6900000000000001,0.652,0.17200000000000001,11.634
2021-11-07 18:00:00-03:00,0.658,0.646,0.131,11.082
2021-11-07 19:00:00-03:00,0.535,0.524,0.09,10.11
2021-11-07 20:00:00-03:00,0.277,0.272,0.039,8.619
2021-11-07 21:00:00-03:00,0.0,0.0,0.0,6.772
2021-11-07 22:00:00-03:00,0.0,0.0,0.0,5.574
2021-11-07 23:00:00-03:00,0.0,0.0,0.0,4.865
2021-11-08 00:00:00-03:00,0.0,0.0,0.0,4.228
2021-11-08 01:00:00-03:00,0.0,0.0,0.0,3.641
2021-11-08 02:00:00-03:00,0.0,0.0,0.0,3.096
2021-11-08 03:00:00-03:00,0.0,0.0,0.0,2.61
2021-11-08 04:00:00-03:00,0.0,0.0,0.0,2.213
2021-11-08 05:00:00-03:00,0.0,0.0,0.0,1.9
2021-11-08 06:00:00-03:00,0.079,0.079,0.019,2.193
2021-11-08 07:00:00-03:00,0.361,0.325,0.069,3.7119999999999997
2021-11-08 08:00:00-03:00,0.5680000000000001,0.535,0.107,5.869
2021-11-08 09:00:00-03:00,0.539,0.45,0.161,7.625
2021-11-08 10:00:00-03:00,0.687,0.627,0.182,9.222
2021-11-08 11:00:00-03:00,0.807,0.799,0.19,10.834
2021-11-08 12:00:00-03:00,0.716,0.63,0.233,11.868
2021-11-08 13:00:00-03:00,0.8200000000000001,0.839,0.183,12.845
2021-11-08 14:00:00-03:00,0.805,0.784,0.218,13.397
2021-11-08 15:00:00-03:00,0.8270000000000001,0.84,0.199,13.783
2021-11-08 16:00:00-03:00,0.783,0.788,0.183,13.758
2021-11-08 17:00:00-03:00,0.72,0.716,0.159,13.42
2021-11-08 18:00:00-03:00,0.583,0.551,0.134,12.838
2021-11-08 19:00:00-03:00,0.364,0.319,0.094,11.96
2021-11-08 20:00:00-03:00,0.252,0.247,0.039,10.131
2021-11-08 21:00:00-03:00,0.0,0.0,0.001,7.765
2021-11-08 22:00:00-03:00,0.0,0.0,0.0,6.664
2021-11-08 23:00:00-03:00,0.0,0.0,0.0,7.008
2021-11-09 00:00:00-03:00,0.0,0.0,0.0,5.886
2021-11-09 01:00:00-03:00,0.0,0.0,0.0,4.921
2021-11-09 02:00:00-03:00,0.0,0.0,0.0,4.511
2021-11-09 03:00:00-03:00,0.0,0.0,0.0,3.5869999999999997
2021-11-09 04:00:00-03:00,0.0,0.0,0.0,2.758
2021-11-09 05:00:00-03:00,0.0,0.0,0.0,2.609
2021-11-09 06:00:00-03:00,0.029,0.027,0.016,3.475
2021-11-09 07:00:00-03:00,0.126,0.079,0.068,5.274
2021-11-09 08:00:00-03:00,0.263,0.167,0.126,6.848
2021-11-09 09:00:00-03:00,0.492,0.392,0.168,9.689
2021-11-09 10:00:00-03:00,0.757,0.763,0.166,13.111
2021-11-09 11:00:00-03:00,0.8210000000000001,0.862,0.182,16.292
2021-11-09 12:00:00-03:00,0.838,0.896,0.193,18.633
2021-11-09 13:00:00-03:00,0.811,0.891,0.165,20.242
2021-11-09 14:00:00-03:00,0.8230000000000001,0.878,0.20400000000000001,21.247
2021-11-09 15:00:00-03:00,0.802,0.854,0.197,21.736
2021-11-09 16:00:00-03:00,0.77,0.8190000000000001,0.18,21.613
2021-11-09 17:00:00-03:00,0.752,0.8150000000000001,0.15,20.698
2021-11-09 18:00:00-03:00,0.709,0.771,0.117,18.906
2021-11-09 19:00:00-03:00,0.603,0.642,0.083,16.629
2021-11-09 20:00:00-03:00,0.391,0.41000000000000003,0.04,14.191
2021-11-09 21:00:00-03:00,0.035,0.051000000000000004,0.001,11.69
2021-11-09 22:00:00-03:00,0.0,0.0,0.0,10.211
2021-11-09 23:00:00-03:00,0.0,0.0,0.0,9.038
2021-11-10 00:00:00-03:00,0.0,0.0,0.0,8.109
2021-11-10 01:00:00-03:00,0.0,0.0,0.0,7.382
2021-11-10 02:00:00-03:00,0.0,0.0,0.0,6.917
2021-11-10 03:00:00-03:00,0.0,0.0,0.0,6.843
2021-11-10 04:00:00-03:00,0.0,0.0,0.0,6.758
2021-11-10 05:00:00-03:00,0.0,0.0,0.0,6.532
2021-11-10 06:00:00-03:00,0.002,0.002,0.007,6.364
2021-11-10 07:00:00-03:00,0.024,0.006,0.033,6.437
2021-11-10 08:00:00-03:00,0.082,0.019,0.083,6.8
2021-11-10 09:00:00-03:00,0.203,0.069,0.161,7.828
2021-11-10 10:00:00-03:00,0.47300000000000003,0.312,0.225,9.695
2021-11-10 11:00:00-03:00,0.727,0.66,0.217,11.608
2021-11-10 12:00:00-03:00,0.8130000000000001,0.796,0.215,12.97
2021-11-10 13:00:00-03:00,0.8260000000000001,0.852,0.185,13.802
2021-11-10 14:00:00-03:00,0.842,0.848,0.216,14.163
2021-11-10 15:00:00-03:00,0.837,0.852,0.20500000000000002,14.179
2021-11-10 16:00:00-03:00,0.8210000000000001,0.847,0.183,13.899000000000001
2021-11-10 17:00:00-03:00,0.782,0.809,0.156,13.346
2021-11-10 18:00:00-03:00,0.674,0.675,0.131,12.521
2021-11-10 19:00:00-03:00,0.531,0.521,0.094,11.548
2021-11-10 20:00:00-03:00,0.319,0.316,0.044,10.179
2021-11-10 21:00:00-03:00,0.003,0.011,0.001,8.433
2021-11-10 22:00:00-03:00,0.0,0.0,0.0,7.385
2021-11-10 23:00:00-03:00,0.0,0.0,0.0,6.433
2021-11-11 00:00:00-03:00,0.0,0.0,0.0,5.561
2021-11-11 01:00:00-03:00,0.0,0.0,0.0,4.629
2021-11-11 02:00:00-03:00,0.0,0.0,0.0,3.9779999999999998
2021-11-11 03:00:00-03:00,0.0,0.0,0.0,3.613
2021-11-11 04:00:00-03:00,0.0,0.0,0.0,3.302
2021-11-11 05:00:00-03:00,0.0,0.0,0.0,3.169
2021-11-11 06:00:00-03:00,0.046,0.042,0.021,3.519
2021-11-11 07:00:00-03:00,0.178,0.124,0.077,4.688
2021-11-11 08:00:00-03:00,0.359,0.267,0.132,6.933
2021-11-11 09:00:00-03:00,0.5750000000000001,0.498,0.163,9.269
2021-11-11 10:00:00-03:00,0.723,0.687,0.18,11.085
2021-11-11 11:00:00-03:00,0.777,0.754,0.201,12.558
2021-11-11 12:00:00-03:00,0.794,0.772,0.216,13.751
2021-11-11 13:00:00-03:00,0.786,0.775,0.20600000000000002,14.758
2021-11-11 14:00:00-03:00,0.79,0.766,0.225,15.491
2021-11-11 15:00:00-03:00,0.804,0.81,0.20800000000000002,16.067
2021-11-11 16:00:00-03:00,0.76,0.759,0.192,16.336
2021-11-11 17:00:00-03:00,0.647,0.608,0.177,16.222
2021-11-11 18:00:00-03:00,0.5670000000000001,0.533,0.14100000000000001,15.642
2021-11-11 19:00:00-03:00,0.427,0.395,0.099,14.327
2021-11-11 20:00:00-03:00,0.217,0.20600000000000002,0.044,12.157
2021-11-11 21:00:00-03:00,0.002,0.009000000000000001,0.002,9.521
2021-11-11 22:00:00-03:00,0.0,0.0,0.0,8.16
2021-11-11 23:00:00-03:00,0.0,0.0,0.0,7.214
2021-11-12 00:00:00-03:00,0.0,0.0,0.0,6.46
2021-11-12 01:00:00-03:00,0.0,0.0,0.0,5.771
2021-11-12 02:00:00-03:00,0.0,0.0,0.0,5.147
2021-11-12 03:00:00-03:00,0.0,0.0,0.0,4.606
2021-11-12 04:00:00-03:00,0.0,0.0,0.0,4.183
2021-11-12 05:00:00-03:00,0.0,0.0,0.0,3.876
2021-11-12 06:00:00-03:00,0.057,0.052000000000000005,0.023,4.356
2021-11-12 07:00:00-03:00,0.275,0.225,0.081,6.297
2021-11-12 08:00:00-03:00,0.403,0.319,0.132,8.297
2021-11-12 09:00:00-03:00,0.466,0.34900000000000003,0.18,9.888
2021-11-12 10:00:00-03:00,0.6990000000000001,0.648,0.187,11.53
2021-11-12 11:00:00-03:00,0.749,0.705,0.21,12.825
2021-11-12 12:00:00-03:00,0.784,0.75,0.221,13.744
2021-11-12 13:00:00-03:00,0.776,0.746,0.218,14.297
2021-11-12 14:00:00-03:00,0.781,0.741,0.231,14.655
2021-11-12 15:00:00-03:00,0.774,0.745,0.219,14.832
2021-11-12 16:00:00-03:00,0.732,0.6970000000000001,0.202,14.748
2021-11-12 17:00:00-03:00,0.672,0.636,0.176,14.424
2021-11-12 18:00:00-03:00,0.535,0.47900000000000004,0.148,13.92
2021-11-12 19:00:00-03:00,0.28200000000000003,0.22,0.10300000000000001,13.141
2021-11-12 20:00:00-03:00,0.176,0.16,0.045,11.556000000000001
2021-11-12 21:00:00-03:00,0.002,0.008,0.002,8.95
2021-11-12 22:00:00-03:00,0.0,0.0,0.0,7.864
2021-11-12 23:00:00-03:00,0.0,0.0,0.0,7.04
2021-11-13 00:00:00-03:00,0.0,0.0,0.0,6.412
2021-11-13 01:00:00-03:00,0.0,0.0,0.0,6.14
2021-11-13 02:00:00-03:00,0.0,0.0,0.0,5.893
2021-11-13 03:00:00-03:00,0.0,0.0,0.0,5.402
2021-11-13 04:00:00-03:00,0.0,0.0,0.0,4.698
2021-11-13 05:00:00-03:00,0.0,0.0,0.0,4.107
2021-11-13 06:00:00-03:00,0.10300000000000001,0.097,0.027,4.315
2021-11-13 07:00:00-03:00,0.363,0.323,0.079,6.485
2021-11-13 08:00:00-03:00,0.562,0.527,0.11800000000000001,9.081
2021-11-13 09:00:00-03:00,0.684,0.667,0.148,11.471
2021-11-13 10:00:00-03:00,0.739,0.72,0.18,12.88
2021-11-13 11:00:00-03:00,0.761,0.729,0.20800000000000002,13.911
2021-11-13 12:00:00-03:00,0.777,0.742,0.225,14.791
2021-11-13 13:00:00-03:00,0.769,0.735,0.224,15.416
2021-11-13 14:00:00-03:00,0.747,0.683,0.244,15.698
2021-11-13 15:00:00-03:00,0.724,0.659,0.234,15.616
2021-11-13 16:00:00-03:00,0.667,0.59,0.219,15.202
2021-11-13 17:00:00-03:00,0.468,0.338,0.20700000000000002,14.544
2021-11-13 18:00:00-03:00,0.28,0.164,0.157,13.665
2021-11-13 19:00:00-03:00,0.128,0.066,0.089,12.414
2021-11-13 20:00:00-03:00,0.022,0.013000000000000001,0.023,10.759
2021-11-13 21:00:00-03:00,0.0,0.0,0.001,9.133
2021-11-13 22:00:00-03:00,0.0,0.0,0.0,7.848
2021-11-13 23:00:00-03:00,0.0,0.0,0.0,6.541
2021-11-14 00:00:00-03:00,0.0,0.0,0.0,5.635
2021-11-14 01:00:00-03:00,0.0,0.0,0.0,5.228
2021-11-14 02:00:00-03:00,0.0,0.0,0.0,4.992
2021-11-14 03:00:00-03:00,0.0,0.0,0.0,4.827
2021-11-14 04:00:00-03:00,0.0,0.0,0.0,4.725
2021-11-14 05:00:00-03:00,0.0,0.0,0.0,4.598
2021-11-14 06:00:00-03:00,0.019,0.011,0.021,5.029
2021-11-14 07:00:00-03:00,0.1,0.041,0.079,5.936
2021-11-14 08:00:00-03:00,0.112,0.023,0.111,6.644
2021-11-14 09:00:00-03:00,0.098,0.009000000000000001,0.11,6.317
2021-11-14 10:00:00-03:00,0.138,0.012,0.148,5.7940000000000005
2021-11-14 11:00:00-03:00,0.223,0.028,0.221,5.8870000000000005
2021-11-14 12:00:00-03:00,0.227,0.022,0.232,5.726
2021-11-14 13:00:00-03:00,0.28,0.018000000000000002,0.292,5.837
2021-11-14 14:00:00-03:00,0.189,0.014,0.2,5.891
2021-11-14 15:00:00-03:00,0.17400000000000002,0.014,0.184,5.98
2021-11-14 16:00:00-03:00,0.184,0.021,0.187,6.124
2021-11-14 17:00:00-03:00,0.181,0.031,0.17400000000000002,6.1370000000000005
2021-11-14 18:00:00-03:00,0.159,0.04,0.14200000000000002,6.011
2021-11-14 19:00:00-03:00,0.10300000000000001,0.034,0.089,5.632
2021-11-14 20:00:00-03:00,0.038,0.02,0.034,4.929
2021-11-14 21:00:00-03:00,0.0,0.002,0.001,4.242
2021-11-14 22:00:00-03:00,0.0,0.0,0.0,3.884
2021-11-14 23:00:00-03:00,0.0,0.0,0.0,3.708
2021-11-15 00:00:00-03:00,0.0,0.0,0.0,3.665
2021-11-15 01:00:00-03:00,0.0,0.0,0.0,3.652
2021-11-15 02:00:00-03:00,0.0,0.0,0.0,3.5949999999999998
2021-11-15 03:00:00-03:00,0.0,0.0,0.0,3.605
2021-11-15 04:00:00-03:00,0.0,0.0,0.0,3.489
2021-11-15 05:00:00-03:00,0.0,0.0,0.0,3.084
2021-11-15 06:00:00-03:00,0.1,0.09,0.03,3.061
2021-11-15 07:00:00-03:00,0.315,0.259,0.085,3.977
2021-11-15 08:00:00-03:00,0.455,0.369,0.135,4.879
2021-11-15 09:00:00-03:00,0.488,0.357,0.186,5.683
2021-11-15 10:00:00-03:00,0.53,0.367,0.23,6.443
2021-11-15 11:00:00-03:00,0.461,0.24,0.275,7.11
2021-11-15 12:00:00-03:00,0.535,0.301,0.306,7.916
2021-11-15 13:00:00-03:00,0.658,0.429,0.34,8.998
2021-11-15 14:00:00-03:00,0.63,0.445,0.291,9.989
2021-11-15 15:00:00-03:00,0.612,0.445,0.27,10.729
2021-11-15 16:00:00-03:00,0.6880000000000001,0.598,0.221,11.172
2021-11-15 17:00:00-03:00,0.68,0.624,0.183,10.938
2021-11-15 18:00:00-03:00,0.662,0.64,0.14,10.338
2021-11-15 19:00:00-03:00,0.5730000000000001,0.562,0.098,9.513
2021-11-15 20:00:00-03:00,0.34,0.328,0.052000000000000005,8.311
2021-11-15 21:00:00-03:00,0.007,0.013000000000000001,0.004,6.773
2021-11-15 22:00:00-03:00,0.0,0.0,0.0,5.749
2021-11-15 23:00:00-03:00,0.0,0.0,0.0,5.045
2021-11-16 00:00:00-03:00,0.0,0.0,0.0,4.4
2021-11-16 01:00:00-03:00,0.0,0.0,0.0,4.232
2021-11-16 02:00:00-03:00,0.0,0.0,0.0,3.979
2021-11-16 03:00:00-03:00,0.0,0.0,0.0,3.419
2021-11-16 04:00:00-03:00,0.0,0.0,0.0,2.854
2021-11-16 05:00:00-03:00,0.0,0.0,0.0,2.336
2021-11-16 06:00:00-03:00,0.03,0.02,0.025,2.563
2021-11-16 07:00:00-03:00,0.053,0.014,0.057,3.247
2021-11-16 08:00:00-03:00,0.073,0.01,0.081,3.668
2021-11-16 09:00:00-03:00,0.095,0.009000000000000001,0.105,4.149
2021-11-16 10:00:00-03:00,0.131,0.012,0.14,5.342
2021-11-16 11:00:00-03:00,0.147,0.011,0.159,6.9
2021-11-16 12:00:00-03:00,0.159,0.01,0.17300000000000001,6.909
2021-11-16 13:00:00-03:00,0.257,0.016,0.271,7.535
2021-11-16 14:00:00-03:00,0.429,0.151,0.338,11.072
2021-11-16 15:00:00-03:00,0.421,0.171,0.31,12.44
2021-11-16 16:00:00-03:00,0.418,0.199,0.278,12.012
2021-11-16 17:00:00-03:00,0.542,0.402,0.226,11.862
2021-11-16 18:00:00-03:00,0.462,0.35100000000000003,0.178,11.606
2021-11-16 19:00:00-03:00,0.333,0.256,0.121,10.955
2021-11-16 20:00:00-03:00,0.083,0.058,0.047,10.024
2021-11-16 21:00:00-03:00,0.004,0.01,0.003,9.074
2021-11-16 22:00:00-03:00,0.0,0.0,0.0,8.424
2021-11-16 23:00:00-03:00,0.0,0.0,0.0,7.982
2021-11-17 00:00:00-03:00,0.0,0.0,0.0,7.527
2021-11-17 01:00:00-03:00,0.0,0.0,0.0,6.921
2021-11-17 02:00:00-03:00,0.0,0.0,0.0,6.447
2021-11-17 03:00:00-03:00,0.0,0.0,0.0,6.14
2021-11-17 04:00:00-03:00,0.0,0.0,0.0,5.831
2021-11-17 05:00:00-03:00,0.0,0.0,0.0,5.689
2021-11-17 06:00:00-03:00,0.03,0.021,0.024,5.8260000000000005
2021-11-17 07:00:00-03:00,0.094,0.042,0.07200000000000001,6.427
2021-11-17 08:00:00-03:00,0.21,0.101,0.136,7.37
2021-11-17 09:00:00-03:00,0.444,0.308,0.192,8.616
2021-11-17 10:00:00-03:00,0.543,0.394,0.229,9.695
2021-11-17 11:00:00-03:00,0.584,0.41400000000000003,0.262,10.103
2021-11-17 12:00:00-03:00,0.6880000000000001,0.547,0.268,10.266
2021-11-17 13:00:00-03:00,0.747,0.632,0.267,10.456
2021-11-17 14:00:00-03:00,0.759,0.666,0.251,10.541
2021-11-17 15:00:00-03:00,0.785,0.728,0.227,10.593
2021-11-17 16:00:00-03:00,0.8290000000000001,0.8320000000000001,0.189,10.698
2021-11-17 17:00:00-03:00,0.804,0.8220000000000001,0.16,10.462
2021-11-17 18:00:00-03:00,0.735,0.746,0.131,9.625
2021-11-17 19:00:00-03:00,0.602,0.594,0.098,8.382
2021-11-17 20:00:00-03:00,0.35000000000000003,0.334,0.055,6.854
2021-11-17 21:00:00-03:00,0.002,0.006,0.004,5.477
2021-11-17 22:00:00-03:00,0.0,0.0,0.0,4.69
2021-11-17 23:00:00-03:00,0.0,0.0,0.0,3.947
2021-11-18 00:00:00-03:00,0.0,0.0,0.0,3.449
2021-11-18 01:00:00-03:00,0.0,0.0,0.0,3.293
2021-11-18 02:00:00-03:00,0.0,0.0,0.0,3.117
2021-11-18 03:00:00-03:00,0.0,0.0,0.0,2.66
2021-11-18 04:00:00-03:00,0.0,0.0,0.0,2.141
2021-11-18 05:00:00-03:00,0.0,0.0,0.0,1.77
2021-11-18 06:00:00-03:00,0.112,0.096,0.035,1.901
2021-11-18 07:00:00-03:00,0.359,0.30000000000000004,0.092,3.217
2021-11-18 08:00:00-03:00,0.51,0.429,0.139,4.923
2021-11-18 09:00:00-03:00,0.667,0.601,0.169,6.53
2021-11-18 10:00:00-03:00,0.684,0.586,0.213,8.015
2021-11-18 11:00:00-03:00,0.725,0.622,0.241,9.451
2021-11-18 12:00:00-03:00,0.8170000000000001,0.773,0.232,10.772
2021-11-18 13:00:00-03:00,0.8190000000000001,0.793,0.219,11.714
2021-11-18 14:00:00-03:00,0.743,0.631,0.272,12.223
2021-11-18 15:00:00-03:00,0.307,0.078,0.27,11.362
2021-11-18 16:00:00-03:00,0.14200000000000002,0.015,0.152,9.865
2021-11-18 17:00:00-03:00,0.10200000000000001,0.011,0.113,8.83
2021-11-18 18:00:00-03:00,0.077,0.011,0.08700000000000001,8.745
2021-11-18 19:00:00-03:00,0.031,0.005,0.042,8.734
2021-11-18 20:00:00-03:00,0.012,0.005,0.019,8.703
2021-11-18 21:00:00-03:00,0.0,0.002,0.002,8.615
2021-11-18 22:00:00-03:00,0.0,0.0,0.0,8.373
2021-11-18 23:00:00-03:00,0.0,0.0,0.0,7.99
2021-11-19 00:00:00-03:00,0.0,0.0,0.0,7.645
2021-11-19 01:00:00-03:00,0.0,0.0,0.0,7.496
2021-11-19 02:00:00-03:00,0.0,0.0,0.0,7.35
2021-11-19 03:00:00-03:00,0.0,0.0,0.0,7.155
2021-11-19 04:00:00-03:00,0.0,0.0,0.0,7.01
2021-11-19 05:00:00-03:00,0.0,0.0,0.0,7.053
2021-11-19 06:00:00-03:00,0.005,0.003,0.012,7.331
2021-11-19 07:00:00-03:00,0.041,0.01,0.048,7.819
2021-11-19 08:00:00-03:00,0.196,0.084,0.14,8.75
2021-11-19 09:00:00-03:00,0.30000000000000004,0.137,0.201,9.738
2021-11-19 10:00:00-03:00,0.427,0.233,0.252,10.688
2021-11-19 11:00:00-03:00,0.5740000000000001,0.391,0.277,11.696
2021-11-19 12:00:00-03:00,0.681,0.532,0.28400000000000003,12.62
2021-11-19 13:00:00-03:00,0.7010000000000001,0.523,0.323,13.106
2021-11-19 14:00:00-03:00,0.558,0.327,0.326,12.934
2021-11-19 15:00:00-03:00,0.708,0.598,0.259,13.229
2021-11-19 16:00:00-03:00,0.684,0.589,0.233,13.184
2021-11-19 17:00:00-03:00,0.625,0.537,0.203,12.732
2021-11-19 18:00:00-03:00,0.558,0.487,0.162,11.916
2021-11-19 19:00:00-03:00,0.369,0.298,0.11800000000000001,10.657
2021-11-19 20:00:00-03:00,0.132,0.10200000000000001,0.054,9.267
2021-11-19 21:00:00-03:00,0.004,0.008,0.004,8.102
2021-11-19 22:00:00-03:00,0.0,0.0,0.0,7.2780000000000005
2021-11-19 23:00:00-03:00,0.0,0.0,0.0,6.784
2021-11-20 00:00:00-03:00,0.0,0.0,0.0,6.362
2021-11-20 01:00:00-03:00,0.0,0.0,0.0,5.8870000000000005
2021-11-20 02:00:00-03:00,0.0,0.0,0.0,5.391
2021-11-20 03:00:00-03:00,0.0,0.0,0.0,4.889
2021-11-20 04:00:00-03:00,0.0,0.0,0.0,4.429
2021-11-20 05:00:00-03:00,0.0,0.001,0.0,3.911
2021-11-20 06:00:00-03:00,0.084,0.068,0.035,3.776
2021-11-20 07:00:00-03:00,0.301,0.23800000000000002,0.093,4.365
2021-11-20 08:00:00-03:00,0.41100000000000003,0.309,0.145,5.271
2021-11-20 09:00:00-03:00,0.483,0.34700000000000003,0.193,6.344
2021-11-20 10:00:00-03:00,0.548,0.389,0.233,7.418
2021-11-20 11:00:00-03:00,0.534,0.33,0.277,8.409
2021-11-20 12:00:00-03:00,0.7020000000000001,0.561,0.268,9.303
2021-11-20 13:00:00-03:00,0.727,0.5760000000000001,0.29,9.616
2021-11-20 14:00:00-03:00,0.72,0.586,0.27,9.523
2021-11-20 15:00:00-03:00,0.758,0.67,0.23900000000000002,9.351
2021-11-20 16:00:00-03:00,0.664,0.544,0.233,8.92
2021-11-20 17:00:00-03:00,0.683,0.612,0.188,8.554
2021-11-20 18:00:00-03:00,0.5750000000000001,0.5,0.157,7.933
2021-11-20 19:00:00-03:00,0.40700000000000003,0.339,0.115,7.05
2021-11-20 20:00:00-03:00,0.241,0.21,0.058,5.888
2021-11-20 21:00:00-03:00,0.007,0.011,0.006,4.745
2021-11-20 22:00:00-03:00,0.0,0.0,0.0,3.932
2021-11-20 23:00:00-03:00,0.0,0.0,0.0,3.301
2021-11-21 00:00:00-03:00,0.0,0.0,0.0,2.789
2021-11-21 01:00:00-03:00,0.0,0.0,0.0,2.414
2021-11-21 02:00:00-03:00,0.0,0.0,0.0,2.129
2021-11-21 03:00:00-03:00,0.0,0.0,0.0,1.858
2021-11-21 04:00:00-03:00,0.0,0.0,0.0,1.63
2021-11-21 05:00:00-03:00,0.0,0.001,0.001,1.357
2021-11-21 06:00:00-03:00,0.073,0.054,0.037,1.612
2021-11-21 07:00:00-03:00,0.186,0.11,0.098,2.664
2021-11-21 08:00:00-03:00,0.308,0.178,0.159,3.724
2021-11-21 09:00:00-03:00,0.352,0.17300000000000001,0.213,4.639
2021-11-21 10:00:00-03:00,0.384,0.164,0.26,5.601
2021-11-21 11:00:00-03:00,0.263,0.047,0.245,5.933
2021-11-21 12:00:00-03:00,0.323,0.06,0.298,6.44
2021-11-21 13:00:00-03:00,0.47200000000000003,0.109,0.42,7.155
2021-11-21 14:00:00-03:00,0.442,0.152,0.343,7.796
2021-11-21 15:00:00-03:00,0.456,0.198,0.315,8.226
2021-11-21 16:00:00-03:00,0.421,0.193,0.279,8.414
2021-11-21 17:00:00-03:00,0.369,0.178,0.234,8.424
2021-11-21 18:00:00-03:00,0.292,0.148,0.179,8.154
2021-11-21 19:00:00-03:00,0.178,0.09,0.114,7.491
2021-11-21 20:00:00-03:00,0.037,0.017,0.036000000000000004,6.243
2021-11-21 21:00:00-03:00,0.0,0.003,0.003,4.864
2021-11-21 22:00:00-03:00,0.0,0.0,0.0,3.895
2021-11-21 23:00:00-03:00,0.0,0.0,0.0,3.162
2021-11-22 00:00:00-03:00,0.0,0.0,0.0,2.658
2021-11-22 01:00:00-03:00,0.0,0.0,0.0,2.37
2021-11-22 02:00:00-03:00,0.0,0.0,0.0,2.088
2021-11-22 03:00:00-03:00,0.0,0.0,0.0,1.8719999999999999
2021-11-22 04:00:00-03:00,0.0,0.0,0.0,1.732
2021-11-22 05:00:00-03:00,0.0,0.001,0.001,1.538
2021-11-22 06:00:00-03:00,0.067,0.05,0.035,1.786
2021-11-22 07:00:00-03:00,0.23,0.157,0.097,2.8040000000000003
2021-11-22 08:00:00-03:00,0.428,0.322,0.148,4.015
2021-11-22 09:00:00-03:00,0.41600000000000004,0.254,0.20400000000000001,4.855
2021-11-22 10:00:00-03:00,0.447,0.245,0.251,5.627
2021-11-22 11:00:00-03:00,0.529,0.31,0.28600000000000003,6.523
2021-11-22 12:00:00-03:00,0.611,0.39,0.311,7.3870000000000005
2021-11-22 13:00:00-03:00,0.687,0.465,0.34,8.281
2021-11-22 14:00:00-03:00,0.679,0.502,0.294,8.937
2021-11-22 15:00:00-03:00,0.717,0.594,0.257,9.45
2021-11-22 16:00:00-03:00,0.746,0.677,0.217,9.783
2021-11-22 17:00:00-03:00,0.7000000000000001,0.641,0.188,9.779
2021-11-22 18:00:00-03:00,0.679,0.654,0.146,9.556000000000001
2021-11-22 19:00:00-03:00,0.34800000000000003,0.269,0.12,8.815
2021-11-22 20:00:00-03:00,0.097,0.066,0.052000000000000005,7.628
2021-11-22 21:00:00-03:00,0.004,0.007,0.005,5.68
2021-11-22 22:00:00-03:00,0.0,0.0,0.0,5.069
2021-11-22 23:00:00-03:00,0.0,0.0,0.0,4.727
2021-11-23 00:00:00-03:00,0.0,0.0,0.0,4.639
2021-11-23 01:00:00-03:00,0.0,0.0,0.0,4.526
2021-11-23 02:00:00-03:00,0.0,0.0,0.0,3.893
2021-11-23 03:00:00-03:00,0.0,0.0,0.0,3.685
2021-11-23 04:00:00-03:00,0.0,0.0,0.0,3.56
2021-11-23 05:00:00-03:00,0.0,0.0,0.0,3.313
2021-11-23 06:00:00-03:00,0.011,0.005,0.018000000000000002,3.565
2021-11-23 07:00:00-03:00,0.051000000000000004,0.012,0.056,4.416
2021-11-23 08:00:00-03:00,0.095,0.017,0.098,5.264
2021-11-23 09:00:00-03:00,0.13,0.018000000000000002,0.133,5.977
2021-11-23 10:00:00-03:00,0.186,0.027,0.184,7.362
2021-11-23 11:00:00-03:00,0.275,0.055,0.255,9.303
2021-11-23 12:00:00-03:00,0.5720000000000001,0.33,0.335,11.193
2021-11-23 13:00:00-03:00,0.741,0.595,0.305,12.395
2021-11-23 14:00:00-03:00,0.742,0.625,0.28,12.815
2021-11-23 15:00:00-03:00,0.6970000000000001,0.5660000000000001,0.273,12.922
2021-11-23 16:00:00-03:00,0.6910000000000001,0.59,0.241,12.843
2021-11-23 17:00:00-03:00,0.662,0.585,0.20400000000000001,12.472
2021-11-23 18:00:00-03:00,0.56,0.481,0.17,11.821
2021-11-23 19:00:00-03:00,0.406,0.336,0.125,10.881
2021-11-23 20:00:00-03:00,0.149,0.113,0.062,9.582
2021-11-23 21:00:00-03:00,0.032,0.04,0.008,7.958
2021-11-23 22:00:00-03:00,0.0,0.0,0.0,6.631
2021-11-23 23:00:00-03:00,0.0,0.0,0.0,5.76
2021-11-24 00:00:00-03:00,0.0,0.0,0.0,5.356
2021-11-24 01:00:00-03:00,0.0,0.0,0.0,5.14
2021-11-24 02:00:00-03:00,0.0,0.0,0.0,4.842
2021-11-24 03:00:00-03:00,0.0,0.0,0.0,4.463
2021-11-24 04:00:00-03:00,0.0,0.0,0.0,4.232
2021-11-24 05:00:00-03:00,0.0,0.004,0.001,4.095
2021-11-24 06:00:00-03:00,0.139,0.11900000000000001,0.041,4.499
2021-11-24 07:00:00-03:00,0.382,0.33,0.092,5.973
2021-11-24 08:00:00-03:00,0.5630000000000001,0.513,0.129,7.731
2021-11-24 09:00:00-03:00,0.647,0.589,0.165,9.134
2021-11-24 10:00:00-03:00,0.715,0.659,0.194,10.323
2021-11-24 11:00:00-03:00,0.747,0.685,0.219,11.416
2021-11-24 12:00:00-03:00,0.722,0.62,0.253,12.192
2021-11-24 13:00:00-03:00,0.754,0.68,0.244,13.14
2021-11-24 14:00:00-03:00,0.796,0.763,0.228,14.022
2021-11-24 15:00:00-03:00,0.8170000000000001,0.8190000000000001,0.21,14.671
2021-11-24 16:00:00-03:00,0.801,0.8160000000000001,0.19,14.983
2021-11-24 17:00:00-03:00,0.7000000000000001,0.676,0.179,14.903
2021-11-24 18:00:00-03:00,0.468,0.377,0.167,14.457
2021-11-24 19:00:00-03:00,0.195,0.115,0.112,13.685
2021-11-24 20:00:00-03:00,0.075,0.049,0.048,12.041
2021-11-24 21:00:00-03:00,0.01,0.014,0.007,9.813
2021-11-24 22:00:00-03:00,0.0,0.0,0.0,8.796
2021-11-24 23:00:00-03:00,0.0,0.0,0.0,8.29
2021-11-25 00:00:00-03:00,0.0,0.0,0.0,7.85
2021-11-25 01:00:00-03:00,0.0,0.0,0.0,7.513
2021-11-25 02:00:00-03:00,0.0,0.0,0.0,7.298
2021-11-25 03:00:00-03:00,0.0,0.0,0.0,6.969
2021-11-25 04:00:00-03:00,0.0,0.0,0.0,6.756
2021-11-25 05:00:00-03:00,0.0,0.0,0.001,6.456
2021-11-25 06:00:00-03:00,0.05,0.032,0.036000000000000004,6.302
2021-11-25 07:00:00-03:00,0.28700000000000003,0.216,0.10300000000000001,6.7
2021-11-25 08:00:00-03:00,0.528,0.452,0.14400000000000002,7.341
2021-11-25 09:00:00-03:00,0.655,0.587,0.177,8.792
2021-11-25 10:00:00-03:00,0.676,0.579,0.219,10.374
2021-11-25 11:00:00-03:00,0.501,0.275,0.30000000000000004,11.159
2021-11-25 12:00:00-03:00,0.506,0.23900000000000002,0.34400000000000003,11.737
2021-11-25 13:00:00-03:00,0.559,0.229,0.422,11.873
2021-11-25 14:00:00-03:00,0.554,0.30000000000000004,0.343,11.775
2021-11-25 15:00:00-03:00,0.525,0.294,0.311,11.46
2021-11-25 16:00:00-03:00,0.387,0.164,0.275,10.99
2021-11-25 17:00:00-03:00,0.257,0.08,0.21,10.311
2021-11-25 18:00:00-03:00,0.19,0.062,0.156,9.706
2021-11-25 19:00:00-03:00,0.20500000000000002,0.114,0.12,9.268
2021-11-25 20:00:00-03:00,0.17200000000000001,0.133,0.065,8.553
2021-11-25 21:00:00-03:00,0.023,0.029,0.009000000000000001,7.382
2021-11-25 22:00:00-03:00,0.0,0.0,0.0,6.498
2021-11-25 23:00:00-03:00,0.0,0.0,0.0,5.75
2021-11-26 00:00:00-03:00,0.0,0.0,0.0,4.95
2021-11-26 01:00:00-03:00,0.0,0.0,0.0,4.092
2021-11-26 02:00:00-03:00,0.0,0.0,0.0,3.375
2021-11-26 03:00:00-03:00,0.0,0.0,0.0,2.874
2021-11-26 04:00:00-03:00,0.0,0.0,0.0,2.454
2021-11-26 05:00:00-03:00,0.001,0.006,0.002,2.076
2021-11-26 06:00:00-03:00,0.065,0.045,0.038,2.867
2021-11-26 07:00:00-03:00,0.139,0.069,0.091,4.184
2021-11-26 08:00:00-03:00,0.41300000000000003,0.304,0.154,6.177
2021-11-26 09:00:00-03:00,0.5740000000000001,0.467,0.188,7.969
2021-11-26 10:00:00-03:00,0.5760000000000001,0.426,0.23700000000000002,9.288
2021-11-26 11:00:00-03:00,0.5730000000000001,0.383,0.281,10.5
2021-11-26 12:00:00-03:00,0.74,0.639,0.257,12.007
2021-11-26 13:00:00-03:00,0.778,0.723,0.23700000000000002,13.258
2021-11-26 14:00:00-03:00,0.8250000000000001,0.8160000000000001,0.223,14.272
2021-11-26 15:00:00-03:00,0.775,0.731,0.233,14.722
2021-11-26 16:00:00-03:00,0.6880000000000001,0.605,0.23,14.598
2021-11-26 17:00:00-03:00,0.584,0.47900000000000004,0.211,14.036
2021-11-26 18:00:00-03:00,0.353,0.224,0.18,13.013
2021-11-26 19:00:00-03:00,0.147,0.067,0.107,11.759
2021-11-26 20:00:00-03:00,0.032,0.014,0.035,10.117
2021-11-26 21:00:00-03:00,0.0,0.002,0.003,8.575
2021-11-26 22:00:00-03:00,0.0,0.0,0.0,7.635
2021-11-26 23:00:00-03:00,0.0,0.0,0.0,7.004
2021-11-27 00:00:00-03:00,0.0,0.0,0.0,6.398
2021-11-27 01:00:00-03:00,0.0,0.0,0.0,5.748
2021-11-27 02:00:00-03:00,0.0,0.0,0.0,5.169
2021-11-27 03:00:00-03:00,0.0,0.0,0.0,4.715
2021-11-27 04:00:00-03:00,0.0,0.0,0.0,4.136
2021-11-27 05:00:00-03:00,0.002,0.007,0.002,3.637
2021-11-27 06:00:00-03:00,0.124,0.098,0.046,4.517
2021-11-27 07:00:00-03:00,0.433,0.383,0.098,5.898
2021-11-27 08:00:00-03:00,0.593,0.541,0.137,7.401
2021-11-27 09:00:00-03:00,0.659,0.59,0.179,8.862
2021-11-27 10:00:00-03:00,0.742,0.687,0.20400000000000001,10.386
2021-11-27 11:00:00-03:00,0.795,0.757,0.221,11.858
2021-11-27 12:00:00-03:00,0.785,0.723,0.246,13.126
2021-11-27 13:00:00-03:00,0.767,0.681,0.268,14.2
2021-11-27 14:00:00-03:00,0.6990000000000001,0.556,0.297,14.9
2021-11-27 15:00:00-03:00,0.361,0.112,0.303,14.55
2021-11-27 16:00:00-03:00,0.161,0.019,0.17200000000000001,13.846
2021-11-27 17:00:00-03:00,0.134,0.018000000000000002,0.14300000000000002,13.611
2021-11-27 18:00:00-03:00,0.074,0.009000000000000001,0.08700000000000001,13.149
2021-11-27 19:00:00-03:00,0.034,0.005,0.046,12.218
2021-11-27 20:00:00-03:00,0.01,0.003,0.019,10.958
2021-11-27 21:00:00-03:00,0.0,0.001,0.002,9.966
2021-11-27 22:00:00-03:00,0.0,0.0,0.0,9.262
2021-11-27 23:00:00-03:00,0.0,0.0,0.0,8.492
2021-11-28 00:00:00-03:00,0.0,0.0,0.0,7.913
2021-11-28 01:00:00-03:00,0.0,0.0,0.0,7.591
2021-11-28 02:00:00-03:00,0.0,0.0,0.0,7.367
2021-11-28 03:00:00-03:00,0.0,0.0,0.0,6.979
2021-11-28 04:00:00-03:00,0.0,0.0,0.0,6.791
2021-11-28 05:00:00-03:00,0.0,0.0,0.001,6.628
2021-11-28 06:00:00-03:00,0.006,0.002,0.013000000000000001,6.956
2021-11-28 07:00:00-03:00,0.03,0.005,0.04,7.877
2021-11-28 08:00:00-03:00,0.148,0.042,0.131,9.131
2021-11-28 09:00:00-03:00,0.434,0.276,0.216,10.217
2021-11-28 10:00:00-03:00,0.592,0.447,0.244,11.202
2021-11-28 11:00:00-03:00,0.621,0.451,0.281,12.025
2021-11-28 12:00:00-03:00,0.731,0.614,0.274,12.789
2021-11-28 13:00:00-03:00,0.769,0.679,0.267,13.229
2021-11-28 14:00:00-03:00,0.75,0.644,0.275,13.38
2021-11-28 15:00:00-03:00,0.619,0.435,0.298,12.97
2021-11-28 16:00:00-03:00,0.483,0.273,0.28200000000000003,12.144
2021-11-28 17:00:00-03:00,0.391,0.20500000000000002,0.23900000000000002,11.212
2021-11-28 18:00:00-03:00,0.397,0.262,0.187,10.508
2021-11-28 19:00:00-03:00,0.382,0.30000000000000004,0.13,9.749
2021-11-28 20:00:00-03:00,0.223,0.182,0.07,8.454
2021-11-28 21:00:00-03:00,0.024,0.028,0.011,7.034
2021-11-28 22:00:00-03:00,0.0,0.0,0.0,6.162
2021-11-28 23:00:00-03:00,0.0,0.0,0.0,5.676
2021-11-29 00:00:00-03:00,0.0,0.0,0.0,5.42
2021-11-29 01:00:00-03:00,0.0,0.0,0.0,5.261
2021-11-29 02:00:00-03:00,0.0,0.0,0.0,5.146
2021-11-29 03:00:00-03:00,0.0,0.0,0.0,5.084
2021-11-29 04:00:00-03:00,0.0,0.0,0.0,5.05
2021-11-29 05:00:00-03:00,0.001,0.006,0.002,5.027
2021-11-29 06:00:00-03:00,0.133,0.107,0.048,5.415
2021-11-29 07:00:00-03:00,0.34900000000000003,0.28300000000000003,0.10300000000000001,6.378
2021-11-29 08:00:00-03:00,0.438,0.334,0.156,7.208
2021-11-29 09:00:00-03:00,0.534,0.405,0.2,7.9350000000000005
2021-11-29 10:00:00-03:00,0.599,0.453,0.23800000000000002,8.913
2021-11-29 11:00:00-03:00,0.649,0.493,0.268,9.943
2021-11-29 12:00:00-03:00,0.687,0.523,0.291,10.428
2021-11-29 13:00:00-03:00,0.722,0.554,0.311,10.773
2021-11-29 14:00:00-03:00,0.718,0.5750000000000001,0.28600000000000003,11.039
2021-11-29 15:00:00-03:00,0.629,0.448,0.29,10.905
2021-11-29 16:00:00-03:00,0.5630000000000001,0.384,0.267,10.748
2021-11-29 17:00:00-03:00,0.56,0.426,0.222,10.516
2021-11-29 18:00:00-03:00,0.325,0.182,0.183,9.742
2021-11-29 19:00:00-03:00,0.085,0.023,0.083,8.799
2021-11-29 20:00:00-03:00,0.019,0.007,0.027,7.6129999999999995
2021-11-29 21:00:00-03:00,0.004,0.007,0.006,6.606
2021-11-29 22:00:00-03:00,0.0,0.0,0.0,6.308
2021-11-29 23:00:00-03:00,0.0,0.0,0.0,6.275
2021-11-30 00:00:00-03:00,0.0,0.0,0.0,6.288
2021-11-30 01:00:00-03:00,0.0,0.0,0.0,6.219
2021-11-30 02:00:00-03:00,0.0,0.0,0.0,6.084
2021-11-30 03:00:00-03:00,0.0,0.0,0.0,5.912
2021-11-30 04:00:00-03:00,0.0,0.0,0.0,5.57
2021-11-30 05:00:00-03:00,0.004,0.01,0.003,5.141
2021-11-30 06:00:00-03:00,0.10400000000000001,0.08,0.045,5.601
2021-11-30 07:00:00-03:00,0.381,0.325,0.098,6.961
2021-11-30 08:00:00-03:00,0.582,0.538,0.13,8.82
2021-11-30 09:00:00-03:00,0.662,0.617,0.165,10.642
2021-11-30 10:00:00-03:00,0.714,0.667,0.194,12.366
2021-11-30 11:00:00-03:00,0.791,0.784,0.201,14.075
2021-11-30 12:00:00-03:00,0.8160000000000001,0.8310000000000001,0.202,15.58
2021-11-30 13:00:00-03:00,0.805,0.843,0.178,16.664
2021-11-30 14:00:00-03:00,0.8220000000000001,0.847,0.20600000000000002,17.411
2021-11-30 15:00:00-03:00,0.8140000000000001,0.839,0.20500000000000002,17.811
2021-11-30 16:00:00-03:00,0.789,0.8130000000000001,0.19,17.766
2021-11-30 17:00:00-03:00,0.719,0.72,0.17400000000000002,17.192
2021-11-30 18:00:00-03:00,0.453,0.356,0.17300000000000001,16.019
2021-11-30 19:00:00-03:00,0.34500000000000003,0.274,0.124,14.752
2021-11-30 20:00:00-03:00,0.185,0.15,0.067,13.415
2021-11-30 21:00:00-03:00,0.053,0.06,0.013000000000000001,11.434
2021-11-30 22:00:00-03:00,0.0,0.0,0.0,9.563
2021-11-30 23:00:00-03:00,0.0,0.0,0.0,8.913
2021-12-01 00:00:00-03:00,0.0,0.0,0.0,8.608
2021-12-01 01:00:00-03:00,0.0,0.0,0.0,8.325
2021-12-01 02:00:00-03:00,0.0,0.0,0.0,7.948
2021-12-01 03:00:00-03:00,0.0,0.0,0.0,7.562
2021-12-01 04:00:00-03:00,0.0,0.0,0.0,7.201
2021-12-01 05:00:00-03:00,0.0,0.001,0.001,6.889
2021-12-01 06:00:00-03:00,0.013000000000000001,0.005,0.02,6.865
2021-12-01 07:00:00-03:00,0.04,0.008,0.049,7.061
2021-12-01 08:00:00-03:00,0.084,0.013000000000000001,0.092,7.425
2021-12-01 09:00:00-03:00,0.169,0.033,0.162,8.209
2021-12-01 10:00:00-03:00,0.375,0.158,0.264,9.684
2021-12-01 11:00:00-03:00,0.706,0.592,0.254,11.575
2021-12-01 12:00:00-03:00,0.8260000000000001,0.811,0.222,13.034
2021-12-01 13:00:00-03:00,0.809,0.792,0.218,13.844
2021-12-01 14:00:00-03:00,0.728,0.607,0.28300000000000003,13.995
2021-12-01 15:00:00-03:00,0.656,0.501,0.28600000000000003,13.736
2021-12-01 16:00:00-03:00,0.623,0.481,0.259,13.286
2021-12-01 17:00:00-03:00,0.562,0.432,0.226,12.696
2021-12-01 18:00:00-03:00,0.521,0.425,0.178,12.116
2021-12-01 19:00:00-03:00,0.332,0.244,0.133,11.111
2021-12-01 20:00:00-03:00,0.214,0.171,0.073,9.852
2021-12-01 21:00:00-03:00,0.062,0.067,0.014,8.239
2021-12-01 22:00:00-03:00,0.0,0.0,0.0,6.941
2021-12-01 23:00:00-03:00,0.0,0.0,0.0,6.182
2021-12-02 00:00:00-03:00,0.0,0.0,0.0,5.607
2021-12-02 01:00:00-03:00,0.0,0.0,0.0,5.086
2021-12-02 02:00:00-03:00,0.0,0.0,0.0,4.513
2021-12-02 03:00:00-03:00,0.0,0.0,0.0,4.185
2021-12-02 04:00:00-03:00,0.0,0.0,0.0,4.023
2021-12-02 05:00:00-03:00,0.009000000000000001,0.016,0.004,4.003
2021-12-02 06:00:00-03:00,0.165,0.136,0.051000000000000004,5.011
2021-12-02 07:00:00-03:00,0.311,0.23700000000000002,0.108,6.739
2021-12-02 08:00:00-03:00,0.517,0.437,0.15,8.305
2021-12-02 09:00:00-03:00,0.655,0.589,0.179,9.694
2021-12-02 10:00:00-03:00,0.719,0.653,0.20800000000000002,10.886
2021-12-02 11:00:00-03:00,0.736,0.651,0.23900000000000002,11.89
2021-12-02 12:00:00-03:00,0.716,0.588,0.278,12.78
2021-12-02 13:00:00-03:00,0.635,0.371,0.385,13.162
2021-12-02 14:00:00-03:00,0.555,0.301,0.35000000000000003,13.23
2021-12-02 15:00:00-03:00,0.352,0.10200000000000001,0.299,12.659
2021-12-02 16:00:00-03:00,0.296,0.083,0.255,12.522
2021-12-02 17:00:00-03:00,0.261,0.083,0.215,12.464
2021-12-02 18:00:00-03:00,0.279,0.135,0.182,12.121
2021-12-02 19:00:00-03:00,0.165,0.076,0.117,11.179
2021-12-02 20:00:00-03:00,0.089,0.052000000000000005,0.06,10.01
2021-12-02 21:00:00-03:00,0.012,0.015,0.009000000000000001,8.869
2021-12-02 22:00:00-03:00,0.0,0.0,0.0,7.904
2021-12-02 23:00:00-03:00,0.0,0.0,0.0,6.842
2021-12-03 00:00:00-03:00,0.0,0.0,0.0,5.932
2021-12-03 01:00:00-03:00,0.0,0.0,0.0,5.416
2021-12-03 02:00:00-03:00,0.0,0.0,0.0,5.253
2021-12-03 03:00:00-03:00,0.0,0.0,0.0,5.035
2021-12-03 04:00:00-03:00,0.0,0.0,0.0,4.857
2021-12-03 05:00:00-03:00,0.002,0.006,0.003,4.691
2021-12-03 06:00:00-03:00,0.08600000000000001,0.06,0.045,5.042
2021-12-03 07:00:00-03:00,0.275,0.198,0.107,6.065
2021-12-03 08:00:00-03:00,0.557,0.493,0.14,7.408
2021-12-03 09:00:00-03:00,0.665,0.607,0.171,8.862
2021-12-03 10:00:00-03:00,0.784,0.771,0.182,10.485
2021-12-03 11:00:00-03:00,0.805,0.789,0.20500000000000002,12.014
2021-12-03 12:00:00-03:00,0.802,0.778,0.22,13.352
2021-12-03 13:00:00-03:00,0.785,0.761,0.217,14.507
2021-12-03 14:00:00-03:00,0.804,0.79,0.224,15.473
2021-12-03 15:00:00-03:00,0.807,0.807,0.215,16.051
2021-12-03 16:00:00-03:00,0.768,0.757,0.203,16.016
2021-12-03 17:00:00-03:00,0.53,0.403,0.221,15.198
2021-12-03 18:00:00-03:00,0.324,0.189,0.183,13.903
2021-12-03 19:00:00-03:00,0.198,0.108,0.121,12.505
2021-12-03 20:00:00-03:00,0.059000000000000004,0.029,0.05,10.968
2021-12-03 21:00:00-03:00,0.006,0.008,0.008,9.41
2021-12-03 22:00:00-03:00,0.0,0.0,0.0,8.387
2021-12-03 23:00:00-03:00,0.0,0.0,0.0,7.859
2021-12-04 00:00:00-03:00,0.0,0.0,0.0,7.715
2021-12-04 01:00:00-03:00,0.0,0.0,0.0,7.705
2021-12-04 02:00:00-03:00,0.0,0.0,0.0,7.634
2021-12-04 03:00:00-03:00,0.0,0.0,0.0,7.515
2021-12-04 04:00:00-03:00,0.0,0.0,0.0,7.373
2021-12-04 05:00:00-03:00,0.0,0.001,0.002,7.275
2021-12-04 06:00:00-03:00,0.019,0.006,0.026000000000000002,7.485
2021-12-04 07:00:00-03:00,0.066,0.014,0.07200000000000001,8.166
2021-12-04 08:00:00-03:00,0.093,0.012,0.10300000000000001,9.127
2021-12-04 09:00:00-03:00,0.11900000000000001,0.012,0.131,10.343
2021-12-04 10:00:00-03:00,0.176,0.019,0.187,12.018
2021-12-04 11:00:00-03:00,0.23600000000000002,0.028,0.244,13.492
2021-12-04 12:00:00-03:00,0.28300000000000003,0.032,0.293,13.988
2021-12-04 13:00:00-03:00,0.358,0.036000000000000004,0.376,14.24
2021-12-04 14:00:00-03:00,0.381,0.078,0.362,14.808
2021-12-04 15:00:00-03:00,0.269,0.038,0.273,14.652
2021-12-04 16:00:00-03:00,0.227,0.032,0.231,14.172
2021-12-04 17:00:00-03:00,0.221,0.045,0.212,13.616
2021-12-04 18:00:00-03:00,0.212,0.065,0.181,12.983
2021-12-04 19:00:00-03:00,0.2,0.095,0.136,12.185
2021-12-04 20:00:00-03:00,0.164,0.113,0.079,11.147
2021-12-04 21:00:00-03:00,0.079,0.085,0.015,9.692
2021-12-04 22:00:00-03:00,0.0,0.0,0.0,8.37
2021-12-04 23:00:00-03:00,0.0,0.0,0.0,7.49
2021-12-05 00:00:00-03:00,0.0,0.0,0.0,6.765
2021-12-05 01:00:00-03:00,0.0,0.0,0.0,6.487
2021-12-05 02:00:00-03:00,0.0,0.0,0.0,6.419
2021-12-05 03:00:00-03:00,0.0,0.0,0.0,6.31
2021-12-05 04:00:00-03:00,0.0,0.0,0.0,6.188
2021-12-05 05:00:00-03:00,0.0,0.003,0.003,6.064
2021-12-05 06:00:00-03:00,0.038,0.02,0.036000000000000004,6.329
2021-12-05 07:00:00-03:00,0.166,0.088,0.10300000000000001,7.089
2021-12-05 08:00:00-03:00,0.559,0.495,0.14400000000000002,8.438
2021-12-05 09:00:00-03:00,0.604,0.512,0.189,9.789
2021-12-05 10:00:00-03:00,0.62,0.491,0.23500000000000001,10.903
2021-12-05 11:00:00-03:00,0.619,0.451,0.278,11.729
2021-12-05 12:00:00-03:00,0.671,0.505,0.297,12.493
2021-12-05 13:00:00-03:00,0.7030000000000001,0.529,0.321,13.189
2021-12-05 14:00:00-03:00,0.724,0.604,0.279,13.731
2021-12-05 15:00:00-03:00,0.637,0.47300000000000003,0.28800000000000003,13.789
2021-12-05 16:00:00-03:00,0.6000000000000001,0.449,0.26,13.475
2021-12-05 17:00:00-03:00,0.47100000000000003,0.308,0.23600000000000002,12.924
2021-12-05 18:00:00-03:00,0.419,0.293,0.187,12.317
2021-12-05 19:00:00-03:00,0.293,0.2,0.133,11.377
2021-12-05 20:00:00-03:00,0.17400000000000002,0.129,0.073,10.276
2021-12-05 21:00:00-03:00,0.022,0.023,0.014,8.961
2021-12-05 22:00:00-03:00,0.0,0.0,0.0,7.625
2021-12-05 23:00:00-03:00,0.0,0.0,0.0,6.547
2021-12-06 00:00:00-03:00,0.0,0.0,0.0,5.6370000000000005
2021-12-06 01:00:00-03:00,0.0,0.0,0.0,4.812
2021-12-06 02:00:00-03:00,0.0,0.0,0.0,4.246
2021-12-06 03:00:00-03:00,0.0,0.0,0.0,4.474
2021-12-06 04:00:00-03:00,0.0,0.0,0.0,4.64
2021-12-06 05:00:00-03:00,0.0,0.001,0.002,4.557
2021-12-06 06:00:00-03:00,0.013000000000000001,0.004,0.022,5.162
2021-12-06 07:00:00-03:00,0.037,0.005,0.049,6.038
2021-12-06 08:00:00-03:00,0.062,0.005,0.075,7.02
2021-12-06 09:00:00-03:00,0.10300000000000001,0.008,0.117,8.161
2021-12-06 10:00:00-03:00,0.127,0.008,0.14300000000000002,9.721
2021-12-06 11:00:00-03:00,0.105,0.004,0.124,11.461
2021-12-06 12:00:00-03:00,0.128,0.005,0.15,13.13
2021-12-06 13:00:00-03:00,0.48,0.10200000000000001,0.462,16.246
2021-12-06 14:00:00-03:00,0.596,0.334,0.389,18.319
2021-12-06 15:00:00-03:00,0.503,0.243,0.358,18.425
2021-12-06 16:00:00-03:00,0.357,0.115,0.303,17.568
2021-12-06 17:00:00-03:00,0.227,0.047,0.219,16.426
2021-12-06 18:00:00-03:00,0.153,0.03,0.154,15.139
2021-12-06 19:00:00-03:00,0.061,0.009000000000000001,0.073,13.447
2021-12-06 20:00:00-03:00,0.03,0.008,0.039,12.1
2021-12-06 21:00:00-03:00,0.005,0.007,0.007,10.969
2021-12-06 22:00:00-03:00,0.0,0.0,0.0,9.992
2021-12-06 23:00:00-03:00,0.0,0.0,0.0,8.878
2021-12-07 00:00:00-03:00,0.0,0.0,0.0,7.729
2021-12-07 01:00:00-03:00,0.0,0.0,0.0,6.8469999999999995
2021-12-07 02:00:00-03:00,0.0,0.0,0.0,6.2620000000000005
2021-12-07 03:00:00-03:00,0.0,0.0,0.0,5.898
2021-12-07 04:00:00-03:00,0.0,0.0,0.0,5.633
2021-12-07 05:00:00-03:00,0.003,0.007,0.004,5.448
2021-12-07 06:00:00-03:00,0.042,0.019,0.039,5.659
2021-12-07 07:00:00-03:00,0.055,0.011,0.062,5.979
2021-12-07 08:00:00-03:00,0.08,0.01,0.09,6.255
2021-12-07 09:00:00-03:00,0.124,0.014,0.132,6.665
2021-12-07 10:00:00-03:00,0.199,0.027,0.198,7.421
2021-12-07 11:00:00-03:00,0.47400000000000003,0.211,0.326,9.038
2021-12-07 12:00:00-03:00,0.484,0.179,0.372,9.72
2021-12-07 13:00:00-03:00,0.5750000000000001,0.217,0.447,10.033
2021-12-07 14:00:00-03:00,0.5640000000000001,0.273,0.377,10.103
2021-12-07 15:00:00-03:00,0.539,0.28200000000000003,0.336,9.922
2021-12-07 16:00:00-03:00,0.487,0.254,0.299,9.6
2021-12-07 17:00:00-03:00,0.429,0.229,0.254,9.368
2021-12-07 18:00:00-03:00,0.462,0.325,0.197,9.206
2021-12-07 19:00:00-03:00,0.397,0.305,0.14,8.742
2021-12-07 20:00:00-03:00,0.229,0.177,0.081,7.921
2021-12-07 21:00:00-03:00,0.098,0.10300000000000001,0.016,6.555
2021-12-07 22:00:00-03:00,0.0,0.0,0.0,4.748
2021-12-07 23:00:00-03:00,0.0,0.0,0.0,3.959
2021-12-08 00:00:00-03:00,0.0,0.0,0.0,3.345
2021-12-08 01:00:00-03:00,0.0,0.0,0.0,2.859
2021-12-08 02:00:00-03:00,0.0,0.0,0.0,2.44
2021-12-08 03:00:00-03:00,0.0,0.0,0.0,1.953
2021-12-08 04:00:00-03:00,0.0,0.0,0.0,1.476
2021-12-08 05:00:00-03:00,0.031,0.04,0.006,1.2650000000000001
2021-12-08 06:00:00-03:00,0.23,0.2,0.054,3.176
2021-12-08 07:00:00-03:00,0.443,0.391,0.1,5.429
2021-12-08 08:00:00-03:00,0.38,0.261,0.161,7.29
2021-12-08 09:00:00-03:00,0.426,0.267,0.211,8.842
2021-12-08 10:00:00-03:00,0.785,0.779,0.179,11.266
2021-12-08 11:00:00-03:00,0.803,0.799,0.2,13.544
2021-12-08 12:00:00-03:00,0.8240000000000001,0.844,0.2,15.404
2021-12-08 13:00:00-03:00,0.774,0.763,0.212,16.826
2021-12-08 14:00:00-03:00,0.678,0.554,0.28300000000000003,17.855
2021-12-08 15:00:00-03:00,0.718,0.661,0.241,18.961
2021-12-08 16:00:00-03:00,0.593,0.47500000000000003,0.249,19.487
2021-12-08 17:00:00-03:00,0.521,0.40700000000000003,0.22,19.688
2021-12-08 18:00:00-03:00,0.665,0.685,0.14300000000000002,19.732
2021-12-08 19:00:00-03:00,0.45,0.41000000000000003,0.123,18.678
2021-12-08 20:00:00-03:00,0.241,0.20700000000000002,0.075,16.47
2021-12-08 21:00:00-03:00,0.15,0.161,0.018000000000000002,13.469
2021-12-08 22:00:00-03:00,0.0,0.0,0.0,11.182
2021-12-08 23:00:00-03:00,0.0,0.0,0.0,9.813
2021-12-09 00:00:00-03:00,0.0,0.0,0.0,8.837
2021-12-09 01:00:00-03:00,0.0,0.0,0.0,8.656
2021-12-09 02:00:00-03:00,0.0,0.0,0.0,9.113
2021-12-09 03:00:00-03:00,0.0,0.0,0.0,9.267
2021-12-09 04:00:00-03:00,0.0,0.0,0.0,9.166
2021-12-09 05:00:00-03:00,0.001,0.004,0.004,9.095
2021-12-09 06:00:00-03:00,0.012,0.005,0.02,9.536
2021-12-09 07:00:00-03:00,0.037,0.007,0.048,9.767
2021-12-09 08:00:00-03:00,0.14100000000000001,0.037,0.129,10.198
2021-12-09 09:00:00-03:00,0.222,0.063,0.191,10.922
2021-12-09 10:00:00-03:00,0.375,0.162,0.265,12.213
2021-12-09 11:00:00-03:00,0.6950000000000001,0.593,0.251,14.282
2021-12-09 12:00:00-03:00,0.785,0.756,0.231,15.933
2021-12-09 13:00:00-03:00,0.803,0.8210000000000001,0.2,16.989
2021-12-09 14:00:00-03:00,0.8150000000000001,0.8250000000000001,0.219,17.551
2021-12-09 15:00:00-03:00,0.805,0.81,0.218,17.737
2021-12-09 16:00:00-03:00,0.77,0.767,0.20600000000000002,17.545
2021-12-09 17:00:00-03:00,0.6900000000000001,0.659,0.192,17.024
2021-12-09 18:00:00-03:00,0.607,0.5680000000000001,0.162,16.237
2021-12-09 19:00:00-03:00,0.445,0.389,0.129,15.181
2021-12-09 20:00:00-03:00,0.364,0.341,0.076,13.93
2021-12-09 21:00:00-03:00,0.11900000000000001,0.125,0.018000000000000002,11.925
2021-12-09 22:00:00-03:00,0.0,0.0,0.0,9.846
2021-12-09 23:00:00-03:00,0.0,0.0,0.0,8.712
2021-12-10 00:00:00-03:00,0.0,0.0,0.0,7.724
2021-12-10 01:00:00-03:00,0.0,0.0,0.0,6.948
2021-12-10 02:00:00-03:00,0.0,0.0,0.0,6.243
2021-12-10 03:00:00-03:00,0.0,0.0,0.0,5.663
2021-12-10 04:00:00-03:00,0.0,0.0,0.0,5.23
2021-12-10 05:00:00-03:00,0.015,0.022,0.006,5.198
2021-12-10 06:00:00-03:00,0.06,0.033,0.045,6.719
2021-12-10 07:00:00-03:00,0.116,0.045,0.094,7.957
2021-12-10 08:00:00-03:00,0.23,0.098,0.163,9.656
2021-12-10 09:00:00-03:00,0.229,0.064,0.197,10.842
2021-12-10 10:00:00-03:00,0.219,0.039,0.213,11.665
2021-12-10 11:00:00-03:00,0.315,0.074,0.28500000000000003,12.798
2021-12-10 12:00:00-03:00,0.426,0.135,0.357,13.989
2021-12-10 13:00:00-03:00,0.435,0.09,0.41400000000000003,14.587
2021-12-10 14:00:00-03:00,0.51,0.226,0.374,15.504
2021-12-10 15:00:00-03:00,0.709,0.606,0.27,16.62
2021-12-10 16:00:00-03:00,0.721,0.665,0.231,17.2
2021-12-10 17:00:00-03:00,0.686,0.646,0.2,17.355
2021-12-10 18:00:00-03:00,0.612,0.5740000000000001,0.167,17.074
2021-12-10 19:00:00-03:00,0.395,0.322,0.137,16.3
2021-12-10 20:00:00-03:00,0.297,0.262,0.081,15.005
2021-12-10 21:00:00-03:00,0.187,0.199,0.018000000000000002,12.1
2021-12-10 22:00:00-03:00,0.0,0.0,0.0,10.014
2021-12-10 23:00:00-03:00,0.0,0.0,0.0,8.919
2021-12-11 00:00:00-03:00,0.0,0.0,0.0,7.8629999999999995
2021-12-11 01:00:00-03:00,0.0,0.0,0.0,6.922
2021-12-11 02:00:00-03:00,0.0,0.0,0.0,6.196
2021-12-11 03:00:00-03:00,0.0,0.0,0.0,5.86
2021-12-11 04:00:00-03:00,0.0,0.0,0.0,6.035
2021-12-11 05:00:00-03:00,0.003,0.007,0.004,6.14
2021-12-11 06:00:00-03:00,0.042,0.022,0.037,7.013
2021-12-11 07:00:00-03:00,0.155,0.079,0.1,8.098
2021-12-11 08:00:00-03:00,0.354,0.234,0.164,9.649000000000001
2021-12-11 09:00:00-03:00,0.5730000000000001,0.47400000000000003,0.192,11.236
2021-12-11 10:00:00-03:00,0.742,0.712,0.192,12.922
2021-12-11 11:00:00-03:00,0.801,0.801,0.201,14.383
2021-12-11 12:00:00-03:00,0.811,0.8190000000000001,0.20700000000000002,15.662
2021-12-11 13:00:00-03:00,0.799,0.8250000000000001,0.188,16.688
2021-12-11 14:00:00-03:00,0.808,0.8220000000000001,0.21,17.405
2021-12-11 15:00:00-03:00,0.798,0.808,0.211,17.8
2021-12-11 16:00:00-03:00,0.769,0.777,0.197,17.915
2021-12-11 17:00:00-03:00,0.731,0.742,0.17300000000000001,17.804
2021-12-11 18:00:00-03:00,0.631,0.615,0.152,17.062
2021-12-11 19:00:00-03:00,0.323,0.242,0.132,15.705
2021-12-11 20:00:00-03:00,0.338,0.312,0.075,14.281
2021-12-11 21:00:00-03:00,0.116,0.123,0.018000000000000002,11.833
2021-12-11 22:00:00-03:00,0.0,0.0,0.0,10.105
2021-12-11 23:00:00-03:00,0.0,0.0,0.0,8.955
2021-12-12 00:00:00-03:00,0.0,0.0,0.0,8.22
2021-12-12 01:00:00-03:00,0.0,0.0,0.0,8.056
2021-12-12 02:00:00-03:00,0.0,0.0,0.0,7.645
2021-12-12 03:00:00-03:00,0.0,0.0,0.0,6.959
2021-12-12 04:00:00-03:00,0.0,0.0,0.0,7.248
2021-12-12 05:00:00-03:00,0.004,0.008,0.005,8.269
2021-12-12 06:00:00-03:00,0.025,0.011,0.03,8.482
2021-12-12 07:00:00-03:00,0.064,0.017,0.066,7.902
2021-12-12 08:00:00-03:00,0.368,0.245,0.166,8.436
2021-12-12 09:00:00-03:00,0.716,0.6910000000000001,0.163,10.302
2021-12-12 10:00:00-03:00,0.785,0.779,0.183,11.798
2021-12-12 11:00:00-03:00,0.719,0.629,0.23900000000000002,12.261
2021-12-12 12:00:00-03:00,0.711,0.584,0.273,12.158
2021-12-12 13:00:00-03:00,0.735,0.61,0.28,12.03
2021-12-12 14:00:00-03:00,0.774,0.6970000000000001,0.248,11.591
2021-12-12 15:00:00-03:00,0.809,0.774,0.221,11.064
2021-12-12 16:00:00-03:00,0.762,0.709,0.212,10.553
2021-12-12 17:00:00-03:00,0.715,0.665,0.187,10.097
2021-12-12 18:00:00-03:00,0.654,0.611,0.154,9.479
2021-12-12 19:00:00-03:00,0.537,0.493,0.12,8.599
2021-12-12 20:00:00-03:00,0.299,0.255,0.078,7.489
2021-12-12 21:00:00-03:00,0.032,0.031,0.017,6.314
2021-12-12 22:00:00-03:00,0.0,0.0,0.0,5.445
2021-12-12 23:00:00-03:00,0.0,0.0,0.0,4.835
2021-12-13 00:00:00-03:00,0.0,0.0,0.0,4.33
2021-12-13 01:00:00-03:00,0.0,0.0,0.0,3.74
2021-12-13 02:00:00-03:00,0.0,0.0,0.0,3.235
2021-12-13 03:00:00-03:00,0.0,0.0,0.0,2.842
2021-12-13 04:00:00-03:00,0.0,0.0,0.0,2.518
2021-12-13 05:00:00-03:00,0.001,0.004,0.005,2.597
2021-12-13 06:00:00-03:00,0.012,0.003,0.02,3.024
2021-12-13 07:00:00-03:00,0.037,0.005,0.049,3.747
2021-12-13 08:00:00-03:00,0.095,0.012,0.10300000000000001,4.73
2021-12-13 09:00:00-03:00,0.158,0.02,0.161,5.713
2021-12-13 10:00:00-03:00,0.20400000000000001,0.024,0.20600000000000002,6.5120000000000005
2021-12-13 11:00:00-03:00,0.191,0.014,0.202,6.753
2021-12-13 12:00:00-03:00,0.195,0.011,0.21,6.775
2021-12-13 13:00:00-03:00,0.259,0.013000000000000001,0.277,7.171
2021-12-13 14:00:00-03:00,0.352,0.05,0.34400000000000003,8.5
2021-12-13 15:00:00-03:00,0.389,0.099,0.339,9.696
2021-12-13 16:00:00-03:00,0.369,0.112,0.304,10.436
2021-12-13 17:00:00-03:00,0.34,0.124,0.26,10.886
2021-12-13 18:00:00-03:00,0.306,0.138,0.209,10.957
2021-12-13 19:00:00-03:00,0.216,0.10300000000000001,0.14400000000000002,10.525
2021-12-13 20:00:00-03:00,0.084,0.037,0.068,9.75
2021-12-13 21:00:00-03:00,0.033,0.035,0.014,8.636
2021-12-13 22:00:00-03:00,0.0,0.0,0.0,7.691
2021-12-13 23:00:00-03:00,0.0,0.0,0.0,7.038
2021-12-14 00:00:00-03:00,0.0,0.0,0.0,6.615
2021-12-14 01:00:00-03:00,0.0,0.0,0.0,6.5969999999999995
2021-12-14 02:00:00-03:00,0.0,0.0,0.0,6.801
2021-12-14 03:00:00-03:00,0.0,0.0,0.0,6.882
2021-12-14 04:00:00-03:00,0.0,0.0,0.0,6.751
2021-12-14 05:00:00-03:00,0.002,0.006,0.004,6.514
2021-12-14 06:00:00-03:00,0.064,0.038,0.046,6.8260000000000005
2021-12-14 07:00:00-03:00,0.126,0.052000000000000005,0.096,7.596
2021-12-14 08:00:00-03:00,0.293,0.159,0.169,8.724
2021-12-14 09:00:00-03:00,0.298,0.121,0.214,9.807
2021-12-14 10:00:00-03:00,0.296,0.088,0.247,10.711
2021-12-14 11:00:00-03:00,0.531,0.312,0.303,12.153
2021-12-14 12:00:00-03:00,0.666,0.499,0.301,13.469
2021-12-14 13:00:00-03:00,0.806,0.808,0.20400000000000001,14.84
2021-12-14 14:00:00-03:00,0.8240000000000001,0.8300000000000001,0.215,15.58
2021-12-14 15:00:00-03:00,0.8140000000000001,0.8140000000000001,0.216,15.737
2021-12-14 16:00:00-03:00,0.787,0.786,0.202,15.598
2021-12-14 17:00:00-03:00,0.741,0.737,0.179,15.142
2021-12-14 18:00:00-03:00,0.656,0.635,0.154,14.284
2021-12-14 19:00:00-03:00,0.529,0.494,0.122,12.981
2021-12-14 20:00:00-03:00,0.278,0.23600000000000002,0.08,11.444
2021-12-14 21:00:00-03:00,0.025,0.024,0.016,10.044
2021-12-14 22:00:00-03:00,0.0,0.0,0.0,8.997
2021-12-14 23:00:00-03:00,0.0,0.0,0.0,8.12
2021-12-15 00:00:00-03:00,0.0,0.0,0.0,7.4879999999999995
2021-12-15 01:00:00-03:00,0.0,0.0,0.0,7.164
2021-12-15 02:00:00-03:00,0.0,0.0,0.0,7.023
2021-12-15 03:00:00-03:00,0.0,0.0,0.0,7.077
2021-12-15 04:00:00-03:00,0.0,0.0,0.0,7.183
2021-12-15 05:00:00-03:00,0.001,0.003,0.004,7.293
2021-12-15 06:00:00-03:00,0.061,0.032,0.049,7.57
2021-12-15 07:00:00-03:00,0.229,0.136,0.122,8.347
2021-12-15 08:00:00-03:00,0.301,0.156,0.183,9.476
2021-12-15 09:00:00-03:00,0.256,0.074,0.216,10.474
2021-12-15 10:00:00-03:00,0.23600000000000002,0.04,0.229,11.182
2021-12-15 11:00:00-03:00,0.28200000000000003,0.047,0.274,12.231
2021-12-15 12:00:00-03:00,0.436,0.128,0.375,13.932
2021-12-15 13:00:00-03:00,0.601,0.273,0.447,15.46
2021-12-15 14:00:00-03:00,0.507,0.199,0.399,15.893
2021-12-15 15:00:00-03:00,0.47900000000000004,0.212,0.35100000000000003,16.3
2021-12-15 16:00:00-03:00,0.262,0.049,0.255,15.519
2021-12-15 17:00:00-03:00,0.169,0.023,0.177,14.398
2021-12-15 18:00:00-03:00,0.148,0.028,0.148,13.636
2021-12-15 19:00:00-03:00,0.124,0.036000000000000004,0.114,12.927
2021-12-15 20:00:00-03:00,0.053,0.018000000000000002,0.054,12.073
2021-12-15 21:00:00-03:00,0.01,0.011,0.011,11.051
2021-12-15 22:00:00-03:00,0.0,0.0,0.0,10.091
2021-12-15 23:00:00-03:00,0.0,0.0,0.0,9.373
2021-12-16 00:00:00-03:00,0.0,0.0,0.0,8.779
2021-12-16 01:00:00-03:00,0.0,0.0,0.0,8.14
2021-12-16 02:00:00-03:00,0.0,0.0,0.0,7.618
2021-12-16 03:00:00-03:00,0.0,0.0,0.0,7.143
2021-12-16 04:00:00-03:00,0.0,0.0,0.0,6.758
2021-12-16 05:00:00-03:00,0.003,0.006,0.005,6.494
2021-12-16 06:00:00-03:00,0.054,0.026000000000000002,0.046,6.704
2021-12-16 07:00:00-03:00,0.257,0.163,0.124,7.556
2021-12-16 08:00:00-03:00,0.589,0.519,0.159,9.004
2021-12-16 09:00:00-03:00,0.552,0.41200000000000003,0.225,10.479
2021-12-16 10:00:00-03:00,0.557,0.37,0.279,12.049
2021-12-16 11:00:00-03:00,0.5670000000000001,0.34,0.326,13.269
2021-12-16 12:00:00-03:00,0.35100000000000003,0.063,0.338,13.032
2021-12-16 13:00:00-03:00,0.334,0.03,0.35000000000000003,12.734
2021-12-16 14:00:00-03:00,0.249,0.021,0.266,12.912
2021-12-16 15:00:00-03:00,0.19,0.015,0.20700000000000002,13.373
2021-12-16 16:00:00-03:00,0.17200000000000001,0.016,0.186,13.821
2021-12-16 17:00:00-03:00,0.138,0.014,0.151,13.855
2021-12-16 18:00:00-03:00,0.126,0.019,0.133,13.685
2021-12-16 19:00:00-03:00,0.128,0.039,0.116,13.44
2021-12-16 20:00:00-03:00,0.095,0.048,0.07100000000000001,12.819
2021-12-16 21:00:00-03:00,0.024,0.022,0.017,11.808
2021-12-16 22:00:00-03:00,0.0,0.0,0.0,10.824
2021-12-16 23:00:00-03:00,0.0,0.0,0.0,10.081
2021-12-17 00:00:00-03:00,0.0,0.0,0.0,9.61
2021-12-17 01:00:00-03:00,0.0,0.0,0.0,9.383
2021-12-17 02:00:00-03:00,0.0,0.0,0.0,9.248
2021-12-17 03:00:00-03:00,0.0,0.0,0.0,9.152
2021-12-17 04:00:00-03:00,0.0,0.0,0.0,9.012
2021-12-17 05:00:00-03:00,0.0,0.002,0.003,8.801
2021-12-17 06:00:00-03:00,0.025,0.009000000000000001,0.032,8.979
2021-12-17 07:00:00-03:00,0.14300000000000002,0.06,0.108,9.778
2021-12-17 08:00:00-03:00,0.23900000000000002,0.1,0.17300000000000001,10.935
2021-12-17 09:00:00-03:00,0.35100000000000003,0.163,0.23700000000000002,12.196
2021-12-17 10:00:00-03:00,0.481,0.27,0.28700000000000003,13.452
2021-12-17 11:00:00-03:00,0.544,0.315,0.326,14.493
2021-12-17 12:00:00-03:00,0.523,0.23700000000000002,0.379,15.151
2021-12-17 13:00:00-03:00,0.545,0.19,0.455,15.516
2021-12-17 14:00:00-03:00,0.357,0.063,0.34900000000000003,15.096
2021-12-17 15:00:00-03:00,0.314,0.061,0.301,14.82
2021-12-17 16:00:00-03:00,0.269,0.053,0.257,14.533
2021-12-17 17:00:00-03:00,0.297,0.098,0.244,14.444
2021-12-17 18:00:00-03:00,0.245,0.091,0.191,13.974
2021-12-17 19:00:00-03:00,0.149,0.054,0.124,13.239
2021-12-17 20:00:00-03:00,0.09,0.044,0.069,12.44
2021-12-17 21:00:00-03:00,0.037,0.037,0.018000000000000002,11.058
2021-12-17 22:00:00-03:00,0.0,0.0,0.0,9.507
2021-12-17 23:00:00-03:00,0.0,0.0,0.0,8.708
2021-12-18 00:00:00-03:00,0.0,0.0,0.0,8.155
2021-12-18 01:00:00-03:00,0.0,0.0,0.0,8.0
2021-12-18 02:00:00-03:00,0.0,0.0,0.0,8.019
2021-12-18 03:00:00-03:00,0.0,0.0,0.0,8.057
2021-12-18 04:00:00-03:00,0.0,0.0,0.0,7.698
2021-12-18 05:00:00-03:00,0.041,0.05,0.008,7.374
2021-12-18 06:00:00-03:00,0.28400000000000003,0.26,0.057,8.218
2021-12-18 07:00:00-03:00,0.521,0.499,0.097,9.997
2021-12-18 08:00:00-03:00,0.645,0.634,0.13,11.933
2021-12-18 09:00:00-03:00,0.629,0.5680000000000001,0.181,13.614
2021-12-18 10:00:00-03:00,0.624,0.521,0.227,15.094
2021-12-18 11:00:00-03:00,0.716,0.654,0.233,16.645
2021-12-18 12:00:00-03:00,0.786,0.785,0.216,18.138
2021-12-18 13:00:00-03:00,0.792,0.833,0.186,19.362
2021-12-18 14:00:00-03:00,0.796,0.8220000000000001,0.209,20.234
2021-12-18 15:00:00-03:00,0.79,0.8150000000000001,0.209,20.715
2021-12-18 16:00:00-03:00,0.765,0.788,0.195,20.55
2021-12-18 17:00:00-03:00,0.652,0.614,0.193,19.456
2021-12-18 18:00:00-03:00,0.30000000000000004,0.165,0.186,17.437
2021-12-18 19:00:00-03:00,0.146,0.062,0.115,15.61
2021-12-18 20:00:00-03:00,0.149,0.10400000000000001,0.074,14.449
2021-12-18 21:00:00-03:00,0.044,0.043000000000000003,0.019,13.203
2021-12-18 22:00:00-03:00,0.0,0.0,0.0,11.954
2021-12-18 23:00:00-03:00,0.0,0.0,0.0,10.759
2021-12-19 00:00:00-03:00,0.0,0.0,0.0,9.753
2021-12-19 01:00:00-03:00,0.0,0.0,0.0,9.093
2021-12-19 02:00:00-03:00,0.0,0.0,0.0,8.6
2021-12-19 03:00:00-03:00,0.0,0.0,0.0,7.746
2021-12-19 04:00:00-03:00,0.0,0.0,0.0,6.693
2021-12-19 05:00:00-03:00,0.047,0.056,0.008,5.698
2021-12-19 06:00:00-03:00,0.264,0.23500000000000001,0.058,5.622
2021-12-19 07:00:00-03:00,0.482,0.435,0.10200000000000001,6.158
2021-12-19 08:00:00-03:00,0.5720000000000001,0.505,0.145,6.929
2021-12-19 09:00:00-03:00,0.656,0.581,0.18,7.872
2021-12-19 10:00:00-03:00,0.704,0.619,0.211,8.886
2021-12-19 11:00:00-03:00,0.7020000000000001,0.583,0.248,9.776
2021-12-19 12:00:00-03:00,0.718,0.587,0.27,10.357
2021-12-19 13:00:00-03:00,0.719,0.5630000000000001,0.297,10.595
2021-12-19 14:00:00-03:00,0.642,0.433,0.321,10.602
2021-12-19 15:00:00-03:00,0.67,0.52,0.274,11.026
2021-12-19 16:00:00-03:00,0.6980000000000001,0.605,0.229,11.315
2021-12-19 17:00:00-03:00,0.712,0.668,0.185,11.115
2021-12-19 18:00:00-03:00,0.592,0.523,0.164,10.317
2021-12-19 19:00:00-03:00,0.499,0.445,0.123,9.393
2021-12-19 20:00:00-03:00,0.182,0.131,0.077,8.05
2021-12-19 21:00:00-03:00,0.032,0.029,0.019,6.757
2021-12-19 22:00:00-03:00,0.0,0.0,0.0,5.989
2021-12-19 23:00:00-03:00,0.0,0.0,0.0,5.46
2021-12-20 00:00:00-03:00,0.0,0.0,0.0,5.169
2021-12-20 01:00:00-03:00,0.0,0.0,0.0,4.96
2021-12-20 02:00:00-03:00,0.0,0.0,0.0,4.836
2021-12-20 03:00:00-03:00,0.0,0.0,0.0,4.854
2021-12-20 04:00:00-03:00,0.0,0.0,0.0,4.978
2021-12-20 05:00:00-03:00,0.003,0.006,0.005,5.221
2021-12-20 06:00:00-03:00,0.034,0.014,0.036000000000000004,5.677
2021-12-20 07:00:00-03:00,0.171,0.084,0.112,6.693
2021-12-20 08:00:00-03:00,0.458,0.342,0.17400000000000002,8.444
2021-12-20 09:00:00-03:00,0.61,0.504,0.20600000000000002,10.476
2021-12-20 10:00:00-03:00,0.558,0.379,0.27,11.827
2021-12-20 11:00:00-03:00,0.591,0.387,0.309,13.028
2021-12-20 12:00:00-03:00,0.704,0.554,0.304,14.451
2021-12-20 13:00:00-03:00,0.765,0.667,0.28200000000000003,14.95
2021-12-20 14:00:00-03:00,0.562,0.279,0.383,14.22
2021-12-20 15:00:00-03:00,0.41300000000000003,0.138,0.335,13.3
2021-12-20 16:00:00-03:00,0.322,0.089,0.278,12.499
2021-12-20 17:00:00-03:00,0.218,0.045,0.20500000000000002,11.562
2021-12-20 18:00:00-03:00,0.17400000000000002,0.042,0.16,10.943
2021-12-20 19:00:00-03:00,0.084,0.017,0.088,10.192
2021-12-20 20:00:00-03:00,0.024,0.006,0.034,9.472
2021-12-20 21:00:00-03:00,0.002,0.002,0.007,9.008
2021-12-20 22:00:00-03:00,0.0,0.0,0.0,8.682
2021-12-20 23:00:00-03:00,0.0,0.0,0.0,8.249
2021-12-21 00:00:00-03:00,0.0,0.0,0.0,7.756
2021-12-21 01:00:00-03:00,0.0,0.0,0.0,7.612
2021-12-21 02:00:00-03:00,0.0,0.0,0.0,7.475
2021-12-21 03:00:00-03:00,0.0,0.0,0.0,7.323
2021-12-21 04:00:00-03:00,0.0,0.0,0.0,7.162
2021-12-21 05:00:00-03:00,0.003,0.005,0.006,7.008
2021-12-21 06:00:00-03:00,0.015,0.004,0.025,7.437
2021-12-21 07:00:00-03:00,0.061,0.01,0.07,8.183
2021-12-21 08:00:00-03:00,0.17500000000000002,0.043000000000000003,0.158,9.367
2021-12-21 09:00:00-03:00,0.167,0.022,0.17200000000000001,10.313
2021-12-21 10:00:00-03:00,0.162,0.013000000000000001,0.176,10.814
2021-12-21 11:00:00-03:00,0.177,0.012,0.194,11.473
2021-12-21 12:00:00-03:00,0.209,0.012,0.229,12.167
2021-12-21 13:00:00-03:00,0.366,0.035,0.384,12.772
2021-12-21 14:00:00-03:00,0.30000000000000004,0.029,0.314,13.018
2021-12-21 15:00:00-03:00,0.302,0.044,0.302,13.402
2021-12-21 16:00:00-03:00,0.263,0.041,0.261,13.528
2021-12-21 17:00:00-03:00,0.185,0.024,0.192,13.252
2021-12-21 18:00:00-03:00,0.135,0.019,0.14300000000000002,12.875
2021-12-21 19:00:00-03:00,0.079,0.012,0.089,12.273
2021-12-21 20:00:00-03:00,0.03,0.006,0.041,11.506
2021-12-21 21:00:00-03:00,0.004,0.005,0.009000000000000001,10.682
2021-12-21 22:00:00-03:00,0.0,0.0,0.0,9.833
2021-12-21 23:00:00-03:00,0.0,0.0,0.0,9.144
2021-12-22 00:00:00-03:00,0.0,0.0,0.0,8.674
2021-12-22 01:00:00-03:00,0.0,0.0,0.0,8.29
2021-12-22 02:00:00-03:00,0.0,0.0,0.0,7.948
2021-12-22 03:00:00-03:00,0.0,0.0,0.0,7.592
2021-12-22 04:00:00-03:00,0.0,0.0,0.0,7.397
2021-12-22 05:00:00-03:00,0.003,0.006,0.005,7.324
2021-12-22 06:00:00-03:00,0.04,0.019,0.038,7.715
2021-12-22 07:00:00-03:00,0.187,0.10300000000000001,0.11,8.685
2021-12-22 08:00:00-03:00,0.589,0.536,0.147,10.265
2021-12-22 09:00:00-03:00,0.704,0.674,0.17200000000000001,12.167
2021-12-22 10:00:00-03:00,0.729,0.685,0.20700000000000002,14.063
2021-12-22 11:00:00-03:00,0.738,0.677,0.23700000000000002,15.775
2021-12-22 12:00:00-03:00,0.71,0.604,0.275,16.958
2021-12-22 13:00:00-03:00,0.746,0.677,0.261,18.009
2021-12-22 14:00:00-03:00,0.788,0.782,0.228,18.983
2021-12-22 15:00:00-03:00,0.68,0.578,0.27,19.32
2021-12-22 16:00:00-03:00,0.599,0.47000000000000003,0.261,19.316
2021-12-22 17:00:00-03:00,0.397,0.223,0.245,18.719
2021-12-22 18:00:00-03:00,0.277,0.136,0.189,17.881
2021-12-22 19:00:00-03:00,0.20600000000000002,0.111,0.132,16.887
2021-12-22 20:00:00-03:00,0.183,0.137,0.08,15.725
2021-12-22 21:00:00-03:00,0.073,0.073,0.023,14.122
2021-12-22 22:00:00-03:00,0.0,0.0,0.0,12.524000000000001
2021-12-22 23:00:00-03:00,0.0,0.0,0.0,11.492
2021-12-23 00:00:00-03:00,0.0,0.0,0.0,10.803
2021-12-23 01:00:00-03:00,0.0,0.0,0.0,10.181
2021-12-23 02:00:00-03:00,0.0,0.0,0.0,9.599
2021-12-23 03:00:00-03:00,0.0,0.0,0.0,9.311
2021-12-23 04:00:00-03:00,0.0,0.0,0.0,9.389
2021-12-23 05:00:00-03:00,0.004,0.008,0.005,9.505
2021-12-23 06:00:00-03:00,0.036000000000000004,0.017,0.037,9.959
2021-12-23 07:00:00-03:00,0.165,0.084,0.108,10.744
2021-12-23 08:00:00-03:00,0.47600000000000003,0.383,0.165,12.104
2021-12-23 09:00:00-03:00,0.67,0.625,0.181,13.811
2021-12-23 10:00:00-03:00,0.757,0.744,0.198,15.529
2021-12-23 11:00:00-03:00,0.783,0.77,0.22,17.083
2021-12-23 12:00:00-03:00,0.773,0.741,0.241,18.233
2021-12-23 13:00:00-03:00,0.717,0.604,0.296,18.722
2021-12-23 14:00:00-03:00,0.5680000000000001,0.325,0.362,18.556
2021-12-23 15:00:00-03:00,0.586,0.401,0.309,18.679
2021-12-23 16:00:00-03:00,0.686,0.618,0.23600000000000002,18.921
2021-12-23 17:00:00-03:00,0.41600000000000004,0.243,0.247,18.242
2021-12-23 18:00:00-03:00,0.136,0.028,0.138,16.74
2021-12-23 19:00:00-03:00,0.11900000000000001,0.039,0.108,15.567
2021-12-23 20:00:00-03:00,0.099,0.055,0.069,14.429
2021-12-23 21:00:00-03:00,0.029,0.028,0.018000000000000002,13.133
2021-12-23 22:00:00-03:00,0.0,0.0,0.0,11.852
2021-12-23 23:00:00-03:00,0.0,0.0,0.0,11.104
2021-12-24 00:00:00-03:00,0.0,0.0,0.0,10.778
2021-12-24 01:00:00-03:00,0.0,0.0,0.0,10.53
2021-12-24 02:00:00-03:00,0.0,0.0,0.0,10.517
2021-12-24 03:00:00-03:00,0.0,0.0,0.0,10.565
2021-12-24 04:00:00-03:00,0.0,0.0,0.0,10.456
2021-12-24 05:00:00-03:00,0.015,0.022,0.007,10.037
2021-12-24 06:00:00-03:00,0.186,0.156,0.059000000000000004,10.167
2021-12-24 07:00:00-03:00,0.486,0.455,0.10200000000000001,11.24
2021-12-24 08:00:00-03:00,0.596,0.562,0.14100000000000001,12.871
2021-12-24 09:00:00-03:00,0.709,0.7020000000000001,0.164,14.542
2021-12-24 10:00:00-03:00,0.749,0.738,0.193,15.717
2021-12-24 11:00:00-03:00,0.769,0.751,0.216,16.756
2021-12-24 12:00:00-03:00,0.753,0.709,0.24,17.794
2021-12-24 13:00:00-03:00,0.71,0.604,0.28300000000000003,18.468
2021-12-24 14:00:00-03:00,0.667,0.529,0.297,18.835
2021-12-24 15:00:00-03:00,0.65,0.529,0.273,19.044
2021-12-24 16:00:00-03:00,0.587,0.457,0.257,18.979
2021-12-24 17:00:00-03:00,0.608,0.536,0.20600000000000002,18.717
2021-12-24 18:00:00-03:00,0.511,0.436,0.17400000000000002,18.078
2021-12-24 19:00:00-03:00,0.259,0.168,0.135,16.914
2021-12-24 20:00:00-03:00,0.131,0.08700000000000001,0.073,15.439
2021-12-24 21:00:00-03:00,0.048,0.048,0.02,13.72
2021-12-24 22:00:00-03:00,0.0,0.0,0.0,12.295
2021-12-24 23:00:00-03:00,0.0,0.0,0.0,11.325
2021-12-25 00:00:00-03:00,0.0,0.0,0.0,10.382
2021-12-25 01:00:00-03:00,0.0,0.0,0.0,9.535
2021-12-25 02:00:00-03:00,0.0,0.0,0.0,9.68
2021-12-25 03:00:00-03:00,0.0,0.0,0.0,9.883
2021-12-25 04:00:00-03:00,0.0,0.0,0.0,9.847
2021-12-25 05:00:00-03:00,0.024,0.032,0.007,9.387
2021-12-25 06:00:00-03:00,0.263,0.23800000000000002,0.059000000000000004,9.718
2021-12-25 07:00:00-03:00,0.496,0.466,0.10200000000000001,10.63
2021-12-25 08:00:00-03:00,0.611,0.5760000000000001,0.14,11.294
2021-12-25 09:00:00-03:00,0.577,0.47700000000000004,0.198,12.12
2021-12-25 10:00:00-03:00,0.744,0.711,0.199,13.308
2021-12-25 11:00:00-03:00,0.792,0.776,0.212,14.465
2021-12-25 12:00:00-03:00,0.528,0.277,0.342,14.242
2021-12-25 13:00:00-03:00,0.595,0.315,0.392,14.349
2021-12-25 14:00:00-03:00,0.765,0.71,0.244,15.72
2021-12-25 15:00:00-03:00,0.81,0.8210000000000001,0.21,16.748
2021-12-25 16:00:00-03:00,0.662,0.5710000000000001,0.23700000000000002,16.695
2021-12-25 17:00:00-03:00,0.41300000000000003,0.242,0.24,16.029
2021-12-25 18:00:00-03:00,0.36,0.227,0.19,15.508
2021-12-25 19:00:00-03:00,0.254,0.159,0.135,14.579
2021-12-25 20:00:00-03:00,0.234,0.19,0.08,13.237
2021-12-25 21:00:00-03:00,0.073,0.07100000000000001,0.023,11.672
2021-12-25 22:00:00-03:00,0.0,0.0,0.0,10.457
2021-12-25 23:00:00-03:00,0.0,0.0,0.0,9.841
2021-12-26 00:00:00-03:00,0.0,0.0,0.0,9.631
2021-12-26 01:00:00-03:00,0.0,0.0,0.0,9.45
2021-12-26 02:00:00-03:00,0.0,0.0,0.0,9.348
2021-12-26 03:00:00-03:00,0.0,0.0,0.0,9.621
2021-12-26 04:00:00-03:00,0.0,0.0,0.0,10.183
2021-12-26 05:00:00-03:00,0.001,0.003,0.004,10.850999999999999
2021-12-26 06:00:00-03:00,0.03,0.013000000000000001,0.033,11.661
2021-12-26 07:00:00-03:00,0.168,0.088,0.109,12.646
2021-12-26 08:00:00-03:00,0.311,0.181,0.17400000000000002,13.236
2021-12-26 09:00:00-03:00,0.45,0.294,0.225,13.653
2021-12-26 10:00:00-03:00,0.613,0.484,0.247,14.56
2021-12-26 11:00:00-03:00,0.733,0.661,0.246,15.743
2021-12-26 12:00:00-03:00,0.742,0.658,0.266,16.456
2021-12-26 13:00:00-03:00,0.774,0.728,0.247,16.931
2021-12-26 14:00:00-03:00,0.791,0.767,0.23800000000000002,17.384
2021-12-26 15:00:00-03:00,0.6910000000000001,0.58,0.274,17.378
2021-12-26 16:00:00-03:00,0.485,0.281,0.291,16.825
2021-12-26 17:00:00-03:00,0.272,0.08700000000000001,0.228,15.905
2021-12-26 18:00:00-03:00,0.212,0.07200000000000001,0.17500000000000002,15.056
2021-12-26 19:00:00-03:00,0.163,0.069,0.124,14.153
2021-12-26 20:00:00-03:00,0.092,0.048,0.068,13.058
2021-12-26 21:00:00-03:00,0.016,0.015,0.014,11.729
2021-12-26 22:00:00-03:00,0.0,0.0,0.0,10.522
2021-12-26 23:00:00-03:00,0.0,0.0,0.0,9.839
2021-12-27 00:00:00-03:00,0.0,0.0,0.0,9.406
2021-12-27 01:00:00-03:00,0.0,0.0,0.0,9.178
2021-12-27 02:00:00-03:00,0.0,0.0,0.0,9.029
2021-12-27 03:00:00-03:00,0.0,0.0,0.0,8.982
2021-12-27 04:00:00-03:00,0.0,0.0,0.0,8.933
2021-12-27 05:00:00-03:00,0.0,0.002,0.003,8.973
2021-12-27 06:00:00-03:00,0.013000000000000001,0.005,0.021,8.619
2021-12-27 07:00:00-03:00,0.21,0.126,0.112,8.378
2021-12-27 08:00:00-03:00,0.556,0.484,0.152,8.956
2021-12-27 09:00:00-03:00,0.627,0.538,0.192,9.679
2021-12-27 10:00:00-03:00,0.606,0.461,0.245,10.299
2021-12-27 11:00:00-03:00,0.608,0.424,0.28700000000000003,11.179
2021-12-27 12:00:00-03:00,0.628,0.42,0.32,11.73
2021-12-27 13:00:00-03:00,0.712,0.544,0.314,12.376
2021-12-27 14:00:00-03:00,0.711,0.5660000000000001,0.293,12.684
2021-12-27 15:00:00-03:00,0.684,0.547,0.274,12.788
2021-12-27 16:00:00-03:00,0.685,0.584,0.23800000000000002,12.781
2021-12-27 17:00:00-03:00,0.671,0.602,0.199,12.491
2021-12-27 18:00:00-03:00,0.625,0.578,0.16,11.974
2021-12-27 19:00:00-03:00,0.52,0.47800000000000004,0.122,11.296
2021-12-27 20:00:00-03:00,0.339,0.304,0.078,10.313
2021-12-27 21:00:00-03:00,0.08600000000000001,0.085,0.023,9.005
2021-12-27 22:00:00-03:00,0.0,0.0,0.0,7.833
2021-12-27 23:00:00-03:00,0.0,0.0,0.0,7.031
2021-12-28 00:00:00-03:00,0.0,0.0,0.0,6.3870000000000005
2021-12-28 01:00:00-03:00,0.0,0.0,0.0,5.873
2021-12-28 02:00:00-03:00,0.0,0.0,0.0,5.496
2021-12-28 03:00:00-03:00,0.0,0.0,0.0,5.218
2021-12-28 04:00:00-03:00,0.0,0.0,0.0,5.043
2021-12-28 05:00:00-03:00,0.037,0.045,0.008,4.999
2021-12-28 06:00:00-03:00,0.252,0.22,0.06,5.6850000000000005
2021-12-28 07:00:00-03:00,0.444,0.387,0.109,7.085
2021-12-28 08:00:00-03:00,0.5720000000000001,0.505,0.15,8.569
2021-12-28 09:00:00-03:00,0.642,0.5630000000000001,0.189,9.88
2021-12-28 10:00:00-03:00,0.681,0.586,0.224,11.113
2021-12-28 11:00:00-03:00,0.712,0.609,0.251,12.528
2021-12-28 12:00:00-03:00,0.742,0.646,0.263,13.849
2021-12-28 13:00:00-03:00,0.744,0.645,0.273,14.947
2021-12-28 14:00:00-03:00,0.674,0.512,0.309,15.649000000000001
2021-12-28 15:00:00-03:00,0.5660000000000001,0.363,0.311,16.018
2021-12-28 16:00:00-03:00,0.449,0.23900000000000002,0.28700000000000003,16.275
2021-12-28 17:00:00-03:00,0.363,0.181,0.242,16.601
2021-12-28 18:00:00-03:00,0.279,0.137,0.188,16.693
2021-12-28 19:00:00-03:00,0.149,0.061,0.11800000000000001,16.182
2021-12-28 20:00:00-03:00,0.065,0.029,0.058,14.803
2021-12-28 21:00:00-03:00,0.005,0.005,0.01,12.946
2021-12-28 22:00:00-03:00,0.0,0.0,0.0,12.004
2021-12-28 23:00:00-03:00,0.0,0.0,0.0,11.75
2021-12-29 00:00:00-03:00,0.0,0.0,0.0,11.573
2021-12-29 01:00:00-03:00,0.0,0.0,0.0,11.466
2021-12-29 02:00:00-03:00,0.0,0.0,0.0,11.233
2021-12-29 03:00:00-03:00,0.0,0.0,0.0,10.878
2021-12-29 04:00:00-03:00,0.0,0.0,0.0,10.584
2021-12-29 05:00:00-03:00,0.0,0.001,0.002,10.264
2021-12-29 06:00:00-03:00,0.009000000000000001,0.003,0.017,10.025
2021-12-29 07:00:00-03:00,0.049,0.009000000000000001,0.058,9.47
2021-12-29 08:00:00-03:00,0.066,0.007,0.078,9.049
2021-12-29 09:00:00-03:00,0.136,0.017,0.14400000000000002,9.495
2021-12-29 10:00:00-03:00,0.34500000000000003,0.115,0.275,10.959
2021-12-29 11:00:00-03:00,0.425,0.158,0.327,12.078
2021-12-29 12:00:00-03:00,0.402,0.10300000000000001,0.356,12.397
2021-12-29 13:00:00-03:00,0.525,0.162,0.448,12.875
2021-12-29 14:00:00-03:00,0.492,0.17200000000000001,0.398,13.131
2021-12-29 15:00:00-03:00,0.487,0.216,0.34800000000000003,12.954
2021-12-29 16:00:00-03:00,0.533,0.32,0.299,12.631
2021-12-29 17:00:00-03:00,0.5760000000000001,0.434,0.23900000000000002,12.336
2021-12-29 18:00:00-03:00,0.545,0.445,0.188,11.719
2021-12-29 19:00:00-03:00,0.459,0.385,0.138,10.797
2021-12-29 20:00:00-03:00,0.262,0.211,0.085,9.788
2021-12-29 21:00:00-03:00,0.051000000000000004,0.049,0.021,8.694
2021-12-29 22:00:00-03:00,0.0,0.0,0.0,7.55
2021-12-29 23:00:00-03:00,0.0,0.0,0.0,6.784
2021-12-30 00:00:00-03:00,0.0,0.0,0.0,6.335
2021-12-30 01:00:00-03:00,0.0,0.0,0.0,6.122
2021-12-30 02:00:00-03:00,0.0,0.0,0.0,5.993
2021-12-30 03:00:00-03:00,0.0,0.0,0.0,6.146
2021-12-30 04:00:00-03:00,0.0,0.0,0.0,6.255
2021-12-30 05:00:00-03:00,0.0,0.002,0.003,6.085
2021-12-30 06:00:00-03:00,0.018000000000000002,0.006,0.025,6.214
2021-12-30 07:00:00-03:00,0.095,0.03,0.08600000000000001,7.065
2021-12-30 08:00:00-03:00,0.241,0.10300000000000001,0.168,8.734
2021-12-30 09:00:00-03:00,0.299,0.114,0.223,10.077
2021-12-30 10:00:00-03:00,0.462,0.246,0.28200000000000003,11.367
2021-12-30 11:00:00-03:00,0.537,0.304,0.319,12.414
2021-12-30 12:00:00-03:00,0.637,0.425,0.335,13.51
2021-12-30 13:00:00-03:00,0.679,0.45,0.371,14.425
2021-12-30 14:00:00-03:00,0.647,0.428,0.35100000000000003,14.872
2021-12-30 15:00:00-03:00,0.615,0.42,0.316,14.984
2021-12-30 16:00:00-03:00,0.551,0.361,0.289,14.811
2021-12-30 17:00:00-03:00,0.459,0.28200000000000003,0.252,14.646
2021-12-30 18:00:00-03:00,0.275,0.122,0.194,14.223
2021-12-30 19:00:00-03:00,0.1,0.025,0.1,13.37
2021-12-30 20:00:00-03:00,0.027,0.007,0.036000000000000004,12.32
2021-12-30 21:00:00-03:00,0.004,0.004,0.009000000000000001,11.3
2021-12-30 22:00:00-03:00,0.0,0.0,0.0,10.51
2021-12-30 23:00:00-03:00,0.0,0.0,0.0,9.923
2021-12-31 00:00:00-03:00,0.0,0.0,0.0,9.293
2021-12-31 01:00:00-03:00,0.0,0.0,0.0,8.958
2021-12-31 02:00:00-03:00,0.0,0.0,0.0,8.532
2021-12-31 03:00:00-03:00,0.0,0.0,0.0,7.891
2021-12-31 04:00:00-03:00,0.0,0.0,0.0,7.443
2021-12-31 05:00:00-03:00,0.003,0.006,0.005,7.378
2021-12-31 06:00:00-03:00,0.028,0.012,0.032,7.353
2021-12-31 07:00:00-03:00,0.066,0.015,0.07,7.265
2021-12-31 08:00:00-03:00,0.202,0.07,0.159,8.148
2021-12-31 09:00:00-03:00,0.37,0.182,0.234,9.199
2021-12-31 10:00:00-03:00,0.315,0.091,0.263,9.159
2021-12-31 11:00:00-03:00,0.355,0.094,0.304,9.318
2021-12-31 12:00:00-03:00,0.445,0.14,0.364,9.789
2021-12-31 13:00:00-03:00,0.545,0.183,0.443,10.074
2021-12-31 14:00:00-03:00,0.517,0.197,0.396,10.128
2021-12-31 15:00:00-03:00,0.47600000000000003,0.197,0.34400000000000003,9.978
2021-12-31 16:00:00-03:00,0.496,0.265,0.301,10.065
2021-12-31 17:00:00-03:00,0.47500000000000003,0.28700000000000003,0.253,10.097
2021-12-31 18:00:00-03:00,0.406,0.257,0.202,9.967
2021-12-31 19:00:00-03:00,0.314,0.20800000000000002,0.14400000000000002,9.652
2021-12-31 20:00:00-03:00,0.178,0.123,0.081,8.946
