local_time,electricity,irradiance_direct,irradiance_diffuse,temperature
2022-12-31 21:00:00-03:00,0.055,0.052000000000000005,0.022,9.371
2022-12-31 22:00:00-03:00,0.0,0.0,0.0,7.688
2022-12-31 23:00:00-03:00,0.0,0.0,0.0,6.629
2023-01-01 00:00:00-03:00,0.0,0.0,0.0,6.184
2023-01-01 01:00:00-03:00,0.0,0.0,0.0,6.148
2023-01-01 02:00:00-03:00,0.0,0.0,0.0,6.038
2023-01-01 03:00:00-03:00,0.0,0.0,0.0,5.895
2023-01-01 04:00:00-03:00,0.0,0.0,0.0,5.803
2023-01-01 05:00:00-03:00,0.001,0.004,0.004,5.7940000000000005
2023-01-01 06:00:00-03:00,0.052000000000000005,0.028,0.042,6.249
2023-01-01 07:00:00-03:00,0.131,0.052000000000000005,0.101,7.1
2023-01-01 08:00:00-03:00,0.295,0.15,0.18,8.265
2023-01-01 09:00:00-03:00,0.254,0.07200000000000001,0.214,9.025
2023-01-01 10:00:00-03:00,0.217,0.031,0.215,9.238
2023-01-01 11:00:00-03:00,0.159,0.011,0.17400000000000002,8.812
2023-01-01 12:00:00-03:00,0.214,0.015,0.228,9.07
2023-01-01 13:00:00-03:00,0.28,0.018000000000000002,0.298,10.148
2023-01-01 14:00:00-03:00,0.267,0.021,0.28200000000000003,10.914
2023-01-01 15:00:00-03:00,0.227,0.021,0.23800000000000002,11.048
2023-01-01 16:00:00-03:00,0.314,0.073,0.28300000000000003,11.543
2023-01-01 17:00:00-03:00,0.47600000000000003,0.28300000000000003,0.264,12.013
2023-01-01 18:00:00-03:00,0.393,0.23700000000000002,0.21,11.72
2023-01-01 19:00:00-03:00,0.281,0.17,0.149,11.055
2023-01-01 20:00:00-03:00,0.089,0.041,0.069,9.927
2023-01-01 21:00:00-03:00,0.018000000000000002,0.018000000000000002,0.014,8.942
2023-01-01 22:00:00-03:00,0.0,0.0,0.0,8.183
2023-01-01 23:00:00-03:00,0.0,0.0,0.0,7.43
2023-01-02 00:00:00-03:00,0.0,0.0,0.0,6.7379999999999995
2023-01-02 01:00:00-03:00,0.0,0.0,0.0,6.296
2023-01-02 02:00:00-03:00,0.0,0.0,0.0,5.98
2023-01-02 03:00:00-03:00,0.0,0.0,0.0,5.739
2023-01-02 04:00:00-03:00,0.0,0.0,0.0,5.538
2023-01-02 05:00:00-03:00,0.007,0.013000000000000001,0.004,5.352
2023-01-02 06:00:00-03:00,0.177,0.148,0.053,5.686
2023-01-02 07:00:00-03:00,0.38,0.313,0.108,6.665
2023-01-02 08:00:00-03:00,0.551,0.47700000000000004,0.15,7.84
2023-01-02 09:00:00-03:00,0.625,0.535,0.19,9.032
2023-01-02 10:00:00-03:00,0.677,0.577,0.224,10.416
2023-01-02 11:00:00-03:00,0.661,0.514,0.269,11.35
2023-01-02 12:00:00-03:00,0.645,0.453,0.311,11.798
2023-01-02 13:00:00-03:00,0.677,0.467,0.342,12.231
2023-01-02 14:00:00-03:00,0.6920000000000001,0.526,0.306,12.58
2023-01-02 15:00:00-03:00,0.679,0.537,0.277,12.623
2023-01-02 16:00:00-03:00,0.64,0.507,0.252,12.374
2023-01-02 17:00:00-03:00,0.6960000000000001,0.644,0.191,12.19
2023-01-02 18:00:00-03:00,0.655,0.622,0.152,11.349
2023-01-02 19:00:00-03:00,0.34,0.248,0.135,9.715
2023-01-02 20:00:00-03:00,0.056,0.023,0.052000000000000005,8.085
2023-01-02 21:00:00-03:00,0.008,0.008,0.011,6.759
2023-01-02 22:00:00-03:00,0.0,0.0,0.0,6.02
2023-01-02 23:00:00-03:00,0.0,0.0,0.0,5.924
2023-01-03 00:00:00-03:00,0.0,0.0,0.0,6.089
2023-01-03 01:00:00-03:00,0.0,0.0,0.0,6.54
2023-01-03 02:00:00-03:00,0.0,0.0,0.0,7.11
2023-01-03 03:00:00-03:00,0.0,0.0,0.0,6.764
2023-01-03 04:00:00-03:00,0.0,0.0,0.0,5.485
2023-01-03 05:00:00-03:00,0.007,0.013000000000000001,0.004,4.675
2023-01-03 06:00:00-03:00,0.133,0.10400000000000001,0.05,4.688
2023-01-03 07:00:00-03:00,0.261,0.179,0.11,5.46
2023-01-03 08:00:00-03:00,0.552,0.47500000000000003,0.151,7.014
2023-01-03 09:00:00-03:00,0.5730000000000001,0.455,0.201,8.48
2023-01-03 10:00:00-03:00,0.619,0.47900000000000004,0.241,9.693
2023-01-03 11:00:00-03:00,0.651,0.493,0.274,10.822
2023-01-03 12:00:00-03:00,0.79,0.73,0.241,12.144
2023-01-03 13:00:00-03:00,0.8180000000000001,0.811,0.209,12.901
2023-01-03 14:00:00-03:00,0.769,0.6910000000000001,0.254,13.099
2023-01-03 15:00:00-03:00,0.8140000000000001,0.799,0.217,13.512
2023-01-03 16:00:00-03:00,0.798,0.793,0.198,13.55
2023-01-03 17:00:00-03:00,0.739,0.721,0.179,13.0
2023-01-03 18:00:00-03:00,0.34900000000000003,0.20500000000000002,0.192,11.79
2023-01-03 19:00:00-03:00,0.074,0.016,0.079,10.202
2023-01-03 20:00:00-03:00,0.04,0.014,0.044,8.894
2023-01-03 21:00:00-03:00,0.002,0.002,0.006,7.896
2023-01-03 22:00:00-03:00,0.0,0.0,0.0,7.746
2023-01-03 23:00:00-03:00,0.0,0.0,0.0,8.365
2023-01-04 00:00:00-03:00,0.0,0.0,0.0,9.179
2023-01-04 01:00:00-03:00,0.0,0.0,0.0,9.644
2023-01-04 02:00:00-03:00,0.0,0.0,0.0,9.879
2023-01-04 03:00:00-03:00,0.0,0.0,0.0,9.968
2023-01-04 04:00:00-03:00,0.0,0.0,0.0,9.995
2023-01-04 05:00:00-03:00,0.001,0.004,0.003,9.925
2023-01-04 06:00:00-03:00,0.035,0.019,0.033,9.97
2023-01-04 07:00:00-03:00,0.096,0.034,0.084,9.927
2023-01-04 08:00:00-03:00,0.463,0.36,0.167,10.461
2023-01-04 09:00:00-03:00,0.6910000000000001,0.642,0.184,11.583
2023-01-04 10:00:00-03:00,0.686,0.591,0.232,12.405
2023-01-04 11:00:00-03:00,0.799,0.765,0.228,13.618
2023-01-04 12:00:00-03:00,0.8200000000000001,0.798,0.23500000000000001,14.626
2023-01-04 13:00:00-03:00,0.8200000000000001,0.8180000000000001,0.22,15.362
2023-01-04 14:00:00-03:00,0.8170000000000001,0.807,0.23,15.877
2023-01-04 15:00:00-03:00,0.657,0.498,0.299,15.839
2023-01-04 16:00:00-03:00,0.432,0.203,0.299,15.139
2023-01-04 17:00:00-03:00,0.317,0.121,0.243,14.267
2023-01-04 18:00:00-03:00,0.066,0.006,0.081,12.337
2023-01-04 19:00:00-03:00,0.022,0.002,0.035,11.04
2023-01-04 20:00:00-03:00,0.004,0.001,0.012,10.645
2023-01-04 21:00:00-03:00,0.0,0.0,0.001,10.835
2023-01-04 22:00:00-03:00,0.0,0.0,0.0,11.323
2023-01-04 23:00:00-03:00,0.0,0.0,0.0,11.598
2023-01-05 00:00:00-03:00,0.0,0.0,0.0,11.637
2023-01-05 01:00:00-03:00,0.0,0.0,0.0,11.569
2023-01-05 02:00:00-03:00,0.0,0.0,0.0,11.409
2023-01-05 03:00:00-03:00,0.0,0.0,0.0,11.219
2023-01-05 04:00:00-03:00,0.0,0.0,0.0,11.033
2023-01-05 05:00:00-03:00,0.0,0.001,0.002,10.872
2023-01-05 06:00:00-03:00,0.012,0.004,0.02,10.957
2023-01-05 07:00:00-03:00,0.094,0.029,0.088,11.686
2023-01-05 08:00:00-03:00,0.169,0.048,0.15,12.838
2023-01-05 09:00:00-03:00,0.168,0.027,0.17200000000000001,13.844
2023-01-05 10:00:00-03:00,0.157,0.015,0.17200000000000001,14.508
2023-01-05 11:00:00-03:00,0.214,0.022,0.228,15.755
2023-01-05 12:00:00-03:00,0.314,0.046,0.32,17.597
2023-01-05 13:00:00-03:00,0.337,0.034,0.362,18.995
2023-01-05 14:00:00-03:00,0.742,0.656,0.305,22.772
2023-01-05 15:00:00-03:00,0.483,0.225,0.366,23.469
2023-01-05 16:00:00-03:00,0.233,0.035,0.245,22.202
2023-01-05 17:00:00-03:00,0.241,0.057,0.231,21.626
2023-01-05 18:00:00-03:00,0.129,0.021,0.14100000000000001,20.445
2023-01-05 19:00:00-03:00,0.067,0.011,0.08,18.828
2023-01-05 20:00:00-03:00,0.045,0.014,0.051000000000000004,17.256
2023-01-05 21:00:00-03:00,0.022,0.023,0.014,15.435
2023-01-05 22:00:00-03:00,0.0,0.0,0.0,13.545
2023-01-05 23:00:00-03:00,0.0,0.0,0.0,11.939
2023-01-06 00:00:00-03:00,0.0,0.0,0.0,10.435
2023-01-06 01:00:00-03:00,0.0,0.0,0.0,9.365
2023-01-06 02:00:00-03:00,0.0,0.0,0.0,8.687
2023-01-06 03:00:00-03:00,0.0,0.0,0.0,8.135
2023-01-06 04:00:00-03:00,0.0,0.0,0.0,7.626
2023-01-06 05:00:00-03:00,0.004,0.01,0.003,7.098
2023-01-06 06:00:00-03:00,0.116,0.092,0.046,7.26
2023-01-06 07:00:00-03:00,0.388,0.33,0.10400000000000001,8.382
2023-01-06 08:00:00-03:00,0.508,0.429,0.151,9.74
2023-01-06 09:00:00-03:00,0.583,0.487,0.192,11.233
2023-01-06 10:00:00-03:00,0.39,0.185,0.259,12.199
2023-01-06 11:00:00-03:00,0.403,0.165,0.297,13.246
2023-01-06 12:00:00-03:00,0.679,0.543,0.28300000000000003,15.153
2023-01-06 13:00:00-03:00,0.806,0.8310000000000001,0.196,17.009
2023-01-06 14:00:00-03:00,0.8240000000000001,0.872,0.192,18.319
2023-01-06 15:00:00-03:00,0.812,0.847,0.202,19.147
2023-01-06 16:00:00-03:00,0.772,0.795,0.193,19.527
2023-01-06 17:00:00-03:00,0.717,0.729,0.17300000000000001,19.394
2023-01-06 18:00:00-03:00,0.651,0.659,0.14300000000000002,18.658
2023-01-06 19:00:00-03:00,0.546,0.543,0.11,17.431
2023-01-06 20:00:00-03:00,0.255,0.222,0.074,15.453
2023-01-06 21:00:00-03:00,0.03,0.031,0.016,12.326
2023-01-06 22:00:00-03:00,0.0,0.0,0.0,10.798
2023-01-06 23:00:00-03:00,0.0,0.0,0.0,10.331
2023-01-07 00:00:00-03:00,0.0,0.0,0.0,9.934
2023-01-07 01:00:00-03:00,0.0,0.0,0.0,9.55
2023-01-07 02:00:00-03:00,0.0,0.0,0.0,9.207
2023-01-07 03:00:00-03:00,0.0,0.0,0.0,8.808
2023-01-07 04:00:00-03:00,0.0,0.0,0.0,8.099
2023-01-07 05:00:00-03:00,0.005,0.011,0.003,7.229
2023-01-07 06:00:00-03:00,0.177,0.152,0.051000000000000004,8.33
2023-01-07 07:00:00-03:00,0.222,0.146,0.108,10.06
2023-01-07 08:00:00-03:00,0.318,0.194,0.167,11.815
2023-01-07 09:00:00-03:00,0.358,0.189,0.221,13.18
2023-01-07 10:00:00-03:00,0.41600000000000004,0.21,0.27,14.469
2023-01-07 11:00:00-03:00,0.498,0.276,0.31,15.999
2023-01-07 12:00:00-03:00,0.508,0.252,0.35100000000000003,17.375
2023-01-07 13:00:00-03:00,0.5,0.177,0.419,18.353
2023-01-07 14:00:00-03:00,0.369,0.079,0.355,18.816
2023-01-07 15:00:00-03:00,0.342,0.093,0.31,19.433
2023-01-07 16:00:00-03:00,0.562,0.41400000000000003,0.272,20.625
2023-01-07 17:00:00-03:00,0.646,0.606,0.2,21.103
2023-01-07 18:00:00-03:00,0.627,0.623,0.154,20.751
2023-01-07 19:00:00-03:00,0.497,0.47600000000000003,0.12,19.703
2023-01-07 20:00:00-03:00,0.331,0.313,0.074,17.547
2023-01-07 21:00:00-03:00,0.033,0.034,0.016,14.436
2023-01-07 22:00:00-03:00,0.0,0.0,0.0,12.581
2023-01-07 23:00:00-03:00,0.0,0.0,0.0,11.389
2023-01-08 00:00:00-03:00,0.0,0.0,0.0,10.308
2023-01-08 01:00:00-03:00,0.0,0.0,0.0,9.97
2023-01-08 02:00:00-03:00,0.0,0.0,0.0,10.059
2023-01-08 03:00:00-03:00,0.0,0.0,0.0,10.613
2023-01-08 04:00:00-03:00,0.0,0.0,0.0,10.669
2023-01-08 05:00:00-03:00,0.01,0.019,0.004,10.241
2023-01-08 06:00:00-03:00,0.298,0.28500000000000003,0.052000000000000005,10.804
2023-01-08 07:00:00-03:00,0.503,0.483,0.101,13.051
2023-01-08 08:00:00-03:00,0.623,0.609,0.14,15.89
2023-01-08 09:00:00-03:00,0.6920000000000001,0.6900000000000001,0.17500000000000002,19.334
2023-01-08 10:00:00-03:00,0.509,0.352,0.265,21.224
2023-01-08 11:00:00-03:00,0.292,0.07,0.277,21.449
2023-01-08 12:00:00-03:00,0.281,0.046,0.289,21.772
2023-01-08 13:00:00-03:00,0.39,0.078,0.391,22.993
2023-01-08 14:00:00-03:00,0.341,0.064,0.34600000000000003,23.567
2023-01-08 15:00:00-03:00,0.249,0.039,0.261,23.527
2023-01-08 16:00:00-03:00,0.28700000000000003,0.08,0.266,24.236
2023-01-08 17:00:00-03:00,0.298,0.121,0.23900000000000002,24.504
2023-01-08 18:00:00-03:00,0.426,0.328,0.19,24.016
2023-01-08 19:00:00-03:00,0.437,0.4,0.127,22.532
2023-01-08 20:00:00-03:00,0.131,0.09,0.07200000000000001,19.851
2023-01-08 21:00:00-03:00,0.033,0.037,0.014,16.158
2023-01-08 22:00:00-03:00,0.0,0.0,0.0,13.949
2023-01-08 23:00:00-03:00,0.0,0.0,0.0,13.133
2023-01-09 00:00:00-03:00,0.0,0.0,0.0,12.534
2023-01-09 01:00:00-03:00,0.0,0.0,0.0,12.024
2023-01-09 02:00:00-03:00,0.0,0.0,0.0,11.922
2023-01-09 03:00:00-03:00,0.0,0.0,0.0,12.176
2023-01-09 04:00:00-03:00,0.0,0.0,0.0,11.917
2023-01-09 05:00:00-03:00,0.0,0.003,0.002,11.03
2023-01-09 06:00:00-03:00,0.046,0.031,0.033,9.876
2023-01-09 07:00:00-03:00,0.20600000000000002,0.135,0.1,9.485
2023-01-09 08:00:00-03:00,0.56,0.506,0.14100000000000001,10.459
2023-01-09 09:00:00-03:00,0.657,0.605,0.17400000000000002,11.691
2023-01-09 10:00:00-03:00,0.8200000000000001,0.85,0.17300000000000001,13.122
2023-01-09 11:00:00-03:00,0.842,0.875,0.191,14.328
2023-01-09 12:00:00-03:00,0.8310000000000001,0.849,0.20500000000000002,15.286
2023-01-09 13:00:00-03:00,0.802,0.8140000000000001,0.199,15.927
2023-01-09 14:00:00-03:00,0.811,0.8270000000000001,0.202,16.339
2023-01-09 15:00:00-03:00,0.8,0.804,0.20800000000000002,16.285
2023-01-09 16:00:00-03:00,0.775,0.779,0.193,15.962
2023-01-09 17:00:00-03:00,0.719,0.713,0.17200000000000001,15.408
2023-01-09 18:00:00-03:00,0.634,0.615,0.145,14.596
2023-01-09 19:00:00-03:00,0.514,0.487,0.111,13.358
2023-01-09 20:00:00-03:00,0.258,0.223,0.07100000000000001,11.703
2023-01-09 21:00:00-03:00,0.035,0.038,0.015,9.935
2023-01-09 22:00:00-03:00,0.0,0.0,0.0,8.364
2023-01-09 23:00:00-03:00,0.0,0.0,0.0,7.309
2023-01-10 00:00:00-03:00,0.0,0.0,0.0,6.497
2023-01-10 01:00:00-03:00,0.0,0.0,0.0,5.757
2023-01-10 02:00:00-03:00,0.0,0.0,0.0,5.237
2023-01-10 03:00:00-03:00,0.0,0.0,0.0,4.8
2023-01-10 04:00:00-03:00,0.0,0.0,0.0,4.4
2023-01-10 05:00:00-03:00,0.008,0.015,0.003,4.041
2023-01-10 06:00:00-03:00,0.257,0.23500000000000001,0.049,5.023
2023-01-10 07:00:00-03:00,0.432,0.379,0.10300000000000001,6.871
2023-01-10 08:00:00-03:00,0.622,0.582,0.139,8.803
2023-01-10 09:00:00-03:00,0.709,0.675,0.17200000000000001,10.9
2023-01-10 10:00:00-03:00,0.641,0.528,0.234,12.773
2023-01-10 11:00:00-03:00,0.525,0.314,0.301,13.983
2023-01-10 12:00:00-03:00,0.578,0.357,0.33,15.102
2023-01-10 13:00:00-03:00,0.7030000000000001,0.553,0.312,16.323
2023-01-10 14:00:00-03:00,0.6960000000000001,0.561,0.298,17.099
2023-01-10 15:00:00-03:00,0.664,0.537,0.278,17.47
2023-01-10 16:00:00-03:00,0.538,0.368,0.274,17.333
2023-01-10 17:00:00-03:00,0.315,0.132,0.234,16.683
2023-01-10 18:00:00-03:00,0.17300000000000001,0.05,0.155,15.877
2023-01-10 19:00:00-03:00,0.11900000000000001,0.041,0.105,15.038
2023-01-10 20:00:00-03:00,0.077,0.041,0.059000000000000004,14.011
2023-01-10 21:00:00-03:00,0.013000000000000001,0.014,0.012,12.24
2023-01-10 22:00:00-03:00,0.0,0.0,0.0,10.689
2023-01-10 23:00:00-03:00,0.0,0.0,0.0,9.783
2023-01-11 00:00:00-03:00,0.0,0.0,0.0,9.086
2023-01-11 01:00:00-03:00,0.0,0.0,0.0,8.478
2023-01-11 02:00:00-03:00,0.0,0.0,0.0,7.943
2023-01-11 03:00:00-03:00,0.0,0.0,0.0,7.479
2023-01-11 04:00:00-03:00,0.0,0.0,0.0,7.12
2023-01-11 05:00:00-03:00,0.0,0.004,0.002,6.997
2023-01-11 06:00:00-03:00,0.059000000000000004,0.039,0.039,7.693
2023-01-11 07:00:00-03:00,0.215,0.135,0.109,8.965
2023-01-11 08:00:00-03:00,0.41600000000000004,0.30000000000000004,0.17200000000000001,10.567
2023-01-11 09:00:00-03:00,0.487,0.334,0.225,11.975
2023-01-11 10:00:00-03:00,0.399,0.178,0.279,12.776
2023-01-11 11:00:00-03:00,0.314,0.07100000000000001,0.28700000000000003,12.843
2023-01-11 12:00:00-03:00,0.299,0.045,0.296,12.807
2023-01-11 13:00:00-03:00,0.329,0.035,0.34,13.034
2023-01-11 14:00:00-03:00,0.365,0.063,0.356,13.923
2023-01-11 15:00:00-03:00,0.46900000000000003,0.201,0.34600000000000003,15.221
2023-01-11 16:00:00-03:00,0.382,0.145,0.297,15.463
2023-01-11 17:00:00-03:00,0.28500000000000003,0.092,0.23700000000000002,14.914
2023-01-11 18:00:00-03:00,0.216,0.07200000000000001,0.178,13.845
2023-01-11 19:00:00-03:00,0.10300000000000001,0.027,0.1,12.443
2023-01-11 20:00:00-03:00,0.039,0.013000000000000001,0.044,11.214
2023-01-11 21:00:00-03:00,0.005,0.006,0.008,10.148
2023-01-11 22:00:00-03:00,0.0,0.0,0.0,9.299
2023-01-11 23:00:00-03:00,0.0,0.0,0.0,8.689
2023-01-12 00:00:00-03:00,0.0,0.0,0.0,8.219
2023-01-12 01:00:00-03:00,0.0,0.0,0.0,7.825
2023-01-12 02:00:00-03:00,0.0,0.0,0.0,7.629
2023-01-12 03:00:00-03:00,0.0,0.0,0.0,7.538
2023-01-12 04:00:00-03:00,0.0,0.0,0.0,7.5120000000000005
2023-01-12 05:00:00-03:00,0.0,0.001,0.001,7.449
2023-01-12 06:00:00-03:00,0.024,0.012,0.026000000000000002,7.831
2023-01-12 07:00:00-03:00,0.061,0.015,0.066,8.672
2023-01-12 08:00:00-03:00,0.177,0.057,0.148,10.135
2023-01-12 09:00:00-03:00,0.219,0.055,0.197,11.727
2023-01-12 10:00:00-03:00,0.333,0.11,0.272,13.684
2023-01-12 11:00:00-03:00,0.405,0.145,0.325,15.41
2023-01-12 12:00:00-03:00,0.275,0.034,0.28300000000000003,15.37
2023-01-12 13:00:00-03:00,0.361,0.046,0.372,15.772
2023-01-12 14:00:00-03:00,0.368,0.063,0.365,16.592
2023-01-12 15:00:00-03:00,0.318,0.062,0.307,16.484
2023-01-12 16:00:00-03:00,0.227,0.033,0.232,15.651
2023-01-12 17:00:00-03:00,0.23500000000000001,0.054,0.22,15.761
2023-01-12 18:00:00-03:00,0.226,0.078,0.185,15.882
2023-01-12 19:00:00-03:00,0.171,0.074,0.129,15.188
2023-01-12 20:00:00-03:00,0.041,0.013000000000000001,0.046,13.848
2023-01-12 21:00:00-03:00,0.003,0.006,0.006,12.572
2023-01-12 22:00:00-03:00,0.0,0.0,0.0,11.836
2023-01-12 23:00:00-03:00,0.0,0.0,0.0,11.467
2023-01-13 00:00:00-03:00,0.0,0.0,0.0,11.142
2023-01-13 01:00:00-03:00,0.0,0.0,0.0,10.85
2023-01-13 02:00:00-03:00,0.0,0.0,0.0,10.629
2023-01-13 03:00:00-03:00,0.0,0.0,0.0,10.385
2023-01-13 04:00:00-03:00,0.0,0.0,0.0,10.198
2023-01-13 05:00:00-03:00,0.002,0.007,0.002,10.051
2023-01-13 06:00:00-03:00,0.182,0.167,0.044,10.533
2023-01-13 07:00:00-03:00,0.369,0.32,0.099,11.77
2023-01-13 08:00:00-03:00,0.503,0.438,0.145,13.111
2023-01-13 09:00:00-03:00,0.589,0.514,0.184,14.219
2023-01-13 10:00:00-03:00,0.676,0.612,0.21,15.122
2023-01-13 11:00:00-03:00,0.712,0.642,0.234,15.947
2023-01-13 12:00:00-03:00,0.788,0.773,0.224,16.796
2023-01-13 13:00:00-03:00,0.801,0.8170000000000001,0.201,17.106
2023-01-13 14:00:00-03:00,0.8160000000000001,0.843,0.199,17.031
2023-01-13 15:00:00-03:00,0.8170000000000001,0.839,0.201,16.634
2023-01-13 16:00:00-03:00,0.797,0.8200000000000001,0.186,15.981
2023-01-13 17:00:00-03:00,0.752,0.768,0.163,15.005
2023-01-13 18:00:00-03:00,0.663,0.657,0.138,13.566
2023-01-13 19:00:00-03:00,0.502,0.46900000000000003,0.11,11.734
2023-01-13 20:00:00-03:00,0.138,0.098,0.064,9.918
2023-01-13 21:00:00-03:00,0.015,0.018000000000000002,0.01,8.45
2023-01-13 22:00:00-03:00,0.0,0.0,0.0,7.225
2023-01-13 23:00:00-03:00,0.0,0.0,0.0,6.134
2023-01-14 00:00:00-03:00,0.0,0.0,0.0,5.379
2023-01-14 01:00:00-03:00,0.0,0.0,0.0,4.824
2023-01-14 02:00:00-03:00,0.0,0.0,0.0,4.338
2023-01-14 03:00:00-03:00,0.0,0.0,0.0,4.197
2023-01-14 04:00:00-03:00,0.0,0.0,0.0,4.1370000000000005
2023-01-14 05:00:00-03:00,0.0,0.003,0.001,4.016
2023-01-14 06:00:00-03:00,0.127,0.106,0.043000000000000003,4.357
2023-01-14 07:00:00-03:00,0.337,0.266,0.105,5.608
2023-01-14 08:00:00-03:00,0.468,0.366,0.158,7.152
2023-01-14 09:00:00-03:00,0.559,0.436,0.20400000000000001,8.723
2023-01-14 10:00:00-03:00,0.638,0.508,0.23900000000000002,10.339
2023-01-14 11:00:00-03:00,0.675,0.535,0.269,11.779
2023-01-14 12:00:00-03:00,0.619,0.41100000000000003,0.322,12.842
2023-01-14 13:00:00-03:00,0.717,0.559,0.314,13.909
2023-01-14 14:00:00-03:00,0.726,0.6000000000000001,0.29,14.653
2023-01-14 15:00:00-03:00,0.503,0.261,0.326,14.173
2023-01-14 16:00:00-03:00,0.318,0.097,0.267,13.195
2023-01-14 17:00:00-03:00,0.274,0.091,0.223,12.549
2023-01-14 18:00:00-03:00,0.196,0.063,0.163,11.922
2023-01-14 19:00:00-03:00,0.146,0.06,0.113,11.223
2023-01-14 20:00:00-03:00,0.059000000000000004,0.028,0.051000000000000004,10.218
2023-01-14 21:00:00-03:00,0.008,0.01,0.008,9.191
2023-01-14 22:00:00-03:00,0.0,0.0,0.0,8.486
2023-01-14 23:00:00-03:00,0.0,0.0,0.0,7.923
2023-01-15 00:00:00-03:00,0.0,0.0,0.0,7.57
2023-01-15 01:00:00-03:00,0.0,0.0,0.0,7.406
2023-01-15 02:00:00-03:00,0.0,0.0,0.0,7.284
2023-01-15 03:00:00-03:00,0.0,0.0,0.0,7.16
2023-01-15 04:00:00-03:00,0.0,0.0,0.0,6.95
2023-01-15 05:00:00-03:00,0.0,0.005,0.001,6.833
2023-01-15 06:00:00-03:00,0.101,0.082,0.04,7.454
2023-01-15 07:00:00-03:00,0.216,0.14400000000000002,0.101,8.922
2023-01-15 08:00:00-03:00,0.289,0.167,0.16,10.552
2023-01-15 09:00:00-03:00,0.43,0.276,0.216,12.14
2023-01-15 10:00:00-03:00,0.46,0.267,0.265,13.4
2023-01-15 11:00:00-03:00,0.51,0.294,0.304,14.78
2023-01-15 12:00:00-03:00,0.602,0.4,0.324,16.224
2023-01-15 13:00:00-03:00,0.666,0.47100000000000003,0.34500000000000003,17.292
2023-01-15 14:00:00-03:00,0.718,0.609,0.28800000000000003,17.969
2023-01-15 15:00:00-03:00,0.714,0.63,0.26,18.044
2023-01-15 16:00:00-03:00,0.67,0.586,0.23900000000000002,17.67
2023-01-15 17:00:00-03:00,0.533,0.40900000000000003,0.226,16.911
2023-01-15 18:00:00-03:00,0.257,0.117,0.18,15.285
2023-01-15 19:00:00-03:00,0.056,0.01,0.066,13.098
2023-01-15 20:00:00-03:00,0.026000000000000002,0.008,0.034,11.654
2023-01-15 21:00:00-03:00,0.006,0.01,0.006,10.7
2023-01-15 22:00:00-03:00,0.0,0.0,0.0,9.845
2023-01-15 23:00:00-03:00,0.0,0.0,0.0,9.187
2023-01-16 00:00:00-03:00,0.0,0.0,0.0,8.888
2023-01-16 01:00:00-03:00,0.0,0.0,0.0,8.723
2023-01-16 02:00:00-03:00,0.0,0.0,0.0,8.629
2023-01-16 03:00:00-03:00,0.0,0.0,0.0,8.612
2023-01-16 04:00:00-03:00,0.0,0.0,0.0,8.335
2023-01-16 05:00:00-03:00,0.0,0.002,0.001,7.802
2023-01-16 06:00:00-03:00,0.063,0.051000000000000004,0.032,7.834
2023-01-16 07:00:00-03:00,0.146,0.083,0.08700000000000001,8.208
2023-01-16 08:00:00-03:00,0.58,0.532,0.136,8.884
2023-01-16 09:00:00-03:00,0.674,0.623,0.17,9.91
2023-01-16 10:00:00-03:00,0.736,0.6890000000000001,0.198,11.18
2023-01-16 11:00:00-03:00,0.772,0.728,0.219,12.504
2023-01-16 12:00:00-03:00,0.8200000000000001,0.808,0.218,13.729
2023-01-16 13:00:00-03:00,0.797,0.78,0.216,14.537
2023-01-16 14:00:00-03:00,0.8320000000000001,0.86,0.196,15.154
2023-01-16 15:00:00-03:00,0.709,0.622,0.246,15.094
2023-01-16 16:00:00-03:00,0.721,0.674,0.21,15.006
2023-01-16 17:00:00-03:00,0.745,0.754,0.164,14.649000000000001
2023-01-16 18:00:00-03:00,0.676,0.68,0.134,13.725
2023-01-16 19:00:00-03:00,0.535,0.518,0.10400000000000001,12.34
2023-01-16 20:00:00-03:00,0.274,0.246,0.064,10.713
2023-01-16 21:00:00-03:00,0.031,0.038,0.01,8.896
2023-01-16 22:00:00-03:00,0.0,0.0,0.0,7.249
2023-01-16 23:00:00-03:00,0.0,0.0,0.0,5.878
2023-01-17 00:00:00-03:00,0.0,0.0,0.0,4.828
2023-01-17 01:00:00-03:00,0.0,0.0,0.0,3.971
2023-01-17 02:00:00-03:00,0.0,0.0,0.0,3.332
2023-01-17 03:00:00-03:00,0.0,0.0,0.0,2.943
2023-01-17 04:00:00-03:00,0.0,0.0,0.0,3.007
2023-01-17 05:00:00-03:00,0.0,0.004,0.001,3.279
2023-01-17 06:00:00-03:00,0.169,0.151,0.04,4.518
2023-01-17 07:00:00-03:00,0.49,0.458,0.093,7.045
2023-01-17 08:00:00-03:00,0.647,0.63,0.13,10.107
2023-01-17 09:00:00-03:00,0.659,0.609,0.176,12.42
2023-01-17 10:00:00-03:00,0.74,0.711,0.2,14.605
2023-01-17 11:00:00-03:00,0.763,0.733,0.224,16.697
2023-01-17 12:00:00-03:00,0.678,0.56,0.279,18.283
2023-01-17 13:00:00-03:00,0.587,0.34700000000000003,0.368,19.34
2023-01-17 14:00:00-03:00,0.528,0.279,0.36,20.247
2023-01-17 15:00:00-03:00,0.5,0.294,0.31,21.044
2023-01-17 16:00:00-03:00,0.393,0.194,0.275,21.052
2023-01-17 17:00:00-03:00,0.426,0.279,0.229,20.596
2023-01-17 18:00:00-03:00,0.543,0.499,0.159,19.64
2023-01-17 19:00:00-03:00,0.308,0.23700000000000002,0.123,17.834
2023-01-17 20:00:00-03:00,0.052000000000000005,0.026000000000000002,0.047,15.685
2023-01-17 21:00:00-03:00,0.004,0.008,0.005,14.039
2023-01-17 22:00:00-03:00,0.0,0.0,0.0,13.088
2023-01-17 23:00:00-03:00,0.0,0.0,0.0,12.397
2023-01-18 00:00:00-03:00,0.0,0.0,0.0,11.795
2023-01-18 01:00:00-03:00,0.0,0.0,0.0,11.396
2023-01-18 02:00:00-03:00,0.0,0.0,0.0,11.036
2023-01-18 03:00:00-03:00,0.0,0.0,0.0,10.614
2023-01-18 04:00:00-03:00,0.0,0.0,0.0,10.162
2023-01-18 05:00:00-03:00,0.001,0.007,0.001,9.553
2023-01-18 06:00:00-03:00,0.28300000000000003,0.28,0.039,9.871
2023-01-18 07:00:00-03:00,0.489,0.47500000000000003,0.088,11.708
2023-01-18 08:00:00-03:00,0.634,0.635,0.124,14.31
2023-01-18 09:00:00-03:00,0.73,0.758,0.152,17.086
2023-01-18 10:00:00-03:00,0.768,0.803,0.18,19.533
2023-01-18 11:00:00-03:00,0.789,0.8260000000000001,0.201,21.36
2023-01-18 12:00:00-03:00,0.762,0.764,0.226,22.556
2023-01-18 13:00:00-03:00,0.718,0.673,0.251,23.097
2023-01-18 14:00:00-03:00,0.705,0.654,0.253,23.552
2023-01-18 15:00:00-03:00,0.6910000000000001,0.647,0.23900000000000002,23.559
2023-01-18 16:00:00-03:00,0.637,0.577,0.224,22.899
2023-01-18 17:00:00-03:00,0.606,0.562,0.189,21.824
2023-01-18 18:00:00-03:00,0.543,0.509,0.151,20.589
2023-01-18 19:00:00-03:00,0.365,0.315,0.116,19.342
2023-01-18 20:00:00-03:00,0.23800000000000002,0.218,0.062,17.919
2023-01-18 21:00:00-03:00,0.028,0.036000000000000004,0.009000000000000001,15.577
2023-01-18 22:00:00-03:00,0.0,0.0,0.0,13.957
2023-01-18 23:00:00-03:00,0.0,0.0,0.0,13.13
2023-01-19 00:00:00-03:00,0.0,0.0,0.0,12.162
2023-01-19 01:00:00-03:00,0.0,0.0,0.0,11.238
2023-01-19 02:00:00-03:00,0.0,0.0,0.0,10.485
2023-01-19 03:00:00-03:00,0.0,0.0,0.0,9.858
2023-01-19 04:00:00-03:00,0.0,0.0,0.0,9.313
2023-01-19 05:00:00-03:00,0.0,0.006,0.001,9.27
2023-01-19 06:00:00-03:00,0.296,0.293,0.041,10.374
2023-01-19 07:00:00-03:00,0.433,0.4,0.098,12.988
2023-01-19 08:00:00-03:00,0.644,0.642,0.134,15.047
2023-01-19 09:00:00-03:00,0.711,0.71,0.171,17.067
2023-01-19 10:00:00-03:00,0.638,0.553,0.233,19.258
2023-01-19 11:00:00-03:00,0.527,0.34,0.299,20.821
2023-01-19 12:00:00-03:00,0.357,0.10400000000000001,0.321,21.257
2023-01-19 13:00:00-03:00,0.323,0.047,0.336,21.364
2023-01-19 14:00:00-03:00,0.275,0.036000000000000004,0.291,21.41
2023-01-19 15:00:00-03:00,0.23800000000000002,0.037,0.248,21.447
2023-01-19 16:00:00-03:00,0.266,0.068,0.249,21.712
2023-01-19 17:00:00-03:00,0.293,0.12,0.23,21.877
2023-01-19 18:00:00-03:00,0.213,0.08600000000000001,0.171,21.33
2023-01-19 19:00:00-03:00,0.099,0.032,0.095,20.116
2023-01-19 20:00:00-03:00,0.051000000000000004,0.025,0.047,18.651
2023-01-19 21:00:00-03:00,0.008,0.013000000000000001,0.006,17.017
2023-01-19 22:00:00-03:00,0.0,0.0,0.0,15.859
2023-01-19 23:00:00-03:00,0.0,0.0,0.0,15.179
2023-01-20 00:00:00-03:00,0.0,0.0,0.0,14.497
2023-01-20 01:00:00-03:00,0.0,0.0,0.0,12.988
2023-01-20 02:00:00-03:00,0.0,0.0,0.0,12.285
2023-01-20 03:00:00-03:00,0.0,0.0,0.0,11.781
2023-01-20 04:00:00-03:00,0.0,0.0,0.0,11.104
2023-01-20 05:00:00-03:00,0.0,0.004,0.0,10.777
2023-01-20 06:00:00-03:00,0.042,0.034,0.026000000000000002,10.964
2023-01-20 07:00:00-03:00,0.091,0.041,0.073,11.603
2023-01-20 08:00:00-03:00,0.182,0.076,0.136,12.713
2023-01-20 09:00:00-03:00,0.278,0.121,0.199,14.271
2023-01-20 10:00:00-03:00,0.399,0.20700000000000002,0.257,15.876
2023-01-20 11:00:00-03:00,0.524,0.332,0.292,17.574
2023-01-20 12:00:00-03:00,0.609,0.436,0.308,19.082
2023-01-20 13:00:00-03:00,0.6980000000000001,0.581,0.30000000000000004,20.487
2023-01-20 14:00:00-03:00,0.745,0.706,0.254,21.745
2023-01-20 15:00:00-03:00,0.775,0.789,0.223,22.696
2023-01-20 16:00:00-03:00,0.731,0.737,0.20800000000000002,23.181
2023-01-20 17:00:00-03:00,0.606,0.56,0.199,23.235
2023-01-20 18:00:00-03:00,0.404,0.31,0.177,22.803
2023-01-20 19:00:00-03:00,0.18,0.10200000000000001,0.117,21.758
2023-01-20 20:00:00-03:00,0.062,0.036000000000000004,0.05,19.801
2023-01-20 21:00:00-03:00,0.005,0.01,0.005,17.493
2023-01-20 22:00:00-03:00,0.0,0.0,0.0,16.739
2023-01-20 23:00:00-03:00,0.0,0.0,0.0,16.078
2023-01-21 00:00:00-03:00,0.0,0.0,0.0,14.988
2023-01-21 01:00:00-03:00,0.0,0.0,0.0,13.893
2023-01-21 02:00:00-03:00,0.0,0.0,0.0,12.814
2023-01-21 03:00:00-03:00,0.0,0.0,0.0,12.227
2023-01-21 04:00:00-03:00,0.0,0.0,0.0,11.703
2023-01-21 05:00:00-03:00,0.0,0.0,0.0,11.062
2023-01-21 06:00:00-03:00,0.006,0.005,0.012,10.911
2023-01-21 07:00:00-03:00,0.019,0.004,0.029,11.019
2023-01-21 08:00:00-03:00,0.045,0.005,0.058,11.151
2023-01-21 09:00:00-03:00,0.08700000000000001,0.009000000000000001,0.1,11.576
2023-01-21 10:00:00-03:00,0.16,0.021,0.167,12.719
2023-01-21 11:00:00-03:00,0.264,0.053,0.251,14.398
2023-01-21 12:00:00-03:00,0.47800000000000004,0.219,0.342,16.066
2023-01-21 13:00:00-03:00,0.6930000000000001,0.525,0.33,17.214
2023-01-21 14:00:00-03:00,0.771,0.714,0.262,17.89
2023-01-21 15:00:00-03:00,0.748,0.6920000000000001,0.251,18.254
2023-01-21 16:00:00-03:00,0.704,0.646,0.231,18.135
2023-01-21 17:00:00-03:00,0.587,0.494,0.214,17.501
2023-01-21 18:00:00-03:00,0.405,0.289,0.183,16.364
2023-01-21 19:00:00-03:00,0.242,0.155,0.125,14.687
2023-01-21 20:00:00-03:00,0.188,0.156,0.064,12.804
2023-01-21 21:00:00-03:00,0.025,0.034,0.007,10.618
2023-01-21 22:00:00-03:00,0.0,0.0,0.0,8.876
2023-01-21 23:00:00-03:00,0.0,0.0,0.0,7.626
2023-01-22 00:00:00-03:00,0.0,0.0,0.0,6.632
2023-01-22 01:00:00-03:00,0.0,0.0,0.0,5.78
2023-01-22 02:00:00-03:00,0.0,0.0,0.0,5.078
2023-01-22 03:00:00-03:00,0.0,0.0,0.0,4.432
2023-01-22 04:00:00-03:00,0.0,0.0,0.0,3.842
2023-01-22 05:00:00-03:00,0.0,0.0,0.0,3.52
2023-01-22 06:00:00-03:00,0.273,0.266,0.035,4.598
2023-01-22 07:00:00-03:00,0.544,0.533,0.082,6.793
2023-01-22 08:00:00-03:00,0.5710000000000001,0.522,0.132,8.376
2023-01-22 09:00:00-03:00,0.794,0.8210000000000001,0.14400000000000002,10.065
2023-01-22 10:00:00-03:00,0.843,0.882,0.169,11.885
2023-01-22 11:00:00-03:00,0.858,0.896,0.191,13.66
2023-01-22 12:00:00-03:00,0.849,0.878,0.20600000000000002,15.335
2023-01-22 13:00:00-03:00,0.808,0.8220000000000001,0.20600000000000002,16.733
2023-01-22 14:00:00-03:00,0.6950000000000001,0.59,0.271,17.561
2023-01-22 15:00:00-03:00,0.771,0.766,0.215,18.604
2023-01-22 16:00:00-03:00,0.773,0.802,0.187,19.369
2023-01-22 17:00:00-03:00,0.655,0.636,0.177,19.69
2023-01-22 18:00:00-03:00,0.392,0.296,0.167,19.418
2023-01-22 19:00:00-03:00,0.091,0.033,0.085,18.121
2023-01-22 20:00:00-03:00,0.021,0.009000000000000001,0.028,16.267
2023-01-22 21:00:00-03:00,0.0,0.002,0.002,14.699
2023-01-22 22:00:00-03:00,0.0,0.0,0.0,13.216
2023-01-22 23:00:00-03:00,0.0,0.0,0.0,12.262
2023-01-23 00:00:00-03:00,0.0,0.0,0.0,11.504
2023-01-23 01:00:00-03:00,0.0,0.0,0.0,11.433
2023-01-23 02:00:00-03:00,0.0,0.0,0.0,10.409
2023-01-23 03:00:00-03:00,0.0,0.0,0.0,8.907
2023-01-23 04:00:00-03:00,0.0,0.0,0.0,8.405
2023-01-23 05:00:00-03:00,0.0,0.0,0.0,8.795
2023-01-23 06:00:00-03:00,0.018000000000000002,0.014,0.018000000000000002,9.36
2023-01-23 07:00:00-03:00,0.082,0.035,0.069,10.47
2023-01-23 08:00:00-03:00,0.336,0.227,0.156,12.903
2023-01-23 09:00:00-03:00,0.611,0.543,0.189,15.551
2023-01-23 10:00:00-03:00,0.548,0.406,0.249,17.432
2023-01-23 11:00:00-03:00,0.328,0.10400000000000001,0.28,18.161
2023-01-23 12:00:00-03:00,0.354,0.10400000000000001,0.314,19.507
2023-01-23 13:00:00-03:00,0.441,0.14,0.389,21.239
2023-01-23 14:00:00-03:00,0.297,0.047,0.305,20.693
2023-01-23 15:00:00-03:00,0.192,0.022,0.20700000000000002,17.889
2023-01-23 16:00:00-03:00,0.292,0.085,0.255,16.727
2023-01-23 17:00:00-03:00,0.602,0.521,0.20700000000000002,17.258
2023-01-23 18:00:00-03:00,0.586,0.549,0.155,16.699
2023-01-23 19:00:00-03:00,0.45,0.41100000000000003,0.113,15.25
2023-01-23 20:00:00-03:00,0.211,0.184,0.061,13.536
2023-01-23 21:00:00-03:00,0.013000000000000001,0.02,0.006,11.694
2023-01-23 22:00:00-03:00,0.0,0.0,0.0,10.47
2023-01-23 23:00:00-03:00,0.0,0.0,0.0,9.626
2023-01-24 00:00:00-03:00,0.0,0.0,0.0,8.854
2023-01-24 01:00:00-03:00,0.0,0.0,0.0,8.141
2023-01-24 02:00:00-03:00,0.0,0.0,0.0,7.529
2023-01-24 03:00:00-03:00,0.0,0.0,0.0,6.941
2023-01-24 04:00:00-03:00,0.0,0.0,0.0,6.404
2023-01-24 05:00:00-03:00,0.0,0.0,0.0,6.036
2023-01-24 06:00:00-03:00,0.154,0.15,0.028,6.276
2023-01-24 07:00:00-03:00,0.268,0.20500000000000002,0.094,7.366
2023-01-24 08:00:00-03:00,0.377,0.268,0.154,8.312
2023-01-24 09:00:00-03:00,0.401,0.242,0.209,9.066
2023-01-24 10:00:00-03:00,0.383,0.177,0.254,9.735
2023-01-24 11:00:00-03:00,0.41100000000000003,0.17300000000000001,0.293,10.476
2023-01-24 12:00:00-03:00,0.449,0.183,0.328,10.909
2023-01-24 13:00:00-03:00,0.539,0.23600000000000002,0.387,11.306
2023-01-24 14:00:00-03:00,0.5650000000000001,0.30000000000000004,0.358,11.596
2023-01-24 15:00:00-03:00,0.498,0.258,0.315,11.527
2023-01-24 16:00:00-03:00,0.28600000000000003,0.076,0.247,10.856
2023-01-24 17:00:00-03:00,0.22,0.056,0.195,10.344
2023-01-24 18:00:00-03:00,0.30000000000000004,0.162,0.177,10.258
2023-01-24 19:00:00-03:00,0.243,0.157,0.11900000000000001,9.952
2023-01-24 20:00:00-03:00,0.127,0.095,0.056,9.247
2023-01-24 21:00:00-03:00,0.004,0.009000000000000001,0.004,7.877
2023-01-24 22:00:00-03:00,0.0,0.0,0.0,7.508
2023-01-24 23:00:00-03:00,0.0,0.0,0.0,7.508
2023-01-25 00:00:00-03:00,0.0,0.0,0.0,7.592
2023-01-25 01:00:00-03:00,0.0,0.0,0.0,7.453
2023-01-25 02:00:00-03:00,0.0,0.0,0.0,7.381
2023-01-25 03:00:00-03:00,0.0,0.0,0.0,7.489
2023-01-25 04:00:00-03:00,0.0,0.0,0.0,7.624
2023-01-25 05:00:00-03:00,0.0,0.0,0.0,7.415
2023-01-25 06:00:00-03:00,0.17200000000000001,0.171,0.027,7.961
2023-01-25 07:00:00-03:00,0.271,0.215,0.091,9.621
2023-01-25 08:00:00-03:00,0.355,0.252,0.15,11.225
2023-01-25 09:00:00-03:00,0.591,0.508,0.187,12.508
2023-01-25 10:00:00-03:00,0.608,0.487,0.232,13.138
2023-01-25 11:00:00-03:00,0.534,0.338,0.28600000000000003,13.387
2023-01-25 12:00:00-03:00,0.456,0.203,0.322,13.278
2023-01-25 13:00:00-03:00,0.539,0.254,0.375,13.34
2023-01-25 14:00:00-03:00,0.607,0.385,0.335,13.666
2023-01-25 15:00:00-03:00,0.581,0.391,0.294,13.708
2023-01-25 16:00:00-03:00,0.455,0.254,0.271,13.32
2023-01-25 17:00:00-03:00,0.359,0.184,0.225,12.615
2023-01-25 18:00:00-03:00,0.233,0.10200000000000001,0.164,11.474
2023-01-25 19:00:00-03:00,0.182,0.1,0.11,10.416
2023-01-25 20:00:00-03:00,0.094,0.065,0.051000000000000004,9.185
2023-01-25 21:00:00-03:00,0.003,0.007,0.003,7.776
2023-01-25 22:00:00-03:00,0.0,0.0,0.0,6.734
2023-01-25 23:00:00-03:00,0.0,0.0,0.0,5.86
2023-01-26 00:00:00-03:00,0.0,0.0,0.0,5.185
2023-01-26 01:00:00-03:00,0.0,0.0,0.0,4.6850000000000005
2023-01-26 02:00:00-03:00,0.0,0.0,0.0,4.368
2023-01-26 03:00:00-03:00,0.0,0.0,0.0,4.405
2023-01-26 04:00:00-03:00,0.0,0.0,0.0,4.578
2023-01-26 05:00:00-03:00,0.0,0.0,0.0,4.565
2023-01-26 06:00:00-03:00,0.233,0.233,0.025,4.6129999999999995
2023-01-26 07:00:00-03:00,0.34400000000000003,0.292,0.08700000000000001,5.806
2023-01-26 08:00:00-03:00,0.5740000000000001,0.523,0.131,7.364
2023-01-26 09:00:00-03:00,0.638,0.5690000000000001,0.17400000000000002,8.853
2023-01-26 10:00:00-03:00,0.7000000000000001,0.624,0.20600000000000002,10.181
2023-01-26 11:00:00-03:00,0.719,0.627,0.23700000000000002,11.357
2023-01-26 12:00:00-03:00,0.748,0.659,0.252,12.428
2023-01-26 13:00:00-03:00,0.719,0.592,0.281,13.17
2023-01-26 14:00:00-03:00,0.6880000000000001,0.544,0.28500000000000003,13.343
2023-01-26 15:00:00-03:00,0.652,0.514,0.264,13.089
2023-01-26 16:00:00-03:00,0.591,0.452,0.242,12.609
2023-01-26 17:00:00-03:00,0.519,0.393,0.20800000000000002,11.968
2023-01-26 18:00:00-03:00,0.436,0.333,0.163,11.052
2023-01-26 19:00:00-03:00,0.278,0.202,0.111,9.883
2023-01-26 20:00:00-03:00,0.082,0.057,0.047,8.709
2023-01-26 21:00:00-03:00,0.002,0.005,0.003,7.452
2023-01-26 22:00:00-03:00,0.0,0.0,0.0,6.472
2023-01-26 23:00:00-03:00,0.0,0.0,0.0,5.91
2023-01-27 00:00:00-03:00,0.0,0.0,0.0,5.783
2023-01-27 01:00:00-03:00,0.0,0.0,0.0,5.838
2023-01-27 02:00:00-03:00,0.0,0.0,0.0,6.052
2023-01-27 03:00:00-03:00,0.0,0.0,0.0,6.352
2023-01-27 04:00:00-03:00,0.0,0.0,0.0,6.59
2023-01-27 05:00:00-03:00,0.0,0.0,0.0,6.777
2023-01-27 06:00:00-03:00,0.009000000000000001,0.008,0.013000000000000001,7.181
2023-01-27 07:00:00-03:00,0.024,0.005,0.034,7.965
2023-01-27 08:00:00-03:00,0.047,0.006,0.06,8.785
2023-01-27 09:00:00-03:00,0.08,0.007,0.094,9.67
2023-01-27 10:00:00-03:00,0.148,0.016,0.158,10.834
2023-01-27 11:00:00-03:00,0.35100000000000003,0.109,0.292,12.848
2023-01-27 12:00:00-03:00,0.586,0.361,0.336,15.069
2023-01-27 13:00:00-03:00,0.6940000000000001,0.51,0.34400000000000003,16.636
2023-01-27 14:00:00-03:00,0.6900000000000001,0.526,0.327,17.399
2023-01-27 15:00:00-03:00,0.442,0.189,0.328,16.659
2023-01-27 16:00:00-03:00,0.161,0.016,0.17500000000000002,14.459
2023-01-27 17:00:00-03:00,0.074,0.005,0.091,12.599
2023-01-27 18:00:00-03:00,0.037,0.003,0.052000000000000005,11.587
2023-01-27 19:00:00-03:00,0.019,0.002,0.032,11.738
2023-01-27 20:00:00-03:00,0.028,0.011,0.033,12.224
2023-01-27 21:00:00-03:00,0.0,0.001,0.001,12.111
2023-01-27 22:00:00-03:00,0.0,0.0,0.0,12.082
2023-01-27 23:00:00-03:00,0.0,0.0,0.0,11.751
2023-01-28 00:00:00-03:00,0.0,0.0,0.0,11.441
2023-01-28 01:00:00-03:00,0.0,0.0,0.0,11.114
2023-01-28 02:00:00-03:00,0.0,0.0,0.0,10.465
2023-01-28 03:00:00-03:00,0.0,0.0,0.0,9.678
2023-01-28 04:00:00-03:00,0.0,0.0,0.0,9.074
2023-01-28 05:00:00-03:00,0.0,0.0,0.0,8.861
2023-01-28 06:00:00-03:00,0.197,0.202,0.023,8.902
2023-01-28 07:00:00-03:00,0.318,0.271,0.08600000000000001,9.798
2023-01-28 08:00:00-03:00,0.372,0.278,0.14400000000000002,11.059
2023-01-28 09:00:00-03:00,0.458,0.331,0.195,12.494
2023-01-28 10:00:00-03:00,0.605,0.495,0.225,14.224
2023-01-28 11:00:00-03:00,0.8300000000000001,0.854,0.20500000000000002,16.258
2023-01-28 12:00:00-03:00,0.802,0.791,0.231,17.427
2023-01-28 13:00:00-03:00,0.654,0.488,0.313,17.627
2023-01-28 14:00:00-03:00,0.431,0.165,0.341,17.115
2023-01-28 15:00:00-03:00,0.34600000000000003,0.11800000000000001,0.28400000000000003,16.717
2023-01-28 16:00:00-03:00,0.359,0.159,0.258,16.495
2023-01-28 17:00:00-03:00,0.371,0.212,0.219,16.206
2023-01-28 18:00:00-03:00,0.47400000000000003,0.398,0.158,15.854
2023-01-28 19:00:00-03:00,0.326,0.266,0.11,14.741
2023-01-28 20:00:00-03:00,0.17500000000000002,0.154,0.051000000000000004,13.243
2023-01-28 21:00:00-03:00,0.002,0.006,0.003,11.593
2023-01-28 22:00:00-03:00,0.0,0.0,0.0,10.482
2023-01-28 23:00:00-03:00,0.0,0.0,0.0,9.813
2023-01-29 00:00:00-03:00,0.0,0.0,0.0,9.472
2023-01-29 01:00:00-03:00,0.0,0.0,0.0,9.261
2023-01-29 02:00:00-03:00,0.0,0.0,0.0,9.14
2023-01-29 03:00:00-03:00,0.0,0.0,0.0,9.124
2023-01-29 04:00:00-03:00,0.0,0.0,0.0,9.029
2023-01-29 05:00:00-03:00,0.0,0.0,0.0,8.901
2023-01-29 06:00:00-03:00,0.017,0.017,0.014,9.008
2023-01-29 07:00:00-03:00,0.094,0.048,0.069,9.834
2023-01-29 08:00:00-03:00,0.166,0.066,0.127,11.092
2023-01-29 09:00:00-03:00,0.403,0.256,0.20600000000000002,12.769
2023-01-29 10:00:00-03:00,0.548,0.398,0.246,14.402
2023-01-29 11:00:00-03:00,0.588,0.423,0.281,15.963
2023-01-29 12:00:00-03:00,0.59,0.399,0.312,17.163
2023-01-29 13:00:00-03:00,0.5710000000000001,0.323,0.364,17.902
2023-01-29 14:00:00-03:00,0.545,0.305,0.35000000000000003,18.321
2023-01-29 15:00:00-03:00,0.425,0.192,0.31,18.231
2023-01-29 16:00:00-03:00,0.299,0.096,0.254,17.795
2023-01-29 17:00:00-03:00,0.222,0.064,0.197,17.31
2023-01-29 18:00:00-03:00,0.134,0.033,0.13,16.47
2023-01-29 19:00:00-03:00,0.042,0.008,0.053,15.059
2023-01-29 20:00:00-03:00,0.012,0.005,0.02,13.445
2023-01-29 21:00:00-03:00,0.0,0.001,0.001,11.729
2023-01-29 22:00:00-03:00,0.0,0.0,0.0,10.462
2023-01-29 23:00:00-03:00,0.0,0.0,0.0,9.466
2023-01-30 00:00:00-03:00,0.0,0.0,0.0,8.659
2023-01-30 01:00:00-03:00,0.0,0.0,0.0,8.169
2023-01-30 02:00:00-03:00,0.0,0.0,0.0,7.592
2023-01-30 03:00:00-03:00,0.0,0.0,0.0,6.925
2023-01-30 04:00:00-03:00,0.0,0.0,0.0,6.5
2023-01-30 05:00:00-03:00,0.0,0.0,0.0,6.174
2023-01-30 06:00:00-03:00,0.064,0.065,0.018000000000000002,6.05
2023-01-30 07:00:00-03:00,0.17400000000000002,0.123,0.076,6.736
2023-01-30 08:00:00-03:00,0.391,0.30000000000000004,0.136,7.952
2023-01-30 09:00:00-03:00,0.676,0.633,0.162,9.624
2023-01-30 10:00:00-03:00,0.727,0.68,0.194,11.118
2023-01-30 11:00:00-03:00,0.71,0.622,0.232,12.041
2023-01-30 12:00:00-03:00,0.724,0.627,0.252,12.911
2023-01-30 13:00:00-03:00,0.749,0.666,0.254,13.929
2023-01-30 14:00:00-03:00,0.733,0.647,0.253,14.522
2023-01-30 15:00:00-03:00,0.746,0.6940000000000001,0.227,15.015
2023-01-30 16:00:00-03:00,0.67,0.597,0.215,14.964
2023-01-30 17:00:00-03:00,0.5640000000000001,0.47300000000000003,0.192,14.271
2023-01-30 18:00:00-03:00,0.48,0.404,0.151,13.176
2023-01-30 19:00:00-03:00,0.314,0.253,0.10400000000000001,11.803
2023-01-30 20:00:00-03:00,0.082,0.062,0.042,10.408
2023-01-30 21:00:00-03:00,0.0,0.002,0.002,9.117
2023-01-30 22:00:00-03:00,0.0,0.0,0.0,8.39
2023-01-30 23:00:00-03:00,0.0,0.0,0.0,7.961
2023-01-31 00:00:00-03:00,0.0,0.0,0.0,7.602
2023-01-31 01:00:00-03:00,0.0,0.0,0.0,7.129
2023-01-31 02:00:00-03:00,0.0,0.0,0.0,6.658
2023-01-31 03:00:00-03:00,0.0,0.0,0.0,6.227
2023-01-31 04:00:00-03:00,0.0,0.0,0.0,5.833
2023-01-31 05:00:00-03:00,0.0,0.0,0.0,5.48
2023-01-31 06:00:00-03:00,0.19,0.194,0.02,5.612
2023-01-31 07:00:00-03:00,0.405,0.368,0.083,7.193
2023-01-31 08:00:00-03:00,0.5630000000000001,0.513,0.133,9.268
2023-01-31 09:00:00-03:00,0.66,0.606,0.17400000000000002,11.162
2023-01-31 10:00:00-03:00,0.544,0.394,0.24,12.529
2023-01-31 11:00:00-03:00,0.366,0.14300000000000002,0.276,13.176
2023-01-31 12:00:00-03:00,0.369,0.123,0.30000000000000004,13.925
2023-01-31 13:00:00-03:00,0.421,0.136,0.352,14.822
2023-01-31 14:00:00-03:00,0.48,0.22,0.343,15.929
2023-01-31 15:00:00-03:00,0.376,0.14300000000000002,0.293,16.376
2023-01-31 16:00:00-03:00,0.331,0.128,0.256,16.357
2023-01-31 17:00:00-03:00,0.244,0.083,0.2,15.72
2023-01-31 18:00:00-03:00,0.117,0.026000000000000002,0.117,14.337
2023-01-31 19:00:00-03:00,0.041,0.008,0.051000000000000004,12.811
2023-01-31 20:00:00-03:00,0.006,0.002,0.014,11.547
2023-01-31 21:00:00-03:00,0.0,0.0,0.0,10.567
2023-01-31 22:00:00-03:00,0.0,0.0,0.0,9.862
2023-01-31 23:00:00-03:00,0.0,0.0,0.0,9.247
2023-02-01 00:00:00-03:00,0.0,0.0,0.0,8.741
2023-02-01 01:00:00-03:00,0.0,0.0,0.0,8.231
2023-02-01 02:00:00-03:00,0.0,0.0,0.0,7.684
2023-02-01 03:00:00-03:00,0.0,0.0,0.0,7.09
2023-02-01 04:00:00-03:00,0.0,0.0,0.0,6.607
2023-02-01 05:00:00-03:00,0.0,0.0,0.0,6.369
2023-02-01 06:00:00-03:00,0.088,0.092,0.017,6.66
2023-02-01 07:00:00-03:00,0.279,0.234,0.078,8.116
2023-02-01 08:00:00-03:00,0.315,0.221,0.134,10.05
2023-02-01 09:00:00-03:00,0.381,0.246,0.187,11.945
2023-02-01 10:00:00-03:00,0.47200000000000003,0.316,0.231,13.808
2023-02-01 11:00:00-03:00,0.642,0.532,0.244,15.776
2023-02-01 12:00:00-03:00,0.771,0.741,0.233,17.64
2023-02-01 13:00:00-03:00,0.791,0.791,0.225,19.067
2023-02-01 14:00:00-03:00,0.771,0.759,0.23,19.98
2023-02-01 15:00:00-03:00,0.706,0.658,0.234,20.376
2023-02-01 16:00:00-03:00,0.644,0.583,0.216,20.299
2023-02-01 17:00:00-03:00,0.617,0.58,0.179,19.832
2023-02-01 18:00:00-03:00,0.543,0.515,0.139,18.991
2023-02-01 19:00:00-03:00,0.22,0.158,0.101,17.553
2023-02-01 20:00:00-03:00,0.045,0.032,0.034,15.423
2023-02-01 21:00:00-03:00,0.0,0.001,0.001,13.015
2023-02-01 22:00:00-03:00,0.0,0.0,0.0,12.089
2023-02-01 23:00:00-03:00,0.0,0.0,0.0,11.302
2023-02-02 00:00:00-03:00,0.0,0.0,0.0,10.75
2023-02-02 01:00:00-03:00,0.0,0.0,0.0,10.522
2023-02-02 02:00:00-03:00,0.0,0.0,0.0,10.188
2023-02-02 03:00:00-03:00,0.0,0.0,0.0,9.674
2023-02-02 04:00:00-03:00,0.0,0.0,0.0,9.678
2023-02-02 05:00:00-03:00,0.0,0.0,0.0,10.03
2023-02-02 06:00:00-03:00,0.003,0.005,0.006,10.279
2023-02-02 07:00:00-03:00,0.027,0.01,0.033,10.828
2023-02-02 08:00:00-03:00,0.079,0.02,0.08,11.855
2023-02-02 09:00:00-03:00,0.243,0.106,0.17400000000000002,14.086
2023-02-02 10:00:00-03:00,0.441,0.28300000000000003,0.234,16.51
2023-02-02 11:00:00-03:00,0.521,0.355,0.266,17.786
2023-02-02 12:00:00-03:00,0.552,0.374,0.29,18.613
2023-02-02 13:00:00-03:00,0.794,0.798,0.228,19.928
2023-02-02 14:00:00-03:00,0.804,0.8270000000000001,0.22,20.77
2023-02-02 15:00:00-03:00,0.787,0.808,0.213,21.098
2023-02-02 16:00:00-03:00,0.735,0.742,0.197,20.865
2023-02-02 17:00:00-03:00,0.624,0.591,0.179,19.977
2023-02-02 18:00:00-03:00,0.468,0.406,0.15,18.445
2023-02-02 19:00:00-03:00,0.41200000000000003,0.386,0.096,16.82
2023-02-02 20:00:00-03:00,0.17300000000000001,0.162,0.043000000000000003,14.939
2023-02-02 21:00:00-03:00,0.0,0.003,0.001,12.919
2023-02-02 22:00:00-03:00,0.0,0.0,0.0,11.567
2023-02-02 23:00:00-03:00,0.0,0.0,0.0,10.486
2023-02-03 00:00:00-03:00,0.0,0.0,0.0,9.602
2023-02-03 01:00:00-03:00,0.0,0.0,0.0,9.145
2023-02-03 02:00:00-03:00,0.0,0.0,0.0,8.966
2023-02-03 03:00:00-03:00,0.0,0.0,0.0,9.133
2023-02-03 04:00:00-03:00,0.0,0.0,0.0,9.617
2023-02-03 05:00:00-03:00,0.0,0.0,0.0,10.584
2023-02-03 06:00:00-03:00,0.005,0.008,0.007,11.778
2023-02-03 07:00:00-03:00,0.062,0.033,0.05,13.136
2023-02-03 08:00:00-03:00,0.116,0.045,0.098,14.829
2023-02-03 09:00:00-03:00,0.298,0.168,0.179,17.271
2023-02-03 10:00:00-03:00,0.681,0.659,0.193,20.044
2023-02-03 11:00:00-03:00,0.785,0.8240000000000001,0.201,22.085
2023-02-03 12:00:00-03:00,0.759,0.759,0.227,22.707
2023-02-03 13:00:00-03:00,0.714,0.662,0.251,22.255
2023-02-03 14:00:00-03:00,0.759,0.752,0.229,21.726
2023-02-03 15:00:00-03:00,0.757,0.757,0.215,20.898
2023-02-03 16:00:00-03:00,0.741,0.754,0.19,20.159
2023-02-03 17:00:00-03:00,0.6920000000000001,0.7030000000000001,0.16,19.199
2023-02-03 18:00:00-03:00,0.599,0.597,0.128,17.704
2023-02-03 19:00:00-03:00,0.434,0.41500000000000004,0.09,15.828
2023-02-03 20:00:00-03:00,0.168,0.159,0.04,13.881
2023-02-03 21:00:00-03:00,0.0,0.001,0.001,12.13
2023-02-03 22:00:00-03:00,0.0,0.0,0.0,11.103
2023-02-03 23:00:00-03:00,0.0,0.0,0.0,10.125
2023-02-04 00:00:00-03:00,0.0,0.0,0.0,9.444
2023-02-04 01:00:00-03:00,0.0,0.0,0.0,8.895
2023-02-04 02:00:00-03:00,0.0,0.0,0.0,8.46
2023-02-04 03:00:00-03:00,0.0,0.0,0.0,8.189
2023-02-04 04:00:00-03:00,0.0,0.0,0.0,7.981
2023-02-04 05:00:00-03:00,0.0,0.0,0.0,7.953
2023-02-04 06:00:00-03:00,0.011,0.013000000000000001,0.009000000000000001,8.027
2023-02-04 07:00:00-03:00,0.233,0.184,0.08,8.857
2023-02-04 08:00:00-03:00,0.394,0.302,0.14300000000000002,10.487
2023-02-04 09:00:00-03:00,0.318,0.164,0.197,12.097
2023-02-04 10:00:00-03:00,0.34600000000000003,0.153,0.244,13.663
2023-02-04 11:00:00-03:00,0.372,0.148,0.281,14.807
2023-02-04 12:00:00-03:00,0.214,0.028,0.221,14.597
2023-02-04 13:00:00-03:00,0.154,0.009000000000000001,0.17400000000000002,14.828
2023-02-04 14:00:00-03:00,0.14300000000000002,0.009000000000000001,0.165,16.828
2023-02-04 15:00:00-03:00,0.121,0.009000000000000001,0.14200000000000002,19.168
2023-02-04 16:00:00-03:00,0.145,0.017,0.162,20.466
2023-02-04 17:00:00-03:00,0.268,0.108,0.211,20.951
2023-02-04 18:00:00-03:00,0.098,0.018000000000000002,0.107,19.689
2023-02-04 19:00:00-03:00,0.058,0.015,0.065,17.69
2023-02-04 20:00:00-03:00,0.011,0.005,0.018000000000000002,15.628
2023-02-04 21:00:00-03:00,0.0,0.0,0.0,14.133
2023-02-04 22:00:00-03:00,0.0,0.0,0.0,13.069
2023-02-04 23:00:00-03:00,0.0,0.0,0.0,11.933
2023-02-05 00:00:00-03:00,0.0,0.0,0.0,10.287
2023-02-05 01:00:00-03:00,0.0,0.0,0.0,8.883
2023-02-05 02:00:00-03:00,0.0,0.0,0.0,8.002
2023-02-05 03:00:00-03:00,0.0,0.0,0.0,7.338
2023-02-05 04:00:00-03:00,0.0,0.0,0.0,6.635
2023-02-05 05:00:00-03:00,0.0,0.0,0.0,6.201
2023-02-05 06:00:00-03:00,0.112,0.121,0.013000000000000001,6.101
2023-02-05 07:00:00-03:00,0.453,0.438,0.068,6.745
2023-02-05 08:00:00-03:00,0.629,0.615,0.11,7.82
2023-02-05 09:00:00-03:00,0.715,0.6990000000000001,0.147,8.936
2023-02-05 10:00:00-03:00,0.751,0.722,0.181,10.041
2023-02-05 11:00:00-03:00,0.79,0.762,0.20500000000000002,11.256
2023-02-05 12:00:00-03:00,0.8140000000000001,0.792,0.219,12.461
2023-02-05 13:00:00-03:00,0.842,0.849,0.21,13.425
2023-02-05 14:00:00-03:00,0.811,0.797,0.217,13.931000000000001
2023-02-05 15:00:00-03:00,0.733,0.675,0.222,14.024
2023-02-05 16:00:00-03:00,0.636,0.548,0.211,13.912
2023-02-05 17:00:00-03:00,0.592,0.524,0.176,13.618
2023-02-05 18:00:00-03:00,0.491,0.43,0.138,12.796
2023-02-05 19:00:00-03:00,0.289,0.23500000000000001,0.093,11.482
2023-02-05 20:00:00-03:00,0.046,0.036000000000000004,0.029,10.119
2023-02-05 21:00:00-03:00,0.0,0.0,0.0,9.25
2023-02-05 22:00:00-03:00,0.0,0.0,0.0,8.968
2023-02-05 23:00:00-03:00,0.0,0.0,0.0,8.774000000000001
2023-02-06 00:00:00-03:00,0.0,0.0,0.0,8.603
2023-02-06 01:00:00-03:00,0.0,0.0,0.0,8.658
2023-02-06 02:00:00-03:00,0.0,0.0,0.0,9.096
2023-02-06 03:00:00-03:00,0.0,0.0,0.0,9.5
2023-02-06 04:00:00-03:00,0.0,0.0,0.0,9.636
2023-02-06 05:00:00-03:00,0.0,0.0,0.0,9.637
2023-02-06 06:00:00-03:00,0.008,0.011,0.008,9.647
2023-02-06 07:00:00-03:00,0.099,0.063,0.06,10.275
2023-02-06 08:00:00-03:00,0.246,0.153,0.128,11.63
2023-02-06 09:00:00-03:00,0.342,0.20500000000000002,0.186,13.074
2023-02-06 10:00:00-03:00,0.47500000000000003,0.32,0.232,14.392
2023-02-06 11:00:00-03:00,0.47100000000000003,0.281,0.27,15.572
2023-02-06 12:00:00-03:00,0.538,0.34800000000000003,0.292,16.544
2023-02-06 13:00:00-03:00,0.596,0.41200000000000003,0.306,17.047
2023-02-06 14:00:00-03:00,0.591,0.41400000000000003,0.297,17.014
2023-02-06 15:00:00-03:00,0.383,0.167,0.278,16.422
2023-02-06 16:00:00-03:00,0.331,0.14100000000000001,0.243,15.916
2023-02-06 17:00:00-03:00,0.272,0.117,0.198,15.313
2023-02-06 18:00:00-03:00,0.233,0.12,0.15,14.554
2023-02-06 19:00:00-03:00,0.253,0.193,0.098,13.602
2023-02-06 20:00:00-03:00,0.054,0.043000000000000003,0.031,12.12
2023-02-06 21:00:00-03:00,0.0,0.0,0.0,10.855
2023-02-06 22:00:00-03:00,0.0,0.0,0.0,10.24
2023-02-06 23:00:00-03:00,0.0,0.0,0.0,9.933
2023-02-07 00:00:00-03:00,0.0,0.0,0.0,9.744
2023-02-07 01:00:00-03:00,0.0,0.0,0.0,9.511
2023-02-07 02:00:00-03:00,0.0,0.0,0.0,8.95
2023-02-07 03:00:00-03:00,0.0,0.0,0.0,8.479
2023-02-07 04:00:00-03:00,0.0,0.0,0.0,8.268
2023-02-07 05:00:00-03:00,0.0,0.0,0.0,7.964
2023-02-07 06:00:00-03:00,0.014,0.019,0.008,7.662
2023-02-07 07:00:00-03:00,0.195,0.156,0.066,8.336
2023-02-07 08:00:00-03:00,0.532,0.49,0.11900000000000001,9.597
2023-02-07 09:00:00-03:00,0.5740000000000001,0.499,0.167,11.052
2023-02-07 10:00:00-03:00,0.732,0.7030000000000001,0.188,12.924
2023-02-07 11:00:00-03:00,0.729,0.675,0.221,14.756
2023-02-07 12:00:00-03:00,0.611,0.467,0.268,15.982
2023-02-07 13:00:00-03:00,0.557,0.369,0.296,16.758
2023-02-07 14:00:00-03:00,0.506,0.306,0.294,17.22
2023-02-07 15:00:00-03:00,0.517,0.34900000000000003,0.267,17.751
2023-02-07 16:00:00-03:00,0.544,0.423,0.23,18.293
2023-02-07 17:00:00-03:00,0.453,0.341,0.195,18.307
2023-02-07 18:00:00-03:00,0.34600000000000003,0.256,0.149,17.866
2023-02-07 19:00:00-03:00,0.229,0.176,0.093,17.053
2023-02-07 20:00:00-03:00,0.116,0.109,0.033,14.449
2023-02-07 21:00:00-03:00,0.0,0.0,0.0,12.503
2023-02-07 22:00:00-03:00,0.0,0.0,0.0,12.293
2023-02-07 23:00:00-03:00,0.0,0.0,0.0,10.747
2023-02-08 00:00:00-03:00,0.0,0.0,0.0,10.595
2023-02-08 01:00:00-03:00,0.0,0.0,0.0,10.505
2023-02-08 02:00:00-03:00,0.0,0.0,0.0,10.753
2023-02-08 03:00:00-03:00,0.0,0.0,0.0,11.257
2023-02-08 04:00:00-03:00,0.0,0.0,0.0,10.769
2023-02-08 05:00:00-03:00,0.0,0.0,0.0,10.95
2023-02-08 06:00:00-03:00,0.012,0.016,0.009000000000000001,11.206
2023-02-08 07:00:00-03:00,0.054,0.025,0.048,12.396
2023-02-08 08:00:00-03:00,0.061,0.012,0.07,13.684
2023-02-08 09:00:00-03:00,0.08600000000000001,0.011,0.099,15.252
2023-02-08 10:00:00-03:00,0.117,0.013000000000000001,0.132,16.988
2023-02-08 11:00:00-03:00,0.154,0.017,0.17,18.828
2023-02-08 12:00:00-03:00,0.197,0.026000000000000002,0.211,20.892
2023-02-08 13:00:00-03:00,0.233,0.034,0.246,22.711
2023-02-08 14:00:00-03:00,0.21,0.028,0.227,23.498
2023-02-08 15:00:00-03:00,0.139,0.012,0.161,22.429
2023-02-08 16:00:00-03:00,0.094,0.007,0.114,19.961
2023-02-08 17:00:00-03:00,0.083,0.008,0.101,17.194
2023-02-08 18:00:00-03:00,0.178,0.067,0.14400000000000002,15.803
2023-02-08 19:00:00-03:00,0.152,0.08700000000000001,0.095,14.786
2023-02-08 20:00:00-03:00,0.075,0.064,0.033,13.249
2023-02-08 21:00:00-03:00,0.0,0.0,0.0,11.458
2023-02-08 22:00:00-03:00,0.0,0.0,0.0,10.244
2023-02-08 23:00:00-03:00,0.0,0.0,0.0,9.263
2023-02-09 00:00:00-03:00,0.0,0.0,0.0,8.212
2023-02-09 01:00:00-03:00,0.0,0.0,0.0,7.023
2023-02-09 02:00:00-03:00,0.0,0.0,0.0,6.289
2023-02-09 03:00:00-03:00,0.0,0.0,0.0,5.715
2023-02-09 04:00:00-03:00,0.0,0.0,0.0,5.248
2023-02-09 05:00:00-03:00,0.0,0.0,0.0,4.906
2023-02-09 06:00:00-03:00,0.074,0.084,0.01,5.01
2023-02-09 07:00:00-03:00,0.41400000000000003,0.393,0.068,7.126
2023-02-09 08:00:00-03:00,0.5710000000000001,0.54,0.11900000000000001,9.813
2023-02-09 09:00:00-03:00,0.646,0.6000000000000001,0.164,11.873
2023-02-09 10:00:00-03:00,0.541,0.406,0.225,13.013
2023-02-09 11:00:00-03:00,0.428,0.227,0.266,13.759
2023-02-09 12:00:00-03:00,0.359,0.135,0.278,14.277
2023-02-09 13:00:00-03:00,0.34400000000000003,0.111,0.28500000000000003,14.797
2023-02-09 14:00:00-03:00,0.341,0.113,0.28,15.062
2023-02-09 15:00:00-03:00,0.23,0.047,0.219,14.428
2023-02-09 16:00:00-03:00,0.159,0.024,0.164,13.916
2023-02-09 17:00:00-03:00,0.292,0.138,0.199,14.568
2023-02-09 18:00:00-03:00,0.085,0.017,0.092,13.345
2023-02-09 19:00:00-03:00,0.038,0.009000000000000001,0.047,12.206
2023-02-09 20:00:00-03:00,0.019,0.013000000000000001,0.02,11.003
2023-02-09 21:00:00-03:00,0.0,0.0,0.0,10.027
2023-02-09 22:00:00-03:00,0.0,0.0,0.0,9.359
2023-02-09 23:00:00-03:00,0.0,0.0,0.0,8.258
2023-02-10 00:00:00-03:00,0.0,0.0,0.0,6.968
2023-02-10 01:00:00-03:00,0.0,0.0,0.0,5.603
2023-02-10 02:00:00-03:00,0.0,0.0,0.0,4.839
2023-02-10 03:00:00-03:00,0.0,0.0,0.0,4.75
2023-02-10 04:00:00-03:00,0.0,0.0,0.0,4.411
2023-02-10 05:00:00-03:00,0.0,0.0,0.0,4.822
2023-02-10 06:00:00-03:00,0.004,0.007,0.006,5.361
2023-02-10 07:00:00-03:00,0.055,0.028,0.045,6.673
2023-02-10 08:00:00-03:00,0.109,0.037,0.095,8.436
2023-02-10 09:00:00-03:00,0.196,0.067,0.158,10.73
2023-02-10 10:00:00-03:00,0.219,0.059000000000000004,0.194,13.01
2023-02-10 11:00:00-03:00,0.184,0.029,0.187,14.469
2023-02-10 12:00:00-03:00,0.198,0.029,0.20400000000000001,15.521
2023-02-10 13:00:00-03:00,0.261,0.054,0.25,16.5
2023-02-10 14:00:00-03:00,0.338,0.112,0.28200000000000003,17.172
2023-02-10 15:00:00-03:00,0.328,0.115,0.266,16.815
2023-02-10 16:00:00-03:00,0.261,0.079,0.224,15.964
2023-02-10 17:00:00-03:00,0.308,0.152,0.20400000000000001,15.47
2023-02-10 18:00:00-03:00,0.302,0.193,0.154,14.714
2023-02-10 19:00:00-03:00,0.196,0.136,0.093,13.517
2023-02-10 20:00:00-03:00,0.048,0.041,0.026000000000000002,11.638
2023-02-10 21:00:00-03:00,0.0,0.0,0.0,9.413
2023-02-10 22:00:00-03:00,0.0,0.0,0.0,8.582
2023-02-10 23:00:00-03:00,0.0,0.0,0.0,7.871
2023-02-11 00:00:00-03:00,0.0,0.0,0.0,7.189
2023-02-11 01:00:00-03:00,0.0,0.0,0.0,6.462
2023-02-11 02:00:00-03:00,0.0,0.0,0.0,5.739
2023-02-11 03:00:00-03:00,0.0,0.0,0.0,5.017
2023-02-11 04:00:00-03:00,0.0,0.0,0.0,4.256
2023-02-11 05:00:00-03:00,0.0,0.0,0.0,3.726
2023-02-11 06:00:00-03:00,0.01,0.014,0.006,4.4879999999999995
2023-02-11 07:00:00-03:00,0.149,0.111,0.061,5.839
2023-02-11 08:00:00-03:00,0.257,0.164,0.124,8.097
2023-02-11 09:00:00-03:00,0.322,0.182,0.181,10.0
2023-02-11 10:00:00-03:00,0.319,0.139,0.222,11.203
2023-02-11 11:00:00-03:00,0.268,0.074,0.232,12.097
2023-02-11 12:00:00-03:00,0.261,0.059000000000000004,0.24,12.85
2023-02-11 13:00:00-03:00,0.252,0.052000000000000005,0.23800000000000002,13.148
2023-02-11 14:00:00-03:00,0.231,0.042,0.224,13.285
2023-02-11 15:00:00-03:00,0.221,0.042,0.214,13.557
2023-02-11 16:00:00-03:00,0.271,0.08700000000000001,0.225,13.966
2023-02-11 17:00:00-03:00,0.219,0.073,0.181,13.837
2023-02-11 18:00:00-03:00,0.149,0.052000000000000005,0.126,13.364
2023-02-11 19:00:00-03:00,0.08700000000000001,0.038,0.07200000000000001,12.432
2023-02-11 20:00:00-03:00,0.031,0.026000000000000002,0.022,10.048
2023-02-11 21:00:00-03:00,0.0,0.0,0.0,8.362
2023-02-11 22:00:00-03:00,0.0,0.0,0.0,8.239
2023-02-11 23:00:00-03:00,0.0,0.0,0.0,7.097
2023-02-12 00:00:00-03:00,0.0,0.0,0.0,6.18
2023-02-12 01:00:00-03:00,0.0,0.0,0.0,5.61
2023-02-12 02:00:00-03:00,0.0,0.0,0.0,4.941
2023-02-12 03:00:00-03:00,0.0,0.0,0.0,4.391
2023-02-12 04:00:00-03:00,0.0,0.0,0.0,4.124
2023-02-12 05:00:00-03:00,0.0,0.0,0.0,3.995
2023-02-12 06:00:00-03:00,0.013000000000000001,0.02,0.006,3.8890000000000002
2023-02-12 07:00:00-03:00,0.28200000000000003,0.246,0.064,4.736
2023-02-12 08:00:00-03:00,0.518,0.461,0.12,6.563
2023-02-12 09:00:00-03:00,0.587,0.503,0.17,8.264
2023-02-12 10:00:00-03:00,0.585,0.457,0.219,9.527
2023-02-12 11:00:00-03:00,0.41300000000000003,0.20500000000000002,0.262,10.246
2023-02-12 12:00:00-03:00,0.324,0.10400000000000001,0.262,10.521
2023-02-12 13:00:00-03:00,0.153,0.015,0.165,9.666
2023-02-12 14:00:00-03:00,0.133,0.011,0.146,9.217
2023-02-12 15:00:00-03:00,0.134,0.013000000000000001,0.145,9.319
2023-02-12 16:00:00-03:00,0.137,0.017,0.14400000000000002,9.467
2023-02-12 17:00:00-03:00,0.13,0.023,0.132,9.774000000000001
2023-02-12 18:00:00-03:00,0.122,0.034,0.112,9.978
2023-02-12 19:00:00-03:00,0.089,0.04,0.07100000000000001,9.656
2023-02-12 20:00:00-03:00,0.014,0.01,0.016,8.455
2023-02-12 21:00:00-03:00,0.0,0.0,0.0,7.616
2023-02-12 22:00:00-03:00,0.0,0.0,0.0,7.353
2023-02-12 23:00:00-03:00,0.0,0.0,0.0,6.98
2023-02-13 00:00:00-03:00,0.0,0.0,0.0,6.758
2023-02-13 01:00:00-03:00,0.0,0.0,0.0,6.157
2023-02-13 02:00:00-03:00,0.0,0.0,0.0,5.409
2023-02-13 03:00:00-03:00,0.0,0.0,0.0,4.896
2023-02-13 04:00:00-03:00,0.0,0.0,0.0,4.9
2023-02-13 05:00:00-03:00,0.0,0.0,0.0,4.638
2023-02-13 06:00:00-03:00,0.003,0.006,0.004,4.388
2023-02-13 07:00:00-03:00,0.057,0.032,0.043000000000000003,5.745
2023-02-13 08:00:00-03:00,0.108,0.037,0.093,6.86
2023-02-13 09:00:00-03:00,0.17200000000000001,0.051000000000000004,0.147,8.274000000000001
2023-02-13 10:00:00-03:00,0.28,0.10200000000000001,0.214,9.703
2023-02-13 11:00:00-03:00,0.256,0.064,0.227,10.442
2023-02-13 12:00:00-03:00,0.217,0.036000000000000004,0.213,10.73
2023-02-13 13:00:00-03:00,0.209,0.027,0.213,10.749
2023-02-13 14:00:00-03:00,0.191,0.022,0.197,10.542
2023-02-13 15:00:00-03:00,0.171,0.021,0.177,10.262
2023-02-13 16:00:00-03:00,0.179,0.03,0.177,10.073
2023-02-13 17:00:00-03:00,0.132,0.022,0.135,9.533
2023-02-13 18:00:00-03:00,0.097,0.02,0.099,8.847
2023-02-13 19:00:00-03:00,0.06,0.02,0.06,8.047
2023-02-13 20:00:00-03:00,0.014,0.011,0.016,6.9510000000000005
2023-02-13 21:00:00-03:00,0.0,0.0,0.0,5.855
2023-02-13 22:00:00-03:00,0.0,0.0,0.0,5.006
2023-02-13 23:00:00-03:00,0.0,0.0,0.0,4.197
2023-02-14 00:00:00-03:00,0.0,0.0,0.0,3.406
2023-02-14 01:00:00-03:00,0.0,0.0,0.0,2.779
2023-02-14 02:00:00-03:00,0.0,0.0,0.0,2.566
2023-02-14 03:00:00-03:00,0.0,0.0,0.0,2.504
2023-02-14 04:00:00-03:00,0.0,0.0,0.0,2.338
2023-02-14 05:00:00-03:00,0.0,0.0,0.0,2.196
2023-02-14 06:00:00-03:00,0.0,0.002,0.003,2.217
2023-02-14 07:00:00-03:00,0.033,0.016,0.033,2.705
2023-02-14 08:00:00-03:00,0.077,0.02,0.076,3.577
2023-02-14 09:00:00-03:00,0.134,0.029,0.126,4.773
2023-02-14 10:00:00-03:00,0.186,0.039,0.17200000000000001,6.051
2023-02-14 11:00:00-03:00,0.20800000000000002,0.037,0.197,7.083
2023-02-14 12:00:00-03:00,0.228,0.04,0.217,7.764
2023-02-14 13:00:00-03:00,0.24,0.035,0.23500000000000001,8.238
2023-02-14 14:00:00-03:00,0.308,0.075,0.271,9.268
2023-02-14 15:00:00-03:00,0.30000000000000004,0.089,0.249,10.073
2023-02-14 16:00:00-03:00,0.23600000000000002,0.06,0.20800000000000002,9.918
2023-02-14 17:00:00-03:00,0.152,0.031,0.147,9.153
2023-02-14 18:00:00-03:00,0.115,0.03,0.109,8.324
2023-02-14 19:00:00-03:00,0.06,0.02,0.059000000000000004,7.045
2023-02-14 20:00:00-03:00,0.008,0.006,0.012,5.427
2023-02-14 21:00:00-03:00,0.0,0.0,0.0,4.198
2023-02-14 22:00:00-03:00,0.0,0.0,0.0,3.387
2023-02-14 23:00:00-03:00,0.0,0.0,0.0,2.808
2023-02-15 00:00:00-03:00,0.0,0.0,0.0,2.424
2023-02-15 01:00:00-03:00,0.0,0.0,0.0,2.167
2023-02-15 02:00:00-03:00,0.0,0.0,0.0,1.94
2023-02-15 03:00:00-03:00,0.0,0.0,0.0,1.658
2023-02-15 04:00:00-03:00,0.0,0.0,0.0,1.446
2023-02-15 05:00:00-03:00,0.0,0.0,0.0,1.451
2023-02-15 06:00:00-03:00,0.001,0.004,0.003,1.726
2023-02-15 07:00:00-03:00,0.061,0.037,0.041,2.297
2023-02-15 08:00:00-03:00,0.133,0.056,0.097,3.163
2023-02-15 09:00:00-03:00,0.225,0.092,0.158,4.299
2023-02-15 10:00:00-03:00,0.35100000000000003,0.168,0.219,5.692
2023-02-15 11:00:00-03:00,0.386,0.17500000000000002,0.254,6.6530000000000005
2023-02-15 12:00:00-03:00,0.402,0.17,0.277,7.02
2023-02-15 13:00:00-03:00,0.25,0.039,0.24,6.492
2023-02-15 14:00:00-03:00,0.252,0.043000000000000003,0.23800000000000002,6.689
2023-02-15 15:00:00-03:00,0.242,0.052000000000000005,0.218,7.016
2023-02-15 16:00:00-03:00,0.225,0.055,0.197,7.217
2023-02-15 17:00:00-03:00,0.201,0.06,0.167,7.064
2023-02-15 18:00:00-03:00,0.13,0.04,0.113,6.414
2023-02-15 19:00:00-03:00,0.051000000000000004,0.016,0.052000000000000005,5.545
2023-02-15 20:00:00-03:00,0.007,0.006,0.011,4.815
2023-02-15 21:00:00-03:00,0.0,0.0,0.0,4.1370000000000005
2023-02-15 22:00:00-03:00,0.0,0.0,0.0,3.471
2023-02-15 23:00:00-03:00,0.0,0.0,0.0,2.855
2023-02-16 00:00:00-03:00,0.0,0.0,0.0,2.485
2023-02-16 01:00:00-03:00,0.0,0.0,0.0,1.929
2023-02-16 02:00:00-03:00,0.0,0.0,0.0,1.475
2023-02-16 03:00:00-03:00,0.0,0.0,0.0,1.087
2023-02-16 04:00:00-03:00,0.0,0.0,0.0,0.9420000000000001
2023-02-16 05:00:00-03:00,0.0,0.0,0.0,0.97
2023-02-16 06:00:00-03:00,0.003,0.008,0.003,1.03
2023-02-16 07:00:00-03:00,0.129,0.101,0.047,1.771
2023-02-16 08:00:00-03:00,0.22,0.138,0.105,3.24
2023-02-16 09:00:00-03:00,0.368,0.241,0.164,4.831
2023-02-16 10:00:00-03:00,0.47800000000000004,0.326,0.20800000000000002,6.222
2023-02-16 11:00:00-03:00,0.47100000000000003,0.28700000000000003,0.242,7.482
2023-02-16 12:00:00-03:00,0.43,0.217,0.266,8.456
2023-02-16 13:00:00-03:00,0.417,0.17200000000000001,0.296,8.956
2023-02-16 14:00:00-03:00,0.47800000000000004,0.254,0.289,9.527
2023-02-16 15:00:00-03:00,0.621,0.484,0.241,10.19
2023-02-16 16:00:00-03:00,0.629,0.529,0.20700000000000002,10.35
2023-02-16 17:00:00-03:00,0.535,0.439,0.17500000000000002,10.033
2023-02-16 18:00:00-03:00,0.321,0.227,0.134,9.2
2023-02-16 19:00:00-03:00,0.20400000000000001,0.155,0.076,8.156
2023-02-16 20:00:00-03:00,0.039,0.04,0.016,5.892
2023-02-16 21:00:00-03:00,0.0,0.0,0.0,4.186
2023-02-16 22:00:00-03:00,0.0,0.0,0.0,3.9130000000000003
2023-02-16 23:00:00-03:00,0.0,0.0,0.0,3.461
2023-02-17 00:00:00-03:00,0.0,0.0,0.0,3.332
2023-02-17 01:00:00-03:00,0.0,0.0,0.0,3.723
2023-02-17 02:00:00-03:00,0.0,0.0,0.0,3.893
2023-02-17 03:00:00-03:00,0.0,0.0,0.0,4.124
2023-02-17 04:00:00-03:00,0.0,0.0,0.0,4.074
2023-02-17 05:00:00-03:00,0.0,0.0,0.0,3.988
2023-02-17 06:00:00-03:00,0.0,0.0,0.001,4.12
2023-02-17 07:00:00-03:00,0.02,0.01,0.025,4.848
2023-02-17 08:00:00-03:00,0.06,0.014,0.064,6.33
2023-02-17 09:00:00-03:00,0.093,0.015,0.1,8.137
2023-02-17 10:00:00-03:00,0.128,0.018000000000000002,0.135,9.852
2023-02-17 11:00:00-03:00,0.156,0.02,0.163,11.318
2023-02-17 12:00:00-03:00,0.184,0.023,0.191,12.416
2023-02-17 13:00:00-03:00,0.257,0.038,0.257,13.448
2023-02-17 14:00:00-03:00,0.258,0.043000000000000003,0.254,14.211
2023-02-17 15:00:00-03:00,0.219,0.04,0.214,14.533
2023-02-17 16:00:00-03:00,0.17300000000000001,0.031,0.17400000000000002,14.366
2023-02-17 17:00:00-03:00,0.13,0.023,0.134,13.789
2023-02-17 18:00:00-03:00,0.117,0.034,0.109,12.934
2023-02-17 19:00:00-03:00,0.058,0.022,0.057,11.637
2023-02-17 20:00:00-03:00,0.005,0.006,0.009000000000000001,9.898
2023-02-17 21:00:00-03:00,0.0,0.0,0.0,8.468
2023-02-17 22:00:00-03:00,0.0,0.0,0.0,7.535
2023-02-17 23:00:00-03:00,0.0,0.0,0.0,6.467
2023-02-18 00:00:00-03:00,0.0,0.0,0.0,5.017
2023-02-18 01:00:00-03:00,0.0,0.0,0.0,4.407
2023-02-18 02:00:00-03:00,0.0,0.0,0.0,3.873
2023-02-18 03:00:00-03:00,0.0,0.0,0.0,3.412
2023-02-18 04:00:00-03:00,0.0,0.0,0.0,3.279
2023-02-18 05:00:00-03:00,0.0,0.0,0.0,3.125
2023-02-18 06:00:00-03:00,0.0,0.003,0.002,3.114
2023-02-18 07:00:00-03:00,0.032,0.018000000000000002,0.03,4.218
2023-02-18 08:00:00-03:00,0.049,0.011,0.056,5.222
2023-02-18 09:00:00-03:00,0.08600000000000001,0.013000000000000001,0.093,6.253
2023-02-18 10:00:00-03:00,0.126,0.018000000000000002,0.131,7.22
2023-02-18 11:00:00-03:00,0.166,0.024,0.168,8.137
2023-02-18 12:00:00-03:00,0.193,0.025,0.195,8.796
2023-02-18 13:00:00-03:00,0.224,0.025,0.229,9.183
2023-02-18 14:00:00-03:00,0.212,0.024,0.217,9.491
2023-02-18 15:00:00-03:00,0.24,0.05,0.223,10.154
2023-02-18 16:00:00-03:00,0.303,0.11800000000000001,0.225,10.845
2023-02-18 17:00:00-03:00,0.221,0.078,0.17400000000000002,10.802
2023-02-18 18:00:00-03:00,0.136,0.047,0.115,10.245
2023-02-18 19:00:00-03:00,0.06,0.023,0.056,9.272
2023-02-18 20:00:00-03:00,0.002,0.003,0.007,7.8100000000000005
2023-02-18 21:00:00-03:00,0.0,0.0,0.0,6.872
2023-02-18 22:00:00-03:00,0.0,0.0,0.0,6.302
2023-02-18 23:00:00-03:00,0.0,0.0,0.0,5.84
2023-02-19 00:00:00-03:00,0.0,0.0,0.0,5.565
2023-02-19 01:00:00-03:00,0.0,0.0,0.0,5.42
2023-02-19 02:00:00-03:00,0.0,0.0,0.0,5.23
2023-02-19 03:00:00-03:00,0.0,0.0,0.0,4.943
2023-02-19 04:00:00-03:00,0.0,0.0,0.0,4.6370000000000005
2023-02-19 05:00:00-03:00,0.0,0.0,0.0,4.138
2023-02-19 06:00:00-03:00,0.002,0.008,0.002,3.601
2023-02-19 07:00:00-03:00,0.228,0.20500000000000002,0.047,3.972
2023-02-19 08:00:00-03:00,0.40800000000000003,0.34400000000000003,0.107,5.379
2023-02-19 09:00:00-03:00,0.498,0.401,0.158,6.911
2023-02-19 10:00:00-03:00,0.614,0.514,0.195,8.303
2023-02-19 11:00:00-03:00,0.655,0.542,0.225,9.435
2023-02-19 12:00:00-03:00,0.645,0.501,0.256,10.406
2023-02-19 13:00:00-03:00,0.635,0.458,0.289,11.244
2023-02-19 14:00:00-03:00,0.611,0.436,0.28200000000000003,11.954
2023-02-19 15:00:00-03:00,0.451,0.258,0.259,12.217
2023-02-19 16:00:00-03:00,0.229,0.073,0.19,11.633
2023-02-19 17:00:00-03:00,0.11,0.021,0.113,10.444
2023-02-19 18:00:00-03:00,0.055,0.01,0.064,9.317
2023-02-19 19:00:00-03:00,0.027,0.008,0.034,8.41
2023-02-19 20:00:00-03:00,0.004,0.006,0.007,7.439
2023-02-19 21:00:00-03:00,0.0,0.0,0.0,6.599
2023-02-19 22:00:00-03:00,0.0,0.0,0.0,6.029
2023-02-19 23:00:00-03:00,0.0,0.0,0.0,5.32
2023-02-20 00:00:00-03:00,0.0,0.0,0.0,4.519
2023-02-20 01:00:00-03:00,0.0,0.0,0.0,3.938
2023-02-20 02:00:00-03:00,0.0,0.0,0.0,3.513
2023-02-20 03:00:00-03:00,0.0,0.0,0.0,3.22
2023-02-20 04:00:00-03:00,0.0,0.0,0.0,3.099
2023-02-20 05:00:00-03:00,0.0,0.0,0.0,2.936
2023-02-20 06:00:00-03:00,0.0,0.0,0.001,2.982
2023-02-20 07:00:00-03:00,0.029,0.019,0.025,3.5140000000000002
2023-02-20 08:00:00-03:00,0.096,0.041,0.076,5.103
2023-02-20 09:00:00-03:00,0.146,0.05,0.12,7.533
2023-02-20 10:00:00-03:00,0.185,0.055,0.158,10.161
2023-02-20 11:00:00-03:00,0.19,0.047,0.17300000000000001,11.509
2023-02-20 12:00:00-03:00,0.367,0.168,0.252,13.166
2023-02-20 13:00:00-03:00,0.519,0.317,0.292,14.808
2023-02-20 14:00:00-03:00,0.394,0.181,0.276,15.513
2023-02-20 15:00:00-03:00,0.41500000000000004,0.24,0.244,16.294
2023-02-20 16:00:00-03:00,0.266,0.115,0.194,16.26
2023-02-20 17:00:00-03:00,0.134,0.035,0.127,15.405
2023-02-20 18:00:00-03:00,0.049,0.009000000000000001,0.06,13.989
2023-02-20 19:00:00-03:00,0.012,0.003,0.021,12.428
2023-02-20 20:00:00-03:00,0.0,0.001,0.003,11.248
2023-02-20 21:00:00-03:00,0.0,0.0,0.0,10.65
2023-02-20 22:00:00-03:00,0.0,0.0,0.0,10.459
2023-02-20 23:00:00-03:00,0.0,0.0,0.0,10.515
2023-02-21 00:00:00-03:00,0.0,0.0,0.0,10.627
2023-02-21 01:00:00-03:00,0.0,0.0,0.0,10.73
2023-02-21 02:00:00-03:00,0.0,0.0,0.0,10.702
2023-02-21 03:00:00-03:00,0.0,0.0,0.0,10.362
2023-02-21 04:00:00-03:00,0.0,0.0,0.0,9.907
2023-02-21 05:00:00-03:00,0.0,0.0,0.0,9.616
2023-02-21 06:00:00-03:00,0.0,0.002,0.001,9.636
2023-02-21 07:00:00-03:00,0.038,0.031,0.024,10.278
2023-02-21 08:00:00-03:00,0.07200000000000001,0.034,0.059000000000000004,11.557
2023-02-21 09:00:00-03:00,0.18,0.096,0.115,12.521
2023-02-21 10:00:00-03:00,0.621,0.586,0.151,13.063
2023-02-21 11:00:00-03:00,0.8210000000000001,0.879,0.15,13.887
2023-02-21 12:00:00-03:00,0.868,0.961,0.151,14.837
2023-02-21 13:00:00-03:00,0.871,1.0,0.123,15.625
2023-02-21 14:00:00-03:00,0.866,0.987,0.13,16.058
2023-02-21 15:00:00-03:00,0.857,0.96,0.14300000000000002,16.209
2023-02-21 16:00:00-03:00,0.8220000000000001,0.913,0.132,16.029
2023-02-21 17:00:00-03:00,0.758,0.834,0.107,15.341
2023-02-21 18:00:00-03:00,0.649,0.6980000000000001,0.079,13.95
2023-02-21 19:00:00-03:00,0.425,0.436,0.05,12.159
2023-02-21 20:00:00-03:00,0.068,0.079,0.009000000000000001,10.142
2023-02-21 21:00:00-03:00,0.0,0.0,0.0,8.643
2023-02-21 22:00:00-03:00,0.0,0.0,0.0,7.687
2023-02-21 23:00:00-03:00,0.0,0.0,0.0,6.925
2023-02-22 00:00:00-03:00,0.0,0.0,0.0,6.356
2023-02-22 01:00:00-03:00,0.0,0.0,0.0,6.045
2023-02-22 02:00:00-03:00,0.0,0.0,0.0,5.77
2023-02-22 03:00:00-03:00,0.0,0.0,0.0,5.609
2023-02-22 04:00:00-03:00,0.0,0.0,0.0,5.715
2023-02-22 05:00:00-03:00,0.0,0.0,0.0,6.304
2023-02-22 06:00:00-03:00,0.0,0.0,0.001,6.7620000000000005
2023-02-22 07:00:00-03:00,0.08,0.069,0.032,7.625
2023-02-22 08:00:00-03:00,0.145,0.089,0.081,9.068
2023-02-22 09:00:00-03:00,0.246,0.148,0.132,10.285
2023-02-22 10:00:00-03:00,0.525,0.43,0.17300000000000001,10.619
2023-02-22 11:00:00-03:00,0.5660000000000001,0.457,0.198,10.791
2023-02-22 12:00:00-03:00,0.601,0.47900000000000004,0.224,11.248
2023-02-22 13:00:00-03:00,0.514,0.317,0.274,11.322
2023-02-22 14:00:00-03:00,0.453,0.247,0.269,10.957
2023-02-22 15:00:00-03:00,0.41100000000000003,0.23500000000000001,0.231,10.546
2023-02-22 16:00:00-03:00,0.306,0.155,0.19,9.784
2023-02-22 17:00:00-03:00,0.20700000000000002,0.092,0.14300000000000002,8.964
2023-02-22 18:00:00-03:00,0.139,0.065,0.098,8.257
2023-02-22 19:00:00-03:00,0.054,0.028,0.044,7.287
2023-02-22 20:00:00-03:00,0.002,0.004,0.005,6.051
2023-02-22 21:00:00-03:00,0.0,0.0,0.0,5.2620000000000005
2023-02-22 22:00:00-03:00,0.0,0.0,0.0,4.862
2023-02-22 23:00:00-03:00,0.0,0.0,0.0,4.514
2023-02-23 00:00:00-03:00,0.0,0.0,0.0,4.266
2023-02-23 01:00:00-03:00,0.0,0.0,0.0,4.064
2023-02-23 02:00:00-03:00,0.0,0.0,0.0,3.792
2023-02-23 03:00:00-03:00,0.0,0.0,0.0,3.472
2023-02-23 04:00:00-03:00,0.0,0.0,0.0,3.149
2023-02-23 05:00:00-03:00,0.0,0.0,0.0,2.941
2023-02-23 06:00:00-03:00,0.0,0.0,0.001,2.966
2023-02-23 07:00:00-03:00,0.167,0.151,0.037,3.625
2023-02-23 08:00:00-03:00,0.178,0.114,0.088,4.9510000000000005
2023-02-23 09:00:00-03:00,0.222,0.112,0.137,6.111
2023-02-23 10:00:00-03:00,0.202,0.068,0.16,6.975
2023-02-23 11:00:00-03:00,0.223,0.06,0.191,7.885
2023-02-23 12:00:00-03:00,0.20500000000000002,0.035,0.197,8.785
2023-02-23 13:00:00-03:00,0.21,0.022,0.217,9.614
2023-02-23 14:00:00-03:00,0.157,0.013000000000000001,0.17,9.692
2023-02-23 15:00:00-03:00,0.10200000000000001,0.008,0.116,9.176
2023-02-23 16:00:00-03:00,0.074,0.006,0.088,8.954
2023-02-23 17:00:00-03:00,0.089,0.014,0.097,9.243
2023-02-23 18:00:00-03:00,0.065,0.014,0.07100000000000001,9.127
2023-02-23 19:00:00-03:00,0.015,0.004,0.024,8.381
2023-02-23 20:00:00-03:00,0.0,0.001,0.002,7.721
2023-02-23 21:00:00-03:00,0.0,0.0,0.0,7.795
2023-02-23 22:00:00-03:00,0.0,0.0,0.0,8.178
2023-02-23 23:00:00-03:00,0.0,0.0,0.0,8.607
2023-02-24 00:00:00-03:00,0.0,0.0,0.0,8.874
2023-02-24 01:00:00-03:00,0.0,0.0,0.0,8.94
2023-02-24 02:00:00-03:00,0.0,0.0,0.0,8.81
2023-02-24 03:00:00-03:00,0.0,0.0,0.0,8.699
2023-02-24 04:00:00-03:00,0.0,0.0,0.0,8.384
2023-02-24 05:00:00-03:00,0.0,0.0,0.0,8.402
2023-02-24 06:00:00-03:00,0.0,0.0,0.0,8.278
2023-02-24 07:00:00-03:00,0.303,0.307,0.033,9.155
2023-02-24 08:00:00-03:00,0.629,0.669,0.07100000000000001,11.489
2023-02-24 09:00:00-03:00,0.751,0.8220000000000001,0.098,13.355
2023-02-24 10:00:00-03:00,0.802,0.875,0.126,14.142
2023-02-24 11:00:00-03:00,0.8180000000000001,0.883,0.147,14.651
2023-02-24 12:00:00-03:00,0.745,0.746,0.17300000000000001,14.806000000000001
2023-02-24 13:00:00-03:00,0.535,0.385,0.242,14.087
2023-02-24 14:00:00-03:00,0.527,0.378,0.23700000000000002,13.635
2023-02-24 15:00:00-03:00,0.551,0.445,0.201,13.558
2023-02-24 16:00:00-03:00,0.454,0.34700000000000003,0.176,13.074
2023-02-24 17:00:00-03:00,0.406,0.325,0.139,12.502
2023-02-24 18:00:00-03:00,0.391,0.34600000000000003,0.098,11.828
2023-02-24 19:00:00-03:00,0.191,0.167,0.053,10.6
2023-02-24 20:00:00-03:00,0.006,0.012,0.005,9.135
2023-02-24 21:00:00-03:00,0.0,0.0,0.0,8.403
2023-02-24 22:00:00-03:00,0.0,0.0,0.0,8.03
2023-02-24 23:00:00-03:00,0.0,0.0,0.0,7.773
2023-02-25 00:00:00-03:00,0.0,0.0,0.0,7.561
2023-02-25 01:00:00-03:00,0.0,0.0,0.0,7.218
2023-02-25 02:00:00-03:00,0.0,0.0,0.0,6.813
2023-02-25 03:00:00-03:00,0.0,0.0,0.0,6.457
2023-02-25 04:00:00-03:00,0.0,0.0,0.0,6.235
2023-02-25 05:00:00-03:00,0.0,0.0,0.0,6.138
2023-02-25 06:00:00-03:00,0.0,0.0,0.0,6.092
2023-02-25 07:00:00-03:00,0.045,0.041,0.022,6.267
2023-02-25 08:00:00-03:00,0.214,0.16,0.082,7.083
2023-02-25 09:00:00-03:00,0.489,0.426,0.126,8.393
2023-02-25 10:00:00-03:00,0.606,0.548,0.154,9.616
2023-02-25 11:00:00-03:00,0.661,0.596,0.184,10.491
2023-02-25 12:00:00-03:00,0.418,0.23500000000000001,0.23900000000000002,10.379
2023-02-25 13:00:00-03:00,0.26,0.053,0.24,9.407
2023-02-25 14:00:00-03:00,0.276,0.07,0.24,9.388
2023-02-25 15:00:00-03:00,0.503,0.35100000000000003,0.223,10.29
2023-02-25 16:00:00-03:00,0.512,0.40700000000000003,0.179,10.657
2023-02-25 17:00:00-03:00,0.435,0.35100000000000003,0.14300000000000002,10.37
2023-02-25 18:00:00-03:00,0.339,0.278,0.10300000000000001,9.768
2023-02-25 19:00:00-03:00,0.11900000000000001,0.092,0.05,8.858
2023-02-25 20:00:00-03:00,0.009000000000000001,0.015,0.005,7.513
2023-02-25 21:00:00-03:00,0.0,0.0,0.0,6.682
2023-02-25 22:00:00-03:00,0.0,0.0,0.0,6.523
2023-02-25 23:00:00-03:00,0.0,0.0,0.0,6.606
2023-02-26 00:00:00-03:00,0.0,0.0,0.0,6.861
2023-02-26 01:00:00-03:00,0.0,0.0,0.0,6.805
2023-02-26 02:00:00-03:00,0.0,0.0,0.0,6.511
2023-02-26 03:00:00-03:00,0.0,0.0,0.0,6.335
2023-02-26 04:00:00-03:00,0.0,0.0,0.0,6.36
2023-02-26 05:00:00-03:00,0.0,0.0,0.0,6.359
2023-02-26 06:00:00-03:00,0.0,0.0,0.0,6.3629999999999995
2023-02-26 07:00:00-03:00,0.021,0.017,0.018000000000000002,6.554
2023-02-26 08:00:00-03:00,0.094,0.046,0.069,7.51
2023-02-26 09:00:00-03:00,0.249,0.147,0.135,9.285
2023-02-26 10:00:00-03:00,0.391,0.259,0.185,11.314
2023-02-26 11:00:00-03:00,0.243,0.08,0.199,12.339
2023-02-26 12:00:00-03:00,0.17300000000000001,0.025,0.178,12.705
2023-02-26 13:00:00-03:00,0.234,0.029,0.241,13.557
2023-02-26 14:00:00-03:00,0.195,0.022,0.20600000000000002,14.238
2023-02-26 15:00:00-03:00,0.14,0.016,0.153,14.449
2023-02-26 16:00:00-03:00,0.055,0.004,0.07200000000000001,13.789
2023-02-26 17:00:00-03:00,0.032,0.003,0.047,13.055
2023-02-26 18:00:00-03:00,0.033,0.005,0.046,12.864
2023-02-26 19:00:00-03:00,0.016,0.005,0.024,13.107
2023-02-26 20:00:00-03:00,0.002,0.005,0.004,12.77
2023-02-26 21:00:00-03:00,0.0,0.0,0.0,12.391
2023-02-26 22:00:00-03:00,0.0,0.0,0.0,12.193
2023-02-26 23:00:00-03:00,0.0,0.0,0.0,12.153
2023-02-27 00:00:00-03:00,0.0,0.0,0.0,12.045
2023-02-27 01:00:00-03:00,0.0,0.0,0.0,11.548
2023-02-27 02:00:00-03:00,0.0,0.0,0.0,10.701
2023-02-27 03:00:00-03:00,0.0,0.0,0.0,9.884
2023-02-27 04:00:00-03:00,0.0,0.0,0.0,9.249
2023-02-27 05:00:00-03:00,0.0,0.0,0.0,8.884
2023-02-27 06:00:00-03:00,0.0,0.0,0.0,8.707
2023-02-27 07:00:00-03:00,0.316,0.328,0.026000000000000002,8.828
2023-02-27 08:00:00-03:00,0.597,0.626,0.066,9.697
2023-02-27 09:00:00-03:00,0.745,0.805,0.094,10.917
2023-02-27 10:00:00-03:00,0.806,0.876,0.12,12.153
2023-02-27 11:00:00-03:00,0.8310000000000001,0.905,0.137,13.299
2023-02-27 12:00:00-03:00,0.856,0.9510000000000001,0.138,14.352
2023-02-27 13:00:00-03:00,0.854,0.986,0.10400000000000001,15.144
2023-02-27 14:00:00-03:00,0.838,0.9510000000000001,0.116,15.56
2023-02-27 15:00:00-03:00,0.8290000000000001,0.922,0.133,15.871
2023-02-27 16:00:00-03:00,0.769,0.834,0.128,15.926
2023-02-27 17:00:00-03:00,0.599,0.599,0.116,15.408
2023-02-27 18:00:00-03:00,0.289,0.23900000000000002,0.093,14.265
2023-02-27 19:00:00-03:00,0.07100000000000001,0.053,0.04,12.773
2023-02-27 20:00:00-03:00,0.0,0.003,0.002,10.554
2023-02-27 21:00:00-03:00,0.0,0.0,0.0,9.574
2023-02-27 22:00:00-03:00,0.0,0.0,0.0,9.137
2023-02-27 23:00:00-03:00,0.0,0.0,0.0,9.171
2023-02-28 00:00:00-03:00,0.0,0.0,0.0,9.23
2023-02-28 01:00:00-03:00,0.0,0.0,0.0,9.301
2023-02-28 02:00:00-03:00,0.0,0.0,0.0,9.15
2023-02-28 03:00:00-03:00,0.0,0.0,0.0,10.058
2023-02-28 04:00:00-03:00,0.0,0.0,0.0,10.737
2023-02-28 05:00:00-03:00,0.0,0.0,0.0,10.854
2023-02-28 06:00:00-03:00,0.0,0.0,0.0,10.861
2023-02-28 07:00:00-03:00,0.182,0.185,0.025,10.063
2023-02-28 08:00:00-03:00,0.448,0.434,0.075,10.452
2023-02-28 09:00:00-03:00,0.516,0.47900000000000004,0.116,11.425
2023-02-28 10:00:00-03:00,0.438,0.341,0.158,11.286
2023-02-28 11:00:00-03:00,0.501,0.383,0.194,11.481
2023-02-28 12:00:00-03:00,0.523,0.385,0.219,11.777
2023-02-28 13:00:00-03:00,0.627,0.512,0.227,11.991
2023-02-28 14:00:00-03:00,0.597,0.47700000000000004,0.223,11.916
2023-02-28 15:00:00-03:00,0.557,0.448,0.2,11.885
2023-02-28 16:00:00-03:00,0.482,0.38,0.17300000000000001,11.751
2023-02-28 17:00:00-03:00,0.443,0.369,0.136,11.57
2023-02-28 18:00:00-03:00,0.28500000000000003,0.227,0.096,10.964
2023-02-28 19:00:00-03:00,0.095,0.074,0.043000000000000003,9.787
2023-02-28 20:00:00-03:00,0.0,0.004,0.002,8.55
2023-02-28 21:00:00-03:00,0.0,0.0,0.0,7.836
2023-02-28 22:00:00-03:00,0.0,0.0,0.0,7.417
2023-02-28 23:00:00-03:00,0.0,0.0,0.0,7.417
2023-03-01 00:00:00-03:00,0.0,0.0,0.0,7.788
2023-03-01 01:00:00-03:00,0.0,0.0,0.0,7.608
2023-03-01 02:00:00-03:00,0.0,0.0,0.0,7.012
2023-03-01 03:00:00-03:00,0.0,0.0,0.0,6.411
2023-03-01 04:00:00-03:00,0.0,0.0,0.0,5.978
2023-03-01 05:00:00-03:00,0.0,0.0,0.0,5.629
2023-03-01 06:00:00-03:00,0.0,0.0,0.0,5.283
2023-03-01 07:00:00-03:00,0.031,0.029,0.017,5.004
2023-03-01 08:00:00-03:00,0.125,0.079,0.068,5.316
2023-03-01 09:00:00-03:00,0.30000000000000004,0.20700000000000002,0.125,6.163
2023-03-01 10:00:00-03:00,0.447,0.331,0.169,7.34
2023-03-01 11:00:00-03:00,0.375,0.211,0.20700000000000002,8.147
2023-03-01 12:00:00-03:00,0.334,0.136,0.23800000000000002,8.461
2023-03-01 13:00:00-03:00,0.363,0.115,0.291,8.62
2023-03-01 14:00:00-03:00,0.335,0.106,0.269,8.985
2023-03-01 15:00:00-03:00,0.339,0.154,0.228,9.576
2023-03-01 16:00:00-03:00,0.334,0.187,0.188,9.549
2023-03-01 17:00:00-03:00,0.317,0.21,0.145,9.288
2023-03-01 18:00:00-03:00,0.219,0.15,0.097,8.677
2023-03-01 19:00:00-03:00,0.073,0.053,0.041,7.6530000000000005
2023-03-01 20:00:00-03:00,0.0,0.002,0.002,6.402
2023-03-01 21:00:00-03:00,0.0,0.0,0.0,5.635
2023-03-01 22:00:00-03:00,0.0,0.0,0.0,5.181
2023-03-01 23:00:00-03:00,0.0,0.0,0.0,4.969
2023-03-02 00:00:00-03:00,0.0,0.0,0.0,4.97
2023-03-02 01:00:00-03:00,0.0,0.0,0.0,4.93
2023-03-02 02:00:00-03:00,0.0,0.0,0.0,4.764
2023-03-02 03:00:00-03:00,0.0,0.0,0.0,4.585
2023-03-02 04:00:00-03:00,0.0,0.0,0.0,4.358
2023-03-02 05:00:00-03:00,0.0,0.0,0.0,4.083
2023-03-02 06:00:00-03:00,0.0,0.0,0.0,3.839
2023-03-02 07:00:00-03:00,0.026000000000000002,0.025,0.016,3.717
2023-03-02 08:00:00-03:00,0.088,0.049,0.059000000000000004,4.252
2023-03-02 09:00:00-03:00,0.18,0.092,0.111,5.417
2023-03-02 10:00:00-03:00,0.268,0.138,0.161,7.073
2023-03-02 11:00:00-03:00,0.323,0.158,0.20400000000000001,8.852
2023-03-02 12:00:00-03:00,0.335,0.14,0.23900000000000002,10.909
2023-03-02 13:00:00-03:00,0.334,0.095,0.28600000000000003,12.891
2023-03-02 14:00:00-03:00,0.23800000000000002,0.046,0.229,14.2
2023-03-02 15:00:00-03:00,0.24,0.076,0.203,14.859
2023-03-02 16:00:00-03:00,0.419,0.30000000000000004,0.185,14.784
2023-03-02 17:00:00-03:00,0.62,0.614,0.123,13.512
2023-03-02 18:00:00-03:00,0.506,0.497,0.08600000000000001,11.698
2023-03-02 19:00:00-03:00,0.244,0.232,0.045,9.731
2023-03-02 20:00:00-03:00,0.002,0.006,0.002,7.784
2023-03-02 21:00:00-03:00,0.0,0.0,0.0,6.753
2023-03-02 22:00:00-03:00,0.0,0.0,0.0,6.255
2023-03-02 23:00:00-03:00,0.0,0.0,0.0,5.948
2023-03-03 00:00:00-03:00,0.0,0.0,0.0,5.6850000000000005
2023-03-03 01:00:00-03:00,0.0,0.0,0.0,5.227
2023-03-03 02:00:00-03:00,0.0,0.0,0.0,4.675
2023-03-03 03:00:00-03:00,0.0,0.0,0.0,4.323
2023-03-03 04:00:00-03:00,0.0,0.0,0.0,4.264
2023-03-03 05:00:00-03:00,0.0,0.0,0.0,4.357
2023-03-03 06:00:00-03:00,0.0,0.0,0.0,4.342
2023-03-03 07:00:00-03:00,0.045,0.045,0.016,4.396
2023-03-03 08:00:00-03:00,0.272,0.228,0.073,5.292
2023-03-03 09:00:00-03:00,0.553,0.513,0.113,6.816
2023-03-03 10:00:00-03:00,0.5760000000000001,0.507,0.151,7.955
2023-03-03 11:00:00-03:00,0.493,0.36,0.198,8.494
2023-03-03 12:00:00-03:00,0.383,0.191,0.23800000000000002,8.581
2023-03-03 13:00:00-03:00,0.366,0.124,0.28500000000000003,8.306
2023-03-03 14:00:00-03:00,0.373,0.14300000000000002,0.274,8.174
2023-03-03 15:00:00-03:00,0.315,0.131,0.22,8.17
2023-03-03 16:00:00-03:00,0.229,0.09,0.168,7.894
2023-03-03 17:00:00-03:00,0.243,0.136,0.137,7.73
2023-03-03 18:00:00-03:00,0.167,0.10400000000000001,0.088,7.223
2023-03-03 19:00:00-03:00,0.077,0.059000000000000004,0.038,6.369
2023-03-03 20:00:00-03:00,0.0,0.002,0.001,5.319
2023-03-03 21:00:00-03:00,0.0,0.0,0.0,4.52
2023-03-03 22:00:00-03:00,0.0,0.0,0.0,3.932
2023-03-03 23:00:00-03:00,0.0,0.0,0.0,3.648
2023-03-04 00:00:00-03:00,0.0,0.0,0.0,3.474
2023-03-04 01:00:00-03:00,0.0,0.0,0.0,3.299
2023-03-04 02:00:00-03:00,0.0,0.0,0.0,3.106
2023-03-04 03:00:00-03:00,0.0,0.0,0.0,2.887
2023-03-04 04:00:00-03:00,0.0,0.0,0.0,2.649
2023-03-04 05:00:00-03:00,0.0,0.0,0.0,2.387
2023-03-04 06:00:00-03:00,0.0,0.0,0.0,2.222
2023-03-04 07:00:00-03:00,0.041,0.04,0.017,2.395
2023-03-04 08:00:00-03:00,0.155,0.106,0.07,3.524
2023-03-04 09:00:00-03:00,0.275,0.179,0.124,5.106
2023-03-04 10:00:00-03:00,0.322,0.183,0.17400000000000002,6.527
2023-03-04 11:00:00-03:00,0.22,0.063,0.185,7.218
2023-03-04 12:00:00-03:00,0.20400000000000001,0.034,0.197,7.493
2023-03-04 13:00:00-03:00,0.15,0.009000000000000001,0.164,7.28
2023-03-04 14:00:00-03:00,0.14300000000000002,0.01,0.157,7.505
2023-03-04 15:00:00-03:00,0.12,0.011,0.132,7.54
2023-03-04 16:00:00-03:00,0.083,0.008,0.095,7.168
2023-03-04 17:00:00-03:00,0.063,0.009000000000000001,0.073,6.69
2023-03-04 18:00:00-03:00,0.058,0.016,0.061,6.248
2023-03-04 19:00:00-03:00,0.015,0.007,0.021,5.569
2023-03-04 20:00:00-03:00,0.0,0.0,0.001,4.295
2023-03-04 21:00:00-03:00,0.0,0.0,0.0,3.942
2023-03-04 22:00:00-03:00,0.0,0.0,0.0,3.388
2023-03-04 23:00:00-03:00,0.0,0.0,0.0,2.505
2023-03-05 00:00:00-03:00,0.0,0.0,0.0,1.488
2023-03-05 01:00:00-03:00,0.0,0.0,0.0,0.778
2023-03-05 02:00:00-03:00,0.0,0.0,0.0,0.383
2023-03-05 03:00:00-03:00,0.0,0.0,0.0,0.068
2023-03-05 04:00:00-03:00,0.0,0.0,0.0,-0.192
2023-03-05 05:00:00-03:00,0.0,0.0,0.0,0.278
2023-03-05 06:00:00-03:00,0.0,0.0,0.0,1.204
2023-03-05 07:00:00-03:00,0.002,0.003,0.006,2.054
2023-03-05 08:00:00-03:00,0.02,0.006,0.028,3.049
2023-03-05 09:00:00-03:00,0.058,0.012,0.064,4.285
2023-03-05 10:00:00-03:00,0.059000000000000004,0.007,0.07100000000000001,5.51
2023-03-05 11:00:00-03:00,0.057,0.004,0.07100000000000001,5.7940000000000005
2023-03-05 12:00:00-03:00,0.14,0.014,0.149,6.785
2023-03-05 13:00:00-03:00,0.217,0.024,0.221,8.207
2023-03-05 14:00:00-03:00,0.253,0.045,0.241,9.544
2023-03-05 15:00:00-03:00,0.274,0.092,0.218,10.637
2023-03-05 16:00:00-03:00,0.41300000000000003,0.28,0.19,11.4
2023-03-05 17:00:00-03:00,0.497,0.435,0.135,11.31
2023-03-05 18:00:00-03:00,0.379,0.338,0.091,10.443
2023-03-05 19:00:00-03:00,0.14400000000000002,0.128,0.04,8.824
2023-03-05 20:00:00-03:00,0.0,0.002,0.001,6.721
2023-03-05 21:00:00-03:00,0.0,0.0,0.0,5.227
2023-03-05 22:00:00-03:00,0.0,0.0,0.0,4.338
2023-03-05 23:00:00-03:00,0.0,0.0,0.0,3.698
2023-03-06 00:00:00-03:00,0.0,0.0,0.0,3.237
2023-03-06 01:00:00-03:00,0.0,0.0,0.0,2.858
2023-03-06 02:00:00-03:00,0.0,0.0,0.0,2.541
2023-03-06 03:00:00-03:00,0.0,0.0,0.0,2.276
2023-03-06 04:00:00-03:00,0.0,0.0,0.0,1.85
2023-03-06 05:00:00-03:00,0.0,0.0,0.0,1.686
2023-03-06 06:00:00-03:00,0.0,0.0,0.0,1.264
2023-03-06 07:00:00-03:00,0.184,0.188,0.016,1.803
2023-03-06 08:00:00-03:00,0.533,0.53,0.063,4.065
2023-03-06 09:00:00-03:00,0.607,0.594,0.101,7.12
2023-03-06 10:00:00-03:00,0.7030000000000001,0.709,0.13,10.784
2023-03-06 11:00:00-03:00,0.659,0.618,0.168,12.757
2023-03-06 12:00:00-03:00,0.35100000000000003,0.171,0.23,13.072
2023-03-06 13:00:00-03:00,0.266,0.059000000000000004,0.246,12.922
2023-03-06 14:00:00-03:00,0.332,0.115,0.264,12.692
2023-03-06 15:00:00-03:00,0.332,0.161,0.217,12.367
2023-03-06 16:00:00-03:00,0.335,0.202,0.179,11.941
2023-03-06 17:00:00-03:00,0.257,0.16,0.132,10.975
2023-03-06 18:00:00-03:00,0.178,0.123,0.083,9.761
2023-03-06 19:00:00-03:00,0.069,0.056,0.032,8.328
2023-03-06 20:00:00-03:00,0.0,0.0,0.0,6.865
2023-03-06 21:00:00-03:00,0.0,0.0,0.0,6.056
2023-03-06 22:00:00-03:00,0.0,0.0,0.0,5.53
2023-03-06 23:00:00-03:00,0.0,0.0,0.0,5.092
2023-03-07 00:00:00-03:00,0.0,0.0,0.0,4.605
2023-03-07 01:00:00-03:00,0.0,0.0,0.0,4.147
2023-03-07 02:00:00-03:00,0.0,0.0,0.0,3.84
2023-03-07 03:00:00-03:00,0.0,0.0,0.0,3.657
2023-03-07 04:00:00-03:00,0.0,0.0,0.0,3.533
2023-03-07 05:00:00-03:00,0.0,0.0,0.0,3.51
2023-03-07 06:00:00-03:00,0.0,0.0,0.0,3.487
2023-03-07 07:00:00-03:00,0.10200000000000001,0.108,0.014,3.681
2023-03-07 08:00:00-03:00,0.467,0.457,0.061,5.215
2023-03-07 09:00:00-03:00,0.671,0.687,0.094,7.767
2023-03-07 10:00:00-03:00,0.763,0.804,0.11800000000000001,10.528
2023-03-07 11:00:00-03:00,0.773,0.811,0.139,12.916
2023-03-07 12:00:00-03:00,0.6960000000000001,0.678,0.169,14.724
2023-03-07 13:00:00-03:00,0.546,0.40800000000000003,0.23800000000000002,15.456
2023-03-07 14:00:00-03:00,0.47300000000000003,0.303,0.25,15.535
2023-03-07 15:00:00-03:00,0.373,0.219,0.212,15.188
2023-03-07 16:00:00-03:00,0.323,0.198,0.17400000000000002,14.725999999999999
2023-03-07 17:00:00-03:00,0.222,0.132,0.125,13.873
2023-03-07 18:00:00-03:00,0.145,0.096,0.076,12.618
2023-03-07 19:00:00-03:00,0.077,0.067,0.031,10.849
2023-03-07 20:00:00-03:00,0.0,0.001,0.0,8.79
2023-03-07 21:00:00-03:00,0.0,0.0,0.0,7.252
2023-03-07 22:00:00-03:00,0.0,0.0,0.0,5.672
2023-03-07 23:00:00-03:00,0.0,0.0,0.0,4.556
2023-03-08 00:00:00-03:00,0.0,0.0,0.0,3.65
2023-03-08 01:00:00-03:00,0.0,0.0,0.0,2.979
2023-03-08 02:00:00-03:00,0.0,0.0,0.0,2.656
2023-03-08 03:00:00-03:00,0.0,0.0,0.0,2.963
2023-03-08 04:00:00-03:00,0.0,0.0,0.0,3.114
2023-03-08 05:00:00-03:00,0.0,0.0,0.0,2.682
2023-03-08 06:00:00-03:00,0.0,0.0,0.0,2.813
2023-03-08 07:00:00-03:00,0.009000000000000001,0.011,0.009000000000000001,3.59
2023-03-08 08:00:00-03:00,0.051000000000000004,0.026000000000000002,0.043000000000000003,5.108
2023-03-08 09:00:00-03:00,0.078,0.024,0.074,6.333
2023-03-08 10:00:00-03:00,0.109,0.025,0.106,7.881
2023-03-08 11:00:00-03:00,0.187,0.049,0.166,9.600999999999999
2023-03-08 12:00:00-03:00,0.252,0.07100000000000001,0.216,10.356
2023-03-08 13:00:00-03:00,0.357,0.116,0.28800000000000003,10.837
2023-03-08 14:00:00-03:00,0.404,0.182,0.277,11.37
2023-03-08 15:00:00-03:00,0.364,0.19,0.223,11.603
2023-03-08 16:00:00-03:00,0.366,0.23600000000000002,0.179,11.594
2023-03-08 17:00:00-03:00,0.47700000000000004,0.42,0.127,11.398
2023-03-08 18:00:00-03:00,0.521,0.522,0.077,10.654
2023-03-08 19:00:00-03:00,0.226,0.221,0.034,8.786
2023-03-08 20:00:00-03:00,0.0,0.0,0.0,6.255
2023-03-08 21:00:00-03:00,0.0,0.0,0.0,5.18
2023-03-08 22:00:00-03:00,0.0,0.0,0.0,3.717
2023-03-08 23:00:00-03:00,0.0,0.0,0.0,2.74
2023-03-09 00:00:00-03:00,0.0,0.0,0.0,2.168
2023-03-09 01:00:00-03:00,0.0,0.0,0.0,2.05
2023-03-09 02:00:00-03:00,0.0,0.0,0.0,2.194
2023-03-09 03:00:00-03:00,0.0,0.0,0.0,1.96
2023-03-09 04:00:00-03:00,0.0,0.0,0.0,1.787
2023-03-09 05:00:00-03:00,0.0,0.0,0.0,2.128
2023-03-09 06:00:00-03:00,0.0,0.0,0.0,2.133
2023-03-09 07:00:00-03:00,0.004,0.005,0.006,2.373
2023-03-09 08:00:00-03:00,0.038,0.017,0.038,3.478
2023-03-09 09:00:00-03:00,0.06,0.014,0.064,4.932
2023-03-09 10:00:00-03:00,0.10200000000000001,0.02,0.10400000000000001,6.789
2023-03-09 11:00:00-03:00,0.189,0.046,0.171,9.454
2023-03-09 12:00:00-03:00,0.258,0.068,0.226,11.812
2023-03-09 13:00:00-03:00,0.298,0.064,0.277,13.118
2023-03-09 14:00:00-03:00,0.28300000000000003,0.065,0.26,13.639
2023-03-09 15:00:00-03:00,0.23800000000000002,0.067,0.20700000000000002,13.482
2023-03-09 16:00:00-03:00,0.229,0.089,0.176,13.122
2023-03-09 17:00:00-03:00,0.163,0.069,0.124,12.64
2023-03-09 18:00:00-03:00,0.085,0.039,0.068,11.845
2023-03-09 19:00:00-03:00,0.021,0.015,0.021,10.168
2023-03-09 20:00:00-03:00,0.0,0.0,0.0,8.502
2023-03-09 21:00:00-03:00,0.0,0.0,0.0,7.74
2023-03-09 22:00:00-03:00,0.0,0.0,0.0,7.096
2023-03-09 23:00:00-03:00,0.0,0.0,0.0,6.816
2023-03-10 00:00:00-03:00,0.0,0.0,0.0,6.748
2023-03-10 01:00:00-03:00,0.0,0.0,0.0,6.654
2023-03-10 02:00:00-03:00,0.0,0.0,0.0,6.508
2023-03-10 03:00:00-03:00,0.0,0.0,0.0,6.426
2023-03-10 04:00:00-03:00,0.0,0.0,0.0,6.24
2023-03-10 05:00:00-03:00,0.0,0.0,0.0,6.29
2023-03-10 06:00:00-03:00,0.0,0.0,0.0,6.348
2023-03-10 07:00:00-03:00,0.028,0.034,0.01,6.5760000000000005
2023-03-10 08:00:00-03:00,0.209,0.179,0.058,8.079
2023-03-10 09:00:00-03:00,0.495,0.462,0.10400000000000001,10.594
2023-03-10 10:00:00-03:00,0.65,0.642,0.132,12.836
2023-03-10 11:00:00-03:00,0.637,0.598,0.164,13.921
2023-03-10 12:00:00-03:00,0.626,0.555,0.194,14.577
2023-03-10 13:00:00-03:00,0.514,0.339,0.263,14.633
2023-03-10 14:00:00-03:00,0.42,0.217,0.269,14.377
2023-03-10 15:00:00-03:00,0.267,0.098,0.209,13.74
2023-03-10 16:00:00-03:00,0.133,0.031,0.129,12.789
2023-03-10 17:00:00-03:00,0.08,0.02,0.083,11.977
2023-03-10 18:00:00-03:00,0.08700000000000001,0.043000000000000003,0.066,11.05
2023-03-10 19:00:00-03:00,0.02,0.015,0.019,9.478
2023-03-10 20:00:00-03:00,0.0,0.0,0.0,8.042
2023-03-10 21:00:00-03:00,0.0,0.0,0.0,7.145
2023-03-10 22:00:00-03:00,0.0,0.0,0.0,6.083
2023-03-10 23:00:00-03:00,0.0,0.0,0.0,4.921
2023-03-11 00:00:00-03:00,0.0,0.0,0.0,3.783
2023-03-11 01:00:00-03:00,0.0,0.0,0.0,2.751
2023-03-11 02:00:00-03:00,0.0,0.0,0.0,1.94
2023-03-11 03:00:00-03:00,0.0,0.0,0.0,1.199
2023-03-11 04:00:00-03:00,0.0,0.0,0.0,0.47700000000000004
2023-03-11 05:00:00-03:00,0.0,0.0,0.0,-0.14400000000000002
2023-03-11 06:00:00-03:00,0.0,0.0,0.0,-0.552
2023-03-11 07:00:00-03:00,0.107,0.116,0.009000000000000001,-0.34600000000000003
2023-03-11 08:00:00-03:00,0.605,0.627,0.048,2.225
2023-03-11 09:00:00-03:00,0.752,0.8,0.077,4.949
2023-03-11 10:00:00-03:00,0.806,0.867,0.1,7.348
2023-03-11 11:00:00-03:00,0.842,0.922,0.112,9.506
2023-03-11 12:00:00-03:00,0.864,0.974,0.108,11.627
2023-03-11 13:00:00-03:00,0.835,0.971,0.079,13.715
2023-03-11 14:00:00-03:00,0.8190000000000001,0.9470000000000001,0.09,15.638
2023-03-11 15:00:00-03:00,0.809,0.923,0.108,17.09
2023-03-11 16:00:00-03:00,0.772,0.875,0.10300000000000001,17.823
2023-03-11 17:00:00-03:00,0.7030000000000001,0.788,0.085,17.876
2023-03-11 18:00:00-03:00,0.5710000000000001,0.623,0.059000000000000004,16.475
2023-03-11 19:00:00-03:00,0.255,0.267,0.025,12.298
2023-03-11 20:00:00-03:00,0.0,0.0,0.0,8.939
2023-03-11 21:00:00-03:00,0.0,0.0,0.0,7.122
2023-03-11 22:00:00-03:00,0.0,0.0,0.0,5.332
2023-03-11 23:00:00-03:00,0.0,0.0,0.0,4.182
2023-03-12 00:00:00-03:00,0.0,0.0,0.0,3.501
2023-03-12 01:00:00-03:00,0.0,0.0,0.0,3.261
2023-03-12 02:00:00-03:00,0.0,0.0,0.0,3.265
2023-03-12 03:00:00-03:00,0.0,0.0,0.0,3.2
2023-03-12 04:00:00-03:00,0.0,0.0,0.0,3.241
2023-03-12 05:00:00-03:00,0.0,0.0,0.0,3.941
2023-03-12 06:00:00-03:00,0.0,0.0,0.0,5.057
2023-03-12 07:00:00-03:00,0.003,0.007,0.005,5.904
2023-03-12 08:00:00-03:00,0.132,0.10300000000000001,0.052000000000000005,7.067
2023-03-12 09:00:00-03:00,0.291,0.22,0.106,9.003
2023-03-12 10:00:00-03:00,0.454,0.366,0.151,11.027
2023-03-12 11:00:00-03:00,0.47100000000000003,0.35100000000000003,0.191,12.538
2023-03-12 12:00:00-03:00,0.40800000000000003,0.231,0.23800000000000002,13.459
2023-03-12 13:00:00-03:00,0.338,0.106,0.281,13.606
2023-03-12 14:00:00-03:00,0.215,0.038,0.21,13.013
2023-03-12 15:00:00-03:00,0.28,0.108,0.214,13.375
2023-03-12 16:00:00-03:00,0.289,0.156,0.176,13.717
2023-03-12 17:00:00-03:00,0.20400000000000001,0.114,0.123,13.302
2023-03-12 18:00:00-03:00,0.155,0.109,0.075,12.664
2023-03-12 19:00:00-03:00,0.041,0.038,0.022,11.499
2023-03-12 20:00:00-03:00,0.0,0.0,0.0,9.951
2023-03-12 21:00:00-03:00,0.0,0.0,0.0,8.699
2023-03-12 22:00:00-03:00,0.0,0.0,0.0,7.7
2023-03-12 23:00:00-03:00,0.0,0.0,0.0,6.849
2023-03-13 00:00:00-03:00,0.0,0.0,0.0,6.127
2023-03-13 01:00:00-03:00,0.0,0.0,0.0,5.215
2023-03-13 02:00:00-03:00,0.0,0.0,0.0,4.09
2023-03-13 03:00:00-03:00,0.0,0.0,0.0,3.348
2023-03-13 04:00:00-03:00,0.0,0.0,0.0,2.451
2023-03-13 05:00:00-03:00,0.0,0.0,0.0,1.667
2023-03-13 06:00:00-03:00,0.0,0.0,0.0,1.098
2023-03-13 07:00:00-03:00,0.041,0.049,0.008,1.06
2023-03-13 08:00:00-03:00,0.481,0.47600000000000003,0.053,3.205
2023-03-13 09:00:00-03:00,0.682,0.6960000000000001,0.089,5.604
2023-03-13 10:00:00-03:00,0.593,0.545,0.133,7.423
2023-03-13 11:00:00-03:00,0.577,0.49,0.17300000000000001,8.813
2023-03-13 12:00:00-03:00,0.551,0.423,0.212,10.065
2023-03-13 13:00:00-03:00,0.501,0.306,0.269,10.901
2023-03-13 14:00:00-03:00,0.36,0.14200000000000002,0.264,10.787
2023-03-13 15:00:00-03:00,0.219,0.06,0.189,10.104
2023-03-13 16:00:00-03:00,0.134,0.03,0.128,9.47
2023-03-13 17:00:00-03:00,0.052000000000000005,0.009000000000000001,0.062,8.692
2023-03-13 18:00:00-03:00,0.012,0.003,0.021,7.608
2023-03-13 19:00:00-03:00,0.0,0.001,0.005,6.504
2023-03-13 20:00:00-03:00,0.0,0.0,0.0,5.7940000000000005
2023-03-13 21:00:00-03:00,0.0,0.0,0.0,5.382
2023-03-13 22:00:00-03:00,0.0,0.0,0.0,5.276
2023-03-13 23:00:00-03:00,0.0,0.0,0.0,5.323
2023-03-14 00:00:00-03:00,0.0,0.0,0.0,5.408
2023-03-14 01:00:00-03:00,0.0,0.0,0.0,5.656
2023-03-14 02:00:00-03:00,0.0,0.0,0.0,6.003
2023-03-14 03:00:00-03:00,0.0,0.0,0.0,6.4
2023-03-14 04:00:00-03:00,0.0,0.0,0.0,6.067
2023-03-14 05:00:00-03:00,0.0,0.0,0.0,5.704
2023-03-14 06:00:00-03:00,0.0,0.0,0.0,6.779
2023-03-14 07:00:00-03:00,0.0,0.002,0.003,7.427
2023-03-14 08:00:00-03:00,0.018000000000000002,0.009000000000000001,0.022,8.141
2023-03-14 09:00:00-03:00,0.04,0.011,0.047,9.077
2023-03-14 10:00:00-03:00,0.249,0.134,0.149,10.304
2023-03-14 11:00:00-03:00,0.256,0.108,0.18,8.797
2023-03-14 12:00:00-03:00,0.298,0.114,0.216,6.378
2023-03-14 13:00:00-03:00,0.592,0.444,0.232,7.096
2023-03-14 14:00:00-03:00,0.721,0.6880000000000001,0.163,8.092
2023-03-14 15:00:00-03:00,0.656,0.602,0.162,8.327
2023-03-14 16:00:00-03:00,0.5660000000000001,0.5,0.146,8.118
2023-03-14 17:00:00-03:00,0.497,0.448,0.112,7.686
2023-03-14 18:00:00-03:00,0.395,0.368,0.07100000000000001,7.1
2023-03-14 19:00:00-03:00,0.146,0.148,0.021,5.959
2023-03-14 20:00:00-03:00,0.0,0.0,0.0,4.559
2023-03-14 21:00:00-03:00,0.0,0.0,0.0,3.675
2023-03-14 22:00:00-03:00,0.0,0.0,0.0,2.509
2023-03-14 23:00:00-03:00,0.0,0.0,0.0,1.65
2023-03-15 00:00:00-03:00,0.0,0.0,0.0,1.294
2023-03-15 01:00:00-03:00,0.0,0.0,0.0,1.341
2023-03-15 02:00:00-03:00,0.0,0.0,0.0,1.6440000000000001
2023-03-15 03:00:00-03:00,0.0,0.0,0.0,1.6840000000000002
2023-03-15 04:00:00-03:00,0.0,0.0,0.0,1.8359999999999999
2023-03-15 05:00:00-03:00,0.0,0.0,0.0,2.1390000000000002
2023-03-15 06:00:00-03:00,0.0,0.0,0.0,2.332
2023-03-15 07:00:00-03:00,0.001,0.004,0.003,2.188
2023-03-15 08:00:00-03:00,0.079,0.056,0.042,2.789
2023-03-15 09:00:00-03:00,0.212,0.136,0.101,4.424
2023-03-15 10:00:00-03:00,0.234,0.12,0.14300000000000002,6.855
2023-03-15 11:00:00-03:00,0.374,0.226,0.194,9.158
2023-03-15 12:00:00-03:00,0.5740000000000001,0.455,0.212,11.258
2023-03-15 13:00:00-03:00,0.536,0.366,0.257,12.617
2023-03-15 14:00:00-03:00,0.41200000000000003,0.20800000000000002,0.266,13.37
2023-03-15 15:00:00-03:00,0.289,0.12,0.211,13.626
2023-03-15 16:00:00-03:00,0.217,0.088,0.164,13.458
2023-03-15 17:00:00-03:00,0.07200000000000001,0.017,0.077,12.738
2023-03-15 18:00:00-03:00,0.026000000000000002,0.007,0.034,12.034
2023-03-15 19:00:00-03:00,0.004,0.004,0.008,11.282
2023-03-15 20:00:00-03:00,0.0,0.0,0.0,10.56
2023-03-15 21:00:00-03:00,0.0,0.0,0.0,9.559
2023-03-15 22:00:00-03:00,0.0,0.0,0.0,8.102
2023-03-15 23:00:00-03:00,0.0,0.0,0.0,7.606
2023-03-16 00:00:00-03:00,0.0,0.0,0.0,6.873
2023-03-16 01:00:00-03:00,0.0,0.0,0.0,6.255
2023-03-16 02:00:00-03:00,0.0,0.0,0.0,5.691
2023-03-16 03:00:00-03:00,0.0,0.0,0.0,5.066
2023-03-16 04:00:00-03:00,0.0,0.0,0.0,4.019
2023-03-16 05:00:00-03:00,0.0,0.0,0.0,3.336
2023-03-16 06:00:00-03:00,0.0,0.0,0.0,2.904
2023-03-16 07:00:00-03:00,0.008,0.014,0.004,2.701
2023-03-16 08:00:00-03:00,0.084,0.063,0.04,3.186
2023-03-16 09:00:00-03:00,0.136,0.073,0.084,3.976
2023-03-16 10:00:00-03:00,0.298,0.185,0.14300000000000002,5.082
2023-03-16 11:00:00-03:00,0.492,0.371,0.179,6.345
2023-03-16 12:00:00-03:00,0.531,0.392,0.20800000000000002,7.25
2023-03-16 13:00:00-03:00,0.505,0.32,0.25,7.777
2023-03-16 14:00:00-03:00,0.537,0.384,0.227,8.219
2023-03-16 15:00:00-03:00,0.544,0.432,0.187,8.337
2023-03-16 16:00:00-03:00,0.394,0.278,0.162,7.871
2023-03-16 17:00:00-03:00,0.293,0.20700000000000002,0.11800000000000001,7.226
2023-03-16 18:00:00-03:00,0.226,0.183,0.07,6.442
2023-03-16 19:00:00-03:00,0.074,0.076,0.017,5.368
2023-03-16 20:00:00-03:00,0.0,0.0,0.0,4.498
2023-03-16 21:00:00-03:00,0.0,0.0,0.0,4.151
2023-03-16 22:00:00-03:00,0.0,0.0,0.0,4.135
2023-03-16 23:00:00-03:00,0.0,0.0,0.0,4.224
2023-03-17 00:00:00-03:00,0.0,0.0,0.0,4.516
2023-03-17 01:00:00-03:00,0.0,0.0,0.0,4.717
2023-03-17 02:00:00-03:00,0.0,0.0,0.0,4.941
2023-03-17 03:00:00-03:00,0.0,0.0,0.0,5.245
2023-03-17 04:00:00-03:00,0.0,0.0,0.0,5.546
2023-03-17 05:00:00-03:00,0.0,0.0,0.0,5.698
2023-03-17 06:00:00-03:00,0.0,0.0,0.0,5.776
2023-03-17 07:00:00-03:00,0.0,0.002,0.002,5.926
2023-03-17 08:00:00-03:00,0.028,0.017,0.026000000000000002,6.231
2023-03-17 09:00:00-03:00,0.068,0.025,0.062,6.793
2023-03-17 10:00:00-03:00,0.25,0.14200000000000002,0.138,7.75
2023-03-17 11:00:00-03:00,0.632,0.58,0.155,9.297
2023-03-17 12:00:00-03:00,0.718,0.708,0.149,10.458
2023-03-17 13:00:00-03:00,0.752,0.776,0.134,11.056
2023-03-17 14:00:00-03:00,0.665,0.618,0.17,11.185
2023-03-17 15:00:00-03:00,0.513,0.405,0.184,10.931000000000001
2023-03-17 16:00:00-03:00,0.443,0.34700000000000003,0.156,10.384
2023-03-17 17:00:00-03:00,0.376,0.307,0.116,9.600999999999999
2023-03-17 18:00:00-03:00,0.212,0.17300000000000001,0.067,8.59
2023-03-17 19:00:00-03:00,0.051000000000000004,0.054,0.014,7.245
2023-03-17 20:00:00-03:00,0.0,0.0,0.0,5.9510000000000005
2023-03-17 21:00:00-03:00,0.0,0.0,0.0,5.21
2023-03-17 22:00:00-03:00,0.0,0.0,0.0,4.6370000000000005
2023-03-17 23:00:00-03:00,0.0,0.0,0.0,4.298
2023-03-18 00:00:00-03:00,0.0,0.0,0.0,4.236
2023-03-18 01:00:00-03:00,0.0,0.0,0.0,4.339
2023-03-18 02:00:00-03:00,0.0,0.0,0.0,4.335
2023-03-18 03:00:00-03:00,0.0,0.0,0.0,4.223
2023-03-18 04:00:00-03:00,0.0,0.0,0.0,4.09
2023-03-18 05:00:00-03:00,0.0,0.0,0.0,3.9130000000000003
2023-03-18 06:00:00-03:00,0.0,0.0,0.0,3.74
2023-03-18 07:00:00-03:00,0.001,0.004,0.002,3.748
2023-03-18 08:00:00-03:00,0.108,0.088,0.04,4.51
2023-03-18 09:00:00-03:00,0.231,0.167,0.09,5.941
2023-03-18 10:00:00-03:00,0.637,0.616,0.12,7.729
2023-03-18 11:00:00-03:00,0.76,0.784,0.129,9.489
2023-03-18 12:00:00-03:00,0.5700000000000001,0.47300000000000003,0.187,10.398
2023-03-18 13:00:00-03:00,0.529,0.379,0.231,10.897
2023-03-18 14:00:00-03:00,0.588,0.481,0.20600000000000002,11.498
2023-03-18 15:00:00-03:00,0.402,0.258,0.199,11.413
2023-03-18 16:00:00-03:00,0.334,0.217,0.162,11.04
2023-03-18 17:00:00-03:00,0.227,0.145,0.114,10.388
2023-03-18 18:00:00-03:00,0.101,0.066,0.057,9.355
2023-03-18 19:00:00-03:00,0.04,0.044,0.013000000000000001,7.85
2023-03-18 20:00:00-03:00,0.0,0.0,0.0,6.531
2023-03-18 21:00:00-03:00,0.0,0.0,0.0,5.928
2023-03-18 22:00:00-03:00,0.0,0.0,0.0,5.274
2023-03-18 23:00:00-03:00,0.0,0.0,0.0,4.871
2023-03-19 00:00:00-03:00,0.0,0.0,0.0,4.772
2023-03-19 01:00:00-03:00,0.0,0.0,0.0,4.787
2023-03-19 02:00:00-03:00,0.0,0.0,0.0,4.905
2023-03-19 03:00:00-03:00,0.0,0.0,0.0,5.002
2023-03-19 04:00:00-03:00,0.0,0.0,0.0,5.021
2023-03-19 05:00:00-03:00,0.0,0.0,0.0,4.869
2023-03-19 06:00:00-03:00,0.0,0.0,0.0,4.084
2023-03-19 07:00:00-03:00,0.004,0.011,0.003,3.024
2023-03-19 08:00:00-03:00,0.309,0.292,0.045,2.9779999999999998
2023-03-19 09:00:00-03:00,0.509,0.47600000000000003,0.089,4.329
2023-03-19 10:00:00-03:00,0.507,0.432,0.135,5.662
2023-03-19 11:00:00-03:00,0.361,0.219,0.18,6.436
2023-03-19 12:00:00-03:00,0.543,0.40700000000000003,0.20800000000000002,7.399
2023-03-19 13:00:00-03:00,0.544,0.378,0.241,8.095
2023-03-19 14:00:00-03:00,0.424,0.224,0.252,8.289
2023-03-19 15:00:00-03:00,0.28700000000000003,0.117,0.20400000000000001,8.115
2023-03-19 16:00:00-03:00,0.122,0.028,0.116,7.526
2023-03-19 17:00:00-03:00,0.084,0.024,0.08,7.087
2023-03-19 18:00:00-03:00,0.048,0.022,0.044,6.609
2023-03-19 19:00:00-03:00,0.011,0.013000000000000001,0.009000000000000001,5.93
2023-03-19 20:00:00-03:00,0.0,0.0,0.0,5.63
2023-03-19 21:00:00-03:00,0.0,0.0,0.0,5.657
2023-03-19 22:00:00-03:00,0.0,0.0,0.0,5.656
2023-03-19 23:00:00-03:00,0.0,0.0,0.0,5.677
2023-03-20 00:00:00-03:00,0.0,0.0,0.0,5.808
2023-03-20 01:00:00-03:00,0.0,0.0,0.0,6.083
2023-03-20 02:00:00-03:00,0.0,0.0,0.0,6.358
2023-03-20 03:00:00-03:00,0.0,0.0,0.0,6.519
2023-03-20 04:00:00-03:00,0.0,0.0,0.0,6.602
2023-03-20 05:00:00-03:00,0.0,0.0,0.0,6.737
2023-03-20 06:00:00-03:00,0.0,0.0,0.0,6.754
2023-03-20 07:00:00-03:00,0.0,0.0,0.001,6.679
2023-03-20 08:00:00-03:00,0.02,0.013000000000000001,0.02,6.691
2023-03-20 09:00:00-03:00,0.179,0.11900000000000001,0.084,7.229
2023-03-20 10:00:00-03:00,0.771,0.8210000000000001,0.10200000000000001,8.561
2023-03-20 11:00:00-03:00,0.81,0.875,0.113,9.977
2023-03-20 12:00:00-03:00,0.646,0.6000000000000001,0.161,10.814
2023-03-20 13:00:00-03:00,0.619,0.538,0.189,11.433
2023-03-20 14:00:00-03:00,0.598,0.508,0.192,11.922
2023-03-20 15:00:00-03:00,0.449,0.322,0.19,11.605
2023-03-20 16:00:00-03:00,0.369,0.262,0.156,11.106
2023-03-20 17:00:00-03:00,0.323,0.252,0.112,10.538
2023-03-20 18:00:00-03:00,0.186,0.151,0.063,9.632
2023-03-20 19:00:00-03:00,0.012,0.016,0.008,8.538
2023-03-20 20:00:00-03:00,0.0,0.0,0.0,7.963
2023-03-20 21:00:00-03:00,0.0,0.0,0.0,7.711
2023-03-20 22:00:00-03:00,0.0,0.0,0.0,7.527
2023-03-20 23:00:00-03:00,0.0,0.0,0.0,7.375
2023-03-21 00:00:00-03:00,0.0,0.0,0.0,7.246
2023-03-21 01:00:00-03:00,0.0,0.0,0.0,7.093
2023-03-21 02:00:00-03:00,0.0,0.0,0.0,6.92
2023-03-21 03:00:00-03:00,0.0,0.0,0.0,6.89
2023-03-21 04:00:00-03:00,0.0,0.0,0.0,6.8629999999999995
2023-03-21 05:00:00-03:00,0.0,0.0,0.0,6.72
2023-03-21 06:00:00-03:00,0.0,0.0,0.0,6.595
2023-03-21 07:00:00-03:00,0.0,0.001,0.001,6.537
2023-03-21 08:00:00-03:00,0.013000000000000001,0.008,0.018000000000000002,6.859
2023-03-21 09:00:00-03:00,0.075,0.03,0.066,7.718
2023-03-21 10:00:00-03:00,0.275,0.164,0.145,9.014
2023-03-21 11:00:00-03:00,0.379,0.242,0.186,10.278
2023-03-21 12:00:00-03:00,0.603,0.512,0.194,11.609
2023-03-21 13:00:00-03:00,0.592,0.47300000000000003,0.222,12.364
2023-03-21 14:00:00-03:00,0.448,0.263,0.25,12.189
2023-03-21 15:00:00-03:00,0.32,0.153,0.211,11.646
2023-03-21 16:00:00-03:00,0.186,0.067,0.149,11.143
2023-03-21 17:00:00-03:00,0.065,0.015,0.07,10.49
2023-03-21 18:00:00-03:00,0.016,0.005,0.025,9.724
2023-03-21 19:00:00-03:00,0.0,0.002,0.004,8.918
2023-03-21 20:00:00-03:00,0.0,0.0,0.0,8.406
2023-03-21 21:00:00-03:00,0.0,0.0,0.0,8.129
2023-03-21 22:00:00-03:00,0.0,0.0,0.0,8.003
2023-03-21 23:00:00-03:00,0.0,0.0,0.0,7.928
2023-03-22 00:00:00-03:00,0.0,0.0,0.0,7.87
2023-03-22 01:00:00-03:00,0.0,0.0,0.0,7.809
2023-03-22 02:00:00-03:00,0.0,0.0,0.0,7.705
2023-03-22 03:00:00-03:00,0.0,0.0,0.0,7.564
2023-03-22 04:00:00-03:00,0.0,0.0,0.0,7.423
2023-03-22 05:00:00-03:00,0.0,0.0,0.0,7.233
2023-03-22 06:00:00-03:00,0.0,0.0,0.0,7.25
2023-03-22 07:00:00-03:00,0.0,0.002,0.001,7.357
2023-03-22 08:00:00-03:00,0.098,0.08600000000000001,0.033,7.899
2023-03-22 09:00:00-03:00,0.339,0.294,0.08600000000000001,9.187
2023-03-22 10:00:00-03:00,0.706,0.74,0.10200000000000001,10.765
2023-03-22 11:00:00-03:00,0.754,0.802,0.115,11.988
2023-03-22 12:00:00-03:00,0.759,0.806,0.122,12.683
2023-03-22 13:00:00-03:00,0.746,0.793,0.11800000000000001,12.97
2023-03-22 14:00:00-03:00,0.724,0.749,0.129,12.946
2023-03-22 15:00:00-03:00,0.653,0.634,0.14200000000000002,12.385
2023-03-22 16:00:00-03:00,0.487,0.41200000000000003,0.146,11.337
2023-03-22 17:00:00-03:00,0.078,0.026000000000000002,0.073,9.512
2023-03-22 18:00:00-03:00,0.017,0.006,0.025,7.949
2023-03-22 19:00:00-03:00,0.001,0.003,0.004,6.787
2023-03-22 20:00:00-03:00,0.0,0.0,0.0,5.793
2023-03-22 21:00:00-03:00,0.0,0.0,0.0,5.138
2023-03-22 22:00:00-03:00,0.0,0.0,0.0,4.789
2023-03-22 23:00:00-03:00,0.0,0.0,0.0,4.483
2023-03-23 00:00:00-03:00,0.0,0.0,0.0,4.126
2023-03-23 01:00:00-03:00,0.0,0.0,0.0,3.912
2023-03-23 02:00:00-03:00,0.0,0.0,0.0,3.748
2023-03-23 03:00:00-03:00,0.0,0.0,0.0,3.468
2023-03-23 04:00:00-03:00,0.0,0.0,0.0,3.109
2023-03-23 05:00:00-03:00,0.0,0.0,0.0,2.722
2023-03-23 06:00:00-03:00,0.0,0.0,0.0,2.273
2023-03-23 07:00:00-03:00,0.001,0.006,0.001,1.57
2023-03-23 08:00:00-03:00,0.391,0.389,0.036000000000000004,2.14
2023-03-23 09:00:00-03:00,0.616,0.625,0.07200000000000001,4.365
2023-03-23 10:00:00-03:00,0.726,0.755,0.095,6.682
2023-03-23 11:00:00-03:00,0.795,0.851,0.105,8.283
2023-03-23 12:00:00-03:00,0.842,0.937,0.098,9.758
2023-03-23 13:00:00-03:00,0.8160000000000001,0.92,0.084,10.978
2023-03-23 14:00:00-03:00,0.771,0.835,0.106,11.829
2023-03-23 15:00:00-03:00,0.647,0.628,0.14,12.226
2023-03-23 16:00:00-03:00,0.321,0.215,0.15,12.005
2023-03-23 17:00:00-03:00,0.101,0.042,0.082,11.324
2023-03-23 18:00:00-03:00,0.028,0.013000000000000001,0.031,9.416
2023-03-23 19:00:00-03:00,0.0,0.003,0.003,7.986
2023-03-23 20:00:00-03:00,0.0,0.0,0.0,7.228
2023-03-23 21:00:00-03:00,0.0,0.0,0.0,6.579
2023-03-23 22:00:00-03:00,0.0,0.0,0.0,5.975
2023-03-23 23:00:00-03:00,0.0,0.0,0.0,5.724
2023-03-24 00:00:00-03:00,0.0,0.0,0.0,5.63
2023-03-24 01:00:00-03:00,0.0,0.0,0.0,4.796
2023-03-24 02:00:00-03:00,0.0,0.0,0.0,4.134
2023-03-24 03:00:00-03:00,0.0,0.0,0.0,4.36
2023-03-24 04:00:00-03:00,0.0,0.0,0.0,4.849
2023-03-24 05:00:00-03:00,0.0,0.0,0.0,5.053
2023-03-24 06:00:00-03:00,0.0,0.0,0.0,4.662
2023-03-24 07:00:00-03:00,0.0,0.002,0.001,4.801
2023-03-24 08:00:00-03:00,0.08700000000000001,0.075,0.032,6.223
2023-03-24 09:00:00-03:00,0.11,0.06,0.07200000000000001,8.289
2023-03-24 10:00:00-03:00,0.216,0.115,0.132,10.558
2023-03-24 11:00:00-03:00,0.225,0.092,0.165,11.817
2023-03-24 12:00:00-03:00,0.379,0.20800000000000002,0.224,11.931000000000001
2023-03-24 13:00:00-03:00,0.453,0.266,0.251,11.545
2023-03-24 14:00:00-03:00,0.492,0.336,0.229,11.451
2023-03-24 15:00:00-03:00,0.402,0.258,0.198,11.009
2023-03-24 16:00:00-03:00,0.28800000000000003,0.169,0.156,10.125
2023-03-24 17:00:00-03:00,0.169,0.095,0.1,8.852
2023-03-24 18:00:00-03:00,0.167,0.135,0.057,7.655
2023-03-24 19:00:00-03:00,0.018000000000000002,0.025,0.007,6.237
2023-03-24 20:00:00-03:00,0.0,0.0,0.0,5.223
2023-03-24 21:00:00-03:00,0.0,0.0,0.0,4.736
2023-03-24 22:00:00-03:00,0.0,0.0,0.0,4.648
2023-03-24 23:00:00-03:00,0.0,0.0,0.0,4.882
2023-03-25 00:00:00-03:00,0.0,0.0,0.0,5.156
2023-03-25 01:00:00-03:00,0.0,0.0,0.0,5.359
2023-03-25 02:00:00-03:00,0.0,0.0,0.0,5.522
2023-03-25 03:00:00-03:00,0.0,0.0,0.0,5.73
2023-03-25 04:00:00-03:00,0.0,0.0,0.0,5.952
2023-03-25 05:00:00-03:00,0.0,0.0,0.0,6.134
2023-03-25 06:00:00-03:00,0.0,0.0,0.0,6.412
2023-03-25 07:00:00-03:00,0.0,0.001,0.0,6.714
2023-03-25 08:00:00-03:00,0.092,0.084,0.029,7.358
2023-03-25 09:00:00-03:00,0.314,0.27,0.082,8.598
2023-03-25 10:00:00-03:00,0.545,0.51,0.117,9.905
2023-03-25 11:00:00-03:00,0.406,0.294,0.166,10.648
2023-03-25 12:00:00-03:00,0.34800000000000003,0.184,0.21,11.065
2023-03-25 13:00:00-03:00,0.367,0.176,0.24,11.436
2023-03-25 14:00:00-03:00,0.595,0.52,0.178,12.264
2023-03-25 15:00:00-03:00,0.724,0.758,0.11900000000000001,12.698
2023-03-25 16:00:00-03:00,0.6880000000000001,0.721,0.10400000000000001,12.375
2023-03-25 17:00:00-03:00,0.5690000000000001,0.578,0.085,11.68
2023-03-25 18:00:00-03:00,0.336,0.327,0.053,10.524000000000001
2023-03-25 19:00:00-03:00,0.017,0.025,0.006,8.922
2023-03-25 20:00:00-03:00,0.0,0.0,0.0,7.977
2023-03-25 21:00:00-03:00,0.0,0.0,0.0,7.317
2023-03-25 22:00:00-03:00,0.0,0.0,0.0,6.553
2023-03-25 23:00:00-03:00,0.0,0.0,0.0,6.146
2023-03-26 00:00:00-03:00,0.0,0.0,0.0,6.121
2023-03-26 01:00:00-03:00,0.0,0.0,0.0,6.33
2023-03-26 02:00:00-03:00,0.0,0.0,0.0,6.52
2023-03-26 03:00:00-03:00,0.0,0.0,0.0,6.5280000000000005
2023-03-26 04:00:00-03:00,0.0,0.0,0.0,6.428
2023-03-26 05:00:00-03:00,0.0,0.0,0.0,6.405
2023-03-26 06:00:00-03:00,0.0,0.0,0.0,6.287
2023-03-26 07:00:00-03:00,0.0,0.0,0.0,6.099
2023-03-26 08:00:00-03:00,0.021,0.015,0.019,6.221
2023-03-26 09:00:00-03:00,0.126,0.069,0.079,7.093
2023-03-26 10:00:00-03:00,0.228,0.123,0.134,8.321
2023-03-26 11:00:00-03:00,0.454,0.331,0.184,9.804
2023-03-26 12:00:00-03:00,0.47700000000000004,0.321,0.225,10.958
2023-03-26 13:00:00-03:00,0.333,0.11,0.268,11.261
2023-03-26 14:00:00-03:00,0.168,0.02,0.176,10.856
2023-03-26 15:00:00-03:00,0.08,0.007,0.095,10.305
2023-03-26 16:00:00-03:00,0.061,0.007,0.075,10.004
2023-03-26 17:00:00-03:00,0.035,0.005,0.047,9.623
2023-03-26 18:00:00-03:00,0.009000000000000001,0.003,0.017,8.629
2023-03-26 19:00:00-03:00,0.0,0.0,0.001,7.671
2023-03-26 20:00:00-03:00,0.0,0.0,0.0,7.463
2023-03-26 21:00:00-03:00,0.0,0.0,0.0,6.925
2023-03-26 22:00:00-03:00,0.0,0.0,0.0,6.444
2023-03-26 23:00:00-03:00,0.0,0.0,0.0,6.125
2023-03-27 00:00:00-03:00,0.0,0.0,0.0,6.077
2023-03-27 01:00:00-03:00,0.0,0.0,0.0,6.135
2023-03-27 02:00:00-03:00,0.0,0.0,0.0,6.092
2023-03-27 03:00:00-03:00,0.0,0.0,0.0,5.759
2023-03-27 04:00:00-03:00,0.0,0.0,0.0,5.925
2023-03-27 05:00:00-03:00,0.0,0.0,0.0,5.684
2023-03-27 06:00:00-03:00,0.0,0.0,0.0,5.275
2023-03-27 07:00:00-03:00,0.0,0.0,0.0,4.897
2023-03-27 08:00:00-03:00,0.012,0.009000000000000001,0.015,5.049
2023-03-27 09:00:00-03:00,0.026000000000000002,0.006,0.035,4.93
2023-03-27 10:00:00-03:00,0.107,0.027,0.101,5.376
2023-03-27 11:00:00-03:00,0.11,0.018000000000000002,0.114,5.765
2023-03-27 12:00:00-03:00,0.24,0.063,0.20500000000000002,6.381
2023-03-27 13:00:00-03:00,0.352,0.127,0.263,7.105
2023-03-27 14:00:00-03:00,0.41500000000000004,0.212,0.252,7.745
2023-03-27 15:00:00-03:00,0.326,0.158,0.20500000000000002,7.588
2023-03-27 16:00:00-03:00,0.20600000000000002,0.08600000000000001,0.147,6.8870000000000005
2023-03-27 17:00:00-03:00,0.15,0.075,0.099,6.222
2023-03-27 18:00:00-03:00,0.076,0.049,0.046,5.296
2023-03-27 19:00:00-03:00,0.002,0.005,0.004,4.024
2023-03-27 20:00:00-03:00,0.0,0.0,0.0,3.06
2023-03-27 21:00:00-03:00,0.0,0.0,0.0,2.333
2023-03-27 22:00:00-03:00,0.0,0.0,0.0,1.832
2023-03-27 23:00:00-03:00,0.0,0.0,0.0,1.465
2023-03-28 00:00:00-03:00,0.0,0.0,0.0,1.185
2023-03-28 01:00:00-03:00,0.0,0.0,0.0,0.96
2023-03-28 02:00:00-03:00,0.0,0.0,0.0,0.672
2023-03-28 03:00:00-03:00,0.0,0.0,0.0,0.395
2023-03-28 04:00:00-03:00,0.0,0.0,0.0,0.098
2023-03-28 05:00:00-03:00,0.0,0.0,0.0,-0.25
2023-03-28 06:00:00-03:00,0.0,0.0,0.0,-0.562
2023-03-28 07:00:00-03:00,0.0,0.0,0.0,-1.266
2023-03-28 08:00:00-03:00,0.11800000000000001,0.108,0.027,-1.02
2023-03-28 09:00:00-03:00,0.334,0.281,0.079,0.506
2023-03-28 10:00:00-03:00,0.578,0.531,0.111,2.453
2023-03-28 11:00:00-03:00,0.659,0.614,0.135,4.011
2023-03-28 12:00:00-03:00,0.483,0.335,0.2,4.71
2023-03-28 13:00:00-03:00,0.364,0.154,0.246,4.726
2023-03-28 14:00:00-03:00,0.331,0.13,0.233,4.626
2023-03-28 15:00:00-03:00,0.276,0.116,0.188,4.422
2023-03-28 16:00:00-03:00,0.226,0.108,0.14300000000000002,4.202
2023-03-28 17:00:00-03:00,0.195,0.11900000000000001,0.099,3.9210000000000003
2023-03-28 18:00:00-03:00,0.097,0.07100000000000001,0.045,3.214
2023-03-28 19:00:00-03:00,0.003,0.008,0.004,1.8519999999999999
2023-03-28 20:00:00-03:00,0.0,0.0,0.0,0.59
2023-03-28 21:00:00-03:00,0.0,0.0,0.0,-0.192
2023-03-28 22:00:00-03:00,0.0,0.0,0.0,-0.785
2023-03-28 23:00:00-03:00,0.0,0.0,0.0,-1.178
2023-03-29 00:00:00-03:00,0.0,0.0,0.0,-1.298
2023-03-29 01:00:00-03:00,0.0,0.0,0.0,-1.037
2023-03-29 02:00:00-03:00,0.0,0.0,0.0,-0.982
2023-03-29 03:00:00-03:00,0.0,0.0,0.0,-0.998
2023-03-29 04:00:00-03:00,0.0,0.0,0.0,-0.632
2023-03-29 05:00:00-03:00,0.0,0.0,0.0,-0.513
2023-03-29 06:00:00-03:00,0.0,0.0,0.0,-0.419
2023-03-29 07:00:00-03:00,0.0,0.0,0.0,-0.51
2023-03-29 08:00:00-03:00,0.031,0.027,0.019,-0.15
2023-03-29 09:00:00-03:00,0.11800000000000001,0.067,0.07,1.149
2023-03-29 10:00:00-03:00,0.23900000000000002,0.135,0.128,2.731
2023-03-29 11:00:00-03:00,0.33,0.183,0.178,4.244
2023-03-29 12:00:00-03:00,0.291,0.11,0.21,4.915
2023-03-29 13:00:00-03:00,0.317,0.10300000000000001,0.246,5.313
2023-03-29 14:00:00-03:00,0.326,0.123,0.23700000000000002,5.656
2023-03-29 15:00:00-03:00,0.297,0.134,0.195,5.787
2023-03-29 16:00:00-03:00,0.243,0.124,0.147,5.62
2023-03-29 17:00:00-03:00,0.213,0.136,0.101,5.273
2023-03-29 18:00:00-03:00,0.111,0.085,0.046,4.207
2023-03-29 19:00:00-03:00,0.003,0.008,0.003,1.554
2023-03-29 20:00:00-03:00,0.0,0.0,0.0,0.292
2023-03-29 21:00:00-03:00,0.0,0.0,0.0,-0.596
2023-03-29 22:00:00-03:00,0.0,0.0,0.0,-1.268
2023-03-29 23:00:00-03:00,0.0,0.0,0.0,-1.5190000000000001
2023-03-30 00:00:00-03:00,0.0,0.0,0.0,-1.305
2023-03-30 01:00:00-03:00,0.0,0.0,0.0,-1.441
2023-03-30 02:00:00-03:00,0.0,0.0,0.0,-1.514
2023-03-30 03:00:00-03:00,0.0,0.0,0.0,-1.722
2023-03-30 04:00:00-03:00,0.0,0.0,0.0,-1.8479999999999999
2023-03-30 05:00:00-03:00,0.0,0.0,0.0,-1.799
2023-03-30 06:00:00-03:00,0.0,0.0,0.0,-1.768
2023-03-30 07:00:00-03:00,0.0,0.0,0.0,-1.799
2023-03-30 08:00:00-03:00,0.189,0.185,0.022,-0.742
2023-03-30 09:00:00-03:00,0.40900000000000003,0.375,0.068,1.409
2023-03-30 10:00:00-03:00,0.581,0.554,0.096,3.535
2023-03-30 11:00:00-03:00,0.748,0.775,0.098,4.989
2023-03-30 12:00:00-03:00,0.842,0.932,0.082,6.3
2023-03-30 13:00:00-03:00,0.847,0.967,0.062,7.407
2023-03-30 14:00:00-03:00,0.844,0.96,0.068,8.202
2023-03-30 15:00:00-03:00,0.8320000000000001,0.933,0.08,8.629
2023-03-30 16:00:00-03:00,0.792,0.877,0.077,8.646
2023-03-30 17:00:00-03:00,0.7030000000000001,0.764,0.062,8.139
2023-03-30 18:00:00-03:00,0.485,0.506,0.038,6.7780000000000005
2023-03-30 19:00:00-03:00,0.021,0.031,0.003,3.972
2023-03-30 20:00:00-03:00,0.0,0.0,0.0,2.5540000000000003
2023-03-30 21:00:00-03:00,0.0,0.0,0.0,1.443
2023-03-30 22:00:00-03:00,0.0,0.0,0.0,0.718
2023-03-30 23:00:00-03:00,0.0,0.0,0.0,0.463
2023-03-31 00:00:00-03:00,0.0,0.0,0.0,0.627
2023-03-31 01:00:00-03:00,0.0,0.0,0.0,1.189
2023-03-31 02:00:00-03:00,0.0,0.0,0.0,1.492
2023-03-31 03:00:00-03:00,0.0,0.0,0.0,1.71
2023-03-31 04:00:00-03:00,0.0,0.0,0.0,1.8639999999999999
2023-03-31 05:00:00-03:00,0.0,0.0,0.0,1.7389999999999999
2023-03-31 06:00:00-03:00,0.0,0.0,0.0,1.57
2023-03-31 07:00:00-03:00,0.0,0.0,0.0,1.504
2023-03-31 08:00:00-03:00,0.106,0.10400000000000001,0.021,1.7570000000000001
2023-03-31 09:00:00-03:00,0.372,0.332,0.074,3.316
2023-03-31 10:00:00-03:00,0.454,0.389,0.116,5.77
2023-03-31 11:00:00-03:00,0.432,0.324,0.16,7.601
2023-03-31 12:00:00-03:00,0.40900000000000003,0.258,0.201,8.868
2023-03-31 13:00:00-03:00,0.453,0.28700000000000003,0.227,9.812
2023-03-31 14:00:00-03:00,0.508,0.384,0.197,10.401
2023-03-31 15:00:00-03:00,0.625,0.592,0.14100000000000001,10.850999999999999
2023-03-31 16:00:00-03:00,0.46900000000000003,0.404,0.131,10.658
2023-03-31 17:00:00-03:00,0.226,0.162,0.095,9.981
2023-03-31 18:00:00-03:00,0.053,0.037,0.035,8.009
2023-03-31 19:00:00-03:00,0.0,0.001,0.001,6.918
2023-03-31 20:00:00-03:00,0.0,0.0,0.0,5.564
2023-03-31 21:00:00-03:00,0.0,0.0,0.0,4.158
2023-03-31 22:00:00-03:00,0.0,0.0,0.0,3.914
2023-03-31 23:00:00-03:00,0.0,0.0,0.0,3.435
2023-04-01 00:00:00-03:00,0.0,0.0,0.0,2.606
2023-04-01 01:00:00-03:00,0.0,0.0,0.0,2.564
2023-04-01 02:00:00-03:00,0.0,0.0,0.0,2.6550000000000002
2023-04-01 03:00:00-03:00,0.0,0.0,0.0,2.625
2023-04-01 04:00:00-03:00,0.0,0.0,0.0,2.464
2023-04-01 05:00:00-03:00,0.0,0.0,0.0,2.5869999999999997
2023-04-01 06:00:00-03:00,0.0,0.0,0.0,2.827
2023-04-01 07:00:00-03:00,0.0,0.0,0.0,2.8609999999999998
2023-04-01 08:00:00-03:00,0.002,0.003,0.006,2.626
2023-04-01 09:00:00-03:00,0.017,0.005,0.025,2.775
2023-04-01 10:00:00-03:00,0.145,0.063,0.10400000000000001,4.133
2023-04-01 11:00:00-03:00,0.483,0.387,0.153,6.408
2023-04-01 12:00:00-03:00,0.649,0.608,0.147,8.421
2023-04-01 13:00:00-03:00,0.544,0.429,0.193,9.302
2023-04-01 14:00:00-03:00,0.445,0.298,0.20500000000000002,9.483
2023-04-01 15:00:00-03:00,0.533,0.456,0.154,9.921
2023-04-01 16:00:00-03:00,0.653,0.665,0.10200000000000001,10.255
2023-04-01 17:00:00-03:00,0.5710000000000001,0.583,0.075,9.747
2023-04-01 18:00:00-03:00,0.33,0.328,0.042,8.52
2023-04-01 19:00:00-03:00,0.002,0.008,0.002,6.785
2023-04-01 20:00:00-03:00,0.0,0.0,0.0,5.619
2023-04-01 21:00:00-03:00,0.0,0.0,0.0,4.661
2023-04-01 22:00:00-03:00,0.0,0.0,0.0,3.852
2023-04-01 23:00:00-03:00,0.0,0.0,0.0,3.142
2023-04-02 00:00:00-03:00,0.0,0.0,0.0,2.166
2023-04-02 01:00:00-03:00,0.0,0.0,0.0,1.135
2023-04-02 02:00:00-03:00,0.0,0.0,0.0,0.7020000000000001
2023-04-02 03:00:00-03:00,0.0,0.0,0.0,0.8240000000000001
2023-04-02 04:00:00-03:00,0.0,0.0,0.0,1.163
2023-04-02 05:00:00-03:00,0.0,0.0,0.0,1.2770000000000001
2023-04-02 06:00:00-03:00,0.0,0.0,0.0,1.624
2023-04-02 07:00:00-03:00,0.0,0.0,0.0,1.34
2023-04-02 08:00:00-03:00,0.109,0.11,0.017,1.239
2023-04-02 09:00:00-03:00,0.40900000000000003,0.384,0.064,3.753
2023-04-02 10:00:00-03:00,0.655,0.67,0.084,6.526
2023-04-02 11:00:00-03:00,0.761,0.8300000000000001,0.089,10.436
2023-04-02 12:00:00-03:00,0.772,0.862,0.088,13.058
2023-04-02 13:00:00-03:00,0.762,0.865,0.08,14.757
2023-04-02 14:00:00-03:00,0.742,0.8310000000000001,0.089,15.678
2023-04-02 15:00:00-03:00,0.6890000000000001,0.741,0.10200000000000001,15.878
2023-04-02 16:00:00-03:00,0.552,0.551,0.10400000000000001,15.605
2023-04-02 17:00:00-03:00,0.40900000000000003,0.393,0.08,14.853
2023-04-02 18:00:00-03:00,0.211,0.20400000000000001,0.039,12.107
2023-04-02 19:00:00-03:00,0.001,0.006,0.002,9.016
2023-04-02 20:00:00-03:00,0.0,0.0,0.0,8.051
2023-04-02 21:00:00-03:00,0.0,0.0,0.0,7.5809999999999995
2023-04-02 22:00:00-03:00,0.0,0.0,0.0,7.35
2023-04-02 23:00:00-03:00,0.0,0.0,0.0,7.005
2023-04-03 00:00:00-03:00,0.0,0.0,0.0,6.36
2023-04-03 01:00:00-03:00,0.0,0.0,0.0,5.939
2023-04-03 02:00:00-03:00,0.0,0.0,0.0,5.789
2023-04-03 03:00:00-03:00,0.0,0.0,0.0,5.347
2023-04-03 04:00:00-03:00,0.0,0.0,0.0,4.884
2023-04-03 05:00:00-03:00,0.0,0.0,0.0,4.803
2023-04-03 06:00:00-03:00,0.0,0.0,0.0,4.474
2023-04-03 07:00:00-03:00,0.0,0.0,0.0,4.439
2023-04-03 08:00:00-03:00,0.23600000000000002,0.244,0.018000000000000002,4.721
2023-04-03 09:00:00-03:00,0.484,0.482,0.06,6.72
2023-04-03 10:00:00-03:00,0.599,0.606,0.089,9.852
2023-04-03 11:00:00-03:00,0.663,0.6900000000000001,0.105,13.633
2023-04-03 12:00:00-03:00,0.663,0.6910000000000001,0.117,16.255
2023-04-03 13:00:00-03:00,0.674,0.717,0.113,17.579
2023-04-03 14:00:00-03:00,0.7030000000000001,0.773,0.10300000000000001,18.334
2023-04-03 15:00:00-03:00,0.661,0.707,0.109,18.657
2023-04-03 16:00:00-03:00,0.484,0.459,0.116,18.144
2023-04-03 17:00:00-03:00,0.157,0.107,0.08,15.895
2023-04-03 18:00:00-03:00,0.068,0.057,0.033,12.395
2023-04-03 19:00:00-03:00,0.0,0.001,0.001,9.165
2023-04-03 20:00:00-03:00,0.0,0.0,0.0,7.33
2023-04-03 21:00:00-03:00,0.0,0.0,0.0,6.129
2023-04-03 22:00:00-03:00,0.0,0.0,0.0,5.075
2023-04-03 23:00:00-03:00,0.0,0.0,0.0,3.969
2023-04-04 00:00:00-03:00,0.0,0.0,0.0,2.809
2023-04-04 01:00:00-03:00,0.0,0.0,0.0,2.171
2023-04-04 02:00:00-03:00,0.0,0.0,0.0,1.76
2023-04-04 03:00:00-03:00,0.0,0.0,0.0,1.3940000000000001
2023-04-04 04:00:00-03:00,0.0,0.0,0.0,1.062
2023-04-04 05:00:00-03:00,0.0,0.0,0.0,0.8200000000000001
2023-04-04 06:00:00-03:00,0.0,0.0,0.0,0.9390000000000001
2023-04-04 07:00:00-03:00,0.0,0.0,0.0,1.509
2023-04-04 08:00:00-03:00,0.085,0.08700000000000001,0.016,2.402
2023-04-04 09:00:00-03:00,0.323,0.28700000000000003,0.067,4.436
2023-04-04 10:00:00-03:00,0.521,0.486,0.10200000000000001,7.254
2023-04-04 11:00:00-03:00,0.554,0.509,0.13,10.502
2023-04-04 12:00:00-03:00,0.653,0.644,0.133,12.327
2023-04-04 13:00:00-03:00,0.656,0.646,0.138,13.312
2023-04-04 14:00:00-03:00,0.601,0.556,0.157,13.931000000000001
2023-04-04 15:00:00-03:00,0.366,0.245,0.17500000000000002,13.978
2023-04-04 16:00:00-03:00,0.176,0.082,0.125,13.647
2023-04-04 17:00:00-03:00,0.07100000000000001,0.028,0.064,12.242
2023-04-04 18:00:00-03:00,0.013000000000000001,0.008,0.018000000000000002,10.112
2023-04-04 19:00:00-03:00,0.0,0.0,0.0,8.927
2023-04-04 20:00:00-03:00,0.0,0.0,0.0,8.681000000000001
2023-04-04 21:00:00-03:00,0.0,0.0,0.0,8.828
2023-04-04 22:00:00-03:00,0.0,0.0,0.0,9.196
2023-04-04 23:00:00-03:00,0.0,0.0,0.0,9.491
2023-04-05 00:00:00-03:00,0.0,0.0,0.0,9.194
2023-04-05 01:00:00-03:00,0.0,0.0,0.0,9.455
2023-04-05 02:00:00-03:00,0.0,0.0,0.0,9.427
2023-04-05 03:00:00-03:00,0.0,0.0,0.0,9.696
2023-04-05 04:00:00-03:00,0.0,0.0,0.0,9.97
2023-04-05 05:00:00-03:00,0.0,0.0,0.0,10.275
2023-04-05 06:00:00-03:00,0.0,0.0,0.0,10.76
2023-04-05 07:00:00-03:00,0.0,0.0,0.0,10.936
2023-04-05 08:00:00-03:00,0.005,0.007,0.006,10.65
2023-04-05 09:00:00-03:00,0.138,0.105,0.058,10.68
2023-04-05 10:00:00-03:00,0.488,0.463,0.095,10.674
2023-04-05 11:00:00-03:00,0.733,0.793,0.088,10.861
2023-04-05 12:00:00-03:00,0.812,0.925,0.075,11.261
2023-04-05 13:00:00-03:00,0.8130000000000001,0.9410000000000001,0.062,11.48
2023-04-05 14:00:00-03:00,0.809,0.928,0.068,11.507
2023-04-05 15:00:00-03:00,0.793,0.893,0.078,11.196
2023-04-05 16:00:00-03:00,0.745,0.8220000000000001,0.074,10.536
2023-04-05 17:00:00-03:00,0.634,0.68,0.06,9.584
2023-04-05 18:00:00-03:00,0.353,0.362,0.032,8.01
2023-04-05 19:00:00-03:00,0.0,0.003,0.001,5.527
2023-04-05 20:00:00-03:00,0.0,0.0,0.0,4.16
2023-04-05 21:00:00-03:00,0.0,0.0,0.0,3.14
2023-04-05 22:00:00-03:00,0.0,0.0,0.0,2.319
2023-04-05 23:00:00-03:00,0.0,0.0,0.0,1.724
2023-04-06 00:00:00-03:00,0.0,0.0,0.0,1.078
2023-04-06 01:00:00-03:00,0.0,0.0,0.0,0.421
2023-04-06 02:00:00-03:00,0.0,0.0,0.0,0.105
2023-04-06 03:00:00-03:00,0.0,0.0,0.0,0.263
2023-04-06 04:00:00-03:00,0.0,0.0,0.0,-0.014
2023-04-06 05:00:00-03:00,0.0,0.0,0.0,-0.09
2023-04-06 06:00:00-03:00,0.0,0.0,0.0,0.168
2023-04-06 07:00:00-03:00,0.0,0.0,0.0,0.537
2023-04-06 08:00:00-03:00,0.014,0.015,0.011,1.022
2023-04-06 09:00:00-03:00,0.065,0.031,0.051000000000000004,2.271
2023-04-06 10:00:00-03:00,0.136,0.054,0.10300000000000001,4.09
2023-04-06 11:00:00-03:00,0.203,0.077,0.152,6.377
2023-04-06 12:00:00-03:00,0.355,0.191,0.20700000000000002,9.001
2023-04-06 13:00:00-03:00,0.595,0.504,0.191,11.372
2023-04-06 14:00:00-03:00,0.428,0.267,0.222,12.061
2023-04-06 15:00:00-03:00,0.17200000000000001,0.044,0.156,10.899000000000001
2023-04-06 16:00:00-03:00,0.041,0.005,0.054,8.112
2023-04-06 17:00:00-03:00,0.021,0.004,0.032,5.8629999999999995
2023-04-06 18:00:00-03:00,0.004,0.002,0.01,4.625
2023-04-06 19:00:00-03:00,0.0,0.0,0.0,3.966
2023-04-06 20:00:00-03:00,0.0,0.0,0.0,3.567
2023-04-06 21:00:00-03:00,0.0,0.0,0.0,3.252
2023-04-06 22:00:00-03:00,0.0,0.0,0.0,2.831
2023-04-06 23:00:00-03:00,0.0,0.0,0.0,2.22
2023-04-07 00:00:00-03:00,0.0,0.0,0.0,1.702
2023-04-07 01:00:00-03:00,0.0,0.0,0.0,1.278
2023-04-07 02:00:00-03:00,0.0,0.0,0.0,0.911
2023-04-07 03:00:00-03:00,0.0,0.0,0.0,0.581
2023-04-07 04:00:00-03:00,0.0,0.0,0.0,0.41500000000000004
2023-04-07 05:00:00-03:00,0.0,0.0,0.0,0.525
2023-04-07 06:00:00-03:00,0.0,0.0,0.0,0.8
2023-04-07 07:00:00-03:00,0.0,0.0,0.0,1.347
2023-04-07 08:00:00-03:00,0.062,0.068,0.012,2.564
2023-04-07 09:00:00-03:00,0.252,0.218,0.06,4.218
2023-04-07 10:00:00-03:00,0.423,0.368,0.1,5.82
2023-04-07 11:00:00-03:00,0.539,0.485,0.124,7.149
2023-04-07 12:00:00-03:00,0.597,0.549,0.137,8.112
2023-04-07 13:00:00-03:00,0.644,0.617,0.132,8.641
2023-04-07 14:00:00-03:00,0.653,0.637,0.125,8.854
2023-04-07 15:00:00-03:00,0.637,0.626,0.114,8.787
2023-04-07 16:00:00-03:00,0.591,0.583,0.097,8.408
2023-04-07 17:00:00-03:00,0.47200000000000003,0.46,0.07100000000000001,7.705
2023-04-07 18:00:00-03:00,0.226,0.221,0.032,6.662
2023-04-07 19:00:00-03:00,0.0,0.001,0.0,5.53
2023-04-07 20:00:00-03:00,0.0,0.0,0.0,4.944
2023-04-07 21:00:00-03:00,0.0,0.0,0.0,4.607
2023-04-07 22:00:00-03:00,0.0,0.0,0.0,4.358
2023-04-07 23:00:00-03:00,0.0,0.0,0.0,4.175
2023-04-08 00:00:00-03:00,0.0,0.0,0.0,4.196
2023-04-08 01:00:00-03:00,0.0,0.0,0.0,4.266
2023-04-08 02:00:00-03:00,0.0,0.0,0.0,4.328
2023-04-08 03:00:00-03:00,0.0,0.0,0.0,4.297
2023-04-08 04:00:00-03:00,0.0,0.0,0.0,4.243
2023-04-08 05:00:00-03:00,0.0,0.0,0.0,4.033
2023-04-08 06:00:00-03:00,0.0,0.0,0.0,3.963
2023-04-08 07:00:00-03:00,0.0,0.0,0.0,3.9370000000000003
2023-04-08 08:00:00-03:00,0.092,0.101,0.011,4.027
2023-04-08 09:00:00-03:00,0.397,0.384,0.055,5.409
2023-04-08 10:00:00-03:00,0.614,0.627,0.079,7.708
2023-04-08 11:00:00-03:00,0.716,0.765,0.088,10.023
2023-04-08 12:00:00-03:00,0.74,0.804,0.09,11.471
2023-04-08 13:00:00-03:00,0.73,0.794,0.089,12.133
2023-04-08 14:00:00-03:00,0.708,0.755,0.097,12.219
2023-04-08 15:00:00-03:00,0.665,0.687,0.10300000000000001,11.762
2023-04-08 16:00:00-03:00,0.524,0.5,0.10300000000000001,10.771
2023-04-08 17:00:00-03:00,0.23600000000000002,0.191,0.076,9.096
2023-04-08 18:00:00-03:00,0.10400000000000001,0.098,0.028,6.99
2023-04-08 19:00:00-03:00,0.0,0.0,0.0,5.179
2023-04-08 20:00:00-03:00,0.0,0.0,0.0,4.18
2023-04-08 21:00:00-03:00,0.0,0.0,0.0,3.552
2023-04-08 22:00:00-03:00,0.0,0.0,0.0,2.761
2023-04-08 23:00:00-03:00,0.0,0.0,0.0,2.043
2023-04-09 00:00:00-03:00,0.0,0.0,0.0,1.658
2023-04-09 01:00:00-03:00,0.0,0.0,0.0,1.456
2023-04-09 02:00:00-03:00,0.0,0.0,0.0,1.341
2023-04-09 03:00:00-03:00,0.0,0.0,0.0,1.278
2023-04-09 04:00:00-03:00,0.0,0.0,0.0,1.223
2023-04-09 05:00:00-03:00,0.0,0.0,0.0,1.046
2023-04-09 06:00:00-03:00,0.0,0.0,0.0,0.6970000000000001
2023-04-09 07:00:00-03:00,0.0,0.0,0.0,0.339
2023-04-09 08:00:00-03:00,0.042,0.048,0.01,0.088
2023-04-09 09:00:00-03:00,0.26,0.223,0.059000000000000004,1.059
2023-04-09 10:00:00-03:00,0.395,0.329,0.10200000000000001,2.622
2023-04-09 11:00:00-03:00,0.525,0.451,0.132,3.777
2023-04-09 12:00:00-03:00,0.421,0.28500000000000003,0.178,4.239
2023-04-09 13:00:00-03:00,0.484,0.342,0.194,4.643
2023-04-09 14:00:00-03:00,0.507,0.388,0.177,4.909
2023-04-09 15:00:00-03:00,0.495,0.401,0.149,4.956
2023-04-09 16:00:00-03:00,0.41200000000000003,0.335,0.11900000000000001,4.912
2023-04-09 17:00:00-03:00,0.28800000000000003,0.23800000000000002,0.079,4.686
2023-04-09 18:00:00-03:00,0.083,0.076,0.026000000000000002,3.901
2023-04-09 19:00:00-03:00,0.0,0.0,0.0,2.749
2023-04-09 20:00:00-03:00,0.0,0.0,0.0,1.932
2023-04-09 21:00:00-03:00,0.0,0.0,0.0,1.323
2023-04-09 22:00:00-03:00,0.0,0.0,0.0,0.723
2023-04-09 23:00:00-03:00,0.0,0.0,0.0,0.055
2023-04-10 00:00:00-03:00,0.0,0.0,0.0,-0.34700000000000003
2023-04-10 01:00:00-03:00,0.0,0.0,0.0,-0.5730000000000001
2023-04-10 02:00:00-03:00,0.0,0.0,0.0,-0.726
2023-04-10 03:00:00-03:00,0.0,0.0,0.0,-0.807
2023-04-10 04:00:00-03:00,0.0,0.0,0.0,-0.78
2023-04-10 05:00:00-03:00,0.0,0.0,0.0,-1.029
2023-04-10 06:00:00-03:00,0.0,0.0,0.0,-0.561
2023-04-10 07:00:00-03:00,0.0,0.0,0.0,-0.132
2023-04-10 08:00:00-03:00,0.007,0.01,0.007,0.42
2023-04-10 09:00:00-03:00,0.056,0.029,0.043000000000000003,1.5390000000000001
2023-04-10 10:00:00-03:00,0.09,0.029,0.08,2.657
2023-04-10 11:00:00-03:00,0.131,0.034,0.11800000000000001,3.797
2023-04-10 12:00:00-03:00,0.255,0.096,0.186,5.081
2023-04-10 13:00:00-03:00,0.441,0.275,0.217,6.623
2023-04-10 14:00:00-03:00,0.395,0.23800000000000002,0.203,7.437
2023-04-10 15:00:00-03:00,0.43,0.317,0.164,7.719
2023-04-10 16:00:00-03:00,0.372,0.289,0.125,7.497
2023-04-10 17:00:00-03:00,0.279,0.231,0.08,6.882
2023-04-10 18:00:00-03:00,0.129,0.123,0.028,5.715
2023-04-10 19:00:00-03:00,0.0,0.0,0.0,4.388
2023-04-10 20:00:00-03:00,0.0,0.0,0.0,4.16
2023-04-10 21:00:00-03:00,0.0,0.0,0.0,4.421
2023-04-10 22:00:00-03:00,0.0,0.0,0.0,4.596
2023-04-10 23:00:00-03:00,0.0,0.0,0.0,4.477
2023-04-11 00:00:00-03:00,0.0,0.0,0.0,4.432
2023-04-11 01:00:00-03:00,0.0,0.0,0.0,4.314
2023-04-11 02:00:00-03:00,0.0,0.0,0.0,3.907
2023-04-11 03:00:00-03:00,0.0,0.0,0.0,3.702
2023-04-11 04:00:00-03:00,0.0,0.0,0.0,3.776
2023-04-11 05:00:00-03:00,0.0,0.0,0.0,3.742
2023-04-11 06:00:00-03:00,0.0,0.0,0.0,3.558
2023-04-11 07:00:00-03:00,0.0,0.0,0.0,3.328
2023-04-11 08:00:00-03:00,0.01,0.014,0.007,3.311
2023-04-11 09:00:00-03:00,0.106,0.076,0.05,4.1
2023-04-11 10:00:00-03:00,0.253,0.177,0.10300000000000001,5.195
2023-04-11 11:00:00-03:00,0.505,0.433,0.132,6.2620000000000005
2023-04-11 12:00:00-03:00,0.503,0.404,0.161,6.987
2023-04-11 13:00:00-03:00,0.527,0.419,0.177,7.426
2023-04-11 14:00:00-03:00,0.517,0.41400000000000003,0.171,7.661
2023-04-11 15:00:00-03:00,0.461,0.366,0.151,7.592
2023-04-11 16:00:00-03:00,0.34600000000000003,0.264,0.121,7.235
2023-04-11 17:00:00-03:00,0.229,0.18,0.076,6.655
2023-04-11 18:00:00-03:00,0.081,0.077,0.024,5.235
2023-04-11 19:00:00-03:00,0.0,0.0,0.0,3.115
2023-04-11 20:00:00-03:00,0.0,0.0,0.0,2.461
2023-04-11 21:00:00-03:00,0.0,0.0,0.0,1.694
2023-04-11 22:00:00-03:00,0.0,0.0,0.0,0.134
2023-04-11 23:00:00-03:00,0.0,0.0,0.0,-1.107
2023-04-12 00:00:00-03:00,0.0,0.0,0.0,-1.9769999999999999
2023-04-12 01:00:00-03:00,0.0,0.0,0.0,-2.669
2023-04-12 02:00:00-03:00,0.0,0.0,0.0,-3.18
2023-04-12 03:00:00-03:00,0.0,0.0,0.0,-3.568
2023-04-12 04:00:00-03:00,0.0,0.0,0.0,-3.789
2023-04-12 05:00:00-03:00,0.0,0.0,0.0,-3.899
2023-04-12 06:00:00-03:00,0.0,0.0,0.0,-3.9939999999999998
2023-04-12 07:00:00-03:00,0.0,0.0,0.0,-4.113
2023-04-12 08:00:00-03:00,0.09,0.098,0.007,-3.963
2023-04-12 09:00:00-03:00,0.5740000000000001,0.586,0.041,-1.098
2023-04-12 10:00:00-03:00,0.747,0.794,0.059000000000000004,1.293
2023-04-12 11:00:00-03:00,0.809,0.88,0.067,2.991
2023-04-12 12:00:00-03:00,0.8290000000000001,0.919,0.063,4.165
2023-04-12 13:00:00-03:00,0.8270000000000001,0.93,0.055,5.165
2023-04-12 14:00:00-03:00,0.8210000000000001,0.919,0.061,5.929
2023-04-12 15:00:00-03:00,0.755,0.812,0.077,6.19
2023-04-12 16:00:00-03:00,0.658,0.68,0.076,5.938
2023-04-12 17:00:00-03:00,0.47700000000000004,0.46900000000000003,0.06,5.118
2023-04-12 18:00:00-03:00,0.179,0.178,0.022,2.292
2023-04-12 19:00:00-03:00,0.0,0.0,0.0,0.043000000000000003
2023-04-12 20:00:00-03:00,0.0,0.0,0.0,-0.111
2023-04-12 21:00:00-03:00,0.0,0.0,0.0,-0.28700000000000003
2023-04-12 22:00:00-03:00,0.0,0.0,0.0,-0.546
2023-04-12 23:00:00-03:00,0.0,0.0,0.0,-0.8320000000000001
2023-04-13 00:00:00-03:00,0.0,0.0,0.0,-1.147
2023-04-13 01:00:00-03:00,0.0,0.0,0.0,-1.536
2023-04-13 02:00:00-03:00,0.0,0.0,0.0,-1.834
2023-04-13 03:00:00-03:00,0.0,0.0,0.0,-1.885
2023-04-13 04:00:00-03:00,0.0,0.0,0.0,-1.627
2023-04-13 05:00:00-03:00,0.0,0.0,0.0,-1.255
2023-04-13 06:00:00-03:00,0.0,0.0,0.0,-1.018
2023-04-13 07:00:00-03:00,0.0,0.0,0.0,-1.021
2023-04-13 08:00:00-03:00,0.008,0.014,0.005,-1.195
2023-04-13 09:00:00-03:00,0.149,0.12,0.047,-0.62
2023-04-13 10:00:00-03:00,0.406,0.353,0.08600000000000001,1.143
2023-04-13 11:00:00-03:00,0.755,0.801,0.075,3.733
2023-04-13 12:00:00-03:00,0.79,0.864,0.07,5.394
2023-04-13 13:00:00-03:00,0.801,0.895,0.06,6.642
2023-04-13 14:00:00-03:00,0.8,0.897,0.063,7.68
2023-04-13 15:00:00-03:00,0.782,0.869,0.069,8.35
2023-04-13 16:00:00-03:00,0.733,0.804,0.064,8.525
2023-04-13 17:00:00-03:00,0.614,0.657,0.05,7.898
2023-04-13 18:00:00-03:00,0.362,0.379,0.018000000000000002,4.612
2023-04-13 19:00:00-03:00,0.0,0.0,0.0,2.416
2023-04-13 20:00:00-03:00,0.0,0.0,0.0,1.433
2023-04-13 21:00:00-03:00,0.0,0.0,0.0,0.916
2023-04-13 22:00:00-03:00,0.0,0.0,0.0,0.761
2023-04-13 23:00:00-03:00,0.0,0.0,0.0,0.8
2023-04-14 00:00:00-03:00,0.0,0.0,0.0,0.906
2023-04-14 01:00:00-03:00,0.0,0.0,0.0,0.919
2023-04-14 02:00:00-03:00,0.0,0.0,0.0,0.47400000000000003
2023-04-14 03:00:00-03:00,0.0,0.0,0.0,0.46900000000000003
2023-04-14 04:00:00-03:00,0.0,0.0,0.0,0.554
2023-04-14 05:00:00-03:00,0.0,0.0,0.0,1.005
2023-04-14 06:00:00-03:00,0.0,0.0,0.0,1.635
2023-04-14 07:00:00-03:00,0.0,0.0,0.0,2.075
2023-04-14 08:00:00-03:00,0.001,0.004,0.003,2.055
2023-04-14 09:00:00-03:00,0.067,0.045,0.04,2.85
2023-04-14 10:00:00-03:00,0.36,0.299,0.096,4.433
2023-04-14 11:00:00-03:00,0.557,0.515,0.113,6.05
2023-04-14 12:00:00-03:00,0.603,0.562,0.127,6.865
2023-04-14 13:00:00-03:00,0.556,0.47700000000000004,0.153,7.141
2023-04-14 14:00:00-03:00,0.541,0.462,0.15,7.401
2023-04-14 15:00:00-03:00,0.562,0.517,0.122,7.546
2023-04-14 16:00:00-03:00,0.553,0.532,0.095,7.142
2023-04-14 17:00:00-03:00,0.232,0.188,0.07,6.009
2023-04-14 18:00:00-03:00,0.028,0.029,0.014,4.641
2023-04-14 19:00:00-03:00,0.0,0.0,0.0,2.917
2023-04-14 20:00:00-03:00,0.0,0.0,0.0,1.8940000000000001
2023-04-14 21:00:00-03:00,0.0,0.0,0.0,1.298
2023-04-14 22:00:00-03:00,0.0,0.0,0.0,0.9380000000000001
2023-04-14 23:00:00-03:00,0.0,0.0,0.0,0.591
2023-04-15 00:00:00-03:00,0.0,0.0,0.0,0.588
2023-04-15 01:00:00-03:00,0.0,0.0,0.0,0.6990000000000001
2023-04-15 02:00:00-03:00,0.0,0.0,0.0,1.323
2023-04-15 03:00:00-03:00,0.0,0.0,0.0,1.891
2023-04-15 04:00:00-03:00,0.0,0.0,0.0,2.548
2023-04-15 05:00:00-03:00,0.0,0.0,0.0,3.167
2023-04-15 06:00:00-03:00,0.0,0.0,0.0,3.515
2023-04-15 07:00:00-03:00,0.0,0.0,0.0,3.942
2023-04-15 08:00:00-03:00,0.001,0.004,0.003,4.234
2023-04-15 09:00:00-03:00,0.046,0.026000000000000002,0.037,5.025
2023-04-15 10:00:00-03:00,0.115,0.051000000000000004,0.08600000000000001,6.039
2023-04-15 11:00:00-03:00,0.243,0.129,0.14300000000000002,6.9510000000000005
2023-04-15 12:00:00-03:00,0.532,0.443,0.161,8.034
2023-04-15 13:00:00-03:00,0.49,0.368,0.186,8.727
2023-04-15 14:00:00-03:00,0.398,0.252,0.195,9.012
2023-04-15 15:00:00-03:00,0.28,0.148,0.167,9.043
2023-04-15 16:00:00-03:00,0.088,0.024,0.085,8.465
2023-04-15 17:00:00-03:00,0.028,0.008,0.035,7.618
2023-04-15 18:00:00-03:00,0.002,0.003,0.007,6.666
2023-04-15 19:00:00-03:00,0.0,0.0,0.0,5.986
2023-04-15 20:00:00-03:00,0.0,0.0,0.0,5.698
2023-04-15 21:00:00-03:00,0.0,0.0,0.0,5.559
2023-04-15 22:00:00-03:00,0.0,0.0,0.0,5.432
2023-04-15 23:00:00-03:00,0.0,0.0,0.0,5.274
2023-04-16 00:00:00-03:00,0.0,0.0,0.0,5.104
2023-04-16 01:00:00-03:00,0.0,0.0,0.0,4.927
2023-04-16 02:00:00-03:00,0.0,0.0,0.0,4.781
2023-04-16 03:00:00-03:00,0.0,0.0,0.0,4.635
2023-04-16 04:00:00-03:00,0.0,0.0,0.0,4.471
2023-04-16 05:00:00-03:00,0.0,0.0,0.0,4.276
2023-04-16 06:00:00-03:00,0.0,0.0,0.0,4.114
2023-04-16 07:00:00-03:00,0.0,0.0,0.0,4.014
2023-04-16 08:00:00-03:00,0.002,0.006,0.003,3.484
2023-04-16 09:00:00-03:00,0.248,0.226,0.046,3.2720000000000002
2023-04-16 10:00:00-03:00,0.54,0.526,0.076,4.006
2023-04-16 11:00:00-03:00,0.625,0.615,0.094,4.982
2023-04-16 12:00:00-03:00,0.606,0.5740000000000001,0.116,5.928
2023-04-16 13:00:00-03:00,0.662,0.654,0.111,6.7010000000000005
2023-04-16 14:00:00-03:00,0.603,0.5650000000000001,0.123,6.949
2023-04-16 15:00:00-03:00,0.5680000000000001,0.529,0.116,6.7940000000000005
2023-04-16 16:00:00-03:00,0.386,0.324,0.10400000000000001,6.161
2023-04-16 17:00:00-03:00,0.234,0.196,0.065,5.331
2023-04-16 18:00:00-03:00,0.098,0.10200000000000001,0.016,3.849
2023-04-16 19:00:00-03:00,0.0,0.0,0.0,2.417
2023-04-16 20:00:00-03:00,0.0,0.0,0.0,1.682
2023-04-16 21:00:00-03:00,0.0,0.0,0.0,0.786
2023-04-16 22:00:00-03:00,0.0,0.0,0.0,-0.034
2023-04-16 23:00:00-03:00,0.0,0.0,0.0,-0.26
2023-04-17 00:00:00-03:00,0.0,0.0,0.0,-0.507
2023-04-17 01:00:00-03:00,0.0,0.0,0.0,-0.589
2023-04-17 02:00:00-03:00,0.0,0.0,0.0,-0.41300000000000003
2023-04-17 03:00:00-03:00,0.0,0.0,0.0,-0.243
2023-04-17 04:00:00-03:00,0.0,0.0,0.0,0.012
2023-04-17 05:00:00-03:00,0.0,0.0,0.0,0.298
2023-04-17 06:00:00-03:00,0.0,0.0,0.0,0.381
2023-04-17 07:00:00-03:00,0.0,0.0,0.0,0.303
2023-04-17 08:00:00-03:00,0.0,0.0,0.001,0.191
2023-04-17 09:00:00-03:00,0.004,0.001,0.012,0.242
2023-04-17 10:00:00-03:00,0.022,0.002,0.033,0.509
2023-04-17 11:00:00-03:00,0.052000000000000005,0.004,0.064,0.986
2023-04-17 12:00:00-03:00,0.084,0.006,0.096,1.538
2023-04-17 13:00:00-03:00,0.081,0.004,0.095,2.195
2023-04-17 14:00:00-03:00,0.092,0.006,0.105,3.184
2023-04-17 15:00:00-03:00,0.078,0.007,0.09,4.003
2023-04-17 16:00:00-03:00,0.049,0.006,0.06,4.481
2023-04-17 17:00:00-03:00,0.011,0.002,0.021,4.452
2023-04-17 18:00:00-03:00,0.002,0.002,0.007,4.329
2023-04-17 19:00:00-03:00,0.0,0.0,0.0,4.22
2023-04-17 20:00:00-03:00,0.0,0.0,0.0,4.286
2023-04-17 21:00:00-03:00,0.0,0.0,0.0,4.434
2023-04-17 22:00:00-03:00,0.0,0.0,0.0,4.433
2023-04-17 23:00:00-03:00,0.0,0.0,0.0,4.319
2023-04-18 00:00:00-03:00,0.0,0.0,0.0,4.265
2023-04-18 01:00:00-03:00,0.0,0.0,0.0,4.276
2023-04-18 02:00:00-03:00,0.0,0.0,0.0,4.224
2023-04-18 03:00:00-03:00,0.0,0.0,0.0,4.146
2023-04-18 04:00:00-03:00,0.0,0.0,0.0,4.118
2023-04-18 05:00:00-03:00,0.0,0.0,0.0,4.09
2023-04-18 06:00:00-03:00,0.0,0.0,0.0,4.132
2023-04-18 07:00:00-03:00,0.0,0.0,0.0,4.142
2023-04-18 08:00:00-03:00,0.0,0.003,0.002,4.145
2023-04-18 09:00:00-03:00,0.10400000000000001,0.082,0.042,4.574
2023-04-18 10:00:00-03:00,0.226,0.158,0.094,5.524
2023-04-18 11:00:00-03:00,0.334,0.23700000000000002,0.133,6.523
2023-04-18 12:00:00-03:00,0.665,0.662,0.111,7.741
2023-04-18 13:00:00-03:00,0.687,0.6980000000000001,0.109,8.797
2023-04-18 14:00:00-03:00,0.513,0.429,0.155,9.283
2023-04-18 15:00:00-03:00,0.37,0.258,0.158,9.338
2023-04-18 16:00:00-03:00,0.043000000000000003,0.009000000000000001,0.052000000000000005,8.203
2023-04-18 17:00:00-03:00,0.014,0.004,0.023,6.994
2023-04-18 18:00:00-03:00,0.001,0.002,0.005,5.996
2023-04-18 19:00:00-03:00,0.0,0.0,0.0,5.601
2023-04-18 20:00:00-03:00,0.0,0.0,0.0,5.548
2023-04-18 21:00:00-03:00,0.0,0.0,0.0,5.807
2023-04-18 22:00:00-03:00,0.0,0.0,0.0,6.985
2023-04-18 23:00:00-03:00,0.0,0.0,0.0,8.427
2023-04-19 00:00:00-03:00,0.0,0.0,0.0,8.781
2023-04-19 01:00:00-03:00,0.0,0.0,0.0,8.933
2023-04-19 02:00:00-03:00,0.0,0.0,0.0,8.935
2023-04-19 03:00:00-03:00,0.0,0.0,0.0,8.638
2023-04-19 04:00:00-03:00,0.0,0.0,0.0,8.315
2023-04-19 05:00:00-03:00,0.0,0.0,0.0,8.087
2023-04-19 06:00:00-03:00,0.0,0.0,0.0,8.129
2023-04-19 07:00:00-03:00,0.0,0.0,0.0,8.301
2023-04-19 08:00:00-03:00,0.0,0.002,0.002,8.382
2023-04-19 09:00:00-03:00,0.084,0.068,0.037,8.71
2023-04-19 10:00:00-03:00,0.218,0.159,0.088,9.481
2023-04-19 11:00:00-03:00,0.254,0.163,0.125,10.069
2023-04-19 12:00:00-03:00,0.584,0.56,0.11900000000000001,10.683
2023-04-19 13:00:00-03:00,0.683,0.718,0.093,10.951
2023-04-19 14:00:00-03:00,0.7030000000000001,0.755,0.08600000000000001,11.11
2023-04-19 15:00:00-03:00,0.671,0.709,0.08600000000000001,11.007
2023-04-19 16:00:00-03:00,0.593,0.612,0.077,10.542
2023-04-19 17:00:00-03:00,0.422,0.421,0.055,9.568
2023-04-19 18:00:00-03:00,0.066,0.073,0.012,8.102
2023-04-19 19:00:00-03:00,0.0,0.0,0.0,6.9030000000000005
2023-04-19 20:00:00-03:00,0.0,0.0,0.0,6.172
2023-04-19 21:00:00-03:00,0.0,0.0,0.0,5.772
2023-04-19 22:00:00-03:00,0.0,0.0,0.0,5.474
2023-04-19 23:00:00-03:00,0.0,0.0,0.0,5.057
2023-04-20 00:00:00-03:00,0.0,0.0,0.0,4.574
2023-04-20 01:00:00-03:00,0.0,0.0,0.0,4.178
2023-04-20 02:00:00-03:00,0.0,0.0,0.0,3.83
2023-04-20 03:00:00-03:00,0.0,0.0,0.0,3.488
2023-04-20 04:00:00-03:00,0.0,0.0,0.0,3.154
2023-04-20 05:00:00-03:00,0.0,0.0,0.0,3.172
2023-04-20 06:00:00-03:00,0.0,0.0,0.0,3.147
2023-04-20 07:00:00-03:00,0.0,0.0,0.0,3.066
2023-04-20 08:00:00-03:00,0.0,0.0,0.001,3.185
2023-04-20 09:00:00-03:00,0.012,0.005,0.019,4.386
2023-04-20 10:00:00-03:00,0.058,0.014,0.062,5.391
2023-04-20 11:00:00-03:00,0.10300000000000001,0.021,0.10400000000000001,6.652
2023-04-20 12:00:00-03:00,0.123,0.018000000000000002,0.128,8.16
2023-04-20 13:00:00-03:00,0.14100000000000001,0.018000000000000002,0.148,9.568
2023-04-20 14:00:00-03:00,0.125,0.016,0.134,10.381
2023-04-20 15:00:00-03:00,0.073,0.008,0.08600000000000001,10.142
2023-04-20 16:00:00-03:00,0.058,0.01,0.067,9.575
2023-04-20 17:00:00-03:00,0.028,0.009000000000000001,0.035,8.953
2023-04-20 18:00:00-03:00,0.001,0.002,0.005,8.283
2023-04-20 19:00:00-03:00,0.0,0.0,0.0,7.823
2023-04-20 20:00:00-03:00,0.0,0.0,0.0,7.362
2023-04-20 21:00:00-03:00,0.0,0.0,0.0,6.686
2023-04-20 22:00:00-03:00,0.0,0.0,0.0,5.864
2023-04-20 23:00:00-03:00,0.0,0.0,0.0,4.966
2023-04-21 00:00:00-03:00,0.0,0.0,0.0,4.348
2023-04-21 01:00:00-03:00,0.0,0.0,0.0,3.609
2023-04-21 02:00:00-03:00,0.0,0.0,0.0,3.043
2023-04-21 03:00:00-03:00,0.0,0.0,0.0,3.091
2023-04-21 04:00:00-03:00,0.0,0.0,0.0,3.087
2023-04-21 05:00:00-03:00,0.0,0.0,0.0,2.8449999999999998
2023-04-21 06:00:00-03:00,0.0,0.0,0.0,2.427
2023-04-21 07:00:00-03:00,0.0,0.0,0.0,2.209
2023-04-21 08:00:00-03:00,0.0,0.004,0.001,1.845
2023-04-21 09:00:00-03:00,0.20700000000000002,0.191,0.038,2.4130000000000003
2023-04-21 10:00:00-03:00,0.451,0.422,0.074,3.879
2023-04-21 11:00:00-03:00,0.556,0.529,0.096,5.415
2023-04-21 12:00:00-03:00,0.5660000000000001,0.523,0.116,6.291
2023-04-21 13:00:00-03:00,0.61,0.582,0.116,6.9719999999999995
2023-04-21 14:00:00-03:00,0.619,0.603,0.108,7.47
2023-04-21 15:00:00-03:00,0.647,0.658,0.09,7.723
2023-04-21 16:00:00-03:00,0.52,0.504,0.084,7.516
2023-04-21 17:00:00-03:00,0.216,0.187,0.056,6.766
2023-04-21 18:00:00-03:00,0.034,0.04,0.01,5.326
2023-04-21 19:00:00-03:00,0.0,0.0,0.0,4.434
2023-04-21 20:00:00-03:00,0.0,0.0,0.0,3.685
2023-04-21 21:00:00-03:00,0.0,0.0,0.0,3.467
2023-04-21 22:00:00-03:00,0.0,0.0,0.0,3.574
2023-04-21 23:00:00-03:00,0.0,0.0,0.0,3.444
2023-04-22 00:00:00-03:00,0.0,0.0,0.0,3.253
2023-04-22 01:00:00-03:00,0.0,0.0,0.0,2.509
2023-04-22 02:00:00-03:00,0.0,0.0,0.0,2.277
2023-04-22 03:00:00-03:00,0.0,0.0,0.0,2.327
2023-04-22 04:00:00-03:00,0.0,0.0,0.0,2.057
2023-04-22 05:00:00-03:00,0.0,0.0,0.0,2.206
2023-04-22 06:00:00-03:00,0.0,0.0,0.0,2.39
2023-04-22 07:00:00-03:00,0.0,0.0,0.0,2.654
2023-04-22 08:00:00-03:00,0.0,0.0,0.0,2.818
2023-04-22 09:00:00-03:00,0.007,0.004,0.013000000000000001,3.303
2023-04-22 10:00:00-03:00,0.211,0.145,0.091,5.018
2023-04-22 11:00:00-03:00,0.441,0.37,0.123,7.726
2023-04-22 12:00:00-03:00,0.538,0.47700000000000004,0.14100000000000001,10.067
2023-04-22 13:00:00-03:00,0.34800000000000003,0.198,0.196,11.13
2023-04-22 14:00:00-03:00,0.145,0.032,0.139,11.109
2023-04-22 15:00:00-03:00,0.199,0.08600000000000001,0.14400000000000002,11.213
2023-04-22 16:00:00-03:00,0.268,0.19,0.115,11.527
2023-04-22 17:00:00-03:00,0.025,0.01,0.03,10.899000000000001
2023-04-22 18:00:00-03:00,0.0,0.001,0.003,10.112
2023-04-22 19:00:00-03:00,0.0,0.0,0.0,9.747
2023-04-22 20:00:00-03:00,0.0,0.0,0.0,9.61
2023-04-22 21:00:00-03:00,0.0,0.0,0.0,9.533
2023-04-22 22:00:00-03:00,0.0,0.0,0.0,9.423
2023-04-22 23:00:00-03:00,0.0,0.0,0.0,8.961
2023-04-23 00:00:00-03:00,0.0,0.0,0.0,7.757
2023-04-23 01:00:00-03:00,0.0,0.0,0.0,6.161
2023-04-23 02:00:00-03:00,0.0,0.0,0.0,5.051
2023-04-23 03:00:00-03:00,0.0,0.0,0.0,4.513
2023-04-23 04:00:00-03:00,0.0,0.0,0.0,4.114
2023-04-23 05:00:00-03:00,0.0,0.0,0.0,3.593
2023-04-23 06:00:00-03:00,0.0,0.0,0.0,3.054
2023-04-23 07:00:00-03:00,0.0,0.0,0.0,2.475
2023-04-23 08:00:00-03:00,0.0,0.003,0.001,1.712
2023-04-23 09:00:00-03:00,0.272,0.259,0.037,2.019
2023-04-23 10:00:00-03:00,0.444,0.41100000000000003,0.077,3.79
2023-04-23 11:00:00-03:00,0.457,0.392,0.116,5.683
2023-04-23 12:00:00-03:00,0.395,0.278,0.161,6.848
2023-04-23 13:00:00-03:00,0.291,0.136,0.188,7.415
2023-04-23 14:00:00-03:00,0.215,0.075,0.167,7.69
2023-04-23 15:00:00-03:00,0.158,0.054,0.128,7.791
2023-04-23 16:00:00-03:00,0.116,0.047,0.091,7.726
2023-04-23 17:00:00-03:00,0.021,0.008,0.027,6.321
2023-04-23 18:00:00-03:00,0.0,0.002,0.003,5.15
2023-04-23 19:00:00-03:00,0.0,0.0,0.0,5.007
2023-04-23 20:00:00-03:00,0.0,0.0,0.0,4.939
2023-04-23 21:00:00-03:00,0.0,0.0,0.0,4.971
2023-04-23 22:00:00-03:00,0.0,0.0,0.0,4.97
2023-04-23 23:00:00-03:00,0.0,0.0,0.0,4.64
2023-04-24 00:00:00-03:00,0.0,0.0,0.0,3.911
2023-04-24 01:00:00-03:00,0.0,0.0,0.0,3.212
2023-04-24 02:00:00-03:00,0.0,0.0,0.0,2.998
2023-04-24 03:00:00-03:00,0.0,0.0,0.0,2.762
2023-04-24 04:00:00-03:00,0.0,0.0,0.0,2.8810000000000002
2023-04-24 05:00:00-03:00,0.0,0.0,0.0,3.036
2023-04-24 06:00:00-03:00,0.0,0.0,0.0,3.632
2023-04-24 07:00:00-03:00,0.0,0.0,0.0,4.18
2023-04-24 08:00:00-03:00,0.0,0.0,0.0,3.973
2023-04-24 09:00:00-03:00,0.005,0.002,0.011,4.134
2023-04-24 10:00:00-03:00,0.024,0.004,0.035,5.607
2023-04-24 11:00:00-03:00,0.053,0.006,0.065,7.224
2023-04-24 12:00:00-03:00,0.081,0.008,0.095,8.462
2023-04-24 13:00:00-03:00,0.082,0.006,0.098,9.294
2023-04-24 14:00:00-03:00,0.062,0.004,0.078,9.999
2023-04-24 15:00:00-03:00,0.065,0.007,0.078,10.659
2023-04-24 16:00:00-03:00,0.081,0.022,0.081,11.279
2023-04-24 17:00:00-03:00,0.051000000000000004,0.025,0.045,10.686
2023-04-24 18:00:00-03:00,0.001,0.003,0.004,8.195
2023-04-24 19:00:00-03:00,0.0,0.0,0.0,6.109
2023-04-24 20:00:00-03:00,0.0,0.0,0.0,5.144
2023-04-24 21:00:00-03:00,0.0,0.0,0.0,4.464
2023-04-24 22:00:00-03:00,0.0,0.0,0.0,4.061
2023-04-24 23:00:00-03:00,0.0,0.0,0.0,4.068
2023-04-25 00:00:00-03:00,0.0,0.0,0.0,4.2
2023-04-25 01:00:00-03:00,0.0,0.0,0.0,4.085
2023-04-25 02:00:00-03:00,0.0,0.0,0.0,4.027
2023-04-25 03:00:00-03:00,0.0,0.0,0.0,4.066
2023-04-25 04:00:00-03:00,0.0,0.0,0.0,3.903
2023-04-25 05:00:00-03:00,0.0,0.0,0.0,3.5060000000000002
2023-04-25 06:00:00-03:00,0.0,0.0,0.0,3.166
2023-04-25 07:00:00-03:00,0.0,0.0,0.0,2.944
2023-04-25 08:00:00-03:00,0.0,0.002,0.0,2.493
2023-04-25 09:00:00-03:00,0.263,0.256,0.031,2.815
2023-04-25 10:00:00-03:00,0.514,0.51,0.061,4.457
2023-04-25 11:00:00-03:00,0.627,0.641,0.077,6.388
2023-04-25 12:00:00-03:00,0.629,0.633,0.092,7.55
2023-04-25 13:00:00-03:00,0.61,0.598,0.105,8.083
2023-04-25 14:00:00-03:00,0.5700000000000001,0.54,0.112,8.305
2023-04-25 15:00:00-03:00,0.541,0.516,0.1,8.352
2023-04-25 16:00:00-03:00,0.501,0.489,0.077,8.153
2023-04-25 17:00:00-03:00,0.357,0.34900000000000003,0.048,7.232
2023-04-25 18:00:00-03:00,0.039,0.049,0.007,4.077
2023-04-25 19:00:00-03:00,0.0,0.0,0.0,2.752
2023-04-25 20:00:00-03:00,0.0,0.0,0.0,2.489
2023-04-25 21:00:00-03:00,0.0,0.0,0.0,2.453
2023-04-25 22:00:00-03:00,0.0,0.0,0.0,2.627
2023-04-25 23:00:00-03:00,0.0,0.0,0.0,2.582
2023-04-26 00:00:00-03:00,0.0,0.0,0.0,2.485
2023-04-26 01:00:00-03:00,0.0,0.0,0.0,2.233
2023-04-26 02:00:00-03:00,0.0,0.0,0.0,2.176
2023-04-26 03:00:00-03:00,0.0,0.0,0.0,2.207
2023-04-26 04:00:00-03:00,0.0,0.0,0.0,2.186
2023-04-26 05:00:00-03:00,0.0,0.0,0.0,1.962
2023-04-26 06:00:00-03:00,0.0,0.0,0.0,2.082
2023-04-26 07:00:00-03:00,0.0,0.0,0.0,2.963
2023-04-26 08:00:00-03:00,0.0,0.0,0.0,3.431
2023-04-26 09:00:00-03:00,0.003,0.002,0.01,3.751
2023-04-26 10:00:00-03:00,0.025,0.004,0.036000000000000004,4.2620000000000005
2023-04-26 11:00:00-03:00,0.05,0.005,0.062,4.943
2023-04-26 12:00:00-03:00,0.067,0.005,0.081,5.648
2023-04-26 13:00:00-03:00,0.077,0.005,0.091,6.299
2023-04-26 14:00:00-03:00,0.073,0.005,0.088,6.857
2023-04-26 15:00:00-03:00,0.055,0.005,0.068,7.211
2023-04-26 16:00:00-03:00,0.037,0.005,0.048,7.264
2023-04-26 17:00:00-03:00,0.022,0.008,0.029,7.001
2023-04-26 18:00:00-03:00,0.001,0.004,0.004,6.016
2023-04-26 19:00:00-03:00,0.0,0.0,0.0,5.207
2023-04-26 20:00:00-03:00,0.0,0.0,0.0,4.628
2023-04-26 21:00:00-03:00,0.0,0.0,0.0,4.51
2023-04-26 22:00:00-03:00,0.0,0.0,0.0,4.372
2023-04-26 23:00:00-03:00,0.0,0.0,0.0,3.965
2023-04-27 00:00:00-03:00,0.0,0.0,0.0,3.809
2023-04-27 01:00:00-03:00,0.0,0.0,0.0,4.354
2023-04-27 02:00:00-03:00,0.0,0.0,0.0,4.504
2023-04-27 03:00:00-03:00,0.0,0.0,0.0,4.687
2023-04-27 04:00:00-03:00,0.0,0.0,0.0,5.08
2023-04-27 05:00:00-03:00,0.0,0.0,0.0,5.43
2023-04-27 06:00:00-03:00,0.0,0.0,0.0,5.471
2023-04-27 07:00:00-03:00,0.0,0.0,0.0,5.213
2023-04-27 08:00:00-03:00,0.0,0.0,0.0,5.016
2023-04-27 09:00:00-03:00,0.067,0.059000000000000004,0.027,4.729
2023-04-27 10:00:00-03:00,0.23,0.177,0.079,5.317
2023-04-27 11:00:00-03:00,0.298,0.212,0.11800000000000001,6.14
2023-04-27 12:00:00-03:00,0.5750000000000001,0.54,0.115,7.228
2023-04-27 13:00:00-03:00,0.628,0.618,0.108,8.104
2023-04-27 14:00:00-03:00,0.603,0.58,0.114,8.395
2023-04-27 15:00:00-03:00,0.35100000000000003,0.256,0.135,7.998
2023-04-27 16:00:00-03:00,0.098,0.042,0.077,7.226
2023-04-27 17:00:00-03:00,0.034,0.018000000000000002,0.032,6.42
2023-04-27 18:00:00-03:00,0.0,0.002,0.002,5.423
2023-04-27 19:00:00-03:00,0.0,0.0,0.0,4.466
2023-04-27 20:00:00-03:00,0.0,0.0,0.0,3.688
2023-04-27 21:00:00-03:00,0.0,0.0,0.0,3.282
2023-04-27 22:00:00-03:00,0.0,0.0,0.0,2.919
2023-04-27 23:00:00-03:00,0.0,0.0,0.0,2.93
2023-04-28 00:00:00-03:00,0.0,0.0,0.0,2.597
2023-04-28 01:00:00-03:00,0.0,0.0,0.0,2.559
2023-04-28 02:00:00-03:00,0.0,0.0,0.0,2.454
2023-04-28 03:00:00-03:00,0.0,0.0,0.0,2.445
2023-04-28 04:00:00-03:00,0.0,0.0,0.0,2.74
2023-04-28 05:00:00-03:00,0.0,0.0,0.0,2.658
2023-04-28 06:00:00-03:00,0.0,0.0,0.0,2.873
2023-04-28 07:00:00-03:00,0.0,0.0,0.0,3.145
2023-04-28 08:00:00-03:00,0.0,0.0,0.0,3.333
2023-04-28 09:00:00-03:00,0.003,0.002,0.009000000000000001,3.644
2023-04-28 10:00:00-03:00,0.026000000000000002,0.006,0.035,4.326
2023-04-28 11:00:00-03:00,0.10200000000000001,0.027,0.095,5.493
2023-04-28 12:00:00-03:00,0.313,0.176,0.17200000000000001,7.448
2023-04-28 13:00:00-03:00,0.262,0.109,0.186,8.947
2023-04-28 14:00:00-03:00,0.151,0.035,0.14100000000000001,9.388
2023-04-28 15:00:00-03:00,0.151,0.05,0.127,9.793
2023-04-28 16:00:00-03:00,0.08700000000000001,0.031,0.078,9.394
2023-04-28 17:00:00-03:00,0.034,0.018000000000000002,0.033,7.895
2023-04-28 18:00:00-03:00,0.001,0.004,0.003,6.055
2023-04-28 19:00:00-03:00,0.0,0.0,0.0,4.703
2023-04-28 20:00:00-03:00,0.0,0.0,0.0,4.816
2023-04-28 21:00:00-03:00,0.0,0.0,0.0,5.112
2023-04-28 22:00:00-03:00,0.0,0.0,0.0,4.944
2023-04-28 23:00:00-03:00,0.0,0.0,0.0,4.767
2023-04-29 00:00:00-03:00,0.0,0.0,0.0,4.756
2023-04-29 01:00:00-03:00,0.0,0.0,0.0,4.821
2023-04-29 02:00:00-03:00,0.0,0.0,0.0,4.805
2023-04-29 03:00:00-03:00,0.0,0.0,0.0,4.579
2023-04-29 04:00:00-03:00,0.0,0.0,0.0,4.141
2023-04-29 05:00:00-03:00,0.0,0.0,0.0,3.287
2023-04-29 06:00:00-03:00,0.0,0.0,0.0,2.309
2023-04-29 07:00:00-03:00,0.0,0.0,0.0,1.734
2023-04-29 08:00:00-03:00,0.0,0.0,0.0,1.379
2023-04-29 09:00:00-03:00,0.0,0.001,0.005,1.482
2023-04-29 10:00:00-03:00,0.02,0.004,0.029,2.165
2023-04-29 11:00:00-03:00,0.075,0.015,0.079,2.973
2023-04-29 12:00:00-03:00,0.145,0.035,0.131,3.8280000000000003
2023-04-29 13:00:00-03:00,0.246,0.095,0.177,4.765
2023-04-29 14:00:00-03:00,0.329,0.191,0.17200000000000001,5.4879999999999995
2023-04-29 15:00:00-03:00,0.365,0.266,0.136,5.511
2023-04-29 16:00:00-03:00,0.32,0.254,0.098,4.759
2023-04-29 17:00:00-03:00,0.112,0.08600000000000001,0.046,3.505
2023-04-29 18:00:00-03:00,0.002,0.006,0.003,1.957
2023-04-29 19:00:00-03:00,0.0,0.0,0.0,0.762
2023-04-29 20:00:00-03:00,0.0,0.0,0.0,-0.233
2023-04-29 21:00:00-03:00,0.0,0.0,0.0,-0.8290000000000001
2023-04-29 22:00:00-03:00,0.0,0.0,0.0,-1.407
2023-04-29 23:00:00-03:00,0.0,0.0,0.0,-2.111
2023-04-30 00:00:00-03:00,0.0,0.0,0.0,-2.584
2023-04-30 01:00:00-03:00,0.0,0.0,0.0,-2.762
2023-04-30 02:00:00-03:00,0.0,0.0,0.0,-2.696
2023-04-30 03:00:00-03:00,0.0,0.0,0.0,-2.286
2023-04-30 04:00:00-03:00,0.0,0.0,0.0,-1.706
2023-04-30 05:00:00-03:00,0.0,0.0,0.0,-1.613
2023-04-30 06:00:00-03:00,0.0,0.0,0.0,-1.796
2023-04-30 07:00:00-03:00,0.0,0.0,0.0,-2.154
2023-04-30 08:00:00-03:00,0.0,0.0,0.0,-2.424
2023-04-30 09:00:00-03:00,0.07100000000000001,0.064,0.024,-2.084
2023-04-30 10:00:00-03:00,0.245,0.19,0.075,-0.8240000000000001
2023-04-30 11:00:00-03:00,0.317,0.227,0.116,1.1360000000000001
2023-04-30 12:00:00-03:00,0.361,0.243,0.15,2.558
2023-04-30 13:00:00-03:00,0.34400000000000003,0.20500000000000002,0.171,3.276
2023-04-30 14:00:00-03:00,0.291,0.155,0.164,3.616
2023-04-30 15:00:00-03:00,0.209,0.10300000000000001,0.129,3.635
2023-04-30 16:00:00-03:00,0.139,0.075,0.085,3.436
2023-04-30 17:00:00-03:00,0.07200000000000001,0.051000000000000004,0.039,2.983
2023-04-30 18:00:00-03:00,0.002,0.006,0.003,2.398
2023-04-30 19:00:00-03:00,0.0,0.0,0.0,2.162
2023-04-30 20:00:00-03:00,0.0,0.0,0.0,2.386
2023-04-30 21:00:00-03:00,0.0,0.0,0.0,3.105
2023-04-30 22:00:00-03:00,0.0,0.0,0.0,3.924
2023-04-30 23:00:00-03:00,0.0,0.0,0.0,4.427
2023-05-01 00:00:00-03:00,0.0,0.0,0.0,4.174
2023-05-01 01:00:00-03:00,0.0,0.0,0.0,3.23
2023-05-01 02:00:00-03:00,0.0,0.0,0.0,1.904
2023-05-01 03:00:00-03:00,0.0,0.0,0.0,1.446
2023-05-01 04:00:00-03:00,0.0,0.0,0.0,1.251
2023-05-01 05:00:00-03:00,0.0,0.0,0.0,1.035
2023-05-01 06:00:00-03:00,0.0,0.0,0.0,0.78
2023-05-01 07:00:00-03:00,0.0,0.0,0.0,0.435
2023-05-01 08:00:00-03:00,0.0,0.0,0.0,0.371
2023-05-01 09:00:00-03:00,0.034,0.03,0.02,0.611
2023-05-01 10:00:00-03:00,0.056,0.022,0.05,1.384
2023-05-01 11:00:00-03:00,0.192,0.097,0.116,2.645
2023-05-01 12:00:00-03:00,0.256,0.129,0.152,3.608
2023-05-01 13:00:00-03:00,0.36,0.222,0.17300000000000001,4.393
2023-05-01 14:00:00-03:00,0.314,0.178,0.167,4.785
2023-05-01 15:00:00-03:00,0.127,0.042,0.106,4.464
2023-05-01 16:00:00-03:00,0.184,0.115,0.092,4.323
2023-05-01 17:00:00-03:00,0.108,0.085,0.043000000000000003,3.848
2023-05-01 18:00:00-03:00,0.0,0.003,0.002,3.268
2023-05-01 19:00:00-03:00,0.0,0.0,0.0,3.045
2023-05-01 20:00:00-03:00,0.0,0.0,0.0,3.16
2023-05-01 21:00:00-03:00,0.0,0.0,0.0,3.191
2023-05-01 22:00:00-03:00,0.0,0.0,0.0,3.185
2023-05-01 23:00:00-03:00,0.0,0.0,0.0,3.333
2023-05-02 00:00:00-03:00,0.0,0.0,0.0,3.46
2023-05-02 01:00:00-03:00,0.0,0.0,0.0,3.504
2023-05-02 02:00:00-03:00,0.0,0.0,0.0,3.488
2023-05-02 03:00:00-03:00,0.0,0.0,0.0,3.534
2023-05-02 04:00:00-03:00,0.0,0.0,0.0,3.552
2023-05-02 05:00:00-03:00,0.0,0.0,0.0,3.592
2023-05-02 06:00:00-03:00,0.0,0.0,0.0,3.858
2023-05-02 07:00:00-03:00,0.0,0.0,0.0,4.072
2023-05-02 08:00:00-03:00,0.0,0.0,0.0,4.27
2023-05-02 09:00:00-03:00,0.007,0.006,0.011,4.629
2023-05-02 10:00:00-03:00,0.024,0.005,0.033,5.282
2023-05-02 11:00:00-03:00,0.05,0.007,0.06,6.08
2023-05-02 12:00:00-03:00,0.061,0.007,0.073,6.815
2023-05-02 13:00:00-03:00,0.23600000000000002,0.088,0.177,8.066
2023-05-02 14:00:00-03:00,0.28800000000000003,0.151,0.17200000000000001,8.905
2023-05-02 15:00:00-03:00,0.187,0.083,0.131,8.699
2023-05-02 16:00:00-03:00,0.078,0.027,0.07100000000000001,7.966
2023-05-02 17:00:00-03:00,0.018000000000000002,0.009000000000000001,0.023,7.259
2023-05-02 18:00:00-03:00,0.0,0.0,0.001,6.636
2023-05-02 19:00:00-03:00,0.0,0.0,0.0,6.078
2023-05-02 20:00:00-03:00,0.0,0.0,0.0,5.547
2023-05-02 21:00:00-03:00,0.0,0.0,0.0,5.119
2023-05-02 22:00:00-03:00,0.0,0.0,0.0,4.877
2023-05-02 23:00:00-03:00,0.0,0.0,0.0,5.096
2023-05-03 00:00:00-03:00,0.0,0.0,0.0,5.584
2023-05-03 01:00:00-03:00,0.0,0.0,0.0,6.062
2023-05-03 02:00:00-03:00,0.0,0.0,0.0,6.459
2023-05-03 03:00:00-03:00,0.0,0.0,0.0,6.997
2023-05-03 04:00:00-03:00,0.0,0.0,0.0,7.475
2023-05-03 05:00:00-03:00,0.0,0.0,0.0,7.733
2023-05-03 06:00:00-03:00,0.0,0.0,0.0,8.114
2023-05-03 07:00:00-03:00,0.0,0.0,0.0,8.554
2023-05-03 08:00:00-03:00,0.0,0.0,0.0,9.014
2023-05-03 09:00:00-03:00,0.002,0.003,0.007,9.441
2023-05-03 10:00:00-03:00,0.025,0.009000000000000001,0.032,9.819
2023-05-03 11:00:00-03:00,0.20400000000000001,0.127,0.107,10.638
2023-05-03 12:00:00-03:00,0.607,0.622,0.09,11.72
2023-05-03 13:00:00-03:00,0.672,0.728,0.076,12.445
2023-05-03 14:00:00-03:00,0.654,0.7010000000000001,0.079,12.745
2023-05-03 15:00:00-03:00,0.604,0.632,0.079,12.314
2023-05-03 16:00:00-03:00,0.47900000000000004,0.47900000000000004,0.07,11.394
2023-05-03 17:00:00-03:00,0.17200000000000001,0.16,0.039,9.88
2023-05-03 18:00:00-03:00,0.0,0.003,0.001,8.438
2023-05-03 19:00:00-03:00,0.0,0.0,0.0,7.808
2023-05-03 20:00:00-03:00,0.0,0.0,0.0,7.3629999999999995
2023-05-03 21:00:00-03:00,0.0,0.0,0.0,6.91
2023-05-03 22:00:00-03:00,0.0,0.0,0.0,6.648
2023-05-03 23:00:00-03:00,0.0,0.0,0.0,6.626
2023-05-04 00:00:00-03:00,0.0,0.0,0.0,6.757
2023-05-04 01:00:00-03:00,0.0,0.0,0.0,6.845
2023-05-04 02:00:00-03:00,0.0,0.0,0.0,6.588
2023-05-04 03:00:00-03:00,0.0,0.0,0.0,6.009
2023-05-04 04:00:00-03:00,0.0,0.0,0.0,5.496
2023-05-04 05:00:00-03:00,0.0,0.0,0.0,5.074
2023-05-04 06:00:00-03:00,0.0,0.0,0.0,5.023
2023-05-04 07:00:00-03:00,0.0,0.0,0.0,5.144
2023-05-04 08:00:00-03:00,0.0,0.0,0.0,5.275
2023-05-04 09:00:00-03:00,0.088,0.091,0.017,5.62
2023-05-04 10:00:00-03:00,0.314,0.28800000000000003,0.061,6.892
2023-05-04 11:00:00-03:00,0.49,0.47200000000000003,0.082,8.481
2023-05-04 12:00:00-03:00,0.536,0.518,0.096,9.789
2023-05-04 13:00:00-03:00,0.5710000000000001,0.5640000000000001,0.097,10.519
2023-05-04 14:00:00-03:00,0.634,0.666,0.08,10.948
2023-05-04 15:00:00-03:00,0.624,0.659,0.07200000000000001,10.99
2023-05-04 16:00:00-03:00,0.47300000000000003,0.47400000000000003,0.066,10.509
2023-05-04 17:00:00-03:00,0.265,0.262,0.036000000000000004,9.047
2023-05-04 18:00:00-03:00,0.001,0.007,0.002,5.927
2023-05-04 19:00:00-03:00,0.0,0.0,0.0,4.413
2023-05-04 20:00:00-03:00,0.0,0.0,0.0,3.987
2023-05-04 21:00:00-03:00,0.0,0.0,0.0,3.645
2023-05-04 22:00:00-03:00,0.0,0.0,0.0,3.406
2023-05-04 23:00:00-03:00,0.0,0.0,0.0,2.68
2023-05-05 00:00:00-03:00,0.0,0.0,0.0,3.042
2023-05-05 01:00:00-03:00,0.0,0.0,0.0,3.287
2023-05-05 02:00:00-03:00,0.0,0.0,0.0,3.535
2023-05-05 03:00:00-03:00,0.0,0.0,0.0,3.751
2023-05-05 04:00:00-03:00,0.0,0.0,0.0,3.81
2023-05-05 05:00:00-03:00,0.0,0.0,0.0,3.857
2023-05-05 06:00:00-03:00,0.0,0.0,0.0,4.072
2023-05-05 07:00:00-03:00,0.0,0.0,0.0,4.733
2023-05-05 08:00:00-03:00,0.0,0.0,0.0,5.639
2023-05-05 09:00:00-03:00,0.009000000000000001,0.01,0.01,6.546
2023-05-05 10:00:00-03:00,0.054,0.026000000000000002,0.047,8.741
2023-05-05 11:00:00-03:00,0.213,0.137,0.108,11.668
2023-05-05 12:00:00-03:00,0.42,0.357,0.127,13.82
2023-05-05 13:00:00-03:00,0.47400000000000003,0.424,0.129,15.044
2023-05-05 14:00:00-03:00,0.451,0.396,0.129,15.087
2023-05-05 15:00:00-03:00,0.326,0.256,0.11800000000000001,13.975
2023-05-05 16:00:00-03:00,0.223,0.17400000000000002,0.083,12.667
2023-05-05 17:00:00-03:00,0.113,0.10200000000000001,0.036000000000000004,11.219
2023-05-05 18:00:00-03:00,0.0,0.002,0.001,9.765
2023-05-05 19:00:00-03:00,0.0,0.0,0.0,8.869
2023-05-05 20:00:00-03:00,0.0,0.0,0.0,8.38
2023-05-05 21:00:00-03:00,0.0,0.0,0.0,8.061
2023-05-05 22:00:00-03:00,0.0,0.0,0.0,7.917
2023-05-05 23:00:00-03:00,0.0,0.0,0.0,7.816
2023-05-06 00:00:00-03:00,0.0,0.0,0.0,7.538
2023-05-06 01:00:00-03:00,0.0,0.0,0.0,7.147
2023-05-06 02:00:00-03:00,0.0,0.0,0.0,6.976
2023-05-06 03:00:00-03:00,0.0,0.0,0.0,6.85
2023-05-06 04:00:00-03:00,0.0,0.0,0.0,6.795
2023-05-06 05:00:00-03:00,0.0,0.0,0.0,5.857
2023-05-06 06:00:00-03:00,0.0,0.0,0.0,4.761
2023-05-06 07:00:00-03:00,0.0,0.0,0.0,4.02
2023-05-06 08:00:00-03:00,0.0,0.0,0.0,3.594
2023-05-06 09:00:00-03:00,0.185,0.193,0.015,3.7800000000000002
2023-05-06 10:00:00-03:00,0.453,0.452,0.05,5.028
2023-05-06 11:00:00-03:00,0.561,0.5660000000000001,0.069,6.485
2023-05-06 12:00:00-03:00,0.597,0.603,0.081,7.522
2023-05-06 13:00:00-03:00,0.606,0.612,0.08600000000000001,8.323
2023-05-06 14:00:00-03:00,0.614,0.627,0.084,8.871
2023-05-06 15:00:00-03:00,0.456,0.422,0.093,8.853
2023-05-06 16:00:00-03:00,0.449,0.438,0.067,8.475
2023-05-06 17:00:00-03:00,0.193,0.185,0.033,7.484
2023-05-06 18:00:00-03:00,0.0,0.003,0.001,6.096
2023-05-06 19:00:00-03:00,0.0,0.0,0.0,5.479
2023-05-06 20:00:00-03:00,0.0,0.0,0.0,4.948
2023-05-06 21:00:00-03:00,0.0,0.0,0.0,4.524
2023-05-06 22:00:00-03:00,0.0,0.0,0.0,4.249
2023-05-06 23:00:00-03:00,0.0,0.0,0.0,4.055
2023-05-07 00:00:00-03:00,0.0,0.0,0.0,3.912
2023-05-07 01:00:00-03:00,0.0,0.0,0.0,3.865
2023-05-07 02:00:00-03:00,0.0,0.0,0.0,3.884
2023-05-07 03:00:00-03:00,0.0,0.0,0.0,4.02
2023-05-07 04:00:00-03:00,0.0,0.0,0.0,4.438
2023-05-07 05:00:00-03:00,0.0,0.0,0.0,4.965
2023-05-07 06:00:00-03:00,0.0,0.0,0.0,5.291
2023-05-07 07:00:00-03:00,0.0,0.0,0.0,5.465
2023-05-07 08:00:00-03:00,0.0,0.0,0.0,5.518
2023-05-07 09:00:00-03:00,0.022,0.024,0.012,5.612
2023-05-07 10:00:00-03:00,0.08600000000000001,0.05,0.056,6.379
2023-05-07 11:00:00-03:00,0.146,0.069,0.101,7.344
2023-05-07 12:00:00-03:00,0.156,0.054,0.127,8.08
2023-05-07 13:00:00-03:00,0.17300000000000001,0.054,0.145,8.553
2023-05-07 14:00:00-03:00,0.137,0.038,0.123,8.628
2023-05-07 15:00:00-03:00,0.195,0.10300000000000001,0.12,8.92
2023-05-07 16:00:00-03:00,0.268,0.217,0.084,8.936
2023-05-07 17:00:00-03:00,0.083,0.07200000000000001,0.032,7.873
2023-05-07 18:00:00-03:00,0.0,0.001,0.001,6.17
2023-05-07 19:00:00-03:00,0.0,0.0,0.0,4.949
2023-05-07 20:00:00-03:00,0.0,0.0,0.0,3.737
2023-05-07 21:00:00-03:00,0.0,0.0,0.0,2.589
2023-05-07 22:00:00-03:00,0.0,0.0,0.0,1.713
2023-05-07 23:00:00-03:00,0.0,0.0,0.0,0.975
2023-05-08 00:00:00-03:00,0.0,0.0,0.0,0.685
2023-05-08 01:00:00-03:00,0.0,0.0,0.0,0.434
2023-05-08 02:00:00-03:00,0.0,0.0,0.0,0.077
2023-05-08 03:00:00-03:00,0.0,0.0,0.0,-0.2
2023-05-08 04:00:00-03:00,0.0,0.0,0.0,-0.514
2023-05-08 05:00:00-03:00,0.0,0.0,0.0,-0.863
2023-05-08 06:00:00-03:00,0.0,0.0,0.0,-1.048
2023-05-08 07:00:00-03:00,0.0,0.0,0.0,-1.072
2023-05-08 08:00:00-03:00,0.0,0.0,0.0,-1.106
2023-05-08 09:00:00-03:00,0.081,0.084,0.014,-0.642
2023-05-08 10:00:00-03:00,0.24,0.201,0.063,2.409
2023-05-08 11:00:00-03:00,0.196,0.12,0.1,4.798
2023-05-08 12:00:00-03:00,0.399,0.316,0.127,6.565
2023-05-08 13:00:00-03:00,0.585,0.5650000000000001,0.108,8.814
2023-05-08 14:00:00-03:00,0.302,0.192,0.148,9.663
2023-05-08 15:00:00-03:00,0.076,0.019,0.077,8.505
2023-05-08 16:00:00-03:00,0.059000000000000004,0.022,0.056,8.04
2023-05-08 17:00:00-03:00,0.027,0.02,0.023,8.224
2023-05-08 18:00:00-03:00,0.0,0.0,0.0,8.538
2023-05-08 19:00:00-03:00,0.0,0.0,0.0,7.755
2023-05-08 20:00:00-03:00,0.0,0.0,0.0,6.464
2023-05-08 21:00:00-03:00,0.0,0.0,0.0,5.095
2023-05-08 22:00:00-03:00,0.0,0.0,0.0,4.331
2023-05-08 23:00:00-03:00,0.0,0.0,0.0,3.952
2023-05-09 00:00:00-03:00,0.0,0.0,0.0,3.47
2023-05-09 01:00:00-03:00,0.0,0.0,0.0,2.789
2023-05-09 02:00:00-03:00,0.0,0.0,0.0,1.712
2023-05-09 03:00:00-03:00,0.0,0.0,0.0,0.115
2023-05-09 04:00:00-03:00,0.0,0.0,0.0,-0.027
2023-05-09 05:00:00-03:00,0.0,0.0,0.0,0.253
2023-05-09 06:00:00-03:00,0.0,0.0,0.0,0.56
2023-05-09 07:00:00-03:00,0.0,0.0,0.0,0.656
2023-05-09 08:00:00-03:00,0.0,0.0,0.0,0.595
2023-05-09 09:00:00-03:00,0.005,0.007,0.006,0.6950000000000001
2023-05-09 10:00:00-03:00,0.133,0.099,0.054,2.258
2023-05-09 11:00:00-03:00,0.561,0.559,0.069,4.367
2023-05-09 12:00:00-03:00,0.63,0.647,0.07200000000000001,5.749
2023-05-09 13:00:00-03:00,0.664,0.6960000000000001,0.07,6.322
2023-05-09 14:00:00-03:00,0.674,0.712,0.068,6.594
2023-05-09 15:00:00-03:00,0.625,0.649,0.067,6.55
2023-05-09 16:00:00-03:00,0.496,0.496,0.059000000000000004,6.033
2023-05-09 17:00:00-03:00,0.226,0.22,0.03,3.791
2023-05-09 18:00:00-03:00,0.0,0.001,0.0,3.323
2023-05-09 19:00:00-03:00,0.0,0.0,0.0,2.85
2023-05-09 20:00:00-03:00,0.0,0.0,0.0,0.972
2023-05-09 21:00:00-03:00,0.0,0.0,0.0,-0.798
2023-05-09 22:00:00-03:00,0.0,0.0,0.0,-1.52
2023-05-09 23:00:00-03:00,0.0,0.0,0.0,-1.754
2023-05-10 00:00:00-03:00,0.0,0.0,0.0,-1.835
2023-05-10 01:00:00-03:00,0.0,0.0,0.0,-2.01
2023-05-10 02:00:00-03:00,0.0,0.0,0.0,-2.132
2023-05-10 03:00:00-03:00,0.0,0.0,0.0,-1.98
2023-05-10 04:00:00-03:00,0.0,0.0,0.0,-1.42
2023-05-10 05:00:00-03:00,0.0,0.0,0.0,-1.182
2023-05-10 06:00:00-03:00,0.0,0.0,0.0,-1.2770000000000001
2023-05-10 07:00:00-03:00,0.0,0.0,0.0,-0.865
2023-05-10 08:00:00-03:00,0.0,0.0,0.0,-0.66
2023-05-10 09:00:00-03:00,0.0,0.001,0.004,-0.209
2023-05-10 10:00:00-03:00,0.013000000000000001,0.003,0.022,0.618
2023-05-10 11:00:00-03:00,0.036000000000000004,0.004,0.047,1.5310000000000001
2023-05-10 12:00:00-03:00,0.061,0.006,0.073,2.527
2023-05-10 13:00:00-03:00,0.064,0.005,0.077,3.222
2023-05-10 14:00:00-03:00,0.056,0.005,0.069,3.563
2023-05-10 15:00:00-03:00,0.085,0.017,0.088,4.151
2023-05-10 16:00:00-03:00,0.05,0.014,0.054,4.222
2023-05-10 17:00:00-03:00,0.003,0.002,0.009000000000000001,3.789
2023-05-10 18:00:00-03:00,0.0,0.0,0.0,3.702
2023-05-10 19:00:00-03:00,0.0,0.0,0.0,3.76
2023-05-10 20:00:00-03:00,0.0,0.0,0.0,4.376
2023-05-10 21:00:00-03:00,0.0,0.0,0.0,4.927
2023-05-10 22:00:00-03:00,0.0,0.0,0.0,6.147
2023-05-10 23:00:00-03:00,0.0,0.0,0.0,6.873
2023-05-11 00:00:00-03:00,0.0,0.0,0.0,7.355
2023-05-11 01:00:00-03:00,0.0,0.0,0.0,7.1
2023-05-11 02:00:00-03:00,0.0,0.0,0.0,6.433
2023-05-11 03:00:00-03:00,0.0,0.0,0.0,5.976
2023-05-11 04:00:00-03:00,0.0,0.0,0.0,5.721
2023-05-11 05:00:00-03:00,0.0,0.0,0.0,5.33
2023-05-11 06:00:00-03:00,0.0,0.0,0.0,5.213
2023-05-11 07:00:00-03:00,0.0,0.0,0.0,4.8629999999999995
2023-05-11 08:00:00-03:00,0.0,0.0,0.0,4.034
2023-05-11 09:00:00-03:00,0.002,0.003,0.006,3.747
2023-05-11 10:00:00-03:00,0.021,0.006,0.028,4.5440000000000005
2023-05-11 11:00:00-03:00,0.064,0.015,0.069,5.883
2023-05-11 12:00:00-03:00,0.109,0.024,0.107,6.862
2023-05-11 13:00:00-03:00,0.101,0.016,0.107,7.466
2023-05-11 14:00:00-03:00,0.095,0.017,0.1,7.803
2023-05-11 15:00:00-03:00,0.14,0.056,0.109,8.393
2023-05-11 16:00:00-03:00,0.193,0.138,0.083,8.429
2023-05-11 17:00:00-03:00,0.016,0.012,0.017,6.605
2023-05-11 18:00:00-03:00,0.0,0.0,0.0,6.049
2023-05-11 19:00:00-03:00,0.0,0.0,0.0,6.017
2023-05-11 20:00:00-03:00,0.0,0.0,0.0,5.776
2023-05-11 21:00:00-03:00,0.0,0.0,0.0,5.601
2023-05-11 22:00:00-03:00,0.0,0.0,0.0,5.632
2023-05-11 23:00:00-03:00,0.0,0.0,0.0,5.797
2023-05-12 00:00:00-03:00,0.0,0.0,0.0,5.883
2023-05-12 01:00:00-03:00,0.0,0.0,0.0,6.096
2023-05-12 02:00:00-03:00,0.0,0.0,0.0,5.525
2023-05-12 03:00:00-03:00,0.0,0.0,0.0,4.771
2023-05-12 04:00:00-03:00,0.0,0.0,0.0,4.304
2023-05-12 05:00:00-03:00,0.0,0.0,0.0,4.099
2023-05-12 06:00:00-03:00,0.0,0.0,0.0,3.829
2023-05-12 07:00:00-03:00,0.0,0.0,0.0,3.401
2023-05-12 08:00:00-03:00,0.0,0.0,0.0,3.189
2023-05-12 09:00:00-03:00,0.003,0.005,0.006,3.518
2023-05-12 10:00:00-03:00,0.032,0.012,0.035,3.935
2023-05-12 11:00:00-03:00,0.075,0.021,0.073,4.35
2023-05-12 12:00:00-03:00,0.125,0.035,0.112,4.683
2023-05-12 13:00:00-03:00,0.166,0.05,0.138,4.96
2023-05-12 14:00:00-03:00,0.136,0.037,0.12,4.987
2023-05-12 15:00:00-03:00,0.129,0.049,0.10200000000000001,4.927
2023-05-12 16:00:00-03:00,0.14200000000000002,0.09,0.073,4.643
2023-05-12 17:00:00-03:00,0.093,0.084,0.027,2.765
2023-05-12 18:00:00-03:00,0.0,0.0,0.0,0.455
2023-05-12 19:00:00-03:00,0.0,0.0,0.0,-0.199
2023-05-12 20:00:00-03:00,0.0,0.0,0.0,-0.675
2023-05-12 21:00:00-03:00,0.0,0.0,0.0,-0.733
2023-05-12 22:00:00-03:00,0.0,0.0,0.0,-1.033
2023-05-12 23:00:00-03:00,0.0,0.0,0.0,-1.9300000000000002
2023-05-13 00:00:00-03:00,0.0,0.0,0.0,-2.359
2023-05-13 01:00:00-03:00,0.0,0.0,0.0,-2.108
2023-05-13 02:00:00-03:00,0.0,0.0,0.0,-1.713
2023-05-13 03:00:00-03:00,0.0,0.0,0.0,-1.6720000000000002
2023-05-13 04:00:00-03:00,0.0,0.0,0.0,-1.446
2023-05-13 05:00:00-03:00,0.0,0.0,0.0,-1.3559999999999999
2023-05-13 06:00:00-03:00,0.0,0.0,0.0,-1.165
2023-05-13 07:00:00-03:00,0.0,0.0,0.0,-1.008
2023-05-13 08:00:00-03:00,0.0,0.0,0.0,-0.871
2023-05-13 09:00:00-03:00,0.0,0.002,0.004,-0.659
2023-05-13 10:00:00-03:00,0.011,0.003,0.019,0.179
2023-05-13 11:00:00-03:00,0.03,0.004,0.04,0.595
2023-05-13 12:00:00-03:00,0.062,0.008,0.07100000000000001,1.3820000000000001
2023-05-13 13:00:00-03:00,0.074,0.009000000000000001,0.083,1.96
2023-05-13 14:00:00-03:00,0.14,0.041,0.12,3.541
2023-05-13 15:00:00-03:00,0.47000000000000003,0.419,0.105,6.1370000000000005
2023-05-13 16:00:00-03:00,0.249,0.203,0.075,6.542
2023-05-13 17:00:00-03:00,0.058,0.053,0.024,5.449
2023-05-13 18:00:00-03:00,0.0,0.0,0.0,4.249
2023-05-13 19:00:00-03:00,0.0,0.0,0.0,3.854
2023-05-13 20:00:00-03:00,0.0,0.0,0.0,3.342
2023-05-13 21:00:00-03:00,0.0,0.0,0.0,2.094
2023-05-13 22:00:00-03:00,0.0,0.0,0.0,1.287
2023-05-13 23:00:00-03:00,0.0,0.0,0.0,0.849
2023-05-14 00:00:00-03:00,0.0,0.0,0.0,0.445
2023-05-14 01:00:00-03:00,0.0,0.0,0.0,0.127
2023-05-14 02:00:00-03:00,0.0,0.0,0.0,-0.088
2023-05-14 03:00:00-03:00,0.0,0.0,0.0,-0.161
2023-05-14 04:00:00-03:00,0.0,0.0,0.0,0.033
2023-05-14 05:00:00-03:00,0.0,0.0,0.0,-0.203
2023-05-14 06:00:00-03:00,0.0,0.0,0.0,-1.037
2023-05-14 07:00:00-03:00,0.0,0.0,0.0,-0.794
2023-05-14 08:00:00-03:00,0.0,0.0,0.0,-0.721
2023-05-14 09:00:00-03:00,0.007,0.01,0.007,-0.148
2023-05-14 10:00:00-03:00,0.096,0.063,0.052000000000000005,1.708
2023-05-14 11:00:00-03:00,0.256,0.176,0.106,3.24
2023-05-14 12:00:00-03:00,0.11900000000000001,0.031,0.109,4.095
2023-05-14 13:00:00-03:00,0.055,0.005,0.068,4.3629999999999995
2023-05-14 14:00:00-03:00,0.043000000000000003,0.004,0.056,4.888
2023-05-14 15:00:00-03:00,0.056,0.009000000000000001,0.065,5.743
2023-05-14 16:00:00-03:00,0.037,0.01,0.043000000000000003,6.627
2023-05-14 17:00:00-03:00,0.004,0.004,0.01,7.154
2023-05-14 18:00:00-03:00,0.0,0.0,0.0,6.803
2023-05-14 19:00:00-03:00,0.0,0.0,0.0,6.297
2023-05-14 20:00:00-03:00,0.0,0.0,0.0,6.057
2023-05-14 21:00:00-03:00,0.0,0.0,0.0,5.898
2023-05-14 22:00:00-03:00,0.0,0.0,0.0,6.275
2023-05-14 23:00:00-03:00,0.0,0.0,0.0,6.667
2023-05-15 00:00:00-03:00,0.0,0.0,0.0,7.399
2023-05-15 01:00:00-03:00,0.0,0.0,0.0,7.651
2023-05-15 02:00:00-03:00,0.0,0.0,0.0,7.149
2023-05-15 03:00:00-03:00,0.0,0.0,0.0,6.757
2023-05-15 04:00:00-03:00,0.0,0.0,0.0,6.689
2023-05-15 05:00:00-03:00,0.0,0.0,0.0,7.293
2023-05-15 06:00:00-03:00,0.0,0.0,0.0,7.061
2023-05-15 07:00:00-03:00,0.0,0.0,0.0,6.283
2023-05-15 08:00:00-03:00,0.0,0.0,0.0,5.711
2023-05-15 09:00:00-03:00,0.003,0.006,0.005,5.52
2023-05-15 10:00:00-03:00,0.042,0.022,0.037,6.183
2023-05-15 11:00:00-03:00,0.25,0.182,0.098,7.933
2023-05-15 12:00:00-03:00,0.339,0.255,0.126,9.798
2023-05-15 13:00:00-03:00,0.271,0.161,0.146,11.026
2023-05-15 14:00:00-03:00,0.211,0.106,0.137,11.522
2023-05-15 15:00:00-03:00,0.134,0.059000000000000004,0.101,11.138
2023-05-15 16:00:00-03:00,0.047,0.018000000000000002,0.047,9.91
2023-05-15 17:00:00-03:00,0.008,0.008,0.012,7.994
2023-05-15 18:00:00-03:00,0.0,0.0,0.0,6.029
2023-05-15 19:00:00-03:00,0.0,0.0,0.0,4.8629999999999995
2023-05-15 20:00:00-03:00,0.0,0.0,0.0,3.46
2023-05-15 21:00:00-03:00,0.0,0.0,0.0,2.857
2023-05-15 22:00:00-03:00,0.0,0.0,0.0,2.67
2023-05-15 23:00:00-03:00,0.0,0.0,0.0,2.305
2023-05-16 00:00:00-03:00,0.0,0.0,0.0,1.823
2023-05-16 01:00:00-03:00,0.0,0.0,0.0,1.262
2023-05-16 02:00:00-03:00,0.0,0.0,0.0,0.924
2023-05-16 03:00:00-03:00,0.0,0.0,0.0,0.613
2023-05-16 04:00:00-03:00,0.0,0.0,0.0,0.426
2023-05-16 05:00:00-03:00,0.0,0.0,0.0,0.485
2023-05-16 06:00:00-03:00,0.0,0.0,0.0,0.719
2023-05-16 07:00:00-03:00,0.0,0.0,0.0,0.111
2023-05-16 08:00:00-03:00,0.0,0.0,0.0,-1.045
2023-05-16 09:00:00-03:00,0.002,0.004,0.005,-0.911
2023-05-16 10:00:00-03:00,0.019,0.007,0.025,0.243
2023-05-16 11:00:00-03:00,0.04,0.008,0.048,1.073
2023-05-16 12:00:00-03:00,0.091,0.019,0.09,1.779
2023-05-16 13:00:00-03:00,0.155,0.046,0.13,2.748
2023-05-16 14:00:00-03:00,0.17300000000000001,0.067,0.129,4.15
2023-05-16 15:00:00-03:00,0.197,0.113,0.109,5.619
2023-05-16 16:00:00-03:00,0.192,0.145,0.07100000000000001,5.894
2023-05-16 17:00:00-03:00,0.096,0.094,0.022,4.108
2023-05-16 18:00:00-03:00,0.0,0.0,0.0,3.775
2023-05-16 19:00:00-03:00,0.0,0.0,0.0,3.5460000000000003
2023-05-16 20:00:00-03:00,0.0,0.0,0.0,2.335
2023-05-16 21:00:00-03:00,0.0,0.0,0.0,2.688
2023-05-16 22:00:00-03:00,0.0,0.0,0.0,2.462
2023-05-16 23:00:00-03:00,0.0,0.0,0.0,2.6790000000000003
2023-05-17 00:00:00-03:00,0.0,0.0,0.0,3.167
2023-05-17 01:00:00-03:00,0.0,0.0,0.0,3.55
2023-05-17 02:00:00-03:00,0.0,0.0,0.0,3.633
2023-05-17 03:00:00-03:00,0.0,0.0,0.0,3.528
2023-05-17 04:00:00-03:00,0.0,0.0,0.0,3.246
2023-05-17 05:00:00-03:00,0.0,0.0,0.0,2.885
2023-05-17 06:00:00-03:00,0.0,0.0,0.0,2.374
2023-05-17 07:00:00-03:00,0.0,0.0,0.0,2.065
2023-05-17 08:00:00-03:00,0.0,0.0,0.0,1.943
2023-05-17 09:00:00-03:00,0.0,0.002,0.003,1.62
2023-05-17 10:00:00-03:00,0.043000000000000003,0.023,0.036000000000000004,1.897
2023-05-17 11:00:00-03:00,0.099,0.042,0.076,2.479
2023-05-17 12:00:00-03:00,0.281,0.183,0.125,3.576
2023-05-17 13:00:00-03:00,0.41200000000000003,0.325,0.129,4.861
2023-05-17 14:00:00-03:00,0.302,0.2,0.133,5.345
2023-05-17 15:00:00-03:00,0.122,0.053,0.091,5.36
2023-05-17 16:00:00-03:00,0.10200000000000001,0.061,0.061,5.537
2023-05-17 17:00:00-03:00,0.03,0.03,0.016,5.523
2023-05-17 18:00:00-03:00,0.0,0.0,0.0,5.412
2023-05-17 19:00:00-03:00,0.0,0.0,0.0,5.359
2023-05-17 20:00:00-03:00,0.0,0.0,0.0,5.104
2023-05-17 21:00:00-03:00,0.0,0.0,0.0,4.859
2023-05-17 22:00:00-03:00,0.0,0.0,0.0,4.698
2023-05-17 23:00:00-03:00,0.0,0.0,0.0,4.661
2023-05-18 00:00:00-03:00,0.0,0.0,0.0,4.677
2023-05-18 01:00:00-03:00,0.0,0.0,0.0,4.5760000000000005
2023-05-18 02:00:00-03:00,0.0,0.0,0.0,3.813
2023-05-18 03:00:00-03:00,0.0,0.0,0.0,3.199
2023-05-18 04:00:00-03:00,0.0,0.0,0.0,2.654
2023-05-18 05:00:00-03:00,0.0,0.0,0.0,2.146
2023-05-18 06:00:00-03:00,0.0,0.0,0.0,2.146
2023-05-18 07:00:00-03:00,0.0,0.0,0.0,2.177
2023-05-18 08:00:00-03:00,0.0,0.0,0.0,2.271
2023-05-18 09:00:00-03:00,0.005,0.009000000000000001,0.004,2.234
2023-05-18 10:00:00-03:00,0.164,0.138,0.047,3.046
2023-05-18 11:00:00-03:00,0.28600000000000003,0.228,0.08600000000000001,4.353
2023-05-18 12:00:00-03:00,0.307,0.222,0.116,5.614
2023-05-18 13:00:00-03:00,0.317,0.219,0.132,6.413
2023-05-18 14:00:00-03:00,0.307,0.215,0.125,6.38
2023-05-18 15:00:00-03:00,0.266,0.194,0.101,5.978
2023-05-18 16:00:00-03:00,0.169,0.128,0.064,5.258
2023-05-18 17:00:00-03:00,0.044,0.045,0.016,4.082
2023-05-18 18:00:00-03:00,0.0,0.0,0.0,2.8970000000000002
2023-05-18 19:00:00-03:00,0.0,0.0,0.0,2.009
2023-05-18 20:00:00-03:00,0.0,0.0,0.0,1.5110000000000001
2023-05-18 21:00:00-03:00,0.0,0.0,0.0,1.11
2023-05-18 22:00:00-03:00,0.0,0.0,0.0,0.801
2023-05-18 23:00:00-03:00,0.0,0.0,0.0,0.5720000000000001
2023-05-19 00:00:00-03:00,0.0,0.0,0.0,0.499
2023-05-19 01:00:00-03:00,0.0,0.0,0.0,0.487
2023-05-19 02:00:00-03:00,0.0,0.0,0.0,0.577
2023-05-19 03:00:00-03:00,0.0,0.0,0.0,0.539
2023-05-19 04:00:00-03:00,0.0,0.0,0.0,0.281
2023-05-19 05:00:00-03:00,0.0,0.0,0.0,-0.08600000000000001
2023-05-19 06:00:00-03:00,0.0,0.0,0.0,-0.492
2023-05-19 07:00:00-03:00,0.0,0.0,0.0,-0.719
2023-05-19 08:00:00-03:00,0.0,0.0,0.0,-0.9570000000000001
2023-05-19 09:00:00-03:00,0.007,0.012,0.004,-1.312
2023-05-19 10:00:00-03:00,0.14400000000000002,0.11800000000000001,0.044,-0.604
2023-05-19 11:00:00-03:00,0.389,0.34400000000000003,0.076,0.993
2023-05-19 12:00:00-03:00,0.447,0.394,0.095,2.854
2023-05-19 13:00:00-03:00,0.461,0.402,0.106,4.166
2023-05-19 14:00:00-03:00,0.451,0.395,0.10300000000000001,4.923
2023-05-19 15:00:00-03:00,0.317,0.255,0.094,5.129
2023-05-19 16:00:00-03:00,0.182,0.145,0.061,4.832
2023-05-19 17:00:00-03:00,0.082,0.084,0.017,3.789
2023-05-19 18:00:00-03:00,0.0,0.0,0.0,2.439
2023-05-19 19:00:00-03:00,0.0,0.0,0.0,1.241
2023-05-19 20:00:00-03:00,0.0,0.0,0.0,0.388
2023-05-19 21:00:00-03:00,0.0,0.0,0.0,0.023
2023-05-19 22:00:00-03:00,0.0,0.0,0.0,-0.443
2023-05-19 23:00:00-03:00,0.0,0.0,0.0,-1.0
2023-05-20 00:00:00-03:00,0.0,0.0,0.0,-1.595
2023-05-20 01:00:00-03:00,0.0,0.0,0.0,-1.889
2023-05-20 02:00:00-03:00,0.0,0.0,0.0,-1.82
2023-05-20 03:00:00-03:00,0.0,0.0,0.0,-1.9060000000000001
2023-05-20 04:00:00-03:00,0.0,0.0,0.0,-1.837
2023-05-20 05:00:00-03:00,0.0,0.0,0.0,-1.651
2023-05-20 06:00:00-03:00,0.0,0.0,0.0,-1.328
2023-05-20 07:00:00-03:00,0.0,0.0,0.0,-0.88
2023-05-20 08:00:00-03:00,0.0,0.0,0.0,-0.62
2023-05-20 09:00:00-03:00,0.0,0.001,0.002,-0.09
2023-05-20 10:00:00-03:00,0.015,0.006,0.021,0.394
2023-05-20 11:00:00-03:00,0.067,0.023,0.061,1.094
2023-05-20 12:00:00-03:00,0.388,0.309,0.113,2.516
2023-05-20 13:00:00-03:00,0.481,0.422,0.11,4.454
2023-05-20 14:00:00-03:00,0.356,0.271,0.122,5.642
2023-05-20 15:00:00-03:00,0.182,0.108,0.098,5.735
2023-05-20 16:00:00-03:00,0.111,0.073,0.058,4.948
2023-05-20 17:00:00-03:00,0.041,0.043000000000000003,0.015,3.133
2023-05-20 18:00:00-03:00,0.0,0.0,0.0,1.612
2023-05-20 19:00:00-03:00,0.0,0.0,0.0,1.323
2023-05-20 20:00:00-03:00,0.0,0.0,0.0,1.379
2023-05-20 21:00:00-03:00,0.0,0.0,0.0,1.5779999999999998
2023-05-20 22:00:00-03:00,0.0,0.0,0.0,1.69
2023-05-20 23:00:00-03:00,0.0,0.0,0.0,2.166
2023-05-21 00:00:00-03:00,0.0,0.0,0.0,2.911
2023-05-21 01:00:00-03:00,0.0,0.0,0.0,3.062
2023-05-21 02:00:00-03:00,0.0,0.0,0.0,2.071
2023-05-21 03:00:00-03:00,0.0,0.0,0.0,1.5819999999999999
2023-05-21 04:00:00-03:00,0.0,0.0,0.0,1.358
2023-05-21 05:00:00-03:00,0.0,0.0,0.0,1.2770000000000001
2023-05-21 06:00:00-03:00,0.0,0.0,0.0,1.143
2023-05-21 07:00:00-03:00,0.0,0.0,0.0,0.8
2023-05-21 08:00:00-03:00,0.0,0.0,0.0,0.533
2023-05-21 09:00:00-03:00,0.0,0.001,0.002,0.054
2023-05-21 10:00:00-03:00,0.015,0.006,0.021,0.536
2023-05-21 11:00:00-03:00,0.053,0.014,0.057,1.6720000000000002
2023-05-21 12:00:00-03:00,0.121,0.035,0.105,2.66
2023-05-21 13:00:00-03:00,0.099,0.02,0.098,3.072
2023-05-21 14:00:00-03:00,0.113,0.028,0.105,3.281
2023-05-21 15:00:00-03:00,0.091,0.029,0.081,3.162
2023-05-21 16:00:00-03:00,0.068,0.034,0.052000000000000005,2.541
2023-05-21 17:00:00-03:00,0.024,0.024,0.014,0.541
2023-05-21 18:00:00-03:00,0.0,0.0,0.0,-0.741
2023-05-21 19:00:00-03:00,0.0,0.0,0.0,-0.9540000000000001
2023-05-21 20:00:00-03:00,0.0,0.0,0.0,-1.104
2023-05-21 21:00:00-03:00,0.0,0.0,0.0,-1.159
2023-05-21 22:00:00-03:00,0.0,0.0,0.0,-1.376
2023-05-21 23:00:00-03:00,0.0,0.0,0.0,-1.638
2023-05-22 00:00:00-03:00,0.0,0.0,0.0,-1.832
2023-05-22 01:00:00-03:00,0.0,0.0,0.0,-1.996
2023-05-22 02:00:00-03:00,0.0,0.0,0.0,-2.111
2023-05-22 03:00:00-03:00,0.0,0.0,0.0,-2.296
2023-05-22 04:00:00-03:00,0.0,0.0,0.0,-2.555
2023-05-22 05:00:00-03:00,0.0,0.0,0.0,-2.766
2023-05-22 06:00:00-03:00,0.0,0.0,0.0,-2.878
2023-05-22 07:00:00-03:00,0.0,0.0,0.0,-2.825
2023-05-22 08:00:00-03:00,0.0,0.0,0.0,-2.698
2023-05-22 09:00:00-03:00,0.011,0.018000000000000002,0.003,-2.576
2023-05-22 10:00:00-03:00,0.213,0.192,0.039,-0.9540000000000001
2023-05-22 11:00:00-03:00,0.37,0.329,0.069,0.51
2023-05-22 12:00:00-03:00,0.514,0.488,0.076,2.07
2023-05-22 13:00:00-03:00,0.618,0.631,0.065,3.591
2023-05-22 14:00:00-03:00,0.636,0.664,0.059000000000000004,4.83
2023-05-22 15:00:00-03:00,0.62,0.652,0.052000000000000005,5.045
2023-05-22 16:00:00-03:00,0.508,0.519,0.042,3.383
2023-05-22 17:00:00-03:00,0.195,0.202,0.014,0.637
2023-05-22 18:00:00-03:00,0.0,0.0,0.0,-0.127
2023-05-22 19:00:00-03:00,0.0,0.0,0.0,-0.064
2023-05-22 20:00:00-03:00,0.0,0.0,0.0,-0.505
2023-05-22 21:00:00-03:00,0.0,0.0,0.0,-1.135
2023-05-22 22:00:00-03:00,0.0,0.0,0.0,-1.752
2023-05-22 23:00:00-03:00,0.0,0.0,0.0,-2.206
2023-05-23 00:00:00-03:00,0.0,0.0,0.0,-2.56
2023-05-23 01:00:00-03:00,0.0,0.0,0.0,-2.831
2023-05-23 02:00:00-03:00,0.0,0.0,0.0,-3.008
2023-05-23 03:00:00-03:00,0.0,0.0,0.0,-3.146
2023-05-23 04:00:00-03:00,0.0,0.0,0.0,-3.089
2023-05-23 05:00:00-03:00,0.0,0.0,0.0,-3.536
2023-05-23 06:00:00-03:00,0.0,0.0,0.0,-3.5300000000000002
2023-05-23 07:00:00-03:00,0.0,0.0,0.0,-2.8120000000000003
2023-05-23 08:00:00-03:00,0.0,0.0,0.0,-2.757
2023-05-23 09:00:00-03:00,0.0,0.003,0.003,-2.564
2023-05-23 10:00:00-03:00,0.015,0.006,0.022,-1.908
2023-05-23 11:00:00-03:00,0.041,0.008,0.049,-0.9550000000000001
2023-05-23 12:00:00-03:00,0.051000000000000004,0.006,0.062,0.10300000000000001
2023-05-23 13:00:00-03:00,0.03,0.002,0.043000000000000003,0.812
2023-05-23 14:00:00-03:00,0.021,0.001,0.033,0.805
2023-05-23 15:00:00-03:00,0.012,0.001,0.023,0.372
2023-05-23 16:00:00-03:00,0.008,0.001,0.016,0.192
2023-05-23 17:00:00-03:00,0.0,0.001,0.005,0.068
2023-05-23 18:00:00-03:00,0.0,0.0,0.0,-0.155
2023-05-23 19:00:00-03:00,0.0,0.0,0.0,-0.539
2023-05-23 20:00:00-03:00,0.0,0.0,0.0,-0.882
2023-05-23 21:00:00-03:00,0.0,0.0,0.0,-1.426
2023-05-23 22:00:00-03:00,0.0,0.0,0.0,-2.074
2023-05-23 23:00:00-03:00,0.0,0.0,0.0,-2.338
2023-05-24 00:00:00-03:00,0.0,0.0,0.0,-2.192
2023-05-24 01:00:00-03:00,0.0,0.0,0.0,-2.3609999999999998
2023-05-24 02:00:00-03:00,0.0,0.0,0.0,-1.9689999999999999
2023-05-24 03:00:00-03:00,0.0,0.0,0.0,-1.724
2023-05-24 04:00:00-03:00,0.0,0.0,0.0,-1.415
2023-05-24 05:00:00-03:00,0.0,0.0,0.0,-0.621
2023-05-24 06:00:00-03:00,0.0,0.0,0.0,-0.11800000000000001
2023-05-24 07:00:00-03:00,0.0,0.0,0.0,0.511
2023-05-24 08:00:00-03:00,0.0,0.0,0.0,0.976
2023-05-24 09:00:00-03:00,0.0,0.001,0.001,0.81
2023-05-24 10:00:00-03:00,0.024,0.013000000000000001,0.024,0.631
2023-05-24 11:00:00-03:00,0.088,0.041,0.065,0.996
2023-05-24 12:00:00-03:00,0.385,0.317,0.101,1.987
2023-05-24 13:00:00-03:00,0.607,0.608,0.074,3.6029999999999998
2023-05-24 14:00:00-03:00,0.602,0.609,0.07100000000000001,4.77
2023-05-24 15:00:00-03:00,0.498,0.481,0.07200000000000001,4.592
2023-05-24 16:00:00-03:00,0.255,0.224,0.056,3.543
2023-05-24 17:00:00-03:00,0.022,0.026000000000000002,0.01,2.408
2023-05-24 18:00:00-03:00,0.0,0.0,0.0,2.018
2023-05-24 19:00:00-03:00,0.0,0.0,0.0,1.917
2023-05-24 20:00:00-03:00,0.0,0.0,0.0,1.634
2023-05-24 21:00:00-03:00,0.0,0.0,0.0,1.19
2023-05-24 22:00:00-03:00,0.0,0.0,0.0,0.446
2023-05-24 23:00:00-03:00,0.0,0.0,0.0,-0.439
2023-05-25 00:00:00-03:00,0.0,0.0,0.0,-1.197
2023-05-25 01:00:00-03:00,0.0,0.0,0.0,-1.827
2023-05-25 02:00:00-03:00,0.0,0.0,0.0,-2.422
2023-05-25 03:00:00-03:00,0.0,0.0,0.0,-2.374
2023-05-25 04:00:00-03:00,0.0,0.0,0.0,-1.332
2023-05-25 05:00:00-03:00,0.0,0.0,0.0,-1.5310000000000001
2023-05-25 06:00:00-03:00,0.0,0.0,0.0,-1.741
2023-05-25 07:00:00-03:00,0.0,0.0,0.0,-1.433
2023-05-25 08:00:00-03:00,0.0,0.0,0.0,-1.611
2023-05-25 09:00:00-03:00,0.0,0.001,0.001,-1.9889999999999999
2023-05-25 10:00:00-03:00,0.044,0.029,0.031,-0.859
2023-05-25 11:00:00-03:00,0.123,0.067,0.075,0.5720000000000001
2023-05-25 12:00:00-03:00,0.243,0.155,0.11,1.847
2023-05-25 13:00:00-03:00,0.502,0.454,0.1,3.091
2023-05-25 14:00:00-03:00,0.44,0.378,0.105,3.498
2023-05-25 15:00:00-03:00,0.165,0.095,0.091,3.057
2023-05-25 16:00:00-03:00,0.042,0.02,0.038,2.178
2023-05-25 17:00:00-03:00,0.012,0.014,0.009000000000000001,0.73
2023-05-25 18:00:00-03:00,0.0,0.0,0.0,-0.33
2023-05-25 19:00:00-03:00,0.0,0.0,0.0,-0.6950000000000001
2023-05-25 20:00:00-03:00,0.0,0.0,0.0,-0.653
2023-05-25 21:00:00-03:00,0.0,0.0,0.0,-0.641
2023-05-25 22:00:00-03:00,0.0,0.0,0.0,-0.88
2023-05-25 23:00:00-03:00,0.0,0.0,0.0,-1.083
2023-05-26 00:00:00-03:00,0.0,0.0,0.0,-1.206
2023-05-26 01:00:00-03:00,0.0,0.0,0.0,-1.4889999999999999
2023-05-26 02:00:00-03:00,0.0,0.0,0.0,-1.9849999999999999
2023-05-26 03:00:00-03:00,0.0,0.0,0.0,-2.481
2023-05-26 04:00:00-03:00,0.0,0.0,0.0,-2.638
2023-05-26 05:00:00-03:00,0.0,0.0,0.0,-2.48
2023-05-26 06:00:00-03:00,0.0,0.0,0.0,-1.998
2023-05-26 07:00:00-03:00,0.0,0.0,0.0,-1.412
2023-05-26 08:00:00-03:00,0.0,0.0,0.0,-1.289
2023-05-26 09:00:00-03:00,0.0,0.003,0.002,-0.9500000000000001
2023-05-26 10:00:00-03:00,0.057,0.041,0.033,-0.281
2023-05-26 11:00:00-03:00,0.088,0.041,0.065,0.522
2023-05-26 12:00:00-03:00,0.187,0.1,0.107,1.306
2023-05-26 13:00:00-03:00,0.306,0.20800000000000002,0.124,2.022
2023-05-26 14:00:00-03:00,0.302,0.214,0.114,2.281
2023-05-26 15:00:00-03:00,0.34800000000000003,0.29,0.088,2.286
2023-05-26 16:00:00-03:00,0.241,0.209,0.055,1.82
2023-05-26 17:00:00-03:00,0.05,0.055,0.011,0.894
2023-05-26 18:00:00-03:00,0.0,0.0,0.0,0.227
2023-05-26 19:00:00-03:00,0.0,0.0,0.0,0.105
2023-05-26 20:00:00-03:00,0.0,0.0,0.0,0.263
2023-05-26 21:00:00-03:00,0.0,0.0,0.0,0.267
2023-05-26 22:00:00-03:00,0.0,0.0,0.0,0.316
2023-05-26 23:00:00-03:00,0.0,0.0,0.0,0.41000000000000003
2023-05-27 00:00:00-03:00,0.0,0.0,0.0,0.495
2023-05-27 01:00:00-03:00,0.0,0.0,0.0,0.85
2023-05-27 02:00:00-03:00,0.0,0.0,0.0,0.888
2023-05-27 03:00:00-03:00,0.0,0.0,0.0,0.709
2023-05-27 04:00:00-03:00,0.0,0.0,0.0,0.685
2023-05-27 05:00:00-03:00,0.0,0.0,0.0,0.876
2023-05-27 06:00:00-03:00,0.0,0.0,0.0,1.091
2023-05-27 07:00:00-03:00,0.0,0.0,0.0,1.259
2023-05-27 08:00:00-03:00,0.0,0.0,0.0,1.376
2023-05-27 09:00:00-03:00,0.0,0.001,0.001,1.466
2023-05-27 10:00:00-03:00,0.015,0.007,0.021,1.744
2023-05-27 11:00:00-03:00,0.039,0.009000000000000001,0.046,2.169
2023-05-27 12:00:00-03:00,0.064,0.012,0.07,2.64
2023-05-27 13:00:00-03:00,0.135,0.04,0.116,3.162
2023-05-27 14:00:00-03:00,0.135,0.045,0.111,3.455
2023-05-27 15:00:00-03:00,0.094,0.032,0.081,3.393
2023-05-27 16:00:00-03:00,0.025,0.008,0.031,2.9859999999999998
2023-05-27 17:00:00-03:00,0.0,0.001,0.004,2.49
2023-05-27 18:00:00-03:00,0.0,0.0,0.0,2.279
2023-05-27 19:00:00-03:00,0.0,0.0,0.0,2.271
2023-05-27 20:00:00-03:00,0.0,0.0,0.0,2.26
2023-05-27 21:00:00-03:00,0.0,0.0,0.0,2.107
2023-05-27 22:00:00-03:00,0.0,0.0,0.0,1.9
2023-05-27 23:00:00-03:00,0.0,0.0,0.0,1.974
2023-05-28 00:00:00-03:00,0.0,0.0,0.0,2.129
2023-05-28 01:00:00-03:00,0.0,0.0,0.0,2.364
2023-05-28 02:00:00-03:00,0.0,0.0,0.0,2.441
2023-05-28 03:00:00-03:00,0.0,0.0,0.0,2.765
2023-05-28 04:00:00-03:00,0.0,0.0,0.0,3.142
2023-05-28 05:00:00-03:00,0.0,0.0,0.0,3.407
2023-05-28 06:00:00-03:00,0.0,0.0,0.0,3.571
2023-05-28 07:00:00-03:00,0.0,0.0,0.0,3.541
2023-05-28 08:00:00-03:00,0.0,0.0,0.0,3.326
2023-05-28 09:00:00-03:00,0.0,0.001,0.001,3.177
2023-05-28 10:00:00-03:00,0.022,0.012,0.023,4.007
2023-05-28 11:00:00-03:00,0.074,0.03,0.063,4.854
2023-05-28 12:00:00-03:00,0.156,0.073,0.106,5.788
2023-05-28 13:00:00-03:00,0.23800000000000002,0.137,0.13,6.72
2023-05-28 14:00:00-03:00,0.191,0.099,0.11800000000000001,7.318
2023-05-28 15:00:00-03:00,0.131,0.065,0.088,7.378
2023-05-28 16:00:00-03:00,0.035,0.016,0.036000000000000004,6.873
2023-05-28 17:00:00-03:00,0.001,0.003,0.005,6.197
2023-05-28 18:00:00-03:00,0.0,0.0,0.0,5.943
2023-05-28 19:00:00-03:00,0.0,0.0,0.0,5.894
2023-05-28 20:00:00-03:00,0.0,0.0,0.0,5.723
2023-05-28 21:00:00-03:00,0.0,0.0,0.0,5.683
2023-05-28 22:00:00-03:00,0.0,0.0,0.0,5.386
2023-05-28 23:00:00-03:00,0.0,0.0,0.0,5.118
2023-05-29 00:00:00-03:00,0.0,0.0,0.0,4.854
2023-05-29 01:00:00-03:00,0.0,0.0,0.0,4.543
2023-05-29 02:00:00-03:00,0.0,0.0,0.0,4.246
2023-05-29 03:00:00-03:00,0.0,0.0,0.0,4.017
2023-05-29 04:00:00-03:00,0.0,0.0,0.0,3.864
2023-05-29 05:00:00-03:00,0.0,0.0,0.0,3.755
2023-05-29 06:00:00-03:00,0.0,0.0,0.0,3.6790000000000003
2023-05-29 07:00:00-03:00,0.0,0.0,0.0,3.672
2023-05-29 08:00:00-03:00,0.0,0.0,0.0,3.187
2023-05-29 09:00:00-03:00,0.0,0.001,0.001,3.155
2023-05-29 10:00:00-03:00,0.026000000000000002,0.015,0.025,4.108
2023-05-29 11:00:00-03:00,0.052000000000000005,0.016,0.054,5.122
2023-05-29 12:00:00-03:00,0.066,0.013000000000000001,0.07100000000000001,6.151
2023-05-29 13:00:00-03:00,0.047,0.006,0.058,6.834
2023-05-29 14:00:00-03:00,0.07,0.015,0.075,7.458
2023-05-29 15:00:00-03:00,0.312,0.251,0.097,8.371
2023-05-29 16:00:00-03:00,0.095,0.066,0.05,7.178
2023-05-29 17:00:00-03:00,0.011,0.014,0.008,5.328
2023-05-29 18:00:00-03:00,0.0,0.0,0.0,4.595
2023-05-29 19:00:00-03:00,0.0,0.0,0.0,4.038
2023-05-29 20:00:00-03:00,0.0,0.0,0.0,3.329
2023-05-29 21:00:00-03:00,0.0,0.0,0.0,3.377
2023-05-29 22:00:00-03:00,0.0,0.0,0.0,3.451
2023-05-29 23:00:00-03:00,0.0,0.0,0.0,3.6189999999999998
2023-05-30 00:00:00-03:00,0.0,0.0,0.0,3.634
2023-05-30 01:00:00-03:00,0.0,0.0,0.0,3.352
2023-05-30 02:00:00-03:00,0.0,0.0,0.0,3.779
2023-05-30 03:00:00-03:00,0.0,0.0,0.0,4.671
2023-05-30 04:00:00-03:00,0.0,0.0,0.0,5.628
2023-05-30 05:00:00-03:00,0.0,0.0,0.0,6.393
2023-05-30 06:00:00-03:00,0.0,0.0,0.0,6.475
2023-05-30 07:00:00-03:00,0.0,0.0,0.0,6.622
2023-05-30 08:00:00-03:00,0.0,0.0,0.0,6.677
2023-05-30 09:00:00-03:00,0.0,0.001,0.001,6.218
2023-05-30 10:00:00-03:00,0.084,0.073,0.031,6.062
2023-05-30 11:00:00-03:00,0.401,0.383,0.063,6.931
2023-05-30 12:00:00-03:00,0.462,0.441,0.079,8.17
2023-05-30 13:00:00-03:00,0.435,0.397,0.095,9.68
2023-05-30 14:00:00-03:00,0.33,0.272,0.101,11.099
2023-05-30 15:00:00-03:00,0.34500000000000003,0.312,0.079,11.733
2023-05-30 16:00:00-03:00,0.234,0.217,0.05,11.041
2023-05-30 17:00:00-03:00,0.039,0.047,0.009000000000000001,9.44
2023-05-30 18:00:00-03:00,0.0,0.0,0.0,8.874
2023-05-30 19:00:00-03:00,0.0,0.0,0.0,9.079
2023-05-30 20:00:00-03:00,0.0,0.0,0.0,8.853
2023-05-30 21:00:00-03:00,0.0,0.0,0.0,8.342
2023-05-30 22:00:00-03:00,0.0,0.0,0.0,8.016
2023-05-30 23:00:00-03:00,0.0,0.0,0.0,7.687
2023-05-31 00:00:00-03:00,0.0,0.0,0.0,7.433
2023-05-31 01:00:00-03:00,0.0,0.0,0.0,7.2620000000000005
2023-05-31 02:00:00-03:00,0.0,0.0,0.0,6.797
2023-05-31 03:00:00-03:00,0.0,0.0,0.0,6.3629999999999995
2023-05-31 04:00:00-03:00,0.0,0.0,0.0,5.858
2023-05-31 05:00:00-03:00,0.0,0.0,0.0,5.25
2023-05-31 06:00:00-03:00,0.0,0.0,0.0,4.673
2023-05-31 07:00:00-03:00,0.0,0.0,0.0,3.694
2023-05-31 08:00:00-03:00,0.0,0.0,0.0,2.519
2023-05-31 09:00:00-03:00,0.0,0.002,0.001,1.8940000000000001
2023-05-31 10:00:00-03:00,0.06,0.049,0.029,2.847
2023-05-31 11:00:00-03:00,0.182,0.134,0.07100000000000001,4.672
2023-05-31 12:00:00-03:00,0.47300000000000003,0.446,0.08,5.808
2023-05-31 13:00:00-03:00,0.56,0.5630000000000001,0.073,7.356
2023-05-31 14:00:00-03:00,0.55,0.557,0.07100000000000001,8.755
2023-05-31 15:00:00-03:00,0.41000000000000003,0.385,0.076,8.992
2023-05-31 16:00:00-03:00,0.047,0.028,0.036000000000000004,7.57
2023-05-31 17:00:00-03:00,0.001,0.003,0.004,6.292
2023-05-31 18:00:00-03:00,0.0,0.0,0.0,5.6690000000000005
2023-05-31 19:00:00-03:00,0.0,0.0,0.0,4.275
2023-05-31 20:00:00-03:00,0.0,0.0,0.0,3.169
2023-05-31 21:00:00-03:00,0.0,0.0,0.0,3.0
2023-05-31 22:00:00-03:00,0.0,0.0,0.0,3.035
2023-05-31 23:00:00-03:00,0.0,0.0,0.0,2.79
2023-06-01 00:00:00-03:00,0.0,0.0,0.0,2.474
2023-06-01 01:00:00-03:00,0.0,0.0,0.0,1.2429999999999999
2023-06-01 02:00:00-03:00,0.0,0.0,0.0,0.806
2023-06-01 03:00:00-03:00,0.0,0.0,0.0,0.311
2023-06-01 04:00:00-03:00,0.0,0.0,0.0,-0.156
2023-06-01 05:00:00-03:00,0.0,0.0,0.0,-0.424
2023-06-01 06:00:00-03:00,0.0,0.0,0.0,-0.752
2023-06-01 07:00:00-03:00,0.0,0.0,0.0,-0.9490000000000001
2023-06-01 08:00:00-03:00,0.0,0.0,0.0,-0.148
2023-06-01 09:00:00-03:00,0.0,0.0,0.0,0.202
2023-06-01 10:00:00-03:00,0.006,0.004,0.012,0.553
2023-06-01 11:00:00-03:00,0.069,0.031,0.056,1.458
2023-06-01 12:00:00-03:00,0.372,0.311,0.095,3.171
2023-06-01 13:00:00-03:00,0.56,0.555,0.075,5.303
2023-06-01 14:00:00-03:00,0.556,0.557,0.07100000000000001,6.66
2023-06-01 15:00:00-03:00,0.461,0.448,0.068,7.143
2023-06-01 16:00:00-03:00,0.203,0.18,0.049,6.327
2023-06-01 17:00:00-03:00,0.014,0.019,0.007,4.994
2023-06-01 18:00:00-03:00,0.0,0.0,0.0,4.253
2023-06-01 19:00:00-03:00,0.0,0.0,0.0,3.874
2023-06-01 20:00:00-03:00,0.0,0.0,0.0,3.922
2023-06-01 21:00:00-03:00,0.0,0.0,0.0,4.209
2023-06-01 22:00:00-03:00,0.0,0.0,0.0,4.32
2023-06-01 23:00:00-03:00,0.0,0.0,0.0,3.983
2023-06-02 00:00:00-03:00,0.0,0.0,0.0,3.423
2023-06-02 01:00:00-03:00,0.0,0.0,0.0,2.966
2023-06-02 02:00:00-03:00,0.0,0.0,0.0,2.841
2023-06-02 03:00:00-03:00,0.0,0.0,0.0,2.527
2023-06-02 04:00:00-03:00,0.0,0.0,0.0,2.067
2023-06-02 05:00:00-03:00,0.0,0.0,0.0,1.373
2023-06-02 06:00:00-03:00,0.0,0.0,0.0,0.962
2023-06-02 07:00:00-03:00,0.0,0.0,0.0,0.865
2023-06-02 08:00:00-03:00,0.0,0.0,0.0,1.025
2023-06-02 09:00:00-03:00,0.0,0.0,0.0,1.274
2023-06-02 10:00:00-03:00,0.007,0.004,0.013000000000000001,1.7930000000000001
2023-06-02 11:00:00-03:00,0.032,0.009000000000000001,0.038,2.787
2023-06-02 12:00:00-03:00,0.1,0.038,0.082,4.048
2023-06-02 13:00:00-03:00,0.521,0.497,0.08700000000000001,5.933
2023-06-02 14:00:00-03:00,0.542,0.54,0.073,7.193
2023-06-02 15:00:00-03:00,0.47400000000000003,0.467,0.066,7.485
2023-06-02 16:00:00-03:00,0.323,0.311,0.046,5.756
2023-06-02 17:00:00-03:00,0.04,0.049,0.008,3.125
2023-06-02 18:00:00-03:00,0.0,0.0,0.0,2.164
2023-06-02 19:00:00-03:00,0.0,0.0,0.0,2.17
2023-06-02 20:00:00-03:00,0.0,0.0,0.0,1.608
2023-06-02 21:00:00-03:00,0.0,0.0,0.0,1.407
2023-06-02 22:00:00-03:00,0.0,0.0,0.0,1.46
2023-06-02 23:00:00-03:00,0.0,0.0,0.0,1.424
2023-06-03 00:00:00-03:00,0.0,0.0,0.0,1.251
2023-06-03 01:00:00-03:00,0.0,0.0,0.0,0.503
2023-06-03 02:00:00-03:00,0.0,0.0,0.0,-0.035
2023-06-03 03:00:00-03:00,0.0,0.0,0.0,-0.23
2023-06-03 04:00:00-03:00,0.0,0.0,0.0,-0.023
2023-06-03 05:00:00-03:00,0.0,0.0,0.0,0.6920000000000001
2023-06-03 06:00:00-03:00,0.0,0.0,0.0,1.289
2023-06-03 07:00:00-03:00,0.0,0.0,0.0,0.64
2023-06-03 08:00:00-03:00,0.0,0.0,0.0,-0.88
2023-06-03 09:00:00-03:00,0.0,0.001,0.001,-1.512
2023-06-03 10:00:00-03:00,0.029,0.02,0.024,-0.048
2023-06-03 11:00:00-03:00,0.098,0.048,0.068,1.038
2023-06-03 12:00:00-03:00,0.147,0.064,0.10200000000000001,1.716
2023-06-03 13:00:00-03:00,0.134,0.043000000000000003,0.11,2.284
2023-06-03 14:00:00-03:00,0.062,0.01,0.069,2.391
2023-06-03 15:00:00-03:00,0.026000000000000002,0.004,0.037,1.827
2023-06-03 16:00:00-03:00,0.006,0.002,0.014,1.079
2023-06-03 17:00:00-03:00,0.0,0.0,0.001,0.551
2023-06-03 18:00:00-03:00,0.0,0.0,0.0,0.64
2023-06-03 19:00:00-03:00,0.0,0.0,0.0,-0.059000000000000004
2023-06-03 20:00:00-03:00,0.0,0.0,0.0,-0.063
2023-06-03 21:00:00-03:00,0.0,0.0,0.0,0.388
2023-06-03 22:00:00-03:00,0.0,0.0,0.0,0.499
2023-06-03 23:00:00-03:00,0.0,0.0,0.0,0.599
2023-06-04 00:00:00-03:00,0.0,0.0,0.0,0.749
2023-06-04 01:00:00-03:00,0.0,0.0,0.0,0.9
2023-06-04 02:00:00-03:00,0.0,0.0,0.0,1.003
2023-06-04 03:00:00-03:00,0.0,0.0,0.0,1.29
2023-06-04 04:00:00-03:00,0.0,0.0,0.0,1.191
2023-06-04 05:00:00-03:00,0.0,0.0,0.0,1.078
2023-06-04 06:00:00-03:00,0.0,0.0,0.0,0.753
2023-06-04 07:00:00-03:00,0.0,0.0,0.0,0.388
2023-06-04 08:00:00-03:00,0.0,0.0,0.0,0.077
2023-06-04 09:00:00-03:00,0.0,0.0,0.0,-0.34
2023-06-04 10:00:00-03:00,0.015,0.01,0.017,-0.23600000000000002
2023-06-04 11:00:00-03:00,0.156,0.106,0.069,0.656
2023-06-04 12:00:00-03:00,0.341,0.277,0.093,1.637
2023-06-04 13:00:00-03:00,0.529,0.505,0.08,2.836
2023-06-04 14:00:00-03:00,0.53,0.514,0.074,3.638
2023-06-04 15:00:00-03:00,0.42,0.388,0.07200000000000001,3.738
2023-06-04 16:00:00-03:00,0.083,0.06,0.041,2.127
2023-06-04 17:00:00-03:00,0.012,0.017,0.006,0.117
2023-06-04 18:00:00-03:00,0.0,0.0,0.0,0.6000000000000001
2023-06-04 19:00:00-03:00,0.0,0.0,0.0,0.915
2023-06-04 20:00:00-03:00,0.0,0.0,0.0,0.678
2023-06-04 21:00:00-03:00,0.0,0.0,0.0,0.514
2023-06-04 22:00:00-03:00,0.0,0.0,0.0,0.487
2023-06-04 23:00:00-03:00,0.0,0.0,0.0,0.601
2023-06-05 00:00:00-03:00,0.0,0.0,0.0,0.75
2023-06-05 01:00:00-03:00,0.0,0.0,0.0,0.874
2023-06-05 02:00:00-03:00,0.0,0.0,0.0,1.014
2023-06-05 03:00:00-03:00,0.0,0.0,0.0,0.936
2023-06-05 04:00:00-03:00,0.0,0.0,0.0,0.735
2023-06-05 05:00:00-03:00,0.0,0.0,0.0,0.523
2023-06-05 06:00:00-03:00,0.0,0.0,0.0,-0.133
2023-06-05 07:00:00-03:00,0.0,0.0,0.0,-0.931
2023-06-05 08:00:00-03:00,0.0,0.0,0.0,-1.326
2023-06-05 09:00:00-03:00,0.0,0.0,0.0,-1.749
2023-06-05 10:00:00-03:00,0.045,0.037,0.024,-1.2570000000000001
2023-06-05 11:00:00-03:00,0.164,0.116,0.067,0.117
2023-06-05 12:00:00-03:00,0.378,0.321,0.08700000000000001,1.409
2023-06-05 13:00:00-03:00,0.525,0.5,0.078,2.567
2023-06-05 14:00:00-03:00,0.464,0.429,0.082,3.527
2023-06-05 15:00:00-03:00,0.364,0.325,0.073,4.028
2023-06-05 16:00:00-03:00,0.212,0.189,0.046,3.52
2023-06-05 17:00:00-03:00,0.015,0.022,0.006,2.383
2023-06-05 18:00:00-03:00,0.0,0.0,0.0,3.101
2023-06-05 19:00:00-03:00,0.0,0.0,0.0,3.484
2023-06-05 20:00:00-03:00,0.0,0.0,0.0,2.959
2023-06-05 21:00:00-03:00,0.0,0.0,0.0,2.465
2023-06-05 22:00:00-03:00,0.0,0.0,0.0,2.163
2023-06-05 23:00:00-03:00,0.0,0.0,0.0,2.041
2023-06-06 00:00:00-03:00,0.0,0.0,0.0,2.326
2023-06-06 01:00:00-03:00,0.0,0.0,0.0,2.7119999999999997
2023-06-06 02:00:00-03:00,0.0,0.0,0.0,2.829
2023-06-06 03:00:00-03:00,0.0,0.0,0.0,2.982
2023-06-06 04:00:00-03:00,0.0,0.0,0.0,3.01
2023-06-06 05:00:00-03:00,0.0,0.0,0.0,2.872
2023-06-06 06:00:00-03:00,0.0,0.0,0.0,2.698
2023-06-06 07:00:00-03:00,0.0,0.0,0.0,2.806
2023-06-06 08:00:00-03:00,0.0,0.0,0.0,2.98
2023-06-06 09:00:00-03:00,0.0,0.0,0.0,2.983
2023-06-06 10:00:00-03:00,0.041,0.034,0.024,3.021
2023-06-06 11:00:00-03:00,0.221,0.17400000000000002,0.07,3.461
2023-06-06 12:00:00-03:00,0.315,0.248,0.096,4.128
2023-06-06 13:00:00-03:00,0.291,0.20800000000000002,0.113,4.541
2023-06-06 14:00:00-03:00,0.215,0.132,0.107,4.671
2023-06-06 15:00:00-03:00,0.168,0.108,0.083,4.501
2023-06-06 16:00:00-03:00,0.06,0.039,0.039,4.02
2023-06-06 17:00:00-03:00,0.004,0.008,0.005,3.296
2023-06-06 18:00:00-03:00,0.0,0.0,0.0,2.761
2023-06-06 19:00:00-03:00,0.0,0.0,0.0,2.473
2023-06-06 20:00:00-03:00,0.0,0.0,0.0,2.698
2023-06-06 21:00:00-03:00,0.0,0.0,0.0,2.63
2023-06-06 22:00:00-03:00,0.0,0.0,0.0,1.88
2023-06-06 23:00:00-03:00,0.0,0.0,0.0,2.428
2023-06-07 00:00:00-03:00,0.0,0.0,0.0,2.989
2023-06-07 01:00:00-03:00,0.0,0.0,0.0,3.192
2023-06-07 02:00:00-03:00,0.0,0.0,0.0,3.055
2023-06-07 03:00:00-03:00,0.0,0.0,0.0,2.498
2023-06-07 04:00:00-03:00,0.0,0.0,0.0,2.075
2023-06-07 05:00:00-03:00,0.0,0.0,0.0,2.064
2023-06-07 06:00:00-03:00,0.0,0.0,0.0,1.971
2023-06-07 07:00:00-03:00,0.0,0.0,0.0,1.661
2023-06-07 08:00:00-03:00,0.0,0.0,0.0,1.339
2023-06-07 09:00:00-03:00,0.0,0.001,0.0,0.9570000000000001
2023-06-07 10:00:00-03:00,0.133,0.123,0.028,0.932
2023-06-07 11:00:00-03:00,0.316,0.279,0.064,1.693
2023-06-07 12:00:00-03:00,0.40800000000000003,0.361,0.083,2.569
2023-06-07 13:00:00-03:00,0.418,0.362,0.095,3.057
2023-06-07 14:00:00-03:00,0.32,0.247,0.10200000000000001,3.127
2023-06-07 15:00:00-03:00,0.131,0.075,0.076,2.7960000000000003
2023-06-07 16:00:00-03:00,0.053,0.034,0.036000000000000004,2.082
2023-06-07 17:00:00-03:00,0.003,0.006,0.004,0.587
2023-06-07 18:00:00-03:00,0.0,0.0,0.0,-0.656
2023-06-07 19:00:00-03:00,0.0,0.0,0.0,-1.013
2023-06-07 20:00:00-03:00,0.0,0.0,0.0,-1.054
2023-06-07 21:00:00-03:00,0.0,0.0,0.0,-1.142
2023-06-07 22:00:00-03:00,0.0,0.0,0.0,-1.256
2023-06-07 23:00:00-03:00,0.0,0.0,0.0,-1.34
2023-06-08 00:00:00-03:00,0.0,0.0,0.0,-1.397
2023-06-08 01:00:00-03:00,0.0,0.0,0.0,-1.187
2023-06-08 02:00:00-03:00,0.0,0.0,0.0,-0.761
2023-06-08 03:00:00-03:00,0.0,0.0,0.0,-0.757
2023-06-08 04:00:00-03:00,0.0,0.0,0.0,-1.38
2023-06-08 05:00:00-03:00,0.0,0.0,0.0,-1.953
2023-06-08 06:00:00-03:00,0.0,0.0,0.0,-2.251
2023-06-08 07:00:00-03:00,0.0,0.0,0.0,-2.265
2023-06-08 08:00:00-03:00,0.0,0.0,0.0,-2.024
2023-06-08 09:00:00-03:00,0.0,0.0,0.0,-1.929
2023-06-08 10:00:00-03:00,0.024,0.018000000000000002,0.02,-1.522
2023-06-08 11:00:00-03:00,0.094,0.051000000000000004,0.061,-0.633
2023-06-08 12:00:00-03:00,0.196,0.116,0.1,0.305
2023-06-08 13:00:00-03:00,0.214,0.123,0.112,1.069
2023-06-08 14:00:00-03:00,0.297,0.215,0.107,1.5470000000000002
2023-06-08 15:00:00-03:00,0.186,0.125,0.082,1.638
2023-06-08 16:00:00-03:00,0.101,0.076,0.043000000000000003,0.8150000000000001
2023-06-08 17:00:00-03:00,0.006,0.011,0.005,-0.904
2023-06-08 18:00:00-03:00,0.0,0.0,0.0,-0.731
2023-06-08 19:00:00-03:00,0.0,0.0,0.0,-0.372
2023-06-08 20:00:00-03:00,0.0,0.0,0.0,-0.294
2023-06-08 21:00:00-03:00,0.0,0.0,0.0,-0.23700000000000002
2023-06-08 22:00:00-03:00,0.0,0.0,0.0,-0.20600000000000002
2023-06-08 23:00:00-03:00,0.0,0.0,0.0,-0.326
2023-06-09 00:00:00-03:00,0.0,0.0,0.0,-0.578
2023-06-09 01:00:00-03:00,0.0,0.0,0.0,-0.8190000000000001
2023-06-09 02:00:00-03:00,0.0,0.0,0.0,-0.5690000000000001
2023-06-09 03:00:00-03:00,0.0,0.0,0.0,-0.585
2023-06-09 04:00:00-03:00,0.0,0.0,0.0,-0.794
2023-06-09 05:00:00-03:00,0.0,0.0,0.0,-0.96
2023-06-09 06:00:00-03:00,0.0,0.0,0.0,-1.155
2023-06-09 07:00:00-03:00,0.0,0.0,0.0,-1.094
2023-06-09 08:00:00-03:00,0.0,0.0,0.0,-0.913
2023-06-09 09:00:00-03:00,0.0,0.0,0.0,-0.732
2023-06-09 10:00:00-03:00,0.014,0.009000000000000001,0.017,-0.516
2023-06-09 11:00:00-03:00,0.068,0.029,0.056,0.047
2023-06-09 12:00:00-03:00,0.135,0.059000000000000004,0.095,0.781
2023-06-09 13:00:00-03:00,0.163,0.07,0.113,1.526
2023-06-09 14:00:00-03:00,0.111,0.036000000000000004,0.094,2.096
2023-06-09 15:00:00-03:00,0.061,0.019,0.06,2.274
2023-06-09 16:00:00-03:00,0.025,0.011,0.028,2.064
2023-06-09 17:00:00-03:00,0.0,0.001,0.003,1.6600000000000001
2023-06-09 18:00:00-03:00,0.0,0.0,0.0,1.316
2023-06-09 19:00:00-03:00,0.0,0.0,0.0,0.91
2023-06-09 20:00:00-03:00,0.0,0.0,0.0,0.685
2023-06-09 21:00:00-03:00,0.0,0.0,0.0,0.397
2023-06-09 22:00:00-03:00,0.0,0.0,0.0,0.338
2023-06-09 23:00:00-03:00,0.0,0.0,0.0,-0.079
2023-06-10 00:00:00-03:00,0.0,0.0,0.0,-0.17
2023-06-10 01:00:00-03:00,0.0,0.0,0.0,-0.242
2023-06-10 02:00:00-03:00,0.0,0.0,0.0,-0.28
2023-06-10 03:00:00-03:00,0.0,0.0,0.0,-0.027
2023-06-10 04:00:00-03:00,0.0,0.0,0.0,0.182
2023-06-10 05:00:00-03:00,0.0,0.0,0.0,-0.077
2023-06-10 06:00:00-03:00,0.0,0.0,0.0,-0.14200000000000002
2023-06-10 07:00:00-03:00,0.0,0.0,0.0,-0.12
2023-06-10 08:00:00-03:00,0.0,0.0,0.0,-0.47600000000000003
2023-06-10 09:00:00-03:00,0.0,0.0,0.0,-0.709
2023-06-10 10:00:00-03:00,0.09,0.081,0.027,-0.273
2023-06-10 11:00:00-03:00,0.257,0.212,0.067,0.911
2023-06-10 12:00:00-03:00,0.387,0.333,0.088,2.103
2023-06-10 13:00:00-03:00,0.357,0.28300000000000003,0.106,2.854
2023-06-10 14:00:00-03:00,0.195,0.111,0.106,3.122
2023-06-10 15:00:00-03:00,0.07100000000000001,0.027,0.062,3.08
2023-06-10 16:00:00-03:00,0.013000000000000001,0.005,0.02,3.001
2023-06-10 17:00:00-03:00,0.0,0.001,0.002,3.057
2023-06-10 18:00:00-03:00,0.0,0.0,0.0,3.017
2023-06-10 19:00:00-03:00,0.0,0.0,0.0,2.976
2023-06-10 20:00:00-03:00,0.0,0.0,0.0,3.096
2023-06-10 21:00:00-03:00,0.0,0.0,0.0,3.104
2023-06-10 22:00:00-03:00,0.0,0.0,0.0,2.646
2023-06-10 23:00:00-03:00,0.0,0.0,0.0,1.6280000000000001
2023-06-11 00:00:00-03:00,0.0,0.0,0.0,0.968
2023-06-11 01:00:00-03:00,0.0,0.0,0.0,0.785
2023-06-11 02:00:00-03:00,0.0,0.0,0.0,0.725
2023-06-11 03:00:00-03:00,0.0,0.0,0.0,0.638
2023-06-11 04:00:00-03:00,0.0,0.0,0.0,0.534
2023-06-11 05:00:00-03:00,0.0,0.0,0.0,0.43
2023-06-11 06:00:00-03:00,0.0,0.0,0.0,0.362
2023-06-11 07:00:00-03:00,0.0,0.0,0.0,0.394
2023-06-11 08:00:00-03:00,0.0,0.0,0.0,0.47600000000000003
2023-06-11 09:00:00-03:00,0.0,0.0,0.0,0.516
2023-06-11 10:00:00-03:00,0.064,0.056,0.024,0.76
2023-06-11 11:00:00-03:00,0.178,0.132,0.067,1.592
2023-06-11 12:00:00-03:00,0.214,0.14,0.096,2.366
2023-06-11 13:00:00-03:00,0.23900000000000002,0.152,0.111,2.734
2023-06-11 14:00:00-03:00,0.248,0.168,0.10400000000000001,2.8609999999999998
2023-06-11 15:00:00-03:00,0.23,0.17200000000000001,0.081,2.79
2023-06-11 16:00:00-03:00,0.101,0.078,0.042,2.43
2023-06-11 17:00:00-03:00,0.002,0.006,0.004,1.923
2023-06-11 18:00:00-03:00,0.0,0.0,0.0,2.145
2023-06-11 19:00:00-03:00,0.0,0.0,0.0,2.733
2023-06-11 20:00:00-03:00,0.0,0.0,0.0,3.159
2023-06-11 21:00:00-03:00,0.0,0.0,0.0,3.202
2023-06-11 22:00:00-03:00,0.0,0.0,0.0,3.098
2023-06-11 23:00:00-03:00,0.0,0.0,0.0,3.145
2023-06-12 00:00:00-03:00,0.0,0.0,0.0,3.252
2023-06-12 01:00:00-03:00,0.0,0.0,0.0,3.15
2023-06-12 02:00:00-03:00,0.0,0.0,0.0,2.982
2023-06-12 03:00:00-03:00,0.0,0.0,0.0,2.884
2023-06-12 04:00:00-03:00,0.0,0.0,0.0,2.774
2023-06-12 05:00:00-03:00,0.0,0.0,0.0,2.732
2023-06-12 06:00:00-03:00,0.0,0.0,0.0,2.8120000000000003
2023-06-12 07:00:00-03:00,0.0,0.0,0.0,2.892
2023-06-12 08:00:00-03:00,0.0,0.0,0.0,2.857
2023-06-12 09:00:00-03:00,0.0,0.0,0.0,2.742
2023-06-12 10:00:00-03:00,0.067,0.06,0.025,2.818
2023-06-12 11:00:00-03:00,0.17400000000000002,0.128,0.067,3.443
2023-06-12 12:00:00-03:00,0.17400000000000002,0.10200000000000001,0.095,4.196
2023-06-12 13:00:00-03:00,0.183,0.097,0.109,4.823
2023-06-12 14:00:00-03:00,0.169,0.09,0.10200000000000001,5.127
2023-06-12 15:00:00-03:00,0.147,0.091,0.078,5.089
2023-06-12 16:00:00-03:00,0.08600000000000001,0.064,0.041,4.654
2023-06-12 17:00:00-03:00,0.002,0.006,0.004,3.943
2023-06-12 18:00:00-03:00,0.0,0.0,0.0,3.604
2023-06-12 19:00:00-03:00,0.0,0.0,0.0,3.165
2023-06-12 20:00:00-03:00,0.0,0.0,0.0,2.69
2023-06-12 21:00:00-03:00,0.0,0.0,0.0,2.248
2023-06-12 22:00:00-03:00,0.0,0.0,0.0,1.818
2023-06-12 23:00:00-03:00,0.0,0.0,0.0,1.545
2023-06-13 00:00:00-03:00,0.0,0.0,0.0,1.205
2023-06-13 01:00:00-03:00,0.0,0.0,0.0,1.428
2023-06-13 02:00:00-03:00,0.0,0.0,0.0,1.496
2023-06-13 03:00:00-03:00,0.0,0.0,0.0,1.343
2023-06-13 04:00:00-03:00,0.0,0.0,0.0,1.298
2023-06-13 05:00:00-03:00,0.0,0.0,0.0,1.291
2023-06-13 06:00:00-03:00,0.0,0.0,0.0,1.2530000000000001
2023-06-13 07:00:00-03:00,0.0,0.0,0.0,0.81
2023-06-13 08:00:00-03:00,0.0,0.0,0.0,0.191
2023-06-13 09:00:00-03:00,0.0,0.0,0.0,-0.31
2023-06-13 10:00:00-03:00,0.073,0.066,0.024,0.333
2023-06-13 11:00:00-03:00,0.188,0.14400000000000002,0.065,1.748
2023-06-13 12:00:00-03:00,0.293,0.227,0.093,2.7199999999999998
2023-06-13 13:00:00-03:00,0.298,0.22,0.106,3.558
2023-06-13 14:00:00-03:00,0.276,0.201,0.10200000000000001,4.281
2023-06-13 15:00:00-03:00,0.184,0.129,0.078,4.464
2023-06-13 16:00:00-03:00,0.094,0.073,0.041,3.485
2023-06-13 17:00:00-03:00,0.003,0.007,0.004,1.9649999999999999
2023-06-13 18:00:00-03:00,0.0,0.0,0.0,1.786
2023-06-13 19:00:00-03:00,0.0,0.0,0.0,1.8780000000000001
2023-06-13 20:00:00-03:00,0.0,0.0,0.0,1.607
2023-06-13 21:00:00-03:00,0.0,0.0,0.0,1.616
2023-06-13 22:00:00-03:00,0.0,0.0,0.0,1.646
2023-06-13 23:00:00-03:00,0.0,0.0,0.0,1.771
2023-06-14 00:00:00-03:00,0.0,0.0,0.0,2.533
2023-06-14 01:00:00-03:00,0.0,0.0,0.0,3.157
2023-06-14 02:00:00-03:00,0.0,0.0,0.0,3.15
2023-06-14 03:00:00-03:00,0.0,0.0,0.0,3.169
2023-06-14 04:00:00-03:00,0.0,0.0,0.0,2.543
2023-06-14 05:00:00-03:00,0.0,0.0,0.0,2.339
2023-06-14 06:00:00-03:00,0.0,0.0,0.0,2.34
2023-06-14 07:00:00-03:00,0.0,0.0,0.0,2.034
2023-06-14 08:00:00-03:00,0.0,0.0,0.0,2.08
2023-06-14 09:00:00-03:00,0.0,0.0,0.0,1.791
2023-06-14 10:00:00-03:00,0.128,0.123,0.025,1.6760000000000002
2023-06-14 11:00:00-03:00,0.39,0.371,0.054,2.674
2023-06-14 12:00:00-03:00,0.486,0.46900000000000003,0.067,3.762
2023-06-14 13:00:00-03:00,0.481,0.456,0.077,4.719
2023-06-14 14:00:00-03:00,0.47000000000000003,0.447,0.075,5.238
2023-06-14 15:00:00-03:00,0.352,0.318,0.069,5.108
2023-06-14 16:00:00-03:00,0.128,0.109,0.041,4.199
2023-06-14 17:00:00-03:00,0.002,0.006,0.003,2.563
2023-06-14 18:00:00-03:00,0.0,0.0,0.0,2.453
2023-06-14 19:00:00-03:00,0.0,0.0,0.0,2.146
2023-06-14 20:00:00-03:00,0.0,0.0,0.0,1.736
2023-06-14 21:00:00-03:00,0.0,0.0,0.0,1.302
2023-06-14 22:00:00-03:00,0.0,0.0,0.0,0.587
2023-06-14 23:00:00-03:00,0.0,0.0,0.0,-0.10300000000000001
2023-06-15 00:00:00-03:00,0.0,0.0,0.0,-0.523
2023-06-15 01:00:00-03:00,0.0,0.0,0.0,-0.683
2023-06-15 02:00:00-03:00,0.0,0.0,0.0,-1.065
2023-06-15 03:00:00-03:00,0.0,0.0,0.0,-1.207
2023-06-15 04:00:00-03:00,0.0,0.0,0.0,-1.252
2023-06-15 05:00:00-03:00,0.0,0.0,0.0,-1.366
2023-06-15 06:00:00-03:00,0.0,0.0,0.0,-1.6179999999999999
2023-06-15 07:00:00-03:00,0.0,0.0,0.0,-1.742
2023-06-15 08:00:00-03:00,0.0,0.0,0.0,-1.8010000000000002
2023-06-15 09:00:00-03:00,0.0,0.0,0.0,-1.875
2023-06-15 10:00:00-03:00,0.05,0.044,0.022,-1.584
2023-06-15 11:00:00-03:00,0.138,0.094,0.062,-0.632
2023-06-15 12:00:00-03:00,0.29,0.223,0.091,0.781
2023-06-15 13:00:00-03:00,0.41200000000000003,0.354,0.094,2.368
2023-06-15 14:00:00-03:00,0.292,0.22,0.099,3.385
2023-06-15 15:00:00-03:00,0.165,0.11,0.076,3.454
2023-06-15 16:00:00-03:00,0.098,0.077,0.04,2.795
2023-06-15 17:00:00-03:00,0.005,0.01,0.004,1.611
2023-06-15 18:00:00-03:00,0.0,0.0,0.0,1.209
2023-06-15 19:00:00-03:00,0.0,0.0,0.0,1.066
2023-06-15 20:00:00-03:00,0.0,0.0,0.0,1.032
2023-06-15 21:00:00-03:00,0.0,0.0,0.0,1.078
2023-06-15 22:00:00-03:00,0.0,0.0,0.0,1.359
2023-06-15 23:00:00-03:00,0.0,0.0,0.0,1.679
2023-06-16 00:00:00-03:00,0.0,0.0,0.0,1.85
2023-06-16 01:00:00-03:00,0.0,0.0,0.0,1.8900000000000001
2023-06-16 02:00:00-03:00,0.0,0.0,0.0,1.7810000000000001
2023-06-16 03:00:00-03:00,0.0,0.0,0.0,1.565
2023-06-16 04:00:00-03:00,0.0,0.0,0.0,1.81
2023-06-16 05:00:00-03:00,0.0,0.0,0.0,1.896
2023-06-16 06:00:00-03:00,0.0,0.0,0.0,1.944
2023-06-16 07:00:00-03:00,0.0,0.0,0.0,1.955
2023-06-16 08:00:00-03:00,0.0,0.0,0.0,1.939
2023-06-16 09:00:00-03:00,0.0,0.0,0.0,1.9260000000000002
2023-06-16 10:00:00-03:00,0.037,0.032,0.02,2.294
2023-06-16 11:00:00-03:00,0.139,0.096,0.064,3.392
2023-06-16 12:00:00-03:00,0.24,0.171,0.095,4.558
2023-06-16 13:00:00-03:00,0.339,0.268,0.105,5.518
2023-06-16 14:00:00-03:00,0.242,0.165,0.10400000000000001,6.074
2023-06-16 15:00:00-03:00,0.099,0.05,0.07,5.857
2023-06-16 16:00:00-03:00,0.038,0.023,0.031,5.121
2023-06-16 17:00:00-03:00,0.0,0.003,0.003,4.091
2023-06-16 18:00:00-03:00,0.0,0.0,0.0,3.868
2023-06-16 19:00:00-03:00,0.0,0.0,0.0,3.886
2023-06-16 20:00:00-03:00,0.0,0.0,0.0,3.605
2023-06-16 21:00:00-03:00,0.0,0.0,0.0,3.41
2023-06-16 22:00:00-03:00,0.0,0.0,0.0,2.942
2023-06-16 23:00:00-03:00,0.0,0.0,0.0,2.61
2023-06-17 00:00:00-03:00,0.0,0.0,0.0,2.523
2023-06-17 01:00:00-03:00,0.0,0.0,0.0,2.276
2023-06-17 02:00:00-03:00,0.0,0.0,0.0,2.096
2023-06-17 03:00:00-03:00,0.0,0.0,0.0,1.901
2023-06-17 04:00:00-03:00,0.0,0.0,0.0,1.7189999999999999
2023-06-17 05:00:00-03:00,0.0,0.0,0.0,1.512
2023-06-17 06:00:00-03:00,0.0,0.0,0.0,1.51
2023-06-17 07:00:00-03:00,0.0,0.0,0.0,1.75
2023-06-17 08:00:00-03:00,0.0,0.0,0.0,1.8210000000000002
2023-06-17 09:00:00-03:00,0.0,0.0,0.0,1.624
2023-06-17 10:00:00-03:00,0.08,0.073,0.025,1.741
2023-06-17 11:00:00-03:00,0.12,0.077,0.063,2.967
2023-06-17 12:00:00-03:00,0.132,0.063,0.09,4.371
2023-06-17 13:00:00-03:00,0.134,0.054,0.10200000000000001,5.134
2023-06-17 14:00:00-03:00,0.117,0.045,0.093,5.153
2023-06-17 15:00:00-03:00,0.07100000000000001,0.027,0.063,4.612
2023-06-17 16:00:00-03:00,0.032,0.018000000000000002,0.03,3.76
2023-06-17 17:00:00-03:00,0.002,0.005,0.003,2.172
2023-06-17 18:00:00-03:00,0.0,0.0,0.0,1.062
2023-06-17 19:00:00-03:00,0.0,0.0,0.0,0.448
2023-06-17 20:00:00-03:00,0.0,0.0,0.0,0.20400000000000001
2023-06-17 21:00:00-03:00,0.0,0.0,0.0,-0.30000000000000004
2023-06-17 22:00:00-03:00,0.0,0.0,0.0,-0.838
2023-06-17 23:00:00-03:00,0.0,0.0,0.0,-0.993
2023-06-18 00:00:00-03:00,0.0,0.0,0.0,-1.161
2023-06-18 01:00:00-03:00,0.0,0.0,0.0,-1.359
2023-06-18 02:00:00-03:00,0.0,0.0,0.0,-1.422
2023-06-18 03:00:00-03:00,0.0,0.0,0.0,-1.464
2023-06-18 04:00:00-03:00,0.0,0.0,0.0,-1.536
2023-06-18 05:00:00-03:00,0.0,0.0,0.0,-1.695
2023-06-18 06:00:00-03:00,0.0,0.0,0.0,-1.736
2023-06-18 07:00:00-03:00,0.0,0.0,0.0,-1.697
2023-06-18 08:00:00-03:00,0.0,0.0,0.0,-1.536
2023-06-18 09:00:00-03:00,0.0,0.0,0.0,-1.418
2023-06-18 10:00:00-03:00,0.07,0.064,0.023,-0.803
2023-06-18 11:00:00-03:00,0.203,0.16,0.064,0.365
2023-06-18 12:00:00-03:00,0.31,0.246,0.089,1.4969999999999999
2023-06-18 13:00:00-03:00,0.342,0.271,0.1,2.333
2023-06-18 14:00:00-03:00,0.298,0.227,0.098,2.578
2023-06-18 15:00:00-03:00,0.195,0.14,0.077,2.3529999999999998
2023-06-18 16:00:00-03:00,0.083,0.063,0.038,1.764
2023-06-18 17:00:00-03:00,0.001,0.004,0.003,1.045
2023-06-18 18:00:00-03:00,0.0,0.0,0.0,0.787
2023-06-18 19:00:00-03:00,0.0,0.0,0.0,0.42
2023-06-18 20:00:00-03:00,0.0,0.0,0.0,0.107
2023-06-18 21:00:00-03:00,0.0,0.0,0.0,-0.038
2023-06-18 22:00:00-03:00,0.0,0.0,0.0,0.039
2023-06-18 23:00:00-03:00,0.0,0.0,0.0,0.251
2023-06-19 00:00:00-03:00,0.0,0.0,0.0,0.525
2023-06-19 01:00:00-03:00,0.0,0.0,0.0,0.671
2023-06-19 02:00:00-03:00,0.0,0.0,0.0,0.731
2023-06-19 03:00:00-03:00,0.0,0.0,0.0,0.732
2023-06-19 04:00:00-03:00,0.0,0.0,0.0,0.727
2023-06-19 05:00:00-03:00,0.0,0.0,0.0,0.833
2023-06-19 06:00:00-03:00,0.0,0.0,0.0,0.776
2023-06-19 07:00:00-03:00,0.0,0.0,0.0,0.713
2023-06-19 08:00:00-03:00,0.0,0.0,0.0,0.729
2023-06-19 09:00:00-03:00,0.0,0.0,0.0,0.759
2023-06-19 10:00:00-03:00,0.008,0.006,0.012,0.974
2023-06-19 11:00:00-03:00,0.053,0.021,0.048,1.4969999999999999
2023-06-19 12:00:00-03:00,0.11800000000000001,0.049,0.088,2.155
2023-06-19 13:00:00-03:00,0.121,0.043000000000000003,0.098,2.836
2023-06-19 14:00:00-03:00,0.11900000000000001,0.046,0.092,3.211
2023-06-19 15:00:00-03:00,0.17,0.109,0.082,3.37
2023-06-19 16:00:00-03:00,0.068,0.048,0.038,2.778
2023-06-19 17:00:00-03:00,0.001,0.004,0.003,1.608
2023-06-19 18:00:00-03:00,0.0,0.0,0.0,0.994
2023-06-19 19:00:00-03:00,0.0,0.0,0.0,0.216
2023-06-19 20:00:00-03:00,0.0,0.0,0.0,-1.333
2023-06-19 21:00:00-03:00,0.0,0.0,0.0,-1.302
2023-06-19 22:00:00-03:00,0.0,0.0,0.0,-1.331
2023-06-19 23:00:00-03:00,0.0,0.0,0.0,-1.657
2023-06-20 00:00:00-03:00,0.0,0.0,0.0,-2.668
2023-06-20 01:00:00-03:00,0.0,0.0,0.0,-2.5540000000000003
2023-06-20 02:00:00-03:00,0.0,0.0,0.0,-2.338
2023-06-20 03:00:00-03:00,0.0,0.0,0.0,-2.277
2023-06-20 04:00:00-03:00,0.0,0.0,0.0,-2.348
2023-06-20 05:00:00-03:00,0.0,0.0,0.0,-2.398
2023-06-20 06:00:00-03:00,0.0,0.0,0.0,-2.164
2023-06-20 07:00:00-03:00,0.0,0.0,0.0,-1.608
2023-06-20 08:00:00-03:00,0.0,0.0,0.0,-1.06
2023-06-20 09:00:00-03:00,0.0,0.0,0.0,-0.68
2023-06-20 10:00:00-03:00,0.19,0.186,0.023,0.128
2023-06-20 11:00:00-03:00,0.425,0.41400000000000003,0.048,2.007
2023-06-20 12:00:00-03:00,0.529,0.531,0.057,3.918
2023-06-20 13:00:00-03:00,0.554,0.561,0.06,4.872
2023-06-20 14:00:00-03:00,0.538,0.543,0.059000000000000004,4.873
2023-06-20 15:00:00-03:00,0.485,0.483,0.052000000000000005,4.03
2023-06-20 16:00:00-03:00,0.317,0.309,0.035,2.059
2023-06-20 17:00:00-03:00,0.025,0.035,0.004,-0.186
2023-06-20 18:00:00-03:00,0.0,0.0,0.0,-1.399
2023-06-20 19:00:00-03:00,0.0,0.0,0.0,-1.959
2023-06-20 20:00:00-03:00,0.0,0.0,0.0,-2.027
2023-06-20 21:00:00-03:00,0.0,0.0,0.0,-1.601
2023-06-20 22:00:00-03:00,0.0,0.0,0.0,-1.388
2023-06-20 23:00:00-03:00,0.0,0.0,0.0,-2.185
2023-06-21 00:00:00-03:00,0.0,0.0,0.0,-2.548
2023-06-21 01:00:00-03:00,0.0,0.0,0.0,-2.414
2023-06-21 02:00:00-03:00,0.0,0.0,0.0,-1.708
2023-06-21 03:00:00-03:00,0.0,0.0,0.0,-1.141
2023-06-21 04:00:00-03:00,0.0,0.0,0.0,-0.922
2023-06-21 05:00:00-03:00,0.0,0.0,0.0,-0.9500000000000001
2023-06-21 06:00:00-03:00,0.0,0.0,0.0,-1.49
2023-06-21 07:00:00-03:00,0.0,0.0,0.0,-2.003
2023-06-21 08:00:00-03:00,0.0,0.0,0.0,-1.54
2023-06-21 09:00:00-03:00,0.0,0.0,0.0,-0.507
2023-06-21 10:00:00-03:00,0.013000000000000001,0.011,0.014,0.209
2023-06-21 11:00:00-03:00,0.128,0.08600000000000001,0.061,1.041
2023-06-21 12:00:00-03:00,0.27,0.202,0.092,1.8210000000000002
2023-06-21 13:00:00-03:00,0.308,0.234,0.10200000000000001,2.797
2023-06-21 14:00:00-03:00,0.386,0.332,0.091,3.5620000000000003
2023-06-21 15:00:00-03:00,0.23900000000000002,0.188,0.075,3.433
2023-06-21 16:00:00-03:00,0.197,0.17500000000000002,0.042,1.855
2023-06-21 17:00:00-03:00,0.002,0.007,0.003,0.465
2023-06-21 18:00:00-03:00,0.0,0.0,0.0,1.094
2023-06-21 19:00:00-03:00,0.0,0.0,0.0,1.133
2023-06-21 20:00:00-03:00,0.0,0.0,0.0,0.841
2023-06-21 21:00:00-03:00,0.0,0.0,0.0,0.63
2023-06-21 22:00:00-03:00,0.0,0.0,0.0,0.58
2023-06-21 23:00:00-03:00,0.0,0.0,0.0,0.531
2023-06-22 00:00:00-03:00,0.0,0.0,0.0,0.486
2023-06-22 01:00:00-03:00,0.0,0.0,0.0,0.089
2023-06-22 02:00:00-03:00,0.0,0.0,0.0,-0.025
2023-06-22 03:00:00-03:00,0.0,0.0,0.0,0.093
2023-06-22 04:00:00-03:00,0.0,0.0,0.0,-0.11800000000000001
2023-06-22 05:00:00-03:00,0.0,0.0,0.0,-0.01
2023-06-22 06:00:00-03:00,0.0,0.0,0.0,0.321
2023-06-22 07:00:00-03:00,0.0,0.0,0.0,0.7000000000000001
2023-06-22 08:00:00-03:00,0.0,0.0,0.0,0.848
2023-06-22 09:00:00-03:00,0.0,0.0,0.0,0.911
2023-06-22 10:00:00-03:00,0.001,0.001,0.006,1.058
2023-06-22 11:00:00-03:00,0.012,0.002,0.022,1.3719999999999999
2023-06-22 12:00:00-03:00,0.029,0.003,0.041,1.577
2023-06-22 13:00:00-03:00,0.032,0.003,0.045,1.718
2023-06-22 14:00:00-03:00,0.023,0.002,0.035,1.6480000000000001
2023-06-22 15:00:00-03:00,0.015,0.002,0.026000000000000002,1.31
2023-06-22 16:00:00-03:00,0.005,0.001,0.013000000000000001,0.862
2023-06-22 17:00:00-03:00,0.0,0.0,0.001,0.359
2023-06-22 18:00:00-03:00,0.0,0.0,0.0,0.181
2023-06-22 19:00:00-03:00,0.0,0.0,0.0,0.045
2023-06-22 20:00:00-03:00,0.0,0.0,0.0,-0.136
2023-06-22 21:00:00-03:00,0.0,0.0,0.0,-0.364
2023-06-22 22:00:00-03:00,0.0,0.0,0.0,-0.673
2023-06-22 23:00:00-03:00,0.0,0.0,0.0,-0.8150000000000001
2023-06-23 00:00:00-03:00,0.0,0.0,0.0,-0.8260000000000001
2023-06-23 01:00:00-03:00,0.0,0.0,0.0,-0.836
2023-06-23 02:00:00-03:00,0.0,0.0,0.0,-0.847
2023-06-23 03:00:00-03:00,0.0,0.0,0.0,-0.789
2023-06-23 04:00:00-03:00,0.0,0.0,0.0,-0.745
2023-06-23 05:00:00-03:00,0.0,0.0,0.0,-0.747
2023-06-23 06:00:00-03:00,0.0,0.0,0.0,-0.803
2023-06-23 07:00:00-03:00,0.0,0.0,0.0,-0.864
2023-06-23 08:00:00-03:00,0.0,0.0,0.0,-0.741
2023-06-23 09:00:00-03:00,0.0,0.0,0.0,-0.596
2023-06-23 10:00:00-03:00,0.007,0.005,0.012,-0.361
2023-06-23 11:00:00-03:00,0.038,0.011,0.042,0.254
2023-06-23 12:00:00-03:00,0.069,0.016,0.07,0.552
2023-06-23 13:00:00-03:00,0.078,0.016,0.08,0.646
2023-06-23 14:00:00-03:00,0.066,0.013000000000000001,0.07100000000000001,0.58
2023-06-23 15:00:00-03:00,0.044,0.01,0.05,0.359
2023-06-23 16:00:00-03:00,0.021,0.009000000000000001,0.026000000000000002,-0.063
2023-06-23 17:00:00-03:00,0.0,0.001,0.002,-0.742
2023-06-23 18:00:00-03:00,0.0,0.0,0.0,-1.125
2023-06-23 19:00:00-03:00,0.0,0.0,0.0,-1.469
2023-06-23 20:00:00-03:00,0.0,0.0,0.0,-1.741
2023-06-23 21:00:00-03:00,0.0,0.0,0.0,-1.94
2023-06-23 22:00:00-03:00,0.0,0.0,0.0,-2.082
2023-06-23 23:00:00-03:00,0.0,0.0,0.0,-2.213
2023-06-24 00:00:00-03:00,0.0,0.0,0.0,-2.206
2023-06-24 01:00:00-03:00,0.0,0.0,0.0,-2.153
2023-06-24 02:00:00-03:00,0.0,0.0,0.0,-1.8860000000000001
2023-06-24 03:00:00-03:00,0.0,0.0,0.0,-1.638
2023-06-24 04:00:00-03:00,0.0,0.0,0.0,-1.6280000000000001
2023-06-24 05:00:00-03:00,0.0,0.0,0.0,-1.453
2023-06-24 06:00:00-03:00,0.0,0.0,0.0,-1.121
2023-06-24 07:00:00-03:00,0.0,0.0,0.0,-0.775
2023-06-24 08:00:00-03:00,0.0,0.0,0.0,-0.7030000000000001
2023-06-24 09:00:00-03:00,0.0,0.0,0.0,-0.7010000000000001
2023-06-24 10:00:00-03:00,0.007,0.006,0.011,-0.666
2023-06-24 11:00:00-03:00,0.044,0.016,0.043000000000000003,-0.372
2023-06-24 12:00:00-03:00,0.113,0.047,0.085,0.25
2023-06-24 13:00:00-03:00,0.178,0.09,0.108,0.919
2023-06-24 14:00:00-03:00,0.232,0.149,0.105,1.3980000000000001
2023-06-24 15:00:00-03:00,0.23,0.17200000000000001,0.08,1.583
2023-06-24 16:00:00-03:00,0.128,0.10400000000000001,0.043000000000000003,0.619
2023-06-24 17:00:00-03:00,0.004,0.008,0.004,-1.117
2023-06-24 18:00:00-03:00,0.0,0.0,0.0,-0.897
2023-06-24 19:00:00-03:00,0.0,0.0,0.0,-0.728
2023-06-24 20:00:00-03:00,0.0,0.0,0.0,-0.901
2023-06-24 21:00:00-03:00,0.0,0.0,0.0,-1.195
2023-06-24 22:00:00-03:00,0.0,0.0,0.0,-1.2530000000000001
2023-06-24 23:00:00-03:00,0.0,0.0,0.0,-1.451
2023-06-25 00:00:00-03:00,0.0,0.0,0.0,-1.682
2023-06-25 01:00:00-03:00,0.0,0.0,0.0,-1.827
2023-06-25 02:00:00-03:00,0.0,0.0,0.0,-1.8519999999999999
2023-06-25 03:00:00-03:00,0.0,0.0,0.0,-1.6059999999999999
2023-06-25 04:00:00-03:00,0.0,0.0,0.0,-1.2650000000000001
2023-06-25 05:00:00-03:00,0.0,0.0,0.0,-0.999
2023-06-25 06:00:00-03:00,0.0,0.0,0.0,-1.021
2023-06-25 07:00:00-03:00,0.0,0.0,0.0,-1.271
2023-06-25 08:00:00-03:00,0.0,0.0,0.0,-1.549
2023-06-25 09:00:00-03:00,0.0,0.0,0.0,-1.7149999999999999
2023-06-25 10:00:00-03:00,0.048,0.043000000000000003,0.021,-1.367
2023-06-25 11:00:00-03:00,0.156,0.111,0.063,-0.47800000000000004
2023-06-25 12:00:00-03:00,0.252,0.18,0.093,0.116
2023-06-25 13:00:00-03:00,0.301,0.22,0.105,0.5640000000000001
2023-06-25 14:00:00-03:00,0.304,0.229,0.099,0.929
2023-06-25 15:00:00-03:00,0.225,0.167,0.079,0.882
2023-06-25 16:00:00-03:00,0.07100000000000001,0.051000000000000004,0.037,0.312
2023-06-25 17:00:00-03:00,0.001,0.004,0.003,-0.8230000000000001
2023-06-25 18:00:00-03:00,0.0,0.0,0.0,-1.292
2023-06-25 19:00:00-03:00,0.0,0.0,0.0,-1.429
2023-06-25 20:00:00-03:00,0.0,0.0,0.0,-1.6139999999999999
2023-06-25 21:00:00-03:00,0.0,0.0,0.0,-1.733
2023-06-25 22:00:00-03:00,0.0,0.0,0.0,-1.87
2023-06-25 23:00:00-03:00,0.0,0.0,0.0,-1.763
2023-06-26 00:00:00-03:00,0.0,0.0,0.0,-1.717
2023-06-26 01:00:00-03:00,0.0,0.0,0.0,-1.599
2023-06-26 02:00:00-03:00,0.0,0.0,0.0,-1.3780000000000001
2023-06-26 03:00:00-03:00,0.0,0.0,0.0,-1.077
2023-06-26 04:00:00-03:00,0.0,0.0,0.0,-0.668
2023-06-26 05:00:00-03:00,0.0,0.0,0.0,-0.231
2023-06-26 06:00:00-03:00,0.0,0.0,0.0,0.184
2023-06-26 07:00:00-03:00,0.0,0.0,0.0,0.452
2023-06-26 08:00:00-03:00,0.0,0.0,0.0,0.593
2023-06-26 09:00:00-03:00,0.0,0.0,0.0,0.626
2023-06-26 10:00:00-03:00,0.001,0.001,0.006,0.763
2023-06-26 11:00:00-03:00,0.01,0.002,0.02,0.898
2023-06-26 12:00:00-03:00,0.019,0.002,0.031,0.977
2023-06-26 13:00:00-03:00,0.023,0.002,0.035,1.02
2023-06-26 14:00:00-03:00,0.023,0.002,0.035,0.963
2023-06-26 15:00:00-03:00,0.015,0.002,0.026000000000000002,0.805
2023-06-26 16:00:00-03:00,0.005,0.001,0.013000000000000001,0.5650000000000001
2023-06-26 17:00:00-03:00,0.0,0.0,0.001,0.163
2023-06-26 18:00:00-03:00,0.0,0.0,0.0,-0.128
2023-06-26 19:00:00-03:00,0.0,0.0,0.0,-0.30000000000000004
2023-06-26 20:00:00-03:00,0.0,0.0,0.0,-0.436
2023-06-26 21:00:00-03:00,0.0,0.0,0.0,-0.535
2023-06-26 22:00:00-03:00,0.0,0.0,0.0,-0.7030000000000001
2023-06-26 23:00:00-03:00,0.0,0.0,0.0,-0.911
2023-06-27 00:00:00-03:00,0.0,0.0,0.0,-1.054
2023-06-27 01:00:00-03:00,0.0,0.0,0.0,-1.189
2023-06-27 02:00:00-03:00,0.0,0.0,0.0,-1.302
2023-06-27 03:00:00-03:00,0.0,0.0,0.0,-1.3780000000000001
2023-06-27 04:00:00-03:00,0.0,0.0,0.0,-1.4140000000000001
2023-06-27 05:00:00-03:00,0.0,0.0,0.0,-1.421
2023-06-27 06:00:00-03:00,0.0,0.0,0.0,-1.38
2023-06-27 07:00:00-03:00,0.0,0.0,0.0,-1.324
2023-06-27 08:00:00-03:00,0.0,0.0,0.0,-1.254
2023-06-27 09:00:00-03:00,0.0,0.0,0.0,-1.148
2023-06-27 10:00:00-03:00,0.002,0.002,0.007,-0.964
2023-06-27 11:00:00-03:00,0.015,0.003,0.025,-0.605
2023-06-27 12:00:00-03:00,0.03,0.003,0.041,-0.224
2023-06-27 13:00:00-03:00,0.038,0.004,0.05,0.067
2023-06-27 14:00:00-03:00,0.034,0.003,0.046,0.201
2023-06-27 15:00:00-03:00,0.02,0.003,0.031,0.158
2023-06-27 16:00:00-03:00,0.005,0.002,0.013000000000000001,-0.027
2023-06-27 17:00:00-03:00,0.0,0.0,0.001,-0.301
2023-06-27 18:00:00-03:00,0.0,0.0,0.0,-0.34
2023-06-27 19:00:00-03:00,0.0,0.0,0.0,-0.304
2023-06-27 20:00:00-03:00,0.0,0.0,0.0,-0.319
2023-06-27 21:00:00-03:00,0.0,0.0,0.0,-0.383
2023-06-27 22:00:00-03:00,0.0,0.0,0.0,-0.493
2023-06-27 23:00:00-03:00,0.0,0.0,0.0,-0.631
2023-06-28 00:00:00-03:00,0.0,0.0,0.0,-0.786
2023-06-28 01:00:00-03:00,0.0,0.0,0.0,-0.9480000000000001
2023-06-28 02:00:00-03:00,0.0,0.0,0.0,-1.074
2023-06-28 03:00:00-03:00,0.0,0.0,0.0,-1.1320000000000001
2023-06-28 04:00:00-03:00,0.0,0.0,0.0,-1.26
2023-06-28 05:00:00-03:00,0.0,0.0,0.0,-1.473
2023-06-28 06:00:00-03:00,0.0,0.0,0.0,-1.671
2023-06-28 07:00:00-03:00,0.0,0.0,0.0,-1.762
2023-06-28 08:00:00-03:00,0.0,0.0,0.0,-1.931
2023-06-28 09:00:00-03:00,0.0,0.0,0.0,-2.057
2023-06-28 10:00:00-03:00,0.015,0.012,0.016,-1.9220000000000002
2023-06-28 11:00:00-03:00,0.07,0.032,0.054,-1.147
2023-06-28 12:00:00-03:00,0.14400000000000002,0.069,0.093,-0.034
2023-06-28 13:00:00-03:00,0.158,0.07,0.107,0.456
2023-06-28 14:00:00-03:00,0.14300000000000002,0.063,0.1,0.61
2023-06-28 15:00:00-03:00,0.107,0.051000000000000004,0.074,0.585
2023-06-28 16:00:00-03:00,0.045,0.026000000000000002,0.035,0.233
2023-06-28 17:00:00-03:00,0.0,0.003,0.003,-0.718
2023-06-28 18:00:00-03:00,0.0,0.0,0.0,-1.42
2023-06-28 19:00:00-03:00,0.0,0.0,0.0,-1.573
2023-06-28 20:00:00-03:00,0.0,0.0,0.0,-1.396
2023-06-28 21:00:00-03:00,0.0,0.0,0.0,-1.165
2023-06-28 22:00:00-03:00,0.0,0.0,0.0,-0.918
2023-06-28 23:00:00-03:00,0.0,0.0,0.0,-0.587
2023-06-29 00:00:00-03:00,0.0,0.0,0.0,-0.424
2023-06-29 01:00:00-03:00,0.0,0.0,0.0,-0.455
2023-06-29 02:00:00-03:00,0.0,0.0,0.0,-0.429
2023-06-29 03:00:00-03:00,0.0,0.0,0.0,-0.523
2023-06-29 04:00:00-03:00,0.0,0.0,0.0,-0.627
2023-06-29 05:00:00-03:00,0.0,0.0,0.0,-0.64
2023-06-29 06:00:00-03:00,0.0,0.0,0.0,-0.524
2023-06-29 07:00:00-03:00,0.0,0.0,0.0,-0.388
2023-06-29 08:00:00-03:00,0.0,0.0,0.0,-0.34400000000000003
2023-06-29 09:00:00-03:00,0.0,0.0,0.0,-0.362
2023-06-29 10:00:00-03:00,0.015,0.012,0.015,-0.303
2023-06-29 11:00:00-03:00,0.065,0.031,0.051000000000000004,-0.155
2023-06-29 12:00:00-03:00,0.157,0.084,0.091,-0.136
2023-06-29 13:00:00-03:00,0.258,0.171,0.109,0.099
2023-06-29 14:00:00-03:00,0.338,0.267,0.097,0.355
2023-06-29 15:00:00-03:00,0.318,0.268,0.074,0.394
2023-06-29 16:00:00-03:00,0.217,0.194,0.043000000000000003,-0.585
2023-06-29 17:00:00-03:00,0.015,0.022,0.005,-2.023
2023-06-29 18:00:00-03:00,0.0,0.0,0.0,-3.156
2023-06-29 19:00:00-03:00,0.0,0.0,0.0,-3.993
2023-06-29 20:00:00-03:00,0.0,0.0,0.0,-4.591
2023-06-29 21:00:00-03:00,0.0,0.0,0.0,-4.985
2023-06-29 22:00:00-03:00,0.0,0.0,0.0,-5.037
2023-06-29 23:00:00-03:00,0.0,0.0,0.0,-5.0
2023-06-30 00:00:00-03:00,0.0,0.0,0.0,-5.15
2023-06-30 01:00:00-03:00,0.0,0.0,0.0,-5.503
2023-06-30 02:00:00-03:00,0.0,0.0,0.0,-5.629
2023-06-30 03:00:00-03:00,0.0,0.0,0.0,-5.456
2023-06-30 04:00:00-03:00,0.0,0.0,0.0,-5.339
2023-06-30 05:00:00-03:00,0.0,0.0,0.0,-5.2620000000000005
2023-06-30 06:00:00-03:00,0.0,0.0,0.0,-5.081
2023-06-30 07:00:00-03:00,0.0,0.0,0.0,-4.703
2023-06-30 08:00:00-03:00,0.0,0.0,0.0,-4.522
2023-06-30 09:00:00-03:00,0.0,0.0,0.0,-4.337
2023-06-30 10:00:00-03:00,0.043000000000000003,0.036000000000000004,0.023,-3.7039999999999997
2023-06-30 11:00:00-03:00,0.09,0.046,0.06,-2.064
2023-06-30 12:00:00-03:00,0.112,0.042,0.08700000000000001,-0.925
2023-06-30 13:00:00-03:00,0.132,0.045,0.105,-0.10300000000000001
2023-06-30 14:00:00-03:00,0.07100000000000001,0.014,0.073,0.291
2023-06-30 15:00:00-03:00,0.021,0.003,0.031,0.457
2023-06-30 16:00:00-03:00,0.005,0.002,0.012,0.525
2023-06-30 17:00:00-03:00,0.0,0.0,0.001,0.343
2023-06-30 18:00:00-03:00,0.0,0.0,0.0,-0.10400000000000001
2023-06-30 19:00:00-03:00,0.0,0.0,0.0,-0.893
2023-06-30 20:00:00-03:00,0.0,0.0,0.0,-2.004
2023-06-30 21:00:00-03:00,0.0,0.0,0.0,-2.9370000000000003
2023-06-30 22:00:00-03:00,0.0,0.0,0.0,-3.303
2023-06-30 23:00:00-03:00,0.0,0.0,0.0,-3.333
2023-07-01 00:00:00-03:00,0.0,0.0,0.0,-3.395
2023-07-01 01:00:00-03:00,0.0,0.0,0.0,-3.589
2023-07-01 02:00:00-03:00,0.0,0.0,0.0,-4.036
2023-07-01 03:00:00-03:00,0.0,0.0,0.0,-4.08
2023-07-01 04:00:00-03:00,0.0,0.0,0.0,-4.416
2023-07-01 05:00:00-03:00,0.0,0.0,0.0,-4.505
2023-07-01 06:00:00-03:00,0.0,0.0,0.0,-5.057
2023-07-01 07:00:00-03:00,0.0,0.0,0.0,-5.235
2023-07-01 08:00:00-03:00,0.0,0.0,0.0,-3.984
2023-07-01 09:00:00-03:00,0.0,0.0,0.0,-3.2800000000000002
2023-07-01 10:00:00-03:00,0.007,0.004,0.012,-3.004
2023-07-01 11:00:00-03:00,0.025,0.005,0.033,-2.249
2023-07-01 12:00:00-03:00,0.041,0.006,0.051000000000000004,-1.205
2023-07-01 13:00:00-03:00,0.053,0.006,0.063,-0.15
2023-07-01 14:00:00-03:00,0.034,0.003,0.046,0.526
2023-07-01 15:00:00-03:00,0.018000000000000002,0.002,0.029,0.706
2023-07-01 16:00:00-03:00,0.003,0.001,0.01,0.76
2023-07-01 17:00:00-03:00,0.0,0.0,0.001,0.799
2023-07-01 18:00:00-03:00,0.0,0.0,0.0,0.63
2023-07-01 19:00:00-03:00,0.0,0.0,0.0,1.068
2023-07-01 20:00:00-03:00,0.0,0.0,0.0,1.745
2023-07-01 21:00:00-03:00,0.0,0.0,0.0,1.509
2023-07-01 22:00:00-03:00,0.0,0.0,0.0,1.274
2023-07-01 23:00:00-03:00,0.0,0.0,0.0,0.925
2023-07-02 00:00:00-03:00,0.0,0.0,0.0,0.674
2023-07-02 01:00:00-03:00,0.0,0.0,0.0,0.542
2023-07-02 02:00:00-03:00,0.0,0.0,0.0,0.494
2023-07-02 03:00:00-03:00,0.0,0.0,0.0,0.316
2023-07-02 04:00:00-03:00,0.0,0.0,0.0,-0.112
2023-07-02 05:00:00-03:00,0.0,0.0,0.0,-0.709
2023-07-02 06:00:00-03:00,0.0,0.0,0.0,-1.123
2023-07-02 07:00:00-03:00,0.0,0.0,0.0,-0.9540000000000001
2023-07-02 08:00:00-03:00,0.0,0.0,0.0,-0.711
2023-07-02 09:00:00-03:00,0.0,0.0,0.0,-0.655
2023-07-02 10:00:00-03:00,0.053,0.046,0.023,-0.201
2023-07-02 11:00:00-03:00,0.149,0.10300000000000001,0.065,0.88
2023-07-02 12:00:00-03:00,0.14100000000000001,0.07200000000000001,0.088,1.5310000000000001
2023-07-02 13:00:00-03:00,0.23,0.14300000000000002,0.109,1.767
2023-07-02 14:00:00-03:00,0.442,0.393,0.088,1.9929999999999999
2023-07-02 15:00:00-03:00,0.259,0.203,0.079,1.874
2023-07-02 16:00:00-03:00,0.093,0.07,0.041,1.445
2023-07-02 17:00:00-03:00,0.003,0.007,0.004,0.518
2023-07-02 18:00:00-03:00,0.0,0.0,0.0,0.602
2023-07-02 19:00:00-03:00,0.0,0.0,0.0,0.621
2023-07-02 20:00:00-03:00,0.0,0.0,0.0,0.105
2023-07-02 21:00:00-03:00,0.0,0.0,0.0,-0.44
2023-07-02 22:00:00-03:00,0.0,0.0,0.0,-0.621
2023-07-02 23:00:00-03:00,0.0,0.0,0.0,-0.678
2023-07-03 00:00:00-03:00,0.0,0.0,0.0,-0.522
2023-07-03 01:00:00-03:00,0.0,0.0,0.0,-0.243
2023-07-03 02:00:00-03:00,0.0,0.0,0.0,-0.05
2023-07-03 03:00:00-03:00,0.0,0.0,0.0,-0.241
2023-07-03 04:00:00-03:00,0.0,0.0,0.0,-0.635
2023-07-03 05:00:00-03:00,0.0,0.0,0.0,-1.1
2023-07-03 06:00:00-03:00,0.0,0.0,0.0,-1.617
2023-07-03 07:00:00-03:00,0.0,0.0,0.0,-1.794
2023-07-03 08:00:00-03:00,0.0,0.0,0.0,-2.019
2023-07-03 09:00:00-03:00,0.0,0.0,0.0,-2.26
2023-07-03 10:00:00-03:00,0.011,0.008,0.014,-2.106
2023-07-03 11:00:00-03:00,0.051000000000000004,0.019,0.047,-1.095
2023-07-03 12:00:00-03:00,0.092,0.032,0.078,-0.187
2023-07-03 13:00:00-03:00,0.213,0.12,0.114,0.804
2023-07-03 14:00:00-03:00,0.321,0.243,0.10400000000000001,1.504
2023-07-03 15:00:00-03:00,0.273,0.215,0.082,1.79
2023-07-03 16:00:00-03:00,0.108,0.083,0.044,1.34
2023-07-03 17:00:00-03:00,0.004,0.008,0.004,0.32
2023-07-03 18:00:00-03:00,0.0,0.0,0.0,-0.191
2023-07-03 19:00:00-03:00,0.0,0.0,0.0,-0.419
2023-07-03 20:00:00-03:00,0.0,0.0,0.0,-0.623
2023-07-03 21:00:00-03:00,0.0,0.0,0.0,-1.186
2023-07-03 22:00:00-03:00,0.0,0.0,0.0,-1.751
2023-07-03 23:00:00-03:00,0.0,0.0,0.0,-2.296
2023-07-04 00:00:00-03:00,0.0,0.0,0.0,-2.856
2023-07-04 01:00:00-03:00,0.0,0.0,0.0,-3.335
2023-07-04 02:00:00-03:00,0.0,0.0,0.0,-3.659
2023-07-04 03:00:00-03:00,0.0,0.0,0.0,-4.083
2023-07-04 04:00:00-03:00,0.0,0.0,0.0,-4.476
2023-07-04 05:00:00-03:00,0.0,0.0,0.0,-4.54
2023-07-04 06:00:00-03:00,0.0,0.0,0.0,-4.268
2023-07-04 07:00:00-03:00,0.0,0.0,0.0,-3.775
2023-07-04 08:00:00-03:00,0.0,0.0,0.0,-3.669
2023-07-04 09:00:00-03:00,0.0,0.001,0.0,-4.2780000000000005
2023-07-04 10:00:00-03:00,0.183,0.17200000000000001,0.026000000000000002,-4.274
2023-07-04 11:00:00-03:00,0.365,0.329,0.058,-2.599
2023-07-04 12:00:00-03:00,0.40700000000000003,0.359,0.078,-0.674
2023-07-04 13:00:00-03:00,0.517,0.49,0.074,0.593
2023-07-04 14:00:00-03:00,0.5,0.47400000000000003,0.07200000000000001,1.18
2023-07-04 15:00:00-03:00,0.356,0.315,0.069,1.086
2023-07-04 16:00:00-03:00,0.17300000000000001,0.149,0.043000000000000003,-0.28200000000000003
2023-07-04 17:00:00-03:00,0.015,0.021,0.005,-2.377
2023-07-04 18:00:00-03:00,0.0,0.0,0.0,-3.3
2023-07-04 19:00:00-03:00,0.0,0.0,0.0,-3.191
2023-07-04 20:00:00-03:00,0.0,0.0,0.0,-2.45
2023-07-04 21:00:00-03:00,0.0,0.0,0.0,-1.704
2023-07-04 22:00:00-03:00,0.0,0.0,0.0,-1.874
2023-07-04 23:00:00-03:00,0.0,0.0,0.0,-2.273
2023-07-05 00:00:00-03:00,0.0,0.0,0.0,-2.532
2023-07-05 01:00:00-03:00,0.0,0.0,0.0,-2.8890000000000002
2023-07-05 02:00:00-03:00,0.0,0.0,0.0,-2.92
2023-07-05 03:00:00-03:00,0.0,0.0,0.0,-2.976
2023-07-05 04:00:00-03:00,0.0,0.0,0.0,-3.918
2023-07-05 05:00:00-03:00,0.0,0.0,0.0,-4.583
2023-07-05 06:00:00-03:00,0.0,0.0,0.0,-4.648
2023-07-05 07:00:00-03:00,0.0,0.0,0.0,-4.6690000000000005
2023-07-05 08:00:00-03:00,0.0,0.0,0.0,-4.878
2023-07-05 09:00:00-03:00,0.0,0.001,0.0,-5.171
2023-07-05 10:00:00-03:00,0.14200000000000002,0.129,0.028,-4.568
2023-07-05 11:00:00-03:00,0.312,0.267,0.065,-2.572
2023-07-05 12:00:00-03:00,0.301,0.228,0.095,-0.528
2023-07-05 13:00:00-03:00,0.27,0.18,0.112,0.364
2023-07-05 14:00:00-03:00,0.194,0.109,0.106,0.631
2023-07-05 15:00:00-03:00,0.115,0.058,0.076,0.653
2023-07-05 16:00:00-03:00,0.031,0.016,0.031,0.494
2023-07-05 17:00:00-03:00,0.0,0.002,0.003,0.226
2023-07-05 18:00:00-03:00,0.0,0.0,0.0,0.005
2023-07-05 19:00:00-03:00,0.0,0.0,0.0,-0.268
2023-07-05 20:00:00-03:00,0.0,0.0,0.0,-0.453
2023-07-05 21:00:00-03:00,0.0,0.0,0.0,-0.63
2023-07-05 22:00:00-03:00,0.0,0.0,0.0,-0.979
2023-07-05 23:00:00-03:00,0.0,0.0,0.0,-1.483
2023-07-06 00:00:00-03:00,0.0,0.0,0.0,-2.123
2023-07-06 01:00:00-03:00,0.0,0.0,0.0,-2.926
2023-07-06 02:00:00-03:00,0.0,0.0,0.0,-3.459
2023-07-06 03:00:00-03:00,0.0,0.0,0.0,-3.688
2023-07-06 04:00:00-03:00,0.0,0.0,0.0,-3.753
2023-07-06 05:00:00-03:00,0.0,0.0,0.0,-3.588
2023-07-06 06:00:00-03:00,0.0,0.0,0.0,-3.424
2023-07-06 07:00:00-03:00,0.0,0.0,0.0,-3.539
2023-07-06 08:00:00-03:00,0.0,0.0,0.0,-3.911
2023-07-06 09:00:00-03:00,0.0,0.001,0.0,-4.431
2023-07-06 10:00:00-03:00,0.147,0.136,0.026000000000000002,-4.297
2023-07-06 11:00:00-03:00,0.396,0.365,0.055,-2.607
2023-07-06 12:00:00-03:00,0.562,0.555,0.059000000000000004,-0.661
2023-07-06 13:00:00-03:00,0.598,0.602,0.058,0.598
2023-07-06 14:00:00-03:00,0.585,0.588,0.057,0.879
2023-07-06 15:00:00-03:00,0.512,0.506,0.053,0.615
2023-07-06 16:00:00-03:00,0.33,0.315,0.039,-0.649
2023-07-06 17:00:00-03:00,0.033,0.042,0.006,-2.808
2023-07-06 18:00:00-03:00,0.0,0.0,0.0,-3.791
2023-07-06 19:00:00-03:00,0.0,0.0,0.0,-4.125
2023-07-06 20:00:00-03:00,0.0,0.0,0.0,-4.344
2023-07-06 21:00:00-03:00,0.0,0.0,0.0,-4.463
2023-07-06 22:00:00-03:00,0.0,0.0,0.0,-4.525
2023-07-06 23:00:00-03:00,0.0,0.0,0.0,-4.148
2023-07-07 00:00:00-03:00,0.0,0.0,0.0,-3.535
2023-07-07 01:00:00-03:00,0.0,0.0,0.0,-2.92
2023-07-07 02:00:00-03:00,0.0,0.0,0.0,-2.525
2023-07-07 03:00:00-03:00,0.0,0.0,0.0,-2.44
2023-07-07 04:00:00-03:00,0.0,0.0,0.0,-2.625
2023-07-07 05:00:00-03:00,0.0,0.0,0.0,-2.81
2023-07-07 06:00:00-03:00,0.0,0.0,0.0,-2.673
2023-07-07 07:00:00-03:00,0.0,0.0,0.0,-2.523
2023-07-07 08:00:00-03:00,0.0,0.0,0.0,-3.033
2023-07-07 09:00:00-03:00,0.0,0.001,0.0,-3.282
2023-07-07 10:00:00-03:00,0.085,0.075,0.026000000000000002,-2.746
2023-07-07 11:00:00-03:00,0.191,0.14300000000000002,0.066,-1.381
2023-07-07 12:00:00-03:00,0.289,0.218,0.093,-0.37
2023-07-07 13:00:00-03:00,0.427,0.368,0.093,0.23800000000000002
2023-07-07 14:00:00-03:00,0.47400000000000003,0.433,0.081,0.633
2023-07-07 15:00:00-03:00,0.325,0.276,0.075,0.553
2023-07-07 16:00:00-03:00,0.177,0.15,0.045,-0.33
2023-07-07 17:00:00-03:00,0.02,0.027,0.006,-2.491
2023-07-07 18:00:00-03:00,0.0,0.0,0.0,-3.39
2023-07-07 19:00:00-03:00,0.0,0.0,0.0,-3.374
2023-07-07 20:00:00-03:00,0.0,0.0,0.0,-3.378
2023-07-07 21:00:00-03:00,0.0,0.0,0.0,-3.572
2023-07-07 22:00:00-03:00,0.0,0.0,0.0,-3.529
2023-07-07 23:00:00-03:00,0.0,0.0,0.0,-3.351
2023-07-08 00:00:00-03:00,0.0,0.0,0.0,-3.435
2023-07-08 01:00:00-03:00,0.0,0.0,0.0,-3.555
2023-07-08 02:00:00-03:00,0.0,0.0,0.0,-3.654
2023-07-08 03:00:00-03:00,0.0,0.0,0.0,-3.693
2023-07-08 04:00:00-03:00,0.0,0.0,0.0,-3.618
2023-07-08 05:00:00-03:00,0.0,0.0,0.0,-3.507
2023-07-08 06:00:00-03:00,0.0,0.0,0.0,-3.42
2023-07-08 07:00:00-03:00,0.0,0.0,0.0,-3.275
2023-07-08 08:00:00-03:00,0.0,0.0,0.0,-3.402
2023-07-08 09:00:00-03:00,0.0,0.001,0.0,-3.86
2023-07-08 10:00:00-03:00,0.22,0.20800000000000002,0.027,-3.567
2023-07-08 11:00:00-03:00,0.486,0.47300000000000003,0.05,-1.891
2023-07-08 12:00:00-03:00,0.589,0.592,0.055,-0.301
2023-07-08 13:00:00-03:00,0.614,0.624,0.056,0.645
2023-07-08 14:00:00-03:00,0.589,0.595,0.056,1.058
2023-07-08 15:00:00-03:00,0.506,0.498,0.054,0.961
2023-07-08 16:00:00-03:00,0.307,0.289,0.04,-0.541
2023-07-08 17:00:00-03:00,0.029,0.036000000000000004,0.006,-2.783
2023-07-08 18:00:00-03:00,0.0,0.0,0.0,-3.584
2023-07-08 19:00:00-03:00,0.0,0.0,0.0,-3.54
2023-07-08 20:00:00-03:00,0.0,0.0,0.0,-3.436
2023-07-08 21:00:00-03:00,0.0,0.0,0.0,-3.462
2023-07-08 22:00:00-03:00,0.0,0.0,0.0,-3.654
2023-07-08 23:00:00-03:00,0.0,0.0,0.0,-3.857
2023-07-09 00:00:00-03:00,0.0,0.0,0.0,-4.018
2023-07-09 01:00:00-03:00,0.0,0.0,0.0,-4.223
2023-07-09 02:00:00-03:00,0.0,0.0,0.0,-4.427
2023-07-09 03:00:00-03:00,0.0,0.0,0.0,-4.298
2023-07-09 04:00:00-03:00,0.0,0.0,0.0,-4.041
2023-07-09 05:00:00-03:00,0.0,0.0,0.0,-3.896
2023-07-09 06:00:00-03:00,0.0,0.0,0.0,-3.839
2023-07-09 07:00:00-03:00,0.0,0.0,0.0,-3.943
2023-07-09 08:00:00-03:00,0.0,0.0,0.0,-4.07
2023-07-09 09:00:00-03:00,0.0,0.001,0.0,-4.016
2023-07-09 10:00:00-03:00,0.122,0.11,0.028,-3.318
2023-07-09 11:00:00-03:00,0.396,0.363,0.059000000000000004,-1.824
2023-07-09 12:00:00-03:00,0.535,0.516,0.066,-0.584
2023-07-09 13:00:00-03:00,0.5670000000000001,0.554,0.068,0.277
2023-07-09 14:00:00-03:00,0.544,0.529,0.067,0.866
2023-07-09 15:00:00-03:00,0.445,0.417,0.065,0.896
2023-07-09 16:00:00-03:00,0.14400000000000002,0.117,0.045,0.276
2023-07-09 17:00:00-03:00,0.005,0.009000000000000001,0.005,-0.529
2023-07-09 18:00:00-03:00,0.0,0.0,0.0,-0.386
2023-07-09 19:00:00-03:00,0.0,0.0,0.0,-0.178
2023-07-09 20:00:00-03:00,0.0,0.0,0.0,-0.21
2023-07-09 21:00:00-03:00,0.0,0.0,0.0,-0.267
2023-07-09 22:00:00-03:00,0.0,0.0,0.0,-0.40900000000000003
2023-07-09 23:00:00-03:00,0.0,0.0,0.0,-0.508
2023-07-10 00:00:00-03:00,0.0,0.0,0.0,-0.629
2023-07-10 01:00:00-03:00,0.0,0.0,0.0,-0.88
2023-07-10 02:00:00-03:00,0.0,0.0,0.0,-1.541
2023-07-10 03:00:00-03:00,0.0,0.0,0.0,-2.122
2023-07-10 04:00:00-03:00,0.0,0.0,0.0,-2.385
2023-07-10 05:00:00-03:00,0.0,0.0,0.0,-2.571
2023-07-10 06:00:00-03:00,0.0,0.0,0.0,-2.7279999999999998
2023-07-10 07:00:00-03:00,0.0,0.0,0.0,-2.9
2023-07-10 08:00:00-03:00,0.0,0.0,0.0,-3.124
2023-07-10 09:00:00-03:00,0.0,0.0,0.0,-3.365
2023-07-10 10:00:00-03:00,0.041,0.032,0.024,-3.061
2023-07-10 11:00:00-03:00,0.123,0.074,0.066,-1.909
2023-07-10 12:00:00-03:00,0.221,0.139,0.101,-0.8150000000000001
2023-07-10 13:00:00-03:00,0.28800000000000003,0.196,0.115,0.158
2023-07-10 14:00:00-03:00,0.297,0.212,0.108,0.664
2023-07-10 15:00:00-03:00,0.231,0.166,0.08600000000000001,0.667
2023-07-10 16:00:00-03:00,0.10300000000000001,0.074,0.047,-0.339
2023-07-10 17:00:00-03:00,0.006,0.009000000000000001,0.006,-2.017
2023-07-10 18:00:00-03:00,0.0,0.0,0.0,-2.588
2023-07-10 19:00:00-03:00,0.0,0.0,0.0,-2.479
2023-07-10 20:00:00-03:00,0.0,0.0,0.0,-2.408
2023-07-10 21:00:00-03:00,0.0,0.0,0.0,-2.407
2023-07-10 22:00:00-03:00,0.0,0.0,0.0,-2.432
2023-07-10 23:00:00-03:00,0.0,0.0,0.0,-2.483
2023-07-11 00:00:00-03:00,0.0,0.0,0.0,-2.5380000000000003
2023-07-11 01:00:00-03:00,0.0,0.0,0.0,-2.533
2023-07-11 02:00:00-03:00,0.0,0.0,0.0,-2.583
2023-07-11 03:00:00-03:00,0.0,0.0,0.0,-2.722
2023-07-11 04:00:00-03:00,0.0,0.0,0.0,-2.8609999999999998
2023-07-11 05:00:00-03:00,0.0,0.0,0.0,-2.98
2023-07-11 06:00:00-03:00,0.0,0.0,0.0,-3.07
2023-07-11 07:00:00-03:00,0.0,0.0,0.0,-3.062
2023-07-11 08:00:00-03:00,0.0,0.0,0.0,-3.187
2023-07-11 09:00:00-03:00,0.0,0.0,0.0,-3.331
2023-07-11 10:00:00-03:00,0.033,0.024,0.024,-3.31
2023-07-11 11:00:00-03:00,0.099,0.051000000000000004,0.065,-2.694
2023-07-11 12:00:00-03:00,0.154,0.073,0.099,-1.592
2023-07-11 13:00:00-03:00,0.181,0.083,0.116,-0.792
2023-07-11 14:00:00-03:00,0.162,0.07200000000000001,0.108,-0.422
2023-07-11 15:00:00-03:00,0.137,0.07100000000000001,0.085,-0.509
2023-07-11 16:00:00-03:00,0.062,0.036000000000000004,0.043000000000000003,-1.047
2023-07-11 17:00:00-03:00,0.004,0.007,0.006,-2.109
2023-07-11 18:00:00-03:00,0.0,0.0,0.0,-2.917
2023-07-11 19:00:00-03:00,0.0,0.0,0.0,-3.624
2023-07-11 20:00:00-03:00,0.0,0.0,0.0,-4.355
2023-07-11 21:00:00-03:00,0.0,0.0,0.0,-5.057
2023-07-11 22:00:00-03:00,0.0,0.0,0.0,-5.519
2023-07-11 23:00:00-03:00,0.0,0.0,0.0,-5.582
2023-07-12 00:00:00-03:00,0.0,0.0,0.0,-5.456
2023-07-12 01:00:00-03:00,0.0,0.0,0.0,-5.501
2023-07-12 02:00:00-03:00,0.0,0.0,0.0,-5.757
2023-07-12 03:00:00-03:00,0.0,0.0,0.0,-6.068
2023-07-12 04:00:00-03:00,0.0,0.0,0.0,-6.323
2023-07-12 05:00:00-03:00,0.0,0.0,0.0,-6.491
2023-07-12 06:00:00-03:00,0.0,0.0,0.0,-6.574
2023-07-12 07:00:00-03:00,0.0,0.0,0.0,-6.882
2023-07-12 08:00:00-03:00,0.0,0.0,0.0,-7.286
2023-07-12 09:00:00-03:00,0.0,0.003,0.001,-7.503
2023-07-12 10:00:00-03:00,0.218,0.201,0.03,-6.621
2023-07-12 11:00:00-03:00,0.442,0.41300000000000003,0.055,-4.335
2023-07-12 12:00:00-03:00,0.643,0.652,0.051000000000000004,-2.8200000000000003
2023-07-12 13:00:00-03:00,0.662,0.682,0.05,-1.545
2023-07-12 14:00:00-03:00,0.64,0.657,0.05,-0.652
2023-07-12 15:00:00-03:00,0.555,0.555,0.05,-0.505
2023-07-12 16:00:00-03:00,0.365,0.34900000000000003,0.04,-1.401
2023-07-12 17:00:00-03:00,0.054,0.061,0.008,-3.618
2023-07-12 18:00:00-03:00,0.0,0.0,0.0,-4.7940000000000005
2023-07-12 19:00:00-03:00,0.0,0.0,0.0,-4.9719999999999995
2023-07-12 20:00:00-03:00,0.0,0.0,0.0,-5.214
2023-07-12 21:00:00-03:00,0.0,0.0,0.0,-5.733
2023-07-12 22:00:00-03:00,0.0,0.0,0.0,-6.514
2023-07-12 23:00:00-03:00,0.0,0.0,0.0,-6.948
2023-07-13 00:00:00-03:00,0.0,0.0,0.0,-6.898
2023-07-13 01:00:00-03:00,0.0,0.0,0.0,-6.773
2023-07-13 02:00:00-03:00,0.0,0.0,0.0,-6.486
2023-07-13 03:00:00-03:00,0.0,0.0,0.0,-6.196
2023-07-13 04:00:00-03:00,0.0,0.0,0.0,-6.065
2023-07-13 05:00:00-03:00,0.0,0.0,0.0,-5.689
2023-07-13 06:00:00-03:00,0.0,0.0,0.0,-5.735
2023-07-13 07:00:00-03:00,0.0,0.0,0.0,-6.578
2023-07-13 08:00:00-03:00,0.0,0.0,0.0,-7.349
2023-07-13 09:00:00-03:00,0.0,0.001,0.001,-7.671
2023-07-13 10:00:00-03:00,0.052000000000000005,0.04,0.026000000000000002,-7.207
2023-07-13 11:00:00-03:00,0.156,0.10200000000000001,0.068,-5.586
2023-07-13 12:00:00-03:00,0.403,0.338,0.089,-3.401
2023-07-13 13:00:00-03:00,0.503,0.458,0.085,-1.393
2023-07-13 14:00:00-03:00,0.497,0.459,0.08,0.098
2023-07-13 15:00:00-03:00,0.418,0.382,0.07100000000000001,0.737
2023-07-13 16:00:00-03:00,0.252,0.225,0.048,0.045
2023-07-13 17:00:00-03:00,0.035,0.041,0.008,-1.662
2023-07-13 18:00:00-03:00,0.0,0.0,0.0,-2.6550000000000002
2023-07-13 19:00:00-03:00,0.0,0.0,0.0,-3.074
2023-07-13 20:00:00-03:00,0.0,0.0,0.0,-3.327
2023-07-13 21:00:00-03:00,0.0,0.0,0.0,-3.483
2023-07-13 22:00:00-03:00,0.0,0.0,0.0,-3.614
2023-07-13 23:00:00-03:00,0.0,0.0,0.0,-3.7640000000000002
2023-07-14 00:00:00-03:00,0.0,0.0,0.0,-3.852
2023-07-14 01:00:00-03:00,0.0,0.0,0.0,-3.865
2023-07-14 02:00:00-03:00,0.0,0.0,0.0,-3.859
2023-07-14 03:00:00-03:00,0.0,0.0,0.0,-3.834
2023-07-14 04:00:00-03:00,0.0,0.0,0.0,-3.773
2023-07-14 05:00:00-03:00,0.0,0.0,0.0,-3.599
2023-07-14 06:00:00-03:00,0.0,0.0,0.0,-3.669
2023-07-14 07:00:00-03:00,0.0,0.0,0.0,-3.92
2023-07-14 08:00:00-03:00,0.0,0.0,0.0,-4.663
2023-07-14 09:00:00-03:00,0.0,0.004,0.001,-5.386
2023-07-14 10:00:00-03:00,0.195,0.178,0.031,-5.426
2023-07-14 11:00:00-03:00,0.431,0.398,0.058,-3.876
2023-07-14 12:00:00-03:00,0.549,0.529,0.065,-1.816
2023-07-14 13:00:00-03:00,0.593,0.587,0.064,-0.395
2023-07-14 14:00:00-03:00,0.58,0.5750000000000001,0.062,0.164
2023-07-14 15:00:00-03:00,0.517,0.507,0.057,0.262
2023-07-14 16:00:00-03:00,0.352,0.334,0.043000000000000003,-0.961
2023-07-14 17:00:00-03:00,0.064,0.07100000000000001,0.009000000000000001,-3.395
2023-07-14 18:00:00-03:00,0.0,0.0,0.0,-4.41
2023-07-14 19:00:00-03:00,0.0,0.0,0.0,-4.43
2023-07-14 20:00:00-03:00,0.0,0.0,0.0,-4.7010000000000005
2023-07-14 21:00:00-03:00,0.0,0.0,0.0,-5.263
2023-07-14 22:00:00-03:00,0.0,0.0,0.0,-5.882
2023-07-14 23:00:00-03:00,0.0,0.0,0.0,-6.196
2023-07-15 00:00:00-03:00,0.0,0.0,0.0,-6.093
2023-07-15 01:00:00-03:00,0.0,0.0,0.0,-5.736
2023-07-15 02:00:00-03:00,0.0,0.0,0.0,-5.115
2023-07-15 03:00:00-03:00,0.0,0.0,0.0,-4.377
2023-07-15 04:00:00-03:00,0.0,0.0,0.0,-3.628
2023-07-15 05:00:00-03:00,0.0,0.0,0.0,-2.826
2023-07-15 06:00:00-03:00,0.0,0.0,0.0,-2.181
2023-07-15 07:00:00-03:00,0.0,0.0,0.0,-1.8719999999999999
2023-07-15 08:00:00-03:00,0.0,0.0,0.0,-1.9060000000000001
2023-07-15 09:00:00-03:00,0.0,0.001,0.001,-2.2880000000000003
2023-07-15 10:00:00-03:00,0.085,0.07200000000000001,0.03,-2.618
2023-07-15 11:00:00-03:00,0.318,0.27,0.068,-2.366
2023-07-15 12:00:00-03:00,0.589,0.578,0.064,-1.5230000000000001
2023-07-15 13:00:00-03:00,0.582,0.5670000000000001,0.07,-0.558
2023-07-15 14:00:00-03:00,0.53,0.503,0.075,-0.025
2023-07-15 15:00:00-03:00,0.403,0.36,0.073,0.076
2023-07-15 16:00:00-03:00,0.202,0.17,0.05,-0.361
2023-07-15 17:00:00-03:00,0.025,0.031,0.009000000000000001,-1.4
2023-07-15 18:00:00-03:00,0.0,0.0,0.0,-2.575
2023-07-15 19:00:00-03:00,0.0,0.0,0.0,-3.315
2023-07-15 20:00:00-03:00,0.0,0.0,0.0,-3.882
2023-07-15 21:00:00-03:00,0.0,0.0,0.0,-4.151
2023-07-15 22:00:00-03:00,0.0,0.0,0.0,-3.92
2023-07-15 23:00:00-03:00,0.0,0.0,0.0,-3.582
2023-07-16 00:00:00-03:00,0.0,0.0,0.0,-3.394
2023-07-16 01:00:00-03:00,0.0,0.0,0.0,-3.146
2023-07-16 02:00:00-03:00,0.0,0.0,0.0,-3.021
2023-07-16 03:00:00-03:00,0.0,0.0,0.0,-3.027
2023-07-16 04:00:00-03:00,0.0,0.0,0.0,-3.118
2023-07-16 05:00:00-03:00,0.0,0.0,0.0,-3.113
2023-07-16 06:00:00-03:00,0.0,0.0,0.0,-3.018
2023-07-16 07:00:00-03:00,0.0,0.0,0.0,-2.807
2023-07-16 08:00:00-03:00,0.0,0.0,0.0,-2.596
2023-07-16 09:00:00-03:00,0.0,0.001,0.001,-2.175
2023-07-16 10:00:00-03:00,0.035,0.023,0.026000000000000002,-1.354
2023-07-16 11:00:00-03:00,0.08600000000000001,0.038,0.065,-0.2
2023-07-16 12:00:00-03:00,0.128,0.049,0.097,0.627
2023-07-16 13:00:00-03:00,0.184,0.081,0.123,1.034
2023-07-16 14:00:00-03:00,0.153,0.061,0.111,1.294
2023-07-16 15:00:00-03:00,0.114,0.049,0.084,1.27
2023-07-16 16:00:00-03:00,0.051000000000000004,0.025,0.043000000000000003,1.101
2023-07-16 17:00:00-03:00,0.004,0.007,0.007,0.783
2023-07-16 18:00:00-03:00,0.0,0.0,0.0,0.613
2023-07-16 19:00:00-03:00,0.0,0.0,0.0,0.463
2023-07-16 20:00:00-03:00,0.0,0.0,0.0,0.027
2023-07-16 21:00:00-03:00,0.0,0.0,0.0,-0.718
2023-07-16 22:00:00-03:00,0.0,0.0,0.0,-0.906
2023-07-16 23:00:00-03:00,0.0,0.0,0.0,-0.268
2023-07-17 00:00:00-03:00,0.0,0.0,0.0,-0.025
2023-07-17 01:00:00-03:00,0.0,0.0,0.0,0.029
2023-07-17 02:00:00-03:00,0.0,0.0,0.0,0.06
2023-07-17 03:00:00-03:00,0.0,0.0,0.0,0.025
2023-07-17 04:00:00-03:00,0.0,0.0,0.0,-0.361
2023-07-17 05:00:00-03:00,0.0,0.0,0.0,-0.739
2023-07-17 06:00:00-03:00,0.0,0.0,0.0,-1.162
2023-07-17 07:00:00-03:00,0.0,0.0,0.0,-1.434
2023-07-17 08:00:00-03:00,0.0,0.0,0.0,-1.573
2023-07-17 09:00:00-03:00,0.0,0.002,0.001,-1.611
2023-07-17 10:00:00-03:00,0.058,0.045,0.03,-1.234
2023-07-17 11:00:00-03:00,0.195,0.14,0.074,-0.28300000000000003
2023-07-17 12:00:00-03:00,0.39,0.326,0.094,0.5720000000000001
2023-07-17 13:00:00-03:00,0.468,0.41400000000000003,0.095,1.26
2023-07-17 14:00:00-03:00,0.47200000000000003,0.426,0.088,1.62
2023-07-17 15:00:00-03:00,0.41400000000000003,0.373,0.076,1.62
2023-07-17 16:00:00-03:00,0.20500000000000002,0.17200000000000001,0.053,1.237
2023-07-17 17:00:00-03:00,0.024,0.028,0.009000000000000001,0.275
2023-07-17 18:00:00-03:00,0.0,0.0,0.0,-0.134
2023-07-17 19:00:00-03:00,0.0,0.0,0.0,-0.17
2023-07-17 20:00:00-03:00,0.0,0.0,0.0,-0.224
2023-07-17 21:00:00-03:00,0.0,0.0,0.0,-0.28
2023-07-17 22:00:00-03:00,0.0,0.0,0.0,-0.441
2023-07-17 23:00:00-03:00,0.0,0.0,0.0,-0.761
2023-07-18 00:00:00-03:00,0.0,0.0,0.0,-1.48
2023-07-18 01:00:00-03:00,0.0,0.0,0.0,-1.972
2023-07-18 02:00:00-03:00,0.0,0.0,0.0,-2.024
2023-07-18 03:00:00-03:00,0.0,0.0,0.0,-2.052
2023-07-18 04:00:00-03:00,0.0,0.0,0.0,-2.096
2023-07-18 05:00:00-03:00,0.0,0.0,0.0,-2.004
2023-07-18 06:00:00-03:00,0.0,0.0,0.0,-1.988
2023-07-18 07:00:00-03:00,0.0,0.0,0.0,-2.076
2023-07-18 08:00:00-03:00,0.0,0.0,0.0,-2.269
2023-07-18 09:00:00-03:00,0.0,0.003,0.002,-2.49
2023-07-18 10:00:00-03:00,0.077,0.062,0.032,-2.198
2023-07-18 11:00:00-03:00,0.149,0.095,0.07200000000000001,-1.184
2023-07-18 12:00:00-03:00,0.227,0.14400000000000002,0.10300000000000001,-0.092
2023-07-18 13:00:00-03:00,0.385,0.308,0.108,0.749
2023-07-18 14:00:00-03:00,0.532,0.506,0.078,1.351
2023-07-18 15:00:00-03:00,0.533,0.525,0.061,1.53
2023-07-18 16:00:00-03:00,0.384,0.368,0.045,0.354
2023-07-18 17:00:00-03:00,0.12,0.126,0.012,-2.303
2023-07-18 18:00:00-03:00,0.0,0.0,0.0,-3.7640000000000002
2023-07-18 19:00:00-03:00,0.0,0.0,0.0,-3.907
2023-07-18 20:00:00-03:00,0.0,0.0,0.0,-3.7439999999999998
2023-07-18 21:00:00-03:00,0.0,0.0,0.0,-3.409
2023-07-18 22:00:00-03:00,0.0,0.0,0.0,-2.946
2023-07-18 23:00:00-03:00,0.0,0.0,0.0,-2.781
2023-07-19 00:00:00-03:00,0.0,0.0,0.0,-2.602
2023-07-19 01:00:00-03:00,0.0,0.0,0.0,-2.38
2023-07-19 02:00:00-03:00,0.0,0.0,0.0,-2.129
2023-07-19 03:00:00-03:00,0.0,0.0,0.0,-2.155
2023-07-19 04:00:00-03:00,0.0,0.0,0.0,-2.551
2023-07-19 05:00:00-03:00,0.0,0.0,0.0,-3.252
2023-07-19 06:00:00-03:00,0.0,0.0,0.0,-4.516
2023-07-19 07:00:00-03:00,0.0,0.0,0.0,-5.389
2023-07-19 08:00:00-03:00,0.0,0.0,0.0,-5.791
2023-07-19 09:00:00-03:00,0.002,0.007,0.002,-5.436
2023-07-19 10:00:00-03:00,0.094,0.073,0.037,-3.622
2023-07-19 11:00:00-03:00,0.115,0.059000000000000004,0.073,-1.756
2023-07-19 12:00:00-03:00,0.109,0.034,0.093,-0.8260000000000001
2023-07-19 13:00:00-03:00,0.075,0.013000000000000001,0.08,-0.403
2023-07-19 14:00:00-03:00,0.058,0.009000000000000001,0.065,-0.08700000000000001
2023-07-19 15:00:00-03:00,0.152,0.075,0.095,0.34800000000000003
2023-07-19 16:00:00-03:00,0.111,0.074,0.056,0.385
2023-07-19 17:00:00-03:00,0.025,0.028,0.011,-0.9410000000000001
2023-07-19 18:00:00-03:00,0.0,0.0,0.0,-1.005
2023-07-19 19:00:00-03:00,0.0,0.0,0.0,0.522
2023-07-19 20:00:00-03:00,0.0,0.0,0.0,0.853
2023-07-19 21:00:00-03:00,0.0,0.0,0.0,1.025
2023-07-19 22:00:00-03:00,0.0,0.0,0.0,1.209
2023-07-19 23:00:00-03:00,0.0,0.0,0.0,1.189
2023-07-20 00:00:00-03:00,0.0,0.0,0.0,1.143
2023-07-20 01:00:00-03:00,0.0,0.0,0.0,1.167
2023-07-20 02:00:00-03:00,0.0,0.0,0.0,1.224
2023-07-20 03:00:00-03:00,0.0,0.0,0.0,1.448
2023-07-20 04:00:00-03:00,0.0,0.0,0.0,1.576
2023-07-20 05:00:00-03:00,0.0,0.0,0.0,1.558
2023-07-20 06:00:00-03:00,0.0,0.0,0.0,1.679
2023-07-20 07:00:00-03:00,0.0,0.0,0.0,1.328
2023-07-20 08:00:00-03:00,0.0,0.0,0.0,0.872
2023-07-20 09:00:00-03:00,0.0,0.001,0.001,0.552
2023-07-20 10:00:00-03:00,0.017,0.008,0.022,0.85
2023-07-20 11:00:00-03:00,0.083,0.031,0.07100000000000001,1.434
2023-07-20 12:00:00-03:00,0.097,0.024,0.092,1.674
2023-07-20 13:00:00-03:00,0.085,0.013000000000000001,0.09,1.5270000000000001
2023-07-20 14:00:00-03:00,0.042,0.004,0.054,1.127
2023-07-20 15:00:00-03:00,0.018000000000000002,0.002,0.029,0.8160000000000001
2023-07-20 16:00:00-03:00,0.007,0.001,0.016,0.364
2023-07-20 17:00:00-03:00,0.0,0.001,0.002,-0.042
2023-07-20 18:00:00-03:00,0.0,0.0,0.0,-0.374
2023-07-20 19:00:00-03:00,0.0,0.0,0.0,-0.597
2023-07-20 20:00:00-03:00,0.0,0.0,0.0,-0.796
2023-07-20 21:00:00-03:00,0.0,0.0,0.0,-1.035
2023-07-20 22:00:00-03:00,0.0,0.0,0.0,-1.31
2023-07-20 23:00:00-03:00,0.0,0.0,0.0,-1.517
2023-07-21 00:00:00-03:00,0.0,0.0,0.0,-1.6920000000000002
2023-07-21 01:00:00-03:00,0.0,0.0,0.0,-1.873
2023-07-21 02:00:00-03:00,0.0,0.0,0.0,-2.099
2023-07-21 03:00:00-03:00,0.0,0.0,0.0,-2.403
2023-07-21 04:00:00-03:00,0.0,0.0,0.0,-2.6950000000000003
2023-07-21 05:00:00-03:00,0.0,0.0,0.0,-2.971
2023-07-21 06:00:00-03:00,0.0,0.0,0.0,-3.17
2023-07-21 07:00:00-03:00,0.0,0.0,0.0,-3.317
2023-07-21 08:00:00-03:00,0.0,0.0,0.0,-3.426
2023-07-21 09:00:00-03:00,0.0,0.0,0.001,-3.553
2023-07-21 10:00:00-03:00,0.016,0.007,0.021,-3.5700000000000003
2023-07-21 11:00:00-03:00,0.064,0.019,0.061,-3.335
2023-07-21 12:00:00-03:00,0.107,0.029,0.095,-3.017
2023-07-21 13:00:00-03:00,0.135,0.036000000000000004,0.116,-2.754
2023-07-21 14:00:00-03:00,0.114,0.027,0.10400000000000001,-2.637
2023-07-21 15:00:00-03:00,0.061,0.012,0.065,-2.793
2023-07-21 16:00:00-03:00,0.024,0.006,0.031,-3.246
2023-07-21 17:00:00-03:00,0.002,0.002,0.006,-4.075
2023-07-21 18:00:00-03:00,0.0,0.0,0.0,-5.012
2023-07-21 19:00:00-03:00,0.0,0.0,0.0,-5.63
2023-07-21 20:00:00-03:00,0.0,0.0,0.0,-6.182
2023-07-21 21:00:00-03:00,0.0,0.0,0.0,-6.811
2023-07-21 22:00:00-03:00,0.0,0.0,0.0,-7.473
2023-07-21 23:00:00-03:00,0.0,0.0,0.0,-8.074
2023-07-22 00:00:00-03:00,0.0,0.0,0.0,-8.632
2023-07-22 01:00:00-03:00,0.0,0.0,0.0,-9.236
2023-07-22 02:00:00-03:00,0.0,0.0,0.0,-9.899000000000001
2023-07-22 03:00:00-03:00,0.0,0.0,0.0,-10.452
2023-07-22 04:00:00-03:00,0.0,0.0,0.0,-10.785
2023-07-22 05:00:00-03:00,0.0,0.0,0.0,-10.931000000000001
2023-07-22 06:00:00-03:00,0.0,0.0,0.0,-11.012
2023-07-22 07:00:00-03:00,0.0,0.0,0.0,-11.005
2023-07-22 08:00:00-03:00,0.0,0.0,0.0,-10.957
2023-07-22 09:00:00-03:00,0.003,0.008,0.003,-10.535
2023-07-22 10:00:00-03:00,0.13,0.10200000000000001,0.04,-8.879
2023-07-22 11:00:00-03:00,0.225,0.156,0.082,-6.439
2023-07-22 12:00:00-03:00,0.291,0.194,0.113,-5.19
2023-07-22 13:00:00-03:00,0.28600000000000003,0.17300000000000001,0.13,-4.197
2023-07-22 14:00:00-03:00,0.216,0.109,0.122,-3.4
2023-07-22 15:00:00-03:00,0.135,0.061,0.09,-2.888
2023-07-22 16:00:00-03:00,0.074,0.039,0.051000000000000004,-2.7359999999999998
2023-07-22 17:00:00-03:00,0.017,0.017,0.011,-3.324
2023-07-22 18:00:00-03:00,0.0,0.0,0.0,-4.338
2023-07-22 19:00:00-03:00,0.0,0.0,0.0,-4.549
2023-07-22 20:00:00-03:00,0.0,0.0,0.0,-4.313
2023-07-22 21:00:00-03:00,0.0,0.0,0.0,-4.088
2023-07-22 22:00:00-03:00,0.0,0.0,0.0,-4.209
2023-07-22 23:00:00-03:00,0.0,0.0,0.0,-4.651
2023-07-23 00:00:00-03:00,0.0,0.0,0.0,-5.286
2023-07-23 01:00:00-03:00,0.0,0.0,0.0,-5.953
2023-07-23 02:00:00-03:00,0.0,0.0,0.0,-6.104
2023-07-23 03:00:00-03:00,0.0,0.0,0.0,-5.569
2023-07-23 04:00:00-03:00,0.0,0.0,0.0,-5.335
2023-07-23 05:00:00-03:00,0.0,0.0,0.0,-5.448
2023-07-23 06:00:00-03:00,0.0,0.0,0.0,-5.688
2023-07-23 07:00:00-03:00,0.0,0.0,0.0,-5.962
2023-07-23 08:00:00-03:00,0.0,0.0,0.0,-6.023
2023-07-23 09:00:00-03:00,0.001,0.004,0.003,-6.132
2023-07-23 10:00:00-03:00,0.076,0.054,0.037,-5.998
2023-07-23 11:00:00-03:00,0.199,0.131,0.082,-4.929
2023-07-23 12:00:00-03:00,0.31,0.215,0.112,-3.805
2023-07-23 13:00:00-03:00,0.34500000000000003,0.24,0.126,-3.003
2023-07-23 14:00:00-03:00,0.296,0.194,0.121,-2.2560000000000002
2023-07-23 15:00:00-03:00,0.28700000000000003,0.209,0.098,-1.6320000000000001
2023-07-23 16:00:00-03:00,0.13,0.089,0.059000000000000004,-1.625
2023-07-23 17:00:00-03:00,0.023,0.024,0.013000000000000001,-2.795
2023-07-23 18:00:00-03:00,0.0,0.0,0.0,-4.465
2023-07-23 19:00:00-03:00,0.0,0.0,0.0,-5.467
2023-07-23 20:00:00-03:00,0.0,0.0,0.0,-5.857
2023-07-23 21:00:00-03:00,0.0,0.0,0.0,-5.946
2023-07-23 22:00:00-03:00,0.0,0.0,0.0,-6.261
2023-07-23 23:00:00-03:00,0.0,0.0,0.0,-6.623
2023-07-24 00:00:00-03:00,0.0,0.0,0.0,-6.868
2023-07-24 01:00:00-03:00,0.0,0.0,0.0,-6.981
2023-07-24 02:00:00-03:00,0.0,0.0,0.0,-7.119
2023-07-24 03:00:00-03:00,0.0,0.0,0.0,-7.362
2023-07-24 04:00:00-03:00,0.0,0.0,0.0,-7.652
2023-07-24 05:00:00-03:00,0.0,0.0,0.0,-7.9510000000000005
2023-07-24 06:00:00-03:00,0.0,0.0,0.0,-8.434
2023-07-24 07:00:00-03:00,0.0,0.0,0.0,-8.938
2023-07-24 08:00:00-03:00,0.0,0.0,0.0,-9.35
2023-07-24 09:00:00-03:00,0.003,0.008,0.003,-9.744
2023-07-24 10:00:00-03:00,0.127,0.1,0.04,-9.452
2023-07-24 11:00:00-03:00,0.322,0.254,0.079,-8.859
2023-07-24 12:00:00-03:00,0.47200000000000003,0.397,0.093,-8.704
2023-07-24 13:00:00-03:00,0.493,0.41300000000000003,0.101,-8.148
2023-07-24 14:00:00-03:00,0.487,0.41200000000000003,0.096,-7.565
2023-07-24 15:00:00-03:00,0.41500000000000004,0.34700000000000003,0.085,-7.186
2023-07-24 16:00:00-03:00,0.224,0.176,0.06,-7.301
2023-07-24 17:00:00-03:00,0.045,0.044,0.015,-8.093
2023-07-24 18:00:00-03:00,0.0,0.0,0.0,-8.595
2023-07-24 19:00:00-03:00,0.0,0.0,0.0,-8.169
2023-07-24 20:00:00-03:00,0.0,0.0,0.0,-7.721
2023-07-24 21:00:00-03:00,0.0,0.0,0.0,-7.654
2023-07-24 22:00:00-03:00,0.0,0.0,0.0,-7.99
2023-07-24 23:00:00-03:00,0.0,0.0,0.0,-8.433
2023-07-25 00:00:00-03:00,0.0,0.0,0.0,-8.713
2023-07-25 01:00:00-03:00,0.0,0.0,0.0,-8.57
2023-07-25 02:00:00-03:00,0.0,0.0,0.0,-8.378
2023-07-25 03:00:00-03:00,0.0,0.0,0.0,-9.507
2023-07-25 04:00:00-03:00,0.0,0.0,0.0,-10.961
2023-07-25 05:00:00-03:00,0.0,0.0,0.0,-11.533
2023-07-25 06:00:00-03:00,0.0,0.0,0.0,-11.71
2023-07-25 07:00:00-03:00,0.0,0.0,0.0,-11.629
2023-07-25 08:00:00-03:00,0.0,0.0,0.0,-11.303
2023-07-25 09:00:00-03:00,0.005,0.01,0.004,-10.927
2023-07-25 10:00:00-03:00,0.133,0.10400000000000001,0.041,-10.287
2023-07-25 11:00:00-03:00,0.297,0.228,0.079,-8.646
2023-07-25 12:00:00-03:00,0.525,0.46900000000000003,0.084,-6.588
2023-07-25 13:00:00-03:00,0.655,0.64,0.068,-5.348
2023-07-25 14:00:00-03:00,0.589,0.558,0.075,-4.407
2023-07-25 15:00:00-03:00,0.483,0.438,0.075,-3.9050000000000002
2023-07-25 16:00:00-03:00,0.247,0.203,0.06,-3.955
2023-07-25 17:00:00-03:00,0.049,0.049,0.015,-4.435
2023-07-25 18:00:00-03:00,0.0,0.0,0.0,-4.6129999999999995
2023-07-25 19:00:00-03:00,0.0,0.0,0.0,-3.988
2023-07-25 20:00:00-03:00,0.0,0.0,0.0,-3.516
2023-07-25 21:00:00-03:00,0.0,0.0,0.0,-3.267
2023-07-25 22:00:00-03:00,0.0,0.0,0.0,-2.8970000000000002
2023-07-25 23:00:00-03:00,0.0,0.0,0.0,-2.109
2023-07-26 00:00:00-03:00,0.0,0.0,0.0,-1.099
2023-07-26 01:00:00-03:00,0.0,0.0,0.0,-1.077
2023-07-26 02:00:00-03:00,0.0,0.0,0.0,-1.453
2023-07-26 03:00:00-03:00,0.0,0.0,0.0,-1.841
2023-07-26 04:00:00-03:00,0.0,0.0,0.0,-2.138
2023-07-26 05:00:00-03:00,0.0,0.0,0.0,-2.477
2023-07-26 06:00:00-03:00,0.0,0.0,0.0,-2.817
2023-07-26 07:00:00-03:00,0.0,0.0,0.0,-3.362
2023-07-26 08:00:00-03:00,0.0,0.0,0.0,-4.089
2023-07-26 09:00:00-03:00,0.01,0.016,0.004,-4.677
2023-07-26 10:00:00-03:00,0.217,0.189,0.043000000000000003,-4.124
2023-07-26 11:00:00-03:00,0.40700000000000003,0.36,0.073,-2.412
2023-07-26 12:00:00-03:00,0.516,0.47300000000000003,0.084,-1.472
2023-07-26 13:00:00-03:00,0.543,0.503,0.08700000000000001,-0.666
2023-07-26 14:00:00-03:00,0.543,0.51,0.082,-0.17400000000000002
2023-07-26 15:00:00-03:00,0.484,0.45,0.074,-0.111
2023-07-26 16:00:00-03:00,0.334,0.301,0.056,-0.6890000000000001
2023-07-26 17:00:00-03:00,0.08600000000000001,0.085,0.017,-2.6310000000000002
2023-07-26 18:00:00-03:00,0.0,0.0,0.0,-4.702
2023-07-26 19:00:00-03:00,0.0,0.0,0.0,-5.181
2023-07-26 20:00:00-03:00,0.0,0.0,0.0,-5.052
2023-07-26 21:00:00-03:00,0.0,0.0,0.0,-4.9350000000000005
2023-07-26 22:00:00-03:00,0.0,0.0,0.0,-5.011
2023-07-26 23:00:00-03:00,0.0,0.0,0.0,-5.186
2023-07-27 00:00:00-03:00,0.0,0.0,0.0,-5.346
2023-07-27 01:00:00-03:00,0.0,0.0,0.0,-5.518
2023-07-27 02:00:00-03:00,0.0,0.0,0.0,-5.756
2023-07-27 03:00:00-03:00,0.0,0.0,0.0,-6.13
2023-07-27 04:00:00-03:00,0.0,0.0,0.0,-6.633
2023-07-27 05:00:00-03:00,0.0,0.0,0.0,-7.07
2023-07-27 06:00:00-03:00,0.0,0.0,0.0,-7.407
2023-07-27 07:00:00-03:00,0.0,0.0,0.0,-7.719
2023-07-27 08:00:00-03:00,0.0,0.0,0.0,-7.974
2023-07-27 09:00:00-03:00,0.002,0.006,0.004,-8.13
2023-07-27 10:00:00-03:00,0.082,0.057,0.04,-7.446
2023-07-27 11:00:00-03:00,0.199,0.129,0.084,-5.799
2023-07-27 12:00:00-03:00,0.406,0.322,0.106,-4.442
2023-07-27 13:00:00-03:00,0.487,0.41300000000000003,0.106,-3.226
2023-07-27 14:00:00-03:00,0.459,0.386,0.10400000000000001,-2.133
2023-07-27 15:00:00-03:00,0.405,0.343,0.089,-1.754
2023-07-27 16:00:00-03:00,0.28800000000000003,0.246,0.062,-2.036
2023-07-27 17:00:00-03:00,0.10400000000000001,0.101,0.019,-3.8970000000000002
2023-07-27 18:00:00-03:00,0.0,0.0,0.0,-6.594
2023-07-27 19:00:00-03:00,0.0,0.0,0.0,-7.888
2023-07-27 20:00:00-03:00,0.0,0.0,0.0,-9.37
2023-07-27 21:00:00-03:00,0.0,0.0,0.0,-10.454
2023-07-27 22:00:00-03:00,0.0,0.0,0.0,-10.149
2023-07-27 23:00:00-03:00,0.0,0.0,0.0,-9.204
2023-07-28 00:00:00-03:00,0.0,0.0,0.0,-8.949
2023-07-28 01:00:00-03:00,0.0,0.0,0.0,-9.148
2023-07-28 02:00:00-03:00,0.0,0.0,0.0,-9.143
2023-07-28 03:00:00-03:00,0.0,0.0,0.0,-8.795
2023-07-28 04:00:00-03:00,0.0,0.0,0.0,-8.488
2023-07-28 05:00:00-03:00,0.0,0.0,0.0,-8.504
2023-07-28 06:00:00-03:00,0.0,0.0,0.0,-8.357
2023-07-28 07:00:00-03:00,0.0,0.0,0.0,-7.9510000000000005
2023-07-28 08:00:00-03:00,0.0,0.0,0.0,-7.54
2023-07-28 09:00:00-03:00,0.0,0.001,0.002,-6.593
2023-07-28 10:00:00-03:00,0.008,0.003,0.015,-4.989
2023-07-28 11:00:00-03:00,0.033,0.006,0.041,-2.792
2023-07-28 12:00:00-03:00,0.123,0.036000000000000004,0.10400000000000001,-0.763
2023-07-28 13:00:00-03:00,0.20400000000000001,0.08700000000000001,0.136,0.28700000000000003
2023-07-28 14:00:00-03:00,0.41100000000000003,0.319,0.124,0.603
2023-07-28 15:00:00-03:00,0.47600000000000003,0.428,0.089,0.6880000000000001
2023-07-28 16:00:00-03:00,0.294,0.249,0.068,0.649
2023-07-28 17:00:00-03:00,0.031,0.027,0.018000000000000002,0.549
2023-07-28 18:00:00-03:00,0.0,0.0,0.0,0.578
2023-07-28 19:00:00-03:00,0.0,0.0,0.0,0.64
2023-07-28 20:00:00-03:00,0.0,0.0,0.0,0.5670000000000001
2023-07-28 21:00:00-03:00,0.0,0.0,0.0,0.507
2023-07-28 22:00:00-03:00,0.0,0.0,0.0,0.534
2023-07-28 23:00:00-03:00,0.0,0.0,0.0,0.5730000000000001
2023-07-29 00:00:00-03:00,0.0,0.0,0.0,0.622
2023-07-29 01:00:00-03:00,0.0,0.0,0.0,0.73
2023-07-29 02:00:00-03:00,0.0,0.0,0.0,0.84
2023-07-29 03:00:00-03:00,0.0,0.0,0.0,0.926
2023-07-29 04:00:00-03:00,0.0,0.0,0.0,1.2650000000000001
2023-07-29 05:00:00-03:00,0.0,0.0,0.0,1.48
2023-07-29 06:00:00-03:00,0.0,0.0,0.0,1.718
2023-07-29 07:00:00-03:00,0.0,0.0,0.0,1.835
2023-07-29 08:00:00-03:00,0.0,0.0,0.0,1.744
2023-07-29 09:00:00-03:00,0.006,0.01,0.005,1.733
2023-07-29 10:00:00-03:00,0.138,0.109,0.049,1.9540000000000002
2023-07-29 11:00:00-03:00,0.342,0.28200000000000003,0.09,2.343
2023-07-29 12:00:00-03:00,0.321,0.226,0.124,2.754
2023-07-29 13:00:00-03:00,0.20500000000000002,0.091,0.136,3.073
2023-07-29 14:00:00-03:00,0.196,0.08600000000000001,0.132,3.21
2023-07-29 15:00:00-03:00,0.15,0.068,0.10300000000000001,3.036
2023-07-29 16:00:00-03:00,0.065,0.029,0.055,2.622
2023-07-29 17:00:00-03:00,0.016,0.013000000000000001,0.016,1.9420000000000002
2023-07-29 18:00:00-03:00,0.0,0.0,0.0,1.145
2023-07-29 19:00:00-03:00,0.0,0.0,0.0,0.592
2023-07-29 20:00:00-03:00,0.0,0.0,0.0,0.199
2023-07-29 21:00:00-03:00,0.0,0.0,0.0,-0.044
2023-07-29 22:00:00-03:00,0.0,0.0,0.0,-0.435
2023-07-29 23:00:00-03:00,0.0,0.0,0.0,-0.8180000000000001
2023-07-30 00:00:00-03:00,0.0,0.0,0.0,-0.936
2023-07-30 01:00:00-03:00,0.0,0.0,0.0,-1.629
2023-07-30 02:00:00-03:00,0.0,0.0,0.0,-2.651
2023-07-30 03:00:00-03:00,0.0,0.0,0.0,-3.565
2023-07-30 04:00:00-03:00,0.0,0.0,0.0,-4.036
2023-07-30 05:00:00-03:00,0.0,0.0,0.0,-4.211
2023-07-30 06:00:00-03:00,0.0,0.0,0.0,-4.287
2023-07-30 07:00:00-03:00,0.0,0.0,0.0,-4.298
2023-07-30 08:00:00-03:00,0.0,0.0,0.0,-4.124
2023-07-30 09:00:00-03:00,0.02,0.025,0.007,-3.592
2023-07-30 10:00:00-03:00,0.277,0.247,0.049,-2.357
2023-07-30 11:00:00-03:00,0.485,0.45,0.073,-0.867
2023-07-30 12:00:00-03:00,0.552,0.519,0.08600000000000001,0.367
2023-07-30 13:00:00-03:00,0.514,0.459,0.10200000000000001,1.137
2023-07-30 14:00:00-03:00,0.436,0.363,0.111,1.462
2023-07-30 15:00:00-03:00,0.34900000000000003,0.278,0.099,1.477
2023-07-30 16:00:00-03:00,0.195,0.147,0.068,1.124
2023-07-30 17:00:00-03:00,0.048,0.043000000000000003,0.021,0.455
2023-07-30 18:00:00-03:00,0.0,0.0,0.0,-0.066
2023-07-30 19:00:00-03:00,0.0,0.0,0.0,-0.23900000000000002
2023-07-30 20:00:00-03:00,0.0,0.0,0.0,-0.36
2023-07-30 21:00:00-03:00,0.0,0.0,0.0,-0.513
2023-07-30 22:00:00-03:00,0.0,0.0,0.0,-0.888
2023-07-30 23:00:00-03:00,0.0,0.0,0.0,-1.816
2023-07-31 00:00:00-03:00,0.0,0.0,0.0,-2.375
2023-07-31 01:00:00-03:00,0.0,0.0,0.0,-2.376
2023-07-31 02:00:00-03:00,0.0,0.0,0.0,-2.462
2023-07-31 03:00:00-03:00,0.0,0.0,0.0,-3.2560000000000002
2023-07-31 04:00:00-03:00,0.0,0.0,0.0,-4.376
2023-07-31 05:00:00-03:00,0.0,0.0,0.0,-5.373
2023-07-31 06:00:00-03:00,0.0,0.0,0.0,-5.689
2023-07-31 07:00:00-03:00,0.0,0.0,0.0,-5.428
2023-07-31 08:00:00-03:00,0.0,0.0,0.0,-5.765
2023-07-31 09:00:00-03:00,0.002,0.004,0.005,-5.376
2023-07-31 10:00:00-03:00,0.015,0.004,0.023,-4.104
2023-07-31 11:00:00-03:00,0.032,0.004,0.042,-3.144
2023-07-31 12:00:00-03:00,0.051000000000000004,0.005,0.062,-2.2720000000000002
2023-07-31 13:00:00-03:00,0.045,0.003,0.058,-1.791
2023-07-31 14:00:00-03:00,0.035,0.002,0.047,-1.573
2023-07-31 15:00:00-03:00,0.03,0.003,0.042,-1.487
2023-07-31 16:00:00-03:00,0.06,0.018000000000000002,0.058,-1.254
2023-07-31 17:00:00-03:00,0.014,0.009000000000000001,0.017,-1.225
2023-07-31 18:00:00-03:00,0.0,0.0,0.0,-1.29
2023-07-31 19:00:00-03:00,0.0,0.0,0.0,-1.123
2023-07-31 20:00:00-03:00,0.0,0.0,0.0,-0.928
2023-07-31 21:00:00-03:00,0.0,0.0,0.0,-0.838
2023-07-31 22:00:00-03:00,0.0,0.0,0.0,-0.786
2023-07-31 23:00:00-03:00,0.0,0.0,0.0,-0.875
2023-08-01 00:00:00-03:00,0.0,0.0,0.0,-1.064
2023-08-01 01:00:00-03:00,0.0,0.0,0.0,-1.11
2023-08-01 02:00:00-03:00,0.0,0.0,0.0,-0.751
2023-08-01 03:00:00-03:00,0.0,0.0,0.0,-0.063
2023-08-01 04:00:00-03:00,0.0,0.0,0.0,0.8190000000000001
2023-08-01 05:00:00-03:00,0.0,0.0,0.0,1.532
2023-08-01 06:00:00-03:00,0.0,0.0,0.0,1.266
2023-08-01 07:00:00-03:00,0.0,0.0,0.0,0.837
2023-08-01 08:00:00-03:00,0.0,0.0,0.0,0.763
2023-08-01 09:00:00-03:00,0.004,0.007,0.006,0.644
2023-08-01 10:00:00-03:00,0.126,0.093,0.052000000000000005,0.852
2023-08-01 11:00:00-03:00,0.29,0.22,0.095,1.508
2023-08-01 12:00:00-03:00,0.36,0.269,0.122,2.137
2023-08-01 13:00:00-03:00,0.381,0.279,0.136,2.6029999999999998
2023-08-01 14:00:00-03:00,0.379,0.28300000000000003,0.131,2.94
2023-08-01 15:00:00-03:00,0.28300000000000003,0.199,0.111,2.914
2023-08-01 16:00:00-03:00,0.161,0.108,0.073,2.3609999999999998
2023-08-01 17:00:00-03:00,0.015,0.011,0.016,1.13
2023-08-01 18:00:00-03:00,0.0,0.0,0.0,0.384
2023-08-01 19:00:00-03:00,0.0,0.0,0.0,-0.645
2023-08-01 20:00:00-03:00,0.0,0.0,0.0,-1.633
2023-08-01 21:00:00-03:00,0.0,0.0,0.0,-2.125
2023-08-01 22:00:00-03:00,0.0,0.0,0.0,-2.415
2023-08-01 23:00:00-03:00,0.0,0.0,0.0,-2.644
2023-08-02 00:00:00-03:00,0.0,0.0,0.0,-2.777
2023-08-02 01:00:00-03:00,0.0,0.0,0.0,-2.775
2023-08-02 02:00:00-03:00,0.0,0.0,0.0,-2.167
2023-08-02 03:00:00-03:00,0.0,0.0,0.0,-1.4929999999999999
2023-08-02 04:00:00-03:00,0.0,0.0,0.0,-1.062
2023-08-02 05:00:00-03:00,0.0,0.0,0.0,-0.754
2023-08-02 06:00:00-03:00,0.0,0.0,0.0,-0.708
2023-08-02 07:00:00-03:00,0.0,0.0,0.0,-1.206
2023-08-02 08:00:00-03:00,0.0,0.0,0.0,-1.7730000000000001
2023-08-02 09:00:00-03:00,0.023,0.027,0.009000000000000001,-1.998
2023-08-02 10:00:00-03:00,0.155,0.11900000000000001,0.054,-1.391
2023-08-02 11:00:00-03:00,0.232,0.155,0.097,-0.41500000000000004
2023-08-02 12:00:00-03:00,0.23800000000000002,0.132,0.128,0.523
2023-08-02 13:00:00-03:00,0.275,0.152,0.147,1.343
2023-08-02 14:00:00-03:00,0.299,0.184,0.14100000000000001,1.9220000000000002
2023-08-02 15:00:00-03:00,0.244,0.154,0.113,2.128
2023-08-02 16:00:00-03:00,0.166,0.112,0.074,1.9969999999999999
2023-08-02 17:00:00-03:00,0.05,0.042,0.025,1.6400000000000001
2023-08-02 18:00:00-03:00,0.0,0.0,0.0,1.3519999999999999
2023-08-02 19:00:00-03:00,0.0,0.0,0.0,1.334
2023-08-02 20:00:00-03:00,0.0,0.0,0.0,1.384
2023-08-02 21:00:00-03:00,0.0,0.0,0.0,1.448
2023-08-02 22:00:00-03:00,0.0,0.0,0.0,1.491
2023-08-02 23:00:00-03:00,0.0,0.0,0.0,1.554
2023-08-03 00:00:00-03:00,0.0,0.0,0.0,1.6800000000000002
2023-08-03 01:00:00-03:00,0.0,0.0,0.0,1.666
2023-08-03 02:00:00-03:00,0.0,0.0,0.0,1.674
2023-08-03 03:00:00-03:00,0.0,0.0,0.0,1.7810000000000001
2023-08-03 04:00:00-03:00,0.0,0.0,0.0,1.818
2023-08-03 05:00:00-03:00,0.0,0.0,0.0,1.919
2023-08-03 06:00:00-03:00,0.0,0.0,0.0,2.031
2023-08-03 07:00:00-03:00,0.0,0.0,0.0,1.982
2023-08-03 08:00:00-03:00,0.0,0.0,0.0,2.034
2023-08-03 09:00:00-03:00,0.039,0.044,0.01,2.237
2023-08-03 10:00:00-03:00,0.246,0.214,0.056,2.73
2023-08-03 11:00:00-03:00,0.379,0.324,0.09,3.364
2023-08-03 12:00:00-03:00,0.42,0.34500000000000003,0.116,3.868
2023-08-03 13:00:00-03:00,0.406,0.313,0.133,4.088
2023-08-03 14:00:00-03:00,0.377,0.281,0.131,4.08
2023-08-03 15:00:00-03:00,0.322,0.241,0.111,3.805
2023-08-03 16:00:00-03:00,0.154,0.1,0.075,3.162
2023-08-03 17:00:00-03:00,0.01,0.006,0.014,2.187
2023-08-03 18:00:00-03:00,0.0,0.0,0.0,1.601
2023-08-03 19:00:00-03:00,0.0,0.0,0.0,1.452
2023-08-03 20:00:00-03:00,0.0,0.0,0.0,1.445
2023-08-03 21:00:00-03:00,0.0,0.0,0.0,1.387
2023-08-03 22:00:00-03:00,0.0,0.0,0.0,1.104
2023-08-03 23:00:00-03:00,0.0,0.0,0.0,0.912
2023-08-04 00:00:00-03:00,0.0,0.0,0.0,0.97
2023-08-04 01:00:00-03:00,0.0,0.0,0.0,1.09
2023-08-04 02:00:00-03:00,0.0,0.0,0.0,1.202
2023-08-04 03:00:00-03:00,0.0,0.0,0.0,1.223
2023-08-04 04:00:00-03:00,0.0,0.0,0.0,1.179
2023-08-04 05:00:00-03:00,0.0,0.0,0.0,0.983
2023-08-04 06:00:00-03:00,0.0,0.0,0.0,0.538
2023-08-04 07:00:00-03:00,0.0,0.0,0.0,0.218
2023-08-04 08:00:00-03:00,0.0,0.0,0.0,0.084
2023-08-04 09:00:00-03:00,0.016,0.02,0.009000000000000001,0.113
2023-08-04 10:00:00-03:00,0.161,0.125,0.055,0.624
2023-08-04 11:00:00-03:00,0.446,0.401,0.084,1.461
2023-08-04 12:00:00-03:00,0.5710000000000001,0.544,0.088,2.253
2023-08-04 13:00:00-03:00,0.63,0.624,0.083,2.817
2023-08-04 14:00:00-03:00,0.545,0.508,0.097,3.057
2023-08-04 15:00:00-03:00,0.437,0.382,0.097,3.011
2023-08-04 16:00:00-03:00,0.199,0.145,0.075,2.492
2023-08-04 17:00:00-03:00,0.028,0.021,0.022,1.712
2023-08-04 18:00:00-03:00,0.0,0.0,0.0,1.259
2023-08-04 19:00:00-03:00,0.0,0.0,0.0,0.89
2023-08-04 20:00:00-03:00,0.0,0.0,0.0,0.5720000000000001
2023-08-04 21:00:00-03:00,0.0,0.0,0.0,0.9560000000000001
2023-08-04 22:00:00-03:00,0.0,0.0,0.0,1.434
2023-08-04 23:00:00-03:00,0.0,0.0,0.0,1.947
2023-08-05 00:00:00-03:00,0.0,0.0,0.0,2.383
2023-08-05 01:00:00-03:00,0.0,0.0,0.0,2.489
2023-08-05 02:00:00-03:00,0.0,0.0,0.0,2.556
2023-08-05 03:00:00-03:00,0.0,0.0,0.0,2.635
2023-08-05 04:00:00-03:00,0.0,0.0,0.0,2.653
2023-08-05 05:00:00-03:00,0.0,0.0,0.0,2.491
2023-08-05 06:00:00-03:00,0.0,0.0,0.0,2.503
2023-08-05 07:00:00-03:00,0.0,0.0,0.0,2.676
2023-08-05 08:00:00-03:00,0.0,0.0,0.0,2.662
2023-08-05 09:00:00-03:00,0.033,0.037,0.011,2.699
2023-08-05 10:00:00-03:00,0.138,0.105,0.054,3.321
2023-08-05 11:00:00-03:00,0.355,0.298,0.091,4.364
2023-08-05 12:00:00-03:00,0.505,0.464,0.098,5.35
2023-08-05 13:00:00-03:00,0.601,0.597,0.08700000000000001,6.037
2023-08-05 14:00:00-03:00,0.588,0.583,0.084,6.311
2023-08-05 15:00:00-03:00,0.534,0.521,0.079,6.16
2023-08-05 16:00:00-03:00,0.36,0.33,0.068,5.605
2023-08-05 17:00:00-03:00,0.151,0.14200000000000002,0.032,4.705
2023-08-05 18:00:00-03:00,0.0,0.001,0.0,3.76
2023-08-05 19:00:00-03:00,0.0,0.0,0.0,3.192
2023-08-05 20:00:00-03:00,0.0,0.0,0.0,2.757
2023-08-05 21:00:00-03:00,0.0,0.0,0.0,2.2720000000000002
2023-08-05 22:00:00-03:00,0.0,0.0,0.0,1.309
2023-08-05 23:00:00-03:00,0.0,0.0,0.0,0.129
2023-08-06 00:00:00-03:00,0.0,0.0,0.0,-0.726
2023-08-06 01:00:00-03:00,0.0,0.0,0.0,-1.387
2023-08-06 02:00:00-03:00,0.0,0.0,0.0,-1.577
2023-08-06 03:00:00-03:00,0.0,0.0,0.0,-1.57
2023-08-06 04:00:00-03:00,0.0,0.0,0.0,-1.691
2023-08-06 05:00:00-03:00,0.0,0.0,0.0,-1.828
2023-08-06 06:00:00-03:00,0.0,0.0,0.0,-1.782
2023-08-06 07:00:00-03:00,0.0,0.0,0.0,-1.701
2023-08-06 08:00:00-03:00,0.0,0.0,0.0,-1.729
2023-08-06 09:00:00-03:00,0.066,0.07,0.013000000000000001,-1.74
2023-08-06 10:00:00-03:00,0.314,0.281,0.055,-0.963
2023-08-06 11:00:00-03:00,0.524,0.499,0.073,0.27
2023-08-06 12:00:00-03:00,0.639,0.641,0.07200000000000001,1.219
2023-08-06 13:00:00-03:00,0.684,0.707,0.065,1.815
2023-08-06 14:00:00-03:00,0.6930000000000001,0.725,0.061,2.177
2023-08-06 15:00:00-03:00,0.646,0.666,0.06,2.206
2023-08-06 16:00:00-03:00,0.51,0.504,0.055,1.776
2023-08-06 17:00:00-03:00,0.241,0.231,0.031,0.46900000000000003
2023-08-06 18:00:00-03:00,0.0,0.002,0.001,-1.211
2023-08-06 19:00:00-03:00,0.0,0.0,0.0,-1.357
2023-08-06 20:00:00-03:00,0.0,0.0,0.0,-1.3940000000000001
2023-08-06 21:00:00-03:00,0.0,0.0,0.0,-1.8090000000000002
2023-08-06 22:00:00-03:00,0.0,0.0,0.0,-2.089
2023-08-06 23:00:00-03:00,0.0,0.0,0.0,-2.215
2023-08-07 00:00:00-03:00,0.0,0.0,0.0,-2.2439999999999998
2023-08-07 01:00:00-03:00,0.0,0.0,0.0,-2.053
2023-08-07 02:00:00-03:00,0.0,0.0,0.0,-1.876
2023-08-07 03:00:00-03:00,0.0,0.0,0.0,-1.7690000000000001
2023-08-07 04:00:00-03:00,0.0,0.0,0.0,-1.665
2023-08-07 05:00:00-03:00,0.0,0.0,0.0,-1.706
2023-08-07 06:00:00-03:00,0.0,0.0,0.0,-1.673
2023-08-07 07:00:00-03:00,0.0,0.0,0.0,-1.74
2023-08-07 08:00:00-03:00,0.0,0.0,0.0,-1.6880000000000002
2023-08-07 09:00:00-03:00,0.016,0.017,0.011,-1.332
2023-08-07 10:00:00-03:00,0.124,0.081,0.061,-0.334
2023-08-07 11:00:00-03:00,0.156,0.076,0.099,0.786
2023-08-07 12:00:00-03:00,0.20500000000000002,0.088,0.139,2.164
2023-08-07 13:00:00-03:00,0.145,0.036000000000000004,0.13,3.11
2023-08-07 14:00:00-03:00,0.171,0.054,0.139,3.784
2023-08-07 15:00:00-03:00,0.169,0.074,0.117,4.164
2023-08-07 16:00:00-03:00,0.151,0.09,0.082,3.525
2023-08-07 17:00:00-03:00,0.052000000000000005,0.037,0.031,1.5710000000000002
2023-08-07 18:00:00-03:00,0.0,0.001,0.001,0.28500000000000003
2023-08-07 19:00:00-03:00,0.0,0.0,0.0,0.188
2023-08-07 20:00:00-03:00,0.0,0.0,0.0,0.20800000000000002
2023-08-07 21:00:00-03:00,0.0,0.0,0.0,0.017
2023-08-07 22:00:00-03:00,0.0,0.0,0.0,-0.222
2023-08-07 23:00:00-03:00,0.0,0.0,0.0,-0.48
2023-08-08 00:00:00-03:00,0.0,0.0,0.0,-0.881
2023-08-08 01:00:00-03:00,0.0,0.0,0.0,-1.152
2023-08-08 02:00:00-03:00,0.0,0.0,0.0,-0.968
2023-08-08 03:00:00-03:00,0.0,0.0,0.0,-0.744
2023-08-08 04:00:00-03:00,0.0,0.0,0.0,-0.683
2023-08-08 05:00:00-03:00,0.0,0.0,0.0,-0.753
2023-08-08 06:00:00-03:00,0.0,0.0,0.0,-0.8130000000000001
2023-08-08 07:00:00-03:00,0.0,0.0,0.0,-0.885
2023-08-08 08:00:00-03:00,0.0,0.0,0.0,-1.001
2023-08-08 09:00:00-03:00,0.005,0.006,0.007,-1.113
2023-08-08 10:00:00-03:00,0.12,0.079,0.059000000000000004,-0.534
2023-08-08 11:00:00-03:00,0.466,0.41200000000000003,0.093,0.846
2023-08-08 12:00:00-03:00,0.614,0.595,0.092,2.664
2023-08-08 13:00:00-03:00,0.54,0.47700000000000004,0.126,4.535
2023-08-08 14:00:00-03:00,0.105,0.022,0.10300000000000001,4.143
2023-08-08 15:00:00-03:00,0.095,0.024,0.091,3.789
2023-08-08 16:00:00-03:00,0.098,0.044,0.073,3.3970000000000002
2023-08-08 17:00:00-03:00,0.041,0.028,0.029,1.9609999999999999
2023-08-08 18:00:00-03:00,0.0,0.001,0.001,0.138
2023-08-08 19:00:00-03:00,0.0,0.0,0.0,-0.447
2023-08-08 20:00:00-03:00,0.0,0.0,0.0,-0.17500000000000002
2023-08-08 21:00:00-03:00,0.0,0.0,0.0,0.20600000000000002
2023-08-08 22:00:00-03:00,0.0,0.0,0.0,0.74
2023-08-08 23:00:00-03:00,0.0,0.0,0.0,0.769
2023-08-09 00:00:00-03:00,0.0,0.0,0.0,0.546
2023-08-09 01:00:00-03:00,0.0,0.0,0.0,0.467
2023-08-09 02:00:00-03:00,0.0,0.0,0.0,0.638
2023-08-09 03:00:00-03:00,0.0,0.0,0.0,0.683
2023-08-09 04:00:00-03:00,0.0,0.0,0.0,0.6880000000000001
2023-08-09 05:00:00-03:00,0.0,0.0,0.0,-0.06
2023-08-09 06:00:00-03:00,0.0,0.0,0.0,-0.607
2023-08-09 07:00:00-03:00,0.0,0.0,0.0,-0.811
2023-08-09 08:00:00-03:00,0.0,0.0,0.0,-0.987
2023-08-09 09:00:00-03:00,0.006,0.007,0.009000000000000001,-0.023
2023-08-09 10:00:00-03:00,0.019,0.005,0.027,0.986
2023-08-09 11:00:00-03:00,0.054,0.01,0.061,1.52
2023-08-09 12:00:00-03:00,0.084,0.013000000000000001,0.089,1.9809999999999999
2023-08-09 13:00:00-03:00,0.131,0.026000000000000002,0.126,2.692
2023-08-09 14:00:00-03:00,0.20500000000000002,0.078,0.15,3.719
2023-08-09 15:00:00-03:00,0.382,0.298,0.123,5.152
2023-08-09 16:00:00-03:00,0.319,0.268,0.085,5.946
2023-08-09 17:00:00-03:00,0.14200000000000002,0.123,0.04,5.159
2023-08-09 18:00:00-03:00,0.0,0.002,0.001,3.902
2023-08-09 19:00:00-03:00,0.0,0.0,0.0,2.813
2023-08-09 20:00:00-03:00,0.0,0.0,0.0,1.324
2023-08-09 21:00:00-03:00,0.0,0.0,0.0,0.971
2023-08-09 22:00:00-03:00,0.0,0.0,0.0,0.918
2023-08-09 23:00:00-03:00,0.0,0.0,0.0,1.188
2023-08-10 00:00:00-03:00,0.0,0.0,0.0,0.9460000000000001
2023-08-10 01:00:00-03:00,0.0,0.0,0.0,0.331
2023-08-10 02:00:00-03:00,0.0,0.0,0.0,0.162
2023-08-10 03:00:00-03:00,0.0,0.0,0.0,0.709
2023-08-10 04:00:00-03:00,0.0,0.0,0.0,0.801
2023-08-10 05:00:00-03:00,0.0,0.0,0.0,0.907
2023-08-10 06:00:00-03:00,0.0,0.0,0.0,1.212
2023-08-10 07:00:00-03:00,0.0,0.0,0.0,1.653
2023-08-10 08:00:00-03:00,0.0,0.0,0.0,1.832
2023-08-10 09:00:00-03:00,0.007,0.006,0.01,2.1390000000000002
2023-08-10 10:00:00-03:00,0.034,0.01,0.04,2.867
2023-08-10 11:00:00-03:00,0.051000000000000004,0.008,0.06,2.936
2023-08-10 12:00:00-03:00,0.08,0.01,0.089,2.912
2023-08-10 13:00:00-03:00,0.12,0.017,0.123,3.291
2023-08-10 14:00:00-03:00,0.13,0.022,0.128,3.726
2023-08-10 15:00:00-03:00,0.079,0.012,0.08600000000000001,3.6630000000000003
2023-08-10 16:00:00-03:00,0.036000000000000004,0.006,0.046,3.089
2023-08-10 17:00:00-03:00,0.009000000000000001,0.003,0.017,2.284
2023-08-10 18:00:00-03:00,0.0,0.0,0.001,1.5310000000000001
2023-08-10 19:00:00-03:00,0.0,0.0,0.0,1.162
2023-08-10 20:00:00-03:00,0.0,0.0,0.0,0.864
2023-08-10 21:00:00-03:00,0.0,0.0,0.0,0.5740000000000001
2023-08-10 22:00:00-03:00,0.0,0.0,0.0,0.261
2023-08-10 23:00:00-03:00,0.0,0.0,0.0,-0.07200000000000001
2023-08-11 00:00:00-03:00,0.0,0.0,0.0,-0.5740000000000001
2023-08-11 01:00:00-03:00,0.0,0.0,0.0,-0.681
2023-08-11 02:00:00-03:00,0.0,0.0,0.0,-0.744
2023-08-11 03:00:00-03:00,0.0,0.0,0.0,-0.909
2023-08-11 04:00:00-03:00,0.0,0.0,0.0,-1.314
2023-08-11 05:00:00-03:00,0.0,0.0,0.0,-1.843
2023-08-11 06:00:00-03:00,0.0,0.0,0.0,-2.05
2023-08-11 07:00:00-03:00,0.0,0.0,0.0,-2.173
2023-08-11 08:00:00-03:00,0.0,0.0,0.0,-1.9969999999999999
2023-08-11 09:00:00-03:00,0.058,0.057,0.017,-1.635
2023-08-11 10:00:00-03:00,0.20700000000000002,0.16,0.066,-0.682
2023-08-11 11:00:00-03:00,0.365,0.289,0.10400000000000001,0.454
2023-08-11 12:00:00-03:00,0.396,0.297,0.131,1.35
2023-08-11 13:00:00-03:00,0.47100000000000003,0.378,0.136,2.125
2023-08-11 14:00:00-03:00,0.455,0.365,0.133,2.654
2023-08-11 15:00:00-03:00,0.355,0.266,0.12,2.755
2023-08-11 16:00:00-03:00,0.189,0.126,0.084,2.368
2023-08-11 17:00:00-03:00,0.109,0.088,0.04,1.343
2023-08-11 18:00:00-03:00,0.0,0.003,0.002,0.002
2023-08-11 19:00:00-03:00,0.0,0.0,0.0,-0.525
2023-08-11 20:00:00-03:00,0.0,0.0,0.0,-0.78
2023-08-11 21:00:00-03:00,0.0,0.0,0.0,-1.064
2023-08-11 22:00:00-03:00,0.0,0.0,0.0,-1.211
2023-08-11 23:00:00-03:00,0.0,0.0,0.0,-1.202
2023-08-12 00:00:00-03:00,0.0,0.0,0.0,-1.215
2023-08-12 01:00:00-03:00,0.0,0.0,0.0,-1.323
2023-08-12 02:00:00-03:00,0.0,0.0,0.0,-1.4060000000000001
2023-08-12 03:00:00-03:00,0.0,0.0,0.0,-1.488
2023-08-12 04:00:00-03:00,0.0,0.0,0.0,-1.6480000000000001
2023-08-12 05:00:00-03:00,0.0,0.0,0.0,-1.7730000000000001
2023-08-12 06:00:00-03:00,0.0,0.0,0.0,-1.927
2023-08-12 07:00:00-03:00,0.0,0.0,0.0,-2.091
2023-08-12 08:00:00-03:00,0.0,0.0,0.0,-2.395
2023-08-12 09:00:00-03:00,0.052000000000000005,0.049,0.019,-1.975
2023-08-12 10:00:00-03:00,0.17,0.11800000000000001,0.07100000000000001,-0.599
2023-08-12 11:00:00-03:00,0.242,0.148,0.116,0.844
2023-08-12 12:00:00-03:00,0.222,0.097,0.147,1.759
2023-08-12 13:00:00-03:00,0.188,0.055,0.154,2.282
2023-08-12 14:00:00-03:00,0.161,0.044,0.138,2.558
2023-08-12 15:00:00-03:00,0.20800000000000002,0.099,0.132,2.95
2023-08-12 16:00:00-03:00,0.128,0.062,0.085,2.71
2023-08-12 17:00:00-03:00,0.023,0.011,0.026000000000000002,0.77
2023-08-12 18:00:00-03:00,0.0,0.0,0.001,-0.244
2023-08-12 19:00:00-03:00,0.0,0.0,0.0,-0.257
2023-08-12 20:00:00-03:00,0.0,0.0,0.0,-0.889
2023-08-12 21:00:00-03:00,0.0,0.0,0.0,-1.077
2023-08-12 22:00:00-03:00,0.0,0.0,0.0,-1.336
2023-08-12 23:00:00-03:00,0.0,0.0,0.0,-2.327
2023-08-13 00:00:00-03:00,0.0,0.0,0.0,-2.45
2023-08-13 01:00:00-03:00,0.0,0.0,0.0,-2.187
2023-08-13 02:00:00-03:00,0.0,0.0,0.0,-2.129
2023-08-13 03:00:00-03:00,0.0,0.0,0.0,-2.151
2023-08-13 04:00:00-03:00,0.0,0.0,0.0,-2.19
2023-08-13 05:00:00-03:00,0.0,0.0,0.0,-2.276
2023-08-13 06:00:00-03:00,0.0,0.0,0.0,-2.313
2023-08-13 07:00:00-03:00,0.0,0.0,0.0,-1.992
2023-08-13 08:00:00-03:00,0.0,0.0,0.0,-1.544
2023-08-13 09:00:00-03:00,0.014,0.012,0.014,-0.884
2023-08-13 10:00:00-03:00,0.055,0.021,0.051000000000000004,0.355
2023-08-13 11:00:00-03:00,0.093,0.025,0.08600000000000001,1.679
2023-08-13 12:00:00-03:00,0.152,0.043000000000000003,0.13,3.115
2023-08-13 13:00:00-03:00,0.247,0.101,0.17200000000000001,4.443
2023-08-13 14:00:00-03:00,0.273,0.134,0.167,5.135
2023-08-13 15:00:00-03:00,0.242,0.133,0.135,5.16
2023-08-13 16:00:00-03:00,0.188,0.11900000000000001,0.093,4.617
2023-08-13 17:00:00-03:00,0.12,0.094,0.045,2.477
2023-08-13 18:00:00-03:00,0.001,0.005,0.003,0.014
2023-08-13 19:00:00-03:00,0.0,0.0,0.0,0.197
2023-08-13 20:00:00-03:00,0.0,0.0,0.0,0.763
2023-08-13 21:00:00-03:00,0.0,0.0,0.0,1.043
2023-08-13 22:00:00-03:00,0.0,0.0,0.0,1.258
2023-08-13 23:00:00-03:00,0.0,0.0,0.0,1.105
2023-08-14 00:00:00-03:00,0.0,0.0,0.0,0.489
2023-08-14 01:00:00-03:00,0.0,0.0,0.0,0.272
2023-08-14 02:00:00-03:00,0.0,0.0,0.0,0.505
2023-08-14 03:00:00-03:00,0.0,0.0,0.0,0.656
2023-08-14 04:00:00-03:00,0.0,0.0,0.0,0.5750000000000001
2023-08-14 05:00:00-03:00,0.0,0.0,0.0,0.739
2023-08-14 06:00:00-03:00,0.0,0.0,0.0,0.55
2023-08-14 07:00:00-03:00,0.0,0.0,0.0,0.577
2023-08-14 08:00:00-03:00,0.0,0.0,0.0,0.435
2023-08-14 09:00:00-03:00,0.11,0.10300000000000001,0.025,0.747
2023-08-14 10:00:00-03:00,0.28,0.23,0.075,2.192
2023-08-14 11:00:00-03:00,0.279,0.188,0.117,3.293
2023-08-14 12:00:00-03:00,0.325,0.202,0.155,3.916
2023-08-14 13:00:00-03:00,0.276,0.127,0.176,3.824
2023-08-14 14:00:00-03:00,0.161,0.042,0.14,3.314
2023-08-14 15:00:00-03:00,0.11800000000000001,0.03,0.107,2.7960000000000003
2023-08-14 16:00:00-03:00,0.063,0.017,0.063,2.049
2023-08-14 17:00:00-03:00,0.028,0.013000000000000001,0.03,0.892
2023-08-14 18:00:00-03:00,0.0,0.002,0.002,-0.542
2023-08-14 19:00:00-03:00,0.0,0.0,0.0,-1.006
2023-08-14 20:00:00-03:00,0.0,0.0,0.0,-1.22
2023-08-14 21:00:00-03:00,0.0,0.0,0.0,-1.675
2023-08-14 22:00:00-03:00,0.0,0.0,0.0,-2.118
2023-08-14 23:00:00-03:00,0.0,0.0,0.0,-2.402
2023-08-15 00:00:00-03:00,0.0,0.0,0.0,-2.533
2023-08-15 01:00:00-03:00,0.0,0.0,0.0,-2.543
2023-08-15 02:00:00-03:00,0.0,0.0,0.0,-2.481
2023-08-15 03:00:00-03:00,0.0,0.0,0.0,-2.459
2023-08-15 04:00:00-03:00,0.0,0.0,0.0,-2.342
2023-08-15 05:00:00-03:00,0.0,0.0,0.0,-2.236
2023-08-15 06:00:00-03:00,0.0,0.0,0.0,-2.484
2023-08-15 07:00:00-03:00,0.0,0.0,0.0,-2.842
2023-08-15 08:00:00-03:00,0.0,0.0,0.0,-3.137
2023-08-15 09:00:00-03:00,0.116,0.107,0.026000000000000002,-2.98
2023-08-15 10:00:00-03:00,0.313,0.261,0.073,-1.869
2023-08-15 11:00:00-03:00,0.465,0.398,0.10300000000000001,-0.719
2023-08-15 12:00:00-03:00,0.456,0.356,0.137,0.05
2023-08-15 13:00:00-03:00,0.305,0.159,0.169,0.31
2023-08-15 14:00:00-03:00,0.28500000000000003,0.14300000000000002,0.165,0.533
2023-08-15 15:00:00-03:00,0.20600000000000002,0.096,0.13,0.618
2023-08-15 16:00:00-03:00,0.132,0.065,0.085,0.521
2023-08-15 17:00:00-03:00,0.079,0.054,0.042,0.007
2023-08-15 18:00:00-03:00,0.005,0.01,0.004,-1.986
2023-08-15 19:00:00-03:00,0.0,0.0,0.0,-2.5380000000000003
2023-08-15 20:00:00-03:00,0.0,0.0,0.0,-2.627
2023-08-15 21:00:00-03:00,0.0,0.0,0.0,-2.555
2023-08-15 22:00:00-03:00,0.0,0.0,0.0,-2.593
2023-08-15 23:00:00-03:00,0.0,0.0,0.0,-2.535
2023-08-16 00:00:00-03:00,0.0,0.0,0.0,-2.39
2023-08-16 01:00:00-03:00,0.0,0.0,0.0,-2.605
2023-08-16 02:00:00-03:00,0.0,0.0,0.0,-3.045
2023-08-16 03:00:00-03:00,0.0,0.0,0.0,-3.308
2023-08-16 04:00:00-03:00,0.0,0.0,0.0,-3.4859999999999998
2023-08-16 05:00:00-03:00,0.0,0.0,0.0,-3.589
2023-08-16 06:00:00-03:00,0.0,0.0,0.0,-3.508
2023-08-16 07:00:00-03:00,0.0,0.0,0.0,-3.573
2023-08-16 08:00:00-03:00,0.0,0.0,0.0,-3.54
2023-08-16 09:00:00-03:00,0.222,0.213,0.026000000000000002,-3.03
2023-08-16 10:00:00-03:00,0.523,0.509,0.056,-1.561
2023-08-16 11:00:00-03:00,0.6880000000000001,0.71,0.063,0.587
2023-08-16 12:00:00-03:00,0.733,0.774,0.063,2.036
2023-08-16 13:00:00-03:00,0.744,0.798,0.059000000000000004,2.886
2023-08-16 14:00:00-03:00,0.738,0.792,0.059000000000000004,3.263
2023-08-16 15:00:00-03:00,0.71,0.752,0.061,3.196
2023-08-16 16:00:00-03:00,0.636,0.661,0.054,2.657
2023-08-16 17:00:00-03:00,0.442,0.44,0.038,0.641
2023-08-16 18:00:00-03:00,0.04,0.05,0.005,-2.458
2023-08-16 19:00:00-03:00,0.0,0.0,0.0,-3.271
2023-08-16 20:00:00-03:00,0.0,0.0,0.0,-3.572
2023-08-16 21:00:00-03:00,0.0,0.0,0.0,-3.835
2023-08-16 22:00:00-03:00,0.0,0.0,0.0,-4.045
2023-08-16 23:00:00-03:00,0.0,0.0,0.0,-4.21
2023-08-17 00:00:00-03:00,0.0,0.0,0.0,-4.341
2023-08-17 01:00:00-03:00,0.0,0.0,0.0,-4.569
2023-08-17 02:00:00-03:00,0.0,0.0,0.0,-5.08
2023-08-17 03:00:00-03:00,0.0,0.0,0.0,-5.415
2023-08-17 04:00:00-03:00,0.0,0.0,0.0,-5.541
2023-08-17 05:00:00-03:00,0.0,0.0,0.0,-5.467
2023-08-17 06:00:00-03:00,0.0,0.0,0.0,-5.242
2023-08-17 07:00:00-03:00,0.0,0.0,0.0,-5.074
2023-08-17 08:00:00-03:00,0.0,0.0,0.0,-4.796
2023-08-17 09:00:00-03:00,0.147,0.133,0.029,-3.528
2023-08-17 10:00:00-03:00,0.28600000000000003,0.23,0.076,-1.525
2023-08-17 11:00:00-03:00,0.357,0.269,0.115,0.34400000000000003
2023-08-17 12:00:00-03:00,0.388,0.275,0.146,1.931
2023-08-17 13:00:00-03:00,0.43,0.311,0.159,3.209
2023-08-17 14:00:00-03:00,0.431,0.321,0.152,4.04
2023-08-17 15:00:00-03:00,0.339,0.23900000000000002,0.133,4.385
2023-08-17 16:00:00-03:00,0.211,0.14,0.095,4.199
2023-08-17 17:00:00-03:00,0.10300000000000001,0.075,0.047,3.055
2023-08-17 18:00:00-03:00,0.005,0.009000000000000001,0.005,1.619
2023-08-17 19:00:00-03:00,0.0,0.0,0.0,0.877
2023-08-17 20:00:00-03:00,0.0,0.0,0.0,0.226
2023-08-17 21:00:00-03:00,0.0,0.0,0.0,0.382
2023-08-17 22:00:00-03:00,0.0,0.0,0.0,0.552
2023-08-17 23:00:00-03:00,0.0,0.0,0.0,0.737
2023-08-18 00:00:00-03:00,0.0,0.0,0.0,0.737
2023-08-18 01:00:00-03:00,0.0,0.0,0.0,0.642
2023-08-18 02:00:00-03:00,0.0,0.0,0.0,0.498
2023-08-18 03:00:00-03:00,0.0,0.0,0.0,0.328
2023-08-18 04:00:00-03:00,0.0,0.0,0.0,0.164
2023-08-18 05:00:00-03:00,0.0,0.0,0.0,0.036000000000000004
2023-08-18 06:00:00-03:00,0.0,0.0,0.0,0.042
2023-08-18 07:00:00-03:00,0.0,0.0,0.0,0.105
2023-08-18 08:00:00-03:00,0.0,0.0,0.0,0.156
2023-08-18 09:00:00-03:00,0.003,0.002,0.009000000000000001,0.331
2023-08-18 10:00:00-03:00,0.02,0.003,0.03,0.725
2023-08-18 11:00:00-03:00,0.042,0.004,0.054,1.171
2023-08-18 12:00:00-03:00,0.07,0.006,0.081,1.576
2023-08-18 13:00:00-03:00,0.111,0.011,0.11900000000000001,2.141
2023-08-18 14:00:00-03:00,0.132,0.019,0.132,2.651
2023-08-18 15:00:00-03:00,0.147,0.038,0.13,2.933
2023-08-18 16:00:00-03:00,0.089,0.026000000000000002,0.082,2.657
2023-08-18 17:00:00-03:00,0.04,0.017,0.039,1.77
2023-08-18 18:00:00-03:00,0.001,0.003,0.004,0.448
2023-08-18 19:00:00-03:00,0.0,0.0,0.0,0.046
2023-08-18 20:00:00-03:00,0.0,0.0,0.0,0.126
2023-08-18 21:00:00-03:00,0.0,0.0,0.0,0.244
2023-08-18 22:00:00-03:00,0.0,0.0,0.0,0.066
2023-08-18 23:00:00-03:00,0.0,0.0,0.0,-0.169
2023-08-19 00:00:00-03:00,0.0,0.0,0.0,-0.41000000000000003
2023-08-19 01:00:00-03:00,0.0,0.0,0.0,-0.677
2023-08-19 02:00:00-03:00,0.0,0.0,0.0,-0.963
2023-08-19 03:00:00-03:00,0.0,0.0,0.0,-1.15
2023-08-19 04:00:00-03:00,0.0,0.0,0.0,-1.396
2023-08-19 05:00:00-03:00,0.0,0.0,0.0,-1.695
2023-08-19 06:00:00-03:00,0.0,0.0,0.0,-1.889
2023-08-19 07:00:00-03:00,0.0,0.0,0.0,-2.029
2023-08-19 08:00:00-03:00,0.0,0.0,0.0,-2.173
2023-08-19 09:00:00-03:00,0.081,0.069,0.029,-1.945
2023-08-19 10:00:00-03:00,0.245,0.187,0.078,-0.744
2023-08-19 11:00:00-03:00,0.481,0.419,0.10300000000000001,0.8260000000000001
2023-08-19 12:00:00-03:00,0.622,0.594,0.10200000000000001,2.436
2023-08-19 13:00:00-03:00,0.601,0.561,0.113,3.485
2023-08-19 14:00:00-03:00,0.5750000000000001,0.527,0.11800000000000001,4.104
2023-08-19 15:00:00-03:00,0.428,0.34900000000000003,0.122,4.312
2023-08-19 16:00:00-03:00,0.303,0.23700000000000002,0.096,4.066
2023-08-19 17:00:00-03:00,0.171,0.14,0.052000000000000005,2.497
2023-08-19 18:00:00-03:00,0.02,0.026000000000000002,0.007,0.014
2023-08-19 19:00:00-03:00,0.0,0.0,0.0,-0.447
2023-08-19 20:00:00-03:00,0.0,0.0,0.0,-0.427
2023-08-19 21:00:00-03:00,0.0,0.0,0.0,-0.585
2023-08-19 22:00:00-03:00,0.0,0.0,0.0,-0.6890000000000001
2023-08-19 23:00:00-03:00,0.0,0.0,0.0,-0.7020000000000001
2023-08-20 00:00:00-03:00,0.0,0.0,0.0,-0.868
2023-08-20 01:00:00-03:00,0.0,0.0,0.0,-1.162
2023-08-20 02:00:00-03:00,0.0,0.0,0.0,-1.2530000000000001
2023-08-20 03:00:00-03:00,0.0,0.0,0.0,-1.29
2023-08-20 04:00:00-03:00,0.0,0.0,0.0,-1.384
2023-08-20 05:00:00-03:00,0.0,0.0,0.0,-1.666
2023-08-20 06:00:00-03:00,0.0,0.0,0.0,-1.877
2023-08-20 07:00:00-03:00,0.0,0.0,0.0,-1.999
2023-08-20 08:00:00-03:00,0.0,0.001,0.0,-2.0
2023-08-20 09:00:00-03:00,0.052000000000000005,0.04,0.027,-1.792
2023-08-20 10:00:00-03:00,0.20400000000000001,0.14300000000000002,0.08,-0.911
2023-08-20 11:00:00-03:00,0.461,0.391,0.108,0.79
2023-08-20 12:00:00-03:00,0.709,0.723,0.08600000000000001,2.616
2023-08-20 13:00:00-03:00,0.675,0.671,0.098,3.717
2023-08-20 14:00:00-03:00,0.465,0.364,0.149,4.032
2023-08-20 15:00:00-03:00,0.244,0.13,0.138,3.785
2023-08-20 16:00:00-03:00,0.136,0.066,0.09,3.175
2023-08-20 17:00:00-03:00,0.1,0.069,0.05,1.9300000000000002
2023-08-20 18:00:00-03:00,0.033,0.04,0.009000000000000001,-0.521
2023-08-20 19:00:00-03:00,0.0,0.0,0.0,-1.24
2023-08-20 20:00:00-03:00,0.0,0.0,0.0,-1.431
2023-08-20 21:00:00-03:00,0.0,0.0,0.0,-1.839
2023-08-20 22:00:00-03:00,0.0,0.0,0.0,-1.88
2023-08-20 23:00:00-03:00,0.0,0.0,0.0,-1.705
2023-08-21 00:00:00-03:00,0.0,0.0,0.0,-1.54
2023-08-21 01:00:00-03:00,0.0,0.0,0.0,-1.768
2023-08-21 02:00:00-03:00,0.0,0.0,0.0,-1.911
2023-08-21 03:00:00-03:00,0.0,0.0,0.0,-1.759
2023-08-21 04:00:00-03:00,0.0,0.0,0.0,-1.884
2023-08-21 05:00:00-03:00,0.0,0.0,0.0,-2.028
2023-08-21 06:00:00-03:00,0.0,0.0,0.0,-2.008
2023-08-21 07:00:00-03:00,0.0,0.0,0.0,-1.851
2023-08-21 08:00:00-03:00,0.0,0.0,0.001,-1.699
2023-08-21 09:00:00-03:00,0.022,0.013000000000000001,0.023,-1.279
2023-08-21 10:00:00-03:00,0.07,0.023,0.064,-0.421
2023-08-21 11:00:00-03:00,0.135,0.04,0.113,0.737
2023-08-21 12:00:00-03:00,0.168,0.04,0.148,1.759
2023-08-21 13:00:00-03:00,0.137,0.019,0.137,2.144
2023-08-21 14:00:00-03:00,0.14,0.023,0.137,2.395
2023-08-21 15:00:00-03:00,0.152,0.04,0.132,2.719
2023-08-21 16:00:00-03:00,0.083,0.022,0.079,2.574
2023-08-21 17:00:00-03:00,0.049,0.022,0.044,1.609
2023-08-21 18:00:00-03:00,0.008,0.011,0.008,0.265
2023-08-21 19:00:00-03:00,0.0,0.0,0.0,-0.383
2023-08-21 20:00:00-03:00,0.0,0.0,0.0,-0.67
2023-08-21 21:00:00-03:00,0.0,0.0,0.0,-0.865
2023-08-21 22:00:00-03:00,0.0,0.0,0.0,-1.003
2023-08-21 23:00:00-03:00,0.0,0.0,0.0,-1.164
2023-08-22 00:00:00-03:00,0.0,0.0,0.0,-1.399
2023-08-22 01:00:00-03:00,0.0,0.0,0.0,-0.8250000000000001
2023-08-22 02:00:00-03:00,0.0,0.0,0.0,-0.38
2023-08-22 03:00:00-03:00,0.0,0.0,0.0,-0.559
2023-08-22 04:00:00-03:00,0.0,0.0,0.0,-0.8320000000000001
2023-08-22 05:00:00-03:00,0.0,0.0,0.0,-0.9410000000000001
2023-08-22 06:00:00-03:00,0.0,0.0,0.0,-0.971
2023-08-22 07:00:00-03:00,0.0,0.0,0.0,-0.965
2023-08-22 08:00:00-03:00,0.0,0.001,0.001,-0.792
2023-08-22 09:00:00-03:00,0.029,0.019,0.025,0.039
2023-08-22 10:00:00-03:00,0.149,0.085,0.083,1.299
2023-08-22 11:00:00-03:00,0.216,0.109,0.129,2.447
2023-08-22 12:00:00-03:00,0.216,0.08,0.159,3.013
2023-08-22 13:00:00-03:00,0.232,0.078,0.178,3.261
2023-08-22 14:00:00-03:00,0.353,0.20400000000000001,0.182,3.677
2023-08-22 15:00:00-03:00,0.398,0.292,0.14400000000000002,3.9210000000000003
2023-08-22 16:00:00-03:00,0.267,0.184,0.108,3.526
2023-08-22 17:00:00-03:00,0.088,0.054,0.052000000000000005,2.329
2023-08-22 18:00:00-03:00,0.015,0.018000000000000002,0.009000000000000001,0.641
2023-08-22 19:00:00-03:00,0.0,0.0,0.0,-0.488
2023-08-22 20:00:00-03:00,0.0,0.0,0.0,-0.917
2023-08-22 21:00:00-03:00,0.0,0.0,0.0,-1.009
2023-08-22 22:00:00-03:00,0.0,0.0,0.0,-1.093
2023-08-22 23:00:00-03:00,0.0,0.0,0.0,-1.366
2023-08-23 00:00:00-03:00,0.0,0.0,0.0,-1.921
2023-08-23 01:00:00-03:00,0.0,0.0,0.0,-1.5710000000000002
2023-08-23 02:00:00-03:00,0.0,0.0,0.0,-0.981
2023-08-23 03:00:00-03:00,0.0,0.0,0.0,-0.521
2023-08-23 04:00:00-03:00,0.0,0.0,0.0,-0.596
2023-08-23 05:00:00-03:00,0.0,0.0,0.0,-0.513
2023-08-23 06:00:00-03:00,0.0,0.0,0.0,-0.244
2023-08-23 07:00:00-03:00,0.0,0.0,0.0,-0.362
2023-08-23 08:00:00-03:00,0.0,0.004,0.001,-1.052
2023-08-23 09:00:00-03:00,0.266,0.248,0.038,-0.921
2023-08-23 10:00:00-03:00,0.524,0.503,0.069,0.446
2023-08-23 11:00:00-03:00,0.658,0.657,0.083,2.109
2023-08-23 12:00:00-03:00,0.543,0.47900000000000004,0.121,2.8280000000000003
2023-08-23 13:00:00-03:00,0.622,0.579,0.121,3.448
2023-08-23 14:00:00-03:00,0.376,0.246,0.164,3.417
2023-08-23 15:00:00-03:00,0.317,0.203,0.14300000000000002,3.237
2023-08-23 16:00:00-03:00,0.2,0.122,0.1,2.775
2023-08-23 17:00:00-03:00,0.192,0.154,0.059000000000000004,2.028
2023-08-23 18:00:00-03:00,0.032,0.037,0.01,0.763
2023-08-23 19:00:00-03:00,0.0,0.0,0.0,0.231
2023-08-23 20:00:00-03:00,0.0,0.0,0.0,0.176
2023-08-23 21:00:00-03:00,0.0,0.0,0.0,0.199
2023-08-23 22:00:00-03:00,0.0,0.0,0.0,0.076
2023-08-23 23:00:00-03:00,0.0,0.0,0.0,0.27
2023-08-24 00:00:00-03:00,0.0,0.0,0.0,0.447
2023-08-24 01:00:00-03:00,0.0,0.0,0.0,0.516
2023-08-24 02:00:00-03:00,0.0,0.0,0.0,0.647
2023-08-24 03:00:00-03:00,0.0,0.0,0.0,0.8140000000000001
2023-08-24 04:00:00-03:00,0.0,0.0,0.0,1.104
2023-08-24 05:00:00-03:00,0.0,0.0,0.0,1.454
2023-08-24 06:00:00-03:00,0.0,0.0,0.0,1.75
2023-08-24 07:00:00-03:00,0.0,0.0,0.0,1.895
2023-08-24 08:00:00-03:00,0.0,0.003,0.002,1.9540000000000002
2023-08-24 09:00:00-03:00,0.10300000000000001,0.083,0.038,2.424
2023-08-24 10:00:00-03:00,0.185,0.12,0.08700000000000001,2.908
2023-08-24 11:00:00-03:00,0.243,0.136,0.131,3.175
2023-08-24 12:00:00-03:00,0.28400000000000003,0.14200000000000002,0.168,2.803
2023-08-24 13:00:00-03:00,0.336,0.17400000000000002,0.191,2.474
2023-08-24 14:00:00-03:00,0.376,0.23,0.178,2.216
2023-08-24 15:00:00-03:00,0.402,0.293,0.14400000000000002,1.8090000000000002
2023-08-24 16:00:00-03:00,0.269,0.184,0.108,1.292
2023-08-24 17:00:00-03:00,0.15,0.109,0.06,0.645
2023-08-24 18:00:00-03:00,0.044,0.048,0.012,-0.527
2023-08-24 19:00:00-03:00,0.0,0.0,0.0,-1.6
2023-08-24 20:00:00-03:00,0.0,0.0,0.0,-2.211
2023-08-24 21:00:00-03:00,0.0,0.0,0.0,-2.7119999999999997
2023-08-24 22:00:00-03:00,0.0,0.0,0.0,-3.025
2023-08-24 23:00:00-03:00,0.0,0.0,0.0,-3.155
2023-08-25 00:00:00-03:00,0.0,0.0,0.0,-3.228
2023-08-25 01:00:00-03:00,0.0,0.0,0.0,-3.5620000000000003
2023-08-25 02:00:00-03:00,0.0,0.0,0.0,-3.648
2023-08-25 03:00:00-03:00,0.0,0.0,0.0,-3.6630000000000003
2023-08-25 04:00:00-03:00,0.0,0.0,0.0,-3.681
2023-08-25 05:00:00-03:00,0.0,0.0,0.0,-3.741
2023-08-25 06:00:00-03:00,0.0,0.0,0.0,-4.094
2023-08-25 07:00:00-03:00,0.0,0.0,0.0,-4.341
2023-08-25 08:00:00-03:00,0.003,0.008,0.002,-4.279
2023-08-25 09:00:00-03:00,0.165,0.139,0.043000000000000003,-2.727
2023-08-25 10:00:00-03:00,0.195,0.127,0.08700000000000001,-1.038
2023-08-25 11:00:00-03:00,0.379,0.278,0.131,0.918
2023-08-25 12:00:00-03:00,0.381,0.25,0.165,2.385
2023-08-25 13:00:00-03:00,0.41600000000000004,0.272,0.184,3.496
2023-08-25 14:00:00-03:00,0.399,0.258,0.18,4.314
2023-08-25 15:00:00-03:00,0.225,0.10400000000000001,0.146,4.416
2023-08-25 16:00:00-03:00,0.134,0.059000000000000004,0.096,4.003
2023-08-25 17:00:00-03:00,0.12,0.08,0.06,2.996
2023-08-25 18:00:00-03:00,0.03,0.032,0.012,0.618
2023-08-25 19:00:00-03:00,0.0,0.0,0.0,-0.266
2023-08-25 20:00:00-03:00,0.0,0.0,0.0,-0.108
2023-08-25 21:00:00-03:00,0.0,0.0,0.0,0.11900000000000001
2023-08-25 22:00:00-03:00,0.0,0.0,0.0,0.198
2023-08-25 23:00:00-03:00,0.0,0.0,0.0,0.167
2023-08-26 00:00:00-03:00,0.0,0.0,0.0,0.065
2023-08-26 01:00:00-03:00,0.0,0.0,0.0,-0.152
2023-08-26 02:00:00-03:00,0.0,0.0,0.0,-0.447
2023-08-26 03:00:00-03:00,0.0,0.0,0.0,-0.209
2023-08-26 04:00:00-03:00,0.0,0.0,0.0,0.10300000000000001
2023-08-26 05:00:00-03:00,0.0,0.0,0.0,0.276
2023-08-26 06:00:00-03:00,0.0,0.0,0.0,0.534
2023-08-26 07:00:00-03:00,0.0,0.0,0.0,0.842
2023-08-26 08:00:00-03:00,0.0,0.0,0.001,1.121
2023-08-26 09:00:00-03:00,0.013000000000000001,0.005,0.02,1.772
2023-08-26 10:00:00-03:00,0.042,0.008,0.05,2.601
2023-08-26 11:00:00-03:00,0.076,0.011,0.083,3.52
2023-08-26 12:00:00-03:00,0.10300000000000001,0.012,0.111,4.406
2023-08-26 13:00:00-03:00,0.131,0.015,0.137,5.239
2023-08-26 14:00:00-03:00,0.158,0.028,0.153,6.197
2023-08-26 15:00:00-03:00,0.214,0.085,0.156,7.157
2023-08-26 16:00:00-03:00,0.301,0.213,0.122,7.587
2023-08-26 17:00:00-03:00,0.126,0.083,0.066,6.112
2023-08-26 18:00:00-03:00,0.016,0.017,0.011,3.416
2023-08-26 19:00:00-03:00,0.0,0.0,0.0,3.013
2023-08-26 20:00:00-03:00,0.0,0.0,0.0,2.541
2023-08-26 21:00:00-03:00,0.0,0.0,0.0,2.13
2023-08-26 22:00:00-03:00,0.0,0.0,0.0,1.095
2023-08-26 23:00:00-03:00,0.0,0.0,0.0,0.016
2023-08-27 00:00:00-03:00,0.0,0.0,0.0,-0.28400000000000003
2023-08-27 01:00:00-03:00,0.0,0.0,0.0,0.417
2023-08-27 02:00:00-03:00,0.0,0.0,0.0,0.611
2023-08-27 03:00:00-03:00,0.0,0.0,0.0,1.065
2023-08-27 04:00:00-03:00,0.0,0.0,0.0,1.1320000000000001
2023-08-27 05:00:00-03:00,0.0,0.0,0.0,0.9440000000000001
2023-08-27 06:00:00-03:00,0.0,0.0,0.0,0.853
2023-08-27 07:00:00-03:00,0.0,0.0,0.0,0.512
2023-08-27 08:00:00-03:00,0.0,0.002,0.002,0.34400000000000003
2023-08-27 09:00:00-03:00,0.109,0.082,0.046,1.589
2023-08-27 10:00:00-03:00,0.159,0.09,0.09,3.352
2023-08-27 11:00:00-03:00,0.468,0.382,0.138,5.373
2023-08-27 12:00:00-03:00,0.257,0.105,0.182,6.824
2023-08-27 13:00:00-03:00,0.097,0.01,0.108,6.048
2023-08-27 14:00:00-03:00,0.187,0.041,0.171,6.974
2023-08-27 15:00:00-03:00,0.188,0.062,0.153,7.761
2023-08-27 16:00:00-03:00,0.062,0.012,0.069,5.973
2023-08-27 17:00:00-03:00,0.016,0.004,0.025,4.041
2023-08-27 18:00:00-03:00,0.0,0.001,0.004,2.74
2023-08-27 19:00:00-03:00,0.0,0.0,0.0,2.033
2023-08-27 20:00:00-03:00,0.0,0.0,0.0,1.729
2023-08-27 21:00:00-03:00,0.0,0.0,0.0,0.223
2023-08-27 22:00:00-03:00,0.0,0.0,0.0,0.765
2023-08-27 23:00:00-03:00,0.0,0.0,0.0,1.076
2023-08-28 00:00:00-03:00,0.0,0.0,0.0,0.983
2023-08-28 01:00:00-03:00,0.0,0.0,0.0,0.679
2023-08-28 02:00:00-03:00,0.0,0.0,0.0,0.777
2023-08-28 03:00:00-03:00,0.0,0.0,0.0,0.909
2023-08-28 04:00:00-03:00,0.0,0.0,0.0,1.232
2023-08-28 05:00:00-03:00,0.0,0.0,0.0,1.5190000000000001
2023-08-28 06:00:00-03:00,0.0,0.0,0.0,1.258
2023-08-28 07:00:00-03:00,0.0,0.0,0.0,0.559
2023-08-28 08:00:00-03:00,0.008,0.015,0.004,0.294
2023-08-28 09:00:00-03:00,0.15,0.126,0.044,1.459
2023-08-28 10:00:00-03:00,0.271,0.209,0.08700000000000001,2.769
2023-08-28 11:00:00-03:00,0.638,0.634,0.09,4.393
2023-08-28 12:00:00-03:00,0.7030000000000001,0.728,0.08700000000000001,5.789
2023-08-28 13:00:00-03:00,0.6900000000000001,0.71,0.091,6.667
2023-08-28 14:00:00-03:00,0.679,0.6960000000000001,0.094,7.16
2023-08-28 15:00:00-03:00,0.647,0.654,0.093,7.266
2023-08-28 16:00:00-03:00,0.554,0.543,0.084,6.832
2023-08-28 17:00:00-03:00,0.305,0.273,0.063,5.717
2023-08-28 18:00:00-03:00,0.078,0.08,0.016,2.8120000000000003
2023-08-28 19:00:00-03:00,0.0,0.0,0.0,1.021
2023-08-28 20:00:00-03:00,0.0,0.0,0.0,0.883
2023-08-28 21:00:00-03:00,0.0,0.0,0.0,0.983
2023-08-28 22:00:00-03:00,0.0,0.0,0.0,1.401
2023-08-28 23:00:00-03:00,0.0,0.0,0.0,1.746
2023-08-29 00:00:00-03:00,0.0,0.0,0.0,1.445
2023-08-29 01:00:00-03:00,0.0,0.0,0.0,1.078
2023-08-29 02:00:00-03:00,0.0,0.0,0.0,0.8240000000000001
2023-08-29 03:00:00-03:00,0.0,0.0,0.0,0.662
2023-08-29 04:00:00-03:00,0.0,0.0,0.0,0.58
2023-08-29 05:00:00-03:00,0.0,0.0,0.0,0.43
2023-08-29 06:00:00-03:00,0.0,0.0,0.0,0.294
2023-08-29 07:00:00-03:00,0.0,0.0,0.0,0.361
2023-08-29 08:00:00-03:00,0.0,0.002,0.003,0.458
2023-08-29 09:00:00-03:00,0.069,0.043000000000000003,0.044,1.155
2023-08-29 10:00:00-03:00,0.079,0.025,0.07200000000000001,2.25
2023-08-29 11:00:00-03:00,0.254,0.131,0.149,4.205
2023-08-29 12:00:00-03:00,0.403,0.254,0.194,6.719
2023-08-29 13:00:00-03:00,0.177,0.033,0.17,7.286
2023-08-29 14:00:00-03:00,0.10200000000000001,0.01,0.113,6.788
2023-08-29 15:00:00-03:00,0.088,0.012,0.097,6.601
2023-08-29 16:00:00-03:00,0.117,0.037,0.10300000000000001,7.018
2023-08-29 17:00:00-03:00,0.052000000000000005,0.019,0.051000000000000004,5.939
2023-08-29 18:00:00-03:00,0.001,0.002,0.005,4.253
2023-08-29 19:00:00-03:00,0.0,0.0,0.0,3.338
2023-08-29 20:00:00-03:00,0.0,0.0,0.0,2.6790000000000003
2023-08-29 21:00:00-03:00,0.0,0.0,0.0,1.787
2023-08-29 22:00:00-03:00,0.0,0.0,0.0,0.983
2023-08-29 23:00:00-03:00,0.0,0.0,0.0,0.47600000000000003
2023-08-30 00:00:00-03:00,0.0,0.0,0.0,0.097
2023-08-30 01:00:00-03:00,0.0,0.0,0.0,-0.186
2023-08-30 02:00:00-03:00,0.0,0.0,0.0,-0.461
2023-08-30 03:00:00-03:00,0.0,0.0,0.0,-0.975
2023-08-30 04:00:00-03:00,0.0,0.0,0.0,-1.2730000000000001
2023-08-30 05:00:00-03:00,0.0,0.0,0.0,-0.295
2023-08-30 06:00:00-03:00,0.0,0.0,0.0,0.024
2023-08-30 07:00:00-03:00,0.0,0.0,0.0,-0.166
2023-08-30 08:00:00-03:00,0.001,0.005,0.003,-0.394
2023-08-30 09:00:00-03:00,0.111,0.084,0.045,0.343
2023-08-30 10:00:00-03:00,0.40800000000000003,0.352,0.091,1.866
2023-08-30 11:00:00-03:00,0.53,0.47500000000000003,0.112,3.452
2023-08-30 12:00:00-03:00,0.658,0.64,0.11,4.522
2023-08-30 13:00:00-03:00,0.651,0.628,0.116,5.151
2023-08-30 14:00:00-03:00,0.631,0.599,0.12,5.592
2023-08-30 15:00:00-03:00,0.5680000000000001,0.522,0.11900000000000001,5.838
2023-08-30 16:00:00-03:00,0.382,0.309,0.113,5.587
2023-08-30 17:00:00-03:00,0.056,0.027,0.047,4.344
2023-08-30 18:00:00-03:00,0.057,0.055,0.019,3.252
2023-08-30 19:00:00-03:00,0.0,0.0,0.0,2.218
2023-08-30 20:00:00-03:00,0.0,0.0,0.0,1.943
2023-08-30 21:00:00-03:00,0.0,0.0,0.0,1.79
2023-08-30 22:00:00-03:00,0.0,0.0,0.0,1.457
2023-08-30 23:00:00-03:00,0.0,0.0,0.0,0.998
2023-08-31 00:00:00-03:00,0.0,0.0,0.0,0.484
2023-08-31 01:00:00-03:00,0.0,0.0,0.0,0.067
2023-08-31 02:00:00-03:00,0.0,0.0,0.0,-0.117
2023-08-31 03:00:00-03:00,0.0,0.0,0.0,-0.098
2023-08-31 04:00:00-03:00,0.0,0.0,0.0,0.036000000000000004
2023-08-31 05:00:00-03:00,0.0,0.0,0.0,0.08
2023-08-31 06:00:00-03:00,0.0,0.0,0.0,0.079
2023-08-31 07:00:00-03:00,0.0,0.0,0.0,0.10400000000000001
2023-08-31 08:00:00-03:00,0.002,0.005,0.005,0.042
2023-08-31 09:00:00-03:00,0.067,0.039,0.046,0.842
2023-08-31 10:00:00-03:00,0.153,0.07200000000000001,0.101,2.191
2023-08-31 11:00:00-03:00,0.17500000000000002,0.057,0.14,3.582
2023-08-31 12:00:00-03:00,0.17500000000000002,0.035,0.163,4.369
2023-08-31 13:00:00-03:00,0.124,0.011,0.133,4.141
2023-08-31 14:00:00-03:00,0.073,0.004,0.08700000000000001,3.401
2023-08-31 15:00:00-03:00,0.056,0.004,0.069,2.832
2023-08-31 16:00:00-03:00,0.038,0.004,0.05,2.225
2023-08-31 17:00:00-03:00,0.018000000000000002,0.003,0.028,1.478
2023-08-31 18:00:00-03:00,0.002,0.002,0.007,0.792
2023-08-31 19:00:00-03:00,0.0,0.0,0.0,-0.073
2023-08-31 20:00:00-03:00,0.0,0.0,0.0,-0.352
2023-08-31 21:00:00-03:00,0.0,0.0,0.0,-0.623
2023-08-31 22:00:00-03:00,0.0,0.0,0.0,-1.064
2023-08-31 23:00:00-03:00,0.0,0.0,0.0,-1.022
2023-09-01 00:00:00-03:00,0.0,0.0,0.0,-0.6970000000000001
2023-09-01 01:00:00-03:00,0.0,0.0,0.0,-0.863
2023-09-01 02:00:00-03:00,0.0,0.0,0.0,-1.223
2023-09-01 03:00:00-03:00,0.0,0.0,0.0,-1.116
2023-09-01 04:00:00-03:00,0.0,0.0,0.0,-0.754
2023-09-01 05:00:00-03:00,0.0,0.0,0.0,-0.748
2023-09-01 06:00:00-03:00,0.0,0.0,0.0,-0.848
2023-09-01 07:00:00-03:00,0.0,0.0,0.0,-1.057
2023-09-01 08:00:00-03:00,0.004,0.007,0.005,-1.2730000000000001
2023-09-01 09:00:00-03:00,0.098,0.069,0.047,-0.317
2023-09-01 10:00:00-03:00,0.355,0.28700000000000003,0.098,1.389
2023-09-01 11:00:00-03:00,0.584,0.54,0.111,3.133
2023-09-01 12:00:00-03:00,0.615,0.5670000000000001,0.127,4.257
2023-09-01 13:00:00-03:00,0.546,0.452,0.159,4.7620000000000005
2023-09-01 14:00:00-03:00,0.5640000000000001,0.485,0.149,5.06
2023-09-01 15:00:00-03:00,0.536,0.468,0.132,5.158
2023-09-01 16:00:00-03:00,0.419,0.35000000000000003,0.113,4.827
2023-09-01 17:00:00-03:00,0.177,0.128,0.07100000000000001,4.038
2023-09-01 18:00:00-03:00,0.074,0.07,0.023,2.615
2023-09-01 19:00:00-03:00,0.0,0.0,0.0,0.784
2023-09-01 20:00:00-03:00,0.0,0.0,0.0,0.017
2023-09-01 21:00:00-03:00,0.0,0.0,0.0,-0.634
2023-09-01 22:00:00-03:00,0.0,0.0,0.0,-1.258
2023-09-01 23:00:00-03:00,0.0,0.0,0.0,-1.58
2023-09-02 00:00:00-03:00,0.0,0.0,0.0,-1.863
2023-09-02 01:00:00-03:00,0.0,0.0,0.0,-2.163
2023-09-02 02:00:00-03:00,0.0,0.0,0.0,-2.241
2023-09-02 03:00:00-03:00,0.0,0.0,0.0,-1.912
2023-09-02 04:00:00-03:00,0.0,0.0,0.0,-1.712
2023-09-02 05:00:00-03:00,0.0,0.0,0.0,-1.647
2023-09-02 06:00:00-03:00,0.0,0.0,0.0,-1.584
2023-09-02 07:00:00-03:00,0.0,0.0,0.0,-1.833
2023-09-02 08:00:00-03:00,0.013000000000000001,0.018000000000000002,0.006,-2.129
2023-09-02 09:00:00-03:00,0.23700000000000002,0.20400000000000001,0.053,-0.28400000000000003
2023-09-02 10:00:00-03:00,0.577,0.56,0.079,1.9140000000000001
2023-09-02 11:00:00-03:00,0.6890000000000001,0.6970000000000001,0.09,3.652
2023-09-02 12:00:00-03:00,0.648,0.624,0.113,4.491
2023-09-02 13:00:00-03:00,0.664,0.645,0.115,5.008
2023-09-02 14:00:00-03:00,0.6920000000000001,0.6920000000000001,0.106,5.285
2023-09-02 15:00:00-03:00,0.618,0.589,0.112,5.095
2023-09-02 16:00:00-03:00,0.506,0.459,0.10300000000000001,4.549
2023-09-02 17:00:00-03:00,0.191,0.14100000000000001,0.07200000000000001,3.407
2023-09-02 18:00:00-03:00,0.046,0.041,0.021,1.6520000000000001
2023-09-02 19:00:00-03:00,0.0,0.0,0.0,0.017
2023-09-02 20:00:00-03:00,0.0,0.0,0.0,-0.459
2023-09-02 21:00:00-03:00,0.0,0.0,0.0,-0.9510000000000001
2023-09-02 22:00:00-03:00,0.0,0.0,0.0,-1.339
2023-09-02 23:00:00-03:00,0.0,0.0,0.0,-1.937
2023-09-03 00:00:00-03:00,0.0,0.0,0.0,-2.239
2023-09-03 01:00:00-03:00,0.0,0.0,0.0,-2.271
2023-09-03 02:00:00-03:00,0.0,0.0,0.0,-2.149
2023-09-03 03:00:00-03:00,0.0,0.0,0.0,-2.346
2023-09-03 04:00:00-03:00,0.0,0.0,0.0,-2.422
2023-09-03 05:00:00-03:00,0.0,0.0,0.0,-2.132
2023-09-03 06:00:00-03:00,0.0,0.0,0.0,-2.182
2023-09-03 07:00:00-03:00,0.0,0.0,0.0,-2.29
2023-09-03 08:00:00-03:00,0.018000000000000002,0.023,0.008,-2.2560000000000002
2023-09-03 09:00:00-03:00,0.193,0.154,0.058,-1.135
2023-09-03 10:00:00-03:00,0.326,0.244,0.106,0.438
2023-09-03 11:00:00-03:00,0.341,0.22,0.149,1.473
2023-09-03 12:00:00-03:00,0.382,0.226,0.188,2.186
2023-09-03 13:00:00-03:00,0.391,0.20800000000000002,0.218,2.75
2023-09-03 14:00:00-03:00,0.276,0.10200000000000001,0.199,2.875
2023-09-03 15:00:00-03:00,0.187,0.061,0.148,2.81
2023-09-03 16:00:00-03:00,0.224,0.121,0.126,2.785
2023-09-03 17:00:00-03:00,0.148,0.094,0.075,2.303
2023-09-03 18:00:00-03:00,0.091,0.081,0.027,0.6940000000000001
2023-09-03 19:00:00-03:00,0.0,0.0,0.0,-0.766
2023-09-03 20:00:00-03:00,0.0,0.0,0.0,-0.687
2023-09-03 21:00:00-03:00,0.0,0.0,0.0,-0.852
2023-09-03 22:00:00-03:00,0.0,0.0,0.0,-1.143
2023-09-03 23:00:00-03:00,0.0,0.0,0.0,-1.461
2023-09-04 00:00:00-03:00,0.0,0.0,0.0,-1.568
2023-09-04 01:00:00-03:00,0.0,0.0,0.0,-1.4140000000000001
2023-09-04 02:00:00-03:00,0.0,0.0,0.0,-1.175
2023-09-04 03:00:00-03:00,0.0,0.0,0.0,-1.078
2023-09-04 04:00:00-03:00,0.0,0.0,0.0,-1.309
2023-09-04 05:00:00-03:00,0.0,0.0,0.0,-1.534
2023-09-04 06:00:00-03:00,0.0,0.0,0.0,-1.891
2023-09-04 07:00:00-03:00,0.0,0.0,0.0,-2.346
2023-09-04 08:00:00-03:00,0.051000000000000004,0.057,0.01,-2.297
2023-09-04 09:00:00-03:00,0.306,0.27,0.057,-0.838
2023-09-04 10:00:00-03:00,0.47700000000000004,0.425,0.094,1.1360000000000001
2023-09-04 11:00:00-03:00,0.581,0.53,0.116,2.5700000000000003
2023-09-04 12:00:00-03:00,0.629,0.577,0.132,3.463
2023-09-04 13:00:00-03:00,0.517,0.391,0.181,3.731
2023-09-04 14:00:00-03:00,0.404,0.247,0.195,3.645
2023-09-04 15:00:00-03:00,0.343,0.20800000000000002,0.167,3.463
2023-09-04 16:00:00-03:00,0.211,0.114,0.121,3.034
2023-09-04 17:00:00-03:00,0.128,0.076,0.07200000000000001,2.337
2023-09-04 18:00:00-03:00,0.041,0.034,0.023,0.23700000000000002
2023-09-04 19:00:00-03:00,0.0,0.0,0.0,-1.7570000000000001
2023-09-04 20:00:00-03:00,0.0,0.0,0.0,-2.216
2023-09-04 21:00:00-03:00,0.0,0.0,0.0,-2.5620000000000003
2023-09-04 22:00:00-03:00,0.0,0.0,0.0,-2.89
2023-09-04 23:00:00-03:00,0.0,0.0,0.0,-3.179
2023-09-05 00:00:00-03:00,0.0,0.0,0.0,-3.428
2023-09-05 01:00:00-03:00,0.0,0.0,0.0,-3.6
2023-09-05 02:00:00-03:00,0.0,0.0,0.0,-3.715
2023-09-05 03:00:00-03:00,0.0,0.0,0.0,-3.733
2023-09-05 04:00:00-03:00,0.0,0.0,0.0,-3.716
2023-09-05 05:00:00-03:00,0.0,0.0,0.0,-3.7560000000000002
2023-09-05 06:00:00-03:00,0.0,0.0,0.0,-3.947
2023-09-05 07:00:00-03:00,0.0,0.0,0.0,-4.182
2023-09-05 08:00:00-03:00,0.163,0.168,0.011,-3.916
2023-09-05 09:00:00-03:00,0.558,0.56,0.045,-1.5819999999999999
2023-09-05 10:00:00-03:00,0.711,0.739,0.064,0.98
2023-09-05 11:00:00-03:00,0.759,0.803,0.076,3.195
2023-09-05 12:00:00-03:00,0.771,0.8230000000000001,0.077,4.314
2023-09-05 13:00:00-03:00,0.741,0.781,0.081,4.937
2023-09-05 14:00:00-03:00,0.729,0.76,0.088,5.314
2023-09-05 15:00:00-03:00,0.723,0.754,0.08700000000000001,5.401
2023-09-05 16:00:00-03:00,0.7030000000000001,0.737,0.075,5.082
2023-09-05 17:00:00-03:00,0.621,0.645,0.056,4.109
2023-09-05 18:00:00-03:00,0.373,0.374,0.028,0.8320000000000001
2023-09-05 19:00:00-03:00,0.0,0.001,0.0,-1.766
2023-09-05 20:00:00-03:00,0.0,0.0,0.0,-1.975
2023-09-05 21:00:00-03:00,0.0,0.0,0.0,-2.664
2023-09-05 22:00:00-03:00,0.0,0.0,0.0,-3.207
2023-09-05 23:00:00-03:00,0.0,0.0,0.0,-3.446
2023-09-06 00:00:00-03:00,0.0,0.0,0.0,-2.826
2023-09-06 01:00:00-03:00,0.0,0.0,0.0,-2.426
2023-09-06 02:00:00-03:00,0.0,0.0,0.0,-2.154
2023-09-06 03:00:00-03:00,0.0,0.0,0.0,-1.845
2023-09-06 04:00:00-03:00,0.0,0.0,0.0,-1.7730000000000001
2023-09-06 05:00:00-03:00,0.0,0.0,0.0,-1.647
2023-09-06 06:00:00-03:00,0.0,0.0,0.0,-1.397
2023-09-06 07:00:00-03:00,0.0,0.0,0.0,-1.188
2023-09-06 08:00:00-03:00,0.024,0.027,0.01,-1.067
2023-09-06 09:00:00-03:00,0.166,0.125,0.059000000000000004,0.055
2023-09-06 10:00:00-03:00,0.584,0.559,0.089,2.014
2023-09-06 11:00:00-03:00,0.704,0.708,0.1,3.877
2023-09-06 12:00:00-03:00,0.587,0.514,0.148,4.781
2023-09-06 13:00:00-03:00,0.41600000000000004,0.246,0.212,4.726
2023-09-06 14:00:00-03:00,0.353,0.18,0.20700000000000002,4.402
2023-09-06 15:00:00-03:00,0.294,0.151,0.171,4.052
2023-09-06 16:00:00-03:00,0.20700000000000002,0.105,0.125,3.459
2023-09-06 17:00:00-03:00,0.121,0.066,0.074,2.478
2023-09-06 18:00:00-03:00,0.029,0.021,0.022,1.279
2023-09-06 19:00:00-03:00,0.0,0.0,0.0,0.312
2023-09-06 20:00:00-03:00,0.0,0.0,0.0,0.224
2023-09-06 21:00:00-03:00,0.0,0.0,0.0,0.42
2023-09-06 22:00:00-03:00,0.0,0.0,0.0,0.6890000000000001
2023-09-06 23:00:00-03:00,0.0,0.0,0.0,0.844
2023-09-07 00:00:00-03:00,0.0,0.0,0.0,0.9400000000000001
2023-09-07 01:00:00-03:00,0.0,0.0,0.0,1.044
2023-09-07 02:00:00-03:00,0.0,0.0,0.0,1.213
2023-09-07 03:00:00-03:00,0.0,0.0,0.0,1.482
2023-09-07 04:00:00-03:00,0.0,0.0,0.0,1.729
2023-09-07 05:00:00-03:00,0.0,0.0,0.0,1.887
2023-09-07 06:00:00-03:00,0.0,0.0,0.0,1.92
2023-09-07 07:00:00-03:00,0.0,0.0,0.0,1.862
2023-09-07 08:00:00-03:00,0.0,0.001,0.003,1.8719999999999999
2023-09-07 09:00:00-03:00,0.014,0.004,0.023,2.254
2023-09-07 10:00:00-03:00,0.044,0.007,0.053,2.821
2023-09-07 11:00:00-03:00,0.082,0.011,0.09,3.473
2023-09-07 12:00:00-03:00,0.203,0.049,0.178,4.221
2023-09-07 13:00:00-03:00,0.4,0.20400000000000001,0.23700000000000002,5.143
2023-09-07 14:00:00-03:00,0.502,0.361,0.201,5.819
2023-09-07 15:00:00-03:00,0.441,0.316,0.17400000000000002,5.9510000000000005
2023-09-07 16:00:00-03:00,0.255,0.147,0.136,5.603
2023-09-07 17:00:00-03:00,0.122,0.065,0.078,4.909
2023-09-07 18:00:00-03:00,0.057,0.044,0.03,3.063
2023-09-07 19:00:00-03:00,0.0,0.001,0.0,0.635
2023-09-07 20:00:00-03:00,0.0,0.0,0.0,-0.34900000000000003
2023-09-07 21:00:00-03:00,0.0,0.0,0.0,-0.681
2023-09-07 22:00:00-03:00,0.0,0.0,0.0,-0.669
2023-09-07 23:00:00-03:00,0.0,0.0,0.0,-0.6000000000000001
2023-09-08 00:00:00-03:00,0.0,0.0,0.0,-0.433
2023-09-08 01:00:00-03:00,0.0,0.0,0.0,-0.227
2023-09-08 02:00:00-03:00,0.0,0.0,0.0,-0.487
2023-09-08 03:00:00-03:00,0.0,0.0,0.0,-0.787
2023-09-08 04:00:00-03:00,0.0,0.0,0.0,-0.917
2023-09-08 05:00:00-03:00,0.0,0.0,0.0,-0.994
2023-09-08 06:00:00-03:00,0.0,0.0,0.0,-1.125
2023-09-08 07:00:00-03:00,0.0,0.0,0.0,-1.245
2023-09-08 08:00:00-03:00,0.022,0.024,0.011,-0.801
2023-09-08 09:00:00-03:00,0.11,0.07100000000000001,0.058,1.2850000000000001
2023-09-08 10:00:00-03:00,0.23900000000000002,0.152,0.11,3.014
2023-09-08 11:00:00-03:00,0.402,0.296,0.148,5.7
2023-09-08 12:00:00-03:00,0.599,0.54,0.14400000000000002,7.323
2023-09-08 13:00:00-03:00,0.647,0.615,0.137,8.37
2023-09-08 14:00:00-03:00,0.633,0.595,0.139,8.836
2023-09-08 15:00:00-03:00,0.52,0.443,0.148,8.884
2023-09-08 16:00:00-03:00,0.28800000000000003,0.195,0.128,8.538
2023-09-08 17:00:00-03:00,0.225,0.169,0.085,8.036
2023-09-08 18:00:00-03:00,0.132,0.12,0.035,6.977
2023-09-08 19:00:00-03:00,0.0,0.002,0.001,5.298
2023-09-08 20:00:00-03:00,0.0,0.0,0.0,3.434
2023-09-08 21:00:00-03:00,0.0,0.0,0.0,1.667
2023-09-08 22:00:00-03:00,0.0,0.0,0.0,0.364
2023-09-08 23:00:00-03:00,0.0,0.0,0.0,-0.47100000000000003
2023-09-09 00:00:00-03:00,0.0,0.0,0.0,-0.989
2023-09-09 01:00:00-03:00,0.0,0.0,0.0,-1.366
2023-09-09 02:00:00-03:00,0.0,0.0,0.0,-1.687
2023-09-09 03:00:00-03:00,0.0,0.0,0.0,-1.915
2023-09-09 04:00:00-03:00,0.0,0.0,0.0,-2.022
2023-09-09 05:00:00-03:00,0.0,0.0,0.0,-2.082
2023-09-09 06:00:00-03:00,0.0,0.0,0.0,-2.149
2023-09-09 07:00:00-03:00,0.0,0.0,0.0,-2.238
2023-09-09 08:00:00-03:00,0.186,0.189,0.015,-1.51
2023-09-09 09:00:00-03:00,0.434,0.41300000000000003,0.055,0.261
2023-09-09 10:00:00-03:00,0.707,0.734,0.07,2.398
2023-09-09 11:00:00-03:00,0.769,0.8230000000000001,0.079,4.966
2023-09-09 12:00:00-03:00,0.784,0.86,0.077,7.525
2023-09-09 13:00:00-03:00,0.78,0.872,0.068,9.201
2023-09-09 14:00:00-03:00,0.772,0.855,0.077,10.056
2023-09-09 15:00:00-03:00,0.745,0.808,0.08700000000000001,10.203
2023-09-09 16:00:00-03:00,0.683,0.723,0.082,9.666
2023-09-09 17:00:00-03:00,0.559,0.5720000000000001,0.066,8.502
2023-09-09 18:00:00-03:00,0.301,0.299,0.035,6.321
2023-09-09 19:00:00-03:00,0.0,0.005,0.001,3.487
2023-09-09 20:00:00-03:00,0.0,0.0,0.0,1.81
2023-09-09 21:00:00-03:00,0.0,0.0,0.0,1.5230000000000001
2023-09-09 22:00:00-03:00,0.0,0.0,0.0,1.6440000000000001
2023-09-09 23:00:00-03:00,0.0,0.0,0.0,1.752
2023-09-10 00:00:00-03:00,0.0,0.0,0.0,1.804
2023-09-10 01:00:00-03:00,0.0,0.0,0.0,1.915
2023-09-10 02:00:00-03:00,0.0,0.0,0.0,2.113
2023-09-10 03:00:00-03:00,0.0,0.0,0.0,2.104
2023-09-10 04:00:00-03:00,0.0,0.0,0.0,2.03
2023-09-10 05:00:00-03:00,0.0,0.0,0.0,1.928
2023-09-10 06:00:00-03:00,0.0,0.0,0.0,1.83
2023-09-10 07:00:00-03:00,0.0,0.0,0.0,1.697
2023-09-10 08:00:00-03:00,0.0,0.001,0.004,1.629
2023-09-10 09:00:00-03:00,0.013000000000000001,0.002,0.022,1.8679999999999999
2023-09-10 10:00:00-03:00,0.035,0.004,0.047,2.267
2023-09-10 11:00:00-03:00,0.07100000000000001,0.006,0.083,3.012
2023-09-10 12:00:00-03:00,0.122,0.011,0.131,3.87
2023-09-10 13:00:00-03:00,0.184,0.021,0.186,4.652
2023-09-10 14:00:00-03:00,0.20400000000000001,0.034,0.194,5.315
2023-09-10 15:00:00-03:00,0.164,0.033,0.154,5.659
2023-09-10 16:00:00-03:00,0.132,0.035,0.12,5.79
2023-09-10 17:00:00-03:00,0.059000000000000004,0.016,0.061,5.474
2023-09-10 18:00:00-03:00,0.02,0.01,0.024,4.424
2023-09-10 19:00:00-03:00,0.0,0.0,0.001,3.119
2023-09-10 20:00:00-03:00,0.0,0.0,0.0,2.325
2023-09-10 21:00:00-03:00,0.0,0.0,0.0,1.724
2023-09-10 22:00:00-03:00,0.0,0.0,0.0,1.258
2023-09-10 23:00:00-03:00,0.0,0.0,0.0,1.158
2023-09-11 00:00:00-03:00,0.0,0.0,0.0,1.248
2023-09-11 01:00:00-03:00,0.0,0.0,0.0,1.118
2023-09-11 02:00:00-03:00,0.0,0.0,0.0,0.735
2023-09-11 03:00:00-03:00,0.0,0.0,0.0,0.323
2023-09-11 04:00:00-03:00,0.0,0.0,0.0,0.097
2023-09-11 05:00:00-03:00,0.0,0.0,0.0,-0.14300000000000002
2023-09-11 06:00:00-03:00,0.0,0.0,0.0,-0.434
2023-09-11 07:00:00-03:00,0.0,0.0,0.0,-0.835
2023-09-11 08:00:00-03:00,0.016,0.016,0.012,-1.052
2023-09-11 09:00:00-03:00,0.08700000000000001,0.046,0.058,-0.316
2023-09-11 10:00:00-03:00,0.16,0.073,0.107,1.237
2023-09-11 11:00:00-03:00,0.28,0.148,0.159,2.92
2023-09-11 12:00:00-03:00,0.5680000000000001,0.47400000000000003,0.167,5.469
2023-09-11 13:00:00-03:00,0.648,0.602,0.149,7.779
2023-09-11 14:00:00-03:00,0.613,0.553,0.156,9.032
2023-09-11 15:00:00-03:00,0.502,0.41400000000000003,0.157,9.369
2023-09-11 16:00:00-03:00,0.423,0.34400000000000003,0.133,9.183
2023-09-11 17:00:00-03:00,0.171,0.11,0.08600000000000001,8.031
2023-09-11 18:00:00-03:00,0.06,0.045,0.033,6.121
2023-09-11 19:00:00-03:00,0.0,0.002,0.001,3.453
2023-09-11 20:00:00-03:00,0.0,0.0,0.0,1.957
2023-09-11 21:00:00-03:00,0.0,0.0,0.0,0.997
2023-09-11 22:00:00-03:00,0.0,0.0,0.0,0.089
2023-09-11 23:00:00-03:00,0.0,0.0,0.0,-0.47300000000000003
2023-09-12 00:00:00-03:00,0.0,0.0,0.0,-0.976
2023-09-12 01:00:00-03:00,0.0,0.0,0.0,-0.793
2023-09-12 02:00:00-03:00,0.0,0.0,0.0,-0.219
2023-09-12 03:00:00-03:00,0.0,0.0,0.0,0.116
2023-09-12 04:00:00-03:00,0.0,0.0,0.0,0.305
2023-09-12 05:00:00-03:00,0.0,0.0,0.0,0.533
2023-09-12 06:00:00-03:00,0.0,0.0,0.0,0.801
2023-09-12 07:00:00-03:00,0.0,0.0,0.0,0.87
2023-09-12 08:00:00-03:00,0.005,0.006,0.009000000000000001,0.835
2023-09-12 09:00:00-03:00,0.05,0.02,0.046,1.207
2023-09-12 10:00:00-03:00,0.24,0.146,0.117,2.5
2023-09-12 11:00:00-03:00,0.624,0.58,0.126,4.347
2023-09-12 12:00:00-03:00,0.717,0.717,0.116,5.79
2023-09-12 13:00:00-03:00,0.751,0.782,0.10400000000000001,6.75
2023-09-12 14:00:00-03:00,0.742,0.763,0.112,7.11
2023-09-12 15:00:00-03:00,0.658,0.634,0.126,6.99
2023-09-12 16:00:00-03:00,0.543,0.49,0.123,6.624
2023-09-12 17:00:00-03:00,0.10400000000000001,0.05,0.075,5.487
2023-09-12 18:00:00-03:00,0.013000000000000001,0.007,0.018000000000000002,3.7800000000000002
2023-09-12 19:00:00-03:00,0.0,0.0,0.001,2.123
2023-09-12 20:00:00-03:00,0.0,0.0,0.0,1.9500000000000002
2023-09-12 21:00:00-03:00,0.0,0.0,0.0,1.8290000000000002
2023-09-12 22:00:00-03:00,0.0,0.0,0.0,0.923
2023-09-12 23:00:00-03:00,0.0,0.0,0.0,0.34
2023-09-13 00:00:00-03:00,0.0,0.0,0.0,-0.044
2023-09-13 01:00:00-03:00,0.0,0.0,0.0,-0.045
2023-09-13 02:00:00-03:00,0.0,0.0,0.0,0.41600000000000004
2023-09-13 03:00:00-03:00,0.0,0.0,0.0,1.032
2023-09-13 04:00:00-03:00,0.0,0.0,0.0,1.268
2023-09-13 05:00:00-03:00,0.0,0.0,0.0,1.008
2023-09-13 06:00:00-03:00,0.0,0.0,0.0,1.053
2023-09-13 07:00:00-03:00,0.0,0.0,0.0,0.494
2023-09-13 08:00:00-03:00,0.011,0.008,0.014,0.326
2023-09-13 09:00:00-03:00,0.042,0.011,0.046,1.224
2023-09-13 10:00:00-03:00,0.074,0.012,0.08,2.232
2023-09-13 11:00:00-03:00,0.1,0.012,0.108,3.196
2023-09-13 12:00:00-03:00,0.125,0.011,0.135,3.903
2023-09-13 13:00:00-03:00,0.148,0.011,0.159,4.186
2023-09-13 14:00:00-03:00,0.136,0.011,0.146,4.17
2023-09-13 15:00:00-03:00,0.097,0.009000000000000001,0.108,3.952
2023-09-13 16:00:00-03:00,0.062,0.007,0.073,3.617
2023-09-13 17:00:00-03:00,0.039,0.006,0.049,3.193
2023-09-13 18:00:00-03:00,0.012,0.004,0.019,2.355
2023-09-13 19:00:00-03:00,0.0,0.0,0.001,1.148
2023-09-13 20:00:00-03:00,0.0,0.0,0.0,0.9570000000000001
2023-09-13 21:00:00-03:00,0.0,0.0,0.0,0.923
2023-09-13 22:00:00-03:00,0.0,0.0,0.0,0.8
2023-09-13 23:00:00-03:00,0.0,0.0,0.0,0.656
2023-09-14 00:00:00-03:00,0.0,0.0,0.0,0.398
2023-09-14 01:00:00-03:00,0.0,0.0,0.0,0.001
2023-09-14 02:00:00-03:00,0.0,0.0,0.0,-0.384
2023-09-14 03:00:00-03:00,0.0,0.0,0.0,-0.6890000000000001
2023-09-14 04:00:00-03:00,0.0,0.0,0.0,-0.856
2023-09-14 05:00:00-03:00,0.0,0.0,0.0,-1.001
2023-09-14 06:00:00-03:00,0.0,0.0,0.0,-1.147
2023-09-14 07:00:00-03:00,0.0,0.0,0.0,-1.362
2023-09-14 08:00:00-03:00,0.017,0.014,0.015,-0.904
2023-09-14 09:00:00-03:00,0.176,0.11900000000000001,0.077,0.579
2023-09-14 10:00:00-03:00,0.353,0.259,0.125,2.5
2023-09-14 11:00:00-03:00,0.5740000000000001,0.494,0.148,4.054
2023-09-14 12:00:00-03:00,0.459,0.302,0.20500000000000002,4.865
2023-09-14 13:00:00-03:00,0.396,0.188,0.249,5.169
2023-09-14 14:00:00-03:00,0.339,0.14200000000000002,0.231,5.247
2023-09-14 15:00:00-03:00,0.256,0.099,0.184,5.183
2023-09-14 16:00:00-03:00,0.136,0.04,0.11800000000000001,4.774
2023-09-14 17:00:00-03:00,0.057,0.016,0.06,4.17
2023-09-14 18:00:00-03:00,0.024,0.012,0.026000000000000002,3.125
2023-09-14 19:00:00-03:00,0.0,0.001,0.002,2.348
2023-09-14 20:00:00-03:00,0.0,0.0,0.0,2.183
2023-09-14 21:00:00-03:00,0.0,0.0,0.0,1.913
2023-09-14 22:00:00-03:00,0.0,0.0,0.0,1.47
2023-09-14 23:00:00-03:00,0.0,0.0,0.0,0.671
2023-09-15 00:00:00-03:00,0.0,0.0,0.0,-0.20400000000000001
2023-09-15 01:00:00-03:00,0.0,0.0,0.0,-1.088
2023-09-15 02:00:00-03:00,0.0,0.0,0.0,-1.583
2023-09-15 03:00:00-03:00,0.0,0.0,0.0,-1.615
2023-09-15 04:00:00-03:00,0.0,0.0,0.0,-1.565
2023-09-15 05:00:00-03:00,0.0,0.0,0.0,-1.45
2023-09-15 06:00:00-03:00,0.0,0.0,0.0,-1.441
2023-09-15 07:00:00-03:00,0.0,0.0,0.0,-1.284
2023-09-15 08:00:00-03:00,0.025,0.021,0.019,-0.52
2023-09-15 09:00:00-03:00,0.125,0.073,0.07100000000000001,0.724
2023-09-15 10:00:00-03:00,0.27,0.169,0.125,2.105
2023-09-15 11:00:00-03:00,0.466,0.34800000000000003,0.164,3.233
2023-09-15 12:00:00-03:00,0.39,0.219,0.209,3.767
2023-09-15 13:00:00-03:00,0.459,0.27,0.23700000000000002,4.445
2023-09-15 14:00:00-03:00,0.492,0.337,0.211,5.084
2023-09-15 15:00:00-03:00,0.438,0.304,0.181,5.386
2023-09-15 16:00:00-03:00,0.329,0.217,0.145,5.215
2023-09-15 17:00:00-03:00,0.198,0.126,0.096,4.517
2023-09-15 18:00:00-03:00,0.084,0.062,0.042,3.406
2023-09-15 19:00:00-03:00,0.001,0.005,0.003,1.795
2023-09-15 20:00:00-03:00,0.0,0.0,0.0,0.999
2023-09-15 21:00:00-03:00,0.0,0.0,0.0,0.637
2023-09-15 22:00:00-03:00,0.0,0.0,0.0,0.256
2023-09-15 23:00:00-03:00,0.0,0.0,0.0,-0.079
2023-09-16 00:00:00-03:00,0.0,0.0,0.0,-0.7030000000000001
2023-09-16 01:00:00-03:00,0.0,0.0,0.0,-1.225
2023-09-16 02:00:00-03:00,0.0,0.0,0.0,-1.517
2023-09-16 03:00:00-03:00,0.0,0.0,0.0,-1.5070000000000001
2023-09-16 04:00:00-03:00,0.0,0.0,0.0,-1.312
2023-09-16 05:00:00-03:00,0.0,0.0,0.0,-1.069
2023-09-16 06:00:00-03:00,0.0,0.0,0.0,-1.244
2023-09-16 07:00:00-03:00,0.0,0.0,0.0,-1.514
2023-09-16 08:00:00-03:00,0.028,0.023,0.02,-1.112
2023-09-16 09:00:00-03:00,0.16,0.10300000000000001,0.076,0.186
2023-09-16 10:00:00-03:00,0.355,0.257,0.127,1.233
2023-09-16 11:00:00-03:00,0.49,0.379,0.157,2.097
2023-09-16 12:00:00-03:00,0.618,0.528,0.166,3.124
2023-09-16 13:00:00-03:00,0.5650000000000001,0.426,0.20500000000000002,3.966
2023-09-16 14:00:00-03:00,0.459,0.28700000000000003,0.22,4.233
2023-09-16 15:00:00-03:00,0.303,0.147,0.185,4.07
2023-09-16 16:00:00-03:00,0.241,0.123,0.14300000000000002,3.873
2023-09-16 17:00:00-03:00,0.177,0.10300000000000001,0.096,3.581
2023-09-16 18:00:00-03:00,0.068,0.046,0.04,2.614
2023-09-16 19:00:00-03:00,0.001,0.005,0.003,0.39
2023-09-16 20:00:00-03:00,0.0,0.0,0.0,-0.47000000000000003
2023-09-16 21:00:00-03:00,0.0,0.0,0.0,-0.984
2023-09-16 22:00:00-03:00,0.0,0.0,0.0,-1.5430000000000001
2023-09-16 23:00:00-03:00,0.0,0.0,0.0,-1.908
2023-09-17 00:00:00-03:00,0.0,0.0,0.0,-2.057
2023-09-17 01:00:00-03:00,0.0,0.0,0.0,-2.291
2023-09-17 02:00:00-03:00,0.0,0.0,0.0,-2.681
2023-09-17 03:00:00-03:00,0.0,0.0,0.0,-3.2
2023-09-17 04:00:00-03:00,0.0,0.0,0.0,-3.604
2023-09-17 05:00:00-03:00,0.0,0.0,0.0,-3.767
2023-09-17 06:00:00-03:00,0.0,0.0,0.0,-3.682
2023-09-17 07:00:00-03:00,0.0,0.0,0.0,-3.883
2023-09-17 08:00:00-03:00,0.14400000000000002,0.131,0.03,-2.875
2023-09-17 09:00:00-03:00,0.41000000000000003,0.363,0.077,-0.916
2023-09-17 10:00:00-03:00,0.386,0.292,0.123,0.457
2023-09-17 11:00:00-03:00,0.39,0.254,0.168,1.314
2023-09-17 12:00:00-03:00,0.42,0.248,0.209,2.037
2023-09-17 13:00:00-03:00,0.446,0.25,0.23700000000000002,2.709
2023-09-17 14:00:00-03:00,0.536,0.394,0.2,3.453
2023-09-17 15:00:00-03:00,0.521,0.40700000000000003,0.17,3.765
2023-09-17 16:00:00-03:00,0.34700000000000003,0.234,0.145,3.543
2023-09-17 17:00:00-03:00,0.212,0.137,0.097,2.984
2023-09-17 18:00:00-03:00,0.125,0.097,0.048,1.892
2023-09-17 19:00:00-03:00,0.004,0.008,0.004,-0.486
2023-09-17 20:00:00-03:00,0.0,0.0,0.0,-1.395
2023-09-17 21:00:00-03:00,0.0,0.0,0.0,-1.75
2023-09-17 22:00:00-03:00,0.0,0.0,0.0,-2.2
2023-09-17 23:00:00-03:00,0.0,0.0,0.0,-2.283
2023-09-18 00:00:00-03:00,0.0,0.0,0.0,-2.325
2023-09-18 01:00:00-03:00,0.0,0.0,0.0,-2.282
2023-09-18 02:00:00-03:00,0.0,0.0,0.0,-2.282
2023-09-18 03:00:00-03:00,0.0,0.0,0.0,-2.5460000000000003
2023-09-18 04:00:00-03:00,0.0,0.0,0.0,-2.542
2023-09-18 05:00:00-03:00,0.0,0.0,0.0,-2.2880000000000003
2023-09-18 06:00:00-03:00,0.0,0.0,0.0,-2.559
2023-09-18 07:00:00-03:00,0.0,0.0,0.0,-2.41
2023-09-18 08:00:00-03:00,0.041,0.032,0.025,-1.617
2023-09-18 09:00:00-03:00,0.151,0.091,0.078,-0.203
2023-09-18 10:00:00-03:00,0.334,0.227,0.133,1.163
2023-09-18 11:00:00-03:00,0.368,0.221,0.178,2.054
2023-09-18 12:00:00-03:00,0.331,0.14300000000000002,0.217,2.478
2023-09-18 13:00:00-03:00,0.41400000000000003,0.195,0.258,2.939
2023-09-18 14:00:00-03:00,0.386,0.188,0.233,3.155
2023-09-18 15:00:00-03:00,0.362,0.2,0.195,3.209
2023-09-18 16:00:00-03:00,0.257,0.135,0.147,2.942
2023-09-18 17:00:00-03:00,0.191,0.112,0.1,2.451
2023-09-18 18:00:00-03:00,0.091,0.063,0.046,1.439
2023-09-18 19:00:00-03:00,0.004,0.008,0.005,-0.742
2023-09-18 20:00:00-03:00,0.0,0.0,0.0,-1.587
2023-09-18 21:00:00-03:00,0.0,0.0,0.0,-2.2640000000000002
2023-09-18 22:00:00-03:00,0.0,0.0,0.0,-2.659
2023-09-18 23:00:00-03:00,0.0,0.0,0.0,-2.851
2023-09-19 00:00:00-03:00,0.0,0.0,0.0,-2.9619999999999997
2023-09-19 01:00:00-03:00,0.0,0.0,0.0,-2.782
2023-09-19 02:00:00-03:00,0.0,0.0,0.0,-2.111
2023-09-19 03:00:00-03:00,0.0,0.0,0.0,-1.937
2023-09-19 04:00:00-03:00,0.0,0.0,0.0,-1.7930000000000001
2023-09-19 05:00:00-03:00,0.0,0.0,0.0,-1.834
2023-09-19 06:00:00-03:00,0.0,0.0,0.0,-2.059
2023-09-19 07:00:00-03:00,0.0,0.001,0.0,-2.132
2023-09-19 08:00:00-03:00,0.18,0.166,0.032,-1.643
2023-09-19 09:00:00-03:00,0.528,0.505,0.07,0.027
2023-09-19 10:00:00-03:00,0.606,0.5740000000000001,0.10200000000000001,2.041
2023-09-19 11:00:00-03:00,0.5710000000000001,0.498,0.139,3.379
2023-09-19 12:00:00-03:00,0.604,0.52,0.161,4.36
2023-09-19 13:00:00-03:00,0.636,0.556,0.167,5.112
2023-09-19 14:00:00-03:00,0.583,0.481,0.177,5.37
2023-09-19 15:00:00-03:00,0.561,0.47300000000000003,0.158,5.358
2023-09-19 16:00:00-03:00,0.467,0.381,0.137,5.043
2023-09-19 17:00:00-03:00,0.275,0.203,0.099,4.372
2023-09-19 18:00:00-03:00,0.18,0.15,0.052000000000000005,3.421
2023-09-19 19:00:00-03:00,0.016,0.022,0.006,1.758
2023-09-19 20:00:00-03:00,0.0,0.0,0.0,0.919
2023-09-19 21:00:00-03:00,0.0,0.0,0.0,0.465
2023-09-19 22:00:00-03:00,0.0,0.0,0.0,0.018000000000000002
2023-09-19 23:00:00-03:00,0.0,0.0,0.0,-0.26
2023-09-20 00:00:00-03:00,0.0,0.0,0.0,-0.973
2023-09-20 01:00:00-03:00,0.0,0.0,0.0,-1.222
2023-09-20 02:00:00-03:00,0.0,0.0,0.0,-0.756
2023-09-20 03:00:00-03:00,0.0,0.0,0.0,-0.487
2023-09-20 04:00:00-03:00,0.0,0.0,0.0,-0.43
2023-09-20 05:00:00-03:00,0.0,0.0,0.0,-0.43
2023-09-20 06:00:00-03:00,0.0,0.0,0.0,-0.546
2023-09-20 07:00:00-03:00,0.0,0.001,0.001,-0.993
2023-09-20 08:00:00-03:00,0.121,0.106,0.033,-0.492
2023-09-20 09:00:00-03:00,0.41200000000000003,0.366,0.08,1.151
2023-09-20 10:00:00-03:00,0.501,0.435,0.116,2.873
2023-09-20 11:00:00-03:00,0.524,0.43,0.152,4.087
2023-09-20 12:00:00-03:00,0.513,0.381,0.191,4.917
2023-09-20 13:00:00-03:00,0.515,0.356,0.219,5.44
2023-09-20 14:00:00-03:00,0.5740000000000001,0.465,0.185,5.979
2023-09-20 15:00:00-03:00,0.636,0.58,0.15,6.34
2023-09-20 16:00:00-03:00,0.385,0.28300000000000003,0.14300000000000002,5.811
2023-09-20 17:00:00-03:00,0.304,0.231,0.10400000000000001,4.989
2023-09-20 18:00:00-03:00,0.163,0.132,0.053,3.899
2023-09-20 19:00:00-03:00,0.021,0.027,0.007,2.483
2023-09-20 20:00:00-03:00,0.0,0.0,0.0,1.549
2023-09-20 21:00:00-03:00,0.0,0.0,0.0,1.058
2023-09-20 22:00:00-03:00,0.0,0.0,0.0,0.766
2023-09-20 23:00:00-03:00,0.0,0.0,0.0,0.5760000000000001
2023-09-21 00:00:00-03:00,0.0,0.0,0.0,0.371
2023-09-21 01:00:00-03:00,0.0,0.0,0.0,0.211
2023-09-21 02:00:00-03:00,0.0,0.0,0.0,-0.396
2023-09-21 03:00:00-03:00,0.0,0.0,0.0,-0.89
2023-09-21 04:00:00-03:00,0.0,0.0,0.0,-1.305
2023-09-21 05:00:00-03:00,0.0,0.0,0.0,-1.561
2023-09-21 06:00:00-03:00,0.0,0.0,0.0,-1.712
2023-09-21 07:00:00-03:00,0.0,0.001,0.001,-1.7570000000000001
2023-09-21 08:00:00-03:00,0.069,0.054,0.032,-0.924
2023-09-21 09:00:00-03:00,0.212,0.145,0.088,0.586
2023-09-21 10:00:00-03:00,0.354,0.245,0.139,1.913
2023-09-21 11:00:00-03:00,0.293,0.14,0.179,2.5789999999999997
2023-09-21 12:00:00-03:00,0.315,0.12,0.224,3.166
2023-09-21 13:00:00-03:00,0.342,0.112,0.262,3.699
2023-09-21 14:00:00-03:00,0.32,0.114,0.23700000000000002,4.098
2023-09-21 15:00:00-03:00,0.249,0.09,0.186,4.223
2023-09-21 16:00:00-03:00,0.23,0.105,0.15,4.23
2023-09-21 17:00:00-03:00,0.159,0.081,0.1,3.8689999999999998
2023-09-21 18:00:00-03:00,0.092,0.061,0.05,3.168
2023-09-21 19:00:00-03:00,0.009000000000000001,0.013000000000000001,0.007,1.3
2023-09-21 20:00:00-03:00,0.0,0.0,0.0,-0.014
2023-09-21 21:00:00-03:00,0.0,0.0,0.0,-0.358
2023-09-21 22:00:00-03:00,0.0,0.0,0.0,-0.073
2023-09-21 23:00:00-03:00,0.0,0.0,0.0,-0.434
2023-09-22 00:00:00-03:00,0.0,0.0,0.0,-0.679
2023-09-22 01:00:00-03:00,0.0,0.0,0.0,-0.531
2023-09-22 02:00:00-03:00,0.0,0.0,0.0,-0.482
2023-09-22 03:00:00-03:00,0.0,0.0,0.0,-0.364
2023-09-22 04:00:00-03:00,0.0,0.0,0.0,-0.22
2023-09-22 05:00:00-03:00,0.0,0.0,0.0,-0.254
2023-09-22 06:00:00-03:00,0.0,0.0,0.0,-0.34400000000000003
2023-09-22 07:00:00-03:00,0.0,0.001,0.001,-0.5750000000000001
2023-09-22 08:00:00-03:00,0.124,0.107,0.035,-0.264
2023-09-22 09:00:00-03:00,0.463,0.428,0.076,1.466
2023-09-22 10:00:00-03:00,0.6940000000000001,0.7010000000000001,0.093,3.782
2023-09-22 11:00:00-03:00,0.754,0.778,0.105,5.396
2023-09-22 12:00:00-03:00,0.749,0.769,0.113,6.504
2023-09-22 13:00:00-03:00,0.733,0.75,0.113,7.255
2023-09-22 14:00:00-03:00,0.73,0.739,0.123,7.771
2023-09-22 15:00:00-03:00,0.739,0.755,0.12,8.076
2023-09-22 16:00:00-03:00,0.608,0.579,0.12,7.694
2023-09-22 17:00:00-03:00,0.417,0.366,0.099,6.789
2023-09-22 18:00:00-03:00,0.243,0.214,0.056,5.591
2023-09-22 19:00:00-03:00,0.053,0.06,0.01,3.879
2023-09-22 20:00:00-03:00,0.0,0.0,0.0,2.543
2023-09-22 21:00:00-03:00,0.0,0.0,0.0,1.987
2023-09-22 22:00:00-03:00,0.0,0.0,0.0,1.633
2023-09-22 23:00:00-03:00,0.0,0.0,0.0,1.456
2023-09-23 00:00:00-03:00,0.0,0.0,0.0,1.5230000000000001
2023-09-23 01:00:00-03:00,0.0,0.0,0.0,1.374
2023-09-23 02:00:00-03:00,0.0,0.0,0.0,1.193
2023-09-23 03:00:00-03:00,0.0,0.0,0.0,1.168
2023-09-23 04:00:00-03:00,0.0,0.0,0.0,1.271
2023-09-23 05:00:00-03:00,0.0,0.0,0.0,1.383
2023-09-23 06:00:00-03:00,0.0,0.0,0.0,1.47
2023-09-23 07:00:00-03:00,0.0,0.004,0.001,1.5030000000000001
2023-09-23 08:00:00-03:00,0.195,0.177,0.039,1.968
2023-09-23 09:00:00-03:00,0.357,0.306,0.083,3.173
2023-09-23 10:00:00-03:00,0.662,0.654,0.10200000000000001,4.741
2023-09-23 11:00:00-03:00,0.709,0.706,0.11900000000000001,6.254
2023-09-23 12:00:00-03:00,0.668,0.63,0.145,7.333
2023-09-23 13:00:00-03:00,0.648,0.586,0.165,7.992
2023-09-23 14:00:00-03:00,0.612,0.529,0.177,8.311
2023-09-23 15:00:00-03:00,0.447,0.32,0.181,8.268
2023-09-23 16:00:00-03:00,0.336,0.225,0.149,7.93
2023-09-23 17:00:00-03:00,0.274,0.198,0.108,7.409
2023-09-23 18:00:00-03:00,0.12,0.088,0.053,6.485
2023-09-23 19:00:00-03:00,0.014,0.018000000000000002,0.008,5.344
2023-09-23 20:00:00-03:00,0.0,0.0,0.0,4.674
2023-09-23 21:00:00-03:00,0.0,0.0,0.0,4.444
2023-09-23 22:00:00-03:00,0.0,0.0,0.0,4.319
2023-09-23 23:00:00-03:00,0.0,0.0,0.0,4.205
2023-09-24 00:00:00-03:00,0.0,0.0,0.0,4.106
2023-09-24 01:00:00-03:00,0.0,0.0,0.0,3.919
2023-09-24 02:00:00-03:00,0.0,0.0,0.0,3.7359999999999998
2023-09-24 03:00:00-03:00,0.0,0.0,0.0,3.596
2023-09-24 04:00:00-03:00,0.0,0.0,0.0,3.448
2023-09-24 05:00:00-03:00,0.0,0.0,0.0,3.4130000000000003
2023-09-24 06:00:00-03:00,0.0,0.0,0.0,3.333
2023-09-24 07:00:00-03:00,0.0,0.003,0.001,3.17
2023-09-24 08:00:00-03:00,0.08,0.064,0.035,3.64
2023-09-24 09:00:00-03:00,0.227,0.168,0.085,4.941
2023-09-24 10:00:00-03:00,0.623,0.607,0.107,6.618
2023-09-24 11:00:00-03:00,0.74,0.767,0.111,8.206
2023-09-24 12:00:00-03:00,0.785,0.844,0.106,9.518
2023-09-24 13:00:00-03:00,0.759,0.812,0.10400000000000001,10.282
2023-09-24 14:00:00-03:00,0.6990000000000001,0.6940000000000001,0.138,10.595
2023-09-24 15:00:00-03:00,0.622,0.578,0.149,10.552
2023-09-24 16:00:00-03:00,0.457,0.377,0.14100000000000001,10.133
2023-09-24 17:00:00-03:00,0.352,0.28800000000000003,0.107,9.489
2023-09-24 18:00:00-03:00,0.176,0.14400000000000002,0.058,8.395
2023-09-24 19:00:00-03:00,0.043000000000000003,0.049,0.011,6.649
2023-09-24 20:00:00-03:00,0.0,0.0,0.0,5.03
2023-09-24 21:00:00-03:00,0.0,0.0,0.0,4.048
2023-09-24 22:00:00-03:00,0.0,0.0,0.0,3.604
2023-09-24 23:00:00-03:00,0.0,0.0,0.0,3.508
2023-09-25 00:00:00-03:00,0.0,0.0,0.0,3.3529999999999998
2023-09-25 01:00:00-03:00,0.0,0.0,0.0,3.087
2023-09-25 02:00:00-03:00,0.0,0.0,0.0,2.6790000000000003
2023-09-25 03:00:00-03:00,0.0,0.0,0.0,2.142
2023-09-25 04:00:00-03:00,0.0,0.0,0.0,1.654
2023-09-25 05:00:00-03:00,0.0,0.0,0.0,1.337
2023-09-25 06:00:00-03:00,0.0,0.0,0.0,1.1440000000000001
2023-09-25 07:00:00-03:00,0.001,0.005,0.002,0.9510000000000001
2023-09-25 08:00:00-03:00,0.154,0.134,0.04,1.708
2023-09-25 09:00:00-03:00,0.382,0.334,0.084,3.327
2023-09-25 10:00:00-03:00,0.629,0.611,0.105,5.218
2023-09-25 11:00:00-03:00,0.708,0.712,0.116,6.9879999999999995
2023-09-25 12:00:00-03:00,0.783,0.833,0.107,8.547
2023-09-25 13:00:00-03:00,0.743,0.777,0.111,9.443
2023-09-25 14:00:00-03:00,0.636,0.585,0.157,9.637
2023-09-25 15:00:00-03:00,0.624,0.579,0.148,9.674
2023-09-25 16:00:00-03:00,0.55,0.499,0.131,9.304
2023-09-25 17:00:00-03:00,0.505,0.47500000000000003,0.098,8.603
2023-09-25 18:00:00-03:00,0.442,0.436,0.059000000000000004,7.502
2023-09-25 19:00:00-03:00,0.109,0.117,0.013000000000000001,5.656
2023-09-25 20:00:00-03:00,0.0,0.0,0.0,3.985
2023-09-25 21:00:00-03:00,0.0,0.0,0.0,3.61
2023-09-25 22:00:00-03:00,0.0,0.0,0.0,3.545
2023-09-25 23:00:00-03:00,0.0,0.0,0.0,3.283
2023-09-26 00:00:00-03:00,0.0,0.0,0.0,3.118
2023-09-26 01:00:00-03:00,0.0,0.0,0.0,3.029
2023-09-26 02:00:00-03:00,0.0,0.0,0.0,2.791
2023-09-26 03:00:00-03:00,0.0,0.0,0.0,2.465
2023-09-26 04:00:00-03:00,0.0,0.0,0.0,2.3609999999999998
2023-09-26 05:00:00-03:00,0.0,0.0,0.0,2.467
2023-09-26 06:00:00-03:00,0.0,0.0,0.0,2.799
2023-09-26 07:00:00-03:00,0.0,0.001,0.002,3.141
2023-09-26 08:00:00-03:00,0.009000000000000001,0.003,0.017,3.811
2023-09-26 09:00:00-03:00,0.034,0.005,0.045,4.668
2023-09-26 10:00:00-03:00,0.057,0.006,0.07,5.471
2023-09-26 11:00:00-03:00,0.075,0.005,0.089,5.954
2023-09-26 12:00:00-03:00,0.106,0.006,0.122,6.266
2023-09-26 13:00:00-03:00,0.14,0.007,0.156,6.605
2023-09-26 14:00:00-03:00,0.10200000000000001,0.005,0.11900000000000001,6.781
2023-09-26 15:00:00-03:00,0.068,0.004,0.084,6.703
2023-09-26 16:00:00-03:00,0.051000000000000004,0.004,0.065,6.604
2023-09-26 17:00:00-03:00,0.058,0.009000000000000001,0.067,6.664
2023-09-26 18:00:00-03:00,0.034,0.01,0.04,6.025
2023-09-26 19:00:00-03:00,0.0,0.001,0.004,4.461
2023-09-26 20:00:00-03:00,0.0,0.0,0.0,3.419
2023-09-26 21:00:00-03:00,0.0,0.0,0.0,2.8609999999999998
2023-09-26 22:00:00-03:00,0.0,0.0,0.0,2.6029999999999998
2023-09-26 23:00:00-03:00,0.0,0.0,0.0,2.313
2023-09-27 00:00:00-03:00,0.0,0.0,0.0,2.033
2023-09-27 01:00:00-03:00,0.0,0.0,0.0,1.884
2023-09-27 02:00:00-03:00,0.0,0.0,0.0,1.637
2023-09-27 03:00:00-03:00,0.0,0.0,0.0,1.242
2023-09-27 04:00:00-03:00,0.0,0.0,0.0,0.809
2023-09-27 05:00:00-03:00,0.0,0.0,0.0,0.34900000000000003
2023-09-27 06:00:00-03:00,0.0,0.0,0.0,-0.197
2023-09-27 07:00:00-03:00,0.003,0.008,0.003,-0.919
2023-09-27 08:00:00-03:00,0.11,0.08700000000000001,0.041,-0.669
2023-09-27 09:00:00-03:00,0.167,0.101,0.085,0.227
2023-09-27 10:00:00-03:00,0.28400000000000003,0.17500000000000002,0.134,1.483
2023-09-27 11:00:00-03:00,0.437,0.31,0.169,2.98
2023-09-27 12:00:00-03:00,0.609,0.519,0.169,4.545
2023-09-27 13:00:00-03:00,0.731,0.727,0.126,5.836
2023-09-27 14:00:00-03:00,0.8130000000000001,0.866,0.108,6.712
2023-09-27 15:00:00-03:00,0.845,0.916,0.108,7.076
2023-09-27 16:00:00-03:00,0.8220000000000001,0.889,0.1,6.912
2023-09-27 17:00:00-03:00,0.771,0.8310000000000001,0.081,6.263
2023-09-27 18:00:00-03:00,0.668,0.712,0.054,5.146
2023-09-27 19:00:00-03:00,0.28600000000000003,0.294,0.016,1.798
2023-09-27 20:00:00-03:00,0.0,0.0,0.0,-0.624
2023-09-27 21:00:00-03:00,0.0,0.0,0.0,-1.438
2023-09-27 22:00:00-03:00,0.0,0.0,0.0,-2.099
2023-09-27 23:00:00-03:00,0.0,0.0,0.0,-2.753
2023-09-28 00:00:00-03:00,0.0,0.0,0.0,-3.174
2023-09-28 01:00:00-03:00,0.0,0.0,0.0,-2.984
2023-09-28 02:00:00-03:00,0.0,0.0,0.0,-2.677
2023-09-28 03:00:00-03:00,0.0,0.0,0.0,-2.681
2023-09-28 04:00:00-03:00,0.0,0.0,0.0,-2.676
2023-09-28 05:00:00-03:00,0.0,0.0,0.0,-2.5060000000000002
2023-09-28 06:00:00-03:00,0.0,0.0,0.0,-2.263
2023-09-28 07:00:00-03:00,0.023,0.032,0.004,-1.968
2023-09-28 08:00:00-03:00,0.374,0.36,0.042,-0.305
2023-09-28 09:00:00-03:00,0.61,0.608,0.073,2.441
2023-09-28 10:00:00-03:00,0.636,0.622,0.10200000000000001,5.128
2023-09-28 11:00:00-03:00,0.764,0.797,0.108,7.026
2023-09-28 12:00:00-03:00,0.8200000000000001,0.899,0.096,8.643
2023-09-28 13:00:00-03:00,0.8150000000000001,0.923,0.073,9.845
2023-09-28 14:00:00-03:00,0.781,0.842,0.107,10.526
2023-09-28 15:00:00-03:00,0.8190000000000001,0.899,0.108,10.983
2023-09-28 16:00:00-03:00,0.77,0.8320000000000001,0.10300000000000001,10.908
2023-09-28 17:00:00-03:00,0.641,0.662,0.089,10.305
2023-09-28 18:00:00-03:00,0.433,0.427,0.061,9.286
2023-09-28 19:00:00-03:00,0.124,0.129,0.016,6.822
2023-09-28 20:00:00-03:00,0.0,0.0,0.0,4.334
2023-09-28 21:00:00-03:00,0.0,0.0,0.0,4.004
2023-09-28 22:00:00-03:00,0.0,0.0,0.0,3.313
2023-09-28 23:00:00-03:00,0.0,0.0,0.0,2.394
2023-09-29 00:00:00-03:00,0.0,0.0,0.0,1.7770000000000001
2023-09-29 01:00:00-03:00,0.0,0.0,0.0,1.036
2023-09-29 02:00:00-03:00,0.0,0.0,0.0,0.721
2023-09-29 03:00:00-03:00,0.0,0.0,0.0,0.506
2023-09-29 04:00:00-03:00,0.0,0.0,0.0,0.73
2023-09-29 05:00:00-03:00,0.0,0.0,0.0,0.529
2023-09-29 06:00:00-03:00,0.0,0.0,0.0,0.627
2023-09-29 07:00:00-03:00,0.0,0.003,0.003,1.025
2023-09-29 08:00:00-03:00,0.024,0.011,0.027,1.8559999999999999
2023-09-29 09:00:00-03:00,0.043000000000000003,0.01,0.05,2.662
2023-09-29 10:00:00-03:00,0.158,0.055,0.126,4.772
2023-09-29 11:00:00-03:00,0.37,0.218,0.194,7.7010000000000005
2023-09-29 12:00:00-03:00,0.419,0.242,0.231,9.394
2023-09-29 13:00:00-03:00,0.512,0.331,0.256,10.519
2023-09-29 14:00:00-03:00,0.581,0.47000000000000003,0.20600000000000002,11.503
2023-09-29 15:00:00-03:00,0.577,0.496,0.178,12.019
2023-09-29 16:00:00-03:00,0.47800000000000004,0.393,0.156,11.934
2023-09-29 17:00:00-03:00,0.337,0.262,0.12,11.31
2023-09-29 18:00:00-03:00,0.187,0.146,0.069,10.137
2023-09-29 19:00:00-03:00,0.043000000000000003,0.045,0.016,7.371
2023-09-29 20:00:00-03:00,0.0,0.0,0.0,5.447
2023-09-29 21:00:00-03:00,0.0,0.0,0.0,4.8629999999999995
2023-09-29 22:00:00-03:00,0.0,0.0,0.0,4.421
2023-09-29 23:00:00-03:00,0.0,0.0,0.0,4.067
2023-09-30 00:00:00-03:00,0.0,0.0,0.0,3.868
2023-09-30 01:00:00-03:00,0.0,0.0,0.0,3.702
2023-09-30 02:00:00-03:00,0.0,0.0,0.0,3.349
2023-09-30 03:00:00-03:00,0.0,0.0,0.0,2.888
2023-09-30 04:00:00-03:00,0.0,0.0,0.0,2.568
2023-09-30 05:00:00-03:00,0.0,0.0,0.0,2.291
2023-09-30 06:00:00-03:00,0.0,0.0,0.0,1.9929999999999999
2023-09-30 07:00:00-03:00,0.0,0.002,0.003,2.002
2023-09-30 08:00:00-03:00,0.017,0.006,0.025,2.685
2023-09-30 09:00:00-03:00,0.063,0.014,0.067,3.719
2023-09-30 10:00:00-03:00,0.117,0.023,0.115,5.365
2023-09-30 11:00:00-03:00,0.12,0.014,0.128,6.741
2023-09-30 12:00:00-03:00,0.121,0.009000000000000001,0.135,7.777
2023-09-30 13:00:00-03:00,0.148,0.008,0.165,8.7
2023-09-30 14:00:00-03:00,0.14100000000000001,0.011,0.155,9.713
2023-09-30 15:00:00-03:00,0.147,0.02,0.153,10.795
2023-09-30 16:00:00-03:00,0.136,0.028,0.135,11.242
2023-09-30 17:00:00-03:00,0.051000000000000004,0.008,0.062,10.035
2023-09-30 18:00:00-03:00,0.02,0.005,0.029,8.308
2023-09-30 19:00:00-03:00,0.002,0.003,0.007,6.648
2023-09-30 20:00:00-03:00,0.0,0.0,0.0,5.294
2023-09-30 21:00:00-03:00,0.0,0.0,0.0,4.348
2023-09-30 22:00:00-03:00,0.0,0.0,0.0,3.621
2023-09-30 23:00:00-03:00,0.0,0.0,0.0,2.627
2023-10-01 00:00:00-03:00,0.0,0.0,0.0,0.583
2023-10-01 01:00:00-03:00,0.0,0.0,0.0,-0.669
2023-10-01 02:00:00-03:00,0.0,0.0,0.0,-0.659
2023-10-01 03:00:00-03:00,0.0,0.0,0.0,-0.363
2023-10-01 04:00:00-03:00,0.0,0.0,0.0,-0.673
2023-10-01 05:00:00-03:00,0.0,0.0,0.0,-0.706
2023-10-01 06:00:00-03:00,0.0,0.0,0.0,-0.215
2023-10-01 07:00:00-03:00,0.006,0.011,0.005,0.151
2023-10-01 08:00:00-03:00,0.171,0.138,0.053,1.587
2023-10-01 09:00:00-03:00,0.278,0.202,0.10200000000000001,3.171
2023-10-01 10:00:00-03:00,0.417,0.312,0.146,4.323
2023-10-01 11:00:00-03:00,0.521,0.402,0.179,4.884
2023-10-01 12:00:00-03:00,0.49,0.321,0.224,5.281
2023-10-01 13:00:00-03:00,0.502,0.28400000000000003,0.276,5.609
2023-10-01 14:00:00-03:00,0.332,0.127,0.23900000000000002,5.441
2023-10-01 15:00:00-03:00,0.311,0.139,0.20400000000000001,5.77
2023-10-01 16:00:00-03:00,0.274,0.139,0.165,5.72
2023-10-01 17:00:00-03:00,0.18,0.092,0.112,5.15
2023-10-01 18:00:00-03:00,0.135,0.089,0.067,4.501
2023-10-01 19:00:00-03:00,0.057,0.055,0.02,3.448
2023-10-01 20:00:00-03:00,0.0,0.0,0.0,2.126
2023-10-01 21:00:00-03:00,0.0,0.0,0.0,1.209
2023-10-01 22:00:00-03:00,0.0,0.0,0.0,0.328
2023-10-01 23:00:00-03:00,0.0,0.0,0.0,-0.66
2023-10-02 00:00:00-03:00,0.0,0.0,0.0,-1.012
2023-10-02 01:00:00-03:00,0.0,0.0,0.0,-0.886
2023-10-02 02:00:00-03:00,0.0,0.0,0.0,-1.301
2023-10-02 03:00:00-03:00,0.0,0.0,0.0,-1.891
2023-10-02 04:00:00-03:00,0.0,0.0,0.0,-2.149
2023-10-02 05:00:00-03:00,0.0,0.0,0.0,-1.826
2023-10-02 06:00:00-03:00,0.0,0.0,0.0,-1.396
2023-10-02 07:00:00-03:00,0.003,0.006,0.005,-0.988
2023-10-02 08:00:00-03:00,0.042,0.02,0.038,0.225
2023-10-02 09:00:00-03:00,0.099,0.034,0.083,1.557
2023-10-02 10:00:00-03:00,0.155,0.047,0.13,3.41
2023-10-02 11:00:00-03:00,0.245,0.083,0.189,5.483
2023-10-02 12:00:00-03:00,0.327,0.117,0.247,7.313
2023-10-02 13:00:00-03:00,0.343,0.093,0.291,8.679
2023-10-02 14:00:00-03:00,0.294,0.08600000000000001,0.245,9.608
2023-10-02 15:00:00-03:00,0.23700000000000002,0.073,0.196,9.89
2023-10-02 16:00:00-03:00,0.171,0.052000000000000005,0.146,9.669
2023-10-02 17:00:00-03:00,0.12,0.042,0.101,9.227
2023-10-02 18:00:00-03:00,0.078,0.039,0.059000000000000004,8.446
2023-10-02 19:00:00-03:00,0.049,0.046,0.021,6.514
2023-10-02 20:00:00-03:00,0.0,0.0,0.0,4.227
2023-10-02 21:00:00-03:00,0.0,0.0,0.0,3.463
2023-10-02 22:00:00-03:00,0.0,0.0,0.0,2.859
2023-10-02 23:00:00-03:00,0.0,0.0,0.0,2.505
2023-10-03 00:00:00-03:00,0.0,0.0,0.0,1.8359999999999999
2023-10-03 01:00:00-03:00,0.0,0.0,0.0,1.375
2023-10-03 02:00:00-03:00,0.0,0.0,0.0,1.286
2023-10-03 03:00:00-03:00,0.0,0.0,0.0,1.116
2023-10-03 04:00:00-03:00,0.0,0.0,0.0,1.197
2023-10-03 05:00:00-03:00,0.0,0.0,0.0,1.544
2023-10-03 06:00:00-03:00,0.0,0.0,0.0,2.022
2023-10-03 07:00:00-03:00,0.002,0.004,0.004,2.388
2023-10-03 08:00:00-03:00,0.045,0.024,0.038,3.392
2023-10-03 09:00:00-03:00,0.17,0.096,0.097,5.087
2023-10-03 10:00:00-03:00,0.308,0.195,0.147,6.922
2023-10-03 11:00:00-03:00,0.536,0.437,0.17300000000000001,8.655
2023-10-03 12:00:00-03:00,0.623,0.546,0.181,10.025
2023-10-03 13:00:00-03:00,0.665,0.608,0.178,10.850999999999999
2023-10-03 14:00:00-03:00,0.7020000000000001,0.674,0.166,11.478
2023-10-03 15:00:00-03:00,0.577,0.497,0.176,11.525
2023-10-03 16:00:00-03:00,0.556,0.494,0.151,11.306
2023-10-03 17:00:00-03:00,0.41400000000000003,0.34900000000000003,0.12,10.591
2023-10-03 18:00:00-03:00,0.307,0.269,0.076,9.678
2023-10-03 19:00:00-03:00,0.154,0.154,0.026000000000000002,8.311
2023-10-03 20:00:00-03:00,0.0,0.0,0.0,6.651
2023-10-03 21:00:00-03:00,0.0,0.0,0.0,5.892
2023-10-03 22:00:00-03:00,0.0,0.0,0.0,5.361
2023-10-03 23:00:00-03:00,0.0,0.0,0.0,4.952
2023-10-04 00:00:00-03:00,0.0,0.0,0.0,4.603
2023-10-04 01:00:00-03:00,0.0,0.0,0.0,4.231
2023-10-04 02:00:00-03:00,0.0,0.0,0.0,3.9530000000000003
2023-10-04 03:00:00-03:00,0.0,0.0,0.0,3.746
2023-10-04 04:00:00-03:00,0.0,0.0,0.0,3.588
2023-10-04 05:00:00-03:00,0.0,0.0,0.0,3.418
2023-10-04 06:00:00-03:00,0.0,0.0,0.0,3.447
2023-10-04 07:00:00-03:00,0.001,0.003,0.004,3.818
2023-10-04 08:00:00-03:00,0.03,0.012,0.033,4.615
2023-10-04 09:00:00-03:00,0.108,0.042,0.08700000000000001,5.775
2023-10-04 10:00:00-03:00,0.224,0.10200000000000001,0.149,7.149
2023-10-04 11:00:00-03:00,0.293,0.131,0.196,8.283
2023-10-04 12:00:00-03:00,0.339,0.138,0.242,9.206
2023-10-04 13:00:00-03:00,0.40700000000000003,0.164,0.297,10.118
2023-10-04 14:00:00-03:00,0.433,0.242,0.25,10.992
2023-10-04 15:00:00-03:00,0.47600000000000003,0.342,0.20400000000000001,11.591
2023-10-04 16:00:00-03:00,0.5760000000000001,0.512,0.159,11.691
2023-10-04 17:00:00-03:00,0.367,0.28800000000000003,0.128,11.075
2023-10-04 18:00:00-03:00,0.161,0.112,0.075,9.93
2023-10-04 19:00:00-03:00,0.063,0.059000000000000004,0.024,8.412
2023-10-04 20:00:00-03:00,0.0,0.0,0.0,7.016
2023-10-04 21:00:00-03:00,0.0,0.0,0.0,6.173
2023-10-04 22:00:00-03:00,0.0,0.0,0.0,5.707
2023-10-04 23:00:00-03:00,0.0,0.0,0.0,5.464
2023-10-05 00:00:00-03:00,0.0,0.0,0.0,5.317
2023-10-05 01:00:00-03:00,0.0,0.0,0.0,5.181
2023-10-05 02:00:00-03:00,0.0,0.0,0.0,5.071
2023-10-05 03:00:00-03:00,0.0,0.0,0.0,4.981
2023-10-05 04:00:00-03:00,0.0,0.0,0.0,4.924
2023-10-05 05:00:00-03:00,0.0,0.0,0.0,4.867
2023-10-05 06:00:00-03:00,0.0,0.0,0.0,4.927
2023-10-05 07:00:00-03:00,0.001,0.003,0.005,5.249
2023-10-05 08:00:00-03:00,0.023,0.007,0.03,6.049
2023-10-05 09:00:00-03:00,0.062,0.014,0.067,7.121
2023-10-05 10:00:00-03:00,0.14100000000000001,0.038,0.128,8.253
2023-10-05 11:00:00-03:00,0.256,0.091,0.199,9.323
2023-10-05 12:00:00-03:00,0.272,0.07200000000000001,0.234,9.609
2023-10-05 13:00:00-03:00,0.298,0.058,0.278,9.378
2023-10-05 14:00:00-03:00,0.31,0.095,0.253,9.321
2023-10-05 15:00:00-03:00,0.262,0.089,0.20600000000000002,9.005
2023-10-05 16:00:00-03:00,0.20600000000000002,0.074,0.161,8.292
2023-10-05 17:00:00-03:00,0.169,0.075,0.11900000000000001,7.63
2023-10-05 18:00:00-03:00,0.112,0.062,0.07200000000000001,6.908
2023-10-05 19:00:00-03:00,0.034,0.028,0.022,5.768
2023-10-05 20:00:00-03:00,0.0,0.0,0.0,4.527
2023-10-05 21:00:00-03:00,0.0,0.0,0.0,3.7560000000000002
2023-10-05 22:00:00-03:00,0.0,0.0,0.0,3.056
2023-10-05 23:00:00-03:00,0.0,0.0,0.0,2.434
2023-10-06 00:00:00-03:00,0.0,0.0,0.0,1.935
2023-10-06 01:00:00-03:00,0.0,0.0,0.0,1.541
2023-10-06 02:00:00-03:00,0.0,0.0,0.0,1.182
2023-10-06 03:00:00-03:00,0.0,0.0,0.0,0.839
2023-10-06 04:00:00-03:00,0.0,0.0,0.0,0.656
2023-10-06 05:00:00-03:00,0.0,0.0,0.0,0.56
2023-10-06 06:00:00-03:00,0.0,0.0,0.0,0.49
2023-10-06 07:00:00-03:00,0.027,0.032,0.01,0.417
2023-10-06 08:00:00-03:00,0.307,0.272,0.061,1.351
2023-10-06 09:00:00-03:00,0.506,0.457,0.1,2.919
2023-10-06 10:00:00-03:00,0.507,0.418,0.14400000000000002,4.16
2023-10-06 11:00:00-03:00,0.41400000000000003,0.262,0.194,5.073
2023-10-06 12:00:00-03:00,0.34400000000000003,0.14300000000000002,0.23600000000000002,5.668
2023-10-06 13:00:00-03:00,0.363,0.115,0.28600000000000003,6.253
2023-10-06 14:00:00-03:00,0.402,0.201,0.247,7.217
2023-10-06 15:00:00-03:00,0.441,0.28800000000000003,0.20700000000000002,7.802
2023-10-06 16:00:00-03:00,0.441,0.325,0.169,7.973
2023-10-06 17:00:00-03:00,0.331,0.23900000000000002,0.129,7.547
2023-10-06 18:00:00-03:00,0.165,0.113,0.076,6.559
2023-10-06 19:00:00-03:00,0.074,0.066,0.027,5.493
2023-10-06 20:00:00-03:00,0.0,0.0,0.0,4.7
2023-10-06 21:00:00-03:00,0.0,0.0,0.0,4.458
2023-10-06 22:00:00-03:00,0.0,0.0,0.0,4.36
2023-10-06 23:00:00-03:00,0.0,0.0,0.0,4.109
2023-10-07 00:00:00-03:00,0.0,0.0,0.0,3.821
2023-10-07 01:00:00-03:00,0.0,0.0,0.0,3.331
2023-10-07 02:00:00-03:00,0.0,0.0,0.0,2.694
2023-10-07 03:00:00-03:00,0.0,0.0,0.0,2.107
2023-10-07 04:00:00-03:00,0.0,0.0,0.0,1.679
2023-10-07 05:00:00-03:00,0.0,0.0,0.0,1.441
2023-10-07 06:00:00-03:00,0.0,0.0,0.0,1.466
2023-10-07 07:00:00-03:00,0.009000000000000001,0.01,0.009000000000000001,1.742
2023-10-07 08:00:00-03:00,0.035,0.013000000000000001,0.038,2.255
2023-10-07 09:00:00-03:00,0.09,0.028,0.081,2.948
2023-10-07 10:00:00-03:00,0.279,0.147,0.16,4.258
2023-10-07 11:00:00-03:00,0.487,0.343,0.199,5.515
2023-10-07 12:00:00-03:00,0.532,0.367,0.231,6.419
2023-10-07 13:00:00-03:00,0.554,0.35100000000000003,0.278,7.057
2023-10-07 14:00:00-03:00,0.488,0.299,0.25,7.445
2023-10-07 15:00:00-03:00,0.373,0.196,0.22,7.753
2023-10-07 16:00:00-03:00,0.181,0.057,0.149,7.47
2023-10-07 17:00:00-03:00,0.10400000000000001,0.03,0.096,6.955
2023-10-07 18:00:00-03:00,0.044,0.014,0.047,6.119
2023-10-07 19:00:00-03:00,0.013000000000000001,0.009000000000000001,0.016,5.374
2023-10-07 20:00:00-03:00,0.0,0.003,0.0,4.761
2023-10-07 21:00:00-03:00,0.0,0.0,0.0,4.265
2023-10-07 22:00:00-03:00,0.0,0.0,0.0,3.858
2023-10-07 23:00:00-03:00,0.0,0.0,0.0,3.532
2023-10-08 00:00:00-03:00,0.0,0.0,0.0,3.255
2023-10-08 01:00:00-03:00,0.0,0.0,0.0,3.025
2023-10-08 02:00:00-03:00,0.0,0.0,0.0,2.879
2023-10-08 03:00:00-03:00,0.0,0.0,0.0,2.748
2023-10-08 04:00:00-03:00,0.0,0.0,0.0,2.9859999999999998
2023-10-08 05:00:00-03:00,0.0,0.0,0.0,2.548
2023-10-08 06:00:00-03:00,0.0,0.0,0.0,1.423
2023-10-08 07:00:00-03:00,0.007,0.008,0.009000000000000001,0.791
2023-10-08 08:00:00-03:00,0.05,0.022,0.044,1.029
2023-10-08 09:00:00-03:00,0.14300000000000002,0.065,0.098,1.7970000000000002
2023-10-08 10:00:00-03:00,0.371,0.243,0.161,3.039
2023-10-08 11:00:00-03:00,0.465,0.317,0.196,4.146
2023-10-08 12:00:00-03:00,0.492,0.313,0.234,5.083
2023-10-08 13:00:00-03:00,0.535,0.323,0.277,5.607
2023-10-08 14:00:00-03:00,0.5650000000000001,0.41000000000000003,0.229,5.896
2023-10-08 15:00:00-03:00,0.54,0.403,0.20400000000000001,5.856
2023-10-08 16:00:00-03:00,0.326,0.185,0.17400000000000002,5.105
2023-10-08 17:00:00-03:00,0.202,0.10200000000000001,0.123,4.245
2023-10-08 18:00:00-03:00,0.097,0.048,0.068,3.751
2023-10-08 19:00:00-03:00,0.079,0.067,0.032,3.571
2023-10-08 20:00:00-03:00,0.0,0.002,0.001,3.271
2023-10-08 21:00:00-03:00,0.0,0.0,0.0,3.234
2023-10-08 22:00:00-03:00,0.0,0.0,0.0,3.299
2023-10-08 23:00:00-03:00,0.0,0.0,0.0,3.418
2023-10-09 00:00:00-03:00,0.0,0.0,0.0,3.649
2023-10-09 01:00:00-03:00,0.0,0.0,0.0,3.892
2023-10-09 02:00:00-03:00,0.0,0.0,0.0,3.811
2023-10-09 03:00:00-03:00,0.0,0.0,0.0,3.533
2023-10-09 04:00:00-03:00,0.0,0.0,0.0,3.388
2023-10-09 05:00:00-03:00,0.0,0.0,0.0,3.339
2023-10-09 06:00:00-03:00,0.0,0.0,0.0,3.081
2023-10-09 07:00:00-03:00,0.005,0.005,0.008,2.907
2023-10-09 08:00:00-03:00,0.039,0.015,0.041,3.4130000000000003
2023-10-09 09:00:00-03:00,0.131,0.055,0.097,4.229
2023-10-09 10:00:00-03:00,0.406,0.28300000000000003,0.165,5.172
2023-10-09 11:00:00-03:00,0.439,0.28600000000000003,0.2,5.74
2023-10-09 12:00:00-03:00,0.488,0.305,0.23900000000000002,5.98
2023-10-09 13:00:00-03:00,0.551,0.338,0.28400000000000003,6.399
2023-10-09 14:00:00-03:00,0.452,0.25,0.254,6.461
2023-10-09 15:00:00-03:00,0.296,0.12,0.20800000000000002,5.994
2023-10-09 16:00:00-03:00,0.22,0.085,0.162,5.777
2023-10-09 17:00:00-03:00,0.188,0.089,0.124,5.644
2023-10-09 18:00:00-03:00,0.11,0.057,0.074,4.871
2023-10-09 19:00:00-03:00,0.062,0.049,0.031,3.7359999999999998
2023-10-09 20:00:00-03:00,0.0,0.002,0.001,2.33
2023-10-09 21:00:00-03:00,0.0,0.0,0.0,1.181
2023-10-09 22:00:00-03:00,0.0,0.0,0.0,0.442
2023-10-09 23:00:00-03:00,0.0,0.0,0.0,-0.146
2023-10-10 00:00:00-03:00,0.0,0.0,0.0,-0.745
2023-10-10 01:00:00-03:00,0.0,0.0,0.0,-1.203
2023-10-10 02:00:00-03:00,0.0,0.0,0.0,-1.445
2023-10-10 03:00:00-03:00,0.0,0.0,0.0,-1.827
2023-10-10 04:00:00-03:00,0.0,0.0,0.0,-2.105
2023-10-10 05:00:00-03:00,0.0,0.0,0.0,-1.857
2023-10-10 06:00:00-03:00,0.0,0.0,0.0,-1.6880000000000002
2023-10-10 07:00:00-03:00,0.027,0.027,0.015,-1.32
2023-10-10 08:00:00-03:00,0.20700000000000002,0.156,0.07100000000000001,0.088
2023-10-10 09:00:00-03:00,0.311,0.22,0.11800000000000001,1.744
2023-10-10 10:00:00-03:00,0.339,0.20400000000000001,0.165,2.906
2023-10-10 11:00:00-03:00,0.292,0.121,0.199,3.447
2023-10-10 12:00:00-03:00,0.311,0.1,0.24,3.938
2023-10-10 13:00:00-03:00,0.34400000000000003,0.08,0.297,4.391
2023-10-10 14:00:00-03:00,0.28700000000000003,0.078,0.23700000000000002,4.674
2023-10-10 15:00:00-03:00,0.218,0.058,0.184,4.537
2023-10-10 16:00:00-03:00,0.23500000000000001,0.094,0.166,4.4879999999999995
2023-10-10 17:00:00-03:00,0.29,0.179,0.139,4.463
2023-10-10 18:00:00-03:00,0.112,0.057,0.075,3.908
2023-10-10 19:00:00-03:00,0.049,0.036000000000000004,0.03,3.25
2023-10-10 20:00:00-03:00,0.0,0.001,0.001,2.472
2023-10-10 21:00:00-03:00,0.0,0.0,0.0,2.277
2023-10-10 22:00:00-03:00,0.0,0.0,0.0,2.374
2023-10-10 23:00:00-03:00,0.0,0.0,0.0,2.49
2023-10-11 00:00:00-03:00,0.0,0.0,0.0,2.713
2023-10-11 01:00:00-03:00,0.0,0.0,0.0,2.957
2023-10-11 02:00:00-03:00,0.0,0.0,0.0,3.044
2023-10-11 03:00:00-03:00,0.0,0.0,0.0,2.928
2023-10-11 04:00:00-03:00,0.0,0.0,0.0,2.939
2023-10-11 05:00:00-03:00,0.0,0.0,0.0,2.989
2023-10-11 06:00:00-03:00,0.0,0.0,0.0,3.03
2023-10-11 07:00:00-03:00,0.018000000000000002,0.018000000000000002,0.014,3.209
2023-10-11 08:00:00-03:00,0.106,0.064,0.062,3.936
2023-10-11 09:00:00-03:00,0.241,0.154,0.114,4.884
2023-10-11 10:00:00-03:00,0.47500000000000003,0.373,0.156,6.129
2023-10-11 11:00:00-03:00,0.527,0.404,0.191,7.392
2023-10-11 12:00:00-03:00,0.427,0.24,0.23800000000000002,8.052
2023-10-11 13:00:00-03:00,0.506,0.276,0.298,8.698
2023-10-11 14:00:00-03:00,0.388,0.189,0.247,8.988
2023-10-11 15:00:00-03:00,0.417,0.255,0.215,9.01
2023-10-11 16:00:00-03:00,0.39,0.258,0.179,8.731
2023-10-11 17:00:00-03:00,0.259,0.159,0.131,7.942
2023-10-11 18:00:00-03:00,0.271,0.20800000000000002,0.094,6.997
2023-10-11 19:00:00-03:00,0.073,0.058,0.034,5.757
2023-10-11 20:00:00-03:00,0.0,0.001,0.001,4.527
2023-10-11 21:00:00-03:00,0.0,0.0,0.0,3.7439999999999998
2023-10-11 22:00:00-03:00,0.0,0.0,0.0,3.252
2023-10-11 23:00:00-03:00,0.0,0.0,0.0,3.055
2023-10-12 00:00:00-03:00,0.0,0.0,0.0,3.024
2023-10-12 01:00:00-03:00,0.0,0.0,0.0,3.003
2023-10-12 02:00:00-03:00,0.0,0.0,0.0,2.908
2023-10-12 03:00:00-03:00,0.0,0.0,0.0,2.8040000000000003
2023-10-12 04:00:00-03:00,0.0,0.0,0.0,2.846
2023-10-12 05:00:00-03:00,0.0,0.0,0.0,3.069
2023-10-12 06:00:00-03:00,0.0,0.0,0.0,3.484
2023-10-12 07:00:00-03:00,0.016,0.015,0.014,4.054
2023-10-12 08:00:00-03:00,0.093,0.054,0.06,5.155
2023-10-12 09:00:00-03:00,0.22,0.135,0.112,6.615
2023-10-12 10:00:00-03:00,0.299,0.176,0.157,7.964
2023-10-12 11:00:00-03:00,0.339,0.189,0.191,9.007
2023-10-12 12:00:00-03:00,0.646,0.5670000000000001,0.192,10.413
2023-10-12 13:00:00-03:00,0.658,0.585,0.193,11.003
2023-10-12 14:00:00-03:00,0.735,0.72,0.166,11.459
2023-10-12 15:00:00-03:00,0.792,0.8250000000000001,0.148,11.849
2023-10-12 16:00:00-03:00,0.784,0.8250000000000001,0.133,11.621
2023-10-12 17:00:00-03:00,0.595,0.5720000000000001,0.12,10.497
2023-10-12 18:00:00-03:00,0.40700000000000003,0.367,0.09,9.106
2023-10-12 19:00:00-03:00,0.17400000000000002,0.158,0.042,7.618
2023-10-12 20:00:00-03:00,0.0,0.002,0.001,6.49
2023-10-12 21:00:00-03:00,0.0,0.0,0.0,6.13
2023-10-12 22:00:00-03:00,0.0,0.0,0.0,5.745
2023-10-12 23:00:00-03:00,0.0,0.0,0.0,5.355
2023-10-13 00:00:00-03:00,0.0,0.0,0.0,5.003
2023-10-13 01:00:00-03:00,0.0,0.0,0.0,4.816
2023-10-13 02:00:00-03:00,0.0,0.0,0.0,4.741
2023-10-13 03:00:00-03:00,0.0,0.0,0.0,4.689
2023-10-13 04:00:00-03:00,0.0,0.0,0.0,4.519
2023-10-13 05:00:00-03:00,0.0,0.0,0.0,4.202
2023-10-13 06:00:00-03:00,0.0,0.0,0.0,3.941
2023-10-13 07:00:00-03:00,0.016,0.014,0.015,3.864
2023-10-13 08:00:00-03:00,0.128,0.083,0.065,4.376
2023-10-13 09:00:00-03:00,0.442,0.38,0.11,5.622
2023-10-13 10:00:00-03:00,0.749,0.766,0.121,7.456
2023-10-13 11:00:00-03:00,0.74,0.738,0.14300000000000002,8.921
2023-10-13 12:00:00-03:00,0.734,0.721,0.156,10.023
2023-10-13 13:00:00-03:00,0.753,0.778,0.133,10.913
2023-10-13 14:00:00-03:00,0.781,0.798,0.155,11.352
2023-10-13 15:00:00-03:00,0.687,0.652,0.166,11.373
2023-10-13 16:00:00-03:00,0.64,0.605,0.15,11.287
2023-10-13 17:00:00-03:00,0.5690000000000001,0.534,0.125,10.796
2023-10-13 18:00:00-03:00,0.28400000000000003,0.228,0.092,9.725
2023-10-13 19:00:00-03:00,0.124,0.107,0.04,8.441
2023-10-13 20:00:00-03:00,0.002,0.007,0.002,6.967
2023-10-13 21:00:00-03:00,0.0,0.0,0.0,5.851
2023-10-13 22:00:00-03:00,0.0,0.0,0.0,5.208
2023-10-13 23:00:00-03:00,0.0,0.0,0.0,4.834
2023-10-14 00:00:00-03:00,0.0,0.0,0.0,4.523
2023-10-14 01:00:00-03:00,0.0,0.0,0.0,4.251
2023-10-14 02:00:00-03:00,0.0,0.0,0.0,4.037
2023-10-14 03:00:00-03:00,0.0,0.0,0.0,3.866
2023-10-14 04:00:00-03:00,0.0,0.0,0.0,3.8369999999999997
2023-10-14 05:00:00-03:00,0.0,0.0,0.0,3.838
2023-10-14 06:00:00-03:00,0.0,0.0,0.0,3.842
2023-10-14 07:00:00-03:00,0.009000000000000001,0.008,0.012,3.966
2023-10-14 08:00:00-03:00,0.084,0.047,0.057,4.575
2023-10-14 09:00:00-03:00,0.58,0.555,0.10200000000000001,6.094
2023-10-14 10:00:00-03:00,0.747,0.768,0.11800000000000001,7.957
2023-10-14 11:00:00-03:00,0.807,0.85,0.131,9.552
2023-10-14 12:00:00-03:00,0.811,0.861,0.133,10.737
2023-10-14 13:00:00-03:00,0.8170000000000001,0.921,0.089,11.646
2023-10-14 14:00:00-03:00,0.844,0.921,0.134,12.21
2023-10-14 15:00:00-03:00,0.864,0.9510000000000001,0.136,12.415
2023-10-14 16:00:00-03:00,0.8270000000000001,0.901,0.126,12.047
2023-10-14 17:00:00-03:00,0.767,0.8270000000000001,0.105,11.239
2023-10-14 18:00:00-03:00,0.618,0.64,0.081,9.995
2023-10-14 19:00:00-03:00,0.246,0.231,0.045,8.241
2023-10-14 20:00:00-03:00,0.005,0.011,0.003,6.4030000000000005
2023-10-14 21:00:00-03:00,0.0,0.0,0.0,5.184
2023-10-14 22:00:00-03:00,0.0,0.0,0.0,4.32
2023-10-14 23:00:00-03:00,0.0,0.0,0.0,3.6710000000000003
2023-10-15 00:00:00-03:00,0.0,0.0,0.0,3.359
2023-10-15 01:00:00-03:00,0.0,0.0,0.0,3.241
2023-10-15 02:00:00-03:00,0.0,0.0,0.0,3.17
2023-10-15 03:00:00-03:00,0.0,0.0,0.0,3.025
2023-10-15 04:00:00-03:00,0.0,0.0,0.0,2.8689999999999998
2023-10-15 05:00:00-03:00,0.0,0.0,0.0,2.7640000000000002
2023-10-15 06:00:00-03:00,0.0,0.0,0.0,2.752
2023-10-15 07:00:00-03:00,0.026000000000000002,0.021,0.019,3.205
2023-10-15 08:00:00-03:00,0.084,0.044,0.06,4.212
2023-10-15 09:00:00-03:00,0.232,0.145,0.113,5.219
2023-10-15 10:00:00-03:00,0.645,0.607,0.136,6.784
2023-10-15 11:00:00-03:00,0.773,0.783,0.14200000000000002,8.321
2023-10-15 12:00:00-03:00,0.766,0.772,0.149,9.525
2023-10-15 13:00:00-03:00,0.791,0.853,0.112,10.635
2023-10-15 14:00:00-03:00,0.777,0.791,0.156,11.202
2023-10-15 15:00:00-03:00,0.765,0.775,0.155,11.37
2023-10-15 16:00:00-03:00,0.725,0.73,0.14100000000000001,11.117
2023-10-15 17:00:00-03:00,0.6930000000000001,0.709,0.115,10.612
2023-10-15 18:00:00-03:00,0.559,0.556,0.08700000000000001,9.58
2023-10-15 19:00:00-03:00,0.28300000000000003,0.268,0.048,7.922
2023-10-15 20:00:00-03:00,0.007,0.014,0.004,6.08
2023-10-15 21:00:00-03:00,0.0,0.0,0.0,4.786
2023-10-15 22:00:00-03:00,0.0,0.0,0.0,3.971
2023-10-15 23:00:00-03:00,0.0,0.0,0.0,3.5140000000000002
2023-10-16 00:00:00-03:00,0.0,0.0,0.0,3.286
2023-10-16 01:00:00-03:00,0.0,0.0,0.0,3.298
2023-10-16 02:00:00-03:00,0.0,0.0,0.0,3.283
2023-10-16 03:00:00-03:00,0.0,0.0,0.0,3.036
2023-10-16 04:00:00-03:00,0.0,0.0,0.0,2.617
2023-10-16 05:00:00-03:00,0.0,0.0,0.0,2.459
2023-10-16 06:00:00-03:00,0.0,0.0,0.0,2.517
2023-10-16 07:00:00-03:00,0.07,0.06,0.028,2.89
2023-10-16 08:00:00-03:00,0.279,0.221,0.08600000000000001,4.291
2023-10-16 09:00:00-03:00,0.211,0.11,0.127,5.607
2023-10-16 10:00:00-03:00,0.123,0.025,0.12,6.191
2023-10-16 11:00:00-03:00,0.148,0.023,0.149,6.756
2023-10-16 12:00:00-03:00,0.20500000000000002,0.034,0.198,7.648
2023-10-16 13:00:00-03:00,0.387,0.097,0.337,8.754
2023-10-16 14:00:00-03:00,0.224,0.041,0.212,8.548
2023-10-16 15:00:00-03:00,0.129,0.016,0.137,8.216
2023-10-16 16:00:00-03:00,0.093,0.012,0.10300000000000001,8.076
2023-10-16 17:00:00-03:00,0.08700000000000001,0.017,0.091,7.936
2023-10-16 18:00:00-03:00,0.11900000000000001,0.053,0.089,7.943
2023-10-16 19:00:00-03:00,0.111,0.084,0.05,7.415
2023-10-16 20:00:00-03:00,0.0,0.003,0.003,6.29
2023-10-16 21:00:00-03:00,0.0,0.0,0.0,5.779
2023-10-16 22:00:00-03:00,0.0,0.0,0.0,5.61
2023-10-16 23:00:00-03:00,0.0,0.0,0.0,5.525
2023-10-17 00:00:00-03:00,0.0,0.0,0.0,5.6129999999999995
2023-10-17 01:00:00-03:00,0.0,0.0,0.0,5.736
2023-10-17 02:00:00-03:00,0.0,0.0,0.0,5.825
2023-10-17 03:00:00-03:00,0.0,0.0,0.0,5.6690000000000005
2023-10-17 04:00:00-03:00,0.0,0.0,0.0,5.466
2023-10-17 05:00:00-03:00,0.0,0.0,0.0,5.5809999999999995
2023-10-17 06:00:00-03:00,0.0,0.0,0.0,5.672
2023-10-17 07:00:00-03:00,0.013000000000000001,0.007,0.018000000000000002,5.831
2023-10-17 08:00:00-03:00,0.058,0.02,0.057,6.535
2023-10-17 09:00:00-03:00,0.223,0.12,0.132,7.629
2023-10-17 10:00:00-03:00,0.41200000000000003,0.28200000000000003,0.181,8.835
2023-10-17 11:00:00-03:00,0.318,0.14300000000000002,0.214,9.554
2023-10-17 12:00:00-03:00,0.307,0.099,0.248,10.072
2023-10-17 13:00:00-03:00,0.36,0.081,0.326,10.463
2023-10-17 14:00:00-03:00,0.257,0.059000000000000004,0.232,10.711
2023-10-17 15:00:00-03:00,0.187,0.037,0.179,10.772
2023-10-17 16:00:00-03:00,0.138,0.027,0.137,10.465
2023-10-17 17:00:00-03:00,0.08,0.013000000000000001,0.088,9.837
2023-10-17 18:00:00-03:00,0.038,0.007,0.048,9.301
2023-10-17 19:00:00-03:00,0.011,0.004,0.018000000000000002,8.686
2023-10-17 20:00:00-03:00,0.0,0.0,0.001,7.865
2023-10-17 21:00:00-03:00,0.0,0.0,0.0,7.371
2023-10-17 22:00:00-03:00,0.0,0.0,0.0,7.042
2023-10-17 23:00:00-03:00,0.0,0.0,0.0,6.5969999999999995
2023-10-18 00:00:00-03:00,0.0,0.0,0.0,6.29
2023-10-18 01:00:00-03:00,0.0,0.0,0.0,6.132
2023-10-18 02:00:00-03:00,0.0,0.0,0.0,6.103
2023-10-18 03:00:00-03:00,0.0,0.0,0.0,6.135
2023-10-18 04:00:00-03:00,0.0,0.0,0.0,6.102
2023-10-18 05:00:00-03:00,0.0,0.0,0.0,5.944
2023-10-18 06:00:00-03:00,0.0,0.0,0.0,5.86
2023-10-18 07:00:00-03:00,0.009000000000000001,0.005,0.016,6.319
2023-10-18 08:00:00-03:00,0.069,0.024,0.064,7.649
2023-10-18 09:00:00-03:00,0.114,0.032,0.105,9.261
2023-10-18 10:00:00-03:00,0.138,0.032,0.132,10.729
2023-10-18 11:00:00-03:00,0.261,0.09,0.209,12.61
2023-10-18 12:00:00-03:00,0.31,0.105,0.252,13.943
2023-10-18 13:00:00-03:00,0.363,0.088,0.331,14.561
2023-10-18 14:00:00-03:00,0.28500000000000003,0.083,0.246,14.759
2023-10-18 15:00:00-03:00,0.247,0.075,0.211,14.747
2023-10-18 16:00:00-03:00,0.135,0.026000000000000002,0.136,14.126
2023-10-18 17:00:00-03:00,0.058,0.007,0.07100000000000001,12.981
2023-10-18 18:00:00-03:00,0.037,0.007,0.048,12.018
2023-10-18 19:00:00-03:00,0.036000000000000004,0.018000000000000002,0.036000000000000004,11.277
2023-10-18 20:00:00-03:00,0.001,0.004,0.004,9.944
2023-10-18 21:00:00-03:00,0.0,0.0,0.0,9.33
2023-10-18 22:00:00-03:00,0.0,0.0,0.0,8.82
2023-10-18 23:00:00-03:00,0.0,0.0,0.0,8.281
2023-10-19 00:00:00-03:00,0.0,0.0,0.0,7.728
2023-10-19 01:00:00-03:00,0.0,0.0,0.0,7.273
2023-10-19 02:00:00-03:00,0.0,0.0,0.0,6.894
2023-10-19 03:00:00-03:00,0.0,0.0,0.0,6.549
2023-10-19 04:00:00-03:00,0.0,0.0,0.0,6.13
2023-10-19 05:00:00-03:00,0.0,0.0,0.0,5.485
2023-10-19 06:00:00-03:00,0.0,0.0,0.0,5.144
2023-10-19 07:00:00-03:00,0.111,0.1,0.032,5.506
2023-10-19 08:00:00-03:00,0.383,0.35000000000000003,0.076,7.053
2023-10-19 09:00:00-03:00,0.65,0.657,0.1,8.759
2023-10-19 10:00:00-03:00,0.731,0.749,0.126,10.172
2023-10-19 11:00:00-03:00,0.763,0.782,0.146,11.417
2023-10-19 12:00:00-03:00,0.784,0.8140000000000001,0.152,12.693
2023-10-19 13:00:00-03:00,0.759,0.81,0.124,13.774000000000001
2023-10-19 14:00:00-03:00,0.783,0.8150000000000001,0.16,14.622
2023-10-19 15:00:00-03:00,0.769,0.797,0.159,15.076
2023-10-19 16:00:00-03:00,0.673,0.664,0.151,14.939
2023-10-19 17:00:00-03:00,0.525,0.47900000000000004,0.136,14.355
2023-10-19 18:00:00-03:00,0.212,0.148,0.098,13.219
2023-10-19 19:00:00-03:00,0.078,0.056,0.043000000000000003,11.629
2023-10-19 20:00:00-03:00,0.003,0.007,0.005,9.836
2023-10-19 21:00:00-03:00,0.0,0.0,0.0,8.386
2023-10-19 22:00:00-03:00,0.0,0.0,0.0,6.884
2023-10-19 23:00:00-03:00,0.0,0.0,0.0,5.23
2023-10-20 00:00:00-03:00,0.0,0.0,0.0,3.942
2023-10-20 01:00:00-03:00,0.0,0.0,0.0,3.095
2023-10-20 02:00:00-03:00,0.0,0.0,0.0,2.466
2023-10-20 03:00:00-03:00,0.0,0.0,0.0,1.9420000000000002
2023-10-20 04:00:00-03:00,0.0,0.0,0.0,1.375
2023-10-20 05:00:00-03:00,0.0,0.0,0.0,0.704
2023-10-20 06:00:00-03:00,0.0,0.002,0.001,0.199
2023-10-20 07:00:00-03:00,0.23900000000000002,0.229,0.033,1.438
2023-10-20 08:00:00-03:00,0.54,0.533,0.067,3.739
2023-10-20 09:00:00-03:00,0.6960000000000001,0.714,0.095,6.465
2023-10-20 10:00:00-03:00,0.786,0.8250000000000001,0.121,8.666
2023-10-20 11:00:00-03:00,0.8140000000000001,0.859,0.139,10.409
2023-10-20 12:00:00-03:00,0.835,0.898,0.14100000000000001,11.929
2023-10-20 13:00:00-03:00,0.8180000000000001,0.933,0.088,13.215
2023-10-20 14:00:00-03:00,0.863,0.9550000000000001,0.145,14.241
2023-10-20 15:00:00-03:00,0.86,0.9510000000000001,0.147,14.729
2023-10-20 16:00:00-03:00,0.739,0.764,0.14300000000000002,14.246
2023-10-20 17:00:00-03:00,0.443,0.369,0.14100000000000001,12.866
2023-10-20 18:00:00-03:00,0.14200000000000002,0.08,0.088,11.04
2023-10-20 19:00:00-03:00,0.063,0.043000000000000003,0.041,9.439
2023-10-20 20:00:00-03:00,0.009000000000000001,0.014,0.006,7.8469999999999995
2023-10-20 21:00:00-03:00,0.0,0.0,0.0,6.263
2023-10-20 22:00:00-03:00,0.0,0.0,0.0,5.147
2023-10-20 23:00:00-03:00,0.0,0.0,0.0,4.324
2023-10-21 00:00:00-03:00,0.0,0.0,0.0,3.649
2023-10-21 01:00:00-03:00,0.0,0.0,0.0,3.036
2023-10-21 02:00:00-03:00,0.0,0.0,0.0,2.58
2023-10-21 03:00:00-03:00,0.0,0.0,0.0,2.351
2023-10-21 04:00:00-03:00,0.0,0.0,0.0,2.301
2023-10-21 05:00:00-03:00,0.0,0.0,0.0,2.183
2023-10-21 06:00:00-03:00,0.0,0.002,0.001,1.971
2023-10-21 07:00:00-03:00,0.176,0.16,0.036000000000000004,2.342
2023-10-21 08:00:00-03:00,0.441,0.406,0.078,3.6390000000000002
2023-10-21 09:00:00-03:00,0.512,0.452,0.11800000000000001,4.918
2023-10-21 10:00:00-03:00,0.503,0.406,0.156,5.942
2023-10-21 11:00:00-03:00,0.661,0.593,0.17200000000000001,7.279
2023-10-21 12:00:00-03:00,0.715,0.662,0.181,8.372
2023-10-21 13:00:00-03:00,0.711,0.663,0.179,9.258
2023-10-21 14:00:00-03:00,0.6920000000000001,0.623,0.196,9.815
2023-10-21 15:00:00-03:00,0.555,0.439,0.199,9.96
2023-10-21 16:00:00-03:00,0.493,0.38,0.181,9.941
2023-10-21 17:00:00-03:00,0.294,0.183,0.148,9.486
2023-10-21 18:00:00-03:00,0.178,0.106,0.099,8.834
2023-10-21 19:00:00-03:00,0.126,0.096,0.053,7.834
2023-10-21 20:00:00-03:00,0.018000000000000002,0.024,0.008,6.339
2023-10-21 21:00:00-03:00,0.0,0.0,0.0,5.225
2023-10-21 22:00:00-03:00,0.0,0.0,0.0,4.589
2023-10-21 23:00:00-03:00,0.0,0.0,0.0,4.133
2023-10-22 00:00:00-03:00,0.0,0.0,0.0,3.805
2023-10-22 01:00:00-03:00,0.0,0.0,0.0,3.442
2023-10-22 02:00:00-03:00,0.0,0.0,0.0,3.171
2023-10-22 03:00:00-03:00,0.0,0.0,0.0,2.985
2023-10-22 04:00:00-03:00,0.0,0.0,0.0,2.9290000000000003
2023-10-22 05:00:00-03:00,0.0,0.0,0.0,3.17
2023-10-22 06:00:00-03:00,0.0,0.0,0.0,3.43
2023-10-22 07:00:00-03:00,0.007,0.004,0.013000000000000001,3.81
2023-10-22 08:00:00-03:00,0.11900000000000001,0.067,0.073,4.767
2023-10-22 09:00:00-03:00,0.592,0.5640000000000001,0.11,6.566
2023-10-22 10:00:00-03:00,0.73,0.737,0.127,8.378
2023-10-22 11:00:00-03:00,0.797,0.8240000000000001,0.14400000000000002,9.995
2023-10-22 12:00:00-03:00,0.843,0.903,0.145,11.423
2023-10-22 13:00:00-03:00,0.838,0.968,0.081,12.641
2023-10-22 14:00:00-03:00,0.883,0.979,0.147,13.549
2023-10-22 15:00:00-03:00,0.88,0.978,0.147,14.132
2023-10-22 16:00:00-03:00,0.858,0.962,0.13,14.277
2023-10-22 17:00:00-03:00,0.8190000000000001,0.921,0.105,13.908
2023-10-22 18:00:00-03:00,0.749,0.835,0.079,12.855
2023-10-22 19:00:00-03:00,0.593,0.641,0.051000000000000004,11.128
2023-10-22 20:00:00-03:00,0.095,0.106,0.01,7.535
2023-10-22 21:00:00-03:00,0.0,0.0,0.0,5.311
2023-10-22 22:00:00-03:00,0.0,0.0,0.0,4.13
2023-10-22 23:00:00-03:00,0.0,0.0,0.0,3.213
2023-10-23 00:00:00-03:00,0.0,0.0,0.0,2.533
2023-10-23 01:00:00-03:00,0.0,0.0,0.0,1.983
2023-10-23 02:00:00-03:00,0.0,0.0,0.0,1.4060000000000001
2023-10-23 03:00:00-03:00,0.0,0.0,0.0,0.8210000000000001
2023-10-23 04:00:00-03:00,0.0,0.0,0.0,0.36
2023-10-23 05:00:00-03:00,0.0,0.0,0.0,0.371
2023-10-23 06:00:00-03:00,0.0,0.004,0.001,0.725
2023-10-23 07:00:00-03:00,0.132,0.116,0.036000000000000004,2.318
2023-10-23 08:00:00-03:00,0.519,0.508,0.07,4.602
2023-10-23 09:00:00-03:00,0.733,0.778,0.091,8.415
2023-10-23 10:00:00-03:00,0.801,0.872,0.117,12.209
2023-10-23 11:00:00-03:00,0.839,0.928,0.137,14.925
2023-10-23 12:00:00-03:00,0.853,0.961,0.139,16.816
2023-10-23 13:00:00-03:00,0.8200000000000001,0.983,0.073,18.207
2023-10-23 14:00:00-03:00,0.864,0.992,0.145,19.273
2023-10-23 15:00:00-03:00,0.859,0.99,0.145,19.952
2023-10-23 16:00:00-03:00,0.839,0.975,0.126,20.163
2023-10-23 17:00:00-03:00,0.803,0.9380000000000001,0.10200000000000001,19.845
2023-10-23 18:00:00-03:00,0.742,0.86,0.076,18.704
2023-10-23 19:00:00-03:00,0.612,0.686,0.049,15.95
2023-10-23 20:00:00-03:00,0.128,0.14300000000000002,0.011,11.725999999999999
2023-10-23 21:00:00-03:00,0.0,0.0,0.0,9.424
2023-10-23 22:00:00-03:00,0.0,0.0,0.0,7.979
2023-10-23 23:00:00-03:00,0.0,0.0,0.0,6.698
2023-10-24 00:00:00-03:00,0.0,0.0,0.0,5.753
2023-10-24 01:00:00-03:00,0.0,0.0,0.0,5.045
2023-10-24 02:00:00-03:00,0.0,0.0,0.0,4.449
2023-10-24 03:00:00-03:00,0.0,0.0,0.0,4.688
2023-10-24 04:00:00-03:00,0.0,0.0,0.0,4.384
2023-10-24 05:00:00-03:00,0.0,0.0,0.0,3.985
2023-10-24 06:00:00-03:00,0.0,0.003,0.002,3.683
2023-10-24 07:00:00-03:00,0.055,0.037,0.036000000000000004,4.652
2023-10-24 08:00:00-03:00,0.08600000000000001,0.033,0.073,6.008
2023-10-24 09:00:00-03:00,0.117,0.034,0.105,7.227
2023-10-24 10:00:00-03:00,0.269,0.126,0.176,9.062
2023-10-24 11:00:00-03:00,0.47000000000000003,0.324,0.215,11.258
2023-10-24 12:00:00-03:00,0.401,0.213,0.245,12.213
2023-10-24 13:00:00-03:00,0.372,0.11,0.315,12.564
2023-10-24 14:00:00-03:00,0.443,0.262,0.249,13.487
2023-10-24 15:00:00-03:00,0.558,0.44,0.216,14.01
2023-10-24 16:00:00-03:00,0.463,0.333,0.201,13.288
2023-10-24 17:00:00-03:00,0.14300000000000002,0.045,0.125,11.517
2023-10-24 18:00:00-03:00,0.098,0.036000000000000004,0.085,9.932
2023-10-24 19:00:00-03:00,0.295,0.26,0.07,8.61
2023-10-24 20:00:00-03:00,0.067,0.073,0.013000000000000001,6.664
2023-10-24 21:00:00-03:00,0.0,0.0,0.0,5.401
2023-10-24 22:00:00-03:00,0.0,0.0,0.0,4.915
2023-10-24 23:00:00-03:00,0.0,0.0,0.0,4.635
2023-10-25 00:00:00-03:00,0.0,0.0,0.0,4.569
2023-10-25 01:00:00-03:00,0.0,0.0,0.0,4.508
2023-10-25 02:00:00-03:00,0.0,0.0,0.0,4.45
2023-10-25 03:00:00-03:00,0.0,0.0,0.0,4.279
2023-10-25 04:00:00-03:00,0.0,0.0,0.0,3.826
2023-10-25 05:00:00-03:00,0.0,0.0,0.0,3.6630000000000003
2023-10-25 06:00:00-03:00,0.0,0.001,0.001,4.364
2023-10-25 07:00:00-03:00,0.044,0.028,0.033,5.782
2023-10-25 08:00:00-03:00,0.202,0.135,0.094,7.7780000000000005
2023-10-25 09:00:00-03:00,0.276,0.176,0.136,9.669
2023-10-25 10:00:00-03:00,0.559,0.483,0.167,11.599
2023-10-25 11:00:00-03:00,0.4,0.254,0.203,12.558
2023-10-25 12:00:00-03:00,0.417,0.247,0.231,12.746
2023-10-25 13:00:00-03:00,0.651,0.545,0.23,12.755
2023-10-25 14:00:00-03:00,0.727,0.687,0.194,12.406
2023-10-25 15:00:00-03:00,0.765,0.752,0.18,11.731
2023-10-25 16:00:00-03:00,0.536,0.435,0.181,10.349
2023-10-25 17:00:00-03:00,0.495,0.40900000000000003,0.153,9.292
2023-10-25 18:00:00-03:00,0.432,0.369,0.116,8.462
2023-10-25 19:00:00-03:00,0.127,0.09,0.059000000000000004,7.402
2023-10-25 20:00:00-03:00,0.009000000000000001,0.011,0.009000000000000001,6.319
2023-10-25 21:00:00-03:00,0.0,0.0,0.0,5.547
2023-10-25 22:00:00-03:00,0.0,0.0,0.0,5.011
2023-10-25 23:00:00-03:00,0.0,0.0,0.0,4.643
2023-10-26 00:00:00-03:00,0.0,0.0,0.0,4.2780000000000005
2023-10-26 01:00:00-03:00,0.0,0.0,0.0,3.843
2023-10-26 02:00:00-03:00,0.0,0.0,0.0,3.367
2023-10-26 03:00:00-03:00,0.0,0.0,0.0,2.965
2023-10-26 04:00:00-03:00,0.0,0.0,0.0,2.694
2023-10-26 05:00:00-03:00,0.0,0.0,0.0,2.55
2023-10-26 06:00:00-03:00,0.0,0.001,0.001,2.474
2023-10-26 07:00:00-03:00,0.037,0.02,0.033,2.521
2023-10-26 08:00:00-03:00,0.094,0.037,0.076,2.835
2023-10-26 09:00:00-03:00,0.264,0.146,0.14400000000000002,3.711
2023-10-26 10:00:00-03:00,0.449,0.314,0.183,4.759
2023-10-26 11:00:00-03:00,0.503,0.354,0.20700000000000002,5.6370000000000005
2023-10-26 12:00:00-03:00,0.587,0.443,0.224,6.371
2023-10-26 13:00:00-03:00,0.673,0.547,0.234,7.191
2023-10-26 14:00:00-03:00,0.737,0.668,0.20400000000000001,8.036
2023-10-26 15:00:00-03:00,0.714,0.647,0.194,8.332
2023-10-26 16:00:00-03:00,0.557,0.44,0.195,8.147
2023-10-26 17:00:00-03:00,0.182,0.067,0.14,7.286
2023-10-26 18:00:00-03:00,0.091,0.028,0.084,6.734
2023-10-26 19:00:00-03:00,0.028,0.01,0.033,5.831
2023-10-26 20:00:00-03:00,0.001,0.002,0.005,4.313
2023-10-26 21:00:00-03:00,0.0,0.0,0.0,3.708
2023-10-26 22:00:00-03:00,0.0,0.0,0.0,3.502
2023-10-26 23:00:00-03:00,0.0,0.0,0.0,4.003
2023-10-27 00:00:00-03:00,0.0,0.0,0.0,3.982
2023-10-27 01:00:00-03:00,0.0,0.0,0.0,3.457
2023-10-27 02:00:00-03:00,0.0,0.0,0.0,3.107
2023-10-27 03:00:00-03:00,0.0,0.0,0.0,2.886
2023-10-27 04:00:00-03:00,0.0,0.0,0.0,2.949
2023-10-27 05:00:00-03:00,0.0,0.0,0.0,2.988
2023-10-27 06:00:00-03:00,0.0,0.0,0.001,3.192
2023-10-27 07:00:00-03:00,0.007,0.002,0.015,3.6470000000000002
2023-10-27 08:00:00-03:00,0.031,0.005,0.041,4.437
2023-10-27 09:00:00-03:00,0.06,0.007,0.07100000000000001,5.497
2023-10-27 10:00:00-03:00,0.095,0.011,0.105,6.817
2023-10-27 11:00:00-03:00,0.14100000000000001,0.02,0.146,8.754
2023-10-27 12:00:00-03:00,0.191,0.033,0.187,9.809
2023-10-27 13:00:00-03:00,0.331,0.067,0.304,9.111
2023-10-27 14:00:00-03:00,0.317,0.112,0.242,8.519
2023-10-27 15:00:00-03:00,0.381,0.194,0.233,8.781
2023-10-27 16:00:00-03:00,0.599,0.492,0.199,8.651
2023-10-27 17:00:00-03:00,0.522,0.426,0.165,7.72
2023-10-27 18:00:00-03:00,0.39,0.307,0.126,6.696
2023-10-27 19:00:00-03:00,0.269,0.223,0.075,5.225
2023-10-27 20:00:00-03:00,0.067,0.068,0.017,3.5380000000000003
2023-10-27 21:00:00-03:00,0.0,0.0,0.0,2.202
2023-10-27 22:00:00-03:00,0.0,0.0,0.0,1.268
2023-10-27 23:00:00-03:00,0.0,0.0,0.0,0.488
2023-10-28 00:00:00-03:00,0.0,0.0,0.0,-0.133
2023-10-28 01:00:00-03:00,0.0,0.0,0.0,-0.863
2023-10-28 02:00:00-03:00,0.0,0.0,0.0,-1.428
2023-10-28 03:00:00-03:00,0.0,0.0,0.0,-2.41
2023-10-28 04:00:00-03:00,0.0,0.0,0.0,-2.141
2023-10-28 05:00:00-03:00,0.0,0.0,0.0,-1.7650000000000001
2023-10-28 06:00:00-03:00,0.0,0.001,0.002,-1.6360000000000001
2023-10-28 07:00:00-03:00,0.022,0.008,0.028,-0.85
2023-10-28 08:00:00-03:00,0.078,0.02,0.075,0.47600000000000003
2023-10-28 09:00:00-03:00,0.116,0.023,0.112,2.036
2023-10-28 10:00:00-03:00,0.169,0.035,0.156,3.211
2023-10-28 11:00:00-03:00,0.266,0.077,0.216,4.553
2023-10-28 12:00:00-03:00,0.232,0.046,0.212,5.197
2023-10-28 13:00:00-03:00,0.177,0.012,0.188,5.027
2023-10-28 14:00:00-03:00,0.162,0.018000000000000002,0.167,5.337
2023-10-28 15:00:00-03:00,0.164,0.022,0.165,5.723
2023-10-28 16:00:00-03:00,0.165,0.028,0.16,5.853
2023-10-28 17:00:00-03:00,0.129,0.024,0.126,5.517
2023-10-28 18:00:00-03:00,0.076,0.016,0.08,4.727
2023-10-28 19:00:00-03:00,0.038,0.012,0.042,3.68
2023-10-28 20:00:00-03:00,0.006,0.006,0.01,2.557
2023-10-28 21:00:00-03:00,0.0,0.0,0.0,1.5630000000000002
2023-10-28 22:00:00-03:00,0.0,0.0,0.0,1.012
2023-10-28 23:00:00-03:00,0.0,0.0,0.0,0.747
2023-10-29 00:00:00-03:00,0.0,0.0,0.0,0.549
2023-10-29 01:00:00-03:00,0.0,0.0,0.0,0.376
2023-10-29 02:00:00-03:00,0.0,0.0,0.0,-0.106
2023-10-29 03:00:00-03:00,0.0,0.0,0.0,-0.5730000000000001
2023-10-29 04:00:00-03:00,0.0,0.0,0.0,-0.89
2023-10-29 05:00:00-03:00,0.0,0.0,0.0,-1.112
2023-10-29 06:00:00-03:00,0.001,0.004,0.003,-1.049
2023-10-29 07:00:00-03:00,0.03,0.013000000000000001,0.031,-0.484
2023-10-29 08:00:00-03:00,0.058,0.014,0.061,0.377
2023-10-29 09:00:00-03:00,0.084,0.015,0.088,1.3519999999999999
2023-10-29 10:00:00-03:00,0.125,0.022,0.123,2.434
2023-10-29 11:00:00-03:00,0.254,0.083,0.196,4.136
2023-10-29 12:00:00-03:00,0.5700000000000001,0.41600000000000004,0.229,6.201
2023-10-29 13:00:00-03:00,0.718,0.635,0.209,7.64
2023-10-29 14:00:00-03:00,0.763,0.714,0.198,8.628
2023-10-29 15:00:00-03:00,0.793,0.779,0.179,9.159
2023-10-29 16:00:00-03:00,0.748,0.732,0.162,9.034
2023-10-29 17:00:00-03:00,0.686,0.664,0.14,8.559
2023-10-29 18:00:00-03:00,0.465,0.402,0.12,7.57
2023-10-29 19:00:00-03:00,0.193,0.147,0.07200000000000001,6.248
2023-10-29 20:00:00-03:00,0.038,0.038,0.016,4.713
2023-10-29 21:00:00-03:00,0.0,0.0,0.0,3.532
2023-10-29 22:00:00-03:00,0.0,0.0,0.0,2.716
2023-10-29 23:00:00-03:00,0.0,0.0,0.0,1.9020000000000001
2023-10-30 00:00:00-03:00,0.0,0.0,0.0,1.244
2023-10-30 01:00:00-03:00,0.0,0.0,0.0,0.714
2023-10-30 02:00:00-03:00,0.0,0.0,0.0,0.24
2023-10-30 03:00:00-03:00,0.0,0.0,0.0,-0.22
2023-10-30 04:00:00-03:00,0.0,0.0,0.0,-0.5730000000000001
2023-10-30 05:00:00-03:00,0.0,0.0,0.0,-1.516
2023-10-30 06:00:00-03:00,0.019,0.027,0.005,-2.19
2023-10-30 07:00:00-03:00,0.246,0.218,0.048,-0.485
2023-10-30 08:00:00-03:00,0.47100000000000003,0.426,0.08700000000000001,1.294
2023-10-30 09:00:00-03:00,0.47900000000000004,0.396,0.128,2.459
2023-10-30 10:00:00-03:00,0.581,0.492,0.157,3.441
2023-10-30 11:00:00-03:00,0.651,0.5640000000000001,0.177,4.526
2023-10-30 12:00:00-03:00,0.7020000000000001,0.624,0.189,5.57
2023-10-30 13:00:00-03:00,0.751,0.7010000000000001,0.184,6.5969999999999995
2023-10-30 14:00:00-03:00,0.871,0.895,0.171,7.708
2023-10-30 15:00:00-03:00,0.854,0.888,0.156,8.269
2023-10-30 16:00:00-03:00,0.896,0.979,0.133,8.531
2023-10-30 17:00:00-03:00,0.8260000000000001,0.891,0.112,8.234
2023-10-30 18:00:00-03:00,0.6980000000000001,0.722,0.093,7.396
2023-10-30 19:00:00-03:00,0.41000000000000003,0.386,0.069,6.149
2023-10-30 20:00:00-03:00,0.091,0.092,0.019,4.37
2023-10-30 21:00:00-03:00,0.0,0.0,0.0,2.206
2023-10-30 22:00:00-03:00,0.0,0.0,0.0,1.593
2023-10-30 23:00:00-03:00,0.0,0.0,0.0,0.791
2023-10-31 00:00:00-03:00,0.0,0.0,0.0,0.109
2023-10-31 01:00:00-03:00,0.0,0.0,0.0,-0.482
2023-10-31 02:00:00-03:00,0.0,0.0,0.0,-0.679
2023-10-31 03:00:00-03:00,0.0,0.0,0.0,-0.867
2023-10-31 04:00:00-03:00,0.0,0.0,0.0,-0.9500000000000001
2023-10-31 05:00:00-03:00,0.0,0.0,0.0,-1.133
2023-10-31 06:00:00-03:00,0.025,0.033,0.006,-2.01
2023-10-31 07:00:00-03:00,0.23500000000000001,0.20700000000000002,0.049,0.383
2023-10-31 08:00:00-03:00,0.458,0.41600000000000004,0.085,2.556
2023-10-31 09:00:00-03:00,0.684,0.679,0.105,4.259
2023-10-31 10:00:00-03:00,0.778,0.792,0.126,5.624
2023-10-31 11:00:00-03:00,0.863,0.907,0.14300000000000002,7.053
2023-10-31 12:00:00-03:00,0.9,0.964,0.157,8.401
2023-10-31 13:00:00-03:00,0.9,0.981,0.151,9.567
2023-10-31 14:00:00-03:00,0.9,0.987,0.16,10.495
2023-10-31 15:00:00-03:00,0.897,0.983,0.148,11.022
2023-10-31 16:00:00-03:00,0.875,0.965,0.131,11.109
2023-10-31 17:00:00-03:00,0.747,0.781,0.11900000000000001,10.687
2023-10-31 18:00:00-03:00,0.548,0.526,0.10300000000000001,9.807
2023-10-31 19:00:00-03:00,0.483,0.47800000000000004,0.068,8.621
2023-10-31 20:00:00-03:00,0.122,0.124,0.02,6.756
2023-10-31 21:00:00-03:00,0.0,0.0,0.0,4.735
2023-10-31 22:00:00-03:00,0.0,0.0,0.0,3.469
2023-10-31 23:00:00-03:00,0.0,0.0,0.0,2.329
2023-11-01 00:00:00-03:00,0.0,0.0,0.0,1.426
2023-11-01 01:00:00-03:00,0.0,0.0,0.0,0.558
2023-11-01 02:00:00-03:00,0.0,0.0,0.0,-0.228
2023-11-01 03:00:00-03:00,0.0,0.0,0.0,-0.88
2023-11-01 04:00:00-03:00,0.0,0.0,0.0,-1.081
2023-11-01 05:00:00-03:00,0.0,0.0,0.0,-0.967
2023-11-01 06:00:00-03:00,0.037,0.045,0.007,-0.722
2023-11-01 07:00:00-03:00,0.318,0.297,0.047,1.248
2023-11-01 08:00:00-03:00,0.594,0.592,0.073,3.5620000000000003
2023-11-01 09:00:00-03:00,0.773,0.8160000000000001,0.094,5.626
2023-11-01 10:00:00-03:00,0.841,0.903,0.11800000000000001,7.5969999999999995
2023-11-01 11:00:00-03:00,0.881,0.9570000000000001,0.138,9.616
2023-11-01 12:00:00-03:00,0.9,0.988,0.153,11.403
2023-11-01 13:00:00-03:00,0.887,1.005,0.122,12.703
2023-11-01 14:00:00-03:00,0.9,1.012,0.156,13.526
2023-11-01 15:00:00-03:00,0.899,1.011,0.145,13.943
2023-11-01 16:00:00-03:00,0.881,0.998,0.127,13.805
2023-11-01 17:00:00-03:00,0.845,0.9560000000000001,0.106,13.103
2023-11-01 18:00:00-03:00,0.72,0.779,0.088,11.911
2023-11-01 19:00:00-03:00,0.393,0.375,0.07,10.253
2023-11-01 20:00:00-03:00,0.095,0.096,0.02,8.265
2023-11-01 21:00:00-03:00,0.0,0.0,0.0,6.6370000000000005
2023-11-01 22:00:00-03:00,0.0,0.0,0.0,5.72
2023-11-01 23:00:00-03:00,0.0,0.0,0.0,5.055
2023-11-02 00:00:00-03:00,0.0,0.0,0.0,4.539
2023-11-02 01:00:00-03:00,0.0,0.0,0.0,4.098
2023-11-02 02:00:00-03:00,0.0,0.0,0.0,3.781
2023-11-02 03:00:00-03:00,0.0,0.0,0.0,3.698
2023-11-02 04:00:00-03:00,0.0,0.0,0.0,3.761
2023-11-02 05:00:00-03:00,0.0,0.0,0.0,3.724
2023-11-02 06:00:00-03:00,0.001,0.004,0.004,3.698
2023-11-02 07:00:00-03:00,0.053,0.028,0.042,4.106
2023-11-02 08:00:00-03:00,0.23900000000000002,0.161,0.105,5.322
2023-11-02 09:00:00-03:00,0.601,0.562,0.126,7.642
2023-11-02 10:00:00-03:00,0.768,0.791,0.137,10.097
2023-11-02 11:00:00-03:00,0.811,0.842,0.157,11.497
2023-11-02 12:00:00-03:00,0.804,0.8170000000000001,0.176,12.157
2023-11-02 13:00:00-03:00,0.766,0.771,0.167,12.367
2023-11-02 14:00:00-03:00,0.808,0.8160000000000001,0.185,12.702
2023-11-02 15:00:00-03:00,0.725,0.687,0.191,12.559
2023-11-02 16:00:00-03:00,0.46,0.322,0.20400000000000001,11.57
2023-11-02 17:00:00-03:00,0.269,0.137,0.167,10.602
2023-11-02 18:00:00-03:00,0.162,0.075,0.114,9.549
2023-11-02 19:00:00-03:00,0.097,0.054,0.065,8.347
2023-11-02 20:00:00-03:00,0.04,0.037,0.02,7.149
2023-11-02 21:00:00-03:00,0.0,0.0,0.0,6.032
2023-11-02 22:00:00-03:00,0.0,0.0,0.0,5.39
2023-11-02 23:00:00-03:00,0.0,0.0,0.0,4.981
2023-11-03 00:00:00-03:00,0.0,0.0,0.0,4.599
2023-11-03 01:00:00-03:00,0.0,0.0,0.0,4.25
2023-11-03 02:00:00-03:00,0.0,0.0,0.0,3.791
2023-11-03 03:00:00-03:00,0.0,0.0,0.0,3.233
2023-11-03 04:00:00-03:00,0.0,0.0,0.0,2.7439999999999998
2023-11-03 05:00:00-03:00,0.0,0.0,0.0,2.423
2023-11-03 06:00:00-03:00,0.008,0.012,0.006,2.297
2023-11-03 07:00:00-03:00,0.183,0.148,0.057,2.9859999999999998
2023-11-03 08:00:00-03:00,0.501,0.464,0.092,4.564
2023-11-03 09:00:00-03:00,0.606,0.5650000000000001,0.124,6.177
2023-11-03 10:00:00-03:00,0.5760000000000001,0.492,0.164,7.429
2023-11-03 11:00:00-03:00,0.721,0.678,0.17500000000000002,8.834
2023-11-03 12:00:00-03:00,0.717,0.662,0.193,10.084
2023-11-03 13:00:00-03:00,0.705,0.644,0.197,11.026
2023-11-03 14:00:00-03:00,0.675,0.592,0.211,11.537
2023-11-03 15:00:00-03:00,0.615,0.515,0.209,11.836
2023-11-03 16:00:00-03:00,0.527,0.41500000000000004,0.195,12.018
2023-11-03 17:00:00-03:00,0.46900000000000003,0.373,0.166,12.063
2023-11-03 18:00:00-03:00,0.426,0.361,0.125,11.696
2023-11-03 19:00:00-03:00,0.337,0.301,0.08,10.771
2023-11-03 20:00:00-03:00,0.188,0.188,0.027,8.214
2023-11-03 21:00:00-03:00,0.0,0.0,0.0,7.819
2023-11-03 22:00:00-03:00,0.0,0.0,0.0,6.231
2023-11-03 23:00:00-03:00,0.0,0.0,0.0,5.336
2023-11-04 00:00:00-03:00,0.0,0.0,0.0,5.315
2023-11-04 01:00:00-03:00,0.0,0.0,0.0,4.802
2023-11-04 02:00:00-03:00,0.0,0.0,0.0,4.522
2023-11-04 03:00:00-03:00,0.0,0.0,0.0,4.454
2023-11-04 04:00:00-03:00,0.0,0.0,0.0,4.427
2023-11-04 05:00:00-03:00,0.0,0.0,0.0,4.476
2023-11-04 06:00:00-03:00,0.002,0.005,0.005,4.311
2023-11-04 07:00:00-03:00,0.068,0.037,0.05,5.349
2023-11-04 08:00:00-03:00,0.158,0.081,0.101,6.727
2023-11-04 09:00:00-03:00,0.427,0.328,0.153,9.221
2023-11-04 10:00:00-03:00,0.578,0.498,0.17300000000000001,10.965
2023-11-04 11:00:00-03:00,0.637,0.556,0.195,11.543
2023-11-04 12:00:00-03:00,0.644,0.544,0.217,11.526
2023-11-04 13:00:00-03:00,0.628,0.48,0.259,11.44
2023-11-04 14:00:00-03:00,0.523,0.354,0.249,11.389
2023-11-04 15:00:00-03:00,0.44,0.261,0.23900000000000002,11.078
2023-11-04 16:00:00-03:00,0.40900000000000003,0.25,0.214,10.656
2023-11-04 17:00:00-03:00,0.395,0.269,0.177,10.33
2023-11-04 18:00:00-03:00,0.395,0.315,0.131,9.857
2023-11-04 19:00:00-03:00,0.436,0.41000000000000003,0.081,9.071
2023-11-04 20:00:00-03:00,0.253,0.253,0.03,7.645
2023-11-04 21:00:00-03:00,0.0,0.0,0.0,5.859
2023-11-04 22:00:00-03:00,0.0,0.0,0.0,4.87
2023-11-04 23:00:00-03:00,0.0,0.0,0.0,4.111
2023-11-05 00:00:00-03:00,0.0,0.0,0.0,3.559
2023-11-05 01:00:00-03:00,0.0,0.0,0.0,3.198
2023-11-05 02:00:00-03:00,0.0,0.0,0.0,2.876
2023-11-05 03:00:00-03:00,0.0,0.0,0.0,2.576
2023-11-05 04:00:00-03:00,0.0,0.0,0.0,2.277
2023-11-05 05:00:00-03:00,0.0,0.0,0.0,2.036
2023-11-05 06:00:00-03:00,0.062,0.069,0.011,2.159
2023-11-05 07:00:00-03:00,0.297,0.272,0.054,3.974
2023-11-05 08:00:00-03:00,0.552,0.542,0.083,6.492
2023-11-05 09:00:00-03:00,0.732,0.769,0.101,9.005
2023-11-05 10:00:00-03:00,0.81,0.872,0.123,11.031
2023-11-05 11:00:00-03:00,0.845,0.918,0.14200000000000002,12.666
2023-11-05 12:00:00-03:00,0.857,0.933,0.152,13.776
2023-11-05 13:00:00-03:00,0.8200000000000001,0.935,0.098,14.576
2023-11-05 14:00:00-03:00,0.856,0.933,0.16,14.901
2023-11-05 15:00:00-03:00,0.833,0.9,0.155,14.825
2023-11-05 16:00:00-03:00,0.801,0.862,0.14,14.526
2023-11-05 17:00:00-03:00,0.765,0.8260000000000001,0.11900000000000001,13.942
2023-11-05 18:00:00-03:00,0.686,0.728,0.097,13.0
2023-11-05 19:00:00-03:00,0.467,0.462,0.074,11.685
2023-11-05 20:00:00-03:00,0.23,0.233,0.028,9.892
2023-11-05 21:00:00-03:00,0.0,0.0,0.0,7.667
2023-11-05 22:00:00-03:00,0.0,0.0,0.0,6.461
2023-11-05 23:00:00-03:00,0.0,0.0,0.0,5.9510000000000005
2023-11-06 00:00:00-03:00,0.0,0.0,0.0,5.237
2023-11-06 01:00:00-03:00,0.0,0.0,0.0,4.35
2023-11-06 02:00:00-03:00,0.0,0.0,0.0,3.659
2023-11-06 03:00:00-03:00,0.0,0.0,0.0,3.283
2023-11-06 04:00:00-03:00,0.0,0.0,0.0,3.082
2023-11-06 05:00:00-03:00,0.0,0.0,0.0,2.825
2023-11-06 06:00:00-03:00,0.03,0.035,0.011,2.702
2023-11-06 07:00:00-03:00,0.245,0.211,0.06,3.891
2023-11-06 08:00:00-03:00,0.532,0.51,0.09,6.66
2023-11-06 09:00:00-03:00,0.683,0.6910000000000001,0.113,9.392
2023-11-06 10:00:00-03:00,0.718,0.718,0.14300000000000002,11.186
2023-11-06 11:00:00-03:00,0.642,0.577,0.184,12.416
2023-11-06 12:00:00-03:00,0.624,0.529,0.213,13.318
2023-11-06 13:00:00-03:00,0.605,0.463,0.255,13.877
2023-11-06 14:00:00-03:00,0.562,0.428,0.234,14.171
2023-11-06 15:00:00-03:00,0.587,0.482,0.214,14.308
2023-11-06 16:00:00-03:00,0.587,0.508,0.186,14.155
2023-11-06 17:00:00-03:00,0.631,0.607,0.146,13.821
2023-11-06 18:00:00-03:00,0.633,0.645,0.108,13.035
2023-11-06 19:00:00-03:00,0.555,0.5710000000000001,0.074,11.713
2023-11-06 20:00:00-03:00,0.295,0.301,0.031,9.754
2023-11-06 21:00:00-03:00,0.0,0.0,0.0,7.648
2023-11-06 22:00:00-03:00,0.0,0.0,0.0,6.601
2023-11-06 23:00:00-03:00,0.0,0.0,0.0,6.062
2023-11-07 00:00:00-03:00,0.0,0.0,0.0,5.623
2023-11-07 01:00:00-03:00,0.0,0.0,0.0,5.342
2023-11-07 02:00:00-03:00,0.0,0.0,0.0,5.002
2023-11-07 03:00:00-03:00,0.0,0.0,0.0,4.517
2023-11-07 04:00:00-03:00,0.0,0.0,0.0,3.782
2023-11-07 05:00:00-03:00,0.0,0.0,0.0,3.803
2023-11-07 06:00:00-03:00,0.005,0.006,0.008,4.082
2023-11-07 07:00:00-03:00,0.054,0.021,0.051000000000000004,5.01
2023-11-07 08:00:00-03:00,0.22,0.117,0.129,6.686
2023-11-07 09:00:00-03:00,0.297,0.147,0.185,8.455
2023-11-07 10:00:00-03:00,0.367,0.178,0.23500000000000001,9.829
2023-11-07 11:00:00-03:00,0.45,0.23700000000000002,0.275,10.819
2023-11-07 12:00:00-03:00,0.396,0.149,0.30000000000000004,11.131
2023-11-07 13:00:00-03:00,0.453,0.122,0.395,11.264
2023-11-07 14:00:00-03:00,0.417,0.166,0.308,11.32
2023-11-07 15:00:00-03:00,0.321,0.097,0.266,10.756
2023-11-07 16:00:00-03:00,0.274,0.081,0.228,10.26
2023-11-07 17:00:00-03:00,0.371,0.20600000000000002,0.213,10.283
2023-11-07 18:00:00-03:00,0.37,0.255,0.162,9.811
2023-11-07 19:00:00-03:00,0.30000000000000004,0.234,0.10300000000000001,8.652
2023-11-07 20:00:00-03:00,0.108,0.095,0.035,7.047
2023-11-07 21:00:00-03:00,0.0,0.0,0.0,5.375
2023-11-07 22:00:00-03:00,0.0,0.0,0.0,4.45
2023-11-07 23:00:00-03:00,0.0,0.0,0.0,3.662
2023-11-08 00:00:00-03:00,0.0,0.0,0.0,2.795
2023-11-08 01:00:00-03:00,0.0,0.0,0.0,1.982
2023-11-08 02:00:00-03:00,0.0,0.0,0.0,0.97
2023-11-08 03:00:00-03:00,0.0,0.0,0.0,-0.10400000000000001
2023-11-08 04:00:00-03:00,0.0,0.0,0.0,-0.855
2023-11-08 05:00:00-03:00,0.0,0.0,0.0,-1.623
2023-11-08 06:00:00-03:00,0.07100000000000001,0.07100000000000001,0.016,-1.6139999999999999
2023-11-08 07:00:00-03:00,0.37,0.33,0.069,0.529
2023-11-08 08:00:00-03:00,0.558,0.508,0.111,2.719
2023-11-08 09:00:00-03:00,0.605,0.525,0.158,4.609
2023-11-08 10:00:00-03:00,0.64,0.536,0.2,6.573
2023-11-08 11:00:00-03:00,0.641,0.505,0.23800000000000002,8.209
2023-11-08 12:00:00-03:00,0.552,0.34600000000000003,0.28700000000000003,9.249
2023-11-08 13:00:00-03:00,0.442,0.124,0.375,9.127
2023-11-08 14:00:00-03:00,0.4,0.157,0.293,9.551
2023-11-08 15:00:00-03:00,0.509,0.308,0.274,10.353
2023-11-08 16:00:00-03:00,0.515,0.34900000000000003,0.242,10.454
2023-11-08 17:00:00-03:00,0.519,0.395,0.198,9.978
2023-11-08 18:00:00-03:00,0.532,0.462,0.147,9.51
2023-11-08 19:00:00-03:00,0.524,0.503,0.093,8.829
2023-11-08 20:00:00-03:00,0.34900000000000003,0.34800000000000003,0.041,7.324
2023-11-08 21:00:00-03:00,0.0,0.0,0.001,5.263
2023-11-08 22:00:00-03:00,0.0,0.0,0.0,3.805
2023-11-08 23:00:00-03:00,0.0,0.0,0.0,2.437
2023-11-09 00:00:00-03:00,0.0,0.0,0.0,1.479
2023-11-09 01:00:00-03:00,0.0,0.0,0.0,0.529
2023-11-09 02:00:00-03:00,0.0,0.0,0.0,-0.262
2023-11-09 03:00:00-03:00,0.0,0.0,0.0,-0.71
2023-11-09 04:00:00-03:00,0.0,0.0,0.0,-0.966
2023-11-09 05:00:00-03:00,0.0,0.0,0.0,-1.032
2023-11-09 06:00:00-03:00,0.03,0.029,0.015,-0.446
2023-11-09 07:00:00-03:00,0.159,0.108,0.07,1.225
2023-11-09 08:00:00-03:00,0.203,0.105,0.122,3.5
2023-11-09 09:00:00-03:00,0.198,0.067,0.156,5.039
2023-11-09 10:00:00-03:00,0.268,0.093,0.20600000000000002,6.631
2023-11-09 11:00:00-03:00,0.616,0.47400000000000003,0.24,9.094
2023-11-09 12:00:00-03:00,0.811,0.784,0.213,11.281
2023-11-09 13:00:00-03:00,0.8140000000000001,0.8230000000000001,0.188,12.797
2023-11-09 14:00:00-03:00,0.8210000000000001,0.81,0.219,13.776
2023-11-09 15:00:00-03:00,0.808,0.803,0.21,14.27
2023-11-09 16:00:00-03:00,0.805,0.8220000000000001,0.185,14.205
2023-11-09 17:00:00-03:00,0.781,0.812,0.155,13.684
2023-11-09 18:00:00-03:00,0.716,0.742,0.124,12.668
2023-11-09 19:00:00-03:00,0.592,0.602,0.088,11.066
2023-11-09 20:00:00-03:00,0.359,0.36,0.042,8.988
2023-11-09 21:00:00-03:00,0.0,0.0,0.001,6.366
2023-11-09 22:00:00-03:00,0.0,0.0,0.0,5.058
2023-11-09 23:00:00-03:00,0.0,0.0,0.0,3.871
2023-11-10 00:00:00-03:00,0.0,0.0,0.0,2.975
2023-11-10 01:00:00-03:00,0.0,0.0,0.0,2.659
2023-11-10 02:00:00-03:00,0.0,0.0,0.0,2.625
2023-11-10 03:00:00-03:00,0.0,0.0,0.0,2.433
2023-11-10 04:00:00-03:00,0.0,0.0,0.0,2.118
2023-11-10 05:00:00-03:00,0.0,0.0,0.0,1.823
2023-11-10 06:00:00-03:00,0.067,0.064,0.021,2.203
2023-11-10 07:00:00-03:00,0.177,0.11800000000000001,0.082,4.542
2023-11-10 08:00:00-03:00,0.154,0.054,0.124,6.733
2023-11-10 09:00:00-03:00,0.222,0.07100000000000001,0.181,9.648
2023-11-10 10:00:00-03:00,0.28600000000000003,0.092,0.234,11.928
2023-11-10 11:00:00-03:00,0.365,0.133,0.28500000000000003,13.632
2023-11-10 12:00:00-03:00,0.418,0.158,0.327,14.934
2023-11-10 13:00:00-03:00,0.491,0.147,0.429,15.552
2023-11-10 14:00:00-03:00,0.245,0.034,0.25,15.083
2023-11-10 15:00:00-03:00,0.17400000000000002,0.018000000000000002,0.188,14.542
2023-11-10 16:00:00-03:00,0.138,0.014,0.152,13.983
2023-11-10 17:00:00-03:00,0.101,0.011,0.115,13.461
2023-11-10 18:00:00-03:00,0.053,0.006,0.067,12.568
2023-11-10 19:00:00-03:00,0.021,0.003,0.032,11.228
2023-11-10 20:00:00-03:00,0.004,0.002,0.01,9.793
2023-11-10 21:00:00-03:00,0.0,0.0,0.0,8.53
2023-11-10 22:00:00-03:00,0.0,0.0,0.0,7.625
2023-11-10 23:00:00-03:00,0.0,0.0,0.0,6.768
2023-11-11 00:00:00-03:00,0.0,0.0,0.0,5.917
2023-11-11 01:00:00-03:00,0.0,0.0,0.0,5.194
2023-11-11 02:00:00-03:00,0.0,0.0,0.0,4.663
2023-11-11 03:00:00-03:00,0.0,0.0,0.0,4.265
2023-11-11 04:00:00-03:00,0.0,0.0,0.0,3.938
2023-11-11 05:00:00-03:00,0.0,0.0,0.0,3.646
2023-11-11 06:00:00-03:00,0.004,0.003,0.009000000000000001,3.419
2023-11-11 07:00:00-03:00,0.045,0.013000000000000001,0.049,3.59
2023-11-11 08:00:00-03:00,0.137,0.043000000000000003,0.116,4.258
2023-11-11 09:00:00-03:00,0.217,0.067,0.176,5.337
2023-11-11 10:00:00-03:00,0.272,0.078,0.224,6.468
2023-11-11 11:00:00-03:00,0.319,0.089,0.266,7.417
2023-11-11 12:00:00-03:00,0.373,0.107,0.31,8.158
2023-11-11 13:00:00-03:00,0.389,0.06,0.375,8.384
2023-11-11 14:00:00-03:00,0.28400000000000003,0.049,0.27,8.449
2023-11-11 15:00:00-03:00,0.291,0.065,0.261,8.723
2023-11-11 16:00:00-03:00,0.327,0.112,0.254,9.077
2023-11-11 17:00:00-03:00,0.417,0.244,0.226,9.314
2023-11-11 18:00:00-03:00,0.452,0.339,0.17,8.874
2023-11-11 19:00:00-03:00,0.34900000000000003,0.276,0.112,7.712
2023-11-11 20:00:00-03:00,0.10300000000000001,0.082,0.042,6.053
2023-11-11 21:00:00-03:00,0.0,0.004,0.001,4.003
2023-11-11 22:00:00-03:00,0.0,0.0,0.0,2.65
2023-11-11 23:00:00-03:00,0.0,0.0,0.0,1.557
2023-11-12 00:00:00-03:00,0.0,0.0,0.0,0.768
2023-11-12 01:00:00-03:00,0.0,0.0,0.0,0.277
2023-11-12 02:00:00-03:00,0.0,0.0,0.0,-0.152
2023-11-12 03:00:00-03:00,0.0,0.0,0.0,-0.577
2023-11-12 04:00:00-03:00,0.0,0.0,0.0,-1.1440000000000001
2023-11-12 05:00:00-03:00,0.0,0.0,0.0,-1.746
2023-11-12 06:00:00-03:00,0.081,0.076,0.021,-1.395
2023-11-12 07:00:00-03:00,0.353,0.306,0.075,0.774
2023-11-12 08:00:00-03:00,0.534,0.47400000000000003,0.11800000000000001,3.098
2023-11-12 09:00:00-03:00,0.5730000000000001,0.48,0.166,5.304
2023-11-12 10:00:00-03:00,0.652,0.556,0.199,7.569
2023-11-12 11:00:00-03:00,0.75,0.6890000000000001,0.211,9.779
2023-11-12 12:00:00-03:00,0.713,0.607,0.248,11.317
2023-11-12 13:00:00-03:00,0.6880000000000001,0.525,0.299,12.244
2023-11-12 14:00:00-03:00,0.683,0.553,0.267,12.839
2023-11-12 15:00:00-03:00,0.6940000000000001,0.594,0.243,13.122
2023-11-12 16:00:00-03:00,0.6910000000000001,0.619,0.214,13.113
2023-11-12 17:00:00-03:00,0.67,0.624,0.179,12.768
2023-11-12 18:00:00-03:00,0.581,0.535,0.14400000000000002,12.066
2023-11-12 19:00:00-03:00,0.252,0.184,0.10300000000000001,10.724
2023-11-12 20:00:00-03:00,0.053,0.039,0.032,9.13
2023-11-12 21:00:00-03:00,0.0,0.002,0.001,7.696
2023-11-12 22:00:00-03:00,0.0,0.0,0.0,6.812
2023-11-12 23:00:00-03:00,0.0,0.0,0.0,6.03
2023-11-13 00:00:00-03:00,0.0,0.0,0.0,5.513
2023-11-13 01:00:00-03:00,0.0,0.0,0.0,5.378
2023-11-13 02:00:00-03:00,0.0,0.0,0.0,5.373
2023-11-13 03:00:00-03:00,0.0,0.0,0.0,5.331
2023-11-13 04:00:00-03:00,0.0,0.0,0.0,5.109
2023-11-13 05:00:00-03:00,0.0,0.0,0.0,4.661
2023-11-13 06:00:00-03:00,0.006,0.005,0.012,4.474
2023-11-13 07:00:00-03:00,0.033,0.007,0.041,4.745
2023-11-13 08:00:00-03:00,0.058,0.008,0.069,5.041
2023-11-13 09:00:00-03:00,0.11800000000000001,0.016,0.123,5.511
2023-11-13 10:00:00-03:00,0.20400000000000001,0.036000000000000004,0.194,6.091
2023-11-13 11:00:00-03:00,0.301,0.07100000000000001,0.263,6.58
2023-11-13 12:00:00-03:00,0.35100000000000003,0.081,0.308,6.74
2023-11-13 13:00:00-03:00,0.442,0.084,0.40800000000000003,6.981
2023-11-13 14:00:00-03:00,0.394,0.112,0.326,7.284
2023-11-13 15:00:00-03:00,0.387,0.129,0.301,7.129
2023-11-13 16:00:00-03:00,0.354,0.126,0.266,6.589
2023-11-13 17:00:00-03:00,0.334,0.14400000000000002,0.225,6.034
2023-11-13 18:00:00-03:00,0.259,0.11900000000000001,0.168,5.347
2023-11-13 19:00:00-03:00,0.191,0.106,0.108,4.571
2023-11-13 20:00:00-03:00,0.073,0.05,0.041,3.469
2023-11-13 21:00:00-03:00,0.0,0.003,0.002,2.079
2023-11-13 22:00:00-03:00,0.0,0.0,0.0,1.162
2023-11-13 23:00:00-03:00,0.0,0.0,0.0,0.783
2023-11-14 00:00:00-03:00,0.0,0.0,0.0,0.662
2023-11-14 01:00:00-03:00,0.0,0.0,0.0,0.542
2023-11-14 02:00:00-03:00,0.0,0.0,0.0,0.394
2023-11-14 03:00:00-03:00,0.0,0.0,0.0,0.217
2023-11-14 04:00:00-03:00,0.0,0.0,0.0,-0.029
2023-11-14 05:00:00-03:00,0.0,0.0,0.0,-0.379
2023-11-14 06:00:00-03:00,0.028,0.021,0.021,-0.23700000000000002
2023-11-14 07:00:00-03:00,0.156,0.09,0.085,1.094
2023-11-14 08:00:00-03:00,0.241,0.12,0.146,3.31
2023-11-14 09:00:00-03:00,0.337,0.165,0.20600000000000002,5.067
2023-11-14 10:00:00-03:00,0.314,0.10400000000000001,0.243,5.806
2023-11-14 11:00:00-03:00,0.352,0.106,0.28300000000000003,6.354
2023-11-14 12:00:00-03:00,0.37,0.093,0.318,6.643
2023-11-14 13:00:00-03:00,0.48,0.113,0.425,6.909
2023-11-14 14:00:00-03:00,0.386,0.10300000000000001,0.326,6.96
2023-11-14 15:00:00-03:00,0.323,0.078,0.28,6.644
2023-11-14 16:00:00-03:00,0.249,0.051000000000000004,0.226,6.186
2023-11-14 17:00:00-03:00,0.222,0.055,0.193,5.839
2023-11-14 18:00:00-03:00,0.128,0.027,0.122,5.042
2023-11-14 19:00:00-03:00,0.063,0.015,0.066,4.074
2023-11-14 20:00:00-03:00,0.017,0.008,0.022,3.186
2023-11-14 21:00:00-03:00,0.0,0.001,0.001,2.377
2023-11-14 22:00:00-03:00,0.0,0.0,0.0,1.883
2023-11-14 23:00:00-03:00,0.0,0.0,0.0,1.476
2023-11-15 00:00:00-03:00,0.0,0.0,0.0,1.192
2023-11-15 01:00:00-03:00,0.0,0.0,0.0,0.935
2023-11-15 02:00:00-03:00,0.0,0.0,0.0,0.59
2023-11-15 03:00:00-03:00,0.0,0.0,0.0,0.389
2023-11-15 04:00:00-03:00,0.0,0.0,0.0,0.324
2023-11-15 05:00:00-03:00,0.0,0.0,0.0,0.367
2023-11-15 06:00:00-03:00,0.029,0.022,0.021,0.47500000000000003
2023-11-15 07:00:00-03:00,0.171,0.107,0.084,1.522
2023-11-15 08:00:00-03:00,0.309,0.191,0.145,2.898
2023-11-15 09:00:00-03:00,0.371,0.20600000000000002,0.2,3.904
2023-11-15 10:00:00-03:00,0.555,0.386,0.23700000000000002,5.113
2023-11-15 11:00:00-03:00,0.582,0.382,0.277,6.064
2023-11-15 12:00:00-03:00,0.552,0.30000000000000004,0.324,6.507
2023-11-15 13:00:00-03:00,0.5750000000000001,0.241,0.41300000000000003,6.823
2023-11-15 14:00:00-03:00,0.5730000000000001,0.326,0.327,7.456
2023-11-15 15:00:00-03:00,0.5740000000000001,0.36,0.296,7.997
2023-11-15 16:00:00-03:00,0.494,0.289,0.268,7.968
2023-11-15 17:00:00-03:00,0.44,0.267,0.225,7.5440000000000005
2023-11-15 18:00:00-03:00,0.34800000000000003,0.213,0.17300000000000001,6.789
2023-11-15 19:00:00-03:00,0.20800000000000002,0.124,0.109,5.695
2023-11-15 20:00:00-03:00,0.039,0.023,0.032,4.456
2023-11-15 21:00:00-03:00,0.0,0.001,0.002,3.323
2023-11-15 22:00:00-03:00,0.0,0.0,0.0,2.582
2023-11-15 23:00:00-03:00,0.0,0.0,0.0,2.061
2023-11-16 00:00:00-03:00,0.0,0.0,0.0,1.258
2023-11-16 01:00:00-03:00,0.0,0.0,0.0,0.737
2023-11-16 02:00:00-03:00,0.0,0.0,0.0,0.30000000000000004
2023-11-16 03:00:00-03:00,0.0,0.0,0.0,-0.07100000000000001
2023-11-16 04:00:00-03:00,0.0,0.0,0.0,-0.32
2023-11-16 05:00:00-03:00,0.0,0.0,0.0,-0.448
2023-11-16 06:00:00-03:00,0.023,0.015,0.021,-0.133
2023-11-16 07:00:00-03:00,0.106,0.046,0.079,1.228
2023-11-16 08:00:00-03:00,0.179,0.063,0.138,3.003
2023-11-16 09:00:00-03:00,0.24,0.073,0.193,5.093
2023-11-16 10:00:00-03:00,0.271,0.068,0.234,7.208
2023-11-16 11:00:00-03:00,0.28300000000000003,0.056,0.262,8.687
2023-11-16 12:00:00-03:00,0.303,0.049,0.292,9.435
2023-11-16 13:00:00-03:00,0.43,0.074,0.41300000000000003,10.111
2023-11-16 14:00:00-03:00,0.307,0.05,0.296,10.23
2023-11-16 15:00:00-03:00,0.213,0.024,0.219,9.791
2023-11-16 16:00:00-03:00,0.166,0.018000000000000002,0.17500000000000002,9.424
2023-11-16 17:00:00-03:00,0.139,0.018000000000000002,0.146,9.225
2023-11-16 18:00:00-03:00,0.11900000000000001,0.022,0.12,9.106
2023-11-16 19:00:00-03:00,0.108,0.038,0.093,8.886
2023-11-16 20:00:00-03:00,0.073,0.047,0.045,7.765
2023-11-16 21:00:00-03:00,0.002,0.006,0.003,5.537
2023-11-16 22:00:00-03:00,0.0,0.0,0.0,4.493
2023-11-16 23:00:00-03:00,0.0,0.0,0.0,3.818
2023-11-17 00:00:00-03:00,0.0,0.0,0.0,2.872
2023-11-17 01:00:00-03:00,0.0,0.0,0.0,2.177
2023-11-17 02:00:00-03:00,0.0,0.0,0.0,1.76
2023-11-17 03:00:00-03:00,0.0,0.0,0.0,1.167
2023-11-17 04:00:00-03:00,0.0,0.0,0.0,0.672
2023-11-17 05:00:00-03:00,0.0,0.0,0.0,0.332
2023-11-17 06:00:00-03:00,0.053,0.042,0.027,1.26
2023-11-17 07:00:00-03:00,0.266,0.201,0.092,3.836
2023-11-17 08:00:00-03:00,0.428,0.329,0.146,6.085
2023-11-17 09:00:00-03:00,0.507,0.374,0.198,7.621
2023-11-17 10:00:00-03:00,0.485,0.294,0.254,8.489
2023-11-17 11:00:00-03:00,0.487,0.255,0.298,9.496
2023-11-17 12:00:00-03:00,0.47000000000000003,0.194,0.341,10.076
2023-11-17 13:00:00-03:00,0.47800000000000004,0.122,0.422,10.166
2023-11-17 14:00:00-03:00,0.358,0.08600000000000001,0.317,10.104
2023-11-17 15:00:00-03:00,0.289,0.06,0.265,9.954
2023-11-17 16:00:00-03:00,0.252,0.056,0.23,9.842
2023-11-17 17:00:00-03:00,0.211,0.052000000000000005,0.189,9.685
2023-11-17 18:00:00-03:00,0.159,0.045,0.14,9.283
2023-11-17 19:00:00-03:00,0.101,0.036000000000000004,0.088,8.729
2023-11-17 20:00:00-03:00,0.051000000000000004,0.03,0.039,7.799
2023-11-17 21:00:00-03:00,0.001,0.004,0.003,6.362
2023-11-17 22:00:00-03:00,0.0,0.0,0.0,5.486
2023-11-17 23:00:00-03:00,0.0,0.0,0.0,4.809
2023-11-18 00:00:00-03:00,0.0,0.0,0.0,4.008
2023-11-18 01:00:00-03:00,0.0,0.0,0.0,3.205
2023-11-18 02:00:00-03:00,0.0,0.0,0.0,2.559
2023-11-18 03:00:00-03:00,0.0,0.0,0.0,2.053
2023-11-18 04:00:00-03:00,0.0,0.0,0.0,1.666
2023-11-18 05:00:00-03:00,0.0,0.0,0.0,1.3679999999999999
2023-11-18 06:00:00-03:00,0.04,0.031,0.025,1.408
2023-11-18 07:00:00-03:00,0.20500000000000002,0.139,0.088,2.453
2023-11-18 08:00:00-03:00,0.383,0.274,0.145,3.878
2023-11-18 09:00:00-03:00,0.429,0.275,0.199,5.092
2023-11-18 10:00:00-03:00,0.47100000000000003,0.279,0.246,6.079
2023-11-18 11:00:00-03:00,0.505,0.281,0.28700000000000003,6.963
2023-11-18 12:00:00-03:00,0.634,0.428,0.303,7.767
2023-11-18 13:00:00-03:00,0.6920000000000001,0.47100000000000003,0.34,8.321
2023-11-18 14:00:00-03:00,0.66,0.466,0.304,8.603
2023-11-18 15:00:00-03:00,0.627,0.442,0.28400000000000003,8.675
2023-11-18 16:00:00-03:00,0.583,0.41400000000000003,0.256,8.656
2023-11-18 17:00:00-03:00,0.484,0.325,0.222,8.445
2023-11-18 18:00:00-03:00,0.525,0.43,0.166,7.983
2023-11-18 19:00:00-03:00,0.359,0.28200000000000003,0.117,6.901
2023-11-18 20:00:00-03:00,0.131,0.101,0.052000000000000005,5.395
2023-11-18 21:00:00-03:00,0.002,0.006,0.004,3.786
2023-11-18 22:00:00-03:00,0.0,0.0,0.0,2.528
2023-11-18 23:00:00-03:00,0.0,0.0,0.0,1.529
2023-11-19 00:00:00-03:00,0.0,0.0,0.0,0.804
2023-11-19 01:00:00-03:00,0.0,0.0,0.0,0.192
2023-11-19 02:00:00-03:00,0.0,0.0,0.0,-0.338
2023-11-19 03:00:00-03:00,0.0,0.0,0.0,-0.585
2023-11-19 04:00:00-03:00,0.0,0.0,0.0,-1.4020000000000001
2023-11-19 05:00:00-03:00,0.0,0.0,0.0,-1.8359999999999999
2023-11-19 06:00:00-03:00,0.08600000000000001,0.07200000000000001,0.031,-0.928
2023-11-19 07:00:00-03:00,0.267,0.199,0.091,0.968
2023-11-19 08:00:00-03:00,0.466,0.371,0.14,2.849
2023-11-19 09:00:00-03:00,0.641,0.557,0.171,4.433
2023-11-19 10:00:00-03:00,0.757,0.6980000000000001,0.192,6.109
2023-11-19 11:00:00-03:00,0.845,0.8270000000000001,0.201,7.79
2023-11-19 12:00:00-03:00,0.862,0.856,0.20800000000000002,9.3
2023-11-19 13:00:00-03:00,0.841,0.847,0.193,10.568
2023-11-19 14:00:00-03:00,0.759,0.659,0.263,11.449
2023-11-19 15:00:00-03:00,0.556,0.34800000000000003,0.298,11.785
2023-11-19 16:00:00-03:00,0.361,0.146,0.263,11.779
2023-11-19 17:00:00-03:00,0.21,0.055,0.186,11.435
2023-11-19 18:00:00-03:00,0.113,0.024,0.114,10.850999999999999
2023-11-19 19:00:00-03:00,0.054,0.013000000000000001,0.061,9.801
2023-11-19 20:00:00-03:00,0.019,0.009000000000000001,0.025,8.235
2023-11-19 21:00:00-03:00,0.0,0.001,0.002,6.296
2023-11-19 22:00:00-03:00,0.0,0.0,0.0,4.039
2023-11-19 23:00:00-03:00,0.0,0.0,0.0,2.347
2023-11-20 00:00:00-03:00,0.0,0.0,0.0,1.62
2023-11-20 01:00:00-03:00,0.0,0.0,0.0,1.33
2023-11-20 02:00:00-03:00,0.0,0.0,0.0,1.1
2023-11-20 03:00:00-03:00,0.0,0.0,0.0,1.047
2023-11-20 04:00:00-03:00,0.0,0.0,0.0,0.977
2023-11-20 05:00:00-03:00,0.0,0.0,0.0,0.714
2023-11-20 06:00:00-03:00,0.001,0.001,0.007,0.653
2023-11-20 07:00:00-03:00,0.019,0.003,0.029,0.924
2023-11-20 08:00:00-03:00,0.041,0.003,0.054,1.192
2023-11-20 09:00:00-03:00,0.074,0.005,0.08700000000000001,1.925
2023-11-20 10:00:00-03:00,0.129,0.01,0.14,3.162
2023-11-20 11:00:00-03:00,0.215,0.023,0.216,4.436
2023-11-20 12:00:00-03:00,0.339,0.059000000000000004,0.315,5.757
2023-11-20 13:00:00-03:00,0.546,0.164,0.455,7.325
2023-11-20 14:00:00-03:00,0.633,0.382,0.352,8.805
2023-11-20 15:00:00-03:00,0.537,0.28400000000000003,0.332,9.51
2023-11-20 16:00:00-03:00,0.422,0.183,0.293,9.842
2023-11-20 17:00:00-03:00,0.306,0.111,0.234,9.922
2023-11-20 18:00:00-03:00,0.23,0.08700000000000001,0.17400000000000002,9.692
2023-11-20 19:00:00-03:00,0.155,0.068,0.112,8.917
2023-11-20 20:00:00-03:00,0.083,0.051000000000000004,0.052000000000000005,7.354
2023-11-20 21:00:00-03:00,0.005,0.009000000000000001,0.005,5.245
2023-11-20 22:00:00-03:00,0.0,0.0,0.0,4.432
2023-11-20 23:00:00-03:00,0.0,0.0,0.0,3.856
2023-11-21 00:00:00-03:00,0.0,0.0,0.0,3.558
2023-11-21 01:00:00-03:00,0.0,0.0,0.0,3.315
2023-11-21 02:00:00-03:00,0.0,0.0,0.0,3.013
2023-11-21 03:00:00-03:00,0.0,0.0,0.0,2.729
2023-11-21 04:00:00-03:00,0.0,0.0,0.0,2.4050000000000002
2023-11-21 05:00:00-03:00,0.0,0.0,0.0,2.248
2023-11-21 06:00:00-03:00,0.046,0.034,0.029,2.64
2023-11-21 07:00:00-03:00,0.14400000000000002,0.078,0.08700000000000001,3.821
2023-11-21 08:00:00-03:00,0.218,0.1,0.14400000000000002,5.182
2023-11-21 09:00:00-03:00,0.379,0.214,0.20600000000000002,6.679
2023-11-21 10:00:00-03:00,0.457,0.26,0.254,8.151
2023-11-21 11:00:00-03:00,0.704,0.588,0.247,9.802
2023-11-21 12:00:00-03:00,0.5680000000000001,0.328,0.329,10.504
2023-11-21 13:00:00-03:00,0.615,0.324,0.396,10.951
2023-11-21 14:00:00-03:00,0.614,0.394,0.325,11.345
2023-11-21 15:00:00-03:00,0.631,0.455,0.28800000000000003,11.595
2023-11-21 16:00:00-03:00,0.585,0.421,0.261,11.345
2023-11-21 17:00:00-03:00,0.464,0.298,0.23,10.535
2023-11-21 18:00:00-03:00,0.396,0.267,0.179,9.589
2023-11-21 19:00:00-03:00,0.292,0.20600000000000002,0.122,8.457
2023-11-21 20:00:00-03:00,0.10400000000000001,0.073,0.053,7.119
2023-11-21 21:00:00-03:00,0.001,0.004,0.004,5.836
2023-11-21 22:00:00-03:00,0.0,0.0,0.0,5.021
2023-11-21 23:00:00-03:00,0.0,0.0,0.0,4.45
2023-11-22 00:00:00-03:00,0.0,0.0,0.0,3.5460000000000003
2023-11-22 01:00:00-03:00,0.0,0.0,0.0,2.774
2023-11-22 02:00:00-03:00,0.0,0.0,0.0,2.466
2023-11-22 03:00:00-03:00,0.0,0.0,0.0,2.636
2023-11-22 04:00:00-03:00,0.0,0.0,0.0,2.7119999999999997
2023-11-22 05:00:00-03:00,0.0,0.0,0.0,3.006
2023-11-22 06:00:00-03:00,0.045,0.032,0.03,3.531
2023-11-22 07:00:00-03:00,0.192,0.121,0.094,4.676
2023-11-22 08:00:00-03:00,0.48,0.39,0.145,5.906
2023-11-22 09:00:00-03:00,0.529,0.401,0.197,7.158
2023-11-22 10:00:00-03:00,0.256,0.063,0.223,7.337
2023-11-22 11:00:00-03:00,0.26,0.047,0.243,7.471
2023-11-22 12:00:00-03:00,0.461,0.176,0.34400000000000003,8.689
2023-11-22 13:00:00-03:00,0.758,0.627,0.28800000000000003,10.516
2023-11-22 14:00:00-03:00,0.68,0.501,0.308,11.138
2023-11-22 15:00:00-03:00,0.772,0.6920000000000001,0.248,11.324
2023-11-22 16:00:00-03:00,0.7010000000000001,0.598,0.23900000000000002,10.881
2023-11-22 17:00:00-03:00,0.595,0.47300000000000003,0.217,10.222
2023-11-22 18:00:00-03:00,0.308,0.165,0.18,8.8
2023-11-22 19:00:00-03:00,0.10200000000000001,0.034,0.09,6.729
2023-11-22 20:00:00-03:00,0.024,0.01,0.028,4.891
2023-11-22 21:00:00-03:00,0.0,0.002,0.003,3.635
2023-11-22 22:00:00-03:00,0.0,0.0,0.0,2.8449999999999998
2023-11-22 23:00:00-03:00,0.0,0.0,0.0,2.236
2023-11-23 00:00:00-03:00,0.0,0.0,0.0,1.824
2023-11-23 01:00:00-03:00,0.0,0.0,0.0,1.6320000000000001
2023-11-23 02:00:00-03:00,0.0,0.0,0.0,1.663
2023-11-23 03:00:00-03:00,0.0,0.0,0.0,1.671
2023-11-23 04:00:00-03:00,0.0,0.0,0.0,1.6019999999999999
2023-11-23 05:00:00-03:00,0.0,0.0,0.0,1.858
2023-11-23 06:00:00-03:00,0.002,0.001,0.009000000000000001,2.245
2023-11-23 07:00:00-03:00,0.018000000000000002,0.002,0.029,3.001
2023-11-23 08:00:00-03:00,0.078,0.01,0.08700000000000001,4.572
2023-11-23 09:00:00-03:00,0.099,0.009000000000000001,0.111,6.123
2023-11-23 10:00:00-03:00,0.139,0.011,0.151,7.449
2023-11-23 11:00:00-03:00,0.225,0.026000000000000002,0.229,8.871
2023-11-23 12:00:00-03:00,0.29,0.036000000000000004,0.291,9.869
2023-11-23 13:00:00-03:00,0.356,0.035,0.366,10.236
2023-11-23 14:00:00-03:00,0.364,0.07200000000000001,0.341,11.122
2023-11-23 15:00:00-03:00,0.648,0.457,0.315,12.795
2023-11-23 16:00:00-03:00,0.6930000000000001,0.5750000000000001,0.262,13.241
2023-11-23 17:00:00-03:00,0.58,0.442,0.23900000000000002,12.6
2023-11-23 18:00:00-03:00,0.095,0.012,0.105,10.349
2023-11-23 19:00:00-03:00,0.076,0.017,0.08,9.204
2023-11-23 20:00:00-03:00,0.035,0.014,0.038,8.446
2023-11-23 21:00:00-03:00,0.003,0.007,0.004,7.726
2023-11-23 22:00:00-03:00,0.0,0.0,0.0,7.165
2023-11-23 23:00:00-03:00,0.0,0.0,0.0,6.889
2023-11-24 00:00:00-03:00,0.0,0.0,0.0,6.693
2023-11-24 01:00:00-03:00,0.0,0.0,0.0,6.577
2023-11-24 02:00:00-03:00,0.0,0.0,0.0,6.598
2023-11-24 03:00:00-03:00,0.0,0.0,0.0,6.615
2023-11-24 04:00:00-03:00,0.0,0.0,0.0,6.503
2023-11-24 05:00:00-03:00,0.0,0.0,0.0,6.242
2023-11-24 06:00:00-03:00,0.019,0.011,0.022,6.2620000000000005
2023-11-24 07:00:00-03:00,0.073,0.026000000000000002,0.067,6.862
2023-11-24 08:00:00-03:00,0.28300000000000003,0.165,0.151,8.158
2023-11-24 09:00:00-03:00,0.597,0.515,0.178,10.188
2023-11-24 10:00:00-03:00,0.6000000000000001,0.47800000000000004,0.226,11.945
2023-11-24 11:00:00-03:00,0.5750000000000001,0.399,0.276,12.91
2023-11-24 12:00:00-03:00,0.651,0.489,0.292,13.859
2023-11-24 13:00:00-03:00,0.714,0.582,0.293,14.91
2023-11-24 14:00:00-03:00,0.753,0.685,0.253,15.868
2023-11-24 15:00:00-03:00,0.764,0.725,0.233,16.507
2023-11-24 16:00:00-03:00,0.767,0.758,0.20500000000000002,16.711
2023-11-24 17:00:00-03:00,0.716,0.705,0.181,16.371
2023-11-24 18:00:00-03:00,0.647,0.633,0.149,15.559
2023-11-24 19:00:00-03:00,0.582,0.583,0.106,14.331
2023-11-24 20:00:00-03:00,0.312,0.292,0.064,12.545
2023-11-24 21:00:00-03:00,0.033,0.041,0.008,9.541
2023-11-24 22:00:00-03:00,0.0,0.0,0.0,7.891
2023-11-24 23:00:00-03:00,0.0,0.0,0.0,7.245
2023-11-25 00:00:00-03:00,0.0,0.0,0.0,6.434
2023-11-25 01:00:00-03:00,0.0,0.0,0.0,5.665
2023-11-25 02:00:00-03:00,0.0,0.0,0.0,4.8629999999999995
2023-11-25 03:00:00-03:00,0.0,0.0,0.0,5.067
2023-11-25 04:00:00-03:00,0.0,0.0,0.0,5.579
2023-11-25 05:00:00-03:00,0.0,0.001,0.001,5.955
2023-11-25 06:00:00-03:00,0.035,0.023,0.029,6.767
2023-11-25 07:00:00-03:00,0.083,0.031,0.07200000000000001,7.926
2023-11-25 08:00:00-03:00,0.11,0.027,0.107,9.274000000000001
2023-11-25 09:00:00-03:00,0.17300000000000001,0.041,0.161,10.867
2023-11-25 10:00:00-03:00,0.332,0.131,0.247,12.386
2023-11-25 11:00:00-03:00,0.677,0.5700000000000001,0.248,14.258
2023-11-25 12:00:00-03:00,0.8230000000000001,0.834,0.209,15.428
2023-11-25 13:00:00-03:00,0.812,0.834,0.193,15.631
2023-11-25 14:00:00-03:00,0.812,0.799,0.226,15.47
2023-11-25 15:00:00-03:00,0.8,0.779,0.224,14.944
2023-11-25 16:00:00-03:00,0.743,0.6950000000000001,0.216,13.94
2023-11-25 17:00:00-03:00,0.678,0.62,0.194,12.827
2023-11-25 18:00:00-03:00,0.608,0.555,0.158,11.661
2023-11-25 19:00:00-03:00,0.516,0.47600000000000003,0.115,10.386
2023-11-25 20:00:00-03:00,0.328,0.302,0.065,8.898
2023-11-25 21:00:00-03:00,0.034,0.041,0.009000000000000001,7.385
2023-11-25 22:00:00-03:00,0.0,0.0,0.0,6.257
2023-11-25 23:00:00-03:00,0.0,0.0,0.0,5.552
2023-11-26 00:00:00-03:00,0.0,0.0,0.0,5.045
2023-11-26 01:00:00-03:00,0.0,0.0,0.0,4.607
2023-11-26 02:00:00-03:00,0.0,0.0,0.0,4.275
2023-11-26 03:00:00-03:00,0.0,0.0,0.0,4.038
2023-11-26 04:00:00-03:00,0.0,0.0,0.0,3.678
2023-11-26 05:00:00-03:00,0.0,0.001,0.001,3.211
2023-11-26 06:00:00-03:00,0.052000000000000005,0.035,0.034,2.9859999999999998
2023-11-26 07:00:00-03:00,0.22,0.145,0.099,3.438
2023-11-26 08:00:00-03:00,0.326,0.2,0.158,4.336
2023-11-26 09:00:00-03:00,0.361,0.185,0.211,5.145
2023-11-26 10:00:00-03:00,0.454,0.246,0.26,6.321
2023-11-26 11:00:00-03:00,0.518,0.28600000000000003,0.30000000000000004,7.771
2023-11-26 12:00:00-03:00,0.5680000000000001,0.313,0.339,8.908
2023-11-26 13:00:00-03:00,0.651,0.384,0.38,9.966
2023-11-26 14:00:00-03:00,0.652,0.448,0.321,10.975
2023-11-26 15:00:00-03:00,0.602,0.404,0.301,11.472
2023-11-26 16:00:00-03:00,0.5660000000000001,0.388,0.27,11.461
2023-11-26 17:00:00-03:00,0.539,0.397,0.227,11.166
2023-11-26 18:00:00-03:00,0.41300000000000003,0.28400000000000003,0.184,10.485
2023-11-26 19:00:00-03:00,0.257,0.165,0.126,9.482
2023-11-26 20:00:00-03:00,0.153,0.114,0.064,8.246
2023-11-26 21:00:00-03:00,0.034,0.039,0.01,6.049
2023-11-26 22:00:00-03:00,0.0,0.0,0.0,3.9779999999999998
2023-11-26 23:00:00-03:00,0.0,0.0,0.0,2.873
2023-11-27 00:00:00-03:00,0.0,0.0,0.0,1.948
2023-11-27 01:00:00-03:00,0.0,0.0,0.0,1.422
2023-11-27 02:00:00-03:00,0.0,0.0,0.0,1.066
2023-11-27 03:00:00-03:00,0.0,0.0,0.0,0.8280000000000001
2023-11-27 04:00:00-03:00,0.0,0.0,0.0,0.9540000000000001
2023-11-27 05:00:00-03:00,0.0,0.001,0.001,0.843
2023-11-27 06:00:00-03:00,0.043000000000000003,0.026000000000000002,0.033,1.851
2023-11-27 07:00:00-03:00,0.138,0.066,0.093,3.6790000000000003
2023-11-27 08:00:00-03:00,0.258,0.128,0.159,6.016
2023-11-27 09:00:00-03:00,0.5740000000000001,0.462,0.197,8.999
2023-11-27 10:00:00-03:00,0.681,0.591,0.222,11.917
2023-11-27 11:00:00-03:00,0.748,0.683,0.23800000000000002,14.161
2023-11-27 12:00:00-03:00,0.646,0.464,0.317,15.515
2023-11-27 13:00:00-03:00,0.6910000000000001,0.505,0.34500000000000003,16.737
2023-11-27 14:00:00-03:00,0.644,0.459,0.328,17.52
2023-11-27 15:00:00-03:00,0.47600000000000003,0.23700000000000002,0.327,17.622
2023-11-27 16:00:00-03:00,0.221,0.039,0.22,16.87
2023-11-27 17:00:00-03:00,0.159,0.026000000000000002,0.165,16.374
2023-11-27 18:00:00-03:00,0.091,0.013000000000000001,0.10300000000000001,15.377
2023-11-27 19:00:00-03:00,0.064,0.014,0.07200000000000001,14.127
2023-11-27 20:00:00-03:00,0.047,0.022,0.044,12.515
2023-11-27 21:00:00-03:00,0.014,0.018000000000000002,0.008,10.054
2023-11-27 22:00:00-03:00,0.0,0.0,0.0,8.953
2023-11-27 23:00:00-03:00,0.0,0.0,0.0,9.135
2023-11-28 00:00:00-03:00,0.0,0.0,0.0,9.255
2023-11-28 01:00:00-03:00,0.0,0.0,0.0,8.549
2023-11-28 02:00:00-03:00,0.0,0.0,0.0,8.269
2023-11-28 03:00:00-03:00,0.0,0.0,0.0,7.259
2023-11-28 04:00:00-03:00,0.0,0.0,0.0,5.946
2023-11-28 05:00:00-03:00,0.0,0.005,0.002,5.01
2023-11-28 06:00:00-03:00,0.161,0.139,0.044,5.129
2023-11-28 07:00:00-03:00,0.364,0.304,0.1,6.601
2023-11-28 08:00:00-03:00,0.43,0.327,0.156,8.932
2023-11-28 09:00:00-03:00,0.42,0.261,0.215,10.634
2023-11-28 10:00:00-03:00,0.558,0.4,0.25,12.293
2023-11-28 11:00:00-03:00,0.5640000000000001,0.367,0.296,13.382
2023-11-28 12:00:00-03:00,0.508,0.23700000000000002,0.355,13.595
2023-11-28 13:00:00-03:00,0.52,0.17300000000000001,0.432,13.262
2023-11-28 14:00:00-03:00,0.498,0.214,0.364,13.045
2023-11-28 15:00:00-03:00,0.47400000000000003,0.223,0.324,12.741
2023-11-28 16:00:00-03:00,0.4,0.17200000000000001,0.28400000000000003,12.13
2023-11-28 17:00:00-03:00,0.30000000000000004,0.112,0.228,11.278
2023-11-28 18:00:00-03:00,0.197,0.065,0.162,10.504
2023-11-28 19:00:00-03:00,0.154,0.067,0.113,9.787
2023-11-28 20:00:00-03:00,0.109,0.07,0.061,8.741
2023-11-28 21:00:00-03:00,0.011,0.014,0.009000000000000001,7.155
2023-11-28 22:00:00-03:00,0.0,0.0,0.0,5.419
2023-11-28 23:00:00-03:00,0.0,0.0,0.0,4.771
2023-11-29 00:00:00-03:00,0.0,0.0,0.0,4.457
2023-11-29 01:00:00-03:00,0.0,0.0,0.0,3.924
2023-11-29 02:00:00-03:00,0.0,0.0,0.0,3.646
2023-11-29 03:00:00-03:00,0.0,0.0,0.0,3.383
2023-11-29 04:00:00-03:00,0.0,0.0,0.0,3.26
2023-11-29 05:00:00-03:00,0.0,0.003,0.002,3.229
2023-11-29 06:00:00-03:00,0.131,0.105,0.046,3.513
2023-11-29 07:00:00-03:00,0.309,0.231,0.108,4.589
2023-11-29 08:00:00-03:00,0.438,0.322,0.164,5.842
2023-11-29 09:00:00-03:00,0.524,0.375,0.215,6.911
2023-11-29 10:00:00-03:00,0.528,0.328,0.271,7.836
2023-11-29 11:00:00-03:00,0.301,0.059000000000000004,0.277,7.836
2023-11-29 12:00:00-03:00,0.324,0.05,0.311,8.153
2023-11-29 13:00:00-03:00,0.386,0.049,0.384,8.626
2023-11-29 14:00:00-03:00,0.328,0.05,0.318,9.15
2023-11-29 15:00:00-03:00,0.28700000000000003,0.048,0.276,9.768
2023-11-29 16:00:00-03:00,0.228,0.035,0.224,10.062
2023-11-29 17:00:00-03:00,0.191,0.034,0.186,9.934
2023-11-29 18:00:00-03:00,0.124,0.021,0.127,9.267
2023-11-29 19:00:00-03:00,0.093,0.024,0.091,8.701
2023-11-29 20:00:00-03:00,0.054,0.024,0.049,8.02
2023-11-29 21:00:00-03:00,0.006,0.008,0.007,6.691
2023-11-29 22:00:00-03:00,0.0,0.0,0.0,6.276
2023-11-29 23:00:00-03:00,0.0,0.0,0.0,6.32
2023-11-30 00:00:00-03:00,0.0,0.0,0.0,5.877
2023-11-30 01:00:00-03:00,0.0,0.0,0.0,5.192
2023-11-30 02:00:00-03:00,0.0,0.0,0.0,4.734
2023-11-30 03:00:00-03:00,0.0,0.0,0.0,4.297
2023-11-30 04:00:00-03:00,0.0,0.0,0.0,3.8200000000000003
2023-11-30 05:00:00-03:00,0.0,0.002,0.002,3.333
2023-11-30 06:00:00-03:00,0.067,0.045,0.04,3.414
2023-11-30 07:00:00-03:00,0.231,0.15,0.106,4.297
2023-11-30 08:00:00-03:00,0.392,0.268,0.165,5.406
2023-11-30 09:00:00-03:00,0.446,0.277,0.22,6.451
2023-11-30 10:00:00-03:00,0.47400000000000003,0.261,0.271,7.342
2023-11-30 11:00:00-03:00,0.493,0.241,0.316,8.079
2023-11-30 12:00:00-03:00,0.501,0.20400000000000001,0.364,8.497
2023-11-30 13:00:00-03:00,0.5720000000000001,0.219,0.438,8.937
2023-11-30 14:00:00-03:00,0.497,0.191,0.373,9.12
2023-11-30 15:00:00-03:00,0.445,0.17200000000000001,0.33,9.057
2023-11-30 16:00:00-03:00,0.382,0.14200000000000002,0.28600000000000003,8.827
2023-11-30 17:00:00-03:00,0.322,0.123,0.23700000000000002,8.614
2023-11-30 18:00:00-03:00,0.256,0.105,0.182,8.338
2023-11-30 19:00:00-03:00,0.14200000000000002,0.054,0.112,7.795
2023-11-30 20:00:00-03:00,0.081,0.044,0.058,7.08
2023-11-30 21:00:00-03:00,0.013000000000000001,0.016,0.01,5.805
2023-11-30 22:00:00-03:00,0.0,0.0,0.0,4.622
2023-11-30 23:00:00-03:00,0.0,0.0,0.0,3.758
2023-12-01 00:00:00-03:00,0.0,0.0,0.0,2.969
2023-12-01 01:00:00-03:00,0.0,0.0,0.0,2.105
2023-12-01 02:00:00-03:00,0.0,0.0,0.0,1.185
2023-12-01 03:00:00-03:00,0.0,0.0,0.0,0.532
2023-12-01 04:00:00-03:00,0.0,0.0,0.0,0.079
2023-12-01 05:00:00-03:00,0.002,0.007,0.002,-0.275
2023-12-01 06:00:00-03:00,0.108,0.081,0.045,1.157
2023-12-01 07:00:00-03:00,0.202,0.12,0.10400000000000001,2.939
2023-12-01 08:00:00-03:00,0.327,0.194,0.166,5.083
2023-12-01 09:00:00-03:00,0.435,0.263,0.22,6.481
2023-12-01 10:00:00-03:00,0.47600000000000003,0.264,0.27,7.336
2023-12-01 11:00:00-03:00,0.509,0.262,0.314,8.107
2023-12-01 12:00:00-03:00,0.511,0.218,0.363,8.751
2023-12-01 13:00:00-03:00,0.5660000000000001,0.215,0.436,9.187
2023-12-01 14:00:00-03:00,0.553,0.266,0.369,9.535
2023-12-01 15:00:00-03:00,0.48,0.213,0.331,9.239
2023-12-01 16:00:00-03:00,0.429,0.191,0.291,8.592
2023-12-01 17:00:00-03:00,0.352,0.15,0.242,7.849
2023-12-01 18:00:00-03:00,0.292,0.137,0.188,7.236
2023-12-01 19:00:00-03:00,0.188,0.089,0.124,6.5120000000000005
2023-12-01 20:00:00-03:00,0.057,0.026000000000000002,0.05,5.44
2023-12-01 21:00:00-03:00,0.008,0.01,0.008,4.246
2023-12-01 22:00:00-03:00,0.0,0.0,0.0,3.332
2023-12-01 23:00:00-03:00,0.0,0.0,0.0,2.543
2023-12-02 00:00:00-03:00,0.0,0.0,0.0,1.9889999999999999
2023-12-02 01:00:00-03:00,0.0,0.0,0.0,1.581
2023-12-02 02:00:00-03:00,0.0,0.0,0.0,1.242
2023-12-02 03:00:00-03:00,0.0,0.0,0.0,0.9450000000000001
2023-12-02 04:00:00-03:00,0.0,0.0,0.0,0.6940000000000001
2023-12-02 05:00:00-03:00,0.0,0.004,0.002,0.5640000000000001
2023-12-02 06:00:00-03:00,0.063,0.039,0.041,1.173
2023-12-02 07:00:00-03:00,0.133,0.057,0.096,2.42
2023-12-02 08:00:00-03:00,0.189,0.063,0.149,3.68
2023-12-02 09:00:00-03:00,0.246,0.07,0.202,4.735
2023-12-02 10:00:00-03:00,0.334,0.105,0.263,5.636
2023-12-02 11:00:00-03:00,0.448,0.179,0.322,6.753
2023-12-02 12:00:00-03:00,0.523,0.221,0.371,7.636
2023-12-02 13:00:00-03:00,0.453,0.08600000000000001,0.422,7.552
2023-12-02 14:00:00-03:00,0.417,0.10300000000000001,0.363,7.88
2023-12-02 15:00:00-03:00,0.433,0.152,0.333,8.244
2023-12-02 16:00:00-03:00,0.394,0.148,0.293,8.29
2023-12-02 17:00:00-03:00,0.38,0.17500000000000002,0.25,8.174
2023-12-02 18:00:00-03:00,0.343,0.185,0.197,7.698
2023-12-02 19:00:00-03:00,0.261,0.155,0.136,6.819
2023-12-02 20:00:00-03:00,0.14400000000000002,0.096,0.07100000000000001,5.717
2023-12-02 21:00:00-03:00,0.029,0.03,0.013000000000000001,4.33
2023-12-02 22:00:00-03:00,0.0,0.0,0.0,3.074
2023-12-02 23:00:00-03:00,0.0,0.0,0.0,2.16
2023-12-03 00:00:00-03:00,0.0,0.0,0.0,1.6179999999999999
2023-12-03 01:00:00-03:00,0.0,0.0,0.0,1.453
2023-12-03 02:00:00-03:00,0.0,0.0,0.0,1.477
2023-12-03 03:00:00-03:00,0.0,0.0,0.0,1.584
2023-12-03 04:00:00-03:00,0.0,0.0,0.0,1.736
2023-12-03 05:00:00-03:00,0.0,0.002,0.002,2.021
2023-12-03 06:00:00-03:00,0.049,0.027,0.039,2.623
2023-12-03 07:00:00-03:00,0.241,0.152,0.113,3.8
2023-12-03 08:00:00-03:00,0.467,0.35100000000000003,0.168,5.354
2023-12-03 09:00:00-03:00,0.546,0.399,0.219,6.97
2023-12-03 10:00:00-03:00,0.47200000000000003,0.248,0.28400000000000003,8.351
2023-12-03 11:00:00-03:00,0.514,0.258,0.33,9.837
2023-12-03 12:00:00-03:00,0.496,0.187,0.381,10.734
2023-12-03 13:00:00-03:00,0.517,0.139,0.456,11.113
2023-12-03 14:00:00-03:00,0.301,0.036000000000000004,0.304,10.481
2023-12-03 15:00:00-03:00,0.166,0.011,0.181,9.466
2023-12-03 16:00:00-03:00,0.15,0.012,0.163,9.083
2023-12-03 17:00:00-03:00,0.121,0.011,0.134,8.991
2023-12-03 18:00:00-03:00,0.07,0.006,0.084,8.616
2023-12-03 19:00:00-03:00,0.038,0.005,0.051000000000000004,8.049
2023-12-03 20:00:00-03:00,0.029,0.009000000000000001,0.037,7.456
2023-12-03 21:00:00-03:00,0.007,0.01,0.008,6.775
2023-12-03 22:00:00-03:00,0.0,0.0,0.0,6.261
2023-12-03 23:00:00-03:00,0.0,0.0,0.0,5.991
2023-12-04 00:00:00-03:00,0.0,0.0,0.0,5.875
2023-12-04 01:00:00-03:00,0.0,0.0,0.0,5.844
2023-12-04 02:00:00-03:00,0.0,0.0,0.0,5.881
2023-12-04 03:00:00-03:00,0.0,0.0,0.0,5.942
2023-12-04 04:00:00-03:00,0.0,0.0,0.0,5.877
2023-12-04 05:00:00-03:00,0.0,0.001,0.001,5.875
2023-12-04 06:00:00-03:00,0.017,0.007,0.024,6.214
2023-12-04 07:00:00-03:00,0.064,0.015,0.068,6.89
2023-12-04 08:00:00-03:00,0.149,0.038,0.135,7.916
2023-12-04 09:00:00-03:00,0.215,0.053,0.192,9.246
2023-12-04 10:00:00-03:00,0.368,0.14200000000000002,0.275,11.289
2023-12-04 11:00:00-03:00,0.468,0.214,0.326,13.227
2023-12-04 12:00:00-03:00,0.359,0.073,0.339,13.597
2023-12-04 13:00:00-03:00,0.449,0.091,0.429,14.099
2023-12-04 14:00:00-03:00,0.46900000000000003,0.163,0.385,15.272
2023-12-04 15:00:00-03:00,0.494,0.23900000000000002,0.342,16.017
2023-12-04 16:00:00-03:00,0.405,0.171,0.299,15.519
2023-12-04 17:00:00-03:00,0.248,0.065,0.221,14.355
2023-12-04 18:00:00-03:00,0.378,0.233,0.201,13.987
2023-12-04 19:00:00-03:00,0.544,0.509,0.127,13.31
2023-12-04 20:00:00-03:00,0.365,0.337,0.078,11.609
2023-12-04 21:00:00-03:00,0.139,0.15,0.015,9.57
2023-12-04 22:00:00-03:00,0.0,0.0,0.0,8.294
2023-12-04 23:00:00-03:00,0.0,0.0,0.0,7.6370000000000005
2023-12-05 00:00:00-03:00,0.0,0.0,0.0,7.283
2023-12-05 01:00:00-03:00,0.0,0.0,0.0,7.007
2023-12-05 02:00:00-03:00,0.0,0.0,0.0,6.892
2023-12-05 03:00:00-03:00,0.0,0.0,0.0,6.867
2023-12-05 04:00:00-03:00,0.0,0.0,0.0,6.656
2023-12-05 05:00:00-03:00,0.0,0.004,0.002,6.062
2023-12-05 06:00:00-03:00,0.039,0.023,0.033,5.386
2023-12-05 07:00:00-03:00,0.23600000000000002,0.161,0.101,5.048
2023-12-05 08:00:00-03:00,0.557,0.492,0.135,5.536
2023-12-05 09:00:00-03:00,0.683,0.63,0.162,6.527
2023-12-05 10:00:00-03:00,0.8,0.788,0.17300000000000001,7.964
2023-12-05 11:00:00-03:00,0.85,0.862,0.184,9.414
2023-12-05 12:00:00-03:00,0.862,0.889,0.184,10.649000000000001
2023-12-05 13:00:00-03:00,0.844,0.893,0.157,11.565
2023-12-05 14:00:00-03:00,0.859,0.889,0.189,12.181
2023-12-05 15:00:00-03:00,0.854,0.877,0.194,12.429
2023-12-05 16:00:00-03:00,0.8320000000000001,0.853,0.182,12.153
2023-12-05 17:00:00-03:00,0.794,0.8130000000000001,0.161,11.414
2023-12-05 18:00:00-03:00,0.729,0.739,0.135,10.466
2023-12-05 19:00:00-03:00,0.553,0.52,0.113,9.083
2023-12-05 20:00:00-03:00,0.322,0.28600000000000003,0.07200000000000001,7.286
2023-12-05 21:00:00-03:00,0.059000000000000004,0.062,0.015,5.542
2023-12-05 22:00:00-03:00,0.0,0.0,0.0,4.44
2023-12-05 23:00:00-03:00,0.0,0.0,0.0,3.702
2023-12-06 00:00:00-03:00,0.0,0.0,0.0,3.185
2023-12-06 01:00:00-03:00,0.0,0.0,0.0,3.094
2023-12-06 02:00:00-03:00,0.0,0.0,0.0,2.896
2023-12-06 03:00:00-03:00,0.0,0.0,0.0,2.701
2023-12-06 04:00:00-03:00,0.0,0.0,0.0,2.746
2023-12-06 05:00:00-03:00,0.006,0.012,0.003,2.902
2023-12-06 06:00:00-03:00,0.163,0.134,0.05,3.565
2023-12-06 07:00:00-03:00,0.337,0.264,0.106,4.925
2023-12-06 08:00:00-03:00,0.507,0.419,0.151,6.606
2023-12-06 09:00:00-03:00,0.579,0.46900000000000003,0.195,8.327
2023-12-06 10:00:00-03:00,0.666,0.56,0.223,9.993
2023-12-06 11:00:00-03:00,0.6930000000000001,0.5720000000000001,0.255,11.422
2023-12-06 12:00:00-03:00,0.644,0.45,0.314,12.382
2023-12-06 13:00:00-03:00,0.6930000000000001,0.504,0.333,13.247
2023-12-06 14:00:00-03:00,0.677,0.505,0.31,13.766
2023-12-06 15:00:00-03:00,0.61,0.423,0.301,13.775
2023-12-06 16:00:00-03:00,0.54,0.355,0.277,13.448
2023-12-06 17:00:00-03:00,0.444,0.269,0.241,13.169
2023-12-06 18:00:00-03:00,0.319,0.17400000000000002,0.189,12.611
2023-12-06 19:00:00-03:00,0.17,0.078,0.12,11.513
2023-12-06 20:00:00-03:00,0.076,0.039,0.058,10.303
2023-12-06 21:00:00-03:00,0.025,0.027,0.012,9.095
2023-12-06 22:00:00-03:00,0.0,0.0,0.0,7.966
2023-12-06 23:00:00-03:00,0.0,0.0,0.0,7.101
2023-12-07 00:00:00-03:00,0.0,0.0,0.0,6.234
2023-12-07 01:00:00-03:00,0.0,0.0,0.0,5.339
2023-12-07 02:00:00-03:00,0.0,0.0,0.0,5.214
2023-12-07 03:00:00-03:00,0.0,0.0,0.0,5.264
2023-12-07 04:00:00-03:00,0.0,0.0,0.0,5.208
2023-12-07 05:00:00-03:00,0.002,0.007,0.003,4.989
2023-12-07 06:00:00-03:00,0.094,0.068,0.046,5.618
2023-12-07 07:00:00-03:00,0.164,0.089,0.1,6.742
2023-12-07 08:00:00-03:00,0.363,0.244,0.162,8.18
2023-12-07 09:00:00-03:00,0.624,0.547,0.181,10.231
2023-12-07 10:00:00-03:00,0.647,0.545,0.223,12.184
2023-12-07 11:00:00-03:00,0.803,0.799,0.20400000000000001,14.123
2023-12-07 12:00:00-03:00,0.8220000000000001,0.84,0.20400000000000001,15.8
2023-12-07 13:00:00-03:00,0.811,0.853,0.183,17.364
2023-12-07 14:00:00-03:00,0.8190000000000001,0.851,0.20700000000000002,18.638
2023-12-07 15:00:00-03:00,0.795,0.811,0.215,19.639
2023-12-07 16:00:00-03:00,0.709,0.673,0.221,20.147
2023-12-07 17:00:00-03:00,0.558,0.459,0.219,20.201
2023-12-07 18:00:00-03:00,0.374,0.253,0.188,19.767
2023-12-07 19:00:00-03:00,0.20400000000000001,0.116,0.127,18.677
2023-12-07 20:00:00-03:00,0.09,0.054,0.062,16.365
2023-12-07 21:00:00-03:00,0.026000000000000002,0.03,0.013000000000000001,13.519
2023-12-07 22:00:00-03:00,0.0,0.0,0.0,11.765
2023-12-07 23:00:00-03:00,0.0,0.0,0.0,10.699
2023-12-08 00:00:00-03:00,0.0,0.0,0.0,9.733
2023-12-08 01:00:00-03:00,0.0,0.0,0.0,8.829
2023-12-08 02:00:00-03:00,0.0,0.0,0.0,7.996
2023-12-08 03:00:00-03:00,0.0,0.0,0.0,7.089
2023-12-08 04:00:00-03:00,0.0,0.0,0.0,6.136
2023-12-08 05:00:00-03:00,0.019,0.028,0.004,5.419
2023-12-08 06:00:00-03:00,0.265,0.247,0.049,7.019
2023-12-08 07:00:00-03:00,0.504,0.483,0.089,8.885
2023-12-08 08:00:00-03:00,0.633,0.623,0.123,11.536
2023-12-08 09:00:00-03:00,0.709,0.712,0.152,14.408
2023-12-08 10:00:00-03:00,0.756,0.772,0.177,17.235
2023-12-08 11:00:00-03:00,0.778,0.807,0.195,20.325
2023-12-08 12:00:00-03:00,0.784,0.8270000000000001,0.199,22.646
2023-12-08 13:00:00-03:00,0.771,0.836,0.18,24.072
2023-12-08 14:00:00-03:00,0.781,0.836,0.202,25.042
2023-12-08 15:00:00-03:00,0.773,0.8240000000000001,0.20500000000000002,25.488
2023-12-08 16:00:00-03:00,0.737,0.772,0.196,25.281
2023-12-08 17:00:00-03:00,0.68,0.6930000000000001,0.179,24.313
2023-12-08 18:00:00-03:00,0.536,0.492,0.165,22.267
2023-12-08 19:00:00-03:00,0.359,0.295,0.129,19.506
2023-12-08 20:00:00-03:00,0.079,0.045,0.058,16.617
2023-12-08 21:00:00-03:00,0.014,0.015,0.013000000000000001,13.854
2023-12-08 22:00:00-03:00,0.0,0.0,0.0,11.394
2023-12-08 23:00:00-03:00,0.0,0.0,0.0,9.54
2023-12-09 00:00:00-03:00,0.0,0.0,0.0,8.337
2023-12-09 01:00:00-03:00,0.0,0.0,0.0,7.443
2023-12-09 02:00:00-03:00,0.0,0.0,0.0,6.767
2023-12-09 03:00:00-03:00,0.0,0.0,0.0,6.196
2023-12-09 04:00:00-03:00,0.0,0.0,0.0,5.583
2023-12-09 05:00:00-03:00,0.0,0.001,0.001,5.23
2023-12-09 06:00:00-03:00,0.004,0.002,0.012,5.184
2023-12-09 07:00:00-03:00,0.028,0.004,0.04,5.501
2023-12-09 08:00:00-03:00,0.093,0.013000000000000001,0.1,6.424
2023-12-09 09:00:00-03:00,0.297,0.109,0.223,8.539
2023-12-09 10:00:00-03:00,0.583,0.41400000000000003,0.266,11.203
2023-12-09 11:00:00-03:00,0.68,0.536,0.28200000000000003,13.309
2023-12-09 12:00:00-03:00,0.64,0.424,0.34400000000000003,14.401
2023-12-09 13:00:00-03:00,0.74,0.594,0.321,15.5
2023-12-09 14:00:00-03:00,0.783,0.716,0.269,16.396
2023-12-09 15:00:00-03:00,0.677,0.528,0.301,16.356
2023-12-09 16:00:00-03:00,0.47700000000000004,0.253,0.306,15.661
2023-12-09 17:00:00-03:00,0.293,0.097,0.242,14.901
2023-12-09 18:00:00-03:00,0.13,0.022,0.135,13.772
2023-12-09 19:00:00-03:00,0.05,0.007,0.062,12.4
2023-12-09 20:00:00-03:00,0.014,0.003,0.024,11.055
2023-12-09 21:00:00-03:00,0.001,0.003,0.004,9.902
2023-12-09 22:00:00-03:00,0.0,0.0,0.0,9.181
2023-12-09 23:00:00-03:00,0.0,0.0,0.0,8.839
2023-12-10 00:00:00-03:00,0.0,0.0,0.0,8.665
2023-12-10 01:00:00-03:00,0.0,0.0,0.0,8.291
2023-12-10 02:00:00-03:00,0.0,0.0,0.0,7.602
2023-12-10 03:00:00-03:00,0.0,0.0,0.0,6.773
2023-12-10 04:00:00-03:00,0.0,0.0,0.0,6.109
2023-12-10 05:00:00-03:00,0.0,0.001,0.001,5.741
2023-12-10 06:00:00-03:00,0.023,0.01,0.027,5.782
2023-12-10 07:00:00-03:00,0.17300000000000001,0.093,0.10400000000000001,6.472
2023-12-10 08:00:00-03:00,0.427,0.314,0.164,7.938
2023-12-10 09:00:00-03:00,0.594,0.491,0.195,9.568
2023-12-10 10:00:00-03:00,0.625,0.493,0.23900000000000002,10.713
2023-12-10 11:00:00-03:00,0.6980000000000001,0.58,0.257,11.993
2023-12-10 12:00:00-03:00,0.6930000000000001,0.539,0.295,12.836
2023-12-10 13:00:00-03:00,0.712,0.542,0.321,13.167
2023-12-10 14:00:00-03:00,0.704,0.549,0.302,13.21
2023-12-10 15:00:00-03:00,0.685,0.544,0.281,13.127
2023-12-10 16:00:00-03:00,0.654,0.526,0.254,12.937
2023-12-10 17:00:00-03:00,0.5760000000000001,0.447,0.227,12.608
2023-12-10 18:00:00-03:00,0.482,0.368,0.187,12.196
2023-12-10 19:00:00-03:00,0.368,0.281,0.137,11.714
2023-12-10 20:00:00-03:00,0.154,0.106,0.075,10.818
2023-12-10 21:00:00-03:00,0.053,0.054,0.018000000000000002,8.649000000000001
2023-12-10 22:00:00-03:00,0.0,0.0,0.0,6.487
2023-12-10 23:00:00-03:00,0.0,0.0,0.0,5.556
2023-12-11 00:00:00-03:00,0.0,0.0,0.0,4.802
2023-12-11 01:00:00-03:00,0.0,0.0,0.0,3.964
2023-12-11 02:00:00-03:00,0.0,0.0,0.0,3.153
2023-12-11 03:00:00-03:00,0.0,0.0,0.0,2.477
2023-12-11 04:00:00-03:00,0.0,0.0,0.0,1.929
2023-12-11 05:00:00-03:00,0.007,0.013000000000000001,0.005,2.083
2023-12-11 06:00:00-03:00,0.07200000000000001,0.043000000000000003,0.047,3.852
2023-12-11 07:00:00-03:00,0.159,0.076,0.106,5.716
2023-12-11 08:00:00-03:00,0.264,0.124,0.17200000000000001,7.55
2023-12-11 09:00:00-03:00,0.418,0.23900000000000002,0.233,9.38
2023-12-11 10:00:00-03:00,0.526,0.33,0.276,11.052
2023-12-11 11:00:00-03:00,0.506,0.257,0.328,12.218
2023-12-11 12:00:00-03:00,0.47700000000000004,0.17200000000000001,0.378,12.754
2023-12-11 13:00:00-03:00,0.501,0.134,0.446,12.911
2023-12-11 14:00:00-03:00,0.429,0.112,0.381,12.88
2023-12-11 15:00:00-03:00,0.383,0.108,0.33,12.793
2023-12-11 16:00:00-03:00,0.322,0.08600000000000001,0.28,12.563
2023-12-11 17:00:00-03:00,0.272,0.078,0.232,12.217
2023-12-11 18:00:00-03:00,0.194,0.054,0.171,11.646
2023-12-11 19:00:00-03:00,0.129,0.041,0.113,11.067
2023-12-11 20:00:00-03:00,0.092,0.047,0.067,10.445
2023-12-11 21:00:00-03:00,0.066,0.069,0.018000000000000002,8.675
2023-12-11 22:00:00-03:00,0.0,0.0,0.0,7.056
2023-12-11 23:00:00-03:00,0.0,0.0,0.0,6.231
2023-12-12 00:00:00-03:00,0.0,0.0,0.0,5.533
2023-12-12 01:00:00-03:00,0.0,0.0,0.0,4.84
2023-12-12 02:00:00-03:00,0.0,0.0,0.0,4.208
2023-12-12 03:00:00-03:00,0.0,0.0,0.0,3.761
2023-12-12 04:00:00-03:00,0.0,0.0,0.0,3.383
2023-12-12 05:00:00-03:00,0.009000000000000001,0.015,0.005,3.166
2023-12-12 06:00:00-03:00,0.132,0.099,0.053,3.839
2023-12-12 07:00:00-03:00,0.342,0.264,0.113,5.304
2023-12-12 08:00:00-03:00,0.368,0.23600000000000002,0.17200000000000001,6.552
2023-12-12 09:00:00-03:00,0.517,0.369,0.216,7.888
2023-12-12 10:00:00-03:00,0.5670000000000001,0.39,0.261,9.031
2023-12-12 11:00:00-03:00,0.559,0.333,0.31,9.946
2023-12-12 12:00:00-03:00,0.539,0.257,0.364,10.657
2023-12-12 13:00:00-03:00,0.518,0.159,0.437,11.009
2023-12-12 14:00:00-03:00,0.459,0.146,0.38,11.765
2023-12-12 15:00:00-03:00,0.46900000000000003,0.202,0.338,12.600999999999999
2023-12-12 16:00:00-03:00,0.41500000000000004,0.179,0.296,12.59
2023-12-12 17:00:00-03:00,0.364,0.166,0.249,12.198
2023-12-12 18:00:00-03:00,0.389,0.244,0.199,11.706
2023-12-12 19:00:00-03:00,0.275,0.171,0.14,10.654
2023-12-12 20:00:00-03:00,0.125,0.076,0.073,9.293
2023-12-12 21:00:00-03:00,0.046,0.047,0.016,8.082
2023-12-12 22:00:00-03:00,0.0,0.0,0.0,7.281
2023-12-12 23:00:00-03:00,0.0,0.0,0.0,6.88
2023-12-13 00:00:00-03:00,0.0,0.0,0.0,6.691
2023-12-13 01:00:00-03:00,0.0,0.0,0.0,6.553
2023-12-13 02:00:00-03:00,0.0,0.0,0.0,6.359
2023-12-13 03:00:00-03:00,0.0,0.0,0.0,5.94
2023-12-13 04:00:00-03:00,0.0,0.0,0.0,5.5809999999999995
2023-12-13 05:00:00-03:00,0.0,0.003,0.003,5.267
2023-12-13 06:00:00-03:00,0.06,0.036000000000000004,0.042,5.166
2023-12-13 07:00:00-03:00,0.28,0.2,0.11,5.793
2023-12-13 08:00:00-03:00,0.552,0.48,0.146,7.023
2023-12-13 09:00:00-03:00,0.5660000000000001,0.449,0.198,8.131
2023-12-13 10:00:00-03:00,0.614,0.47500000000000003,0.23700000000000002,9.33
2023-12-13 11:00:00-03:00,0.656,0.504,0.268,10.494
2023-12-13 12:00:00-03:00,0.7010000000000001,0.556,0.28300000000000003,11.572
2023-12-13 13:00:00-03:00,0.745,0.633,0.274,12.607
2023-12-13 14:00:00-03:00,0.786,0.735,0.23900000000000002,13.487
2023-12-13 15:00:00-03:00,0.777,0.729,0.232,13.729
2023-12-13 16:00:00-03:00,0.765,0.733,0.21,13.63
2023-12-13 17:00:00-03:00,0.742,0.726,0.18,13.257
2023-12-13 18:00:00-03:00,0.68,0.664,0.15,12.435
2023-12-13 19:00:00-03:00,0.41600000000000004,0.34,0.133,11.167
2023-12-13 20:00:00-03:00,0.078,0.039,0.06,9.64
2023-12-13 21:00:00-03:00,0.007,0.008,0.01,8.128
2023-12-13 22:00:00-03:00,0.0,0.0,0.0,6.928
2023-12-13 23:00:00-03:00,0.0,0.0,0.0,6.08
2023-12-14 00:00:00-03:00,0.0,0.0,0.0,5.246
2023-12-14 01:00:00-03:00,0.0,0.0,0.0,4.529
2023-12-14 02:00:00-03:00,0.0,0.0,0.0,3.722
2023-12-14 03:00:00-03:00,0.0,0.0,0.0,2.626
2023-12-14 04:00:00-03:00,0.0,0.0,0.0,1.947
2023-12-14 05:00:00-03:00,0.009000000000000001,0.014,0.006,1.841
2023-12-14 06:00:00-03:00,0.047,0.022,0.042,3.99
2023-12-14 07:00:00-03:00,0.12,0.042,0.1,6.026
2023-12-14 08:00:00-03:00,0.264,0.117,0.18,8.634
2023-12-14 09:00:00-03:00,0.323,0.127,0.23800000000000002,10.588
2023-12-14 10:00:00-03:00,0.359,0.12,0.28800000000000003,11.883
2023-12-14 11:00:00-03:00,0.34600000000000003,0.079,0.316,12.831
2023-12-14 12:00:00-03:00,0.271,0.026000000000000002,0.28400000000000003,12.887
2023-12-14 13:00:00-03:00,0.315,0.023,0.336,12.806000000000001
2023-12-14 14:00:00-03:00,0.28700000000000003,0.027,0.302,13.004
2023-12-14 15:00:00-03:00,0.313,0.052000000000000005,0.306,13.502
2023-12-14 16:00:00-03:00,0.256,0.041,0.254,13.61
2023-12-14 17:00:00-03:00,0.133,0.012,0.148,13.286
2023-12-14 18:00:00-03:00,0.082,0.007,0.097,12.874
2023-12-14 19:00:00-03:00,0.057,0.008,0.07,12.215
2023-12-14 20:00:00-03:00,0.098,0.048,0.073,11.587
2023-12-14 21:00:00-03:00,0.01,0.01,0.011,9.349
2023-12-14 22:00:00-03:00,0.0,0.0,0.0,8.144
2023-12-14 23:00:00-03:00,0.0,0.0,0.0,7.03
2023-12-15 00:00:00-03:00,0.0,0.0,0.0,5.926
2023-12-15 01:00:00-03:00,0.0,0.0,0.0,5.452
2023-12-15 02:00:00-03:00,0.0,0.0,0.0,5.1370000000000005
2023-12-15 03:00:00-03:00,0.0,0.0,0.0,5.012
2023-12-15 04:00:00-03:00,0.0,0.0,0.0,4.874
2023-12-15 05:00:00-03:00,0.0,0.002,0.003,5.019
2023-12-15 06:00:00-03:00,0.028,0.011,0.032,6.016
2023-12-15 07:00:00-03:00,0.09,0.026000000000000002,0.085,7.277
2023-12-15 08:00:00-03:00,0.195,0.065,0.158,9.093
2023-12-15 09:00:00-03:00,0.35100000000000003,0.163,0.23500000000000001,11.174
2023-12-15 10:00:00-03:00,0.456,0.23700000000000002,0.28800000000000003,12.769
2023-12-15 11:00:00-03:00,0.558,0.332,0.324,13.985
2023-12-15 12:00:00-03:00,0.499,0.199,0.383,14.257
2023-12-15 13:00:00-03:00,0.497,0.129,0.45,14.178
2023-12-15 14:00:00-03:00,0.484,0.164,0.401,14.629
2023-12-15 15:00:00-03:00,0.47500000000000003,0.201,0.353,14.701
2023-12-15 16:00:00-03:00,0.4,0.153,0.306,13.754
2023-12-15 17:00:00-03:00,0.262,0.069,0.231,12.326
2023-12-15 18:00:00-03:00,0.241,0.085,0.19,11.491
2023-12-15 19:00:00-03:00,0.176,0.07200000000000001,0.132,10.845
2023-12-15 20:00:00-03:00,0.101,0.052000000000000005,0.07200000000000001,9.987
2023-12-15 21:00:00-03:00,0.041,0.043000000000000003,0.016,8.659
2023-12-15 22:00:00-03:00,0.0,0.0,0.0,7.294
2023-12-15 23:00:00-03:00,0.0,0.0,0.0,6.335
2023-12-16 00:00:00-03:00,0.0,0.0,0.0,5.593
2023-12-16 01:00:00-03:00,0.0,0.0,0.0,4.993
2023-12-16 02:00:00-03:00,0.0,0.0,0.0,4.535
2023-12-16 03:00:00-03:00,0.0,0.0,0.0,4.095
2023-12-16 04:00:00-03:00,0.0,0.0,0.0,3.571
2023-12-16 05:00:00-03:00,0.006,0.011,0.005,3.3810000000000002
2023-12-16 06:00:00-03:00,0.069,0.042,0.045,3.971
2023-12-16 07:00:00-03:00,0.187,0.10300000000000001,0.108,4.922
2023-12-16 08:00:00-03:00,0.582,0.515,0.146,6.384
2023-12-16 09:00:00-03:00,0.622,0.523,0.193,7.796
2023-12-16 10:00:00-03:00,0.6890000000000001,0.587,0.224,9.07
2023-12-16 11:00:00-03:00,0.6950000000000001,0.5630000000000001,0.262,10.118
2023-12-16 12:00:00-03:00,0.651,0.447,0.32,10.855
2023-12-16 13:00:00-03:00,0.5700000000000001,0.23800000000000002,0.423,10.979
2023-12-16 14:00:00-03:00,0.518,0.216,0.38,11.09
2023-12-16 15:00:00-03:00,0.554,0.318,0.325,11.479
2023-12-16 16:00:00-03:00,0.553,0.359,0.28200000000000003,11.655
2023-12-16 17:00:00-03:00,0.524,0.367,0.23800000000000002,11.544
2023-12-16 18:00:00-03:00,0.47700000000000004,0.356,0.19,11.073
2023-12-16 19:00:00-03:00,0.426,0.34700000000000003,0.136,10.219
2023-12-16 20:00:00-03:00,0.195,0.14300000000000002,0.08,8.978
2023-12-16 21:00:00-03:00,0.091,0.094,0.018000000000000002,7.205
2023-12-16 22:00:00-03:00,0.0,0.0,0.0,4.522
2023-12-16 23:00:00-03:00,0.0,0.0,0.0,3.676
2023-12-17 00:00:00-03:00,0.0,0.0,0.0,3.043
2023-12-17 01:00:00-03:00,0.0,0.0,0.0,2.176
2023-12-17 02:00:00-03:00,0.0,0.0,0.0,1.458
2023-12-17 03:00:00-03:00,0.0,0.0,0.0,0.79
2023-12-17 04:00:00-03:00,0.0,0.0,0.0,0.163
2023-12-17 05:00:00-03:00,0.04,0.049,0.006,-0.188
2023-12-17 06:00:00-03:00,0.31,0.28400000000000003,0.053,1.953
2023-12-17 07:00:00-03:00,0.529,0.496,0.093,4.218
2023-12-17 08:00:00-03:00,0.642,0.608,0.129,6.316
2023-12-17 09:00:00-03:00,0.709,0.672,0.162,8.331
2023-12-17 10:00:00-03:00,0.558,0.398,0.244,9.805
2023-12-17 11:00:00-03:00,0.626,0.466,0.269,11.346
2023-12-17 12:00:00-03:00,0.797,0.772,0.216,13.114
2023-12-17 13:00:00-03:00,0.8260000000000001,0.873,0.168,14.495
2023-12-17 14:00:00-03:00,0.8230000000000001,0.845,0.198,15.368
2023-12-17 15:00:00-03:00,0.768,0.734,0.224,15.675
2023-12-17 16:00:00-03:00,0.743,0.714,0.20700000000000002,15.68
2023-12-17 17:00:00-03:00,0.685,0.647,0.187,15.233
2023-12-17 18:00:00-03:00,0.554,0.484,0.168,14.331
2023-12-17 19:00:00-03:00,0.387,0.312,0.131,13.234
2023-12-17 20:00:00-03:00,0.232,0.188,0.078,11.992
2023-12-17 21:00:00-03:00,0.046,0.042,0.022,10.101
2023-12-17 22:00:00-03:00,0.0,0.0,0.0,8.159
2023-12-17 23:00:00-03:00,0.0,0.0,0.0,7.358
2023-12-18 00:00:00-03:00,0.0,0.0,0.0,6.563
2023-12-18 01:00:00-03:00,0.0,0.0,0.0,5.768
2023-12-18 02:00:00-03:00,0.0,0.0,0.0,5.329
2023-12-18 03:00:00-03:00,0.0,0.0,0.0,4.889
2023-12-18 04:00:00-03:00,0.0,0.0,0.0,4.401
2023-12-18 05:00:00-03:00,0.0,0.002,0.003,4.099
2023-12-18 06:00:00-03:00,0.016,0.005,0.025,4.397
2023-12-18 07:00:00-03:00,0.058,0.01,0.066,5.314
2023-12-18 08:00:00-03:00,0.11800000000000001,0.019,0.122,6.605
2023-12-18 09:00:00-03:00,0.152,0.018000000000000002,0.158,7.837
2023-12-18 10:00:00-03:00,0.17400000000000002,0.016,0.185,8.824
2023-12-18 11:00:00-03:00,0.185,0.013000000000000001,0.2,9.636
2023-12-18 12:00:00-03:00,0.229,0.015,0.246,10.403
2023-12-18 13:00:00-03:00,0.312,0.021,0.333,11.342
2023-12-18 14:00:00-03:00,0.28700000000000003,0.025,0.303,12.246
2023-12-18 15:00:00-03:00,0.263,0.029,0.272,12.881
2023-12-18 16:00:00-03:00,0.263,0.042,0.26,13.332
2023-12-18 17:00:00-03:00,0.264,0.063,0.24,13.621
2023-12-18 18:00:00-03:00,0.231,0.07100000000000001,0.195,13.411
2023-12-18 19:00:00-03:00,0.191,0.08,0.14200000000000002,12.636
2023-12-18 20:00:00-03:00,0.10400000000000001,0.052000000000000005,0.076,11.342
2023-12-18 21:00:00-03:00,0.025,0.023,0.017,9.907
2023-12-18 22:00:00-03:00,0.0,0.0,0.0,8.88
2023-12-18 23:00:00-03:00,0.0,0.0,0.0,8.267
2023-12-19 00:00:00-03:00,0.0,0.0,0.0,7.639
2023-12-19 01:00:00-03:00,0.0,0.0,0.0,7.21
2023-12-19 02:00:00-03:00,0.0,0.0,0.0,6.947
2023-12-19 03:00:00-03:00,0.0,0.0,0.0,6.843
2023-12-19 04:00:00-03:00,0.0,0.0,0.0,6.902
2023-12-19 05:00:00-03:00,0.009000000000000001,0.014,0.005,7.005
2023-12-19 06:00:00-03:00,0.10400000000000001,0.07200000000000001,0.054,7.835
2023-12-19 07:00:00-03:00,0.232,0.145,0.11800000000000001,9.429
2023-12-19 08:00:00-03:00,0.311,0.17400000000000002,0.178,11.326
2023-12-19 09:00:00-03:00,0.458,0.297,0.232,13.516
2023-12-19 10:00:00-03:00,0.609,0.47400000000000003,0.257,15.697
2023-12-19 11:00:00-03:00,0.667,0.537,0.28200000000000003,17.336
2023-12-19 12:00:00-03:00,0.6960000000000001,0.5630000000000001,0.305,18.651
2023-12-19 13:00:00-03:00,0.5740000000000001,0.256,0.441,19.104
2023-12-19 14:00:00-03:00,0.504,0.20400000000000001,0.401,19.462
2023-12-19 15:00:00-03:00,0.309,0.061,0.303,19.239
2023-12-19 16:00:00-03:00,0.23900000000000002,0.041,0.242,19.091
2023-12-19 17:00:00-03:00,0.188,0.033,0.193,18.918
2023-12-19 18:00:00-03:00,0.153,0.033,0.153,18.44
2023-12-19 19:00:00-03:00,0.079,0.016,0.08700000000000001,17.288
2023-12-19 20:00:00-03:00,0.033,0.009000000000000001,0.041,15.757
2023-12-19 21:00:00-03:00,0.01,0.01,0.012,14.101
2023-12-19 22:00:00-03:00,0.0,0.0,0.0,12.339
2023-12-19 23:00:00-03:00,0.0,0.0,0.0,11.056
2023-12-20 00:00:00-03:00,0.0,0.0,0.0,10.135
2023-12-20 01:00:00-03:00,0.0,0.0,0.0,9.579
2023-12-20 02:00:00-03:00,0.0,0.0,0.0,8.766
2023-12-20 03:00:00-03:00,0.0,0.0,0.0,8.188
2023-12-20 04:00:00-03:00,0.0,0.0,0.0,7.801
2023-12-20 05:00:00-03:00,0.029,0.038,0.006,7.764
2023-12-20 06:00:00-03:00,0.25,0.226,0.057,9.652
2023-12-20 07:00:00-03:00,0.483,0.452,0.10200000000000001,11.806000000000001
2023-12-20 08:00:00-03:00,0.625,0.61,0.137,14.099
2023-12-20 09:00:00-03:00,0.6960000000000001,0.684,0.17,16.162
2023-12-20 10:00:00-03:00,0.6890000000000001,0.638,0.215,17.982
2023-12-20 11:00:00-03:00,0.672,0.5760000000000001,0.26,19.438
2023-12-20 12:00:00-03:00,0.6960000000000001,0.598,0.279,20.535
2023-12-20 13:00:00-03:00,0.58,0.302,0.40800000000000003,20.535
2023-12-20 14:00:00-03:00,0.49,0.20500000000000002,0.383,19.973
2023-12-20 15:00:00-03:00,0.357,0.10300000000000001,0.317,18.917
2023-12-20 16:00:00-03:00,0.299,0.082,0.267,17.65
2023-12-20 17:00:00-03:00,0.307,0.117,0.23800000000000002,15.961
2023-12-20 18:00:00-03:00,0.324,0.17500000000000002,0.196,14.049
2023-12-20 19:00:00-03:00,0.278,0.177,0.14,12.506
2023-12-20 20:00:00-03:00,0.31,0.269,0.082,11.374
2023-12-20 21:00:00-03:00,0.123,0.123,0.024,9.895
2023-12-20 22:00:00-03:00,0.0,0.0,0.0,8.528
2023-12-20 23:00:00-03:00,0.0,0.0,0.0,7.237
2023-12-21 00:00:00-03:00,0.0,0.0,0.0,5.916
2023-12-21 01:00:00-03:00,0.0,0.0,0.0,4.731
2023-12-21 02:00:00-03:00,0.0,0.0,0.0,4.032
2023-12-21 03:00:00-03:00,0.0,0.0,0.0,3.8040000000000003
2023-12-21 04:00:00-03:00,0.0,0.0,0.0,4.061
2023-12-21 05:00:00-03:00,0.004,0.009000000000000001,0.005,4.199
2023-12-21 06:00:00-03:00,0.049,0.027,0.04,5.056
2023-12-21 07:00:00-03:00,0.136,0.061,0.097,6.219
2023-12-21 08:00:00-03:00,0.331,0.199,0.169,7.577
2023-12-21 09:00:00-03:00,0.404,0.232,0.222,9.041
2023-12-21 10:00:00-03:00,0.496,0.30000000000000004,0.266,10.481
2023-12-21 11:00:00-03:00,0.635,0.47300000000000003,0.279,12.173
2023-12-21 12:00:00-03:00,0.8250000000000001,0.8260000000000001,0.213,14.17
2023-12-21 13:00:00-03:00,0.8200000000000001,0.849,0.189,15.649000000000001
2023-12-21 14:00:00-03:00,0.8220000000000001,0.842,0.20800000000000002,16.656
2023-12-21 15:00:00-03:00,0.812,0.8230000000000001,0.213,17.168
2023-12-21 16:00:00-03:00,0.785,0.794,0.2,17.132
2023-12-21 17:00:00-03:00,0.737,0.737,0.18,16.599
2023-12-21 18:00:00-03:00,0.481,0.378,0.186,15.462
2023-12-21 19:00:00-03:00,0.186,0.089,0.128,13.953
2023-12-21 20:00:00-03:00,0.058,0.024,0.054,12.326
2023-12-21 21:00:00-03:00,0.011,0.01,0.013000000000000001,10.68
2023-12-21 22:00:00-03:00,0.0,0.0,0.0,9.054
2023-12-21 23:00:00-03:00,0.0,0.0,0.0,7.999
2023-12-22 00:00:00-03:00,0.0,0.0,0.0,7.475
2023-12-22 01:00:00-03:00,0.0,0.0,0.0,7.147
2023-12-22 02:00:00-03:00,0.0,0.0,0.0,6.8100000000000005
2023-12-22 03:00:00-03:00,0.0,0.0,0.0,6.6
2023-12-22 04:00:00-03:00,0.0,0.0,0.0,6.3
2023-12-22 05:00:00-03:00,0.0,0.002,0.002,5.981
2023-12-22 06:00:00-03:00,0.04,0.02,0.037,6.15
2023-12-22 07:00:00-03:00,0.28400000000000003,0.201,0.115,7.244
2023-12-22 08:00:00-03:00,0.456,0.34900000000000003,0.166,8.997
2023-12-22 09:00:00-03:00,0.62,0.529,0.195,10.453
2023-12-22 10:00:00-03:00,0.644,0.521,0.23800000000000002,11.293
2023-12-22 11:00:00-03:00,0.617,0.436,0.291,12.12
2023-12-22 12:00:00-03:00,0.551,0.28500000000000003,0.356,12.496
2023-12-22 13:00:00-03:00,0.486,0.134,0.426,12.09
2023-12-22 14:00:00-03:00,0.545,0.251,0.382,12.227
2023-12-22 15:00:00-03:00,0.661,0.494,0.295,12.673
2023-12-22 16:00:00-03:00,0.6900000000000001,0.583,0.245,12.473
2023-12-22 17:00:00-03:00,0.64,0.541,0.215,11.732
2023-12-22 18:00:00-03:00,0.527,0.421,0.184,10.668
2023-12-22 19:00:00-03:00,0.406,0.318,0.138,9.419
2023-12-22 20:00:00-03:00,0.245,0.192,0.083,7.99
2023-12-22 21:00:00-03:00,0.033,0.028,0.02,6.716
2023-12-22 22:00:00-03:00,0.0,0.0,0.0,5.62
2023-12-22 23:00:00-03:00,0.0,0.0,0.0,4.723
2023-12-23 00:00:00-03:00,0.0,0.0,0.0,4.289
2023-12-23 01:00:00-03:00,0.0,0.0,0.0,4.192
2023-12-23 02:00:00-03:00,0.0,0.0,0.0,4.037
2023-12-23 03:00:00-03:00,0.0,0.0,0.0,3.911
2023-12-23 04:00:00-03:00,0.0,0.0,0.0,3.898
2023-12-23 05:00:00-03:00,0.007,0.012,0.006,4.039
2023-12-23 06:00:00-03:00,0.09,0.056,0.054,4.839
2023-12-23 07:00:00-03:00,0.194,0.1,0.11900000000000001,6.186
2023-12-23 08:00:00-03:00,0.378,0.234,0.188,7.88
2023-12-23 09:00:00-03:00,0.34800000000000003,0.147,0.243,9.173
2023-12-23 10:00:00-03:00,0.20800000000000002,0.026000000000000002,0.211,9.373
2023-12-23 11:00:00-03:00,0.223,0.022,0.232,9.689
2023-12-23 12:00:00-03:00,0.26,0.023,0.272,10.32
2023-12-23 13:00:00-03:00,0.421,0.06,0.42,11.686
2023-12-23 14:00:00-03:00,0.457,0.115,0.41100000000000003,12.89
2023-12-23 15:00:00-03:00,0.28300000000000003,0.037,0.28600000000000003,12.325
2023-12-23 16:00:00-03:00,0.161,0.012,0.177,11.446
2023-12-23 17:00:00-03:00,0.15,0.015,0.162,11.471
2023-12-23 18:00:00-03:00,0.132,0.019,0.139,11.47
2023-12-23 19:00:00-03:00,0.041,0.004,0.055,10.562
2023-12-23 20:00:00-03:00,0.02,0.004,0.03,9.69
2023-12-23 21:00:00-03:00,0.002,0.003,0.006,9.019
2023-12-23 22:00:00-03:00,0.0,0.0,0.0,8.624
2023-12-23 23:00:00-03:00,0.0,0.0,0.0,8.442
2023-12-24 00:00:00-03:00,0.0,0.0,0.0,8.145
2023-12-24 01:00:00-03:00,0.0,0.0,0.0,7.673
2023-12-24 02:00:00-03:00,0.0,0.0,0.0,7.146
2023-12-24 03:00:00-03:00,0.0,0.0,0.0,6.503
2023-12-24 04:00:00-03:00,0.0,0.0,0.0,5.933
2023-12-24 05:00:00-03:00,0.003,0.007,0.004,5.535
2023-12-24 06:00:00-03:00,0.049,0.027,0.04,5.5120000000000005
2023-12-24 07:00:00-03:00,0.41200000000000003,0.34700000000000003,0.11,6.153
2023-12-24 08:00:00-03:00,0.486,0.384,0.162,7.3629999999999995
2023-12-24 09:00:00-03:00,0.673,0.607,0.182,8.937
2023-12-24 10:00:00-03:00,0.764,0.724,0.2,10.579
2023-12-24 11:00:00-03:00,0.81,0.786,0.215,12.066
2023-12-24 12:00:00-03:00,0.8170000000000001,0.796,0.224,13.253
2023-12-24 13:00:00-03:00,0.776,0.711,0.25,13.987
2023-12-24 14:00:00-03:00,0.6980000000000001,0.54,0.307,14.238
2023-12-24 15:00:00-03:00,0.489,0.232,0.335,13.629
2023-12-24 16:00:00-03:00,0.34400000000000003,0.112,0.281,12.693
2023-12-24 17:00:00-03:00,0.396,0.20400000000000001,0.249,12.646
2023-12-24 18:00:00-03:00,0.481,0.367,0.188,12.904
2023-12-24 19:00:00-03:00,0.314,0.216,0.14100000000000001,12.02
2023-12-24 20:00:00-03:00,0.091,0.046,0.067,10.038
2023-12-24 21:00:00-03:00,0.001,0.002,0.006,7.94
2023-12-24 22:00:00-03:00,0.0,0.0,0.0,6.763
2023-12-24 23:00:00-03:00,0.0,0.0,0.0,6.654
2023-12-25 00:00:00-03:00,0.0,0.0,0.0,6.841
2023-12-25 01:00:00-03:00,0.0,0.0,0.0,7.179
2023-12-25 02:00:00-03:00,0.0,0.0,0.0,7.734
2023-12-25 03:00:00-03:00,0.0,0.0,0.0,8.415
2023-12-25 04:00:00-03:00,0.0,0.0,0.0,9.336
2023-12-25 05:00:00-03:00,0.001,0.004,0.004,10.427
2023-12-25 06:00:00-03:00,0.035,0.017,0.035,11.49
2023-12-25 07:00:00-03:00,0.10400000000000001,0.038,0.09,12.418
2023-12-25 08:00:00-03:00,0.098,0.017,0.105,12.622
2023-12-25 09:00:00-03:00,0.159,0.028,0.16,12.261
2023-12-25 10:00:00-03:00,0.22,0.039,0.214,12.258
2023-12-25 11:00:00-03:00,0.451,0.198,0.322,13.171
2023-12-25 12:00:00-03:00,0.495,0.209,0.367,13.904
2023-12-25 13:00:00-03:00,0.6950000000000001,0.501,0.34400000000000003,14.732
2023-12-25 14:00:00-03:00,0.761,0.673,0.27,14.925
2023-12-25 15:00:00-03:00,0.808,0.786,0.229,14.711
2023-12-25 16:00:00-03:00,0.798,0.787,0.20800000000000002,14.107
2023-12-25 17:00:00-03:00,0.754,0.739,0.184,13.295
2023-12-25 18:00:00-03:00,0.687,0.67,0.154,12.46
2023-12-25 19:00:00-03:00,0.58,0.556,0.12,11.375
2023-12-25 20:00:00-03:00,0.394,0.366,0.079,9.986
2023-12-25 21:00:00-03:00,0.098,0.095,0.025,8.473
2023-12-25 22:00:00-03:00,0.0,0.0,0.0,7.17
2023-12-25 23:00:00-03:00,0.0,0.0,0.0,6.353
2023-12-26 00:00:00-03:00,0.0,0.0,0.0,5.697
2023-12-26 01:00:00-03:00,0.0,0.0,0.0,5.115
2023-12-26 02:00:00-03:00,0.0,0.0,0.0,4.658
2023-12-26 03:00:00-03:00,0.0,0.0,0.0,4.31
2023-12-26 04:00:00-03:00,0.0,0.0,0.0,4.321
2023-12-26 05:00:00-03:00,0.002,0.005,0.004,4.536
2023-12-26 06:00:00-03:00,0.042,0.019,0.039,5.053
2023-12-26 07:00:00-03:00,0.227,0.133,0.121,6.113
2023-12-26 08:00:00-03:00,0.434,0.305,0.182,7.73
2023-12-26 09:00:00-03:00,0.438,0.252,0.242,9.327
2023-12-26 10:00:00-03:00,0.434,0.198,0.295,10.697
2023-12-26 11:00:00-03:00,0.324,0.066,0.301,11.384
2023-12-26 12:00:00-03:00,0.328,0.048,0.324,11.815
2023-12-26 13:00:00-03:00,0.372,0.042,0.381,12.339
2023-12-26 14:00:00-03:00,0.323,0.038,0.331,13.045
2023-12-26 15:00:00-03:00,0.24,0.025,0.251,13.161
2023-12-26 16:00:00-03:00,0.152,0.011,0.169,12.469
2023-12-26 17:00:00-03:00,0.10200000000000001,0.007,0.11900000000000001,11.477
2023-12-26 18:00:00-03:00,0.08,0.007,0.094,10.5
2023-12-26 19:00:00-03:00,0.151,0.051000000000000004,0.127,10.303
2023-12-26 20:00:00-03:00,0.154,0.096,0.083,9.727
2023-12-26 21:00:00-03:00,0.012,0.011,0.013000000000000001,8.536
2023-12-26 22:00:00-03:00,0.0,0.0,0.0,7.666
2023-12-26 23:00:00-03:00,0.0,0.0,0.0,7.208
2023-12-27 00:00:00-03:00,0.0,0.0,0.0,7.343
2023-12-27 01:00:00-03:00,0.0,0.0,0.0,7.982
2023-12-27 02:00:00-03:00,0.0,0.0,0.0,8.556000000000001
2023-12-27 03:00:00-03:00,0.0,0.0,0.0,8.63
2023-12-27 04:00:00-03:00,0.0,0.0,0.0,8.266
2023-12-27 05:00:00-03:00,0.0,0.0,0.001,7.855
2023-12-27 06:00:00-03:00,0.024,0.011,0.028,7.523
2023-12-27 07:00:00-03:00,0.145,0.069,0.1,7.507
2023-12-27 08:00:00-03:00,0.429,0.314,0.167,8.301
2023-12-27 09:00:00-03:00,0.652,0.577,0.187,9.769
2023-12-27 10:00:00-03:00,0.793,0.78,0.19,11.225
2023-12-27 11:00:00-03:00,0.804,0.777,0.216,12.248
2023-12-27 12:00:00-03:00,0.806,0.77,0.231,12.929
2023-12-27 13:00:00-03:00,0.772,0.6940000000000001,0.256,13.099
2023-12-27 14:00:00-03:00,0.727,0.593,0.289,12.884
2023-12-27 15:00:00-03:00,0.633,0.45,0.301,12.6
2023-12-27 16:00:00-03:00,0.6000000000000001,0.436,0.269,12.28
2023-12-27 17:00:00-03:00,0.549,0.405,0.232,11.734
2023-12-27 18:00:00-03:00,0.484,0.367,0.187,10.988
2023-12-27 19:00:00-03:00,0.305,0.203,0.14,9.832
2023-12-27 20:00:00-03:00,0.147,0.095,0.076,8.469
2023-12-27 21:00:00-03:00,0.023,0.021,0.017,7.148
2023-12-27 22:00:00-03:00,0.0,0.0,0.0,5.817
2023-12-27 23:00:00-03:00,0.0,0.0,0.0,4.691
2023-12-28 00:00:00-03:00,0.0,0.0,0.0,3.933
2023-12-28 01:00:00-03:00,0.0,0.0,0.0,3.251
2023-12-28 02:00:00-03:00,0.0,0.0,0.0,2.755
2023-12-28 03:00:00-03:00,0.0,0.0,0.0,2.666
2023-12-28 04:00:00-03:00,0.0,0.0,0.0,2.79
2023-12-28 05:00:00-03:00,0.0,0.002,0.003,2.904
2023-12-28 06:00:00-03:00,0.038,0.018000000000000002,0.036000000000000004,3.2
2023-12-28 07:00:00-03:00,0.092,0.028,0.084,3.802
2023-12-28 08:00:00-03:00,0.149,0.036000000000000004,0.134,4.286
2023-12-28 09:00:00-03:00,0.214,0.049,0.19,4.874
2023-12-28 10:00:00-03:00,0.35100000000000003,0.116,0.272,5.905
2023-12-28 11:00:00-03:00,0.511,0.248,0.327,7.16
2023-12-28 12:00:00-03:00,0.5750000000000001,0.293,0.366,8.415
2023-12-28 13:00:00-03:00,0.642,0.337,0.41300000000000003,9.603
2023-12-28 14:00:00-03:00,0.629,0.361,0.375,10.436
2023-12-28 15:00:00-03:00,0.619,0.399,0.325,10.764
2023-12-28 16:00:00-03:00,0.604,0.42,0.28400000000000003,10.645
2023-12-28 17:00:00-03:00,0.543,0.379,0.246,10.276
2023-12-28 18:00:00-03:00,0.397,0.244,0.20400000000000001,9.564
2023-12-28 19:00:00-03:00,0.194,0.08600000000000001,0.134,8.505
2023-12-28 20:00:00-03:00,0.134,0.079,0.077,7.254
2023-12-28 21:00:00-03:00,0.02,0.017,0.017,5.7940000000000005
2023-12-28 22:00:00-03:00,0.0,0.0,0.0,4.548
2023-12-28 23:00:00-03:00,0.0,0.0,0.0,3.8040000000000003
2023-12-29 00:00:00-03:00,0.0,0.0,0.0,3.257
2023-12-29 01:00:00-03:00,0.0,0.0,0.0,2.815
2023-12-29 02:00:00-03:00,0.0,0.0,0.0,2.43
2023-12-29 03:00:00-03:00,0.0,0.0,0.0,2.258
2023-12-29 04:00:00-03:00,0.0,0.0,0.0,2.808
2023-12-29 05:00:00-03:00,0.0,0.002,0.003,3.716
2023-12-29 06:00:00-03:00,0.022,0.007,0.028,4.881
2023-12-29 07:00:00-03:00,0.08,0.019,0.081,6.219
2023-12-29 08:00:00-03:00,0.221,0.078,0.171,7.773
2023-12-29 09:00:00-03:00,0.264,0.075,0.223,9.217
2023-12-29 10:00:00-03:00,0.336,0.098,0.28300000000000003,10.846
2023-12-29 11:00:00-03:00,0.522,0.259,0.34700000000000003,12.906
2023-12-29 12:00:00-03:00,0.492,0.17500000000000002,0.396,13.791
2023-12-29 13:00:00-03:00,0.306,0.021,0.327,12.461
2023-12-29 14:00:00-03:00,0.243,0.015,0.262,11.895
2023-12-29 15:00:00-03:00,0.20400000000000001,0.015,0.221,12.205
2023-12-29 16:00:00-03:00,0.158,0.011,0.17500000000000002,12.267
2023-12-29 17:00:00-03:00,0.124,0.01,0.14,12.072
2023-12-29 18:00:00-03:00,0.107,0.012,0.11900000000000001,12.103
2023-12-29 19:00:00-03:00,0.094,0.018000000000000002,0.099,12.109
2023-12-29 20:00:00-03:00,0.039,0.01,0.047,11.129
2023-12-29 21:00:00-03:00,0.008,0.008,0.011,9.98
2023-12-29 22:00:00-03:00,0.0,0.0,0.0,9.264
2023-12-29 23:00:00-03:00,0.0,0.0,0.0,8.94
2023-12-30 00:00:00-03:00,0.0,0.0,0.0,8.892
2023-12-30 01:00:00-03:00,0.0,0.0,0.0,8.936
2023-12-30 02:00:00-03:00,0.0,0.0,0.0,8.701
2023-12-30 03:00:00-03:00,0.0,0.0,0.0,7.933
2023-12-30 04:00:00-03:00,0.0,0.0,0.0,7.151
2023-12-30 05:00:00-03:00,0.004,0.009000000000000001,0.004,6.664
2023-12-30 06:00:00-03:00,0.074,0.049,0.044,6.865
2023-12-30 07:00:00-03:00,0.195,0.115,0.106,7.6
2023-12-30 08:00:00-03:00,0.421,0.311,0.163,8.819
2023-12-30 09:00:00-03:00,0.64,0.5670000000000001,0.184,10.65
2023-12-30 10:00:00-03:00,0.796,0.802,0.183,12.802
2023-12-30 11:00:00-03:00,0.792,0.778,0.212,14.696
2023-12-30 12:00:00-03:00,0.712,0.606,0.27,15.889
2023-12-30 13:00:00-03:00,0.778,0.761,0.222,17.076
2023-12-30 14:00:00-03:00,0.812,0.839,0.20400000000000001,18.092
2023-12-30 15:00:00-03:00,0.798,0.8140000000000001,0.211,18.707
2023-12-30 16:00:00-03:00,0.777,0.796,0.196,18.836
2023-12-30 17:00:00-03:00,0.713,0.712,0.179,18.341
2023-12-30 18:00:00-03:00,0.40700000000000003,0.28600000000000003,0.189,16.743
2023-12-30 19:00:00-03:00,0.296,0.20500000000000002,0.136,14.798
2023-12-30 20:00:00-03:00,0.186,0.139,0.077,12.719
2023-12-30 21:00:00-03:00,0.019,0.017,0.015,10.599
2023-12-30 22:00:00-03:00,0.0,0.0,0.0,8.933
2023-12-30 23:00:00-03:00,0.0,0.0,0.0,7.89
2023-12-31 00:00:00-03:00,0.0,0.0,0.0,7.358
2023-12-31 01:00:00-03:00,0.0,0.0,0.0,6.997
2023-12-31 02:00:00-03:00,0.0,0.0,0.0,6.746
2023-12-31 03:00:00-03:00,0.0,0.0,0.0,6.611
2023-12-31 04:00:00-03:00,0.0,0.0,0.0,6.469
2023-12-31 05:00:00-03:00,0.001,0.004,0.003,6.348
2023-12-31 06:00:00-03:00,0.065,0.041,0.044,6.775
2023-12-31 07:00:00-03:00,0.199,0.116,0.109,7.954
2023-12-31 08:00:00-03:00,0.47000000000000003,0.368,0.165,9.761
2023-12-31 09:00:00-03:00,0.538,0.40900000000000003,0.212,11.369
2023-12-31 10:00:00-03:00,0.672,0.5740000000000001,0.231,12.89
2023-12-31 11:00:00-03:00,0.6930000000000001,0.577,0.264,14.081
2023-12-31 12:00:00-03:00,0.761,0.687,0.259,15.306
2023-12-31 13:00:00-03:00,0.794,0.773,0.23,16.327
2023-12-31 14:00:00-03:00,0.797,0.778,0.234,16.961
2023-12-31 15:00:00-03:00,0.6900000000000001,0.5710000000000001,0.278,16.849
2023-12-31 16:00:00-03:00,0.484,0.275,0.294,16.001
2023-12-31 17:00:00-03:00,0.20400000000000001,0.042,0.196,14.273
2023-12-31 18:00:00-03:00,0.197,0.06,0.17,13.591
2023-12-31 19:00:00-03:00,0.151,0.059000000000000004,0.121,13.139
2023-12-31 20:00:00-03:00,0.06,0.025,0.056,12.29
