local_time,electricity,irradiance_direct,irradiance_diffuse,temperature
2016-12-31 21:00:00-03:00,0.008,0.006,0.014,11.145
2016-12-31 22:00:00-03:00,0.0,0.0,0.0,10.183
2016-12-31 23:00:00-03:00,0.0,0.0,0.0,9.369
2017-01-01 00:00:00-03:00,0.0,0.0,0.0,8.657
2017-01-01 01:00:00-03:00,0.0,0.0,0.0,8.148
2017-01-01 02:00:00-03:00,0.0,0.0,0.0,7.958
2017-01-01 03:00:00-03:00,0.0,0.0,0.0,7.948
2017-01-01 04:00:00-03:00,0.0,0.0,0.0,7.986
2017-01-01 05:00:00-03:00,0.001,0.004,0.004,8.089
2017-01-01 06:00:00-03:00,0.039,0.018000000000000002,0.038,8.557
2017-01-01 07:00:00-03:00,0.134,0.055,0.10300000000000001,9.219
2017-01-01 08:00:00-03:00,0.262,0.121,0.176,10.057
2017-01-01 09:00:00-03:00,0.33,0.14,0.234,11.038
2017-01-01 10:00:00-03:00,0.376,0.145,0.28300000000000003,12.084
2017-01-01 11:00:00-03:00,0.551,0.32,0.326,13.24
2017-01-01 12:00:00-03:00,0.676,0.485,0.33,14.141
2017-01-01 13:00:00-03:00,0.561,0.215,0.446,14.264
2017-01-01 14:00:00-03:00,0.375,0.067,0.364,13.956
2017-01-01 15:00:00-03:00,0.244,0.028,0.254,13.627
2017-01-01 16:00:00-03:00,0.184,0.018000000000000002,0.197,13.337
2017-01-01 17:00:00-03:00,0.127,0.011,0.14200000000000002,12.919
2017-01-01 18:00:00-03:00,0.07200000000000001,0.006,0.088,12.283
2017-01-01 19:00:00-03:00,0.046,0.005,0.06,11.743
2017-01-01 20:00:00-03:00,0.03,0.006,0.04,11.249
2017-01-01 21:00:00-03:00,0.008,0.005,0.013000000000000001,10.478
2017-01-01 22:00:00-03:00,0.0,0.0,0.0,9.809
2017-01-01 23:00:00-03:00,0.0,0.0,0.0,9.556000000000001
2017-01-02 00:00:00-03:00,0.0,0.0,0.0,9.332
2017-01-02 01:00:00-03:00,0.0,0.0,0.0,9.01
2017-01-02 02:00:00-03:00,0.0,0.0,0.0,8.632
2017-01-02 03:00:00-03:00,0.0,0.0,0.0,8.282
2017-01-02 04:00:00-03:00,0.0,0.0,0.0,8.184
2017-01-02 05:00:00-03:00,0.001,0.004,0.004,8.249
2017-01-02 06:00:00-03:00,0.039,0.018000000000000002,0.038,8.498
2017-01-02 07:00:00-03:00,0.135,0.056,0.10300000000000001,9.014
2017-01-02 08:00:00-03:00,0.292,0.15,0.178,9.741
2017-01-02 09:00:00-03:00,0.538,0.393,0.226,10.676
2017-01-02 10:00:00-03:00,0.44,0.214,0.28700000000000003,11.213
2017-01-02 11:00:00-03:00,0.384,0.11900000000000001,0.317,11.509
2017-01-02 12:00:00-03:00,0.391,0.097,0.34800000000000003,11.749
2017-01-02 13:00:00-03:00,0.425,0.076,0.41000000000000003,11.898
2017-01-02 14:00:00-03:00,0.368,0.062,0.356,11.89
2017-01-02 15:00:00-03:00,0.28200000000000003,0.041,0.279,11.725999999999999
2017-01-02 16:00:00-03:00,0.259,0.044,0.251,11.575
2017-01-02 17:00:00-03:00,0.225,0.044,0.213,11.356
2017-01-02 18:00:00-03:00,0.159,0.031,0.156,10.925
2017-01-02 19:00:00-03:00,0.094,0.019,0.098,10.378
2017-01-02 20:00:00-03:00,0.04,0.01,0.048,9.74
2017-01-02 21:00:00-03:00,0.007,0.005,0.012,9.091
2017-01-02 22:00:00-03:00,0.0,0.0,0.0,8.479
2017-01-02 23:00:00-03:00,0.0,0.0,0.0,8.104
2017-01-03 00:00:00-03:00,0.0,0.0,0.0,7.807
2017-01-03 01:00:00-03:00,0.0,0.0,0.0,7.534
2017-01-03 02:00:00-03:00,0.0,0.0,0.0,7.275
2017-01-03 03:00:00-03:00,0.0,0.0,0.0,7.103
2017-01-03 04:00:00-03:00,0.0,0.0,0.0,7.055
2017-01-03 05:00:00-03:00,0.002,0.005,0.004,7.063
2017-01-03 06:00:00-03:00,0.057,0.032,0.044,7.399
2017-01-03 07:00:00-03:00,0.186,0.098,0.114,7.895
2017-01-03 08:00:00-03:00,0.364,0.225,0.182,8.575
2017-01-03 09:00:00-03:00,0.317,0.125,0.23,8.883
2017-01-03 10:00:00-03:00,0.28700000000000003,0.069,0.253,8.797
2017-01-03 11:00:00-03:00,0.35000000000000003,0.088,0.304,8.938
2017-01-03 12:00:00-03:00,0.498,0.197,0.37,9.637
2017-01-03 13:00:00-03:00,0.494,0.126,0.437,10.014
2017-01-03 14:00:00-03:00,0.385,0.069,0.365,9.956
2017-01-03 15:00:00-03:00,0.295,0.046,0.28700000000000003,9.654
2017-01-03 16:00:00-03:00,0.229,0.031,0.229,9.207
2017-01-03 17:00:00-03:00,0.15,0.016,0.159,8.63
2017-01-03 18:00:00-03:00,0.093,0.009000000000000001,0.106,8.108
2017-01-03 19:00:00-03:00,0.078,0.013000000000000001,0.08600000000000001,7.703
2017-01-03 20:00:00-03:00,0.057,0.018000000000000002,0.058,7.276
2017-01-03 21:00:00-03:00,0.014,0.01,0.016,6.612
2017-01-03 22:00:00-03:00,0.0,0.0,0.0,5.922
2017-01-03 23:00:00-03:00,0.0,0.0,0.0,5.4
2017-01-04 00:00:00-03:00,0.0,0.0,0.0,4.944
2017-01-04 01:00:00-03:00,0.0,0.0,0.0,4.515
2017-01-04 02:00:00-03:00,0.0,0.0,0.0,4.182
2017-01-04 03:00:00-03:00,0.0,0.0,0.0,3.868
2017-01-04 04:00:00-03:00,0.0,0.0,0.0,3.6950000000000003
2017-01-04 05:00:00-03:00,0.001,0.004,0.003,3.666
2017-01-04 06:00:00-03:00,0.043000000000000003,0.022,0.037,4.005
2017-01-04 07:00:00-03:00,0.114,0.043000000000000003,0.092,4.654
2017-01-04 08:00:00-03:00,0.21,0.079,0.157,5.39
2017-01-04 09:00:00-03:00,0.32,0.132,0.222,6.142
2017-01-04 10:00:00-03:00,0.20800000000000002,0.032,0.202,6.411
2017-01-04 11:00:00-03:00,0.194,0.02,0.2,6.742
2017-01-04 12:00:00-03:00,0.387,0.098,0.334,7.73
2017-01-04 13:00:00-03:00,0.587,0.254,0.42,8.529
2017-01-04 14:00:00-03:00,0.58,0.28400000000000003,0.383,8.897
2017-01-04 15:00:00-03:00,0.54,0.28,0.336,9.003
2017-01-04 16:00:00-03:00,0.534,0.315,0.295,9.056
2017-01-04 17:00:00-03:00,0.55,0.387,0.243,9.072
2017-01-04 18:00:00-03:00,0.521,0.402,0.191,9.038
2017-01-04 19:00:00-03:00,0.44,0.356,0.14,8.822
2017-01-04 20:00:00-03:00,0.226,0.169,0.08600000000000001,8.273
2017-01-04 21:00:00-03:00,0.04,0.034,0.023,7.432
2017-01-04 22:00:00-03:00,0.0,0.0,0.0,6.33
2017-01-04 23:00:00-03:00,0.0,0.0,0.0,5.85
2017-01-05 00:00:00-03:00,0.0,0.0,0.0,5.457
2017-01-05 01:00:00-03:00,0.0,0.0,0.0,5.081
2017-01-05 02:00:00-03:00,0.0,0.0,0.0,5.074
2017-01-05 03:00:00-03:00,0.0,0.0,0.0,5.143
2017-01-05 04:00:00-03:00,0.0,0.0,0.0,5.081
2017-01-05 05:00:00-03:00,0.006,0.011,0.005,4.892
2017-01-05 06:00:00-03:00,0.082,0.052000000000000005,0.049,5.226
2017-01-05 07:00:00-03:00,0.17500000000000002,0.088,0.11,5.757
2017-01-05 08:00:00-03:00,0.219,0.082,0.163,6.423
2017-01-05 09:00:00-03:00,0.31,0.11900000000000001,0.226,7.378
2017-01-05 10:00:00-03:00,0.404,0.169,0.28300000000000003,8.459
2017-01-05 11:00:00-03:00,0.487,0.226,0.328,9.707
2017-01-05 12:00:00-03:00,0.578,0.311,0.36,10.936
2017-01-05 13:00:00-03:00,0.528,0.17,0.44,11.626
2017-01-05 14:00:00-03:00,0.464,0.134,0.398,11.894
2017-01-05 15:00:00-03:00,0.183,0.013000000000000001,0.198,10.768
2017-01-05 16:00:00-03:00,0.106,0.005,0.123,9.753
2017-01-05 17:00:00-03:00,0.074,0.004,0.09,9.499
2017-01-05 18:00:00-03:00,0.064,0.005,0.08,10.072
2017-01-05 19:00:00-03:00,0.054,0.007,0.067,10.755
2017-01-05 20:00:00-03:00,0.029,0.006,0.039,10.626
2017-01-05 21:00:00-03:00,0.005,0.005,0.01,10.114
2017-01-05 22:00:00-03:00,0.0,0.0,0.0,10.021
2017-01-05 23:00:00-03:00,0.0,0.0,0.0,10.132
2017-01-06 00:00:00-03:00,0.0,0.0,0.0,9.898
2017-01-06 01:00:00-03:00,0.0,0.0,0.0,9.289
2017-01-06 02:00:00-03:00,0.0,0.0,0.0,8.656
2017-01-06 03:00:00-03:00,0.0,0.0,0.0,8.167
2017-01-06 04:00:00-03:00,0.0,0.0,0.0,7.663
2017-01-06 05:00:00-03:00,0.001,0.004,0.003,7.053
2017-01-06 06:00:00-03:00,0.051000000000000004,0.031,0.038,6.731
2017-01-06 07:00:00-03:00,0.133,0.062,0.093,6.82
2017-01-06 08:00:00-03:00,0.321,0.192,0.164,7.204
2017-01-06 09:00:00-03:00,0.491,0.343,0.211,7.939
2017-01-06 10:00:00-03:00,0.649,0.525,0.231,8.899000000000001
2017-01-06 11:00:00-03:00,0.7010000000000001,0.5760000000000001,0.255,9.941
2017-01-06 12:00:00-03:00,0.749,0.639,0.264,10.834
2017-01-06 13:00:00-03:00,0.6930000000000001,0.502,0.325,11.308
2017-01-06 14:00:00-03:00,0.757,0.655,0.266,11.836
2017-01-06 15:00:00-03:00,0.649,0.482,0.28700000000000003,11.942
2017-01-06 16:00:00-03:00,0.581,0.41300000000000003,0.266,11.875
2017-01-06 17:00:00-03:00,0.562,0.43,0.224,11.709
2017-01-06 18:00:00-03:00,0.579,0.505,0.169,11.284
2017-01-06 19:00:00-03:00,0.389,0.305,0.135,10.38
2017-01-06 20:00:00-03:00,0.201,0.149,0.08,9.123
2017-01-06 21:00:00-03:00,0.032,0.028,0.02,7.741
2017-01-06 22:00:00-03:00,0.0,0.0,0.0,6.425
2017-01-06 23:00:00-03:00,0.0,0.0,0.0,5.62
2017-01-07 00:00:00-03:00,0.0,0.0,0.0,5.055
2017-01-07 01:00:00-03:00,0.0,0.0,0.0,4.595
2017-01-07 02:00:00-03:00,0.0,0.0,0.0,4.37
2017-01-07 03:00:00-03:00,0.0,0.0,0.0,4.337
2017-01-07 04:00:00-03:00,0.0,0.0,0.0,4.35
2017-01-07 05:00:00-03:00,0.011,0.018000000000000002,0.005,4.259
2017-01-07 06:00:00-03:00,0.198,0.167,0.055,4.7379999999999995
2017-01-07 07:00:00-03:00,0.391,0.319,0.112,5.497
2017-01-07 08:00:00-03:00,0.435,0.315,0.17,6.569
2017-01-07 09:00:00-03:00,0.42,0.243,0.226,7.696
2017-01-07 10:00:00-03:00,0.34800000000000003,0.125,0.264,8.472
2017-01-07 11:00:00-03:00,0.267,0.047,0.253,8.757
2017-01-07 12:00:00-03:00,0.322,0.06,0.301,9.123
2017-01-07 13:00:00-03:00,0.47500000000000003,0.127,0.41200000000000003,9.698
2017-01-07 14:00:00-03:00,0.419,0.10300000000000001,0.37,10.028
2017-01-07 15:00:00-03:00,0.34800000000000003,0.085,0.308,10.275
2017-01-07 16:00:00-03:00,0.37,0.13,0.28800000000000003,10.562
2017-01-07 17:00:00-03:00,0.314,0.113,0.242,10.503
2017-01-07 18:00:00-03:00,0.215,0.068,0.177,10.103
2017-01-07 19:00:00-03:00,0.129,0.04,0.114,9.581
2017-01-07 20:00:00-03:00,0.07100000000000001,0.029,0.062,8.968
2017-01-07 21:00:00-03:00,0.02,0.016,0.018000000000000002,8.123
2017-01-07 22:00:00-03:00,0.0,0.0,0.0,7.26
2017-01-07 23:00:00-03:00,0.0,0.0,0.0,6.839
2017-01-08 00:00:00-03:00,0.0,0.0,0.0,6.503
2017-01-08 01:00:00-03:00,0.0,0.0,0.0,6.215
2017-01-08 02:00:00-03:00,0.0,0.0,0.0,5.861
2017-01-08 03:00:00-03:00,0.0,0.0,0.0,5.6530000000000005
2017-01-08 04:00:00-03:00,0.0,0.0,0.0,5.569
2017-01-08 05:00:00-03:00,0.001,0.005,0.003,5.59
2017-01-08 06:00:00-03:00,0.06,0.035,0.043000000000000003,6.016
2017-01-08 07:00:00-03:00,0.11900000000000001,0.044,0.097,6.731
2017-01-08 08:00:00-03:00,0.129,0.026000000000000002,0.127,7.5809999999999995
2017-01-08 09:00:00-03:00,0.157,0.022,0.16,8.5
2017-01-08 10:00:00-03:00,0.177,0.019,0.185,9.326
2017-01-08 11:00:00-03:00,0.196,0.018000000000000002,0.20800000000000002,9.968
2017-01-08 12:00:00-03:00,0.20600000000000002,0.015,0.221,10.356
2017-01-08 13:00:00-03:00,0.242,0.013000000000000001,0.262,10.421
2017-01-08 14:00:00-03:00,0.22,0.013000000000000001,0.23800000000000002,10.341
2017-01-08 15:00:00-03:00,0.196,0.014,0.211,10.283
2017-01-08 16:00:00-03:00,0.195,0.019,0.20500000000000002,10.448
2017-01-08 17:00:00-03:00,0.192,0.028,0.193,10.655
2017-01-08 18:00:00-03:00,0.139,0.021,0.14300000000000002,10.383
2017-01-08 19:00:00-03:00,0.08600000000000001,0.015,0.092,9.759
2017-01-08 20:00:00-03:00,0.039,0.009000000000000001,0.047,8.885
2017-01-08 21:00:00-03:00,0.006,0.005,0.011,7.792
2017-01-08 22:00:00-03:00,0.0,0.0,0.0,6.865
2017-01-08 23:00:00-03:00,0.0,0.0,0.0,6.289
2017-01-09 00:00:00-03:00,0.0,0.0,0.0,5.873
2017-01-09 01:00:00-03:00,0.0,0.0,0.0,5.479
2017-01-09 02:00:00-03:00,0.0,0.0,0.0,5.134
2017-01-09 03:00:00-03:00,0.0,0.0,0.0,4.7940000000000005
2017-01-09 04:00:00-03:00,0.0,0.0,0.0,4.523
2017-01-09 05:00:00-03:00,0.006,0.012,0.004,4.322
2017-01-09 06:00:00-03:00,0.151,0.121,0.052000000000000005,4.709
2017-01-09 07:00:00-03:00,0.314,0.233,0.114,5.533
2017-01-09 08:00:00-03:00,0.394,0.265,0.17200000000000001,6.383
2017-01-09 09:00:00-03:00,0.375,0.19,0.227,7.116
2017-01-09 10:00:00-03:00,0.35100000000000003,0.126,0.265,7.7780000000000005
2017-01-09 11:00:00-03:00,0.337,0.08700000000000001,0.289,8.212
2017-01-09 12:00:00-03:00,0.324,0.06,0.302,8.644
2017-01-09 13:00:00-03:00,0.427,0.08700000000000001,0.394,9.346
2017-01-09 14:00:00-03:00,0.453,0.131,0.382,9.856
2017-01-09 15:00:00-03:00,0.353,0.08700000000000001,0.31,9.743
2017-01-09 16:00:00-03:00,0.28300000000000003,0.062,0.257,9.504
2017-01-09 17:00:00-03:00,0.248,0.061,0.219,9.301
2017-01-09 18:00:00-03:00,0.165,0.036000000000000004,0.155,8.917
2017-01-09 19:00:00-03:00,0.115,0.031,0.107,8.459
2017-01-09 20:00:00-03:00,0.069,0.028,0.061,7.856
2017-01-09 21:00:00-03:00,0.02,0.018000000000000002,0.016,7.078
2017-01-09 22:00:00-03:00,0.0,0.0,0.0,6.228
2017-01-09 23:00:00-03:00,0.0,0.0,0.0,5.754
2017-01-10 00:00:00-03:00,0.0,0.0,0.0,5.401
2017-01-10 01:00:00-03:00,0.0,0.0,0.0,5.072
2017-01-10 02:00:00-03:00,0.0,0.0,0.0,4.897
2017-01-10 03:00:00-03:00,0.0,0.0,0.0,4.91
2017-01-10 04:00:00-03:00,0.0,0.0,0.0,5.043
2017-01-10 05:00:00-03:00,0.002,0.006,0.003,5.317
2017-01-10 06:00:00-03:00,0.07100000000000001,0.049,0.042,5.7219999999999995
2017-01-10 07:00:00-03:00,0.074,0.022,0.07100000000000001,6.028
2017-01-10 08:00:00-03:00,0.117,0.025,0.113,6.155
2017-01-10 09:00:00-03:00,0.191,0.042,0.17300000000000001,6.368
2017-01-10 10:00:00-03:00,0.484,0.274,0.269,7.159
2017-01-10 11:00:00-03:00,0.633,0.441,0.289,7.805
2017-01-10 12:00:00-03:00,0.578,0.322,0.338,7.792
2017-01-10 13:00:00-03:00,0.669,0.41100000000000003,0.368,8.089
2017-01-10 14:00:00-03:00,0.672,0.445,0.34,8.417
2017-01-10 15:00:00-03:00,0.649,0.452,0.303,8.561
2017-01-10 16:00:00-03:00,0.632,0.467,0.267,8.757
2017-01-10 17:00:00-03:00,0.422,0.224,0.249,8.535
2017-01-10 18:00:00-03:00,0.2,0.058,0.169,7.884
2017-01-10 19:00:00-03:00,0.077,0.015,0.082,7.139
2017-01-10 20:00:00-03:00,0.021,0.005,0.031,6.36
2017-01-10 21:00:00-03:00,0.001,0.002,0.006,5.614
2017-01-10 22:00:00-03:00,0.0,0.0,0.0,5.192
2017-01-10 23:00:00-03:00,0.0,0.0,0.0,4.981
2017-01-11 00:00:00-03:00,0.0,0.0,0.0,4.971
2017-01-11 01:00:00-03:00,0.0,0.0,0.0,5.17
2017-01-11 02:00:00-03:00,0.0,0.0,0.0,5.423
2017-01-11 03:00:00-03:00,0.0,0.0,0.0,5.714
2017-01-11 04:00:00-03:00,0.0,0.0,0.0,5.896
2017-01-11 05:00:00-03:00,0.001,0.004,0.002,5.96
2017-01-11 06:00:00-03:00,0.069,0.047,0.041,6.294
2017-01-11 07:00:00-03:00,0.196,0.117,0.105,6.877
2017-01-11 08:00:00-03:00,0.369,0.242,0.168,7.721
2017-01-11 09:00:00-03:00,0.535,0.398,0.212,8.862
2017-01-11 10:00:00-03:00,0.649,0.52,0.241,9.981
2017-01-11 11:00:00-03:00,0.516,0.28400000000000003,0.307,10.561
2017-01-11 12:00:00-03:00,0.299,0.052000000000000005,0.28500000000000003,10.237
2017-01-11 13:00:00-03:00,0.40900000000000003,0.083,0.38,10.201
2017-01-11 14:00:00-03:00,0.543,0.249,0.378,10.797
2017-01-11 15:00:00-03:00,0.5660000000000001,0.336,0.321,11.388
2017-01-11 16:00:00-03:00,0.442,0.212,0.292,11.633
2017-01-11 17:00:00-03:00,0.368,0.171,0.246,11.591
2017-01-11 18:00:00-03:00,0.231,0.084,0.18,11.194
2017-01-11 19:00:00-03:00,0.10200000000000001,0.026000000000000002,0.099,10.257
2017-01-11 20:00:00-03:00,0.041,0.013000000000000001,0.046,9.166
2017-01-11 21:00:00-03:00,0.009000000000000001,0.009000000000000001,0.012,8.634
2017-01-11 22:00:00-03:00,0.0,0.0,0.0,8.335
2017-01-11 23:00:00-03:00,0.0,0.0,0.0,8.156
2017-01-12 00:00:00-03:00,0.0,0.0,0.0,8.025
2017-01-12 01:00:00-03:00,0.0,0.0,0.0,7.934
2017-01-12 02:00:00-03:00,0.0,0.0,0.0,7.808
2017-01-12 03:00:00-03:00,0.0,0.0,0.0,7.656
2017-01-12 04:00:00-03:00,0.0,0.0,0.0,7.511
2017-01-12 05:00:00-03:00,0.0,0.001,0.001,7.391
2017-01-12 06:00:00-03:00,0.029,0.017,0.028,7.463
2017-01-12 07:00:00-03:00,0.188,0.113,0.10200000000000001,7.946
2017-01-12 08:00:00-03:00,0.486,0.391,0.158,8.753
2017-01-12 09:00:00-03:00,0.619,0.525,0.195,9.606
2017-01-12 10:00:00-03:00,0.676,0.5700000000000001,0.23,10.457
2017-01-12 11:00:00-03:00,0.649,0.49,0.276,11.242
2017-01-12 12:00:00-03:00,0.639,0.443,0.313,11.759
2017-01-12 13:00:00-03:00,0.636,0.383,0.368,11.855
2017-01-12 14:00:00-03:00,0.532,0.242,0.372,11.535
2017-01-12 15:00:00-03:00,0.455,0.195,0.324,11.138
2017-01-12 16:00:00-03:00,0.366,0.135,0.28,10.792
2017-01-12 17:00:00-03:00,0.298,0.106,0.231,10.518
2017-01-12 18:00:00-03:00,0.227,0.082,0.176,10.056
2017-01-12 19:00:00-03:00,0.11900000000000001,0.037,0.106,9.289
2017-01-12 20:00:00-03:00,0.05,0.018000000000000002,0.05,8.444
2017-01-12 21:00:00-03:00,0.009000000000000001,0.008,0.012,7.589
2017-01-12 22:00:00-03:00,0.0,0.0,0.0,6.821
2017-01-12 23:00:00-03:00,0.0,0.0,0.0,6.348
2017-01-13 00:00:00-03:00,0.0,0.0,0.0,6.002
2017-01-13 01:00:00-03:00,0.0,0.0,0.0,5.7780000000000005
2017-01-13 02:00:00-03:00,0.0,0.0,0.0,5.806
2017-01-13 03:00:00-03:00,0.0,0.0,0.0,5.868
2017-01-13 04:00:00-03:00,0.0,0.0,0.0,5.868
2017-01-13 05:00:00-03:00,0.0,0.003,0.002,5.804
2017-01-13 06:00:00-03:00,0.029,0.015,0.029,6.0
2017-01-13 07:00:00-03:00,0.075,0.021,0.074,6.294
2017-01-13 08:00:00-03:00,0.126,0.027,0.122,6.564
2017-01-13 09:00:00-03:00,0.151,0.022,0.152,6.947
2017-01-13 10:00:00-03:00,0.176,0.02,0.181,7.418
2017-01-13 11:00:00-03:00,0.185,0.016,0.194,8.013
2017-01-13 12:00:00-03:00,0.246,0.026000000000000002,0.252,9.027
2017-01-13 13:00:00-03:00,0.326,0.035,0.332,10.332
2017-01-13 14:00:00-03:00,0.29,0.031,0.298,11.191
2017-01-13 15:00:00-03:00,0.275,0.04,0.272,11.531
2017-01-13 16:00:00-03:00,0.276,0.055,0.258,11.544
2017-01-13 17:00:00-03:00,0.255,0.064,0.227,11.417
2017-01-13 18:00:00-03:00,0.233,0.079,0.187,11.161
2017-01-13 19:00:00-03:00,0.167,0.066,0.129,10.782
2017-01-13 20:00:00-03:00,0.042,0.012,0.048,10.108
2017-01-13 21:00:00-03:00,0.001,0.002,0.006,9.401
2017-01-13 22:00:00-03:00,0.0,0.0,0.0,8.983
2017-01-13 23:00:00-03:00,0.0,0.0,0.0,8.798
2017-01-14 00:00:00-03:00,0.0,0.0,0.0,8.675
2017-01-14 01:00:00-03:00,0.0,0.0,0.0,8.611
2017-01-14 02:00:00-03:00,0.0,0.0,0.0,8.56
2017-01-14 03:00:00-03:00,0.0,0.0,0.0,8.541
2017-01-14 04:00:00-03:00,0.0,0.0,0.0,8.505
2017-01-14 05:00:00-03:00,0.0,0.0,0.0,8.435
2017-01-14 06:00:00-03:00,0.004,0.002,0.011,8.707
2017-01-14 07:00:00-03:00,0.027,0.004,0.038,9.227
2017-01-14 08:00:00-03:00,0.066,0.008,0.078,9.77
2017-01-14 09:00:00-03:00,0.105,0.011,0.117,10.219
2017-01-14 10:00:00-03:00,0.14400000000000002,0.014,0.156,10.669
2017-01-14 11:00:00-03:00,0.186,0.018000000000000002,0.197,11.176
2017-01-14 12:00:00-03:00,0.22,0.021,0.232,11.618
2017-01-14 13:00:00-03:00,0.271,0.022,0.28700000000000003,11.977
2017-01-14 14:00:00-03:00,0.368,0.068,0.35100000000000003,12.459
2017-01-14 15:00:00-03:00,0.448,0.177,0.339,13.053
2017-01-14 16:00:00-03:00,0.402,0.162,0.298,13.265
2017-01-14 17:00:00-03:00,0.445,0.257,0.255,13.317
2017-01-14 18:00:00-03:00,0.468,0.34500000000000003,0.196,13.099
2017-01-14 19:00:00-03:00,0.34800000000000003,0.255,0.14200000000000002,12.553
2017-01-14 20:00:00-03:00,0.192,0.14300000000000002,0.08,11.712
2017-01-14 21:00:00-03:00,0.026000000000000002,0.026000000000000002,0.015,10.689
2017-01-14 22:00:00-03:00,0.0,0.0,0.0,9.991
2017-01-14 23:00:00-03:00,0.0,0.0,0.0,9.599
2017-01-15 00:00:00-03:00,0.0,0.0,0.0,9.334
2017-01-15 01:00:00-03:00,0.0,0.0,0.0,9.125
2017-01-15 02:00:00-03:00,0.0,0.0,0.0,9.072
2017-01-15 03:00:00-03:00,0.0,0.0,0.0,9.083
2017-01-15 04:00:00-03:00,0.0,0.0,0.0,9.044
2017-01-15 05:00:00-03:00,0.0,0.0,0.0,8.983
2017-01-15 06:00:00-03:00,0.006,0.003,0.013000000000000001,9.046
2017-01-15 07:00:00-03:00,0.026000000000000002,0.004,0.037,9.302
2017-01-15 08:00:00-03:00,0.063,0.007,0.076,9.77
2017-01-15 09:00:00-03:00,0.14200000000000002,0.021,0.147,10.505
2017-01-15 10:00:00-03:00,0.17300000000000001,0.021,0.18,11.093
2017-01-15 11:00:00-03:00,0.167,0.014,0.181,11.296
2017-01-15 12:00:00-03:00,0.199,0.016,0.213,11.472
2017-01-15 13:00:00-03:00,0.319,0.036000000000000004,0.326,11.956
2017-01-15 14:00:00-03:00,0.34800000000000003,0.057,0.339,12.39
2017-01-15 15:00:00-03:00,0.325,0.069,0.301,12.686
2017-01-15 16:00:00-03:00,0.251,0.045,0.243,12.742
2017-01-15 17:00:00-03:00,0.28200000000000003,0.08700000000000001,0.23600000000000002,12.938
2017-01-15 18:00:00-03:00,0.301,0.145,0.199,12.946
2017-01-15 19:00:00-03:00,0.35100000000000003,0.259,0.14100000000000001,12.691
2017-01-15 20:00:00-03:00,0.198,0.15,0.079,12.011
2017-01-15 21:00:00-03:00,0.045,0.048,0.016,10.925
2017-01-15 22:00:00-03:00,0.0,0.0,0.0,10.024
2017-01-15 23:00:00-03:00,0.0,0.0,0.0,9.425
2017-01-16 00:00:00-03:00,0.0,0.0,0.0,9.017
2017-01-16 01:00:00-03:00,0.0,0.0,0.0,8.602
2017-01-16 02:00:00-03:00,0.0,0.0,0.0,7.813
2017-01-16 03:00:00-03:00,0.0,0.0,0.0,6.913
2017-01-16 04:00:00-03:00,0.0,0.0,0.0,6.312
2017-01-16 05:00:00-03:00,0.0,0.001,0.001,5.861
2017-01-16 06:00:00-03:00,0.065,0.049,0.035,5.623
2017-01-16 07:00:00-03:00,0.215,0.14,0.101,5.896
2017-01-16 08:00:00-03:00,0.372,0.251,0.162,6.595
2017-01-16 09:00:00-03:00,0.461,0.303,0.213,7.424
2017-01-16 10:00:00-03:00,0.47500000000000003,0.274,0.261,8.028
2017-01-16 11:00:00-03:00,0.462,0.221,0.30000000000000004,8.515
2017-01-16 12:00:00-03:00,0.586,0.352,0.323,9.141
2017-01-16 13:00:00-03:00,0.6900000000000001,0.48,0.335,9.554
2017-01-16 14:00:00-03:00,0.664,0.451,0.329,9.694
2017-01-16 15:00:00-03:00,0.555,0.323,0.314,9.554
2017-01-16 16:00:00-03:00,0.454,0.229,0.28300000000000003,9.188
2017-01-16 17:00:00-03:00,0.375,0.181,0.23900000000000002,8.728
2017-01-16 18:00:00-03:00,0.166,0.042,0.15,7.996
2017-01-16 19:00:00-03:00,0.044,0.006,0.056,7.043
2017-01-16 20:00:00-03:00,0.021,0.005,0.03,6.458
2017-01-16 21:00:00-03:00,0.004,0.005,0.008,6.076
2017-01-16 22:00:00-03:00,0.0,0.0,0.0,5.6690000000000005
2017-01-16 23:00:00-03:00,0.0,0.0,0.0,5.435
2017-01-17 00:00:00-03:00,0.0,0.0,0.0,5.281
2017-01-17 01:00:00-03:00,0.0,0.0,0.0,5.167
2017-01-17 02:00:00-03:00,0.0,0.0,0.0,4.963
2017-01-17 03:00:00-03:00,0.0,0.0,0.0,4.63
2017-01-17 04:00:00-03:00,0.0,0.0,0.0,4.166
2017-01-17 05:00:00-03:00,0.0,0.0,0.0,3.888
2017-01-17 06:00:00-03:00,0.008,0.004,0.014,4.163
2017-01-17 07:00:00-03:00,0.07,0.022,0.067,5.092
2017-01-17 08:00:00-03:00,0.263,0.133,0.16,6.426
2017-01-17 09:00:00-03:00,0.35000000000000003,0.17200000000000001,0.218,7.652
2017-01-17 10:00:00-03:00,0.437,0.223,0.268,8.624
2017-01-17 11:00:00-03:00,0.518,0.28400000000000003,0.306,9.21
2017-01-17 12:00:00-03:00,0.496,0.224,0.341,9.541
2017-01-17 13:00:00-03:00,0.5680000000000001,0.261,0.394,9.974
2017-01-17 14:00:00-03:00,0.483,0.17400000000000002,0.376,10.019
2017-01-17 15:00:00-03:00,0.316,0.068,0.28700000000000003,9.566
2017-01-17 16:00:00-03:00,0.23800000000000002,0.041,0.228,9.115
2017-01-17 17:00:00-03:00,0.247,0.065,0.214,9.017
2017-01-17 18:00:00-03:00,0.187,0.052000000000000005,0.162,8.702
2017-01-17 19:00:00-03:00,0.126,0.041,0.109,8.244
2017-01-17 20:00:00-03:00,0.088,0.046,0.063,7.799
2017-01-17 21:00:00-03:00,0.018000000000000002,0.019,0.012,6.99
2017-01-17 22:00:00-03:00,0.0,0.0,0.0,6.162
2017-01-17 23:00:00-03:00,0.0,0.0,0.0,5.641
2017-01-18 00:00:00-03:00,0.0,0.0,0.0,5.097
2017-01-18 01:00:00-03:00,0.0,0.0,0.0,4.713
2017-01-18 02:00:00-03:00,0.0,0.0,0.0,4.692
2017-01-18 03:00:00-03:00,0.0,0.0,0.0,4.87
2017-01-18 04:00:00-03:00,0.0,0.0,0.0,4.976
2017-01-18 05:00:00-03:00,0.0,0.0,0.0,5.056
2017-01-18 06:00:00-03:00,0.007,0.004,0.013000000000000001,5.458
2017-01-18 07:00:00-03:00,0.026000000000000002,0.004,0.037,5.938
2017-01-18 08:00:00-03:00,0.069,0.009000000000000001,0.08,6.334
2017-01-18 09:00:00-03:00,0.12,0.014,0.128,6.726
2017-01-18 10:00:00-03:00,0.116,0.009000000000000001,0.13,6.893
2017-01-18 11:00:00-03:00,0.161,0.013000000000000001,0.17300000000000001,7.662
2017-01-18 12:00:00-03:00,0.23,0.024,0.23700000000000002,9.56
2017-01-18 13:00:00-03:00,0.20800000000000002,0.012,0.226,10.9
2017-01-18 14:00:00-03:00,0.252,0.023,0.264,11.518
2017-01-18 15:00:00-03:00,0.263,0.038,0.261,11.761
2017-01-18 16:00:00-03:00,0.341,0.106,0.28200000000000003,12.159
2017-01-18 17:00:00-03:00,0.45,0.265,0.252,12.617
2017-01-18 18:00:00-03:00,0.382,0.23700000000000002,0.199,12.473
2017-01-18 19:00:00-03:00,0.28200000000000003,0.183,0.139,11.939
2017-01-18 20:00:00-03:00,0.10200000000000001,0.059000000000000004,0.067,11.032
2017-01-18 21:00:00-03:00,0.015,0.018000000000000002,0.009000000000000001,9.989
2017-01-18 22:00:00-03:00,0.0,0.0,0.0,9.417
2017-01-18 23:00:00-03:00,0.0,0.0,0.0,9.094
2017-01-19 00:00:00-03:00,0.0,0.0,0.0,8.802
2017-01-19 01:00:00-03:00,0.0,0.0,0.0,8.713
2017-01-19 02:00:00-03:00,0.0,0.0,0.0,8.716
2017-01-19 03:00:00-03:00,0.0,0.0,0.0,8.725
2017-01-19 04:00:00-03:00,0.0,0.0,0.0,8.732
2017-01-19 05:00:00-03:00,0.0,0.001,0.001,8.7
2017-01-19 06:00:00-03:00,0.057,0.044,0.033,8.978
2017-01-19 07:00:00-03:00,0.192,0.122,0.099,9.688
2017-01-19 08:00:00-03:00,0.249,0.126,0.157,10.507
2017-01-19 09:00:00-03:00,0.16,0.031,0.156,10.884
2017-01-19 10:00:00-03:00,0.156,0.019,0.164,11.142
2017-01-19 11:00:00-03:00,0.23600000000000002,0.038,0.232,11.967
2017-01-19 12:00:00-03:00,0.361,0.098,0.314,13.268
2017-01-19 13:00:00-03:00,0.41500000000000004,0.10400000000000001,0.375,14.066
2017-01-19 14:00:00-03:00,0.268,0.031,0.277,13.814
2017-01-19 15:00:00-03:00,0.23600000000000002,0.032,0.24,13.648
2017-01-19 16:00:00-03:00,0.378,0.152,0.28400000000000003,14.327
2017-01-19 17:00:00-03:00,0.331,0.14200000000000002,0.23900000000000002,14.746
2017-01-19 18:00:00-03:00,0.203,0.068,0.17,14.735
2017-01-19 19:00:00-03:00,0.176,0.084,0.124,14.417
2017-01-19 20:00:00-03:00,0.179,0.139,0.07200000000000001,13.68
2017-01-19 21:00:00-03:00,0.031,0.039,0.009000000000000001,12.66
2017-01-19 22:00:00-03:00,0.0,0.0,0.0,12.036
2017-01-19 23:00:00-03:00,0.0,0.0,0.0,11.503
2017-01-20 00:00:00-03:00,0.0,0.0,0.0,11.192
2017-01-20 01:00:00-03:00,0.0,0.0,0.0,10.951
2017-01-20 02:00:00-03:00,0.0,0.0,0.0,10.844
2017-01-20 03:00:00-03:00,0.0,0.0,0.0,10.77
2017-01-20 04:00:00-03:00,0.0,0.0,0.0,10.622
2017-01-20 05:00:00-03:00,0.0,0.004,0.001,10.49
2017-01-20 06:00:00-03:00,0.161,0.152,0.036000000000000004,10.596
2017-01-20 07:00:00-03:00,0.506,0.497,0.084,11.071
2017-01-20 08:00:00-03:00,0.653,0.653,0.11900000000000001,11.571
2017-01-20 09:00:00-03:00,0.732,0.734,0.151,12.085
2017-01-20 10:00:00-03:00,0.778,0.777,0.18,12.672
2017-01-20 11:00:00-03:00,0.801,0.791,0.20400000000000001,13.237
2017-01-20 12:00:00-03:00,0.805,0.782,0.221,13.609
2017-01-20 13:00:00-03:00,0.804,0.787,0.216,13.772
2017-01-20 14:00:00-03:00,0.792,0.762,0.222,13.798
2017-01-20 15:00:00-03:00,0.773,0.736,0.219,13.722
2017-01-20 16:00:00-03:00,0.707,0.649,0.209,13.51
2017-01-20 17:00:00-03:00,0.622,0.55,0.188,13.181
2017-01-20 18:00:00-03:00,0.5670000000000001,0.514,0.149,12.709
2017-01-20 19:00:00-03:00,0.446,0.401,0.11,12.098
2017-01-20 20:00:00-03:00,0.244,0.216,0.063,11.251
2017-01-20 21:00:00-03:00,0.033,0.039,0.01,9.908
2017-01-20 22:00:00-03:00,0.0,0.0,0.0,8.997
2017-01-20 23:00:00-03:00,0.0,0.0,0.0,8.554
2017-01-21 00:00:00-03:00,0.0,0.0,0.0,8.274000000000001
2017-01-21 01:00:00-03:00,0.0,0.0,0.0,8.073
2017-01-21 02:00:00-03:00,0.0,0.0,0.0,7.915
2017-01-21 03:00:00-03:00,0.0,0.0,0.0,7.932
2017-01-21 04:00:00-03:00,0.0,0.0,0.0,7.708
2017-01-21 05:00:00-03:00,0.001,0.006,0.001,7.486
2017-01-21 06:00:00-03:00,0.133,0.12,0.036000000000000004,7.75
2017-01-21 07:00:00-03:00,0.275,0.212,0.097,8.506
2017-01-21 08:00:00-03:00,0.521,0.449,0.145,9.451
2017-01-21 09:00:00-03:00,0.626,0.547,0.185,10.319
2017-01-21 10:00:00-03:00,0.674,0.578,0.222,11.139
2017-01-21 11:00:00-03:00,0.728,0.634,0.245,11.964
2017-01-21 12:00:00-03:00,0.649,0.47700000000000004,0.294,12.472
2017-01-21 13:00:00-03:00,0.592,0.34500000000000003,0.352,12.83
2017-01-21 14:00:00-03:00,0.432,0.15,0.34600000000000003,13.079
2017-01-21 15:00:00-03:00,0.402,0.158,0.303,13.408
2017-01-21 16:00:00-03:00,0.225,0.044,0.215,12.867
2017-01-21 17:00:00-03:00,0.122,0.015,0.133,12.003
2017-01-21 18:00:00-03:00,0.114,0.021,0.117,11.639
2017-01-21 19:00:00-03:00,0.163,0.077,0.114,11.419
2017-01-21 20:00:00-03:00,0.112,0.075,0.061,10.832
2017-01-21 21:00:00-03:00,0.013000000000000001,0.017,0.009000000000000001,9.899000000000001
2017-01-21 22:00:00-03:00,0.0,0.0,0.0,9.105
2017-01-21 23:00:00-03:00,0.0,0.0,0.0,8.747
2017-01-22 00:00:00-03:00,0.0,0.0,0.0,8.477
2017-01-22 01:00:00-03:00,0.0,0.0,0.0,8.312
2017-01-22 02:00:00-03:00,0.0,0.0,0.0,8.239
2017-01-22 03:00:00-03:00,0.0,0.0,0.0,8.249
2017-01-22 04:00:00-03:00,0.0,0.0,0.0,8.276
2017-01-22 05:00:00-03:00,0.0,0.0,0.0,8.322
2017-01-22 06:00:00-03:00,0.012,0.008,0.016,8.471
2017-01-22 07:00:00-03:00,0.068,0.023,0.065,8.879
2017-01-22 08:00:00-03:00,0.209,0.092,0.147,9.586
2017-01-22 09:00:00-03:00,0.431,0.273,0.216,10.555
2017-01-22 10:00:00-03:00,0.392,0.183,0.262,11.317
2017-01-22 11:00:00-03:00,0.41600000000000004,0.17500000000000002,0.30000000000000004,12.044
2017-01-22 12:00:00-03:00,0.44,0.17500000000000002,0.33,12.709
2017-01-22 13:00:00-03:00,0.507,0.20700000000000002,0.382,13.387
2017-01-22 14:00:00-03:00,0.449,0.157,0.362,13.783
2017-01-22 15:00:00-03:00,0.255,0.041,0.252,13.687
2017-01-22 16:00:00-03:00,0.212,0.034,0.212,13.502
2017-01-22 17:00:00-03:00,0.198,0.04,0.189,13.302
2017-01-22 18:00:00-03:00,0.085,0.01,0.098,12.855
2017-01-22 19:00:00-03:00,0.058,0.01,0.068,12.419
2017-01-22 20:00:00-03:00,0.028,0.009000000000000001,0.035,12.137
2017-01-22 21:00:00-03:00,0.002,0.006,0.005,11.94
2017-01-22 22:00:00-03:00,0.0,0.0,0.0,11.758
2017-01-22 23:00:00-03:00,0.0,0.0,0.0,11.551
2017-01-23 00:00:00-03:00,0.0,0.0,0.0,11.226
2017-01-23 01:00:00-03:00,0.0,0.0,0.0,10.866
2017-01-23 02:00:00-03:00,0.0,0.0,0.0,10.647
2017-01-23 03:00:00-03:00,0.0,0.0,0.0,10.663
2017-01-23 04:00:00-03:00,0.0,0.0,0.0,10.495
2017-01-23 05:00:00-03:00,0.0,0.0,0.0,10.022
2017-01-23 06:00:00-03:00,0.028,0.022,0.021,9.237
2017-01-23 07:00:00-03:00,0.138,0.079,0.083,8.341
2017-01-23 08:00:00-03:00,0.31,0.195,0.151,8.028
2017-01-23 09:00:00-03:00,0.341,0.179,0.202,8.425
2017-01-23 10:00:00-03:00,0.6930000000000001,0.6000000000000001,0.217,9.278
2017-01-23 11:00:00-03:00,0.6930000000000001,0.5650000000000001,0.254,9.82
2017-01-23 12:00:00-03:00,0.622,0.425,0.30000000000000004,10.084
2017-01-23 13:00:00-03:00,0.586,0.333,0.34800000000000003,10.395
2017-01-23 14:00:00-03:00,0.494,0.22,0.34500000000000003,10.535
2017-01-23 15:00:00-03:00,0.341,0.101,0.28400000000000003,10.322
2017-01-23 16:00:00-03:00,0.333,0.117,0.258,10.355
2017-01-23 17:00:00-03:00,0.377,0.198,0.229,10.552
2017-01-23 18:00:00-03:00,0.34,0.20500000000000002,0.179,10.523
2017-01-23 19:00:00-03:00,0.357,0.281,0.121,10.16
2017-01-23 20:00:00-03:00,0.163,0.126,0.063,9.424
2017-01-23 21:00:00-03:00,0.015,0.02,0.008,8.395
2017-01-23 22:00:00-03:00,0.0,0.0,0.0,7.604
2017-01-23 23:00:00-03:00,0.0,0.0,0.0,6.96
2017-01-24 00:00:00-03:00,0.0,0.0,0.0,6.283
2017-01-24 01:00:00-03:00,0.0,0.0,0.0,5.918
2017-01-24 02:00:00-03:00,0.0,0.0,0.0,5.765
2017-01-24 03:00:00-03:00,0.0,0.0,0.0,5.89
2017-01-24 04:00:00-03:00,0.0,0.0,0.0,6.008
2017-01-24 05:00:00-03:00,0.0,0.0,0.0,5.997
2017-01-24 06:00:00-03:00,0.01,0.007,0.014,6.001
2017-01-24 07:00:00-03:00,0.045,0.012,0.05,6.288
2017-01-24 08:00:00-03:00,0.10200000000000001,0.022,0.101,6.906
2017-01-24 09:00:00-03:00,0.201,0.054,0.17500000000000002,8.078
2017-01-24 10:00:00-03:00,0.299,0.096,0.24,9.354
2017-01-24 11:00:00-03:00,0.322,0.09,0.273,10.284
2017-01-24 12:00:00-03:00,0.322,0.074,0.29,10.921
2017-01-24 13:00:00-03:00,0.35000000000000003,0.067,0.33,11.412
2017-01-24 14:00:00-03:00,0.34500000000000003,0.07200000000000001,0.32,11.742
2017-01-24 15:00:00-03:00,0.306,0.07,0.278,11.843
2017-01-24 16:00:00-03:00,0.297,0.082,0.256,11.849
2017-01-24 17:00:00-03:00,0.275,0.092,0.221,11.78
2017-01-24 18:00:00-03:00,0.257,0.114,0.179,11.617
2017-01-24 19:00:00-03:00,0.177,0.08700000000000001,0.11900000000000001,11.183
2017-01-24 20:00:00-03:00,0.08,0.046,0.055,10.518
2017-01-24 21:00:00-03:00,0.008,0.012,0.006,9.514
2017-01-24 22:00:00-03:00,0.0,0.0,0.0,8.648
2017-01-24 23:00:00-03:00,0.0,0.0,0.0,8.241
2017-01-25 00:00:00-03:00,0.0,0.0,0.0,7.824
2017-01-25 01:00:00-03:00,0.0,0.0,0.0,7.215
2017-01-25 02:00:00-03:00,0.0,0.0,0.0,6.462
2017-01-25 03:00:00-03:00,0.0,0.0,0.0,5.993
2017-01-25 04:00:00-03:00,0.0,0.0,0.0,6.163
2017-01-25 05:00:00-03:00,0.0,0.0,0.0,7.006
2017-01-25 06:00:00-03:00,0.032,0.03,0.019,7.211
2017-01-25 07:00:00-03:00,0.23500000000000001,0.171,0.094,8.171
2017-01-25 08:00:00-03:00,0.457,0.365,0.153,9.698
2017-01-25 09:00:00-03:00,0.23700000000000002,0.081,0.188,10.84
2017-01-25 10:00:00-03:00,0.14100000000000001,0.016,0.151,11.481
2017-01-25 11:00:00-03:00,0.28600000000000003,0.069,0.257,12.533
2017-01-25 12:00:00-03:00,0.23600000000000002,0.033,0.23800000000000002,13.042
2017-01-25 13:00:00-03:00,0.445,0.154,0.362,14.441
2017-01-25 14:00:00-03:00,0.41100000000000003,0.134,0.34400000000000003,15.754
2017-01-25 15:00:00-03:00,0.17,0.016,0.186,15.652
2017-01-25 16:00:00-03:00,0.223,0.041,0.219,15.344
2017-01-25 17:00:00-03:00,0.279,0.101,0.222,15.0
2017-01-25 18:00:00-03:00,0.229,0.094,0.17200000000000001,14.366
2017-01-25 19:00:00-03:00,0.125,0.047,0.10400000000000001,13.496
2017-01-25 20:00:00-03:00,0.039,0.016,0.041,12.527
2017-01-25 21:00:00-03:00,0.001,0.004,0.004,11.596
2017-01-25 22:00:00-03:00,0.0,0.0,0.0,10.837
2017-01-25 23:00:00-03:00,0.0,0.0,0.0,10.197
2017-01-26 00:00:00-03:00,0.0,0.0,0.0,9.897
2017-01-26 01:00:00-03:00,0.0,0.0,0.0,9.672
2017-01-26 02:00:00-03:00,0.0,0.0,0.0,9.395
2017-01-26 03:00:00-03:00,0.0,0.0,0.0,9.268
2017-01-26 04:00:00-03:00,0.0,0.0,0.0,9.194
2017-01-26 05:00:00-03:00,0.0,0.0,0.0,9.17
2017-01-26 06:00:00-03:00,0.021,0.02,0.015,9.386
2017-01-26 07:00:00-03:00,0.14,0.085,0.081,10.173
2017-01-26 08:00:00-03:00,0.593,0.561,0.133,11.718
2017-01-26 09:00:00-03:00,0.625,0.5630000000000001,0.18,13.413
2017-01-26 10:00:00-03:00,0.536,0.389,0.241,14.507
2017-01-26 11:00:00-03:00,0.379,0.16,0.278,15.131
2017-01-26 12:00:00-03:00,0.198,0.025,0.20700000000000002,15.099
2017-01-26 13:00:00-03:00,0.219,0.023,0.232,14.865
2017-01-26 14:00:00-03:00,0.20500000000000002,0.021,0.218,14.52
2017-01-26 15:00:00-03:00,0.378,0.14300000000000002,0.292,14.675
2017-01-26 16:00:00-03:00,0.442,0.245,0.268,14.506
2017-01-26 17:00:00-03:00,0.516,0.386,0.217,14.141
2017-01-26 18:00:00-03:00,0.487,0.398,0.166,13.533
2017-01-26 19:00:00-03:00,0.46900000000000003,0.431,0.109,12.7
2017-01-26 20:00:00-03:00,0.222,0.195,0.06,11.754
2017-01-26 21:00:00-03:00,0.012,0.018000000000000002,0.006,10.797
2017-01-26 22:00:00-03:00,0.0,0.0,0.0,10.122
2017-01-26 23:00:00-03:00,0.0,0.0,0.0,9.655
2017-01-27 00:00:00-03:00,0.0,0.0,0.0,9.286
2017-01-27 01:00:00-03:00,0.0,0.0,0.0,8.925
2017-01-27 02:00:00-03:00,0.0,0.0,0.0,8.724
2017-01-27 03:00:00-03:00,0.0,0.0,0.0,8.673
2017-01-27 04:00:00-03:00,0.0,0.0,0.0,8.659
2017-01-27 05:00:00-03:00,0.0,0.0,0.0,8.554
2017-01-27 06:00:00-03:00,0.038,0.036000000000000004,0.02,8.701
2017-01-27 07:00:00-03:00,0.094,0.045,0.07100000000000001,9.243
2017-01-27 08:00:00-03:00,0.168,0.065,0.13,9.79
2017-01-27 09:00:00-03:00,0.23800000000000002,0.084,0.186,10.351
2017-01-27 10:00:00-03:00,0.217,0.046,0.202,10.767
2017-01-27 11:00:00-03:00,0.231,0.041,0.224,11.128
2017-01-27 12:00:00-03:00,0.304,0.068,0.277,11.587
2017-01-27 13:00:00-03:00,0.363,0.08700000000000001,0.326,11.906
2017-01-27 14:00:00-03:00,0.487,0.217,0.34500000000000003,12.461
2017-01-27 15:00:00-03:00,0.517,0.293,0.307,12.688
2017-01-27 16:00:00-03:00,0.424,0.21,0.276,12.591
2017-01-27 17:00:00-03:00,0.211,0.051000000000000004,0.192,12.105
2017-01-27 18:00:00-03:00,0.099,0.015,0.107,11.553
2017-01-27 19:00:00-03:00,0.076,0.019,0.079,11.143
2017-01-27 20:00:00-03:00,0.036000000000000004,0.015,0.038,10.637
2017-01-27 21:00:00-03:00,0.0,0.003,0.003,9.992
2017-01-27 22:00:00-03:00,0.0,0.0,0.0,9.593
2017-01-27 23:00:00-03:00,0.0,0.0,0.0,9.425
2017-01-28 00:00:00-03:00,0.0,0.0,0.0,9.344
2017-01-28 01:00:00-03:00,0.0,0.0,0.0,9.312
2017-01-28 02:00:00-03:00,0.0,0.0,0.0,9.319
2017-01-28 03:00:00-03:00,0.0,0.0,0.0,9.281
2017-01-28 04:00:00-03:00,0.0,0.0,0.0,9.211
2017-01-28 05:00:00-03:00,0.0,0.0,0.0,9.153
2017-01-28 06:00:00-03:00,0.006,0.005,0.01,9.165
2017-01-28 07:00:00-03:00,0.024,0.005,0.034,9.302
2017-01-28 08:00:00-03:00,0.05,0.006,0.064,9.508
2017-01-28 09:00:00-03:00,0.089,0.008,0.10300000000000001,9.948
2017-01-28 10:00:00-03:00,0.153,0.017,0.162,10.668
2017-01-28 11:00:00-03:00,0.215,0.028,0.218,11.472
2017-01-28 12:00:00-03:00,0.227,0.026000000000000002,0.234,12.192
2017-01-28 13:00:00-03:00,0.25,0.025,0.261,12.721
2017-01-28 14:00:00-03:00,0.257,0.03,0.265,13.142
2017-01-28 15:00:00-03:00,0.184,0.016,0.198,13.129
2017-01-28 16:00:00-03:00,0.111,0.007,0.129,12.763
2017-01-28 17:00:00-03:00,0.07100000000000001,0.004,0.089,12.379
2017-01-28 18:00:00-03:00,0.049,0.003,0.064,11.984
2017-01-28 19:00:00-03:00,0.042,0.006,0.055,11.616
2017-01-28 20:00:00-03:00,0.017,0.005,0.026000000000000002,11.154
2017-01-28 21:00:00-03:00,0.0,0.002,0.003,10.542
2017-01-28 22:00:00-03:00,0.0,0.0,0.0,10.022
2017-01-28 23:00:00-03:00,0.0,0.0,0.0,9.659
2017-01-29 00:00:00-03:00,0.0,0.0,0.0,9.54
2017-01-29 01:00:00-03:00,0.0,0.0,0.0,9.527
2017-01-29 02:00:00-03:00,0.0,0.0,0.0,9.407
2017-01-29 03:00:00-03:00,0.0,0.0,0.0,9.174
2017-01-29 04:00:00-03:00,0.0,0.0,0.0,8.929
2017-01-29 05:00:00-03:00,0.0,0.0,0.0,8.747
2017-01-29 06:00:00-03:00,0.07200000000000001,0.07200000000000001,0.021,8.91
2017-01-29 07:00:00-03:00,0.181,0.125,0.084,9.747
2017-01-29 08:00:00-03:00,0.268,0.16,0.145,10.964
2017-01-29 09:00:00-03:00,0.39,0.243,0.203,12.271
2017-01-29 10:00:00-03:00,0.511,0.34800000000000003,0.246,13.2
2017-01-29 11:00:00-03:00,0.548,0.363,0.281,13.889
2017-01-29 12:00:00-03:00,0.605,0.42,0.30000000000000004,14.337
2017-01-29 13:00:00-03:00,0.404,0.136,0.33,14.215
2017-01-29 14:00:00-03:00,0.331,0.081,0.299,13.962
2017-01-29 15:00:00-03:00,0.243,0.044,0.23600000000000002,13.502
2017-01-29 16:00:00-03:00,0.182,0.027,0.186,12.959
2017-01-29 17:00:00-03:00,0.163,0.03,0.163,12.438
2017-01-29 18:00:00-03:00,0.11800000000000001,0.024,0.11900000000000001,11.592
2017-01-29 19:00:00-03:00,0.058,0.012,0.065,10.572
2017-01-29 20:00:00-03:00,0.017,0.006,0.024,9.406
2017-01-29 21:00:00-03:00,0.0,0.001,0.002,8.429
2017-01-29 22:00:00-03:00,0.0,0.0,0.0,7.765
2017-01-29 23:00:00-03:00,0.0,0.0,0.0,7.415
2017-01-30 00:00:00-03:00,0.0,0.0,0.0,7.146
2017-01-30 01:00:00-03:00,0.0,0.0,0.0,6.812
2017-01-30 02:00:00-03:00,0.0,0.0,0.0,6.4879999999999995
2017-01-30 03:00:00-03:00,0.0,0.0,0.0,6.267
2017-01-30 04:00:00-03:00,0.0,0.0,0.0,6.155
2017-01-30 05:00:00-03:00,0.0,0.0,0.0,6.179
2017-01-30 06:00:00-03:00,0.018000000000000002,0.017,0.015,6.313
2017-01-30 07:00:00-03:00,0.051000000000000004,0.017,0.052000000000000005,6.62
2017-01-30 08:00:00-03:00,0.113,0.03,0.106,7.019
2017-01-30 09:00:00-03:00,0.199,0.055,0.171,7.587
2017-01-30 10:00:00-03:00,0.20400000000000001,0.038,0.193,7.936
2017-01-30 11:00:00-03:00,0.214,0.031,0.21,8.299
2017-01-30 12:00:00-03:00,0.262,0.044,0.251,8.984
2017-01-30 13:00:00-03:00,0.261,0.035,0.259,9.369
2017-01-30 14:00:00-03:00,0.248,0.032,0.248,9.64
2017-01-30 15:00:00-03:00,0.264,0.049,0.25,10.064
2017-01-30 16:00:00-03:00,0.244,0.051000000000000004,0.227,10.264
2017-01-30 17:00:00-03:00,0.197,0.042,0.184,10.113
2017-01-30 18:00:00-03:00,0.128,0.026000000000000002,0.126,9.508
2017-01-30 19:00:00-03:00,0.073,0.017,0.076,8.702
2017-01-30 20:00:00-03:00,0.025,0.009000000000000001,0.031,7.835
2017-01-30 21:00:00-03:00,0.0,0.001,0.002,7.03
2017-01-30 22:00:00-03:00,0.0,0.0,0.0,6.379
2017-01-30 23:00:00-03:00,0.0,0.0,0.0,5.795
2017-01-31 00:00:00-03:00,0.0,0.0,0.0,5.338
2017-01-31 01:00:00-03:00,0.0,0.0,0.0,5.056
2017-01-31 02:00:00-03:00,0.0,0.0,0.0,4.884
2017-01-31 03:00:00-03:00,0.0,0.0,0.0,4.786
2017-01-31 04:00:00-03:00,0.0,0.0,0.0,4.7
2017-01-31 05:00:00-03:00,0.0,0.0,0.0,4.69
2017-01-31 06:00:00-03:00,0.1,0.101,0.02,4.933
2017-01-31 07:00:00-03:00,0.271,0.216,0.084,5.707
2017-01-31 08:00:00-03:00,0.291,0.181,0.14200000000000002,6.645
2017-01-31 09:00:00-03:00,0.261,0.108,0.184,7.507
2017-01-31 10:00:00-03:00,0.214,0.049,0.194,8.142
2017-01-31 11:00:00-03:00,0.185,0.025,0.186,8.408
2017-01-31 12:00:00-03:00,0.229,0.036000000000000004,0.223,8.893
2017-01-31 13:00:00-03:00,0.446,0.182,0.324,10.181
2017-01-31 14:00:00-03:00,0.5720000000000001,0.352,0.313,11.276
2017-01-31 15:00:00-03:00,0.618,0.448,0.279,11.796
2017-01-31 16:00:00-03:00,0.451,0.252,0.264,11.676
2017-01-31 17:00:00-03:00,0.184,0.04,0.17200000000000001,10.935
2017-01-31 18:00:00-03:00,0.129,0.03,0.124,10.367
2017-01-31 19:00:00-03:00,0.061,0.014,0.067,9.713
2017-01-31 20:00:00-03:00,0.028,0.012,0.031,9.19
2017-01-31 21:00:00-03:00,0.0,0.001,0.002,8.751
2017-01-31 22:00:00-03:00,0.0,0.0,0.0,8.451
2017-01-31 23:00:00-03:00,0.0,0.0,0.0,8.293
2017-02-01 00:00:00-03:00,0.0,0.0,0.0,8.217
2017-02-01 01:00:00-03:00,0.0,0.0,0.0,8.168
2017-02-01 02:00:00-03:00,0.0,0.0,0.0,8.171
2017-02-01 03:00:00-03:00,0.0,0.0,0.0,8.212
2017-02-01 04:00:00-03:00,0.0,0.0,0.0,8.284
2017-02-01 05:00:00-03:00,0.0,0.0,0.0,8.454
2017-02-01 06:00:00-03:00,0.007,0.009000000000000001,0.009000000000000001,8.729
2017-02-01 07:00:00-03:00,0.055,0.023,0.051000000000000004,9.141
2017-02-01 08:00:00-03:00,0.117,0.037,0.10300000000000001,9.624
2017-02-01 09:00:00-03:00,0.191,0.059000000000000004,0.161,10.342
2017-02-01 10:00:00-03:00,0.30000000000000004,0.115,0.226,11.391
2017-02-01 11:00:00-03:00,0.315,0.10400000000000001,0.255,12.272
2017-02-01 12:00:00-03:00,0.47400000000000003,0.248,0.30000000000000004,13.065
2017-02-01 13:00:00-03:00,0.687,0.544,0.28700000000000003,13.876
2017-02-01 14:00:00-03:00,0.712,0.595,0.274,14.329
2017-02-01 15:00:00-03:00,0.587,0.417,0.278,14.173
2017-02-01 16:00:00-03:00,0.28700000000000003,0.091,0.23700000000000002,13.216
2017-02-01 17:00:00-03:00,0.266,0.101,0.20400000000000001,12.666
2017-02-01 18:00:00-03:00,0.192,0.073,0.15,12.274000000000001
2017-02-01 19:00:00-03:00,0.127,0.058,0.095,11.934
2017-02-01 20:00:00-03:00,0.043000000000000003,0.025,0.037,11.382
2017-02-01 21:00:00-03:00,0.0,0.001,0.001,10.788
2017-02-01 22:00:00-03:00,0.0,0.0,0.0,10.504
2017-02-01 23:00:00-03:00,0.0,0.0,0.0,10.392
2017-02-02 00:00:00-03:00,0.0,0.0,0.0,10.576
2017-02-02 01:00:00-03:00,0.0,0.0,0.0,10.989
2017-02-02 02:00:00-03:00,0.0,0.0,0.0,11.289
2017-02-02 03:00:00-03:00,0.0,0.0,0.0,11.358
2017-02-02 04:00:00-03:00,0.0,0.0,0.0,11.225
2017-02-02 05:00:00-03:00,0.0,0.0,0.0,11.03
2017-02-02 06:00:00-03:00,0.007,0.007,0.01,10.809
2017-02-02 07:00:00-03:00,0.036000000000000004,0.01,0.042,10.942
2017-02-02 08:00:00-03:00,0.076,0.014,0.083,11.252
2017-02-02 09:00:00-03:00,0.123,0.019,0.129,11.603
2017-02-02 10:00:00-03:00,0.16,0.021,0.166,11.924
2017-02-02 11:00:00-03:00,0.202,0.028,0.20600000000000002,12.259
2017-02-02 12:00:00-03:00,0.244,0.037,0.242,12.602
2017-02-02 13:00:00-03:00,0.251,0.036000000000000004,0.252,12.757
2017-02-02 14:00:00-03:00,0.203,0.021,0.214,12.572
2017-02-02 15:00:00-03:00,0.154,0.012,0.169,11.993
2017-02-02 16:00:00-03:00,0.095,0.005,0.113,10.882
2017-02-02 17:00:00-03:00,0.069,0.004,0.085,9.425
2017-02-02 18:00:00-03:00,0.047,0.004,0.062,8.136
2017-02-02 19:00:00-03:00,0.023,0.002,0.035,7.388
2017-02-02 20:00:00-03:00,0.005,0.002,0.013000000000000001,7.021
2017-02-02 21:00:00-03:00,0.0,0.0,0.001,6.797
2017-02-02 22:00:00-03:00,0.0,0.0,0.0,6.652
2017-02-02 23:00:00-03:00,0.0,0.0,0.0,6.4879999999999995
2017-02-03 00:00:00-03:00,0.0,0.0,0.0,6.338
2017-02-03 01:00:00-03:00,0.0,0.0,0.0,6.192
2017-02-03 02:00:00-03:00,0.0,0.0,0.0,6.048
2017-02-03 03:00:00-03:00,0.0,0.0,0.0,5.943
2017-02-03 04:00:00-03:00,0.0,0.0,0.0,5.861
2017-02-03 05:00:00-03:00,0.0,0.0,0.0,5.693
2017-02-03 06:00:00-03:00,0.049,0.053,0.014,5.507
2017-02-03 07:00:00-03:00,0.219,0.17200000000000001,0.073,5.956
2017-02-03 08:00:00-03:00,0.462,0.387,0.128,6.47
2017-02-03 09:00:00-03:00,0.542,0.439,0.17500000000000002,7.071
2017-02-03 10:00:00-03:00,0.5640000000000001,0.425,0.218,7.732
2017-02-03 11:00:00-03:00,0.597,0.438,0.249,8.327
2017-02-03 12:00:00-03:00,0.623,0.454,0.269,8.872
2017-02-03 13:00:00-03:00,0.644,0.47600000000000003,0.276,9.311
2017-02-03 14:00:00-03:00,0.617,0.442,0.275,9.648
2017-02-03 15:00:00-03:00,0.592,0.425,0.261,9.853
2017-02-03 16:00:00-03:00,0.558,0.40800000000000003,0.234,9.919
2017-02-03 17:00:00-03:00,0.425,0.277,0.20400000000000001,9.787
2017-02-03 18:00:00-03:00,0.333,0.218,0.157,9.528
2017-02-03 19:00:00-03:00,0.23800000000000002,0.168,0.10200000000000001,9.128
2017-02-03 20:00:00-03:00,0.098,0.078,0.042,8.326
2017-02-03 21:00:00-03:00,0.0,0.003,0.001,6.743
2017-02-03 22:00:00-03:00,0.0,0.0,0.0,5.97
2017-02-03 23:00:00-03:00,0.0,0.0,0.0,5.312
2017-02-04 00:00:00-03:00,0.0,0.0,0.0,4.686
2017-02-04 01:00:00-03:00,0.0,0.0,0.0,4.261
2017-02-04 02:00:00-03:00,0.0,0.0,0.0,4.038
2017-02-04 03:00:00-03:00,0.0,0.0,0.0,3.96
2017-02-04 04:00:00-03:00,0.0,0.0,0.0,3.9530000000000003
2017-02-04 05:00:00-03:00,0.0,0.0,0.0,3.991
2017-02-04 06:00:00-03:00,0.073,0.078,0.014,4.296
2017-02-04 07:00:00-03:00,0.216,0.17,0.07100000000000001,5.652
2017-02-04 08:00:00-03:00,0.377,0.29,0.129,6.9190000000000005
2017-02-04 09:00:00-03:00,0.514,0.406,0.17500000000000002,7.845
2017-02-04 10:00:00-03:00,0.654,0.56,0.20400000000000001,8.948
2017-02-04 11:00:00-03:00,0.726,0.641,0.225,10.019
2017-02-04 12:00:00-03:00,0.728,0.627,0.247,10.932
2017-02-04 13:00:00-03:00,0.661,0.517,0.268,11.667
2017-02-04 14:00:00-03:00,0.5650000000000001,0.383,0.277,12.201
2017-02-04 15:00:00-03:00,0.5630000000000001,0.397,0.261,12.809
2017-02-04 16:00:00-03:00,0.47600000000000003,0.311,0.24,13.243
2017-02-04 17:00:00-03:00,0.41400000000000003,0.273,0.202,13.466
2017-02-04 18:00:00-03:00,0.28700000000000003,0.17500000000000002,0.154,13.326
2017-02-04 19:00:00-03:00,0.11800000000000001,0.057,0.08600000000000001,12.639
2017-02-04 20:00:00-03:00,0.03,0.018000000000000002,0.028,11.314
2017-02-04 21:00:00-03:00,0.0,0.001,0.001,10.082
2017-02-04 22:00:00-03:00,0.0,0.0,0.0,9.404
2017-02-04 23:00:00-03:00,0.0,0.0,0.0,9.069
2017-02-05 00:00:00-03:00,0.0,0.0,0.0,8.852
2017-02-05 01:00:00-03:00,0.0,0.0,0.0,8.622
2017-02-05 02:00:00-03:00,0.0,0.0,0.0,8.201
2017-02-05 03:00:00-03:00,0.0,0.0,0.0,7.718
2017-02-05 04:00:00-03:00,0.0,0.0,0.0,7.061
2017-02-05 05:00:00-03:00,0.0,0.0,0.0,6.606
2017-02-05 06:00:00-03:00,0.051000000000000004,0.056,0.013000000000000001,6.622
2017-02-05 07:00:00-03:00,0.223,0.18,0.07100000000000001,7.728
2017-02-05 08:00:00-03:00,0.402,0.323,0.129,9.445
2017-02-05 09:00:00-03:00,0.455,0.338,0.18,10.752
2017-02-05 10:00:00-03:00,0.614,0.511,0.211,11.85
2017-02-05 11:00:00-03:00,0.66,0.549,0.23800000000000002,12.835
2017-02-05 12:00:00-03:00,0.591,0.427,0.272,13.608
2017-02-05 13:00:00-03:00,0.622,0.467,0.277,14.433
2017-02-05 14:00:00-03:00,0.742,0.67,0.249,15.402
2017-02-05 15:00:00-03:00,0.739,0.6880000000000001,0.23,16.273
2017-02-05 16:00:00-03:00,0.486,0.331,0.241,16.588
2017-02-05 17:00:00-03:00,0.20800000000000002,0.068,0.177,16.426
2017-02-05 18:00:00-03:00,0.094,0.02,0.099,15.745
2017-02-05 19:00:00-03:00,0.044,0.011,0.052000000000000005,14.447
2017-02-05 20:00:00-03:00,0.011,0.006,0.018000000000000002,13.034
2017-02-05 21:00:00-03:00,0.0,0.0,0.0,12.04
2017-02-05 22:00:00-03:00,0.0,0.0,0.0,11.467
2017-02-05 23:00:00-03:00,0.0,0.0,0.0,10.999
2017-02-06 00:00:00-03:00,0.0,0.0,0.0,10.637
2017-02-06 01:00:00-03:00,0.0,0.0,0.0,10.136
2017-02-06 02:00:00-03:00,0.0,0.0,0.0,9.796
2017-02-06 03:00:00-03:00,0.0,0.0,0.0,9.565
2017-02-06 04:00:00-03:00,0.0,0.0,0.0,9.199
2017-02-06 05:00:00-03:00,0.0,0.0,0.0,8.955
2017-02-06 06:00:00-03:00,0.0,0.002,0.004,8.889
2017-02-06 07:00:00-03:00,0.028,0.011,0.032,9.091
2017-02-06 08:00:00-03:00,0.114,0.042,0.095,9.38
2017-02-06 09:00:00-03:00,0.292,0.155,0.17400000000000002,10.081
2017-02-06 10:00:00-03:00,0.542,0.40900000000000003,0.217,11.171
2017-02-06 11:00:00-03:00,0.671,0.5660000000000001,0.234,12.344
2017-02-06 12:00:00-03:00,0.769,0.709,0.23700000000000002,13.274000000000001
2017-02-06 13:00:00-03:00,0.804,0.764,0.23800000000000002,13.844
2017-02-06 14:00:00-03:00,0.756,0.687,0.245,14.112
2017-02-06 15:00:00-03:00,0.687,0.592,0.24,14.222
2017-02-06 16:00:00-03:00,0.5760000000000001,0.452,0.228,14.125
2017-02-06 17:00:00-03:00,0.448,0.319,0.199,13.878
2017-02-06 18:00:00-03:00,0.34900000000000003,0.247,0.153,13.449
2017-02-06 19:00:00-03:00,0.17500000000000002,0.111,0.094,12.762
2017-02-06 20:00:00-03:00,0.044,0.032,0.031,11.725999999999999
2017-02-06 21:00:00-03:00,0.0,0.0,0.0,10.419
2017-02-06 22:00:00-03:00,0.0,0.0,0.0,9.861
2017-02-06 23:00:00-03:00,0.0,0.0,0.0,9.489
2017-02-07 00:00:00-03:00,0.0,0.0,0.0,9.205
2017-02-07 01:00:00-03:00,0.0,0.0,0.0,8.971
2017-02-07 02:00:00-03:00,0.0,0.0,0.0,8.782
2017-02-07 03:00:00-03:00,0.0,0.0,0.0,8.63
2017-02-07 04:00:00-03:00,0.0,0.0,0.0,8.5
2017-02-07 05:00:00-03:00,0.0,0.0,0.0,8.314
2017-02-07 06:00:00-03:00,0.015,0.019,0.009000000000000001,8.23
2017-02-07 07:00:00-03:00,0.123,0.085,0.062,8.858
2017-02-07 08:00:00-03:00,0.23900000000000002,0.146,0.126,9.725
2017-02-07 09:00:00-03:00,0.366,0.231,0.184,11.339
2017-02-07 10:00:00-03:00,0.47400000000000003,0.318,0.229,12.668
2017-02-07 11:00:00-03:00,0.518,0.342,0.262,13.524000000000001
2017-02-07 12:00:00-03:00,0.511,0.313,0.28300000000000003,13.975
2017-02-07 13:00:00-03:00,0.358,0.121,0.29,13.979
2017-02-07 14:00:00-03:00,0.306,0.083,0.268,14.095
2017-02-07 15:00:00-03:00,0.266,0.07100000000000001,0.23600000000000002,14.189
2017-02-07 16:00:00-03:00,0.218,0.052000000000000005,0.201,14.2
2017-02-07 17:00:00-03:00,0.189,0.052000000000000005,0.17,14.227
2017-02-07 18:00:00-03:00,0.15,0.05,0.129,14.074
2017-02-07 19:00:00-03:00,0.096,0.041,0.08,13.575
2017-02-07 20:00:00-03:00,0.026000000000000002,0.016,0.026000000000000002,12.395
2017-02-07 21:00:00-03:00,0.0,0.0,0.0,11.125
2017-02-07 22:00:00-03:00,0.0,0.0,0.0,10.53
2017-02-07 23:00:00-03:00,0.0,0.0,0.0,10.022
2017-02-08 00:00:00-03:00,0.0,0.0,0.0,9.506
2017-02-08 01:00:00-03:00,0.0,0.0,0.0,9.183
2017-02-08 02:00:00-03:00,0.0,0.0,0.0,9.032
2017-02-08 03:00:00-03:00,0.0,0.0,0.0,8.885
2017-02-08 04:00:00-03:00,0.0,0.0,0.0,8.884
2017-02-08 05:00:00-03:00,0.0,0.0,0.0,8.85
2017-02-08 06:00:00-03:00,0.005,0.008,0.006,8.818
2017-02-08 07:00:00-03:00,0.078,0.047,0.052000000000000005,9.219
2017-02-08 08:00:00-03:00,0.305,0.217,0.127,9.901
2017-02-08 09:00:00-03:00,0.637,0.585,0.163,10.919
2017-02-08 10:00:00-03:00,0.684,0.616,0.201,11.928
2017-02-08 11:00:00-03:00,0.655,0.54,0.241,12.672
2017-02-08 12:00:00-03:00,0.609,0.45,0.27,13.219
2017-02-08 13:00:00-03:00,0.5670000000000001,0.366,0.301,13.66
2017-02-08 14:00:00-03:00,0.521,0.31,0.30000000000000004,13.983
2017-02-08 15:00:00-03:00,0.396,0.19,0.266,13.969
2017-02-08 16:00:00-03:00,0.203,0.045,0.19,13.392
2017-02-08 17:00:00-03:00,0.11800000000000001,0.019,0.125,12.786
2017-02-08 18:00:00-03:00,0.109,0.027,0.107,12.433
2017-02-08 19:00:00-03:00,0.05,0.014,0.056,11.762
2017-02-08 20:00:00-03:00,0.004,0.002,0.011,10.904
2017-02-08 21:00:00-03:00,0.0,0.0,0.0,10.287
2017-02-08 22:00:00-03:00,0.0,0.0,0.0,10.011
2017-02-08 23:00:00-03:00,0.0,0.0,0.0,9.755
2017-02-09 00:00:00-03:00,0.0,0.0,0.0,9.585
2017-02-09 01:00:00-03:00,0.0,0.0,0.0,9.339
2017-02-09 02:00:00-03:00,0.0,0.0,0.0,9.084
2017-02-09 03:00:00-03:00,0.0,0.0,0.0,8.84
2017-02-09 04:00:00-03:00,0.0,0.0,0.0,8.494
2017-02-09 05:00:00-03:00,0.0,0.0,0.0,8.151
2017-02-09 06:00:00-03:00,0.029,0.035,0.009000000000000001,8.137
2017-02-09 07:00:00-03:00,0.168,0.13,0.064,8.697
2017-02-09 08:00:00-03:00,0.279,0.187,0.127,9.498
2017-02-09 09:00:00-03:00,0.584,0.506,0.17200000000000001,10.479
2017-02-09 10:00:00-03:00,0.685,0.611,0.20500000000000002,11.415
2017-02-09 11:00:00-03:00,0.7020000000000001,0.606,0.23800000000000002,12.287
2017-02-09 12:00:00-03:00,0.647,0.5,0.271,12.883
2017-02-09 13:00:00-03:00,0.506,0.27,0.317,13.118
2017-02-09 14:00:00-03:00,0.263,0.05,0.252,12.832
2017-02-09 15:00:00-03:00,0.131,0.012,0.14400000000000002,12.088
2017-02-09 16:00:00-03:00,0.106,0.01,0.12,11.454
2017-02-09 17:00:00-03:00,0.075,0.007,0.089,10.956
2017-02-09 18:00:00-03:00,0.047,0.005,0.061,10.633
2017-02-09 19:00:00-03:00,0.021,0.003,0.032,10.475
2017-02-09 20:00:00-03:00,0.002,0.002,0.009000000000000001,10.445
2017-02-09 21:00:00-03:00,0.0,0.0,0.0,10.391
2017-02-09 22:00:00-03:00,0.0,0.0,0.0,10.344
2017-02-09 23:00:00-03:00,0.0,0.0,0.0,10.422
2017-02-10 00:00:00-03:00,0.0,0.0,0.0,10.585
2017-02-10 01:00:00-03:00,0.0,0.0,0.0,10.698
2017-02-10 02:00:00-03:00,0.0,0.0,0.0,10.81
2017-02-10 03:00:00-03:00,0.0,0.0,0.0,11.005
2017-02-10 04:00:00-03:00,0.0,0.0,0.0,11.177
2017-02-10 05:00:00-03:00,0.0,0.0,0.0,11.215
2017-02-10 06:00:00-03:00,0.0,0.002,0.003,11.36
2017-02-10 07:00:00-03:00,0.019,0.007,0.027,11.716
2017-02-10 08:00:00-03:00,0.063,0.013000000000000001,0.07,12.231
2017-02-10 09:00:00-03:00,0.133,0.029,0.131,12.887
2017-02-10 10:00:00-03:00,0.168,0.031,0.168,13.514
2017-02-10 11:00:00-03:00,0.212,0.04,0.20600000000000002,14.149
2017-02-10 12:00:00-03:00,0.225,0.038,0.224,14.525
2017-02-10 13:00:00-03:00,0.248,0.035,0.253,14.734
2017-02-10 14:00:00-03:00,0.234,0.031,0.24,14.816
2017-02-10 15:00:00-03:00,0.159,0.017,0.17300000000000001,14.589
2017-02-10 16:00:00-03:00,0.115,0.011,0.131,14.268
2017-02-10 17:00:00-03:00,0.137,0.022,0.14200000000000002,14.161
2017-02-10 18:00:00-03:00,0.107,0.023,0.11,13.927
2017-02-10 19:00:00-03:00,0.059000000000000004,0.017,0.063,13.391
2017-02-10 20:00:00-03:00,0.013000000000000001,0.007,0.018000000000000002,12.624
2017-02-10 21:00:00-03:00,0.0,0.0,0.0,11.936
2017-02-10 22:00:00-03:00,0.0,0.0,0.0,11.32
2017-02-10 23:00:00-03:00,0.0,0.0,0.0,10.76
2017-02-11 00:00:00-03:00,0.0,0.0,0.0,10.214
2017-02-11 01:00:00-03:00,0.0,0.0,0.0,9.602
2017-02-11 02:00:00-03:00,0.0,0.0,0.0,9.108
2017-02-11 03:00:00-03:00,0.0,0.0,0.0,8.729
2017-02-11 04:00:00-03:00,0.0,0.0,0.0,8.401
2017-02-11 05:00:00-03:00,0.0,0.0,0.0,8.031
2017-02-11 06:00:00-03:00,0.021,0.028,0.007,7.936
2017-02-11 07:00:00-03:00,0.275,0.246,0.062,8.585
2017-02-11 08:00:00-03:00,0.501,0.456,0.115,9.566
2017-02-11 09:00:00-03:00,0.652,0.614,0.154,10.648
2017-02-11 10:00:00-03:00,0.615,0.52,0.202,11.537
2017-02-11 11:00:00-03:00,0.549,0.395,0.244,12.213
2017-02-11 12:00:00-03:00,0.5700000000000001,0.399,0.269,12.729
2017-02-11 13:00:00-03:00,0.585,0.39,0.299,13.093
2017-02-11 14:00:00-03:00,0.532,0.32,0.30000000000000004,13.241
2017-02-11 15:00:00-03:00,0.377,0.17200000000000001,0.26,13.113
2017-02-11 16:00:00-03:00,0.309,0.131,0.221,12.904
2017-02-11 17:00:00-03:00,0.20700000000000002,0.07100000000000001,0.168,12.384
2017-02-11 18:00:00-03:00,0.10300000000000001,0.026000000000000002,0.1,11.599
2017-02-11 19:00:00-03:00,0.068,0.026000000000000002,0.063,10.91
2017-02-11 20:00:00-03:00,0.022,0.017,0.02,10.192
2017-02-11 21:00:00-03:00,0.0,0.0,0.0,9.409
2017-02-11 22:00:00-03:00,0.0,0.0,0.0,8.85
2017-02-11 23:00:00-03:00,0.0,0.0,0.0,8.583
2017-02-12 00:00:00-03:00,0.0,0.0,0.0,8.528
2017-02-12 01:00:00-03:00,0.0,0.0,0.0,8.519
2017-02-12 02:00:00-03:00,0.0,0.0,0.0,8.497
2017-02-12 03:00:00-03:00,0.0,0.0,0.0,8.393
2017-02-12 04:00:00-03:00,0.0,0.0,0.0,8.32
2017-02-12 05:00:00-03:00,0.0,0.0,0.0,8.301
2017-02-12 06:00:00-03:00,0.007,0.012,0.005,8.298
2017-02-12 07:00:00-03:00,0.163,0.13,0.059000000000000004,8.696
2017-02-12 08:00:00-03:00,0.386,0.312,0.122,9.376
2017-02-12 09:00:00-03:00,0.621,0.562,0.162,10.268
2017-02-12 10:00:00-03:00,0.616,0.512,0.209,11.119
2017-02-12 11:00:00-03:00,0.626,0.494,0.244,11.91
2017-02-12 12:00:00-03:00,0.59,0.41500000000000004,0.278,12.612
2017-02-12 13:00:00-03:00,0.41400000000000003,0.153,0.322,12.992
2017-02-12 14:00:00-03:00,0.34400000000000003,0.097,0.297,13.249
2017-02-12 15:00:00-03:00,0.183,0.027,0.187,13.14
2017-02-12 16:00:00-03:00,0.10200000000000001,0.01,0.117,12.883
2017-02-12 17:00:00-03:00,0.073,0.007,0.088,12.558
2017-02-12 18:00:00-03:00,0.041,0.005,0.054,12.03
2017-02-12 19:00:00-03:00,0.013000000000000001,0.002,0.024,11.291
2017-02-12 20:00:00-03:00,0.001,0.001,0.006,10.722
2017-02-12 21:00:00-03:00,0.0,0.0,0.0,10.556000000000001
2017-02-12 22:00:00-03:00,0.0,0.0,0.0,10.505
2017-02-12 23:00:00-03:00,0.0,0.0,0.0,10.242
2017-02-13 00:00:00-03:00,0.0,0.0,0.0,10.153
2017-02-13 01:00:00-03:00,0.0,0.0,0.0,10.171
2017-02-13 02:00:00-03:00,0.0,0.0,0.0,10.14
2017-02-13 03:00:00-03:00,0.0,0.0,0.0,9.99
2017-02-13 04:00:00-03:00,0.0,0.0,0.0,9.768
2017-02-13 05:00:00-03:00,0.0,0.0,0.0,9.382
2017-02-13 06:00:00-03:00,0.002,0.006,0.003,9.037
2017-02-13 07:00:00-03:00,0.137,0.111,0.05,9.146
2017-02-13 08:00:00-03:00,0.47200000000000003,0.429,0.107,9.763
2017-02-13 09:00:00-03:00,0.682,0.668,0.139,10.578
2017-02-13 10:00:00-03:00,0.733,0.711,0.17300000000000001,11.449
2017-02-13 11:00:00-03:00,0.766,0.736,0.2,12.222
2017-02-13 12:00:00-03:00,0.762,0.712,0.222,12.784
2017-02-13 13:00:00-03:00,0.783,0.747,0.221,13.199
2017-02-13 14:00:00-03:00,0.687,0.578,0.249,13.226
2017-02-13 15:00:00-03:00,0.653,0.55,0.23,13.026
2017-02-13 16:00:00-03:00,0.622,0.535,0.201,12.714
2017-02-13 17:00:00-03:00,0.607,0.55,0.163,12.219
2017-02-13 18:00:00-03:00,0.497,0.445,0.126,11.669
2017-02-13 19:00:00-03:00,0.364,0.333,0.079,11.007
2017-02-13 20:00:00-03:00,0.11800000000000001,0.117,0.025,10.104
2017-02-13 21:00:00-03:00,0.0,0.0,0.0,9.207
2017-02-13 22:00:00-03:00,0.0,0.0,0.0,8.791
2017-02-13 23:00:00-03:00,0.0,0.0,0.0,8.58
2017-02-14 00:00:00-03:00,0.0,0.0,0.0,8.367
2017-02-14 01:00:00-03:00,0.0,0.0,0.0,7.94
2017-02-14 02:00:00-03:00,0.0,0.0,0.0,7.628
2017-02-14 03:00:00-03:00,0.0,0.0,0.0,7.432
2017-02-14 04:00:00-03:00,0.0,0.0,0.0,7.208
2017-02-14 05:00:00-03:00,0.0,0.0,0.0,6.947
2017-02-14 06:00:00-03:00,0.015,0.023,0.005,6.711
2017-02-14 07:00:00-03:00,0.292,0.268,0.057,7.905
2017-02-14 08:00:00-03:00,0.445,0.39,0.114,9.325
2017-02-14 09:00:00-03:00,0.515,0.427,0.163,10.513
2017-02-14 10:00:00-03:00,0.34400000000000003,0.182,0.20800000000000002,11.181
2017-02-14 11:00:00-03:00,0.246,0.073,0.20800000000000002,11.678
2017-02-14 12:00:00-03:00,0.366,0.148,0.269,12.504
2017-02-14 13:00:00-03:00,0.386,0.129,0.314,13.302
2017-02-14 14:00:00-03:00,0.365,0.117,0.302,14.244
2017-02-14 15:00:00-03:00,0.488,0.306,0.266,15.469
2017-02-14 16:00:00-03:00,0.33,0.161,0.222,16.151
2017-02-14 17:00:00-03:00,0.229,0.094,0.17400000000000002,16.342
2017-02-14 18:00:00-03:00,0.109,0.033,0.10300000000000001,15.826
2017-02-14 19:00:00-03:00,0.041,0.013000000000000001,0.047,14.725
2017-02-14 20:00:00-03:00,0.011,0.009000000000000001,0.014,13.196
2017-02-14 21:00:00-03:00,0.0,0.0,0.0,12.063
2017-02-14 22:00:00-03:00,0.0,0.0,0.0,11.367
2017-02-14 23:00:00-03:00,0.0,0.0,0.0,10.835
2017-02-15 00:00:00-03:00,0.0,0.0,0.0,10.5
2017-02-15 01:00:00-03:00,0.0,0.0,0.0,10.191
2017-02-15 02:00:00-03:00,0.0,0.0,0.0,9.795
2017-02-15 03:00:00-03:00,0.0,0.0,0.0,9.401
2017-02-15 04:00:00-03:00,0.0,0.0,0.0,8.925
2017-02-15 05:00:00-03:00,0.0,0.0,0.0,8.431
2017-02-15 06:00:00-03:00,0.001,0.004,0.003,8.271
2017-02-15 07:00:00-03:00,0.044,0.026000000000000002,0.035,9.038
2017-02-15 08:00:00-03:00,0.061,0.016,0.065,9.676
2017-02-15 09:00:00-03:00,0.091,0.017,0.096,10.2
2017-02-15 10:00:00-03:00,0.14100000000000001,0.026000000000000002,0.14100000000000001,10.903
2017-02-15 11:00:00-03:00,0.232,0.06,0.20500000000000002,11.84
2017-02-15 12:00:00-03:00,0.443,0.224,0.28600000000000003,12.827
2017-02-15 13:00:00-03:00,0.542,0.304,0.331,13.496
2017-02-15 14:00:00-03:00,0.55,0.327,0.319,13.899000000000001
2017-02-15 15:00:00-03:00,0.427,0.218,0.275,14.007
2017-02-15 16:00:00-03:00,0.372,0.196,0.231,14.035
2017-02-15 17:00:00-03:00,0.21,0.075,0.17,13.752
2017-02-15 18:00:00-03:00,0.07200000000000001,0.013000000000000001,0.08,13.106
2017-02-15 19:00:00-03:00,0.041,0.012,0.048,12.362
2017-02-15 20:00:00-03:00,0.019,0.017,0.017,11.017
2017-02-15 21:00:00-03:00,0.0,0.0,0.0,9.912
2017-02-15 22:00:00-03:00,0.0,0.0,0.0,9.404
2017-02-15 23:00:00-03:00,0.0,0.0,0.0,8.878
2017-02-16 00:00:00-03:00,0.0,0.0,0.0,8.428
2017-02-16 01:00:00-03:00,0.0,0.0,0.0,8.076
2017-02-16 02:00:00-03:00,0.0,0.0,0.0,7.751
2017-02-16 03:00:00-03:00,0.0,0.0,0.0,7.436
2017-02-16 04:00:00-03:00,0.0,0.0,0.0,7.346
2017-02-16 05:00:00-03:00,0.0,0.0,0.0,7.088
2017-02-16 06:00:00-03:00,0.0,0.002,0.002,7.005
2017-02-16 07:00:00-03:00,0.044,0.025,0.036000000000000004,7.584
2017-02-16 08:00:00-03:00,0.129,0.055,0.097,8.723
2017-02-16 09:00:00-03:00,0.11900000000000001,0.025,0.117,9.158
2017-02-16 10:00:00-03:00,0.12,0.016,0.128,9.504
2017-02-16 11:00:00-03:00,0.14100000000000001,0.016,0.15,9.834
2017-02-16 12:00:00-03:00,0.161,0.015,0.17300000000000001,10.106
2017-02-16 13:00:00-03:00,0.203,0.016,0.217,10.335
2017-02-16 14:00:00-03:00,0.188,0.014,0.203,10.443
2017-02-16 15:00:00-03:00,0.153,0.014,0.165,10.417
2017-02-16 16:00:00-03:00,0.11,0.01,0.124,10.056
2017-02-16 17:00:00-03:00,0.081,0.008,0.094,9.498
2017-02-16 18:00:00-03:00,0.059000000000000004,0.008,0.07100000000000001,9.085
2017-02-16 19:00:00-03:00,0.034,0.008,0.043000000000000003,8.819
2017-02-16 20:00:00-03:00,0.007,0.006,0.012,8.285
2017-02-16 21:00:00-03:00,0.0,0.0,0.0,7.659
2017-02-16 22:00:00-03:00,0.0,0.0,0.0,7.477
2017-02-16 23:00:00-03:00,0.0,0.0,0.0,7.409
2017-02-17 00:00:00-03:00,0.0,0.0,0.0,7.673
2017-02-17 01:00:00-03:00,0.0,0.0,0.0,7.548
2017-02-17 02:00:00-03:00,0.0,0.0,0.0,7.451
2017-02-17 03:00:00-03:00,0.0,0.0,0.0,7.416
2017-02-17 04:00:00-03:00,0.0,0.0,0.0,7.364
2017-02-17 05:00:00-03:00,0.0,0.0,0.0,7.407
2017-02-17 06:00:00-03:00,0.0,0.001,0.001,7.318
2017-02-17 07:00:00-03:00,0.024,0.012,0.027,7.49
2017-02-17 08:00:00-03:00,0.146,0.07,0.1,8.06
2017-02-17 09:00:00-03:00,0.078,0.011,0.088,8.314
2017-02-17 10:00:00-03:00,0.083,0.008,0.096,8.436
2017-02-17 11:00:00-03:00,0.10300000000000001,0.008,0.117,8.607
2017-02-17 12:00:00-03:00,0.139,0.011,0.153,8.923
2017-02-17 13:00:00-03:00,0.194,0.014,0.20800000000000002,9.358
2017-02-17 14:00:00-03:00,0.249,0.029,0.253,9.905
2017-02-17 15:00:00-03:00,0.259,0.055,0.23900000000000002,10.57
2017-02-17 16:00:00-03:00,0.222,0.055,0.2,10.967
2017-02-17 17:00:00-03:00,0.198,0.061,0.167,11.155
2017-02-17 18:00:00-03:00,0.10400000000000001,0.026000000000000002,0.10200000000000001,10.911
2017-02-17 19:00:00-03:00,0.027,0.006,0.037,10.232
2017-02-17 20:00:00-03:00,0.001,0.002,0.006,9.202
2017-02-17 21:00:00-03:00,0.0,0.0,0.0,8.573
2017-02-17 22:00:00-03:00,0.0,0.0,0.0,8.259
2017-02-17 23:00:00-03:00,0.0,0.0,0.0,8.034
2017-02-18 00:00:00-03:00,0.0,0.0,0.0,7.906
2017-02-18 01:00:00-03:00,0.0,0.0,0.0,7.697
2017-02-18 02:00:00-03:00,0.0,0.0,0.0,7.526
2017-02-18 03:00:00-03:00,0.0,0.0,0.0,7.444
2017-02-18 04:00:00-03:00,0.0,0.0,0.0,7.305
2017-02-18 05:00:00-03:00,0.0,0.0,0.0,7.105
2017-02-18 06:00:00-03:00,0.0,0.001,0.001,7.059
2017-02-18 07:00:00-03:00,0.013000000000000001,0.007,0.018000000000000002,7.365
2017-02-18 08:00:00-03:00,0.06,0.018000000000000002,0.062,8.011
2017-02-18 09:00:00-03:00,0.167,0.06,0.133,8.648
2017-02-18 10:00:00-03:00,0.269,0.111,0.191,9.507
2017-02-18 11:00:00-03:00,0.332,0.139,0.23600000000000002,10.457
2017-02-18 12:00:00-03:00,0.324,0.10300000000000001,0.264,11.183
2017-02-18 13:00:00-03:00,0.41600000000000004,0.14,0.334,11.882
2017-02-18 14:00:00-03:00,0.502,0.251,0.329,12.531
2017-02-18 15:00:00-03:00,0.5710000000000001,0.406,0.263,12.905
2017-02-18 16:00:00-03:00,0.47300000000000003,0.317,0.229,12.86
2017-02-18 17:00:00-03:00,0.266,0.127,0.177,12.547
2017-02-18 18:00:00-03:00,0.126,0.044,0.108,12.112
2017-02-18 19:00:00-03:00,0.051000000000000004,0.019,0.051000000000000004,11.493
2017-02-18 20:00:00-03:00,0.004,0.004,0.008,10.367
2017-02-18 21:00:00-03:00,0.0,0.0,0.0,9.789
2017-02-18 22:00:00-03:00,0.0,0.0,0.0,9.581
2017-02-18 23:00:00-03:00,0.0,0.0,0.0,9.306
2017-02-19 00:00:00-03:00,0.0,0.0,0.0,8.995
2017-02-19 01:00:00-03:00,0.0,0.0,0.0,8.741
2017-02-19 02:00:00-03:00,0.0,0.0,0.0,8.581
2017-02-19 03:00:00-03:00,0.0,0.0,0.0,8.382
2017-02-19 04:00:00-03:00,0.0,0.0,0.0,8.159
2017-02-19 05:00:00-03:00,0.0,0.0,0.0,8.025
2017-02-19 06:00:00-03:00,0.0,0.003,0.001,7.88
2017-02-19 07:00:00-03:00,0.131,0.114,0.041,8.11
2017-02-19 08:00:00-03:00,0.41100000000000003,0.359,0.10300000000000001,8.846
2017-02-19 09:00:00-03:00,0.562,0.498,0.148,9.636
2017-02-19 10:00:00-03:00,0.546,0.435,0.193,10.319
2017-02-19 11:00:00-03:00,0.429,0.25,0.23700000000000002,10.838
2017-02-19 12:00:00-03:00,0.34700000000000003,0.131,0.262,11.201
2017-02-19 13:00:00-03:00,0.334,0.08,0.298,11.34
2017-02-19 14:00:00-03:00,0.311,0.07100000000000001,0.28200000000000003,11.362
2017-02-19 15:00:00-03:00,0.354,0.147,0.255,11.825
2017-02-19 16:00:00-03:00,0.463,0.312,0.219,12.078
2017-02-19 17:00:00-03:00,0.371,0.246,0.176,11.924
2017-02-19 18:00:00-03:00,0.353,0.272,0.128,11.548
2017-02-19 19:00:00-03:00,0.20500000000000002,0.163,0.073,10.8
2017-02-19 20:00:00-03:00,0.018000000000000002,0.02,0.012,9.792
2017-02-19 21:00:00-03:00,0.0,0.0,0.0,8.989
2017-02-19 22:00:00-03:00,0.0,0.0,0.0,8.526
2017-02-19 23:00:00-03:00,0.0,0.0,0.0,8.155
2017-02-20 00:00:00-03:00,0.0,0.0,0.0,7.877
2017-02-20 01:00:00-03:00,0.0,0.0,0.0,7.729
2017-02-20 02:00:00-03:00,0.0,0.0,0.0,7.632
2017-02-20 03:00:00-03:00,0.0,0.0,0.0,7.53
2017-02-20 04:00:00-03:00,0.0,0.0,0.0,7.357
2017-02-20 05:00:00-03:00,0.0,0.0,0.0,7.073
2017-02-20 06:00:00-03:00,0.0,0.004,0.001,6.921
2017-02-20 07:00:00-03:00,0.044,0.03,0.031,7.432
2017-02-20 08:00:00-03:00,0.064,0.019,0.065,8.023
2017-02-20 09:00:00-03:00,0.094,0.018000000000000002,0.098,8.461
2017-02-20 10:00:00-03:00,0.09,0.01,0.10200000000000001,8.773
2017-02-20 11:00:00-03:00,0.10300000000000001,0.009000000000000001,0.117,8.994
2017-02-20 12:00:00-03:00,0.14,0.011,0.154,9.367
2017-02-20 13:00:00-03:00,0.221,0.019,0.233,9.936
2017-02-20 14:00:00-03:00,0.218,0.02,0.228,10.31
2017-02-20 15:00:00-03:00,0.151,0.014,0.163,10.483
2017-02-20 16:00:00-03:00,0.14300000000000002,0.019,0.15,10.944
2017-02-20 17:00:00-03:00,0.163,0.043000000000000003,0.148,11.412
2017-02-20 18:00:00-03:00,0.111,0.033,0.10200000000000001,11.33
2017-02-20 19:00:00-03:00,0.053,0.02,0.052000000000000005,10.813
2017-02-20 20:00:00-03:00,0.011,0.012,0.011,9.596
2017-02-20 21:00:00-03:00,0.0,0.0,0.0,8.401
2017-02-20 22:00:00-03:00,0.0,0.0,0.0,7.83
2017-02-20 23:00:00-03:00,0.0,0.0,0.0,7.35
2017-02-21 00:00:00-03:00,0.0,0.0,0.0,7.177
2017-02-21 01:00:00-03:00,0.0,0.0,0.0,7.118
2017-02-21 02:00:00-03:00,0.0,0.0,0.0,6.982
2017-02-21 03:00:00-03:00,0.0,0.0,0.0,6.932
2017-02-21 04:00:00-03:00,0.0,0.0,0.0,7.016
2017-02-21 05:00:00-03:00,0.0,0.0,0.0,7.013
2017-02-21 06:00:00-03:00,0.0,0.001,0.0,7.171
2017-02-21 07:00:00-03:00,0.007,0.004,0.013000000000000001,7.614
2017-02-21 08:00:00-03:00,0.033,0.007,0.042,8.203
2017-02-21 09:00:00-03:00,0.10400000000000001,0.024,0.10200000000000001,9.062
2017-02-21 10:00:00-03:00,0.263,0.11,0.188,10.595
2017-02-21 11:00:00-03:00,0.47900000000000004,0.303,0.249,12.467
2017-02-21 12:00:00-03:00,0.459,0.24,0.29,13.4
2017-02-21 13:00:00-03:00,0.442,0.162,0.34800000000000003,13.762
2017-02-21 14:00:00-03:00,0.34500000000000003,0.084,0.312,13.809
2017-02-21 15:00:00-03:00,0.191,0.028,0.195,13.407
2017-02-21 16:00:00-03:00,0.128,0.017,0.138,12.76
2017-02-21 17:00:00-03:00,0.114,0.022,0.117,12.228
2017-02-21 18:00:00-03:00,0.133,0.051000000000000004,0.108,11.953
2017-02-21 19:00:00-03:00,0.122,0.08,0.067,11.401
2017-02-21 20:00:00-03:00,0.009000000000000001,0.012,0.009000000000000001,10.394
2017-02-21 21:00:00-03:00,0.0,0.0,0.0,9.491
2017-02-21 22:00:00-03:00,0.0,0.0,0.0,8.79
2017-02-21 23:00:00-03:00,0.0,0.0,0.0,8.275
2017-02-22 00:00:00-03:00,0.0,0.0,0.0,7.907
2017-02-22 01:00:00-03:00,0.0,0.0,0.0,7.686
2017-02-22 02:00:00-03:00,0.0,0.0,0.0,7.589
2017-02-22 03:00:00-03:00,0.0,0.0,0.0,7.583
2017-02-22 04:00:00-03:00,0.0,0.0,0.0,7.638
2017-02-22 05:00:00-03:00,0.0,0.0,0.0,7.665
2017-02-22 06:00:00-03:00,0.0,0.0,0.001,7.5809999999999995
2017-02-22 07:00:00-03:00,0.41100000000000003,0.426,0.033,7.807
2017-02-22 08:00:00-03:00,0.617,0.645,0.068,8.684
2017-02-22 09:00:00-03:00,0.769,0.8320000000000001,0.093,9.615
2017-02-22 10:00:00-03:00,0.869,0.966,0.117,10.602
2017-02-22 11:00:00-03:00,0.892,0.995,0.131,11.524000000000001
2017-02-22 12:00:00-03:00,0.882,0.982,0.134,12.294
2017-02-22 13:00:00-03:00,0.848,0.9590000000000001,0.107,12.929
2017-02-22 14:00:00-03:00,0.8310000000000001,0.927,0.115,13.364
2017-02-22 15:00:00-03:00,0.8190000000000001,0.889,0.135,13.557
2017-02-22 16:00:00-03:00,0.796,0.863,0.126,13.554
2017-02-22 17:00:00-03:00,0.717,0.762,0.109,13.309
2017-02-22 18:00:00-03:00,0.557,0.5660000000000001,0.085,12.754
2017-02-22 19:00:00-03:00,0.221,0.199,0.055,11.87
2017-02-22 20:00:00-03:00,0.019,0.026000000000000002,0.008,10.382
2017-02-22 21:00:00-03:00,0.0,0.0,0.0,9.539
2017-02-22 22:00:00-03:00,0.0,0.0,0.0,9.593
2017-02-22 23:00:00-03:00,0.0,0.0,0.0,9.668
2017-02-23 00:00:00-03:00,0.0,0.0,0.0,8.697
2017-02-23 01:00:00-03:00,0.0,0.0,0.0,7.751
2017-02-23 02:00:00-03:00,0.0,0.0,0.0,7.463
2017-02-23 03:00:00-03:00,0.0,0.0,0.0,7.511
2017-02-23 04:00:00-03:00,0.0,0.0,0.0,7.507
2017-02-23 05:00:00-03:00,0.0,0.0,0.0,7.736
2017-02-23 06:00:00-03:00,0.0,0.0,0.0,7.816
2017-02-23 07:00:00-03:00,0.022,0.016,0.021,8.124
2017-02-23 08:00:00-03:00,0.04,0.011,0.046,8.74
2017-02-23 09:00:00-03:00,0.07,0.013000000000000001,0.078,9.452
2017-02-23 10:00:00-03:00,0.08700000000000001,0.011,0.098,10.247
2017-02-23 11:00:00-03:00,0.08,0.006,0.096,10.899000000000001
2017-02-23 12:00:00-03:00,0.069,0.003,0.08700000000000001,11.322
2017-02-23 13:00:00-03:00,0.08600000000000001,0.003,0.106,11.607
2017-02-23 14:00:00-03:00,0.089,0.003,0.108,11.809
2017-02-23 15:00:00-03:00,0.113,0.01,0.128,12.217
2017-02-23 16:00:00-03:00,0.299,0.132,0.21,13.184
2017-02-23 17:00:00-03:00,0.277,0.156,0.161,13.335
2017-02-23 18:00:00-03:00,0.14,0.065,0.10200000000000001,12.594
2017-02-23 19:00:00-03:00,0.058,0.03,0.049,11.673
2017-02-23 20:00:00-03:00,0.004,0.007,0.006,10.781
2017-02-23 21:00:00-03:00,0.0,0.0,0.0,10.047
2017-02-23 22:00:00-03:00,0.0,0.0,0.0,9.23
2017-02-23 23:00:00-03:00,0.0,0.0,0.0,8.334
2017-02-24 00:00:00-03:00,0.0,0.0,0.0,7.689
2017-02-24 01:00:00-03:00,0.0,0.0,0.0,7.284
2017-02-24 02:00:00-03:00,0.0,0.0,0.0,6.922
2017-02-24 03:00:00-03:00,0.0,0.0,0.0,6.623
2017-02-24 04:00:00-03:00,0.0,0.0,0.0,6.469
2017-02-24 05:00:00-03:00,0.0,0.0,0.0,6.372
2017-02-24 06:00:00-03:00,0.0,0.0,0.0,6.142
2017-02-24 07:00:00-03:00,0.267,0.268,0.029,6.568
2017-02-24 08:00:00-03:00,0.578,0.589,0.07100000000000001,7.841
2017-02-24 09:00:00-03:00,0.756,0.806,0.097,8.71
2017-02-24 10:00:00-03:00,0.834,0.903,0.121,9.769
2017-02-24 11:00:00-03:00,0.876,0.962,0.134,10.884
2017-02-24 12:00:00-03:00,0.896,1.003,0.134,11.902
2017-02-24 13:00:00-03:00,0.87,0.996,0.10200000000000001,12.712
2017-02-24 14:00:00-03:00,0.859,0.98,0.108,13.439
2017-02-24 15:00:00-03:00,0.843,0.931,0.135,14.065
2017-02-24 16:00:00-03:00,0.622,0.589,0.153,14.389
2017-02-24 17:00:00-03:00,0.32,0.227,0.14200000000000002,14.527
2017-02-24 18:00:00-03:00,0.077,0.029,0.07100000000000001,14.023
2017-02-24 19:00:00-03:00,0.016,0.007,0.023,12.98
2017-02-24 20:00:00-03:00,0.0,0.001,0.002,12.462
2017-02-24 21:00:00-03:00,0.0,0.0,0.0,12.218
2017-02-24 22:00:00-03:00,0.0,0.0,0.0,11.958
2017-02-24 23:00:00-03:00,0.0,0.0,0.0,11.578
2017-02-25 00:00:00-03:00,0.0,0.0,0.0,11.089
2017-02-25 01:00:00-03:00,0.0,0.0,0.0,10.634
2017-02-25 02:00:00-03:00,0.0,0.0,0.0,10.433
2017-02-25 03:00:00-03:00,0.0,0.0,0.0,10.443
2017-02-25 04:00:00-03:00,0.0,0.0,0.0,10.612
2017-02-25 05:00:00-03:00,0.0,0.0,0.0,11.126
2017-02-25 06:00:00-03:00,0.0,0.0,0.0,11.22
2017-02-25 07:00:00-03:00,0.217,0.221,0.027,10.707
2017-02-25 08:00:00-03:00,0.463,0.454,0.073,10.377
2017-02-25 09:00:00-03:00,0.625,0.627,0.10400000000000001,10.349
2017-02-25 10:00:00-03:00,0.717,0.732,0.128,10.964
2017-02-25 11:00:00-03:00,0.853,0.932,0.135,11.955
2017-02-25 12:00:00-03:00,0.849,0.926,0.139,12.481
2017-02-25 13:00:00-03:00,0.748,0.761,0.15,12.491
2017-02-25 14:00:00-03:00,0.623,0.54,0.196,12.547
2017-02-25 15:00:00-03:00,0.637,0.581,0.17500000000000002,12.65
2017-02-25 16:00:00-03:00,0.638,0.61,0.148,12.5
2017-02-25 17:00:00-03:00,0.626,0.623,0.116,12.149
2017-02-25 18:00:00-03:00,0.549,0.553,0.083,11.494
2017-02-25 19:00:00-03:00,0.343,0.339,0.049,10.599
2017-02-25 20:00:00-03:00,0.028,0.038,0.006,9.454
2017-02-25 21:00:00-03:00,0.0,0.0,0.0,8.604
2017-02-25 22:00:00-03:00,0.0,0.0,0.0,8.135
2017-02-25 23:00:00-03:00,0.0,0.0,0.0,8.016
2017-02-26 00:00:00-03:00,0.0,0.0,0.0,8.061
2017-02-26 01:00:00-03:00,0.0,0.0,0.0,8.158
2017-02-26 02:00:00-03:00,0.0,0.0,0.0,8.231
2017-02-26 03:00:00-03:00,0.0,0.0,0.0,8.199
2017-02-26 04:00:00-03:00,0.0,0.0,0.0,8.188
2017-02-26 05:00:00-03:00,0.0,0.0,0.0,8.12
2017-02-26 06:00:00-03:00,0.0,0.0,0.0,7.956
2017-02-26 07:00:00-03:00,0.077,0.075,0.022,8.187
2017-02-26 08:00:00-03:00,0.316,0.277,0.077,8.919
2017-02-26 09:00:00-03:00,0.612,0.602,0.109,9.92
2017-02-26 10:00:00-03:00,0.626,0.591,0.14200000000000002,10.731
2017-02-26 11:00:00-03:00,0.612,0.541,0.176,11.391
2017-02-26 12:00:00-03:00,0.5730000000000001,0.46,0.20800000000000002,11.904
2017-02-26 13:00:00-03:00,0.602,0.481,0.227,12.367
2017-02-26 14:00:00-03:00,0.653,0.578,0.201,12.79
2017-02-26 15:00:00-03:00,0.584,0.495,0.191,12.814
2017-02-26 16:00:00-03:00,0.5690000000000001,0.502,0.165,12.778
2017-02-26 17:00:00-03:00,0.4,0.32,0.137,12.564
2017-02-26 18:00:00-03:00,0.335,0.28400000000000003,0.098,12.148
2017-02-26 19:00:00-03:00,0.163,0.14,0.051000000000000004,11.447
2017-02-26 20:00:00-03:00,0.005,0.01,0.005,10.524000000000001
2017-02-26 21:00:00-03:00,0.0,0.0,0.0,9.975
2017-02-26 22:00:00-03:00,0.0,0.0,0.0,9.669
2017-02-26 23:00:00-03:00,0.0,0.0,0.0,9.433
2017-02-27 00:00:00-03:00,0.0,0.0,0.0,9.243
2017-02-27 01:00:00-03:00,0.0,0.0,0.0,8.968
2017-02-27 02:00:00-03:00,0.0,0.0,0.0,8.623
2017-02-27 03:00:00-03:00,0.0,0.0,0.0,8.119
2017-02-27 04:00:00-03:00,0.0,0.0,0.0,8.014
2017-02-27 05:00:00-03:00,0.0,0.0,0.0,7.902
2017-02-27 06:00:00-03:00,0.0,0.0,0.0,7.851
2017-02-27 07:00:00-03:00,0.011,0.01,0.013000000000000001,7.974
2017-02-27 08:00:00-03:00,0.081,0.04,0.061,8.842
2017-02-27 09:00:00-03:00,0.192,0.10300000000000001,0.11800000000000001,9.957
2017-02-27 10:00:00-03:00,0.4,0.277,0.177,11.331
2017-02-27 11:00:00-03:00,0.28700000000000003,0.124,0.203,12.177
2017-02-27 12:00:00-03:00,0.335,0.135,0.247,12.746
2017-02-27 13:00:00-03:00,0.451,0.20700000000000002,0.313,13.256
2017-02-27 14:00:00-03:00,0.354,0.116,0.29,13.745
2017-02-27 15:00:00-03:00,0.23900000000000002,0.064,0.212,14.134
2017-02-27 16:00:00-03:00,0.197,0.059000000000000004,0.171,14.068
2017-02-27 17:00:00-03:00,0.139,0.043000000000000003,0.123,13.212
2017-02-27 18:00:00-03:00,0.052000000000000005,0.013000000000000001,0.059000000000000004,12.35
2017-02-27 19:00:00-03:00,0.018000000000000002,0.007,0.025,11.689
2017-02-27 20:00:00-03:00,0.0,0.001,0.002,11.214
2017-02-27 21:00:00-03:00,0.0,0.0,0.0,11.07
2017-02-27 22:00:00-03:00,0.0,0.0,0.0,11.216
2017-02-27 23:00:00-03:00,0.0,0.0,0.0,11.375
2017-02-28 00:00:00-03:00,0.0,0.0,0.0,11.46
2017-02-28 01:00:00-03:00,0.0,0.0,0.0,11.525
2017-02-28 02:00:00-03:00,0.0,0.0,0.0,11.198
2017-02-28 03:00:00-03:00,0.0,0.0,0.0,10.853
2017-02-28 04:00:00-03:00,0.0,0.0,0.0,10.757
2017-02-28 05:00:00-03:00,0.0,0.0,0.0,10.796
2017-02-28 06:00:00-03:00,0.0,0.0,0.0,10.858
2017-02-28 07:00:00-03:00,0.001,0.002,0.006,10.869
2017-02-28 08:00:00-03:00,0.039,0.014,0.042,11.109
2017-02-28 09:00:00-03:00,0.152,0.07100000000000001,0.108,11.725
2017-02-28 10:00:00-03:00,0.41200000000000003,0.301,0.171,12.834
2017-02-28 11:00:00-03:00,0.559,0.461,0.196,13.962
2017-02-28 12:00:00-03:00,0.631,0.547,0.212,15.258
2017-02-28 13:00:00-03:00,0.625,0.514,0.242,16.516
2017-02-28 14:00:00-03:00,0.487,0.292,0.28400000000000003,17.294
2017-02-28 15:00:00-03:00,0.262,0.08700000000000001,0.22,17.361
2017-02-28 16:00:00-03:00,0.169,0.043000000000000003,0.159,16.722
2017-02-28 17:00:00-03:00,0.069,0.012,0.08,15.537
2017-02-28 18:00:00-03:00,0.044,0.01,0.053,14.053
2017-02-28 19:00:00-03:00,0.019,0.008,0.025,11.698
2017-02-28 20:00:00-03:00,0.0,0.001,0.002,9.319
2017-02-28 21:00:00-03:00,0.0,0.0,0.0,8.508
2017-02-28 22:00:00-03:00,0.0,0.0,0.0,8.277
2017-02-28 23:00:00-03:00,0.0,0.0,0.0,8.119
2017-03-01 00:00:00-03:00,0.0,0.0,0.0,7.994
2017-03-01 01:00:00-03:00,0.0,0.0,0.0,7.689
2017-03-01 02:00:00-03:00,0.0,0.0,0.0,7.299
2017-03-01 03:00:00-03:00,0.0,0.0,0.0,7.024
2017-03-01 04:00:00-03:00,0.0,0.0,0.0,6.837
2017-03-01 05:00:00-03:00,0.0,0.0,0.0,6.635
2017-03-01 06:00:00-03:00,0.0,0.0,0.0,6.393
2017-03-01 07:00:00-03:00,0.10400000000000001,0.105,0.021,6.356
2017-03-01 08:00:00-03:00,0.372,0.34,0.073,6.769
2017-03-01 09:00:00-03:00,0.506,0.457,0.113,7.484
2017-03-01 10:00:00-03:00,0.518,0.434,0.154,8.3
2017-03-01 11:00:00-03:00,0.47500000000000003,0.341,0.196,8.877
2017-03-01 12:00:00-03:00,0.452,0.279,0.232,9.337
2017-03-01 13:00:00-03:00,0.558,0.379,0.263,9.884
2017-03-01 14:00:00-03:00,0.484,0.28200000000000003,0.27,10.235
2017-03-01 15:00:00-03:00,0.318,0.138,0.22,10.22
2017-03-01 16:00:00-03:00,0.24,0.1,0.17300000000000001,10.192
2017-03-01 17:00:00-03:00,0.192,0.09,0.13,10.076
2017-03-01 18:00:00-03:00,0.14400000000000002,0.083,0.08700000000000001,9.701
2017-03-01 19:00:00-03:00,0.078,0.058,0.041,9.141
2017-03-01 20:00:00-03:00,0.001,0.005,0.003,8.354
2017-03-01 21:00:00-03:00,0.0,0.0,0.0,7.61
2017-03-01 22:00:00-03:00,0.0,0.0,0.0,6.89
2017-03-01 23:00:00-03:00,0.0,0.0,0.0,6.404
2017-03-02 00:00:00-03:00,0.0,0.0,0.0,6.288
2017-03-02 01:00:00-03:00,0.0,0.0,0.0,6.269
2017-03-02 02:00:00-03:00,0.0,0.0,0.0,6.188
2017-03-02 03:00:00-03:00,0.0,0.0,0.0,6.044
2017-03-02 04:00:00-03:00,0.0,0.0,0.0,6.015
2017-03-02 05:00:00-03:00,0.0,0.0,0.0,5.977
2017-03-02 06:00:00-03:00,0.0,0.0,0.0,5.9350000000000005
2017-03-02 07:00:00-03:00,0.022,0.021,0.015,6.231
2017-03-02 08:00:00-03:00,0.077,0.039,0.058,7.371
2017-03-02 09:00:00-03:00,0.121,0.045,0.099,8.045
2017-03-02 10:00:00-03:00,0.157,0.044,0.138,8.584
2017-03-02 11:00:00-03:00,0.194,0.045,0.177,9.116
2017-03-02 12:00:00-03:00,0.223,0.042,0.212,9.581
2017-03-02 13:00:00-03:00,0.242,0.03,0.244,9.819
2017-03-02 14:00:00-03:00,0.213,0.023,0.22,9.963
2017-03-02 15:00:00-03:00,0.156,0.019,0.164,10.008
2017-03-02 16:00:00-03:00,0.10200000000000001,0.012,0.113,9.916
2017-03-02 17:00:00-03:00,0.06,0.007,0.07200000000000001,9.674
2017-03-02 18:00:00-03:00,0.029,0.005,0.04,9.22
2017-03-02 19:00:00-03:00,0.007,0.002,0.015,8.539
2017-03-02 20:00:00-03:00,0.0,0.0,0.001,7.879
2017-03-02 21:00:00-03:00,0.0,0.0,0.0,7.677
2017-03-02 22:00:00-03:00,0.0,0.0,0.0,7.496
2017-03-02 23:00:00-03:00,0.0,0.0,0.0,7.324
2017-03-03 00:00:00-03:00,0.0,0.0,0.0,7.095
2017-03-03 01:00:00-03:00,0.0,0.0,0.0,6.922
2017-03-03 02:00:00-03:00,0.0,0.0,0.0,6.699
2017-03-03 03:00:00-03:00,0.0,0.0,0.0,6.496
2017-03-03 04:00:00-03:00,0.0,0.0,0.0,6.254
2017-03-03 05:00:00-03:00,0.0,0.0,0.0,6.189
2017-03-03 06:00:00-03:00,0.0,0.0,0.0,6.216
2017-03-03 07:00:00-03:00,0.021,0.023,0.012,6.566
2017-03-03 08:00:00-03:00,0.108,0.073,0.057,7.579
2017-03-03 09:00:00-03:00,0.296,0.22,0.11,8.006
2017-03-03 10:00:00-03:00,0.591,0.538,0.14100000000000001,8.605
2017-03-03 11:00:00-03:00,0.67,0.626,0.159,9.18
2017-03-03 12:00:00-03:00,0.709,0.674,0.169,9.948
2017-03-03 13:00:00-03:00,0.739,0.733,0.156,10.843
2017-03-03 14:00:00-03:00,0.6910000000000001,0.652,0.17300000000000001,11.418
2017-03-03 15:00:00-03:00,0.621,0.553,0.178,11.657
2017-03-03 16:00:00-03:00,0.523,0.442,0.162,11.72
2017-03-03 17:00:00-03:00,0.41200000000000003,0.338,0.131,11.614
2017-03-03 18:00:00-03:00,0.261,0.209,0.088,11.238
2017-03-03 19:00:00-03:00,0.108,0.091,0.04,10.335
2017-03-03 20:00:00-03:00,0.0,0.004,0.002,8.825
2017-03-03 21:00:00-03:00,0.0,0.0,0.0,8.288
2017-03-03 22:00:00-03:00,0.0,0.0,0.0,7.882
2017-03-03 23:00:00-03:00,0.0,0.0,0.0,7.355
2017-03-04 00:00:00-03:00,0.0,0.0,0.0,6.96
2017-03-04 01:00:00-03:00,0.0,0.0,0.0,6.716
2017-03-04 02:00:00-03:00,0.0,0.0,0.0,6.593
2017-03-04 03:00:00-03:00,0.0,0.0,0.0,6.5809999999999995
2017-03-04 04:00:00-03:00,0.0,0.0,0.0,6.529
2017-03-04 05:00:00-03:00,0.0,0.0,0.0,6.602
2017-03-04 06:00:00-03:00,0.0,0.0,0.0,6.616
2017-03-04 07:00:00-03:00,0.066,0.07,0.015,6.657
2017-03-04 08:00:00-03:00,0.299,0.269,0.065,7.735
2017-03-04 09:00:00-03:00,0.585,0.5720000000000001,0.099,8.534
2017-03-04 10:00:00-03:00,0.746,0.772,0.12,9.477
2017-03-04 11:00:00-03:00,0.765,0.786,0.139,10.368
2017-03-04 12:00:00-03:00,0.749,0.753,0.153,11.201
2017-03-04 13:00:00-03:00,0.71,0.6920000000000001,0.162,11.831
2017-03-04 14:00:00-03:00,0.666,0.616,0.179,12.243
2017-03-04 15:00:00-03:00,0.578,0.493,0.184,12.435
2017-03-04 16:00:00-03:00,0.44,0.335,0.169,12.453
2017-03-04 17:00:00-03:00,0.329,0.243,0.132,12.385
2017-03-04 18:00:00-03:00,0.20400000000000001,0.151,0.084,12.161
2017-03-04 19:00:00-03:00,0.076,0.063,0.035,11.514
2017-03-04 20:00:00-03:00,0.0,0.003,0.001,11.073
2017-03-04 21:00:00-03:00,0.0,0.0,0.0,10.972
2017-03-04 22:00:00-03:00,0.0,0.0,0.0,10.507
2017-03-04 23:00:00-03:00,0.0,0.0,0.0,9.88
2017-03-05 00:00:00-03:00,0.0,0.0,0.0,9.217
2017-03-05 01:00:00-03:00,0.0,0.0,0.0,8.552
2017-03-05 02:00:00-03:00,0.0,0.0,0.0,8.015
2017-03-05 03:00:00-03:00,0.0,0.0,0.0,7.494
2017-03-05 04:00:00-03:00,0.0,0.0,0.0,7.053
2017-03-05 05:00:00-03:00,0.0,0.0,0.0,6.678
2017-03-05 06:00:00-03:00,0.0,0.0,0.0,6.409
2017-03-05 07:00:00-03:00,0.079,0.085,0.015,6.351
2017-03-05 08:00:00-03:00,0.322,0.295,0.063,7.383
2017-03-05 09:00:00-03:00,0.5640000000000001,0.548,0.099,8.88
2017-03-05 10:00:00-03:00,0.742,0.773,0.11900000000000001,10.768
2017-03-05 11:00:00-03:00,0.73,0.736,0.14400000000000002,11.585
2017-03-05 12:00:00-03:00,0.659,0.609,0.17500000000000002,12.172
2017-03-05 13:00:00-03:00,0.654,0.587,0.192,12.65
2017-03-05 14:00:00-03:00,0.5710000000000001,0.45,0.22,12.891
2017-03-05 15:00:00-03:00,0.47800000000000004,0.34900000000000003,0.20400000000000001,13.001
2017-03-05 16:00:00-03:00,0.40700000000000003,0.295,0.17200000000000001,13.03
2017-03-05 17:00:00-03:00,0.308,0.22,0.131,12.934
2017-03-05 18:00:00-03:00,0.227,0.177,0.085,12.696
2017-03-05 19:00:00-03:00,0.08700000000000001,0.075,0.035,11.95
2017-03-05 20:00:00-03:00,0.0,0.002,0.001,11.07
2017-03-05 21:00:00-03:00,0.0,0.0,0.0,10.58
2017-03-05 22:00:00-03:00,0.0,0.0,0.0,10.099
2017-03-05 23:00:00-03:00,0.0,0.0,0.0,9.544
2017-03-06 00:00:00-03:00,0.0,0.0,0.0,9.007
2017-03-06 01:00:00-03:00,0.0,0.0,0.0,8.511
2017-03-06 02:00:00-03:00,0.0,0.0,0.0,8.08
2017-03-06 03:00:00-03:00,0.0,0.0,0.0,7.683
2017-03-06 04:00:00-03:00,0.0,0.0,0.0,7.272
2017-03-06 05:00:00-03:00,0.0,0.0,0.0,6.925
2017-03-06 06:00:00-03:00,0.0,0.0,0.0,6.8260000000000005
2017-03-06 07:00:00-03:00,0.037,0.042,0.012,7.072
2017-03-06 08:00:00-03:00,0.191,0.158,0.06,8.554
2017-03-06 09:00:00-03:00,0.251,0.179,0.105,9.457
2017-03-06 10:00:00-03:00,0.30000000000000004,0.19,0.148,10.085
2017-03-06 11:00:00-03:00,0.441,0.315,0.185,10.589
2017-03-06 12:00:00-03:00,0.669,0.617,0.176,11.213
2017-03-06 13:00:00-03:00,0.739,0.744,0.15,11.713
2017-03-06 14:00:00-03:00,0.68,0.641,0.17,11.957
2017-03-06 15:00:00-03:00,0.631,0.5760000000000001,0.17,12.087
2017-03-06 16:00:00-03:00,0.546,0.481,0.154,12.045
2017-03-06 17:00:00-03:00,0.483,0.434,0.121,11.834
2017-03-06 18:00:00-03:00,0.384,0.354,0.081,11.388
2017-03-06 19:00:00-03:00,0.161,0.151,0.036000000000000004,10.362
2017-03-06 20:00:00-03:00,0.0,0.002,0.001,8.603
2017-03-06 21:00:00-03:00,0.0,0.0,0.0,7.984
2017-03-06 22:00:00-03:00,0.0,0.0,0.0,7.594
2017-03-06 23:00:00-03:00,0.0,0.0,0.0,7.285
2017-03-07 00:00:00-03:00,0.0,0.0,0.0,7.149
2017-03-07 01:00:00-03:00,0.0,0.0,0.0,7.338
2017-03-07 02:00:00-03:00,0.0,0.0,0.0,7.462
2017-03-07 03:00:00-03:00,0.0,0.0,0.0,7.507
2017-03-07 04:00:00-03:00,0.0,0.0,0.0,7.543
2017-03-07 05:00:00-03:00,0.0,0.0,0.0,7.59
2017-03-07 06:00:00-03:00,0.0,0.0,0.0,7.547
2017-03-07 07:00:00-03:00,0.015,0.018000000000000002,0.01,7.425
2017-03-07 08:00:00-03:00,0.11,0.077,0.056,8.176
2017-03-07 09:00:00-03:00,0.227,0.149,0.109,8.966
2017-03-07 10:00:00-03:00,0.432,0.328,0.16,9.856
2017-03-07 11:00:00-03:00,0.5,0.378,0.196,10.781
2017-03-07 12:00:00-03:00,0.501,0.34,0.23600000000000002,11.498
2017-03-07 13:00:00-03:00,0.434,0.2,0.296,11.826
2017-03-07 14:00:00-03:00,0.334,0.10300000000000001,0.277,11.928
2017-03-07 15:00:00-03:00,0.198,0.042,0.187,11.866
2017-03-07 16:00:00-03:00,0.132,0.026000000000000002,0.132,11.732
2017-03-07 17:00:00-03:00,0.08,0.016,0.08600000000000001,11.508
2017-03-07 18:00:00-03:00,0.04,0.011,0.047,11.079
2017-03-07 19:00:00-03:00,0.006,0.003,0.013000000000000001,10.336
2017-03-07 20:00:00-03:00,0.0,0.0,0.0,9.651
2017-03-07 21:00:00-03:00,0.0,0.0,0.0,9.048
2017-03-07 22:00:00-03:00,0.0,0.0,0.0,8.331
2017-03-07 23:00:00-03:00,0.0,0.0,0.0,7.6370000000000005
2017-03-08 00:00:00-03:00,0.0,0.0,0.0,7.222
2017-03-08 01:00:00-03:00,0.0,0.0,0.0,6.947
2017-03-08 02:00:00-03:00,0.0,0.0,0.0,6.753
2017-03-08 03:00:00-03:00,0.0,0.0,0.0,6.6530000000000005
2017-03-08 04:00:00-03:00,0.0,0.0,0.0,6.594
2017-03-08 05:00:00-03:00,0.0,0.0,0.0,6.5120000000000005
2017-03-08 06:00:00-03:00,0.0,0.0,0.0,6.371
2017-03-08 07:00:00-03:00,0.0,0.001,0.003,6.143
2017-03-08 08:00:00-03:00,0.015,0.004,0.024,6.114
2017-03-08 09:00:00-03:00,0.044,0.007,0.054,6.371
2017-03-08 10:00:00-03:00,0.09,0.013000000000000001,0.098,6.835
2017-03-08 11:00:00-03:00,0.12,0.013000000000000001,0.129,7.297
2017-03-08 12:00:00-03:00,0.11800000000000001,0.008,0.133,7.689
2017-03-08 13:00:00-03:00,0.138,0.007,0.155,8.049
2017-03-08 14:00:00-03:00,0.14300000000000002,0.008,0.16,8.238
2017-03-08 15:00:00-03:00,0.101,0.006,0.116,8.225
2017-03-08 16:00:00-03:00,0.075,0.006,0.09,8.149
2017-03-08 17:00:00-03:00,0.046,0.004,0.059000000000000004,8.008
2017-03-08 18:00:00-03:00,0.02,0.003,0.031,7.73
2017-03-08 19:00:00-03:00,0.003,0.001,0.009000000000000001,7.344
2017-03-08 20:00:00-03:00,0.0,0.0,0.0,6.961
2017-03-08 21:00:00-03:00,0.0,0.0,0.0,6.67
2017-03-08 22:00:00-03:00,0.0,0.0,0.0,6.367
2017-03-08 23:00:00-03:00,0.0,0.0,0.0,6.099
2017-03-09 00:00:00-03:00,0.0,0.0,0.0,5.904
2017-03-09 01:00:00-03:00,0.0,0.0,0.0,5.751
2017-03-09 02:00:00-03:00,0.0,0.0,0.0,5.588
2017-03-09 03:00:00-03:00,0.0,0.0,0.0,5.449
2017-03-09 04:00:00-03:00,0.0,0.0,0.0,5.332
2017-03-09 05:00:00-03:00,0.0,0.0,0.0,5.239
2017-03-09 06:00:00-03:00,0.0,0.0,0.0,5.218
2017-03-09 07:00:00-03:00,0.017,0.022,0.008,5.307
2017-03-09 08:00:00-03:00,0.145,0.117,0.051000000000000004,5.824
2017-03-09 09:00:00-03:00,0.329,0.265,0.1,6.506
2017-03-09 10:00:00-03:00,0.48,0.403,0.136,7.325
2017-03-09 11:00:00-03:00,0.664,0.626,0.148,8.301
2017-03-09 12:00:00-03:00,0.6960000000000001,0.666,0.155,9.182
2017-03-09 13:00:00-03:00,0.767,0.8,0.124,9.987
2017-03-09 14:00:00-03:00,0.771,0.8150000000000001,0.11900000000000001,10.544
2017-03-09 15:00:00-03:00,0.768,0.807,0.124,10.856
2017-03-09 16:00:00-03:00,0.777,0.836,0.11,11.006
2017-03-09 17:00:00-03:00,0.714,0.764,0.091,10.873
2017-03-09 18:00:00-03:00,0.5740000000000001,0.599,0.065,10.408
2017-03-09 19:00:00-03:00,0.23,0.23,0.03,9.149
2017-03-09 20:00:00-03:00,0.0,0.001,0.0,7.328
2017-03-09 21:00:00-03:00,0.0,0.0,0.0,6.8
2017-03-09 22:00:00-03:00,0.0,0.0,0.0,6.197
2017-03-09 23:00:00-03:00,0.0,0.0,0.0,5.556
2017-03-10 00:00:00-03:00,0.0,0.0,0.0,5.125
2017-03-10 01:00:00-03:00,0.0,0.0,0.0,4.932
2017-03-10 02:00:00-03:00,0.0,0.0,0.0,4.8629999999999995
2017-03-10 03:00:00-03:00,0.0,0.0,0.0,4.766
2017-03-10 04:00:00-03:00,0.0,0.0,0.0,4.6690000000000005
2017-03-10 05:00:00-03:00,0.0,0.0,0.0,4.543
2017-03-10 06:00:00-03:00,0.0,0.0,0.0,4.48
2017-03-10 07:00:00-03:00,0.009000000000000001,0.013000000000000001,0.007,4.558
2017-03-10 08:00:00-03:00,0.081,0.055,0.046,5.253
2017-03-10 09:00:00-03:00,0.162,0.09,0.096,6.055
2017-03-10 10:00:00-03:00,0.257,0.138,0.149,7.171
2017-03-10 11:00:00-03:00,0.34,0.182,0.197,8.255
2017-03-10 12:00:00-03:00,0.371,0.18,0.23600000000000002,9.096
2017-03-10 13:00:00-03:00,0.452,0.231,0.28200000000000003,10.145
2017-03-10 14:00:00-03:00,0.481,0.289,0.261,11.179
2017-03-10 15:00:00-03:00,0.504,0.373,0.209,11.904
2017-03-10 16:00:00-03:00,0.436,0.325,0.17400000000000002,12.282
2017-03-10 17:00:00-03:00,0.253,0.159,0.131,12.3
2017-03-10 18:00:00-03:00,0.089,0.045,0.066,11.823
2017-03-10 19:00:00-03:00,0.014,0.01,0.017,10.684
2017-03-10 20:00:00-03:00,0.0,0.0,0.0,9.778
2017-03-10 21:00:00-03:00,0.0,0.0,0.0,9.245
2017-03-10 22:00:00-03:00,0.0,0.0,0.0,8.471
2017-03-10 23:00:00-03:00,0.0,0.0,0.0,7.696
2017-03-11 00:00:00-03:00,0.0,0.0,0.0,7.114
2017-03-11 01:00:00-03:00,0.0,0.0,0.0,6.598
2017-03-11 02:00:00-03:00,0.0,0.0,0.0,6.194
2017-03-11 03:00:00-03:00,0.0,0.0,0.0,5.835
2017-03-11 04:00:00-03:00,0.0,0.0,0.0,5.486
2017-03-11 05:00:00-03:00,0.0,0.0,0.0,5.254
2017-03-11 06:00:00-03:00,0.0,0.0,0.0,5.246
2017-03-11 07:00:00-03:00,0.016,0.022,0.007,5.382
2017-03-11 08:00:00-03:00,0.177,0.149,0.052000000000000005,6.172
2017-03-11 09:00:00-03:00,0.526,0.496,0.099,7.705
2017-03-11 10:00:00-03:00,0.562,0.507,0.14,9.666
2017-03-11 11:00:00-03:00,0.31,0.159,0.191,10.64
2017-03-11 12:00:00-03:00,0.197,0.041,0.186,10.667
2017-03-11 13:00:00-03:00,0.201,0.028,0.203,10.647
2017-03-11 14:00:00-03:00,0.36,0.138,0.27,11.274000000000001
2017-03-11 15:00:00-03:00,0.463,0.319,0.211,11.849
2017-03-11 16:00:00-03:00,0.5670000000000001,0.504,0.157,11.916
2017-03-11 17:00:00-03:00,0.271,0.18,0.127,11.31
2017-03-11 18:00:00-03:00,0.109,0.064,0.069,10.51
2017-03-11 19:00:00-03:00,0.034,0.029,0.022,9.619
2017-03-11 20:00:00-03:00,0.0,0.0,0.0,8.861
2017-03-11 21:00:00-03:00,0.0,0.0,0.0,8.621
2017-03-11 22:00:00-03:00,0.0,0.0,0.0,8.359
2017-03-11 23:00:00-03:00,0.0,0.0,0.0,7.924
2017-03-12 00:00:00-03:00,0.0,0.0,0.0,7.64
2017-03-12 01:00:00-03:00,0.0,0.0,0.0,7.418
2017-03-12 02:00:00-03:00,0.0,0.0,0.0,7.153
2017-03-12 03:00:00-03:00,0.0,0.0,0.0,7.043
2017-03-12 04:00:00-03:00,0.0,0.0,0.0,7.109
2017-03-12 05:00:00-03:00,0.0,0.0,0.0,7.068
2017-03-12 06:00:00-03:00,0.0,0.0,0.0,7.02
2017-03-12 07:00:00-03:00,0.0,0.001,0.003,7.05
2017-03-12 08:00:00-03:00,0.017,0.007,0.023,7.342
2017-03-12 09:00:00-03:00,0.146,0.07100000000000001,0.099,7.902
2017-03-12 10:00:00-03:00,0.269,0.138,0.165,8.845
2017-03-12 11:00:00-03:00,0.12,0.016,0.128,9.396
2017-03-12 12:00:00-03:00,0.093,0.006,0.11,9.755
2017-03-12 13:00:00-03:00,0.122,0.006,0.14,9.544
2017-03-12 14:00:00-03:00,0.112,0.005,0.13,9.064
2017-03-12 15:00:00-03:00,0.067,0.003,0.084,9.183
2017-03-12 16:00:00-03:00,0.032,0.002,0.047,10.108
2017-03-12 17:00:00-03:00,0.029,0.003,0.043000000000000003,11.233
2017-03-12 18:00:00-03:00,0.043000000000000003,0.012,0.049,11.375
2017-03-12 19:00:00-03:00,0.025,0.02,0.021,9.646
2017-03-12 20:00:00-03:00,0.0,0.0,0.0,8.552
2017-03-12 21:00:00-03:00,0.0,0.0,0.0,7.974
2017-03-12 22:00:00-03:00,0.0,0.0,0.0,7.708
2017-03-12 23:00:00-03:00,0.0,0.0,0.0,7.435
2017-03-13 00:00:00-03:00,0.0,0.0,0.0,7.185
2017-03-13 01:00:00-03:00,0.0,0.0,0.0,6.949
2017-03-13 02:00:00-03:00,0.0,0.0,0.0,6.818
2017-03-13 03:00:00-03:00,0.0,0.0,0.0,6.664
2017-03-13 04:00:00-03:00,0.0,0.0,0.0,6.541
2017-03-13 05:00:00-03:00,0.0,0.0,0.0,6.453
2017-03-13 06:00:00-03:00,0.0,0.0,0.0,6.313
2017-03-13 07:00:00-03:00,0.015,0.022,0.005,6.195
2017-03-13 08:00:00-03:00,0.269,0.251,0.048,6.322
2017-03-13 09:00:00-03:00,0.47900000000000004,0.446,0.09,6.743
2017-03-13 10:00:00-03:00,0.579,0.539,0.121,7.257
2017-03-13 11:00:00-03:00,0.666,0.635,0.14,7.954
2017-03-13 12:00:00-03:00,0.708,0.6890000000000001,0.146,8.685
2017-03-13 13:00:00-03:00,0.729,0.731,0.136,9.035
2017-03-13 14:00:00-03:00,0.74,0.752,0.129,9.081
2017-03-13 15:00:00-03:00,0.717,0.719,0.132,9.121
2017-03-13 16:00:00-03:00,0.7010000000000001,0.713,0.115,9.086
2017-03-13 17:00:00-03:00,0.666,0.6890000000000001,0.091,8.767
2017-03-13 18:00:00-03:00,0.503,0.506,0.063,8.113
2017-03-13 19:00:00-03:00,0.18,0.182,0.024,7.25
2017-03-13 20:00:00-03:00,0.0,0.0,0.0,6.455
2017-03-13 21:00:00-03:00,0.0,0.0,0.0,6.065
2017-03-13 22:00:00-03:00,0.0,0.0,0.0,5.9879999999999995
2017-03-13 23:00:00-03:00,0.0,0.0,0.0,5.874
2017-03-14 00:00:00-03:00,0.0,0.0,0.0,5.731
2017-03-14 01:00:00-03:00,0.0,0.0,0.0,5.521
2017-03-14 02:00:00-03:00,0.0,0.0,0.0,5.355
2017-03-14 03:00:00-03:00,0.0,0.0,0.0,5.409
2017-03-14 04:00:00-03:00,0.0,0.0,0.0,5.725
2017-03-14 05:00:00-03:00,0.0,0.0,0.0,5.72
2017-03-14 06:00:00-03:00,0.0,0.0,0.0,5.323
2017-03-14 07:00:00-03:00,0.0,0.001,0.002,5.143
2017-03-14 08:00:00-03:00,0.008,0.004,0.015,5.385
2017-03-14 09:00:00-03:00,0.026000000000000002,0.004,0.036000000000000004,5.623
2017-03-14 10:00:00-03:00,0.048,0.005,0.06,5.563
2017-03-14 11:00:00-03:00,0.077,0.007,0.09,5.573
2017-03-14 12:00:00-03:00,0.154,0.019,0.158,6.018
2017-03-14 13:00:00-03:00,0.38,0.131,0.29,6.876
2017-03-14 14:00:00-03:00,0.487,0.28,0.268,7.882
2017-03-14 15:00:00-03:00,0.488,0.336,0.216,8.728
2017-03-14 16:00:00-03:00,0.357,0.222,0.179,9.206
2017-03-14 17:00:00-03:00,0.216,0.12,0.125,9.361
2017-03-14 18:00:00-03:00,0.10200000000000001,0.057,0.067,9.131
2017-03-14 19:00:00-03:00,0.026000000000000002,0.024,0.017,8.311
2017-03-14 20:00:00-03:00,0.0,0.0,0.0,7.185
2017-03-14 21:00:00-03:00,0.0,0.0,0.0,6.388
2017-03-14 22:00:00-03:00,0.0,0.0,0.0,5.968
2017-03-14 23:00:00-03:00,0.0,0.0,0.0,5.803
2017-03-15 00:00:00-03:00,0.0,0.0,0.0,5.655
2017-03-15 01:00:00-03:00,0.0,0.0,0.0,5.634
2017-03-15 02:00:00-03:00,0.0,0.0,0.0,5.583
2017-03-15 03:00:00-03:00,0.0,0.0,0.0,5.781
2017-03-15 04:00:00-03:00,0.0,0.0,0.0,6.241
2017-03-15 05:00:00-03:00,0.0,0.0,0.0,6.413
2017-03-15 06:00:00-03:00,0.0,0.0,0.0,6.339
2017-03-15 07:00:00-03:00,0.005,0.01,0.003,5.966
2017-03-15 08:00:00-03:00,0.281,0.265,0.047,6.59
2017-03-15 09:00:00-03:00,0.488,0.462,0.088,7.732
2017-03-15 10:00:00-03:00,0.7010000000000001,0.717,0.109,8.754
2017-03-15 11:00:00-03:00,0.727,0.737,0.13,9.712
2017-03-15 12:00:00-03:00,0.652,0.605,0.163,10.608
2017-03-15 13:00:00-03:00,0.594,0.496,0.198,11.363
2017-03-15 14:00:00-03:00,0.652,0.605,0.168,12.029
2017-03-15 15:00:00-03:00,0.686,0.676,0.147,12.502
2017-03-15 16:00:00-03:00,0.302,0.183,0.16,12.427
2017-03-15 17:00:00-03:00,0.121,0.051000000000000004,0.096,12.173
2017-03-15 18:00:00-03:00,0.088,0.051000000000000004,0.059000000000000004,11.775
2017-03-15 19:00:00-03:00,0.016,0.017,0.013000000000000001,10.746
2017-03-15 20:00:00-03:00,0.0,0.0,0.0,9.642
2017-03-15 21:00:00-03:00,0.0,0.0,0.0,9.117
2017-03-15 22:00:00-03:00,0.0,0.0,0.0,8.711
2017-03-15 23:00:00-03:00,0.0,0.0,0.0,8.1
2017-03-16 00:00:00-03:00,0.0,0.0,0.0,7.725
2017-03-16 01:00:00-03:00,0.0,0.0,0.0,7.431
2017-03-16 02:00:00-03:00,0.0,0.0,0.0,6.934
2017-03-16 03:00:00-03:00,0.0,0.0,0.0,6.703
2017-03-16 04:00:00-03:00,0.0,0.0,0.0,6.369
2017-03-16 05:00:00-03:00,0.0,0.0,0.0,6.242
2017-03-16 06:00:00-03:00,0.0,0.0,0.0,6.315
2017-03-16 07:00:00-03:00,0.0,0.003,0.002,6.265
2017-03-16 08:00:00-03:00,0.083,0.066,0.038,6.733
2017-03-16 09:00:00-03:00,0.366,0.312,0.096,7.7780000000000005
2017-03-16 10:00:00-03:00,0.55,0.501,0.129,9.55
2017-03-16 11:00:00-03:00,0.636,0.6000000000000001,0.152,11.975999999999999
2017-03-16 12:00:00-03:00,0.604,0.53,0.186,13.697
2017-03-16 13:00:00-03:00,0.508,0.352,0.244,14.765
2017-03-16 14:00:00-03:00,0.46,0.28800000000000003,0.248,15.568
2017-03-16 15:00:00-03:00,0.359,0.202,0.214,16.028
2017-03-16 16:00:00-03:00,0.212,0.09,0.159,15.878
2017-03-16 17:00:00-03:00,0.07,0.018000000000000002,0.075,14.828
2017-03-16 18:00:00-03:00,0.024,0.007,0.032,13.306
2017-03-16 19:00:00-03:00,0.003,0.004,0.007,11.874
2017-03-16 20:00:00-03:00,0.0,0.0,0.0,10.898
2017-03-16 21:00:00-03:00,0.0,0.0,0.0,10.413
2017-03-16 22:00:00-03:00,0.0,0.0,0.0,10.247
2017-03-16 23:00:00-03:00,0.0,0.0,0.0,10.216
2017-03-17 00:00:00-03:00,0.0,0.0,0.0,10.141
2017-03-17 01:00:00-03:00,0.0,0.0,0.0,9.789
2017-03-17 02:00:00-03:00,0.0,0.0,0.0,9.107
2017-03-17 03:00:00-03:00,0.0,0.0,0.0,8.493
2017-03-17 04:00:00-03:00,0.0,0.0,0.0,8.049
2017-03-17 05:00:00-03:00,0.0,0.0,0.0,7.537
2017-03-17 06:00:00-03:00,0.0,0.0,0.0,7.095
2017-03-17 07:00:00-03:00,0.006,0.013000000000000001,0.003,6.941
2017-03-17 08:00:00-03:00,0.263,0.251,0.044,7.677
2017-03-17 09:00:00-03:00,0.444,0.41100000000000003,0.089,8.637
2017-03-17 10:00:00-03:00,0.5740000000000001,0.542,0.12,9.664
2017-03-17 11:00:00-03:00,0.737,0.759,0.127,10.613
2017-03-17 12:00:00-03:00,0.735,0.749,0.138,11.366
2017-03-17 13:00:00-03:00,0.682,0.651,0.163,11.896
2017-03-17 14:00:00-03:00,0.522,0.383,0.222,12.222
2017-03-17 15:00:00-03:00,0.329,0.167,0.20700000000000002,12.272
2017-03-17 16:00:00-03:00,0.149,0.044,0.133,11.932
2017-03-17 17:00:00-03:00,0.045,0.009000000000000001,0.055,11.214
2017-03-17 18:00:00-03:00,0.031,0.012,0.036000000000000004,10.436
2017-03-17 19:00:00-03:00,0.034,0.036000000000000004,0.015,9.539
2017-03-17 20:00:00-03:00,0.0,0.0,0.0,8.69
2017-03-17 21:00:00-03:00,0.0,0.0,0.0,8.274000000000001
2017-03-17 22:00:00-03:00,0.0,0.0,0.0,7.942
2017-03-17 23:00:00-03:00,0.0,0.0,0.0,7.772
2017-03-18 00:00:00-03:00,0.0,0.0,0.0,7.753
2017-03-18 01:00:00-03:00,0.0,0.0,0.0,7.849
2017-03-18 02:00:00-03:00,0.0,0.0,0.0,7.878
2017-03-18 03:00:00-03:00,0.0,0.0,0.0,7.831
2017-03-18 04:00:00-03:00,0.0,0.0,0.0,7.824
2017-03-18 05:00:00-03:00,0.0,0.0,0.0,7.901
2017-03-18 06:00:00-03:00,0.0,0.0,0.0,8.09
2017-03-18 07:00:00-03:00,0.0,0.003,0.002,8.324
2017-03-18 08:00:00-03:00,0.115,0.099,0.039,8.856
2017-03-18 09:00:00-03:00,0.304,0.249,0.093,9.79
2017-03-18 10:00:00-03:00,0.41300000000000003,0.332,0.137,10.772
2017-03-18 11:00:00-03:00,0.497,0.4,0.17200000000000001,11.646
2017-03-18 12:00:00-03:00,0.484,0.34600000000000003,0.211,12.218
2017-03-18 13:00:00-03:00,0.47600000000000003,0.294,0.255,12.629
2017-03-18 14:00:00-03:00,0.36,0.159,0.252,12.804
2017-03-18 15:00:00-03:00,0.28700000000000003,0.124,0.20500000000000002,12.864
2017-03-18 16:00:00-03:00,0.217,0.095,0.155,12.766
2017-03-18 17:00:00-03:00,0.147,0.07,0.10400000000000001,12.495
2017-03-18 18:00:00-03:00,0.096,0.061,0.059000000000000004,12.083
2017-03-18 19:00:00-03:00,0.026000000000000002,0.03,0.013000000000000001,11.347
2017-03-18 20:00:00-03:00,0.0,0.0,0.0,10.546
2017-03-18 21:00:00-03:00,0.0,0.0,0.0,10.067
2017-03-18 22:00:00-03:00,0.0,0.0,0.0,9.9
2017-03-18 23:00:00-03:00,0.0,0.0,0.0,9.83
2017-03-19 00:00:00-03:00,0.0,0.0,0.0,9.656
2017-03-19 01:00:00-03:00,0.0,0.0,0.0,9.382
2017-03-19 02:00:00-03:00,0.0,0.0,0.0,9.089
2017-03-19 03:00:00-03:00,0.0,0.0,0.0,8.701
2017-03-19 04:00:00-03:00,0.0,0.0,0.0,8.328
2017-03-19 05:00:00-03:00,0.0,0.0,0.0,7.933
2017-03-19 06:00:00-03:00,0.0,0.0,0.0,7.713
2017-03-19 07:00:00-03:00,0.004,0.011,0.002,7.519
2017-03-19 08:00:00-03:00,0.28300000000000003,0.278,0.039,8.152
2017-03-19 09:00:00-03:00,0.581,0.594,0.076,9.298
2017-03-19 10:00:00-03:00,0.735,0.788,0.095,10.732
2017-03-19 11:00:00-03:00,0.775,0.843,0.108,12.464
2017-03-19 12:00:00-03:00,0.786,0.867,0.108,13.948
2017-03-19 13:00:00-03:00,0.784,0.888,0.092,15.26
2017-03-19 14:00:00-03:00,0.773,0.873,0.097,16.299
2017-03-19 15:00:00-03:00,0.732,0.796,0.115,16.639
2017-03-19 16:00:00-03:00,0.536,0.503,0.133,16.27
2017-03-19 17:00:00-03:00,0.183,0.111,0.105,15.53
2017-03-19 18:00:00-03:00,0.019,0.007,0.026000000000000002,14.142
2017-03-19 19:00:00-03:00,0.0,0.002,0.003,12.896
2017-03-19 20:00:00-03:00,0.0,0.0,0.0,11.948
2017-03-19 21:00:00-03:00,0.0,0.0,0.0,11.346
2017-03-19 22:00:00-03:00,0.0,0.0,0.0,10.798
2017-03-19 23:00:00-03:00,0.0,0.0,0.0,10.599
2017-03-20 00:00:00-03:00,0.0,0.0,0.0,10.585
2017-03-20 01:00:00-03:00,0.0,0.0,0.0,10.492
2017-03-20 02:00:00-03:00,0.0,0.0,0.0,10.217
2017-03-20 03:00:00-03:00,0.0,0.0,0.0,9.592
2017-03-20 04:00:00-03:00,0.0,0.0,0.0,8.857
2017-03-20 05:00:00-03:00,0.0,0.0,0.0,8.284
2017-03-20 06:00:00-03:00,0.0,0.0,0.0,8.644
2017-03-20 07:00:00-03:00,0.0,0.003,0.001,8.772
2017-03-20 08:00:00-03:00,0.307,0.306,0.038,9.298
2017-03-20 09:00:00-03:00,0.495,0.487,0.077,9.954
2017-03-20 10:00:00-03:00,0.687,0.719,0.098,10.764
2017-03-20 11:00:00-03:00,0.765,0.8250000000000001,0.108,11.825
2017-03-20 12:00:00-03:00,0.774,0.84,0.11,12.583
2017-03-20 13:00:00-03:00,0.781,0.867,0.096,12.926
2017-03-20 14:00:00-03:00,0.722,0.756,0.11900000000000001,12.862
2017-03-20 15:00:00-03:00,0.652,0.641,0.134,12.452
2017-03-20 16:00:00-03:00,0.58,0.553,0.124,11.941
2017-03-20 17:00:00-03:00,0.418,0.371,0.10400000000000001,11.468
2017-03-20 18:00:00-03:00,0.083,0.056,0.05,10.786
2017-03-20 19:00:00-03:00,0.015,0.019,0.009000000000000001,9.855
2017-03-20 20:00:00-03:00,0.0,0.0,0.0,8.671
2017-03-20 21:00:00-03:00,0.0,0.0,0.0,8.18
2017-03-20 22:00:00-03:00,0.0,0.0,0.0,8.259
2017-03-20 23:00:00-03:00,0.0,0.0,0.0,8.394
2017-03-21 00:00:00-03:00,0.0,0.0,0.0,8.564
2017-03-21 01:00:00-03:00,0.0,0.0,0.0,8.764
2017-03-21 02:00:00-03:00,0.0,0.0,0.0,8.791
2017-03-21 03:00:00-03:00,0.0,0.0,0.0,8.733
2017-03-21 04:00:00-03:00,0.0,0.0,0.0,8.611
2017-03-21 05:00:00-03:00,0.0,0.0,0.0,8.72
2017-03-21 06:00:00-03:00,0.0,0.0,0.0,8.914
2017-03-21 07:00:00-03:00,0.0,0.002,0.001,8.949
2017-03-21 08:00:00-03:00,0.08700000000000001,0.075,0.034,9.195
2017-03-21 09:00:00-03:00,0.163,0.105,0.084,9.964
2017-03-21 10:00:00-03:00,0.269,0.166,0.139,10.969
2017-03-21 11:00:00-03:00,0.337,0.2,0.183,11.859
2017-03-21 12:00:00-03:00,0.502,0.367,0.213,12.661
2017-03-21 13:00:00-03:00,0.533,0.381,0.241,13.189
2017-03-21 14:00:00-03:00,0.364,0.16,0.257,13.237
2017-03-21 15:00:00-03:00,0.187,0.044,0.17400000000000002,12.934
2017-03-21 16:00:00-03:00,0.093,0.016,0.101,12.486
2017-03-21 17:00:00-03:00,0.046,0.008,0.056,11.954
2017-03-21 18:00:00-03:00,0.018000000000000002,0.006,0.027,11.371
2017-03-21 19:00:00-03:00,0.0,0.002,0.004,10.705
2017-03-21 20:00:00-03:00,0.0,0.0,0.0,10.124
2017-03-21 21:00:00-03:00,0.0,0.0,0.0,9.594
2017-03-21 22:00:00-03:00,0.0,0.0,0.0,9.046
2017-03-21 23:00:00-03:00,0.0,0.0,0.0,8.507
2017-03-22 00:00:00-03:00,0.0,0.0,0.0,8.045
2017-03-22 01:00:00-03:00,0.0,0.0,0.0,7.733
2017-03-22 02:00:00-03:00,0.0,0.0,0.0,7.483
2017-03-22 03:00:00-03:00,0.0,0.0,0.0,7.248
2017-03-22 04:00:00-03:00,0.0,0.0,0.0,6.858
2017-03-22 05:00:00-03:00,0.0,0.0,0.0,6.596
2017-03-22 06:00:00-03:00,0.0,0.0,0.0,6.453
2017-03-22 07:00:00-03:00,0.0,0.001,0.001,6.149
2017-03-22 08:00:00-03:00,0.07,0.057,0.033,6.697
2017-03-22 09:00:00-03:00,0.117,0.059000000000000004,0.081,8.023
2017-03-22 10:00:00-03:00,0.099,0.023,0.099,8.696
2017-03-22 11:00:00-03:00,0.117,0.017,0.123,9.485
2017-03-22 12:00:00-03:00,0.17200000000000001,0.024,0.17500000000000002,10.412
2017-03-22 13:00:00-03:00,0.17,0.015,0.183,10.981
2017-03-22 14:00:00-03:00,0.098,0.005,0.116,11.132
2017-03-22 15:00:00-03:00,0.088,0.006,0.10400000000000001,11.221
2017-03-22 16:00:00-03:00,0.062,0.006,0.077,11.228
2017-03-22 17:00:00-03:00,0.03,0.004,0.043000000000000003,11.057
2017-03-22 18:00:00-03:00,0.009000000000000001,0.002,0.018000000000000002,10.755
2017-03-22 19:00:00-03:00,0.0,0.001,0.003,10.444
2017-03-22 20:00:00-03:00,0.0,0.0,0.0,10.242
2017-03-22 21:00:00-03:00,0.0,0.0,0.0,10.092
2017-03-22 22:00:00-03:00,0.0,0.0,0.0,9.97
2017-03-22 23:00:00-03:00,0.0,0.0,0.0,9.867
2017-03-23 00:00:00-03:00,0.0,0.0,0.0,9.863
2017-03-23 01:00:00-03:00,0.0,0.0,0.0,9.933
2017-03-23 02:00:00-03:00,0.0,0.0,0.0,9.947
2017-03-23 03:00:00-03:00,0.0,0.0,0.0,9.942
2017-03-23 04:00:00-03:00,0.0,0.0,0.0,9.787
2017-03-23 05:00:00-03:00,0.0,0.0,0.0,9.448
2017-03-23 06:00:00-03:00,0.0,0.0,0.0,9.14
2017-03-23 07:00:00-03:00,0.0,0.0,0.0,8.919
2017-03-23 08:00:00-03:00,0.046,0.038,0.026000000000000002,9.027
2017-03-23 09:00:00-03:00,0.165,0.109,0.083,9.592
2017-03-23 10:00:00-03:00,0.32,0.223,0.139,10.362
2017-03-23 11:00:00-03:00,0.388,0.257,0.183,11.111
2017-03-23 12:00:00-03:00,0.401,0.23,0.227,11.635
2017-03-23 13:00:00-03:00,0.369,0.154,0.265,11.876
2017-03-23 14:00:00-03:00,0.304,0.096,0.249,11.848
2017-03-23 15:00:00-03:00,0.137,0.021,0.14100000000000001,11.462
2017-03-23 16:00:00-03:00,0.1,0.018000000000000002,0.106,11.133
2017-03-23 17:00:00-03:00,0.06,0.014,0.067,10.803
2017-03-23 18:00:00-03:00,0.028,0.011,0.034,10.412
2017-03-23 19:00:00-03:00,0.001,0.003,0.004,9.923
2017-03-23 20:00:00-03:00,0.0,0.0,0.0,9.469
2017-03-23 21:00:00-03:00,0.0,0.0,0.0,9.089
2017-03-23 22:00:00-03:00,0.0,0.0,0.0,8.807
2017-03-23 23:00:00-03:00,0.0,0.0,0.0,8.603
2017-03-24 00:00:00-03:00,0.0,0.0,0.0,8.704
2017-03-24 01:00:00-03:00,0.0,0.0,0.0,8.832
2017-03-24 02:00:00-03:00,0.0,0.0,0.0,8.813
2017-03-24 03:00:00-03:00,0.0,0.0,0.0,8.885
2017-03-24 04:00:00-03:00,0.0,0.0,0.0,8.919
2017-03-24 05:00:00-03:00,0.0,0.0,0.0,8.725
2017-03-24 06:00:00-03:00,0.0,0.0,0.0,8.331
2017-03-24 07:00:00-03:00,0.0,0.0,0.0,7.994
2017-03-24 08:00:00-03:00,0.019,0.014,0.019,8.191
2017-03-24 09:00:00-03:00,0.106,0.055,0.074,9.068
2017-03-24 10:00:00-03:00,0.339,0.23800000000000002,0.14300000000000002,9.997
2017-03-24 11:00:00-03:00,0.329,0.182,0.189,10.61
2017-03-24 12:00:00-03:00,0.242,0.066,0.209,10.878
2017-03-24 13:00:00-03:00,0.202,0.027,0.20500000000000002,10.975
2017-03-24 14:00:00-03:00,0.154,0.015,0.165,11.033
2017-03-24 15:00:00-03:00,0.115,0.013000000000000001,0.126,11.097
2017-03-24 16:00:00-03:00,0.089,0.013000000000000001,0.099,11.058
2017-03-24 17:00:00-03:00,0.042,0.007,0.053,10.784
2017-03-24 18:00:00-03:00,0.01,0.003,0.019,10.245
2017-03-24 19:00:00-03:00,0.0,0.001,0.002,9.594
2017-03-24 20:00:00-03:00,0.0,0.0,0.0,9.226
2017-03-24 21:00:00-03:00,0.0,0.0,0.0,8.919
2017-03-24 22:00:00-03:00,0.0,0.0,0.0,8.652
2017-03-24 23:00:00-03:00,0.0,0.0,0.0,8.519
2017-03-25 00:00:00-03:00,0.0,0.0,0.0,8.478
2017-03-25 01:00:00-03:00,0.0,0.0,0.0,8.264
2017-03-25 02:00:00-03:00,0.0,0.0,0.0,7.834
2017-03-25 03:00:00-03:00,0.0,0.0,0.0,7.366
2017-03-25 04:00:00-03:00,0.0,0.0,0.0,6.889
2017-03-25 05:00:00-03:00,0.0,0.0,0.0,6.346
2017-03-25 06:00:00-03:00,0.0,0.0,0.0,5.657
2017-03-25 07:00:00-03:00,0.0,0.005,0.0,4.869
2017-03-25 08:00:00-03:00,0.528,0.5640000000000001,0.026000000000000002,5.093
2017-03-25 09:00:00-03:00,0.751,0.8300000000000001,0.053,6.312
2017-03-25 10:00:00-03:00,0.8300000000000001,0.931,0.07100000000000001,7.093
2017-03-25 11:00:00-03:00,0.859,0.973,0.079,8.133
2017-03-25 12:00:00-03:00,0.861,0.988,0.074,9.186
2017-03-25 13:00:00-03:00,0.847,0.989,0.056,10.166
2017-03-25 14:00:00-03:00,0.839,0.978,0.062,11.115
2017-03-25 15:00:00-03:00,0.8290000000000001,0.9500000000000001,0.077,11.593
2017-03-25 16:00:00-03:00,0.794,0.898,0.076,11.623
2017-03-25 17:00:00-03:00,0.718,0.799,0.063,11.325
2017-03-25 18:00:00-03:00,0.541,0.582,0.041,10.462
2017-03-25 19:00:00-03:00,0.095,0.109,0.007,8.335
2017-03-25 20:00:00-03:00,0.0,0.0,0.0,7.23
2017-03-25 21:00:00-03:00,0.0,0.0,0.0,6.607
2017-03-25 22:00:00-03:00,0.0,0.0,0.0,6.112
2017-03-25 23:00:00-03:00,0.0,0.0,0.0,5.635
2017-03-26 00:00:00-03:00,0.0,0.0,0.0,5.037
2017-03-26 01:00:00-03:00,0.0,0.0,0.0,4.394
2017-03-26 02:00:00-03:00,0.0,0.0,0.0,4.016
2017-03-26 03:00:00-03:00,0.0,0.0,0.0,4.446
2017-03-26 04:00:00-03:00,0.0,0.0,0.0,4.677
2017-03-26 05:00:00-03:00,0.0,0.0,0.0,4.809
2017-03-26 06:00:00-03:00,0.0,0.0,0.0,4.8100000000000005
2017-03-26 07:00:00-03:00,0.0,0.0,0.0,4.975
2017-03-26 08:00:00-03:00,0.014,0.012,0.015,5.202
2017-03-26 09:00:00-03:00,0.097,0.052000000000000005,0.066,5.844
2017-03-26 10:00:00-03:00,0.318,0.223,0.129,6.934
2017-03-26 11:00:00-03:00,0.561,0.491,0.151,8.354
2017-03-26 12:00:00-03:00,0.649,0.603,0.157,9.715
2017-03-26 13:00:00-03:00,0.592,0.492,0.197,10.797
2017-03-26 14:00:00-03:00,0.374,0.186,0.23800000000000002,11.346
2017-03-26 15:00:00-03:00,0.212,0.067,0.177,11.553
2017-03-26 16:00:00-03:00,0.156,0.053,0.13,11.689
2017-03-26 17:00:00-03:00,0.149,0.078,0.097,11.742
2017-03-26 18:00:00-03:00,0.082,0.057,0.047,11.193
2017-03-26 19:00:00-03:00,0.005,0.009000000000000001,0.005,9.703
2017-03-26 20:00:00-03:00,0.0,0.0,0.0,9.141
2017-03-26 21:00:00-03:00,0.0,0.0,0.0,8.813
2017-03-26 22:00:00-03:00,0.0,0.0,0.0,8.371
2017-03-26 23:00:00-03:00,0.0,0.0,0.0,7.928
2017-03-27 00:00:00-03:00,0.0,0.0,0.0,7.625
2017-03-27 01:00:00-03:00,0.0,0.0,0.0,7.293
2017-03-27 02:00:00-03:00,0.0,0.0,0.0,7.017
2017-03-27 03:00:00-03:00,0.0,0.0,0.0,6.834
2017-03-27 04:00:00-03:00,0.0,0.0,0.0,6.75
2017-03-27 05:00:00-03:00,0.0,0.0,0.0,6.752
2017-03-27 06:00:00-03:00,0.0,0.0,0.0,6.748
2017-03-27 07:00:00-03:00,0.0,0.0,0.0,6.795
2017-03-27 08:00:00-03:00,0.018000000000000002,0.017,0.015,7.071
2017-03-27 09:00:00-03:00,0.075,0.039,0.057,7.71
2017-03-27 10:00:00-03:00,0.217,0.126,0.12,8.863
2017-03-27 11:00:00-03:00,0.34,0.219,0.164,10.145
2017-03-27 12:00:00-03:00,0.5720000000000001,0.497,0.168,11.477
2017-03-27 13:00:00-03:00,0.681,0.68,0.136,12.535
2017-03-27 14:00:00-03:00,0.742,0.798,0.109,13.393
2017-03-27 15:00:00-03:00,0.6940000000000001,0.725,0.117,13.924
2017-03-27 16:00:00-03:00,0.605,0.607,0.112,14.157
2017-03-27 17:00:00-03:00,0.427,0.401,0.092,14.112
2017-03-27 18:00:00-03:00,0.193,0.17500000000000002,0.05,13.529
2017-03-27 19:00:00-03:00,0.008,0.015,0.005,12.189
2017-03-27 20:00:00-03:00,0.0,0.0,0.0,11.113
2017-03-27 21:00:00-03:00,0.0,0.0,0.0,10.188
2017-03-27 22:00:00-03:00,0.0,0.0,0.0,9.658
2017-03-27 23:00:00-03:00,0.0,0.0,0.0,9.095
2017-03-28 00:00:00-03:00,0.0,0.0,0.0,8.358
2017-03-28 01:00:00-03:00,0.0,0.0,0.0,7.713
2017-03-28 02:00:00-03:00,0.0,0.0,0.0,7.39
2017-03-28 03:00:00-03:00,0.0,0.0,0.0,7.156
2017-03-28 04:00:00-03:00,0.0,0.0,0.0,7.049
2017-03-28 05:00:00-03:00,0.0,0.0,0.0,6.995
2017-03-28 06:00:00-03:00,0.0,0.0,0.0,6.875
2017-03-28 07:00:00-03:00,0.0,0.0,0.0,6.775
2017-03-28 08:00:00-03:00,0.041,0.04,0.018000000000000002,6.917
2017-03-28 09:00:00-03:00,0.16,0.117,0.068,7.472
2017-03-28 10:00:00-03:00,0.45,0.396,0.111,8.785
2017-03-28 11:00:00-03:00,0.6960000000000001,0.719,0.109,10.639
2017-03-28 12:00:00-03:00,0.779,0.86,0.096,12.49
2017-03-28 13:00:00-03:00,0.776,0.873,0.085,13.632
2017-03-28 14:00:00-03:00,0.767,0.86,0.089,14.392
2017-03-28 15:00:00-03:00,0.745,0.8230000000000001,0.097,14.929
2017-03-28 16:00:00-03:00,0.65,0.686,0.099,15.213
2017-03-28 17:00:00-03:00,0.4,0.373,0.09,15.139
2017-03-28 18:00:00-03:00,0.132,0.114,0.045,14.189
2017-03-28 19:00:00-03:00,0.004,0.01,0.004,12.49
2017-03-28 20:00:00-03:00,0.0,0.0,0.0,11.856
2017-03-28 21:00:00-03:00,0.0,0.0,0.0,11.402
2017-03-28 22:00:00-03:00,0.0,0.0,0.0,10.861
2017-03-28 23:00:00-03:00,0.0,0.0,0.0,10.326
2017-03-29 00:00:00-03:00,0.0,0.0,0.0,9.895
2017-03-29 01:00:00-03:00,0.0,0.0,0.0,9.632
2017-03-29 02:00:00-03:00,0.0,0.0,0.0,9.398
2017-03-29 03:00:00-03:00,0.0,0.0,0.0,9.19
2017-03-29 04:00:00-03:00,0.0,0.0,0.0,8.794
2017-03-29 05:00:00-03:00,0.0,0.0,0.0,8.4
2017-03-29 06:00:00-03:00,0.0,0.0,0.0,8.349
2017-03-29 07:00:00-03:00,0.0,0.0,0.0,8.329
2017-03-29 08:00:00-03:00,0.126,0.128,0.021,8.622
2017-03-29 09:00:00-03:00,0.36,0.334,0.07100000000000001,9.94
2017-03-29 10:00:00-03:00,0.592,0.591,0.098,10.671
2017-03-29 11:00:00-03:00,0.705,0.736,0.109,11.474
2017-03-29 12:00:00-03:00,0.708,0.728,0.123,12.098
2017-03-29 13:00:00-03:00,0.5680000000000001,0.483,0.18,12.309
2017-03-29 14:00:00-03:00,0.508,0.393,0.195,12.358
2017-03-29 15:00:00-03:00,0.436,0.322,0.177,12.266
2017-03-29 16:00:00-03:00,0.278,0.17300000000000001,0.14400000000000002,11.995
2017-03-29 17:00:00-03:00,0.115,0.057,0.083,11.519
2017-03-29 18:00:00-03:00,0.032,0.019,0.03,10.869
2017-03-29 19:00:00-03:00,0.0,0.002,0.002,9.89
2017-03-29 20:00:00-03:00,0.0,0.0,0.0,9.262
2017-03-29 21:00:00-03:00,0.0,0.0,0.0,8.448
2017-03-29 22:00:00-03:00,0.0,0.0,0.0,7.486
2017-03-29 23:00:00-03:00,0.0,0.0,0.0,6.514
2017-03-30 00:00:00-03:00,0.0,0.0,0.0,5.897
2017-03-30 01:00:00-03:00,0.0,0.0,0.0,5.324
2017-03-30 02:00:00-03:00,0.0,0.0,0.0,4.7620000000000005
2017-03-30 03:00:00-03:00,0.0,0.0,0.0,4.4879999999999995
2017-03-30 04:00:00-03:00,0.0,0.0,0.0,4.338
2017-03-30 05:00:00-03:00,0.0,0.0,0.0,4.249
2017-03-30 06:00:00-03:00,0.0,0.0,0.0,4.319
2017-03-30 07:00:00-03:00,0.0,0.0,0.0,4.616
2017-03-30 08:00:00-03:00,0.28,0.29,0.019,5.213
2017-03-30 09:00:00-03:00,0.5670000000000001,0.589,0.056,7.163
2017-03-30 10:00:00-03:00,0.6970000000000001,0.743,0.076,8.425
2017-03-30 11:00:00-03:00,0.776,0.853,0.084,9.643
2017-03-30 12:00:00-03:00,0.798,0.895,0.08,10.674
2017-03-30 13:00:00-03:00,0.787,0.893,0.07100000000000001,11.392
2017-03-30 14:00:00-03:00,0.788,0.893,0.073,11.9
2017-03-30 15:00:00-03:00,0.775,0.868,0.082,12.211
2017-03-30 16:00:00-03:00,0.727,0.8,0.079,12.262
2017-03-30 17:00:00-03:00,0.614,0.657,0.066,12.025
2017-03-30 18:00:00-03:00,0.366,0.376,0.04,11.307
2017-03-30 19:00:00-03:00,0.011,0.02,0.003,10.045
2017-03-30 20:00:00-03:00,0.0,0.0,0.0,9.595
2017-03-30 21:00:00-03:00,0.0,0.0,0.0,9.228
2017-03-30 22:00:00-03:00,0.0,0.0,0.0,8.807
2017-03-30 23:00:00-03:00,0.0,0.0,0.0,8.478
2017-03-31 00:00:00-03:00,0.0,0.0,0.0,8.03
2017-03-31 01:00:00-03:00,0.0,0.0,0.0,7.82
2017-03-31 02:00:00-03:00,0.0,0.0,0.0,7.272
2017-03-31 03:00:00-03:00,0.0,0.0,0.0,6.301
2017-03-31 04:00:00-03:00,0.0,0.0,0.0,5.854
2017-03-31 05:00:00-03:00,0.0,0.0,0.0,5.444
2017-03-31 06:00:00-03:00,0.0,0.0,0.0,4.928
2017-03-31 07:00:00-03:00,0.0,0.0,0.0,4.241
2017-03-31 08:00:00-03:00,0.316,0.329,0.017,4.255
2017-03-31 09:00:00-03:00,0.619,0.655,0.051000000000000004,5.804
2017-03-31 10:00:00-03:00,0.77,0.846,0.067,7.115
2017-03-31 11:00:00-03:00,0.81,0.911,0.075,9.501
2017-03-31 12:00:00-03:00,0.8180000000000001,0.9390000000000001,0.07100000000000001,11.509
2017-03-31 13:00:00-03:00,0.811,0.9480000000000001,0.058,12.62
2017-03-31 14:00:00-03:00,0.804,0.9390000000000001,0.063,13.636
2017-03-31 15:00:00-03:00,0.789,0.909,0.074,14.389
2017-03-31 16:00:00-03:00,0.749,0.853,0.07200000000000001,14.774000000000001
2017-03-31 17:00:00-03:00,0.662,0.739,0.059000000000000004,14.501
2017-03-31 18:00:00-03:00,0.445,0.47600000000000003,0.035,12.721
2017-03-31 19:00:00-03:00,0.014,0.025,0.003,10.563
2017-03-31 20:00:00-03:00,0.0,0.0,0.0,9.554
2017-03-31 21:00:00-03:00,0.0,0.0,0.0,8.635
2017-03-31 22:00:00-03:00,0.0,0.0,0.0,7.577
2017-03-31 23:00:00-03:00,0.0,0.0,0.0,6.531
2017-04-01 00:00:00-03:00,0.0,0.0,0.0,5.696
2017-04-01 01:00:00-03:00,0.0,0.0,0.0,5.232
2017-04-01 02:00:00-03:00,0.0,0.0,0.0,5.07
2017-04-01 03:00:00-03:00,0.0,0.0,0.0,5.007
2017-04-01 04:00:00-03:00,0.0,0.0,0.0,4.662
2017-04-01 05:00:00-03:00,0.0,0.0,0.0,4.108
2017-04-01 06:00:00-03:00,0.0,0.0,0.0,4.116
2017-04-01 07:00:00-03:00,0.0,0.0,0.0,4.37
2017-04-01 08:00:00-03:00,0.047,0.049,0.015,4.994
2017-04-01 09:00:00-03:00,0.089,0.056,0.053,6.048
2017-04-01 10:00:00-03:00,0.186,0.107,0.10300000000000001,6.747
2017-04-01 11:00:00-03:00,0.419,0.327,0.14200000000000002,7.805
2017-04-01 12:00:00-03:00,0.785,0.857,0.091,9.357
2017-04-01 13:00:00-03:00,0.801,0.908,0.07100000000000001,10.681000000000001
2017-04-01 14:00:00-03:00,0.794,0.899,0.075,11.534
2017-04-01 15:00:00-03:00,0.776,0.868,0.083,12.14
2017-04-01 16:00:00-03:00,0.731,0.807,0.079,12.402
2017-04-01 17:00:00-03:00,0.632,0.684,0.064,12.313
2017-04-01 18:00:00-03:00,0.398,0.41500000000000004,0.037,11.12
2017-04-01 19:00:00-03:00,0.007,0.015,0.002,9.115
2017-04-01 20:00:00-03:00,0.0,0.0,0.0,8.656
2017-04-01 21:00:00-03:00,0.0,0.0,0.0,8.394
2017-04-01 22:00:00-03:00,0.0,0.0,0.0,8.255
2017-04-01 23:00:00-03:00,0.0,0.0,0.0,8.121
2017-04-02 00:00:00-03:00,0.0,0.0,0.0,7.873
2017-04-02 01:00:00-03:00,0.0,0.0,0.0,7.686
2017-04-02 02:00:00-03:00,0.0,0.0,0.0,7.608
2017-04-02 03:00:00-03:00,0.0,0.0,0.0,7.514
2017-04-02 04:00:00-03:00,0.0,0.0,0.0,7.261
2017-04-02 05:00:00-03:00,0.0,0.0,0.0,6.508
2017-04-02 06:00:00-03:00,0.0,0.0,0.0,6.059
2017-04-02 07:00:00-03:00,0.0,0.0,0.0,6.082
2017-04-02 08:00:00-03:00,0.058,0.061,0.016,6.016
2017-04-02 09:00:00-03:00,0.164,0.123,0.066,6.907
2017-04-02 10:00:00-03:00,0.243,0.158,0.115,7.568
2017-04-02 11:00:00-03:00,0.41100000000000003,0.302,0.159,8.629
2017-04-02 12:00:00-03:00,0.404,0.255,0.2,9.541
2017-04-02 13:00:00-03:00,0.318,0.134,0.223,10.171
2017-04-02 14:00:00-03:00,0.501,0.376,0.198,10.925
2017-04-02 15:00:00-03:00,0.6000000000000001,0.554,0.149,11.683
2017-04-02 16:00:00-03:00,0.17300000000000001,0.076,0.126,11.714
2017-04-02 17:00:00-03:00,0.055,0.017,0.058,11.191
2017-04-02 18:00:00-03:00,0.011,0.006,0.017,10.111
2017-04-02 19:00:00-03:00,0.0,0.0,0.001,9.175
2017-04-02 20:00:00-03:00,0.0,0.0,0.0,8.675
2017-04-02 21:00:00-03:00,0.0,0.0,0.0,8.298
2017-04-02 22:00:00-03:00,0.0,0.0,0.0,7.731
2017-04-02 23:00:00-03:00,0.0,0.0,0.0,7.081
2017-04-03 00:00:00-03:00,0.0,0.0,0.0,7.019
2017-04-03 01:00:00-03:00,0.0,0.0,0.0,7.026
2017-04-03 02:00:00-03:00,0.0,0.0,0.0,6.916
2017-04-03 03:00:00-03:00,0.0,0.0,0.0,6.781
2017-04-03 04:00:00-03:00,0.0,0.0,0.0,6.7
2017-04-03 05:00:00-03:00,0.0,0.0,0.0,6.587
2017-04-03 06:00:00-03:00,0.0,0.0,0.0,6.536
2017-04-03 07:00:00-03:00,0.0,0.0,0.0,6.434
2017-04-03 08:00:00-03:00,0.004,0.006,0.007,6.467
2017-04-03 09:00:00-03:00,0.05,0.022,0.046,7.117
2017-04-03 10:00:00-03:00,0.106,0.036000000000000004,0.093,7.622
2017-04-03 11:00:00-03:00,0.181,0.061,0.147,8.228
2017-04-03 12:00:00-03:00,0.262,0.093,0.201,8.866
2017-04-03 13:00:00-03:00,0.308,0.11,0.23500000000000001,9.385
2017-04-03 14:00:00-03:00,0.308,0.121,0.226,9.722
2017-04-03 15:00:00-03:00,0.264,0.112,0.186,9.85
2017-04-03 16:00:00-03:00,0.167,0.065,0.128,9.708
2017-04-03 17:00:00-03:00,0.097,0.042,0.078,9.348
2017-04-03 18:00:00-03:00,0.02,0.011,0.023,8.783
2017-04-03 19:00:00-03:00,0.0,0.0,0.001,8.179
2017-04-03 20:00:00-03:00,0.0,0.0,0.0,7.916
2017-04-03 21:00:00-03:00,0.0,0.0,0.0,7.622
2017-04-03 22:00:00-03:00,0.0,0.0,0.0,7.375
2017-04-03 23:00:00-03:00,0.0,0.0,0.0,7.205
2017-04-04 00:00:00-03:00,0.0,0.0,0.0,7.086
2017-04-04 01:00:00-03:00,0.0,0.0,0.0,7.019
2017-04-04 02:00:00-03:00,0.0,0.0,0.0,7.025
2017-04-04 03:00:00-03:00,0.0,0.0,0.0,7.059
2017-04-04 04:00:00-03:00,0.0,0.0,0.0,7.1
2017-04-04 05:00:00-03:00,0.0,0.0,0.0,7.133
2017-04-04 06:00:00-03:00,0.0,0.0,0.0,7.235
2017-04-04 07:00:00-03:00,0.0,0.0,0.0,7.326
2017-04-04 08:00:00-03:00,0.0,0.001,0.004,7.351
2017-04-04 09:00:00-03:00,0.011,0.003,0.02,7.509
2017-04-04 10:00:00-03:00,0.042,0.007,0.053,7.808
2017-04-04 11:00:00-03:00,0.092,0.014,0.1,8.218
2017-04-04 12:00:00-03:00,0.145,0.022,0.147,8.509
2017-04-04 13:00:00-03:00,0.23500000000000001,0.054,0.212,8.789
2017-04-04 14:00:00-03:00,0.299,0.11,0.225,9.071
2017-04-04 15:00:00-03:00,0.29,0.138,0.188,9.117
2017-04-04 16:00:00-03:00,0.242,0.132,0.14100000000000001,8.885
2017-04-04 17:00:00-03:00,0.186,0.121,0.091,8.293
2017-04-04 18:00:00-03:00,0.069,0.054,0.034,7.231
2017-04-04 19:00:00-03:00,0.0,0.001,0.001,6.005
2017-04-04 20:00:00-03:00,0.0,0.0,0.0,5.094
2017-04-04 21:00:00-03:00,0.0,0.0,0.0,4.273
2017-04-04 22:00:00-03:00,0.0,0.0,0.0,3.547
2017-04-04 23:00:00-03:00,0.0,0.0,0.0,3.001
2017-04-05 00:00:00-03:00,0.0,0.0,0.0,2.767
2017-04-05 01:00:00-03:00,0.0,0.0,0.0,2.674
2017-04-05 02:00:00-03:00,0.0,0.0,0.0,2.731
2017-04-05 03:00:00-03:00,0.0,0.0,0.0,2.729
2017-04-05 04:00:00-03:00,0.0,0.0,0.0,2.732
2017-04-05 05:00:00-03:00,0.0,0.0,0.0,2.806
2017-04-05 06:00:00-03:00,0.0,0.0,0.0,2.847
2017-04-05 07:00:00-03:00,0.0,0.0,0.0,2.8120000000000003
2017-04-05 08:00:00-03:00,0.048,0.053,0.012,2.8280000000000003
2017-04-05 09:00:00-03:00,0.257,0.222,0.062,3.715
2017-04-05 10:00:00-03:00,0.35000000000000003,0.277,0.107,4.142
2017-04-05 11:00:00-03:00,0.358,0.243,0.149,4.334
2017-04-05 12:00:00-03:00,0.404,0.259,0.186,4.84
2017-04-05 13:00:00-03:00,0.451,0.296,0.20500000000000002,5.395
2017-04-05 14:00:00-03:00,0.484,0.35100000000000003,0.189,5.881
2017-04-05 15:00:00-03:00,0.448,0.338,0.161,6.188
2017-04-05 16:00:00-03:00,0.395,0.312,0.126,6.319
2017-04-05 17:00:00-03:00,0.278,0.224,0.084,6.24
2017-04-05 18:00:00-03:00,0.129,0.117,0.034,5.421
2017-04-05 19:00:00-03:00,0.0,0.001,0.001,4.001
2017-04-05 20:00:00-03:00,0.0,0.0,0.0,3.622
2017-04-05 21:00:00-03:00,0.0,0.0,0.0,3.404
2017-04-05 22:00:00-03:00,0.0,0.0,0.0,3.278
2017-04-05 23:00:00-03:00,0.0,0.0,0.0,3.14
2017-04-06 00:00:00-03:00,0.0,0.0,0.0,3.086
2017-04-06 01:00:00-03:00,0.0,0.0,0.0,3.058
2017-04-06 02:00:00-03:00,0.0,0.0,0.0,3.074
2017-04-06 03:00:00-03:00,0.0,0.0,0.0,3.014
2017-04-06 04:00:00-03:00,0.0,0.0,0.0,2.955
2017-04-06 05:00:00-03:00,0.0,0.0,0.0,2.7640000000000002
2017-04-06 06:00:00-03:00,0.0,0.0,0.0,2.613
2017-04-06 07:00:00-03:00,0.0,0.0,0.0,2.534
2017-04-06 08:00:00-03:00,0.048,0.055,0.01,2.593
2017-04-06 09:00:00-03:00,0.323,0.299,0.055,3.954
2017-04-06 10:00:00-03:00,0.561,0.548,0.081,4.92
2017-04-06 11:00:00-03:00,0.743,0.787,0.082,5.66
2017-04-06 12:00:00-03:00,0.775,0.837,0.08,6.362
2017-04-06 13:00:00-03:00,0.794,0.879,0.069,6.979
2017-04-06 14:00:00-03:00,0.788,0.869,0.07200000000000001,7.428
2017-04-06 15:00:00-03:00,0.768,0.836,0.078,7.67
2017-04-06 16:00:00-03:00,0.727,0.784,0.073,7.678
2017-04-06 17:00:00-03:00,0.619,0.654,0.058,7.385
2017-04-06 18:00:00-03:00,0.331,0.336,0.03,6.225
2017-04-06 19:00:00-03:00,0.0,0.002,0.0,4.881
2017-04-06 20:00:00-03:00,0.0,0.0,0.0,4.677
2017-04-06 21:00:00-03:00,0.0,0.0,0.0,4.593
2017-04-06 22:00:00-03:00,0.0,0.0,0.0,4.457
2017-04-06 23:00:00-03:00,0.0,0.0,0.0,4.417
2017-04-07 00:00:00-03:00,0.0,0.0,0.0,4.377
2017-04-07 01:00:00-03:00,0.0,0.0,0.0,4.193
2017-04-07 02:00:00-03:00,0.0,0.0,0.0,4.013
2017-04-07 03:00:00-03:00,0.0,0.0,0.0,3.854
2017-04-07 04:00:00-03:00,0.0,0.0,0.0,3.596
2017-04-07 05:00:00-03:00,0.0,0.0,0.0,3.145
2017-04-07 06:00:00-03:00,0.0,0.0,0.0,2.416
2017-04-07 07:00:00-03:00,0.0,0.0,0.0,1.611
2017-04-07 08:00:00-03:00,0.159,0.17,0.009000000000000001,1.177
2017-04-07 09:00:00-03:00,0.633,0.672,0.041,2.907
2017-04-07 10:00:00-03:00,0.771,0.842,0.058,4.094
2017-04-07 11:00:00-03:00,0.8200000000000001,0.915,0.066,6.126
2017-04-07 12:00:00-03:00,0.8300000000000001,0.9460000000000001,0.062,8.317
2017-04-07 13:00:00-03:00,0.8250000000000001,0.9550000000000001,0.052000000000000005,9.369
2017-04-07 14:00:00-03:00,0.8180000000000001,0.9440000000000001,0.057,10.245
2017-04-07 15:00:00-03:00,0.799,0.912,0.066,11.009
2017-04-07 16:00:00-03:00,0.755,0.849,0.065,11.31
2017-04-07 17:00:00-03:00,0.593,0.633,0.057,10.923
2017-04-07 18:00:00-03:00,0.145,0.14100000000000001,0.028,8.911
2017-04-07 19:00:00-03:00,0.0,0.0,0.0,7.709
2017-04-07 20:00:00-03:00,0.0,0.0,0.0,7.274
2017-04-07 21:00:00-03:00,0.0,0.0,0.0,6.763
2017-04-07 22:00:00-03:00,0.0,0.0,0.0,6.513
2017-04-07 23:00:00-03:00,0.0,0.0,0.0,6.235
2017-04-08 00:00:00-03:00,0.0,0.0,0.0,6.142
2017-04-08 01:00:00-03:00,0.0,0.0,0.0,6.2620000000000005
2017-04-08 02:00:00-03:00,0.0,0.0,0.0,6.395
2017-04-08 03:00:00-03:00,0.0,0.0,0.0,6.534
2017-04-08 04:00:00-03:00,0.0,0.0,0.0,6.775
2017-04-08 05:00:00-03:00,0.0,0.0,0.0,6.966
2017-04-08 06:00:00-03:00,0.0,0.0,0.0,7.226
2017-04-08 07:00:00-03:00,0.0,0.0,0.0,7.419
2017-04-08 08:00:00-03:00,0.0,0.001,0.002,7.499
2017-04-08 09:00:00-03:00,0.006,0.002,0.014,7.679
2017-04-08 10:00:00-03:00,0.027,0.003,0.039,8.178
2017-04-08 11:00:00-03:00,0.052000000000000005,0.004,0.066,8.796
2017-04-08 12:00:00-03:00,0.085,0.006,0.1,9.444
2017-04-08 13:00:00-03:00,0.101,0.007,0.117,9.856
2017-04-08 14:00:00-03:00,0.121,0.011,0.134,10.196
2017-04-08 15:00:00-03:00,0.10300000000000001,0.012,0.113,10.338
2017-04-08 16:00:00-03:00,0.084,0.016,0.09,10.228
2017-04-08 17:00:00-03:00,0.066,0.023,0.063,10.0
2017-04-08 18:00:00-03:00,0.027,0.02,0.023,9.244
2017-04-08 19:00:00-03:00,0.0,0.0,0.0,7.822
2017-04-08 20:00:00-03:00,0.0,0.0,0.0,7.268
2017-04-08 21:00:00-03:00,0.0,0.0,0.0,6.994
2017-04-08 22:00:00-03:00,0.0,0.0,0.0,6.695
2017-04-08 23:00:00-03:00,0.0,0.0,0.0,6.273
2017-04-09 00:00:00-03:00,0.0,0.0,0.0,6.045
2017-04-09 01:00:00-03:00,0.0,0.0,0.0,5.7780000000000005
2017-04-09 02:00:00-03:00,0.0,0.0,0.0,5.465
2017-04-09 03:00:00-03:00,0.0,0.0,0.0,5.165
2017-04-09 04:00:00-03:00,0.0,0.0,0.0,5.061
2017-04-09 05:00:00-03:00,0.0,0.0,0.0,5.057
2017-04-09 06:00:00-03:00,0.0,0.0,0.0,4.926
2017-04-09 07:00:00-03:00,0.0,0.0,0.0,4.797
2017-04-09 08:00:00-03:00,0.013000000000000001,0.019,0.007,4.893
2017-04-09 09:00:00-03:00,0.135,0.10400000000000001,0.054,6.084
2017-04-09 10:00:00-03:00,0.291,0.217,0.107,7.063
2017-04-09 11:00:00-03:00,0.383,0.28,0.147,7.795
2017-04-09 12:00:00-03:00,0.47800000000000004,0.365,0.17400000000000002,8.361
2017-04-09 13:00:00-03:00,0.491,0.362,0.195,8.883
2017-04-09 14:00:00-03:00,0.438,0.296,0.199,9.335
2017-04-09 15:00:00-03:00,0.267,0.128,0.17300000000000001,9.531
2017-04-09 16:00:00-03:00,0.085,0.02,0.08600000000000001,9.182
2017-04-09 17:00:00-03:00,0.024,0.005,0.033,8.389
2017-04-09 18:00:00-03:00,0.002,0.002,0.008,7.425
2017-04-09 19:00:00-03:00,0.0,0.0,0.0,6.89
2017-04-09 20:00:00-03:00,0.0,0.0,0.0,6.77
2017-04-09 21:00:00-03:00,0.0,0.0,0.0,6.819
2017-04-09 22:00:00-03:00,0.0,0.0,0.0,6.792
2017-04-09 23:00:00-03:00,0.0,0.0,0.0,6.388
2017-04-10 00:00:00-03:00,0.0,0.0,0.0,5.895
2017-04-10 01:00:00-03:00,0.0,0.0,0.0,5.509
2017-04-10 02:00:00-03:00,0.0,0.0,0.0,5.189
2017-04-10 03:00:00-03:00,0.0,0.0,0.0,4.996
2017-04-10 04:00:00-03:00,0.0,0.0,0.0,4.936
2017-04-10 05:00:00-03:00,0.0,0.0,0.0,5.031
2017-04-10 06:00:00-03:00,0.0,0.0,0.0,5.075
2017-04-10 07:00:00-03:00,0.0,0.0,0.0,5.315
2017-04-10 08:00:00-03:00,0.004,0.008,0.005,5.549
2017-04-10 09:00:00-03:00,0.098,0.073,0.046,6.104
2017-04-10 10:00:00-03:00,0.419,0.372,0.093,6.329
2017-04-10 11:00:00-03:00,0.635,0.628,0.101,6.619
2017-04-10 12:00:00-03:00,0.675,0.675,0.109,7.146
2017-04-10 13:00:00-03:00,0.642,0.614,0.127,7.467
2017-04-10 14:00:00-03:00,0.583,0.524,0.14200000000000002,7.585
2017-04-10 15:00:00-03:00,0.516,0.447,0.136,7.639
2017-04-10 16:00:00-03:00,0.393,0.324,0.115,7.575
2017-04-10 17:00:00-03:00,0.234,0.188,0.075,7.308
2017-04-10 18:00:00-03:00,0.08,0.076,0.024,6.649
2017-04-10 19:00:00-03:00,0.0,0.0,0.0,5.814
2017-04-10 20:00:00-03:00,0.0,0.0,0.0,5.29
2017-04-10 21:00:00-03:00,0.0,0.0,0.0,5.033
2017-04-10 22:00:00-03:00,0.0,0.0,0.0,4.9
2017-04-10 23:00:00-03:00,0.0,0.0,0.0,4.882
2017-04-11 00:00:00-03:00,0.0,0.0,0.0,4.788
2017-04-11 01:00:00-03:00,0.0,0.0,0.0,4.746
2017-04-11 02:00:00-03:00,0.0,0.0,0.0,4.875
2017-04-11 03:00:00-03:00,0.0,0.0,0.0,5.099
2017-04-11 04:00:00-03:00,0.0,0.0,0.0,5.431
2017-04-11 05:00:00-03:00,0.0,0.0,0.0,5.864
2017-04-11 06:00:00-03:00,0.0,0.0,0.0,6.378
2017-04-11 07:00:00-03:00,0.0,0.0,0.0,6.775
2017-04-11 08:00:00-03:00,0.0,0.003,0.003,7.027
2017-04-11 09:00:00-03:00,0.046,0.026000000000000002,0.037,7.409
2017-04-11 10:00:00-03:00,0.135,0.068,0.09,7.917
2017-04-11 11:00:00-03:00,0.321,0.213,0.146,8.536
2017-04-11 12:00:00-03:00,0.49,0.394,0.163,9.331
2017-04-11 13:00:00-03:00,0.584,0.52,0.156,9.953
2017-04-11 14:00:00-03:00,0.514,0.42,0.169,10.215
2017-04-11 15:00:00-03:00,0.379,0.266,0.162,10.281
2017-04-11 16:00:00-03:00,0.216,0.126,0.121,10.129
2017-04-11 17:00:00-03:00,0.089,0.048,0.063,9.772
2017-04-11 18:00:00-03:00,0.029,0.026000000000000002,0.018000000000000002,9.185
2017-04-11 19:00:00-03:00,0.0,0.0,0.0,8.585
2017-04-11 20:00:00-03:00,0.0,0.0,0.0,8.29
2017-04-11 21:00:00-03:00,0.0,0.0,0.0,8.027
2017-04-11 22:00:00-03:00,0.0,0.0,0.0,7.754
2017-04-11 23:00:00-03:00,0.0,0.0,0.0,7.584
2017-04-12 00:00:00-03:00,0.0,0.0,0.0,7.575
2017-04-12 01:00:00-03:00,0.0,0.0,0.0,7.622
2017-04-12 02:00:00-03:00,0.0,0.0,0.0,7.543
2017-04-12 03:00:00-03:00,0.0,0.0,0.0,7.356
2017-04-12 04:00:00-03:00,0.0,0.0,0.0,7.281
2017-04-12 05:00:00-03:00,0.0,0.0,0.0,7.118
2017-04-12 06:00:00-03:00,0.0,0.0,0.0,6.957
2017-04-12 07:00:00-03:00,0.0,0.0,0.0,6.9350000000000005
2017-04-12 08:00:00-03:00,0.001,0.005,0.004,7.01
2017-04-12 09:00:00-03:00,0.051000000000000004,0.032,0.038,7.457
2017-04-12 10:00:00-03:00,0.181,0.112,0.095,8.188
2017-04-12 11:00:00-03:00,0.534,0.486,0.124,9.089
2017-04-12 12:00:00-03:00,0.495,0.401,0.162,9.714
2017-04-12 13:00:00-03:00,0.324,0.157,0.20700000000000002,9.834
2017-04-12 14:00:00-03:00,0.23700000000000002,0.083,0.185,9.752
2017-04-12 15:00:00-03:00,0.28400000000000003,0.15,0.169,9.696
2017-04-12 16:00:00-03:00,0.134,0.054,0.105,9.249
2017-04-12 17:00:00-03:00,0.065,0.029,0.056,8.547
2017-04-12 18:00:00-03:00,0.013000000000000001,0.013000000000000001,0.013000000000000001,7.796
2017-04-12 19:00:00-03:00,0.0,0.0,0.0,7.035
2017-04-12 20:00:00-03:00,0.0,0.0,0.0,6.594
2017-04-12 21:00:00-03:00,0.0,0.0,0.0,6.415
2017-04-12 22:00:00-03:00,0.0,0.0,0.0,6.29
2017-04-12 23:00:00-03:00,0.0,0.0,0.0,5.987
2017-04-13 00:00:00-03:00,0.0,0.0,0.0,5.849
2017-04-13 01:00:00-03:00,0.0,0.0,0.0,5.642
2017-04-13 02:00:00-03:00,0.0,0.0,0.0,5.276
2017-04-13 03:00:00-03:00,0.0,0.0,0.0,4.821
2017-04-13 04:00:00-03:00,0.0,0.0,0.0,4.33
2017-04-13 05:00:00-03:00,0.0,0.0,0.0,4.136
2017-04-13 06:00:00-03:00,0.0,0.0,0.0,4.091
2017-04-13 07:00:00-03:00,0.0,0.0,0.0,4.192
2017-04-13 08:00:00-03:00,0.01,0.016,0.004,4.848
2017-04-13 09:00:00-03:00,0.092,0.07100000000000001,0.042,6.459
2017-04-13 10:00:00-03:00,0.132,0.07200000000000001,0.084,7.5440000000000005
2017-04-13 11:00:00-03:00,0.258,0.155,0.135,8.533
2017-04-13 12:00:00-03:00,0.489,0.404,0.151,9.429
2017-04-13 13:00:00-03:00,0.5660000000000001,0.508,0.145,10.093
2017-04-13 14:00:00-03:00,0.546,0.484,0.14400000000000002,10.463
2017-04-13 15:00:00-03:00,0.492,0.431,0.131,10.584
2017-04-13 16:00:00-03:00,0.464,0.427,0.10200000000000001,10.492
2017-04-13 17:00:00-03:00,0.337,0.312,0.068,10.03
2017-04-13 18:00:00-03:00,0.148,0.153,0.02,8.964
2017-04-13 19:00:00-03:00,0.0,0.0,0.0,7.906
2017-04-13 20:00:00-03:00,0.0,0.0,0.0,7.603
2017-04-13 21:00:00-03:00,0.0,0.0,0.0,7.185
2017-04-13 22:00:00-03:00,0.0,0.0,0.0,7.241
2017-04-13 23:00:00-03:00,0.0,0.0,0.0,7.467
2017-04-14 00:00:00-03:00,0.0,0.0,0.0,7.524
2017-04-14 01:00:00-03:00,0.0,0.0,0.0,7.094
2017-04-14 02:00:00-03:00,0.0,0.0,0.0,6.509
2017-04-14 03:00:00-03:00,0.0,0.0,0.0,6.208
2017-04-14 04:00:00-03:00,0.0,0.0,0.0,6.168
2017-04-14 05:00:00-03:00,0.0,0.0,0.0,6.316
2017-04-14 06:00:00-03:00,0.0,0.0,0.0,6.615
2017-04-14 07:00:00-03:00,0.0,0.0,0.0,6.814
2017-04-14 08:00:00-03:00,0.0,0.002,0.002,6.947
2017-04-14 09:00:00-03:00,0.043000000000000003,0.026000000000000002,0.034,7.551
2017-04-14 10:00:00-03:00,0.129,0.067,0.08600000000000001,8.352
2017-04-14 11:00:00-03:00,0.28800000000000003,0.183,0.14,9.135
2017-04-14 12:00:00-03:00,0.52,0.444,0.151,9.917
2017-04-14 13:00:00-03:00,0.559,0.486,0.16,10.447
2017-04-14 14:00:00-03:00,0.34,0.191,0.193,10.55
2017-04-14 15:00:00-03:00,0.168,0.056,0.14,10.381
2017-04-14 16:00:00-03:00,0.101,0.033,0.091,10.147
2017-04-14 17:00:00-03:00,0.077,0.04,0.058,9.782
2017-04-14 18:00:00-03:00,0.033,0.034,0.016,8.94
2017-04-14 19:00:00-03:00,0.0,0.0,0.0,7.857
2017-04-14 20:00:00-03:00,0.0,0.0,0.0,7.233
2017-04-14 21:00:00-03:00,0.0,0.0,0.0,6.736
2017-04-14 22:00:00-03:00,0.0,0.0,0.0,6.518
2017-04-14 23:00:00-03:00,0.0,0.0,0.0,6.393
2017-04-15 00:00:00-03:00,0.0,0.0,0.0,6.298
2017-04-15 01:00:00-03:00,0.0,0.0,0.0,6.209
2017-04-15 02:00:00-03:00,0.0,0.0,0.0,6.267
2017-04-15 03:00:00-03:00,0.0,0.0,0.0,6.43
2017-04-15 04:00:00-03:00,0.0,0.0,0.0,6.483
2017-04-15 05:00:00-03:00,0.0,0.0,0.0,6.245
2017-04-15 06:00:00-03:00,0.0,0.0,0.0,6.046
2017-04-15 07:00:00-03:00,0.0,0.0,0.0,5.955
2017-04-15 08:00:00-03:00,0.0,0.004,0.002,6.037
2017-04-15 09:00:00-03:00,0.043000000000000003,0.029,0.031,6.838
2017-04-15 10:00:00-03:00,0.10300000000000001,0.051000000000000004,0.074,7.823
2017-04-15 11:00:00-03:00,0.352,0.265,0.13,8.977
2017-04-15 12:00:00-03:00,0.5660000000000001,0.528,0.124,10.006
2017-04-15 13:00:00-03:00,0.671,0.6930000000000001,0.101,10.81
2017-04-15 14:00:00-03:00,0.6950000000000001,0.739,0.091,11.364
2017-04-15 15:00:00-03:00,0.686,0.733,0.08600000000000001,11.689
2017-04-15 16:00:00-03:00,0.5670000000000001,0.577,0.084,11.654
2017-04-15 17:00:00-03:00,0.353,0.337,0.063,11.131
2017-04-15 18:00:00-03:00,0.093,0.099,0.016,9.391
2017-04-15 19:00:00-03:00,0.0,0.0,0.0,8.429
2017-04-15 20:00:00-03:00,0.0,0.0,0.0,8.005
2017-04-15 21:00:00-03:00,0.0,0.0,0.0,7.5
2017-04-15 22:00:00-03:00,0.0,0.0,0.0,7.132
2017-04-15 23:00:00-03:00,0.0,0.0,0.0,6.784
2017-04-16 00:00:00-03:00,0.0,0.0,0.0,6.62
2017-04-16 01:00:00-03:00,0.0,0.0,0.0,6.704
2017-04-16 02:00:00-03:00,0.0,0.0,0.0,6.827
2017-04-16 03:00:00-03:00,0.0,0.0,0.0,6.843
2017-04-16 04:00:00-03:00,0.0,0.0,0.0,6.683
2017-04-16 05:00:00-03:00,0.0,0.0,0.0,6.591
2017-04-16 06:00:00-03:00,0.0,0.0,0.0,6.471
2017-04-16 07:00:00-03:00,0.0,0.0,0.0,6.294
2017-04-16 08:00:00-03:00,0.0,0.004,0.002,6.17
2017-04-16 09:00:00-03:00,0.113,0.097,0.039,6.866
2017-04-16 10:00:00-03:00,0.317,0.269,0.08600000000000001,8.27
2017-04-16 11:00:00-03:00,0.375,0.303,0.11800000000000001,9.236
2017-04-16 12:00:00-03:00,0.624,0.625,0.10400000000000001,10.192
2017-04-16 13:00:00-03:00,0.738,0.8150000000000001,0.074,10.951
2017-04-16 14:00:00-03:00,0.74,0.8200000000000001,0.073,11.374
2017-04-16 15:00:00-03:00,0.673,0.717,0.083,11.554
2017-04-16 16:00:00-03:00,0.634,0.676,0.07200000000000001,11.523
2017-04-16 17:00:00-03:00,0.47100000000000003,0.483,0.055,11.181
2017-04-16 18:00:00-03:00,0.063,0.07,0.014,10.172
2017-04-16 19:00:00-03:00,0.0,0.0,0.0,9.245
2017-04-16 20:00:00-03:00,0.0,0.0,0.0,8.264
2017-04-16 21:00:00-03:00,0.0,0.0,0.0,7.328
2017-04-16 22:00:00-03:00,0.0,0.0,0.0,6.508
2017-04-16 23:00:00-03:00,0.0,0.0,0.0,5.923
2017-04-17 00:00:00-03:00,0.0,0.0,0.0,5.572
2017-04-17 01:00:00-03:00,0.0,0.0,0.0,5.4
2017-04-17 02:00:00-03:00,0.0,0.0,0.0,5.411
2017-04-17 03:00:00-03:00,0.0,0.0,0.0,5.381
2017-04-17 04:00:00-03:00,0.0,0.0,0.0,5.163
2017-04-17 05:00:00-03:00,0.0,0.0,0.0,4.939
2017-04-17 06:00:00-03:00,0.0,0.0,0.0,4.834
2017-04-17 07:00:00-03:00,0.0,0.0,0.0,5.01
2017-04-17 08:00:00-03:00,0.0,0.0,0.001,5.018
2017-04-17 09:00:00-03:00,0.007,0.003,0.014,5.042
2017-04-17 10:00:00-03:00,0.049,0.012,0.055,5.249
2017-04-17 11:00:00-03:00,0.111,0.028,0.10400000000000001,5.786
2017-04-17 12:00:00-03:00,0.317,0.167,0.185,6.932
2017-04-17 13:00:00-03:00,0.364,0.202,0.20400000000000001,8.076
2017-04-17 14:00:00-03:00,0.309,0.151,0.196,9.271
2017-04-17 15:00:00-03:00,0.203,0.08,0.152,9.981
2017-04-17 16:00:00-03:00,0.101,0.032,0.091,9.961
2017-04-17 17:00:00-03:00,0.033,0.011,0.038,9.046
2017-04-17 18:00:00-03:00,0.002,0.004,0.006,8.091
2017-04-17 19:00:00-03:00,0.0,0.0,0.0,7.599
2017-04-17 20:00:00-03:00,0.0,0.0,0.0,7.36
2017-04-17 21:00:00-03:00,0.0,0.0,0.0,7.139
2017-04-17 22:00:00-03:00,0.0,0.0,0.0,6.968
2017-04-17 23:00:00-03:00,0.0,0.0,0.0,6.843
2017-04-18 00:00:00-03:00,0.0,0.0,0.0,6.632
2017-04-18 01:00:00-03:00,0.0,0.0,0.0,6.53
2017-04-18 02:00:00-03:00,0.0,0.0,0.0,6.525
2017-04-18 03:00:00-03:00,0.0,0.0,0.0,6.62
2017-04-18 04:00:00-03:00,0.0,0.0,0.0,6.711
2017-04-18 05:00:00-03:00,0.0,0.0,0.0,6.7379999999999995
2017-04-18 06:00:00-03:00,0.0,0.0,0.0,6.9
2017-04-18 07:00:00-03:00,0.0,0.0,0.0,7.105
2017-04-18 08:00:00-03:00,0.0,0.0,0.0,7.241
2017-04-18 09:00:00-03:00,0.003,0.001,0.01,7.756
2017-04-18 10:00:00-03:00,0.014,0.002,0.025,8.225
2017-04-18 11:00:00-03:00,0.034,0.003,0.048,8.746
2017-04-18 12:00:00-03:00,0.052000000000000005,0.003,0.068,8.933
2017-04-18 13:00:00-03:00,0.07,0.004,0.08700000000000001,9.004
2017-04-18 14:00:00-03:00,0.067,0.004,0.083,9.21
2017-04-18 15:00:00-03:00,0.059000000000000004,0.005,0.073,9.54
2017-04-18 16:00:00-03:00,0.08700000000000001,0.021,0.088,10.011
2017-04-18 17:00:00-03:00,0.062,0.028,0.054,10.241
2017-04-18 18:00:00-03:00,0.004,0.005,0.008,9.574
2017-04-18 19:00:00-03:00,0.0,0.0,0.0,8.105
2017-04-18 20:00:00-03:00,0.0,0.0,0.0,7.317
2017-04-18 21:00:00-03:00,0.0,0.0,0.0,7.092
2017-04-18 22:00:00-03:00,0.0,0.0,0.0,6.9719999999999995
2017-04-18 23:00:00-03:00,0.0,0.0,0.0,6.962
2017-04-19 00:00:00-03:00,0.0,0.0,0.0,7.084
2017-04-19 01:00:00-03:00,0.0,0.0,0.0,7.244
2017-04-19 02:00:00-03:00,0.0,0.0,0.0,7.376
2017-04-19 03:00:00-03:00,0.0,0.0,0.0,7.407
2017-04-19 04:00:00-03:00,0.0,0.0,0.0,7.431
2017-04-19 05:00:00-03:00,0.0,0.0,0.0,7.451
2017-04-19 06:00:00-03:00,0.0,0.0,0.0,7.439
2017-04-19 07:00:00-03:00,0.0,0.0,0.0,7.354
2017-04-19 08:00:00-03:00,0.0,0.003,0.001,7.323
2017-04-19 09:00:00-03:00,0.182,0.17,0.037,7.651
2017-04-19 10:00:00-03:00,0.465,0.451,0.074,8.533
2017-04-19 11:00:00-03:00,0.539,0.519,0.098,9.496
2017-04-19 12:00:00-03:00,0.598,0.583,0.112,10.348
2017-04-19 13:00:00-03:00,0.544,0.489,0.14,10.899000000000001
2017-04-19 14:00:00-03:00,0.383,0.266,0.168,11.067
2017-04-19 15:00:00-03:00,0.261,0.151,0.145,11.021
2017-04-19 16:00:00-03:00,0.152,0.08,0.098,10.83
2017-04-19 17:00:00-03:00,0.069,0.041,0.048,10.471
2017-04-19 18:00:00-03:00,0.008,0.011,0.008,9.985
2017-04-19 19:00:00-03:00,0.0,0.0,0.0,9.493
2017-04-19 20:00:00-03:00,0.0,0.0,0.0,9.124
2017-04-19 21:00:00-03:00,0.0,0.0,0.0,8.776
2017-04-19 22:00:00-03:00,0.0,0.0,0.0,8.567
2017-04-19 23:00:00-03:00,0.0,0.0,0.0,8.398
2017-04-20 00:00:00-03:00,0.0,0.0,0.0,8.205
2017-04-20 01:00:00-03:00,0.0,0.0,0.0,7.986
2017-04-20 02:00:00-03:00,0.0,0.0,0.0,7.773
2017-04-20 03:00:00-03:00,0.0,0.0,0.0,7.603
2017-04-20 04:00:00-03:00,0.0,0.0,0.0,7.423
2017-04-20 05:00:00-03:00,0.0,0.0,0.0,7.223
2017-04-20 06:00:00-03:00,0.0,0.0,0.0,6.997
2017-04-20 07:00:00-03:00,0.0,0.0,0.0,6.814
2017-04-20 08:00:00-03:00,0.0,0.001,0.001,6.675
2017-04-20 09:00:00-03:00,0.042,0.031,0.028,6.795
2017-04-20 10:00:00-03:00,0.14400000000000002,0.088,0.08,7.219
2017-04-20 11:00:00-03:00,0.28600000000000003,0.188,0.131,7.711
2017-04-20 12:00:00-03:00,0.275,0.145,0.163,8.168
2017-04-20 13:00:00-03:00,0.363,0.219,0.187,8.537
2017-04-20 14:00:00-03:00,0.321,0.18,0.179,8.669
2017-04-20 15:00:00-03:00,0.26,0.146,0.146,8.66
2017-04-20 16:00:00-03:00,0.23600000000000002,0.159,0.107,8.53
2017-04-20 17:00:00-03:00,0.147,0.113,0.059000000000000004,8.094
2017-04-20 18:00:00-03:00,0.019,0.023,0.009000000000000001,7.075
2017-04-20 19:00:00-03:00,0.0,0.0,0.0,6.223
2017-04-20 20:00:00-03:00,0.0,0.0,0.0,5.932
2017-04-20 21:00:00-03:00,0.0,0.0,0.0,5.875
2017-04-20 22:00:00-03:00,0.0,0.0,0.0,5.677
2017-04-20 23:00:00-03:00,0.0,0.0,0.0,5.39
2017-04-21 00:00:00-03:00,0.0,0.0,0.0,5.164
2017-04-21 01:00:00-03:00,0.0,0.0,0.0,4.922
2017-04-21 02:00:00-03:00,0.0,0.0,0.0,4.729
2017-04-21 03:00:00-03:00,0.0,0.0,0.0,4.71
2017-04-21 04:00:00-03:00,0.0,0.0,0.0,4.714
2017-04-21 05:00:00-03:00,0.0,0.0,0.0,4.66
2017-04-21 06:00:00-03:00,0.0,0.0,0.0,4.569
2017-04-21 07:00:00-03:00,0.0,0.0,0.0,4.766
2017-04-21 08:00:00-03:00,0.0,0.0,0.0,4.855
2017-04-21 09:00:00-03:00,0.019,0.012,0.02,5.11
2017-04-21 10:00:00-03:00,0.069,0.027,0.061,5.578
2017-04-21 11:00:00-03:00,0.176,0.081,0.11900000000000001,6.049
2017-04-21 12:00:00-03:00,0.369,0.25,0.16,6.7010000000000005
2017-04-21 13:00:00-03:00,0.559,0.494,0.14100000000000001,7.33
2017-04-21 14:00:00-03:00,0.552,0.493,0.135,7.76
2017-04-21 15:00:00-03:00,0.447,0.371,0.131,7.914
2017-04-21 16:00:00-03:00,0.264,0.191,0.105,7.788
2017-04-21 17:00:00-03:00,0.095,0.064,0.052000000000000005,7.288
2017-04-21 18:00:00-03:00,0.007,0.01,0.007,6.012
2017-04-21 19:00:00-03:00,0.0,0.0,0.0,5.437
2017-04-21 20:00:00-03:00,0.0,0.0,0.0,5.29
2017-04-21 21:00:00-03:00,0.0,0.0,0.0,5.127
2017-04-21 22:00:00-03:00,0.0,0.0,0.0,4.854
2017-04-21 23:00:00-03:00,0.0,0.0,0.0,4.702
2017-04-22 00:00:00-03:00,0.0,0.0,0.0,4.693
2017-04-22 01:00:00-03:00,0.0,0.0,0.0,4.723
2017-04-22 02:00:00-03:00,0.0,0.0,0.0,4.703
2017-04-22 03:00:00-03:00,0.0,0.0,0.0,4.4030000000000005
2017-04-22 04:00:00-03:00,0.0,0.0,0.0,4.002
2017-04-22 05:00:00-03:00,0.0,0.0,0.0,3.698
2017-04-22 06:00:00-03:00,0.0,0.0,0.0,3.683
2017-04-22 07:00:00-03:00,0.0,0.0,0.0,3.885
2017-04-22 08:00:00-03:00,0.0,0.0,0.0,4.166
2017-04-22 09:00:00-03:00,0.011,0.007,0.016,4.751
2017-04-22 10:00:00-03:00,0.053,0.017,0.054,5.773
2017-04-22 11:00:00-03:00,0.128,0.041,0.109,6.412
2017-04-22 12:00:00-03:00,0.199,0.068,0.157,6.8629999999999995
2017-04-22 13:00:00-03:00,0.214,0.066,0.17500000000000002,7.303
2017-04-22 14:00:00-03:00,0.21,0.07,0.168,7.715
2017-04-22 15:00:00-03:00,0.22,0.10200000000000001,0.146,8.058
2017-04-22 16:00:00-03:00,0.162,0.08600000000000001,0.101,8.152
2017-04-22 17:00:00-03:00,0.097,0.066,0.053,7.787
2017-04-22 18:00:00-03:00,0.015,0.019,0.008,6.234
2017-04-22 19:00:00-03:00,0.0,0.0,0.0,5.063
2017-04-22 20:00:00-03:00,0.0,0.0,0.0,4.38
2017-04-22 21:00:00-03:00,0.0,0.0,0.0,3.877
2017-04-22 22:00:00-03:00,0.0,0.0,0.0,3.48
2017-04-22 23:00:00-03:00,0.0,0.0,0.0,3.158
2017-04-23 00:00:00-03:00,0.0,0.0,0.0,3.004
2017-04-23 01:00:00-03:00,0.0,0.0,0.0,2.959
2017-04-23 02:00:00-03:00,0.0,0.0,0.0,2.896
2017-04-23 03:00:00-03:00,0.0,0.0,0.0,2.798
2017-04-23 04:00:00-03:00,0.0,0.0,0.0,2.644
2017-04-23 05:00:00-03:00,0.0,0.0,0.0,2.576
2017-04-23 06:00:00-03:00,0.0,0.0,0.0,2.531
2017-04-23 07:00:00-03:00,0.0,0.0,0.0,2.417
2017-04-23 08:00:00-03:00,0.0,0.0,0.0,2.404
2017-04-23 09:00:00-03:00,0.018000000000000002,0.012,0.019,2.936
2017-04-23 10:00:00-03:00,0.029,0.007,0.038,3.307
2017-04-23 11:00:00-03:00,0.05,0.007,0.06,3.437
2017-04-23 12:00:00-03:00,0.073,0.008,0.083,3.779
2017-04-23 13:00:00-03:00,0.181,0.045,0.159,4.731
2017-04-23 14:00:00-03:00,0.354,0.212,0.179,6.133
2017-04-23 15:00:00-03:00,0.378,0.28,0.14100000000000001,7.231
2017-04-23 16:00:00-03:00,0.35000000000000003,0.28800000000000003,0.10200000000000001,7.821
2017-04-23 17:00:00-03:00,0.182,0.151,0.056,7.51
2017-04-23 18:00:00-03:00,0.014,0.019,0.007,5.952
2017-04-23 19:00:00-03:00,0.0,0.0,0.0,5.438
2017-04-23 20:00:00-03:00,0.0,0.0,0.0,5.365
2017-04-23 21:00:00-03:00,0.0,0.0,0.0,5.089
2017-04-23 22:00:00-03:00,0.0,0.0,0.0,5.091
2017-04-23 23:00:00-03:00,0.0,0.0,0.0,5.038
2017-04-24 00:00:00-03:00,0.0,0.0,0.0,5.168
2017-04-24 01:00:00-03:00,0.0,0.0,0.0,5.445
2017-04-24 02:00:00-03:00,0.0,0.0,0.0,5.549
2017-04-24 03:00:00-03:00,0.0,0.0,0.0,5.624
2017-04-24 04:00:00-03:00,0.0,0.0,0.0,5.792
2017-04-24 05:00:00-03:00,0.0,0.0,0.0,6.003
2017-04-24 06:00:00-03:00,0.0,0.0,0.0,6.222
2017-04-24 07:00:00-03:00,0.0,0.0,0.0,6.428
2017-04-24 08:00:00-03:00,0.0,0.0,0.0,6.673
2017-04-24 09:00:00-03:00,0.001,0.001,0.006,6.889
2017-04-24 10:00:00-03:00,0.014,0.002,0.024,6.995
2017-04-24 11:00:00-03:00,0.036000000000000004,0.004,0.049,7.064
2017-04-24 12:00:00-03:00,0.07,0.007,0.083,7.277
2017-04-24 13:00:00-03:00,0.122,0.016,0.129,7.7780000000000005
2017-04-24 14:00:00-03:00,0.154,0.032,0.147,8.415
2017-04-24 15:00:00-03:00,0.163,0.054,0.135,8.962
2017-04-24 16:00:00-03:00,0.122,0.052000000000000005,0.094,9.278
2017-04-24 17:00:00-03:00,0.063,0.037,0.046,9.11
2017-04-24 18:00:00-03:00,0.002,0.005,0.005,8.427
2017-04-24 19:00:00-03:00,0.0,0.0,0.0,7.975
2017-04-24 20:00:00-03:00,0.0,0.0,0.0,7.5440000000000005
2017-04-24 21:00:00-03:00,0.0,0.0,0.0,7.14
2017-04-24 22:00:00-03:00,0.0,0.0,0.0,6.825
2017-04-24 23:00:00-03:00,0.0,0.0,0.0,6.394
2017-04-25 00:00:00-03:00,0.0,0.0,0.0,5.992
2017-04-25 01:00:00-03:00,0.0,0.0,0.0,5.684
2017-04-25 02:00:00-03:00,0.0,0.0,0.0,5.45
2017-04-25 03:00:00-03:00,0.0,0.0,0.0,5.246
2017-04-25 04:00:00-03:00,0.0,0.0,0.0,5.069
2017-04-25 05:00:00-03:00,0.0,0.0,0.0,5.01
2017-04-25 06:00:00-03:00,0.0,0.0,0.0,5.014
2017-04-25 07:00:00-03:00,0.0,0.0,0.0,5.064
2017-04-25 08:00:00-03:00,0.0,0.0,0.0,5.254
2017-04-25 09:00:00-03:00,0.021,0.018000000000000002,0.018000000000000002,5.585
2017-04-25 10:00:00-03:00,0.095,0.051000000000000004,0.064,6.156
2017-04-25 11:00:00-03:00,0.193,0.106,0.112,6.757
2017-04-25 12:00:00-03:00,0.483,0.41200000000000003,0.13,7.442
2017-04-25 13:00:00-03:00,0.581,0.547,0.11800000000000001,8.038
2017-04-25 14:00:00-03:00,0.559,0.52,0.11800000000000001,8.37
2017-04-25 15:00:00-03:00,0.529,0.495,0.106,8.443
2017-04-25 16:00:00-03:00,0.372,0.325,0.09,8.21
2017-04-25 17:00:00-03:00,0.161,0.137,0.049,7.62
2017-04-25 18:00:00-03:00,0.013000000000000001,0.02,0.006,6.406
2017-04-25 19:00:00-03:00,0.0,0.0,0.0,5.408
2017-04-25 20:00:00-03:00,0.0,0.0,0.0,5.322
2017-04-25 21:00:00-03:00,0.0,0.0,0.0,5.476
2017-04-25 22:00:00-03:00,0.0,0.0,0.0,5.713
2017-04-25 23:00:00-03:00,0.0,0.0,0.0,5.898
2017-04-26 00:00:00-03:00,0.0,0.0,0.0,5.963
2017-04-26 01:00:00-03:00,0.0,0.0,0.0,5.979
2017-04-26 02:00:00-03:00,0.0,0.0,0.0,6.037
2017-04-26 03:00:00-03:00,0.0,0.0,0.0,6.048
2017-04-26 04:00:00-03:00,0.0,0.0,0.0,6.01
2017-04-26 05:00:00-03:00,0.0,0.0,0.0,6.0
2017-04-26 06:00:00-03:00,0.0,0.0,0.0,5.953
2017-04-26 07:00:00-03:00,0.0,0.0,0.0,5.986
2017-04-26 08:00:00-03:00,0.0,0.0,0.0,6.253
2017-04-26 09:00:00-03:00,0.004,0.004,0.009000000000000001,6.641
2017-04-26 10:00:00-03:00,0.036000000000000004,0.011,0.042,7.006
2017-04-26 11:00:00-03:00,0.095,0.028,0.089,7.379
2017-04-26 12:00:00-03:00,0.269,0.14300000000000002,0.159,7.95
2017-04-26 13:00:00-03:00,0.321,0.182,0.177,8.45
2017-04-26 14:00:00-03:00,0.263,0.132,0.164,8.712
2017-04-26 15:00:00-03:00,0.328,0.233,0.135,8.850999999999999
2017-04-26 16:00:00-03:00,0.47200000000000003,0.448,0.085,8.716
2017-04-26 17:00:00-03:00,0.289,0.274,0.05,8.001
2017-04-26 18:00:00-03:00,0.014,0.021,0.005,6.959
2017-04-26 19:00:00-03:00,0.0,0.0,0.0,6.364
2017-04-26 20:00:00-03:00,0.0,0.0,0.0,6.157
2017-04-26 21:00:00-03:00,0.0,0.0,0.0,6.062
2017-04-26 22:00:00-03:00,0.0,0.0,0.0,6.017
2017-04-26 23:00:00-03:00,0.0,0.0,0.0,5.957
2017-04-27 00:00:00-03:00,0.0,0.0,0.0,5.838
2017-04-27 01:00:00-03:00,0.0,0.0,0.0,5.633
2017-04-27 02:00:00-03:00,0.0,0.0,0.0,5.367
2017-04-27 03:00:00-03:00,0.0,0.0,0.0,5.121
2017-04-27 04:00:00-03:00,0.0,0.0,0.0,4.942
2017-04-27 05:00:00-03:00,0.0,0.0,0.0,4.797
2017-04-27 06:00:00-03:00,0.0,0.0,0.0,4.609
2017-04-27 07:00:00-03:00,0.0,0.0,0.0,4.26
2017-04-27 08:00:00-03:00,0.0,0.0,0.0,3.926
2017-04-27 09:00:00-03:00,0.044,0.039,0.021,4.135
2017-04-27 10:00:00-03:00,0.125,0.076,0.07,5.184
2017-04-27 11:00:00-03:00,0.176,0.08600000000000001,0.114,5.891
2017-04-27 12:00:00-03:00,0.194,0.073,0.146,6.518
2017-04-27 13:00:00-03:00,0.2,0.064,0.162,6.973
2017-04-27 14:00:00-03:00,0.192,0.064,0.154,7.269
2017-04-27 15:00:00-03:00,0.158,0.059000000000000004,0.124,7.413
2017-04-27 16:00:00-03:00,0.10400000000000001,0.045,0.081,7.293
2017-04-27 17:00:00-03:00,0.065,0.044,0.041,6.8
2017-04-27 18:00:00-03:00,0.003,0.008,0.004,5.417
2017-04-27 19:00:00-03:00,0.0,0.0,0.0,4.592
2017-04-27 20:00:00-03:00,0.0,0.0,0.0,4.148
2017-04-27 21:00:00-03:00,0.0,0.0,0.0,3.726
2017-04-27 22:00:00-03:00,0.0,0.0,0.0,3.357
2017-04-27 23:00:00-03:00,0.0,0.0,0.0,3.115
2017-04-28 00:00:00-03:00,0.0,0.0,0.0,3.051
2017-04-28 01:00:00-03:00,0.0,0.0,0.0,3.238
2017-04-28 02:00:00-03:00,0.0,0.0,0.0,3.402
2017-04-28 03:00:00-03:00,0.0,0.0,0.0,3.304
2017-04-28 04:00:00-03:00,0.0,0.0,0.0,3.069
2017-04-28 05:00:00-03:00,0.0,0.0,0.0,2.912
2017-04-28 06:00:00-03:00,0.0,0.0,0.0,3.069
2017-04-28 07:00:00-03:00,0.0,0.0,0.0,3.729
2017-04-28 08:00:00-03:00,0.0,0.0,0.0,4.546
2017-04-28 09:00:00-03:00,0.019,0.018000000000000002,0.015,5.494
2017-04-28 10:00:00-03:00,0.075,0.038,0.057,6.315
2017-04-28 11:00:00-03:00,0.113,0.043000000000000003,0.091,6.655
2017-04-28 12:00:00-03:00,0.263,0.148,0.145,6.991
2017-04-28 13:00:00-03:00,0.468,0.385,0.14,7.456
2017-04-28 14:00:00-03:00,0.633,0.637,0.095,7.959
2017-04-28 15:00:00-03:00,0.644,0.667,0.079,8.081
2017-04-28 16:00:00-03:00,0.546,0.551,0.07,7.782
2017-04-28 17:00:00-03:00,0.228,0.21,0.046,7.061
2017-04-28 18:00:00-03:00,0.0,0.003,0.002,5.835
2017-04-28 19:00:00-03:00,0.0,0.0,0.0,5.155
2017-04-28 20:00:00-03:00,0.0,0.0,0.0,4.851
2017-04-28 21:00:00-03:00,0.0,0.0,0.0,4.607
2017-04-28 22:00:00-03:00,0.0,0.0,0.0,4.269
2017-04-28 23:00:00-03:00,0.0,0.0,0.0,5.335
2017-04-29 00:00:00-03:00,0.0,0.0,0.0,6.86
2017-04-29 01:00:00-03:00,0.0,0.0,0.0,7.474
2017-04-29 02:00:00-03:00,0.0,0.0,0.0,7.175
2017-04-29 03:00:00-03:00,0.0,0.0,0.0,6.727
2017-04-29 04:00:00-03:00,0.0,0.0,0.0,6.402
2017-04-29 05:00:00-03:00,0.0,0.0,0.0,6.144
2017-04-29 06:00:00-03:00,0.0,0.0,0.0,5.822
2017-04-29 07:00:00-03:00,0.0,0.0,0.0,5.459
2017-04-29 08:00:00-03:00,0.0,0.0,0.0,5.197
2017-04-29 09:00:00-03:00,0.137,0.138,0.02,5.203
2017-04-29 10:00:00-03:00,0.278,0.242,0.066,5.79
2017-04-29 11:00:00-03:00,0.387,0.33,0.099,6.414
2017-04-29 12:00:00-03:00,0.613,0.611,0.091,7.176
2017-04-29 13:00:00-03:00,0.624,0.622,0.097,7.867
2017-04-29 14:00:00-03:00,0.446,0.363,0.137,8.207
2017-04-29 15:00:00-03:00,0.14300000000000002,0.059000000000000004,0.108,8.104
2017-04-29 16:00:00-03:00,0.113,0.058,0.077,7.899
2017-04-29 17:00:00-03:00,0.084,0.066,0.039,7.31
2017-04-29 18:00:00-03:00,0.002,0.007,0.003,5.764
2017-04-29 19:00:00-03:00,0.0,0.0,0.0,4.787
2017-04-29 20:00:00-03:00,0.0,0.0,0.0,4.09
2017-04-29 21:00:00-03:00,0.0,0.0,0.0,3.601
2017-04-29 22:00:00-03:00,0.0,0.0,0.0,3.296
2017-04-29 23:00:00-03:00,0.0,0.0,0.0,3.016
2017-04-30 00:00:00-03:00,0.0,0.0,0.0,2.801
2017-04-30 01:00:00-03:00,0.0,0.0,0.0,2.643
2017-04-30 02:00:00-03:00,0.0,0.0,0.0,2.664
2017-04-30 03:00:00-03:00,0.0,0.0,0.0,2.5789999999999997
2017-04-30 04:00:00-03:00,0.0,0.0,0.0,2.722
2017-04-30 05:00:00-03:00,0.0,0.0,0.0,2.634
2017-04-30 06:00:00-03:00,0.0,0.0,0.0,2.571
2017-04-30 07:00:00-03:00,0.0,0.0,0.0,2.383
2017-04-30 08:00:00-03:00,0.0,0.0,0.0,2.204
2017-04-30 09:00:00-03:00,0.149,0.151,0.019,2.359
2017-04-30 10:00:00-03:00,0.43,0.41600000000000004,0.058,4.257
2017-04-30 11:00:00-03:00,0.585,0.586,0.075,5.617
2017-04-30 12:00:00-03:00,0.583,0.5670000000000001,0.098,7.035
2017-04-30 13:00:00-03:00,0.38,0.275,0.15,8.288
2017-04-30 14:00:00-03:00,0.28700000000000003,0.169,0.153,9.25
2017-04-30 15:00:00-03:00,0.168,0.078,0.117,9.675
2017-04-30 16:00:00-03:00,0.088,0.04,0.07,9.612
2017-04-30 17:00:00-03:00,0.047,0.033,0.032,9.187
2017-04-30 18:00:00-03:00,0.0,0.002,0.002,8.493
2017-04-30 19:00:00-03:00,0.0,0.0,0.0,8.181
2017-04-30 20:00:00-03:00,0.0,0.0,0.0,7.866
2017-04-30 21:00:00-03:00,0.0,0.0,0.0,7.451
2017-04-30 22:00:00-03:00,0.0,0.0,0.0,7.178
2017-04-30 23:00:00-03:00,0.0,0.0,0.0,6.975
2017-05-01 00:00:00-03:00,0.0,0.0,0.0,6.736
2017-05-01 01:00:00-03:00,0.0,0.0,0.0,6.546
2017-05-01 02:00:00-03:00,0.0,0.0,0.0,6.401
2017-05-01 03:00:00-03:00,0.0,0.0,0.0,6.194
2017-05-01 04:00:00-03:00,0.0,0.0,0.0,6.018
2017-05-01 05:00:00-03:00,0.0,0.0,0.0,5.894
2017-05-01 06:00:00-03:00,0.0,0.0,0.0,5.797
2017-05-01 07:00:00-03:00,0.0,0.0,0.0,5.556
2017-05-01 08:00:00-03:00,0.0,0.0,0.0,5.297
2017-05-01 09:00:00-03:00,0.022,0.022,0.013000000000000001,5.336
2017-05-01 10:00:00-03:00,0.1,0.061,0.06,6.43
2017-05-01 11:00:00-03:00,0.27,0.191,0.11,7.378
2017-05-01 12:00:00-03:00,0.499,0.445,0.121,8.664
2017-05-01 13:00:00-03:00,0.435,0.34400000000000003,0.147,9.658
2017-05-01 14:00:00-03:00,0.28800000000000003,0.167,0.158,9.911
2017-05-01 15:00:00-03:00,0.129,0.045,0.108,9.695
2017-05-01 16:00:00-03:00,0.051000000000000004,0.015,0.055,9.092
2017-05-01 17:00:00-03:00,0.016,0.008,0.021,8.243
2017-05-01 18:00:00-03:00,0.0,0.0,0.001,7.666
2017-05-01 19:00:00-03:00,0.0,0.0,0.0,7.2780000000000005
2017-05-01 20:00:00-03:00,0.0,0.0,0.0,7.005
2017-05-01 21:00:00-03:00,0.0,0.0,0.0,6.71
2017-05-01 22:00:00-03:00,0.0,0.0,0.0,6.525
2017-05-01 23:00:00-03:00,0.0,0.0,0.0,6.466
2017-05-02 00:00:00-03:00,0.0,0.0,0.0,6.402
2017-05-02 01:00:00-03:00,0.0,0.0,0.0,6.13
2017-05-02 02:00:00-03:00,0.0,0.0,0.0,5.502
2017-05-02 03:00:00-03:00,0.0,0.0,0.0,4.9190000000000005
2017-05-02 04:00:00-03:00,0.0,0.0,0.0,4.518
2017-05-02 05:00:00-03:00,0.0,0.0,0.0,4.154
2017-05-02 06:00:00-03:00,0.0,0.0,0.0,3.951
2017-05-02 07:00:00-03:00,0.0,0.0,0.0,3.8810000000000002
2017-05-02 08:00:00-03:00,0.0,0.0,0.0,3.815
2017-05-02 09:00:00-03:00,0.0,0.001,0.004,3.747
2017-05-02 10:00:00-03:00,0.008,0.001,0.017,3.792
2017-05-02 11:00:00-03:00,0.021,0.002,0.033,4.032
2017-05-02 12:00:00-03:00,0.045,0.003,0.058,4.58
2017-05-02 13:00:00-03:00,0.07200000000000001,0.006,0.085,5.168
2017-05-02 14:00:00-03:00,0.08,0.008,0.092,5.529
2017-05-02 15:00:00-03:00,0.066,0.009000000000000001,0.076,5.751
2017-05-02 16:00:00-03:00,0.047,0.011,0.054,5.833
2017-05-02 17:00:00-03:00,0.025,0.014,0.027,5.759
2017-05-02 18:00:00-03:00,0.0,0.002,0.001,5.4
2017-05-02 19:00:00-03:00,0.0,0.0,0.0,5.052
2017-05-02 20:00:00-03:00,0.0,0.0,0.0,4.921
2017-05-02 21:00:00-03:00,0.0,0.0,0.0,4.891
2017-05-02 22:00:00-03:00,0.0,0.0,0.0,4.814
2017-05-02 23:00:00-03:00,0.0,0.0,0.0,4.745
2017-05-03 00:00:00-03:00,0.0,0.0,0.0,4.758
2017-05-03 01:00:00-03:00,0.0,0.0,0.0,4.812
2017-05-03 02:00:00-03:00,0.0,0.0,0.0,4.873
2017-05-03 03:00:00-03:00,0.0,0.0,0.0,4.956
2017-05-03 04:00:00-03:00,0.0,0.0,0.0,5.042
2017-05-03 05:00:00-03:00,0.0,0.0,0.0,5.112
2017-05-03 06:00:00-03:00,0.0,0.0,0.0,5.063
2017-05-03 07:00:00-03:00,0.0,0.0,0.0,4.759
2017-05-03 08:00:00-03:00,0.0,0.0,0.0,4.529
2017-05-03 09:00:00-03:00,0.004,0.005,0.009000000000000001,4.553
2017-05-03 10:00:00-03:00,0.026000000000000002,0.006,0.034,4.815
2017-05-03 11:00:00-03:00,0.04,0.005,0.052000000000000005,4.985
2017-05-03 12:00:00-03:00,0.036000000000000004,0.002,0.05,5.032
2017-05-03 13:00:00-03:00,0.05,0.003,0.065,5.098
2017-05-03 14:00:00-03:00,0.068,0.006,0.081,5.24
2017-05-03 15:00:00-03:00,0.037,0.003,0.051000000000000004,5.283
2017-05-03 16:00:00-03:00,0.019,0.003,0.03,5.282
2017-05-03 17:00:00-03:00,0.003,0.001,0.009000000000000001,5.145
2017-05-03 18:00:00-03:00,0.0,0.0,0.0,5.013
2017-05-03 19:00:00-03:00,0.0,0.0,0.0,5.085
2017-05-03 20:00:00-03:00,0.0,0.0,0.0,5.277
2017-05-03 21:00:00-03:00,0.0,0.0,0.0,5.491
2017-05-03 22:00:00-03:00,0.0,0.0,0.0,5.729
2017-05-03 23:00:00-03:00,0.0,0.0,0.0,5.958
2017-05-04 00:00:00-03:00,0.0,0.0,0.0,5.965
2017-05-04 01:00:00-03:00,0.0,0.0,0.0,5.78
2017-05-04 02:00:00-03:00,0.0,0.0,0.0,5.619
2017-05-04 03:00:00-03:00,0.0,0.0,0.0,5.577
2017-05-04 04:00:00-03:00,0.0,0.0,0.0,5.566
2017-05-04 05:00:00-03:00,0.0,0.0,0.0,5.419
2017-05-04 06:00:00-03:00,0.0,0.0,0.0,5.201
2017-05-04 07:00:00-03:00,0.0,0.0,0.0,4.924
2017-05-04 08:00:00-03:00,0.0,0.0,0.0,4.603
2017-05-04 09:00:00-03:00,0.088,0.095,0.013000000000000001,4.272
2017-05-04 10:00:00-03:00,0.303,0.278,0.054,4.184
2017-05-04 11:00:00-03:00,0.502,0.482,0.075,4.309
2017-05-04 12:00:00-03:00,0.546,0.521,0.089,4.489
2017-05-04 13:00:00-03:00,0.556,0.528,0.096,4.856
2017-05-04 14:00:00-03:00,0.634,0.645,0.077,5.232
2017-05-04 15:00:00-03:00,0.672,0.709,0.062,5.283
2017-05-04 16:00:00-03:00,0.604,0.632,0.052000000000000005,4.937
2017-05-04 17:00:00-03:00,0.384,0.39,0.031,4.169
2017-05-04 18:00:00-03:00,0.001,0.006,0.001,2.629
2017-05-04 19:00:00-03:00,0.0,0.0,0.0,2.08
2017-05-04 20:00:00-03:00,0.0,0.0,0.0,1.818
2017-05-04 21:00:00-03:00,0.0,0.0,0.0,1.6960000000000002
2017-05-04 22:00:00-03:00,0.0,0.0,0.0,1.654
2017-05-04 23:00:00-03:00,0.0,0.0,0.0,1.554
2017-05-05 00:00:00-03:00,0.0,0.0,0.0,1.568
2017-05-05 01:00:00-03:00,0.0,0.0,0.0,1.833
2017-05-05 02:00:00-03:00,0.0,0.0,0.0,1.6440000000000001
2017-05-05 03:00:00-03:00,0.0,0.0,0.0,1.351
2017-05-05 04:00:00-03:00,0.0,0.0,0.0,1.202
2017-05-05 05:00:00-03:00,0.0,0.0,0.0,1.114
2017-05-05 06:00:00-03:00,0.0,0.0,0.0,1.363
2017-05-05 07:00:00-03:00,0.0,0.0,0.0,1.477
2017-05-05 08:00:00-03:00,0.0,0.0,0.0,1.502
2017-05-05 09:00:00-03:00,0.002,0.003,0.006,1.65
2017-05-05 10:00:00-03:00,0.017,0.004,0.026000000000000002,2.132
2017-05-05 11:00:00-03:00,0.032,0.004,0.044,2.672
2017-05-05 12:00:00-03:00,0.04,0.003,0.053,3.043
2017-05-05 13:00:00-03:00,0.054,0.004,0.067,3.6470000000000002
2017-05-05 14:00:00-03:00,0.046,0.003,0.06,4.271
2017-05-05 15:00:00-03:00,0.035,0.003,0.048,4.694
2017-05-05 16:00:00-03:00,0.038,0.008,0.046,5.087
2017-05-05 17:00:00-03:00,0.023,0.013000000000000001,0.024,4.848
2017-05-05 18:00:00-03:00,0.0,0.0,0.0,4.296
2017-05-05 19:00:00-03:00,0.0,0.0,0.0,4.183
2017-05-05 20:00:00-03:00,0.0,0.0,0.0,3.9859999999999998
2017-05-05 21:00:00-03:00,0.0,0.0,0.0,3.721
2017-05-05 22:00:00-03:00,0.0,0.0,0.0,3.559
2017-05-05 23:00:00-03:00,0.0,0.0,0.0,3.465
2017-05-06 00:00:00-03:00,0.0,0.0,0.0,3.56
2017-05-06 01:00:00-03:00,0.0,0.0,0.0,3.725
2017-05-06 02:00:00-03:00,0.0,0.0,0.0,3.794
2017-05-06 03:00:00-03:00,0.0,0.0,0.0,3.668
2017-05-06 04:00:00-03:00,0.0,0.0,0.0,3.596
2017-05-06 05:00:00-03:00,0.0,0.0,0.0,3.43
2017-05-06 06:00:00-03:00,0.0,0.0,0.0,3.3970000000000002
2017-05-06 07:00:00-03:00,0.0,0.0,0.0,3.462
2017-05-06 08:00:00-03:00,0.0,0.0,0.0,3.542
2017-05-06 09:00:00-03:00,0.002,0.003,0.006,3.633
2017-05-06 10:00:00-03:00,0.025,0.008,0.032,4.118
2017-05-06 11:00:00-03:00,0.057,0.012,0.063,4.459
2017-05-06 12:00:00-03:00,0.106,0.022,0.10400000000000001,4.726
2017-05-06 13:00:00-03:00,0.145,0.035,0.132,5.058
2017-05-06 14:00:00-03:00,0.148,0.041,0.13,5.338
2017-05-06 15:00:00-03:00,0.128,0.044,0.106,5.5280000000000005
2017-05-06 16:00:00-03:00,0.096,0.045,0.07100000000000001,5.537
2017-05-06 17:00:00-03:00,0.042,0.031,0.027,4.965
2017-05-06 18:00:00-03:00,0.0,0.0,0.0,4.323
2017-05-06 19:00:00-03:00,0.0,0.0,0.0,4.056
2017-05-06 20:00:00-03:00,0.0,0.0,0.0,3.767
2017-05-06 21:00:00-03:00,0.0,0.0,0.0,3.508
2017-05-06 22:00:00-03:00,0.0,0.0,0.0,3.321
2017-05-06 23:00:00-03:00,0.0,0.0,0.0,3.198
2017-05-07 00:00:00-03:00,0.0,0.0,0.0,3.122
2017-05-07 01:00:00-03:00,0.0,0.0,0.0,3.091
2017-05-07 02:00:00-03:00,0.0,0.0,0.0,3.026
2017-05-07 03:00:00-03:00,0.0,0.0,0.0,2.969
2017-05-07 04:00:00-03:00,0.0,0.0,0.0,2.963
2017-05-07 05:00:00-03:00,0.0,0.0,0.0,2.999
2017-05-07 06:00:00-03:00,0.0,0.0,0.0,3.117
2017-05-07 07:00:00-03:00,0.0,0.0,0.0,3.239
2017-05-07 08:00:00-03:00,0.0,0.0,0.0,3.39
2017-05-07 09:00:00-03:00,0.001,0.002,0.005,3.607
2017-05-07 10:00:00-03:00,0.027,0.009000000000000001,0.033,4.246
2017-05-07 11:00:00-03:00,0.077,0.02,0.076,4.721
2017-05-07 12:00:00-03:00,0.129,0.032,0.11800000000000001,5.126
2017-05-07 13:00:00-03:00,0.12,0.021,0.12,5.466
2017-05-07 14:00:00-03:00,0.074,0.009000000000000001,0.085,5.681
2017-05-07 15:00:00-03:00,0.047,0.006,0.059000000000000004,5.76
2017-05-07 16:00:00-03:00,0.022,0.004,0.033,5.689
2017-05-07 17:00:00-03:00,0.004,0.003,0.011,5.426
2017-05-07 18:00:00-03:00,0.0,0.0,0.0,5.083
2017-05-07 19:00:00-03:00,0.0,0.0,0.0,4.945
2017-05-07 20:00:00-03:00,0.0,0.0,0.0,4.777
2017-05-07 21:00:00-03:00,0.0,0.0,0.0,4.6129999999999995
2017-05-07 22:00:00-03:00,0.0,0.0,0.0,4.355
2017-05-07 23:00:00-03:00,0.0,0.0,0.0,4.252
2017-05-08 00:00:00-03:00,0.0,0.0,0.0,4.171
2017-05-08 01:00:00-03:00,0.0,0.0,0.0,4.151
2017-05-08 02:00:00-03:00,0.0,0.0,0.0,4.167
2017-05-08 03:00:00-03:00,0.0,0.0,0.0,4.138
2017-05-08 04:00:00-03:00,0.0,0.0,0.0,4.159
2017-05-08 05:00:00-03:00,0.0,0.0,0.0,4.076
2017-05-08 06:00:00-03:00,0.0,0.0,0.0,4.13
2017-05-08 07:00:00-03:00,0.0,0.0,0.0,4.406
2017-05-08 08:00:00-03:00,0.0,0.0,0.0,4.676
2017-05-08 09:00:00-03:00,0.003,0.005,0.006,4.811
2017-05-08 10:00:00-03:00,0.034,0.014,0.036000000000000004,5.43
2017-05-08 11:00:00-03:00,0.062,0.015,0.065,5.904
2017-05-08 12:00:00-03:00,0.117,0.031,0.107,6.209
2017-05-08 13:00:00-03:00,0.229,0.10400000000000001,0.152,6.462
2017-05-08 14:00:00-03:00,0.36,0.251,0.148,6.686
2017-05-08 15:00:00-03:00,0.14400000000000002,0.061,0.107,6.564
2017-05-08 16:00:00-03:00,0.049,0.016,0.051000000000000004,6.266
2017-05-08 17:00:00-03:00,0.014,0.01,0.017,5.8469999999999995
2017-05-08 18:00:00-03:00,0.0,0.0,0.0,5.371
2017-05-08 19:00:00-03:00,0.0,0.0,0.0,5.313
2017-05-08 20:00:00-03:00,0.0,0.0,0.0,5.018
2017-05-08 21:00:00-03:00,0.0,0.0,0.0,4.606
2017-05-08 22:00:00-03:00,0.0,0.0,0.0,4.092
2017-05-08 23:00:00-03:00,0.0,0.0,0.0,3.969
2017-05-09 00:00:00-03:00,0.0,0.0,0.0,3.7800000000000002
2017-05-09 01:00:00-03:00,0.0,0.0,0.0,3.457
2017-05-09 02:00:00-03:00,0.0,0.0,0.0,3.198
2017-05-09 03:00:00-03:00,0.0,0.0,0.0,2.947
2017-05-09 04:00:00-03:00,0.0,0.0,0.0,2.76
2017-05-09 05:00:00-03:00,0.0,0.0,0.0,2.5460000000000003
2017-05-09 06:00:00-03:00,0.0,0.0,0.0,2.532
2017-05-09 07:00:00-03:00,0.0,0.0,0.0,2.84
2017-05-09 08:00:00-03:00,0.0,0.0,0.0,3.099
2017-05-09 09:00:00-03:00,0.006,0.009000000000000001,0.006,3.438
2017-05-09 10:00:00-03:00,0.1,0.07100000000000001,0.049,4.445
2017-05-09 11:00:00-03:00,0.321,0.262,0.092,5.423
2017-05-09 12:00:00-03:00,0.386,0.31,0.117,6.305
2017-05-09 13:00:00-03:00,0.34500000000000003,0.245,0.138,6.719
2017-05-09 14:00:00-03:00,0.281,0.179,0.133,6.87
2017-05-09 15:00:00-03:00,0.364,0.299,0.10400000000000001,6.957
2017-05-09 16:00:00-03:00,0.34500000000000003,0.312,0.07100000000000001,6.785
2017-05-09 17:00:00-03:00,0.079,0.073,0.026000000000000002,6.247
2017-05-09 18:00:00-03:00,0.0,0.0,0.0,5.917
2017-05-09 19:00:00-03:00,0.0,0.0,0.0,5.933
2017-05-09 20:00:00-03:00,0.0,0.0,0.0,5.987
2017-05-09 21:00:00-03:00,0.0,0.0,0.0,5.99
2017-05-09 22:00:00-03:00,0.0,0.0,0.0,5.904
2017-05-09 23:00:00-03:00,0.0,0.0,0.0,5.743
2017-05-10 00:00:00-03:00,0.0,0.0,0.0,5.656
2017-05-10 01:00:00-03:00,0.0,0.0,0.0,5.673
2017-05-10 02:00:00-03:00,0.0,0.0,0.0,5.675
2017-05-10 03:00:00-03:00,0.0,0.0,0.0,5.51
2017-05-10 04:00:00-03:00,0.0,0.0,0.0,5.211
2017-05-10 05:00:00-03:00,0.0,0.0,0.0,5.063
2017-05-10 06:00:00-03:00,0.0,0.0,0.0,4.946
2017-05-10 07:00:00-03:00,0.0,0.0,0.0,4.141
2017-05-10 08:00:00-03:00,0.0,0.0,0.0,3.6109999999999998
2017-05-10 09:00:00-03:00,0.038,0.046,0.008,3.608
2017-05-10 10:00:00-03:00,0.198,0.171,0.051000000000000004,4.7620000000000005
2017-05-10 11:00:00-03:00,0.24,0.177,0.09,5.393
2017-05-10 12:00:00-03:00,0.309,0.225,0.117,6.083
2017-05-10 13:00:00-03:00,0.601,0.599,0.08700000000000001,6.947
2017-05-10 14:00:00-03:00,0.598,0.601,0.083,7.497
2017-05-10 15:00:00-03:00,0.461,0.427,0.09,7.561
2017-05-10 16:00:00-03:00,0.168,0.123,0.069,7.202
2017-05-10 17:00:00-03:00,0.023,0.02,0.017,6.299
2017-05-10 18:00:00-03:00,0.0,0.0,0.0,5.617
2017-05-10 19:00:00-03:00,0.0,0.0,0.0,5.313
2017-05-10 20:00:00-03:00,0.0,0.0,0.0,4.997
2017-05-10 21:00:00-03:00,0.0,0.0,0.0,4.868
2017-05-10 22:00:00-03:00,0.0,0.0,0.0,4.547
2017-05-10 23:00:00-03:00,0.0,0.0,0.0,4.399
2017-05-11 00:00:00-03:00,0.0,0.0,0.0,4.333
2017-05-11 01:00:00-03:00,0.0,0.0,0.0,4.23
2017-05-11 02:00:00-03:00,0.0,0.0,0.0,4.266
2017-05-11 03:00:00-03:00,0.0,0.0,0.0,4.361
2017-05-11 04:00:00-03:00,0.0,0.0,0.0,4.573
2017-05-11 05:00:00-03:00,0.0,0.0,0.0,4.916
2017-05-11 06:00:00-03:00,0.0,0.0,0.0,5.284
2017-05-11 07:00:00-03:00,0.0,0.0,0.0,5.417
2017-05-11 08:00:00-03:00,0.0,0.0,0.0,5.532
2017-05-11 09:00:00-03:00,0.001,0.003,0.004,5.787
2017-05-11 10:00:00-03:00,0.036000000000000004,0.018000000000000002,0.035,6.304
2017-05-11 11:00:00-03:00,0.111,0.05,0.083,6.964
2017-05-11 12:00:00-03:00,0.171,0.077,0.12,7.629
2017-05-11 13:00:00-03:00,0.23800000000000002,0.125,0.14300000000000002,8.227
2017-05-11 14:00:00-03:00,0.275,0.17200000000000001,0.136,8.639
2017-05-11 15:00:00-03:00,0.304,0.231,0.109,8.793
2017-05-11 16:00:00-03:00,0.222,0.179,0.07200000000000001,8.55
2017-05-11 17:00:00-03:00,0.081,0.077,0.024,7.547
2017-05-11 18:00:00-03:00,0.0,0.0,0.0,6.126
2017-05-11 19:00:00-03:00,0.0,0.0,0.0,5.596
2017-05-11 20:00:00-03:00,0.0,0.0,0.0,5.467
2017-05-11 21:00:00-03:00,0.0,0.0,0.0,5.423
2017-05-11 22:00:00-03:00,0.0,0.0,0.0,5.427
2017-05-11 23:00:00-03:00,0.0,0.0,0.0,5.369
2017-05-12 00:00:00-03:00,0.0,0.0,0.0,5.318
2017-05-12 01:00:00-03:00,0.0,0.0,0.0,5.395
2017-05-12 02:00:00-03:00,0.0,0.0,0.0,5.271
2017-05-12 03:00:00-03:00,0.0,0.0,0.0,5.128
2017-05-12 04:00:00-03:00,0.0,0.0,0.0,5.036
2017-05-12 05:00:00-03:00,0.0,0.0,0.0,4.815
2017-05-12 06:00:00-03:00,0.0,0.0,0.0,4.668
2017-05-12 07:00:00-03:00,0.0,0.0,0.0,4.466
2017-05-12 08:00:00-03:00,0.0,0.0,0.0,4.251
2017-05-12 09:00:00-03:00,0.006,0.011,0.005,4.169
2017-05-12 10:00:00-03:00,0.115,0.091,0.046,5.067
2017-05-12 11:00:00-03:00,0.232,0.17400000000000002,0.085,6.2620000000000005
2017-05-12 12:00:00-03:00,0.457,0.41400000000000003,0.097,6.88
2017-05-12 13:00:00-03:00,0.553,0.539,0.089,7.359
2017-05-12 14:00:00-03:00,0.594,0.602,0.078,7.632
2017-05-12 15:00:00-03:00,0.557,0.5630000000000001,0.07100000000000001,7.731
2017-05-12 16:00:00-03:00,0.445,0.442,0.056,7.477
2017-05-12 17:00:00-03:00,0.20400000000000001,0.20700000000000002,0.024,6.595
2017-05-12 18:00:00-03:00,0.0,0.0,0.0,5.851
2017-05-12 19:00:00-03:00,0.0,0.0,0.0,4.945
2017-05-12 20:00:00-03:00,0.0,0.0,0.0,4.047
2017-05-12 21:00:00-03:00,0.0,0.0,0.0,3.363
2017-05-12 22:00:00-03:00,0.0,0.0,0.0,3.092
2017-05-12 23:00:00-03:00,0.0,0.0,0.0,3.295
2017-05-13 00:00:00-03:00,0.0,0.0,0.0,3.7800000000000002
2017-05-13 01:00:00-03:00,0.0,0.0,0.0,4.0
2017-05-13 02:00:00-03:00,0.0,0.0,0.0,4.142
2017-05-13 03:00:00-03:00,0.0,0.0,0.0,4.212
2017-05-13 04:00:00-03:00,0.0,0.0,0.0,4.326
2017-05-13 05:00:00-03:00,0.0,0.0,0.0,4.39
2017-05-13 06:00:00-03:00,0.0,0.0,0.0,4.453
2017-05-13 07:00:00-03:00,0.0,0.0,0.0,4.611
2017-05-13 08:00:00-03:00,0.0,0.0,0.0,4.876
2017-05-13 09:00:00-03:00,0.0,0.0,0.001,5.284
2017-05-13 10:00:00-03:00,0.006,0.002,0.014,5.687
2017-05-13 11:00:00-03:00,0.022,0.003,0.033,6.188
2017-05-13 12:00:00-03:00,0.044,0.005,0.057,6.842
2017-05-13 13:00:00-03:00,0.088,0.014,0.095,7.571
2017-05-13 14:00:00-03:00,0.105,0.023,0.10400000000000001,8.161
2017-05-13 15:00:00-03:00,0.121,0.046,0.098,8.578
2017-05-13 16:00:00-03:00,0.14,0.093,0.07100000000000001,8.727
2017-05-13 17:00:00-03:00,0.058,0.055,0.022,8.126
2017-05-13 18:00:00-03:00,0.0,0.0,0.0,6.788
2017-05-13 19:00:00-03:00,0.0,0.0,0.0,5.838
2017-05-13 20:00:00-03:00,0.0,0.0,0.0,5.445
2017-05-13 21:00:00-03:00,0.0,0.0,0.0,5.476
2017-05-13 22:00:00-03:00,0.0,0.0,0.0,5.422
2017-05-13 23:00:00-03:00,0.0,0.0,0.0,5.144
2017-05-14 00:00:00-03:00,0.0,0.0,0.0,5.049
2017-05-14 01:00:00-03:00,0.0,0.0,0.0,5.097
2017-05-14 02:00:00-03:00,0.0,0.0,0.0,5.151
2017-05-14 03:00:00-03:00,0.0,0.0,0.0,5.119
2017-05-14 04:00:00-03:00,0.0,0.0,0.0,5.061
2017-05-14 05:00:00-03:00,0.0,0.0,0.0,5.001
2017-05-14 06:00:00-03:00,0.0,0.0,0.0,4.715
2017-05-14 07:00:00-03:00,0.0,0.0,0.0,4.598
2017-05-14 08:00:00-03:00,0.0,0.0,0.0,4.789
2017-05-14 09:00:00-03:00,0.003,0.007,0.004,5.327
2017-05-14 10:00:00-03:00,0.1,0.078,0.042,6.149
2017-05-14 11:00:00-03:00,0.251,0.197,0.083,7.03
2017-05-14 12:00:00-03:00,0.464,0.429,0.092,7.682
2017-05-14 13:00:00-03:00,0.589,0.597,0.079,8.302
2017-05-14 14:00:00-03:00,0.577,0.583,0.079,8.633
2017-05-14 15:00:00-03:00,0.508,0.5,0.076,8.642
2017-05-14 16:00:00-03:00,0.312,0.28700000000000003,0.061,8.257
2017-05-14 17:00:00-03:00,0.158,0.162,0.02,7.188
2017-05-14 18:00:00-03:00,0.0,0.0,0.0,6.31
2017-05-14 19:00:00-03:00,0.0,0.0,0.0,6.162
2017-05-14 20:00:00-03:00,0.0,0.0,0.0,5.838
2017-05-14 21:00:00-03:00,0.0,0.0,0.0,5.427
2017-05-14 22:00:00-03:00,0.0,0.0,0.0,5.335
2017-05-14 23:00:00-03:00,0.0,0.0,0.0,5.458
2017-05-15 00:00:00-03:00,0.0,0.0,0.0,5.619
2017-05-15 01:00:00-03:00,0.0,0.0,0.0,5.232
2017-05-15 02:00:00-03:00,0.0,0.0,0.0,4.787
2017-05-15 03:00:00-03:00,0.0,0.0,0.0,4.49
2017-05-15 04:00:00-03:00,0.0,0.0,0.0,4.233
2017-05-15 05:00:00-03:00,0.0,0.0,0.0,3.684
2017-05-15 06:00:00-03:00,0.0,0.0,0.0,3.016
2017-05-15 07:00:00-03:00,0.0,0.0,0.0,3.044
2017-05-15 08:00:00-03:00,0.0,0.0,0.0,3.202
2017-05-15 09:00:00-03:00,0.0,0.0,0.001,2.8280000000000003
2017-05-15 10:00:00-03:00,0.003,0.001,0.01,2.393
2017-05-15 11:00:00-03:00,0.012,0.002,0.022,1.9
2017-05-15 12:00:00-03:00,0.039,0.004,0.051000000000000004,2.016
2017-05-15 13:00:00-03:00,0.066,0.008,0.076,2.967
2017-05-15 14:00:00-03:00,0.109,0.025,0.10400000000000001,4.435
2017-05-15 15:00:00-03:00,0.148,0.07100000000000001,0.1,5.381
2017-05-15 16:00:00-03:00,0.307,0.268,0.069,5.117
2017-05-15 17:00:00-03:00,0.122,0.123,0.021,4.957
2017-05-15 18:00:00-03:00,0.0,0.0,0.0,4.791
2017-05-15 19:00:00-03:00,0.0,0.0,0.0,4.535
2017-05-15 20:00:00-03:00,0.0,0.0,0.0,4.256
2017-05-15 21:00:00-03:00,0.0,0.0,0.0,4.028
2017-05-15 22:00:00-03:00,0.0,0.0,0.0,3.753
2017-05-15 23:00:00-03:00,0.0,0.0,0.0,3.233
2017-05-16 00:00:00-03:00,0.0,0.0,0.0,3.079
2017-05-16 01:00:00-03:00,0.0,0.0,0.0,2.9
2017-05-16 02:00:00-03:00,0.0,0.0,0.0,2.86
2017-05-16 03:00:00-03:00,0.0,0.0,0.0,2.863
2017-05-16 04:00:00-03:00,0.0,0.0,0.0,2.543
2017-05-16 05:00:00-03:00,0.0,0.0,0.0,2.145
2017-05-16 06:00:00-03:00,0.0,0.0,0.0,1.986
2017-05-16 07:00:00-03:00,0.0,0.0,0.0,2.17
2017-05-16 08:00:00-03:00,0.0,0.0,0.0,2.317
2017-05-16 09:00:00-03:00,0.001,0.004,0.003,2.2640000000000002
2017-05-16 10:00:00-03:00,0.113,0.092,0.04,2.452
2017-05-16 11:00:00-03:00,0.485,0.46900000000000003,0.065,3.086
2017-05-16 12:00:00-03:00,0.51,0.482,0.083,4.076
2017-05-16 13:00:00-03:00,0.445,0.389,0.10400000000000001,5.148
2017-05-16 14:00:00-03:00,0.513,0.486,0.089,6.18
2017-05-16 15:00:00-03:00,0.547,0.547,0.07100000000000001,6.705
2017-05-16 16:00:00-03:00,0.162,0.126,0.06,6.364
2017-05-16 17:00:00-03:00,0.015,0.017,0.011,5.793
2017-05-16 18:00:00-03:00,0.0,0.0,0.0,5.225
2017-05-16 19:00:00-03:00,0.0,0.0,0.0,4.786
2017-05-16 20:00:00-03:00,0.0,0.0,0.0,4.788
2017-05-16 21:00:00-03:00,0.0,0.0,0.0,5.07
2017-05-16 22:00:00-03:00,0.0,0.0,0.0,5.217
2017-05-16 23:00:00-03:00,0.0,0.0,0.0,5.201
2017-05-17 00:00:00-03:00,0.0,0.0,0.0,5.311
2017-05-17 01:00:00-03:00,0.0,0.0,0.0,5.313
2017-05-17 02:00:00-03:00,0.0,0.0,0.0,4.998
2017-05-17 03:00:00-03:00,0.0,0.0,0.0,4.749
2017-05-17 04:00:00-03:00,0.0,0.0,0.0,4.499
2017-05-17 05:00:00-03:00,0.0,0.0,0.0,4.269
2017-05-17 06:00:00-03:00,0.0,0.0,0.0,4.17
2017-05-17 07:00:00-03:00,0.0,0.0,0.0,4.153
2017-05-17 08:00:00-03:00,0.0,0.0,0.0,3.925
2017-05-17 09:00:00-03:00,0.011,0.019,0.003,3.34
2017-05-17 10:00:00-03:00,0.241,0.228,0.038,3.734
2017-05-17 11:00:00-03:00,0.40700000000000003,0.384,0.065,5.014
2017-05-17 12:00:00-03:00,0.526,0.517,0.07200000000000001,5.688
2017-05-17 13:00:00-03:00,0.629,0.658,0.062,6.487
2017-05-17 14:00:00-03:00,0.63,0.664,0.06,6.985
2017-05-17 15:00:00-03:00,0.584,0.608,0.058,7.312
2017-05-17 16:00:00-03:00,0.455,0.462,0.047,7.055
2017-05-17 17:00:00-03:00,0.179,0.187,0.016,5.412
2017-05-17 18:00:00-03:00,0.0,0.0,0.0,4.536
2017-05-17 19:00:00-03:00,0.0,0.0,0.0,4.542
2017-05-17 20:00:00-03:00,0.0,0.0,0.0,4.515
2017-05-17 21:00:00-03:00,0.0,0.0,0.0,4.382
2017-05-17 22:00:00-03:00,0.0,0.0,0.0,4.156
2017-05-17 23:00:00-03:00,0.0,0.0,0.0,3.8689999999999998
2017-05-18 00:00:00-03:00,0.0,0.0,0.0,3.527
2017-05-18 01:00:00-03:00,0.0,0.0,0.0,3.136
2017-05-18 02:00:00-03:00,0.0,0.0,0.0,2.836
2017-05-18 03:00:00-03:00,0.0,0.0,0.0,2.654
2017-05-18 04:00:00-03:00,0.0,0.0,0.0,2.566
2017-05-18 05:00:00-03:00,0.0,0.0,0.0,2.989
2017-05-18 06:00:00-03:00,0.0,0.0,0.0,3.544
2017-05-18 07:00:00-03:00,0.0,0.0,0.0,3.958
2017-05-18 08:00:00-03:00,0.0,0.0,0.0,4.169
2017-05-18 09:00:00-03:00,0.0,0.003,0.002,4.051
2017-05-18 10:00:00-03:00,0.065,0.047,0.037,4.386
2017-05-18 11:00:00-03:00,0.213,0.153,0.085,5.13
2017-05-18 12:00:00-03:00,0.23800000000000002,0.149,0.116,5.993
2017-05-18 13:00:00-03:00,0.215,0.111,0.131,6.811
2017-05-18 14:00:00-03:00,0.167,0.073,0.11900000000000001,7.31
2017-05-18 15:00:00-03:00,0.098,0.037,0.082,7.365
2017-05-18 16:00:00-03:00,0.04,0.017,0.041,7.101
2017-05-18 17:00:00-03:00,0.007,0.008,0.009000000000000001,6.697
2017-05-18 18:00:00-03:00,0.0,0.0,0.0,6.318
2017-05-18 19:00:00-03:00,0.0,0.0,0.0,6.1
2017-05-18 20:00:00-03:00,0.0,0.0,0.0,5.966
2017-05-18 21:00:00-03:00,0.0,0.0,0.0,5.825
2017-05-18 22:00:00-03:00,0.0,0.0,0.0,5.6530000000000005
2017-05-18 23:00:00-03:00,0.0,0.0,0.0,5.493
2017-05-19 00:00:00-03:00,0.0,0.0,0.0,5.291
2017-05-19 01:00:00-03:00,0.0,0.0,0.0,5.109
2017-05-19 02:00:00-03:00,0.0,0.0,0.0,4.942
2017-05-19 03:00:00-03:00,0.0,0.0,0.0,4.763
2017-05-19 04:00:00-03:00,0.0,0.0,0.0,4.679
2017-05-19 05:00:00-03:00,0.0,0.0,0.0,4.856
2017-05-19 06:00:00-03:00,0.0,0.0,0.0,5.411
2017-05-19 07:00:00-03:00,0.0,0.0,0.0,5.964
2017-05-19 08:00:00-03:00,0.0,0.0,0.0,6.342
2017-05-19 09:00:00-03:00,0.0,0.001,0.002,6.914
2017-05-19 10:00:00-03:00,0.015,0.007,0.021,7.704
2017-05-19 11:00:00-03:00,0.047,0.012,0.053,8.304
2017-05-19 12:00:00-03:00,0.077,0.017,0.081,8.707
2017-05-19 13:00:00-03:00,0.159,0.058,0.127,9.16
2017-05-19 14:00:00-03:00,0.167,0.069,0.125,9.536
2017-05-19 15:00:00-03:00,0.067,0.017,0.07,9.535
2017-05-19 16:00:00-03:00,0.015,0.004,0.024,9.093
2017-05-19 17:00:00-03:00,0.001,0.002,0.005,8.515
2017-05-19 18:00:00-03:00,0.0,0.0,0.0,8.039
2017-05-19 19:00:00-03:00,0.0,0.0,0.0,7.713
2017-05-19 20:00:00-03:00,0.0,0.0,0.0,7.36
2017-05-19 21:00:00-03:00,0.0,0.0,0.0,7.091
2017-05-19 22:00:00-03:00,0.0,0.0,0.0,6.786
2017-05-19 23:00:00-03:00,0.0,0.0,0.0,6.454
2017-05-20 00:00:00-03:00,0.0,0.0,0.0,6.238
2017-05-20 01:00:00-03:00,0.0,0.0,0.0,6.005
2017-05-20 02:00:00-03:00,0.0,0.0,0.0,6.077
2017-05-20 03:00:00-03:00,0.0,0.0,0.0,6.958
2017-05-20 04:00:00-03:00,0.0,0.0,0.0,7.953
2017-05-20 05:00:00-03:00,0.0,0.0,0.0,8.55
2017-05-20 06:00:00-03:00,0.0,0.0,0.0,8.613
2017-05-20 07:00:00-03:00,0.0,0.0,0.0,8.384
2017-05-20 08:00:00-03:00,0.0,0.0,0.0,7.461
2017-05-20 09:00:00-03:00,0.003,0.009000000000000001,0.002,6.264
2017-05-20 10:00:00-03:00,0.197,0.186,0.036000000000000004,5.775
2017-05-20 11:00:00-03:00,0.398,0.378,0.063,5.965
2017-05-20 12:00:00-03:00,0.5640000000000001,0.5740000000000001,0.064,6.426
2017-05-20 13:00:00-03:00,0.597,0.615,0.066,6.909
2017-05-20 14:00:00-03:00,0.593,0.612,0.065,7.255
2017-05-20 15:00:00-03:00,0.542,0.554,0.061,7.338
2017-05-20 16:00:00-03:00,0.384,0.377,0.049,6.937
2017-05-20 17:00:00-03:00,0.064,0.07,0.013000000000000001,5.683
2017-05-20 18:00:00-03:00,0.0,0.0,0.0,5.027
2017-05-20 19:00:00-03:00,0.0,0.0,0.0,4.777
2017-05-20 20:00:00-03:00,0.0,0.0,0.0,4.604
2017-05-20 21:00:00-03:00,0.0,0.0,0.0,4.564
2017-05-20 22:00:00-03:00,0.0,0.0,0.0,4.601
2017-05-20 23:00:00-03:00,0.0,0.0,0.0,4.664
2017-05-21 00:00:00-03:00,0.0,0.0,0.0,4.665
2017-05-21 01:00:00-03:00,0.0,0.0,0.0,4.397
2017-05-21 02:00:00-03:00,0.0,0.0,0.0,4.071
2017-05-21 03:00:00-03:00,0.0,0.0,0.0,3.849
2017-05-21 04:00:00-03:00,0.0,0.0,0.0,3.684
2017-05-21 05:00:00-03:00,0.0,0.0,0.0,3.591
2017-05-21 06:00:00-03:00,0.0,0.0,0.0,3.3
2017-05-21 07:00:00-03:00,0.0,0.0,0.0,2.718
2017-05-21 08:00:00-03:00,0.0,0.0,0.0,2.235
2017-05-21 09:00:00-03:00,0.0,0.003,0.002,2.232
2017-05-21 10:00:00-03:00,0.049,0.034,0.032,2.734
2017-05-21 11:00:00-03:00,0.099,0.048,0.07100000000000001,3.636
2017-05-21 12:00:00-03:00,0.121,0.044,0.097,4.021
2017-05-21 13:00:00-03:00,0.133,0.043000000000000003,0.111,4.049
2017-05-21 14:00:00-03:00,0.131,0.045,0.106,3.858
2017-05-21 15:00:00-03:00,0.12,0.054,0.08700000000000001,3.564
2017-05-21 16:00:00-03:00,0.067,0.037,0.048,3.057
2017-05-21 17:00:00-03:00,0.013000000000000001,0.015,0.01,2.03
2017-05-21 18:00:00-03:00,0.0,0.0,0.0,1.381
2017-05-21 19:00:00-03:00,0.0,0.0,0.0,1.3900000000000001
2017-05-21 20:00:00-03:00,0.0,0.0,0.0,1.687
2017-05-21 21:00:00-03:00,0.0,0.0,0.0,1.611
2017-05-21 22:00:00-03:00,0.0,0.0,0.0,1.477
2017-05-21 23:00:00-03:00,0.0,0.0,0.0,1.508
2017-05-22 00:00:00-03:00,0.0,0.0,0.0,1.471
2017-05-22 01:00:00-03:00,0.0,0.0,0.0,1.2570000000000001
2017-05-22 02:00:00-03:00,0.0,0.0,0.0,1.206
2017-05-22 03:00:00-03:00,0.0,0.0,0.0,1.272
2017-05-22 04:00:00-03:00,0.0,0.0,0.0,1.336
2017-05-22 05:00:00-03:00,0.0,0.0,0.0,1.413
2017-05-22 06:00:00-03:00,0.0,0.0,0.0,1.501
2017-05-22 07:00:00-03:00,0.0,0.0,0.0,1.657
2017-05-22 08:00:00-03:00,0.0,0.0,0.0,1.8290000000000002
2017-05-22 09:00:00-03:00,0.0,0.001,0.001,1.843
2017-05-22 10:00:00-03:00,0.026000000000000002,0.015,0.025,1.905
2017-05-22 11:00:00-03:00,0.09,0.041,0.068,2.165
2017-05-22 12:00:00-03:00,0.17500000000000002,0.08700000000000001,0.109,2.585
2017-05-22 13:00:00-03:00,0.198,0.095,0.125,3.064
2017-05-22 14:00:00-03:00,0.17200000000000001,0.077,0.117,3.311
2017-05-22 15:00:00-03:00,0.094,0.035,0.078,3.2720000000000002
2017-05-22 16:00:00-03:00,0.045,0.021,0.041,3.159
2017-05-22 17:00:00-03:00,0.005,0.007,0.008,3.019
2017-05-22 18:00:00-03:00,0.0,0.0,0.0,2.878
2017-05-22 19:00:00-03:00,0.0,0.0,0.0,2.798
2017-05-22 20:00:00-03:00,0.0,0.0,0.0,2.684
2017-05-22 21:00:00-03:00,0.0,0.0,0.0,2.461
2017-05-22 22:00:00-03:00,0.0,0.0,0.0,2.386
2017-05-22 23:00:00-03:00,0.0,0.0,0.0,2.423
2017-05-23 00:00:00-03:00,0.0,0.0,0.0,2.432
2017-05-23 01:00:00-03:00,0.0,0.0,0.0,2.565
2017-05-23 02:00:00-03:00,0.0,0.0,0.0,2.822
2017-05-23 03:00:00-03:00,0.0,0.0,0.0,3.252
2017-05-23 04:00:00-03:00,0.0,0.0,0.0,3.685
2017-05-23 05:00:00-03:00,0.0,0.0,0.0,3.948
2017-05-23 06:00:00-03:00,0.0,0.0,0.0,4.139
2017-05-23 07:00:00-03:00,0.0,0.0,0.0,4.438
2017-05-23 08:00:00-03:00,0.0,0.0,0.0,4.783
2017-05-23 09:00:00-03:00,0.0,0.0,0.001,4.91
2017-05-23 10:00:00-03:00,0.021,0.014,0.022,5.04
2017-05-23 11:00:00-03:00,0.156,0.10400000000000001,0.075,5.477
2017-05-23 12:00:00-03:00,0.263,0.187,0.105,6.125
2017-05-23 13:00:00-03:00,0.374,0.303,0.113,6.71
2017-05-23 14:00:00-03:00,0.34600000000000003,0.274,0.11,6.86
2017-05-23 15:00:00-03:00,0.241,0.178,0.091,6.5280000000000005
2017-05-23 16:00:00-03:00,0.109,0.079,0.052000000000000005,6.093
2017-05-23 17:00:00-03:00,0.014,0.018000000000000002,0.009000000000000001,5.741
2017-05-23 18:00:00-03:00,0.0,0.0,0.0,5.503
2017-05-23 19:00:00-03:00,0.0,0.0,0.0,5.393
2017-05-23 20:00:00-03:00,0.0,0.0,0.0,5.29
2017-05-23 21:00:00-03:00,0.0,0.0,0.0,5.129
2017-05-23 22:00:00-03:00,0.0,0.0,0.0,5.039
2017-05-23 23:00:00-03:00,0.0,0.0,0.0,4.97
2017-05-24 00:00:00-03:00,0.0,0.0,0.0,4.9
2017-05-24 01:00:00-03:00,0.0,0.0,0.0,4.774
2017-05-24 02:00:00-03:00,0.0,0.0,0.0,4.611
2017-05-24 03:00:00-03:00,0.0,0.0,0.0,4.476
2017-05-24 04:00:00-03:00,0.0,0.0,0.0,4.411
2017-05-24 05:00:00-03:00,0.0,0.0,0.0,4.46
2017-05-24 06:00:00-03:00,0.0,0.0,0.0,4.604
2017-05-24 07:00:00-03:00,0.0,0.0,0.0,4.608
2017-05-24 08:00:00-03:00,0.0,0.0,0.0,4.657
2017-05-24 09:00:00-03:00,0.0,0.001,0.001,4.939
2017-05-24 10:00:00-03:00,0.053,0.042,0.029,5.373
2017-05-24 11:00:00-03:00,0.127,0.079,0.069,5.8469999999999995
2017-05-24 12:00:00-03:00,0.253,0.176,0.105,6.237
2017-05-24 13:00:00-03:00,0.249,0.158,0.11900000000000001,6.432
2017-05-24 14:00:00-03:00,0.219,0.135,0.111,6.404
2017-05-24 15:00:00-03:00,0.322,0.269,0.08700000000000001,6.156
2017-05-24 16:00:00-03:00,0.222,0.194,0.053,5.6
2017-05-24 17:00:00-03:00,0.037,0.043000000000000003,0.01,4.833
2017-05-24 18:00:00-03:00,0.0,0.0,0.0,4.205
2017-05-24 19:00:00-03:00,0.0,0.0,0.0,3.8449999999999998
2017-05-24 20:00:00-03:00,0.0,0.0,0.0,3.591
2017-05-24 21:00:00-03:00,0.0,0.0,0.0,3.246
2017-05-24 22:00:00-03:00,0.0,0.0,0.0,3.043
2017-05-24 23:00:00-03:00,0.0,0.0,0.0,2.952
2017-05-25 00:00:00-03:00,0.0,0.0,0.0,2.808
2017-05-25 01:00:00-03:00,0.0,0.0,0.0,2.657
2017-05-25 02:00:00-03:00,0.0,0.0,0.0,2.517
2017-05-25 03:00:00-03:00,0.0,0.0,0.0,2.443
2017-05-25 04:00:00-03:00,0.0,0.0,0.0,2.419
2017-05-25 05:00:00-03:00,0.0,0.0,0.0,2.491
2017-05-25 06:00:00-03:00,0.0,0.0,0.0,2.386
2017-05-25 07:00:00-03:00,0.0,0.0,0.0,2.223
2017-05-25 08:00:00-03:00,0.0,0.0,0.0,2.084
2017-05-25 09:00:00-03:00,0.0,0.001,0.001,2.039
2017-05-25 10:00:00-03:00,0.034,0.024,0.025,2.229
2017-05-25 11:00:00-03:00,0.136,0.084,0.07200000000000001,2.667
2017-05-25 12:00:00-03:00,0.213,0.129,0.107,3.082
2017-05-25 13:00:00-03:00,0.20400000000000001,0.106,0.121,3.277
2017-05-25 14:00:00-03:00,0.148,0.062,0.106,3.177
2017-05-25 15:00:00-03:00,0.099,0.042,0.076,2.968
2017-05-25 16:00:00-03:00,0.074,0.045,0.046,2.842
2017-05-25 17:00:00-03:00,0.014,0.017,0.009000000000000001,2.608
2017-05-25 18:00:00-03:00,0.0,0.0,0.0,2.42
2017-05-25 19:00:00-03:00,0.0,0.0,0.0,2.363
2017-05-25 20:00:00-03:00,0.0,0.0,0.0,2.3
2017-05-25 21:00:00-03:00,0.0,0.0,0.0,2.227
2017-05-25 22:00:00-03:00,0.0,0.0,0.0,2.083
2017-05-25 23:00:00-03:00,0.0,0.0,0.0,1.911
2017-05-26 00:00:00-03:00,0.0,0.0,0.0,1.7850000000000001
2017-05-26 01:00:00-03:00,0.0,0.0,0.0,1.704
2017-05-26 02:00:00-03:00,0.0,0.0,0.0,1.6800000000000002
2017-05-26 03:00:00-03:00,0.0,0.0,0.0,1.566
2017-05-26 04:00:00-03:00,0.0,0.0,0.0,1.49
2017-05-26 05:00:00-03:00,0.0,0.0,0.0,1.5150000000000001
2017-05-26 06:00:00-03:00,0.0,0.0,0.0,1.631
2017-05-26 07:00:00-03:00,0.0,0.0,0.0,1.6920000000000002
2017-05-26 08:00:00-03:00,0.0,0.0,0.0,2.01
2017-05-26 09:00:00-03:00,0.0,0.001,0.001,2.363
2017-05-26 10:00:00-03:00,0.025,0.017,0.023,2.893
2017-05-26 11:00:00-03:00,0.08600000000000001,0.041,0.064,3.6550000000000002
2017-05-26 12:00:00-03:00,0.177,0.093,0.107,4.244
2017-05-26 13:00:00-03:00,0.18,0.083,0.12,4.696
2017-05-26 14:00:00-03:00,0.122,0.042,0.10200000000000001,4.897
2017-05-26 15:00:00-03:00,0.049,0.011,0.055,4.875
2017-05-26 16:00:00-03:00,0.015,0.005,0.023,4.823
2017-05-26 17:00:00-03:00,0.0,0.001,0.003,4.741
2017-05-26 18:00:00-03:00,0.0,0.0,0.0,4.8469999999999995
2017-05-26 19:00:00-03:00,0.0,0.0,0.0,4.9879999999999995
2017-05-26 20:00:00-03:00,0.0,0.0,0.0,5.029
2017-05-26 21:00:00-03:00,0.0,0.0,0.0,5.116
2017-05-26 22:00:00-03:00,0.0,0.0,0.0,5.231
2017-05-26 23:00:00-03:00,0.0,0.0,0.0,5.333
2017-05-27 00:00:00-03:00,0.0,0.0,0.0,5.375
2017-05-27 01:00:00-03:00,0.0,0.0,0.0,5.531
2017-05-27 02:00:00-03:00,0.0,0.0,0.0,5.707
2017-05-27 03:00:00-03:00,0.0,0.0,0.0,5.766
2017-05-27 04:00:00-03:00,0.0,0.0,0.0,5.886
2017-05-27 05:00:00-03:00,0.0,0.0,0.0,6.044
2017-05-27 06:00:00-03:00,0.0,0.0,0.0,6.309
2017-05-27 07:00:00-03:00,0.0,0.0,0.0,6.759
2017-05-27 08:00:00-03:00,0.0,0.0,0.0,7.187
2017-05-27 09:00:00-03:00,0.0,0.0,0.0,7.506
2017-05-27 10:00:00-03:00,0.004,0.002,0.01,7.813
2017-05-27 11:00:00-03:00,0.016,0.003,0.026000000000000002,8.164
2017-05-27 12:00:00-03:00,0.029,0.003,0.041,8.368
2017-05-27 13:00:00-03:00,0.042,0.005,0.055,8.474
2017-05-27 14:00:00-03:00,0.061,0.01,0.07100000000000001,8.546
2017-05-27 15:00:00-03:00,0.073,0.022,0.07100000000000001,8.498
2017-05-27 16:00:00-03:00,0.047,0.023,0.041,8.03
2017-05-27 17:00:00-03:00,0.004,0.006,0.006,7.291
2017-05-27 18:00:00-03:00,0.0,0.0,0.0,6.76
2017-05-27 19:00:00-03:00,0.0,0.0,0.0,6.43
2017-05-27 20:00:00-03:00,0.0,0.0,0.0,6.216
2017-05-27 21:00:00-03:00,0.0,0.0,0.0,5.882
2017-05-27 22:00:00-03:00,0.0,0.0,0.0,5.627
2017-05-27 23:00:00-03:00,0.0,0.0,0.0,5.409
2017-05-28 00:00:00-03:00,0.0,0.0,0.0,5.211
2017-05-28 01:00:00-03:00,0.0,0.0,0.0,5.173
2017-05-28 02:00:00-03:00,0.0,0.0,0.0,5.144
2017-05-28 03:00:00-03:00,0.0,0.0,0.0,5.124
2017-05-28 04:00:00-03:00,0.0,0.0,0.0,5.076
2017-05-28 05:00:00-03:00,0.0,0.0,0.0,4.881
2017-05-28 06:00:00-03:00,0.0,0.0,0.0,4.675
2017-05-28 07:00:00-03:00,0.0,0.0,0.0,4.611
2017-05-28 08:00:00-03:00,0.0,0.0,0.0,4.51
2017-05-28 09:00:00-03:00,0.0,0.001,0.0,4.2780000000000005
2017-05-28 10:00:00-03:00,0.14200000000000002,0.136,0.028,4.716
2017-05-28 11:00:00-03:00,0.338,0.313,0.06,5.663
2017-05-28 12:00:00-03:00,0.486,0.47500000000000003,0.069,6.353
2017-05-28 13:00:00-03:00,0.539,0.539,0.07,6.843
2017-05-28 14:00:00-03:00,0.53,0.53,0.069,7.143
2017-05-28 15:00:00-03:00,0.454,0.444,0.064,7.175
2017-05-28 16:00:00-03:00,0.295,0.28200000000000003,0.045,6.521
2017-05-28 17:00:00-03:00,0.043000000000000003,0.052000000000000005,0.008,4.971
2017-05-28 18:00:00-03:00,0.0,0.0,0.0,4.207
2017-05-28 19:00:00-03:00,0.0,0.0,0.0,3.832
2017-05-28 20:00:00-03:00,0.0,0.0,0.0,3.507
2017-05-28 21:00:00-03:00,0.0,0.0,0.0,3.194
2017-05-28 22:00:00-03:00,0.0,0.0,0.0,2.836
2017-05-28 23:00:00-03:00,0.0,0.0,0.0,2.502
2017-05-29 00:00:00-03:00,0.0,0.0,0.0,2.347
2017-05-29 01:00:00-03:00,0.0,0.0,0.0,2.342
2017-05-29 02:00:00-03:00,0.0,0.0,0.0,2.243
2017-05-29 03:00:00-03:00,0.0,0.0,0.0,2.242
2017-05-29 04:00:00-03:00,0.0,0.0,0.0,2.154
2017-05-29 05:00:00-03:00,0.0,0.0,0.0,1.962
2017-05-29 06:00:00-03:00,0.0,0.0,0.0,1.697
2017-05-29 07:00:00-03:00,0.0,0.0,0.0,1.388
2017-05-29 08:00:00-03:00,0.0,0.0,0.0,1.193
2017-05-29 09:00:00-03:00,0.0,0.0,0.0,1.244
2017-05-29 10:00:00-03:00,0.004,0.002,0.01,1.623
2017-05-29 11:00:00-03:00,0.03,0.006,0.039,2.186
2017-05-29 12:00:00-03:00,0.034,0.004,0.045,2.601
2017-05-29 13:00:00-03:00,0.039,0.004,0.052000000000000005,2.9370000000000003
2017-05-29 14:00:00-03:00,0.03,0.003,0.043000000000000003,3.195
2017-05-29 15:00:00-03:00,0.023,0.003,0.034,3.425
2017-05-29 16:00:00-03:00,0.017,0.005,0.025,3.559
2017-05-29 17:00:00-03:00,0.002,0.004,0.005,3.387
2017-05-29 18:00:00-03:00,0.0,0.0,0.0,3.601
2017-05-29 19:00:00-03:00,0.0,0.0,0.0,3.834
2017-05-29 20:00:00-03:00,0.0,0.0,0.0,3.949
2017-05-29 21:00:00-03:00,0.0,0.0,0.0,4.232
2017-05-29 22:00:00-03:00,0.0,0.0,0.0,4.721
2017-05-29 23:00:00-03:00,0.0,0.0,0.0,5.09
2017-05-30 00:00:00-03:00,0.0,0.0,0.0,5.148
2017-05-30 01:00:00-03:00,0.0,0.0,0.0,4.895
2017-05-30 02:00:00-03:00,0.0,0.0,0.0,4.739
2017-05-30 03:00:00-03:00,0.0,0.0,0.0,4.695
2017-05-30 04:00:00-03:00,0.0,0.0,0.0,4.339
2017-05-30 05:00:00-03:00,0.0,0.0,0.0,4.042
2017-05-30 06:00:00-03:00,0.0,0.0,0.0,3.8
2017-05-30 07:00:00-03:00,0.0,0.0,0.0,3.569
2017-05-30 08:00:00-03:00,0.0,0.0,0.0,3.286
2017-05-30 09:00:00-03:00,0.0,0.0,0.0,3.178
2017-05-30 10:00:00-03:00,0.056,0.049,0.024,3.746
2017-05-30 11:00:00-03:00,0.156,0.112,0.065,4.777
2017-05-30 12:00:00-03:00,0.272,0.20600000000000002,0.094,5.443
2017-05-30 13:00:00-03:00,0.383,0.324,0.099,5.902
2017-05-30 14:00:00-03:00,0.379,0.325,0.094,6.255
2017-05-30 15:00:00-03:00,0.305,0.259,0.078,6.257
2017-05-30 16:00:00-03:00,0.19,0.167,0.047,5.471
2017-05-30 17:00:00-03:00,0.021,0.028,0.007,4.069
2017-05-30 18:00:00-03:00,0.0,0.0,0.0,3.459
2017-05-30 19:00:00-03:00,0.0,0.0,0.0,3.137
2017-05-30 20:00:00-03:00,0.0,0.0,0.0,2.863
2017-05-30 21:00:00-03:00,0.0,0.0,0.0,2.635
2017-05-30 22:00:00-03:00,0.0,0.0,0.0,2.418
2017-05-30 23:00:00-03:00,0.0,0.0,0.0,2.192
2017-05-31 00:00:00-03:00,0.0,0.0,0.0,2.079
2017-05-31 01:00:00-03:00,0.0,0.0,0.0,2.029
2017-05-31 02:00:00-03:00,0.0,0.0,0.0,1.979
2017-05-31 03:00:00-03:00,0.0,0.0,0.0,2.045
2017-05-31 04:00:00-03:00,0.0,0.0,0.0,2.193
2017-05-31 05:00:00-03:00,0.0,0.0,0.0,2.342
2017-05-31 06:00:00-03:00,0.0,0.0,0.0,2.292
2017-05-31 07:00:00-03:00,0.0,0.0,0.0,2.217
2017-05-31 08:00:00-03:00,0.0,0.0,0.0,1.909
2017-05-31 09:00:00-03:00,0.0,0.0,0.0,1.353
2017-05-31 10:00:00-03:00,0.055,0.046,0.025,1.3559999999999999
2017-05-31 11:00:00-03:00,0.109,0.064,0.064,1.904
2017-05-31 12:00:00-03:00,0.131,0.059000000000000004,0.092,2.079
2017-05-31 13:00:00-03:00,0.136,0.053,0.10400000000000001,2.549
2017-05-31 14:00:00-03:00,0.138,0.057,0.101,2.95
2017-05-31 15:00:00-03:00,0.08600000000000001,0.035,0.07,3.004
2017-05-31 16:00:00-03:00,0.039,0.021,0.034,2.572
2017-05-31 17:00:00-03:00,0.002,0.004,0.004,1.915
2017-05-31 18:00:00-03:00,0.0,0.0,0.0,1.788
2017-05-31 19:00:00-03:00,0.0,0.0,0.0,1.784
2017-05-31 20:00:00-03:00,0.0,0.0,0.0,1.9649999999999999
2017-05-31 21:00:00-03:00,0.0,0.0,0.0,2.109
2017-05-31 22:00:00-03:00,0.0,0.0,0.0,2.077
2017-05-31 23:00:00-03:00,0.0,0.0,0.0,2.15
2017-06-01 00:00:00-03:00,0.0,0.0,0.0,2.2800000000000002
2017-06-01 01:00:00-03:00,0.0,0.0,0.0,2.26
2017-06-01 02:00:00-03:00,0.0,0.0,0.0,2.243
2017-06-01 03:00:00-03:00,0.0,0.0,0.0,2.208
2017-06-01 04:00:00-03:00,0.0,0.0,0.0,2.136
2017-06-01 05:00:00-03:00,0.0,0.0,0.0,2.112
2017-06-01 06:00:00-03:00,0.0,0.0,0.0,2.029
2017-06-01 07:00:00-03:00,0.0,0.0,0.0,2.147
2017-06-01 08:00:00-03:00,0.0,0.0,0.0,2.395
2017-06-01 09:00:00-03:00,0.0,0.0,0.0,2.396
2017-06-01 10:00:00-03:00,0.008,0.005,0.013000000000000001,2.672
2017-06-01 11:00:00-03:00,0.045,0.015,0.046,3.328
2017-06-01 12:00:00-03:00,0.092,0.031,0.081,4.06
2017-06-01 13:00:00-03:00,0.12,0.041,0.1,4.642
2017-06-01 14:00:00-03:00,0.117,0.043000000000000003,0.095,4.921
2017-06-01 15:00:00-03:00,0.124,0.065,0.08,5.029
2017-06-01 16:00:00-03:00,0.081,0.056,0.044,4.771
2017-06-01 17:00:00-03:00,0.003,0.007,0.005,4.048
2017-06-01 18:00:00-03:00,0.0,0.0,0.0,3.7
2017-06-01 19:00:00-03:00,0.0,0.0,0.0,3.443
2017-06-01 20:00:00-03:00,0.0,0.0,0.0,3.167
2017-06-01 21:00:00-03:00,0.0,0.0,0.0,2.77
2017-06-01 22:00:00-03:00,0.0,0.0,0.0,2.27
2017-06-01 23:00:00-03:00,0.0,0.0,0.0,2.241
2017-06-02 00:00:00-03:00,0.0,0.0,0.0,2.396
2017-06-02 01:00:00-03:00,0.0,0.0,0.0,2.362
2017-06-02 02:00:00-03:00,0.0,0.0,0.0,2.41
2017-06-02 03:00:00-03:00,0.0,0.0,0.0,2.59
2017-06-02 04:00:00-03:00,0.0,0.0,0.0,2.614
2017-06-02 05:00:00-03:00,0.0,0.0,0.0,2.7960000000000003
2017-06-02 06:00:00-03:00,0.0,0.0,0.0,2.976
2017-06-02 07:00:00-03:00,0.0,0.0,0.0,3.172
2017-06-02 08:00:00-03:00,0.0,0.0,0.0,3.363
2017-06-02 09:00:00-03:00,0.0,0.0,0.0,3.371
2017-06-02 10:00:00-03:00,0.089,0.084,0.024,3.32
2017-06-02 11:00:00-03:00,0.355,0.332,0.057,4.191
2017-06-02 12:00:00-03:00,0.47900000000000004,0.462,0.069,4.892
2017-06-02 13:00:00-03:00,0.51,0.493,0.075,5.228
2017-06-02 14:00:00-03:00,0.398,0.352,0.08700000000000001,5.304
2017-06-02 15:00:00-03:00,0.255,0.20500000000000002,0.077,5.118
2017-06-02 16:00:00-03:00,0.109,0.08700000000000001,0.042,4.208
2017-06-02 17:00:00-03:00,0.007,0.013000000000000001,0.005,3.028
2017-06-02 18:00:00-03:00,0.0,0.0,0.0,2.497
2017-06-02 19:00:00-03:00,0.0,0.0,0.0,2.248
2017-06-02 20:00:00-03:00,0.0,0.0,0.0,2.148
2017-06-02 21:00:00-03:00,0.0,0.0,0.0,2.027
2017-06-02 22:00:00-03:00,0.0,0.0,0.0,1.778
2017-06-02 23:00:00-03:00,0.0,0.0,0.0,1.28
2017-06-03 00:00:00-03:00,0.0,0.0,0.0,0.985
2017-06-03 01:00:00-03:00,0.0,0.0,0.0,1.019
2017-06-03 02:00:00-03:00,0.0,0.0,0.0,0.895
2017-06-03 03:00:00-03:00,0.0,0.0,0.0,0.8310000000000001
2017-06-03 04:00:00-03:00,0.0,0.0,0.0,1.001
2017-06-03 05:00:00-03:00,0.0,0.0,0.0,1.123
2017-06-03 06:00:00-03:00,0.0,0.0,0.0,1.271
2017-06-03 07:00:00-03:00,0.0,0.0,0.0,1.3940000000000001
2017-06-03 08:00:00-03:00,0.0,0.0,0.0,1.436
2017-06-03 09:00:00-03:00,0.0,0.0,0.0,1.3679999999999999
2017-06-03 10:00:00-03:00,0.046,0.041,0.021,1.675
2017-06-03 11:00:00-03:00,0.17400000000000002,0.132,0.064,2.749
2017-06-03 12:00:00-03:00,0.315,0.255,0.09,3.691
2017-06-03 13:00:00-03:00,0.327,0.256,0.10200000000000001,3.931
2017-06-03 14:00:00-03:00,0.317,0.249,0.098,3.954
2017-06-03 15:00:00-03:00,0.23700000000000002,0.182,0.079,3.701
2017-06-03 16:00:00-03:00,0.11,0.08700000000000001,0.042,2.829
2017-06-03 17:00:00-03:00,0.005,0.009000000000000001,0.004,1.833
2017-06-03 18:00:00-03:00,0.0,0.0,0.0,1.663
2017-06-03 19:00:00-03:00,0.0,0.0,0.0,1.637
2017-06-03 20:00:00-03:00,0.0,0.0,0.0,1.501
2017-06-03 21:00:00-03:00,0.0,0.0,0.0,1.4060000000000001
2017-06-03 22:00:00-03:00,0.0,0.0,0.0,1.3639999999999999
2017-06-03 23:00:00-03:00,0.0,0.0,0.0,1.375
2017-06-04 00:00:00-03:00,0.0,0.0,0.0,1.426
2017-06-04 01:00:00-03:00,0.0,0.0,0.0,1.516
2017-06-04 02:00:00-03:00,0.0,0.0,0.0,1.562
2017-06-04 03:00:00-03:00,0.0,0.0,0.0,1.558
2017-06-04 04:00:00-03:00,0.0,0.0,0.0,1.613
2017-06-04 05:00:00-03:00,0.0,0.0,0.0,1.733
2017-06-04 06:00:00-03:00,0.0,0.0,0.0,1.649
2017-06-04 07:00:00-03:00,0.0,0.0,0.0,1.344
2017-06-04 08:00:00-03:00,0.0,0.0,0.0,1.111
2017-06-04 09:00:00-03:00,0.0,0.0,0.0,1.032
2017-06-04 10:00:00-03:00,0.088,0.082,0.024,1.438
2017-06-04 11:00:00-03:00,0.23,0.189,0.064,2.547
2017-06-04 12:00:00-03:00,0.304,0.24,0.092,3.249
2017-06-04 13:00:00-03:00,0.23900000000000002,0.155,0.109,3.7720000000000002
2017-06-04 14:00:00-03:00,0.184,0.10400000000000001,0.10200000000000001,3.991
2017-06-04 15:00:00-03:00,0.10300000000000001,0.051000000000000004,0.07100000000000001,3.963
2017-06-04 16:00:00-03:00,0.033,0.018000000000000002,0.03,3.718
2017-06-04 17:00:00-03:00,0.0,0.002,0.002,3.47
2017-06-04 18:00:00-03:00,0.0,0.0,0.0,3.349
2017-06-04 19:00:00-03:00,0.0,0.0,0.0,3.081
2017-06-04 20:00:00-03:00,0.0,0.0,0.0,2.8689999999999998
2017-06-04 21:00:00-03:00,0.0,0.0,0.0,2.802
2017-06-04 22:00:00-03:00,0.0,0.0,0.0,2.9779999999999998
2017-06-04 23:00:00-03:00,0.0,0.0,0.0,3.421
2017-06-05 00:00:00-03:00,0.0,0.0,0.0,3.896
2017-06-05 01:00:00-03:00,0.0,0.0,0.0,4.152
2017-06-05 02:00:00-03:00,0.0,0.0,0.0,4.187
2017-06-05 03:00:00-03:00,0.0,0.0,0.0,4.174
2017-06-05 04:00:00-03:00,0.0,0.0,0.0,4.228
2017-06-05 05:00:00-03:00,0.0,0.0,0.0,4.38
2017-06-05 06:00:00-03:00,0.0,0.0,0.0,4.481
2017-06-05 07:00:00-03:00,0.0,0.0,0.0,4.481
2017-06-05 08:00:00-03:00,0.0,0.0,0.0,4.567
2017-06-05 09:00:00-03:00,0.0,0.0,0.0,4.696
2017-06-05 10:00:00-03:00,0.014,0.011,0.015,4.925
2017-06-05 11:00:00-03:00,0.062,0.028,0.053,5.427
2017-06-05 12:00:00-03:00,0.10300000000000001,0.04,0.084,5.942
2017-06-05 13:00:00-03:00,0.115,0.04,0.097,6.348
2017-06-05 14:00:00-03:00,0.096,0.03,0.08600000000000001,6.524
2017-06-05 15:00:00-03:00,0.062,0.02,0.06,6.501
2017-06-05 16:00:00-03:00,0.023,0.011,0.027,6.325
2017-06-05 17:00:00-03:00,0.0,0.002,0.002,6.027
2017-06-05 18:00:00-03:00,0.0,0.0,0.0,6.098
2017-06-05 19:00:00-03:00,0.0,0.0,0.0,6.179
2017-06-05 20:00:00-03:00,0.0,0.0,0.0,6.053
2017-06-05 21:00:00-03:00,0.0,0.0,0.0,6.031
2017-06-05 22:00:00-03:00,0.0,0.0,0.0,5.88
2017-06-05 23:00:00-03:00,0.0,0.0,0.0,5.578
2017-06-06 00:00:00-03:00,0.0,0.0,0.0,5.292
2017-06-06 01:00:00-03:00,0.0,0.0,0.0,5.404
2017-06-06 02:00:00-03:00,0.0,0.0,0.0,5.763
2017-06-06 03:00:00-03:00,0.0,0.0,0.0,5.968
2017-06-06 04:00:00-03:00,0.0,0.0,0.0,5.96
2017-06-06 05:00:00-03:00,0.0,0.0,0.0,6.125
2017-06-06 06:00:00-03:00,0.0,0.0,0.0,6.196
2017-06-06 07:00:00-03:00,0.0,0.0,0.0,6.093
2017-06-06 08:00:00-03:00,0.0,0.0,0.0,5.852
2017-06-06 09:00:00-03:00,0.0,0.0,0.0,5.672
2017-06-06 10:00:00-03:00,0.006,0.005,0.011,5.768
2017-06-06 11:00:00-03:00,0.043000000000000003,0.016,0.044,6.185
2017-06-06 12:00:00-03:00,0.111,0.046,0.08700000000000001,6.678
2017-06-06 13:00:00-03:00,0.115,0.04,0.096,6.763
2017-06-06 14:00:00-03:00,0.109,0.039,0.091,6.688
2017-06-06 15:00:00-03:00,0.082,0.034,0.068,6.62
2017-06-06 16:00:00-03:00,0.036000000000000004,0.02,0.032,6.417
2017-06-06 17:00:00-03:00,0.0,0.003,0.003,5.956
2017-06-06 18:00:00-03:00,0.0,0.0,0.0,5.507
2017-06-06 19:00:00-03:00,0.0,0.0,0.0,5.092
2017-06-06 20:00:00-03:00,0.0,0.0,0.0,4.696
2017-06-06 21:00:00-03:00,0.0,0.0,0.0,4.325
2017-06-06 22:00:00-03:00,0.0,0.0,0.0,4.026
2017-06-06 23:00:00-03:00,0.0,0.0,0.0,3.779
2017-06-07 00:00:00-03:00,0.0,0.0,0.0,3.519
2017-06-07 01:00:00-03:00,0.0,0.0,0.0,3.21
2017-06-07 02:00:00-03:00,0.0,0.0,0.0,3.027
2017-06-07 03:00:00-03:00,0.0,0.0,0.0,2.876
2017-06-07 04:00:00-03:00,0.0,0.0,0.0,2.792
2017-06-07 05:00:00-03:00,0.0,0.0,0.0,2.824
2017-06-07 06:00:00-03:00,0.0,0.0,0.0,2.928
2017-06-07 07:00:00-03:00,0.0,0.0,0.0,2.934
2017-06-07 08:00:00-03:00,0.0,0.0,0.0,2.934
2017-06-07 09:00:00-03:00,0.0,0.0,0.0,3.014
2017-06-07 10:00:00-03:00,0.009000000000000001,0.007,0.013000000000000001,3.308
2017-06-07 11:00:00-03:00,0.041,0.014,0.043000000000000003,4.057
2017-06-07 12:00:00-03:00,0.061,0.015,0.064,4.153
2017-06-07 13:00:00-03:00,0.074,0.016,0.077,4.099
2017-06-07 14:00:00-03:00,0.081,0.021,0.079,4.192
2017-06-07 15:00:00-03:00,0.07,0.026000000000000002,0.063,4.285
2017-06-07 16:00:00-03:00,0.048,0.03,0.035,4.098
2017-06-07 17:00:00-03:00,0.002,0.006,0.004,3.257
2017-06-07 18:00:00-03:00,0.0,0.0,0.0,2.529
2017-06-07 19:00:00-03:00,0.0,0.0,0.0,2.157
2017-06-07 20:00:00-03:00,0.0,0.0,0.0,1.869
2017-06-07 21:00:00-03:00,0.0,0.0,0.0,1.5670000000000002
2017-06-07 22:00:00-03:00,0.0,0.0,0.0,1.359
2017-06-07 23:00:00-03:00,0.0,0.0,0.0,1.202
2017-06-08 00:00:00-03:00,0.0,0.0,0.0,1.05
2017-06-08 01:00:00-03:00,0.0,0.0,0.0,1.038
2017-06-08 02:00:00-03:00,0.0,0.0,0.0,1.452
2017-06-08 03:00:00-03:00,0.0,0.0,0.0,1.713
2017-06-08 04:00:00-03:00,0.0,0.0,0.0,1.841
2017-06-08 05:00:00-03:00,0.0,0.0,0.0,1.706
2017-06-08 06:00:00-03:00,0.0,0.0,0.0,1.524
2017-06-08 07:00:00-03:00,0.0,0.0,0.0,1.278
2017-06-08 08:00:00-03:00,0.0,0.0,0.0,1.4849999999999999
2017-06-08 09:00:00-03:00,0.0,0.0,0.0,1.6720000000000002
2017-06-08 10:00:00-03:00,0.0,0.001,0.004,2.29
2017-06-08 11:00:00-03:00,0.009000000000000001,0.002,0.018000000000000002,3.928
2017-06-08 12:00:00-03:00,0.036000000000000004,0.006,0.046,6.044
2017-06-08 13:00:00-03:00,0.116,0.04,0.098,7.679
2017-06-08 14:00:00-03:00,0.145,0.068,0.101,8.47
2017-06-08 15:00:00-03:00,0.108,0.055,0.075,8.399000000000001
2017-06-08 16:00:00-03:00,0.041,0.025,0.033,7.675
2017-06-08 17:00:00-03:00,0.002,0.006,0.004,6.934
2017-06-08 18:00:00-03:00,0.0,0.0,0.0,6.657
2017-06-08 19:00:00-03:00,0.0,0.0,0.0,6.632
2017-06-08 20:00:00-03:00,0.0,0.0,0.0,6.503
2017-06-08 21:00:00-03:00,0.0,0.0,0.0,6.218
2017-06-08 22:00:00-03:00,0.0,0.0,0.0,5.655
2017-06-08 23:00:00-03:00,0.0,0.0,0.0,5.1
2017-06-09 00:00:00-03:00,0.0,0.0,0.0,4.725
2017-06-09 01:00:00-03:00,0.0,0.0,0.0,4.413
2017-06-09 02:00:00-03:00,0.0,0.0,0.0,4.142
2017-06-09 03:00:00-03:00,0.0,0.0,0.0,3.86
2017-06-09 04:00:00-03:00,0.0,0.0,0.0,3.578
2017-06-09 05:00:00-03:00,0.0,0.0,0.0,3.334
2017-06-09 06:00:00-03:00,0.0,0.0,0.0,3.228
2017-06-09 07:00:00-03:00,0.0,0.0,0.0,3.191
2017-06-09 08:00:00-03:00,0.0,0.0,0.0,3.129
2017-06-09 09:00:00-03:00,0.0,0.0,0.0,3.107
2017-06-09 10:00:00-03:00,0.065,0.064,0.02,3.287
2017-06-09 11:00:00-03:00,0.22,0.185,0.06,3.882
2017-06-09 12:00:00-03:00,0.265,0.20600000000000002,0.08700000000000001,4.541
2017-06-09 13:00:00-03:00,0.292,0.222,0.1,5.027
2017-06-09 14:00:00-03:00,0.305,0.242,0.094,5.241
2017-06-09 15:00:00-03:00,0.257,0.21,0.074,5.186
2017-06-09 16:00:00-03:00,0.13,0.112,0.04,4.9350000000000005
2017-06-09 17:00:00-03:00,0.003,0.008,0.003,4.594
2017-06-09 18:00:00-03:00,0.0,0.0,0.0,4.353
2017-06-09 19:00:00-03:00,0.0,0.0,0.0,4.169
2017-06-09 20:00:00-03:00,0.0,0.0,0.0,4.0
2017-06-09 21:00:00-03:00,0.0,0.0,0.0,3.893
2017-06-09 22:00:00-03:00,0.0,0.0,0.0,3.816
2017-06-09 23:00:00-03:00,0.0,0.0,0.0,3.7560000000000002
2017-06-10 00:00:00-03:00,0.0,0.0,0.0,3.732
2017-06-10 01:00:00-03:00,0.0,0.0,0.0,3.734
2017-06-10 02:00:00-03:00,0.0,0.0,0.0,3.692
2017-06-10 03:00:00-03:00,0.0,0.0,0.0,3.63
2017-06-10 04:00:00-03:00,0.0,0.0,0.0,3.537
2017-06-10 05:00:00-03:00,0.0,0.0,0.0,3.436
2017-06-10 06:00:00-03:00,0.0,0.0,0.0,3.465
2017-06-10 07:00:00-03:00,0.0,0.0,0.0,3.525
2017-06-10 08:00:00-03:00,0.0,0.0,0.0,3.526
2017-06-10 09:00:00-03:00,0.0,0.0,0.0,3.467
2017-06-10 10:00:00-03:00,0.083,0.082,0.02,3.495
2017-06-10 11:00:00-03:00,0.264,0.233,0.057,4.072
2017-06-10 12:00:00-03:00,0.352,0.307,0.079,4.609
2017-06-10 13:00:00-03:00,0.35100000000000003,0.294,0.092,4.927
2017-06-10 14:00:00-03:00,0.35000000000000003,0.296,0.088,5.087
2017-06-10 15:00:00-03:00,0.248,0.202,0.07200000000000001,4.987
2017-06-10 16:00:00-03:00,0.132,0.115,0.039,4.577
2017-06-10 17:00:00-03:00,0.003,0.009000000000000001,0.003,4.029
2017-06-10 18:00:00-03:00,0.0,0.0,0.0,3.8529999999999998
2017-06-10 19:00:00-03:00,0.0,0.0,0.0,3.81
2017-06-10 20:00:00-03:00,0.0,0.0,0.0,3.568
2017-06-10 21:00:00-03:00,0.0,0.0,0.0,3.14
2017-06-10 22:00:00-03:00,0.0,0.0,0.0,2.721
2017-06-10 23:00:00-03:00,0.0,0.0,0.0,2.434
2017-06-11 00:00:00-03:00,0.0,0.0,0.0,2.312
2017-06-11 01:00:00-03:00,0.0,0.0,0.0,2.2439999999999998
2017-06-11 02:00:00-03:00,0.0,0.0,0.0,2.008
2017-06-11 03:00:00-03:00,0.0,0.0,0.0,2.165
2017-06-11 04:00:00-03:00,0.0,0.0,0.0,2.534
2017-06-11 05:00:00-03:00,0.0,0.0,0.0,2.7199999999999998
2017-06-11 06:00:00-03:00,0.0,0.0,0.0,2.734
2017-06-11 07:00:00-03:00,0.0,0.0,0.0,2.658
2017-06-11 08:00:00-03:00,0.0,0.0,0.0,2.658
2017-06-11 09:00:00-03:00,0.0,0.0,0.0,2.672
2017-06-11 10:00:00-03:00,0.009000000000000001,0.008,0.011,2.789
2017-06-11 11:00:00-03:00,0.037,0.013000000000000001,0.039,3.2439999999999998
2017-06-11 12:00:00-03:00,0.067,0.02,0.066,3.717
2017-06-11 13:00:00-03:00,0.134,0.056,0.099,4.382
2017-06-11 14:00:00-03:00,0.17400000000000002,0.096,0.101,4.97
2017-06-11 15:00:00-03:00,0.161,0.105,0.078,5.238
2017-06-11 16:00:00-03:00,0.052000000000000005,0.036000000000000004,0.035,5.082
2017-06-11 17:00:00-03:00,0.0,0.002,0.002,4.754
2017-06-11 18:00:00-03:00,0.0,0.0,0.0,4.502
2017-06-11 19:00:00-03:00,0.0,0.0,0.0,4.188
2017-06-11 20:00:00-03:00,0.0,0.0,0.0,3.745
2017-06-11 21:00:00-03:00,0.0,0.0,0.0,3.4
2017-06-11 22:00:00-03:00,0.0,0.0,0.0,3.181
2017-06-11 23:00:00-03:00,0.0,0.0,0.0,2.973
2017-06-12 00:00:00-03:00,0.0,0.0,0.0,2.71
2017-06-12 01:00:00-03:00,0.0,0.0,0.0,2.442
2017-06-12 02:00:00-03:00,0.0,0.0,0.0,2.25
2017-06-12 03:00:00-03:00,0.0,0.0,0.0,2.067
2017-06-12 04:00:00-03:00,0.0,0.0,0.0,1.8559999999999999
2017-06-12 05:00:00-03:00,0.0,0.0,0.0,1.6219999999999999
2017-06-12 06:00:00-03:00,0.0,0.0,0.0,1.473
2017-06-12 07:00:00-03:00,0.0,0.0,0.0,1.505
2017-06-12 08:00:00-03:00,0.0,0.0,0.0,1.605
2017-06-12 09:00:00-03:00,0.0,0.0,0.0,1.701
2017-06-12 10:00:00-03:00,0.045,0.044,0.018000000000000002,1.875
2017-06-12 11:00:00-03:00,0.108,0.069,0.058,2.29
2017-06-12 12:00:00-03:00,0.115,0.052000000000000005,0.082,2.6630000000000003
2017-06-12 13:00:00-03:00,0.098,0.03,0.08600000000000001,2.8120000000000003
2017-06-12 14:00:00-03:00,0.059000000000000004,0.013000000000000001,0.063,2.938
2017-06-12 15:00:00-03:00,0.047,0.014,0.049,3.299
2017-06-12 16:00:00-03:00,0.047,0.03,0.033,3.5700000000000003
2017-06-12 17:00:00-03:00,0.0,0.003,0.003,3.162
2017-06-12 18:00:00-03:00,0.0,0.0,0.0,2.992
2017-06-12 19:00:00-03:00,0.0,0.0,0.0,2.824
2017-06-12 20:00:00-03:00,0.0,0.0,0.0,2.638
2017-06-12 21:00:00-03:00,0.0,0.0,0.0,2.605
2017-06-12 22:00:00-03:00,0.0,0.0,0.0,2.688
2017-06-12 23:00:00-03:00,0.0,0.0,0.0,2.918
2017-06-13 00:00:00-03:00,0.0,0.0,0.0,2.842
2017-06-13 01:00:00-03:00,0.0,0.0,0.0,2.577
2017-06-13 02:00:00-03:00,0.0,0.0,0.0,2.236
2017-06-13 03:00:00-03:00,0.0,0.0,0.0,1.916
2017-06-13 04:00:00-03:00,0.0,0.0,0.0,1.593
2017-06-13 05:00:00-03:00,0.0,0.0,0.0,1.166
2017-06-13 06:00:00-03:00,0.0,0.0,0.0,0.877
2017-06-13 07:00:00-03:00,0.0,0.0,0.0,0.868
2017-06-13 08:00:00-03:00,0.0,0.0,0.0,0.935
2017-06-13 09:00:00-03:00,0.0,0.0,0.0,1.095
2017-06-13 10:00:00-03:00,0.016,0.014,0.014,1.55
2017-06-13 11:00:00-03:00,0.038,0.013000000000000001,0.041,2.442
2017-06-13 12:00:00-03:00,0.051000000000000004,0.011,0.057,2.775
2017-06-13 13:00:00-03:00,0.056,0.009000000000000001,0.064,2.777
2017-06-13 14:00:00-03:00,0.051000000000000004,0.009000000000000001,0.06,2.694
2017-06-13 15:00:00-03:00,0.023,0.004,0.033,2.426
2017-06-13 16:00:00-03:00,0.006,0.002,0.013000000000000001,2.145
2017-06-13 17:00:00-03:00,0.0,0.0,0.001,1.953
2017-06-13 18:00:00-03:00,0.0,0.0,0.0,1.83
2017-06-13 19:00:00-03:00,0.0,0.0,0.0,1.903
2017-06-13 20:00:00-03:00,0.0,0.0,0.0,1.858
2017-06-13 21:00:00-03:00,0.0,0.0,0.0,1.617
2017-06-13 22:00:00-03:00,0.0,0.0,0.0,1.661
2017-06-13 23:00:00-03:00,0.0,0.0,0.0,1.592
2017-06-14 00:00:00-03:00,0.0,0.0,0.0,1.388
2017-06-14 01:00:00-03:00,0.0,0.0,0.0,1.054
2017-06-14 02:00:00-03:00,0.0,0.0,0.0,0.711
2017-06-14 03:00:00-03:00,0.0,0.0,0.0,0.395
2017-06-14 04:00:00-03:00,0.0,0.0,0.0,0.045
2017-06-14 05:00:00-03:00,0.0,0.0,0.0,-0.113
2017-06-14 06:00:00-03:00,0.0,0.0,0.0,-0.169
2017-06-14 07:00:00-03:00,0.0,0.0,0.0,-0.226
2017-06-14 08:00:00-03:00,0.0,0.0,0.0,-0.177
2017-06-14 09:00:00-03:00,0.0,0.0,0.0,-0.049
2017-06-14 10:00:00-03:00,0.022,0.021,0.015,0.225
2017-06-14 11:00:00-03:00,0.075,0.04,0.053,0.9490000000000001
2017-06-14 12:00:00-03:00,0.107,0.044,0.081,1.2530000000000001
2017-06-14 13:00:00-03:00,0.10400000000000001,0.033,0.089,1.065
2017-06-14 14:00:00-03:00,0.082,0.022,0.077,0.839
2017-06-14 15:00:00-03:00,0.039,0.01,0.045,0.5630000000000001
2017-06-14 16:00:00-03:00,0.009000000000000001,0.004,0.016,0.19
2017-06-14 17:00:00-03:00,0.0,0.0,0.001,-0.076
2017-06-14 18:00:00-03:00,0.0,0.0,0.0,-0.197
2017-06-14 19:00:00-03:00,0.0,0.0,0.0,-0.45
2017-06-14 20:00:00-03:00,0.0,0.0,0.0,-0.716
2017-06-14 21:00:00-03:00,0.0,0.0,0.0,-0.847
2017-06-14 22:00:00-03:00,0.0,0.0,0.0,-1.088
2017-06-14 23:00:00-03:00,0.0,0.0,0.0,-1.142
2017-06-15 00:00:00-03:00,0.0,0.0,0.0,-1.1360000000000001
2017-06-15 01:00:00-03:00,0.0,0.0,0.0,-1.115
2017-06-15 02:00:00-03:00,0.0,0.0,0.0,-1.094
2017-06-15 03:00:00-03:00,0.0,0.0,0.0,-1.077
2017-06-15 04:00:00-03:00,0.0,0.0,0.0,-0.922
2017-06-15 05:00:00-03:00,0.0,0.0,0.0,-0.896
2017-06-15 06:00:00-03:00,0.0,0.0,0.0,-0.434
2017-06-15 07:00:00-03:00,0.0,0.0,0.0,-0.202
2017-06-15 08:00:00-03:00,0.0,0.0,0.0,0.248
2017-06-15 09:00:00-03:00,0.0,0.0,0.0,0.6930000000000001
2017-06-15 10:00:00-03:00,0.005,0.005,0.009000000000000001,1.197
2017-06-15 11:00:00-03:00,0.04,0.015,0.041,1.901
2017-06-15 12:00:00-03:00,0.073,0.022,0.069,2.1390000000000002
2017-06-15 13:00:00-03:00,0.077,0.018000000000000002,0.077,2.043
2017-06-15 14:00:00-03:00,0.07,0.017,0.07100000000000001,2.027
2017-06-15 15:00:00-03:00,0.049,0.014,0.051000000000000004,1.9809999999999999
2017-06-15 16:00:00-03:00,0.022,0.011,0.025,1.6720000000000002
2017-06-15 17:00:00-03:00,0.0,0.001,0.002,1.17
2017-06-15 18:00:00-03:00,0.0,0.0,0.0,0.857
2017-06-15 19:00:00-03:00,0.0,0.0,0.0,0.657
2017-06-15 20:00:00-03:00,0.0,0.0,0.0,0.343
2017-06-15 21:00:00-03:00,0.0,0.0,0.0,0.061
2017-06-15 22:00:00-03:00,0.0,0.0,0.0,-0.231
2017-06-15 23:00:00-03:00,0.0,0.0,0.0,-0.391
2017-06-16 00:00:00-03:00,0.0,0.0,0.0,-0.594
2017-06-16 01:00:00-03:00,0.0,0.0,0.0,-1.01
2017-06-16 02:00:00-03:00,0.0,0.0,0.0,-1.359
2017-06-16 03:00:00-03:00,0.0,0.0,0.0,-1.654
2017-06-16 04:00:00-03:00,0.0,0.0,0.0,-1.851
2017-06-16 05:00:00-03:00,0.0,0.0,0.0,-2.059
2017-06-16 06:00:00-03:00,0.0,0.0,0.0,-2.089
2017-06-16 07:00:00-03:00,0.0,0.0,0.0,-2.072
2017-06-16 08:00:00-03:00,0.0,0.0,0.0,-1.9689999999999999
2017-06-16 09:00:00-03:00,0.0,0.0,0.0,-1.827
2017-06-16 10:00:00-03:00,0.124,0.125,0.017,-1.454
2017-06-16 11:00:00-03:00,0.328,0.301,0.051000000000000004,-0.308
2017-06-16 12:00:00-03:00,0.41000000000000003,0.373,0.069,0.358
2017-06-16 13:00:00-03:00,0.438,0.395,0.078,0.437
2017-06-16 14:00:00-03:00,0.35000000000000003,0.293,0.084,0.194
2017-06-16 15:00:00-03:00,0.252,0.20400000000000001,0.069,-0.145
2017-06-16 16:00:00-03:00,0.11900000000000001,0.101,0.036000000000000004,-0.6940000000000001
2017-06-16 17:00:00-03:00,0.002,0.007,0.003,-1.159
2017-06-16 18:00:00-03:00,0.0,0.0,0.0,-1.18
2017-06-16 19:00:00-03:00,0.0,0.0,0.0,-1.065
2017-06-16 20:00:00-03:00,0.0,0.0,0.0,-0.917
2017-06-16 21:00:00-03:00,0.0,0.0,0.0,-0.796
2017-06-16 22:00:00-03:00,0.0,0.0,0.0,-0.686
2017-06-16 23:00:00-03:00,0.0,0.0,0.0,-0.598
2017-06-17 00:00:00-03:00,0.0,0.0,0.0,-0.713
2017-06-17 01:00:00-03:00,0.0,0.0,0.0,-0.931
2017-06-17 02:00:00-03:00,0.0,0.0,0.0,-1.071
2017-06-17 03:00:00-03:00,0.0,0.0,0.0,-1.292
2017-06-17 04:00:00-03:00,0.0,0.0,0.0,-1.355
2017-06-17 05:00:00-03:00,0.0,0.0,0.0,-1.369
2017-06-17 06:00:00-03:00,0.0,0.0,0.0,-1.51
2017-06-17 07:00:00-03:00,0.0,0.0,0.0,-1.897
2017-06-17 08:00:00-03:00,0.0,0.0,0.0,-2.036
2017-06-17 09:00:00-03:00,0.0,0.0,0.0,-2.045
2017-06-17 10:00:00-03:00,0.10300000000000001,0.10200000000000001,0.019,-1.803
2017-06-17 11:00:00-03:00,0.2,0.158,0.06,-1.092
2017-06-17 12:00:00-03:00,0.194,0.123,0.09,-0.374
2017-06-17 13:00:00-03:00,0.133,0.056,0.096,0.229
2017-06-17 14:00:00-03:00,0.069,0.018000000000000002,0.069,0.655
2017-06-17 15:00:00-03:00,0.032,0.008,0.04,0.986
2017-06-17 16:00:00-03:00,0.006,0.003,0.013000000000000001,1.25
2017-06-17 17:00:00-03:00,0.0,0.0,0.001,1.629
2017-06-17 18:00:00-03:00,0.0,0.0,0.0,2.156
2017-06-17 19:00:00-03:00,0.0,0.0,0.0,2.6
2017-06-17 20:00:00-03:00,0.0,0.0,0.0,2.692
2017-06-17 21:00:00-03:00,0.0,0.0,0.0,2.488
2017-06-17 22:00:00-03:00,0.0,0.0,0.0,2.123
2017-06-17 23:00:00-03:00,0.0,0.0,0.0,1.8130000000000002
2017-06-18 00:00:00-03:00,0.0,0.0,0.0,1.544
2017-06-18 01:00:00-03:00,0.0,0.0,0.0,0.988
2017-06-18 02:00:00-03:00,0.0,0.0,0.0,0.502
2017-06-18 03:00:00-03:00,0.0,0.0,0.0,0.2
2017-06-18 04:00:00-03:00,0.0,0.0,0.0,-0.023
2017-06-18 05:00:00-03:00,0.0,0.0,0.0,-0.132
2017-06-18 06:00:00-03:00,0.0,0.0,0.0,-0.052000000000000005
2017-06-18 07:00:00-03:00,0.0,0.0,0.0,0.06
2017-06-18 08:00:00-03:00,0.0,0.0,0.0,0.10200000000000001
2017-06-18 09:00:00-03:00,0.0,0.0,0.0,0.199
2017-06-18 10:00:00-03:00,0.096,0.098,0.017,0.6000000000000001
2017-06-18 11:00:00-03:00,0.229,0.197,0.054,1.8210000000000002
2017-06-18 12:00:00-03:00,0.363,0.322,0.073,2.733
2017-06-18 13:00:00-03:00,0.418,0.378,0.079,3.209
2017-06-18 14:00:00-03:00,0.41600000000000004,0.38,0.075,3.45
2017-06-18 15:00:00-03:00,0.343,0.312,0.063,3.342
2017-06-18 16:00:00-03:00,0.195,0.181,0.036000000000000004,2.608
2017-06-18 17:00:00-03:00,0.006,0.012,0.003,1.553
2017-06-18 18:00:00-03:00,0.0,0.0,0.0,1.165
2017-06-18 19:00:00-03:00,0.0,0.0,0.0,1.018
2017-06-18 20:00:00-03:00,0.0,0.0,0.0,1.175
2017-06-18 21:00:00-03:00,0.0,0.0,0.0,1.324
2017-06-18 22:00:00-03:00,0.0,0.0,0.0,1.299
2017-06-18 23:00:00-03:00,0.0,0.0,0.0,1.337
2017-06-19 00:00:00-03:00,0.0,0.0,0.0,1.467
2017-06-19 01:00:00-03:00,0.0,0.0,0.0,1.635
2017-06-19 02:00:00-03:00,0.0,0.0,0.0,1.978
2017-06-19 03:00:00-03:00,0.0,0.0,0.0,2.255
2017-06-19 04:00:00-03:00,0.0,0.0,0.0,2.392
2017-06-19 05:00:00-03:00,0.0,0.0,0.0,2.551
2017-06-19 06:00:00-03:00,0.0,0.0,0.0,2.626
2017-06-19 07:00:00-03:00,0.0,0.0,0.0,2.628
2017-06-19 08:00:00-03:00,0.0,0.0,0.0,2.633
2017-06-19 09:00:00-03:00,0.0,0.0,0.0,2.634
2017-06-19 10:00:00-03:00,0.09,0.093,0.016,2.7119999999999997
2017-06-19 11:00:00-03:00,0.251,0.221,0.054,3.031
2017-06-19 12:00:00-03:00,0.34,0.295,0.076,3.385
2017-06-19 13:00:00-03:00,0.371,0.32,0.085,3.656
2017-06-19 14:00:00-03:00,0.359,0.31,0.082,3.757
2017-06-19 15:00:00-03:00,0.298,0.259,0.066,3.654
2017-06-19 16:00:00-03:00,0.153,0.138,0.036000000000000004,3.282
2017-06-19 17:00:00-03:00,0.003,0.009000000000000001,0.003,2.626
2017-06-19 18:00:00-03:00,0.0,0.0,0.0,2.241
2017-06-19 19:00:00-03:00,0.0,0.0,0.0,2.0
2017-06-19 20:00:00-03:00,0.0,0.0,0.0,1.808
2017-06-19 21:00:00-03:00,0.0,0.0,0.0,1.726
2017-06-19 22:00:00-03:00,0.0,0.0,0.0,1.7309999999999999
2017-06-19 23:00:00-03:00,0.0,0.0,0.0,1.841
2017-06-20 00:00:00-03:00,0.0,0.0,0.0,2.036
2017-06-20 01:00:00-03:00,0.0,0.0,0.0,2.166
2017-06-20 02:00:00-03:00,0.0,0.0,0.0,2.252
2017-06-20 03:00:00-03:00,0.0,0.0,0.0,2.342
2017-06-20 04:00:00-03:00,0.0,0.0,0.0,2.571
2017-06-20 05:00:00-03:00,0.0,0.0,0.0,2.714
2017-06-20 06:00:00-03:00,0.0,0.0,0.0,2.823
2017-06-20 07:00:00-03:00,0.0,0.0,0.0,2.855
2017-06-20 08:00:00-03:00,0.0,0.0,0.0,2.9370000000000003
2017-06-20 09:00:00-03:00,0.0,0.0,0.0,3.014
2017-06-20 10:00:00-03:00,0.003,0.004,0.007,3.064
2017-06-20 11:00:00-03:00,0.035,0.015,0.036000000000000004,3.323
2017-06-20 12:00:00-03:00,0.13,0.07,0.081,3.584
2017-06-20 13:00:00-03:00,0.329,0.262,0.097,3.878
2017-06-20 14:00:00-03:00,0.31,0.248,0.092,3.88
2017-06-20 15:00:00-03:00,0.21,0.16,0.073,3.55
2017-06-20 16:00:00-03:00,0.108,0.09,0.037,2.66
2017-06-20 17:00:00-03:00,0.002,0.007,0.003,1.451
2017-06-20 18:00:00-03:00,0.0,0.0,0.0,1.081
2017-06-20 19:00:00-03:00,0.0,0.0,0.0,0.926
2017-06-20 20:00:00-03:00,0.0,0.0,0.0,0.772
2017-06-20 21:00:00-03:00,0.0,0.0,0.0,0.562
2017-06-20 22:00:00-03:00,0.0,0.0,0.0,0.48
2017-06-20 23:00:00-03:00,0.0,0.0,0.0,0.58
2017-06-21 00:00:00-03:00,0.0,0.0,0.0,0.63
2017-06-21 01:00:00-03:00,0.0,0.0,0.0,0.733
2017-06-21 02:00:00-03:00,0.0,0.0,0.0,0.758
2017-06-21 03:00:00-03:00,0.0,0.0,0.0,0.676
2017-06-21 04:00:00-03:00,0.0,0.0,0.0,0.34500000000000003
2017-06-21 05:00:00-03:00,0.0,0.0,0.0,0.062
2017-06-21 06:00:00-03:00,0.0,0.0,0.0,0.009000000000000001
2017-06-21 07:00:00-03:00,0.0,0.0,0.0,-0.011
2017-06-21 08:00:00-03:00,0.0,0.0,0.0,-0.063
2017-06-21 09:00:00-03:00,0.0,0.0,0.0,-0.109
2017-06-21 10:00:00-03:00,0.17,0.17300000000000001,0.016,0.178
2017-06-21 11:00:00-03:00,0.387,0.372,0.046,1.155
2017-06-21 12:00:00-03:00,0.499,0.49,0.057,1.888
2017-06-21 13:00:00-03:00,0.513,0.501,0.063,2.291
2017-06-21 14:00:00-03:00,0.446,0.417,0.069,2.473
2017-06-21 15:00:00-03:00,0.334,0.301,0.062,2.375
2017-06-21 16:00:00-03:00,0.187,0.17200000000000001,0.035,1.728
2017-06-21 17:00:00-03:00,0.006,0.012,0.003,0.5660000000000001
2017-06-21 18:00:00-03:00,0.0,0.0,0.0,0.134
2017-06-21 19:00:00-03:00,0.0,0.0,0.0,-0.058
2017-06-21 20:00:00-03:00,0.0,0.0,0.0,-0.151
2017-06-21 21:00:00-03:00,0.0,0.0,0.0,-0.418
2017-06-21 22:00:00-03:00,0.0,0.0,0.0,-0.717
2017-06-21 23:00:00-03:00,0.0,0.0,0.0,-0.934
2017-06-22 00:00:00-03:00,0.0,0.0,0.0,-1.107
2017-06-22 01:00:00-03:00,0.0,0.0,0.0,-1.115
2017-06-22 02:00:00-03:00,0.0,0.0,0.0,-1.031
2017-06-22 03:00:00-03:00,0.0,0.0,0.0,-0.809
2017-06-22 04:00:00-03:00,0.0,0.0,0.0,-0.534
2017-06-22 05:00:00-03:00,0.0,0.0,0.0,-0.111
2017-06-22 06:00:00-03:00,0.0,0.0,0.0,0.40700000000000003
2017-06-22 07:00:00-03:00,0.0,0.0,0.0,0.641
2017-06-22 08:00:00-03:00,0.0,0.0,0.0,0.612
2017-06-22 09:00:00-03:00,0.0,0.0,0.0,0.59
2017-06-22 10:00:00-03:00,0.037,0.038,0.015,0.8290000000000001
2017-06-22 11:00:00-03:00,0.10400000000000001,0.069,0.053,1.146
2017-06-22 12:00:00-03:00,0.23800000000000002,0.17200000000000001,0.088,1.017
2017-06-22 13:00:00-03:00,0.213,0.133,0.101,0.535
2017-06-22 14:00:00-03:00,0.155,0.082,0.091,0.126
2017-06-22 15:00:00-03:00,0.133,0.081,0.07,-0.377
2017-06-22 16:00:00-03:00,0.076,0.058,0.035,-0.891
2017-06-22 17:00:00-03:00,0.0,0.004,0.002,-1.399
2017-06-22 18:00:00-03:00,0.0,0.0,0.0,-1.49
2017-06-22 19:00:00-03:00,0.0,0.0,0.0,-1.641
2017-06-22 20:00:00-03:00,0.0,0.0,0.0,-1.686
2017-06-22 21:00:00-03:00,0.0,0.0,0.0,-1.617
2017-06-22 22:00:00-03:00,0.0,0.0,0.0,-1.452
2017-06-22 23:00:00-03:00,0.0,0.0,0.0,-1.4
2017-06-23 00:00:00-03:00,0.0,0.0,0.0,-1.328
2017-06-23 01:00:00-03:00,0.0,0.0,0.0,-1.184
2017-06-23 02:00:00-03:00,0.0,0.0,0.0,-0.987
2017-06-23 03:00:00-03:00,0.0,0.0,0.0,-0.909
2017-06-23 04:00:00-03:00,0.0,0.0,0.0,-0.924
2017-06-23 05:00:00-03:00,0.0,0.0,0.0,-1.124
2017-06-23 06:00:00-03:00,0.0,0.0,0.0,-1.141
2017-06-23 07:00:00-03:00,0.0,0.0,0.0,-1.092
2017-06-23 08:00:00-03:00,0.0,0.0,0.0,-0.963
2017-06-23 09:00:00-03:00,0.0,0.0,0.0,-0.87
2017-06-23 10:00:00-03:00,0.031,0.031,0.014,-0.804
2017-06-23 11:00:00-03:00,0.094,0.058,0.053,-0.526
2017-06-23 12:00:00-03:00,0.161,0.093,0.08600000000000001,-0.213
2017-06-23 13:00:00-03:00,0.162,0.082,0.098,-0.078
2017-06-23 14:00:00-03:00,0.147,0.073,0.092,0.023
2017-06-23 15:00:00-03:00,0.115,0.063,0.069,0.16
2017-06-23 16:00:00-03:00,0.047,0.031,0.031,0.215
2017-06-23 17:00:00-03:00,0.0,0.002,0.002,0.016
2017-06-23 18:00:00-03:00,0.0,0.0,0.0,-0.109
2017-06-23 19:00:00-03:00,0.0,0.0,0.0,-0.228
2017-06-23 20:00:00-03:00,0.0,0.0,0.0,-0.322
2017-06-23 21:00:00-03:00,0.0,0.0,0.0,-0.419
2017-06-23 22:00:00-03:00,0.0,0.0,0.0,-0.44
2017-06-23 23:00:00-03:00,0.0,0.0,0.0,-0.358
2017-06-24 00:00:00-03:00,0.0,0.0,0.0,-0.23900000000000002
2017-06-24 01:00:00-03:00,0.0,0.0,0.0,-0.329
2017-06-24 02:00:00-03:00,0.0,0.0,0.0,-0.535
2017-06-24 03:00:00-03:00,0.0,0.0,0.0,-0.734
2017-06-24 04:00:00-03:00,0.0,0.0,0.0,-0.8320000000000001
2017-06-24 05:00:00-03:00,0.0,0.0,0.0,-0.592
2017-06-24 06:00:00-03:00,0.0,0.0,0.0,-0.583
2017-06-24 07:00:00-03:00,0.0,0.0,0.0,-0.739
2017-06-24 08:00:00-03:00,0.0,0.0,0.0,-0.893
2017-06-24 09:00:00-03:00,0.0,0.0,0.0,-1.054
2017-06-24 10:00:00-03:00,0.113,0.114,0.017,-1.124
2017-06-24 11:00:00-03:00,0.327,0.30000000000000004,0.051000000000000004,-0.214
2017-06-24 12:00:00-03:00,0.419,0.384,0.069,0.963
2017-06-24 13:00:00-03:00,0.358,0.299,0.088,1.441
2017-06-24 14:00:00-03:00,0.242,0.17400000000000002,0.09,1.4809999999999999
2017-06-24 15:00:00-03:00,0.213,0.163,0.07,1.302
2017-06-24 16:00:00-03:00,0.115,0.097,0.036000000000000004,0.551
2017-06-24 17:00:00-03:00,0.002,0.007,0.003,-0.352
2017-06-24 18:00:00-03:00,0.0,0.0,0.0,-0.783
2017-06-24 19:00:00-03:00,0.0,0.0,0.0,-1.117
2017-06-24 20:00:00-03:00,0.0,0.0,0.0,-1.434
2017-06-24 21:00:00-03:00,0.0,0.0,0.0,-1.779
2017-06-24 22:00:00-03:00,0.0,0.0,0.0,-2.143
2017-06-24 23:00:00-03:00,0.0,0.0,0.0,-2.476
2017-06-25 00:00:00-03:00,0.0,0.0,0.0,-2.651
2017-06-25 01:00:00-03:00,0.0,0.0,0.0,-2.819
2017-06-25 02:00:00-03:00,0.0,0.0,0.0,-3.025
2017-06-25 03:00:00-03:00,0.0,0.0,0.0,-3.26
2017-06-25 04:00:00-03:00,0.0,0.0,0.0,-3.493
2017-06-25 05:00:00-03:00,0.0,0.0,0.0,-3.685
2017-06-25 06:00:00-03:00,0.0,0.0,0.0,-3.797
2017-06-25 07:00:00-03:00,0.0,0.0,0.0,-3.911
2017-06-25 08:00:00-03:00,0.0,0.0,0.0,-3.988
2017-06-25 09:00:00-03:00,0.0,0.0,0.0,-3.972
2017-06-25 10:00:00-03:00,0.246,0.246,0.015,-3.825
2017-06-25 11:00:00-03:00,0.493,0.489,0.038,-2.967
2017-06-25 12:00:00-03:00,0.599,0.609,0.044,-1.8479999999999999
2017-06-25 13:00:00-03:00,0.628,0.645,0.044,-1.289
2017-06-25 14:00:00-03:00,0.612,0.627,0.044,-1.05
2017-06-25 15:00:00-03:00,0.539,0.543,0.042,-1.121
2017-06-25 16:00:00-03:00,0.34800000000000003,0.341,0.03,-1.858
2017-06-25 17:00:00-03:00,0.016,0.025,0.003,-3.004
2017-06-25 18:00:00-03:00,0.0,0.0,0.0,-3.384
2017-06-25 19:00:00-03:00,0.0,0.0,0.0,-3.481
2017-06-25 20:00:00-03:00,0.0,0.0,0.0,-3.469
2017-06-25 21:00:00-03:00,0.0,0.0,0.0,-3.299
2017-06-25 22:00:00-03:00,0.0,0.0,0.0,-3.047
2017-06-25 23:00:00-03:00,0.0,0.0,0.0,-2.566
2017-06-26 00:00:00-03:00,0.0,0.0,0.0,-1.9809999999999999
2017-06-26 01:00:00-03:00,0.0,0.0,0.0,-1.428
2017-06-26 02:00:00-03:00,0.0,0.0,0.0,-0.975
2017-06-26 03:00:00-03:00,0.0,0.0,0.0,-0.684
2017-06-26 04:00:00-03:00,0.0,0.0,0.0,-0.381
2017-06-26 05:00:00-03:00,0.0,0.0,0.0,-0.037
2017-06-26 06:00:00-03:00,0.0,0.0,0.0,0.492
2017-06-26 07:00:00-03:00,0.0,0.0,0.0,0.888
2017-06-26 08:00:00-03:00,0.0,0.0,0.0,1.197
2017-06-26 09:00:00-03:00,0.0,0.0,0.0,1.411
2017-06-26 10:00:00-03:00,0.024,0.024,0.014,1.651
2017-06-26 11:00:00-03:00,0.083,0.048,0.053,2.346
2017-06-26 12:00:00-03:00,0.10300000000000001,0.044,0.078,2.891
2017-06-26 13:00:00-03:00,0.10400000000000001,0.035,0.089,3.093
2017-06-26 14:00:00-03:00,0.07100000000000001,0.019,0.07100000000000001,3.093
2017-06-26 15:00:00-03:00,0.051000000000000004,0.016,0.052000000000000005,2.9779999999999998
2017-06-26 16:00:00-03:00,0.034,0.02,0.03,2.654
2017-06-26 17:00:00-03:00,0.0,0.002,0.002,2.233
2017-06-26 18:00:00-03:00,0.0,0.0,0.0,2.187
2017-06-26 19:00:00-03:00,0.0,0.0,0.0,2.117
2017-06-26 20:00:00-03:00,0.0,0.0,0.0,1.987
2017-06-26 21:00:00-03:00,0.0,0.0,0.0,1.88
2017-06-26 22:00:00-03:00,0.0,0.0,0.0,1.8399999999999999
2017-06-26 23:00:00-03:00,0.0,0.0,0.0,1.879
2017-06-27 00:00:00-03:00,0.0,0.0,0.0,1.854
2017-06-27 01:00:00-03:00,0.0,0.0,0.0,1.792
2017-06-27 02:00:00-03:00,0.0,0.0,0.0,1.661
2017-06-27 03:00:00-03:00,0.0,0.0,0.0,1.432
2017-06-27 04:00:00-03:00,0.0,0.0,0.0,1.308
2017-06-27 05:00:00-03:00,0.0,0.0,0.0,1.242
2017-06-27 06:00:00-03:00,0.0,0.0,0.0,1.233
2017-06-27 07:00:00-03:00,0.0,0.0,0.0,1.179
2017-06-27 08:00:00-03:00,0.0,0.0,0.0,1.041
2017-06-27 09:00:00-03:00,0.0,0.0,0.0,0.961
2017-06-27 10:00:00-03:00,0.0,0.001,0.004,1.022
2017-06-27 11:00:00-03:00,0.009000000000000001,0.002,0.018000000000000002,1.421
2017-06-27 12:00:00-03:00,0.062,0.018000000000000002,0.062,2.212
2017-06-27 13:00:00-03:00,0.23800000000000002,0.154,0.109,3.085
2017-06-27 14:00:00-03:00,0.242,0.165,0.10200000000000001,3.596
2017-06-27 15:00:00-03:00,0.105,0.056,0.069,3.62
2017-06-27 16:00:00-03:00,0.049,0.032,0.033,3.544
2017-06-27 17:00:00-03:00,0.0,0.002,0.002,3.614
2017-06-27 18:00:00-03:00,0.0,0.0,0.0,3.731
2017-06-27 19:00:00-03:00,0.0,0.0,0.0,3.857
2017-06-27 20:00:00-03:00,0.0,0.0,0.0,4.071
2017-06-27 21:00:00-03:00,0.0,0.0,0.0,4.405
2017-06-27 22:00:00-03:00,0.0,0.0,0.0,4.692
2017-06-27 23:00:00-03:00,0.0,0.0,0.0,4.856
2017-06-28 00:00:00-03:00,0.0,0.0,0.0,4.886
2017-06-28 01:00:00-03:00,0.0,0.0,0.0,4.812
2017-06-28 02:00:00-03:00,0.0,0.0,0.0,4.72
2017-06-28 03:00:00-03:00,0.0,0.0,0.0,4.748
2017-06-28 04:00:00-03:00,0.0,0.0,0.0,4.82
2017-06-28 05:00:00-03:00,0.0,0.0,0.0,4.848
2017-06-28 06:00:00-03:00,0.0,0.0,0.0,4.823
2017-06-28 07:00:00-03:00,0.0,0.0,0.0,4.773
2017-06-28 08:00:00-03:00,0.0,0.0,0.0,4.714
2017-06-28 09:00:00-03:00,0.0,0.0,0.0,4.67
2017-06-28 10:00:00-03:00,0.037,0.038,0.015,4.631
2017-06-28 11:00:00-03:00,0.16,0.124,0.059000000000000004,4.8469999999999995
2017-06-28 12:00:00-03:00,0.242,0.18,0.088,5.156
2017-06-28 13:00:00-03:00,0.231,0.153,0.10400000000000001,5.267
2017-06-28 14:00:00-03:00,0.147,0.076,0.094,5.113
2017-06-28 15:00:00-03:00,0.068,0.028,0.059000000000000004,4.688
2017-06-28 16:00:00-03:00,0.02,0.01,0.023,4.105
2017-06-28 17:00:00-03:00,0.0,0.001,0.002,3.398
2017-06-28 18:00:00-03:00,0.0,0.0,0.0,2.976
2017-06-28 19:00:00-03:00,0.0,0.0,0.0,2.597
2017-06-28 20:00:00-03:00,0.0,0.0,0.0,2.084
2017-06-28 21:00:00-03:00,0.0,0.0,0.0,1.558
2017-06-28 22:00:00-03:00,0.0,0.0,0.0,1.137
2017-06-28 23:00:00-03:00,0.0,0.0,0.0,0.791
2017-06-29 00:00:00-03:00,0.0,0.0,0.0,0.503
2017-06-29 01:00:00-03:00,0.0,0.0,0.0,0.329
2017-06-29 02:00:00-03:00,0.0,0.0,0.0,0.216
2017-06-29 03:00:00-03:00,0.0,0.0,0.0,0.154
2017-06-29 04:00:00-03:00,0.0,0.0,0.0,0.167
2017-06-29 05:00:00-03:00,0.0,0.0,0.0,0.246
2017-06-29 06:00:00-03:00,0.0,0.0,0.0,0.368
2017-06-29 07:00:00-03:00,0.0,0.0,0.0,0.505
2017-06-29 08:00:00-03:00,0.0,0.0,0.0,0.648
2017-06-29 09:00:00-03:00,0.0,0.0,0.0,0.757
2017-06-29 10:00:00-03:00,0.105,0.107,0.017,1.137
2017-06-29 11:00:00-03:00,0.298,0.272,0.052000000000000005,2.206
2017-06-29 12:00:00-03:00,0.435,0.41000000000000003,0.066,3.023
2017-06-29 13:00:00-03:00,0.487,0.468,0.069,3.686
2017-06-29 14:00:00-03:00,0.442,0.41500000000000004,0.07100000000000001,4.058
2017-06-29 15:00:00-03:00,0.34400000000000003,0.314,0.063,4.039
2017-06-29 16:00:00-03:00,0.163,0.148,0.037,3.542
2017-06-29 17:00:00-03:00,0.004,0.01,0.003,2.645
2017-06-29 18:00:00-03:00,0.0,0.0,0.0,2.374
2017-06-29 19:00:00-03:00,0.0,0.0,0.0,2.275
2017-06-29 20:00:00-03:00,0.0,0.0,0.0,2.229
2017-06-29 21:00:00-03:00,0.0,0.0,0.0,2.198
2017-06-29 22:00:00-03:00,0.0,0.0,0.0,2.199
2017-06-29 23:00:00-03:00,0.0,0.0,0.0,2.184
2017-06-30 00:00:00-03:00,0.0,0.0,0.0,2.217
2017-06-30 01:00:00-03:00,0.0,0.0,0.0,2.377
2017-06-30 02:00:00-03:00,0.0,0.0,0.0,2.321
2017-06-30 03:00:00-03:00,0.0,0.0,0.0,2.254
2017-06-30 04:00:00-03:00,0.0,0.0,0.0,2.377
2017-06-30 05:00:00-03:00,0.0,0.0,0.0,2.385
2017-06-30 06:00:00-03:00,0.0,0.0,0.0,2.365
2017-06-30 07:00:00-03:00,0.0,0.0,0.0,2.245
2017-06-30 08:00:00-03:00,0.0,0.0,0.0,2.136
2017-06-30 09:00:00-03:00,0.0,0.0,0.0,2.044
2017-06-30 10:00:00-03:00,0.106,0.107,0.018000000000000002,2.005
2017-06-30 11:00:00-03:00,0.255,0.224,0.055,2.651
2017-06-30 12:00:00-03:00,0.364,0.322,0.075,3.184
2017-06-30 13:00:00-03:00,0.422,0.382,0.08,3.544
2017-06-30 14:00:00-03:00,0.424,0.39,0.075,3.729
2017-06-30 15:00:00-03:00,0.33,0.295,0.065,3.515
2017-06-30 16:00:00-03:00,0.156,0.139,0.038,2.542
2017-06-30 17:00:00-03:00,0.003,0.008,0.003,1.327
2017-06-30 18:00:00-03:00,0.0,0.0,0.0,1.11
2017-06-30 19:00:00-03:00,0.0,0.0,0.0,1.133
2017-06-30 20:00:00-03:00,0.0,0.0,0.0,0.753
2017-06-30 21:00:00-03:00,0.0,0.0,0.0,0.56
2017-06-30 22:00:00-03:00,0.0,0.0,0.0,0.611
2017-06-30 23:00:00-03:00,0.0,0.0,0.0,1.141
2017-07-01 00:00:00-03:00,0.0,0.0,0.0,1.7149999999999999
2017-07-01 01:00:00-03:00,0.0,0.0,0.0,2.346
2017-07-01 02:00:00-03:00,0.0,0.0,0.0,2.731
2017-07-01 03:00:00-03:00,0.0,0.0,0.0,3.002
2017-07-01 04:00:00-03:00,0.0,0.0,0.0,2.8529999999999998
2017-07-01 05:00:00-03:00,0.0,0.0,0.0,2.766
2017-07-01 06:00:00-03:00,0.0,0.0,0.0,3.171
2017-07-01 07:00:00-03:00,0.0,0.0,0.0,4.253
2017-07-01 08:00:00-03:00,0.0,0.0,0.0,5.45
2017-07-01 09:00:00-03:00,0.0,0.0,0.0,5.977
2017-07-01 10:00:00-03:00,0.002,0.002,0.006,6.424
2017-07-01 11:00:00-03:00,0.017,0.004,0.026000000000000002,6.9
2017-07-01 12:00:00-03:00,0.069,0.019,0.07,7.326
2017-07-01 13:00:00-03:00,0.065,0.012,0.07200000000000001,7.837
2017-07-01 14:00:00-03:00,0.036000000000000004,0.005,0.048,8.413
2017-07-01 15:00:00-03:00,0.04,0.009000000000000001,0.048,8.955
2017-07-01 16:00:00-03:00,0.012,0.004,0.02,9.039
2017-07-01 17:00:00-03:00,0.0,0.0,0.001,8.883
2017-07-01 18:00:00-03:00,0.0,0.0,0.0,8.62
2017-07-01 19:00:00-03:00,0.0,0.0,0.0,8.302
2017-07-01 20:00:00-03:00,0.0,0.0,0.0,8.041
2017-07-01 21:00:00-03:00,0.0,0.0,0.0,7.786
2017-07-01 22:00:00-03:00,0.0,0.0,0.0,7.431
2017-07-01 23:00:00-03:00,0.0,0.0,0.0,7.124
2017-07-02 00:00:00-03:00,0.0,0.0,0.0,6.869
2017-07-02 01:00:00-03:00,0.0,0.0,0.0,6.501
2017-07-02 02:00:00-03:00,0.0,0.0,0.0,6.114
2017-07-02 03:00:00-03:00,0.0,0.0,0.0,5.818
2017-07-02 04:00:00-03:00,0.0,0.0,0.0,5.659
2017-07-02 05:00:00-03:00,0.0,0.0,0.0,5.496
2017-07-02 06:00:00-03:00,0.0,0.0,0.0,5.399
2017-07-02 07:00:00-03:00,0.0,0.0,0.0,5.326
2017-07-02 08:00:00-03:00,0.0,0.0,0.0,5.107
2017-07-02 09:00:00-03:00,0.0,0.0,0.0,4.984
2017-07-02 10:00:00-03:00,0.0,0.001,0.004,4.955
2017-07-02 11:00:00-03:00,0.01,0.002,0.019,5.151
2017-07-02 12:00:00-03:00,0.025,0.003,0.037,5.462
2017-07-02 13:00:00-03:00,0.038,0.004,0.05,5.797
2017-07-02 14:00:00-03:00,0.051000000000000004,0.008,0.061,6.117
2017-07-02 15:00:00-03:00,0.043000000000000003,0.01,0.051000000000000004,5.922
2017-07-02 16:00:00-03:00,0.017,0.006,0.023,5.227
2017-07-02 17:00:00-03:00,0.0,0.001,0.002,4.563
2017-07-02 18:00:00-03:00,0.0,0.0,0.0,3.773
2017-07-02 19:00:00-03:00,0.0,0.0,0.0,3.125
2017-07-02 20:00:00-03:00,0.0,0.0,0.0,2.9050000000000002
2017-07-02 21:00:00-03:00,0.0,0.0,0.0,3.207
2017-07-02 22:00:00-03:00,0.0,0.0,0.0,3.436
2017-07-02 23:00:00-03:00,0.0,0.0,0.0,2.791
2017-07-03 00:00:00-03:00,0.0,0.0,0.0,2.324
2017-07-03 01:00:00-03:00,0.0,0.0,0.0,2.463
2017-07-03 02:00:00-03:00,0.0,0.0,0.0,2.045
2017-07-03 03:00:00-03:00,0.0,0.0,0.0,1.78
2017-07-03 04:00:00-03:00,0.0,0.0,0.0,1.823
2017-07-03 05:00:00-03:00,0.0,0.0,0.0,2.095
2017-07-03 06:00:00-03:00,0.0,0.0,0.0,2.398
2017-07-03 07:00:00-03:00,0.0,0.0,0.0,2.7279999999999998
2017-07-03 08:00:00-03:00,0.0,0.0,0.0,3.3
2017-07-03 09:00:00-03:00,0.0,0.0,0.0,3.979
2017-07-03 10:00:00-03:00,0.0,0.001,0.004,4.474
2017-07-03 11:00:00-03:00,0.011,0.002,0.02,4.561
2017-07-03 12:00:00-03:00,0.036000000000000004,0.007,0.046,4.583
2017-07-03 13:00:00-03:00,0.189,0.1,0.112,5.01
2017-07-03 14:00:00-03:00,0.302,0.226,0.108,5.833
2017-07-03 15:00:00-03:00,0.07,0.026000000000000002,0.062,5.9879999999999995
2017-07-03 16:00:00-03:00,0.015,0.006,0.022,5.873
2017-07-03 17:00:00-03:00,0.0,0.001,0.002,6.224
2017-07-03 18:00:00-03:00,0.0,0.0,0.0,6.304
2017-07-03 19:00:00-03:00,0.0,0.0,0.0,6.158
2017-07-03 20:00:00-03:00,0.0,0.0,0.0,5.704
2017-07-03 21:00:00-03:00,0.0,0.0,0.0,4.969
2017-07-03 22:00:00-03:00,0.0,0.0,0.0,4.654
2017-07-03 23:00:00-03:00,0.0,0.0,0.0,4.491
2017-07-04 00:00:00-03:00,0.0,0.0,0.0,4.629
2017-07-04 01:00:00-03:00,0.0,0.0,0.0,5.161
2017-07-04 02:00:00-03:00,0.0,0.0,0.0,5.76
2017-07-04 03:00:00-03:00,0.0,0.0,0.0,5.293
2017-07-04 04:00:00-03:00,0.0,0.0,0.0,4.61
2017-07-04 05:00:00-03:00,0.0,0.0,0.0,4.622
2017-07-04 06:00:00-03:00,0.0,0.0,0.0,4.694
2017-07-04 07:00:00-03:00,0.0,0.0,0.0,4.65
2017-07-04 08:00:00-03:00,0.0,0.0,0.0,4.442
2017-07-04 09:00:00-03:00,0.0,0.0,0.0,4.153
2017-07-04 10:00:00-03:00,0.17300000000000001,0.17500000000000002,0.02,4.116
2017-07-04 11:00:00-03:00,0.401,0.393,0.048,4.699
2017-07-04 12:00:00-03:00,0.521,0.526,0.057,5.429
2017-07-04 13:00:00-03:00,0.521,0.521,0.064,6.072
2017-07-04 14:00:00-03:00,0.47700000000000004,0.466,0.067,6.481
2017-07-04 15:00:00-03:00,0.393,0.376,0.06,6.511
2017-07-04 16:00:00-03:00,0.20600000000000002,0.193,0.039,5.873
2017-07-04 17:00:00-03:00,0.01,0.017,0.004,4.624
2017-07-04 18:00:00-03:00,0.0,0.0,0.0,4.452
2017-07-04 19:00:00-03:00,0.0,0.0,0.0,4.228
2017-07-04 20:00:00-03:00,0.0,0.0,0.0,3.643
2017-07-04 21:00:00-03:00,0.0,0.0,0.0,2.985
2017-07-04 22:00:00-03:00,0.0,0.0,0.0,2.325
2017-07-04 23:00:00-03:00,0.0,0.0,0.0,1.75
2017-07-05 00:00:00-03:00,0.0,0.0,0.0,1.26
2017-07-05 01:00:00-03:00,0.0,0.0,0.0,0.728
2017-07-05 02:00:00-03:00,0.0,0.0,0.0,0.136
2017-07-05 03:00:00-03:00,0.0,0.0,0.0,-0.043000000000000003
2017-07-05 04:00:00-03:00,0.0,0.0,0.0,0.062
2017-07-05 05:00:00-03:00,0.0,0.0,0.0,0.037
2017-07-05 06:00:00-03:00,0.0,0.0,0.0,0.034
2017-07-05 07:00:00-03:00,0.0,0.0,0.0,-0.11900000000000001
2017-07-05 08:00:00-03:00,0.0,0.0,0.0,-0.112
2017-07-05 09:00:00-03:00,0.0,0.0,0.0,-0.182
2017-07-05 10:00:00-03:00,0.07,0.066,0.022,0.156
2017-07-05 11:00:00-03:00,0.076,0.04,0.054,1.231
2017-07-05 12:00:00-03:00,0.079,0.025,0.073,2.079
2017-07-05 13:00:00-03:00,0.091,0.024,0.08600000000000001,2.567
2017-07-05 14:00:00-03:00,0.067,0.014,0.07100000000000001,2.927
2017-07-05 15:00:00-03:00,0.03,0.006,0.04,2.982
2017-07-05 16:00:00-03:00,0.005,0.002,0.012,2.817
2017-07-05 17:00:00-03:00,0.0,0.0,0.001,2.6
2017-07-05 18:00:00-03:00,0.0,0.0,0.0,2.478
2017-07-05 19:00:00-03:00,0.0,0.0,0.0,2.435
2017-07-05 20:00:00-03:00,0.0,0.0,0.0,2.644
2017-07-05 21:00:00-03:00,0.0,0.0,0.0,2.8689999999999998
2017-07-05 22:00:00-03:00,0.0,0.0,0.0,2.89
2017-07-05 23:00:00-03:00,0.0,0.0,0.0,2.366
2017-07-06 00:00:00-03:00,0.0,0.0,0.0,1.626
2017-07-06 01:00:00-03:00,0.0,0.0,0.0,1.238
2017-07-06 02:00:00-03:00,0.0,0.0,0.0,0.9540000000000001
2017-07-06 03:00:00-03:00,0.0,0.0,0.0,1.033
2017-07-06 04:00:00-03:00,0.0,0.0,0.0,1.263
2017-07-06 05:00:00-03:00,0.0,0.0,0.0,1.33
2017-07-06 06:00:00-03:00,0.0,0.0,0.0,1.49
2017-07-06 07:00:00-03:00,0.0,0.0,0.0,1.729
2017-07-06 08:00:00-03:00,0.0,0.0,0.0,2.179
2017-07-06 09:00:00-03:00,0.0,0.0,0.0,2.68
2017-07-06 10:00:00-03:00,0.02,0.018000000000000002,0.016,3.382
2017-07-06 11:00:00-03:00,0.065,0.032,0.051000000000000004,4.566
2017-07-06 12:00:00-03:00,0.139,0.07100000000000001,0.09,5.417
2017-07-06 13:00:00-03:00,0.162,0.078,0.107,5.505
2017-07-06 14:00:00-03:00,0.126,0.052000000000000005,0.095,5.361
2017-07-06 15:00:00-03:00,0.073,0.028,0.064,5.108
2017-07-06 16:00:00-03:00,0.023,0.011,0.027,4.763
2017-07-06 17:00:00-03:00,0.0,0.002,0.003,4.361
2017-07-06 18:00:00-03:00,0.0,0.0,0.0,4.058
2017-07-06 19:00:00-03:00,0.0,0.0,0.0,3.846
2017-07-06 20:00:00-03:00,0.0,0.0,0.0,3.7119999999999997
2017-07-06 21:00:00-03:00,0.0,0.0,0.0,3.581
2017-07-06 22:00:00-03:00,0.0,0.0,0.0,3.455
2017-07-06 23:00:00-03:00,0.0,0.0,0.0,3.071
2017-07-07 00:00:00-03:00,0.0,0.0,0.0,2.821
2017-07-07 01:00:00-03:00,0.0,0.0,0.0,2.842
2017-07-07 02:00:00-03:00,0.0,0.0,0.0,2.868
2017-07-07 03:00:00-03:00,0.0,0.0,0.0,2.9370000000000003
2017-07-07 04:00:00-03:00,0.0,0.0,0.0,3.172
2017-07-07 05:00:00-03:00,0.0,0.0,0.0,3.589
2017-07-07 06:00:00-03:00,0.0,0.0,0.0,3.899
2017-07-07 07:00:00-03:00,0.0,0.0,0.0,3.941
2017-07-07 08:00:00-03:00,0.0,0.0,0.0,4.028
2017-07-07 09:00:00-03:00,0.0,0.0,0.0,4.168
2017-07-07 10:00:00-03:00,0.014,0.012,0.015,4.442
2017-07-07 11:00:00-03:00,0.053,0.022,0.049,4.939
2017-07-07 12:00:00-03:00,0.095,0.034,0.082,5.459
2017-07-07 13:00:00-03:00,0.10200000000000001,0.029,0.093,5.876
2017-07-07 14:00:00-03:00,0.053,0.009000000000000001,0.062,6.028
2017-07-07 15:00:00-03:00,0.033,0.006,0.043000000000000003,6.003
2017-07-07 16:00:00-03:00,0.009000000000000001,0.003,0.017,5.822
2017-07-07 17:00:00-03:00,0.0,0.001,0.002,5.524
2017-07-07 18:00:00-03:00,0.0,0.0,0.0,5.253
2017-07-07 19:00:00-03:00,0.0,0.0,0.0,4.97
2017-07-07 20:00:00-03:00,0.0,0.0,0.0,4.633
2017-07-07 21:00:00-03:00,0.0,0.0,0.0,4.301
2017-07-07 22:00:00-03:00,0.0,0.0,0.0,3.915
2017-07-07 23:00:00-03:00,0.0,0.0,0.0,3.362
2017-07-08 00:00:00-03:00,0.0,0.0,0.0,3.02
2017-07-08 01:00:00-03:00,0.0,0.0,0.0,2.87
2017-07-08 02:00:00-03:00,0.0,0.0,0.0,2.865
2017-07-08 03:00:00-03:00,0.0,0.0,0.0,2.898
2017-07-08 04:00:00-03:00,0.0,0.0,0.0,2.927
2017-07-08 05:00:00-03:00,0.0,0.0,0.0,2.966
2017-07-08 06:00:00-03:00,0.0,0.0,0.0,2.938
2017-07-08 07:00:00-03:00,0.0,0.0,0.0,3.105
2017-07-08 08:00:00-03:00,0.0,0.0,0.0,3.76
2017-07-08 09:00:00-03:00,0.0,0.0,0.0,4.94
2017-07-08 10:00:00-03:00,0.026000000000000002,0.024,0.016,4.86
2017-07-08 11:00:00-03:00,0.17400000000000002,0.135,0.062,4.508
2017-07-08 12:00:00-03:00,0.343,0.292,0.084,4.392
2017-07-08 13:00:00-03:00,0.425,0.381,0.08700000000000001,4.254
2017-07-08 14:00:00-03:00,0.406,0.362,0.084,4.092
2017-07-08 15:00:00-03:00,0.341,0.302,0.07100000000000001,3.7880000000000003
2017-07-08 16:00:00-03:00,0.151,0.129,0.043000000000000003,3.219
2017-07-08 17:00:00-03:00,0.01,0.016,0.005,2.327
2017-07-08 18:00:00-03:00,0.0,0.0,0.0,1.889
2017-07-08 19:00:00-03:00,0.0,0.0,0.0,1.716
2017-07-08 20:00:00-03:00,0.0,0.0,0.0,1.583
2017-07-08 21:00:00-03:00,0.0,0.0,0.0,1.5390000000000001
2017-07-08 22:00:00-03:00,0.0,0.0,0.0,1.564
2017-07-08 23:00:00-03:00,0.0,0.0,0.0,1.6099999999999999
2017-07-09 00:00:00-03:00,0.0,0.0,0.0,1.375
2017-07-09 01:00:00-03:00,0.0,0.0,0.0,1.009
2017-07-09 02:00:00-03:00,0.0,0.0,0.0,0.875
2017-07-09 03:00:00-03:00,0.0,0.0,0.0,0.937
2017-07-09 04:00:00-03:00,0.0,0.0,0.0,1.054
2017-07-09 05:00:00-03:00,0.0,0.0,0.0,1.119
2017-07-09 06:00:00-03:00,0.0,0.0,0.0,1.071
2017-07-09 07:00:00-03:00,0.0,0.0,0.0,0.915
2017-07-09 08:00:00-03:00,0.0,0.0,0.0,0.8300000000000001
2017-07-09 09:00:00-03:00,0.0,0.0,0.0,0.704
2017-07-09 10:00:00-03:00,0.111,0.106,0.023,0.88
2017-07-09 11:00:00-03:00,0.303,0.268,0.06,1.589
2017-07-09 12:00:00-03:00,0.362,0.309,0.083,2.155
2017-07-09 13:00:00-03:00,0.341,0.273,0.099,2.604
2017-07-09 14:00:00-03:00,0.301,0.23,0.098,2.778
2017-07-09 15:00:00-03:00,0.215,0.159,0.078,2.71
2017-07-09 16:00:00-03:00,0.108,0.085,0.043000000000000003,2.425
2017-07-09 17:00:00-03:00,0.004,0.009000000000000001,0.004,2.03
2017-07-09 18:00:00-03:00,0.0,0.0,0.0,1.971
2017-07-09 19:00:00-03:00,0.0,0.0,0.0,2.321
2017-07-09 20:00:00-03:00,0.0,0.0,0.0,2.632
2017-07-09 21:00:00-03:00,0.0,0.0,0.0,2.964
2017-07-09 22:00:00-03:00,0.0,0.0,0.0,3.282
2017-07-09 23:00:00-03:00,0.0,0.0,0.0,3.498
2017-07-10 00:00:00-03:00,0.0,0.0,0.0,3.6550000000000002
2017-07-10 01:00:00-03:00,0.0,0.0,0.0,3.66
2017-07-10 02:00:00-03:00,0.0,0.0,0.0,3.442
2017-07-10 03:00:00-03:00,0.0,0.0,0.0,3.026
2017-07-10 04:00:00-03:00,0.0,0.0,0.0,2.408
2017-07-10 05:00:00-03:00,0.0,0.0,0.0,1.775
2017-07-10 06:00:00-03:00,0.0,0.0,0.0,1.518
2017-07-10 07:00:00-03:00,0.0,0.0,0.0,1.476
2017-07-10 08:00:00-03:00,0.0,0.0,0.0,1.387
2017-07-10 09:00:00-03:00,0.0,0.001,0.0,1.307
2017-07-10 10:00:00-03:00,0.139,0.135,0.023,1.5270000000000001
2017-07-10 11:00:00-03:00,0.391,0.373,0.053,2.278
2017-07-10 12:00:00-03:00,0.521,0.516,0.061,3.1
2017-07-10 13:00:00-03:00,0.558,0.56,0.062,3.731
2017-07-10 14:00:00-03:00,0.541,0.542,0.061,3.948
2017-07-10 15:00:00-03:00,0.47100000000000003,0.464,0.055,3.836
2017-07-10 16:00:00-03:00,0.294,0.28200000000000003,0.039,3.385
2017-07-10 17:00:00-03:00,0.027,0.036000000000000004,0.006,2.618
2017-07-10 18:00:00-03:00,0.0,0.0,0.0,2.149
2017-07-10 19:00:00-03:00,0.0,0.0,0.0,1.916
2017-07-10 20:00:00-03:00,0.0,0.0,0.0,1.802
2017-07-10 21:00:00-03:00,0.0,0.0,0.0,1.81
2017-07-10 22:00:00-03:00,0.0,0.0,0.0,1.837
2017-07-10 23:00:00-03:00,0.0,0.0,0.0,1.7810000000000001
2017-07-11 00:00:00-03:00,0.0,0.0,0.0,1.7109999999999999
2017-07-11 01:00:00-03:00,0.0,0.0,0.0,1.7890000000000001
2017-07-11 02:00:00-03:00,0.0,0.0,0.0,1.838
2017-07-11 03:00:00-03:00,0.0,0.0,0.0,1.849
2017-07-11 04:00:00-03:00,0.0,0.0,0.0,1.766
2017-07-11 05:00:00-03:00,0.0,0.0,0.0,1.673
2017-07-11 06:00:00-03:00,0.0,0.0,0.0,1.6019999999999999
2017-07-11 07:00:00-03:00,0.0,0.0,0.0,1.461
2017-07-11 08:00:00-03:00,0.0,0.0,0.0,1.241
2017-07-11 09:00:00-03:00,0.0,0.0,0.0,1.129
2017-07-11 10:00:00-03:00,0.067,0.061,0.023,1.464
2017-07-11 11:00:00-03:00,0.158,0.116,0.062,2.092
2017-07-11 12:00:00-03:00,0.432,0.392,0.08,2.948
2017-07-11 13:00:00-03:00,0.433,0.387,0.09,3.91
2017-07-11 14:00:00-03:00,0.323,0.256,0.099,4.36
2017-07-11 15:00:00-03:00,0.153,0.096,0.078,4.347
2017-07-11 16:00:00-03:00,0.077,0.055,0.041,4.067
2017-07-11 17:00:00-03:00,0.008,0.013000000000000001,0.006,3.544
2017-07-11 18:00:00-03:00,0.0,0.0,0.0,3.174
2017-07-11 19:00:00-03:00,0.0,0.0,0.0,2.886
2017-07-11 20:00:00-03:00,0.0,0.0,0.0,2.606
2017-07-11 21:00:00-03:00,0.0,0.0,0.0,2.322
2017-07-11 22:00:00-03:00,0.0,0.0,0.0,2.143
2017-07-11 23:00:00-03:00,0.0,0.0,0.0,2.064
2017-07-12 00:00:00-03:00,0.0,0.0,0.0,2.221
2017-07-12 01:00:00-03:00,0.0,0.0,0.0,2.474
2017-07-12 02:00:00-03:00,0.0,0.0,0.0,2.5869999999999997
2017-07-12 03:00:00-03:00,0.0,0.0,0.0,2.59
2017-07-12 04:00:00-03:00,0.0,0.0,0.0,2.564
2017-07-12 05:00:00-03:00,0.0,0.0,0.0,2.536
2017-07-12 06:00:00-03:00,0.0,0.0,0.0,2.605
2017-07-12 07:00:00-03:00,0.0,0.0,0.0,2.691
2017-07-12 08:00:00-03:00,0.0,0.0,0.0,2.741
2017-07-12 09:00:00-03:00,0.0,0.001,0.0,2.8120000000000003
2017-07-12 10:00:00-03:00,0.111,0.105,0.025,3.042
2017-07-12 11:00:00-03:00,0.309,0.278,0.06,3.6790000000000003
2017-07-12 12:00:00-03:00,0.418,0.382,0.077,4.342
2017-07-12 13:00:00-03:00,0.438,0.398,0.085,4.8100000000000005
2017-07-12 14:00:00-03:00,0.438,0.403,0.081,5.086
2017-07-12 15:00:00-03:00,0.369,0.336,0.07,4.977
2017-07-12 16:00:00-03:00,0.181,0.159,0.045,4.318
2017-07-12 17:00:00-03:00,0.018000000000000002,0.025,0.006,3.17
2017-07-12 18:00:00-03:00,0.0,0.0,0.0,2.172
2017-07-12 19:00:00-03:00,0.0,0.0,0.0,1.276
2017-07-12 20:00:00-03:00,0.0,0.0,0.0,0.49
2017-07-12 21:00:00-03:00,0.0,0.0,0.0,-0.01
2017-07-12 22:00:00-03:00,0.0,0.0,0.0,-0.352
2017-07-12 23:00:00-03:00,0.0,0.0,0.0,-0.464
2017-07-13 00:00:00-03:00,0.0,0.0,0.0,-0.274
2017-07-13 01:00:00-03:00,0.0,0.0,0.0,0.074
2017-07-13 02:00:00-03:00,0.0,0.0,0.0,0.125
2017-07-13 03:00:00-03:00,0.0,0.0,0.0,-0.009000000000000001
2017-07-13 04:00:00-03:00,0.0,0.0,0.0,-0.021
2017-07-13 05:00:00-03:00,0.0,0.0,0.0,-0.34
2017-07-13 06:00:00-03:00,0.0,0.0,0.0,-0.486
2017-07-13 07:00:00-03:00,0.0,0.0,0.0,-0.363
2017-07-13 08:00:00-03:00,0.0,0.0,0.0,0.232
2017-07-13 09:00:00-03:00,0.0,0.0,0.0,0.631
2017-07-13 10:00:00-03:00,0.016,0.012,0.017,1.312
2017-07-13 11:00:00-03:00,0.10300000000000001,0.058,0.065,2.231
2017-07-13 12:00:00-03:00,0.225,0.14300000000000002,0.105,3.048
2017-07-13 13:00:00-03:00,0.184,0.088,0.11800000000000001,2.906
2017-07-13 14:00:00-03:00,0.067,0.013000000000000001,0.07200000000000001,2.141
2017-07-13 15:00:00-03:00,0.015,0.002,0.026000000000000002,1.127
2017-07-13 16:00:00-03:00,0.003,0.001,0.011,0.77
2017-07-13 17:00:00-03:00,0.0,0.0,0.002,0.562
2017-07-13 18:00:00-03:00,0.0,0.0,0.0,0.5
2017-07-13 19:00:00-03:00,0.0,0.0,0.0,0.577
2017-07-13 20:00:00-03:00,0.0,0.0,0.0,0.64
2017-07-13 21:00:00-03:00,0.0,0.0,0.0,0.728
2017-07-13 22:00:00-03:00,0.0,0.0,0.0,0.8180000000000001
2017-07-13 23:00:00-03:00,0.0,0.0,0.0,0.895
2017-07-14 00:00:00-03:00,0.0,0.0,0.0,0.775
2017-07-14 01:00:00-03:00,0.0,0.0,0.0,0.404
2017-07-14 02:00:00-03:00,0.0,0.0,0.0,0.11800000000000001
2017-07-14 03:00:00-03:00,0.0,0.0,0.0,-0.066
2017-07-14 04:00:00-03:00,0.0,0.0,0.0,-0.146
2017-07-14 05:00:00-03:00,0.0,0.0,0.0,-0.151
2017-07-14 06:00:00-03:00,0.0,0.0,0.0,-0.076
2017-07-14 07:00:00-03:00,0.0,0.0,0.0,0.092
2017-07-14 08:00:00-03:00,0.0,0.0,0.0,0.097
2017-07-14 09:00:00-03:00,0.0,0.0,0.0,0.17300000000000001
2017-07-14 10:00:00-03:00,0.063,0.055,0.025,0.447
2017-07-14 11:00:00-03:00,0.158,0.111,0.067,0.918
2017-07-14 12:00:00-03:00,0.234,0.157,0.098,1.193
2017-07-14 13:00:00-03:00,0.247,0.156,0.113,1.08
2017-07-14 14:00:00-03:00,0.219,0.132,0.108,0.9380000000000001
2017-07-14 15:00:00-03:00,0.176,0.111,0.084,0.686
2017-07-14 16:00:00-03:00,0.097,0.068,0.046,0.36
2017-07-14 17:00:00-03:00,0.006,0.01,0.006,-0.08700000000000001
2017-07-14 18:00:00-03:00,0.0,0.0,0.0,-0.232
2017-07-14 19:00:00-03:00,0.0,0.0,0.0,-0.14300000000000002
2017-07-14 20:00:00-03:00,0.0,0.0,0.0,-0.08700000000000001
2017-07-14 21:00:00-03:00,0.0,0.0,0.0,0.023
2017-07-14 22:00:00-03:00,0.0,0.0,0.0,0.28200000000000003
2017-07-14 23:00:00-03:00,0.0,0.0,0.0,0.558
2017-07-15 00:00:00-03:00,0.0,0.0,0.0,0.669
2017-07-15 01:00:00-03:00,0.0,0.0,0.0,0.771
2017-07-15 02:00:00-03:00,0.0,0.0,0.0,0.861
2017-07-15 03:00:00-03:00,0.0,0.0,0.0,0.9480000000000001
2017-07-15 04:00:00-03:00,0.0,0.0,0.0,1.072
2017-07-15 05:00:00-03:00,0.0,0.0,0.0,1.237
2017-07-15 06:00:00-03:00,0.0,0.0,0.0,1.513
2017-07-15 07:00:00-03:00,0.0,0.0,0.0,1.798
2017-07-15 08:00:00-03:00,0.0,0.0,0.0,1.971
2017-07-15 09:00:00-03:00,0.0,0.0,0.0,2.114
2017-07-15 10:00:00-03:00,0.022,0.018000000000000002,0.018000000000000002,2.388
2017-07-15 11:00:00-03:00,0.166,0.12,0.067,3.026
2017-07-15 12:00:00-03:00,0.356,0.298,0.091,3.622
2017-07-15 13:00:00-03:00,0.40900000000000003,0.352,0.097,3.989
2017-07-15 14:00:00-03:00,0.427,0.38,0.09,4.18
2017-07-15 15:00:00-03:00,0.343,0.298,0.078,4.127
2017-07-15 16:00:00-03:00,0.151,0.123,0.049,3.841
2017-07-15 17:00:00-03:00,0.009000000000000001,0.013000000000000001,0.006,3.435
2017-07-15 18:00:00-03:00,0.0,0.0,0.0,3.46
2017-07-15 19:00:00-03:00,0.0,0.0,0.0,3.616
2017-07-15 20:00:00-03:00,0.0,0.0,0.0,3.674
2017-07-15 21:00:00-03:00,0.0,0.0,0.0,3.817
2017-07-15 22:00:00-03:00,0.0,0.0,0.0,3.9450000000000003
2017-07-15 23:00:00-03:00,0.0,0.0,0.0,3.974
2017-07-16 00:00:00-03:00,0.0,0.0,0.0,3.908
2017-07-16 01:00:00-03:00,0.0,0.0,0.0,3.84
2017-07-16 02:00:00-03:00,0.0,0.0,0.0,3.803
2017-07-16 03:00:00-03:00,0.0,0.0,0.0,3.805
2017-07-16 04:00:00-03:00,0.0,0.0,0.0,3.871
2017-07-16 05:00:00-03:00,0.0,0.0,0.0,4.017
2017-07-16 06:00:00-03:00,0.0,0.0,0.0,4.145
2017-07-16 07:00:00-03:00,0.0,0.0,0.0,4.203
2017-07-16 08:00:00-03:00,0.0,0.0,0.0,4.16
2017-07-16 09:00:00-03:00,0.0,0.001,0.0,3.959
2017-07-16 10:00:00-03:00,0.127,0.11800000000000001,0.03,3.927
2017-07-16 11:00:00-03:00,0.28,0.24,0.068,4.321
2017-07-16 12:00:00-03:00,0.23600000000000002,0.163,0.098,4.908
2017-07-16 13:00:00-03:00,0.192,0.105,0.111,5.432
2017-07-16 14:00:00-03:00,0.202,0.12,0.107,5.755
2017-07-16 15:00:00-03:00,0.301,0.249,0.084,5.841
2017-07-16 16:00:00-03:00,0.129,0.10200000000000001,0.05,5.766
2017-07-16 17:00:00-03:00,0.007,0.011,0.006,5.733
2017-07-16 18:00:00-03:00,0.0,0.0,0.0,5.871
2017-07-16 19:00:00-03:00,0.0,0.0,0.0,6.029
2017-07-16 20:00:00-03:00,0.0,0.0,0.0,6.035
2017-07-16 21:00:00-03:00,0.0,0.0,0.0,6.03
2017-07-16 22:00:00-03:00,0.0,0.0,0.0,5.998
2017-07-16 23:00:00-03:00,0.0,0.0,0.0,5.892
2017-07-17 00:00:00-03:00,0.0,0.0,0.0,5.7219999999999995
2017-07-17 01:00:00-03:00,0.0,0.0,0.0,5.604
2017-07-17 02:00:00-03:00,0.0,0.0,0.0,5.5760000000000005
2017-07-17 03:00:00-03:00,0.0,0.0,0.0,5.822
2017-07-17 04:00:00-03:00,0.0,0.0,0.0,6.041
2017-07-17 05:00:00-03:00,0.0,0.0,0.0,6.038
2017-07-17 06:00:00-03:00,0.0,0.0,0.0,6.07
2017-07-17 07:00:00-03:00,0.0,0.0,0.0,6.2
2017-07-17 08:00:00-03:00,0.0,0.0,0.0,6.07
2017-07-17 09:00:00-03:00,0.0,0.0,0.0,5.896
2017-07-17 10:00:00-03:00,0.006,0.004,0.012,5.894
2017-07-17 11:00:00-03:00,0.019,0.004,0.03,6.147
2017-07-17 12:00:00-03:00,0.034,0.004,0.046,6.594
2017-07-17 13:00:00-03:00,0.059000000000000004,0.008,0.07,7.13
2017-07-17 14:00:00-03:00,0.078,0.015,0.083,7.62
2017-07-17 15:00:00-03:00,0.061,0.015,0.065,7.916
2017-07-17 16:00:00-03:00,0.033,0.013000000000000001,0.037,8.031
2017-07-17 17:00:00-03:00,0.001,0.003,0.005,8.027
2017-07-17 18:00:00-03:00,0.0,0.0,0.0,7.857
2017-07-17 19:00:00-03:00,0.0,0.0,0.0,7.467
2017-07-17 20:00:00-03:00,0.0,0.0,0.0,6.86
2017-07-17 21:00:00-03:00,0.0,0.0,0.0,6.148
2017-07-17 22:00:00-03:00,0.0,0.0,0.0,5.677
2017-07-17 23:00:00-03:00,0.0,0.0,0.0,5.536
2017-07-18 00:00:00-03:00,0.0,0.0,0.0,5.397
2017-07-18 01:00:00-03:00,0.0,0.0,0.0,5.192
2017-07-18 02:00:00-03:00,0.0,0.0,0.0,4.945
2017-07-18 03:00:00-03:00,0.0,0.0,0.0,4.7
2017-07-18 04:00:00-03:00,0.0,0.0,0.0,4.468
2017-07-18 05:00:00-03:00,0.0,0.0,0.0,4.336
2017-07-18 06:00:00-03:00,0.0,0.0,0.0,4.249
2017-07-18 07:00:00-03:00,0.0,0.0,0.0,4.041
2017-07-18 08:00:00-03:00,0.0,0.0,0.0,3.681
2017-07-18 09:00:00-03:00,0.0,0.0,0.0,3.526
2017-07-18 10:00:00-03:00,0.01,0.006,0.016,4.011
2017-07-18 11:00:00-03:00,0.03,0.006,0.039,4.654
2017-07-18 12:00:00-03:00,0.047,0.006,0.057,4.905
2017-07-18 13:00:00-03:00,0.054,0.006,0.066,4.97
2017-07-18 14:00:00-03:00,0.037,0.003,0.049,4.73
2017-07-18 15:00:00-03:00,0.016,0.002,0.027,4.266
2017-07-18 16:00:00-03:00,0.003,0.001,0.01,3.598
2017-07-18 17:00:00-03:00,0.0,0.0,0.001,2.805
2017-07-18 18:00:00-03:00,0.0,0.0,0.0,2.241
2017-07-18 19:00:00-03:00,0.0,0.0,0.0,1.94
2017-07-18 20:00:00-03:00,0.0,0.0,0.0,1.82
2017-07-18 21:00:00-03:00,0.0,0.0,0.0,1.754
2017-07-18 22:00:00-03:00,0.0,0.0,0.0,1.717
2017-07-18 23:00:00-03:00,0.0,0.0,0.0,1.8399999999999999
2017-07-19 00:00:00-03:00,0.0,0.0,0.0,2.034
2017-07-19 01:00:00-03:00,0.0,0.0,0.0,2.127
2017-07-19 02:00:00-03:00,0.0,0.0,0.0,2.255
2017-07-19 03:00:00-03:00,0.0,0.0,0.0,2.521
2017-07-19 04:00:00-03:00,0.0,0.0,0.0,2.638
2017-07-19 05:00:00-03:00,0.0,0.0,0.0,2.553
2017-07-19 06:00:00-03:00,0.0,0.0,0.0,2.534
2017-07-19 07:00:00-03:00,0.0,0.0,0.0,2.608
2017-07-19 08:00:00-03:00,0.0,0.0,0.0,2.746
2017-07-19 09:00:00-03:00,0.0,0.001,0.001,2.862
2017-07-19 10:00:00-03:00,0.03,0.021,0.024,3.296
2017-07-19 11:00:00-03:00,0.068,0.028,0.058,4.056
2017-07-19 12:00:00-03:00,0.107,0.039,0.089,4.744
2017-07-19 13:00:00-03:00,0.148,0.057,0.113,5.074
2017-07-19 14:00:00-03:00,0.154,0.066,0.111,5.286
2017-07-19 15:00:00-03:00,0.123,0.059000000000000004,0.085,5.33
2017-07-19 16:00:00-03:00,0.075,0.045,0.049,4.906
2017-07-19 17:00:00-03:00,0.014,0.018000000000000002,0.009000000000000001,4.255
2017-07-19 18:00:00-03:00,0.0,0.0,0.0,3.872
2017-07-19 19:00:00-03:00,0.0,0.0,0.0,3.645
2017-07-19 20:00:00-03:00,0.0,0.0,0.0,3.5
2017-07-19 21:00:00-03:00,0.0,0.0,0.0,3.339
2017-07-19 22:00:00-03:00,0.0,0.0,0.0,3.167
2017-07-19 23:00:00-03:00,0.0,0.0,0.0,2.9130000000000003
2017-07-20 00:00:00-03:00,0.0,0.0,0.0,2.575
2017-07-20 01:00:00-03:00,0.0,0.0,0.0,2.255
2017-07-20 02:00:00-03:00,0.0,0.0,0.0,2.043
2017-07-20 03:00:00-03:00,0.0,0.0,0.0,1.862
2017-07-20 04:00:00-03:00,0.0,0.0,0.0,1.754
2017-07-20 05:00:00-03:00,0.0,0.0,0.0,1.588
2017-07-20 06:00:00-03:00,0.0,0.0,0.0,1.588
2017-07-20 07:00:00-03:00,0.0,0.0,0.0,1.613
2017-07-20 08:00:00-03:00,0.0,0.0,0.0,1.587
2017-07-20 09:00:00-03:00,0.0,0.0,0.0,1.596
2017-07-20 10:00:00-03:00,0.004,0.002,0.01,1.857
2017-07-20 11:00:00-03:00,0.022,0.004,0.032,2.321
2017-07-20 12:00:00-03:00,0.052000000000000005,0.008,0.061,2.6950000000000003
2017-07-20 13:00:00-03:00,0.07100000000000001,0.011,0.078,2.956
2017-07-20 14:00:00-03:00,0.091,0.019,0.091,3.354
2017-07-20 15:00:00-03:00,0.082,0.025,0.076,3.798
2017-07-20 16:00:00-03:00,0.054,0.025,0.046,3.824
2017-07-20 17:00:00-03:00,0.008,0.01,0.009000000000000001,2.9859999999999998
2017-07-20 18:00:00-03:00,0.0,0.0,0.0,2.436
2017-07-20 19:00:00-03:00,0.0,0.0,0.0,2.068
2017-07-20 20:00:00-03:00,0.0,0.0,0.0,1.712
2017-07-20 21:00:00-03:00,0.0,0.0,0.0,1.565
2017-07-20 22:00:00-03:00,0.0,0.0,0.0,1.521
2017-07-20 23:00:00-03:00,0.0,0.0,0.0,1.508
2017-07-21 00:00:00-03:00,0.0,0.0,0.0,1.439
2017-07-21 01:00:00-03:00,0.0,0.0,0.0,1.214
2017-07-21 02:00:00-03:00,0.0,0.0,0.0,1.059
2017-07-21 03:00:00-03:00,0.0,0.0,0.0,0.929
2017-07-21 04:00:00-03:00,0.0,0.0,0.0,0.897
2017-07-21 05:00:00-03:00,0.0,0.0,0.0,0.936
2017-07-21 06:00:00-03:00,0.0,0.0,0.0,1.097
2017-07-21 07:00:00-03:00,0.0,0.0,0.0,1.3719999999999999
2017-07-21 08:00:00-03:00,0.0,0.0,0.0,1.5750000000000002
2017-07-21 09:00:00-03:00,0.0,0.0,0.0,1.871
2017-07-21 10:00:00-03:00,0.003,0.001,0.009000000000000001,2.239
2017-07-21 11:00:00-03:00,0.01,0.001,0.02,2.323
2017-07-21 12:00:00-03:00,0.016,0.001,0.028,2.379
2017-07-21 13:00:00-03:00,0.021,0.001,0.034,2.243
2017-07-21 14:00:00-03:00,0.02,0.001,0.032,2.018
2017-07-21 15:00:00-03:00,0.026000000000000002,0.003,0.037,2.144
2017-07-21 16:00:00-03:00,0.033,0.01,0.038,2.339
2017-07-21 17:00:00-03:00,0.006,0.007,0.009000000000000001,2.112
2017-07-21 18:00:00-03:00,0.0,0.0,0.0,2.395
2017-07-21 19:00:00-03:00,0.0,0.0,0.0,2.7960000000000003
2017-07-21 20:00:00-03:00,0.0,0.0,0.0,3.164
2017-07-21 21:00:00-03:00,0.0,0.0,0.0,3.338
2017-07-21 22:00:00-03:00,0.0,0.0,0.0,3.431
2017-07-21 23:00:00-03:00,0.0,0.0,0.0,3.505
2017-07-22 00:00:00-03:00,0.0,0.0,0.0,3.474
2017-07-22 01:00:00-03:00,0.0,0.0,0.0,3.383
2017-07-22 02:00:00-03:00,0.0,0.0,0.0,3.313
2017-07-22 03:00:00-03:00,0.0,0.0,0.0,3.278
2017-07-22 04:00:00-03:00,0.0,0.0,0.0,3.235
2017-07-22 05:00:00-03:00,0.0,0.0,0.0,3.204
2017-07-22 06:00:00-03:00,0.0,0.0,0.0,3.232
2017-07-22 07:00:00-03:00,0.0,0.0,0.0,3.348
2017-07-22 08:00:00-03:00,0.0,0.0,0.0,3.532
2017-07-22 09:00:00-03:00,0.0,0.001,0.001,3.644
2017-07-22 10:00:00-03:00,0.034,0.023,0.027,3.98
2017-07-22 11:00:00-03:00,0.084,0.039,0.065,4.52
2017-07-22 12:00:00-03:00,0.135,0.058,0.099,5.087
2017-07-22 13:00:00-03:00,0.202,0.101,0.126,5.433
2017-07-22 14:00:00-03:00,0.18,0.08600000000000001,0.117,5.487
2017-07-22 15:00:00-03:00,0.148,0.078,0.092,5.359
2017-07-22 16:00:00-03:00,0.08600000000000001,0.053,0.053,5.046
2017-07-22 17:00:00-03:00,0.014,0.016,0.01,4.3870000000000005
2017-07-22 18:00:00-03:00,0.0,0.0,0.0,3.969
2017-07-22 19:00:00-03:00,0.0,0.0,0.0,3.9699999999999998
2017-07-22 20:00:00-03:00,0.0,0.0,0.0,3.985
2017-07-22 21:00:00-03:00,0.0,0.0,0.0,3.965
2017-07-22 22:00:00-03:00,0.0,0.0,0.0,3.868
2017-07-22 23:00:00-03:00,0.0,0.0,0.0,3.6550000000000002
2017-07-23 00:00:00-03:00,0.0,0.0,0.0,3.439
2017-07-23 01:00:00-03:00,0.0,0.0,0.0,3.229
2017-07-23 02:00:00-03:00,0.0,0.0,0.0,3.081
2017-07-23 03:00:00-03:00,0.0,0.0,0.0,3.121
2017-07-23 04:00:00-03:00,0.0,0.0,0.0,3.316
2017-07-23 05:00:00-03:00,0.0,0.0,0.0,3.462
2017-07-23 06:00:00-03:00,0.0,0.0,0.0,3.453
2017-07-23 07:00:00-03:00,0.0,0.0,0.0,3.374
2017-07-23 08:00:00-03:00,0.0,0.0,0.0,3.253
2017-07-23 09:00:00-03:00,0.0,0.001,0.001,3.135
2017-07-23 10:00:00-03:00,0.042,0.031,0.028,3.253
2017-07-23 11:00:00-03:00,0.122,0.07100000000000001,0.07100000000000001,3.61
2017-07-23 12:00:00-03:00,0.219,0.136,0.106,3.963
2017-07-23 13:00:00-03:00,0.354,0.272,0.116,4.29
2017-07-23 14:00:00-03:00,0.437,0.383,0.099,4.503
2017-07-23 15:00:00-03:00,0.334,0.278,0.088,4.419
2017-07-23 16:00:00-03:00,0.149,0.114,0.057,4.0
2017-07-23 17:00:00-03:00,0.041,0.044,0.013000000000000001,3.096
2017-07-23 18:00:00-03:00,0.0,0.0,0.0,2.077
2017-07-23 19:00:00-03:00,0.0,0.0,0.0,1.802
2017-07-23 20:00:00-03:00,0.0,0.0,0.0,1.798
2017-07-23 21:00:00-03:00,0.0,0.0,0.0,1.881
2017-07-23 22:00:00-03:00,0.0,0.0,0.0,2.089
2017-07-23 23:00:00-03:00,0.0,0.0,0.0,1.909
2017-07-24 00:00:00-03:00,0.0,0.0,0.0,1.732
2017-07-24 01:00:00-03:00,0.0,0.0,0.0,1.469
2017-07-24 02:00:00-03:00,0.0,0.0,0.0,1.212
2017-07-24 03:00:00-03:00,0.0,0.0,0.0,1.108
2017-07-24 04:00:00-03:00,0.0,0.0,0.0,1.3639999999999999
2017-07-24 05:00:00-03:00,0.0,0.0,0.0,1.5899999999999999
2017-07-24 06:00:00-03:00,0.0,0.0,0.0,1.7109999999999999
2017-07-24 07:00:00-03:00,0.0,0.0,0.0,1.9300000000000002
2017-07-24 08:00:00-03:00,0.0,0.0,0.0,2.008
2017-07-24 09:00:00-03:00,0.0,0.002,0.002,1.738
2017-07-24 10:00:00-03:00,0.12,0.101,0.038,2.179
2017-07-24 11:00:00-03:00,0.247,0.192,0.08,3.281
2017-07-24 12:00:00-03:00,0.159,0.077,0.10300000000000001,3.665
2017-07-24 13:00:00-03:00,0.11900000000000001,0.037,0.10300000000000001,3.926
2017-07-24 14:00:00-03:00,0.179,0.084,0.117,4.362
2017-07-24 15:00:00-03:00,0.242,0.17,0.098,4.624
2017-07-24 16:00:00-03:00,0.154,0.117,0.059000000000000004,4.486
2017-07-24 17:00:00-03:00,0.044,0.047,0.014,4.0
2017-07-24 18:00:00-03:00,0.0,0.0,0.0,3.393
2017-07-24 19:00:00-03:00,0.0,0.0,0.0,2.5
2017-07-24 20:00:00-03:00,0.0,0.0,0.0,2.189
2017-07-24 21:00:00-03:00,0.0,0.0,0.0,2.615
2017-07-24 22:00:00-03:00,0.0,0.0,0.0,2.989
2017-07-24 23:00:00-03:00,0.0,0.0,0.0,3.319
2017-07-25 00:00:00-03:00,0.0,0.0,0.0,3.604
2017-07-25 01:00:00-03:00,0.0,0.0,0.0,3.709
2017-07-25 02:00:00-03:00,0.0,0.0,0.0,3.931
2017-07-25 03:00:00-03:00,0.0,0.0,0.0,4.29
2017-07-25 04:00:00-03:00,0.0,0.0,0.0,4.679
2017-07-25 05:00:00-03:00,0.0,0.0,0.0,4.928
2017-07-25 06:00:00-03:00,0.0,0.0,0.0,5.395
2017-07-25 07:00:00-03:00,0.0,0.0,0.0,5.699
2017-07-25 08:00:00-03:00,0.0,0.0,0.0,5.9030000000000005
2017-07-25 09:00:00-03:00,0.0,0.002,0.002,5.922
2017-07-25 10:00:00-03:00,0.049,0.033,0.034,6.246
2017-07-25 11:00:00-03:00,0.049,0.014,0.053,6.564
2017-07-25 12:00:00-03:00,0.067,0.013000000000000001,0.074,6.793
2017-07-25 13:00:00-03:00,0.085,0.015,0.091,6.964
2017-07-25 14:00:00-03:00,0.073,0.012,0.081,7.139
2017-07-25 15:00:00-03:00,0.052000000000000005,0.01,0.061,7.355
2017-07-25 16:00:00-03:00,0.03,0.009000000000000001,0.037,7.34
2017-07-25 17:00:00-03:00,0.006,0.006,0.01,7.125
2017-07-25 18:00:00-03:00,0.0,0.0,0.0,6.851
2017-07-25 19:00:00-03:00,0.0,0.0,0.0,6.593
2017-07-25 20:00:00-03:00,0.0,0.0,0.0,6.214
2017-07-25 21:00:00-03:00,0.0,0.0,0.0,5.709
2017-07-25 22:00:00-03:00,0.0,0.0,0.0,5.269
2017-07-25 23:00:00-03:00,0.0,0.0,0.0,4.998
2017-07-26 00:00:00-03:00,0.0,0.0,0.0,5.247
2017-07-26 01:00:00-03:00,0.0,0.0,0.0,5.607
2017-07-26 02:00:00-03:00,0.0,0.0,0.0,5.714
2017-07-26 03:00:00-03:00,0.0,0.0,0.0,5.695
2017-07-26 04:00:00-03:00,0.0,0.0,0.0,5.751
2017-07-26 05:00:00-03:00,0.0,0.0,0.0,5.768
2017-07-26 06:00:00-03:00,0.0,0.0,0.0,5.721
2017-07-26 07:00:00-03:00,0.0,0.0,0.0,5.734
2017-07-26 08:00:00-03:00,0.0,0.0,0.0,5.831
2017-07-26 09:00:00-03:00,0.0,0.002,0.002,5.964
2017-07-26 10:00:00-03:00,0.06,0.043000000000000003,0.036000000000000004,6.075
2017-07-26 11:00:00-03:00,0.20400000000000001,0.14300000000000002,0.088,6.651
2017-07-26 12:00:00-03:00,0.113,0.039,0.096,6.819
2017-07-26 13:00:00-03:00,0.116,0.03,0.108,6.732
2017-07-26 14:00:00-03:00,0.08600000000000001,0.017,0.089,6.526
2017-07-26 15:00:00-03:00,0.078,0.022,0.076,6.167
2017-07-26 16:00:00-03:00,0.046,0.018000000000000002,0.046,5.525
2017-07-26 17:00:00-03:00,0.01,0.01,0.012,4.598
2017-07-26 18:00:00-03:00,0.0,0.0,0.0,4.013
2017-07-26 19:00:00-03:00,0.0,0.0,0.0,3.811
2017-07-26 20:00:00-03:00,0.0,0.0,0.0,3.597
2017-07-26 21:00:00-03:00,0.0,0.0,0.0,3.49
2017-07-26 22:00:00-03:00,0.0,0.0,0.0,3.485
2017-07-26 23:00:00-03:00,0.0,0.0,0.0,3.5300000000000002
2017-07-27 00:00:00-03:00,0.0,0.0,0.0,3.691
2017-07-27 01:00:00-03:00,0.0,0.0,0.0,3.899
2017-07-27 02:00:00-03:00,0.0,0.0,0.0,3.871
2017-07-27 03:00:00-03:00,0.0,0.0,0.0,3.605
2017-07-27 04:00:00-03:00,0.0,0.0,0.0,3.262
2017-07-27 05:00:00-03:00,0.0,0.0,0.0,2.875
2017-07-27 06:00:00-03:00,0.0,0.0,0.0,2.198
2017-07-27 07:00:00-03:00,0.0,0.0,0.0,1.6520000000000001
2017-07-27 08:00:00-03:00,0.0,0.0,0.0,1.4809999999999999
2017-07-27 09:00:00-03:00,0.001,0.005,0.003,1.504
2017-07-27 10:00:00-03:00,0.066,0.049,0.035,2.249
2017-07-27 11:00:00-03:00,0.158,0.10200000000000001,0.078,3.471
2017-07-27 12:00:00-03:00,0.267,0.184,0.109,3.6950000000000003
2017-07-27 13:00:00-03:00,0.419,0.34900000000000003,0.11,3.771
2017-07-27 14:00:00-03:00,0.496,0.457,0.091,3.863
2017-07-27 15:00:00-03:00,0.47700000000000004,0.45,0.076,3.873
2017-07-27 16:00:00-03:00,0.246,0.211,0.06,3.608
2017-07-27 17:00:00-03:00,0.065,0.066,0.017,2.524
2017-07-27 18:00:00-03:00,0.0,0.0,0.0,1.8
2017-07-27 19:00:00-03:00,0.0,0.0,0.0,1.637
2017-07-27 20:00:00-03:00,0.0,0.0,0.0,1.34
2017-07-27 21:00:00-03:00,0.0,0.0,0.0,0.893
2017-07-27 22:00:00-03:00,0.0,0.0,0.0,0.338
2017-07-27 23:00:00-03:00,0.0,0.0,0.0,-0.134
2017-07-28 00:00:00-03:00,0.0,0.0,0.0,-0.417
2017-07-28 01:00:00-03:00,0.0,0.0,0.0,-0.742
2017-07-28 02:00:00-03:00,0.0,0.0,0.0,-0.8130000000000001
2017-07-28 03:00:00-03:00,0.0,0.0,0.0,-0.676
2017-07-28 04:00:00-03:00,0.0,0.0,0.0,-0.679
2017-07-28 05:00:00-03:00,0.0,0.0,0.0,-0.667
2017-07-28 06:00:00-03:00,0.0,0.0,0.0,-0.747
2017-07-28 07:00:00-03:00,0.0,0.0,0.0,-0.727
2017-07-28 08:00:00-03:00,0.0,0.0,0.0,-0.6950000000000001
2017-07-28 09:00:00-03:00,0.013000000000000001,0.021,0.004,-0.598
2017-07-28 10:00:00-03:00,0.306,0.29,0.04,0.496
2017-07-28 11:00:00-03:00,0.481,0.46,0.064,1.329
2017-07-28 12:00:00-03:00,0.497,0.46,0.084,1.7429999999999999
2017-07-28 13:00:00-03:00,0.47500000000000003,0.421,0.098,1.987
2017-07-28 14:00:00-03:00,0.432,0.369,0.101,2.045
2017-07-28 15:00:00-03:00,0.362,0.304,0.088,1.921
2017-07-28 16:00:00-03:00,0.217,0.177,0.061,1.577
2017-07-28 17:00:00-03:00,0.065,0.064,0.018000000000000002,0.51
2017-07-28 18:00:00-03:00,0.0,0.0,0.0,-0.14
2017-07-28 19:00:00-03:00,0.0,0.0,0.0,-0.1
2017-07-28 20:00:00-03:00,0.0,0.0,0.0,-0.08
2017-07-28 21:00:00-03:00,0.0,0.0,0.0,-0.038
2017-07-28 22:00:00-03:00,0.0,0.0,0.0,0.029
2017-07-28 23:00:00-03:00,0.0,0.0,0.0,0.163
2017-07-29 00:00:00-03:00,0.0,0.0,0.0,0.28200000000000003
2017-07-29 01:00:00-03:00,0.0,0.0,0.0,0.362
2017-07-29 02:00:00-03:00,0.0,0.0,0.0,0.5640000000000001
2017-07-29 03:00:00-03:00,0.0,0.0,0.0,0.764
2017-07-29 04:00:00-03:00,0.0,0.0,0.0,0.917
2017-07-29 05:00:00-03:00,0.0,0.0,0.0,1.063
2017-07-29 06:00:00-03:00,0.0,0.0,0.0,1.393
2017-07-29 07:00:00-03:00,0.0,0.0,0.0,1.764
2017-07-29 08:00:00-03:00,0.0,0.0,0.0,2.163
2017-07-29 09:00:00-03:00,0.0,0.003,0.002,2.469
2017-07-29 10:00:00-03:00,0.092,0.069,0.041,2.852
2017-07-29 11:00:00-03:00,0.14400000000000002,0.084,0.081,3.399
2017-07-29 12:00:00-03:00,0.151,0.068,0.10400000000000001,3.925
2017-07-29 13:00:00-03:00,0.372,0.281,0.127,4.306
2017-07-29 14:00:00-03:00,0.40900000000000003,0.337,0.112,4.367
2017-07-29 15:00:00-03:00,0.373,0.316,0.093,4.321
2017-07-29 16:00:00-03:00,0.302,0.269,0.063,4.035
2017-07-29 17:00:00-03:00,0.101,0.098,0.022,3.263
2017-07-29 18:00:00-03:00,0.0,0.0,0.0,2.362
2017-07-29 19:00:00-03:00,0.0,0.0,0.0,1.9929999999999999
2017-07-29 20:00:00-03:00,0.0,0.0,0.0,1.709
2017-07-29 21:00:00-03:00,0.0,0.0,0.0,1.3719999999999999
2017-07-29 22:00:00-03:00,0.0,0.0,0.0,1.492
2017-07-29 23:00:00-03:00,0.0,0.0,0.0,1.545
2017-07-30 00:00:00-03:00,0.0,0.0,0.0,1.623
2017-07-30 01:00:00-03:00,0.0,0.0,0.0,1.925
2017-07-30 02:00:00-03:00,0.0,0.0,0.0,2.2439999999999998
2017-07-30 03:00:00-03:00,0.0,0.0,0.0,2.474
2017-07-30 04:00:00-03:00,0.0,0.0,0.0,2.666
2017-07-30 05:00:00-03:00,0.0,0.0,0.0,2.8970000000000002
2017-07-30 06:00:00-03:00,0.0,0.0,0.0,3.248
2017-07-30 07:00:00-03:00,0.0,0.0,0.0,3.621
2017-07-30 08:00:00-03:00,0.0,0.0,0.0,3.96
2017-07-30 09:00:00-03:00,0.0,0.003,0.003,4.223
2017-07-30 10:00:00-03:00,0.027,0.013000000000000001,0.029,4.577
2017-07-30 11:00:00-03:00,0.063,0.019,0.063,4.97
2017-07-30 12:00:00-03:00,0.127,0.04,0.108,5.4030000000000005
2017-07-30 13:00:00-03:00,0.15,0.044,0.128,5.797
2017-07-30 14:00:00-03:00,0.099,0.02,0.1,5.906
2017-07-30 15:00:00-03:00,0.07,0.015,0.074,5.912
2017-07-30 16:00:00-03:00,0.041,0.012,0.045,5.856
2017-07-30 17:00:00-03:00,0.006,0.004,0.011,5.697
2017-07-30 18:00:00-03:00,0.0,0.0,0.0,5.743
2017-07-30 19:00:00-03:00,0.0,0.0,0.0,5.967
2017-07-30 20:00:00-03:00,0.0,0.0,0.0,6.141
2017-07-30 21:00:00-03:00,0.0,0.0,0.0,6.249
2017-07-30 22:00:00-03:00,0.0,0.0,0.0,6.422
2017-07-30 23:00:00-03:00,0.0,0.0,0.0,6.505
2017-07-31 00:00:00-03:00,0.0,0.0,0.0,6.314
2017-07-31 01:00:00-03:00,0.0,0.0,0.0,5.968
2017-07-31 02:00:00-03:00,0.0,0.0,0.0,5.699
2017-07-31 03:00:00-03:00,0.0,0.0,0.0,5.464
2017-07-31 04:00:00-03:00,0.0,0.0,0.0,5.21
2017-07-31 05:00:00-03:00,0.0,0.0,0.0,4.983
2017-07-31 06:00:00-03:00,0.0,0.0,0.0,4.878
2017-07-31 07:00:00-03:00,0.0,0.0,0.0,4.797
2017-07-31 08:00:00-03:00,0.0,0.0,0.0,4.6129999999999995
2017-07-31 09:00:00-03:00,0.0,0.002,0.003,4.386
2017-07-31 10:00:00-03:00,0.025,0.011,0.029,4.429
2017-07-31 11:00:00-03:00,0.06,0.016,0.062,4.7010000000000005
2017-07-31 12:00:00-03:00,0.082,0.016,0.085,5.004
2017-07-31 13:00:00-03:00,0.08700000000000001,0.013000000000000001,0.093,5.252
2017-07-31 14:00:00-03:00,0.097,0.019,0.099,5.569
2017-07-31 15:00:00-03:00,0.116,0.04,0.098,5.872
2017-07-31 16:00:00-03:00,0.08600000000000001,0.042,0.064,5.866
2017-07-31 17:00:00-03:00,0.017,0.013000000000000001,0.017,5.448
2017-07-31 18:00:00-03:00,0.0,0.0,0.0,5.109
2017-07-31 19:00:00-03:00,0.0,0.0,0.0,5.06
2017-07-31 20:00:00-03:00,0.0,0.0,0.0,4.908
2017-07-31 21:00:00-03:00,0.0,0.0,0.0,4.878
2017-07-31 22:00:00-03:00,0.0,0.0,0.0,5.29
2017-07-31 23:00:00-03:00,0.0,0.0,0.0,5.43
2017-08-01 00:00:00-03:00,0.0,0.0,0.0,5.551
2017-08-01 01:00:00-03:00,0.0,0.0,0.0,5.549
2017-08-01 02:00:00-03:00,0.0,0.0,0.0,5.425
2017-08-01 03:00:00-03:00,0.0,0.0,0.0,5.222
2017-08-01 04:00:00-03:00,0.0,0.0,0.0,5.04
2017-08-01 05:00:00-03:00,0.0,0.0,0.0,5.185
2017-08-01 06:00:00-03:00,0.0,0.0,0.0,5.365
2017-08-01 07:00:00-03:00,0.0,0.0,0.0,5.366
2017-08-01 08:00:00-03:00,0.0,0.0,0.0,5.308
2017-08-01 09:00:00-03:00,0.002,0.006,0.004,5.16
2017-08-01 10:00:00-03:00,0.091,0.068,0.043000000000000003,5.104
2017-08-01 11:00:00-03:00,0.203,0.14200000000000002,0.08600000000000001,5.218
2017-08-01 12:00:00-03:00,0.429,0.372,0.10300000000000001,5.587
2017-08-01 13:00:00-03:00,0.518,0.482,0.099,5.968
2017-08-01 14:00:00-03:00,0.48,0.434,0.101,6.139
2017-08-01 15:00:00-03:00,0.41200000000000003,0.367,0.09,6.123
2017-08-01 16:00:00-03:00,0.294,0.26,0.066,5.856
2017-08-01 17:00:00-03:00,0.091,0.08700000000000001,0.025,5.385
2017-08-01 18:00:00-03:00,0.0,0.0,0.0,4.897
2017-08-01 19:00:00-03:00,0.0,0.0,0.0,4.595
2017-08-01 20:00:00-03:00,0.0,0.0,0.0,4.31
2017-08-01 21:00:00-03:00,0.0,0.0,0.0,3.829
2017-08-01 22:00:00-03:00,0.0,0.0,0.0,3.126
2017-08-01 23:00:00-03:00,0.0,0.0,0.0,2.621
2017-08-02 00:00:00-03:00,0.0,0.0,0.0,2.407
2017-08-02 01:00:00-03:00,0.0,0.0,0.0,2.303
2017-08-02 02:00:00-03:00,0.0,0.0,0.0,2.108
2017-08-02 03:00:00-03:00,0.0,0.0,0.0,1.8250000000000002
2017-08-02 04:00:00-03:00,0.0,0.0,0.0,1.584
2017-08-02 05:00:00-03:00,0.0,0.0,0.0,1.5899999999999999
2017-08-02 06:00:00-03:00,0.0,0.0,0.0,1.318
2017-08-02 07:00:00-03:00,0.0,0.0,0.0,1.186
2017-08-02 08:00:00-03:00,0.0,0.0,0.0,1.343
2017-08-02 09:00:00-03:00,0.006,0.01,0.005,1.395
2017-08-02 10:00:00-03:00,0.13,0.10300000000000001,0.048,2.216
2017-08-02 11:00:00-03:00,0.324,0.266,0.08700000000000001,3.044
2017-08-02 12:00:00-03:00,0.454,0.396,0.10300000000000001,3.8120000000000003
2017-08-02 13:00:00-03:00,0.40700000000000003,0.324,0.123,4.325
2017-08-02 14:00:00-03:00,0.367,0.279,0.124,4.583
2017-08-02 15:00:00-03:00,0.293,0.216,0.106,4.566
2017-08-02 16:00:00-03:00,0.168,0.121,0.07,4.257
2017-08-02 17:00:00-03:00,0.07100000000000001,0.064,0.025,3.518
2017-08-02 18:00:00-03:00,0.0,0.0,0.0,2.499
2017-08-02 19:00:00-03:00,0.0,0.0,0.0,2.371
2017-08-02 20:00:00-03:00,0.0,0.0,0.0,2.365
2017-08-02 21:00:00-03:00,0.0,0.0,0.0,2.384
2017-08-02 22:00:00-03:00,0.0,0.0,0.0,2.245
2017-08-02 23:00:00-03:00,0.0,0.0,0.0,2.182
2017-08-03 00:00:00-03:00,0.0,0.0,0.0,2.33
2017-08-03 01:00:00-03:00,0.0,0.0,0.0,2.503
2017-08-03 02:00:00-03:00,0.0,0.0,0.0,2.79
2017-08-03 03:00:00-03:00,0.0,0.0,0.0,3.036
2017-08-03 04:00:00-03:00,0.0,0.0,0.0,3.155
2017-08-03 05:00:00-03:00,0.0,0.0,0.0,3.273
2017-08-03 06:00:00-03:00,0.0,0.0,0.0,3.479
2017-08-03 07:00:00-03:00,0.0,0.0,0.0,3.434
2017-08-03 08:00:00-03:00,0.0,0.0,0.0,3.212
2017-08-03 09:00:00-03:00,0.019,0.025,0.007,3.016
2017-08-03 10:00:00-03:00,0.214,0.186,0.051000000000000004,3.27
2017-08-03 11:00:00-03:00,0.31,0.251,0.088,3.753
2017-08-03 12:00:00-03:00,0.325,0.23700000000000002,0.11800000000000001,4.227
2017-08-03 13:00:00-03:00,0.327,0.224,0.135,4.563
2017-08-03 14:00:00-03:00,0.337,0.242,0.128,4.759
2017-08-03 15:00:00-03:00,0.382,0.321,0.1,4.809
2017-08-03 16:00:00-03:00,0.269,0.226,0.07,4.478
2017-08-03 17:00:00-03:00,0.08600000000000001,0.078,0.027,3.92
2017-08-03 18:00:00-03:00,0.0,0.0,0.0,3.508
2017-08-03 19:00:00-03:00,0.0,0.0,0.0,3.422
2017-08-03 20:00:00-03:00,0.0,0.0,0.0,3.403
2017-08-03 21:00:00-03:00,0.0,0.0,0.0,3.351
2017-08-03 22:00:00-03:00,0.0,0.0,0.0,3.327
2017-08-03 23:00:00-03:00,0.0,0.0,0.0,3.347
2017-08-04 00:00:00-03:00,0.0,0.0,0.0,3.33
2017-08-04 01:00:00-03:00,0.0,0.0,0.0,3.198
2017-08-04 02:00:00-03:00,0.0,0.0,0.0,3.078
2017-08-04 03:00:00-03:00,0.0,0.0,0.0,2.977
2017-08-04 04:00:00-03:00,0.0,0.0,0.0,2.863
2017-08-04 05:00:00-03:00,0.0,0.0,0.0,2.739
2017-08-04 06:00:00-03:00,0.0,0.0,0.0,2.501
2017-08-04 07:00:00-03:00,0.0,0.0,0.0,2.077
2017-08-04 08:00:00-03:00,0.0,0.0,0.0,1.9180000000000001
2017-08-04 09:00:00-03:00,0.019,0.023,0.009000000000000001,2.053
2017-08-04 10:00:00-03:00,0.10200000000000001,0.07,0.052000000000000005,3.097
2017-08-04 11:00:00-03:00,0.128,0.059000000000000004,0.09,3.917
2017-08-04 12:00:00-03:00,0.154,0.055,0.121,4.602
2017-08-04 13:00:00-03:00,0.171,0.053,0.14,5.174
2017-08-04 14:00:00-03:00,0.107,0.021,0.107,5.414
2017-08-04 15:00:00-03:00,0.069,0.013000000000000001,0.075,5.45
2017-08-04 16:00:00-03:00,0.025,0.005,0.035,5.279
2017-08-04 17:00:00-03:00,0.001,0.001,0.007,4.955
2017-08-04 18:00:00-03:00,0.0,0.0,0.0,4.618
2017-08-04 19:00:00-03:00,0.0,0.0,0.0,4.364
2017-08-04 20:00:00-03:00,0.0,0.0,0.0,4.126
2017-08-04 21:00:00-03:00,0.0,0.0,0.0,3.815
2017-08-04 22:00:00-03:00,0.0,0.0,0.0,3.4939999999999998
2017-08-04 23:00:00-03:00,0.0,0.0,0.0,3.187
2017-08-05 00:00:00-03:00,0.0,0.0,0.0,2.954
2017-08-05 01:00:00-03:00,0.0,0.0,0.0,2.789
2017-08-05 02:00:00-03:00,0.0,0.0,0.0,2.693
2017-08-05 03:00:00-03:00,0.0,0.0,0.0,2.621
2017-08-05 04:00:00-03:00,0.0,0.0,0.0,2.542
2017-08-05 05:00:00-03:00,0.0,0.0,0.0,2.447
2017-08-05 06:00:00-03:00,0.0,0.0,0.0,2.565
2017-08-05 07:00:00-03:00,0.0,0.0,0.0,2.685
2017-08-05 08:00:00-03:00,0.0,0.0,0.0,2.7439999999999998
2017-08-05 09:00:00-03:00,0.0,0.001,0.003,2.993
2017-08-05 10:00:00-03:00,0.015,0.004,0.023,3.581
2017-08-05 11:00:00-03:00,0.048,0.009000000000000001,0.056,4.002
2017-08-05 12:00:00-03:00,0.096,0.018000000000000002,0.097,3.777
2017-08-05 13:00:00-03:00,0.128,0.025,0.123,3.482
2017-08-05 14:00:00-03:00,0.124,0.026000000000000002,0.11900000000000001,3.4050000000000002
2017-08-05 15:00:00-03:00,0.088,0.019,0.088,3.238
2017-08-05 16:00:00-03:00,0.046,0.012,0.051000000000000004,2.901
2017-08-05 17:00:00-03:00,0.01,0.005,0.016,2.444
2017-08-05 18:00:00-03:00,0.0,0.0,0.0,2.044
2017-08-05 19:00:00-03:00,0.0,0.0,0.0,1.879
2017-08-05 20:00:00-03:00,0.0,0.0,0.0,1.581
2017-08-05 21:00:00-03:00,0.0,0.0,0.0,1.137
2017-08-05 22:00:00-03:00,0.0,0.0,0.0,0.8310000000000001
2017-08-05 23:00:00-03:00,0.0,0.0,0.0,0.709
2017-08-06 00:00:00-03:00,0.0,0.0,0.0,0.6900000000000001
2017-08-06 01:00:00-03:00,0.0,0.0,0.0,0.8170000000000001
2017-08-06 02:00:00-03:00,0.0,0.0,0.0,0.9580000000000001
2017-08-06 03:00:00-03:00,0.0,0.0,0.0,0.915
2017-08-06 04:00:00-03:00,0.0,0.0,0.0,0.783
2017-08-06 05:00:00-03:00,0.0,0.0,0.0,0.655
2017-08-06 06:00:00-03:00,0.0,0.0,0.0,0.546
2017-08-06 07:00:00-03:00,0.0,0.0,0.0,0.507
2017-08-06 08:00:00-03:00,0.0,0.0,0.0,0.47200000000000003
2017-08-06 09:00:00-03:00,0.0,0.001,0.003,0.444
2017-08-06 10:00:00-03:00,0.014,0.004,0.023,0.533
2017-08-06 11:00:00-03:00,0.045,0.008,0.054,0.723
2017-08-06 12:00:00-03:00,0.081,0.012,0.08700000000000001,1.007
2017-08-06 13:00:00-03:00,0.115,0.019,0.115,1.418
2017-08-06 14:00:00-03:00,0.114,0.021,0.112,1.755
2017-08-06 15:00:00-03:00,0.105,0.026000000000000002,0.098,1.96
2017-08-06 16:00:00-03:00,0.063,0.02,0.061,2.006
2017-08-06 17:00:00-03:00,0.017,0.009000000000000001,0.021,1.85
2017-08-06 18:00:00-03:00,0.0,0.0,0.0,1.645
2017-08-06 19:00:00-03:00,0.0,0.0,0.0,1.51
2017-08-06 20:00:00-03:00,0.0,0.0,0.0,1.471
2017-08-06 21:00:00-03:00,0.0,0.0,0.0,1.423
2017-08-06 22:00:00-03:00,0.0,0.0,0.0,1.416
2017-08-06 23:00:00-03:00,0.0,0.0,0.0,1.467
2017-08-07 00:00:00-03:00,0.0,0.0,0.0,1.479
2017-08-07 01:00:00-03:00,0.0,0.0,0.0,1.542
2017-08-07 02:00:00-03:00,0.0,0.0,0.0,1.591
2017-08-07 03:00:00-03:00,0.0,0.0,0.0,1.619
2017-08-07 04:00:00-03:00,0.0,0.0,0.0,1.637
2017-08-07 05:00:00-03:00,0.0,0.0,0.0,1.6600000000000001
2017-08-07 06:00:00-03:00,0.0,0.0,0.0,1.818
2017-08-07 07:00:00-03:00,0.0,0.0,0.0,2.096
2017-08-07 08:00:00-03:00,0.0,0.0,0.0,2.349
2017-08-07 09:00:00-03:00,0.001,0.002,0.005,2.6710000000000003
2017-08-07 10:00:00-03:00,0.02,0.005,0.028,3.053
2017-08-07 11:00:00-03:00,0.041,0.006,0.052000000000000005,3.518
2017-08-07 12:00:00-03:00,0.059000000000000004,0.006,0.07100000000000001,3.928
2017-08-07 13:00:00-03:00,0.07,0.006,0.083,4.234
2017-08-07 14:00:00-03:00,0.066,0.006,0.079,4.471
2017-08-07 15:00:00-03:00,0.05,0.005,0.062,4.599
2017-08-07 16:00:00-03:00,0.029,0.005,0.039,4.631
2017-08-07 17:00:00-03:00,0.006,0.003,0.014,4.477
2017-08-07 18:00:00-03:00,0.0,0.0,0.0,4.124
2017-08-07 19:00:00-03:00,0.0,0.0,0.0,4.052
2017-08-07 20:00:00-03:00,0.0,0.0,0.0,4.036
2017-08-07 21:00:00-03:00,0.0,0.0,0.0,4.033
2017-08-07 22:00:00-03:00,0.0,0.0,0.0,4.036
2017-08-07 23:00:00-03:00,0.0,0.0,0.0,4.008
2017-08-08 00:00:00-03:00,0.0,0.0,0.0,3.931
2017-08-08 01:00:00-03:00,0.0,0.0,0.0,3.899
2017-08-08 02:00:00-03:00,0.0,0.0,0.0,3.839
2017-08-08 03:00:00-03:00,0.0,0.0,0.0,3.602
2017-08-08 04:00:00-03:00,0.0,0.0,0.0,3.072
2017-08-08 05:00:00-03:00,0.0,0.0,0.0,2.461
2017-08-08 06:00:00-03:00,0.0,0.0,0.0,2.191
2017-08-08 07:00:00-03:00,0.0,0.0,0.0,2.2640000000000002
2017-08-08 08:00:00-03:00,0.0,0.0,0.0,2.477
2017-08-08 09:00:00-03:00,0.003,0.005,0.006,2.682
2017-08-08 10:00:00-03:00,0.043000000000000003,0.019,0.04,2.983
2017-08-08 11:00:00-03:00,0.116,0.049,0.08700000000000001,3.476
2017-08-08 12:00:00-03:00,0.315,0.211,0.134,4.302
2017-08-08 13:00:00-03:00,0.585,0.556,0.106,5.509
2017-08-08 14:00:00-03:00,0.521,0.47200000000000003,0.114,6.53
2017-08-08 15:00:00-03:00,0.266,0.17500000000000002,0.121,6.816
2017-08-08 16:00:00-03:00,0.084,0.037,0.068,6.484
2017-08-08 17:00:00-03:00,0.012,0.007,0.018000000000000002,5.75
2017-08-08 18:00:00-03:00,0.0,0.0,0.0,5.321
2017-08-08 19:00:00-03:00,0.0,0.0,0.0,5.287
2017-08-08 20:00:00-03:00,0.0,0.0,0.0,5.414
2017-08-08 21:00:00-03:00,0.0,0.0,0.0,5.517
2017-08-08 22:00:00-03:00,0.0,0.0,0.0,5.451
2017-08-08 23:00:00-03:00,0.0,0.0,0.0,5.393
2017-08-09 00:00:00-03:00,0.0,0.0,0.0,5.429
2017-08-09 01:00:00-03:00,0.0,0.0,0.0,5.517
2017-08-09 02:00:00-03:00,0.0,0.0,0.0,5.525
2017-08-09 03:00:00-03:00,0.0,0.0,0.0,5.42
2017-08-09 04:00:00-03:00,0.0,0.0,0.0,5.263
2017-08-09 05:00:00-03:00,0.0,0.0,0.0,5.044
2017-08-09 06:00:00-03:00,0.0,0.0,0.0,4.444
2017-08-09 07:00:00-03:00,0.0,0.0,0.0,3.693
2017-08-09 08:00:00-03:00,0.0,0.0,0.0,2.873
2017-08-09 09:00:00-03:00,0.112,0.11900000000000001,0.013000000000000001,2.685
2017-08-09 10:00:00-03:00,0.34900000000000003,0.331,0.051000000000000004,4.232
2017-08-09 11:00:00-03:00,0.625,0.655,0.058,5.617
2017-08-09 12:00:00-03:00,0.685,0.735,0.058,6.464
2017-08-09 13:00:00-03:00,0.6990000000000001,0.759,0.056,7.061
2017-08-09 14:00:00-03:00,0.6930000000000001,0.753,0.055,7.308
2017-08-09 15:00:00-03:00,0.655,0.7030000000000001,0.056,7.409
2017-08-09 16:00:00-03:00,0.559,0.585,0.05,7.258
2017-08-09 17:00:00-03:00,0.319,0.322,0.031,6.017
2017-08-09 18:00:00-03:00,0.002,0.008,0.001,4.347
2017-08-09 19:00:00-03:00,0.0,0.0,0.0,3.627
2017-08-09 20:00:00-03:00,0.0,0.0,0.0,2.855
2017-08-09 21:00:00-03:00,0.0,0.0,0.0,1.949
2017-08-09 22:00:00-03:00,0.0,0.0,0.0,1.133
2017-08-09 23:00:00-03:00,0.0,0.0,0.0,1.009
2017-08-10 00:00:00-03:00,0.0,0.0,0.0,0.961
2017-08-10 01:00:00-03:00,0.0,0.0,0.0,0.25
2017-08-10 02:00:00-03:00,0.0,0.0,0.0,-0.074
2017-08-10 03:00:00-03:00,0.0,0.0,0.0,-0.378
2017-08-10 04:00:00-03:00,0.0,0.0,0.0,-0.465
2017-08-10 05:00:00-03:00,0.0,0.0,0.0,-0.492
2017-08-10 06:00:00-03:00,0.0,0.0,0.0,-0.023
2017-08-10 07:00:00-03:00,0.0,0.0,0.0,0.188
2017-08-10 08:00:00-03:00,0.0,0.0,0.0,0.835
2017-08-10 09:00:00-03:00,0.006,0.008,0.008,1.135
2017-08-10 10:00:00-03:00,0.078,0.047,0.049,1.7770000000000001
2017-08-10 11:00:00-03:00,0.552,0.533,0.079,2.9210000000000003
2017-08-10 12:00:00-03:00,0.627,0.629,0.081,4.307
2017-08-10 13:00:00-03:00,0.631,0.634,0.085,5.608
2017-08-10 14:00:00-03:00,0.598,0.593,0.089,6.771
2017-08-10 15:00:00-03:00,0.537,0.52,0.088,7.327
2017-08-10 16:00:00-03:00,0.211,0.155,0.083,7.024
2017-08-10 17:00:00-03:00,0.018000000000000002,0.011,0.021,5.683
2017-08-10 18:00:00-03:00,0.0,0.001,0.001,4.7379999999999995
2017-08-10 19:00:00-03:00,0.0,0.0,0.0,4.283
2017-08-10 20:00:00-03:00,0.0,0.0,0.0,3.979
2017-08-10 21:00:00-03:00,0.0,0.0,0.0,3.478
2017-08-10 22:00:00-03:00,0.0,0.0,0.0,2.723
2017-08-10 23:00:00-03:00,0.0,0.0,0.0,2.227
2017-08-11 00:00:00-03:00,0.0,0.0,0.0,1.916
2017-08-11 01:00:00-03:00,0.0,0.0,0.0,1.595
2017-08-11 02:00:00-03:00,0.0,0.0,0.0,1.326
2017-08-11 03:00:00-03:00,0.0,0.0,0.0,1.17
2017-08-11 04:00:00-03:00,0.0,0.0,0.0,1.146
2017-08-11 05:00:00-03:00,0.0,0.0,0.0,1.156
2017-08-11 06:00:00-03:00,0.0,0.0,0.0,1.573
2017-08-11 07:00:00-03:00,0.0,0.0,0.0,2.115
2017-08-11 08:00:00-03:00,0.0,0.0,0.0,2.612
2017-08-11 09:00:00-03:00,0.037,0.039,0.014,2.946
2017-08-11 10:00:00-03:00,0.152,0.114,0.06,4.14
2017-08-11 11:00:00-03:00,0.323,0.256,0.099,5.087
2017-08-11 12:00:00-03:00,0.48,0.423,0.112,5.9350000000000005
2017-08-11 13:00:00-03:00,0.47400000000000003,0.404,0.126,6.433
2017-08-11 14:00:00-03:00,0.42,0.337,0.131,6.612
2017-08-11 15:00:00-03:00,0.365,0.292,0.113,6.582
2017-08-11 16:00:00-03:00,0.30000000000000004,0.252,0.081,6.315
2017-08-11 17:00:00-03:00,0.145,0.128,0.039,5.641
2017-08-11 18:00:00-03:00,0.0,0.004,0.002,4.716
2017-08-11 19:00:00-03:00,0.0,0.0,0.0,4.154
2017-08-11 20:00:00-03:00,0.0,0.0,0.0,3.722
2017-08-11 21:00:00-03:00,0.0,0.0,0.0,3.421
2017-08-11 22:00:00-03:00,0.0,0.0,0.0,3.232
2017-08-11 23:00:00-03:00,0.0,0.0,0.0,3.006
2017-08-12 00:00:00-03:00,0.0,0.0,0.0,2.844
2017-08-12 01:00:00-03:00,0.0,0.0,0.0,2.627
2017-08-12 02:00:00-03:00,0.0,0.0,0.0,2.473
2017-08-12 03:00:00-03:00,0.0,0.0,0.0,2.391
2017-08-12 04:00:00-03:00,0.0,0.0,0.0,2.448
2017-08-12 05:00:00-03:00,0.0,0.0,0.0,2.502
2017-08-12 06:00:00-03:00,0.0,0.0,0.0,2.586
2017-08-12 07:00:00-03:00,0.0,0.0,0.0,2.67
2017-08-12 08:00:00-03:00,0.0,0.0,0.0,2.616
2017-08-12 09:00:00-03:00,0.01,0.01,0.011,2.748
2017-08-12 10:00:00-03:00,0.048,0.018000000000000002,0.047,3.558
2017-08-12 11:00:00-03:00,0.057,0.011,0.064,4.005
2017-08-12 12:00:00-03:00,0.067,0.008,0.078,4.32
2017-08-12 13:00:00-03:00,0.082,0.009000000000000001,0.093,4.743
2017-08-12 14:00:00-03:00,0.101,0.015,0.106,5.381
2017-08-12 15:00:00-03:00,0.13,0.039,0.113,6.041
2017-08-12 16:00:00-03:00,0.136,0.07100000000000001,0.088,6.172
2017-08-12 17:00:00-03:00,0.066,0.046,0.039,5.435
2017-08-12 18:00:00-03:00,0.001,0.004,0.002,4.043
2017-08-12 19:00:00-03:00,0.0,0.0,0.0,3.2
2017-08-12 20:00:00-03:00,0.0,0.0,0.0,2.526
2017-08-12 21:00:00-03:00,0.0,0.0,0.0,2.014
2017-08-12 22:00:00-03:00,0.0,0.0,0.0,1.617
2017-08-12 23:00:00-03:00,0.0,0.0,0.0,1.399
2017-08-13 00:00:00-03:00,0.0,0.0,0.0,1.301
2017-08-13 01:00:00-03:00,0.0,0.0,0.0,1.2
2017-08-13 02:00:00-03:00,0.0,0.0,0.0,0.916
2017-08-13 03:00:00-03:00,0.0,0.0,0.0,0.882
2017-08-13 04:00:00-03:00,0.0,0.0,0.0,0.8160000000000001
2017-08-13 05:00:00-03:00,0.0,0.0,0.0,0.792
2017-08-13 06:00:00-03:00,0.0,0.0,0.0,0.85
2017-08-13 07:00:00-03:00,0.0,0.0,0.0,1.011
2017-08-13 08:00:00-03:00,0.0,0.0,0.0,1.07
2017-08-13 09:00:00-03:00,0.004,0.005,0.007,1.002
2017-08-13 10:00:00-03:00,0.089,0.05,0.058,1.884
2017-08-13 11:00:00-03:00,0.289,0.20600000000000002,0.11,3.34
2017-08-13 12:00:00-03:00,0.392,0.299,0.133,4.781
2017-08-13 13:00:00-03:00,0.546,0.492,0.122,5.8100000000000005
2017-08-13 14:00:00-03:00,0.45,0.363,0.137,6.191
2017-08-13 15:00:00-03:00,0.23900000000000002,0.138,0.128,6.015
2017-08-13 16:00:00-03:00,0.092,0.039,0.073,5.504
2017-08-13 17:00:00-03:00,0.035,0.02,0.031,4.821
2017-08-13 18:00:00-03:00,0.0,0.003,0.002,3.81
2017-08-13 19:00:00-03:00,0.0,0.0,0.0,3.271
2017-08-13 20:00:00-03:00,0.0,0.0,0.0,2.8
2017-08-13 21:00:00-03:00,0.0,0.0,0.0,2.172
2017-08-13 22:00:00-03:00,0.0,0.0,0.0,1.88
2017-08-13 23:00:00-03:00,0.0,0.0,0.0,1.885
2017-08-14 00:00:00-03:00,0.0,0.0,0.0,1.915
2017-08-14 01:00:00-03:00,0.0,0.0,0.0,1.716
2017-08-14 02:00:00-03:00,0.0,0.0,0.0,1.593
2017-08-14 03:00:00-03:00,0.0,0.0,0.0,1.439
2017-08-14 04:00:00-03:00,0.0,0.0,0.0,1.495
2017-08-14 05:00:00-03:00,0.0,0.0,0.0,1.72
2017-08-14 06:00:00-03:00,0.0,0.0,0.0,1.869
2017-08-14 07:00:00-03:00,0.0,0.0,0.0,1.955
2017-08-14 08:00:00-03:00,0.0,0.0,0.0,1.9460000000000002
2017-08-14 09:00:00-03:00,0.018000000000000002,0.018000000000000002,0.014,2.048
2017-08-14 10:00:00-03:00,0.112,0.066,0.065,2.499
2017-08-14 11:00:00-03:00,0.203,0.113,0.112,2.984
2017-08-14 12:00:00-03:00,0.23500000000000001,0.112,0.148,3.35
2017-08-14 13:00:00-03:00,0.231,0.089,0.166,3.527
2017-08-14 14:00:00-03:00,0.159,0.042,0.138,3.532
2017-08-14 15:00:00-03:00,0.137,0.043000000000000003,0.115,3.54
2017-08-14 16:00:00-03:00,0.109,0.047,0.082,3.349
2017-08-14 17:00:00-03:00,0.039,0.021,0.033,2.932
2017-08-14 18:00:00-03:00,0.0,0.002,0.002,2.512
2017-08-14 19:00:00-03:00,0.0,0.0,0.0,2.243
2017-08-14 20:00:00-03:00,0.0,0.0,0.0,2.109
2017-08-14 21:00:00-03:00,0.0,0.0,0.0,2.012
2017-08-14 22:00:00-03:00,0.0,0.0,0.0,1.904
2017-08-14 23:00:00-03:00,0.0,0.0,0.0,1.7570000000000001
2017-08-15 00:00:00-03:00,0.0,0.0,0.0,1.529
2017-08-15 01:00:00-03:00,0.0,0.0,0.0,1.343
2017-08-15 02:00:00-03:00,0.0,0.0,0.0,1.2429999999999999
2017-08-15 03:00:00-03:00,0.0,0.0,0.0,1.242
2017-08-15 04:00:00-03:00,0.0,0.0,0.0,1.333
2017-08-15 05:00:00-03:00,0.0,0.0,0.0,1.432
2017-08-15 06:00:00-03:00,0.0,0.0,0.0,1.486
2017-08-15 07:00:00-03:00,0.0,0.0,0.0,1.506
2017-08-15 08:00:00-03:00,0.0,0.0,0.0,1.5
2017-08-15 09:00:00-03:00,0.099,0.096,0.022,1.683
2017-08-15 10:00:00-03:00,0.352,0.316,0.066,2.37
2017-08-15 11:00:00-03:00,0.443,0.388,0.097,3.125
2017-08-15 12:00:00-03:00,0.512,0.453,0.115,3.938
2017-08-15 13:00:00-03:00,0.523,0.456,0.127,4.598
2017-08-15 14:00:00-03:00,0.439,0.34500000000000003,0.139,4.952
2017-08-15 15:00:00-03:00,0.325,0.23,0.128,5.048
2017-08-15 16:00:00-03:00,0.167,0.10200000000000001,0.088,4.862
2017-08-15 17:00:00-03:00,0.06,0.04,0.038,4.5120000000000005
2017-08-15 18:00:00-03:00,0.0,0.003,0.003,4.165
2017-08-15 19:00:00-03:00,0.0,0.0,0.0,4.047
2017-08-15 20:00:00-03:00,0.0,0.0,0.0,4.001
2017-08-15 21:00:00-03:00,0.0,0.0,0.0,3.973
2017-08-15 22:00:00-03:00,0.0,0.0,0.0,4.019
2017-08-15 23:00:00-03:00,0.0,0.0,0.0,4.25
2017-08-16 00:00:00-03:00,0.0,0.0,0.0,4.563
2017-08-16 01:00:00-03:00,0.0,0.0,0.0,4.643
2017-08-16 02:00:00-03:00,0.0,0.0,0.0,4.472
2017-08-16 03:00:00-03:00,0.0,0.0,0.0,4.186
2017-08-16 04:00:00-03:00,0.0,0.0,0.0,4.001
2017-08-16 05:00:00-03:00,0.0,0.0,0.0,3.848
2017-08-16 06:00:00-03:00,0.0,0.0,0.0,3.656
2017-08-16 07:00:00-03:00,0.0,0.0,0.0,3.384
2017-08-16 08:00:00-03:00,0.0,0.0,0.0,3.078
2017-08-16 09:00:00-03:00,0.036000000000000004,0.032,0.02,2.957
2017-08-16 10:00:00-03:00,0.098,0.051000000000000004,0.067,3.463
2017-08-16 11:00:00-03:00,0.10400000000000001,0.03,0.094,4.156
2017-08-16 12:00:00-03:00,0.08600000000000001,0.012,0.094,4.355
2017-08-16 13:00:00-03:00,0.064,0.005,0.077,3.108
2017-08-16 14:00:00-03:00,0.062,0.005,0.074,2.003
2017-08-16 15:00:00-03:00,0.063,0.008,0.07200000000000001,1.845
2017-08-16 16:00:00-03:00,0.117,0.048,0.088,1.456
2017-08-16 17:00:00-03:00,0.133,0.101,0.051000000000000004,0.916
2017-08-16 18:00:00-03:00,0.008,0.013000000000000001,0.005,0.35100000000000003
2017-08-16 19:00:00-03:00,0.0,0.0,0.0,0.117
2017-08-16 20:00:00-03:00,0.0,0.0,0.0,0.254
2017-08-16 21:00:00-03:00,0.0,0.0,0.0,0.625
2017-08-16 22:00:00-03:00,0.0,0.0,0.0,1.05
2017-08-16 23:00:00-03:00,0.0,0.0,0.0,1.018
2017-08-17 00:00:00-03:00,0.0,0.0,0.0,0.717
2017-08-17 01:00:00-03:00,0.0,0.0,0.0,0.503
2017-08-17 02:00:00-03:00,0.0,0.0,0.0,0.445
2017-08-17 03:00:00-03:00,0.0,0.0,0.0,0.433
2017-08-17 04:00:00-03:00,0.0,0.0,0.0,0.363
2017-08-17 05:00:00-03:00,0.0,0.0,0.0,0.405
2017-08-17 06:00:00-03:00,0.0,0.0,0.0,0.426
2017-08-17 07:00:00-03:00,0.0,0.0,0.0,0.371
2017-08-17 08:00:00-03:00,0.0,0.0,0.0,0.28
2017-08-17 09:00:00-03:00,0.09,0.084,0.024,0.601
2017-08-17 10:00:00-03:00,0.248,0.199,0.07200000000000001,1.5270000000000001
2017-08-17 11:00:00-03:00,0.38,0.305,0.108,2.165
2017-08-17 12:00:00-03:00,0.41200000000000003,0.313,0.137,2.665
2017-08-17 13:00:00-03:00,0.426,0.312,0.154,3.085
2017-08-17 14:00:00-03:00,0.39,0.273,0.153,3.39
2017-08-17 15:00:00-03:00,0.338,0.23900000000000002,0.13,3.543
2017-08-17 16:00:00-03:00,0.246,0.177,0.094,3.462
2017-08-17 17:00:00-03:00,0.151,0.122,0.049,2.935
2017-08-17 18:00:00-03:00,0.012,0.018000000000000002,0.005,1.3980000000000001
2017-08-17 19:00:00-03:00,0.0,0.0,0.0,0.6970000000000001
2017-08-17 20:00:00-03:00,0.0,0.0,0.0,0.41300000000000003
2017-08-17 21:00:00-03:00,0.0,0.0,0.0,0.47900000000000004
2017-08-17 22:00:00-03:00,0.0,0.0,0.0,0.861
2017-08-17 23:00:00-03:00,0.0,0.0,0.0,0.989
2017-08-18 00:00:00-03:00,0.0,0.0,0.0,0.87
2017-08-18 01:00:00-03:00,0.0,0.0,0.0,0.663
2017-08-18 02:00:00-03:00,0.0,0.0,0.0,0.451
2017-08-18 03:00:00-03:00,0.0,0.0,0.0,0.274
2017-08-18 04:00:00-03:00,0.0,0.0,0.0,0.121
2017-08-18 05:00:00-03:00,0.0,0.0,0.0,0.2
2017-08-18 06:00:00-03:00,0.0,0.0,0.0,0.217
2017-08-18 07:00:00-03:00,0.0,0.0,0.0,0.359
2017-08-18 08:00:00-03:00,0.0,0.0,0.0,0.217
2017-08-18 09:00:00-03:00,0.038,0.032,0.022,0.637
2017-08-18 10:00:00-03:00,0.135,0.08,0.074,1.4100000000000001
2017-08-18 11:00:00-03:00,0.221,0.121,0.122,1.853
2017-08-18 12:00:00-03:00,0.268,0.131,0.161,2.172
2017-08-18 13:00:00-03:00,0.23900000000000002,0.08600000000000001,0.176,2.327
2017-08-18 14:00:00-03:00,0.17300000000000001,0.043000000000000003,0.151,2.34
2017-08-18 15:00:00-03:00,0.10200000000000001,0.02,0.101,2.216
2017-08-18 16:00:00-03:00,0.048,0.009000000000000001,0.056,1.917
2017-08-18 17:00:00-03:00,0.015,0.005,0.023,1.298
2017-08-18 18:00:00-03:00,0.0,0.001,0.002,0.8160000000000001
2017-08-18 19:00:00-03:00,0.0,0.0,0.0,0.8320000000000001
2017-08-18 20:00:00-03:00,0.0,0.0,0.0,0.901
2017-08-18 21:00:00-03:00,0.0,0.0,0.0,0.9530000000000001
2017-08-18 22:00:00-03:00,0.0,0.0,0.0,0.98
2017-08-18 23:00:00-03:00,0.0,0.0,0.0,1.011
2017-08-19 00:00:00-03:00,0.0,0.0,0.0,0.9450000000000001
2017-08-19 01:00:00-03:00,0.0,0.0,0.0,0.8300000000000001
2017-08-19 02:00:00-03:00,0.0,0.0,0.0,0.785
2017-08-19 03:00:00-03:00,0.0,0.0,0.0,0.742
2017-08-19 04:00:00-03:00,0.0,0.0,0.0,0.709
2017-08-19 05:00:00-03:00,0.0,0.0,0.0,0.681
2017-08-19 06:00:00-03:00,0.0,0.0,0.0,0.679
2017-08-19 07:00:00-03:00,0.0,0.0,0.0,0.775
2017-08-19 08:00:00-03:00,0.0,0.0,0.0,0.965
2017-08-19 09:00:00-03:00,0.01,0.007,0.014,1.498
2017-08-19 10:00:00-03:00,0.05,0.016,0.051000000000000004,2.392
2017-08-19 11:00:00-03:00,0.129,0.044,0.106,3.242
2017-08-19 12:00:00-03:00,0.179,0.056,0.145,3.681
2017-08-19 13:00:00-03:00,0.222,0.07200000000000001,0.17400000000000002,3.755
2017-08-19 14:00:00-03:00,0.184,0.051000000000000004,0.155,3.563
2017-08-19 15:00:00-03:00,0.162,0.055,0.129,3.345
2017-08-19 16:00:00-03:00,0.168,0.089,0.1,3.182
2017-08-19 17:00:00-03:00,0.133,0.098,0.055,2.741
2017-08-19 18:00:00-03:00,0.015,0.02,0.007,1.518
2017-08-19 19:00:00-03:00,0.0,0.0,0.0,1.068
2017-08-19 20:00:00-03:00,0.0,0.0,0.0,1.022
2017-08-19 21:00:00-03:00,0.0,0.0,0.0,0.977
2017-08-19 22:00:00-03:00,0.0,0.0,0.0,0.968
2017-08-19 23:00:00-03:00,0.0,0.0,0.0,0.975
2017-08-20 00:00:00-03:00,0.0,0.0,0.0,1.057
2017-08-20 01:00:00-03:00,0.0,0.0,0.0,1.241
2017-08-20 02:00:00-03:00,0.0,0.0,0.0,1.447
2017-08-20 03:00:00-03:00,0.0,0.0,0.0,1.667
2017-08-20 04:00:00-03:00,0.0,0.0,0.0,1.913
2017-08-20 05:00:00-03:00,0.0,0.0,0.0,2.146
2017-08-20 06:00:00-03:00,0.0,0.0,0.0,2.495
2017-08-20 07:00:00-03:00,0.0,0.0,0.0,2.958
2017-08-20 08:00:00-03:00,0.0,0.0,0.0,3.384
2017-08-20 09:00:00-03:00,0.013000000000000001,0.008,0.017,3.949
2017-08-20 10:00:00-03:00,0.042,0.01,0.049,4.618
2017-08-20 11:00:00-03:00,0.078,0.014,0.084,5.215
2017-08-20 12:00:00-03:00,0.128,0.023,0.127,5.532
2017-08-20 13:00:00-03:00,0.17200000000000001,0.032,0.163,5.69
2017-08-20 14:00:00-03:00,0.07100000000000001,0.005,0.085,5.382
2017-08-20 15:00:00-03:00,0.036000000000000004,0.002,0.049,5.05
2017-08-20 16:00:00-03:00,0.028,0.003,0.04,4.864
2017-08-20 17:00:00-03:00,0.012,0.003,0.021,4.63
2017-08-20 18:00:00-03:00,0.0,0.0,0.002,4.13
2017-08-20 19:00:00-03:00,0.0,0.0,0.0,3.472
2017-08-20 20:00:00-03:00,0.0,0.0,0.0,2.665
2017-08-20 21:00:00-03:00,0.0,0.0,0.0,2.51
2017-08-20 22:00:00-03:00,0.0,0.0,0.0,2.758
2017-08-20 23:00:00-03:00,0.0,0.0,0.0,3.502
2017-08-21 00:00:00-03:00,0.0,0.0,0.0,4.839
2017-08-21 01:00:00-03:00,0.0,0.0,0.0,6.306
2017-08-21 02:00:00-03:00,0.0,0.0,0.0,6.909
2017-08-21 03:00:00-03:00,0.0,0.0,0.0,6.845
2017-08-21 04:00:00-03:00,0.0,0.0,0.0,4.879
2017-08-21 05:00:00-03:00,0.0,0.0,0.0,3.3609999999999998
2017-08-21 06:00:00-03:00,0.0,0.0,0.0,3.014
2017-08-21 07:00:00-03:00,0.0,0.0,0.0,2.872
2017-08-21 08:00:00-03:00,0.0,0.001,0.0,2.596
2017-08-21 09:00:00-03:00,0.081,0.07,0.03,2.724
2017-08-21 10:00:00-03:00,0.156,0.101,0.076,3.384
2017-08-21 11:00:00-03:00,0.311,0.219,0.122,4.189
2017-08-21 12:00:00-03:00,0.454,0.36,0.14200000000000002,4.846
2017-08-21 13:00:00-03:00,0.496,0.402,0.151,5.318
2017-08-21 14:00:00-03:00,0.41300000000000003,0.297,0.16,5.556
2017-08-21 15:00:00-03:00,0.34500000000000003,0.24,0.14,5.623
2017-08-21 16:00:00-03:00,0.20400000000000001,0.126,0.10300000000000001,5.43
2017-08-21 17:00:00-03:00,0.046,0.023,0.04,4.75
2017-08-21 18:00:00-03:00,0.0,0.002,0.004,4.367
2017-08-21 19:00:00-03:00,0.0,0.0,0.0,4.654
2017-08-21 20:00:00-03:00,0.0,0.0,0.0,4.947
2017-08-21 21:00:00-03:00,0.0,0.0,0.0,5.09
2017-08-21 22:00:00-03:00,0.0,0.0,0.0,5.022
2017-08-21 23:00:00-03:00,0.0,0.0,0.0,4.899
2017-08-22 00:00:00-03:00,0.0,0.0,0.0,4.9510000000000005
2017-08-22 01:00:00-03:00,0.0,0.0,0.0,4.925
2017-08-22 02:00:00-03:00,0.0,0.0,0.0,4.549
2017-08-22 03:00:00-03:00,0.0,0.0,0.0,4.032
2017-08-22 04:00:00-03:00,0.0,0.0,0.0,3.787
2017-08-22 05:00:00-03:00,0.0,0.0,0.0,4.141
2017-08-22 06:00:00-03:00,0.0,0.0,0.0,4.375
2017-08-22 07:00:00-03:00,0.0,0.0,0.0,4.008
2017-08-22 08:00:00-03:00,0.0,0.0,0.0,3.42
2017-08-22 09:00:00-03:00,0.054,0.042,0.03,3.104
2017-08-22 10:00:00-03:00,0.115,0.059000000000000004,0.076,3.368
2017-08-22 11:00:00-03:00,0.126,0.04,0.106,3.657
2017-08-22 12:00:00-03:00,0.157,0.038,0.14,3.466
2017-08-22 13:00:00-03:00,0.122,0.018000000000000002,0.124,2.983
2017-08-22 14:00:00-03:00,0.21,0.064,0.168,3.133
2017-08-22 15:00:00-03:00,0.28300000000000003,0.156,0.153,3.048
2017-08-22 16:00:00-03:00,0.185,0.101,0.105,2.532
2017-08-22 17:00:00-03:00,0.077,0.044,0.051000000000000004,2.081
2017-08-22 18:00:00-03:00,0.007,0.009000000000000001,0.007,1.787
2017-08-22 19:00:00-03:00,0.0,0.0,0.0,1.552
2017-08-22 20:00:00-03:00,0.0,0.0,0.0,1.343
2017-08-22 21:00:00-03:00,0.0,0.0,0.0,1.222
2017-08-22 22:00:00-03:00,0.0,0.0,0.0,1.058
2017-08-22 23:00:00-03:00,0.0,0.0,0.0,0.864
2017-08-23 00:00:00-03:00,0.0,0.0,0.0,0.797
2017-08-23 01:00:00-03:00,0.0,0.0,0.0,0.887
2017-08-23 02:00:00-03:00,0.0,0.0,0.0,1.014
2017-08-23 03:00:00-03:00,0.0,0.0,0.0,1.145
2017-08-23 04:00:00-03:00,0.0,0.0,0.0,1.213
2017-08-23 05:00:00-03:00,0.0,0.0,0.0,1.213
2017-08-23 06:00:00-03:00,0.0,0.0,0.0,1.155
2017-08-23 07:00:00-03:00,0.0,0.0,0.0,1.043
2017-08-23 08:00:00-03:00,0.0,0.002,0.001,0.924
2017-08-23 09:00:00-03:00,0.139,0.123,0.034,1.155
2017-08-23 10:00:00-03:00,0.308,0.254,0.08,1.787
2017-08-23 11:00:00-03:00,0.4,0.321,0.114,2.41
2017-08-23 12:00:00-03:00,0.498,0.41600000000000004,0.133,3.027
2017-08-23 13:00:00-03:00,0.48,0.378,0.151,3.5060000000000002
2017-08-23 14:00:00-03:00,0.548,0.481,0.13,3.919
2017-08-23 15:00:00-03:00,0.538,0.488,0.111,4.157
2017-08-23 16:00:00-03:00,0.40800000000000003,0.352,0.096,4.148
2017-08-23 17:00:00-03:00,0.113,0.079,0.054,3.678
2017-08-23 18:00:00-03:00,0.012,0.016,0.008,2.677
2017-08-23 19:00:00-03:00,0.0,0.0,0.0,2.43
2017-08-23 20:00:00-03:00,0.0,0.0,0.0,2.733
2017-08-23 21:00:00-03:00,0.0,0.0,0.0,2.916
2017-08-23 22:00:00-03:00,0.0,0.0,0.0,2.8609999999999998
2017-08-23 23:00:00-03:00,0.0,0.0,0.0,2.615
2017-08-24 00:00:00-03:00,0.0,0.0,0.0,2.169
2017-08-24 01:00:00-03:00,0.0,0.0,0.0,1.687
2017-08-24 02:00:00-03:00,0.0,0.0,0.0,1.274
2017-08-24 03:00:00-03:00,0.0,0.0,0.0,1.011
2017-08-24 04:00:00-03:00,0.0,0.0,0.0,0.77
2017-08-24 05:00:00-03:00,0.0,0.0,0.0,0.779
2017-08-24 06:00:00-03:00,0.0,0.0,0.0,0.898
2017-08-24 07:00:00-03:00,0.0,0.0,0.0,0.85
2017-08-24 08:00:00-03:00,0.0,0.001,0.001,0.599
2017-08-24 09:00:00-03:00,0.095,0.08,0.034,0.998
2017-08-24 10:00:00-03:00,0.441,0.404,0.077,2.289
2017-08-24 11:00:00-03:00,0.5630000000000001,0.531,0.097,3.398
2017-08-24 12:00:00-03:00,0.562,0.506,0.123,4.5600000000000005
2017-08-24 13:00:00-03:00,0.443,0.319,0.171,4.872
2017-08-24 14:00:00-03:00,0.20500000000000002,0.069,0.16,4.305
2017-08-24 15:00:00-03:00,0.14300000000000002,0.043000000000000003,0.12,3.526
2017-08-24 16:00:00-03:00,0.183,0.10200000000000001,0.10300000000000001,3.18
2017-08-24 17:00:00-03:00,0.264,0.226,0.062,2.774
2017-08-24 18:00:00-03:00,0.052000000000000005,0.057,0.012,2.021
2017-08-24 19:00:00-03:00,0.0,0.0,0.0,1.607
2017-08-24 20:00:00-03:00,0.0,0.0,0.0,1.561
2017-08-24 21:00:00-03:00,0.0,0.0,0.0,1.5979999999999999
2017-08-24 22:00:00-03:00,0.0,0.0,0.0,1.574
2017-08-24 23:00:00-03:00,0.0,0.0,0.0,1.5350000000000001
2017-08-25 00:00:00-03:00,0.0,0.0,0.0,1.451
2017-08-25 01:00:00-03:00,0.0,0.0,0.0,1.369
2017-08-25 02:00:00-03:00,0.0,0.0,0.0,1.319
2017-08-25 03:00:00-03:00,0.0,0.0,0.0,1.224
2017-08-25 04:00:00-03:00,0.0,0.0,0.0,1.088
2017-08-25 05:00:00-03:00,0.0,0.0,0.0,0.9560000000000001
2017-08-25 06:00:00-03:00,0.0,0.0,0.0,0.803
2017-08-25 07:00:00-03:00,0.0,0.0,0.0,0.6900000000000001
2017-08-25 08:00:00-03:00,0.0,0.004,0.002,0.603
2017-08-25 09:00:00-03:00,0.126,0.108,0.037,1.27
2017-08-25 10:00:00-03:00,0.332,0.279,0.082,2.399
2017-08-25 11:00:00-03:00,0.533,0.489,0.101,3.292
2017-08-25 12:00:00-03:00,0.648,0.636,0.1,4.037
2017-08-25 13:00:00-03:00,0.673,0.67,0.1,4.567
2017-08-25 14:00:00-03:00,0.5660000000000001,0.509,0.127,4.845
2017-08-25 15:00:00-03:00,0.443,0.358,0.132,4.991
2017-08-25 16:00:00-03:00,0.194,0.115,0.10300000000000001,4.886
2017-08-25 17:00:00-03:00,0.069,0.039,0.049,4.44
2017-08-25 18:00:00-03:00,0.009000000000000001,0.011,0.009000000000000001,3.338
2017-08-25 19:00:00-03:00,0.0,0.0,0.0,3.014
2017-08-25 20:00:00-03:00,0.0,0.0,0.0,2.883
2017-08-25 21:00:00-03:00,0.0,0.0,0.0,2.548
2017-08-25 22:00:00-03:00,0.0,0.0,0.0,2.338
2017-08-25 23:00:00-03:00,0.0,0.0,0.0,2.2
2017-08-26 00:00:00-03:00,0.0,0.0,0.0,2.163
2017-08-26 01:00:00-03:00,0.0,0.0,0.0,2.2
2017-08-26 02:00:00-03:00,0.0,0.0,0.0,2.222
2017-08-26 03:00:00-03:00,0.0,0.0,0.0,2.17
2017-08-26 04:00:00-03:00,0.0,0.0,0.0,2.071
2017-08-26 05:00:00-03:00,0.0,0.0,0.0,1.962
2017-08-26 06:00:00-03:00,0.0,0.0,0.0,1.9220000000000002
2017-08-26 07:00:00-03:00,0.0,0.0,0.0,2.035
2017-08-26 08:00:00-03:00,0.0,0.0,0.001,2.283
2017-08-26 09:00:00-03:00,0.013000000000000001,0.006,0.019,2.544
2017-08-26 10:00:00-03:00,0.05,0.012,0.055,2.928
2017-08-26 11:00:00-03:00,0.135,0.038,0.117,3.442
2017-08-26 12:00:00-03:00,0.224,0.074,0.17400000000000002,4.119
2017-08-26 13:00:00-03:00,0.20500000000000002,0.047,0.182,4.673
2017-08-26 14:00:00-03:00,0.162,0.029,0.156,4.943
2017-08-26 15:00:00-03:00,0.117,0.021,0.117,5.021
2017-08-26 16:00:00-03:00,0.057,0.009000000000000001,0.066,4.878
2017-08-26 17:00:00-03:00,0.018000000000000002,0.004,0.027,4.551
2017-08-26 18:00:00-03:00,0.0,0.001,0.005,4.025
2017-08-26 19:00:00-03:00,0.0,0.0,0.0,3.563
2017-08-26 20:00:00-03:00,0.0,0.0,0.0,3.356
2017-08-26 21:00:00-03:00,0.0,0.0,0.0,3.192
2017-08-26 22:00:00-03:00,0.0,0.0,0.0,3.011
2017-08-26 23:00:00-03:00,0.0,0.0,0.0,2.821
2017-08-27 00:00:00-03:00,0.0,0.0,0.0,2.702
2017-08-27 01:00:00-03:00,0.0,0.0,0.0,2.5700000000000003
2017-08-27 02:00:00-03:00,0.0,0.0,0.0,2.379
2017-08-27 03:00:00-03:00,0.0,0.0,0.0,2.172
2017-08-27 04:00:00-03:00,0.0,0.0,0.0,1.936
2017-08-27 05:00:00-03:00,0.0,0.0,0.0,1.671
2017-08-27 06:00:00-03:00,0.0,0.0,0.0,1.545
2017-08-27 07:00:00-03:00,0.0,0.0,0.0,1.416
2017-08-27 08:00:00-03:00,0.0,0.003,0.002,1.316
2017-08-27 09:00:00-03:00,0.107,0.08700000000000001,0.039,2.033
2017-08-27 10:00:00-03:00,0.25,0.186,0.089,2.841
2017-08-27 11:00:00-03:00,0.362,0.267,0.127,3.34
2017-08-27 12:00:00-03:00,0.434,0.321,0.155,3.7560000000000002
2017-08-27 13:00:00-03:00,0.432,0.30000000000000004,0.176,3.972
2017-08-27 14:00:00-03:00,0.444,0.321,0.168,4.131
2017-08-27 15:00:00-03:00,0.366,0.255,0.146,4.159
2017-08-27 16:00:00-03:00,0.306,0.225,0.11,4.011
2017-08-27 17:00:00-03:00,0.194,0.152,0.065,3.629
2017-08-27 18:00:00-03:00,0.069,0.07100000000000001,0.016,2.707
2017-08-27 19:00:00-03:00,0.0,0.0,0.0,1.9889999999999999
2017-08-27 20:00:00-03:00,0.0,0.0,0.0,1.931
2017-08-27 21:00:00-03:00,0.0,0.0,0.0,1.831
2017-08-27 22:00:00-03:00,0.0,0.0,0.0,1.787
2017-08-27 23:00:00-03:00,0.0,0.0,0.0,1.738
2017-08-28 00:00:00-03:00,0.0,0.0,0.0,1.617
2017-08-28 01:00:00-03:00,0.0,0.0,0.0,1.584
2017-08-28 02:00:00-03:00,0.0,0.0,0.0,1.5270000000000001
2017-08-28 03:00:00-03:00,0.0,0.0,0.0,1.564
2017-08-28 04:00:00-03:00,0.0,0.0,0.0,1.859
2017-08-28 05:00:00-03:00,0.0,0.0,0.0,2.141
2017-08-28 06:00:00-03:00,0.0,0.0,0.0,2.263
2017-08-28 07:00:00-03:00,0.0,0.0,0.0,2.328
2017-08-28 08:00:00-03:00,0.0,0.002,0.002,2.327
2017-08-28 09:00:00-03:00,0.085,0.065,0.039,2.626
2017-08-28 10:00:00-03:00,0.315,0.255,0.089,3.439
2017-08-28 11:00:00-03:00,0.464,0.395,0.117,4.207
2017-08-28 12:00:00-03:00,0.536,0.465,0.134,4.942
2017-08-28 13:00:00-03:00,0.5750000000000001,0.511,0.138,5.621
2017-08-28 14:00:00-03:00,0.542,0.467,0.14300000000000002,6.029
2017-08-28 15:00:00-03:00,0.443,0.354,0.139,6.157
2017-08-28 16:00:00-03:00,0.252,0.169,0.111,6.044
2017-08-28 17:00:00-03:00,0.132,0.09,0.064,5.765
2017-08-28 18:00:00-03:00,0.025,0.026000000000000002,0.013000000000000001,5.371
2017-08-28 19:00:00-03:00,0.0,0.0,0.0,5.134
2017-08-28 20:00:00-03:00,0.0,0.0,0.0,5.051
2017-08-28 21:00:00-03:00,0.0,0.0,0.0,4.938
2017-08-28 22:00:00-03:00,0.0,0.0,0.0,4.856
2017-08-28 23:00:00-03:00,0.0,0.0,0.0,4.769
2017-08-29 00:00:00-03:00,0.0,0.0,0.0,4.805
2017-08-29 01:00:00-03:00,0.0,0.0,0.0,4.978
2017-08-29 02:00:00-03:00,0.0,0.0,0.0,5.063
2017-08-29 03:00:00-03:00,0.0,0.0,0.0,4.917
2017-08-29 04:00:00-03:00,0.0,0.0,0.0,4.807
2017-08-29 05:00:00-03:00,0.0,0.0,0.0,4.699
2017-08-29 06:00:00-03:00,0.0,0.0,0.0,4.59
2017-08-29 07:00:00-03:00,0.0,0.0,0.0,4.42
2017-08-29 08:00:00-03:00,0.0,0.001,0.002,4.314
2017-08-29 09:00:00-03:00,0.012,0.004,0.019,4.416
2017-08-29 10:00:00-03:00,0.029,0.004,0.04,4.548
2017-08-29 11:00:00-03:00,0.047,0.004,0.06,4.699
2017-08-29 12:00:00-03:00,0.076,0.006,0.09,4.971
2017-08-29 13:00:00-03:00,0.093,0.006,0.106,5.258
2017-08-29 14:00:00-03:00,0.085,0.006,0.099,5.332
2017-08-29 15:00:00-03:00,0.097,0.013000000000000001,0.105,5.564
2017-08-29 16:00:00-03:00,0.13,0.044,0.108,5.99
2017-08-29 17:00:00-03:00,0.099,0.053,0.067,6.132
2017-08-29 18:00:00-03:00,0.032,0.031,0.017,5.777
2017-08-29 19:00:00-03:00,0.0,0.0,0.0,5.36
2017-08-29 20:00:00-03:00,0.0,0.0,0.0,5.197
2017-08-29 21:00:00-03:00,0.0,0.0,0.0,5.084
2017-08-29 22:00:00-03:00,0.0,0.0,0.0,5.017
2017-08-29 23:00:00-03:00,0.0,0.0,0.0,5.031
2017-08-30 00:00:00-03:00,0.0,0.0,0.0,4.981
2017-08-30 01:00:00-03:00,0.0,0.0,0.0,4.751
2017-08-30 02:00:00-03:00,0.0,0.0,0.0,4.234
2017-08-30 03:00:00-03:00,0.0,0.0,0.0,3.777
2017-08-30 04:00:00-03:00,0.0,0.0,0.0,3.412
2017-08-30 05:00:00-03:00,0.0,0.0,0.0,3.081
2017-08-30 06:00:00-03:00,0.0,0.0,0.0,2.705
2017-08-30 07:00:00-03:00,0.0,0.0,0.0,2.359
2017-08-30 08:00:00-03:00,0.007,0.013000000000000001,0.004,2.144
2017-08-30 09:00:00-03:00,0.192,0.167,0.047,3.166
2017-08-30 10:00:00-03:00,0.40700000000000003,0.359,0.089,4.299
2017-08-30 11:00:00-03:00,0.451,0.376,0.124,5.238
2017-08-30 12:00:00-03:00,0.483,0.39,0.15,6.699
2017-08-30 13:00:00-03:00,0.5630000000000001,0.493,0.149,7.904
2017-08-30 14:00:00-03:00,0.531,0.45,0.154,8.5
2017-08-30 15:00:00-03:00,0.31,0.188,0.158,8.614
2017-08-30 16:00:00-03:00,0.1,0.033,0.089,8.234
2017-08-30 17:00:00-03:00,0.039,0.014,0.042,7.634
2017-08-30 18:00:00-03:00,0.006,0.006,0.009000000000000001,6.981
2017-08-30 19:00:00-03:00,0.0,0.0,0.0,6.076
2017-08-30 20:00:00-03:00,0.0,0.0,0.0,5.255
2017-08-30 21:00:00-03:00,0.0,0.0,0.0,4.733
2017-08-30 22:00:00-03:00,0.0,0.0,0.0,4.413
2017-08-30 23:00:00-03:00,0.0,0.0,0.0,4.179
2017-08-31 00:00:00-03:00,0.0,0.0,0.0,3.926
2017-08-31 01:00:00-03:00,0.0,0.0,0.0,3.5869999999999997
2017-08-31 02:00:00-03:00,0.0,0.0,0.0,3.265
2017-08-31 03:00:00-03:00,0.0,0.0,0.0,2.985
2017-08-31 04:00:00-03:00,0.0,0.0,0.0,2.766
2017-08-31 05:00:00-03:00,0.0,0.0,0.0,2.942
2017-08-31 06:00:00-03:00,0.0,0.0,0.0,3.612
2017-08-31 07:00:00-03:00,0.0,0.0,0.0,4.103
2017-08-31 08:00:00-03:00,0.011,0.018000000000000002,0.005,4.359
2017-08-31 09:00:00-03:00,0.26,0.24,0.048,4.942
2017-08-31 10:00:00-03:00,0.383,0.335,0.088,5.674
2017-08-31 11:00:00-03:00,0.41500000000000004,0.335,0.125,6.25
2017-08-31 12:00:00-03:00,0.457,0.36,0.15,6.683
2017-08-31 13:00:00-03:00,0.628,0.599,0.123,7.176
2017-08-31 14:00:00-03:00,0.611,0.58,0.122,7.48
2017-08-31 15:00:00-03:00,0.5710000000000001,0.536,0.115,7.489
2017-08-31 16:00:00-03:00,0.511,0.48,0.095,7.267
2017-08-31 17:00:00-03:00,0.373,0.34700000000000003,0.067,6.793
2017-08-31 18:00:00-03:00,0.14200000000000002,0.14100000000000001,0.023,5.785
2017-08-31 19:00:00-03:00,0.0,0.0,0.0,4.407
2017-08-31 20:00:00-03:00,0.0,0.0,0.0,4.067
2017-08-31 21:00:00-03:00,0.0,0.0,0.0,3.803
2017-08-31 22:00:00-03:00,0.0,0.0,0.0,3.469
2017-08-31 23:00:00-03:00,0.0,0.0,0.0,3.122
2017-09-01 00:00:00-03:00,0.0,0.0,0.0,2.7960000000000003
2017-09-01 01:00:00-03:00,0.0,0.0,0.0,2.589
2017-09-01 02:00:00-03:00,0.0,0.0,0.0,2.424
2017-09-01 03:00:00-03:00,0.0,0.0,0.0,2.208
2017-09-01 04:00:00-03:00,0.0,0.0,0.0,1.858
2017-09-01 05:00:00-03:00,0.0,0.0,0.0,1.666
2017-09-01 06:00:00-03:00,0.0,0.0,0.0,1.529
2017-09-01 07:00:00-03:00,0.0,0.0,0.0,1.434
2017-09-01 08:00:00-03:00,0.012,0.018000000000000002,0.005,1.587
2017-09-01 09:00:00-03:00,0.152,0.125,0.048,2.959
2017-09-01 10:00:00-03:00,0.336,0.275,0.094,4.254
2017-09-01 11:00:00-03:00,0.528,0.47800000000000004,0.114,5.694
2017-09-01 12:00:00-03:00,0.65,0.639,0.111,7.087
2017-09-01 13:00:00-03:00,0.644,0.627,0.11800000000000001,7.673
2017-09-01 14:00:00-03:00,0.641,0.622,0.12,7.923
2017-09-01 15:00:00-03:00,0.484,0.40700000000000003,0.138,7.936
2017-09-01 16:00:00-03:00,0.262,0.17500000000000002,0.11800000000000001,7.673
2017-09-01 17:00:00-03:00,0.098,0.057,0.063,7.051
2017-09-01 18:00:00-03:00,0.038,0.035,0.02,5.857
2017-09-01 19:00:00-03:00,0.0,0.0,0.0,4.861
2017-09-01 20:00:00-03:00,0.0,0.0,0.0,4.329
2017-09-01 21:00:00-03:00,0.0,0.0,0.0,3.746
2017-09-01 22:00:00-03:00,0.0,0.0,0.0,3.185
2017-09-01 23:00:00-03:00,0.0,0.0,0.0,2.775
2017-09-02 00:00:00-03:00,0.0,0.0,0.0,2.681
2017-09-02 01:00:00-03:00,0.0,0.0,0.0,2.769
2017-09-02 02:00:00-03:00,0.0,0.0,0.0,2.7800000000000002
2017-09-02 03:00:00-03:00,0.0,0.0,0.0,2.614
2017-09-02 04:00:00-03:00,0.0,0.0,0.0,2.2560000000000002
2017-09-02 05:00:00-03:00,0.0,0.0,0.0,2.142
2017-09-02 06:00:00-03:00,0.0,0.0,0.0,2.243
2017-09-02 07:00:00-03:00,0.0,0.0,0.0,2.31
2017-09-02 08:00:00-03:00,0.005,0.009000000000000001,0.005,2.572
2017-09-02 09:00:00-03:00,0.101,0.074,0.047,3.783
2017-09-02 10:00:00-03:00,0.279,0.20600000000000002,0.101,4.533
2017-09-02 11:00:00-03:00,0.309,0.197,0.14300000000000002,4.6
2017-09-02 12:00:00-03:00,0.304,0.152,0.181,4.325
2017-09-02 13:00:00-03:00,0.30000000000000004,0.126,0.202,4.211
2017-09-02 14:00:00-03:00,0.378,0.221,0.194,4.445
2017-09-02 15:00:00-03:00,0.453,0.35000000000000003,0.151,4.684
2017-09-02 16:00:00-03:00,0.405,0.331,0.115,4.621
2017-09-02 17:00:00-03:00,0.364,0.325,0.074,4.28
2017-09-02 18:00:00-03:00,0.17500000000000002,0.169,0.027,3.458
2017-09-02 19:00:00-03:00,0.0,0.0,0.0,2.329
2017-09-02 20:00:00-03:00,0.0,0.0,0.0,2.15
2017-09-02 21:00:00-03:00,0.0,0.0,0.0,2.136
2017-09-02 22:00:00-03:00,0.0,0.0,0.0,2.101
2017-09-02 23:00:00-03:00,0.0,0.0,0.0,2.065
2017-09-03 00:00:00-03:00,0.0,0.0,0.0,1.979
2017-09-03 01:00:00-03:00,0.0,0.0,0.0,1.828
2017-09-03 02:00:00-03:00,0.0,0.0,0.0,1.698
2017-09-03 03:00:00-03:00,0.0,0.0,0.0,1.6179999999999999
2017-09-03 04:00:00-03:00,0.0,0.0,0.0,1.657
2017-09-03 05:00:00-03:00,0.0,0.0,0.0,1.857
2017-09-03 06:00:00-03:00,0.0,0.0,0.0,2.114
2017-09-03 07:00:00-03:00,0.0,0.0,0.0,2.388
2017-09-03 08:00:00-03:00,0.006,0.01,0.006,2.684
2017-09-03 09:00:00-03:00,0.064,0.039,0.043000000000000003,3.279
2017-09-03 10:00:00-03:00,0.168,0.094,0.096,4.233
2017-09-03 11:00:00-03:00,0.338,0.227,0.146,5.349
2017-09-03 12:00:00-03:00,0.392,0.255,0.179,6.18
2017-09-03 13:00:00-03:00,0.422,0.27,0.199,6.679
2017-09-03 14:00:00-03:00,0.464,0.333,0.185,6.773
2017-09-03 15:00:00-03:00,0.322,0.195,0.162,6.397
2017-09-03 16:00:00-03:00,0.34900000000000003,0.262,0.124,5.977
2017-09-03 17:00:00-03:00,0.23500000000000001,0.184,0.078,5.344
2017-09-03 18:00:00-03:00,0.154,0.147,0.029,4.366
2017-09-03 19:00:00-03:00,0.0,0.0,0.0,3.402
2017-09-03 20:00:00-03:00,0.0,0.0,0.0,2.925
2017-09-03 21:00:00-03:00,0.0,0.0,0.0,2.526
2017-09-03 22:00:00-03:00,0.0,0.0,0.0,2.016
2017-09-03 23:00:00-03:00,0.0,0.0,0.0,1.458
2017-09-04 00:00:00-03:00,0.0,0.0,0.0,1.147
2017-09-04 01:00:00-03:00,0.0,0.0,0.0,1.052
2017-09-04 02:00:00-03:00,0.0,0.0,0.0,1.063
2017-09-04 03:00:00-03:00,0.0,0.0,0.0,1.192
2017-09-04 04:00:00-03:00,0.0,0.0,0.0,1.509
2017-09-04 05:00:00-03:00,0.0,0.0,0.0,1.794
2017-09-04 06:00:00-03:00,0.0,0.0,0.0,1.764
2017-09-04 07:00:00-03:00,0.0,0.0,0.0,1.596
2017-09-04 08:00:00-03:00,0.028,0.034,0.008,2.015
2017-09-04 09:00:00-03:00,0.17400000000000002,0.14,0.055,3.333
2017-09-04 10:00:00-03:00,0.254,0.178,0.10200000000000001,4.261
2017-09-04 11:00:00-03:00,0.339,0.229,0.14400000000000002,5.233
2017-09-04 12:00:00-03:00,0.431,0.304,0.17500000000000002,6.156
2017-09-04 13:00:00-03:00,0.41600000000000004,0.262,0.201,6.862
2017-09-04 14:00:00-03:00,0.393,0.244,0.193,7.359
2017-09-04 15:00:00-03:00,0.406,0.297,0.157,7.767
2017-09-04 16:00:00-03:00,0.484,0.435,0.111,7.947
2017-09-04 17:00:00-03:00,0.355,0.318,0.078,7.647
2017-09-04 18:00:00-03:00,0.057,0.051000000000000004,0.025,6.606
2017-09-04 19:00:00-03:00,0.0,0.0,0.0,5.733
2017-09-04 20:00:00-03:00,0.0,0.0,0.0,5.45
2017-09-04 21:00:00-03:00,0.0,0.0,0.0,5.075
2017-09-04 22:00:00-03:00,0.0,0.0,0.0,4.448
2017-09-04 23:00:00-03:00,0.0,0.0,0.0,3.961
2017-09-05 00:00:00-03:00,0.0,0.0,0.0,3.745
2017-09-05 01:00:00-03:00,0.0,0.0,0.0,3.7199999999999998
2017-09-05 02:00:00-03:00,0.0,0.0,0.0,3.67
2017-09-05 03:00:00-03:00,0.0,0.0,0.0,3.5869999999999997
2017-09-05 04:00:00-03:00,0.0,0.0,0.0,3.597
2017-09-05 05:00:00-03:00,0.0,0.0,0.0,3.823
2017-09-05 06:00:00-03:00,0.0,0.0,0.0,4.131
2017-09-05 07:00:00-03:00,0.0,0.0,0.0,4.382
2017-09-05 08:00:00-03:00,0.0,0.001,0.002,4.656
2017-09-05 09:00:00-03:00,0.039,0.019,0.037,4.854
2017-09-05 10:00:00-03:00,0.20500000000000002,0.125,0.10400000000000001,4.571
2017-09-05 11:00:00-03:00,0.417,0.314,0.145,4.644
2017-09-05 12:00:00-03:00,0.405,0.264,0.182,4.731
2017-09-05 13:00:00-03:00,0.427,0.265,0.20600000000000002,4.769
2017-09-05 14:00:00-03:00,0.46,0.319,0.191,4.755
2017-09-05 15:00:00-03:00,0.421,0.301,0.162,4.53
2017-09-05 16:00:00-03:00,0.332,0.23700000000000002,0.127,4.191
2017-09-05 17:00:00-03:00,0.23500000000000001,0.177,0.082,3.701
2017-09-05 18:00:00-03:00,0.111,0.099,0.031,2.822
2017-09-05 19:00:00-03:00,0.0,0.001,0.0,1.297
2017-09-05 20:00:00-03:00,0.0,0.0,0.0,0.664
2017-09-05 21:00:00-03:00,0.0,0.0,0.0,0.20700000000000002
2017-09-05 22:00:00-03:00,0.0,0.0,0.0,-0.07
2017-09-05 23:00:00-03:00,0.0,0.0,0.0,-0.243
2017-09-06 00:00:00-03:00,0.0,0.0,0.0,-0.361
2017-09-06 01:00:00-03:00,0.0,0.0,0.0,-0.28400000000000003
2017-09-06 02:00:00-03:00,0.0,0.0,0.0,-0.26
2017-09-06 03:00:00-03:00,0.0,0.0,0.0,-0.336
2017-09-06 04:00:00-03:00,0.0,0.0,0.0,-0.47500000000000003
2017-09-06 05:00:00-03:00,0.0,0.0,0.0,-0.607
2017-09-06 06:00:00-03:00,0.0,0.0,0.0,-0.639
2017-09-06 07:00:00-03:00,0.0,0.0,0.0,-0.669
2017-09-06 08:00:00-03:00,0.091,0.098,0.011,-0.578
2017-09-06 09:00:00-03:00,0.398,0.377,0.052000000000000005,0.20500000000000002
2017-09-06 10:00:00-03:00,0.602,0.593,0.077,1.7269999999999999
2017-09-06 11:00:00-03:00,0.6990000000000001,0.709,0.09,3.373
2017-09-06 12:00:00-03:00,0.597,0.543,0.128,4.247
2017-09-06 13:00:00-03:00,0.5640000000000001,0.481,0.153,4.965
2017-09-06 14:00:00-03:00,0.577,0.51,0.14200000000000002,5.681
2017-09-06 15:00:00-03:00,0.645,0.632,0.108,6.253
2017-09-06 16:00:00-03:00,0.674,0.6950000000000001,0.084,6.4030000000000005
2017-09-06 17:00:00-03:00,0.434,0.40800000000000003,0.073,5.915
2017-09-06 18:00:00-03:00,0.082,0.073,0.029,4.939
2017-09-06 19:00:00-03:00,0.0,0.001,0.0,4.16
2017-09-06 20:00:00-03:00,0.0,0.0,0.0,3.709
2017-09-06 21:00:00-03:00,0.0,0.0,0.0,3.222
2017-09-06 22:00:00-03:00,0.0,0.0,0.0,2.842
2017-09-06 23:00:00-03:00,0.0,0.0,0.0,2.702
2017-09-07 00:00:00-03:00,0.0,0.0,0.0,2.755
2017-09-07 01:00:00-03:00,0.0,0.0,0.0,2.9050000000000002
2017-09-07 02:00:00-03:00,0.0,0.0,0.0,2.859
2017-09-07 03:00:00-03:00,0.0,0.0,0.0,2.741
2017-09-07 04:00:00-03:00,0.0,0.0,0.0,2.702
2017-09-07 05:00:00-03:00,0.0,0.0,0.0,2.605
2017-09-07 06:00:00-03:00,0.0,0.0,0.0,2.5
2017-09-07 07:00:00-03:00,0.0,0.0,0.0,2.501
2017-09-07 08:00:00-03:00,0.007,0.009000000000000001,0.008,2.539
2017-09-07 09:00:00-03:00,0.081,0.048,0.052000000000000005,3.601
2017-09-07 10:00:00-03:00,0.233,0.147,0.111,4.5440000000000005
2017-09-07 11:00:00-03:00,0.384,0.268,0.156,5.353
2017-09-07 12:00:00-03:00,0.369,0.209,0.198,5.728
2017-09-07 13:00:00-03:00,0.289,0.1,0.22,5.716
2017-09-07 14:00:00-03:00,0.226,0.06,0.192,5.57
2017-09-07 15:00:00-03:00,0.203,0.066,0.161,5.362
2017-09-07 16:00:00-03:00,0.198,0.092,0.13,5.058
2017-09-07 17:00:00-03:00,0.088,0.039,0.069,4.437
2017-09-07 18:00:00-03:00,0.046,0.035,0.028,3.5300000000000002
2017-09-07 19:00:00-03:00,0.0,0.001,0.001,2.061
2017-09-07 20:00:00-03:00,0.0,0.0,0.0,1.08
2017-09-07 21:00:00-03:00,0.0,0.0,0.0,0.268
2017-09-07 22:00:00-03:00,0.0,0.0,0.0,-0.404
2017-09-07 23:00:00-03:00,0.0,0.0,0.0,-0.8230000000000001
2017-09-08 00:00:00-03:00,0.0,0.0,0.0,-1.024
2017-09-08 01:00:00-03:00,0.0,0.0,0.0,-1.071
2017-09-08 02:00:00-03:00,0.0,0.0,0.0,-1.075
2017-09-08 03:00:00-03:00,0.0,0.0,0.0,-1.041
2017-09-08 04:00:00-03:00,0.0,0.0,0.0,-0.967
2017-09-08 05:00:00-03:00,0.0,0.0,0.0,-0.855
2017-09-08 06:00:00-03:00,0.0,0.0,0.0,-0.712
2017-09-08 07:00:00-03:00,0.0,0.0,0.0,-0.535
2017-09-08 08:00:00-03:00,0.177,0.183,0.013000000000000001,-0.056
2017-09-08 09:00:00-03:00,0.528,0.532,0.048,1.9929999999999999
2017-09-08 10:00:00-03:00,0.678,0.7010000000000001,0.07,3.431
2017-09-08 11:00:00-03:00,0.7020000000000001,0.72,0.088,4.398
2017-09-08 12:00:00-03:00,0.71,0.721,0.098,4.849
2017-09-08 13:00:00-03:00,0.664,0.642,0.117,4.926
2017-09-08 14:00:00-03:00,0.608,0.554,0.134,4.844
2017-09-08 15:00:00-03:00,0.59,0.542,0.123,4.658
2017-09-08 16:00:00-03:00,0.549,0.511,0.10200000000000001,4.33
2017-09-08 17:00:00-03:00,0.448,0.419,0.074,3.8120000000000003
2017-09-08 18:00:00-03:00,0.23800000000000002,0.226,0.035,2.9939999999999998
2017-09-08 19:00:00-03:00,0.0,0.003,0.001,1.834
2017-09-08 20:00:00-03:00,0.0,0.0,0.0,1.5630000000000002
2017-09-08 21:00:00-03:00,0.0,0.0,0.0,1.345
2017-09-08 22:00:00-03:00,0.0,0.0,0.0,1.066
2017-09-08 23:00:00-03:00,0.0,0.0,0.0,1.026
2017-09-09 00:00:00-03:00,0.0,0.0,0.0,1.015
2017-09-09 01:00:00-03:00,0.0,0.0,0.0,0.78
2017-09-09 02:00:00-03:00,0.0,0.0,0.0,0.537
2017-09-09 03:00:00-03:00,0.0,0.0,0.0,0.497
2017-09-09 04:00:00-03:00,0.0,0.0,0.0,0.625
2017-09-09 05:00:00-03:00,0.0,0.0,0.0,0.722
2017-09-09 06:00:00-03:00,0.0,0.0,0.0,1.127
2017-09-09 07:00:00-03:00,0.0,0.0,0.0,1.771
2017-09-09 08:00:00-03:00,0.0,0.002,0.005,2.282
2017-09-09 09:00:00-03:00,0.017,0.004,0.026000000000000002,2.811
2017-09-09 10:00:00-03:00,0.062,0.011,0.069,3.537
2017-09-09 11:00:00-03:00,0.11800000000000001,0.021,0.11800000000000001,4.5280000000000005
2017-09-09 12:00:00-03:00,0.184,0.035,0.17300000000000001,5.393
2017-09-09 13:00:00-03:00,0.23700000000000002,0.049,0.215,6.11
2017-09-09 14:00:00-03:00,0.243,0.06,0.211,6.568
2017-09-09 15:00:00-03:00,0.185,0.046,0.164,6.638
2017-09-09 16:00:00-03:00,0.105,0.023,0.10300000000000001,6.392
2017-09-09 17:00:00-03:00,0.053,0.014,0.058,5.995
2017-09-09 18:00:00-03:00,0.014,0.007,0.019,5.54
2017-09-09 19:00:00-03:00,0.0,0.0,0.001,5.096
2017-09-09 20:00:00-03:00,0.0,0.0,0.0,4.77
2017-09-09 21:00:00-03:00,0.0,0.0,0.0,4.558
2017-09-09 22:00:00-03:00,0.0,0.0,0.0,4.471
2017-09-09 23:00:00-03:00,0.0,0.0,0.0,4.41
2017-09-10 00:00:00-03:00,0.0,0.0,0.0,4.377
2017-09-10 01:00:00-03:00,0.0,0.0,0.0,4.348
2017-09-10 02:00:00-03:00,0.0,0.0,0.0,4.335
2017-09-10 03:00:00-03:00,0.0,0.0,0.0,4.2780000000000005
2017-09-10 04:00:00-03:00,0.0,0.0,0.0,4.198
2017-09-10 05:00:00-03:00,0.0,0.0,0.0,4.2780000000000005
2017-09-10 06:00:00-03:00,0.0,0.0,0.0,4.508
2017-09-10 07:00:00-03:00,0.0,0.0,0.0,4.6
2017-09-10 08:00:00-03:00,0.035,0.038,0.013000000000000001,4.603
2017-09-10 09:00:00-03:00,0.146,0.107,0.061,5.457
2017-09-10 10:00:00-03:00,0.333,0.261,0.108,6.453
2017-09-10 11:00:00-03:00,0.544,0.491,0.125,7.344
2017-09-10 12:00:00-03:00,0.61,0.5670000000000001,0.134,7.784
2017-09-10 13:00:00-03:00,0.675,0.666,0.122,8.038
2017-09-10 14:00:00-03:00,0.659,0.641,0.126,8.12
2017-09-10 15:00:00-03:00,0.631,0.608,0.122,7.979
2017-09-10 16:00:00-03:00,0.529,0.487,0.111,7.587
2017-09-10 17:00:00-03:00,0.36,0.314,0.085,6.943
2017-09-10 18:00:00-03:00,0.107,0.092,0.036000000000000004,6.008
2017-09-10 19:00:00-03:00,0.0,0.003,0.001,5.039
2017-09-10 20:00:00-03:00,0.0,0.0,0.0,4.532
2017-09-10 21:00:00-03:00,0.0,0.0,0.0,4.111
2017-09-10 22:00:00-03:00,0.0,0.0,0.0,3.835
2017-09-10 23:00:00-03:00,0.0,0.0,0.0,3.674
2017-09-11 00:00:00-03:00,0.0,0.0,0.0,3.646
2017-09-11 01:00:00-03:00,0.0,0.0,0.0,3.738
2017-09-11 02:00:00-03:00,0.0,0.0,0.0,3.923
2017-09-11 03:00:00-03:00,0.0,0.0,0.0,4.082
2017-09-11 04:00:00-03:00,0.0,0.0,0.0,4.012
2017-09-11 05:00:00-03:00,0.0,0.0,0.0,3.825
2017-09-11 06:00:00-03:00,0.0,0.0,0.0,3.569
2017-09-11 07:00:00-03:00,0.0,0.0,0.0,3.273
2017-09-11 08:00:00-03:00,0.046,0.048,0.014,3.165
2017-09-11 09:00:00-03:00,0.262,0.222,0.067,3.702
2017-09-11 10:00:00-03:00,0.446,0.389,0.10300000000000001,4.48
2017-09-11 11:00:00-03:00,0.579,0.531,0.123,5.348
2017-09-11 12:00:00-03:00,0.631,0.587,0.135,6.068
2017-09-11 13:00:00-03:00,0.635,0.584,0.14400000000000002,6.527
2017-09-11 14:00:00-03:00,0.623,0.5690000000000001,0.146,6.864
2017-09-11 15:00:00-03:00,0.5670000000000001,0.503,0.14100000000000001,6.961
2017-09-11 16:00:00-03:00,0.443,0.368,0.126,6.766
2017-09-11 17:00:00-03:00,0.226,0.162,0.09,6.287
2017-09-11 18:00:00-03:00,0.023,0.014,0.023,5.5440000000000005
2017-09-11 19:00:00-03:00,0.0,0.0,0.001,4.797
2017-09-11 20:00:00-03:00,0.0,0.0,0.0,4.343
2017-09-11 21:00:00-03:00,0.0,0.0,0.0,3.941
2017-09-11 22:00:00-03:00,0.0,0.0,0.0,3.551
2017-09-11 23:00:00-03:00,0.0,0.0,0.0,3.055
2017-09-12 00:00:00-03:00,0.0,0.0,0.0,3.188
2017-09-12 01:00:00-03:00,0.0,0.0,0.0,4.006
2017-09-12 02:00:00-03:00,0.0,0.0,0.0,4.858
2017-09-12 03:00:00-03:00,0.0,0.0,0.0,5.741
2017-09-12 04:00:00-03:00,0.0,0.0,0.0,6.424
2017-09-12 05:00:00-03:00,0.0,0.0,0.0,7.095
2017-09-12 06:00:00-03:00,0.0,0.0,0.0,7.03
2017-09-12 07:00:00-03:00,0.0,0.0,0.0,6.304
2017-09-12 08:00:00-03:00,0.054,0.056,0.016,5.585
2017-09-12 09:00:00-03:00,0.254,0.213,0.069,5.409
2017-09-12 10:00:00-03:00,0.384,0.312,0.112,5.732
2017-09-12 11:00:00-03:00,0.34400000000000003,0.225,0.155,5.976
2017-09-12 12:00:00-03:00,0.45,0.319,0.182,6.226
2017-09-12 13:00:00-03:00,0.7010000000000001,0.686,0.128,6.368
2017-09-12 14:00:00-03:00,0.632,0.5740000000000001,0.148,5.922
2017-09-12 15:00:00-03:00,0.46,0.34600000000000003,0.164,5.12
2017-09-12 16:00:00-03:00,0.339,0.23700000000000002,0.135,4.415
2017-09-12 17:00:00-03:00,0.24,0.17200000000000001,0.093,3.961
2017-09-12 18:00:00-03:00,0.063,0.047,0.035,3.541
2017-09-12 19:00:00-03:00,0.0,0.002,0.002,3.135
2017-09-12 20:00:00-03:00,0.0,0.0,0.0,2.9699999999999998
2017-09-12 21:00:00-03:00,0.0,0.0,0.0,2.855
2017-09-12 22:00:00-03:00,0.0,0.0,0.0,2.765
2017-09-12 23:00:00-03:00,0.0,0.0,0.0,2.465
2017-09-13 00:00:00-03:00,0.0,0.0,0.0,2.093
2017-09-13 01:00:00-03:00,0.0,0.0,0.0,1.837
2017-09-13 02:00:00-03:00,0.0,0.0,0.0,1.617
2017-09-13 03:00:00-03:00,0.0,0.0,0.0,1.422
2017-09-13 04:00:00-03:00,0.0,0.0,0.0,1.119
2017-09-13 05:00:00-03:00,0.0,0.0,0.0,0.611
2017-09-13 06:00:00-03:00,0.0,0.0,0.0,0.07200000000000001
2017-09-13 07:00:00-03:00,0.0,0.0,0.0,-0.34500000000000003
2017-09-13 08:00:00-03:00,0.063,0.061,0.018000000000000002,-0.462
2017-09-13 09:00:00-03:00,0.233,0.182,0.07100000000000001,-0.033
2017-09-13 10:00:00-03:00,0.32,0.227,0.117,0.311
2017-09-13 11:00:00-03:00,0.353,0.222,0.158,0.638
2017-09-13 12:00:00-03:00,0.47700000000000004,0.331,0.189,1.343
2017-09-13 13:00:00-03:00,0.46,0.28400000000000003,0.219,2.034
2017-09-13 14:00:00-03:00,0.437,0.268,0.20800000000000002,2.485
2017-09-13 15:00:00-03:00,0.45,0.32,0.17300000000000001,2.77
2017-09-13 16:00:00-03:00,0.35100000000000003,0.244,0.138,2.787
2017-09-13 17:00:00-03:00,0.254,0.185,0.094,2.649
2017-09-13 18:00:00-03:00,0.151,0.127,0.045,2.252
2017-09-13 19:00:00-03:00,0.001,0.004,0.002,1.775
2017-09-13 20:00:00-03:00,0.0,0.0,0.0,1.742
2017-09-13 21:00:00-03:00,0.0,0.0,0.0,1.9300000000000002
2017-09-13 22:00:00-03:00,0.0,0.0,0.0,2.088
2017-09-13 23:00:00-03:00,0.0,0.0,0.0,2.309
2017-09-14 00:00:00-03:00,0.0,0.0,0.0,2.609
2017-09-14 01:00:00-03:00,0.0,0.0,0.0,2.847
2017-09-14 02:00:00-03:00,0.0,0.0,0.0,2.892
2017-09-14 03:00:00-03:00,0.0,0.0,0.0,2.776
2017-09-14 04:00:00-03:00,0.0,0.0,0.0,2.566
2017-09-14 05:00:00-03:00,0.0,0.0,0.0,2.363
2017-09-14 06:00:00-03:00,0.0,0.0,0.0,2.243
2017-09-14 07:00:00-03:00,0.0,0.0,0.0,2.161
2017-09-14 08:00:00-03:00,0.042,0.04,0.018000000000000002,2.247
2017-09-14 09:00:00-03:00,0.198,0.146,0.074,2.652
2017-09-14 10:00:00-03:00,0.41000000000000003,0.328,0.12,3.328
2017-09-14 11:00:00-03:00,0.356,0.222,0.167,3.915
2017-09-14 12:00:00-03:00,0.339,0.161,0.21,4.34
2017-09-14 13:00:00-03:00,0.372,0.162,0.246,4.646
2017-09-14 14:00:00-03:00,0.265,0.079,0.213,4.759
2017-09-14 15:00:00-03:00,0.178,0.044,0.157,4.693
2017-09-14 16:00:00-03:00,0.114,0.028,0.106,4.55
2017-09-14 17:00:00-03:00,0.08600000000000001,0.032,0.074,4.445
2017-09-14 18:00:00-03:00,0.081,0.058,0.042,4.346
2017-09-14 19:00:00-03:00,0.002,0.005,0.003,4.238
2017-09-14 20:00:00-03:00,0.0,0.0,0.0,4.24
2017-09-14 21:00:00-03:00,0.0,0.0,0.0,4.297
2017-09-14 22:00:00-03:00,0.0,0.0,0.0,4.372
2017-09-14 23:00:00-03:00,0.0,0.0,0.0,4.319
2017-09-15 00:00:00-03:00,0.0,0.0,0.0,4.415
2017-09-15 01:00:00-03:00,0.0,0.0,0.0,4.433
2017-09-15 02:00:00-03:00,0.0,0.0,0.0,4.393
2017-09-15 03:00:00-03:00,0.0,0.0,0.0,4.321
2017-09-15 04:00:00-03:00,0.0,0.0,0.0,4.188
2017-09-15 05:00:00-03:00,0.0,0.0,0.0,4.055
2017-09-15 06:00:00-03:00,0.0,0.0,0.0,4.091
2017-09-15 07:00:00-03:00,0.0,0.0,0.0,4.119
2017-09-15 08:00:00-03:00,0.025,0.022,0.018000000000000002,4.228
2017-09-15 09:00:00-03:00,0.098,0.052000000000000005,0.066,4.492
2017-09-15 10:00:00-03:00,0.224,0.12,0.129,5.007
2017-09-15 11:00:00-03:00,0.167,0.044,0.146,5.389
2017-09-15 12:00:00-03:00,0.123,0.013000000000000001,0.131,5.604
2017-09-15 13:00:00-03:00,0.157,0.016,0.164,6.194
2017-09-15 14:00:00-03:00,0.197,0.034,0.189,7.147
2017-09-15 15:00:00-03:00,0.251,0.094,0.188,7.799
2017-09-15 16:00:00-03:00,0.28400000000000003,0.163,0.154,7.5969999999999995
2017-09-15 17:00:00-03:00,0.135,0.067,0.091,6.8
2017-09-15 18:00:00-03:00,0.053,0.033,0.038,6.035
2017-09-15 19:00:00-03:00,0.001,0.004,0.003,5.426
2017-09-15 20:00:00-03:00,0.0,0.0,0.0,5.177
2017-09-15 21:00:00-03:00,0.0,0.0,0.0,5.078
2017-09-15 22:00:00-03:00,0.0,0.0,0.0,4.622
2017-09-15 23:00:00-03:00,0.0,0.0,0.0,3.799
2017-09-16 00:00:00-03:00,0.0,0.0,0.0,3.008
2017-09-16 01:00:00-03:00,0.0,0.0,0.0,2.456
2017-09-16 02:00:00-03:00,0.0,0.0,0.0,2.061
2017-09-16 03:00:00-03:00,0.0,0.0,0.0,1.87
2017-09-16 04:00:00-03:00,0.0,0.0,0.0,1.8130000000000002
2017-09-16 05:00:00-03:00,0.0,0.0,0.0,1.819
2017-09-16 06:00:00-03:00,0.0,0.0,0.0,1.931
2017-09-16 07:00:00-03:00,0.0,0.0,0.0,2.017
2017-09-16 08:00:00-03:00,0.039,0.033,0.023,2.188
2017-09-16 09:00:00-03:00,0.148,0.09,0.078,2.7880000000000003
2017-09-16 10:00:00-03:00,0.245,0.136,0.134,3.438
2017-09-16 11:00:00-03:00,0.245,0.094,0.177,3.933
2017-09-16 12:00:00-03:00,0.18,0.029,0.17400000000000002,4.287
2017-09-16 13:00:00-03:00,0.171,0.017,0.177,4.688
2017-09-16 14:00:00-03:00,0.148,0.014,0.156,5.035
2017-09-16 15:00:00-03:00,0.096,0.009000000000000001,0.107,5.223
2017-09-16 16:00:00-03:00,0.052000000000000005,0.005,0.065,5.063
2017-09-16 17:00:00-03:00,0.021,0.003,0.032,4.196
2017-09-16 18:00:00-03:00,0.003,0.001,0.009000000000000001,2.783
2017-09-16 19:00:00-03:00,0.0,0.0,0.001,1.931
2017-09-16 20:00:00-03:00,0.0,0.0,0.0,2.156
2017-09-16 21:00:00-03:00,0.0,0.0,0.0,3.321
2017-09-16 22:00:00-03:00,0.0,0.0,0.0,4.8260000000000005
2017-09-16 23:00:00-03:00,0.0,0.0,0.0,5.335
2017-09-17 00:00:00-03:00,0.0,0.0,0.0,5.24
2017-09-17 01:00:00-03:00,0.0,0.0,0.0,5.102
2017-09-17 02:00:00-03:00,0.0,0.0,0.0,5.168
2017-09-17 03:00:00-03:00,0.0,0.0,0.0,5.322
2017-09-17 04:00:00-03:00,0.0,0.0,0.0,5.47
2017-09-17 05:00:00-03:00,0.0,0.0,0.0,5.593
2017-09-17 06:00:00-03:00,0.0,0.0,0.0,5.666
2017-09-17 07:00:00-03:00,0.0,0.0,0.0,5.651
2017-09-17 08:00:00-03:00,0.078,0.07200000000000001,0.025,5.7780000000000005
2017-09-17 09:00:00-03:00,0.306,0.263,0.076,6.377
2017-09-17 10:00:00-03:00,0.422,0.354,0.117,7.129
2017-09-17 11:00:00-03:00,0.439,0.336,0.156,7.719
2017-09-17 12:00:00-03:00,0.534,0.429,0.177,8.242
2017-09-17 13:00:00-03:00,0.556,0.442,0.193,8.577
2017-09-17 14:00:00-03:00,0.552,0.449,0.183,8.675
2017-09-17 15:00:00-03:00,0.583,0.518,0.152,8.65
2017-09-17 16:00:00-03:00,0.456,0.377,0.137,8.369
2017-09-17 17:00:00-03:00,0.203,0.133,0.097,7.771
2017-09-17 18:00:00-03:00,0.059000000000000004,0.039,0.039,7.04
2017-09-17 19:00:00-03:00,0.005,0.01,0.005,6.333
2017-09-17 20:00:00-03:00,0.0,0.0,0.0,5.901
2017-09-17 21:00:00-03:00,0.0,0.0,0.0,5.585
2017-09-17 22:00:00-03:00,0.0,0.0,0.0,5.209
2017-09-17 23:00:00-03:00,0.0,0.0,0.0,4.795
2017-09-18 00:00:00-03:00,0.0,0.0,0.0,4.257
2017-09-18 01:00:00-03:00,0.0,0.0,0.0,3.727
2017-09-18 02:00:00-03:00,0.0,0.0,0.0,3.261
2017-09-18 03:00:00-03:00,0.0,0.0,0.0,2.874
2017-09-18 04:00:00-03:00,0.0,0.0,0.0,2.5869999999999997
2017-09-18 05:00:00-03:00,0.0,0.0,0.0,2.394
2017-09-18 06:00:00-03:00,0.0,0.0,0.0,2.301
2017-09-18 07:00:00-03:00,0.0,0.0,0.0,2.266
2017-09-18 08:00:00-03:00,0.01,0.007,0.014,2.497
2017-09-18 09:00:00-03:00,0.067,0.027,0.058,3.224
2017-09-18 10:00:00-03:00,0.195,0.093,0.124,3.767
2017-09-18 11:00:00-03:00,0.294,0.146,0.177,4.307
2017-09-18 12:00:00-03:00,0.301,0.117,0.214,4.622
2017-09-18 13:00:00-03:00,0.376,0.16,0.254,4.978
2017-09-18 14:00:00-03:00,0.41600000000000004,0.225,0.23500000000000001,5.386
2017-09-18 15:00:00-03:00,0.34600000000000003,0.187,0.194,5.586
2017-09-18 16:00:00-03:00,0.281,0.161,0.15,5.614
2017-09-18 17:00:00-03:00,0.269,0.192,0.106,5.499
2017-09-18 18:00:00-03:00,0.186,0.155,0.055,4.977
2017-09-18 19:00:00-03:00,0.017,0.023,0.007,3.4050000000000002
2017-09-18 20:00:00-03:00,0.0,0.0,0.0,2.479
2017-09-18 21:00:00-03:00,0.0,0.0,0.0,1.953
2017-09-18 22:00:00-03:00,0.0,0.0,0.0,1.553
2017-09-18 23:00:00-03:00,0.0,0.0,0.0,1.292
2017-09-19 00:00:00-03:00,0.0,0.0,0.0,1.284
2017-09-19 01:00:00-03:00,0.0,0.0,0.0,1.186
2017-09-19 02:00:00-03:00,0.0,0.0,0.0,1.104
2017-09-19 03:00:00-03:00,0.0,0.0,0.0,0.932
2017-09-19 04:00:00-03:00,0.0,0.0,0.0,0.784
2017-09-19 05:00:00-03:00,0.0,0.0,0.0,0.682
2017-09-19 06:00:00-03:00,0.0,0.0,0.0,0.736
2017-09-19 07:00:00-03:00,0.0,0.0,0.0,0.798
2017-09-19 08:00:00-03:00,0.008,0.005,0.014,1.2469999999999999
2017-09-19 09:00:00-03:00,0.023,0.004,0.032,1.605
2017-09-19 10:00:00-03:00,0.056,0.007,0.066,2.258
2017-09-19 11:00:00-03:00,0.106,0.013000000000000001,0.112,3.254
2017-09-19 12:00:00-03:00,0.159,0.02,0.161,4.399
2017-09-19 13:00:00-03:00,0.217,0.03,0.212,5.57
2017-09-19 14:00:00-03:00,0.229,0.044,0.212,6.5760000000000005
2017-09-19 15:00:00-03:00,0.198,0.049,0.17500000000000002,7.209
2017-09-19 16:00:00-03:00,0.177,0.061,0.14200000000000002,7.498
2017-09-19 17:00:00-03:00,0.145,0.07,0.1,7.4
2017-09-19 18:00:00-03:00,0.114,0.082,0.055,6.765
2017-09-19 19:00:00-03:00,0.015,0.02,0.008,5.157
2017-09-19 20:00:00-03:00,0.0,0.0,0.0,4.425
2017-09-19 21:00:00-03:00,0.0,0.0,0.0,4.411
2017-09-19 22:00:00-03:00,0.0,0.0,0.0,4.506
2017-09-19 23:00:00-03:00,0.0,0.0,0.0,4.236
2017-09-20 00:00:00-03:00,0.0,0.0,0.0,3.767
2017-09-20 01:00:00-03:00,0.0,0.0,0.0,3.165
2017-09-20 02:00:00-03:00,0.0,0.0,0.0,2.52
2017-09-20 03:00:00-03:00,0.0,0.0,0.0,1.866
2017-09-20 04:00:00-03:00,0.0,0.0,0.0,1.209
2017-09-20 05:00:00-03:00,0.0,0.0,0.0,0.745
2017-09-20 06:00:00-03:00,0.0,0.0,0.0,0.516
2017-09-20 07:00:00-03:00,0.0,0.001,0.0,0.553
2017-09-20 08:00:00-03:00,0.112,0.098,0.033,1.6139999999999999
2017-09-20 09:00:00-03:00,0.361,0.309,0.083,2.899
2017-09-20 10:00:00-03:00,0.595,0.557,0.112,4.002
2017-09-20 11:00:00-03:00,0.602,0.533,0.148,5.097
2017-09-20 12:00:00-03:00,0.438,0.267,0.22,5.893
2017-09-20 13:00:00-03:00,0.332,0.108,0.259,6.215
2017-09-20 14:00:00-03:00,0.186,0.028,0.183,6.156
2017-09-20 15:00:00-03:00,0.08700000000000001,0.008,0.098,5.813
2017-09-20 16:00:00-03:00,0.047,0.005,0.059000000000000004,5.377
2017-09-20 17:00:00-03:00,0.028,0.004,0.039,5.24
2017-09-20 18:00:00-03:00,0.014,0.005,0.022,5.448
2017-09-20 19:00:00-03:00,0.0,0.002,0.004,5.489
2017-09-20 20:00:00-03:00,0.0,0.0,0.0,5.369
2017-09-20 21:00:00-03:00,0.0,0.0,0.0,5.48
2017-09-20 22:00:00-03:00,0.0,0.0,0.0,5.562
2017-09-20 23:00:00-03:00,0.0,0.0,0.0,5.2620000000000005
2017-09-21 00:00:00-03:00,0.0,0.0,0.0,4.992
2017-09-21 01:00:00-03:00,0.0,0.0,0.0,4.955
2017-09-21 02:00:00-03:00,0.0,0.0,0.0,4.914
2017-09-21 03:00:00-03:00,0.0,0.0,0.0,4.8
2017-09-21 04:00:00-03:00,0.0,0.0,0.0,4.568
2017-09-21 05:00:00-03:00,0.0,0.0,0.0,4.233
2017-09-21 06:00:00-03:00,0.0,0.0,0.0,4.37
2017-09-21 07:00:00-03:00,0.0,0.001,0.001,4.62
2017-09-21 08:00:00-03:00,0.077,0.065,0.031,5.572
2017-09-21 09:00:00-03:00,0.276,0.22,0.08700000000000001,6.83
2017-09-21 10:00:00-03:00,0.211,0.115,0.123,7.79
2017-09-21 11:00:00-03:00,0.454,0.342,0.17,8.963
2017-09-21 12:00:00-03:00,0.509,0.382,0.199,9.704
2017-09-21 13:00:00-03:00,0.437,0.248,0.247,10.0
2017-09-21 14:00:00-03:00,0.367,0.178,0.23500000000000001,9.947
2017-09-21 15:00:00-03:00,0.292,0.138,0.19,9.475
2017-09-21 16:00:00-03:00,0.32,0.203,0.155,8.912
2017-09-21 17:00:00-03:00,0.25,0.17200000000000001,0.108,8.192
2017-09-21 18:00:00-03:00,0.123,0.091,0.055,7.376
2017-09-21 19:00:00-03:00,0.011,0.015,0.008,6.582
2017-09-21 20:00:00-03:00,0.0,0.0,0.0,6.07
2017-09-21 21:00:00-03:00,0.0,0.0,0.0,5.752
2017-09-21 22:00:00-03:00,0.0,0.0,0.0,5.347
2017-09-21 23:00:00-03:00,0.0,0.0,0.0,4.556
2017-09-22 00:00:00-03:00,0.0,0.0,0.0,3.519
2017-09-22 01:00:00-03:00,0.0,0.0,0.0,2.876
2017-09-22 02:00:00-03:00,0.0,0.0,0.0,2.564
2017-09-22 03:00:00-03:00,0.0,0.0,0.0,2.38
2017-09-22 04:00:00-03:00,0.0,0.0,0.0,2.193
2017-09-22 05:00:00-03:00,0.0,0.0,0.0,1.982
2017-09-22 06:00:00-03:00,0.0,0.0,0.0,1.783
2017-09-22 07:00:00-03:00,0.0,0.003,0.001,1.726
2017-09-22 08:00:00-03:00,0.233,0.219,0.036000000000000004,2.614
2017-09-22 09:00:00-03:00,0.524,0.51,0.074,4.586
2017-09-22 10:00:00-03:00,0.6960000000000001,0.711,0.095,5.745
2017-09-22 11:00:00-03:00,0.717,0.722,0.117,6.93
2017-09-22 12:00:00-03:00,0.627,0.5640000000000001,0.16,7.813
2017-09-22 13:00:00-03:00,0.5710000000000001,0.448,0.20500000000000002,8.394
2017-09-22 14:00:00-03:00,0.47400000000000003,0.311,0.224,8.773
2017-09-22 15:00:00-03:00,0.255,0.099,0.187,8.74
2017-09-22 16:00:00-03:00,0.082,0.015,0.088,8.257
2017-09-22 17:00:00-03:00,0.05,0.011,0.057,7.779
2017-09-22 18:00:00-03:00,0.029,0.012,0.032,7.413
2017-09-22 19:00:00-03:00,0.0,0.002,0.004,6.954
2017-09-22 20:00:00-03:00,0.0,0.0,0.0,6.628
2017-09-22 21:00:00-03:00,0.0,0.0,0.0,6.299
2017-09-22 22:00:00-03:00,0.0,0.0,0.0,5.946
2017-09-22 23:00:00-03:00,0.0,0.0,0.0,5.692
2017-09-23 00:00:00-03:00,0.0,0.0,0.0,5.596
2017-09-23 01:00:00-03:00,0.0,0.0,0.0,5.612
2017-09-23 02:00:00-03:00,0.0,0.0,0.0,5.501
2017-09-23 03:00:00-03:00,0.0,0.0,0.0,5.206
2017-09-23 04:00:00-03:00,0.0,0.0,0.0,4.787
2017-09-23 05:00:00-03:00,0.0,0.0,0.0,4.582
2017-09-23 06:00:00-03:00,0.0,0.0,0.0,4.449
2017-09-23 07:00:00-03:00,0.0,0.0,0.0,4.367
2017-09-23 08:00:00-03:00,0.009000000000000001,0.004,0.017,4.434
2017-09-23 09:00:00-03:00,0.047,0.01,0.055,4.984
2017-09-23 10:00:00-03:00,0.058,0.006,0.07,5.68
2017-09-23 11:00:00-03:00,0.062,0.004,0.077,6.28
2017-09-23 12:00:00-03:00,0.084,0.004,0.1,6.823
2017-09-23 13:00:00-03:00,0.111,0.005,0.129,7.338
2017-09-23 14:00:00-03:00,0.092,0.004,0.109,7.768
2017-09-23 15:00:00-03:00,0.07200000000000001,0.004,0.088,8.242
2017-09-23 16:00:00-03:00,0.065,0.006,0.079,8.854
2017-09-23 17:00:00-03:00,0.031,0.004,0.044,9.09
2017-09-23 18:00:00-03:00,0.009000000000000001,0.002,0.018000000000000002,8.868
2017-09-23 19:00:00-03:00,0.0,0.002,0.005,8.217
2017-09-23 20:00:00-03:00,0.0,0.0,0.0,7.773
2017-09-23 21:00:00-03:00,0.0,0.0,0.0,7.347
2017-09-23 22:00:00-03:00,0.0,0.0,0.0,7.065
2017-09-23 23:00:00-03:00,0.0,0.0,0.0,6.545
2017-09-24 00:00:00-03:00,0.0,0.0,0.0,5.99
2017-09-24 01:00:00-03:00,0.0,0.0,0.0,5.732
2017-09-24 02:00:00-03:00,0.0,0.0,0.0,5.797
2017-09-24 03:00:00-03:00,0.0,0.0,0.0,6.053
2017-09-24 04:00:00-03:00,0.0,0.0,0.0,5.723
2017-09-24 05:00:00-03:00,0.0,0.0,0.0,5.147
2017-09-24 06:00:00-03:00,0.0,0.0,0.0,4.736
2017-09-24 07:00:00-03:00,0.0,0.002,0.001,4.383
2017-09-24 08:00:00-03:00,0.082,0.067,0.035,4.391
2017-09-24 09:00:00-03:00,0.222,0.161,0.08600000000000001,4.644
2017-09-24 10:00:00-03:00,0.41000000000000003,0.325,0.128,4.9
2017-09-24 11:00:00-03:00,0.584,0.514,0.145,5.231
2017-09-24 12:00:00-03:00,0.649,0.588,0.155,5.443
2017-09-24 13:00:00-03:00,0.634,0.547,0.176,5.52
2017-09-24 14:00:00-03:00,0.602,0.501,0.182,5.568
2017-09-24 15:00:00-03:00,0.537,0.431,0.17200000000000001,5.551
2017-09-24 16:00:00-03:00,0.45,0.352,0.147,5.381
2017-09-24 17:00:00-03:00,0.334,0.258,0.109,5.115
2017-09-24 18:00:00-03:00,0.226,0.189,0.062,4.561
2017-09-24 19:00:00-03:00,0.051000000000000004,0.055,0.013000000000000001,3.656
2017-09-24 20:00:00-03:00,0.0,0.0,0.0,3.018
2017-09-24 21:00:00-03:00,0.0,0.0,0.0,2.811
2017-09-24 22:00:00-03:00,0.0,0.0,0.0,2.653
2017-09-24 23:00:00-03:00,0.0,0.0,0.0,2.358
2017-09-25 00:00:00-03:00,0.0,0.0,0.0,2.146
2017-09-25 01:00:00-03:00,0.0,0.0,0.0,2.074
2017-09-25 02:00:00-03:00,0.0,0.0,0.0,2.003
2017-09-25 03:00:00-03:00,0.0,0.0,0.0,1.82
2017-09-25 04:00:00-03:00,0.0,0.0,0.0,1.6400000000000001
2017-09-25 05:00:00-03:00,0.0,0.0,0.0,1.554
2017-09-25 06:00:00-03:00,0.0,0.0,0.0,1.6
2017-09-25 07:00:00-03:00,0.0,0.004,0.002,1.662
2017-09-25 08:00:00-03:00,0.148,0.127,0.041,2.152
2017-09-25 09:00:00-03:00,0.299,0.23600000000000002,0.09,3.108
2017-09-25 10:00:00-03:00,0.368,0.267,0.135,4.07
2017-09-25 11:00:00-03:00,0.427,0.293,0.178,4.889
2017-09-25 12:00:00-03:00,0.394,0.213,0.222,5.396
2017-09-25 13:00:00-03:00,0.456,0.248,0.258,5.924
2017-09-25 14:00:00-03:00,0.399,0.20400000000000001,0.23800000000000002,6.165
2017-09-25 15:00:00-03:00,0.34400000000000003,0.183,0.198,6.323
2017-09-25 16:00:00-03:00,0.314,0.189,0.159,6.308
2017-09-25 17:00:00-03:00,0.231,0.147,0.111,5.962
2017-09-25 18:00:00-03:00,0.168,0.128,0.063,5.493
2017-09-25 19:00:00-03:00,0.044,0.047,0.014,4.843
2017-09-25 20:00:00-03:00,0.0,0.0,0.0,4.253
2017-09-25 21:00:00-03:00,0.0,0.0,0.0,3.872
2017-09-25 22:00:00-03:00,0.0,0.0,0.0,3.628
2017-09-25 23:00:00-03:00,0.0,0.0,0.0,3.524
2017-09-26 00:00:00-03:00,0.0,0.0,0.0,3.471
2017-09-26 01:00:00-03:00,0.0,0.0,0.0,3.443
2017-09-26 02:00:00-03:00,0.0,0.0,0.0,3.425
2017-09-26 03:00:00-03:00,0.0,0.0,0.0,3.378
2017-09-26 04:00:00-03:00,0.0,0.0,0.0,3.351
2017-09-26 05:00:00-03:00,0.0,0.0,0.0,3.318
2017-09-26 06:00:00-03:00,0.0,0.0,0.0,3.329
2017-09-26 07:00:00-03:00,0.0,0.004,0.002,3.399
2017-09-26 08:00:00-03:00,0.101,0.08,0.04,3.782
2017-09-26 09:00:00-03:00,0.23,0.163,0.093,4.435
2017-09-26 10:00:00-03:00,0.302,0.192,0.14,5.07
2017-09-26 11:00:00-03:00,0.326,0.176,0.183,5.696
2017-09-26 12:00:00-03:00,0.393,0.20600000000000002,0.23,6.413
2017-09-26 13:00:00-03:00,0.41400000000000003,0.195,0.265,6.886
2017-09-26 14:00:00-03:00,0.458,0.275,0.23800000000000002,7.132
2017-09-26 15:00:00-03:00,0.387,0.229,0.202,6.932
2017-09-26 16:00:00-03:00,0.276,0.149,0.157,6.55
2017-09-26 17:00:00-03:00,0.261,0.17400000000000002,0.116,6.23
2017-09-26 18:00:00-03:00,0.158,0.116,0.064,5.647
2017-09-26 19:00:00-03:00,0.024,0.026000000000000002,0.012,5.034
2017-09-26 20:00:00-03:00,0.0,0.0,0.0,4.725
2017-09-26 21:00:00-03:00,0.0,0.0,0.0,4.611
2017-09-26 22:00:00-03:00,0.0,0.0,0.0,4.476
2017-09-26 23:00:00-03:00,0.0,0.0,0.0,4.34
2017-09-27 00:00:00-03:00,0.0,0.0,0.0,4.087
2017-09-27 01:00:00-03:00,0.0,0.0,0.0,3.659
2017-09-27 02:00:00-03:00,0.0,0.0,0.0,3.435
2017-09-27 03:00:00-03:00,0.0,0.0,0.0,3.307
2017-09-27 04:00:00-03:00,0.0,0.0,0.0,3.088
2017-09-27 05:00:00-03:00,0.0,0.0,0.0,2.977
2017-09-27 06:00:00-03:00,0.0,0.0,0.0,2.999
2017-09-27 07:00:00-03:00,0.002,0.007,0.003,2.981
2017-09-27 08:00:00-03:00,0.17400000000000002,0.152,0.044,3.509
2017-09-27 09:00:00-03:00,0.41600000000000004,0.37,0.088,4.451
2017-09-27 10:00:00-03:00,0.525,0.462,0.125,5.429
2017-09-27 11:00:00-03:00,0.428,0.299,0.177,6.275
2017-09-27 12:00:00-03:00,0.339,0.155,0.221,6.921
2017-09-27 13:00:00-03:00,0.429,0.221,0.259,7.611
2017-09-27 14:00:00-03:00,0.554,0.418,0.214,8.266
2017-09-27 15:00:00-03:00,0.365,0.214,0.194,8.302
2017-09-27 16:00:00-03:00,0.41400000000000003,0.309,0.155,8.442
2017-09-27 17:00:00-03:00,0.527,0.489,0.11,8.382
2017-09-27 18:00:00-03:00,0.152,0.113,0.063,7.777
2017-09-27 19:00:00-03:00,0.011,0.013000000000000001,0.01,7.027
2017-09-27 20:00:00-03:00,0.0,0.0,0.0,6.566
2017-09-27 21:00:00-03:00,0.0,0.0,0.0,6.291
2017-09-27 22:00:00-03:00,0.0,0.0,0.0,5.968
2017-09-27 23:00:00-03:00,0.0,0.0,0.0,5.6370000000000005
2017-09-28 00:00:00-03:00,0.0,0.0,0.0,5.385
2017-09-28 01:00:00-03:00,0.0,0.0,0.0,5.366
2017-09-28 02:00:00-03:00,0.0,0.0,0.0,5.338
2017-09-28 03:00:00-03:00,0.0,0.0,0.0,5.259
2017-09-28 04:00:00-03:00,0.0,0.0,0.0,5.07
2017-09-28 05:00:00-03:00,0.0,0.0,0.0,5.205
2017-09-28 06:00:00-03:00,0.0,0.0,0.0,5.383
2017-09-28 07:00:00-03:00,0.0,0.003,0.002,5.519
2017-09-28 08:00:00-03:00,0.054,0.037,0.036000000000000004,6.44
2017-09-28 09:00:00-03:00,0.192,0.126,0.093,7.6129999999999995
2017-09-28 10:00:00-03:00,0.40800000000000003,0.32,0.138,8.755
2017-09-28 11:00:00-03:00,0.589,0.529,0.153,9.761
2017-09-28 12:00:00-03:00,0.6880000000000001,0.666,0.151,10.56
2017-09-28 13:00:00-03:00,0.656,0.598,0.176,10.946
2017-09-28 14:00:00-03:00,0.537,0.405,0.215,11.089
2017-09-28 15:00:00-03:00,0.371,0.219,0.201,11.067
2017-09-28 16:00:00-03:00,0.28300000000000003,0.158,0.163,10.943
2017-09-28 17:00:00-03:00,0.136,0.06,0.1,10.513
2017-09-28 18:00:00-03:00,0.05,0.023,0.046,9.863
2017-09-28 19:00:00-03:00,0.007,0.008,0.009000000000000001,9.075
2017-09-28 20:00:00-03:00,0.0,0.0,0.0,8.435
2017-09-28 21:00:00-03:00,0.0,0.0,0.0,8.061
2017-09-28 22:00:00-03:00,0.0,0.0,0.0,7.795
2017-09-28 23:00:00-03:00,0.0,0.0,0.0,7.514
2017-09-29 00:00:00-03:00,0.0,0.0,0.0,7.198
2017-09-29 01:00:00-03:00,0.0,0.0,0.0,6.871
2017-09-29 02:00:00-03:00,0.0,0.0,0.0,6.432
2017-09-29 03:00:00-03:00,0.0,0.0,0.0,5.89
2017-09-29 04:00:00-03:00,0.0,0.0,0.0,5.693
2017-09-29 05:00:00-03:00,0.0,0.0,0.0,5.534
2017-09-29 06:00:00-03:00,0.0,0.0,0.0,5.364
2017-09-29 07:00:00-03:00,0.0,0.001,0.001,5.18
2017-09-29 08:00:00-03:00,0.015,0.006,0.022,5.464
2017-09-29 09:00:00-03:00,0.08600000000000001,0.03,0.076,5.912
2017-09-29 10:00:00-03:00,0.2,0.085,0.14100000000000001,6.584
2017-09-29 11:00:00-03:00,0.333,0.171,0.199,7.63
2017-09-29 12:00:00-03:00,0.381,0.179,0.247,8.29
2017-09-29 13:00:00-03:00,0.354,0.11,0.28600000000000003,8.526
2017-09-29 14:00:00-03:00,0.244,0.052000000000000005,0.223,8.447
2017-09-29 15:00:00-03:00,0.201,0.048,0.18,8.306
2017-09-29 16:00:00-03:00,0.162,0.046,0.14100000000000001,8.087
2017-09-29 17:00:00-03:00,0.126,0.046,0.10200000000000001,7.782
2017-09-29 18:00:00-03:00,0.068,0.033,0.055,7.345
2017-09-29 19:00:00-03:00,0.016,0.016,0.014,6.646
2017-09-29 20:00:00-03:00,0.0,0.0,0.0,5.871
2017-09-29 21:00:00-03:00,0.0,0.0,0.0,5.153
2017-09-29 22:00:00-03:00,0.0,0.0,0.0,4.261
2017-09-29 23:00:00-03:00,0.0,0.0,0.0,3.391
2017-09-30 00:00:00-03:00,0.0,0.0,0.0,2.833
2017-09-30 01:00:00-03:00,0.0,0.0,0.0,2.569
2017-09-30 02:00:00-03:00,0.0,0.0,0.0,2.394
2017-09-30 03:00:00-03:00,0.0,0.0,0.0,2.201
2017-09-30 04:00:00-03:00,0.0,0.0,0.0,1.9689999999999999
2017-09-30 05:00:00-03:00,0.0,0.0,0.0,1.819
2017-09-30 06:00:00-03:00,0.0,0.0,0.0,1.741
2017-09-30 07:00:00-03:00,0.009000000000000001,0.015,0.005,1.685
2017-09-30 08:00:00-03:00,0.127,0.1,0.047,2.166
2017-09-30 09:00:00-03:00,0.28300000000000003,0.211,0.099,2.9779999999999998
2017-09-30 10:00:00-03:00,0.397,0.293,0.14200000000000002,3.858
2017-09-30 11:00:00-03:00,0.488,0.364,0.177,4.691
2017-09-30 12:00:00-03:00,0.528,0.38,0.211,5.395
2017-09-30 13:00:00-03:00,0.54,0.363,0.244,5.9510000000000005
2017-09-30 14:00:00-03:00,0.516,0.35100000000000003,0.228,6.347
2017-09-30 15:00:00-03:00,0.442,0.292,0.201,6.519
2017-09-30 16:00:00-03:00,0.34900000000000003,0.22,0.166,6.479
2017-09-30 17:00:00-03:00,0.231,0.14,0.11800000000000001,6.187
2017-09-30 18:00:00-03:00,0.124,0.08,0.065,5.636
2017-09-30 19:00:00-03:00,0.039,0.038,0.018000000000000002,4.773
2017-09-30 20:00:00-03:00,0.0,0.0,0.0,3.99
2017-09-30 21:00:00-03:00,0.0,0.0,0.0,3.544
2017-09-30 22:00:00-03:00,0.0,0.0,0.0,3.18
2017-09-30 23:00:00-03:00,0.0,0.0,0.0,2.912
2017-10-01 00:00:00-03:00,0.0,0.0,0.0,2.769
2017-10-01 01:00:00-03:00,0.0,0.0,0.0,2.646
2017-10-01 02:00:00-03:00,0.0,0.0,0.0,2.516
2017-10-01 03:00:00-03:00,0.0,0.0,0.0,2.39
2017-10-01 04:00:00-03:00,0.0,0.0,0.0,2.2439999999999998
2017-10-01 05:00:00-03:00,0.0,0.0,0.0,2.151
2017-10-01 06:00:00-03:00,0.0,0.0,0.0,2.072
2017-10-01 07:00:00-03:00,0.0,0.002,0.003,2.015
2017-10-01 08:00:00-03:00,0.026000000000000002,0.011,0.03,2.276
2017-10-01 09:00:00-03:00,0.074,0.021,0.07100000000000001,2.61
2017-10-01 10:00:00-03:00,0.121,0.028,0.114,3.261
2017-10-01 11:00:00-03:00,0.17200000000000001,0.036000000000000004,0.158,3.928
2017-10-01 12:00:00-03:00,0.248,0.056,0.219,4.805
2017-10-01 13:00:00-03:00,0.375,0.12,0.294,5.918
2017-10-01 14:00:00-03:00,0.432,0.219,0.263,7.223
2017-10-01 15:00:00-03:00,0.386,0.211,0.221,8.278
2017-10-01 16:00:00-03:00,0.23900000000000002,0.10400000000000001,0.166,8.694
2017-10-01 17:00:00-03:00,0.147,0.061,0.111,8.808
2017-10-01 18:00:00-03:00,0.078,0.038,0.06,8.516
2017-10-01 19:00:00-03:00,0.018000000000000002,0.016,0.015,7.612
2017-10-01 20:00:00-03:00,0.0,0.0,0.0,6.897
2017-10-01 21:00:00-03:00,0.0,0.0,0.0,6.626
2017-10-01 22:00:00-03:00,0.0,0.0,0.0,6.004
2017-10-01 23:00:00-03:00,0.0,0.0,0.0,5.337
2017-10-02 00:00:00-03:00,0.0,0.0,0.0,5.035
2017-10-02 01:00:00-03:00,0.0,0.0,0.0,5.042
2017-10-02 02:00:00-03:00,0.0,0.0,0.0,5.071
2017-10-02 03:00:00-03:00,0.0,0.0,0.0,5.141
2017-10-02 04:00:00-03:00,0.0,0.0,0.0,5.104
2017-10-02 05:00:00-03:00,0.0,0.0,0.0,4.932
2017-10-02 06:00:00-03:00,0.0,0.0,0.0,4.776
2017-10-02 07:00:00-03:00,0.013000000000000001,0.019,0.006,4.588
2017-10-02 08:00:00-03:00,0.189,0.161,0.052000000000000005,5.025
2017-10-02 09:00:00-03:00,0.36,0.299,0.098,5.659
2017-10-02 10:00:00-03:00,0.47000000000000003,0.384,0.14,6.239
2017-10-02 11:00:00-03:00,0.28700000000000003,0.136,0.183,6.401
2017-10-02 12:00:00-03:00,0.273,0.088,0.215,6.362
2017-10-02 13:00:00-03:00,0.483,0.275,0.266,6.7059999999999995
2017-10-02 14:00:00-03:00,0.631,0.53,0.194,6.897
2017-10-02 15:00:00-03:00,0.616,0.533,0.171,6.599
2017-10-02 16:00:00-03:00,0.5760000000000001,0.504,0.148,6.303
2017-10-02 17:00:00-03:00,0.428,0.356,0.11900000000000001,5.965
2017-10-02 18:00:00-03:00,0.31,0.265,0.076,5.505
2017-10-02 19:00:00-03:00,0.127,0.122,0.026000000000000002,4.788
2017-10-02 20:00:00-03:00,0.0,0.0,0.0,4.055
2017-10-02 21:00:00-03:00,0.0,0.0,0.0,3.656
2017-10-02 22:00:00-03:00,0.0,0.0,0.0,3.313
2017-10-02 23:00:00-03:00,0.0,0.0,0.0,2.8810000000000002
2017-10-03 00:00:00-03:00,0.0,0.0,0.0,2.568
2017-10-03 01:00:00-03:00,0.0,0.0,0.0,2.62
2017-10-03 02:00:00-03:00,0.0,0.0,0.0,2.795
2017-10-03 03:00:00-03:00,0.0,0.0,0.0,2.849
2017-10-03 04:00:00-03:00,0.0,0.0,0.0,2.915
2017-10-03 05:00:00-03:00,0.0,0.0,0.0,2.997
2017-10-03 06:00:00-03:00,0.0,0.0,0.0,3.277
2017-10-03 07:00:00-03:00,0.003,0.006,0.005,3.54
2017-10-03 08:00:00-03:00,0.061,0.035,0.044,4.032
2017-10-03 09:00:00-03:00,0.169,0.092,0.1,4.709
2017-10-03 10:00:00-03:00,0.277,0.151,0.155,5.518
2017-10-03 11:00:00-03:00,0.245,0.08600000000000001,0.186,6.158
2017-10-03 12:00:00-03:00,0.221,0.045,0.203,6.496
2017-10-03 13:00:00-03:00,0.313,0.07200000000000001,0.275,6.957
2017-10-03 14:00:00-03:00,0.319,0.10200000000000001,0.253,7.431
2017-10-03 15:00:00-03:00,0.218,0.06,0.186,7.49
2017-10-03 16:00:00-03:00,0.203,0.073,0.156,7.417
2017-10-03 17:00:00-03:00,0.186,0.094,0.11800000000000001,7.252
2017-10-03 18:00:00-03:00,0.252,0.201,0.081,7.032
2017-10-03 19:00:00-03:00,0.24,0.23600000000000002,0.032,6.291
2017-10-03 20:00:00-03:00,0.0,0.0,0.0,5.163
2017-10-03 21:00:00-03:00,0.0,0.0,0.0,4.401
2017-10-03 22:00:00-03:00,0.0,0.0,0.0,3.839
2017-10-03 23:00:00-03:00,0.0,0.0,0.0,3.334
2017-10-04 00:00:00-03:00,0.0,0.0,0.0,2.892
2017-10-04 01:00:00-03:00,0.0,0.0,0.0,2.6310000000000002
2017-10-04 02:00:00-03:00,0.0,0.0,0.0,2.568
2017-10-04 03:00:00-03:00,0.0,0.0,0.0,2.451
2017-10-04 04:00:00-03:00,0.0,0.0,0.0,2.428
2017-10-04 05:00:00-03:00,0.0,0.0,0.0,2.374
2017-10-04 06:00:00-03:00,0.0,0.0,0.0,2.275
2017-10-04 07:00:00-03:00,0.002,0.005,0.005,2.322
2017-10-04 08:00:00-03:00,0.059000000000000004,0.034,0.043000000000000003,3.252
2017-10-04 09:00:00-03:00,0.24,0.161,0.105,4.282
2017-10-04 10:00:00-03:00,0.326,0.20800000000000002,0.151,5.419
2017-10-04 11:00:00-03:00,0.307,0.149,0.19,6.229
2017-10-04 12:00:00-03:00,0.338,0.14400000000000002,0.231,6.898
2017-10-04 13:00:00-03:00,0.5670000000000001,0.404,0.242,7.94
2017-10-04 14:00:00-03:00,0.7030000000000001,0.66,0.169,8.849
2017-10-04 15:00:00-03:00,0.712,0.6910000000000001,0.153,9.373
2017-10-04 16:00:00-03:00,0.65,0.621,0.14,9.617
2017-10-04 17:00:00-03:00,0.543,0.505,0.11800000000000001,9.608
2017-10-04 18:00:00-03:00,0.20800000000000002,0.159,0.077,9.094
2017-10-04 19:00:00-03:00,0.033,0.029,0.021,8.013
2017-10-04 20:00:00-03:00,0.0,0.0,0.0,7.142
2017-10-04 21:00:00-03:00,0.0,0.0,0.0,6.751
2017-10-04 22:00:00-03:00,0.0,0.0,0.0,6.434
2017-10-04 23:00:00-03:00,0.0,0.0,0.0,6.107
2017-10-05 00:00:00-03:00,0.0,0.0,0.0,5.872
2017-10-05 01:00:00-03:00,0.0,0.0,0.0,5.713
2017-10-05 02:00:00-03:00,0.0,0.0,0.0,5.5600000000000005
2017-10-05 03:00:00-03:00,0.0,0.0,0.0,5.419
2017-10-05 04:00:00-03:00,0.0,0.0,0.0,5.312
2017-10-05 05:00:00-03:00,0.0,0.0,0.0,5.208
2017-10-05 06:00:00-03:00,0.0,0.0,0.0,5.136
2017-10-05 07:00:00-03:00,0.0,0.001,0.002,5.106
2017-10-05 08:00:00-03:00,0.012,0.004,0.021,4.991
2017-10-05 09:00:00-03:00,0.05,0.01,0.057,4.5120000000000005
2017-10-05 10:00:00-03:00,0.085,0.014,0.09,4.113
2017-10-05 11:00:00-03:00,0.20700000000000002,0.059000000000000004,0.17200000000000001,4.791
2017-10-05 12:00:00-03:00,0.528,0.362,0.229,5.721
2017-10-05 13:00:00-03:00,0.711,0.642,0.184,5.87
2017-10-05 14:00:00-03:00,0.622,0.5,0.209,5.654
2017-10-05 15:00:00-03:00,0.508,0.365,0.203,5.629
2017-10-05 16:00:00-03:00,0.458,0.337,0.171,5.535
2017-10-05 17:00:00-03:00,0.429,0.34400000000000003,0.13,5.307
2017-10-05 18:00:00-03:00,0.272,0.216,0.084,4.837
2017-10-05 19:00:00-03:00,0.074,0.065,0.029,4.064
2017-10-05 20:00:00-03:00,0.0,0.001,0.0,3.373
2017-10-05 21:00:00-03:00,0.0,0.0,0.0,3.025
2017-10-05 22:00:00-03:00,0.0,0.0,0.0,2.74
2017-10-05 23:00:00-03:00,0.0,0.0,0.0,2.47
2017-10-06 00:00:00-03:00,0.0,0.0,0.0,2.301
2017-10-06 01:00:00-03:00,0.0,0.0,0.0,2.214
2017-10-06 02:00:00-03:00,0.0,0.0,0.0,2.141
2017-10-06 03:00:00-03:00,0.0,0.0,0.0,2.05
2017-10-06 04:00:00-03:00,0.0,0.0,0.0,1.87
2017-10-06 05:00:00-03:00,0.0,0.0,0.0,1.697
2017-10-06 06:00:00-03:00,0.0,0.0,0.0,1.9420000000000002
2017-10-06 07:00:00-03:00,0.013000000000000001,0.016,0.009000000000000001,2.447
2017-10-06 08:00:00-03:00,0.098,0.065,0.053,3.445
2017-10-06 09:00:00-03:00,0.262,0.183,0.107,4.566
2017-10-06 10:00:00-03:00,0.547,0.47600000000000003,0.139,5.885
2017-10-06 11:00:00-03:00,0.659,0.608,0.154,7.201
2017-10-06 12:00:00-03:00,0.6880000000000001,0.636,0.171,8.316
2017-10-06 13:00:00-03:00,0.591,0.444,0.23600000000000002,8.908
2017-10-06 14:00:00-03:00,0.446,0.251,0.251,9.031
2017-10-06 15:00:00-03:00,0.256,0.092,0.196,8.844
2017-10-06 16:00:00-03:00,0.194,0.069,0.153,8.648
2017-10-06 17:00:00-03:00,0.151,0.065,0.11,8.41
2017-10-06 18:00:00-03:00,0.178,0.121,0.082,7.915
2017-10-06 19:00:00-03:00,0.034,0.027,0.024,7.065
2017-10-06 20:00:00-03:00,0.0,0.0,0.0,6.291
2017-10-06 21:00:00-03:00,0.0,0.0,0.0,5.87
2017-10-06 22:00:00-03:00,0.0,0.0,0.0,5.689
2017-10-06 23:00:00-03:00,0.0,0.0,0.0,5.573
2017-10-07 00:00:00-03:00,0.0,0.0,0.0,5.609
2017-10-07 01:00:00-03:00,0.0,0.0,0.0,5.645
2017-10-07 02:00:00-03:00,0.0,0.0,0.0,5.638
2017-10-07 03:00:00-03:00,0.0,0.0,0.0,5.61
2017-10-07 04:00:00-03:00,0.0,0.0,0.0,5.661
2017-10-07 05:00:00-03:00,0.0,0.0,0.0,5.7379999999999995
2017-10-07 06:00:00-03:00,0.0,0.0,0.0,5.816
2017-10-07 07:00:00-03:00,0.001,0.002,0.005,5.973
2017-10-07 08:00:00-03:00,0.014,0.004,0.023,6.146
2017-10-07 09:00:00-03:00,0.074,0.02,0.073,6.497
2017-10-07 10:00:00-03:00,0.232,0.105,0.156,7.377
2017-10-07 11:00:00-03:00,0.246,0.088,0.188,7.98
2017-10-07 12:00:00-03:00,0.339,0.136,0.243,8.519
2017-10-07 13:00:00-03:00,0.578,0.389,0.276,9.239
2017-10-07 14:00:00-03:00,0.292,0.088,0.24,9.03
2017-10-07 15:00:00-03:00,0.20500000000000002,0.054,0.179,8.56
2017-10-07 16:00:00-03:00,0.365,0.228,0.18,8.73
2017-10-07 17:00:00-03:00,0.482,0.41300000000000003,0.133,8.94
2017-10-07 18:00:00-03:00,0.253,0.199,0.08600000000000001,8.482
2017-10-07 19:00:00-03:00,0.186,0.17300000000000001,0.038,7.585
2017-10-07 20:00:00-03:00,0.0,0.003,0.001,6.515
2017-10-07 21:00:00-03:00,0.0,0.0,0.0,5.926
2017-10-07 22:00:00-03:00,0.0,0.0,0.0,5.711
2017-10-07 23:00:00-03:00,0.0,0.0,0.0,5.492
2017-10-08 00:00:00-03:00,0.0,0.0,0.0,5.275
2017-10-08 01:00:00-03:00,0.0,0.0,0.0,5.002
2017-10-08 02:00:00-03:00,0.0,0.0,0.0,4.615
2017-10-08 03:00:00-03:00,0.0,0.0,0.0,4.232
2017-10-08 04:00:00-03:00,0.0,0.0,0.0,3.903
2017-10-08 05:00:00-03:00,0.0,0.0,0.0,3.5869999999999997
2017-10-08 06:00:00-03:00,0.0,0.0,0.0,3.379
2017-10-08 07:00:00-03:00,0.043000000000000003,0.046,0.013000000000000001,3.307
2017-10-08 08:00:00-03:00,0.231,0.193,0.063,3.894
2017-10-08 09:00:00-03:00,0.41500000000000004,0.35100000000000003,0.106,4.791
2017-10-08 10:00:00-03:00,0.417,0.309,0.153,5.655
2017-10-08 11:00:00-03:00,0.278,0.12,0.188,6.107
2017-10-08 12:00:00-03:00,0.278,0.08600000000000001,0.222,6.4030000000000005
2017-10-08 13:00:00-03:00,0.42,0.17400000000000002,0.293,6.726
2017-10-08 14:00:00-03:00,0.468,0.28,0.243,7.068
2017-10-08 15:00:00-03:00,0.535,0.40900000000000003,0.196,7.385
2017-10-08 16:00:00-03:00,0.5720000000000001,0.493,0.159,7.539
2017-10-08 17:00:00-03:00,0.439,0.364,0.127,7.314
2017-10-08 18:00:00-03:00,0.389,0.34600000000000003,0.08700000000000001,6.894
2017-10-08 19:00:00-03:00,0.17400000000000002,0.16,0.038,6.024
2017-10-08 20:00:00-03:00,0.0,0.002,0.001,5.073
2017-10-08 21:00:00-03:00,0.0,0.0,0.0,4.672
2017-10-08 22:00:00-03:00,0.0,0.0,0.0,4.304
2017-10-08 23:00:00-03:00,0.0,0.0,0.0,3.98
2017-10-09 00:00:00-03:00,0.0,0.0,0.0,3.875
2017-10-09 01:00:00-03:00,0.0,0.0,0.0,3.867
2017-10-09 02:00:00-03:00,0.0,0.0,0.0,3.752
2017-10-09 03:00:00-03:00,0.0,0.0,0.0,3.439
2017-10-09 04:00:00-03:00,0.0,0.0,0.0,2.997
2017-10-09 05:00:00-03:00,0.0,0.0,0.0,2.572
2017-10-09 06:00:00-03:00,0.0,0.0,0.0,2.33
2017-10-09 07:00:00-03:00,0.043000000000000003,0.045,0.014,2.434
2017-10-09 08:00:00-03:00,0.231,0.192,0.063,3.248
2017-10-09 09:00:00-03:00,0.339,0.264,0.106,3.999
2017-10-09 10:00:00-03:00,0.434,0.332,0.147,4.788
2017-10-09 11:00:00-03:00,0.48,0.353,0.181,5.465
2017-10-09 12:00:00-03:00,0.58,0.457,0.199,6.039
2017-10-09 13:00:00-03:00,0.645,0.54,0.201,6.481
2017-10-09 14:00:00-03:00,0.624,0.52,0.195,6.673
2017-10-09 15:00:00-03:00,0.628,0.545,0.17500000000000002,6.605
2017-10-09 16:00:00-03:00,0.609,0.545,0.15,6.388
2017-10-09 17:00:00-03:00,0.577,0.536,0.11800000000000001,6.078
2017-10-09 18:00:00-03:00,0.464,0.432,0.083,5.62
2017-10-09 19:00:00-03:00,0.262,0.25,0.04,4.925
2017-10-09 20:00:00-03:00,0.001,0.007,0.002,3.955
2017-10-09 21:00:00-03:00,0.0,0.0,0.0,3.375
2017-10-09 22:00:00-03:00,0.0,0.0,0.0,3.028
2017-10-09 23:00:00-03:00,0.0,0.0,0.0,2.743
2017-10-10 00:00:00-03:00,0.0,0.0,0.0,2.56
2017-10-10 01:00:00-03:00,0.0,0.0,0.0,2.345
2017-10-10 02:00:00-03:00,0.0,0.0,0.0,2.135
2017-10-10 03:00:00-03:00,0.0,0.0,0.0,1.948
2017-10-10 04:00:00-03:00,0.0,0.0,0.0,1.794
2017-10-10 05:00:00-03:00,0.0,0.0,0.0,1.7530000000000001
2017-10-10 06:00:00-03:00,0.0,0.0,0.0,1.759
2017-10-10 07:00:00-03:00,0.063,0.064,0.016,2.093
2017-10-10 08:00:00-03:00,0.271,0.233,0.063,3.149
2017-10-10 09:00:00-03:00,0.537,0.5,0.097,3.974
2017-10-10 10:00:00-03:00,0.595,0.543,0.129,4.7940000000000005
2017-10-10 11:00:00-03:00,0.672,0.625,0.148,5.557
2017-10-10 12:00:00-03:00,0.743,0.724,0.147,6.322
2017-10-10 13:00:00-03:00,0.73,0.712,0.145,6.857
2017-10-10 14:00:00-03:00,0.741,0.719,0.156,7.295
2017-10-10 15:00:00-03:00,0.6940000000000001,0.647,0.164,7.559
2017-10-10 16:00:00-03:00,0.376,0.252,0.166,7.419
2017-10-10 17:00:00-03:00,0.27,0.176,0.125,7.261
2017-10-10 18:00:00-03:00,0.332,0.28,0.089,7.067
2017-10-10 19:00:00-03:00,0.225,0.211,0.042,6.435
2017-10-10 20:00:00-03:00,0.002,0.007,0.002,5.38
2017-10-10 21:00:00-03:00,0.0,0.0,0.0,5.004
2017-10-10 22:00:00-03:00,0.0,0.0,0.0,4.655
2017-10-10 23:00:00-03:00,0.0,0.0,0.0,4.347
2017-10-11 00:00:00-03:00,0.0,0.0,0.0,4.143
2017-10-11 01:00:00-03:00,0.0,0.0,0.0,4.037
2017-10-11 02:00:00-03:00,0.0,0.0,0.0,4.018
2017-10-11 03:00:00-03:00,0.0,0.0,0.0,4.095
2017-10-11 04:00:00-03:00,0.0,0.0,0.0,4.186
2017-10-11 05:00:00-03:00,0.0,0.0,0.0,4.329
2017-10-11 06:00:00-03:00,0.0,0.0,0.0,4.483
2017-10-11 07:00:00-03:00,0.022,0.023,0.014,4.6690000000000005
2017-10-11 08:00:00-03:00,0.12,0.083,0.058,5.121
2017-10-11 09:00:00-03:00,0.5720000000000001,0.549,0.097,5.748
2017-10-11 10:00:00-03:00,0.676,0.664,0.11900000000000001,6.518
2017-10-11 11:00:00-03:00,0.73,0.723,0.136,7.297
2017-10-11 12:00:00-03:00,0.751,0.754,0.138,8.186
2017-10-11 13:00:00-03:00,0.8190000000000001,0.905,0.092,8.99
2017-10-11 14:00:00-03:00,0.8180000000000001,0.868,0.129,9.379
2017-10-11 15:00:00-03:00,0.727,0.713,0.151,9.366
2017-10-11 16:00:00-03:00,0.644,0.608,0.14300000000000002,9.064
2017-10-11 17:00:00-03:00,0.636,0.624,0.115,8.635
2017-10-11 18:00:00-03:00,0.397,0.357,0.08700000000000001,7.895
2017-10-11 19:00:00-03:00,0.153,0.136,0.041,7.185
2017-10-11 20:00:00-03:00,0.0,0.002,0.001,6.599
2017-10-11 21:00:00-03:00,0.0,0.0,0.0,6.49
2017-10-11 22:00:00-03:00,0.0,0.0,0.0,6.249
2017-10-11 23:00:00-03:00,0.0,0.0,0.0,6.1
2017-10-12 00:00:00-03:00,0.0,0.0,0.0,6.254
2017-10-12 01:00:00-03:00,0.0,0.0,0.0,6.097
2017-10-12 02:00:00-03:00,0.0,0.0,0.0,5.468
2017-10-12 03:00:00-03:00,0.0,0.0,0.0,4.885
2017-10-12 04:00:00-03:00,0.0,0.0,0.0,4.612
2017-10-12 05:00:00-03:00,0.0,0.0,0.0,4.432
2017-10-12 06:00:00-03:00,0.0,0.0,0.0,4.308
2017-10-12 07:00:00-03:00,0.058,0.058,0.018000000000000002,4.385
2017-10-12 08:00:00-03:00,0.267,0.229,0.067,4.969
2017-10-12 09:00:00-03:00,0.533,0.499,0.099,5.805
2017-10-12 10:00:00-03:00,0.636,0.605,0.126,6.748
2017-10-12 11:00:00-03:00,0.6970000000000001,0.669,0.147,7.633
2017-10-12 12:00:00-03:00,0.596,0.495,0.19,8.264
2017-10-12 13:00:00-03:00,0.593,0.461,0.222,8.731
2017-10-12 14:00:00-03:00,0.66,0.588,0.183,8.966
2017-10-12 15:00:00-03:00,0.72,0.6950000000000001,0.159,8.989
2017-10-12 16:00:00-03:00,0.579,0.512,0.153,8.801
2017-10-12 17:00:00-03:00,0.534,0.486,0.122,8.518
2017-10-12 18:00:00-03:00,0.541,0.53,0.08600000000000001,7.985
2017-10-12 19:00:00-03:00,0.202,0.185,0.044,7.092
2017-10-12 20:00:00-03:00,0.005,0.01,0.003,6.075
2017-10-12 21:00:00-03:00,0.0,0.0,0.0,5.591
2017-10-12 22:00:00-03:00,0.0,0.0,0.0,5.369
2017-10-12 23:00:00-03:00,0.0,0.0,0.0,5.208
2017-10-13 00:00:00-03:00,0.0,0.0,0.0,5.585
2017-10-13 01:00:00-03:00,0.0,0.0,0.0,6.325
2017-10-13 02:00:00-03:00,0.0,0.0,0.0,6.927
2017-10-13 03:00:00-03:00,0.0,0.0,0.0,7.675
2017-10-13 04:00:00-03:00,0.0,0.0,0.0,8.504
2017-10-13 05:00:00-03:00,0.0,0.0,0.0,9.176
2017-10-13 06:00:00-03:00,0.0,0.0,0.0,9.386
2017-10-13 07:00:00-03:00,0.001,0.001,0.006,9.257
2017-10-13 08:00:00-03:00,0.022,0.005,0.032,9.229
2017-10-13 09:00:00-03:00,0.052000000000000005,0.009000000000000001,0.062,9.144
2017-10-13 10:00:00-03:00,0.07,0.008,0.082,9.085
2017-10-13 11:00:00-03:00,0.078,0.007,0.092,9.331
2017-10-13 12:00:00-03:00,0.298,0.089,0.247,9.946
2017-10-13 13:00:00-03:00,0.555,0.337,0.303,10.471
2017-10-13 14:00:00-03:00,0.47200000000000003,0.278,0.26,10.439
2017-10-13 15:00:00-03:00,0.438,0.271,0.226,10.161
2017-10-13 16:00:00-03:00,0.404,0.266,0.189,9.792
2017-10-13 17:00:00-03:00,0.30000000000000004,0.192,0.145,9.172
2017-10-13 18:00:00-03:00,0.136,0.07200000000000001,0.088,8.192
2017-10-13 19:00:00-03:00,0.058,0.039,0.038,7.234
2017-10-13 20:00:00-03:00,0.0,0.003,0.003,6.48
2017-10-13 21:00:00-03:00,0.0,0.0,0.0,5.8870000000000005
2017-10-13 22:00:00-03:00,0.0,0.0,0.0,5.151
2017-10-13 23:00:00-03:00,0.0,0.0,0.0,4.5280000000000005
2017-10-14 00:00:00-03:00,0.0,0.0,0.0,3.993
2017-10-14 01:00:00-03:00,0.0,0.0,0.0,3.354
2017-10-14 02:00:00-03:00,0.0,0.0,0.0,2.826
2017-10-14 03:00:00-03:00,0.0,0.0,0.0,2.4859999999999998
2017-10-14 04:00:00-03:00,0.0,0.0,0.0,2.165
2017-10-14 05:00:00-03:00,0.0,0.0,0.0,2.068
2017-10-14 06:00:00-03:00,0.0,0.0,0.0,2.154
2017-10-14 07:00:00-03:00,0.07100000000000001,0.064,0.025,2.385
2017-10-14 08:00:00-03:00,0.261,0.21,0.076,3.049
2017-10-14 09:00:00-03:00,0.41600000000000004,0.337,0.11800000000000001,3.876
2017-10-14 10:00:00-03:00,0.536,0.445,0.155,4.84
2017-10-14 11:00:00-03:00,0.578,0.463,0.19,5.7219999999999995
2017-10-14 12:00:00-03:00,0.493,0.308,0.244,6.3
2017-10-14 13:00:00-03:00,0.5,0.253,0.309,6.667
2017-10-14 14:00:00-03:00,0.447,0.233,0.266,6.855
2017-10-14 15:00:00-03:00,0.271,0.092,0.21,6.818
2017-10-14 16:00:00-03:00,0.124,0.023,0.123,6.676
2017-10-14 17:00:00-03:00,0.067,0.011,0.075,6.47
2017-10-14 18:00:00-03:00,0.025,0.005,0.035,6.205
2017-10-14 19:00:00-03:00,0.009000000000000001,0.004,0.016,5.964
2017-10-14 20:00:00-03:00,0.0,0.0,0.001,5.524
2017-10-14 21:00:00-03:00,0.0,0.0,0.0,4.99
2017-10-14 22:00:00-03:00,0.0,0.0,0.0,4.592
2017-10-14 23:00:00-03:00,0.0,0.0,0.0,4.222
2017-10-15 00:00:00-03:00,0.0,0.0,0.0,4.191
2017-10-15 01:00:00-03:00,0.0,0.0,0.0,5.026
2017-10-15 02:00:00-03:00,0.0,0.0,0.0,6.288
2017-10-15 03:00:00-03:00,0.0,0.0,0.0,7.259
2017-10-15 04:00:00-03:00,0.0,0.0,0.0,7.577
2017-10-15 05:00:00-03:00,0.0,0.0,0.0,7.467
2017-10-15 06:00:00-03:00,0.0,0.0,0.0,7.302
2017-10-15 07:00:00-03:00,0.004,0.002,0.01,7.233
2017-10-15 08:00:00-03:00,0.03,0.007,0.038,7.327
2017-10-15 09:00:00-03:00,0.10300000000000001,0.032,0.094,7.745
2017-10-15 10:00:00-03:00,0.329,0.194,0.17400000000000002,8.631
2017-10-15 11:00:00-03:00,0.552,0.435,0.199,9.692
2017-10-15 12:00:00-03:00,0.672,0.587,0.20700000000000002,10.448
2017-10-15 13:00:00-03:00,0.516,0.278,0.314,10.61
2017-10-15 14:00:00-03:00,0.297,0.085,0.251,10.538
2017-10-15 15:00:00-03:00,0.165,0.028,0.164,10.197
2017-10-15 16:00:00-03:00,0.124,0.022,0.126,9.901
2017-10-15 17:00:00-03:00,0.126,0.036000000000000004,0.114,9.651
2017-10-15 18:00:00-03:00,0.063,0.018000000000000002,0.065,9.221
2017-10-15 19:00:00-03:00,0.022,0.01,0.027,8.731
2017-10-15 20:00:00-03:00,0.0,0.001,0.002,8.279
2017-10-15 21:00:00-03:00,0.0,0.0,0.0,8.03
2017-10-15 22:00:00-03:00,0.0,0.0,0.0,7.842
2017-10-15 23:00:00-03:00,0.0,0.0,0.0,7.5809999999999995
2017-10-16 00:00:00-03:00,0.0,0.0,0.0,7.386
2017-10-16 01:00:00-03:00,0.0,0.0,0.0,7.284
2017-10-16 02:00:00-03:00,0.0,0.0,0.0,7.266
2017-10-16 03:00:00-03:00,0.0,0.0,0.0,7.372
2017-10-16 04:00:00-03:00,0.0,0.0,0.0,7.491
2017-10-16 05:00:00-03:00,0.0,0.0,0.0,7.437
2017-10-16 06:00:00-03:00,0.0,0.0,0.0,6.976
2017-10-16 07:00:00-03:00,0.05,0.044,0.024,6.465
2017-10-16 08:00:00-03:00,0.249,0.20400000000000001,0.074,6.707
2017-10-16 09:00:00-03:00,0.548,0.518,0.10400000000000001,7.25
2017-10-16 10:00:00-03:00,0.6940000000000001,0.6880000000000001,0.125,7.959
2017-10-16 11:00:00-03:00,0.753,0.758,0.14,8.683
2017-10-16 12:00:00-03:00,0.761,0.766,0.147,9.266
2017-10-16 13:00:00-03:00,0.744,0.751,0.139,9.686
2017-10-16 14:00:00-03:00,0.7000000000000001,0.654,0.176,9.895
2017-10-16 15:00:00-03:00,0.637,0.5670000000000001,0.178,9.938
2017-10-16 16:00:00-03:00,0.598,0.536,0.157,9.837
2017-10-16 17:00:00-03:00,0.613,0.588,0.124,9.607
2017-10-16 18:00:00-03:00,0.512,0.492,0.092,9.251
2017-10-16 19:00:00-03:00,0.292,0.274,0.052000000000000005,8.655
2017-10-16 20:00:00-03:00,0.015,0.022,0.006,7.423
2017-10-16 21:00:00-03:00,0.0,0.0,0.0,6.859
2017-10-16 22:00:00-03:00,0.0,0.0,0.0,6.546
2017-10-16 23:00:00-03:00,0.0,0.0,0.0,6.264
2017-10-17 00:00:00-03:00,0.0,0.0,0.0,6.053
2017-10-17 01:00:00-03:00,0.0,0.0,0.0,5.78
2017-10-17 02:00:00-03:00,0.0,0.0,0.0,5.688
2017-10-17 03:00:00-03:00,0.0,0.0,0.0,5.696
2017-10-17 04:00:00-03:00,0.0,0.0,0.0,5.877
2017-10-17 05:00:00-03:00,0.0,0.0,0.0,5.836
2017-10-17 06:00:00-03:00,0.0,0.0,0.0,5.603
2017-10-17 07:00:00-03:00,0.039,0.031,0.024,5.354
2017-10-17 08:00:00-03:00,0.265,0.212,0.082,5.698
2017-10-17 09:00:00-03:00,0.23600000000000002,0.14,0.123,6.028
2017-10-17 10:00:00-03:00,0.12,0.029,0.113,5.945
2017-10-17 11:00:00-03:00,0.297,0.129,0.201,6.615
2017-10-17 12:00:00-03:00,0.5640000000000001,0.41400000000000003,0.228,7.59
2017-10-17 13:00:00-03:00,0.63,0.487,0.241,8.053
2017-10-17 14:00:00-03:00,0.587,0.448,0.226,8.253
2017-10-17 15:00:00-03:00,0.517,0.376,0.211,8.328
2017-10-17 16:00:00-03:00,0.405,0.27,0.183,8.161
2017-10-17 17:00:00-03:00,0.352,0.246,0.146,7.737
2017-10-17 18:00:00-03:00,0.318,0.249,0.105,7.153
2017-10-17 19:00:00-03:00,0.271,0.245,0.057,6.483
2017-10-17 20:00:00-03:00,0.026000000000000002,0.034,0.008,5.479
2017-10-17 21:00:00-03:00,0.0,0.0,0.0,4.759
2017-10-17 22:00:00-03:00,0.0,0.0,0.0,4.371
2017-10-17 23:00:00-03:00,0.0,0.0,0.0,4.16
2017-10-18 00:00:00-03:00,0.0,0.0,0.0,4.007
2017-10-18 01:00:00-03:00,0.0,0.0,0.0,3.778
2017-10-18 02:00:00-03:00,0.0,0.0,0.0,3.424
2017-10-18 03:00:00-03:00,0.0,0.0,0.0,2.958
2017-10-18 04:00:00-03:00,0.0,0.0,0.0,2.581
2017-10-18 05:00:00-03:00,0.0,0.0,0.0,2.326
2017-10-18 06:00:00-03:00,0.0,0.0,0.0,2.184
2017-10-18 07:00:00-03:00,0.054,0.043000000000000003,0.028,2.311
2017-10-18 08:00:00-03:00,0.259,0.2,0.084,3.019
2017-10-18 09:00:00-03:00,0.402,0.313,0.128,3.773
2017-10-18 10:00:00-03:00,0.353,0.217,0.17,4.358
2017-10-18 11:00:00-03:00,0.335,0.16,0.20800000000000002,4.793
2017-10-18 12:00:00-03:00,0.41100000000000003,0.198,0.255,5.123
2017-10-18 13:00:00-03:00,0.468,0.192,0.327,5.337
2017-10-18 14:00:00-03:00,0.326,0.11,0.249,5.386
2017-10-18 15:00:00-03:00,0.304,0.11800000000000001,0.217,5.492
2017-10-18 16:00:00-03:00,0.263,0.113,0.179,5.54
2017-10-18 17:00:00-03:00,0.247,0.128,0.147,5.595
2017-10-18 18:00:00-03:00,0.148,0.074,0.097,5.354
2017-10-18 19:00:00-03:00,0.038,0.019,0.035,4.756
2017-10-18 20:00:00-03:00,0.0,0.002,0.004,3.879
2017-10-18 21:00:00-03:00,0.0,0.0,0.0,3.01
2017-10-18 22:00:00-03:00,0.0,0.0,0.0,2.751
2017-10-18 23:00:00-03:00,0.0,0.0,0.0,2.826
2017-10-19 00:00:00-03:00,0.0,0.0,0.0,3.009
2017-10-19 01:00:00-03:00,0.0,0.0,0.0,3.093
2017-10-19 02:00:00-03:00,0.0,0.0,0.0,3.14
2017-10-19 03:00:00-03:00,0.0,0.0,0.0,3.125
2017-10-19 04:00:00-03:00,0.0,0.0,0.0,3.016
2017-10-19 05:00:00-03:00,0.0,0.0,0.0,2.8120000000000003
2017-10-19 06:00:00-03:00,0.0,0.0,0.0,2.589
2017-10-19 07:00:00-03:00,0.031,0.021,0.025,2.899
2017-10-19 08:00:00-03:00,0.1,0.049,0.07100000000000001,3.315
2017-10-19 09:00:00-03:00,0.156,0.064,0.113,3.487
2017-10-19 10:00:00-03:00,0.21,0.08,0.153,3.793
2017-10-19 11:00:00-03:00,0.28700000000000003,0.113,0.201,4.135
2017-10-19 12:00:00-03:00,0.365,0.153,0.248,4.545
2017-10-19 13:00:00-03:00,0.493,0.232,0.317,5.201
2017-10-19 14:00:00-03:00,0.489,0.293,0.252,5.642
2017-10-19 15:00:00-03:00,0.496,0.337,0.217,5.926
2017-10-19 16:00:00-03:00,0.514,0.395,0.182,6.131
2017-10-19 17:00:00-03:00,0.521,0.441,0.145,6.204
2017-10-19 18:00:00-03:00,0.465,0.41200000000000003,0.106,6.025
2017-10-19 19:00:00-03:00,0.242,0.209,0.06,5.513
2017-10-19 20:00:00-03:00,0.023,0.029,0.009000000000000001,4.196
2017-10-19 21:00:00-03:00,0.0,0.0,0.0,3.396
2017-10-19 22:00:00-03:00,0.0,0.0,0.0,2.766
2017-10-19 23:00:00-03:00,0.0,0.0,0.0,1.901
2017-10-20 00:00:00-03:00,0.0,0.0,0.0,1.194
2017-10-20 01:00:00-03:00,0.0,0.0,0.0,0.6930000000000001
2017-10-20 02:00:00-03:00,0.0,0.0,0.0,0.335
2017-10-20 03:00:00-03:00,0.0,0.0,0.0,0.303
2017-10-20 04:00:00-03:00,0.0,0.0,0.0,0.433
2017-10-20 05:00:00-03:00,0.0,0.0,0.0,0.556
2017-10-20 06:00:00-03:00,0.0,0.002,0.001,0.41300000000000003
2017-10-20 07:00:00-03:00,0.155,0.14100000000000001,0.034,1.161
2017-10-20 08:00:00-03:00,0.34800000000000003,0.302,0.076,2.749
2017-10-20 09:00:00-03:00,0.545,0.498,0.107,3.459
2017-10-20 10:00:00-03:00,0.681,0.647,0.131,4.175
2017-10-20 11:00:00-03:00,0.724,0.6900000000000001,0.149,4.907
2017-10-20 12:00:00-03:00,0.789,0.787,0.146,5.7
2017-10-20 13:00:00-03:00,0.844,0.933,0.08600000000000001,6.626
2017-10-20 14:00:00-03:00,0.886,0.9530000000000001,0.134,7.3870000000000005
2017-10-20 15:00:00-03:00,0.87,0.925,0.14200000000000002,7.958
2017-10-20 16:00:00-03:00,0.846,0.9,0.132,8.327
2017-10-20 17:00:00-03:00,0.727,0.743,0.117,8.33
2017-10-20 18:00:00-03:00,0.398,0.34500000000000003,0.1,7.967
2017-10-20 19:00:00-03:00,0.232,0.203,0.057,7.203
2017-10-20 20:00:00-03:00,0.034,0.041,0.01,5.627
2017-10-20 21:00:00-03:00,0.0,0.0,0.0,4.69
2017-10-20 22:00:00-03:00,0.0,0.0,0.0,4.325
2017-10-20 23:00:00-03:00,0.0,0.0,0.0,3.914
2017-10-21 00:00:00-03:00,0.0,0.0,0.0,3.395
2017-10-21 01:00:00-03:00,0.0,0.0,0.0,2.875
2017-10-21 02:00:00-03:00,0.0,0.0,0.0,2.508
2017-10-21 03:00:00-03:00,0.0,0.0,0.0,2.318
2017-10-21 04:00:00-03:00,0.0,0.0,0.0,2.061
2017-10-21 05:00:00-03:00,0.0,0.0,0.0,1.921
2017-10-21 06:00:00-03:00,0.0,0.001,0.001,2.136
2017-10-21 07:00:00-03:00,0.039,0.025,0.03,2.823
2017-10-21 08:00:00-03:00,0.219,0.15,0.093,3.991
2017-10-21 09:00:00-03:00,0.302,0.194,0.14,5.42
2017-10-21 10:00:00-03:00,0.28600000000000003,0.14200000000000002,0.176,6.647
2017-10-21 11:00:00-03:00,0.28500000000000003,0.108,0.21,7.582
2017-10-21 12:00:00-03:00,0.37,0.15,0.264,8.485
2017-10-21 13:00:00-03:00,0.418,0.124,0.34700000000000003,9.177
2017-10-21 14:00:00-03:00,0.229,0.043000000000000003,0.217,9.536
2017-10-21 15:00:00-03:00,0.176,0.03,0.17300000000000001,10.012
2017-10-21 16:00:00-03:00,0.111,0.016,0.11900000000000001,10.099
2017-10-21 17:00:00-03:00,0.066,0.008,0.077,9.297
2017-10-21 18:00:00-03:00,0.03,0.004,0.042,7.885
2017-10-21 19:00:00-03:00,0.007,0.002,0.015,6.522
2017-10-21 20:00:00-03:00,0.0,0.0,0.002,6.072
2017-10-21 21:00:00-03:00,0.0,0.0,0.0,6.675
2017-10-21 22:00:00-03:00,0.0,0.0,0.0,7.429
2017-10-21 23:00:00-03:00,0.0,0.0,0.0,7.719
2017-10-22 00:00:00-03:00,0.0,0.0,0.0,7.62
2017-10-22 01:00:00-03:00,0.0,0.0,0.0,7.445
2017-10-22 02:00:00-03:00,0.0,0.0,0.0,7.291
2017-10-22 03:00:00-03:00,0.0,0.0,0.0,7.168
2017-10-22 04:00:00-03:00,0.0,0.0,0.0,7.093
2017-10-22 05:00:00-03:00,0.0,0.0,0.0,7.07
2017-10-22 06:00:00-03:00,0.0,0.0,0.001,7.14
2017-10-22 07:00:00-03:00,0.012,0.005,0.019,7.325
2017-10-22 08:00:00-03:00,0.043000000000000003,0.009000000000000001,0.051000000000000004,7.629
2017-10-22 09:00:00-03:00,0.07,0.012,0.078,8.101
2017-10-22 10:00:00-03:00,0.182,0.054,0.155,9.161
2017-10-22 11:00:00-03:00,0.281,0.10300000000000001,0.214,10.345
2017-10-22 12:00:00-03:00,0.326,0.111,0.257,10.99
2017-10-22 13:00:00-03:00,0.367,0.084,0.332,11.161
2017-10-22 14:00:00-03:00,0.28,0.07200000000000001,0.246,11.214
2017-10-22 15:00:00-03:00,0.218,0.052000000000000005,0.198,11.011
2017-10-22 16:00:00-03:00,0.156,0.035,0.148,10.594
2017-10-22 17:00:00-03:00,0.19,0.07,0.149,10.314
2017-10-22 18:00:00-03:00,0.108,0.038,0.093,9.681000000000001
2017-10-22 19:00:00-03:00,0.037,0.015,0.039,8.709
2017-10-22 20:00:00-03:00,0.006,0.007,0.008,7.793
2017-10-22 21:00:00-03:00,0.0,0.0,0.0,7.051
2017-10-22 22:00:00-03:00,0.0,0.0,0.0,6.629
2017-10-22 23:00:00-03:00,0.0,0.0,0.0,6.404
2017-10-23 00:00:00-03:00,0.0,0.0,0.0,6.116
2017-10-23 01:00:00-03:00,0.0,0.0,0.0,5.756
2017-10-23 02:00:00-03:00,0.0,0.0,0.0,5.443
2017-10-23 03:00:00-03:00,0.0,0.0,0.0,5.197
2017-10-23 04:00:00-03:00,0.0,0.0,0.0,5.06
2017-10-23 05:00:00-03:00,0.0,0.0,0.0,4.923
2017-10-23 06:00:00-03:00,0.0,0.001,0.001,4.766
2017-10-23 07:00:00-03:00,0.024,0.013000000000000001,0.026000000000000002,4.768
2017-10-23 08:00:00-03:00,0.08700000000000001,0.033,0.073,5.065
2017-10-23 09:00:00-03:00,0.145,0.05,0.11800000000000001,5.458
2017-10-23 10:00:00-03:00,0.20800000000000002,0.074,0.16,5.891
2017-10-23 11:00:00-03:00,0.28300000000000003,0.10300000000000001,0.212,6.33
2017-10-23 12:00:00-03:00,0.214,0.038,0.202,6.327
2017-10-23 13:00:00-03:00,0.279,0.036000000000000004,0.274,6.517
2017-10-23 14:00:00-03:00,0.307,0.095,0.247,7.294
2017-10-23 15:00:00-03:00,0.489,0.317,0.234,8.049
2017-10-23 16:00:00-03:00,0.441,0.296,0.199,8.08
2017-10-23 17:00:00-03:00,0.268,0.14,0.159,7.518
2017-10-23 18:00:00-03:00,0.158,0.075,0.106,6.8260000000000005
2017-10-23 19:00:00-03:00,0.082,0.047,0.055,6.101
2017-10-23 20:00:00-03:00,0.015,0.017,0.011,5.415
2017-10-23 21:00:00-03:00,0.0,0.0,0.0,4.959
2017-10-23 22:00:00-03:00,0.0,0.0,0.0,4.723
2017-10-23 23:00:00-03:00,0.0,0.0,0.0,4.596
2017-10-24 00:00:00-03:00,0.0,0.0,0.0,4.567
2017-10-24 01:00:00-03:00,0.0,0.0,0.0,4.535
2017-10-24 02:00:00-03:00,0.0,0.0,0.0,4.433
2017-10-24 03:00:00-03:00,0.0,0.0,0.0,4.362
2017-10-24 04:00:00-03:00,0.0,0.0,0.0,4.335
2017-10-24 05:00:00-03:00,0.0,0.0,0.0,4.2620000000000005
2017-10-24 06:00:00-03:00,0.0,0.002,0.002,4.14
2017-10-24 07:00:00-03:00,0.092,0.07100000000000001,0.04,4.251
2017-10-24 08:00:00-03:00,0.28200000000000003,0.218,0.092,4.724
2017-10-24 09:00:00-03:00,0.436,0.34900000000000003,0.133,5.349
2017-10-24 10:00:00-03:00,0.47500000000000003,0.359,0.17,5.992
2017-10-24 11:00:00-03:00,0.41600000000000004,0.252,0.21,6.438
2017-10-24 12:00:00-03:00,0.41200000000000003,0.21,0.249,7.028
2017-10-24 13:00:00-03:00,0.446,0.17200000000000001,0.328,7.639
2017-10-24 14:00:00-03:00,0.424,0.218,0.257,8.058
2017-10-24 15:00:00-03:00,0.36,0.179,0.223,8.156
2017-10-24 16:00:00-03:00,0.306,0.153,0.189,8.146
2017-10-24 17:00:00-03:00,0.252,0.129,0.154,8.002
2017-10-24 18:00:00-03:00,0.189,0.105,0.11,7.665
2017-10-24 19:00:00-03:00,0.123,0.083,0.062,7.084
2017-10-24 20:00:00-03:00,0.024,0.026000000000000002,0.013000000000000001,5.923
2017-10-24 21:00:00-03:00,0.0,0.0,0.0,4.859
2017-10-24 22:00:00-03:00,0.0,0.0,0.0,4.374
2017-10-24 23:00:00-03:00,0.0,0.0,0.0,4.006
2017-10-25 00:00:00-03:00,0.0,0.0,0.0,3.567
2017-10-25 01:00:00-03:00,0.0,0.0,0.0,3.031
2017-10-25 02:00:00-03:00,0.0,0.0,0.0,2.528
2017-10-25 03:00:00-03:00,0.0,0.0,0.0,2.142
2017-10-25 04:00:00-03:00,0.0,0.0,0.0,1.893
2017-10-25 05:00:00-03:00,0.0,0.0,0.0,1.722
2017-10-25 06:00:00-03:00,0.006,0.013000000000000001,0.003,1.6099999999999999
2017-10-25 07:00:00-03:00,0.27,0.255,0.041,2.896
2017-10-25 08:00:00-03:00,0.518,0.499,0.076,4.182
2017-10-25 09:00:00-03:00,0.603,0.5720000000000001,0.11,5.127
2017-10-25 10:00:00-03:00,0.64,0.59,0.14400000000000002,6.051
2017-10-25 11:00:00-03:00,0.615,0.525,0.178,6.82
2017-10-25 12:00:00-03:00,0.539,0.391,0.219,7.161
2017-10-25 13:00:00-03:00,0.527,0.309,0.28600000000000003,7.257
2017-10-25 14:00:00-03:00,0.549,0.397,0.226,7.465
2017-10-25 15:00:00-03:00,0.594,0.482,0.198,7.702
2017-10-25 16:00:00-03:00,0.554,0.457,0.17300000000000001,7.735
2017-10-25 17:00:00-03:00,0.631,0.592,0.137,7.767
2017-10-25 18:00:00-03:00,0.498,0.455,0.106,7.524
2017-10-25 19:00:00-03:00,0.40800000000000003,0.387,0.067,7.067
2017-10-25 20:00:00-03:00,0.1,0.10400000000000001,0.017,5.684
2017-10-25 21:00:00-03:00,0.0,0.0,0.0,4.84
2017-10-25 22:00:00-03:00,0.0,0.0,0.0,4.758
2017-10-25 23:00:00-03:00,0.0,0.0,0.0,4.416
2017-10-26 00:00:00-03:00,0.0,0.0,0.0,3.794
2017-10-26 01:00:00-03:00,0.0,0.0,0.0,3.144
2017-10-26 02:00:00-03:00,0.0,0.0,0.0,2.66
2017-10-26 03:00:00-03:00,0.0,0.0,0.0,2.228
2017-10-26 04:00:00-03:00,0.0,0.0,0.0,1.919
2017-10-26 05:00:00-03:00,0.0,0.0,0.0,1.613
2017-10-26 06:00:00-03:00,0.004,0.01,0.003,1.488
2017-10-26 07:00:00-03:00,0.2,0.178,0.044,2.402
2017-10-26 08:00:00-03:00,0.462,0.426,0.083,3.793
2017-10-26 09:00:00-03:00,0.52,0.461,0.11900000000000001,4.566
2017-10-26 10:00:00-03:00,0.6950000000000001,0.664,0.139,5.426
2017-10-26 11:00:00-03:00,0.764,0.746,0.156,6.418
2017-10-26 12:00:00-03:00,0.81,0.8150000000000001,0.159,7.454
2017-10-26 13:00:00-03:00,0.787,0.8180000000000001,0.127,8.397
2017-10-26 14:00:00-03:00,0.6950000000000001,0.623,0.196,8.916
2017-10-26 15:00:00-03:00,0.462,0.312,0.21,9.089
2017-10-26 16:00:00-03:00,0.373,0.234,0.185,9.27
2017-10-26 17:00:00-03:00,0.492,0.40700000000000003,0.153,9.568
2017-10-26 18:00:00-03:00,0.388,0.321,0.116,9.511
2017-10-26 19:00:00-03:00,0.176,0.137,0.066,9.092
2017-10-26 20:00:00-03:00,0.047,0.049,0.016,7.97
2017-10-26 21:00:00-03:00,0.0,0.0,0.0,7.003
2017-10-26 22:00:00-03:00,0.0,0.0,0.0,6.405
2017-10-26 23:00:00-03:00,0.0,0.0,0.0,5.989
2017-10-27 00:00:00-03:00,0.0,0.0,0.0,5.659
2017-10-27 01:00:00-03:00,0.0,0.0,0.0,5.499
2017-10-27 02:00:00-03:00,0.0,0.0,0.0,5.342
2017-10-27 03:00:00-03:00,0.0,0.0,0.0,5.014
2017-10-27 04:00:00-03:00,0.0,0.0,0.0,4.893
2017-10-27 05:00:00-03:00,0.0,0.0,0.0,4.819
2017-10-27 06:00:00-03:00,0.0,0.001,0.002,4.897
2017-10-27 07:00:00-03:00,0.014,0.004,0.022,5.454
2017-10-27 08:00:00-03:00,0.033,0.005,0.045,6.028
2017-10-27 09:00:00-03:00,0.05,0.005,0.063,6.203
2017-10-27 10:00:00-03:00,0.073,0.006,0.08700000000000001,6.36
2017-10-27 11:00:00-03:00,0.1,0.008,0.113,6.822
2017-10-27 12:00:00-03:00,0.135,0.011,0.147,7.476
2017-10-27 13:00:00-03:00,0.234,0.017,0.247,8.17
2017-10-27 14:00:00-03:00,0.202,0.028,0.202,8.838
2017-10-27 15:00:00-03:00,0.193,0.035,0.186,9.372
2017-10-27 16:00:00-03:00,0.17300000000000001,0.036000000000000004,0.164,9.703
2017-10-27 17:00:00-03:00,0.168,0.047,0.148,9.892
2017-10-27 18:00:00-03:00,0.121,0.04,0.105,9.772
2017-10-27 19:00:00-03:00,0.068,0.03,0.058,9.353
2017-10-27 20:00:00-03:00,0.019,0.018000000000000002,0.015,8.478
2017-10-27 21:00:00-03:00,0.0,0.0,0.0,7.7
2017-10-27 22:00:00-03:00,0.0,0.0,0.0,7.305
2017-10-27 23:00:00-03:00,0.0,0.0,0.0,6.823
2017-10-28 00:00:00-03:00,0.0,0.0,0.0,6.348
2017-10-28 01:00:00-03:00,0.0,0.0,0.0,6.01
2017-10-28 02:00:00-03:00,0.0,0.0,0.0,5.784
2017-10-28 03:00:00-03:00,0.0,0.0,0.0,5.596
2017-10-28 04:00:00-03:00,0.0,0.0,0.0,5.413
2017-10-28 05:00:00-03:00,0.0,0.0,0.0,5.225
2017-10-28 06:00:00-03:00,0.0,0.003,0.003,5.26
2017-10-28 07:00:00-03:00,0.033,0.013000000000000001,0.036000000000000004,5.689
2017-10-28 08:00:00-03:00,0.056,0.011,0.063,6.273
2017-10-28 09:00:00-03:00,0.07100000000000001,0.009000000000000001,0.082,6.842
2017-10-28 10:00:00-03:00,0.099,0.01,0.11,7.555
2017-10-28 11:00:00-03:00,0.123,0.012,0.134,8.296
2017-10-28 12:00:00-03:00,0.145,0.012,0.157,8.737
2017-10-28 13:00:00-03:00,0.219,0.013000000000000001,0.23500000000000001,8.962
2017-10-28 14:00:00-03:00,0.153,0.014,0.165,9.045
2017-10-28 15:00:00-03:00,0.129,0.013000000000000001,0.14100000000000001,8.952
2017-10-28 16:00:00-03:00,0.127,0.015,0.135,8.809
2017-10-28 17:00:00-03:00,0.08,0.009000000000000001,0.092,8.533
2017-10-28 18:00:00-03:00,0.034,0.004,0.046,8.157
2017-10-28 19:00:00-03:00,0.012,0.002,0.022,7.761
2017-10-28 20:00:00-03:00,0.0,0.001,0.005,7.332
2017-10-28 21:00:00-03:00,0.0,0.0,0.0,6.936
2017-10-28 22:00:00-03:00,0.0,0.0,0.0,6.624
2017-10-28 23:00:00-03:00,0.0,0.0,0.0,6.395
2017-10-29 00:00:00-03:00,0.0,0.0,0.0,6.25
2017-10-29 01:00:00-03:00,0.0,0.0,0.0,6.135
2017-10-29 02:00:00-03:00,0.0,0.0,0.0,6.025
2017-10-29 03:00:00-03:00,0.0,0.0,0.0,5.922
2017-10-29 04:00:00-03:00,0.0,0.0,0.0,5.851
2017-10-29 05:00:00-03:00,0.0,0.0,0.0,5.839
2017-10-29 06:00:00-03:00,0.0,0.0,0.001,5.901
2017-10-29 07:00:00-03:00,0.003,0.001,0.01,6.012
2017-10-29 08:00:00-03:00,0.015,0.001,0.026000000000000002,6.153
2017-10-29 09:00:00-03:00,0.036000000000000004,0.003,0.05,6.428
2017-10-29 10:00:00-03:00,0.068,0.005,0.082,6.858
2017-10-29 11:00:00-03:00,0.108,0.009000000000000001,0.121,7.3870000000000005
2017-10-29 12:00:00-03:00,0.136,0.011,0.149,7.913
2017-10-29 13:00:00-03:00,0.228,0.015,0.243,8.52
2017-10-29 14:00:00-03:00,0.165,0.017,0.17400000000000002,9.021
2017-10-29 15:00:00-03:00,0.154,0.019,0.161,9.33
2017-10-29 16:00:00-03:00,0.16,0.027,0.159,9.539
2017-10-29 17:00:00-03:00,0.149,0.033,0.14100000000000001,9.589
2017-10-29 18:00:00-03:00,0.116,0.034,0.106,9.346
2017-10-29 19:00:00-03:00,0.064,0.025,0.059000000000000004,8.765
2017-10-29 20:00:00-03:00,0.019,0.016,0.017,7.897
2017-10-29 21:00:00-03:00,0.0,0.0,0.0,7.052
2017-10-29 22:00:00-03:00,0.0,0.0,0.0,6.435
2017-10-29 23:00:00-03:00,0.0,0.0,0.0,5.841
2017-10-30 00:00:00-03:00,0.0,0.0,0.0,5.269
2017-10-30 01:00:00-03:00,0.0,0.0,0.0,4.725
2017-10-30 02:00:00-03:00,0.0,0.0,0.0,4.179
2017-10-30 03:00:00-03:00,0.0,0.0,0.0,3.489
2017-10-30 04:00:00-03:00,0.0,0.0,0.0,2.811
2017-10-30 05:00:00-03:00,0.0,0.0,0.0,2.236
2017-10-30 06:00:00-03:00,0.042,0.052000000000000005,0.006,1.9180000000000001
2017-10-30 07:00:00-03:00,0.381,0.373,0.042,3.33
2017-10-30 08:00:00-03:00,0.619,0.63,0.069,4.483
2017-10-30 09:00:00-03:00,0.732,0.757,0.096,5.504
2017-10-30 10:00:00-03:00,0.794,0.8230000000000001,0.122,6.5600000000000005
2017-10-30 11:00:00-03:00,0.839,0.873,0.145,7.609
2017-10-30 12:00:00-03:00,0.873,0.926,0.15,8.489
2017-10-30 13:00:00-03:00,0.835,0.9380000000000001,0.083,9.089
2017-10-30 14:00:00-03:00,0.9,0.978,0.154,9.541
2017-10-30 15:00:00-03:00,0.9,0.996,0.151,9.829
2017-10-30 16:00:00-03:00,0.892,0.985,0.13,9.911
2017-10-30 17:00:00-03:00,0.859,0.9560000000000001,0.106,9.787
2017-10-30 18:00:00-03:00,0.803,0.893,0.081,9.398
2017-10-30 19:00:00-03:00,0.6930000000000001,0.758,0.056,8.644
2017-10-30 20:00:00-03:00,0.398,0.42,0.023,7.018
2017-10-30 21:00:00-03:00,0.0,0.0,0.0,5.237
2017-10-30 22:00:00-03:00,0.0,0.0,0.0,4.35
2017-10-30 23:00:00-03:00,0.0,0.0,0.0,3.443
2017-10-31 00:00:00-03:00,0.0,0.0,0.0,2.629
2017-10-31 01:00:00-03:00,0.0,0.0,0.0,1.9929999999999999
2017-10-31 02:00:00-03:00,0.0,0.0,0.0,1.525
2017-10-31 03:00:00-03:00,0.0,0.0,0.0,1.183
2017-10-31 04:00:00-03:00,0.0,0.0,0.0,0.9560000000000001
2017-10-31 05:00:00-03:00,0.0,0.0,0.0,0.844
2017-10-31 06:00:00-03:00,0.07200000000000001,0.083,0.007,1.0
2017-10-31 07:00:00-03:00,0.435,0.436,0.041,3.025
2017-10-31 08:00:00-03:00,0.659,0.685,0.067,4.767
2017-10-31 09:00:00-03:00,0.767,0.812,0.093,6.424
2017-10-31 10:00:00-03:00,0.8310000000000001,0.89,0.11900000000000001,8.068
2017-10-31 11:00:00-03:00,0.873,0.9390000000000001,0.14300000000000002,9.51
2017-10-31 12:00:00-03:00,0.892,0.969,0.15,10.505
2017-10-31 13:00:00-03:00,0.853,0.989,0.073,11.196
2017-10-31 14:00:00-03:00,0.9,0.995,0.156,11.671
2017-10-31 15:00:00-03:00,0.839,0.888,0.157,11.769
2017-10-31 16:00:00-03:00,0.708,0.7000000000000001,0.149,11.536
2017-10-31 17:00:00-03:00,0.764,0.812,0.116,11.192
2017-10-31 18:00:00-03:00,0.798,0.892,0.083,10.579
2017-10-31 19:00:00-03:00,0.685,0.75,0.058,9.600999999999999
2017-10-31 20:00:00-03:00,0.293,0.303,0.025,8.068
2017-10-31 21:00:00-03:00,0.0,0.0,0.0,6.471
2017-10-31 22:00:00-03:00,0.0,0.0,0.0,5.652
2017-10-31 23:00:00-03:00,0.0,0.0,0.0,4.994
2017-11-01 00:00:00-03:00,0.0,0.0,0.0,4.585
2017-11-01 01:00:00-03:00,0.0,0.0,0.0,4.408
2017-11-01 02:00:00-03:00,0.0,0.0,0.0,4.296
2017-11-01 03:00:00-03:00,0.0,0.0,0.0,4.231
2017-11-01 04:00:00-03:00,0.0,0.0,0.0,4.142
2017-11-01 05:00:00-03:00,0.0,0.0,0.0,4.114
2017-11-01 06:00:00-03:00,0.013000000000000001,0.018000000000000002,0.006,4.146
2017-11-01 07:00:00-03:00,0.211,0.183,0.052000000000000005,4.735
2017-11-01 08:00:00-03:00,0.485,0.455,0.08600000000000001,5.735
2017-11-01 09:00:00-03:00,0.676,0.678,0.107,7.005
2017-11-01 10:00:00-03:00,0.757,0.771,0.13,8.351
2017-11-01 11:00:00-03:00,0.8230000000000001,0.854,0.151,9.582
2017-11-01 12:00:00-03:00,0.859,0.906,0.16,10.413
2017-11-01 13:00:00-03:00,0.8160000000000001,0.898,0.10400000000000001,10.806000000000001
2017-11-01 14:00:00-03:00,0.837,0.867,0.169,10.937
2017-11-01 15:00:00-03:00,0.871,0.931,0.158,10.898
2017-11-01 16:00:00-03:00,0.871,0.9490000000000001,0.138,10.572
2017-11-01 17:00:00-03:00,0.6970000000000001,0.6930000000000001,0.133,9.863
2017-11-01 18:00:00-03:00,0.298,0.216,0.11900000000000001,8.944
2017-11-01 19:00:00-03:00,0.304,0.261,0.079,8.198
2017-11-01 20:00:00-03:00,0.157,0.155,0.027,7.346
2017-11-01 21:00:00-03:00,0.0,0.0,0.0,6.446
2017-11-01 22:00:00-03:00,0.0,0.0,0.0,5.8629999999999995
2017-11-01 23:00:00-03:00,0.0,0.0,0.0,5.5120000000000005
2017-11-02 00:00:00-03:00,0.0,0.0,0.0,5.344
2017-11-02 01:00:00-03:00,0.0,0.0,0.0,5.25
2017-11-02 02:00:00-03:00,0.0,0.0,0.0,5.209
2017-11-02 03:00:00-03:00,0.0,0.0,0.0,5.186
2017-11-02 04:00:00-03:00,0.0,0.0,0.0,5.196
2017-11-02 05:00:00-03:00,0.0,0.0,0.0,5.211
2017-11-02 06:00:00-03:00,0.01,0.014,0.007,5.297
2017-11-02 07:00:00-03:00,0.101,0.07100000000000001,0.051000000000000004,5.885
2017-11-02 08:00:00-03:00,0.278,0.20800000000000002,0.10200000000000001,6.692
2017-11-02 09:00:00-03:00,0.543,0.488,0.129,7.757
2017-11-02 10:00:00-03:00,0.655,0.617,0.148,8.888
2017-11-02 11:00:00-03:00,0.8190000000000001,0.846,0.156,9.998
2017-11-02 12:00:00-03:00,0.86,0.905,0.165,10.87
2017-11-02 13:00:00-03:00,0.844,0.9490000000000001,0.1,11.471
2017-11-02 14:00:00-03:00,0.884,0.9440000000000001,0.171,11.83
2017-11-02 15:00:00-03:00,0.81,0.8300000000000001,0.169,11.931000000000001
2017-11-02 16:00:00-03:00,0.67,0.628,0.17,11.78
2017-11-02 17:00:00-03:00,0.465,0.369,0.163,11.344
2017-11-02 18:00:00-03:00,0.296,0.20800000000000002,0.127,10.597
2017-11-02 19:00:00-03:00,0.176,0.126,0.078,9.683
2017-11-02 20:00:00-03:00,0.066,0.062,0.024,8.624
2017-11-02 21:00:00-03:00,0.0,0.0,0.0,7.702
2017-11-02 22:00:00-03:00,0.0,0.0,0.0,7.181
2017-11-02 23:00:00-03:00,0.0,0.0,0.0,6.909
2017-11-03 00:00:00-03:00,0.0,0.0,0.0,6.845
2017-11-03 01:00:00-03:00,0.0,0.0,0.0,6.841
2017-11-03 02:00:00-03:00,0.0,0.0,0.0,6.805
2017-11-03 03:00:00-03:00,0.0,0.0,0.0,6.757
2017-11-03 04:00:00-03:00,0.0,0.0,0.0,6.739
2017-11-03 05:00:00-03:00,0.0,0.0,0.0,6.717
2017-11-03 06:00:00-03:00,0.007,0.011,0.007,6.749
2017-11-03 07:00:00-03:00,0.115,0.079,0.058,7.243
2017-11-03 08:00:00-03:00,0.222,0.139,0.111,8.051
2017-11-03 09:00:00-03:00,0.297,0.17400000000000002,0.159,8.803
2017-11-03 10:00:00-03:00,0.296,0.14,0.192,9.299
2017-11-03 11:00:00-03:00,0.361,0.179,0.228,9.766
2017-11-03 12:00:00-03:00,0.34700000000000003,0.149,0.242,10.019
2017-11-03 13:00:00-03:00,0.437,0.163,0.333,10.216
2017-11-03 14:00:00-03:00,0.402,0.201,0.254,10.395
2017-11-03 15:00:00-03:00,0.397,0.20700000000000002,0.242,10.366
2017-11-03 16:00:00-03:00,0.343,0.17,0.216,10.028
2017-11-03 17:00:00-03:00,0.248,0.107,0.17300000000000001,9.494
2017-11-03 18:00:00-03:00,0.145,0.055,0.115,8.936
2017-11-03 19:00:00-03:00,0.091,0.043000000000000003,0.07,8.356
2017-11-03 20:00:00-03:00,0.031,0.026000000000000002,0.021,7.606
2017-11-03 21:00:00-03:00,0.0,0.0,0.0,6.8260000000000005
2017-11-03 22:00:00-03:00,0.0,0.0,0.0,6.289
2017-11-03 23:00:00-03:00,0.0,0.0,0.0,6.0
2017-11-04 00:00:00-03:00,0.0,0.0,0.0,5.775
2017-11-04 01:00:00-03:00,0.0,0.0,0.0,5.555
2017-11-04 02:00:00-03:00,0.0,0.0,0.0,5.381
2017-11-04 03:00:00-03:00,0.0,0.0,0.0,5.244
2017-11-04 04:00:00-03:00,0.0,0.0,0.0,5.017
2017-11-04 05:00:00-03:00,0.0,0.0,0.0,4.948
2017-11-04 06:00:00-03:00,0.005,0.006,0.007,4.948
2017-11-04 07:00:00-03:00,0.068,0.034,0.053,5.398
2017-11-04 08:00:00-03:00,0.308,0.217,0.124,6.032
2017-11-04 09:00:00-03:00,0.428,0.304,0.17300000000000001,6.9350000000000005
2017-11-04 10:00:00-03:00,0.5,0.35000000000000003,0.215,7.916
2017-11-04 11:00:00-03:00,0.604,0.459,0.23900000000000002,9.01
2017-11-04 12:00:00-03:00,0.676,0.547,0.25,9.877
2017-11-04 13:00:00-03:00,0.6920000000000001,0.535,0.28600000000000003,10.441
2017-11-04 14:00:00-03:00,0.678,0.545,0.26,10.905
2017-11-04 15:00:00-03:00,0.619,0.47200000000000003,0.255,11.179
2017-11-04 16:00:00-03:00,0.492,0.324,0.24,11.172
2017-11-04 17:00:00-03:00,0.251,0.1,0.185,10.865
2017-11-04 18:00:00-03:00,0.18,0.076,0.133,10.49
2017-11-04 19:00:00-03:00,0.135,0.076,0.085,9.993
2017-11-04 20:00:00-03:00,0.069,0.059000000000000004,0.03,9.126
2017-11-04 21:00:00-03:00,0.0,0.0,0.0,7.804
2017-11-04 22:00:00-03:00,0.0,0.0,0.0,7.145
2017-11-04 23:00:00-03:00,0.0,0.0,0.0,6.569
2017-11-05 00:00:00-03:00,0.0,0.0,0.0,6.081
2017-11-05 01:00:00-03:00,0.0,0.0,0.0,5.7379999999999995
2017-11-05 02:00:00-03:00,0.0,0.0,0.0,5.436
2017-11-05 03:00:00-03:00,0.0,0.0,0.0,5.15
2017-11-05 04:00:00-03:00,0.0,0.0,0.0,4.881
2017-11-05 05:00:00-03:00,0.0,0.0,0.0,4.631
2017-11-05 06:00:00-03:00,0.04,0.044,0.012,4.506
2017-11-05 07:00:00-03:00,0.248,0.211,0.064,5.718
2017-11-05 08:00:00-03:00,0.489,0.443,0.106,6.977
2017-11-05 09:00:00-03:00,0.682,0.669,0.131,8.855
2017-11-05 10:00:00-03:00,0.759,0.757,0.16,10.497
2017-11-05 11:00:00-03:00,0.806,0.81,0.184,11.809
2017-11-05 12:00:00-03:00,0.835,0.844,0.201,12.996
2017-11-05 13:00:00-03:00,0.841,0.863,0.199,14.037
2017-11-05 14:00:00-03:00,0.846,0.87,0.20600000000000002,14.896
2017-11-05 15:00:00-03:00,0.833,0.866,0.194,15.572
2017-11-05 16:00:00-03:00,0.807,0.848,0.17300000000000001,16.034
2017-11-05 17:00:00-03:00,0.766,0.811,0.147,16.243
2017-11-05 18:00:00-03:00,0.7000000000000001,0.744,0.117,16.248
2017-11-05 19:00:00-03:00,0.577,0.606,0.083,15.814
2017-11-05 20:00:00-03:00,0.384,0.403,0.039,14.029
2017-11-05 21:00:00-03:00,0.0,0.0,0.001,11.941
2017-11-05 22:00:00-03:00,0.0,0.0,0.0,10.694
2017-11-05 23:00:00-03:00,0.0,0.0,0.0,9.595
2017-11-06 00:00:00-03:00,0.0,0.0,0.0,8.626
2017-11-06 01:00:00-03:00,0.0,0.0,0.0,7.665
2017-11-06 02:00:00-03:00,0.0,0.0,0.0,6.79
2017-11-06 03:00:00-03:00,0.0,0.0,0.0,6.418
2017-11-06 04:00:00-03:00,0.0,0.0,0.0,6.306
2017-11-06 05:00:00-03:00,0.0,0.0,0.0,6.129
2017-11-06 06:00:00-03:00,0.009000000000000001,0.009000000000000001,0.01,5.877
2017-11-06 07:00:00-03:00,0.064,0.029,0.054,6.132
2017-11-06 08:00:00-03:00,0.13,0.046,0.107,6.661
2017-11-06 09:00:00-03:00,0.223,0.084,0.167,7.6690000000000005
2017-11-06 10:00:00-03:00,0.448,0.279,0.228,9.485
2017-11-06 11:00:00-03:00,0.5730000000000001,0.41400000000000003,0.253,11.532
2017-11-06 12:00:00-03:00,0.704,0.602,0.253,13.866
2017-11-06 13:00:00-03:00,0.732,0.643,0.263,15.954
2017-11-06 14:00:00-03:00,0.6900000000000001,0.586,0.265,17.111
2017-11-06 15:00:00-03:00,0.511,0.329,0.277,17.115
2017-11-06 16:00:00-03:00,0.216,0.052000000000000005,0.202,16.135
2017-11-06 17:00:00-03:00,0.157,0.035,0.153,14.873
2017-11-06 18:00:00-03:00,0.14400000000000002,0.046,0.126,13.714
2017-11-06 19:00:00-03:00,0.042,0.011,0.05,12.357
2017-11-06 20:00:00-03:00,0.009000000000000001,0.006,0.015,11.205
2017-11-06 21:00:00-03:00,0.001,0.007,0.001,10.145
2017-11-06 22:00:00-03:00,0.0,0.0,0.0,9.302
2017-11-06 23:00:00-03:00,0.0,0.0,0.0,8.887
2017-11-07 00:00:00-03:00,0.0,0.0,0.0,8.43
2017-11-07 01:00:00-03:00,0.0,0.0,0.0,7.614
2017-11-07 02:00:00-03:00,0.0,0.0,0.0,6.89
2017-11-07 03:00:00-03:00,0.0,0.0,0.0,6.414
2017-11-07 04:00:00-03:00,0.0,0.0,0.0,6.124
2017-11-07 05:00:00-03:00,0.0,0.0,0.0,5.732
2017-11-07 06:00:00-03:00,0.053,0.056,0.015,5.566
2017-11-07 07:00:00-03:00,0.317,0.28700000000000003,0.066,7.205
2017-11-07 08:00:00-03:00,0.534,0.503,0.105,8.293
2017-11-07 09:00:00-03:00,0.682,0.668,0.134,9.198
2017-11-07 10:00:00-03:00,0.759,0.752,0.163,10.169
2017-11-07 11:00:00-03:00,0.805,0.803,0.186,11.382
2017-11-07 12:00:00-03:00,0.8290000000000001,0.8300000000000001,0.203,12.519
2017-11-07 13:00:00-03:00,0.8210000000000001,0.841,0.184,13.165
2017-11-07 14:00:00-03:00,0.839,0.846,0.21,13.534
2017-11-07 15:00:00-03:00,0.8150000000000001,0.8190000000000001,0.201,13.736
2017-11-07 16:00:00-03:00,0.768,0.764,0.185,13.785
2017-11-07 17:00:00-03:00,0.6930000000000001,0.675,0.163,13.64
2017-11-07 18:00:00-03:00,0.629,0.619,0.129,13.344
2017-11-07 19:00:00-03:00,0.511,0.502,0.091,12.735
2017-11-07 20:00:00-03:00,0.302,0.30000000000000004,0.042,11.198
2017-11-07 21:00:00-03:00,0.004,0.012,0.001,9.284
2017-11-07 22:00:00-03:00,0.0,0.0,0.0,8.564
2017-11-07 23:00:00-03:00,0.0,0.0,0.0,7.896
2017-11-08 00:00:00-03:00,0.0,0.0,0.0,7.117
2017-11-08 01:00:00-03:00,0.0,0.0,0.0,6.591
2017-11-08 02:00:00-03:00,0.0,0.0,0.0,6.536
2017-11-08 03:00:00-03:00,0.0,0.0,0.0,6.231
2017-11-08 04:00:00-03:00,0.0,0.0,0.0,5.899
2017-11-08 05:00:00-03:00,0.0,0.0,0.0,5.659
2017-11-08 06:00:00-03:00,0.024,0.025,0.014,5.745
2017-11-08 07:00:00-03:00,0.10200000000000001,0.06,0.063,6.361
2017-11-08 08:00:00-03:00,0.20600000000000002,0.112,0.12,7.209
2017-11-08 09:00:00-03:00,0.599,0.537,0.154,8.66
2017-11-08 10:00:00-03:00,0.73,0.6990000000000001,0.17500000000000002,10.293
2017-11-08 11:00:00-03:00,0.788,0.768,0.197,11.525
2017-11-08 12:00:00-03:00,0.8210000000000001,0.809,0.213,12.632
2017-11-08 13:00:00-03:00,0.8140000000000001,0.8270000000000001,0.19,13.619
2017-11-08 14:00:00-03:00,0.835,0.838,0.218,14.409
2017-11-08 15:00:00-03:00,0.8210000000000001,0.8300000000000001,0.20700000000000002,14.993
2017-11-08 16:00:00-03:00,0.759,0.749,0.194,15.328
2017-11-08 17:00:00-03:00,0.5640000000000001,0.48,0.19,15.357
2017-11-08 18:00:00-03:00,0.258,0.149,0.15,14.955
2017-11-08 19:00:00-03:00,0.125,0.067,0.085,13.994
2017-11-08 20:00:00-03:00,0.049,0.038,0.031,12.58
2017-11-08 21:00:00-03:00,0.0,0.002,0.001,11.363
2017-11-08 22:00:00-03:00,0.0,0.0,0.0,10.561
2017-11-08 23:00:00-03:00,0.0,0.0,0.0,9.905
2017-11-09 00:00:00-03:00,0.0,0.0,0.0,9.291
2017-11-09 01:00:00-03:00,0.0,0.0,0.0,8.649000000000001
2017-11-09 02:00:00-03:00,0.0,0.0,0.0,8.064
2017-11-09 03:00:00-03:00,0.0,0.0,0.0,7.446
2017-11-09 04:00:00-03:00,0.0,0.0,0.0,6.8
2017-11-09 05:00:00-03:00,0.0,0.0,0.0,6.25
2017-11-09 06:00:00-03:00,0.018000000000000002,0.017,0.014,6.098
2017-11-09 07:00:00-03:00,0.11,0.064,0.068,6.939
2017-11-09 08:00:00-03:00,0.264,0.165,0.131,7.799
2017-11-09 09:00:00-03:00,0.438,0.313,0.18,9.067
2017-11-09 10:00:00-03:00,0.559,0.432,0.214,10.517
2017-11-09 11:00:00-03:00,0.672,0.5690000000000001,0.231,11.915
2017-11-09 12:00:00-03:00,0.7010000000000001,0.597,0.251,13.116
2017-11-09 13:00:00-03:00,0.712,0.583,0.28500000000000003,14.001
2017-11-09 14:00:00-03:00,0.647,0.506,0.273,14.57
2017-11-09 15:00:00-03:00,0.555,0.385,0.271,14.858
2017-11-09 16:00:00-03:00,0.542,0.398,0.242,14.973
2017-11-09 17:00:00-03:00,0.432,0.29,0.21,14.7
2017-11-09 18:00:00-03:00,0.296,0.181,0.159,14.185
2017-11-09 19:00:00-03:00,0.111,0.052000000000000005,0.084,13.104
2017-11-09 20:00:00-03:00,0.009000000000000001,0.005,0.015,11.509
2017-11-09 21:00:00-03:00,0.0,0.0,0.0,10.33
2017-11-09 22:00:00-03:00,0.0,0.0,0.0,9.711
2017-11-09 23:00:00-03:00,0.0,0.0,0.0,9.179
2017-11-10 00:00:00-03:00,0.0,0.0,0.0,8.533
2017-11-10 01:00:00-03:00,0.0,0.0,0.0,7.73
2017-11-10 02:00:00-03:00,0.0,0.0,0.0,7.053
2017-11-10 03:00:00-03:00,0.0,0.0,0.0,6.569
2017-11-10 04:00:00-03:00,0.0,0.0,0.0,6.285
2017-11-10 05:00:00-03:00,0.0,0.0,0.0,6.098
2017-11-10 06:00:00-03:00,0.044,0.042,0.02,6.117
2017-11-10 07:00:00-03:00,0.241,0.187,0.082,6.91
2017-11-10 08:00:00-03:00,0.465,0.391,0.132,7.913
2017-11-10 09:00:00-03:00,0.431,0.293,0.192,8.935
2017-11-10 10:00:00-03:00,0.276,0.09,0.221,9.600999999999999
2017-11-10 11:00:00-03:00,0.41500000000000004,0.194,0.276,10.442
2017-11-10 12:00:00-03:00,0.594,0.399,0.294,11.059
2017-11-10 13:00:00-03:00,0.47800000000000004,0.137,0.41000000000000003,10.964
2017-11-10 14:00:00-03:00,0.191,0.021,0.198,10.45
2017-11-10 15:00:00-03:00,0.19,0.025,0.194,10.291
2017-11-10 16:00:00-03:00,0.244,0.058,0.219,10.508
2017-11-10 17:00:00-03:00,0.184,0.042,0.171,10.462
2017-11-10 18:00:00-03:00,0.1,0.019,0.10400000000000001,10.208
2017-11-10 19:00:00-03:00,0.052000000000000005,0.013000000000000001,0.059000000000000004,9.869
2017-11-10 20:00:00-03:00,0.021,0.011,0.024,9.432
2017-11-10 21:00:00-03:00,0.0,0.001,0.001,8.904
2017-11-10 22:00:00-03:00,0.0,0.0,0.0,8.577
2017-11-10 23:00:00-03:00,0.0,0.0,0.0,8.313
2017-11-11 00:00:00-03:00,0.0,0.0,0.0,8.018
2017-11-11 01:00:00-03:00,0.0,0.0,0.0,7.885
2017-11-11 02:00:00-03:00,0.0,0.0,0.0,7.677
2017-11-11 03:00:00-03:00,0.0,0.0,0.0,7.451
2017-11-11 04:00:00-03:00,0.0,0.0,0.0,7.359
2017-11-11 05:00:00-03:00,0.0,0.0,0.0,6.865
2017-11-11 06:00:00-03:00,0.0,0.001,0.005,6.14
2017-11-11 07:00:00-03:00,0.022,0.004,0.032,5.999
2017-11-11 08:00:00-03:00,0.066,0.01,0.075,6.45
2017-11-11 09:00:00-03:00,0.113,0.016,0.11900000000000001,7.16
2017-11-11 10:00:00-03:00,0.20500000000000002,0.041,0.192,7.879
2017-11-11 11:00:00-03:00,0.33,0.10400000000000001,0.265,8.733
2017-11-11 12:00:00-03:00,0.313,0.075,0.276,9.391
2017-11-11 13:00:00-03:00,0.491,0.14,0.42,10.204
2017-11-11 14:00:00-03:00,0.687,0.528,0.291,11.246
2017-11-11 15:00:00-03:00,0.683,0.545,0.272,11.898
2017-11-11 16:00:00-03:00,0.5720000000000001,0.40900000000000003,0.26,12.169
2017-11-11 17:00:00-03:00,0.383,0.21,0.226,12.048
2017-11-11 18:00:00-03:00,0.161,0.049,0.14,11.313
2017-11-11 19:00:00-03:00,0.053,0.012,0.06,10.22
2017-11-11 20:00:00-03:00,0.01,0.004,0.017,9.089
2017-11-11 21:00:00-03:00,0.0,0.001,0.001,8.101
2017-11-11 22:00:00-03:00,0.0,0.0,0.0,7.411
2017-11-11 23:00:00-03:00,0.0,0.0,0.0,6.971
2017-11-12 00:00:00-03:00,0.0,0.0,0.0,6.54
2017-11-12 01:00:00-03:00,0.0,0.0,0.0,6.141
2017-11-12 02:00:00-03:00,0.0,0.0,0.0,5.603
2017-11-12 03:00:00-03:00,0.0,0.0,0.0,4.979
2017-11-12 04:00:00-03:00,0.0,0.0,0.0,4.457
2017-11-12 05:00:00-03:00,0.0,0.0,0.0,4.106
2017-11-12 06:00:00-03:00,0.052000000000000005,0.048,0.022,4.281
2017-11-12 07:00:00-03:00,0.249,0.197,0.08,5.347
2017-11-12 08:00:00-03:00,0.47500000000000003,0.404,0.126,6.031
2017-11-12 09:00:00-03:00,0.559,0.464,0.17,6.915
2017-11-12 10:00:00-03:00,0.464,0.293,0.228,7.662
2017-11-12 11:00:00-03:00,0.41400000000000003,0.199,0.264,8.007
2017-11-12 12:00:00-03:00,0.419,0.18,0.29,8.163
2017-11-12 13:00:00-03:00,0.553,0.241,0.39,8.348
2017-11-12 14:00:00-03:00,0.584,0.38,0.292,8.773
2017-11-12 15:00:00-03:00,0.651,0.501,0.259,9.177
2017-11-12 16:00:00-03:00,0.643,0.519,0.231,9.348
2017-11-12 17:00:00-03:00,0.618,0.523,0.194,9.355
2017-11-12 18:00:00-03:00,0.498,0.40700000000000003,0.159,9.158
2017-11-12 19:00:00-03:00,0.32,0.248,0.11,8.71
2017-11-12 20:00:00-03:00,0.197,0.17300000000000001,0.051000000000000004,7.945
2017-11-12 21:00:00-03:00,0.007,0.013000000000000001,0.004,6.802
2017-11-12 22:00:00-03:00,0.0,0.0,0.0,6.045
2017-11-12 23:00:00-03:00,0.0,0.0,0.0,5.522
2017-11-13 00:00:00-03:00,0.0,0.0,0.0,4.987
2017-11-13 01:00:00-03:00,0.0,0.0,0.0,4.527
2017-11-13 02:00:00-03:00,0.0,0.0,0.0,4.3629999999999995
2017-11-13 03:00:00-03:00,0.0,0.0,0.0,4.103
2017-11-13 04:00:00-03:00,0.0,0.0,0.0,3.826
2017-11-13 05:00:00-03:00,0.0,0.0,0.0,3.661
2017-11-13 06:00:00-03:00,0.065,0.059000000000000004,0.023,3.99
2017-11-13 07:00:00-03:00,0.23600000000000002,0.182,0.08,5.579
2017-11-13 08:00:00-03:00,0.404,0.317,0.131,6.432
2017-11-13 09:00:00-03:00,0.6920000000000001,0.662,0.147,7.4879999999999995
2017-11-13 10:00:00-03:00,0.759,0.729,0.177,8.587
2017-11-13 11:00:00-03:00,0.8230000000000001,0.81,0.196,9.67
2017-11-13 12:00:00-03:00,0.85,0.845,0.209,10.582
2017-11-13 13:00:00-03:00,0.8210000000000001,0.8250000000000001,0.189,11.375
2017-11-13 14:00:00-03:00,0.796,0.745,0.234,12.006
2017-11-13 15:00:00-03:00,0.664,0.539,0.252,12.405
2017-11-13 16:00:00-03:00,0.434,0.247,0.25,12.47
2017-11-13 17:00:00-03:00,0.28300000000000003,0.123,0.2,12.251
2017-11-13 18:00:00-03:00,0.21,0.094,0.149,11.822
2017-11-13 19:00:00-03:00,0.094,0.037,0.08,11.097
2017-11-13 20:00:00-03:00,0.029,0.017,0.028,10.169
2017-11-13 21:00:00-03:00,0.0,0.002,0.002,9.206
2017-11-13 22:00:00-03:00,0.0,0.0,0.0,8.34
2017-11-13 23:00:00-03:00,0.0,0.0,0.0,7.54
2017-11-14 00:00:00-03:00,0.0,0.0,0.0,6.922
2017-11-14 01:00:00-03:00,0.0,0.0,0.0,6.453
2017-11-14 02:00:00-03:00,0.0,0.0,0.0,6.065
2017-11-14 03:00:00-03:00,0.0,0.0,0.0,5.918
2017-11-14 04:00:00-03:00,0.0,0.0,0.0,5.77
2017-11-14 05:00:00-03:00,0.0,0.0,0.0,5.829
2017-11-14 06:00:00-03:00,0.022,0.017,0.019,6.245
2017-11-14 07:00:00-03:00,0.101,0.05,0.07200000000000001,6.827
2017-11-14 08:00:00-03:00,0.17200000000000001,0.07100000000000001,0.127,7.095
2017-11-14 09:00:00-03:00,0.2,0.06,0.166,7.44
2017-11-14 10:00:00-03:00,0.35100000000000003,0.156,0.23600000000000002,8.283
2017-11-14 11:00:00-03:00,0.47900000000000004,0.268,0.276,9.316
2017-11-14 12:00:00-03:00,0.611,0.421,0.29,10.287
2017-11-14 13:00:00-03:00,0.717,0.549,0.31,11.039
2017-11-14 14:00:00-03:00,0.687,0.538,0.281,11.403
2017-11-14 15:00:00-03:00,0.64,0.484,0.272,11.501
2017-11-14 16:00:00-03:00,0.532,0.356,0.257,11.353
2017-11-14 17:00:00-03:00,0.41400000000000003,0.248,0.222,11.017
2017-11-14 18:00:00-03:00,0.41300000000000003,0.297,0.17200000000000001,10.631
2017-11-14 19:00:00-03:00,0.309,0.231,0.117,10.124
2017-11-14 20:00:00-03:00,0.145,0.116,0.053,9.35
2017-11-14 21:00:00-03:00,0.008,0.014,0.005,7.761
2017-11-14 22:00:00-03:00,0.0,0.0,0.0,6.88
2017-11-14 23:00:00-03:00,0.0,0.0,0.0,6.432
2017-11-15 00:00:00-03:00,0.0,0.0,0.0,6.026
2017-11-15 01:00:00-03:00,0.0,0.0,0.0,5.666
2017-11-15 02:00:00-03:00,0.0,0.0,0.0,5.455
2017-11-15 03:00:00-03:00,0.0,0.0,0.0,5.4030000000000005
2017-11-15 04:00:00-03:00,0.0,0.0,0.0,5.264
2017-11-15 05:00:00-03:00,0.0,0.0,0.0,5.124
2017-11-15 06:00:00-03:00,0.017,0.011,0.019,5.297
2017-11-15 07:00:00-03:00,0.044,0.011,0.05,5.798
2017-11-15 08:00:00-03:00,0.056,0.007,0.068,6.507
2017-11-15 09:00:00-03:00,0.078,0.007,0.091,7.086
2017-11-15 10:00:00-03:00,0.127,0.012,0.138,7.747
2017-11-15 11:00:00-03:00,0.197,0.024,0.2,8.588
2017-11-15 12:00:00-03:00,0.246,0.034,0.244,9.291
2017-11-15 13:00:00-03:00,0.374,0.048,0.372,9.777
2017-11-15 14:00:00-03:00,0.373,0.105,0.315,10.141
2017-11-15 15:00:00-03:00,0.374,0.124,0.298,10.054
2017-11-15 16:00:00-03:00,0.341,0.11900000000000001,0.265,9.806000000000001
2017-11-15 17:00:00-03:00,0.28700000000000003,0.10300000000000001,0.22,9.412
2017-11-15 18:00:00-03:00,0.28300000000000003,0.14,0.178,8.935
2017-11-15 19:00:00-03:00,0.273,0.183,0.124,8.357
2017-11-15 20:00:00-03:00,0.138,0.10400000000000001,0.057,7.486
2017-11-15 21:00:00-03:00,0.002,0.006,0.004,6.483
2017-11-15 22:00:00-03:00,0.0,0.0,0.0,5.982
2017-11-15 23:00:00-03:00,0.0,0.0,0.0,5.709
2017-11-16 00:00:00-03:00,0.0,0.0,0.0,5.5760000000000005
2017-11-16 01:00:00-03:00,0.0,0.0,0.0,5.37
2017-11-16 02:00:00-03:00,0.0,0.0,0.0,5.17
2017-11-16 03:00:00-03:00,0.0,0.0,0.0,5.017
2017-11-16 04:00:00-03:00,0.0,0.0,0.0,4.9
2017-11-16 05:00:00-03:00,0.0,0.0,0.0,4.8100000000000005
2017-11-16 06:00:00-03:00,0.008,0.004,0.014,4.8870000000000005
2017-11-16 07:00:00-03:00,0.047,0.012,0.053,5.396
2017-11-16 08:00:00-03:00,0.099,0.019,0.1,5.596
2017-11-16 09:00:00-03:00,0.149,0.025,0.146,5.767
2017-11-16 10:00:00-03:00,0.194,0.03,0.188,5.718
2017-11-16 11:00:00-03:00,0.23800000000000002,0.037,0.227,5.577
2017-11-16 12:00:00-03:00,0.24,0.029,0.23800000000000002,5.538
2017-11-16 13:00:00-03:00,0.301,0.023,0.31,5.7010000000000005
2017-11-16 14:00:00-03:00,0.253,0.032,0.25,6.003
2017-11-16 15:00:00-03:00,0.265,0.045,0.25,6.168
2017-11-16 16:00:00-03:00,0.334,0.105,0.264,6.348
2017-11-16 17:00:00-03:00,0.388,0.192,0.23800000000000002,6.254
2017-11-16 18:00:00-03:00,0.393,0.248,0.187,5.957
2017-11-16 19:00:00-03:00,0.225,0.13,0.122,5.553
2017-11-16 20:00:00-03:00,0.094,0.061,0.053,5.002
2017-11-16 21:00:00-03:00,0.005,0.009000000000000001,0.005,4.254
2017-11-16 22:00:00-03:00,0.0,0.0,0.0,3.673
2017-11-16 23:00:00-03:00,0.0,0.0,0.0,3.321
2017-11-17 00:00:00-03:00,0.0,0.0,0.0,3.087
2017-11-17 01:00:00-03:00,0.0,0.0,0.0,2.9779999999999998
2017-11-17 02:00:00-03:00,0.0,0.0,0.0,2.965
2017-11-17 03:00:00-03:00,0.0,0.0,0.0,2.995
2017-11-17 04:00:00-03:00,0.0,0.0,0.0,2.972
2017-11-17 05:00:00-03:00,0.0,0.0,0.0,2.834
2017-11-17 06:00:00-03:00,0.10200000000000001,0.091,0.031,3.083
2017-11-17 07:00:00-03:00,0.30000000000000004,0.241,0.08700000000000001,4.078
2017-11-17 08:00:00-03:00,0.455,0.367,0.136,4.916
2017-11-17 09:00:00-03:00,0.537,0.421,0.182,5.904
2017-11-17 10:00:00-03:00,0.619,0.493,0.217,7.064
2017-11-17 11:00:00-03:00,0.643,0.494,0.252,8.164
2017-11-17 12:00:00-03:00,0.613,0.418,0.291,8.982
2017-11-17 13:00:00-03:00,0.736,0.589,0.29,9.645
2017-11-17 14:00:00-03:00,0.771,0.679,0.254,10.147
2017-11-17 15:00:00-03:00,0.65,0.494,0.269,10.196
2017-11-17 16:00:00-03:00,0.453,0.251,0.263,9.905
2017-11-17 17:00:00-03:00,0.47900000000000004,0.325,0.22,9.734
2017-11-17 18:00:00-03:00,0.376,0.249,0.17400000000000002,9.33
2017-11-17 19:00:00-03:00,0.069,0.019,0.07,8.354
2017-11-17 20:00:00-03:00,0.01,0.004,0.018000000000000002,7.42
2017-11-17 21:00:00-03:00,0.0,0.001,0.001,6.835
2017-11-17 22:00:00-03:00,0.0,0.0,0.0,6.525
2017-11-17 23:00:00-03:00,0.0,0.0,0.0,6.276
2017-11-18 00:00:00-03:00,0.0,0.0,0.0,6.041
2017-11-18 01:00:00-03:00,0.0,0.0,0.0,5.929
2017-11-18 02:00:00-03:00,0.0,0.0,0.0,5.889
2017-11-18 03:00:00-03:00,0.0,0.0,0.0,5.681
2017-11-18 04:00:00-03:00,0.0,0.0,0.0,5.15
2017-11-18 05:00:00-03:00,0.0,0.0,0.0,4.697
2017-11-18 06:00:00-03:00,0.04,0.029,0.028,4.77
2017-11-18 07:00:00-03:00,0.148,0.081,0.089,5.397
2017-11-18 08:00:00-03:00,0.23900000000000002,0.117,0.15,5.808
2017-11-18 09:00:00-03:00,0.306,0.133,0.20500000000000002,5.7010000000000005
2017-11-18 10:00:00-03:00,0.319,0.107,0.245,5.699
2017-11-18 11:00:00-03:00,0.393,0.14300000000000002,0.291,5.789
2017-11-18 12:00:00-03:00,0.374,0.1,0.313,5.502
2017-11-18 13:00:00-03:00,0.44,0.079,0.40900000000000003,5.431
2017-11-18 14:00:00-03:00,0.306,0.053,0.28400000000000003,5.078
2017-11-18 15:00:00-03:00,0.217,0.026000000000000002,0.216,4.63
2017-11-18 16:00:00-03:00,0.20400000000000001,0.029,0.199,4.749
2017-11-18 17:00:00-03:00,0.228,0.055,0.198,4.757
2017-11-18 18:00:00-03:00,0.222,0.08,0.167,4.501
2017-11-18 19:00:00-03:00,0.17,0.078,0.114,4.162
2017-11-18 20:00:00-03:00,0.063,0.034,0.047,3.738
2017-11-18 21:00:00-03:00,0.003,0.007,0.005,3.233
2017-11-18 22:00:00-03:00,0.0,0.0,0.0,2.8689999999999998
2017-11-18 23:00:00-03:00,0.0,0.0,0.0,2.774
2017-11-19 00:00:00-03:00,0.0,0.0,0.0,2.571
2017-11-19 01:00:00-03:00,0.0,0.0,0.0,2.333
2017-11-19 02:00:00-03:00,0.0,0.0,0.0,2.248
2017-11-19 03:00:00-03:00,0.0,0.0,0.0,2.2560000000000002
2017-11-19 04:00:00-03:00,0.0,0.0,0.0,2.291
2017-11-19 05:00:00-03:00,0.0,0.0,0.0,2.354
2017-11-19 06:00:00-03:00,0.028,0.018000000000000002,0.025,2.634
2017-11-19 07:00:00-03:00,0.11800000000000001,0.056,0.082,3.287
2017-11-19 08:00:00-03:00,0.176,0.064,0.134,4.043
2017-11-19 09:00:00-03:00,0.23500000000000001,0.075,0.186,4.937
2017-11-19 10:00:00-03:00,0.24,0.054,0.213,5.71
2017-11-19 11:00:00-03:00,0.248,0.044,0.232,6.297
2017-11-19 12:00:00-03:00,0.328,0.07200000000000001,0.292,7.161
2017-11-19 13:00:00-03:00,0.443,0.09,0.40800000000000003,7.937
2017-11-19 14:00:00-03:00,0.483,0.209,0.337,8.723
2017-11-19 15:00:00-03:00,0.481,0.23500000000000001,0.31,8.968
2017-11-19 16:00:00-03:00,0.467,0.25,0.277,8.705
2017-11-19 17:00:00-03:00,0.406,0.22,0.23500000000000001,8.181
2017-11-19 18:00:00-03:00,0.389,0.249,0.184,7.724
2017-11-19 19:00:00-03:00,0.372,0.28600000000000003,0.127,7.007
2017-11-19 20:00:00-03:00,0.23800000000000002,0.199,0.066,5.99
2017-11-19 21:00:00-03:00,0.022,0.028,0.008,5.044
2017-11-19 22:00:00-03:00,0.0,0.0,0.0,4.463
2017-11-19 23:00:00-03:00,0.0,0.0,0.0,4.062
2017-11-20 00:00:00-03:00,0.0,0.0,0.0,3.822
2017-11-20 01:00:00-03:00,0.0,0.0,0.0,3.678
2017-11-20 02:00:00-03:00,0.0,0.0,0.0,3.533
2017-11-20 03:00:00-03:00,0.0,0.0,0.0,3.445
2017-11-20 04:00:00-03:00,0.0,0.0,0.0,3.323
2017-11-20 05:00:00-03:00,0.0,0.001,0.0,3.281
2017-11-20 06:00:00-03:00,0.094,0.077,0.035,3.536
2017-11-20 07:00:00-03:00,0.304,0.23900000000000002,0.095,4.325
2017-11-20 08:00:00-03:00,0.452,0.355,0.146,5.335
2017-11-20 09:00:00-03:00,0.47400000000000003,0.328,0.201,6.334
2017-11-20 10:00:00-03:00,0.54,0.368,0.244,7.372
2017-11-20 11:00:00-03:00,0.5640000000000001,0.362,0.28300000000000003,8.315
2017-11-20 12:00:00-03:00,0.562,0.324,0.321,9.051
2017-11-20 13:00:00-03:00,0.538,0.189,0.427,9.449
2017-11-20 14:00:00-03:00,0.326,0.07,0.296,9.551
2017-11-20 15:00:00-03:00,0.253,0.044,0.242,9.468
2017-11-20 16:00:00-03:00,0.184,0.025,0.186,9.119
2017-11-20 17:00:00-03:00,0.157,0.025,0.157,8.745
2017-11-20 18:00:00-03:00,0.152,0.038,0.138,8.664
2017-11-20 19:00:00-03:00,0.131,0.052000000000000005,0.10300000000000001,8.643
2017-11-20 20:00:00-03:00,0.14,0.10200000000000001,0.062,8.18
2017-11-20 21:00:00-03:00,0.016,0.02,0.009000000000000001,7.149
2017-11-20 22:00:00-03:00,0.0,0.0,0.0,6.274
2017-11-20 23:00:00-03:00,0.0,0.0,0.0,5.828
2017-11-21 00:00:00-03:00,0.0,0.0,0.0,5.682
2017-11-21 01:00:00-03:00,0.0,0.0,0.0,5.641
2017-11-21 02:00:00-03:00,0.0,0.0,0.0,5.571
2017-11-21 03:00:00-03:00,0.0,0.0,0.0,5.506
2017-11-21 04:00:00-03:00,0.0,0.0,0.0,5.385
2017-11-21 05:00:00-03:00,0.0,0.0,0.0,5.329
2017-11-21 06:00:00-03:00,0.018000000000000002,0.008,0.023,5.479
2017-11-21 07:00:00-03:00,0.061,0.015,0.065,5.884
2017-11-21 08:00:00-03:00,0.098,0.016,0.10300000000000001,6.436
2017-11-21 09:00:00-03:00,0.203,0.046,0.184,7.234
2017-11-21 10:00:00-03:00,0.242,0.047,0.225,7.841
2017-11-21 11:00:00-03:00,0.234,0.03,0.233,8.144
2017-11-21 12:00:00-03:00,0.264,0.031,0.265,8.504
2017-11-21 13:00:00-03:00,0.374,0.04,0.38,9.086
2017-11-21 14:00:00-03:00,0.225,0.019,0.23600000000000002,9.261
2017-11-21 15:00:00-03:00,0.154,0.01,0.17,9.088
2017-11-21 16:00:00-03:00,0.117,0.007,0.133,8.643
2017-11-21 17:00:00-03:00,0.084,0.005,0.1,8.249
2017-11-21 18:00:00-03:00,0.056,0.004,0.07,8.101
2017-11-21 19:00:00-03:00,0.038,0.005,0.051000000000000004,8.012
2017-11-21 20:00:00-03:00,0.033,0.012,0.038,7.765
2017-11-21 21:00:00-03:00,0.002,0.004,0.005,7.303
2017-11-21 22:00:00-03:00,0.0,0.0,0.0,6.93
2017-11-21 23:00:00-03:00,0.0,0.0,0.0,6.693
2017-11-22 00:00:00-03:00,0.0,0.0,0.0,6.594
2017-11-22 01:00:00-03:00,0.0,0.0,0.0,6.567
2017-11-22 02:00:00-03:00,0.0,0.0,0.0,6.515
2017-11-22 03:00:00-03:00,0.0,0.0,0.0,6.441
2017-11-22 04:00:00-03:00,0.0,0.0,0.0,6.391
2017-11-22 05:00:00-03:00,0.0,0.0,0.0,6.373
2017-11-22 06:00:00-03:00,0.012,0.005,0.018000000000000002,6.599
2017-11-22 07:00:00-03:00,0.075,0.023,0.07200000000000001,7.108
2017-11-22 08:00:00-03:00,0.166,0.053,0.138,7.659
2017-11-22 09:00:00-03:00,0.279,0.106,0.20700000000000002,8.274000000000001
2017-11-22 10:00:00-03:00,0.47200000000000003,0.268,0.266,9.129
2017-11-22 11:00:00-03:00,0.5730000000000001,0.364,0.298,9.953
2017-11-22 12:00:00-03:00,0.545,0.28400000000000003,0.34400000000000003,10.246
2017-11-22 13:00:00-03:00,0.361,0.04,0.365,9.151
2017-11-22 14:00:00-03:00,0.221,0.02,0.229,8.137
2017-11-22 15:00:00-03:00,0.294,0.056,0.272,8.248
2017-11-22 16:00:00-03:00,0.42,0.183,0.289,8.613
2017-11-22 17:00:00-03:00,0.267,0.079,0.221,7.851
2017-11-22 18:00:00-03:00,0.10200000000000001,0.014,0.109,5.9510000000000005
2017-11-22 19:00:00-03:00,0.051000000000000004,0.008,0.061,4.976
2017-11-22 20:00:00-03:00,0.018000000000000002,0.005,0.027,4.817
2017-11-22 21:00:00-03:00,0.005,0.008,0.007,4.471
2017-11-22 22:00:00-03:00,0.0,0.0,0.0,3.9290000000000003
2017-11-22 23:00:00-03:00,0.0,0.0,0.0,3.652
2017-11-23 00:00:00-03:00,0.0,0.0,0.0,3.452
2017-11-23 01:00:00-03:00,0.0,0.0,0.0,3.308
2017-11-23 02:00:00-03:00,0.0,0.0,0.0,3.189
2017-11-23 03:00:00-03:00,0.0,0.0,0.0,3.147
2017-11-23 04:00:00-03:00,0.0,0.0,0.0,3.125
2017-11-23 05:00:00-03:00,0.0,0.001,0.001,3.111
2017-11-23 06:00:00-03:00,0.066,0.047,0.037,3.423
2017-11-23 07:00:00-03:00,0.185,0.11,0.098,4.101
2017-11-23 08:00:00-03:00,0.25,0.121,0.155,4.753
2017-11-23 09:00:00-03:00,0.256,0.08600000000000001,0.198,5.338
2017-11-23 10:00:00-03:00,0.196,0.03,0.19,5.667
2017-11-23 11:00:00-03:00,0.152,0.012,0.163,5.772
2017-11-23 12:00:00-03:00,0.146,0.008,0.161,5.891
2017-11-23 13:00:00-03:00,0.231,0.012,0.246,6.246
2017-11-23 14:00:00-03:00,0.406,0.116,0.337,7.407
2017-11-23 15:00:00-03:00,0.501,0.247,0.32,8.287
2017-11-23 16:00:00-03:00,0.467,0.241,0.28600000000000003,8.736
2017-11-23 17:00:00-03:00,0.5700000000000001,0.423,0.231,9.048
2017-11-23 18:00:00-03:00,0.422,0.28400000000000003,0.191,9.031
2017-11-23 19:00:00-03:00,0.26,0.16,0.132,8.493
2017-11-23 20:00:00-03:00,0.101,0.061,0.061,7.555
2017-11-23 21:00:00-03:00,0.005,0.007,0.008,6.7620000000000005
2017-11-23 22:00:00-03:00,0.0,0.0,0.0,6.54
2017-11-23 23:00:00-03:00,0.0,0.0,0.0,6.59
2017-11-24 00:00:00-03:00,0.0,0.0,0.0,6.645
2017-11-24 01:00:00-03:00,0.0,0.0,0.0,6.622
2017-11-24 02:00:00-03:00,0.0,0.0,0.0,6.592
2017-11-24 03:00:00-03:00,0.0,0.0,0.0,6.643
2017-11-24 04:00:00-03:00,0.0,0.0,0.0,6.7059999999999995
2017-11-24 05:00:00-03:00,0.0,0.0,0.0,6.73
2017-11-24 06:00:00-03:00,0.006,0.002,0.013000000000000001,6.86
2017-11-24 07:00:00-03:00,0.032,0.005,0.043000000000000003,7.202
2017-11-24 08:00:00-03:00,0.101,0.017,0.106,7.643
2017-11-24 09:00:00-03:00,0.195,0.043000000000000003,0.18,8.124
2017-11-24 10:00:00-03:00,0.313,0.095,0.255,8.906
2017-11-24 11:00:00-03:00,0.29,0.057,0.269,9.559
2017-11-24 12:00:00-03:00,0.369,0.08700000000000001,0.33,10.29
2017-11-24 13:00:00-03:00,0.56,0.194,0.456,11.151
2017-11-24 14:00:00-03:00,0.383,0.093,0.342,11.266
2017-11-24 15:00:00-03:00,0.297,0.056,0.28,10.926
2017-11-24 16:00:00-03:00,0.296,0.07200000000000001,0.263,10.751
2017-11-24 17:00:00-03:00,0.223,0.049,0.20600000000000002,10.554
2017-11-24 18:00:00-03:00,0.116,0.018000000000000002,0.122,10.049
2017-11-24 19:00:00-03:00,0.084,0.019,0.08700000000000001,9.527
2017-11-24 20:00:00-03:00,0.032,0.01,0.038,9.051
2017-11-24 21:00:00-03:00,0.0,0.001,0.003,8.687
2017-11-24 22:00:00-03:00,0.0,0.0,0.0,8.436
2017-11-24 23:00:00-03:00,0.0,0.0,0.0,7.88
2017-11-25 00:00:00-03:00,0.0,0.0,0.0,7.313
2017-11-25 01:00:00-03:00,0.0,0.0,0.0,7.016
2017-11-25 02:00:00-03:00,0.0,0.0,0.0,6.924
2017-11-25 03:00:00-03:00,0.0,0.0,0.0,6.886
2017-11-25 04:00:00-03:00,0.0,0.0,0.0,6.906
2017-11-25 05:00:00-03:00,0.0,0.001,0.001,7.117
2017-11-25 06:00:00-03:00,0.04,0.023,0.033,7.536
2017-11-25 07:00:00-03:00,0.068,0.019,0.07,8.021
2017-11-25 08:00:00-03:00,0.083,0.012,0.092,8.416
2017-11-25 09:00:00-03:00,0.138,0.02,0.14300000000000002,9.006
2017-11-25 10:00:00-03:00,0.187,0.026000000000000002,0.189,9.686
2017-11-25 11:00:00-03:00,0.202,0.023,0.209,10.188
2017-11-25 12:00:00-03:00,0.28200000000000003,0.04,0.279,11.0
2017-11-25 13:00:00-03:00,0.542,0.179,0.451,12.14
2017-11-25 14:00:00-03:00,0.442,0.149,0.359,12.623
2017-11-25 15:00:00-03:00,0.637,0.45,0.308,13.129
2017-11-25 16:00:00-03:00,0.47600000000000003,0.255,0.295,13.023
2017-11-25 17:00:00-03:00,0.369,0.17300000000000001,0.248,12.82
2017-11-25 18:00:00-03:00,0.291,0.139,0.192,12.17
2017-11-25 19:00:00-03:00,0.078,0.017,0.083,11.044
2017-11-25 20:00:00-03:00,0.023,0.007,0.031,10.235
2017-11-25 21:00:00-03:00,0.004,0.007,0.006,9.636
2017-11-25 22:00:00-03:00,0.0,0.0,0.0,9.231
2017-11-25 23:00:00-03:00,0.0,0.0,0.0,8.875
2017-11-26 00:00:00-03:00,0.0,0.0,0.0,8.213
2017-11-26 01:00:00-03:00,0.0,0.0,0.0,7.5
2017-11-26 02:00:00-03:00,0.0,0.0,0.0,6.991
2017-11-26 03:00:00-03:00,0.0,0.0,0.0,6.661
2017-11-26 04:00:00-03:00,0.0,0.0,0.0,6.293
2017-11-26 05:00:00-03:00,0.0,0.001,0.001,5.973
2017-11-26 06:00:00-03:00,0.021,0.011,0.024,5.575
2017-11-26 07:00:00-03:00,0.134,0.065,0.09,4.772
2017-11-26 08:00:00-03:00,0.281,0.154,0.156,4.675
2017-11-26 09:00:00-03:00,0.399,0.23,0.21,5.013
2017-11-26 10:00:00-03:00,0.531,0.34800000000000003,0.248,5.619
2017-11-26 11:00:00-03:00,0.5670000000000001,0.356,0.28600000000000003,6.214
2017-11-26 12:00:00-03:00,0.713,0.553,0.281,6.881
2017-11-26 13:00:00-03:00,0.6920000000000001,0.451,0.354,7.047
2017-11-26 14:00:00-03:00,0.63,0.402,0.323,7.318
2017-11-26 15:00:00-03:00,0.62,0.419,0.295,7.607
2017-11-26 16:00:00-03:00,0.603,0.429,0.263,7.566
2017-11-26 17:00:00-03:00,0.432,0.245,0.23700000000000002,7.261
2017-11-26 18:00:00-03:00,0.393,0.25,0.187,7.067
2017-11-26 19:00:00-03:00,0.268,0.168,0.13,6.683
2017-11-26 20:00:00-03:00,0.182,0.136,0.07100000000000001,6.153
2017-11-26 21:00:00-03:00,0.019,0.021,0.012,5.572
2017-11-26 22:00:00-03:00,0.0,0.0,0.0,5.157
2017-11-26 23:00:00-03:00,0.0,0.0,0.0,4.939
2017-11-27 00:00:00-03:00,0.0,0.0,0.0,4.886
2017-11-27 01:00:00-03:00,0.0,0.0,0.0,4.822
2017-11-27 02:00:00-03:00,0.0,0.0,0.0,4.822
2017-11-27 03:00:00-03:00,0.0,0.0,0.0,4.922
2017-11-27 04:00:00-03:00,0.0,0.0,0.0,4.963
2017-11-27 05:00:00-03:00,0.0,0.0,0.001,4.928
2017-11-27 06:00:00-03:00,0.014,0.004,0.021,5.158
2017-11-27 07:00:00-03:00,0.029,0.004,0.041,5.391
2017-11-27 08:00:00-03:00,0.037,0.002,0.051000000000000004,5.178
2017-11-27 09:00:00-03:00,0.066,0.004,0.081,5.305
2017-11-27 10:00:00-03:00,0.10300000000000001,0.005,0.11900000000000001,5.763
2017-11-27 11:00:00-03:00,0.127,0.006,0.14300000000000002,6.337
2017-11-27 12:00:00-03:00,0.137,0.005,0.155,7.317
2017-11-27 13:00:00-03:00,0.23700000000000002,0.009000000000000001,0.258,8.697
2017-11-27 14:00:00-03:00,0.266,0.025,0.276,10.245
2017-11-27 15:00:00-03:00,0.245,0.028,0.252,11.45
2017-11-27 16:00:00-03:00,0.15,0.011,0.167,11.958
2017-11-27 17:00:00-03:00,0.10300000000000001,0.007,0.12,12.143
2017-11-27 18:00:00-03:00,0.101,0.011,0.113,12.145
2017-11-27 19:00:00-03:00,0.111,0.029,0.107,11.907
2017-11-27 20:00:00-03:00,0.07,0.031,0.061,11.411
2017-11-27 21:00:00-03:00,0.007,0.009000000000000001,0.009000000000000001,10.808
2017-11-27 22:00:00-03:00,0.0,0.0,0.0,10.409
2017-11-27 23:00:00-03:00,0.0,0.0,0.0,10.164
2017-11-28 00:00:00-03:00,0.0,0.0,0.0,9.883
2017-11-28 01:00:00-03:00,0.0,0.0,0.0,9.674
2017-11-28 02:00:00-03:00,0.0,0.0,0.0,9.653
2017-11-28 03:00:00-03:00,0.0,0.0,0.0,9.71
2017-11-28 04:00:00-03:00,0.0,0.0,0.0,9.761
2017-11-28 05:00:00-03:00,0.0,0.001,0.001,9.744
2017-11-28 06:00:00-03:00,0.02,0.008,0.025,9.934
2017-11-28 07:00:00-03:00,0.07200000000000001,0.02,0.073,10.456
2017-11-28 08:00:00-03:00,0.226,0.098,0.16,11.222
2017-11-28 09:00:00-03:00,0.41000000000000003,0.244,0.224,12.107
2017-11-28 10:00:00-03:00,0.46900000000000003,0.268,0.272,12.762
2017-11-28 11:00:00-03:00,0.418,0.167,0.313,13.13
2017-11-28 12:00:00-03:00,0.367,0.088,0.332,13.387
2017-11-28 13:00:00-03:00,0.402,0.06,0.402,13.62
2017-11-28 14:00:00-03:00,0.225,0.02,0.24,13.456
2017-11-28 15:00:00-03:00,0.20400000000000001,0.021,0.216,13.317
2017-11-28 16:00:00-03:00,0.199,0.026000000000000002,0.20500000000000002,13.314
2017-11-28 17:00:00-03:00,0.325,0.128,0.244,13.75
2017-11-28 18:00:00-03:00,0.271,0.12,0.192,13.789
2017-11-28 19:00:00-03:00,0.121,0.039,0.109,13.332
2017-11-28 20:00:00-03:00,0.058,0.025,0.054,12.557
2017-11-28 21:00:00-03:00,0.005,0.007,0.007,11.312
2017-11-28 22:00:00-03:00,0.0,0.0,0.0,9.511
2017-11-28 23:00:00-03:00,0.0,0.0,0.0,8.057
2017-11-29 00:00:00-03:00,0.0,0.0,0.0,7.288
2017-11-29 01:00:00-03:00,0.0,0.0,0.0,7.021
2017-11-29 02:00:00-03:00,0.0,0.0,0.0,6.789
2017-11-29 03:00:00-03:00,0.0,0.0,0.0,6.5440000000000005
2017-11-29 04:00:00-03:00,0.0,0.0,0.0,6.384
2017-11-29 05:00:00-03:00,0.0,0.004,0.002,6.291
2017-11-29 06:00:00-03:00,0.073,0.052000000000000005,0.04,6.509
2017-11-29 07:00:00-03:00,0.276,0.20500000000000002,0.10200000000000001,7.037
2017-11-29 08:00:00-03:00,0.5660000000000001,0.51,0.135,7.799
2017-11-29 09:00:00-03:00,0.658,0.596,0.171,8.727
2017-11-29 10:00:00-03:00,0.709,0.636,0.20400000000000001,9.587
2017-11-29 11:00:00-03:00,0.731,0.642,0.23500000000000001,10.366
2017-11-29 12:00:00-03:00,0.713,0.582,0.271,10.924
2017-11-29 13:00:00-03:00,0.717,0.552,0.308,11.324
2017-11-29 14:00:00-03:00,0.644,0.449,0.312,11.591
2017-11-29 15:00:00-03:00,0.556,0.343,0.302,11.681000000000001
2017-11-29 16:00:00-03:00,0.534,0.34800000000000003,0.27,11.746
2017-11-29 17:00:00-03:00,0.454,0.28400000000000003,0.23500000000000001,11.578
2017-11-29 18:00:00-03:00,0.304,0.161,0.184,11.16
2017-11-29 19:00:00-03:00,0.186,0.093,0.122,10.593
2017-11-29 20:00:00-03:00,0.101,0.06,0.063,9.917
2017-11-29 21:00:00-03:00,0.027,0.031,0.011,9.076
2017-11-29 22:00:00-03:00,0.0,0.0,0.0,8.481
2017-11-29 23:00:00-03:00,0.0,0.0,0.0,8.171
2017-11-30 00:00:00-03:00,0.0,0.0,0.0,7.851
2017-11-30 01:00:00-03:00,0.0,0.0,0.0,7.497
2017-11-30 02:00:00-03:00,0.0,0.0,0.0,7.135
2017-11-30 03:00:00-03:00,0.0,0.0,0.0,6.85
2017-11-30 04:00:00-03:00,0.0,0.0,0.0,6.64
2017-11-30 05:00:00-03:00,0.0,0.001,0.001,6.486
2017-11-30 06:00:00-03:00,0.03,0.017,0.029,6.66
2017-11-30 07:00:00-03:00,0.068,0.022,0.066,7.189
2017-11-30 08:00:00-03:00,0.251,0.13,0.151,8.102
2017-11-30 09:00:00-03:00,0.675,0.629,0.163,9.223
2017-11-30 10:00:00-03:00,0.752,0.716,0.187,10.061
2017-11-30 11:00:00-03:00,0.785,0.746,0.21,10.669
2017-11-30 12:00:00-03:00,0.798,0.753,0.225,11.159
2017-11-30 13:00:00-03:00,0.789,0.745,0.222,11.546
2017-11-30 14:00:00-03:00,0.798,0.747,0.23500000000000001,11.783
2017-11-30 15:00:00-03:00,0.778,0.72,0.232,11.789
2017-11-30 16:00:00-03:00,0.757,0.707,0.212,11.635
2017-11-30 17:00:00-03:00,0.6960000000000001,0.641,0.19,11.377
2017-11-30 18:00:00-03:00,0.607,0.548,0.161,10.917
2017-11-30 19:00:00-03:00,0.544,0.509,0.11800000000000001,10.195
2017-11-30 20:00:00-03:00,0.384,0.358,0.073,9.28
2017-11-30 21:00:00-03:00,0.10400000000000001,0.109,0.017,8.101
2017-11-30 22:00:00-03:00,0.0,0.0,0.0,7.14
2017-11-30 23:00:00-03:00,0.0,0.0,0.0,6.503
2017-12-01 00:00:00-03:00,0.0,0.0,0.0,6.065
2017-12-01 01:00:00-03:00,0.0,0.0,0.0,5.73
2017-12-01 02:00:00-03:00,0.0,0.0,0.0,5.603
2017-12-01 03:00:00-03:00,0.0,0.0,0.0,5.432
2017-12-01 04:00:00-03:00,0.0,0.0,0.0,5.322
2017-12-01 05:00:00-03:00,0.002,0.007,0.003,5.257
2017-12-01 06:00:00-03:00,0.08,0.057,0.043000000000000003,5.888
2017-12-01 07:00:00-03:00,0.184,0.108,0.101,6.775
2017-12-01 08:00:00-03:00,0.34800000000000003,0.227,0.161,7.751
2017-12-01 09:00:00-03:00,0.5,0.364,0.20400000000000001,8.74
2017-12-01 10:00:00-03:00,0.5720000000000001,0.417,0.242,9.688
2017-12-01 11:00:00-03:00,0.523,0.306,0.294,10.455
2017-12-01 12:00:00-03:00,0.547,0.30000000000000004,0.333,11.15
2017-12-01 13:00:00-03:00,0.653,0.403,0.371,11.852
2017-12-01 14:00:00-03:00,0.552,0.298,0.34500000000000003,12.172
2017-12-01 15:00:00-03:00,0.464,0.217,0.316,12.198
2017-12-01 16:00:00-03:00,0.39,0.166,0.278,12.071
2017-12-01 17:00:00-03:00,0.41100000000000003,0.229,0.24,11.935
2017-12-01 18:00:00-03:00,0.467,0.34900000000000003,0.186,11.6
2017-12-01 19:00:00-03:00,0.357,0.268,0.136,10.906
2017-12-01 20:00:00-03:00,0.222,0.17500000000000002,0.078,10.018
2017-12-01 21:00:00-03:00,0.08600000000000001,0.092,0.015,8.941
2017-12-01 22:00:00-03:00,0.0,0.0,0.0,8.024
2017-12-01 23:00:00-03:00,0.0,0.0,0.0,7.489
2017-12-02 00:00:00-03:00,0.0,0.0,0.0,7.241
2017-12-02 01:00:00-03:00,0.0,0.0,0.0,7.144
2017-12-02 02:00:00-03:00,0.0,0.0,0.0,6.968
2017-12-02 03:00:00-03:00,0.0,0.0,0.0,6.596
2017-12-02 04:00:00-03:00,0.0,0.0,0.0,6.041
2017-12-02 05:00:00-03:00,0.005,0.012,0.003,5.557
2017-12-02 06:00:00-03:00,0.168,0.145,0.046,5.657
2017-12-02 07:00:00-03:00,0.433,0.391,0.09,6.139
2017-12-02 08:00:00-03:00,0.559,0.503,0.129,6.751
2017-12-02 09:00:00-03:00,0.639,0.5730000000000001,0.164,7.469
2017-12-02 10:00:00-03:00,0.708,0.641,0.192,8.215
2017-12-02 11:00:00-03:00,0.791,0.755,0.2,9.019
2017-12-02 12:00:00-03:00,0.856,0.868,0.19,9.805
2017-12-02 13:00:00-03:00,0.846,0.894,0.152,10.473
2017-12-02 14:00:00-03:00,0.875,0.908,0.187,10.985
2017-12-02 15:00:00-03:00,0.871,0.9,0.19,11.311
2017-12-02 16:00:00-03:00,0.851,0.884,0.176,11.481
2017-12-02 17:00:00-03:00,0.8160000000000001,0.853,0.154,11.486
2017-12-02 18:00:00-03:00,0.763,0.8,0.127,11.29
2017-12-02 19:00:00-03:00,0.678,0.706,0.098,10.883
2017-12-02 20:00:00-03:00,0.519,0.529,0.065,10.196
2017-12-02 21:00:00-03:00,0.164,0.167,0.022,8.46
2017-12-02 22:00:00-03:00,0.0,0.0,0.0,7.034
2017-12-02 23:00:00-03:00,0.0,0.0,0.0,6.261
2017-12-03 00:00:00-03:00,0.0,0.0,0.0,5.651
2017-12-03 01:00:00-03:00,0.0,0.0,0.0,5.167
2017-12-03 02:00:00-03:00,0.0,0.0,0.0,4.754
2017-12-03 03:00:00-03:00,0.0,0.0,0.0,4.339
2017-12-03 04:00:00-03:00,0.0,0.0,0.0,4.258
2017-12-03 05:00:00-03:00,0.01,0.018000000000000002,0.004,4.314
2017-12-03 06:00:00-03:00,0.14100000000000001,0.112,0.051000000000000004,4.822
2017-12-03 07:00:00-03:00,0.297,0.219,0.109,5.652
2017-12-03 08:00:00-03:00,0.294,0.162,0.165,7.237
2017-12-03 09:00:00-03:00,0.23900000000000002,0.073,0.196,8.88
2017-12-03 10:00:00-03:00,0.37,0.155,0.264,10.668
2017-12-03 11:00:00-03:00,0.529,0.312,0.302,12.63
2017-12-03 12:00:00-03:00,0.592,0.37,0.331,14.266
2017-12-03 13:00:00-03:00,0.61,0.321,0.40800000000000003,14.933
2017-12-03 14:00:00-03:00,0.532,0.266,0.36,14.902
2017-12-03 15:00:00-03:00,0.584,0.383,0.311,14.793
2017-12-03 16:00:00-03:00,0.54,0.353,0.28200000000000003,14.534
2017-12-03 17:00:00-03:00,0.334,0.14200000000000002,0.241,13.972
2017-12-03 18:00:00-03:00,0.166,0.042,0.153,13.273
2017-12-03 19:00:00-03:00,0.047,0.007,0.059000000000000004,12.426
2017-12-03 20:00:00-03:00,0.025,0.007,0.034,11.772
2017-12-03 21:00:00-03:00,0.026000000000000002,0.027,0.015,11.17
2017-12-03 22:00:00-03:00,0.0,0.0,0.0,10.478
2017-12-03 23:00:00-03:00,0.0,0.0,0.0,10.085
2017-12-04 00:00:00-03:00,0.0,0.0,0.0,10.052
2017-12-04 01:00:00-03:00,0.0,0.0,0.0,9.864
2017-12-04 02:00:00-03:00,0.0,0.0,0.0,9.729
2017-12-04 03:00:00-03:00,0.0,0.0,0.0,9.463
2017-12-04 04:00:00-03:00,0.0,0.0,0.0,9.18
2017-12-04 05:00:00-03:00,0.001,0.005,0.003,9.037
2017-12-04 06:00:00-03:00,0.038,0.019,0.036000000000000004,9.409
2017-12-04 07:00:00-03:00,0.112,0.044,0.092,9.864
2017-12-04 08:00:00-03:00,0.159,0.046,0.139,10.298
2017-12-04 09:00:00-03:00,0.233,0.067,0.198,10.694
2017-12-04 10:00:00-03:00,0.324,0.106,0.26,10.741
2017-12-04 11:00:00-03:00,0.528,0.296,0.311,10.77
2017-12-04 12:00:00-03:00,0.549,0.28,0.354,10.673
2017-12-04 13:00:00-03:00,0.496,0.129,0.438,10.491
2017-12-04 14:00:00-03:00,0.481,0.177,0.372,10.648
2017-12-04 15:00:00-03:00,0.504,0.245,0.333,10.873
2017-12-04 16:00:00-03:00,0.393,0.153,0.292,10.76
2017-12-04 17:00:00-03:00,0.295,0.097,0.23600000000000002,10.465
2017-12-04 18:00:00-03:00,0.228,0.078,0.181,10.142
2017-12-04 19:00:00-03:00,0.197,0.092,0.133,9.769
2017-12-04 20:00:00-03:00,0.099,0.052000000000000005,0.069,9.229
2017-12-04 21:00:00-03:00,0.023,0.024,0.014,8.683
2017-12-04 22:00:00-03:00,0.0,0.0,0.0,8.362
2017-12-04 23:00:00-03:00,0.0,0.0,0.0,8.233
2017-12-05 00:00:00-03:00,0.0,0.0,0.0,8.179
2017-12-05 01:00:00-03:00,0.0,0.0,0.0,8.154
2017-12-05 02:00:00-03:00,0.0,0.0,0.0,8.163
2017-12-05 03:00:00-03:00,0.0,0.0,0.0,8.175
2017-12-05 04:00:00-03:00,0.0,0.0,0.0,8.222
2017-12-05 05:00:00-03:00,0.0,0.001,0.002,8.305
2017-12-05 06:00:00-03:00,0.028,0.012,0.032,8.581
2017-12-05 07:00:00-03:00,0.11800000000000001,0.045,0.096,9.213
2017-12-05 08:00:00-03:00,0.187,0.062,0.154,9.998
2017-12-05 09:00:00-03:00,0.171,0.029,0.169,10.672
2017-12-05 10:00:00-03:00,0.17,0.019,0.179,11.219
2017-12-05 11:00:00-03:00,0.182,0.016,0.195,11.702
2017-12-05 12:00:00-03:00,0.193,0.013000000000000001,0.21,12.049
2017-12-05 13:00:00-03:00,0.268,0.016,0.289,12.263
2017-12-05 14:00:00-03:00,0.28300000000000003,0.032,0.29,12.48
2017-12-05 15:00:00-03:00,0.247,0.031,0.252,12.327
2017-12-05 16:00:00-03:00,0.281,0.059000000000000004,0.261,12.141
2017-12-05 17:00:00-03:00,0.403,0.199,0.261,11.978
2017-12-05 18:00:00-03:00,0.457,0.317,0.20500000000000002,11.45
2017-12-05 19:00:00-03:00,0.453,0.371,0.14400000000000002,10.477
2017-12-05 20:00:00-03:00,0.294,0.243,0.088,9.453
2017-12-05 21:00:00-03:00,0.065,0.064,0.021,8.494
2017-12-05 22:00:00-03:00,0.0,0.0,0.0,7.65
2017-12-05 23:00:00-03:00,0.0,0.0,0.0,7.069
2017-12-06 00:00:00-03:00,0.0,0.0,0.0,6.17
2017-12-06 01:00:00-03:00,0.0,0.0,0.0,5.299
2017-12-06 02:00:00-03:00,0.0,0.0,0.0,4.884
2017-12-06 03:00:00-03:00,0.0,0.0,0.0,4.711
2017-12-06 04:00:00-03:00,0.0,0.0,0.0,4.506
2017-12-06 05:00:00-03:00,0.004,0.009000000000000001,0.004,4.297
2017-12-06 06:00:00-03:00,0.133,0.10200000000000001,0.053,4.5809999999999995
2017-12-06 07:00:00-03:00,0.25,0.165,0.112,5.265
2017-12-06 08:00:00-03:00,0.281,0.14400000000000002,0.167,5.853
2017-12-06 09:00:00-03:00,0.38,0.198,0.223,6.68
2017-12-06 10:00:00-03:00,0.439,0.22,0.271,7.609
2017-12-06 11:00:00-03:00,0.552,0.325,0.305,8.567
2017-12-06 12:00:00-03:00,0.613,0.375,0.335,9.258
2017-12-06 13:00:00-03:00,0.657,0.376,0.394,9.648
2017-12-06 14:00:00-03:00,0.629,0.388,0.34600000000000003,9.961
2017-12-06 15:00:00-03:00,0.56,0.322,0.324,10.064
2017-12-06 16:00:00-03:00,0.332,0.099,0.275,9.65
2017-12-06 17:00:00-03:00,0.192,0.034,0.186,9.067
2017-12-06 18:00:00-03:00,0.227,0.078,0.179,8.764
2017-12-06 19:00:00-03:00,0.106,0.028,0.101,8.196
2017-12-06 20:00:00-03:00,0.019,0.004,0.028,7.316
2017-12-06 21:00:00-03:00,0.001,0.002,0.005,6.188
2017-12-06 22:00:00-03:00,0.0,0.0,0.0,5.333
2017-12-06 23:00:00-03:00,0.0,0.0,0.0,4.769
2017-12-07 00:00:00-03:00,0.0,0.0,0.0,4.452
2017-12-07 01:00:00-03:00,0.0,0.0,0.0,4.264
2017-12-07 02:00:00-03:00,0.0,0.0,0.0,4.195
2017-12-07 03:00:00-03:00,0.0,0.0,0.0,4.142
2017-12-07 04:00:00-03:00,0.0,0.0,0.0,3.992
2017-12-07 05:00:00-03:00,0.0,0.002,0.002,3.543
2017-12-07 06:00:00-03:00,0.012,0.004,0.02,3.348
2017-12-07 07:00:00-03:00,0.027,0.004,0.038,3.536
2017-12-07 08:00:00-03:00,0.058,0.006,0.07,4.269
2017-12-07 09:00:00-03:00,0.11,0.012,0.12,5.936
2017-12-07 10:00:00-03:00,0.155,0.016,0.163,7.687
2017-12-07 11:00:00-03:00,0.29,0.057,0.269,8.654
2017-12-07 12:00:00-03:00,0.5750000000000001,0.312,0.35100000000000003,9.283
2017-12-07 13:00:00-03:00,0.761,0.611,0.306,10.15
2017-12-07 14:00:00-03:00,0.78,0.671,0.277,10.576
2017-12-07 15:00:00-03:00,0.7020000000000001,0.546,0.289,10.405
2017-12-07 16:00:00-03:00,0.724,0.618,0.247,10.185
2017-12-07 17:00:00-03:00,0.677,0.583,0.217,9.911
2017-12-07 18:00:00-03:00,0.616,0.538,0.178,9.592
2017-12-07 19:00:00-03:00,0.457,0.376,0.14,9.141
2017-12-07 20:00:00-03:00,0.083,0.038,0.066,8.407
2017-12-07 21:00:00-03:00,0.014,0.013000000000000001,0.014,7.7059999999999995
2017-12-07 22:00:00-03:00,0.0,0.0,0.0,7.124
2017-12-07 23:00:00-03:00,0.0,0.0,0.0,6.8100000000000005
2017-12-08 00:00:00-03:00,0.0,0.0,0.0,6.526
2017-12-08 01:00:00-03:00,0.0,0.0,0.0,6.268
2017-12-08 02:00:00-03:00,0.0,0.0,0.0,6.028
2017-12-08 03:00:00-03:00,0.0,0.0,0.0,5.852
2017-12-08 04:00:00-03:00,0.0,0.0,0.0,5.732
2017-12-08 05:00:00-03:00,0.001,0.004,0.004,5.735
2017-12-08 06:00:00-03:00,0.04,0.016,0.04,6.201
2017-12-08 07:00:00-03:00,0.084,0.02,0.084,6.772
2017-12-08 08:00:00-03:00,0.095,0.012,0.105,7.11
2017-12-08 09:00:00-03:00,0.127,0.012,0.137,7.508
2017-12-08 10:00:00-03:00,0.179,0.017,0.187,8.244
2017-12-08 11:00:00-03:00,0.23500000000000001,0.025,0.241,9.052
2017-12-08 12:00:00-03:00,0.20800000000000002,0.013000000000000001,0.225,9.395
2017-12-08 13:00:00-03:00,0.229,0.009000000000000001,0.251,9.527
2017-12-08 14:00:00-03:00,0.192,0.009000000000000001,0.211,9.579
2017-12-08 15:00:00-03:00,0.191,0.013000000000000001,0.20600000000000002,9.632
2017-12-08 16:00:00-03:00,0.177,0.014,0.19,9.513
2017-12-08 17:00:00-03:00,0.097,0.006,0.114,8.978
2017-12-08 18:00:00-03:00,0.095,0.009000000000000001,0.108,8.691
2017-12-08 19:00:00-03:00,0.088,0.015,0.094,8.631
2017-12-08 20:00:00-03:00,0.1,0.045,0.076,8.498
2017-12-08 21:00:00-03:00,0.094,0.093,0.022,7.775
2017-12-08 22:00:00-03:00,0.0,0.0,0.0,6.784
2017-12-08 23:00:00-03:00,0.0,0.0,0.0,6.163
2017-12-09 00:00:00-03:00,0.0,0.0,0.0,5.839
2017-12-09 01:00:00-03:00,0.0,0.0,0.0,5.65
2017-12-09 02:00:00-03:00,0.0,0.0,0.0,5.541
2017-12-09 03:00:00-03:00,0.0,0.0,0.0,5.484
2017-12-09 04:00:00-03:00,0.0,0.0,0.0,5.43
2017-12-09 05:00:00-03:00,0.003,0.007,0.004,5.348
2017-12-09 06:00:00-03:00,0.049,0.024,0.042,5.516
2017-12-09 07:00:00-03:00,0.165,0.079,0.11,5.878
2017-12-09 08:00:00-03:00,0.158,0.04,0.14200000000000002,6.223
2017-12-09 09:00:00-03:00,0.159,0.023,0.159,6.451
2017-12-09 10:00:00-03:00,0.17,0.018000000000000002,0.176,6.47
2017-12-09 11:00:00-03:00,0.185,0.015,0.194,6.369
2017-12-09 12:00:00-03:00,0.2,0.013000000000000001,0.212,6.484
2017-12-09 13:00:00-03:00,0.28400000000000003,0.018000000000000002,0.298,6.944
2017-12-09 14:00:00-03:00,0.261,0.023,0.268,7.404
2017-12-09 15:00:00-03:00,0.298,0.048,0.28400000000000003,8.095
2017-12-09 16:00:00-03:00,0.455,0.20400000000000001,0.309,8.987
2017-12-09 17:00:00-03:00,0.41500000000000004,0.20400000000000001,0.263,9.389
2017-12-09 18:00:00-03:00,0.376,0.212,0.211,9.451
2017-12-09 19:00:00-03:00,0.379,0.274,0.151,9.283
2017-12-09 20:00:00-03:00,0.28200000000000003,0.226,0.091,8.769
2017-12-09 21:00:00-03:00,0.12,0.114,0.028,7.458
2017-12-09 22:00:00-03:00,0.0,0.0,0.0,6.216
2017-12-09 23:00:00-03:00,0.0,0.0,0.0,6.31
2017-12-10 00:00:00-03:00,0.0,0.0,0.0,6.498
2017-12-10 01:00:00-03:00,0.0,0.0,0.0,6.243
2017-12-10 02:00:00-03:00,0.0,0.0,0.0,5.943
2017-12-10 03:00:00-03:00,0.0,0.0,0.0,5.68
2017-12-10 04:00:00-03:00,0.0,0.0,0.0,5.312
2017-12-10 05:00:00-03:00,0.005,0.009000000000000001,0.005,5.185
2017-12-10 06:00:00-03:00,0.032,0.012,0.035,6.024
2017-12-10 07:00:00-03:00,0.073,0.016,0.076,6.898
2017-12-10 08:00:00-03:00,0.153,0.036000000000000004,0.14200000000000002,7.773
2017-12-10 09:00:00-03:00,0.169,0.026000000000000002,0.169,8.381
2017-12-10 10:00:00-03:00,0.099,0.005,0.115,8.772
2017-12-10 11:00:00-03:00,0.097,0.004,0.115,9.451
2017-12-10 12:00:00-03:00,0.156,0.007,0.17500000000000002,10.426
2017-12-10 13:00:00-03:00,0.28300000000000003,0.018000000000000002,0.304,11.533
2017-12-10 14:00:00-03:00,0.362,0.062,0.35100000000000003,12.548
2017-12-10 15:00:00-03:00,0.406,0.123,0.342,13.037
2017-12-10 16:00:00-03:00,0.487,0.249,0.314,13.241
2017-12-10 17:00:00-03:00,0.401,0.192,0.268,12.999
2017-12-10 18:00:00-03:00,0.278,0.112,0.20500000000000002,12.387
2017-12-10 19:00:00-03:00,0.116,0.029,0.112,11.435
2017-12-10 20:00:00-03:00,0.039,0.01,0.047,10.513
2017-12-10 21:00:00-03:00,0.013000000000000001,0.011,0.015,9.479
2017-12-10 22:00:00-03:00,0.0,0.0,0.0,8.294
2017-12-10 23:00:00-03:00,0.0,0.0,0.0,7.433
2017-12-11 00:00:00-03:00,0.0,0.0,0.0,6.9510000000000005
2017-12-11 01:00:00-03:00,0.0,0.0,0.0,6.645
2017-12-11 02:00:00-03:00,0.0,0.0,0.0,6.457
2017-12-11 03:00:00-03:00,0.0,0.0,0.0,6.327
2017-12-11 04:00:00-03:00,0.0,0.0,0.0,6.22
2017-12-11 05:00:00-03:00,0.005,0.009000000000000001,0.005,6.146
2017-12-11 06:00:00-03:00,0.09,0.058,0.053,6.537
2017-12-11 07:00:00-03:00,0.426,0.362,0.113,7.397
2017-12-11 08:00:00-03:00,0.6000000000000001,0.538,0.152,8.464
2017-12-11 09:00:00-03:00,0.5740000000000001,0.447,0.215,9.503
2017-12-11 10:00:00-03:00,0.311,0.08700000000000001,0.263,9.918
2017-12-11 11:00:00-03:00,0.28200000000000003,0.049,0.27,10.061
2017-12-11 12:00:00-03:00,0.355,0.068,0.331,10.098
2017-12-11 13:00:00-03:00,0.375,0.044,0.379,9.78
2017-12-11 14:00:00-03:00,0.227,0.016,0.241,9.178
2017-12-11 15:00:00-03:00,0.167,0.011,0.181,8.481
2017-12-11 16:00:00-03:00,0.217,0.027,0.218,8.329
2017-12-11 17:00:00-03:00,0.201,0.033,0.196,8.417
2017-12-11 18:00:00-03:00,0.134,0.021,0.137,8.144
2017-12-11 19:00:00-03:00,0.159,0.055,0.128,8.003
2017-12-11 20:00:00-03:00,0.157,0.096,0.085,7.654
2017-12-11 21:00:00-03:00,0.08,0.075,0.025,6.989
2017-12-11 22:00:00-03:00,0.0,0.0,0.0,6.348
2017-12-11 23:00:00-03:00,0.0,0.0,0.0,5.9510000000000005
2017-12-12 00:00:00-03:00,0.0,0.0,0.0,5.694
2017-12-12 01:00:00-03:00,0.0,0.0,0.0,5.639
2017-12-12 02:00:00-03:00,0.0,0.0,0.0,5.635
2017-12-12 03:00:00-03:00,0.0,0.0,0.0,5.635
2017-12-12 04:00:00-03:00,0.0,0.0,0.0,5.542
2017-12-12 05:00:00-03:00,0.01,0.016,0.005,5.547
2017-12-12 06:00:00-03:00,0.123,0.091,0.053,6.06
2017-12-12 07:00:00-03:00,0.327,0.252,0.111,6.827
2017-12-12 08:00:00-03:00,0.6000000000000001,0.549,0.139,7.858
2017-12-12 09:00:00-03:00,0.708,0.67,0.167,8.994
2017-12-12 10:00:00-03:00,0.759,0.718,0.196,9.962
2017-12-12 11:00:00-03:00,0.6900000000000001,0.5640000000000001,0.255,10.661
2017-12-12 12:00:00-03:00,0.66,0.47900000000000004,0.301,11.226
2017-12-12 13:00:00-03:00,0.625,0.35000000000000003,0.386,11.571
2017-12-12 14:00:00-03:00,0.622,0.398,0.335,11.937
2017-12-12 15:00:00-03:00,0.586,0.38,0.307,12.186
2017-12-12 16:00:00-03:00,0.548,0.361,0.277,12.275
2017-12-12 17:00:00-03:00,0.47500000000000003,0.305,0.241,12.097
2017-12-12 18:00:00-03:00,0.403,0.264,0.195,11.757
2017-12-12 19:00:00-03:00,0.352,0.258,0.14100000000000001,11.267
2017-12-12 20:00:00-03:00,0.20600000000000002,0.153,0.084,10.5
2017-12-12 21:00:00-03:00,0.01,0.008,0.014,9.572
2017-12-12 22:00:00-03:00,0.0,0.0,0.0,8.904
2017-12-12 23:00:00-03:00,0.0,0.0,0.0,8.554
2017-12-13 00:00:00-03:00,0.0,0.0,0.0,8.316
2017-12-13 01:00:00-03:00,0.0,0.0,0.0,8.089
2017-12-13 02:00:00-03:00,0.0,0.0,0.0,7.962
2017-12-13 03:00:00-03:00,0.0,0.0,0.0,7.9350000000000005
2017-12-13 04:00:00-03:00,0.0,0.0,0.0,7.909
2017-12-13 05:00:00-03:00,0.001,0.004,0.004,7.772
2017-12-13 06:00:00-03:00,0.077,0.046,0.052000000000000005,7.926
2017-12-13 07:00:00-03:00,0.294,0.20700000000000002,0.122,8.674
2017-12-13 08:00:00-03:00,0.47000000000000003,0.359,0.17300000000000001,9.624
2017-12-13 09:00:00-03:00,0.43,0.25,0.23700000000000002,10.413
2017-12-13 10:00:00-03:00,0.342,0.112,0.275,10.928
2017-12-13 11:00:00-03:00,0.196,0.018000000000000002,0.20800000000000002,10.782
2017-12-13 12:00:00-03:00,0.161,0.008,0.179,10.122
2017-12-13 13:00:00-03:00,0.231,0.011,0.252,9.83
2017-12-13 14:00:00-03:00,0.364,0.063,0.34900000000000003,10.704
2017-12-13 15:00:00-03:00,0.314,0.057,0.299,11.607
2017-12-13 16:00:00-03:00,0.195,0.021,0.20500000000000002,11.957
2017-12-13 17:00:00-03:00,0.20400000000000001,0.035,0.201,12.147
2017-12-13 18:00:00-03:00,0.203,0.055,0.179,11.972
2017-12-13 19:00:00-03:00,0.281,0.166,0.153,11.332
2017-12-13 20:00:00-03:00,0.193,0.131,0.09,10.194
2017-12-13 21:00:00-03:00,0.065,0.057,0.027,8.827
2017-12-13 22:00:00-03:00,0.0,0.0,0.0,7.692
2017-12-13 23:00:00-03:00,0.0,0.0,0.0,7.003
2017-12-14 00:00:00-03:00,0.0,0.0,0.0,6.661
2017-12-14 01:00:00-03:00,0.0,0.0,0.0,6.4879999999999995
2017-12-14 02:00:00-03:00,0.0,0.0,0.0,6.395
2017-12-14 03:00:00-03:00,0.0,0.0,0.0,6.383
2017-12-14 04:00:00-03:00,0.0,0.0,0.0,6.48
2017-12-14 05:00:00-03:00,0.001,0.004,0.004,6.392
2017-12-14 06:00:00-03:00,0.044,0.02,0.042,6.079
2017-12-14 07:00:00-03:00,0.11900000000000001,0.041,0.099,6.095
2017-12-14 08:00:00-03:00,0.19,0.058,0.158,6.571
2017-12-14 09:00:00-03:00,0.273,0.084,0.22,7.183
2017-12-14 10:00:00-03:00,0.305,0.078,0.262,7.6530000000000005
2017-12-14 11:00:00-03:00,0.329,0.07,0.297,7.956
2017-12-14 12:00:00-03:00,0.28600000000000003,0.033,0.28600000000000003,7.882
2017-12-14 13:00:00-03:00,0.388,0.046,0.388,7.938
2017-12-14 14:00:00-03:00,0.354,0.053,0.341,8.006
2017-12-14 15:00:00-03:00,0.331,0.062,0.307,8.05
2017-12-14 16:00:00-03:00,0.275,0.049,0.258,7.856
2017-12-14 17:00:00-03:00,0.216,0.037,0.20600000000000002,7.64
2017-12-14 18:00:00-03:00,0.203,0.052000000000000005,0.179,7.564
2017-12-14 19:00:00-03:00,0.167,0.059000000000000004,0.133,7.431
2017-12-14 20:00:00-03:00,0.074,0.027,0.066,7.087
2017-12-14 21:00:00-03:00,0.016,0.011,0.018000000000000002,6.521
2017-12-14 22:00:00-03:00,0.0,0.0,0.0,6.066
2017-12-14 23:00:00-03:00,0.0,0.0,0.0,6.025
2017-12-15 00:00:00-03:00,0.0,0.0,0.0,6.018
2017-12-15 01:00:00-03:00,0.0,0.0,0.0,5.9719999999999995
2017-12-15 02:00:00-03:00,0.0,0.0,0.0,5.874
2017-12-15 03:00:00-03:00,0.0,0.0,0.0,5.764
2017-12-15 04:00:00-03:00,0.0,0.0,0.0,5.661
2017-12-15 05:00:00-03:00,0.001,0.003,0.004,5.563
2017-12-15 06:00:00-03:00,0.033,0.012,0.037,5.703
2017-12-15 07:00:00-03:00,0.112,0.035,0.099,6.119
2017-12-15 08:00:00-03:00,0.225,0.08,0.17300000000000001,6.7620000000000005
2017-12-15 09:00:00-03:00,0.328,0.125,0.24,7.511
2017-12-15 10:00:00-03:00,0.41600000000000004,0.169,0.297,8.187
2017-12-15 11:00:00-03:00,0.442,0.158,0.34,8.743
2017-12-15 12:00:00-03:00,0.343,0.052000000000000005,0.331,8.733
2017-12-15 13:00:00-03:00,0.244,0.011,0.264,7.98
2017-12-15 14:00:00-03:00,0.176,0.007,0.194,7.345
2017-12-15 15:00:00-03:00,0.152,0.007,0.169,6.945
2017-12-15 16:00:00-03:00,0.14,0.008,0.154,6.77
2017-12-15 17:00:00-03:00,0.115,0.008,0.129,6.586
2017-12-15 18:00:00-03:00,0.079,0.006,0.093,6.2620000000000005
2017-12-15 19:00:00-03:00,0.052000000000000005,0.005,0.065,5.816
2017-12-15 20:00:00-03:00,0.024,0.004,0.034,5.204
2017-12-15 21:00:00-03:00,0.005,0.004,0.01,4.765
2017-12-15 22:00:00-03:00,0.0,0.0,0.0,4.643
2017-12-15 23:00:00-03:00,0.0,0.0,0.0,4.801
2017-12-16 00:00:00-03:00,0.0,0.0,0.0,4.741
2017-12-16 01:00:00-03:00,0.0,0.0,0.0,4.39
2017-12-16 02:00:00-03:00,0.0,0.0,0.0,3.947
2017-12-16 03:00:00-03:00,0.0,0.0,0.0,3.667
2017-12-16 04:00:00-03:00,0.0,0.0,0.0,3.508
2017-12-16 05:00:00-03:00,0.01,0.015,0.006,3.347
2017-12-16 06:00:00-03:00,0.092,0.058,0.053,3.552
2017-12-16 07:00:00-03:00,0.28600000000000003,0.194,0.11900000000000001,4.115
2017-12-16 08:00:00-03:00,0.379,0.24,0.177,4.927
2017-12-16 09:00:00-03:00,0.35000000000000003,0.157,0.229,5.556
2017-12-16 10:00:00-03:00,0.397,0.162,0.278,6.247
2017-12-16 11:00:00-03:00,0.437,0.167,0.32,6.922
2017-12-16 12:00:00-03:00,0.451,0.14400000000000002,0.361,7.328
2017-12-16 13:00:00-03:00,0.491,0.117,0.435,7.381
2017-12-16 14:00:00-03:00,0.432,0.109,0.373,7.308
2017-12-16 15:00:00-03:00,0.39,0.109,0.326,7.359
2017-12-16 16:00:00-03:00,0.365,0.115,0.291,7.489
2017-12-16 17:00:00-03:00,0.367,0.153,0.256,7.568
2017-12-16 18:00:00-03:00,0.353,0.185,0.20700000000000002,7.338
2017-12-16 19:00:00-03:00,0.268,0.15,0.148,6.726
2017-12-16 20:00:00-03:00,0.215,0.152,0.09,6.091
2017-12-16 21:00:00-03:00,0.051000000000000004,0.042,0.027,5.372
2017-12-16 22:00:00-03:00,0.0,0.0,0.0,4.649
2017-12-16 23:00:00-03:00,0.0,0.0,0.0,4.199
2017-12-17 00:00:00-03:00,0.0,0.0,0.0,4.032
2017-12-17 01:00:00-03:00,0.0,0.0,0.0,4.118
2017-12-17 02:00:00-03:00,0.0,0.0,0.0,4.245
2017-12-17 03:00:00-03:00,0.0,0.0,0.0,4.411
2017-12-17 04:00:00-03:00,0.0,0.0,0.0,4.651
2017-12-17 05:00:00-03:00,0.003,0.005,0.005,4.925
2017-12-17 06:00:00-03:00,0.03,0.011,0.035,5.45
2017-12-17 07:00:00-03:00,0.105,0.031,0.095,6.238
2017-12-17 08:00:00-03:00,0.07100000000000001,0.007,0.084,6.7780000000000005
2017-12-17 09:00:00-03:00,0.11,0.009000000000000001,0.122,7.389
2017-12-17 10:00:00-03:00,0.126,0.008,0.14100000000000001,8.058
2017-12-17 11:00:00-03:00,0.158,0.01,0.17400000000000002,8.804
2017-12-17 12:00:00-03:00,0.20500000000000002,0.013000000000000001,0.221,9.524000000000001
2017-12-17 13:00:00-03:00,0.267,0.014,0.28700000000000003,10.013
2017-12-17 14:00:00-03:00,0.242,0.017,0.258,10.308
2017-12-17 15:00:00-03:00,0.271,0.033,0.274,10.691
2017-12-17 16:00:00-03:00,0.268,0.045,0.26,10.952
2017-12-17 17:00:00-03:00,0.34800000000000003,0.128,0.266,11.241
2017-12-17 18:00:00-03:00,0.38,0.21,0.22,10.881
2017-12-17 19:00:00-03:00,0.188,0.073,0.14300000000000002,9.757
2017-12-17 20:00:00-03:00,0.09,0.037,0.075,8.639
2017-12-17 21:00:00-03:00,0.016,0.012,0.017,7.732
2017-12-17 22:00:00-03:00,0.0,0.0,0.0,7.185
2017-12-17 23:00:00-03:00,0.0,0.0,0.0,6.841
2017-12-18 00:00:00-03:00,0.0,0.0,0.0,6.623
2017-12-18 01:00:00-03:00,0.0,0.0,0.0,6.522
2017-12-18 02:00:00-03:00,0.0,0.0,0.0,6.459
2017-12-18 03:00:00-03:00,0.0,0.0,0.0,6.422
2017-12-18 04:00:00-03:00,0.0,0.0,0.0,6.32
2017-12-18 05:00:00-03:00,0.004,0.008,0.005,6.166
2017-12-18 06:00:00-03:00,0.08,0.049,0.051000000000000004,6.224
2017-12-18 07:00:00-03:00,0.247,0.158,0.117,6.703
2017-12-18 08:00:00-03:00,0.385,0.254,0.17500000000000002,7.356
2017-12-18 09:00:00-03:00,0.512,0.36,0.22,8.195
2017-12-18 10:00:00-03:00,0.47000000000000003,0.256,0.276,8.931000000000001
2017-12-18 11:00:00-03:00,0.523,0.28200000000000003,0.315,9.545
2017-12-18 12:00:00-03:00,0.7000000000000001,0.527,0.304,10.273
2017-12-18 13:00:00-03:00,0.722,0.527,0.337,10.742
2017-12-18 14:00:00-03:00,0.647,0.41400000000000003,0.34900000000000003,10.948
2017-12-18 15:00:00-03:00,0.546,0.297,0.333,10.903
2017-12-18 16:00:00-03:00,0.49,0.261,0.299,10.722
2017-12-18 17:00:00-03:00,0.437,0.24,0.256,10.643
2017-12-18 18:00:00-03:00,0.292,0.13,0.199,10.338
2017-12-18 19:00:00-03:00,0.09,0.019,0.093,9.648
2017-12-18 20:00:00-03:00,0.035,0.009000000000000001,0.043000000000000003,8.923
2017-12-18 21:00:00-03:00,0.005,0.003,0.011,8.3
2017-12-18 22:00:00-03:00,0.0,0.0,0.0,7.837
2017-12-18 23:00:00-03:00,0.0,0.0,0.0,7.58
2017-12-19 00:00:00-03:00,0.0,0.0,0.0,7.446
2017-12-19 01:00:00-03:00,0.0,0.0,0.0,7.34
2017-12-19 02:00:00-03:00,0.0,0.0,0.0,7.234
2017-12-19 03:00:00-03:00,0.0,0.0,0.0,7.164
2017-12-19 04:00:00-03:00,0.0,0.0,0.0,7.096
2017-12-19 05:00:00-03:00,0.0,0.002,0.003,7.007
2017-12-19 06:00:00-03:00,0.033,0.012,0.037,7.276
2017-12-19 07:00:00-03:00,0.077,0.017,0.081,7.817
2017-12-19 08:00:00-03:00,0.097,0.012,0.106,8.41
2017-12-19 09:00:00-03:00,0.194,0.034,0.188,9.468
2017-12-19 10:00:00-03:00,0.336,0.099,0.281,10.918
2017-12-19 11:00:00-03:00,0.28400000000000003,0.045,0.278,11.82
2017-12-19 12:00:00-03:00,0.273,0.028,0.28300000000000003,12.291
2017-12-19 13:00:00-03:00,0.342,0.03,0.36,12.892
2017-12-19 14:00:00-03:00,0.272,0.023,0.289,13.545
2017-12-19 15:00:00-03:00,0.198,0.015,0.216,14.054
2017-12-19 16:00:00-03:00,0.34500000000000003,0.095,0.302,14.655
2017-12-19 17:00:00-03:00,0.321,0.107,0.262,14.408
2017-12-19 18:00:00-03:00,0.116,0.014,0.128,13.329
2017-12-19 19:00:00-03:00,0.10200000000000001,0.021,0.106,12.513
2017-12-19 20:00:00-03:00,0.064,0.02,0.064,11.686
2017-12-19 21:00:00-03:00,0.03,0.023,0.023,10.516
2017-12-19 22:00:00-03:00,0.0,0.0,0.0,9.184
2017-12-19 23:00:00-03:00,0.0,0.0,0.0,8.439
2017-12-20 00:00:00-03:00,0.0,0.0,0.0,8.583
2017-12-20 01:00:00-03:00,0.0,0.0,0.0,8.491
2017-12-20 02:00:00-03:00,0.0,0.0,0.0,8.342
2017-12-20 03:00:00-03:00,0.0,0.0,0.0,8.454
2017-12-20 04:00:00-03:00,0.0,0.0,0.0,8.37
2017-12-20 05:00:00-03:00,0.0,0.001,0.003,8.297
2017-12-20 06:00:00-03:00,0.045,0.02,0.043000000000000003,8.88
2017-12-20 07:00:00-03:00,0.049,0.008,0.059000000000000004,9.372
2017-12-20 08:00:00-03:00,0.123,0.022,0.125,9.906
2017-12-20 09:00:00-03:00,0.291,0.101,0.228,10.559
2017-12-20 10:00:00-03:00,0.31,0.082,0.267,10.343
2017-12-20 11:00:00-03:00,0.28600000000000003,0.047,0.275,9.732
2017-12-20 12:00:00-03:00,0.422,0.111,0.366,9.699
2017-12-20 13:00:00-03:00,0.452,0.081,0.431,9.652
2017-12-20 14:00:00-03:00,0.366,0.058,0.354,9.546
2017-12-20 15:00:00-03:00,0.372,0.088,0.33,9.586
2017-12-20 16:00:00-03:00,0.381,0.123,0.306,9.629
2017-12-20 17:00:00-03:00,0.281,0.074,0.242,9.407
2017-12-20 18:00:00-03:00,0.156,0.027,0.154,8.863
2017-12-20 19:00:00-03:00,0.109,0.024,0.108,8.415
2017-12-20 20:00:00-03:00,0.073,0.026000000000000002,0.067,7.936
2017-12-20 21:00:00-03:00,0.022,0.016,0.021,7.251
2017-12-20 22:00:00-03:00,0.0,0.0,0.0,6.687
2017-12-20 23:00:00-03:00,0.0,0.0,0.0,6.345
2017-12-21 00:00:00-03:00,0.0,0.0,0.0,6.119
2017-12-21 01:00:00-03:00,0.0,0.0,0.0,5.974
2017-12-21 02:00:00-03:00,0.0,0.0,0.0,5.871
2017-12-21 03:00:00-03:00,0.0,0.0,0.0,5.796
2017-12-21 04:00:00-03:00,0.0,0.0,0.0,5.684
2017-12-21 05:00:00-03:00,0.002,0.005,0.005,5.559
2017-12-21 06:00:00-03:00,0.052000000000000005,0.025,0.045,5.64
2017-12-21 07:00:00-03:00,0.14300000000000002,0.058,0.108,5.908
2017-12-21 08:00:00-03:00,0.233,0.088,0.17200000000000001,6.314
2017-12-21 09:00:00-03:00,0.267,0.078,0.219,6.877
2017-12-21 10:00:00-03:00,0.328,0.093,0.272,7.578
2017-12-21 11:00:00-03:00,0.4,0.122,0.325,8.294
2017-12-21 12:00:00-03:00,0.459,0.14400000000000002,0.374,8.924
2017-12-21 13:00:00-03:00,0.497,0.116,0.45,9.383
2017-12-21 14:00:00-03:00,0.39,0.07100000000000001,0.368,9.553
2017-12-21 15:00:00-03:00,0.311,0.051000000000000004,0.298,9.428
2017-12-21 16:00:00-03:00,0.256,0.04,0.249,9.155
2017-12-21 17:00:00-03:00,0.20800000000000002,0.033,0.203,8.881
2017-12-21 18:00:00-03:00,0.147,0.024,0.148,8.485
2017-12-21 19:00:00-03:00,0.078,0.012,0.08600000000000001,7.883
2017-12-21 20:00:00-03:00,0.033,0.007,0.042,7.264
2017-12-21 21:00:00-03:00,0.006,0.004,0.012,6.671
2017-12-21 22:00:00-03:00,0.0,0.0,0.0,6.18
2017-12-21 23:00:00-03:00,0.0,0.0,0.0,5.844
2017-12-22 00:00:00-03:00,0.0,0.0,0.0,5.496
2017-12-22 01:00:00-03:00,0.0,0.0,0.0,5.109
2017-12-22 02:00:00-03:00,0.0,0.0,0.0,4.793
2017-12-22 03:00:00-03:00,0.0,0.0,0.0,4.54
2017-12-22 04:00:00-03:00,0.0,0.0,0.0,4.334
2017-12-22 05:00:00-03:00,0.008,0.012,0.006,4.209
2017-12-22 06:00:00-03:00,0.078,0.045,0.052000000000000005,4.416
2017-12-22 07:00:00-03:00,0.187,0.095,0.115,4.822
2017-12-22 08:00:00-03:00,0.336,0.189,0.181,5.5
2017-12-22 09:00:00-03:00,0.435,0.247,0.23600000000000002,6.202
2017-12-22 10:00:00-03:00,0.388,0.15,0.281,6.594
2017-12-22 11:00:00-03:00,0.366,0.098,0.308,7.046
2017-12-22 12:00:00-03:00,0.381,0.083,0.342,7.735
2017-12-22 13:00:00-03:00,0.484,0.11,0.437,8.526
2017-12-22 14:00:00-03:00,0.423,0.098,0.379,8.999
2017-12-22 15:00:00-03:00,0.339,0.07,0.31,9.009
2017-12-22 16:00:00-03:00,0.307,0.07,0.274,9.112
2017-12-22 17:00:00-03:00,0.312,0.101,0.249,9.274000000000001
2017-12-22 18:00:00-03:00,0.254,0.09,0.196,9.059
2017-12-22 19:00:00-03:00,0.17500000000000002,0.066,0.135,8.535
2017-12-22 20:00:00-03:00,0.099,0.045,0.076,7.745
2017-12-22 21:00:00-03:00,0.029,0.022,0.023,6.805
2017-12-22 22:00:00-03:00,0.0,0.0,0.0,6.103
2017-12-22 23:00:00-03:00,0.0,0.0,0.0,5.751
2017-12-23 00:00:00-03:00,0.0,0.0,0.0,5.631
2017-12-23 01:00:00-03:00,0.0,0.0,0.0,5.5809999999999995
2017-12-23 02:00:00-03:00,0.0,0.0,0.0,5.53
2017-12-23 03:00:00-03:00,0.0,0.0,0.0,5.4879999999999995
2017-12-23 04:00:00-03:00,0.0,0.0,0.0,5.34
2017-12-23 05:00:00-03:00,0.0,0.001,0.002,5.284
2017-12-23 06:00:00-03:00,0.014,0.004,0.022,5.526
2017-12-23 07:00:00-03:00,0.06,0.012,0.067,6.18
2017-12-23 08:00:00-03:00,0.197,0.064,0.159,7.195
2017-12-23 09:00:00-03:00,0.304,0.112,0.227,8.166
2017-12-23 10:00:00-03:00,0.224,0.035,0.218,8.315
2017-12-23 11:00:00-03:00,0.214,0.022,0.221,8.566
2017-12-23 12:00:00-03:00,0.378,0.082,0.343,9.715
2017-12-23 13:00:00-03:00,0.522,0.15,0.45,10.641
2017-12-23 14:00:00-03:00,0.461,0.132,0.394,10.947
2017-12-23 15:00:00-03:00,0.47000000000000003,0.186,0.35100000000000003,11.177
2017-12-23 16:00:00-03:00,0.417,0.165,0.309,11.135
2017-12-23 17:00:00-03:00,0.4,0.188,0.265,10.909
2017-12-23 18:00:00-03:00,0.443,0.293,0.21,10.723
2017-12-23 19:00:00-03:00,0.262,0.14400000000000002,0.152,10.231
2017-12-23 20:00:00-03:00,0.112,0.055,0.08,9.516
2017-12-23 21:00:00-03:00,0.017,0.013000000000000001,0.017,8.705
2017-12-23 22:00:00-03:00,0.0,0.0,0.0,8.257
2017-12-23 23:00:00-03:00,0.0,0.0,0.0,8.337
2017-12-24 00:00:00-03:00,0.0,0.0,0.0,8.607
2017-12-24 01:00:00-03:00,0.0,0.0,0.0,8.878
2017-12-24 02:00:00-03:00,0.0,0.0,0.0,8.995
2017-12-24 03:00:00-03:00,0.0,0.0,0.0,8.887
2017-12-24 04:00:00-03:00,0.0,0.0,0.0,8.372
2017-12-24 05:00:00-03:00,0.006,0.01,0.005,7.524
2017-12-24 06:00:00-03:00,0.091,0.061,0.051000000000000004,6.869
2017-12-24 07:00:00-03:00,0.268,0.184,0.114,6.736
2017-12-24 08:00:00-03:00,0.332,0.2,0.169,7.149
2017-12-24 09:00:00-03:00,0.609,0.506,0.195,8.027
2017-12-24 10:00:00-03:00,0.71,0.623,0.216,8.944
2017-12-24 11:00:00-03:00,0.743,0.648,0.242,9.848
2017-12-24 12:00:00-03:00,0.755,0.648,0.262,10.476
2017-12-24 13:00:00-03:00,0.76,0.646,0.274,10.907
2017-12-24 14:00:00-03:00,0.73,0.591,0.28700000000000003,11.068
2017-12-24 15:00:00-03:00,0.6950000000000001,0.552,0.276,11.002
2017-12-24 16:00:00-03:00,0.684,0.5670000000000001,0.245,10.784
2017-12-24 17:00:00-03:00,0.645,0.544,0.213,10.419
2017-12-24 18:00:00-03:00,0.505,0.389,0.187,9.983
2017-12-24 19:00:00-03:00,0.312,0.20700000000000002,0.14400000000000002,9.499
2017-12-24 20:00:00-03:00,0.11900000000000001,0.066,0.076,8.868
2017-12-24 21:00:00-03:00,0.043000000000000003,0.036000000000000004,0.024,7.92
2017-12-24 22:00:00-03:00,0.0,0.0,0.0,6.815
2017-12-24 23:00:00-03:00,0.0,0.0,0.0,6.175
2017-12-25 00:00:00-03:00,0.0,0.0,0.0,5.618
2017-12-25 01:00:00-03:00,0.0,0.0,0.0,5.022
2017-12-25 02:00:00-03:00,0.0,0.0,0.0,4.489
2017-12-25 03:00:00-03:00,0.0,0.0,0.0,4.12
2017-12-25 04:00:00-03:00,0.0,0.0,0.0,3.892
2017-12-25 05:00:00-03:00,0.023,0.031,0.007,3.848
2017-12-25 06:00:00-03:00,0.167,0.133,0.057,4.514
2017-12-25 07:00:00-03:00,0.321,0.24,0.113,5.068
2017-12-25 08:00:00-03:00,0.449,0.335,0.163,5.702
2017-12-25 09:00:00-03:00,0.533,0.392,0.20800000000000002,6.432
2017-12-25 10:00:00-03:00,0.554,0.374,0.254,7.113
2017-12-25 11:00:00-03:00,0.6000000000000001,0.403,0.28600000000000003,7.967
2017-12-25 12:00:00-03:00,0.6930000000000001,0.525,0.291,8.865
2017-12-25 13:00:00-03:00,0.726,0.557,0.307,9.415
2017-12-25 14:00:00-03:00,0.779,0.687,0.255,9.793
2017-12-25 15:00:00-03:00,0.773,0.6900000000000001,0.243,9.942
2017-12-25 16:00:00-03:00,0.707,0.604,0.23600000000000002,9.93
2017-12-25 17:00:00-03:00,0.666,0.5760000000000001,0.20600000000000002,9.711
2017-12-25 18:00:00-03:00,0.457,0.325,0.192,9.133
2017-12-25 19:00:00-03:00,0.334,0.231,0.14200000000000002,8.435
2017-12-25 20:00:00-03:00,0.202,0.14400000000000002,0.085,7.6129999999999995
2017-12-25 21:00:00-03:00,0.043000000000000003,0.035,0.026000000000000002,6.661
2017-12-25 22:00:00-03:00,0.0,0.0,0.0,5.798
2017-12-25 23:00:00-03:00,0.0,0.0,0.0,5.225
2017-12-26 00:00:00-03:00,0.0,0.0,0.0,4.869
2017-12-26 01:00:00-03:00,0.0,0.0,0.0,4.748
2017-12-26 02:00:00-03:00,0.0,0.0,0.0,4.7010000000000005
2017-12-26 03:00:00-03:00,0.0,0.0,0.0,4.732
2017-12-26 04:00:00-03:00,0.0,0.0,0.0,4.78
2017-12-26 05:00:00-03:00,0.022,0.029,0.007,4.93
2017-12-26 06:00:00-03:00,0.179,0.14100000000000001,0.062,5.628
2017-12-26 07:00:00-03:00,0.27,0.179,0.122,6.566
2017-12-26 08:00:00-03:00,0.256,0.113,0.17300000000000001,7.461
2017-12-26 09:00:00-03:00,0.241,0.065,0.20600000000000002,8.151
2017-12-26 10:00:00-03:00,0.187,0.023,0.191,8.45
2017-12-26 11:00:00-03:00,0.157,0.011,0.171,8.417
2017-12-26 12:00:00-03:00,0.17300000000000001,0.01,0.189,8.452
2017-12-26 13:00:00-03:00,0.274,0.018000000000000002,0.29,8.939
2017-12-26 14:00:00-03:00,0.497,0.169,0.399,10.265
2017-12-26 15:00:00-03:00,0.502,0.226,0.34900000000000003,10.973
2017-12-26 16:00:00-03:00,0.464,0.22,0.309,11.198
2017-12-26 17:00:00-03:00,0.391,0.181,0.263,11.126
2017-12-26 18:00:00-03:00,0.313,0.146,0.20800000000000002,10.865
2017-12-26 19:00:00-03:00,0.20700000000000002,0.094,0.14300000000000002,10.489
2017-12-26 20:00:00-03:00,0.08600000000000001,0.036000000000000004,0.07200000000000001,9.897
2017-12-26 21:00:00-03:00,0.008,0.005,0.013000000000000001,9.021
2017-12-26 22:00:00-03:00,0.0,0.0,0.0,8.28
2017-12-26 23:00:00-03:00,0.0,0.0,0.0,7.768
2017-12-27 00:00:00-03:00,0.0,0.0,0.0,7.48
2017-12-27 01:00:00-03:00,0.0,0.0,0.0,7.313
2017-12-27 02:00:00-03:00,0.0,0.0,0.0,7.127
2017-12-27 03:00:00-03:00,0.0,0.0,0.0,7.012
2017-12-27 04:00:00-03:00,0.0,0.0,0.0,6.964
2017-12-27 05:00:00-03:00,0.0,0.001,0.002,7.008
2017-12-27 06:00:00-03:00,0.014,0.004,0.022,7.352
2017-12-27 07:00:00-03:00,0.11,0.038,0.094,8.185
2017-12-27 08:00:00-03:00,0.299,0.157,0.178,9.444
2017-12-27 09:00:00-03:00,0.48,0.318,0.231,10.879
2017-12-27 10:00:00-03:00,0.625,0.48,0.257,12.161
2017-12-27 11:00:00-03:00,0.619,0.43,0.304,13.21
2017-12-27 12:00:00-03:00,0.656,0.456,0.331,14.068
2017-12-27 13:00:00-03:00,0.598,0.28,0.431,14.529
2017-12-27 14:00:00-03:00,0.507,0.194,0.4,14.688
2017-12-27 15:00:00-03:00,0.405,0.128,0.339,14.606
2017-12-27 16:00:00-03:00,0.2,0.024,0.209,13.743
2017-12-27 17:00:00-03:00,0.126,0.012,0.14100000000000001,12.795
2017-12-27 18:00:00-03:00,0.194,0.05,0.17500000000000002,12.513
2017-12-27 19:00:00-03:00,0.179,0.07200000000000001,0.137,12.052
2017-12-27 20:00:00-03:00,0.099,0.046,0.076,11.367
2017-12-27 21:00:00-03:00,0.044,0.037,0.026000000000000002,10.468
2017-12-27 22:00:00-03:00,0.0,0.0,0.0,9.3
2017-12-27 23:00:00-03:00,0.0,0.0,0.0,8.629
2017-12-28 00:00:00-03:00,0.0,0.0,0.0,8.313
2017-12-28 01:00:00-03:00,0.0,0.0,0.0,7.869
2017-12-28 02:00:00-03:00,0.0,0.0,0.0,7.356
2017-12-28 03:00:00-03:00,0.0,0.0,0.0,7.203
2017-12-28 04:00:00-03:00,0.0,0.0,0.0,7.578
2017-12-28 05:00:00-03:00,0.006,0.01,0.006,8.064
2017-12-28 06:00:00-03:00,0.049,0.025,0.043000000000000003,8.909
2017-12-28 07:00:00-03:00,0.063,0.014,0.069,9.663
2017-12-28 08:00:00-03:00,0.106,0.018000000000000002,0.112,10.47
2017-12-28 09:00:00-03:00,0.191,0.039,0.182,11.358
2017-12-28 10:00:00-03:00,0.183,0.023,0.19,11.796
2017-12-28 11:00:00-03:00,0.243,0.034,0.244,12.084
2017-12-28 12:00:00-03:00,0.388,0.097,0.34600000000000003,12.682
2017-12-28 13:00:00-03:00,0.522,0.166,0.442,13.195
2017-12-28 14:00:00-03:00,0.5680000000000001,0.277,0.391,13.482
2017-12-28 15:00:00-03:00,0.503,0.23700000000000002,0.34700000000000003,13.319
2017-12-28 16:00:00-03:00,0.41200000000000003,0.167,0.305,12.925
2017-12-28 17:00:00-03:00,0.404,0.2,0.262,12.511
2017-12-28 18:00:00-03:00,0.386,0.23,0.21,12.053
2017-12-28 19:00:00-03:00,0.295,0.183,0.152,11.435
2017-12-28 20:00:00-03:00,0.20600000000000002,0.146,0.09,10.695
2017-12-28 21:00:00-03:00,0.082,0.074,0.029,9.718
2017-12-28 22:00:00-03:00,0.0,0.0,0.0,8.811
2017-12-28 23:00:00-03:00,0.0,0.0,0.0,8.456
2017-12-29 00:00:00-03:00,0.0,0.0,0.0,8.257
2017-12-29 01:00:00-03:00,0.0,0.0,0.0,8.08
2017-12-29 02:00:00-03:00,0.0,0.0,0.0,8.01
2017-12-29 03:00:00-03:00,0.0,0.0,0.0,7.9
2017-12-29 04:00:00-03:00,0.0,0.0,0.0,7.781
2017-12-29 05:00:00-03:00,0.001,0.004,0.004,7.624
2017-12-29 06:00:00-03:00,0.046,0.022,0.041,7.652
2017-12-29 07:00:00-03:00,0.148,0.066,0.106,7.947
2017-12-29 08:00:00-03:00,0.21,0.076,0.162,8.352
2017-12-29 09:00:00-03:00,0.266,0.084,0.215,8.797
2017-12-29 10:00:00-03:00,0.28600000000000003,0.07,0.251,9.14
2017-12-29 11:00:00-03:00,0.33,0.076,0.294,9.328
2017-12-29 12:00:00-03:00,0.391,0.095,0.34500000000000003,9.527
2017-12-29 13:00:00-03:00,0.507,0.139,0.44,9.949
2017-12-29 14:00:00-03:00,0.513,0.188,0.4,10.363
2017-12-29 15:00:00-03:00,0.441,0.155,0.34500000000000003,10.175
2017-12-29 16:00:00-03:00,0.26,0.045,0.248,9.182
2017-12-29 17:00:00-03:00,0.266,0.067,0.232,8.689
2017-12-29 18:00:00-03:00,0.294,0.125,0.20400000000000001,8.583
2017-12-29 19:00:00-03:00,0.171,0.063,0.133,8.25
2017-12-29 20:00:00-03:00,0.099,0.045,0.075,7.73
2017-12-29 21:00:00-03:00,0.034,0.027,0.024,7.086
2017-12-29 22:00:00-03:00,0.0,0.0,0.0,6.492
2017-12-29 23:00:00-03:00,0.0,0.0,0.0,6.07
2017-12-30 00:00:00-03:00,0.0,0.0,0.0,5.801
2017-12-30 01:00:00-03:00,0.0,0.0,0.0,5.663
2017-12-30 02:00:00-03:00,0.0,0.0,0.0,5.586
2017-12-30 03:00:00-03:00,0.0,0.0,0.0,5.45
2017-12-30 04:00:00-03:00,0.0,0.0,0.0,5.283
2017-12-30 05:00:00-03:00,0.013000000000000001,0.018000000000000002,0.006,5.123
2017-12-30 06:00:00-03:00,0.151,0.114,0.06,5.347
2017-12-30 07:00:00-03:00,0.343,0.256,0.122,5.9030000000000005
2017-12-30 08:00:00-03:00,0.428,0.297,0.18,6.634
2017-12-30 09:00:00-03:00,0.427,0.23800000000000002,0.23800000000000002,7.271
2017-12-30 10:00:00-03:00,0.402,0.164,0.28500000000000003,7.859
2017-12-30 11:00:00-03:00,0.34900000000000003,0.08600000000000001,0.303,8.362
2017-12-30 12:00:00-03:00,0.337,0.058,0.319,8.612
2017-12-30 13:00:00-03:00,0.368,0.043000000000000003,0.369,8.721
2017-12-30 14:00:00-03:00,0.352,0.051000000000000004,0.343,8.939
2017-12-30 15:00:00-03:00,0.357,0.08,0.321,9.231
2017-12-30 16:00:00-03:00,0.28400000000000003,0.056,0.264,9.232
2017-12-30 17:00:00-03:00,0.14100000000000001,0.014,0.152,8.642
2017-12-30 18:00:00-03:00,0.088,0.008,0.101,7.92
2017-12-30 19:00:00-03:00,0.046,0.005,0.059000000000000004,7.346
2017-12-30 20:00:00-03:00,0.019,0.003,0.03,7.029
2017-12-30 21:00:00-03:00,0.003,0.002,0.009000000000000001,6.853
2017-12-30 22:00:00-03:00,0.0,0.0,0.0,6.6690000000000005
2017-12-30 23:00:00-03:00,0.0,0.0,0.0,6.496
2017-12-31 00:00:00-03:00,0.0,0.0,0.0,6.352
2017-12-31 01:00:00-03:00,0.0,0.0,0.0,6.213
2017-12-31 02:00:00-03:00,0.0,0.0,0.0,6.003
2017-12-31 03:00:00-03:00,0.0,0.0,0.0,5.786
2017-12-31 04:00:00-03:00,0.0,0.0,0.0,5.6370000000000005
2017-12-31 05:00:00-03:00,0.007,0.011,0.006,5.604
2017-12-31 06:00:00-03:00,0.076,0.046,0.05,5.902
2017-12-31 07:00:00-03:00,0.17500000000000002,0.08700000000000001,0.113,6.443
2017-12-31 08:00:00-03:00,0.218,0.08,0.165,7.028
2017-12-31 09:00:00-03:00,0.26,0.077,0.214,7.761
2017-12-31 10:00:00-03:00,0.328,0.098,0.269,8.581
2017-12-31 11:00:00-03:00,0.333,0.076,0.297,9.19
2017-12-31 12:00:00-03:00,0.334,0.057,0.318,9.628
2017-12-31 13:00:00-03:00,0.388,0.052000000000000005,0.385,10.003
2017-12-31 14:00:00-03:00,0.381,0.068,0.363,10.359
2017-12-31 15:00:00-03:00,0.32,0.058,0.303,10.535
2017-12-31 16:00:00-03:00,0.259,0.043000000000000003,0.25,10.481
2017-12-31 17:00:00-03:00,0.252,0.058,0.228,10.294
2017-12-31 18:00:00-03:00,0.28,0.112,0.203,10.01
2017-12-31 19:00:00-03:00,0.21,0.095,0.14400000000000002,9.404
2017-12-31 20:00:00-03:00,0.084,0.035,0.07100000000000001,8.513
