local_time,electricity,irradiance_direct,irradiance_diffuse,temperature
2021-12-31 21:00:00-03:00,0.013000000000000001,0.009000000000000001,0.017,7.13
2021-12-31 22:00:00-03:00,0.0,0.0,0.0,6.622
2021-12-31 23:00:00-03:00,0.0,0.0,0.0,6.413
2022-01-01 00:00:00-03:00,0.0,0.0,0.0,6.16
2022-01-01 01:00:00-03:00,0.0,0.0,0.0,5.891
2022-01-01 02:00:00-03:00,0.0,0.0,0.0,5.772
2022-01-01 03:00:00-03:00,0.0,0.0,0.0,5.741
2022-01-01 04:00:00-03:00,0.0,0.0,0.0,5.883
2022-01-01 05:00:00-03:00,0.0,0.001,0.002,6.075
2022-01-01 06:00:00-03:00,0.01,0.003,0.019,6.212
2022-01-01 07:00:00-03:00,0.035,0.005,0.047,6.62
2022-01-01 08:00:00-03:00,0.07,0.007,0.083,7.479
2022-01-01 09:00:00-03:00,0.11,0.01,0.123,8.744
2022-01-01 10:00:00-03:00,0.161,0.015,0.17300000000000001,10.217
2022-01-01 11:00:00-03:00,0.227,0.025,0.23500000000000001,11.578
2022-01-01 12:00:00-03:00,0.28200000000000003,0.034,0.28800000000000003,12.206
2022-01-01 13:00:00-03:00,0.34900000000000003,0.036000000000000004,0.362,12.314
2022-01-01 14:00:00-03:00,0.392,0.07200000000000001,0.376,12.598
2022-01-01 15:00:00-03:00,0.41400000000000003,0.124,0.34900000000000003,12.641
2022-01-01 16:00:00-03:00,0.386,0.13,0.31,12.2
2022-01-01 17:00:00-03:00,0.356,0.138,0.266,11.599
2022-01-01 18:00:00-03:00,0.229,0.068,0.193,10.951
2022-01-01 19:00:00-03:00,0.153,0.048,0.13,10.122
2022-01-01 20:00:00-03:00,0.146,0.084,0.08700000000000001,9.034
2022-01-01 21:00:00-03:00,0.066,0.06,0.025,7.753
2022-01-01 22:00:00-03:00,0.0,0.0,0.0,6.699
2022-01-01 23:00:00-03:00,0.0,0.0,0.0,6.167
2022-01-02 00:00:00-03:00,0.0,0.0,0.0,5.791
2022-01-02 01:00:00-03:00,0.0,0.0,0.0,5.469
2022-01-02 02:00:00-03:00,0.0,0.0,0.0,5.212
2022-01-02 03:00:00-03:00,0.0,0.0,0.0,4.968
2022-01-02 04:00:00-03:00,0.0,0.0,0.0,4.775
2022-01-02 05:00:00-03:00,0.016,0.023,0.006,4.638
2022-01-02 06:00:00-03:00,0.17500000000000002,0.14300000000000002,0.056,4.797
2022-01-02 07:00:00-03:00,0.326,0.246,0.113,5.339
2022-01-02 08:00:00-03:00,0.385,0.257,0.169,5.999
2022-01-02 09:00:00-03:00,0.387,0.20700000000000002,0.221,6.43
2022-01-02 10:00:00-03:00,0.384,0.162,0.264,6.736
2022-01-02 11:00:00-03:00,0.442,0.188,0.306,7.33
2022-01-02 12:00:00-03:00,0.52,0.245,0.34400000000000003,7.944
2022-01-02 13:00:00-03:00,0.602,0.296,0.398,8.435
2022-01-02 14:00:00-03:00,0.622,0.368,0.352,8.7
2022-01-02 15:00:00-03:00,0.616,0.405,0.307,8.689
2022-01-02 16:00:00-03:00,0.589,0.403,0.274,8.403
2022-01-02 17:00:00-03:00,0.521,0.35100000000000003,0.23900000000000002,8.035
2022-01-02 18:00:00-03:00,0.528,0.41400000000000003,0.184,7.7059999999999995
2022-01-02 19:00:00-03:00,0.451,0.369,0.135,7.171
2022-01-02 20:00:00-03:00,0.244,0.187,0.085,6.416
2022-01-02 21:00:00-03:00,0.053,0.046,0.024,5.584
2022-01-02 22:00:00-03:00,0.0,0.0,0.0,4.886
2022-01-02 23:00:00-03:00,0.0,0.0,0.0,4.491
2022-01-03 00:00:00-03:00,0.0,0.0,0.0,4.309
2022-01-03 01:00:00-03:00,0.0,0.0,0.0,4.226
2022-01-03 02:00:00-03:00,0.0,0.0,0.0,4.08
2022-01-03 03:00:00-03:00,0.0,0.0,0.0,3.96
2022-01-03 04:00:00-03:00,0.0,0.0,0.0,3.903
2022-01-03 05:00:00-03:00,0.001,0.004,0.003,3.865
2022-01-03 06:00:00-03:00,0.076,0.049,0.046,4.455
2022-01-03 07:00:00-03:00,0.312,0.23,0.114,5.2
2022-01-03 08:00:00-03:00,0.493,0.388,0.163,5.939
2022-01-03 09:00:00-03:00,0.527,0.38,0.215,6.806
2022-01-03 10:00:00-03:00,0.448,0.23,0.271,7.55
2022-01-03 11:00:00-03:00,0.381,0.125,0.30000000000000004,8.139
2022-01-03 12:00:00-03:00,0.397,0.112,0.333,8.74
2022-01-03 13:00:00-03:00,0.448,0.10400000000000001,0.402,9.234
2022-01-03 14:00:00-03:00,0.451,0.135,0.376,9.685
2022-01-03 15:00:00-03:00,0.467,0.198,0.332,10.152
2022-01-03 16:00:00-03:00,0.506,0.28800000000000003,0.291,10.546
2022-01-03 17:00:00-03:00,0.516,0.35100000000000003,0.242,10.605
2022-01-03 18:00:00-03:00,0.493,0.372,0.191,10.261
2022-01-03 19:00:00-03:00,0.46,0.385,0.135,9.279
2022-01-03 20:00:00-03:00,0.353,0.311,0.083,7.804
2022-01-03 21:00:00-03:00,0.105,0.099,0.027,6.377
2022-01-03 22:00:00-03:00,0.0,0.0,0.0,5.483
2022-01-03 23:00:00-03:00,0.0,0.0,0.0,5.004
2022-01-04 00:00:00-03:00,0.0,0.0,0.0,4.639
2022-01-04 01:00:00-03:00,0.0,0.0,0.0,4.334
2022-01-04 02:00:00-03:00,0.0,0.0,0.0,4.064
2022-01-04 03:00:00-03:00,0.0,0.0,0.0,3.952
2022-01-04 04:00:00-03:00,0.0,0.0,0.0,3.957
2022-01-04 05:00:00-03:00,0.015,0.023,0.005,3.9619999999999997
2022-01-04 06:00:00-03:00,0.218,0.186,0.057,4.5600000000000005
2022-01-04 07:00:00-03:00,0.427,0.362,0.111,5.372
2022-01-04 08:00:00-03:00,0.508,0.40700000000000003,0.162,6.169
2022-01-04 09:00:00-03:00,0.562,0.426,0.211,7.008
2022-01-04 10:00:00-03:00,0.46,0.243,0.273,7.689
2022-01-04 11:00:00-03:00,0.649,0.47000000000000003,0.28500000000000003,8.533
2022-01-04 12:00:00-03:00,0.617,0.383,0.332,8.971
2022-01-04 13:00:00-03:00,0.468,0.11800000000000001,0.41000000000000003,8.82
2022-01-04 14:00:00-03:00,0.296,0.035,0.296,8.445
2022-01-04 15:00:00-03:00,0.322,0.067,0.293,8.452
2022-01-04 16:00:00-03:00,0.356,0.115,0.28300000000000003,8.477
2022-01-04 17:00:00-03:00,0.319,0.115,0.241,8.313
2022-01-04 18:00:00-03:00,0.301,0.14,0.197,8.221
2022-01-04 19:00:00-03:00,0.18,0.076,0.131,7.967
2022-01-04 20:00:00-03:00,0.049,0.015,0.051000000000000004,7.521
2022-01-04 21:00:00-03:00,0.009000000000000001,0.008,0.013000000000000001,6.957
2022-01-04 22:00:00-03:00,0.0,0.0,0.0,6.585
2022-01-04 23:00:00-03:00,0.0,0.0,0.0,6.63
2022-01-05 00:00:00-03:00,0.0,0.0,0.0,6.929
2022-01-05 01:00:00-03:00,0.0,0.0,0.0,7.455
2022-01-05 02:00:00-03:00,0.0,0.0,0.0,7.982
2022-01-05 03:00:00-03:00,0.0,0.0,0.0,8.241
2022-01-05 04:00:00-03:00,0.0,0.0,0.0,8.178
2022-01-05 05:00:00-03:00,0.001,0.004,0.003,7.743
2022-01-05 06:00:00-03:00,0.047,0.028,0.037,7.7940000000000005
2022-01-05 07:00:00-03:00,0.14,0.069,0.095,8.417
2022-01-05 08:00:00-03:00,0.313,0.188,0.163,9.264
2022-01-05 09:00:00-03:00,0.685,0.639,0.17400000000000002,10.512
2022-01-05 10:00:00-03:00,0.776,0.756,0.192,11.705
2022-01-05 11:00:00-03:00,0.783,0.743,0.221,12.676
2022-01-05 12:00:00-03:00,0.766,0.6940000000000001,0.248,13.218
2022-01-05 13:00:00-03:00,0.751,0.653,0.267,13.387
2022-01-05 14:00:00-03:00,0.739,0.633,0.269,13.464
2022-01-05 15:00:00-03:00,0.749,0.674,0.244,13.545
2022-01-05 16:00:00-03:00,0.775,0.751,0.20600000000000002,13.554
2022-01-05 17:00:00-03:00,0.727,0.704,0.182,13.32
2022-01-05 18:00:00-03:00,0.625,0.582,0.158,12.864
2022-01-05 19:00:00-03:00,0.5,0.453,0.123,12.249
2022-01-05 20:00:00-03:00,0.321,0.28400000000000003,0.079,11.45
2022-01-05 21:00:00-03:00,0.037,0.033,0.021,10.411
2022-01-05 22:00:00-03:00,0.0,0.0,0.0,9.611
2022-01-05 23:00:00-03:00,0.0,0.0,0.0,9.587
2022-01-06 00:00:00-03:00,0.0,0.0,0.0,9.505
2022-01-06 01:00:00-03:00,0.0,0.0,0.0,9.359
2022-01-06 02:00:00-03:00,0.0,0.0,0.0,9.496
2022-01-06 03:00:00-03:00,0.0,0.0,0.0,10.021
2022-01-06 04:00:00-03:00,0.0,0.0,0.0,10.748
2022-01-06 05:00:00-03:00,0.0,0.0,0.001,11.276
2022-01-06 06:00:00-03:00,0.005,0.002,0.013000000000000001,11.686
2022-01-06 07:00:00-03:00,0.025,0.004,0.037,12.089
2022-01-06 08:00:00-03:00,0.079,0.012,0.089,12.652
2022-01-06 09:00:00-03:00,0.184,0.04,0.17400000000000002,13.15
2022-01-06 10:00:00-03:00,0.335,0.121,0.262,13.406
2022-01-06 11:00:00-03:00,0.367,0.12,0.301,13.491
2022-01-06 12:00:00-03:00,0.47200000000000003,0.196,0.35000000000000003,13.76
2022-01-06 13:00:00-03:00,0.539,0.214,0.418,13.768
2022-01-06 14:00:00-03:00,0.46900000000000003,0.159,0.384,13.436
2022-01-06 15:00:00-03:00,0.47900000000000004,0.219,0.335,13.131
2022-01-06 16:00:00-03:00,0.606,0.442,0.274,13.016
2022-01-06 17:00:00-03:00,0.7010000000000001,0.645,0.201,12.978
2022-01-06 18:00:00-03:00,0.659,0.626,0.161,12.719
2022-01-06 19:00:00-03:00,0.542,0.505,0.125,12.115
2022-01-06 20:00:00-03:00,0.34600000000000003,0.309,0.082,11.132
2022-01-06 21:00:00-03:00,0.035,0.03,0.022,9.926
2022-01-06 22:00:00-03:00,0.0,0.0,0.0,9.09
2022-01-06 23:00:00-03:00,0.0,0.0,0.0,8.699
2022-01-07 00:00:00-03:00,0.0,0.0,0.0,8.317
2022-01-07 01:00:00-03:00,0.0,0.0,0.0,7.884
2022-01-07 02:00:00-03:00,0.0,0.0,0.0,7.663
2022-01-07 03:00:00-03:00,0.0,0.0,0.0,7.359
2022-01-07 04:00:00-03:00,0.0,0.0,0.0,7.099
2022-01-07 05:00:00-03:00,0.001,0.004,0.003,7.018
2022-01-07 06:00:00-03:00,0.032,0.014,0.034,7.725
2022-01-07 07:00:00-03:00,0.08600000000000001,0.023,0.084,8.511
2022-01-07 08:00:00-03:00,0.098,0.014,0.106,9.178
2022-01-07 09:00:00-03:00,0.147,0.018000000000000002,0.154,10.045
2022-01-07 10:00:00-03:00,0.197,0.024,0.203,11.015
2022-01-07 11:00:00-03:00,0.114,0.005,0.134,11.412
2022-01-07 12:00:00-03:00,0.114,0.004,0.135,11.702
2022-01-07 13:00:00-03:00,0.2,0.008,0.224,12.221
2022-01-07 14:00:00-03:00,0.196,0.009000000000000001,0.219,12.6
2022-01-07 15:00:00-03:00,0.253,0.028,0.263,13.241
2022-01-07 16:00:00-03:00,0.192,0.018000000000000002,0.20600000000000002,13.634
2022-01-07 17:00:00-03:00,0.13,0.011,0.147,13.556000000000001
2022-01-07 18:00:00-03:00,0.09,0.008,0.106,13.386
2022-01-07 19:00:00-03:00,0.066,0.009000000000000001,0.079,13.301
2022-01-07 20:00:00-03:00,0.038,0.009000000000000001,0.047,13.044
2022-01-07 21:00:00-03:00,0.026000000000000002,0.025,0.017,12.545
2022-01-07 22:00:00-03:00,0.0,0.0,0.0,11.509
2022-01-07 23:00:00-03:00,0.0,0.0,0.0,10.579
2022-01-08 00:00:00-03:00,0.0,0.0,0.0,10.023
2022-01-08 01:00:00-03:00,0.0,0.0,0.0,9.452
2022-01-08 02:00:00-03:00,0.0,0.0,0.0,8.803
2022-01-08 03:00:00-03:00,0.0,0.0,0.0,8.226
2022-01-08 04:00:00-03:00,0.0,0.0,0.0,7.695
2022-01-08 05:00:00-03:00,0.013000000000000001,0.021,0.004,7.113
2022-01-08 06:00:00-03:00,0.289,0.271,0.051000000000000004,6.88
2022-01-08 07:00:00-03:00,0.532,0.508,0.094,7.19
2022-01-08 08:00:00-03:00,0.649,0.621,0.131,7.805
2022-01-08 09:00:00-03:00,0.717,0.682,0.165,8.587
2022-01-08 10:00:00-03:00,0.752,0.704,0.197,9.492
2022-01-08 11:00:00-03:00,0.762,0.6930000000000001,0.226,10.347
2022-01-08 12:00:00-03:00,0.768,0.686,0.246,11.093
2022-01-08 13:00:00-03:00,0.754,0.654,0.262,11.651
2022-01-08 14:00:00-03:00,0.723,0.597,0.275,11.953
2022-01-08 15:00:00-03:00,0.67,0.53,0.269,12.04
2022-01-08 16:00:00-03:00,0.589,0.434,0.256,11.967
2022-01-08 17:00:00-03:00,0.488,0.332,0.229,11.731
2022-01-08 18:00:00-03:00,0.374,0.23800000000000002,0.186,11.383
2022-01-08 19:00:00-03:00,0.243,0.145,0.131,10.895
2022-01-08 20:00:00-03:00,0.124,0.077,0.07100000000000001,10.213
2022-01-08 21:00:00-03:00,0.02,0.018000000000000002,0.016,9.32
2022-01-08 22:00:00-03:00,0.0,0.0,0.0,8.608
2022-01-08 23:00:00-03:00,0.0,0.0,0.0,8.207
2022-01-09 00:00:00-03:00,0.0,0.0,0.0,7.859
2022-01-09 01:00:00-03:00,0.0,0.0,0.0,7.449
2022-01-09 02:00:00-03:00,0.0,0.0,0.0,7.09
2022-01-09 03:00:00-03:00,0.0,0.0,0.0,6.732
2022-01-09 04:00:00-03:00,0.0,0.0,0.0,6.406
2022-01-09 05:00:00-03:00,0.008,0.014,0.004,6.208
2022-01-09 06:00:00-03:00,0.184,0.157,0.052000000000000005,6.521
2022-01-09 07:00:00-03:00,0.421,0.362,0.106,7.038
2022-01-09 08:00:00-03:00,0.444,0.334,0.163,7.631
2022-01-09 09:00:00-03:00,0.377,0.203,0.219,8.043
2022-01-09 10:00:00-03:00,0.333,0.11900000000000001,0.253,8.492
2022-01-09 11:00:00-03:00,0.40800000000000003,0.159,0.30000000000000004,9.243
2022-01-09 12:00:00-03:00,0.667,0.482,0.304,10.368
2022-01-09 13:00:00-03:00,0.706,0.517,0.327,11.002
2022-01-09 14:00:00-03:00,0.581,0.313,0.363,11.017
2022-01-09 15:00:00-03:00,0.279,0.049,0.266,10.243
2022-01-09 16:00:00-03:00,0.244,0.046,0.23,9.811
2022-01-09 17:00:00-03:00,0.421,0.232,0.245,10.209
2022-01-09 18:00:00-03:00,0.492,0.376,0.185,10.2
2022-01-09 19:00:00-03:00,0.28200000000000003,0.18,0.138,9.624
2022-01-09 20:00:00-03:00,0.111,0.063,0.07100000000000001,8.838
2022-01-09 21:00:00-03:00,0.014,0.013000000000000001,0.014,8.024
2022-01-09 22:00:00-03:00,0.0,0.0,0.0,7.385
2022-01-09 23:00:00-03:00,0.0,0.0,0.0,6.973
2022-01-10 00:00:00-03:00,0.0,0.0,0.0,6.839
2022-01-10 01:00:00-03:00,0.0,0.0,0.0,6.836
2022-01-10 02:00:00-03:00,0.0,0.0,0.0,6.885
2022-01-10 03:00:00-03:00,0.0,0.0,0.0,7.054
2022-01-10 04:00:00-03:00,0.0,0.0,0.0,7.4
2022-01-10 05:00:00-03:00,0.0,0.001,0.001,7.876
2022-01-10 06:00:00-03:00,0.026000000000000002,0.014,0.027,8.379
2022-01-10 07:00:00-03:00,0.106,0.045,0.084,9.133
2022-01-10 08:00:00-03:00,0.188,0.073,0.14300000000000002,9.966
2022-01-10 09:00:00-03:00,0.312,0.14200000000000002,0.21,10.527
2022-01-10 10:00:00-03:00,0.633,0.508,0.23500000000000001,10.775
2022-01-10 11:00:00-03:00,0.77,0.7020000000000001,0.233,10.912
2022-01-10 12:00:00-03:00,0.793,0.723,0.247,11.073
2022-01-10 13:00:00-03:00,0.788,0.708,0.254,11.167
2022-01-10 14:00:00-03:00,0.787,0.709,0.252,11.18
2022-01-10 15:00:00-03:00,0.718,0.595,0.264,10.886
2022-01-10 16:00:00-03:00,0.685,0.5710000000000001,0.241,10.535
2022-01-10 17:00:00-03:00,0.538,0.389,0.229,10.132
2022-01-10 18:00:00-03:00,0.396,0.255,0.19,9.541
2022-01-10 19:00:00-03:00,0.221,0.11900000000000001,0.131,8.583
2022-01-10 20:00:00-03:00,0.109,0.062,0.069,7.635
2022-01-10 21:00:00-03:00,0.015,0.014,0.015,6.661
2022-01-10 22:00:00-03:00,0.0,0.0,0.0,5.957
2022-01-10 23:00:00-03:00,0.0,0.0,0.0,5.557
2022-01-11 00:00:00-03:00,0.0,0.0,0.0,5.39
2022-01-11 01:00:00-03:00,0.0,0.0,0.0,5.442
2022-01-11 02:00:00-03:00,0.0,0.0,0.0,5.452
2022-01-11 03:00:00-03:00,0.0,0.0,0.0,5.412
2022-01-11 04:00:00-03:00,0.0,0.0,0.0,5.356
2022-01-11 05:00:00-03:00,0.001,0.005,0.003,5.357
2022-01-11 06:00:00-03:00,0.11,0.084,0.047,5.357
2022-01-11 07:00:00-03:00,0.295,0.213,0.112,5.632
2022-01-11 08:00:00-03:00,0.466,0.354,0.166,6.414
2022-01-11 09:00:00-03:00,0.5730000000000001,0.442,0.211,7.443
2022-01-11 10:00:00-03:00,0.635,0.486,0.25,8.393
2022-01-11 11:00:00-03:00,0.661,0.489,0.28600000000000003,9.207
2022-01-11 12:00:00-03:00,0.598,0.355,0.338,9.691
2022-01-11 13:00:00-03:00,0.464,0.121,0.406,9.649000000000001
2022-01-11 14:00:00-03:00,0.243,0.02,0.254,9.132
2022-01-11 15:00:00-03:00,0.165,0.012,0.179,8.669
2022-01-11 16:00:00-03:00,0.151,0.013000000000000001,0.163,8.573
2022-01-11 17:00:00-03:00,0.138,0.015,0.147,8.599
2022-01-11 18:00:00-03:00,0.156,0.032,0.149,8.664
2022-01-11 19:00:00-03:00,0.091,0.02,0.093,8.387
2022-01-11 20:00:00-03:00,0.033,0.009000000000000001,0.04,7.876
2022-01-11 21:00:00-03:00,0.003,0.003,0.007,7.241
2022-01-11 22:00:00-03:00,0.0,0.0,0.0,6.837
2022-01-11 23:00:00-03:00,0.0,0.0,0.0,6.789
2022-01-12 00:00:00-03:00,0.0,0.0,0.0,7.021
2022-01-12 01:00:00-03:00,0.0,0.0,0.0,7.461
2022-01-12 02:00:00-03:00,0.0,0.0,0.0,7.997
2022-01-12 03:00:00-03:00,0.0,0.0,0.0,8.459
2022-01-12 04:00:00-03:00,0.0,0.0,0.0,8.925
2022-01-12 05:00:00-03:00,0.0,0.002,0.002,9.249
2022-01-12 06:00:00-03:00,0.042,0.027,0.032,9.049
2022-01-12 07:00:00-03:00,0.125,0.06,0.088,8.386
2022-01-12 08:00:00-03:00,0.383,0.268,0.161,8.531
2022-01-12 09:00:00-03:00,0.463,0.312,0.211,9.133
2022-01-12 10:00:00-03:00,0.542,0.37,0.251,9.715
2022-01-12 11:00:00-03:00,0.586,0.395,0.28400000000000003,10.232
2022-01-12 12:00:00-03:00,0.583,0.357,0.319,10.589
2022-01-12 13:00:00-03:00,0.603,0.331,0.372,10.789
2022-01-12 14:00:00-03:00,0.621,0.388,0.339,11.044
2022-01-12 15:00:00-03:00,0.678,0.531,0.276,11.357
2022-01-12 16:00:00-03:00,0.656,0.529,0.246,11.391
2022-01-12 17:00:00-03:00,0.615,0.509,0.211,11.116
2022-01-12 18:00:00-03:00,0.536,0.444,0.17300000000000001,10.61
2022-01-12 19:00:00-03:00,0.359,0.272,0.133,9.961
2022-01-12 20:00:00-03:00,0.20400000000000001,0.156,0.076,9.215
2022-01-12 21:00:00-03:00,0.046,0.046,0.018000000000000002,8.226
2022-01-12 22:00:00-03:00,0.0,0.0,0.0,7.273
2022-01-12 23:00:00-03:00,0.0,0.0,0.0,6.768
2022-01-13 00:00:00-03:00,0.0,0.0,0.0,6.508
2022-01-13 01:00:00-03:00,0.0,0.0,0.0,6.367
2022-01-13 02:00:00-03:00,0.0,0.0,0.0,6.28
2022-01-13 03:00:00-03:00,0.0,0.0,0.0,6.211
2022-01-13 04:00:00-03:00,0.0,0.0,0.0,6.133
2022-01-13 05:00:00-03:00,0.0,0.004,0.002,6.064
2022-01-13 06:00:00-03:00,0.049,0.032,0.034,6.546
2022-01-13 07:00:00-03:00,0.108,0.046,0.084,7.169
2022-01-13 08:00:00-03:00,0.186,0.07,0.14200000000000002,7.789
2022-01-13 09:00:00-03:00,0.301,0.129,0.20800000000000002,8.515
2022-01-13 10:00:00-03:00,0.433,0.225,0.263,9.371
2022-01-13 11:00:00-03:00,0.556,0.34600000000000003,0.295,10.126
2022-01-13 12:00:00-03:00,0.594,0.369,0.322,10.758
2022-01-13 13:00:00-03:00,0.621,0.357,0.371,11.216
2022-01-13 14:00:00-03:00,0.596,0.342,0.355,11.513
2022-01-13 15:00:00-03:00,0.532,0.298,0.318,11.655
2022-01-13 16:00:00-03:00,0.47400000000000003,0.259,0.28400000000000003,11.625
2022-01-13 17:00:00-03:00,0.434,0.253,0.241,11.404
2022-01-13 18:00:00-03:00,0.34400000000000003,0.198,0.191,10.834
2022-01-13 19:00:00-03:00,0.225,0.124,0.132,9.946
2022-01-13 20:00:00-03:00,0.162,0.113,0.074,8.989
2022-01-13 21:00:00-03:00,0.026000000000000002,0.026000000000000002,0.016,7.858
2022-01-13 22:00:00-03:00,0.0,0.0,0.0,6.764
2022-01-13 23:00:00-03:00,0.0,0.0,0.0,6.09
2022-01-14 00:00:00-03:00,0.0,0.0,0.0,5.564
2022-01-14 01:00:00-03:00,0.0,0.0,0.0,5.148
2022-01-14 02:00:00-03:00,0.0,0.0,0.0,4.8469999999999995
2022-01-14 03:00:00-03:00,0.0,0.0,0.0,4.62
2022-01-14 04:00:00-03:00,0.0,0.0,0.0,4.446
2022-01-14 05:00:00-03:00,0.003,0.008,0.002,4.319
2022-01-14 06:00:00-03:00,0.17300000000000001,0.148,0.049,5.154
2022-01-14 07:00:00-03:00,0.309,0.231,0.111,6.116
2022-01-14 08:00:00-03:00,0.268,0.133,0.165,6.725
2022-01-14 09:00:00-03:00,0.28800000000000003,0.108,0.213,7.345
2022-01-14 10:00:00-03:00,0.305,0.089,0.251,7.922
2022-01-14 11:00:00-03:00,0.327,0.081,0.28400000000000003,8.476
2022-01-14 12:00:00-03:00,0.418,0.131,0.339,9.102
2022-01-14 13:00:00-03:00,0.452,0.111,0.399,9.383
2022-01-14 14:00:00-03:00,0.35000000000000003,0.058,0.335,9.348
2022-01-14 15:00:00-03:00,0.23700000000000002,0.028,0.24,9.243
2022-01-14 16:00:00-03:00,0.186,0.021,0.193,9.186
2022-01-14 17:00:00-03:00,0.14100000000000001,0.016,0.15,9.103
2022-01-14 18:00:00-03:00,0.114,0.016,0.121,8.936
2022-01-14 19:00:00-03:00,0.084,0.017,0.088,8.66
2022-01-14 20:00:00-03:00,0.034,0.009000000000000001,0.041,8.139
2022-01-14 21:00:00-03:00,0.002,0.003,0.007,7.401
2022-01-14 22:00:00-03:00,0.0,0.0,0.0,6.9
2022-01-14 23:00:00-03:00,0.0,0.0,0.0,6.699
2022-01-15 00:00:00-03:00,0.0,0.0,0.0,6.578
2022-01-15 01:00:00-03:00,0.0,0.0,0.0,6.498
2022-01-15 02:00:00-03:00,0.0,0.0,0.0,6.513
2022-01-15 03:00:00-03:00,0.0,0.0,0.0,6.531
2022-01-15 04:00:00-03:00,0.0,0.0,0.0,6.487
2022-01-15 05:00:00-03:00,0.0,0.0,0.001,6.414
2022-01-15 06:00:00-03:00,0.007,0.004,0.014,6.48
2022-01-15 07:00:00-03:00,0.052000000000000005,0.012,0.058,6.858
2022-01-15 08:00:00-03:00,0.121,0.026000000000000002,0.11800000000000001,7.238
2022-01-15 09:00:00-03:00,0.23,0.064,0.195,7.604
2022-01-15 10:00:00-03:00,0.292,0.079,0.248,8.158
2022-01-15 11:00:00-03:00,0.357,0.10300000000000001,0.297,8.725
2022-01-15 12:00:00-03:00,0.358,0.082,0.319,8.978
2022-01-15 13:00:00-03:00,0.417,0.083,0.386,9.22
2022-01-15 14:00:00-03:00,0.397,0.085,0.362,9.438
2022-01-15 15:00:00-03:00,0.343,0.079,0.306,9.512
2022-01-15 16:00:00-03:00,0.301,0.07200000000000001,0.266,9.528
2022-01-15 17:00:00-03:00,0.277,0.081,0.231,9.526
2022-01-15 18:00:00-03:00,0.224,0.074,0.181,9.31
2022-01-15 19:00:00-03:00,0.154,0.057,0.122,8.873
2022-01-15 20:00:00-03:00,0.065,0.027,0.058,8.201
2022-01-15 21:00:00-03:00,0.008,0.009000000000000001,0.01,7.312
2022-01-15 22:00:00-03:00,0.0,0.0,0.0,6.36
2022-01-15 23:00:00-03:00,0.0,0.0,0.0,5.5440000000000005
2022-01-16 00:00:00-03:00,0.0,0.0,0.0,5.111
2022-01-16 01:00:00-03:00,0.0,0.0,0.0,5.398
2022-01-16 02:00:00-03:00,0.0,0.0,0.0,5.838
2022-01-16 03:00:00-03:00,0.0,0.0,0.0,5.835
2022-01-16 04:00:00-03:00,0.0,0.0,0.0,5.617
2022-01-16 05:00:00-03:00,0.0,0.001,0.001,5.366
2022-01-16 06:00:00-03:00,0.03,0.019,0.026000000000000002,5.584
2022-01-16 07:00:00-03:00,0.12,0.057,0.085,6.209
2022-01-16 08:00:00-03:00,0.20400000000000001,0.08600000000000001,0.14400000000000002,6.848
2022-01-16 09:00:00-03:00,0.262,0.097,0.196,7.535
2022-01-16 10:00:00-03:00,0.311,0.105,0.242,8.353
2022-01-16 11:00:00-03:00,0.424,0.183,0.295,9.385
2022-01-16 12:00:00-03:00,0.6880000000000001,0.525,0.291,10.337
2022-01-16 13:00:00-03:00,0.772,0.662,0.274,10.651
2022-01-16 14:00:00-03:00,0.723,0.5710000000000001,0.294,10.403
2022-01-16 15:00:00-03:00,0.671,0.51,0.281,9.989
2022-01-16 16:00:00-03:00,0.579,0.401,0.266,9.481
2022-01-16 17:00:00-03:00,0.47100000000000003,0.298,0.23500000000000001,8.846
2022-01-16 18:00:00-03:00,0.376,0.232,0.187,8.075
2022-01-16 19:00:00-03:00,0.294,0.196,0.132,7.296
2022-01-16 20:00:00-03:00,0.17400000000000002,0.127,0.07200000000000001,6.562
2022-01-16 21:00:00-03:00,0.022,0.024,0.012,5.765
2022-01-16 22:00:00-03:00,0.0,0.0,0.0,5.147
2022-01-16 23:00:00-03:00,0.0,0.0,0.0,4.513
2022-01-17 00:00:00-03:00,0.0,0.0,0.0,3.875
2022-01-17 01:00:00-03:00,0.0,0.0,0.0,3.526
2022-01-17 02:00:00-03:00,0.0,0.0,0.0,3.355
2022-01-17 03:00:00-03:00,0.0,0.0,0.0,3.262
2022-01-17 04:00:00-03:00,0.0,0.0,0.0,3.207
2022-01-17 05:00:00-03:00,0.001,0.005,0.001,3.181
2022-01-17 06:00:00-03:00,0.17,0.15,0.042,3.711
2022-01-17 07:00:00-03:00,0.403,0.34600000000000003,0.098,4.643
2022-01-17 08:00:00-03:00,0.52,0.436,0.146,5.61
2022-01-17 09:00:00-03:00,0.428,0.27,0.20600000000000002,6.42
2022-01-17 10:00:00-03:00,0.5720000000000001,0.41100000000000003,0.24,7.454
2022-01-17 11:00:00-03:00,0.671,0.525,0.258,8.544
2022-01-17 12:00:00-03:00,0.765,0.665,0.255,9.525
2022-01-17 13:00:00-03:00,0.782,0.6940000000000001,0.256,10.273
2022-01-17 14:00:00-03:00,0.8130000000000001,0.764,0.234,10.844
2022-01-17 15:00:00-03:00,0.751,0.664,0.245,11.126
2022-01-17 16:00:00-03:00,0.515,0.324,0.268,10.928
2022-01-17 17:00:00-03:00,0.386,0.20500000000000002,0.231,10.538
2022-01-17 18:00:00-03:00,0.247,0.107,0.17300000000000001,9.985
2022-01-17 19:00:00-03:00,0.146,0.06,0.11,9.299
2022-01-17 20:00:00-03:00,0.033,0.012,0.038,8.456
2022-01-17 21:00:00-03:00,0.0,0.002,0.004,7.753
2022-01-17 22:00:00-03:00,0.0,0.0,0.0,7.341
2022-01-17 23:00:00-03:00,0.0,0.0,0.0,7.154
2022-01-18 00:00:00-03:00,0.0,0.0,0.0,7.174
2022-01-18 01:00:00-03:00,0.0,0.0,0.0,7.325
2022-01-18 02:00:00-03:00,0.0,0.0,0.0,7.525
2022-01-18 03:00:00-03:00,0.0,0.0,0.0,7.675
2022-01-18 04:00:00-03:00,0.0,0.0,0.0,7.761
2022-01-18 05:00:00-03:00,0.0,0.001,0.001,7.839
2022-01-18 06:00:00-03:00,0.04,0.028,0.029,8.154
2022-01-18 07:00:00-03:00,0.161,0.093,0.094,8.839
2022-01-18 08:00:00-03:00,0.31,0.189,0.16,9.809
2022-01-18 09:00:00-03:00,0.426,0.268,0.215,10.893
2022-01-18 10:00:00-03:00,0.555,0.393,0.253,12.041
2022-01-18 11:00:00-03:00,0.651,0.503,0.274,13.03
2022-01-18 12:00:00-03:00,0.609,0.405,0.316,13.583
2022-01-18 13:00:00-03:00,0.521,0.221,0.388,13.785
2022-01-18 14:00:00-03:00,0.459,0.166,0.366,13.982
2022-01-18 15:00:00-03:00,0.432,0.18,0.319,14.056
2022-01-18 16:00:00-03:00,0.385,0.162,0.281,13.771
2022-01-18 17:00:00-03:00,0.243,0.068,0.211,13.048
2022-01-18 18:00:00-03:00,0.133,0.026000000000000002,0.133,12.199
2022-01-18 19:00:00-03:00,0.112,0.035,0.10200000000000001,11.428
2022-01-18 20:00:00-03:00,0.057,0.025,0.052000000000000005,10.617
2022-01-18 21:00:00-03:00,0.005,0.008,0.006,9.874
2022-01-18 22:00:00-03:00,0.0,0.0,0.0,9.437
2022-01-18 23:00:00-03:00,0.0,0.0,0.0,9.178
2022-01-19 00:00:00-03:00,0.0,0.0,0.0,8.9
2022-01-19 01:00:00-03:00,0.0,0.0,0.0,8.518
2022-01-19 02:00:00-03:00,0.0,0.0,0.0,8.194
2022-01-19 03:00:00-03:00,0.0,0.0,0.0,7.728
2022-01-19 04:00:00-03:00,0.0,0.0,0.0,7.375
2022-01-19 05:00:00-03:00,0.0,0.002,0.001,6.759
2022-01-19 06:00:00-03:00,0.114,0.101,0.035,6.64
2022-01-19 07:00:00-03:00,0.38,0.33,0.093,7.096
2022-01-19 08:00:00-03:00,0.553,0.494,0.135,7.891
2022-01-19 09:00:00-03:00,0.6940000000000001,0.655,0.162,9.02
2022-01-19 10:00:00-03:00,0.797,0.79,0.18,10.304
2022-01-19 11:00:00-03:00,0.8290000000000001,0.8260000000000001,0.201,11.515
2022-01-19 12:00:00-03:00,0.853,0.861,0.21,12.461
2022-01-19 13:00:00-03:00,0.837,0.849,0.201,13.164
2022-01-19 14:00:00-03:00,0.8170000000000001,0.809,0.213,13.776
2022-01-19 15:00:00-03:00,0.796,0.779,0.214,14.278
2022-01-19 16:00:00-03:00,0.771,0.764,0.194,14.648
2022-01-19 17:00:00-03:00,0.709,0.6960000000000001,0.171,14.792
2022-01-19 18:00:00-03:00,0.5690000000000001,0.523,0.151,14.737
2022-01-19 19:00:00-03:00,0.334,0.265,0.12,14.486
2022-01-19 20:00:00-03:00,0.148,0.114,0.063,13.854
2022-01-19 21:00:00-03:00,0.053,0.063,0.01,12.437
2022-01-19 22:00:00-03:00,0.0,0.0,0.0,11.548
2022-01-19 23:00:00-03:00,0.0,0.0,0.0,10.801
2022-01-20 00:00:00-03:00,0.0,0.0,0.0,10.058
2022-01-20 01:00:00-03:00,0.0,0.0,0.0,9.327
2022-01-20 02:00:00-03:00,0.0,0.0,0.0,8.734
2022-01-20 03:00:00-03:00,0.0,0.0,0.0,8.256
2022-01-20 04:00:00-03:00,0.0,0.0,0.0,7.821
2022-01-20 05:00:00-03:00,0.003,0.011,0.001,7.429
2022-01-20 06:00:00-03:00,0.375,0.382,0.037,7.857
2022-01-20 07:00:00-03:00,0.599,0.615,0.076,9.097
2022-01-20 08:00:00-03:00,0.716,0.745,0.109,10.342
2022-01-20 09:00:00-03:00,0.777,0.8140000000000001,0.139,12.544
2022-01-20 10:00:00-03:00,0.811,0.853,0.166,14.725
2022-01-20 11:00:00-03:00,0.8280000000000001,0.874,0.188,16.939
2022-01-20 12:00:00-03:00,0.8320000000000001,0.88,0.2,18.691
2022-01-20 13:00:00-03:00,0.8160000000000001,0.874,0.188,19.951
2022-01-20 14:00:00-03:00,0.806,0.857,0.195,20.883
2022-01-20 15:00:00-03:00,0.79,0.8300000000000001,0.199,21.399
2022-01-20 16:00:00-03:00,0.754,0.788,0.184,21.539
2022-01-20 17:00:00-03:00,0.7030000000000001,0.732,0.16,21.334
2022-01-20 18:00:00-03:00,0.628,0.648,0.131,20.83
2022-01-20 19:00:00-03:00,0.506,0.509,0.099,19.965
2022-01-20 20:00:00-03:00,0.28800000000000003,0.277,0.061,18.509
2022-01-20 21:00:00-03:00,0.037,0.045,0.011,16.64
2022-01-20 22:00:00-03:00,0.0,0.0,0.0,16.015
2022-01-20 23:00:00-03:00,0.0,0.0,0.0,15.349
2022-01-21 00:00:00-03:00,0.0,0.0,0.0,14.271
2022-01-21 01:00:00-03:00,0.0,0.0,0.0,13.48
2022-01-21 02:00:00-03:00,0.0,0.0,0.0,12.93
2022-01-21 03:00:00-03:00,0.0,0.0,0.0,12.112
2022-01-21 04:00:00-03:00,0.0,0.0,0.0,11.34
2022-01-21 05:00:00-03:00,0.0,0.006,0.001,10.84
2022-01-21 06:00:00-03:00,0.099,0.089,0.034,10.843
2022-01-21 07:00:00-03:00,0.211,0.15,0.093,11.634
2022-01-21 08:00:00-03:00,0.243,0.132,0.146,12.338
2022-01-21 09:00:00-03:00,0.253,0.101,0.189,13.307
2022-01-21 10:00:00-03:00,0.299,0.11,0.234,14.117
2022-01-21 11:00:00-03:00,0.439,0.223,0.28700000000000003,15.026
2022-01-21 12:00:00-03:00,0.61,0.437,0.297,15.962
2022-01-21 13:00:00-03:00,0.77,0.714,0.253,16.731
2022-01-21 14:00:00-03:00,0.801,0.788,0.232,17.215
2022-01-21 15:00:00-03:00,0.766,0.732,0.234,17.41
2022-01-21 16:00:00-03:00,0.7030000000000001,0.65,0.221,17.329
2022-01-21 17:00:00-03:00,0.507,0.381,0.22,16.837
2022-01-21 18:00:00-03:00,0.257,0.126,0.17400000000000002,16.043
2022-01-21 19:00:00-03:00,0.122,0.048,0.10200000000000001,14.996
2022-01-21 20:00:00-03:00,0.028,0.01,0.035,13.707
2022-01-21 21:00:00-03:00,0.006,0.009000000000000001,0.007,12.653
2022-01-21 22:00:00-03:00,0.0,0.0,0.0,11.767
2022-01-21 23:00:00-03:00,0.0,0.0,0.0,11.08
2022-01-22 00:00:00-03:00,0.0,0.0,0.0,10.412
2022-01-22 01:00:00-03:00,0.0,0.0,0.0,9.847
2022-01-22 02:00:00-03:00,0.0,0.0,0.0,9.271
2022-01-22 03:00:00-03:00,0.0,0.0,0.0,8.885
2022-01-22 04:00:00-03:00,0.0,0.0,0.0,8.645
2022-01-22 05:00:00-03:00,0.0,0.0,0.0,8.494
2022-01-22 06:00:00-03:00,0.019,0.013000000000000001,0.019,8.698
2022-01-22 07:00:00-03:00,0.085,0.035,0.07100000000000001,9.444
2022-01-22 08:00:00-03:00,0.265,0.147,0.153,10.041
2022-01-22 09:00:00-03:00,0.374,0.212,0.211,10.704
2022-01-22 10:00:00-03:00,0.376,0.17200000000000001,0.255,11.336
2022-01-22 11:00:00-03:00,0.511,0.296,0.294,12.167
2022-01-22 12:00:00-03:00,0.5640000000000001,0.341,0.319,12.834
2022-01-22 13:00:00-03:00,0.644,0.428,0.341,13.368
2022-01-22 14:00:00-03:00,0.552,0.296,0.352,13.659
2022-01-22 15:00:00-03:00,0.363,0.117,0.299,13.600999999999999
2022-01-22 16:00:00-03:00,0.23600000000000002,0.047,0.225,13.293
2022-01-22 17:00:00-03:00,0.17300000000000001,0.031,0.17200000000000001,12.878
2022-01-22 18:00:00-03:00,0.179,0.054,0.155,12.594
2022-01-22 19:00:00-03:00,0.233,0.14200000000000002,0.125,12.433
2022-01-22 20:00:00-03:00,0.10200000000000001,0.066,0.06,11.896
2022-01-22 21:00:00-03:00,0.013000000000000001,0.018000000000000002,0.008,10.881
2022-01-22 22:00:00-03:00,0.0,0.0,0.0,10.271
2022-01-22 23:00:00-03:00,0.0,0.0,0.0,9.874
2022-01-23 00:00:00-03:00,0.0,0.0,0.0,9.4
2022-01-23 01:00:00-03:00,0.0,0.0,0.0,8.892
2022-01-23 02:00:00-03:00,0.0,0.0,0.0,8.283
2022-01-23 03:00:00-03:00,0.0,0.0,0.0,7.674
2022-01-23 04:00:00-03:00,0.0,0.0,0.0,7.166
2022-01-23 05:00:00-03:00,0.0,0.0,0.0,6.906
2022-01-23 06:00:00-03:00,0.123,0.113,0.033,7.525
2022-01-23 07:00:00-03:00,0.256,0.195,0.094,9.069
2022-01-23 08:00:00-03:00,0.433,0.343,0.149,10.51
2022-01-23 09:00:00-03:00,0.551,0.447,0.193,11.725999999999999
2022-01-23 10:00:00-03:00,0.582,0.445,0.23600000000000002,12.377
2022-01-23 11:00:00-03:00,0.562,0.379,0.279,12.661
2022-01-23 12:00:00-03:00,0.498,0.26,0.315,12.503
2022-01-23 13:00:00-03:00,0.434,0.14300000000000002,0.353,12.047
2022-01-23 14:00:00-03:00,0.461,0.185,0.34400000000000003,11.981
2022-01-23 15:00:00-03:00,0.438,0.197,0.303,11.814
2022-01-23 16:00:00-03:00,0.382,0.166,0.267,11.653
2022-01-23 17:00:00-03:00,0.372,0.194,0.228,11.498
2022-01-23 18:00:00-03:00,0.298,0.161,0.177,11.046
2022-01-23 19:00:00-03:00,0.152,0.069,0.109,10.433
2022-01-23 20:00:00-03:00,0.064,0.034,0.05,9.677
2022-01-23 21:00:00-03:00,0.017,0.023,0.007,8.622
2022-01-23 22:00:00-03:00,0.0,0.0,0.0,7.689
2022-01-23 23:00:00-03:00,0.0,0.0,0.0,7.131
2022-01-24 00:00:00-03:00,0.0,0.0,0.0,6.727
2022-01-24 01:00:00-03:00,0.0,0.0,0.0,6.352
2022-01-24 02:00:00-03:00,0.0,0.0,0.0,6.125
2022-01-24 03:00:00-03:00,0.0,0.0,0.0,6.005
2022-01-24 04:00:00-03:00,0.0,0.0,0.0,6.044
2022-01-24 05:00:00-03:00,0.0,0.0,0.0,6.276
2022-01-24 06:00:00-03:00,0.085,0.077,0.029,6.583
2022-01-24 07:00:00-03:00,0.23800000000000002,0.17400000000000002,0.092,7.249
2022-01-24 08:00:00-03:00,0.396,0.293,0.15,8.204
2022-01-24 09:00:00-03:00,0.434,0.28600000000000003,0.203,9.166
2022-01-24 10:00:00-03:00,0.338,0.14,0.241,9.779
2022-01-24 11:00:00-03:00,0.328,0.10400000000000001,0.265,10.274000000000001
2022-01-24 12:00:00-03:00,0.381,0.13,0.302,10.959
2022-01-24 13:00:00-03:00,0.468,0.182,0.355,11.698
2022-01-24 14:00:00-03:00,0.439,0.164,0.339,12.093
2022-01-24 15:00:00-03:00,0.47300000000000003,0.242,0.303,12.366
2022-01-24 16:00:00-03:00,0.49,0.298,0.267,12.386
2022-01-24 17:00:00-03:00,0.41400000000000003,0.245,0.228,11.87
2022-01-24 18:00:00-03:00,0.366,0.23700000000000002,0.178,11.083
2022-01-24 19:00:00-03:00,0.34600000000000003,0.27,0.12,10.254
2022-01-24 20:00:00-03:00,0.157,0.121,0.061,9.217
2022-01-24 21:00:00-03:00,0.013000000000000001,0.019,0.007,8.014
2022-01-24 22:00:00-03:00,0.0,0.0,0.0,7.277
2022-01-24 23:00:00-03:00,0.0,0.0,0.0,6.855
2022-01-25 00:00:00-03:00,0.0,0.0,0.0,6.564
2022-01-25 01:00:00-03:00,0.0,0.0,0.0,6.355
2022-01-25 02:00:00-03:00,0.0,0.0,0.0,6.1370000000000005
2022-01-25 03:00:00-03:00,0.0,0.0,0.0,5.97
2022-01-25 04:00:00-03:00,0.0,0.0,0.0,5.856
2022-01-25 05:00:00-03:00,0.0,0.0,0.0,5.807
2022-01-25 06:00:00-03:00,0.231,0.23,0.028,6.024
2022-01-25 07:00:00-03:00,0.319,0.263,0.09,6.555
2022-01-25 08:00:00-03:00,0.398,0.297,0.146,6.981
2022-01-25 09:00:00-03:00,0.429,0.28200000000000003,0.198,7.438
2022-01-25 10:00:00-03:00,0.503,0.329,0.24,8.224
2022-01-25 11:00:00-03:00,0.5720000000000001,0.388,0.27,9.168
2022-01-25 12:00:00-03:00,0.641,0.465,0.28500000000000003,9.892
2022-01-25 13:00:00-03:00,0.673,0.492,0.303,10.322
2022-01-25 14:00:00-03:00,0.68,0.516,0.29,10.709
2022-01-25 15:00:00-03:00,0.562,0.364,0.28600000000000003,10.812
2022-01-25 16:00:00-03:00,0.459,0.26,0.262,10.596
2022-01-25 17:00:00-03:00,0.464,0.309,0.219,10.286
2022-01-25 18:00:00-03:00,0.356,0.227,0.17300000000000001,9.71
2022-01-25 19:00:00-03:00,0.23,0.145,0.116,8.916
2022-01-25 20:00:00-03:00,0.077,0.047,0.05,8.032
2022-01-25 21:00:00-03:00,0.002,0.005,0.005,7.13
2022-01-25 22:00:00-03:00,0.0,0.0,0.0,6.391
2022-01-25 23:00:00-03:00,0.0,0.0,0.0,6.01
2022-01-26 00:00:00-03:00,0.0,0.0,0.0,6.02
2022-01-26 01:00:00-03:00,0.0,0.0,0.0,6.206
2022-01-26 02:00:00-03:00,0.0,0.0,0.0,6.413
2022-01-26 03:00:00-03:00,0.0,0.0,0.0,6.578
2022-01-26 04:00:00-03:00,0.0,0.0,0.0,6.5969999999999995
2022-01-26 05:00:00-03:00,0.0,0.0,0.0,6.63
2022-01-26 06:00:00-03:00,0.015,0.013000000000000001,0.014,6.828
2022-01-26 07:00:00-03:00,0.1,0.048,0.074,7.398
2022-01-26 08:00:00-03:00,0.249,0.133,0.147,8.319
2022-01-26 09:00:00-03:00,0.28200000000000003,0.11900000000000001,0.197,9.259
2022-01-26 10:00:00-03:00,0.38,0.177,0.253,10.277
2022-01-26 11:00:00-03:00,0.519,0.307,0.291,11.31
2022-01-26 12:00:00-03:00,0.5730000000000001,0.355,0.315,12.099
2022-01-26 13:00:00-03:00,0.47800000000000004,0.191,0.359,12.342
2022-01-26 14:00:00-03:00,0.377,0.10300000000000001,0.327,12.31
2022-01-26 15:00:00-03:00,0.32,0.084,0.28,12.327
2022-01-26 16:00:00-03:00,0.303,0.091,0.254,12.316
2022-01-26 17:00:00-03:00,0.229,0.062,0.201,12.088
2022-01-26 18:00:00-03:00,0.149,0.036000000000000004,0.139,11.715
2022-01-26 19:00:00-03:00,0.08600000000000001,0.023,0.085,11.295
2022-01-26 20:00:00-03:00,0.028,0.01,0.034,10.825
2022-01-26 21:00:00-03:00,0.0,0.002,0.003,10.306
2022-01-26 22:00:00-03:00,0.0,0.0,0.0,9.98
2022-01-26 23:00:00-03:00,0.0,0.0,0.0,9.829
2022-01-27 00:00:00-03:00,0.0,0.0,0.0,9.689
2022-01-27 01:00:00-03:00,0.0,0.0,0.0,9.508
2022-01-27 02:00:00-03:00,0.0,0.0,0.0,9.318
2022-01-27 03:00:00-03:00,0.0,0.0,0.0,9.107
2022-01-27 04:00:00-03:00,0.0,0.0,0.0,8.975999999999999
2022-01-27 05:00:00-03:00,0.0,0.0,0.0,8.92
2022-01-27 06:00:00-03:00,0.018000000000000002,0.017,0.015,8.975
2022-01-27 07:00:00-03:00,0.129,0.073,0.081,9.456
2022-01-27 08:00:00-03:00,0.384,0.28,0.154,10.381
2022-01-27 09:00:00-03:00,0.448,0.303,0.20800000000000002,11.422
2022-01-27 10:00:00-03:00,0.542,0.379,0.251,12.387
2022-01-27 11:00:00-03:00,0.434,0.20500000000000002,0.293,13.005
2022-01-27 12:00:00-03:00,0.324,0.082,0.28800000000000003,13.231
2022-01-27 13:00:00-03:00,0.23,0.024,0.242,12.99
2022-01-27 14:00:00-03:00,0.23900000000000002,0.028,0.246,12.915
2022-01-27 15:00:00-03:00,0.225,0.032,0.227,12.896
2022-01-27 16:00:00-03:00,0.215,0.037,0.211,12.827
2022-01-27 17:00:00-03:00,0.193,0.041,0.183,12.687
2022-01-27 18:00:00-03:00,0.161,0.044,0.146,12.432
2022-01-27 19:00:00-03:00,0.08700000000000001,0.024,0.08600000000000001,11.931000000000001
2022-01-27 20:00:00-03:00,0.031,0.012,0.035,11.286
2022-01-27 21:00:00-03:00,0.0,0.003,0.003,10.403
2022-01-27 22:00:00-03:00,0.0,0.0,0.0,9.909
2022-01-27 23:00:00-03:00,0.0,0.0,0.0,9.583
2022-01-28 00:00:00-03:00,0.0,0.0,0.0,9.285
2022-01-28 01:00:00-03:00,0.0,0.0,0.0,9.015
2022-01-28 02:00:00-03:00,0.0,0.0,0.0,8.87
2022-01-28 03:00:00-03:00,0.0,0.0,0.0,8.688
2022-01-28 04:00:00-03:00,0.0,0.0,0.0,8.543
2022-01-28 05:00:00-03:00,0.0,0.0,0.0,8.558
2022-01-28 06:00:00-03:00,0.04,0.039,0.018000000000000002,8.866
2022-01-28 07:00:00-03:00,0.112,0.063,0.07200000000000001,9.848
2022-01-28 08:00:00-03:00,0.245,0.14,0.139,10.894
2022-01-28 09:00:00-03:00,0.375,0.231,0.196,12.261
2022-01-28 10:00:00-03:00,0.537,0.394,0.234,13.732
2022-01-28 11:00:00-03:00,0.68,0.581,0.246,15.273
2022-01-28 12:00:00-03:00,0.644,0.502,0.279,16.335
2022-01-28 13:00:00-03:00,0.46900000000000003,0.217,0.333,16.454
2022-01-28 14:00:00-03:00,0.422,0.17200000000000001,0.321,16.605
2022-01-28 15:00:00-03:00,0.607,0.461,0.273,17.25
2022-01-28 16:00:00-03:00,0.613,0.507,0.23800000000000002,17.806
2022-01-28 17:00:00-03:00,0.559,0.47000000000000003,0.203,18.184
2022-01-28 18:00:00-03:00,0.404,0.307,0.168,18.057
2022-01-28 19:00:00-03:00,0.154,0.081,0.105,17.213
2022-01-28 20:00:00-03:00,0.05,0.029,0.042,15.788
2022-01-28 21:00:00-03:00,0.001,0.003,0.004,14.128
2022-01-28 22:00:00-03:00,0.0,0.0,0.0,13.368
2022-01-28 23:00:00-03:00,0.0,0.0,0.0,12.778
2022-01-29 00:00:00-03:00,0.0,0.0,0.0,12.204
2022-01-29 01:00:00-03:00,0.0,0.0,0.0,11.73
2022-01-29 02:00:00-03:00,0.0,0.0,0.0,11.286
2022-01-29 03:00:00-03:00,0.0,0.0,0.0,10.784
2022-01-29 04:00:00-03:00,0.0,0.0,0.0,10.215
2022-01-29 05:00:00-03:00,0.0,0.0,0.0,9.888
2022-01-29 06:00:00-03:00,0.019,0.017,0.016,10.059
2022-01-29 07:00:00-03:00,0.029,0.007,0.039,10.365
2022-01-29 08:00:00-03:00,0.051000000000000004,0.006,0.064,10.674
2022-01-29 09:00:00-03:00,0.1,0.011,0.112,11.391
2022-01-29 10:00:00-03:00,0.182,0.028,0.184,12.151
2022-01-29 11:00:00-03:00,0.499,0.276,0.303,13.271
2022-01-29 12:00:00-03:00,0.249,0.037,0.249,12.969
2022-01-29 13:00:00-03:00,0.2,0.016,0.216,12.475
2022-01-29 14:00:00-03:00,0.191,0.015,0.20700000000000002,12.143
2022-01-29 15:00:00-03:00,0.163,0.013000000000000001,0.178,11.783
2022-01-29 16:00:00-03:00,0.128,0.01,0.14400000000000002,11.393
2022-01-29 17:00:00-03:00,0.106,0.009000000000000001,0.121,11.078
2022-01-29 18:00:00-03:00,0.077,0.008,0.09,10.737
2022-01-29 19:00:00-03:00,0.048,0.007,0.06,10.265
2022-01-29 20:00:00-03:00,0.022,0.007,0.03,9.616
2022-01-29 21:00:00-03:00,0.001,0.005,0.003,8.685
2022-01-29 22:00:00-03:00,0.0,0.0,0.0,7.944
2022-01-29 23:00:00-03:00,0.0,0.0,0.0,7.44
2022-01-30 00:00:00-03:00,0.0,0.0,0.0,7.204
2022-01-30 01:00:00-03:00,0.0,0.0,0.0,7.005
2022-01-30 02:00:00-03:00,0.0,0.0,0.0,6.727
2022-01-30 03:00:00-03:00,0.0,0.0,0.0,6.326
2022-01-30 04:00:00-03:00,0.0,0.0,0.0,6.036
2022-01-30 05:00:00-03:00,0.0,0.0,0.0,5.745
2022-01-30 06:00:00-03:00,0.16,0.163,0.02,5.752
2022-01-30 07:00:00-03:00,0.318,0.273,0.079,6.227
2022-01-30 08:00:00-03:00,0.561,0.513,0.123,6.901
2022-01-30 09:00:00-03:00,0.643,0.582,0.162,7.8100000000000005
2022-01-30 10:00:00-03:00,0.7030000000000001,0.634,0.194,8.804
2022-01-30 11:00:00-03:00,0.749,0.68,0.217,9.749
2022-01-30 12:00:00-03:00,0.684,0.557,0.254,10.454
2022-01-30 13:00:00-03:00,0.805,0.756,0.23,10.98
2022-01-30 14:00:00-03:00,0.786,0.728,0.232,11.233
2022-01-30 15:00:00-03:00,0.6990000000000001,0.598,0.23700000000000002,11.161
2022-01-30 16:00:00-03:00,0.662,0.5680000000000001,0.214,10.906
2022-01-30 17:00:00-03:00,0.601,0.515,0.184,10.505
2022-01-30 18:00:00-03:00,0.495,0.41600000000000004,0.149,9.963
2022-01-30 19:00:00-03:00,0.336,0.272,0.10400000000000001,9.265
2022-01-30 20:00:00-03:00,0.161,0.137,0.049,8.387
2022-01-30 21:00:00-03:00,0.001,0.005,0.003,7.516
2022-01-30 22:00:00-03:00,0.0,0.0,0.0,7.048
2022-01-30 23:00:00-03:00,0.0,0.0,0.0,6.96
2022-01-31 00:00:00-03:00,0.0,0.0,0.0,7.246
2022-01-31 01:00:00-03:00,0.0,0.0,0.0,7.761
2022-01-31 02:00:00-03:00,0.0,0.0,0.0,8.275
2022-01-31 03:00:00-03:00,0.0,0.0,0.0,8.591
2022-01-31 04:00:00-03:00,0.0,0.0,0.0,8.565
2022-01-31 05:00:00-03:00,0.0,0.0,0.0,8.263
2022-01-31 06:00:00-03:00,0.002,0.003,0.007,7.835
2022-01-31 07:00:00-03:00,0.025,0.007,0.033,7.797
2022-01-31 08:00:00-03:00,0.057,0.01,0.066,8.059
2022-01-31 09:00:00-03:00,0.182,0.051000000000000004,0.158,8.795
2022-01-31 10:00:00-03:00,0.296,0.107,0.226,9.57
2022-01-31 11:00:00-03:00,0.289,0.08,0.246,9.669
2022-01-31 12:00:00-03:00,0.34900000000000003,0.11,0.28300000000000003,9.881
2022-01-31 13:00:00-03:00,0.539,0.296,0.323,10.219
2022-01-31 14:00:00-03:00,0.541,0.306,0.316,10.413
2022-01-31 15:00:00-03:00,0.548,0.34400000000000003,0.28800000000000003,10.734
2022-01-31 16:00:00-03:00,0.499,0.312,0.26,10.788
2022-01-31 17:00:00-03:00,0.41300000000000003,0.247,0.221,10.571
2022-01-31 18:00:00-03:00,0.375,0.253,0.17,10.251
2022-01-31 19:00:00-03:00,0.191,0.111,0.108,9.543
2022-01-31 20:00:00-03:00,0.073,0.048,0.045,8.571
2022-01-31 21:00:00-03:00,0.0,0.003,0.002,7.69
2022-01-31 22:00:00-03:00,0.0,0.0,0.0,7.004
2022-01-31 23:00:00-03:00,0.0,0.0,0.0,6.767
2022-02-01 00:00:00-03:00,0.0,0.0,0.0,6.911
2022-02-01 01:00:00-03:00,0.0,0.0,0.0,6.964
2022-02-01 02:00:00-03:00,0.0,0.0,0.0,6.8100000000000005
2022-02-01 03:00:00-03:00,0.0,0.0,0.0,6.687
2022-02-01 04:00:00-03:00,0.0,0.0,0.0,6.5760000000000005
2022-02-01 05:00:00-03:00,0.0,0.0,0.0,6.41
2022-02-01 06:00:00-03:00,0.105,0.108,0.018000000000000002,6.196
2022-02-01 07:00:00-03:00,0.316,0.271,0.079,6.241
2022-02-01 08:00:00-03:00,0.47000000000000003,0.394,0.131,6.7010000000000005
2022-02-01 09:00:00-03:00,0.535,0.426,0.179,7.407
2022-02-01 10:00:00-03:00,0.604,0.47800000000000004,0.217,8.028
2022-02-01 11:00:00-03:00,0.643,0.5,0.247,8.619
2022-02-01 12:00:00-03:00,0.67,0.52,0.266,9.276
2022-02-01 13:00:00-03:00,0.68,0.524,0.277,9.639
2022-02-01 14:00:00-03:00,0.681,0.532,0.271,9.822
2022-02-01 15:00:00-03:00,0.643,0.494,0.258,9.793
2022-02-01 16:00:00-03:00,0.519,0.34800000000000003,0.244,9.493
2022-02-01 17:00:00-03:00,0.35100000000000003,0.185,0.20800000000000002,8.989
2022-02-01 18:00:00-03:00,0.218,0.097,0.15,8.329
2022-02-01 19:00:00-03:00,0.107,0.044,0.085,7.664
2022-02-01 20:00:00-03:00,0.025,0.013000000000000001,0.028,7.025
2022-02-01 21:00:00-03:00,0.0,0.001,0.001,6.522
2022-02-01 22:00:00-03:00,0.0,0.0,0.0,6.105
2022-02-01 23:00:00-03:00,0.0,0.0,0.0,5.739
2022-02-02 00:00:00-03:00,0.0,0.0,0.0,5.397
2022-02-02 01:00:00-03:00,0.0,0.0,0.0,5.07
2022-02-02 02:00:00-03:00,0.0,0.0,0.0,4.829
2022-02-02 03:00:00-03:00,0.0,0.0,0.0,4.791
2022-02-02 04:00:00-03:00,0.0,0.0,0.0,4.82
2022-02-02 05:00:00-03:00,0.0,0.0,0.0,4.739
2022-02-02 06:00:00-03:00,0.021,0.022,0.013000000000000001,4.766
2022-02-02 07:00:00-03:00,0.122,0.073,0.07,5.337
2022-02-02 08:00:00-03:00,0.219,0.113,0.132,6.057
2022-02-02 09:00:00-03:00,0.275,0.121,0.186,6.9030000000000005
2022-02-02 10:00:00-03:00,0.28,0.093,0.22,7.891
2022-02-02 11:00:00-03:00,0.269,0.066,0.23700000000000002,8.757
2022-02-02 12:00:00-03:00,0.28200000000000003,0.063,0.254,9.5
2022-02-02 13:00:00-03:00,0.281,0.056,0.262,10.046
2022-02-02 14:00:00-03:00,0.268,0.051000000000000004,0.253,10.478
2022-02-02 15:00:00-03:00,0.297,0.078,0.258,10.892
2022-02-02 16:00:00-03:00,0.295,0.093,0.24,11.104
2022-02-02 17:00:00-03:00,0.267,0.098,0.20500000000000002,11.134
2022-02-02 18:00:00-03:00,0.24,0.112,0.161,10.898
2022-02-02 19:00:00-03:00,0.134,0.062,0.097,10.231
2022-02-02 20:00:00-03:00,0.044,0.025,0.037,9.178
2022-02-02 21:00:00-03:00,0.0,0.001,0.001,7.827
2022-02-02 22:00:00-03:00,0.0,0.0,0.0,6.957
2022-02-02 23:00:00-03:00,0.0,0.0,0.0,6.122
2022-02-03 00:00:00-03:00,0.0,0.0,0.0,5.463
2022-02-03 01:00:00-03:00,0.0,0.0,0.0,5.038
2022-02-03 02:00:00-03:00,0.0,0.0,0.0,4.723
2022-02-03 03:00:00-03:00,0.0,0.0,0.0,4.498
2022-02-03 04:00:00-03:00,0.0,0.0,0.0,4.405
2022-02-03 05:00:00-03:00,0.0,0.0,0.0,4.376
2022-02-03 06:00:00-03:00,0.031,0.033,0.013000000000000001,4.5440000000000005
2022-02-03 07:00:00-03:00,0.135,0.089,0.067,5.394
2022-02-03 08:00:00-03:00,0.249,0.148,0.128,5.938
2022-02-03 09:00:00-03:00,0.34900000000000003,0.20400000000000001,0.183,6.646
2022-02-03 10:00:00-03:00,0.398,0.216,0.228,7.432
2022-02-03 11:00:00-03:00,0.442,0.234,0.262,8.262
2022-02-03 12:00:00-03:00,0.518,0.306,0.28400000000000003,9.168
2022-02-03 13:00:00-03:00,0.559,0.352,0.292,9.998
2022-02-03 14:00:00-03:00,0.601,0.419,0.28200000000000003,10.722
2022-02-03 15:00:00-03:00,0.5710000000000001,0.397,0.267,11.232
2022-02-03 16:00:00-03:00,0.609,0.485,0.229,11.579
2022-02-03 17:00:00-03:00,0.5690000000000001,0.47000000000000003,0.192,11.587
2022-02-03 18:00:00-03:00,0.518,0.449,0.147,11.188
2022-02-03 19:00:00-03:00,0.20400000000000001,0.132,0.101,10.251
2022-02-03 20:00:00-03:00,0.069,0.05,0.039,8.994
2022-02-03 21:00:00-03:00,0.0,0.004,0.001,7.45
2022-02-03 22:00:00-03:00,0.0,0.0,0.0,6.344
2022-02-03 23:00:00-03:00,0.0,0.0,0.0,5.422
2022-02-04 00:00:00-03:00,0.0,0.0,0.0,4.853
2022-02-04 01:00:00-03:00,0.0,0.0,0.0,4.452
2022-02-04 02:00:00-03:00,0.0,0.0,0.0,4.1370000000000005
2022-02-04 03:00:00-03:00,0.0,0.0,0.0,3.899
2022-02-04 04:00:00-03:00,0.0,0.0,0.0,3.627
2022-02-04 05:00:00-03:00,0.0,0.0,0.0,3.54
2022-02-04 06:00:00-03:00,0.095,0.101,0.014,3.735
2022-02-04 07:00:00-03:00,0.256,0.215,0.069,5.196
2022-02-04 08:00:00-03:00,0.352,0.267,0.123,5.958
2022-02-04 09:00:00-03:00,0.561,0.47400000000000003,0.162,6.749
2022-02-04 10:00:00-03:00,0.704,0.641,0.185,7.729
2022-02-04 11:00:00-03:00,0.855,0.862,0.188,8.903
2022-02-04 12:00:00-03:00,0.891,0.912,0.202,9.985
2022-02-04 13:00:00-03:00,0.887,0.905,0.211,11.037
2022-02-04 14:00:00-03:00,0.871,0.887,0.209,11.985
2022-02-04 15:00:00-03:00,0.843,0.86,0.197,12.655
2022-02-04 16:00:00-03:00,0.802,0.8190000000000001,0.176,13.117
2022-02-04 17:00:00-03:00,0.743,0.759,0.149,13.417
2022-02-04 18:00:00-03:00,0.65,0.659,0.11800000000000001,13.394
2022-02-04 19:00:00-03:00,0.5,0.497,0.083,13.004
2022-02-04 20:00:00-03:00,0.219,0.211,0.041,11.711
2022-02-04 21:00:00-03:00,0.0,0.003,0.001,10.083
2022-02-04 22:00:00-03:00,0.0,0.0,0.0,9.224
2022-02-04 23:00:00-03:00,0.0,0.0,0.0,8.393
2022-02-05 00:00:00-03:00,0.0,0.0,0.0,7.745
2022-02-05 01:00:00-03:00,0.0,0.0,0.0,7.29
2022-02-05 02:00:00-03:00,0.0,0.0,0.0,6.871
2022-02-05 03:00:00-03:00,0.0,0.0,0.0,6.527
2022-02-05 04:00:00-03:00,0.0,0.0,0.0,6.323
2022-02-05 05:00:00-03:00,0.0,0.0,0.0,6.34
2022-02-05 06:00:00-03:00,0.062,0.066,0.015,6.841
2022-02-05 07:00:00-03:00,0.08,0.043000000000000003,0.058,8.314
2022-02-05 08:00:00-03:00,0.049,0.008,0.059000000000000004,9.297
2022-02-05 09:00:00-03:00,0.065,0.007,0.079,10.211
2022-02-05 10:00:00-03:00,0.11800000000000001,0.014,0.129,11.31
2022-02-05 11:00:00-03:00,0.231,0.048,0.217,12.751
2022-02-05 12:00:00-03:00,0.28300000000000003,0.07,0.255,13.957
2022-02-05 13:00:00-03:00,0.309,0.085,0.271,14.451
2022-02-05 14:00:00-03:00,0.28400000000000003,0.069,0.258,14.353
2022-02-05 15:00:00-03:00,0.246,0.052000000000000005,0.232,14.136
2022-02-05 16:00:00-03:00,0.23800000000000002,0.059000000000000004,0.217,14.013
2022-02-05 17:00:00-03:00,0.199,0.053,0.179,13.694
2022-02-05 18:00:00-03:00,0.196,0.079,0.149,13.277
2022-02-05 19:00:00-03:00,0.214,0.14200000000000002,0.105,12.69
2022-02-05 20:00:00-03:00,0.091,0.073,0.041,11.578
2022-02-05 21:00:00-03:00,0.0,0.001,0.001,9.744
2022-02-05 22:00:00-03:00,0.0,0.0,0.0,8.983
2022-02-05 23:00:00-03:00,0.0,0.0,0.0,8.422
2022-02-06 00:00:00-03:00,0.0,0.0,0.0,8.103
2022-02-06 01:00:00-03:00,0.0,0.0,0.0,8.207
2022-02-06 02:00:00-03:00,0.0,0.0,0.0,8.505
2022-02-06 03:00:00-03:00,0.0,0.0,0.0,8.699
2022-02-06 04:00:00-03:00,0.0,0.0,0.0,8.953
2022-02-06 05:00:00-03:00,0.0,0.0,0.0,8.845
2022-02-06 06:00:00-03:00,0.003,0.005,0.006,9.113
2022-02-06 07:00:00-03:00,0.046,0.019,0.045,10.112
2022-02-06 08:00:00-03:00,0.109,0.034,0.1,11.104
2022-02-06 09:00:00-03:00,0.158,0.039,0.147,12.261
2022-02-06 10:00:00-03:00,0.179,0.034,0.176,13.362
2022-02-06 11:00:00-03:00,0.195,0.031,0.197,14.381
2022-02-06 12:00:00-03:00,0.29,0.075,0.261,15.802
2022-02-06 13:00:00-03:00,0.34700000000000003,0.11,0.295,17.237
2022-02-06 14:00:00-03:00,0.261,0.053,0.253,17.671
2022-02-06 15:00:00-03:00,0.16,0.018000000000000002,0.17500000000000002,17.475
2022-02-06 16:00:00-03:00,0.133,0.014,0.148,17.141
2022-02-06 17:00:00-03:00,0.114,0.015,0.127,16.801
2022-02-06 18:00:00-03:00,0.066,0.008,0.08,16.518
2022-02-06 19:00:00-03:00,0.069,0.021,0.07200000000000001,16.534
2022-02-06 20:00:00-03:00,0.028,0.016,0.029,15.985
2022-02-06 21:00:00-03:00,0.0,0.0,0.0,14.964
2022-02-06 22:00:00-03:00,0.0,0.0,0.0,14.092
2022-02-06 23:00:00-03:00,0.0,0.0,0.0,13.473
2022-02-07 00:00:00-03:00,0.0,0.0,0.0,13.142
2022-02-07 01:00:00-03:00,0.0,0.0,0.0,12.934
2022-02-07 02:00:00-03:00,0.0,0.0,0.0,12.598
2022-02-07 03:00:00-03:00,0.0,0.0,0.0,12.217
2022-02-07 04:00:00-03:00,0.0,0.0,0.0,12.07
2022-02-07 05:00:00-03:00,0.0,0.0,0.0,11.938
2022-02-07 06:00:00-03:00,0.002,0.004,0.006,11.893
2022-02-07 07:00:00-03:00,0.031,0.011,0.037,12.427
2022-02-07 08:00:00-03:00,0.14200000000000002,0.055,0.114,13.337
2022-02-07 09:00:00-03:00,0.213,0.075,0.17300000000000001,14.085
2022-02-07 10:00:00-03:00,0.23900000000000002,0.067,0.21,15.193
2022-02-07 11:00:00-03:00,0.218,0.04,0.215,15.889
2022-02-07 12:00:00-03:00,0.201,0.028,0.209,16.208
2022-02-07 13:00:00-03:00,0.178,0.017,0.195,16.247
2022-02-07 14:00:00-03:00,0.182,0.018000000000000002,0.197,16.346
2022-02-07 15:00:00-03:00,0.163,0.017,0.178,16.554
2022-02-07 16:00:00-03:00,0.137,0.014,0.153,16.582
2022-02-07 17:00:00-03:00,0.078,0.006,0.095,16.237
2022-02-07 18:00:00-03:00,0.036000000000000004,0.003,0.052000000000000005,15.654
2022-02-07 19:00:00-03:00,0.012,0.001,0.023,14.952
2022-02-07 20:00:00-03:00,0.001,0.001,0.007,14.173
2022-02-07 21:00:00-03:00,0.0,0.0,0.0,13.277
2022-02-07 22:00:00-03:00,0.0,0.0,0.0,12.469
2022-02-07 23:00:00-03:00,0.0,0.0,0.0,11.687
2022-02-08 00:00:00-03:00,0.0,0.0,0.0,10.862
2022-02-08 01:00:00-03:00,0.0,0.0,0.0,10.106
2022-02-08 02:00:00-03:00,0.0,0.0,0.0,9.461
2022-02-08 03:00:00-03:00,0.0,0.0,0.0,8.897
2022-02-08 04:00:00-03:00,0.0,0.0,0.0,8.467
2022-02-08 05:00:00-03:00,0.0,0.0,0.0,8.2
2022-02-08 06:00:00-03:00,0.006,0.01,0.007,8.086
2022-02-08 07:00:00-03:00,0.063,0.035,0.048,8.251
2022-02-08 08:00:00-03:00,0.177,0.09,0.113,8.575
2022-02-08 09:00:00-03:00,0.247,0.112,0.167,9.049
2022-02-08 10:00:00-03:00,0.321,0.145,0.216,9.655
2022-02-08 11:00:00-03:00,0.4,0.197,0.255,10.284
2022-02-08 12:00:00-03:00,0.515,0.315,0.277,10.953
2022-02-08 13:00:00-03:00,0.613,0.427,0.292,11.461
2022-02-08 14:00:00-03:00,0.686,0.55,0.27,11.935
2022-02-08 15:00:00-03:00,0.7030000000000001,0.603,0.242,12.244
2022-02-08 16:00:00-03:00,0.678,0.596,0.215,12.405
2022-02-08 17:00:00-03:00,0.369,0.218,0.203,12.119
2022-02-08 18:00:00-03:00,0.095,0.02,0.098,11.548
2022-02-08 19:00:00-03:00,0.079,0.03,0.07100000000000001,11.183
2022-02-08 20:00:00-03:00,0.036000000000000004,0.025,0.028,10.358
2022-02-08 21:00:00-03:00,0.0,0.0,0.0,9.344
2022-02-08 22:00:00-03:00,0.0,0.0,0.0,9.023
2022-02-08 23:00:00-03:00,0.0,0.0,0.0,8.848
2022-02-09 00:00:00-03:00,0.0,0.0,0.0,8.692
2022-02-09 01:00:00-03:00,0.0,0.0,0.0,8.567
2022-02-09 02:00:00-03:00,0.0,0.0,0.0,8.341
2022-02-09 03:00:00-03:00,0.0,0.0,0.0,8.191
2022-02-09 04:00:00-03:00,0.0,0.0,0.0,8.533
2022-02-09 05:00:00-03:00,0.0,0.0,0.0,8.589
2022-02-09 06:00:00-03:00,0.019,0.025,0.008,7.793
2022-02-09 07:00:00-03:00,0.20400000000000001,0.169,0.062,7.674
2022-02-09 08:00:00-03:00,0.379,0.304,0.11900000000000001,8.052
2022-02-09 09:00:00-03:00,0.5680000000000001,0.49,0.16,8.589
2022-02-09 10:00:00-03:00,0.5690000000000001,0.448,0.20400000000000001,8.954
2022-02-09 11:00:00-03:00,0.625,0.495,0.232,9.426
2022-02-09 12:00:00-03:00,0.649,0.509,0.251,9.82
2022-02-09 13:00:00-03:00,0.679,0.538,0.264,10.146
2022-02-09 14:00:00-03:00,0.667,0.525,0.261,10.342
2022-02-09 15:00:00-03:00,0.5670000000000001,0.406,0.249,10.428
2022-02-09 16:00:00-03:00,0.558,0.424,0.221,10.486
2022-02-09 17:00:00-03:00,0.544,0.446,0.181,10.369
2022-02-09 18:00:00-03:00,0.47600000000000003,0.404,0.137,9.981
2022-02-09 19:00:00-03:00,0.34600000000000003,0.299,0.089,9.321
2022-02-09 20:00:00-03:00,0.11800000000000001,0.108,0.033,8.424
2022-02-09 21:00:00-03:00,0.0,0.0,0.0,7.511
2022-02-09 22:00:00-03:00,0.0,0.0,0.0,6.934
2022-02-09 23:00:00-03:00,0.0,0.0,0.0,6.561
2022-02-10 00:00:00-03:00,0.0,0.0,0.0,6.353
2022-02-10 01:00:00-03:00,0.0,0.0,0.0,6.104
2022-02-10 02:00:00-03:00,0.0,0.0,0.0,5.76
2022-02-10 03:00:00-03:00,0.0,0.0,0.0,5.442
2022-02-10 04:00:00-03:00,0.0,0.0,0.0,5.2780000000000005
2022-02-10 05:00:00-03:00,0.0,0.0,0.0,5.317
2022-02-10 06:00:00-03:00,0.002,0.004,0.004,5.583
2022-02-10 07:00:00-03:00,0.021,0.009000000000000001,0.027,5.929
2022-02-10 08:00:00-03:00,0.045,0.009000000000000001,0.053,6.256
2022-02-10 09:00:00-03:00,0.092,0.016,0.097,6.814
2022-02-10 10:00:00-03:00,0.22,0.064,0.184,7.857
2022-02-10 11:00:00-03:00,0.433,0.234,0.254,9.276
2022-02-10 12:00:00-03:00,0.614,0.445,0.27,10.182
2022-02-10 13:00:00-03:00,0.718,0.588,0.271,10.475
2022-02-10 14:00:00-03:00,0.6920000000000001,0.551,0.272,10.692
2022-02-10 15:00:00-03:00,0.608,0.453,0.257,10.737
2022-02-10 16:00:00-03:00,0.503,0.34,0.23600000000000002,10.346
2022-02-10 17:00:00-03:00,0.304,0.148,0.194,9.609
2022-02-10 18:00:00-03:00,0.28,0.166,0.148,9.13
2022-02-10 19:00:00-03:00,0.17300000000000001,0.11,0.09,8.604
2022-02-10 20:00:00-03:00,0.051000000000000004,0.041,0.028,7.815
2022-02-10 21:00:00-03:00,0.0,0.0,0.0,6.953
2022-02-10 22:00:00-03:00,0.0,0.0,0.0,6.425
2022-02-10 23:00:00-03:00,0.0,0.0,0.0,6.2620000000000005
2022-02-11 00:00:00-03:00,0.0,0.0,0.0,6.243
2022-02-11 01:00:00-03:00,0.0,0.0,0.0,6.309
2022-02-11 02:00:00-03:00,0.0,0.0,0.0,6.464
2022-02-11 03:00:00-03:00,0.0,0.0,0.0,6.687
2022-02-11 04:00:00-03:00,0.0,0.0,0.0,6.947
2022-02-11 05:00:00-03:00,0.0,0.0,0.0,6.986
2022-02-11 06:00:00-03:00,0.003,0.006,0.005,7.128
2022-02-11 07:00:00-03:00,0.058,0.03,0.047,7.75
2022-02-11 08:00:00-03:00,0.124,0.045,0.10300000000000001,8.538
2022-02-11 09:00:00-03:00,0.156,0.039,0.14300000000000002,9.425
2022-02-11 10:00:00-03:00,0.23500000000000001,0.065,0.202,10.555
2022-02-11 11:00:00-03:00,0.191,0.029,0.191,11.274000000000001
2022-02-11 12:00:00-03:00,0.17,0.017,0.181,11.44
2022-02-11 13:00:00-03:00,0.136,0.007,0.155,11.348
2022-02-11 14:00:00-03:00,0.137,0.008,0.155,11.414
2022-02-11 15:00:00-03:00,0.10200000000000001,0.006,0.12,11.399000000000001
2022-02-11 16:00:00-03:00,0.076,0.004,0.093,11.323
2022-02-11 17:00:00-03:00,0.057,0.004,0.074,11.278
2022-02-11 18:00:00-03:00,0.024,0.002,0.038,11.076
2022-02-11 19:00:00-03:00,0.011,0.001,0.022,10.893
2022-02-11 20:00:00-03:00,0.003,0.002,0.009000000000000001,10.766
2022-02-11 21:00:00-03:00,0.0,0.0,0.0,10.682
2022-02-11 22:00:00-03:00,0.0,0.0,0.0,10.759
2022-02-11 23:00:00-03:00,0.0,0.0,0.0,10.982
2022-02-12 00:00:00-03:00,0.0,0.0,0.0,11.226
2022-02-12 01:00:00-03:00,0.0,0.0,0.0,11.434
2022-02-12 02:00:00-03:00,0.0,0.0,0.0,11.383
2022-02-12 03:00:00-03:00,0.0,0.0,0.0,10.66
2022-02-12 04:00:00-03:00,0.0,0.0,0.0,9.733
2022-02-12 05:00:00-03:00,0.0,0.0,0.0,9.018
2022-02-12 06:00:00-03:00,0.0,0.002,0.003,8.609
2022-02-12 07:00:00-03:00,0.04,0.021,0.036000000000000004,8.425
2022-02-12 08:00:00-03:00,0.181,0.1,0.108,8.55
2022-02-12 09:00:00-03:00,0.378,0.251,0.17200000000000001,8.951
2022-02-12 10:00:00-03:00,0.557,0.429,0.21,9.524000000000001
2022-02-12 11:00:00-03:00,0.684,0.579,0.23,10.081
2022-02-12 12:00:00-03:00,0.79,0.728,0.23500000000000001,10.714
2022-02-12 13:00:00-03:00,0.8160000000000001,0.771,0.234,11.206
2022-02-12 14:00:00-03:00,0.744,0.646,0.254,11.378
2022-02-12 15:00:00-03:00,0.594,0.436,0.257,11.393
2022-02-12 16:00:00-03:00,0.375,0.194,0.231,11.2
2022-02-12 17:00:00-03:00,0.185,0.054,0.16,10.768
2022-02-12 18:00:00-03:00,0.084,0.018000000000000002,0.088,10.086
2022-02-12 19:00:00-03:00,0.035,0.009000000000000001,0.043000000000000003,9.67
2022-02-12 20:00:00-03:00,0.002,0.002,0.008,9.459
2022-02-12 21:00:00-03:00,0.0,0.0,0.0,9.548
2022-02-12 22:00:00-03:00,0.0,0.0,0.0,9.954
2022-02-12 23:00:00-03:00,0.0,0.0,0.0,10.597
2022-02-13 00:00:00-03:00,0.0,0.0,0.0,11.251
2022-02-13 01:00:00-03:00,0.0,0.0,0.0,11.672
2022-02-13 02:00:00-03:00,0.0,0.0,0.0,11.888
2022-02-13 03:00:00-03:00,0.0,0.0,0.0,12.055
2022-02-13 04:00:00-03:00,0.0,0.0,0.0,12.082
2022-02-13 05:00:00-03:00,0.0,0.0,0.0,11.186
2022-02-13 06:00:00-03:00,0.004,0.01,0.004,9.179
2022-02-13 07:00:00-03:00,0.295,0.274,0.057,8.175
2022-02-13 08:00:00-03:00,0.523,0.487,0.106,8.277
2022-02-13 09:00:00-03:00,0.646,0.606,0.145,8.405
2022-02-13 10:00:00-03:00,0.67,0.599,0.184,8.578
2022-02-13 11:00:00-03:00,0.677,0.577,0.216,8.854
2022-02-13 12:00:00-03:00,0.727,0.631,0.233,9.052
2022-02-13 13:00:00-03:00,0.675,0.526,0.266,8.994
2022-02-13 14:00:00-03:00,0.657,0.504,0.264,8.992
2022-02-13 15:00:00-03:00,0.647,0.519,0.23500000000000001,8.986
2022-02-13 16:00:00-03:00,0.635,0.536,0.203,8.952
2022-02-13 17:00:00-03:00,0.598,0.522,0.167,8.717
2022-02-13 18:00:00-03:00,0.514,0.456,0.127,8.203
2022-02-13 19:00:00-03:00,0.335,0.291,0.082,7.45
2022-02-13 20:00:00-03:00,0.088,0.083,0.025,6.506
2022-02-13 21:00:00-03:00,0.0,0.0,0.0,5.651
2022-02-13 22:00:00-03:00,0.0,0.0,0.0,5.051
2022-02-13 23:00:00-03:00,0.0,0.0,0.0,4.456
2022-02-14 00:00:00-03:00,0.0,0.0,0.0,4.279
2022-02-14 01:00:00-03:00,0.0,0.0,0.0,4.48
2022-02-14 02:00:00-03:00,0.0,0.0,0.0,4.674
2022-02-14 03:00:00-03:00,0.0,0.0,0.0,4.803
2022-02-14 04:00:00-03:00,0.0,0.0,0.0,4.786
2022-02-14 05:00:00-03:00,0.0,0.0,0.0,4.715
2022-02-14 06:00:00-03:00,0.001,0.005,0.003,4.689
2022-02-14 07:00:00-03:00,0.082,0.054,0.047,5.258
2022-02-14 08:00:00-03:00,0.185,0.099,0.11,6.218
2022-02-14 09:00:00-03:00,0.17200000000000001,0.054,0.14200000000000002,7.24
2022-02-14 10:00:00-03:00,0.149,0.026000000000000002,0.148,8.102
2022-02-14 11:00:00-03:00,0.14100000000000001,0.017,0.148,8.744
2022-02-14 12:00:00-03:00,0.179,0.021,0.185,9.234
2022-02-14 13:00:00-03:00,0.281,0.044,0.273,9.927
2022-02-14 14:00:00-03:00,0.405,0.136,0.323,10.906
2022-02-14 15:00:00-03:00,0.231,0.044,0.22,11.209
2022-02-14 16:00:00-03:00,0.112,0.011,0.124,11.23
2022-02-14 17:00:00-03:00,0.145,0.03,0.14300000000000002,11.554
2022-02-14 18:00:00-03:00,0.116,0.031,0.109,11.509
2022-02-14 19:00:00-03:00,0.053,0.016,0.056,10.814
2022-02-14 20:00:00-03:00,0.014,0.011,0.016,9.806000000000001
2022-02-14 21:00:00-03:00,0.0,0.0,0.0,8.999
2022-02-14 22:00:00-03:00,0.0,0.0,0.0,8.712
2022-02-14 23:00:00-03:00,0.0,0.0,0.0,8.497
2022-02-15 00:00:00-03:00,0.0,0.0,0.0,8.245
2022-02-15 01:00:00-03:00,0.0,0.0,0.0,8.066
2022-02-15 02:00:00-03:00,0.0,0.0,0.0,7.958
2022-02-15 03:00:00-03:00,0.0,0.0,0.0,7.752
2022-02-15 04:00:00-03:00,0.0,0.0,0.0,7.384
2022-02-15 05:00:00-03:00,0.0,0.0,0.0,6.97
2022-02-15 06:00:00-03:00,0.001,0.005,0.003,6.675
2022-02-15 07:00:00-03:00,0.097,0.073,0.045,6.834
2022-02-15 08:00:00-03:00,0.23900000000000002,0.159,0.109,7.316
2022-02-15 09:00:00-03:00,0.425,0.312,0.164,7.982
2022-02-15 10:00:00-03:00,0.5750000000000001,0.458,0.201,8.658
2022-02-15 11:00:00-03:00,0.686,0.585,0.223,9.23
2022-02-15 12:00:00-03:00,0.6940000000000001,0.5710000000000001,0.249,9.696
2022-02-15 13:00:00-03:00,0.682,0.525,0.28,10.027
2022-02-15 14:00:00-03:00,0.631,0.45,0.28800000000000003,10.101
2022-02-15 15:00:00-03:00,0.447,0.241,0.265,9.901
2022-02-15 16:00:00-03:00,0.217,0.061,0.186,9.388
2022-02-15 17:00:00-03:00,0.171,0.049,0.148,9.094
2022-02-15 18:00:00-03:00,0.125,0.042,0.107,8.743
2022-02-15 19:00:00-03:00,0.063,0.025,0.057,7.976
2022-02-15 20:00:00-03:00,0.006,0.005,0.011,6.868
2022-02-15 21:00:00-03:00,0.0,0.0,0.0,6.077
2022-02-15 22:00:00-03:00,0.0,0.0,0.0,5.676
2022-02-15 23:00:00-03:00,0.0,0.0,0.0,5.361
2022-02-16 00:00:00-03:00,0.0,0.0,0.0,5.038
2022-02-16 01:00:00-03:00,0.0,0.0,0.0,4.752
2022-02-16 02:00:00-03:00,0.0,0.0,0.0,4.579
2022-02-16 03:00:00-03:00,0.0,0.0,0.0,4.433
2022-02-16 04:00:00-03:00,0.0,0.0,0.0,4.393
2022-02-16 05:00:00-03:00,0.0,0.0,0.0,4.641
2022-02-16 06:00:00-03:00,0.0,0.002,0.002,4.851
2022-02-16 07:00:00-03:00,0.026000000000000002,0.013000000000000001,0.028,5.316
2022-02-16 08:00:00-03:00,0.07100000000000001,0.019,0.07100000000000001,5.788
2022-02-16 09:00:00-03:00,0.076,0.011,0.085,6.204
2022-02-16 10:00:00-03:00,0.08600000000000001,0.008,0.098,6.49
2022-02-16 11:00:00-03:00,0.117,0.011,0.129,6.84
2022-02-16 12:00:00-03:00,0.214,0.031,0.212,7.888
2022-02-16 13:00:00-03:00,0.36,0.083,0.321,9.463
2022-02-16 14:00:00-03:00,0.369,0.097,0.32,10.487
2022-02-16 15:00:00-03:00,0.325,0.10200000000000001,0.265,10.914
2022-02-16 16:00:00-03:00,0.252,0.075,0.212,10.895
2022-02-16 17:00:00-03:00,0.1,0.013000000000000001,0.11,10.353
2022-02-16 18:00:00-03:00,0.068,0.011,0.078,10.003
2022-02-16 19:00:00-03:00,0.041,0.011,0.048,9.795
2022-02-16 20:00:00-03:00,0.006,0.005,0.011,9.534
2022-02-16 21:00:00-03:00,0.0,0.0,0.0,9.404
2022-02-16 22:00:00-03:00,0.0,0.0,0.0,9.361
2022-02-16 23:00:00-03:00,0.0,0.0,0.0,9.425
2022-02-17 00:00:00-03:00,0.0,0.0,0.0,9.573
2022-02-17 01:00:00-03:00,0.0,0.0,0.0,9.719
2022-02-17 02:00:00-03:00,0.0,0.0,0.0,9.867
2022-02-17 03:00:00-03:00,0.0,0.0,0.0,10.046
2022-02-17 04:00:00-03:00,0.0,0.0,0.0,10.206
2022-02-17 05:00:00-03:00,0.0,0.0,0.0,10.36
2022-02-17 06:00:00-03:00,0.001,0.006,0.002,10.616
2022-02-17 07:00:00-03:00,0.058,0.041,0.037,11.073
2022-02-17 08:00:00-03:00,0.083,0.031,0.074,11.592
2022-02-17 09:00:00-03:00,0.123,0.034,0.114,12.098
2022-02-17 10:00:00-03:00,0.214,0.07200000000000001,0.17500000000000002,12.714
2022-02-17 11:00:00-03:00,0.325,0.14,0.232,13.289
2022-02-17 12:00:00-03:00,0.311,0.099,0.256,13.607
2022-02-17 13:00:00-03:00,0.393,0.13,0.322,13.933
2022-02-17 14:00:00-03:00,0.468,0.222,0.321,14.246
2022-02-17 15:00:00-03:00,0.501,0.319,0.266,14.429
2022-02-17 16:00:00-03:00,0.448,0.294,0.226,14.401
2022-02-17 17:00:00-03:00,0.40800000000000003,0.28600000000000003,0.184,14.177
2022-02-17 18:00:00-03:00,0.32,0.231,0.136,13.608
2022-02-17 19:00:00-03:00,0.171,0.123,0.077,12.719
2022-02-17 20:00:00-03:00,0.018000000000000002,0.018000000000000002,0.014,11.697
2022-02-17 21:00:00-03:00,0.0,0.0,0.0,10.937
2022-02-17 22:00:00-03:00,0.0,0.0,0.0,10.512
2022-02-17 23:00:00-03:00,0.0,0.0,0.0,10.181
2022-02-18 00:00:00-03:00,0.0,0.0,0.0,9.895
2022-02-18 01:00:00-03:00,0.0,0.0,0.0,9.66
2022-02-18 02:00:00-03:00,0.0,0.0,0.0,9.465
2022-02-18 03:00:00-03:00,0.0,0.0,0.0,9.285
2022-02-18 04:00:00-03:00,0.0,0.0,0.0,9.067
2022-02-18 05:00:00-03:00,0.0,0.0,0.0,8.865
2022-02-18 06:00:00-03:00,0.0,0.001,0.001,8.699
2022-02-18 07:00:00-03:00,0.023,0.013000000000000001,0.025,9.017
2022-02-18 08:00:00-03:00,0.074,0.023,0.07200000000000001,9.289
2022-02-18 09:00:00-03:00,0.152,0.047,0.131,9.532
2022-02-18 10:00:00-03:00,0.20600000000000002,0.059000000000000004,0.176,9.879
2022-02-18 11:00:00-03:00,0.23800000000000002,0.06,0.21,10.195
2022-02-18 12:00:00-03:00,0.271,0.06,0.247,10.461
2022-02-18 13:00:00-03:00,0.299,0.048,0.29,10.549
2022-02-18 14:00:00-03:00,0.301,0.053,0.28700000000000003,10.6
2022-02-18 15:00:00-03:00,0.241,0.047,0.226,10.451
2022-02-18 16:00:00-03:00,0.196,0.042,0.183,10.129
2022-02-18 17:00:00-03:00,0.135,0.027,0.133,9.599
2022-02-18 18:00:00-03:00,0.079,0.016,0.084,8.915
2022-02-18 19:00:00-03:00,0.04,0.012,0.045,8.195
2022-02-18 20:00:00-03:00,0.008,0.007,0.011,7.35
2022-02-18 21:00:00-03:00,0.0,0.0,0.0,6.489
2022-02-18 22:00:00-03:00,0.0,0.0,0.0,5.905
2022-02-18 23:00:00-03:00,0.0,0.0,0.0,5.431
2022-02-19 00:00:00-03:00,0.0,0.0,0.0,5.05
2022-02-19 01:00:00-03:00,0.0,0.0,0.0,4.703
2022-02-19 02:00:00-03:00,0.0,0.0,0.0,4.394
2022-02-19 03:00:00-03:00,0.0,0.0,0.0,4.098
2022-02-19 04:00:00-03:00,0.0,0.0,0.0,3.85
2022-02-19 05:00:00-03:00,0.0,0.0,0.0,3.576
2022-02-19 06:00:00-03:00,0.003,0.009000000000000001,0.002,3.391
2022-02-19 07:00:00-03:00,0.268,0.252,0.043000000000000003,4.306
2022-02-19 08:00:00-03:00,0.525,0.495,0.092,5.552
2022-02-19 09:00:00-03:00,0.708,0.7000000000000001,0.126,6.632
2022-02-19 10:00:00-03:00,0.773,0.764,0.158,7.824
2022-02-19 11:00:00-03:00,0.8180000000000001,0.8140000000000001,0.181,9.051
2022-02-19 12:00:00-03:00,0.843,0.847,0.191,10.041
2022-02-19 13:00:00-03:00,0.859,0.895,0.17200000000000001,10.662
2022-02-19 14:00:00-03:00,0.855,0.893,0.171,11.053
2022-02-19 15:00:00-03:00,0.8300000000000001,0.846,0.18,11.231
2022-02-19 16:00:00-03:00,0.788,0.798,0.165,11.282
2022-02-19 17:00:00-03:00,0.687,0.676,0.14100000000000001,11.13
2022-02-19 18:00:00-03:00,0.396,0.33,0.11900000000000001,10.754
2022-02-19 19:00:00-03:00,0.166,0.126,0.067,10.162
2022-02-19 20:00:00-03:00,0.027,0.03,0.013000000000000001,8.797
2022-02-19 21:00:00-03:00,0.0,0.0,0.0,7.864
2022-02-19 22:00:00-03:00,0.0,0.0,0.0,7.579
2022-02-19 23:00:00-03:00,0.0,0.0,0.0,7.384
2022-02-20 00:00:00-03:00,0.0,0.0,0.0,7.167
2022-02-20 01:00:00-03:00,0.0,0.0,0.0,6.971
2022-02-20 02:00:00-03:00,0.0,0.0,0.0,6.704
2022-02-20 03:00:00-03:00,0.0,0.0,0.0,6.462
2022-02-20 04:00:00-03:00,0.0,0.0,0.0,6.292
2022-02-20 05:00:00-03:00,0.0,0.0,0.0,6.174
2022-02-20 06:00:00-03:00,0.0,0.001,0.0,6.064
2022-02-20 07:00:00-03:00,0.021,0.014,0.021,6.27
2022-02-20 08:00:00-03:00,0.094,0.041,0.074,6.5600000000000005
2022-02-20 09:00:00-03:00,0.199,0.089,0.136,6.948
2022-02-20 10:00:00-03:00,0.28400000000000003,0.132,0.185,7.771
2022-02-20 11:00:00-03:00,0.392,0.20400000000000001,0.23500000000000001,8.721
2022-02-20 12:00:00-03:00,0.549,0.361,0.27,9.956
2022-02-20 13:00:00-03:00,0.56,0.329,0.32,10.868
2022-02-20 14:00:00-03:00,0.584,0.38,0.302,11.575
2022-02-20 15:00:00-03:00,0.533,0.361,0.257,12.155
2022-02-20 16:00:00-03:00,0.597,0.497,0.20600000000000002,12.744
2022-02-20 17:00:00-03:00,0.58,0.519,0.163,13.093
2022-02-20 18:00:00-03:00,0.405,0.339,0.125,13.152
2022-02-20 19:00:00-03:00,0.115,0.075,0.065,12.653
2022-02-20 20:00:00-03:00,0.01,0.012,0.01,11.197
2022-02-20 21:00:00-03:00,0.0,0.0,0.0,10.182
2022-02-20 22:00:00-03:00,0.0,0.0,0.0,9.376
2022-02-20 23:00:00-03:00,0.0,0.0,0.0,8.632
2022-02-21 00:00:00-03:00,0.0,0.0,0.0,7.801
2022-02-21 01:00:00-03:00,0.0,0.0,0.0,7.069
2022-02-21 02:00:00-03:00,0.0,0.0,0.0,6.556
2022-02-21 03:00:00-03:00,0.0,0.0,0.0,6.323
2022-02-21 04:00:00-03:00,0.0,0.0,0.0,6.391
2022-02-21 05:00:00-03:00,0.0,0.0,0.0,6.509
2022-02-21 06:00:00-03:00,0.003,0.01,0.001,6.493
2022-02-21 07:00:00-03:00,0.23600000000000002,0.225,0.039,7.107
2022-02-21 08:00:00-03:00,0.593,0.598,0.085,8.645
2022-02-21 09:00:00-03:00,0.75,0.788,0.117,10.684
2022-02-21 10:00:00-03:00,0.802,0.843,0.149,12.497
2022-02-21 11:00:00-03:00,0.834,0.878,0.171,13.753
2022-02-21 12:00:00-03:00,0.843,0.891,0.181,14.816
2022-02-21 13:00:00-03:00,0.8270000000000001,0.882,0.169,15.863
2022-02-21 14:00:00-03:00,0.807,0.851,0.17400000000000002,16.716
2022-02-21 15:00:00-03:00,0.777,0.802,0.181,17.273
2022-02-21 16:00:00-03:00,0.707,0.709,0.169,17.492
2022-02-21 17:00:00-03:00,0.631,0.628,0.14100000000000001,17.445
2022-02-21 18:00:00-03:00,0.534,0.531,0.10400000000000001,16.953
2022-02-21 19:00:00-03:00,0.332,0.321,0.063,15.81
2022-02-21 20:00:00-03:00,0.057,0.066,0.012,13.975999999999999
2022-02-21 21:00:00-03:00,0.0,0.0,0.0,12.619
2022-02-21 22:00:00-03:00,0.0,0.0,0.0,11.631
2022-02-21 23:00:00-03:00,0.0,0.0,0.0,10.837
2022-02-22 00:00:00-03:00,0.0,0.0,0.0,10.308
2022-02-22 01:00:00-03:00,0.0,0.0,0.0,9.964
2022-02-22 02:00:00-03:00,0.0,0.0,0.0,9.74
2022-02-22 03:00:00-03:00,0.0,0.0,0.0,9.569
2022-02-22 04:00:00-03:00,0.0,0.0,0.0,9.428
2022-02-22 05:00:00-03:00,0.0,0.0,0.0,9.434
2022-02-22 06:00:00-03:00,0.0,0.0,0.001,9.468
2022-02-22 07:00:00-03:00,0.45,0.47500000000000003,0.035,10.109
2022-02-22 08:00:00-03:00,0.658,0.71,0.07,11.523
2022-02-22 09:00:00-03:00,0.743,0.808,0.101,13.303
2022-02-22 10:00:00-03:00,0.731,0.764,0.135,14.829
2022-02-22 11:00:00-03:00,0.6930000000000001,0.684,0.165,15.896
2022-02-22 12:00:00-03:00,0.6910000000000001,0.667,0.183,16.644
2022-02-22 13:00:00-03:00,0.673,0.627,0.199,17.103
2022-02-22 14:00:00-03:00,0.541,0.404,0.241,17.149
2022-02-22 15:00:00-03:00,0.453,0.309,0.222,16.842
2022-02-22 16:00:00-03:00,0.274,0.137,0.181,16.097
2022-02-22 17:00:00-03:00,0.179,0.08,0.131,15.238
2022-02-22 18:00:00-03:00,0.136,0.069,0.095,14.431
2022-02-22 19:00:00-03:00,0.061,0.036000000000000004,0.046,13.555
2022-02-22 20:00:00-03:00,0.005,0.009000000000000001,0.006,12.622
2022-02-22 21:00:00-03:00,0.0,0.0,0.0,11.923
2022-02-22 22:00:00-03:00,0.0,0.0,0.0,11.435
2022-02-22 23:00:00-03:00,0.0,0.0,0.0,11.13
2022-02-23 00:00:00-03:00,0.0,0.0,0.0,10.913
2022-02-23 01:00:00-03:00,0.0,0.0,0.0,10.704
2022-02-23 02:00:00-03:00,0.0,0.0,0.0,10.447
2022-02-23 03:00:00-03:00,0.0,0.0,0.0,10.226
2022-02-23 04:00:00-03:00,0.0,0.0,0.0,10.158
2022-02-23 05:00:00-03:00,0.0,0.0,0.0,10.15
2022-02-23 06:00:00-03:00,0.0,0.0,0.0,10.066
2022-02-23 07:00:00-03:00,0.023,0.02,0.019,10.226
2022-02-23 08:00:00-03:00,0.132,0.084,0.074,10.99
2022-02-23 09:00:00-03:00,0.28500000000000003,0.197,0.128,12.007
2022-02-23 10:00:00-03:00,0.363,0.25,0.166,13.138
2022-02-23 11:00:00-03:00,0.428,0.292,0.203,14.198
2022-02-23 12:00:00-03:00,0.443,0.281,0.234,15.202
2022-02-23 13:00:00-03:00,0.523,0.356,0.264,16.28
2022-02-23 14:00:00-03:00,0.587,0.47600000000000003,0.231,17.224
2022-02-23 15:00:00-03:00,0.586,0.511,0.196,17.846
2022-02-23 16:00:00-03:00,0.5740000000000001,0.527,0.166,18.098
2022-02-23 17:00:00-03:00,0.577,0.5670000000000001,0.129,17.978
2022-02-23 18:00:00-03:00,0.505,0.508,0.093,17.614
2022-02-23 19:00:00-03:00,0.332,0.331,0.055,16.657
2022-02-23 20:00:00-03:00,0.049,0.06,0.009000000000000001,14.999
2022-02-23 21:00:00-03:00,0.0,0.0,0.0,14.108
2022-02-23 22:00:00-03:00,0.0,0.0,0.0,13.337
2022-02-23 23:00:00-03:00,0.0,0.0,0.0,12.513
2022-02-24 00:00:00-03:00,0.0,0.0,0.0,11.485
2022-02-24 01:00:00-03:00,0.0,0.0,0.0,10.742
2022-02-24 02:00:00-03:00,0.0,0.0,0.0,10.697
2022-02-24 03:00:00-03:00,0.0,0.0,0.0,10.717
2022-02-24 04:00:00-03:00,0.0,0.0,0.0,10.7
2022-02-24 05:00:00-03:00,0.0,0.0,0.0,10.612
2022-02-24 06:00:00-03:00,0.0,0.0,0.0,10.403
2022-02-24 07:00:00-03:00,0.33,0.343,0.03,10.993
2022-02-24 08:00:00-03:00,0.619,0.66,0.07,12.279
2022-02-24 09:00:00-03:00,0.746,0.8150000000000001,0.098,13.336
2022-02-24 10:00:00-03:00,0.8,0.875,0.125,14.379
2022-02-24 11:00:00-03:00,0.789,0.841,0.147,15.2
2022-02-24 12:00:00-03:00,0.769,0.802,0.159,15.874
2022-02-24 13:00:00-03:00,0.775,0.8300000000000001,0.14400000000000002,16.453
2022-02-24 14:00:00-03:00,0.661,0.614,0.194,16.741
2022-02-24 15:00:00-03:00,0.426,0.278,0.22,16.661
2022-02-24 16:00:00-03:00,0.234,0.101,0.17300000000000001,16.273
2022-02-24 17:00:00-03:00,0.121,0.04,0.109,15.721
2022-02-24 18:00:00-03:00,0.12,0.058,0.089,15.117
2022-02-24 19:00:00-03:00,0.046,0.027,0.039,14.147
2022-02-24 20:00:00-03:00,0.013000000000000001,0.019,0.007,12.642
2022-02-24 21:00:00-03:00,0.0,0.0,0.0,11.707
2022-02-24 22:00:00-03:00,0.0,0.0,0.0,11.263
2022-02-24 23:00:00-03:00,0.0,0.0,0.0,10.678
2022-02-25 00:00:00-03:00,0.0,0.0,0.0,10.005
2022-02-25 01:00:00-03:00,0.0,0.0,0.0,9.688
2022-02-25 02:00:00-03:00,0.0,0.0,0.0,9.545
2022-02-25 03:00:00-03:00,0.0,0.0,0.0,9.318
2022-02-25 04:00:00-03:00,0.0,0.0,0.0,9.042
2022-02-25 05:00:00-03:00,0.0,0.0,0.0,8.822
2022-02-25 06:00:00-03:00,0.0,0.0,0.0,8.751
2022-02-25 07:00:00-03:00,0.079,0.077,0.024,8.997
2022-02-25 08:00:00-03:00,0.214,0.169,0.075,9.606
2022-02-25 09:00:00-03:00,0.617,0.61,0.11,10.535
2022-02-25 10:00:00-03:00,0.648,0.627,0.138,11.456
2022-02-25 11:00:00-03:00,0.747,0.755,0.153,12.235
2022-02-25 12:00:00-03:00,0.757,0.762,0.164,12.777
2022-02-25 13:00:00-03:00,0.6910000000000001,0.652,0.182,13.166
2022-02-25 14:00:00-03:00,0.659,0.597,0.193,13.398
2022-02-25 15:00:00-03:00,0.607,0.533,0.186,13.499
2022-02-25 16:00:00-03:00,0.555,0.486,0.165,13.39
2022-02-25 17:00:00-03:00,0.463,0.4,0.134,13.036
2022-02-25 18:00:00-03:00,0.36,0.313,0.097,12.393
2022-02-25 19:00:00-03:00,0.21,0.189,0.053,11.474
2022-02-25 20:00:00-03:00,0.021,0.029,0.007,10.231
2022-02-25 21:00:00-03:00,0.0,0.0,0.0,9.222
2022-02-25 22:00:00-03:00,0.0,0.0,0.0,8.563
2022-02-25 23:00:00-03:00,0.0,0.0,0.0,8.014
2022-02-26 00:00:00-03:00,0.0,0.0,0.0,7.529
2022-02-26 01:00:00-03:00,0.0,0.0,0.0,7.196
2022-02-26 02:00:00-03:00,0.0,0.0,0.0,6.947
2022-02-26 03:00:00-03:00,0.0,0.0,0.0,6.704
2022-02-26 04:00:00-03:00,0.0,0.0,0.0,6.546
2022-02-26 05:00:00-03:00,0.0,0.0,0.0,6.514
2022-02-26 06:00:00-03:00,0.0,0.0,0.0,6.389
2022-02-26 07:00:00-03:00,0.223,0.223,0.027,7.008
2022-02-26 08:00:00-03:00,0.426,0.402,0.076,8.382
2022-02-26 09:00:00-03:00,0.615,0.605,0.109,9.51
2022-02-26 10:00:00-03:00,0.707,0.707,0.135,10.464
2022-02-26 11:00:00-03:00,0.737,0.731,0.157,11.166
2022-02-26 12:00:00-03:00,0.722,0.6950000000000001,0.17500000000000002,11.845
2022-02-26 13:00:00-03:00,0.713,0.68,0.181,12.484
2022-02-26 14:00:00-03:00,0.621,0.519,0.216,12.816
2022-02-26 15:00:00-03:00,0.487,0.34900000000000003,0.214,12.877
2022-02-26 16:00:00-03:00,0.379,0.248,0.185,12.747
2022-02-26 17:00:00-03:00,0.274,0.17,0.14300000000000002,12.49
2022-02-26 18:00:00-03:00,0.117,0.056,0.085,11.882
2022-02-26 19:00:00-03:00,0.018000000000000002,0.008,0.024,10.94
2022-02-26 20:00:00-03:00,0.0,0.001,0.002,9.994
2022-02-26 21:00:00-03:00,0.0,0.0,0.0,9.331
2022-02-26 22:00:00-03:00,0.0,0.0,0.0,8.824
2022-02-26 23:00:00-03:00,0.0,0.0,0.0,8.314
2022-02-27 00:00:00-03:00,0.0,0.0,0.0,7.881
2022-02-27 01:00:00-03:00,0.0,0.0,0.0,7.496
2022-02-27 02:00:00-03:00,0.0,0.0,0.0,7.182
2022-02-27 03:00:00-03:00,0.0,0.0,0.0,6.937
2022-02-27 04:00:00-03:00,0.0,0.0,0.0,6.6129999999999995
2022-02-27 05:00:00-03:00,0.0,0.0,0.0,6.201
2022-02-27 06:00:00-03:00,0.0,0.0,0.0,5.924
2022-02-27 07:00:00-03:00,0.046,0.043000000000000003,0.021,6.059
2022-02-27 08:00:00-03:00,0.169,0.115,0.078,6.643
2022-02-27 09:00:00-03:00,0.256,0.156,0.131,7.107
2022-02-27 10:00:00-03:00,0.152,0.041,0.135,7.247
2022-02-27 11:00:00-03:00,0.128,0.018000000000000002,0.134,7.184
2022-02-27 12:00:00-03:00,0.164,0.02,0.168,7.34
2022-02-27 13:00:00-03:00,0.273,0.042,0.263,7.774
2022-02-27 14:00:00-03:00,0.309,0.068,0.277,8.181
2022-02-27 15:00:00-03:00,0.276,0.081,0.229,8.494
2022-02-27 16:00:00-03:00,0.184,0.046,0.165,8.519
2022-02-27 17:00:00-03:00,0.10400000000000001,0.022,0.10400000000000001,8.317
2022-02-27 18:00:00-03:00,0.051000000000000004,0.011,0.058,7.606
2022-02-27 19:00:00-03:00,0.015,0.005,0.023,6.529
2022-02-27 20:00:00-03:00,0.0,0.001,0.002,5.6530000000000005
2022-02-27 21:00:00-03:00,0.0,0.0,0.0,5.342
2022-02-27 22:00:00-03:00,0.0,0.0,0.0,5.226
2022-02-27 23:00:00-03:00,0.0,0.0,0.0,4.986
2022-02-28 00:00:00-03:00,0.0,0.0,0.0,4.775
2022-02-28 01:00:00-03:00,0.0,0.0,0.0,4.695
2022-02-28 02:00:00-03:00,0.0,0.0,0.0,4.678
2022-02-28 03:00:00-03:00,0.0,0.0,0.0,4.724
2022-02-28 04:00:00-03:00,0.0,0.0,0.0,4.75
2022-02-28 05:00:00-03:00,0.0,0.0,0.0,4.716
2022-02-28 06:00:00-03:00,0.0,0.0,0.0,4.6370000000000005
2022-02-28 07:00:00-03:00,0.215,0.215,0.025,4.731
2022-02-28 08:00:00-03:00,0.501,0.485,0.073,5.304
2022-02-28 09:00:00-03:00,0.591,0.558,0.112,6.1370000000000005
2022-02-28 10:00:00-03:00,0.5640000000000001,0.486,0.154,6.867
2022-02-28 11:00:00-03:00,0.535,0.41100000000000003,0.194,7.476
2022-02-28 12:00:00-03:00,0.5750000000000001,0.437,0.222,8.19
2022-02-28 13:00:00-03:00,0.614,0.462,0.248,8.881
2022-02-28 14:00:00-03:00,0.512,0.312,0.272,9.262
2022-02-28 15:00:00-03:00,0.334,0.146,0.229,9.205
2022-02-28 16:00:00-03:00,0.192,0.057,0.162,8.785
2022-02-28 17:00:00-03:00,0.09,0.019,0.092,7.975
2022-02-28 18:00:00-03:00,0.033,0.007,0.043000000000000003,7.081
2022-02-28 19:00:00-03:00,0.008,0.003,0.015,6.334
2022-02-28 20:00:00-03:00,0.0,0.0,0.001,5.93
2022-02-28 21:00:00-03:00,0.0,0.0,0.0,5.725
2022-02-28 22:00:00-03:00,0.0,0.0,0.0,5.469
2022-02-28 23:00:00-03:00,0.0,0.0,0.0,5.309
2022-03-01 00:00:00-03:00,0.0,0.0,0.0,5.417
2022-03-01 01:00:00-03:00,0.0,0.0,0.0,5.742
2022-03-01 02:00:00-03:00,0.0,0.0,0.0,6.065
2022-03-01 03:00:00-03:00,0.0,0.0,0.0,6.451
2022-03-01 04:00:00-03:00,0.0,0.0,0.0,7.049
2022-03-01 05:00:00-03:00,0.0,0.0,0.0,7.397
2022-03-01 06:00:00-03:00,0.0,0.0,0.0,6.773
2022-03-01 07:00:00-03:00,0.215,0.219,0.023,5.989
2022-03-01 08:00:00-03:00,0.468,0.452,0.07,6.341
2022-03-01 09:00:00-03:00,0.54,0.499,0.111,6.85
2022-03-01 10:00:00-03:00,0.402,0.29,0.158,7.368
2022-03-01 11:00:00-03:00,0.324,0.165,0.196,7.866
2022-03-01 12:00:00-03:00,0.314,0.124,0.227,8.398
2022-03-01 13:00:00-03:00,0.386,0.146,0.28700000000000003,8.897
2022-03-01 14:00:00-03:00,0.366,0.136,0.275,9.205
2022-03-01 15:00:00-03:00,0.274,0.10200000000000001,0.20700000000000002,9.554
2022-03-01 16:00:00-03:00,0.428,0.303,0.182,10.201
2022-03-01 17:00:00-03:00,0.499,0.44,0.131,10.659
2022-03-01 18:00:00-03:00,0.428,0.396,0.09,10.57
2022-03-01 19:00:00-03:00,0.228,0.212,0.047,9.83
2022-03-01 20:00:00-03:00,0.005,0.011,0.003,8.665
2022-03-01 21:00:00-03:00,0.0,0.0,0.0,7.948
2022-03-01 22:00:00-03:00,0.0,0.0,0.0,7.615
2022-03-01 23:00:00-03:00,0.0,0.0,0.0,7.3629999999999995
2022-03-02 00:00:00-03:00,0.0,0.0,0.0,7.101
2022-03-02 01:00:00-03:00,0.0,0.0,0.0,6.892
2022-03-02 02:00:00-03:00,0.0,0.0,0.0,6.798
2022-03-02 03:00:00-03:00,0.0,0.0,0.0,6.744
2022-03-02 04:00:00-03:00,0.0,0.0,0.0,6.584
2022-03-02 05:00:00-03:00,0.0,0.0,0.0,6.471
2022-03-02 06:00:00-03:00,0.0,0.0,0.0,6.3870000000000005
2022-03-02 07:00:00-03:00,0.001,0.002,0.005,6.289
2022-03-02 08:00:00-03:00,0.014,0.003,0.023,6.476
2022-03-02 09:00:00-03:00,0.032,0.004,0.044,6.28
2022-03-02 10:00:00-03:00,0.074,0.008,0.085,6.349
2022-03-02 11:00:00-03:00,0.114,0.012,0.124,6.901
2022-03-02 12:00:00-03:00,0.115,0.008,0.129,7.423
2022-03-02 13:00:00-03:00,0.14,0.007,0.156,8.04
2022-03-02 14:00:00-03:00,0.183,0.015,0.195,9.177
2022-03-02 15:00:00-03:00,0.177,0.025,0.18,10.717
2022-03-02 16:00:00-03:00,0.177,0.041,0.165,12.073
2022-03-02 17:00:00-03:00,0.112,0.027,0.111,12.694
2022-03-02 18:00:00-03:00,0.058,0.016,0.063,12.488
2022-03-02 19:00:00-03:00,0.044,0.025,0.037,11.712
2022-03-02 20:00:00-03:00,0.002,0.006,0.003,10.114
2022-03-02 21:00:00-03:00,0.0,0.0,0.0,9.693
2022-03-02 22:00:00-03:00,0.0,0.0,0.0,9.926
2022-03-02 23:00:00-03:00,0.0,0.0,0.0,9.703
2022-03-03 00:00:00-03:00,0.0,0.0,0.0,9.379
2022-03-03 01:00:00-03:00,0.0,0.0,0.0,9.263
2022-03-03 02:00:00-03:00,0.0,0.0,0.0,9.223
2022-03-03 03:00:00-03:00,0.0,0.0,0.0,8.863
2022-03-03 04:00:00-03:00,0.0,0.0,0.0,8.321
2022-03-03 05:00:00-03:00,0.0,0.0,0.0,7.719
2022-03-03 06:00:00-03:00,0.0,0.0,0.0,7.377
2022-03-03 07:00:00-03:00,0.05,0.052000000000000005,0.017,7.5600000000000005
2022-03-03 08:00:00-03:00,0.149,0.108,0.066,8.519
2022-03-03 09:00:00-03:00,0.297,0.216,0.117,9.145
2022-03-03 10:00:00-03:00,0.431,0.324,0.164,9.885
2022-03-03 11:00:00-03:00,0.372,0.216,0.20500000000000002,10.429
2022-03-03 12:00:00-03:00,0.352,0.155,0.243,10.711
2022-03-03 13:00:00-03:00,0.352,0.109,0.289,10.772
2022-03-03 14:00:00-03:00,0.323,0.094,0.272,10.938
2022-03-03 15:00:00-03:00,0.313,0.129,0.226,11.247
2022-03-03 16:00:00-03:00,0.353,0.21,0.191,11.314
2022-03-03 17:00:00-03:00,0.261,0.154,0.14300000000000002,10.967
2022-03-03 18:00:00-03:00,0.067,0.024,0.064,10.052
2022-03-03 19:00:00-03:00,0.012,0.005,0.019,9.129
2022-03-03 20:00:00-03:00,0.0,0.0,0.001,8.438
2022-03-03 21:00:00-03:00,0.0,0.0,0.0,8.016
2022-03-03 22:00:00-03:00,0.0,0.0,0.0,7.61
2022-03-03 23:00:00-03:00,0.0,0.0,0.0,7.217
2022-03-04 00:00:00-03:00,0.0,0.0,0.0,6.8870000000000005
2022-03-04 01:00:00-03:00,0.0,0.0,0.0,6.616
2022-03-04 02:00:00-03:00,0.0,0.0,0.0,6.534
2022-03-04 03:00:00-03:00,0.0,0.0,0.0,6.551
2022-03-04 04:00:00-03:00,0.0,0.0,0.0,6.58
2022-03-04 05:00:00-03:00,0.0,0.0,0.0,6.608
2022-03-04 06:00:00-03:00,0.0,0.0,0.0,6.723
2022-03-04 07:00:00-03:00,0.005,0.006,0.008,6.938
2022-03-04 08:00:00-03:00,0.061,0.031,0.049,7.397
2022-03-04 09:00:00-03:00,0.20400000000000001,0.123,0.109,8.217
2022-03-04 10:00:00-03:00,0.52,0.436,0.158,9.351
2022-03-04 11:00:00-03:00,0.584,0.489,0.188,10.211
2022-03-04 12:00:00-03:00,0.458,0.279,0.242,10.597
2022-03-04 13:00:00-03:00,0.37,0.124,0.294,10.441
2022-03-04 14:00:00-03:00,0.27,0.057,0.249,10.207
2022-03-04 15:00:00-03:00,0.262,0.079,0.217,10.347
2022-03-04 16:00:00-03:00,0.169,0.044,0.152,10.101
2022-03-04 17:00:00-03:00,0.111,0.031,0.10400000000000001,9.656
2022-03-04 18:00:00-03:00,0.092,0.04,0.073,9.38
2022-03-04 19:00:00-03:00,0.06,0.042,0.037,8.891
2022-03-04 20:00:00-03:00,0.0,0.001,0.001,8.14
2022-03-04 21:00:00-03:00,0.0,0.0,0.0,7.598
2022-03-04 22:00:00-03:00,0.0,0.0,0.0,7.237
2022-03-04 23:00:00-03:00,0.0,0.0,0.0,6.91
2022-03-05 00:00:00-03:00,0.0,0.0,0.0,6.695
2022-03-05 01:00:00-03:00,0.0,0.0,0.0,6.419
2022-03-05 02:00:00-03:00,0.0,0.0,0.0,6.065
2022-03-05 03:00:00-03:00,0.0,0.0,0.0,5.718
2022-03-05 04:00:00-03:00,0.0,0.0,0.0,5.38
2022-03-05 05:00:00-03:00,0.0,0.0,0.0,5.12
2022-03-05 06:00:00-03:00,0.0,0.0,0.0,4.945
2022-03-05 07:00:00-03:00,0.109,0.114,0.016,4.981
2022-03-05 08:00:00-03:00,0.374,0.34900000000000003,0.063,5.535
2022-03-05 09:00:00-03:00,0.536,0.502,0.101,6.325
2022-03-05 10:00:00-03:00,0.649,0.618,0.131,7.246
2022-03-05 11:00:00-03:00,0.609,0.535,0.166,8.145
2022-03-05 12:00:00-03:00,0.533,0.4,0.20800000000000002,8.797
2022-03-05 13:00:00-03:00,0.541,0.378,0.24,9.153
2022-03-05 14:00:00-03:00,0.646,0.5630000000000001,0.192,9.539
2022-03-05 15:00:00-03:00,0.6920000000000001,0.661,0.158,9.757
2022-03-05 16:00:00-03:00,0.63,0.592,0.14300000000000002,9.67
2022-03-05 17:00:00-03:00,0.508,0.458,0.121,9.318
2022-03-05 18:00:00-03:00,0.258,0.20700000000000002,0.084,8.654
2022-03-05 19:00:00-03:00,0.114,0.099,0.037,7.801
2022-03-05 20:00:00-03:00,0.0,0.003,0.001,6.766
2022-03-05 21:00:00-03:00,0.0,0.0,0.0,6.031
2022-03-05 22:00:00-03:00,0.0,0.0,0.0,5.465
2022-03-05 23:00:00-03:00,0.0,0.0,0.0,5.176
2022-03-06 00:00:00-03:00,0.0,0.0,0.0,5.042
2022-03-06 01:00:00-03:00,0.0,0.0,0.0,4.934
2022-03-06 02:00:00-03:00,0.0,0.0,0.0,4.782
2022-03-06 03:00:00-03:00,0.0,0.0,0.0,4.671
2022-03-06 04:00:00-03:00,0.0,0.0,0.0,4.632
2022-03-06 05:00:00-03:00,0.0,0.0,0.0,4.568
2022-03-06 06:00:00-03:00,0.0,0.0,0.0,4.374
2022-03-06 07:00:00-03:00,0.075,0.08,0.013000000000000001,4.545
2022-03-06 08:00:00-03:00,0.324,0.297,0.061,5.824
2022-03-06 09:00:00-03:00,0.54,0.511,0.097,6.461
2022-03-06 10:00:00-03:00,0.762,0.789,0.115,7.205
2022-03-06 11:00:00-03:00,0.766,0.78,0.134,7.999
2022-03-06 12:00:00-03:00,0.765,0.772,0.14400000000000002,8.845
2022-03-06 13:00:00-03:00,0.753,0.766,0.137,9.596
2022-03-06 14:00:00-03:00,0.738,0.744,0.14100000000000001,10.2
2022-03-06 15:00:00-03:00,0.705,0.6910000000000001,0.149,10.587
2022-03-06 16:00:00-03:00,0.527,0.455,0.151,10.658
2022-03-06 17:00:00-03:00,0.519,0.47900000000000004,0.117,10.698
2022-03-06 18:00:00-03:00,0.295,0.252,0.081,10.323
2022-03-06 19:00:00-03:00,0.124,0.112,0.035,9.284
2022-03-06 20:00:00-03:00,0.0,0.002,0.001,7.659
2022-03-06 21:00:00-03:00,0.0,0.0,0.0,7.08
2022-03-06 22:00:00-03:00,0.0,0.0,0.0,6.622
2022-03-06 23:00:00-03:00,0.0,0.0,0.0,6.256
2022-03-07 00:00:00-03:00,0.0,0.0,0.0,5.985
2022-03-07 01:00:00-03:00,0.0,0.0,0.0,5.712
2022-03-07 02:00:00-03:00,0.0,0.0,0.0,5.562
2022-03-07 03:00:00-03:00,0.0,0.0,0.0,5.609
2022-03-07 04:00:00-03:00,0.0,0.0,0.0,5.674
2022-03-07 05:00:00-03:00,0.0,0.0,0.0,5.72
2022-03-07 06:00:00-03:00,0.0,0.0,0.0,5.453
2022-03-07 07:00:00-03:00,0.046,0.051000000000000004,0.013000000000000001,5.231
2022-03-07 08:00:00-03:00,0.138,0.10300000000000001,0.057,6.265
2022-03-07 09:00:00-03:00,0.241,0.162,0.108,7.416
2022-03-07 10:00:00-03:00,0.322,0.203,0.156,8.304
2022-03-07 11:00:00-03:00,0.373,0.22,0.199,9.104
2022-03-07 12:00:00-03:00,0.39,0.20500000000000002,0.23500000000000001,9.926
2022-03-07 13:00:00-03:00,0.531,0.34800000000000003,0.264,10.966
2022-03-07 14:00:00-03:00,0.597,0.47200000000000003,0.228,11.89
2022-03-07 15:00:00-03:00,0.515,0.388,0.20800000000000002,12.477
2022-03-07 16:00:00-03:00,0.357,0.227,0.181,12.718
2022-03-07 17:00:00-03:00,0.211,0.115,0.13,12.908
2022-03-07 18:00:00-03:00,0.089,0.043000000000000003,0.069,12.666
2022-03-07 19:00:00-03:00,0.013000000000000001,0.008,0.018000000000000002,11.615
2022-03-07 20:00:00-03:00,0.0,0.0,0.0,11.192
2022-03-07 21:00:00-03:00,0.0,0.0,0.0,11.185
2022-03-07 22:00:00-03:00,0.0,0.0,0.0,10.653
2022-03-07 23:00:00-03:00,0.0,0.0,0.0,10.223
2022-03-08 00:00:00-03:00,0.0,0.0,0.0,9.975999999999999
2022-03-08 01:00:00-03:00,0.0,0.0,0.0,9.722
2022-03-08 02:00:00-03:00,0.0,0.0,0.0,9.589
2022-03-08 03:00:00-03:00,0.0,0.0,0.0,9.433
2022-03-08 04:00:00-03:00,0.0,0.0,0.0,9.272
2022-03-08 05:00:00-03:00,0.0,0.0,0.0,8.995
2022-03-08 06:00:00-03:00,0.0,0.0,0.0,8.852
2022-03-08 07:00:00-03:00,0.0,0.001,0.004,8.735
2022-03-08 08:00:00-03:00,0.024,0.008,0.031,8.712
2022-03-08 09:00:00-03:00,0.064,0.014,0.07,9.088
2022-03-08 10:00:00-03:00,0.093,0.014,0.1,9.631
2022-03-08 11:00:00-03:00,0.14,0.019,0.146,10.019
2022-03-08 12:00:00-03:00,0.15,0.014,0.162,9.769
2022-03-08 13:00:00-03:00,0.106,0.004,0.125,9.21
2022-03-08 14:00:00-03:00,0.101,0.004,0.12,8.953
2022-03-08 15:00:00-03:00,0.08700000000000001,0.005,0.10400000000000001,8.877
2022-03-08 16:00:00-03:00,0.074,0.006,0.088,8.783
2022-03-08 17:00:00-03:00,0.056,0.006,0.068,8.64
2022-03-08 18:00:00-03:00,0.022,0.003,0.033,8.427
2022-03-08 19:00:00-03:00,0.003,0.002,0.01,8.128
2022-03-08 20:00:00-03:00,0.0,0.0,0.0,7.78
2022-03-08 21:00:00-03:00,0.0,0.0,0.0,7.543
2022-03-08 22:00:00-03:00,0.0,0.0,0.0,7.412
2022-03-08 23:00:00-03:00,0.0,0.0,0.0,7.313
2022-03-09 00:00:00-03:00,0.0,0.0,0.0,7.232
2022-03-09 01:00:00-03:00,0.0,0.0,0.0,7.219
2022-03-09 02:00:00-03:00,0.0,0.0,0.0,7.207
2022-03-09 03:00:00-03:00,0.0,0.0,0.0,7.092
2022-03-09 04:00:00-03:00,0.0,0.0,0.0,6.767
2022-03-09 05:00:00-03:00,0.0,0.0,0.0,6.59
2022-03-09 06:00:00-03:00,0.0,0.0,0.0,6.389
2022-03-09 07:00:00-03:00,0.098,0.108,0.01,6.225
2022-03-09 08:00:00-03:00,0.518,0.532,0.052000000000000005,7.259
2022-03-09 09:00:00-03:00,0.7000000000000001,0.74,0.083,8.098
2022-03-09 10:00:00-03:00,0.791,0.85,0.10400000000000001,8.964
2022-03-09 11:00:00-03:00,0.8320000000000001,0.904,0.117,9.786
2022-03-09 12:00:00-03:00,0.8230000000000001,0.89,0.121,10.535
2022-03-09 13:00:00-03:00,0.741,0.765,0.129,11.108
2022-03-09 14:00:00-03:00,0.749,0.78,0.128,11.605
2022-03-09 15:00:00-03:00,0.6940000000000001,0.687,0.145,11.897
2022-03-09 16:00:00-03:00,0.487,0.40800000000000003,0.152,11.876
2022-03-09 17:00:00-03:00,0.381,0.314,0.12,11.777
2022-03-09 18:00:00-03:00,0.298,0.26,0.078,11.398
2022-03-09 19:00:00-03:00,0.088,0.082,0.029,10.448
2022-03-09 20:00:00-03:00,0.0,0.0,0.0,9.143
2022-03-09 21:00:00-03:00,0.0,0.0,0.0,8.69
2022-03-09 22:00:00-03:00,0.0,0.0,0.0,8.324
2022-03-09 23:00:00-03:00,0.0,0.0,0.0,7.731
2022-03-10 00:00:00-03:00,0.0,0.0,0.0,7.246
2022-03-10 01:00:00-03:00,0.0,0.0,0.0,6.817
2022-03-10 02:00:00-03:00,0.0,0.0,0.0,6.426
2022-03-10 03:00:00-03:00,0.0,0.0,0.0,5.96
2022-03-10 04:00:00-03:00,0.0,0.0,0.0,5.445
2022-03-10 05:00:00-03:00,0.0,0.0,0.0,4.956
2022-03-10 06:00:00-03:00,0.0,0.0,0.0,4.626
2022-03-10 07:00:00-03:00,0.124,0.135,0.01,4.711
2022-03-10 08:00:00-03:00,0.638,0.684,0.049,6.661
2022-03-10 09:00:00-03:00,0.777,0.851,0.078,8.017
2022-03-10 10:00:00-03:00,0.844,0.935,0.1,9.229
2022-03-10 11:00:00-03:00,0.868,0.971,0.112,10.754
2022-03-10 12:00:00-03:00,0.867,0.976,0.11,11.661
2022-03-10 13:00:00-03:00,0.843,0.964,0.089,12.255
2022-03-10 14:00:00-03:00,0.78,0.841,0.11900000000000001,12.745
2022-03-10 15:00:00-03:00,0.5730000000000001,0.492,0.18,13.062
2022-03-10 16:00:00-03:00,0.203,0.083,0.153,13.019
2022-03-10 17:00:00-03:00,0.068,0.017,0.073,12.777
2022-03-10 18:00:00-03:00,0.047,0.018000000000000002,0.049,12.368
2022-03-10 19:00:00-03:00,0.009000000000000001,0.007,0.013000000000000001,11.681000000000001
2022-03-10 20:00:00-03:00,0.0,0.0,0.0,11.196
2022-03-10 21:00:00-03:00,0.0,0.0,0.0,10.965
2022-03-10 22:00:00-03:00,0.0,0.0,0.0,10.625
2022-03-10 23:00:00-03:00,0.0,0.0,0.0,10.34
2022-03-11 00:00:00-03:00,0.0,0.0,0.0,10.189
2022-03-11 01:00:00-03:00,0.0,0.0,0.0,10.132
2022-03-11 02:00:00-03:00,0.0,0.0,0.0,10.058
2022-03-11 03:00:00-03:00,0.0,0.0,0.0,9.968
2022-03-11 04:00:00-03:00,0.0,0.0,0.0,9.837
2022-03-11 05:00:00-03:00,0.0,0.0,0.0,9.722
2022-03-11 06:00:00-03:00,0.0,0.0,0.0,9.574
2022-03-11 07:00:00-03:00,0.003,0.007,0.004,8.982
2022-03-11 08:00:00-03:00,0.108,0.08600000000000001,0.044,8.555
2022-03-11 09:00:00-03:00,0.308,0.25,0.095,8.646
2022-03-11 10:00:00-03:00,0.628,0.613,0.11800000000000001,9.454
2022-03-11 11:00:00-03:00,0.8160000000000001,0.887,0.114,10.609
2022-03-11 12:00:00-03:00,0.861,0.972,0.105,11.369
2022-03-11 13:00:00-03:00,0.854,0.992,0.075,11.761
2022-03-11 14:00:00-03:00,0.85,0.981,0.081,12.007
2022-03-11 15:00:00-03:00,0.843,0.9510000000000001,0.10200000000000001,12.082
2022-03-11 16:00:00-03:00,0.809,0.899,0.1,11.965
2022-03-11 17:00:00-03:00,0.739,0.81,0.084,11.605
2022-03-11 18:00:00-03:00,0.593,0.631,0.06,10.958
2022-03-11 19:00:00-03:00,0.267,0.274,0.027,9.414
2022-03-11 20:00:00-03:00,0.0,0.0,0.0,7.464
2022-03-11 21:00:00-03:00,0.0,0.0,0.0,6.714
2022-03-11 22:00:00-03:00,0.0,0.0,0.0,6.152
2022-03-11 23:00:00-03:00,0.0,0.0,0.0,5.569
2022-03-12 00:00:00-03:00,0.0,0.0,0.0,5.269
2022-03-12 01:00:00-03:00,0.0,0.0,0.0,5.322
2022-03-12 02:00:00-03:00,0.0,0.0,0.0,5.509
2022-03-12 03:00:00-03:00,0.0,0.0,0.0,5.532
2022-03-12 04:00:00-03:00,0.0,0.0,0.0,5.513
2022-03-12 05:00:00-03:00,0.0,0.0,0.0,5.555
2022-03-12 06:00:00-03:00,0.0,0.0,0.0,5.684
2022-03-12 07:00:00-03:00,0.015,0.021,0.007,5.836
2022-03-12 08:00:00-03:00,0.307,0.28400000000000003,0.056,6.663
2022-03-12 09:00:00-03:00,0.499,0.462,0.101,7.824
2022-03-12 10:00:00-03:00,0.598,0.551,0.139,9.057
2022-03-12 11:00:00-03:00,0.445,0.304,0.199,9.791
2022-03-12 12:00:00-03:00,0.24,0.06,0.211,9.798
2022-03-12 13:00:00-03:00,0.20700000000000002,0.025,0.211,9.592
2022-03-12 14:00:00-03:00,0.215,0.029,0.215,9.509
2022-03-12 15:00:00-03:00,0.14,0.018000000000000002,0.147,9.403
2022-03-12 16:00:00-03:00,0.116,0.019,0.12,9.303
2022-03-12 17:00:00-03:00,0.058,0.009000000000000001,0.068,8.896
2022-03-12 18:00:00-03:00,0.025,0.006,0.034,8.469
2022-03-12 19:00:00-03:00,0.004,0.003,0.009000000000000001,8.109
2022-03-12 20:00:00-03:00,0.0,0.0,0.0,7.844
2022-03-12 21:00:00-03:00,0.0,0.0,0.0,7.659
2022-03-12 22:00:00-03:00,0.0,0.0,0.0,7.444
2022-03-12 23:00:00-03:00,0.0,0.0,0.0,7.233
2022-03-13 00:00:00-03:00,0.0,0.0,0.0,7.163
2022-03-13 01:00:00-03:00,0.0,0.0,0.0,7.449
2022-03-13 02:00:00-03:00,0.0,0.0,0.0,7.964
2022-03-13 03:00:00-03:00,0.0,0.0,0.0,8.591
2022-03-13 04:00:00-03:00,0.0,0.0,0.0,9.313
2022-03-13 05:00:00-03:00,0.0,0.0,0.0,9.635
2022-03-13 06:00:00-03:00,0.0,0.0,0.0,9.179
2022-03-13 07:00:00-03:00,0.024,0.033,0.006,8.252
2022-03-13 08:00:00-03:00,0.398,0.396,0.049,7.784
2022-03-13 09:00:00-03:00,0.641,0.658,0.083,7.756
2022-03-13 10:00:00-03:00,0.726,0.748,0.109,8.023
2022-03-13 11:00:00-03:00,0.738,0.746,0.13,8.544
2022-03-13 12:00:00-03:00,0.744,0.749,0.139,9.136
2022-03-13 13:00:00-03:00,0.767,0.8,0.124,9.561
2022-03-13 14:00:00-03:00,0.746,0.76,0.132,9.638
2022-03-13 15:00:00-03:00,0.673,0.638,0.153,9.469
2022-03-13 16:00:00-03:00,0.332,0.212,0.161,9.034
2022-03-13 17:00:00-03:00,0.248,0.159,0.12,8.452
2022-03-13 18:00:00-03:00,0.10400000000000001,0.063,0.063,7.702
2022-03-13 19:00:00-03:00,0.022,0.02,0.016,7.076
2022-03-13 20:00:00-03:00,0.0,0.0,0.0,6.715
2022-03-13 21:00:00-03:00,0.0,0.0,0.0,6.399
2022-03-13 22:00:00-03:00,0.0,0.0,0.0,5.976
2022-03-13 23:00:00-03:00,0.0,0.0,0.0,5.579
2022-03-14 00:00:00-03:00,0.0,0.0,0.0,5.268
2022-03-14 01:00:00-03:00,0.0,0.0,0.0,5.071
2022-03-14 02:00:00-03:00,0.0,0.0,0.0,4.978
2022-03-14 03:00:00-03:00,0.0,0.0,0.0,4.844
2022-03-14 04:00:00-03:00,0.0,0.0,0.0,4.697
2022-03-14 05:00:00-03:00,0.0,0.0,0.0,4.665
2022-03-14 06:00:00-03:00,0.0,0.0,0.0,4.8260000000000005
2022-03-14 07:00:00-03:00,0.003,0.007,0.004,5.045
2022-03-14 08:00:00-03:00,0.10200000000000001,0.076,0.047,5.699
2022-03-14 09:00:00-03:00,0.081,0.029,0.07200000000000001,6.469
2022-03-14 10:00:00-03:00,0.199,0.082,0.14400000000000002,7.404
2022-03-14 11:00:00-03:00,0.247,0.089,0.188,8.183
2022-03-14 12:00:00-03:00,0.292,0.09,0.23700000000000002,8.633
2022-03-14 13:00:00-03:00,0.248,0.038,0.242,8.9
2022-03-14 14:00:00-03:00,0.151,0.012,0.164,8.929
2022-03-14 15:00:00-03:00,0.083,0.006,0.098,8.546
2022-03-14 16:00:00-03:00,0.08,0.009000000000000001,0.092,8.32
2022-03-14 17:00:00-03:00,0.089,0.019,0.09,8.311
2022-03-14 18:00:00-03:00,0.025,0.006,0.034,7.78
2022-03-14 19:00:00-03:00,0.001,0.002,0.006,6.9879999999999995
2022-03-14 20:00:00-03:00,0.0,0.0,0.0,6.468
2022-03-14 21:00:00-03:00,0.0,0.0,0.0,6.501
2022-03-14 22:00:00-03:00,0.0,0.0,0.0,7.204
2022-03-14 23:00:00-03:00,0.0,0.0,0.0,8.495
2022-03-15 00:00:00-03:00,0.0,0.0,0.0,9.402
2022-03-15 01:00:00-03:00,0.0,0.0,0.0,9.507
2022-03-15 02:00:00-03:00,0.0,0.0,0.0,9.524000000000001
2022-03-15 03:00:00-03:00,0.0,0.0,0.0,9.587
2022-03-15 04:00:00-03:00,0.0,0.0,0.0,9.728
2022-03-15 05:00:00-03:00,0.0,0.0,0.0,9.929
2022-03-15 06:00:00-03:00,0.0,0.0,0.0,10.194
2022-03-15 07:00:00-03:00,0.0,0.0,0.001,10.341
2022-03-15 08:00:00-03:00,0.011,0.005,0.019,10.483
2022-03-15 09:00:00-03:00,0.059000000000000004,0.016,0.063,10.752
2022-03-15 10:00:00-03:00,0.15,0.047,0.13,11.278
2022-03-15 11:00:00-03:00,0.217,0.066,0.183,11.932
2022-03-15 12:00:00-03:00,0.229,0.05,0.213,12.404
2022-03-15 13:00:00-03:00,0.249,0.038,0.248,12.729
2022-03-15 14:00:00-03:00,0.17300000000000001,0.016,0.186,12.969
2022-03-15 15:00:00-03:00,0.1,0.008,0.117,13.088
2022-03-15 16:00:00-03:00,0.066,0.006,0.081,13.145
2022-03-15 17:00:00-03:00,0.036000000000000004,0.004,0.05,13.1
2022-03-15 18:00:00-03:00,0.023,0.005,0.033,12.817
2022-03-15 19:00:00-03:00,0.008,0.007,0.012,12.174
2022-03-15 20:00:00-03:00,0.0,0.0,0.0,11.226
2022-03-15 21:00:00-03:00,0.0,0.0,0.0,10.234
2022-03-15 22:00:00-03:00,0.0,0.0,0.0,9.416
2022-03-15 23:00:00-03:00,0.0,0.0,0.0,8.841
2022-03-16 00:00:00-03:00,0.0,0.0,0.0,8.492
2022-03-16 01:00:00-03:00,0.0,0.0,0.0,8.24
2022-03-16 02:00:00-03:00,0.0,0.0,0.0,7.939
2022-03-16 03:00:00-03:00,0.0,0.0,0.0,7.756
2022-03-16 04:00:00-03:00,0.0,0.0,0.0,7.585
2022-03-16 05:00:00-03:00,0.0,0.0,0.0,7.411
2022-03-16 06:00:00-03:00,0.0,0.0,0.0,7.198
2022-03-16 07:00:00-03:00,0.004,0.01,0.003,7.002
2022-03-16 08:00:00-03:00,0.185,0.168,0.044,7.606
2022-03-16 09:00:00-03:00,0.481,0.454,0.089,8.412
2022-03-16 10:00:00-03:00,0.623,0.604,0.11800000000000001,9.147
2022-03-16 11:00:00-03:00,0.601,0.545,0.152,9.651
2022-03-16 12:00:00-03:00,0.609,0.529,0.179,10.002
2022-03-16 13:00:00-03:00,0.542,0.392,0.23,9.987
2022-03-16 14:00:00-03:00,0.396,0.198,0.247,9.432
2022-03-16 15:00:00-03:00,0.327,0.161,0.20400000000000001,8.621
2022-03-16 16:00:00-03:00,0.316,0.19,0.162,8.032
2022-03-16 17:00:00-03:00,0.324,0.243,0.11800000000000001,7.556
2022-03-16 18:00:00-03:00,0.20500000000000002,0.162,0.069,6.8260000000000005
2022-03-16 19:00:00-03:00,0.063,0.065,0.017,5.83
2022-03-16 20:00:00-03:00,0.0,0.0,0.0,4.854
2022-03-16 21:00:00-03:00,0.0,0.0,0.0,4.192
2022-03-16 22:00:00-03:00,0.0,0.0,0.0,3.914
2022-03-16 23:00:00-03:00,0.0,0.0,0.0,3.826
2022-03-17 00:00:00-03:00,0.0,0.0,0.0,3.813
2022-03-17 01:00:00-03:00,0.0,0.0,0.0,3.793
2022-03-17 02:00:00-03:00,0.0,0.0,0.0,3.754
2022-03-17 03:00:00-03:00,0.0,0.0,0.0,3.7720000000000002
2022-03-17 04:00:00-03:00,0.0,0.0,0.0,3.791
2022-03-17 05:00:00-03:00,0.0,0.0,0.0,3.805
2022-03-17 06:00:00-03:00,0.0,0.0,0.0,3.685
2022-03-17 07:00:00-03:00,0.003,0.008,0.003,3.54
2022-03-17 08:00:00-03:00,0.23,0.21,0.045,4.286
2022-03-17 09:00:00-03:00,0.293,0.228,0.094,4.851
2022-03-17 10:00:00-03:00,0.34500000000000003,0.23900000000000002,0.14100000000000001,5.439
2022-03-17 11:00:00-03:00,0.356,0.209,0.185,6.052
2022-03-17 12:00:00-03:00,0.342,0.156,0.224,6.675
2022-03-17 13:00:00-03:00,0.379,0.156,0.265,7.208
2022-03-17 14:00:00-03:00,0.43,0.227,0.253,7.421
2022-03-17 15:00:00-03:00,0.432,0.276,0.20700000000000002,7.256
2022-03-17 16:00:00-03:00,0.342,0.215,0.165,6.9879999999999995
2022-03-17 17:00:00-03:00,0.254,0.165,0.11800000000000001,6.788
2022-03-17 18:00:00-03:00,0.14400000000000002,0.101,0.066,6.265
2022-03-17 19:00:00-03:00,0.028,0.03,0.013000000000000001,5.398
2022-03-17 20:00:00-03:00,0.0,0.0,0.0,4.639
2022-03-17 21:00:00-03:00,0.0,0.0,0.0,4.171
2022-03-17 22:00:00-03:00,0.0,0.0,0.0,3.76
2022-03-17 23:00:00-03:00,0.0,0.0,0.0,3.396
2022-03-18 00:00:00-03:00,0.0,0.0,0.0,3.16
2022-03-18 01:00:00-03:00,0.0,0.0,0.0,3.014
2022-03-18 02:00:00-03:00,0.0,0.0,0.0,2.9130000000000003
2022-03-18 03:00:00-03:00,0.0,0.0,0.0,2.909
2022-03-18 04:00:00-03:00,0.0,0.0,0.0,2.868
2022-03-18 05:00:00-03:00,0.0,0.0,0.0,2.863
2022-03-18 06:00:00-03:00,0.0,0.0,0.0,2.846
2022-03-18 07:00:00-03:00,0.003,0.008,0.002,2.748
2022-03-18 08:00:00-03:00,0.245,0.229,0.041,3.741
2022-03-18 09:00:00-03:00,0.47100000000000003,0.436,0.085,4.721
2022-03-18 10:00:00-03:00,0.599,0.5640000000000001,0.115,5.564
2022-03-18 11:00:00-03:00,0.686,0.662,0.134,6.535
2022-03-18 12:00:00-03:00,0.649,0.587,0.163,7.359
2022-03-18 13:00:00-03:00,0.522,0.372,0.219,7.83
2022-03-18 14:00:00-03:00,0.602,0.502,0.191,8.323
2022-03-18 15:00:00-03:00,0.519,0.40900000000000003,0.18,8.621
2022-03-18 16:00:00-03:00,0.354,0.241,0.155,8.7
2022-03-18 17:00:00-03:00,0.304,0.229,0.112,8.685
2022-03-18 18:00:00-03:00,0.292,0.261,0.065,8.292
2022-03-18 19:00:00-03:00,0.08700000000000001,0.093,0.015,6.668
2022-03-18 20:00:00-03:00,0.0,0.0,0.0,5.878
2022-03-18 21:00:00-03:00,0.0,0.0,0.0,5.7379999999999995
2022-03-18 22:00:00-03:00,0.0,0.0,0.0,5.626
2022-03-18 23:00:00-03:00,0.0,0.0,0.0,4.987
2022-03-19 00:00:00-03:00,0.0,0.0,0.0,4.448
2022-03-19 01:00:00-03:00,0.0,0.0,0.0,4.178
2022-03-19 02:00:00-03:00,0.0,0.0,0.0,4.129
2022-03-19 03:00:00-03:00,0.0,0.0,0.0,4.038
2022-03-19 04:00:00-03:00,0.0,0.0,0.0,3.891
2022-03-19 05:00:00-03:00,0.0,0.0,0.0,3.715
2022-03-19 06:00:00-03:00,0.0,0.0,0.0,3.534
2022-03-19 07:00:00-03:00,0.0,0.005,0.002,3.34
2022-03-19 08:00:00-03:00,0.183,0.166,0.039,4.062
2022-03-19 09:00:00-03:00,0.44,0.401,0.08600000000000001,5.127
2022-03-19 10:00:00-03:00,0.61,0.583,0.114,6.55
2022-03-19 11:00:00-03:00,0.653,0.621,0.137,8.092
2022-03-19 12:00:00-03:00,0.708,0.6960000000000001,0.14200000000000002,9.413
2022-03-19 13:00:00-03:00,0.737,0.755,0.13,10.593
2022-03-19 14:00:00-03:00,0.6920000000000001,0.678,0.149,11.547
2022-03-19 15:00:00-03:00,0.444,0.317,0.191,12.074
2022-03-19 16:00:00-03:00,0.23800000000000002,0.12,0.152,12.351
2022-03-19 17:00:00-03:00,0.14300000000000002,0.07,0.1,12.295
2022-03-19 18:00:00-03:00,0.068,0.039,0.05,11.516
2022-03-19 19:00:00-03:00,0.02,0.023,0.011,10.225
2022-03-19 20:00:00-03:00,0.0,0.0,0.0,9.377
2022-03-19 21:00:00-03:00,0.0,0.0,0.0,8.858
2022-03-19 22:00:00-03:00,0.0,0.0,0.0,8.349
2022-03-19 23:00:00-03:00,0.0,0.0,0.0,7.995
2022-03-20 00:00:00-03:00,0.0,0.0,0.0,7.47
2022-03-20 01:00:00-03:00,0.0,0.0,0.0,6.915
2022-03-20 02:00:00-03:00,0.0,0.0,0.0,6.283
2022-03-20 03:00:00-03:00,0.0,0.0,0.0,5.813
2022-03-20 04:00:00-03:00,0.0,0.0,0.0,5.8629999999999995
2022-03-20 05:00:00-03:00,0.0,0.0,0.0,6.396
2022-03-20 06:00:00-03:00,0.0,0.0,0.0,6.851
2022-03-20 07:00:00-03:00,0.0,0.0,0.001,7.031
2022-03-20 08:00:00-03:00,0.017,0.012,0.019,7.676
2022-03-20 09:00:00-03:00,0.096,0.048,0.07,8.963
2022-03-20 10:00:00-03:00,0.362,0.274,0.135,10.394
2022-03-20 11:00:00-03:00,0.687,0.6880000000000001,0.133,11.95
2022-03-20 12:00:00-03:00,0.767,0.8190000000000001,0.123,13.024
2022-03-20 13:00:00-03:00,0.767,0.8290000000000001,0.116,13.573
2022-03-20 14:00:00-03:00,0.631,0.577,0.17400000000000002,13.645
2022-03-20 15:00:00-03:00,0.41100000000000003,0.272,0.199,13.287
2022-03-20 16:00:00-03:00,0.215,0.098,0.15,12.636
2022-03-20 17:00:00-03:00,0.149,0.074,0.10200000000000001,11.895
2022-03-20 18:00:00-03:00,0.088,0.056,0.055,11.092
2022-03-20 19:00:00-03:00,0.019,0.023,0.01,10.024
2022-03-20 20:00:00-03:00,0.0,0.0,0.0,9.103
2022-03-20 21:00:00-03:00,0.0,0.0,0.0,8.594
2022-03-20 22:00:00-03:00,0.0,0.0,0.0,8.39
2022-03-20 23:00:00-03:00,0.0,0.0,0.0,8.198
2022-03-21 00:00:00-03:00,0.0,0.0,0.0,7.801
2022-03-21 01:00:00-03:00,0.0,0.0,0.0,7.337
2022-03-21 02:00:00-03:00,0.0,0.0,0.0,6.737
2022-03-21 03:00:00-03:00,0.0,0.0,0.0,6.263
2022-03-21 04:00:00-03:00,0.0,0.0,0.0,6.031
2022-03-21 05:00:00-03:00,0.0,0.0,0.0,5.618
2022-03-21 06:00:00-03:00,0.0,0.0,0.0,5.416
2022-03-21 07:00:00-03:00,0.0,0.003,0.001,5.731
2022-03-21 08:00:00-03:00,0.065,0.052000000000000005,0.032,6.335
2022-03-21 09:00:00-03:00,0.073,0.029,0.064,7.161
2022-03-21 10:00:00-03:00,0.10300000000000001,0.025,0.099,8.297
2022-03-21 11:00:00-03:00,0.1,0.014,0.109,9.396
2022-03-21 12:00:00-03:00,0.116,0.012,0.128,10.122
2022-03-21 13:00:00-03:00,0.232,0.04,0.224,10.967
2022-03-21 14:00:00-03:00,0.382,0.17,0.266,11.981
2022-03-21 15:00:00-03:00,0.34500000000000003,0.178,0.215,12.344
2022-03-21 16:00:00-03:00,0.248,0.121,0.162,11.903
2022-03-21 17:00:00-03:00,0.167,0.085,0.11,11.048
2022-03-21 18:00:00-03:00,0.07,0.039,0.052000000000000005,10.263
2022-03-21 19:00:00-03:00,0.01,0.012,0.009000000000000001,9.552
2022-03-21 20:00:00-03:00,0.0,0.0,0.0,9.116
2022-03-21 21:00:00-03:00,0.0,0.0,0.0,8.847
2022-03-21 22:00:00-03:00,0.0,0.0,0.0,8.669
2022-03-21 23:00:00-03:00,0.0,0.0,0.0,8.612
2022-03-22 00:00:00-03:00,0.0,0.0,0.0,8.687
2022-03-22 01:00:00-03:00,0.0,0.0,0.0,8.844
2022-03-22 02:00:00-03:00,0.0,0.0,0.0,9.042
2022-03-22 03:00:00-03:00,0.0,0.0,0.0,9.127
2022-03-22 04:00:00-03:00,0.0,0.0,0.0,9.158
2022-03-22 05:00:00-03:00,0.0,0.0,0.0,9.2
2022-03-22 06:00:00-03:00,0.0,0.0,0.0,9.218
2022-03-22 07:00:00-03:00,0.0,0.0,0.0,9.228
2022-03-22 08:00:00-03:00,0.001,0.001,0.007,9.366
2022-03-22 09:00:00-03:00,0.012,0.002,0.022,9.653
2022-03-22 10:00:00-03:00,0.046,0.005,0.059000000000000004,10.022
2022-03-22 11:00:00-03:00,0.094,0.011,0.106,10.21
2022-03-22 12:00:00-03:00,0.178,0.027,0.178,10.248
2022-03-22 13:00:00-03:00,0.28200000000000003,0.063,0.256,10.385
2022-03-22 14:00:00-03:00,0.314,0.094,0.26,10.496
2022-03-22 15:00:00-03:00,0.243,0.07200000000000001,0.203,10.386
2022-03-22 16:00:00-03:00,0.145,0.036000000000000004,0.134,10.045
2022-03-22 17:00:00-03:00,0.10200000000000001,0.032,0.093,9.66
2022-03-22 18:00:00-03:00,0.043000000000000003,0.018000000000000002,0.043000000000000003,8.986
2022-03-22 19:00:00-03:00,0.002,0.004,0.006,8.061
2022-03-22 20:00:00-03:00,0.0,0.0,0.0,7.298
2022-03-22 21:00:00-03:00,0.0,0.0,0.0,6.664
2022-03-22 22:00:00-03:00,0.0,0.0,0.0,6.059
2022-03-22 23:00:00-03:00,0.0,0.0,0.0,5.535
2022-03-23 00:00:00-03:00,0.0,0.0,0.0,4.99
2022-03-23 01:00:00-03:00,0.0,0.0,0.0,4.551
2022-03-23 02:00:00-03:00,0.0,0.0,0.0,4.248
2022-03-23 03:00:00-03:00,0.0,0.0,0.0,3.8970000000000002
2022-03-23 04:00:00-03:00,0.0,0.0,0.0,3.499
2022-03-23 05:00:00-03:00,0.0,0.0,0.0,3.143
2022-03-23 06:00:00-03:00,0.0,0.0,0.0,2.843
2022-03-23 07:00:00-03:00,0.0,0.004,0.001,2.52
2022-03-23 08:00:00-03:00,0.4,0.404,0.033,3.412
2022-03-23 09:00:00-03:00,0.651,0.675,0.068,5.088
2022-03-23 10:00:00-03:00,0.748,0.785,0.091,5.776
2022-03-23 11:00:00-03:00,0.767,0.797,0.11,6.6850000000000005
2022-03-23 12:00:00-03:00,0.74,0.746,0.129,7.737
2022-03-23 13:00:00-03:00,0.55,0.41600000000000004,0.21,8.282
2022-03-23 14:00:00-03:00,0.297,0.106,0.226,8.337
2022-03-23 15:00:00-03:00,0.191,0.053,0.165,8.391
2022-03-23 16:00:00-03:00,0.191,0.078,0.14,8.532
2022-03-23 17:00:00-03:00,0.17300000000000001,0.099,0.101,8.51
2022-03-23 18:00:00-03:00,0.138,0.107,0.055,8.14
2022-03-23 19:00:00-03:00,0.032,0.039,0.009000000000000001,6.958
2022-03-23 20:00:00-03:00,0.0,0.0,0.0,6.405
2022-03-23 21:00:00-03:00,0.0,0.0,0.0,6.207
2022-03-23 22:00:00-03:00,0.0,0.0,0.0,5.917
2022-03-23 23:00:00-03:00,0.0,0.0,0.0,5.643
2022-03-24 00:00:00-03:00,0.0,0.0,0.0,5.603
2022-03-24 01:00:00-03:00,0.0,0.0,0.0,6.221
2022-03-24 02:00:00-03:00,0.0,0.0,0.0,7.238
2022-03-24 03:00:00-03:00,0.0,0.0,0.0,8.039
2022-03-24 04:00:00-03:00,0.0,0.0,0.0,8.234
2022-03-24 05:00:00-03:00,0.0,0.0,0.0,7.857
2022-03-24 06:00:00-03:00,0.0,0.0,0.0,7.482
2022-03-24 07:00:00-03:00,0.0,0.002,0.0,7.261
2022-03-24 08:00:00-03:00,0.212,0.20800000000000002,0.032,7.526
2022-03-24 09:00:00-03:00,0.34,0.30000000000000004,0.08,8.283
2022-03-24 10:00:00-03:00,0.42,0.352,0.12,8.815
2022-03-24 11:00:00-03:00,0.649,0.63,0.13,9.398
2022-03-24 12:00:00-03:00,0.68,0.664,0.138,9.937
2022-03-24 13:00:00-03:00,0.676,0.652,0.147,10.535
2022-03-24 14:00:00-03:00,0.58,0.494,0.18,10.943
2022-03-24 15:00:00-03:00,0.441,0.323,0.179,11.121
2022-03-24 16:00:00-03:00,0.41200000000000003,0.325,0.14300000000000002,11.18
2022-03-24 17:00:00-03:00,0.368,0.314,0.10200000000000001,11.063
2022-03-24 18:00:00-03:00,0.188,0.162,0.055,10.455
2022-03-24 19:00:00-03:00,0.013000000000000001,0.019,0.007,9.405
2022-03-24 20:00:00-03:00,0.0,0.0,0.0,8.656
2022-03-24 21:00:00-03:00,0.0,0.0,0.0,8.253
2022-03-24 22:00:00-03:00,0.0,0.0,0.0,8.046
2022-03-24 23:00:00-03:00,0.0,0.0,0.0,7.9719999999999995
2022-03-25 00:00:00-03:00,0.0,0.0,0.0,7.84
2022-03-25 01:00:00-03:00,0.0,0.0,0.0,7.677
2022-03-25 02:00:00-03:00,0.0,0.0,0.0,7.543
2022-03-25 03:00:00-03:00,0.0,0.0,0.0,7.484
2022-03-25 04:00:00-03:00,0.0,0.0,0.0,7.473
2022-03-25 05:00:00-03:00,0.0,0.0,0.0,7.518
2022-03-25 06:00:00-03:00,0.0,0.0,0.0,7.822
2022-03-25 07:00:00-03:00,0.0,0.0,0.0,8.161
2022-03-25 08:00:00-03:00,0.014,0.01,0.016,8.512
2022-03-25 09:00:00-03:00,0.07100000000000001,0.03,0.062,9.148
2022-03-25 10:00:00-03:00,0.156,0.063,0.11900000000000001,9.915
2022-03-25 11:00:00-03:00,0.234,0.094,0.17200000000000001,10.632
2022-03-25 12:00:00-03:00,0.299,0.117,0.222,11.168
2022-03-25 13:00:00-03:00,0.334,0.117,0.262,11.579
2022-03-25 14:00:00-03:00,0.23900000000000002,0.053,0.221,11.783
2022-03-25 15:00:00-03:00,0.131,0.02,0.137,12.04
2022-03-25 16:00:00-03:00,0.135,0.036000000000000004,0.126,12.501
2022-03-25 17:00:00-03:00,0.185,0.107,0.108,12.547
2022-03-25 18:00:00-03:00,0.117,0.08700000000000001,0.055,11.964
2022-03-25 19:00:00-03:00,0.003,0.006,0.005,11.338
2022-03-25 20:00:00-03:00,0.0,0.0,0.0,11.083
2022-03-25 21:00:00-03:00,0.0,0.0,0.0,11.002
2022-03-25 22:00:00-03:00,0.0,0.0,0.0,10.871
2022-03-25 23:00:00-03:00,0.0,0.0,0.0,10.712
2022-03-26 00:00:00-03:00,0.0,0.0,0.0,10.600999999999999
2022-03-26 01:00:00-03:00,0.0,0.0,0.0,10.471
2022-03-26 02:00:00-03:00,0.0,0.0,0.0,10.318
2022-03-26 03:00:00-03:00,0.0,0.0,0.0,10.084
2022-03-26 04:00:00-03:00,0.0,0.0,0.0,9.835
2022-03-26 05:00:00-03:00,0.0,0.0,0.0,9.541
2022-03-26 06:00:00-03:00,0.0,0.0,0.0,9.258
2022-03-26 07:00:00-03:00,0.0,0.0,0.0,8.94
2022-03-26 08:00:00-03:00,0.017,0.013000000000000001,0.017,8.866
2022-03-26 09:00:00-03:00,0.059000000000000004,0.021,0.057,9.249
2022-03-26 10:00:00-03:00,0.11800000000000001,0.034,0.108,10.029
2022-03-26 11:00:00-03:00,0.149,0.032,0.14400000000000002,11.218
2022-03-26 12:00:00-03:00,0.16,0.023,0.165,12.017
2022-03-26 13:00:00-03:00,0.199,0.025,0.20600000000000002,12.568
2022-03-26 14:00:00-03:00,0.128,0.01,0.14400000000000002,12.37
2022-03-26 15:00:00-03:00,0.093,0.008,0.108,11.946
2022-03-26 16:00:00-03:00,0.085,0.011,0.096,11.482
2022-03-26 17:00:00-03:00,0.04,0.006,0.052000000000000005,10.5
2022-03-26 18:00:00-03:00,0.012,0.004,0.021,9.313
2022-03-26 19:00:00-03:00,0.0,0.001,0.002,8.253
2022-03-26 20:00:00-03:00,0.0,0.0,0.0,7.422
2022-03-26 21:00:00-03:00,0.0,0.0,0.0,6.766
2022-03-26 22:00:00-03:00,0.0,0.0,0.0,6.253
2022-03-26 23:00:00-03:00,0.0,0.0,0.0,6.037
2022-03-27 00:00:00-03:00,0.0,0.0,0.0,5.8870000000000005
2022-03-27 01:00:00-03:00,0.0,0.0,0.0,5.68
2022-03-27 02:00:00-03:00,0.0,0.0,0.0,5.452
2022-03-27 03:00:00-03:00,0.0,0.0,0.0,5.311
2022-03-27 04:00:00-03:00,0.0,0.0,0.0,5.2780000000000005
2022-03-27 05:00:00-03:00,0.0,0.0,0.0,5.184
2022-03-27 06:00:00-03:00,0.0,0.0,0.0,5.194
2022-03-27 07:00:00-03:00,0.0,0.0,0.0,5.264
2022-03-27 08:00:00-03:00,0.02,0.017,0.017,5.35
2022-03-27 09:00:00-03:00,0.051000000000000004,0.018000000000000002,0.051000000000000004,5.871
2022-03-27 10:00:00-03:00,0.077,0.016,0.081,6.715
2022-03-27 11:00:00-03:00,0.1,0.014,0.108,7.555
2022-03-27 12:00:00-03:00,0.132,0.015,0.14,8.168
2022-03-27 13:00:00-03:00,0.199,0.029,0.198,8.671
2022-03-27 14:00:00-03:00,0.299,0.094,0.242,9.191
2022-03-27 15:00:00-03:00,0.309,0.14100000000000001,0.20600000000000002,9.378
2022-03-27 16:00:00-03:00,0.217,0.098,0.149,9.336
2022-03-27 17:00:00-03:00,0.203,0.124,0.107,9.196
2022-03-27 18:00:00-03:00,0.07200000000000001,0.047,0.046,8.658
2022-03-27 19:00:00-03:00,0.002,0.005,0.004,7.719
2022-03-27 20:00:00-03:00,0.0,0.0,0.0,7.097
2022-03-27 21:00:00-03:00,0.0,0.0,0.0,6.704
2022-03-27 22:00:00-03:00,0.0,0.0,0.0,6.295
2022-03-27 23:00:00-03:00,0.0,0.0,0.0,5.69
2022-03-28 00:00:00-03:00,0.0,0.0,0.0,5.174
2022-03-28 01:00:00-03:00,0.0,0.0,0.0,5.011
2022-03-28 02:00:00-03:00,0.0,0.0,0.0,5.077
2022-03-28 03:00:00-03:00,0.0,0.0,0.0,4.923
2022-03-28 04:00:00-03:00,0.0,0.0,0.0,4.662
2022-03-28 05:00:00-03:00,0.0,0.0,0.0,4.537
2022-03-28 06:00:00-03:00,0.0,0.0,0.0,4.668
2022-03-28 07:00:00-03:00,0.0,0.0,0.0,4.743
2022-03-28 08:00:00-03:00,0.011,0.01,0.013000000000000001,5.033
2022-03-28 09:00:00-03:00,0.06,0.024,0.055,5.724
2022-03-28 10:00:00-03:00,0.14200000000000002,0.052000000000000005,0.113,6.054
2022-03-28 11:00:00-03:00,0.163,0.042,0.145,6.253
2022-03-28 12:00:00-03:00,0.196,0.04,0.181,6.273
2022-03-28 13:00:00-03:00,0.259,0.056,0.232,6.36
2022-03-28 14:00:00-03:00,0.222,0.043000000000000003,0.20600000000000002,6.371
2022-03-28 15:00:00-03:00,0.213,0.058,0.182,6.521
2022-03-28 16:00:00-03:00,0.139,0.038,0.124,6.782
2022-03-28 17:00:00-03:00,0.095,0.034,0.082,7.179
2022-03-28 18:00:00-03:00,0.076,0.051000000000000004,0.045,7.333
2022-03-28 19:00:00-03:00,0.007,0.013000000000000001,0.005,6.397
2022-03-28 20:00:00-03:00,0.0,0.0,0.0,5.467
2022-03-28 21:00:00-03:00,0.0,0.0,0.0,4.934
2022-03-28 22:00:00-03:00,0.0,0.0,0.0,4.974
2022-03-28 23:00:00-03:00,0.0,0.0,0.0,5.222
2022-03-29 00:00:00-03:00,0.0,0.0,0.0,5.244
2022-03-29 01:00:00-03:00,0.0,0.0,0.0,5.051
2022-03-29 02:00:00-03:00,0.0,0.0,0.0,4.866
2022-03-29 03:00:00-03:00,0.0,0.0,0.0,4.765
2022-03-29 04:00:00-03:00,0.0,0.0,0.0,4.625
2022-03-29 05:00:00-03:00,0.0,0.0,0.0,4.468
2022-03-29 06:00:00-03:00,0.0,0.0,0.0,4.331
2022-03-29 07:00:00-03:00,0.0,0.0,0.0,4.266
2022-03-29 08:00:00-03:00,0.096,0.093,0.023,4.606
2022-03-29 09:00:00-03:00,0.089,0.048,0.061,5.405
2022-03-29 10:00:00-03:00,0.113,0.037,0.097,5.8
2022-03-29 11:00:00-03:00,0.151,0.038,0.136,6.272
2022-03-29 12:00:00-03:00,0.202,0.049,0.178,6.811
2022-03-29 13:00:00-03:00,0.406,0.20500000000000002,0.248,7.616
2022-03-29 14:00:00-03:00,0.494,0.341,0.217,8.187
2022-03-29 15:00:00-03:00,0.484,0.368,0.179,8.388
2022-03-29 16:00:00-03:00,0.41400000000000003,0.32,0.14400000000000002,8.312
2022-03-29 17:00:00-03:00,0.259,0.187,0.10300000000000001,8.0
2022-03-29 18:00:00-03:00,0.032,0.018000000000000002,0.03,7.473
2022-03-29 19:00:00-03:00,0.0,0.002,0.002,6.949
2022-03-29 20:00:00-03:00,0.0,0.0,0.0,6.546
2022-03-29 21:00:00-03:00,0.0,0.0,0.0,6.349
2022-03-29 22:00:00-03:00,0.0,0.0,0.0,6.202
2022-03-29 23:00:00-03:00,0.0,0.0,0.0,6.097
2022-03-30 00:00:00-03:00,0.0,0.0,0.0,5.991
2022-03-30 01:00:00-03:00,0.0,0.0,0.0,5.717
2022-03-30 02:00:00-03:00,0.0,0.0,0.0,5.586
2022-03-30 03:00:00-03:00,0.0,0.0,0.0,5.445
2022-03-30 04:00:00-03:00,0.0,0.0,0.0,5.246
2022-03-30 05:00:00-03:00,0.0,0.0,0.0,5.107
2022-03-30 06:00:00-03:00,0.0,0.0,0.0,5.147
2022-03-30 07:00:00-03:00,0.0,0.0,0.0,5.393
2022-03-30 08:00:00-03:00,0.005,0.005,0.009000000000000001,5.827
2022-03-30 09:00:00-03:00,0.019,0.005,0.028,6.375
2022-03-30 10:00:00-03:00,0.07,0.014,0.075,7.024
2022-03-30 11:00:00-03:00,0.165,0.044,0.146,7.851
2022-03-30 12:00:00-03:00,0.213,0.051000000000000004,0.19,8.529
2022-03-30 13:00:00-03:00,0.202,0.033,0.197,8.928
2022-03-30 14:00:00-03:00,0.211,0.04,0.2,9.326
2022-03-30 15:00:00-03:00,0.191,0.05,0.17,9.573
2022-03-30 16:00:00-03:00,0.197,0.084,0.14100000000000001,9.729
2022-03-30 17:00:00-03:00,0.28500000000000003,0.216,0.105,9.806000000000001
2022-03-30 18:00:00-03:00,0.098,0.076,0.045,9.344
2022-03-30 19:00:00-03:00,0.0,0.004,0.003,8.517
2022-03-30 20:00:00-03:00,0.0,0.0,0.0,8.049
2022-03-30 21:00:00-03:00,0.0,0.0,0.0,7.78
2022-03-30 22:00:00-03:00,0.0,0.0,0.0,7.651
2022-03-30 23:00:00-03:00,0.0,0.0,0.0,7.707
2022-03-31 00:00:00-03:00,0.0,0.0,0.0,7.727
2022-03-31 01:00:00-03:00,0.0,0.0,0.0,7.834
2022-03-31 02:00:00-03:00,0.0,0.0,0.0,8.001
2022-03-31 03:00:00-03:00,0.0,0.0,0.0,7.844
2022-03-31 04:00:00-03:00,0.0,0.0,0.0,7.162
2022-03-31 05:00:00-03:00,0.0,0.0,0.0,6.654
2022-03-31 06:00:00-03:00,0.0,0.0,0.0,6.459
2022-03-31 07:00:00-03:00,0.0,0.0,0.0,6.296
2022-03-31 08:00:00-03:00,0.108,0.11,0.019,6.356
2022-03-31 09:00:00-03:00,0.312,0.278,0.068,7.025
2022-03-31 10:00:00-03:00,0.617,0.618,0.093,7.867
2022-03-31 11:00:00-03:00,0.646,0.637,0.115,8.693
2022-03-31 12:00:00-03:00,0.705,0.714,0.12,9.332
2022-03-31 13:00:00-03:00,0.666,0.643,0.139,9.61
2022-03-31 14:00:00-03:00,0.51,0.394,0.187,9.581
2022-03-31 15:00:00-03:00,0.377,0.246,0.178,9.425
2022-03-31 16:00:00-03:00,0.251,0.146,0.137,9.093
2022-03-31 17:00:00-03:00,0.151,0.09,0.08700000000000001,8.631
2022-03-31 18:00:00-03:00,0.065,0.048,0.036000000000000004,8.095
2022-03-31 19:00:00-03:00,0.0,0.003,0.002,7.588
2022-03-31 20:00:00-03:00,0.0,0.0,0.0,7.41
2022-03-31 21:00:00-03:00,0.0,0.0,0.0,7.368
2022-03-31 22:00:00-03:00,0.0,0.0,0.0,7.402
2022-03-31 23:00:00-03:00,0.0,0.0,0.0,7.486
2022-04-01 00:00:00-03:00,0.0,0.0,0.0,7.59
2022-04-01 01:00:00-03:00,0.0,0.0,0.0,7.704
2022-04-01 02:00:00-03:00,0.0,0.0,0.0,7.808
2022-04-01 03:00:00-03:00,0.0,0.0,0.0,7.929
2022-04-01 04:00:00-03:00,0.0,0.0,0.0,8.009
2022-04-01 05:00:00-03:00,0.0,0.0,0.0,8.093
2022-04-01 06:00:00-03:00,0.0,0.0,0.0,8.159
2022-04-01 07:00:00-03:00,0.0,0.0,0.0,8.182
2022-04-01 08:00:00-03:00,0.004,0.005,0.008,8.199
2022-04-01 09:00:00-03:00,0.022,0.007,0.03,8.297
2022-04-01 10:00:00-03:00,0.043000000000000003,0.007,0.053,8.34
2022-04-01 11:00:00-03:00,0.094,0.015,0.1,8.445
2022-04-01 12:00:00-03:00,0.194,0.047,0.17400000000000002,8.644
2022-04-01 13:00:00-03:00,0.379,0.185,0.241,8.873
2022-04-01 14:00:00-03:00,0.443,0.28400000000000003,0.216,8.975999999999999
2022-04-01 15:00:00-03:00,0.518,0.426,0.164,9.048
2022-04-01 16:00:00-03:00,0.557,0.518,0.12,8.942
2022-04-01 17:00:00-03:00,0.424,0.388,0.089,8.612
2022-04-01 18:00:00-03:00,0.212,0.195,0.044,7.761
2022-04-01 19:00:00-03:00,0.001,0.006,0.002,5.916
2022-04-01 20:00:00-03:00,0.0,0.0,0.0,4.907
2022-04-01 21:00:00-03:00,0.0,0.0,0.0,4.407
2022-04-01 22:00:00-03:00,0.0,0.0,0.0,4.139
2022-04-01 23:00:00-03:00,0.0,0.0,0.0,3.942
2022-04-02 00:00:00-03:00,0.0,0.0,0.0,3.8280000000000003
2022-04-02 01:00:00-03:00,0.0,0.0,0.0,3.805
2022-04-02 02:00:00-03:00,0.0,0.0,0.0,3.963
2022-04-02 03:00:00-03:00,0.0,0.0,0.0,3.992
2022-04-02 04:00:00-03:00,0.0,0.0,0.0,4.005
2022-04-02 05:00:00-03:00,0.0,0.0,0.0,4.064
2022-04-02 06:00:00-03:00,0.0,0.0,0.0,4.035
2022-04-02 07:00:00-03:00,0.0,0.0,0.0,3.877
2022-04-02 08:00:00-03:00,0.0,0.001,0.003,3.7560000000000002
2022-04-02 09:00:00-03:00,0.013000000000000001,0.003,0.022,3.855
2022-04-02 10:00:00-03:00,0.035,0.005,0.045,3.866
2022-04-02 11:00:00-03:00,0.063,0.007,0.074,3.877
2022-04-02 12:00:00-03:00,0.091,0.009000000000000001,0.101,4.199
2022-04-02 13:00:00-03:00,0.25,0.061,0.216,5.32
2022-04-02 14:00:00-03:00,0.393,0.215,0.222,6.6
2022-04-02 15:00:00-03:00,0.663,0.636,0.133,7.746
2022-04-02 16:00:00-03:00,0.664,0.673,0.101,8.399000000000001
2022-04-02 17:00:00-03:00,0.554,0.554,0.078,8.478
2022-04-02 18:00:00-03:00,0.301,0.294,0.042,7.751
2022-04-02 19:00:00-03:00,0.002,0.007,0.002,6.251
2022-04-02 20:00:00-03:00,0.0,0.0,0.0,5.883
2022-04-02 21:00:00-03:00,0.0,0.0,0.0,5.752
2022-04-02 22:00:00-03:00,0.0,0.0,0.0,5.502
2022-04-02 23:00:00-03:00,0.0,0.0,0.0,5.335
2022-04-03 00:00:00-03:00,0.0,0.0,0.0,5.306
2022-04-03 01:00:00-03:00,0.0,0.0,0.0,5.4030000000000005
2022-04-03 02:00:00-03:00,0.0,0.0,0.0,5.504
2022-04-03 03:00:00-03:00,0.0,0.0,0.0,5.589
2022-04-03 04:00:00-03:00,0.0,0.0,0.0,5.975
2022-04-03 05:00:00-03:00,0.0,0.0,0.0,6.587
2022-04-03 06:00:00-03:00,0.0,0.0,0.0,6.812
2022-04-03 07:00:00-03:00,0.0,0.0,0.0,6.558
2022-04-03 08:00:00-03:00,0.032,0.035,0.013000000000000001,6.201
2022-04-03 09:00:00-03:00,0.166,0.125,0.065,6.185
2022-04-03 10:00:00-03:00,0.266,0.18,0.115,6.208
2022-04-03 11:00:00-03:00,0.297,0.171,0.158,6.311
2022-04-03 12:00:00-03:00,0.35000000000000003,0.187,0.2,6.606
2022-04-03 13:00:00-03:00,0.355,0.165,0.229,6.727
2022-04-03 14:00:00-03:00,0.333,0.154,0.215,6.8469999999999995
2022-04-03 15:00:00-03:00,0.428,0.302,0.176,7.229
2022-04-03 16:00:00-03:00,0.381,0.28800000000000003,0.136,7.068
2022-04-03 17:00:00-03:00,0.20400000000000001,0.14,0.089,6.308
2022-04-03 18:00:00-03:00,0.068,0.053,0.034,5.41
2022-04-03 19:00:00-03:00,0.0,0.001,0.001,4.812
2022-04-03 20:00:00-03:00,0.0,0.0,0.0,4.52
2022-04-03 21:00:00-03:00,0.0,0.0,0.0,4.312
2022-04-03 22:00:00-03:00,0.0,0.0,0.0,4.14
2022-04-03 23:00:00-03:00,0.0,0.0,0.0,4.086
2022-04-04 00:00:00-03:00,0.0,0.0,0.0,4.019
2022-04-04 01:00:00-03:00,0.0,0.0,0.0,3.844
2022-04-04 02:00:00-03:00,0.0,0.0,0.0,3.677
2022-04-04 03:00:00-03:00,0.0,0.0,0.0,3.581
2022-04-04 04:00:00-03:00,0.0,0.0,0.0,3.518
2022-04-04 05:00:00-03:00,0.0,0.0,0.0,3.513
2022-04-04 06:00:00-03:00,0.0,0.0,0.0,3.511
2022-04-04 07:00:00-03:00,0.0,0.0,0.0,3.491
2022-04-04 08:00:00-03:00,0.021,0.024,0.011,3.512
2022-04-04 09:00:00-03:00,0.193,0.151,0.065,3.858
2022-04-04 10:00:00-03:00,0.234,0.148,0.112,4.224
2022-04-04 11:00:00-03:00,0.28300000000000003,0.156,0.156,4.641
2022-04-04 12:00:00-03:00,0.40700000000000003,0.252,0.197,5.192
2022-04-04 13:00:00-03:00,0.39,0.20600000000000002,0.225,5.5600000000000005
2022-04-04 14:00:00-03:00,0.367,0.189,0.217,5.77
2022-04-04 15:00:00-03:00,0.316,0.169,0.18,5.849
2022-04-04 16:00:00-03:00,0.24,0.133,0.134,5.748
2022-04-04 17:00:00-03:00,0.185,0.122,0.08700000000000001,5.465
2022-04-04 18:00:00-03:00,0.07200000000000001,0.058,0.033,4.676
2022-04-04 19:00:00-03:00,0.0,0.001,0.001,3.977
2022-04-04 20:00:00-03:00,0.0,0.0,0.0,3.682
2022-04-04 21:00:00-03:00,0.0,0.0,0.0,3.482
2022-04-04 22:00:00-03:00,0.0,0.0,0.0,3.355
2022-04-04 23:00:00-03:00,0.0,0.0,0.0,3.245
2022-04-05 00:00:00-03:00,0.0,0.0,0.0,3.215
2022-04-05 01:00:00-03:00,0.0,0.0,0.0,3.226
2022-04-05 02:00:00-03:00,0.0,0.0,0.0,3.207
2022-04-05 03:00:00-03:00,0.0,0.0,0.0,3.163
2022-04-05 04:00:00-03:00,0.0,0.0,0.0,3.13
2022-04-05 05:00:00-03:00,0.0,0.0,0.0,3.12
2022-04-05 06:00:00-03:00,0.0,0.0,0.0,3.063
2022-04-05 07:00:00-03:00,0.0,0.0,0.0,3.004
2022-04-05 08:00:00-03:00,0.088,0.095,0.012,3.023
2022-04-05 09:00:00-03:00,0.4,0.382,0.056,3.968
2022-04-05 10:00:00-03:00,0.559,0.541,0.08600000000000001,4.843
2022-04-05 11:00:00-03:00,0.648,0.639,0.10300000000000001,5.753
2022-04-05 12:00:00-03:00,0.6910000000000001,0.6940000000000001,0.109,6.508
2022-04-05 13:00:00-03:00,0.706,0.718,0.107,6.958
2022-04-05 14:00:00-03:00,0.679,0.675,0.114,7.202
2022-04-05 15:00:00-03:00,0.632,0.613,0.114,7.265
2022-04-05 16:00:00-03:00,0.582,0.5650000000000001,0.098,7.158
2022-04-05 17:00:00-03:00,0.448,0.425,0.074,6.795
2022-04-05 18:00:00-03:00,0.167,0.156,0.034,5.921
2022-04-05 19:00:00-03:00,0.0,0.002,0.001,4.391
2022-04-05 20:00:00-03:00,0.0,0.0,0.0,3.6310000000000002
2022-04-05 21:00:00-03:00,0.0,0.0,0.0,3.117
2022-04-05 22:00:00-03:00,0.0,0.0,0.0,2.848
2022-04-05 23:00:00-03:00,0.0,0.0,0.0,2.705
2022-04-06 00:00:00-03:00,0.0,0.0,0.0,2.456
2022-04-06 01:00:00-03:00,0.0,0.0,0.0,2.266
2022-04-06 02:00:00-03:00,0.0,0.0,0.0,2.196
2022-04-06 03:00:00-03:00,0.0,0.0,0.0,2.051
2022-04-06 04:00:00-03:00,0.0,0.0,0.0,1.928
2022-04-06 05:00:00-03:00,0.0,0.0,0.0,1.778
2022-04-06 06:00:00-03:00,0.0,0.0,0.0,1.822
2022-04-06 07:00:00-03:00,0.0,0.0,0.0,2.034
2022-04-06 08:00:00-03:00,0.055,0.062,0.011,2.032
2022-04-06 09:00:00-03:00,0.381,0.361,0.055,3.623
2022-04-06 10:00:00-03:00,0.632,0.639,0.079,4.744
2022-04-06 11:00:00-03:00,0.64,0.627,0.10400000000000001,5.455
2022-04-06 12:00:00-03:00,0.594,0.543,0.132,6.039
2022-04-06 13:00:00-03:00,0.6890000000000001,0.686,0.114,6.5969999999999995
2022-04-06 14:00:00-03:00,0.6880000000000001,0.6890000000000001,0.112,6.984
2022-04-06 15:00:00-03:00,0.615,0.588,0.117,7.104
2022-04-06 16:00:00-03:00,0.5760000000000001,0.557,0.098,6.982
2022-04-06 17:00:00-03:00,0.425,0.397,0.075,6.5
2022-04-06 18:00:00-03:00,0.111,0.101,0.03,5.532
2022-04-06 19:00:00-03:00,0.0,0.001,0.0,3.895
2022-04-06 20:00:00-03:00,0.0,0.0,0.0,3.037
2022-04-06 21:00:00-03:00,0.0,0.0,0.0,2.574
2022-04-06 22:00:00-03:00,0.0,0.0,0.0,2.424
2022-04-06 23:00:00-03:00,0.0,0.0,0.0,2.457
2022-04-07 00:00:00-03:00,0.0,0.0,0.0,2.403
2022-04-07 01:00:00-03:00,0.0,0.0,0.0,2.429
2022-04-07 02:00:00-03:00,0.0,0.0,0.0,2.167
2022-04-07 03:00:00-03:00,0.0,0.0,0.0,2.062
2022-04-07 04:00:00-03:00,0.0,0.0,0.0,1.94
2022-04-07 05:00:00-03:00,0.0,0.0,0.0,1.881
2022-04-07 06:00:00-03:00,0.0,0.0,0.0,1.928
2022-04-07 07:00:00-03:00,0.0,0.0,0.0,2.024
2022-04-07 08:00:00-03:00,0.076,0.085,0.01,2.125
2022-04-07 09:00:00-03:00,0.47300000000000003,0.47200000000000003,0.048,3.325
2022-04-07 10:00:00-03:00,0.717,0.765,0.064,4.64
2022-04-07 11:00:00-03:00,0.811,0.896,0.069,5.635
2022-04-07 12:00:00-03:00,0.8190000000000001,0.915,0.067,6.55
2022-04-07 13:00:00-03:00,0.812,0.916,0.06,7.368
2022-04-07 14:00:00-03:00,0.805,0.905,0.065,8.03
2022-04-07 15:00:00-03:00,0.784,0.869,0.073,8.464
2022-04-07 16:00:00-03:00,0.723,0.785,0.07100000000000001,8.644
2022-04-07 17:00:00-03:00,0.551,0.5670000000000001,0.061,8.442
2022-04-07 18:00:00-03:00,0.192,0.189,0.029,7.371
2022-04-07 19:00:00-03:00,0.0,0.001,0.0,6.845
2022-04-07 20:00:00-03:00,0.0,0.0,0.0,6.777
2022-04-07 21:00:00-03:00,0.0,0.0,0.0,6.293
2022-04-07 22:00:00-03:00,0.0,0.0,0.0,5.36
2022-04-07 23:00:00-03:00,0.0,0.0,0.0,4.617
2022-04-08 00:00:00-03:00,0.0,0.0,0.0,3.77
2022-04-08 01:00:00-03:00,0.0,0.0,0.0,2.9450000000000003
2022-04-08 02:00:00-03:00,0.0,0.0,0.0,2.326
2022-04-08 03:00:00-03:00,0.0,0.0,0.0,1.943
2022-04-08 04:00:00-03:00,0.0,0.0,0.0,1.8170000000000002
2022-04-08 05:00:00-03:00,0.0,0.0,0.0,1.964
2022-04-08 06:00:00-03:00,0.0,0.0,0.0,2.188
2022-04-08 07:00:00-03:00,0.0,0.0,0.0,2.191
2022-04-08 08:00:00-03:00,0.042,0.049,0.009000000000000001,2.065
2022-04-08 09:00:00-03:00,0.328,0.304,0.056,3.734
2022-04-08 10:00:00-03:00,0.405,0.34900000000000003,0.098,5.015
2022-04-08 11:00:00-03:00,0.398,0.301,0.14,6.409
2022-04-08 12:00:00-03:00,0.386,0.255,0.178,8.495
2022-04-08 13:00:00-03:00,0.437,0.302,0.192,10.097
2022-04-08 14:00:00-03:00,0.602,0.562,0.14100000000000001,11.055
2022-04-08 15:00:00-03:00,0.643,0.648,0.111,11.513
2022-04-08 16:00:00-03:00,0.508,0.48,0.106,11.576
2022-04-08 17:00:00-03:00,0.23900000000000002,0.194,0.078,11.129
2022-04-08 18:00:00-03:00,0.065,0.06,0.026000000000000002,10.019
2022-04-08 19:00:00-03:00,0.0,0.0,0.0,9.283
2022-04-08 20:00:00-03:00,0.0,0.0,0.0,9.04
2022-04-08 21:00:00-03:00,0.0,0.0,0.0,8.507
2022-04-08 22:00:00-03:00,0.0,0.0,0.0,7.96
2022-04-08 23:00:00-03:00,0.0,0.0,0.0,7.418
2022-04-09 00:00:00-03:00,0.0,0.0,0.0,6.877
2022-04-09 01:00:00-03:00,0.0,0.0,0.0,6.317
2022-04-09 02:00:00-03:00,0.0,0.0,0.0,5.796
2022-04-09 03:00:00-03:00,0.0,0.0,0.0,5.329
2022-04-09 04:00:00-03:00,0.0,0.0,0.0,4.8260000000000005
2022-04-09 05:00:00-03:00,0.0,0.0,0.0,4.114
2022-04-09 06:00:00-03:00,0.0,0.0,0.0,3.811
2022-04-09 07:00:00-03:00,0.0,0.0,0.0,3.626
2022-04-09 08:00:00-03:00,0.013000000000000001,0.019,0.007,3.559
2022-04-09 09:00:00-03:00,0.153,0.121,0.054,4.431
2022-04-09 10:00:00-03:00,0.257,0.182,0.10300000000000001,5.66
2022-04-09 11:00:00-03:00,0.36,0.254,0.145,7.034
2022-04-09 12:00:00-03:00,0.47200000000000003,0.367,0.167,9.184
2022-04-09 13:00:00-03:00,0.635,0.604,0.14100000000000001,10.69
2022-04-09 14:00:00-03:00,0.547,0.47300000000000003,0.161,11.578
2022-04-09 15:00:00-03:00,0.369,0.254,0.165,11.679
2022-04-09 16:00:00-03:00,0.199,0.108,0.122,11.279
2022-04-09 17:00:00-03:00,0.088,0.045,0.065,10.513
2022-04-09 18:00:00-03:00,0.03,0.025,0.021,9.377
2022-04-09 19:00:00-03:00,0.0,0.0,0.0,8.227
2022-04-09 20:00:00-03:00,0.0,0.0,0.0,7.671
2022-04-09 21:00:00-03:00,0.0,0.0,0.0,6.8469999999999995
2022-04-09 22:00:00-03:00,0.0,0.0,0.0,6.012
2022-04-09 23:00:00-03:00,0.0,0.0,0.0,5.155
2022-04-10 00:00:00-03:00,0.0,0.0,0.0,4.74
2022-04-10 01:00:00-03:00,0.0,0.0,0.0,4.819
2022-04-10 02:00:00-03:00,0.0,0.0,0.0,5.031
2022-04-10 03:00:00-03:00,0.0,0.0,0.0,5.319
2022-04-10 04:00:00-03:00,0.0,0.0,0.0,5.542
2022-04-10 05:00:00-03:00,0.0,0.0,0.0,5.38
2022-04-10 06:00:00-03:00,0.0,0.0,0.0,4.966
2022-04-10 07:00:00-03:00,0.0,0.0,0.0,4.642
2022-04-10 08:00:00-03:00,0.006,0.01,0.006,4.269
2022-04-10 09:00:00-03:00,0.101,0.069,0.052000000000000005,5.355
2022-04-10 10:00:00-03:00,0.234,0.149,0.112,6.36
2022-04-10 11:00:00-03:00,0.157,0.049,0.132,6.981
2022-04-10 12:00:00-03:00,0.184,0.042,0.168,7.379
2022-04-10 13:00:00-03:00,0.20600000000000002,0.041,0.192,7.516
2022-04-10 14:00:00-03:00,0.16,0.024,0.16,7.52
2022-04-10 15:00:00-03:00,0.12,0.019,0.124,7.515
2022-04-10 16:00:00-03:00,0.057,0.008,0.068,7.339
2022-04-10 17:00:00-03:00,0.018000000000000002,0.003,0.029,6.859
2022-04-10 18:00:00-03:00,0.002,0.002,0.007,6.159
2022-04-10 19:00:00-03:00,0.0,0.0,0.0,5.664
2022-04-10 20:00:00-03:00,0.0,0.0,0.0,5.542
2022-04-10 21:00:00-03:00,0.0,0.0,0.0,5.546
2022-04-10 22:00:00-03:00,0.0,0.0,0.0,5.515
2022-04-10 23:00:00-03:00,0.0,0.0,0.0,5.447
2022-04-11 00:00:00-03:00,0.0,0.0,0.0,5.351
2022-04-11 01:00:00-03:00,0.0,0.0,0.0,5.204
2022-04-11 02:00:00-03:00,0.0,0.0,0.0,5.007
2022-04-11 03:00:00-03:00,0.0,0.0,0.0,4.825
2022-04-11 04:00:00-03:00,0.0,0.0,0.0,4.731
2022-04-11 05:00:00-03:00,0.0,0.0,0.0,4.789
2022-04-11 06:00:00-03:00,0.0,0.0,0.0,4.913
2022-04-11 07:00:00-03:00,0.0,0.0,0.0,4.907
2022-04-11 08:00:00-03:00,0.001,0.004,0.004,5.149
2022-04-11 09:00:00-03:00,0.045,0.027,0.036000000000000004,6.165
2022-04-11 10:00:00-03:00,0.17,0.1,0.093,6.589
2022-04-11 11:00:00-03:00,0.444,0.362,0.133,6.752
2022-04-11 12:00:00-03:00,0.54,0.467,0.14400000000000002,7.153
2022-04-11 13:00:00-03:00,0.673,0.666,0.11900000000000001,7.775
2022-04-11 14:00:00-03:00,0.656,0.646,0.117,8.337
2022-04-11 15:00:00-03:00,0.6960000000000001,0.719,0.1,8.679
2022-04-11 16:00:00-03:00,0.371,0.30000000000000004,0.115,8.453
2022-04-11 17:00:00-03:00,0.17200000000000001,0.126,0.07200000000000001,7.938
2022-04-11 18:00:00-03:00,0.107,0.105,0.024,6.947
2022-04-11 19:00:00-03:00,0.0,0.0,0.0,6.076
2022-04-11 20:00:00-03:00,0.0,0.0,0.0,5.699
2022-04-11 21:00:00-03:00,0.0,0.0,0.0,5.179
2022-04-11 22:00:00-03:00,0.0,0.0,0.0,4.822
2022-04-11 23:00:00-03:00,0.0,0.0,0.0,4.695
2022-04-12 00:00:00-03:00,0.0,0.0,0.0,4.896
2022-04-12 01:00:00-03:00,0.0,0.0,0.0,5.26
2022-04-12 02:00:00-03:00,0.0,0.0,0.0,5.564
2022-04-12 03:00:00-03:00,0.0,0.0,0.0,5.751
2022-04-12 04:00:00-03:00,0.0,0.0,0.0,5.926
2022-04-12 05:00:00-03:00,0.0,0.0,0.0,6.273
2022-04-12 06:00:00-03:00,0.0,0.0,0.0,6.772
2022-04-12 07:00:00-03:00,0.0,0.0,0.0,7.312
2022-04-12 08:00:00-03:00,0.0,0.001,0.002,7.756
2022-04-12 09:00:00-03:00,0.034,0.018000000000000002,0.032,8.111
2022-04-12 10:00:00-03:00,0.13,0.064,0.09,8.394
2022-04-12 11:00:00-03:00,0.196,0.088,0.135,8.478
2022-04-12 12:00:00-03:00,0.34800000000000003,0.20400000000000001,0.185,8.746
2022-04-12 13:00:00-03:00,0.391,0.23600000000000002,0.203,8.887
2022-04-12 14:00:00-03:00,0.438,0.304,0.189,8.773
2022-04-12 15:00:00-03:00,0.339,0.215,0.164,8.465
2022-04-12 16:00:00-03:00,0.226,0.136,0.12,7.895
2022-04-12 17:00:00-03:00,0.197,0.148,0.075,7.233
2022-04-12 18:00:00-03:00,0.07,0.069,0.021,6.451
2022-04-12 19:00:00-03:00,0.0,0.0,0.0,5.583
2022-04-12 20:00:00-03:00,0.0,0.0,0.0,5.024
2022-04-12 21:00:00-03:00,0.0,0.0,0.0,4.565
2022-04-12 22:00:00-03:00,0.0,0.0,0.0,4.213
2022-04-12 23:00:00-03:00,0.0,0.0,0.0,4.003
2022-04-13 00:00:00-03:00,0.0,0.0,0.0,3.98
2022-04-13 01:00:00-03:00,0.0,0.0,0.0,3.979
2022-04-13 02:00:00-03:00,0.0,0.0,0.0,4.068
2022-04-13 03:00:00-03:00,0.0,0.0,0.0,4.2
2022-04-13 04:00:00-03:00,0.0,0.0,0.0,4.487
2022-04-13 05:00:00-03:00,0.0,0.0,0.0,4.861
2022-04-13 06:00:00-03:00,0.0,0.0,0.0,5.358
2022-04-13 07:00:00-03:00,0.0,0.0,0.0,6.025
2022-04-13 08:00:00-03:00,0.0,0.001,0.002,6.798
2022-04-13 09:00:00-03:00,0.008,0.003,0.016,7.702
2022-04-13 10:00:00-03:00,0.036000000000000004,0.007,0.047,8.763
2022-04-13 11:00:00-03:00,0.083,0.014,0.091,9.881
2022-04-13 12:00:00-03:00,0.145,0.029,0.14200000000000002,10.833
2022-04-13 13:00:00-03:00,0.299,0.125,0.215,11.717
2022-04-13 14:00:00-03:00,0.377,0.225,0.20500000000000002,12.319
2022-04-13 15:00:00-03:00,0.29,0.161,0.17,12.503
2022-04-13 16:00:00-03:00,0.169,0.081,0.117,12.49
2022-04-13 17:00:00-03:00,0.084,0.044,0.062,12.413
2022-04-13 18:00:00-03:00,0.043000000000000003,0.043000000000000003,0.019,12.062
2022-04-13 19:00:00-03:00,0.0,0.0,0.0,11.553
2022-04-13 20:00:00-03:00,0.0,0.0,0.0,11.219
2022-04-13 21:00:00-03:00,0.0,0.0,0.0,10.78
2022-04-13 22:00:00-03:00,0.0,0.0,0.0,10.124
2022-04-13 23:00:00-03:00,0.0,0.0,0.0,9.34
2022-04-14 00:00:00-03:00,0.0,0.0,0.0,8.837
2022-04-14 01:00:00-03:00,0.0,0.0,0.0,8.546
2022-04-14 02:00:00-03:00,0.0,0.0,0.0,8.27
2022-04-14 03:00:00-03:00,0.0,0.0,0.0,8.034
2022-04-14 04:00:00-03:00,0.0,0.0,0.0,7.853
2022-04-14 05:00:00-03:00,0.0,0.0,0.0,7.678
2022-04-14 06:00:00-03:00,0.0,0.0,0.0,7.646
2022-04-14 07:00:00-03:00,0.0,0.0,0.0,7.765
2022-04-14 08:00:00-03:00,0.003,0.007,0.003,7.922
2022-04-14 09:00:00-03:00,0.083,0.063,0.041,8.458
2022-04-14 10:00:00-03:00,0.217,0.154,0.093,9.289
2022-04-14 11:00:00-03:00,0.612,0.61,0.10300000000000001,10.208
2022-04-14 12:00:00-03:00,0.684,0.708,0.10400000000000001,10.805
2022-04-14 13:00:00-03:00,0.527,0.443,0.163,10.869
2022-04-14 14:00:00-03:00,0.301,0.151,0.189,10.507
2022-04-14 15:00:00-03:00,0.203,0.083,0.15,10.129
2022-04-14 16:00:00-03:00,0.117,0.044,0.097,9.705
2022-04-14 17:00:00-03:00,0.057,0.025,0.051000000000000004,9.177
2022-04-14 18:00:00-03:00,0.005,0.006,0.009000000000000001,8.485
2022-04-14 19:00:00-03:00,0.0,0.0,0.0,7.995
2022-04-14 20:00:00-03:00,0.0,0.0,0.0,7.7940000000000005
2022-04-14 21:00:00-03:00,0.0,0.0,0.0,7.661
2022-04-14 22:00:00-03:00,0.0,0.0,0.0,7.622
2022-04-14 23:00:00-03:00,0.0,0.0,0.0,7.719
2022-04-15 00:00:00-03:00,0.0,0.0,0.0,8.024
2022-04-15 01:00:00-03:00,0.0,0.0,0.0,8.404
2022-04-15 02:00:00-03:00,0.0,0.0,0.0,8.756
2022-04-15 03:00:00-03:00,0.0,0.0,0.0,8.981
2022-04-15 04:00:00-03:00,0.0,0.0,0.0,9.122
2022-04-15 05:00:00-03:00,0.0,0.0,0.0,9.194
2022-04-15 06:00:00-03:00,0.0,0.0,0.0,9.392
2022-04-15 07:00:00-03:00,0.0,0.0,0.0,9.475
2022-04-15 08:00:00-03:00,0.0,0.003,0.002,9.051
2022-04-15 09:00:00-03:00,0.035,0.022,0.031,9.282
2022-04-15 10:00:00-03:00,0.081,0.032,0.07,9.606
2022-04-15 11:00:00-03:00,0.219,0.116,0.133,9.852
2022-04-15 12:00:00-03:00,0.504,0.422,0.155,10.301
2022-04-15 13:00:00-03:00,0.41000000000000003,0.278,0.187,10.588
2022-04-15 14:00:00-03:00,0.386,0.255,0.182,10.752
2022-04-15 15:00:00-03:00,0.432,0.34400000000000003,0.147,10.793
2022-04-15 16:00:00-03:00,0.296,0.219,0.115,10.55
2022-04-15 17:00:00-03:00,0.139,0.1,0.064,9.994
2022-04-15 18:00:00-03:00,0.099,0.10300000000000001,0.018000000000000002,8.986
2022-04-15 19:00:00-03:00,0.0,0.0,0.0,7.984
2022-04-15 20:00:00-03:00,0.0,0.0,0.0,7.622
2022-04-15 21:00:00-03:00,0.0,0.0,0.0,7.432
2022-04-15 22:00:00-03:00,0.0,0.0,0.0,6.976
2022-04-15 23:00:00-03:00,0.0,0.0,0.0,6.369
2022-04-16 00:00:00-03:00,0.0,0.0,0.0,5.688
2022-04-16 01:00:00-03:00,0.0,0.0,0.0,5.119
2022-04-16 02:00:00-03:00,0.0,0.0,0.0,4.616
2022-04-16 03:00:00-03:00,0.0,0.0,0.0,4.269
2022-04-16 04:00:00-03:00,0.0,0.0,0.0,4.004
2022-04-16 05:00:00-03:00,0.0,0.0,0.0,3.832
2022-04-16 06:00:00-03:00,0.0,0.0,0.0,3.581
2022-04-16 07:00:00-03:00,0.0,0.0,0.0,3.48
2022-04-16 08:00:00-03:00,0.007,0.014,0.003,3.477
2022-04-16 09:00:00-03:00,0.258,0.242,0.042,4.557
2022-04-16 10:00:00-03:00,0.498,0.482,0.076,6.253
2022-04-16 11:00:00-03:00,0.66,0.678,0.08600000000000001,7.142
2022-04-16 12:00:00-03:00,0.724,0.768,0.08600000000000001,7.953
2022-04-16 13:00:00-03:00,0.681,0.6920000000000001,0.106,8.571
2022-04-16 14:00:00-03:00,0.41600000000000004,0.296,0.171,8.881
2022-04-16 15:00:00-03:00,0.209,0.093,0.145,8.961
2022-04-16 16:00:00-03:00,0.085,0.027,0.08,8.79
2022-04-16 17:00:00-03:00,0.039,0.016,0.04,8.488
2022-04-16 18:00:00-03:00,0.006,0.008,0.008,7.7940000000000005
2022-04-16 19:00:00-03:00,0.0,0.0,0.0,7.432
2022-04-16 20:00:00-03:00,0.0,0.0,0.0,7.325
2022-04-16 21:00:00-03:00,0.0,0.0,0.0,7.054
2022-04-16 22:00:00-03:00,0.0,0.0,0.0,6.7219999999999995
2022-04-16 23:00:00-03:00,0.0,0.0,0.0,6.694
2022-04-17 00:00:00-03:00,0.0,0.0,0.0,6.76
2022-04-17 01:00:00-03:00,0.0,0.0,0.0,7.017
2022-04-17 02:00:00-03:00,0.0,0.0,0.0,7.084
2022-04-17 03:00:00-03:00,0.0,0.0,0.0,7.173
2022-04-17 04:00:00-03:00,0.0,0.0,0.0,7.175
2022-04-17 05:00:00-03:00,0.0,0.0,0.0,6.867
2022-04-17 06:00:00-03:00,0.0,0.0,0.0,6.638
2022-04-17 07:00:00-03:00,0.0,0.0,0.0,6.539
2022-04-17 08:00:00-03:00,0.0,0.0,0.001,6.351
2022-04-17 09:00:00-03:00,0.017,0.008,0.023,6.314
2022-04-17 10:00:00-03:00,0.077,0.025,0.07200000000000001,6.715
2022-04-17 11:00:00-03:00,0.134,0.037,0.12,7.736
2022-04-17 12:00:00-03:00,0.152,0.03,0.148,9.121
2022-04-17 13:00:00-03:00,0.13,0.016,0.139,10.014
2022-04-17 14:00:00-03:00,0.124,0.015,0.133,10.52
2022-04-17 15:00:00-03:00,0.054,0.005,0.069,10.369
2022-04-17 16:00:00-03:00,0.042,0.006,0.055,10.042
2022-04-17 17:00:00-03:00,0.023,0.006,0.032,9.479
2022-04-17 18:00:00-03:00,0.002,0.003,0.007,8.77
2022-04-17 19:00:00-03:00,0.0,0.0,0.0,7.841
2022-04-17 20:00:00-03:00,0.0,0.0,0.0,7.165
2022-04-17 21:00:00-03:00,0.0,0.0,0.0,6.401
2022-04-17 22:00:00-03:00,0.0,0.0,0.0,6.061
2022-04-17 23:00:00-03:00,0.0,0.0,0.0,5.893
2022-04-18 00:00:00-03:00,0.0,0.0,0.0,5.675
2022-04-18 01:00:00-03:00,0.0,0.0,0.0,5.431
2022-04-18 02:00:00-03:00,0.0,0.0,0.0,5.104
2022-04-18 03:00:00-03:00,0.0,0.0,0.0,4.87
2022-04-18 04:00:00-03:00,0.0,0.0,0.0,4.72
2022-04-18 05:00:00-03:00,0.0,0.0,0.0,4.615
2022-04-18 06:00:00-03:00,0.0,0.0,0.0,4.543
2022-04-18 07:00:00-03:00,0.0,0.0,0.0,4.486
2022-04-18 08:00:00-03:00,0.0,0.004,0.002,4.367
2022-04-18 09:00:00-03:00,0.131,0.115,0.038,5.074
2022-04-18 10:00:00-03:00,0.338,0.29,0.083,5.841
2022-04-18 11:00:00-03:00,0.513,0.47100000000000003,0.106,6.953
2022-04-18 12:00:00-03:00,0.558,0.513,0.124,8.516
2022-04-18 13:00:00-03:00,0.495,0.40900000000000003,0.155,9.708
2022-04-18 14:00:00-03:00,0.43,0.325,0.162,10.437
2022-04-18 15:00:00-03:00,0.379,0.289,0.14,10.84
2022-04-18 16:00:00-03:00,0.328,0.265,0.105,10.959
2022-04-18 17:00:00-03:00,0.185,0.151,0.062,10.34
2022-04-18 18:00:00-03:00,0.019,0.023,0.01,8.833
2022-04-18 19:00:00-03:00,0.0,0.0,0.0,8.254
2022-04-18 20:00:00-03:00,0.0,0.0,0.0,8.163
2022-04-18 21:00:00-03:00,0.0,0.0,0.0,7.836
2022-04-18 22:00:00-03:00,0.0,0.0,0.0,7.15
2022-04-18 23:00:00-03:00,0.0,0.0,0.0,6.748
2022-04-19 00:00:00-03:00,0.0,0.0,0.0,6.41
2022-04-19 01:00:00-03:00,0.0,0.0,0.0,6.029
2022-04-19 02:00:00-03:00,0.0,0.0,0.0,5.886
2022-04-19 03:00:00-03:00,0.0,0.0,0.0,5.5280000000000005
2022-04-19 04:00:00-03:00,0.0,0.0,0.0,5.207
2022-04-19 05:00:00-03:00,0.0,0.0,0.0,4.614
2022-04-19 06:00:00-03:00,0.0,0.0,0.0,4.223
2022-04-19 07:00:00-03:00,0.0,0.0,0.0,4.007
2022-04-19 08:00:00-03:00,0.0,0.004,0.001,3.967
2022-04-19 09:00:00-03:00,0.14200000000000002,0.124,0.039,4.891
2022-04-19 10:00:00-03:00,0.18,0.11800000000000001,0.08700000000000001,6.315
2022-04-19 11:00:00-03:00,0.181,0.082,0.124,7.026
2022-04-19 12:00:00-03:00,0.269,0.127,0.17400000000000002,8.115
2022-04-19 13:00:00-03:00,0.201,0.054,0.17400000000000002,8.496
2022-04-19 14:00:00-03:00,0.114,0.017,0.11900000000000001,7.832
2022-04-19 15:00:00-03:00,0.127,0.031,0.11800000000000001,7.611
2022-04-19 16:00:00-03:00,0.178,0.096,0.108,7.809
2022-04-19 17:00:00-03:00,0.136,0.097,0.062,7.598
2022-04-19 18:00:00-03:00,0.004,0.007,0.007,6.866
2022-04-19 19:00:00-03:00,0.0,0.0,0.0,6.33
2022-04-19 20:00:00-03:00,0.0,0.0,0.0,6.008
2022-04-19 21:00:00-03:00,0.0,0.0,0.0,5.801
2022-04-19 22:00:00-03:00,0.0,0.0,0.0,5.643
2022-04-19 23:00:00-03:00,0.0,0.0,0.0,5.569
2022-04-20 00:00:00-03:00,0.0,0.0,0.0,5.463
2022-04-20 01:00:00-03:00,0.0,0.0,0.0,5.32
2022-04-20 02:00:00-03:00,0.0,0.0,0.0,5.167
2022-04-20 03:00:00-03:00,0.0,0.0,0.0,5.074
2022-04-20 04:00:00-03:00,0.0,0.0,0.0,5.254
2022-04-20 05:00:00-03:00,0.0,0.0,0.0,5.375
2022-04-20 06:00:00-03:00,0.0,0.0,0.0,5.4030000000000005
2022-04-20 07:00:00-03:00,0.0,0.0,0.0,5.47
2022-04-20 08:00:00-03:00,0.0,0.001,0.001,5.695
2022-04-20 09:00:00-03:00,0.038,0.027,0.028,6.274
2022-04-20 10:00:00-03:00,0.062,0.022,0.059000000000000004,7.217
2022-04-20 11:00:00-03:00,0.095,0.025,0.092,8.208
2022-04-20 12:00:00-03:00,0.274,0.14,0.169,9.279
2022-04-20 13:00:00-03:00,0.432,0.311,0.177,9.854
2022-04-20 14:00:00-03:00,0.466,0.37,0.16,10.032
2022-04-20 15:00:00-03:00,0.428,0.34600000000000003,0.138,10.004
2022-04-20 16:00:00-03:00,0.297,0.226,0.108,9.656
2022-04-20 17:00:00-03:00,0.093,0.062,0.053,8.978
2022-04-20 18:00:00-03:00,0.016,0.02,0.009000000000000001,8.016
2022-04-20 19:00:00-03:00,0.0,0.0,0.0,7.145
2022-04-20 20:00:00-03:00,0.0,0.0,0.0,6.72
2022-04-20 21:00:00-03:00,0.0,0.0,0.0,6.338
2022-04-20 22:00:00-03:00,0.0,0.0,0.0,5.621
2022-04-20 23:00:00-03:00,0.0,0.0,0.0,4.749
2022-04-21 00:00:00-03:00,0.0,0.0,0.0,4.285
2022-04-21 01:00:00-03:00,0.0,0.0,0.0,4.084
2022-04-21 02:00:00-03:00,0.0,0.0,0.0,3.848
2022-04-21 03:00:00-03:00,0.0,0.0,0.0,3.637
2022-04-21 04:00:00-03:00,0.0,0.0,0.0,3.464
2022-04-21 05:00:00-03:00,0.0,0.0,0.0,3.303
2022-04-21 06:00:00-03:00,0.0,0.0,0.0,3.062
2022-04-21 07:00:00-03:00,0.0,0.0,0.0,2.857
2022-04-21 08:00:00-03:00,0.0,0.002,0.001,2.964
2022-04-21 09:00:00-03:00,0.106,0.092,0.033,4.036
2022-04-21 10:00:00-03:00,0.176,0.12,0.079,5.212
2022-04-21 11:00:00-03:00,0.331,0.242,0.123,5.7620000000000005
2022-04-21 12:00:00-03:00,0.425,0.325,0.147,6.3870000000000005
2022-04-21 13:00:00-03:00,0.528,0.452,0.14400000000000002,7.016
2022-04-21 14:00:00-03:00,0.516,0.439,0.14300000000000002,7.413
2022-04-21 15:00:00-03:00,0.314,0.209,0.14,7.497
2022-04-21 16:00:00-03:00,0.212,0.138,0.101,7.44
2022-04-21 17:00:00-03:00,0.153,0.121,0.056,7.127
2022-04-21 18:00:00-03:00,0.033,0.039,0.01,5.714
2022-04-21 19:00:00-03:00,0.0,0.0,0.0,4.654
2022-04-21 20:00:00-03:00,0.0,0.0,0.0,4.51
2022-04-21 21:00:00-03:00,0.0,0.0,0.0,4.333
2022-04-21 22:00:00-03:00,0.0,0.0,0.0,4.164
2022-04-21 23:00:00-03:00,0.0,0.0,0.0,4.006
2022-04-22 00:00:00-03:00,0.0,0.0,0.0,3.854
2022-04-22 01:00:00-03:00,0.0,0.0,0.0,3.763
2022-04-22 02:00:00-03:00,0.0,0.0,0.0,3.63
2022-04-22 03:00:00-03:00,0.0,0.0,0.0,3.674
2022-04-22 04:00:00-03:00,0.0,0.0,0.0,3.815
2022-04-22 05:00:00-03:00,0.0,0.0,0.0,3.866
2022-04-22 06:00:00-03:00,0.0,0.0,0.0,4.014
2022-04-22 07:00:00-03:00,0.0,0.0,0.0,4.232
2022-04-22 08:00:00-03:00,0.0,0.0,0.0,4.302
2022-04-22 09:00:00-03:00,0.008,0.005,0.014,4.434
2022-04-22 10:00:00-03:00,0.049,0.014,0.052000000000000005,4.868
2022-04-22 11:00:00-03:00,0.128,0.042,0.108,5.621
2022-04-22 12:00:00-03:00,0.28300000000000003,0.145,0.17,6.739
2022-04-22 13:00:00-03:00,0.431,0.301,0.181,7.926
2022-04-22 14:00:00-03:00,0.395,0.265,0.178,8.649000000000001
2022-04-22 15:00:00-03:00,0.21,0.094,0.14400000000000002,8.794
2022-04-22 16:00:00-03:00,0.088,0.029,0.081,8.51
2022-04-22 17:00:00-03:00,0.028,0.011,0.033,7.5969999999999995
2022-04-22 18:00:00-03:00,0.0,0.001,0.003,6.252
2022-04-22 19:00:00-03:00,0.0,0.0,0.0,5.062
2022-04-22 20:00:00-03:00,0.0,0.0,0.0,4.552
2022-04-22 21:00:00-03:00,0.0,0.0,0.0,4.639
2022-04-22 22:00:00-03:00,0.0,0.0,0.0,4.881
2022-04-22 23:00:00-03:00,0.0,0.0,0.0,4.603
2022-04-23 00:00:00-03:00,0.0,0.0,0.0,4.035
2022-04-23 01:00:00-03:00,0.0,0.0,0.0,3.265
2022-04-23 02:00:00-03:00,0.0,0.0,0.0,3.071
2022-04-23 03:00:00-03:00,0.0,0.0,0.0,3.435
2022-04-23 04:00:00-03:00,0.0,0.0,0.0,3.834
2022-04-23 05:00:00-03:00,0.0,0.0,0.0,3.786
2022-04-23 06:00:00-03:00,0.0,0.0,0.0,4.2
2022-04-23 07:00:00-03:00,0.0,0.0,0.0,4.5440000000000005
2022-04-23 08:00:00-03:00,0.0,0.0,0.0,4.647
2022-04-23 09:00:00-03:00,0.01,0.006,0.016,5.094
2022-04-23 10:00:00-03:00,0.04,0.01,0.047,5.749
2022-04-23 11:00:00-03:00,0.089,0.019,0.091,6.325
2022-04-23 12:00:00-03:00,0.178,0.048,0.155,6.875
2022-04-23 13:00:00-03:00,0.16,0.029,0.155,7.195
2022-04-23 14:00:00-03:00,0.105,0.013000000000000001,0.114,7.209
2022-04-23 15:00:00-03:00,0.088,0.013000000000000001,0.096,7.169
2022-04-23 16:00:00-03:00,0.051000000000000004,0.009000000000000001,0.06,6.978
2022-04-23 17:00:00-03:00,0.015,0.004,0.024,6.584
2022-04-23 18:00:00-03:00,0.0,0.001,0.002,6.034
2022-04-23 19:00:00-03:00,0.0,0.0,0.0,5.732
2022-04-23 20:00:00-03:00,0.0,0.0,0.0,5.489
2022-04-23 21:00:00-03:00,0.0,0.0,0.0,5.179
2022-04-23 22:00:00-03:00,0.0,0.0,0.0,4.857
2022-04-23 23:00:00-03:00,0.0,0.0,0.0,4.579
2022-04-24 00:00:00-03:00,0.0,0.0,0.0,4.378
2022-04-24 01:00:00-03:00,0.0,0.0,0.0,4.198
2022-04-24 02:00:00-03:00,0.0,0.0,0.0,4.022
2022-04-24 03:00:00-03:00,0.0,0.0,0.0,3.904
2022-04-24 04:00:00-03:00,0.0,0.0,0.0,3.885
2022-04-24 05:00:00-03:00,0.0,0.0,0.0,3.961
2022-04-24 06:00:00-03:00,0.0,0.0,0.0,3.981
2022-04-24 07:00:00-03:00,0.0,0.0,0.0,3.967
2022-04-24 08:00:00-03:00,0.0,0.0,0.0,3.767
2022-04-24 09:00:00-03:00,0.045,0.036000000000000004,0.025,3.915
2022-04-24 10:00:00-03:00,0.131,0.076,0.075,4.55
2022-04-24 11:00:00-03:00,0.221,0.123,0.123,4.939
2022-04-24 12:00:00-03:00,0.394,0.274,0.16,5.481
2022-04-24 13:00:00-03:00,0.34900000000000003,0.202,0.183,5.915
2022-04-24 14:00:00-03:00,0.261,0.115,0.17500000000000002,6.256
2022-04-24 15:00:00-03:00,0.14300000000000002,0.043000000000000003,0.123,6.381
2022-04-24 16:00:00-03:00,0.046,0.009000000000000001,0.054,6.2
2022-04-24 17:00:00-03:00,0.016,0.006,0.023,5.691
2022-04-24 18:00:00-03:00,0.0,0.001,0.002,5.22
2022-04-24 19:00:00-03:00,0.0,0.0,0.0,5.096
2022-04-24 20:00:00-03:00,0.0,0.0,0.0,5.03
2022-04-24 21:00:00-03:00,0.0,0.0,0.0,4.977
2022-04-24 22:00:00-03:00,0.0,0.0,0.0,4.954
2022-04-24 23:00:00-03:00,0.0,0.0,0.0,4.978
2022-04-25 00:00:00-03:00,0.0,0.0,0.0,4.949
2022-04-25 01:00:00-03:00,0.0,0.0,0.0,4.896
2022-04-25 02:00:00-03:00,0.0,0.0,0.0,4.864
2022-04-25 03:00:00-03:00,0.0,0.0,0.0,4.707
2022-04-25 04:00:00-03:00,0.0,0.0,0.0,4.6530000000000005
2022-04-25 05:00:00-03:00,0.0,0.0,0.0,4.63
2022-04-25 06:00:00-03:00,0.0,0.0,0.0,4.72
2022-04-25 07:00:00-03:00,0.0,0.0,0.0,4.831
2022-04-25 08:00:00-03:00,0.0,0.0,0.0,4.977
2022-04-25 09:00:00-03:00,0.004,0.003,0.01,5.208
2022-04-25 10:00:00-03:00,0.03,0.007,0.038,5.527
2022-04-25 11:00:00-03:00,0.07200000000000001,0.013000000000000001,0.077,5.656
2022-04-25 12:00:00-03:00,0.12,0.023,0.11900000000000001,5.805
2022-04-25 13:00:00-03:00,0.169,0.039,0.154,6.055
2022-04-25 14:00:00-03:00,0.222,0.08,0.168,6.353
2022-04-25 15:00:00-03:00,0.23800000000000002,0.122,0.14400000000000002,6.51
2022-04-25 16:00:00-03:00,0.21,0.134,0.10200000000000001,6.338
2022-04-25 17:00:00-03:00,0.115,0.085,0.051000000000000004,5.708
2022-04-25 18:00:00-03:00,0.008,0.013000000000000001,0.006,4.391
2022-04-25 19:00:00-03:00,0.0,0.0,0.0,3.363
2022-04-25 20:00:00-03:00,0.0,0.0,0.0,2.787
2022-04-25 21:00:00-03:00,0.0,0.0,0.0,2.334
2022-04-25 22:00:00-03:00,0.0,0.0,0.0,2.01
2022-04-25 23:00:00-03:00,0.0,0.0,0.0,1.7650000000000001
2022-04-26 00:00:00-03:00,0.0,0.0,0.0,1.5270000000000001
2022-04-26 01:00:00-03:00,0.0,0.0,0.0,1.299
2022-04-26 02:00:00-03:00,0.0,0.0,0.0,1.142
2022-04-26 03:00:00-03:00,0.0,0.0,0.0,1.044
2022-04-26 04:00:00-03:00,0.0,0.0,0.0,1.012
2022-04-26 05:00:00-03:00,0.0,0.0,0.0,1.027
2022-04-26 06:00:00-03:00,0.0,0.0,0.0,1.141
2022-04-26 07:00:00-03:00,0.0,0.0,0.0,1.353
2022-04-26 08:00:00-03:00,0.0,0.0,0.0,1.643
2022-04-26 09:00:00-03:00,0.08,0.074,0.024,2.204
2022-04-26 10:00:00-03:00,0.275,0.229,0.07200000000000001,3.347
2022-04-26 11:00:00-03:00,0.4,0.334,0.105,4.133
2022-04-26 12:00:00-03:00,0.509,0.446,0.12,4.463
2022-04-26 13:00:00-03:00,0.523,0.453,0.13,4.698
2022-04-26 14:00:00-03:00,0.524,0.46,0.125,4.946
2022-04-26 15:00:00-03:00,0.492,0.437,0.109,5.171
2022-04-26 16:00:00-03:00,0.397,0.352,0.08600000000000001,5.221
2022-04-26 17:00:00-03:00,0.211,0.187,0.048,4.577
2022-04-26 18:00:00-03:00,0.01,0.017,0.005,3.276
2022-04-26 19:00:00-03:00,0.0,0.0,0.0,2.848
2022-04-26 20:00:00-03:00,0.0,0.0,0.0,2.6310000000000002
2022-04-26 21:00:00-03:00,0.0,0.0,0.0,2.418
2022-04-26 22:00:00-03:00,0.0,0.0,0.0,2.222
2022-04-26 23:00:00-03:00,0.0,0.0,0.0,2.142
2022-04-27 00:00:00-03:00,0.0,0.0,0.0,2.138
2022-04-27 01:00:00-03:00,0.0,0.0,0.0,2.055
2022-04-27 02:00:00-03:00,0.0,0.0,0.0,2.147
2022-04-27 03:00:00-03:00,0.0,0.0,0.0,2.123
2022-04-27 04:00:00-03:00,0.0,0.0,0.0,2.194
2022-04-27 05:00:00-03:00,0.0,0.0,0.0,2.249
2022-04-27 06:00:00-03:00,0.0,0.0,0.0,2.091
2022-04-27 07:00:00-03:00,0.0,0.0,0.0,1.994
2022-04-27 08:00:00-03:00,0.0,0.0,0.0,2.082
2022-04-27 09:00:00-03:00,0.065,0.059000000000000004,0.023,2.332
2022-04-27 10:00:00-03:00,0.19,0.139,0.073,2.8369999999999997
2022-04-27 11:00:00-03:00,0.278,0.188,0.116,3.278
2022-04-27 12:00:00-03:00,0.331,0.212,0.15,3.65
2022-04-27 13:00:00-03:00,0.331,0.193,0.169,3.818
2022-04-27 14:00:00-03:00,0.318,0.187,0.162,3.8280000000000003
2022-04-27 15:00:00-03:00,0.311,0.20600000000000002,0.134,3.686
2022-04-27 16:00:00-03:00,0.225,0.155,0.093,3.378
2022-04-27 17:00:00-03:00,0.152,0.125,0.048,2.933
2022-04-27 18:00:00-03:00,0.004,0.009000000000000001,0.004,2.352
2022-04-27 19:00:00-03:00,0.0,0.0,0.0,2.057
2022-04-27 20:00:00-03:00,0.0,0.0,0.0,1.811
2022-04-27 21:00:00-03:00,0.0,0.0,0.0,1.463
2022-04-27 22:00:00-03:00,0.0,0.0,0.0,1.158
2022-04-27 23:00:00-03:00,0.0,0.0,0.0,1.082
2022-04-28 00:00:00-03:00,0.0,0.0,0.0,1.068
2022-04-28 01:00:00-03:00,0.0,0.0,0.0,1.245
2022-04-28 02:00:00-03:00,0.0,0.0,0.0,1.308
2022-04-28 03:00:00-03:00,0.0,0.0,0.0,1.358
2022-04-28 04:00:00-03:00,0.0,0.0,0.0,1.424
2022-04-28 05:00:00-03:00,0.0,0.0,0.0,1.291
2022-04-28 06:00:00-03:00,0.0,0.0,0.0,1.381
2022-04-28 07:00:00-03:00,0.0,0.0,0.0,1.5979999999999999
2022-04-28 08:00:00-03:00,0.0,0.0,0.0,1.935
2022-04-28 09:00:00-03:00,0.05,0.046,0.021,2.583
2022-04-28 10:00:00-03:00,0.198,0.148,0.07200000000000001,3.578
2022-04-28 11:00:00-03:00,0.40700000000000003,0.339,0.109,4.537
2022-04-28 12:00:00-03:00,0.43,0.336,0.14,5.438
2022-04-28 13:00:00-03:00,0.321,0.18,0.17400000000000002,5.895
2022-04-28 14:00:00-03:00,0.12,0.024,0.11800000000000001,5.3870000000000005
2022-04-28 15:00:00-03:00,0.07,0.012,0.077,4.948
2022-04-28 16:00:00-03:00,0.099,0.042,0.078,5.22
2022-04-28 17:00:00-03:00,0.114,0.09,0.046,5.378
2022-04-28 18:00:00-03:00,0.003,0.007,0.003,5.093
2022-04-28 19:00:00-03:00,0.0,0.0,0.0,4.921
2022-04-28 20:00:00-03:00,0.0,0.0,0.0,4.862
2022-04-28 21:00:00-03:00,0.0,0.0,0.0,4.764
2022-04-28 22:00:00-03:00,0.0,0.0,0.0,4.633
2022-04-28 23:00:00-03:00,0.0,0.0,0.0,4.476
2022-04-29 00:00:00-03:00,0.0,0.0,0.0,4.361
2022-04-29 01:00:00-03:00,0.0,0.0,0.0,4.194
2022-04-29 02:00:00-03:00,0.0,0.0,0.0,3.912
2022-04-29 03:00:00-03:00,0.0,0.0,0.0,3.563
2022-04-29 04:00:00-03:00,0.0,0.0,0.0,3.2560000000000002
2022-04-29 05:00:00-03:00,0.0,0.0,0.0,2.9130000000000003
2022-04-29 06:00:00-03:00,0.0,0.0,0.0,2.495
2022-04-29 07:00:00-03:00,0.0,0.0,0.0,2.164
2022-04-29 08:00:00-03:00,0.0,0.0,0.0,1.9220000000000002
2022-04-29 09:00:00-03:00,0.125,0.124,0.02,2.311
2022-04-29 10:00:00-03:00,0.28200000000000003,0.244,0.065,3.7039999999999997
2022-04-29 11:00:00-03:00,0.406,0.34800000000000003,0.098,4.234
2022-04-29 12:00:00-03:00,0.463,0.393,0.11900000000000001,4.684
2022-04-29 13:00:00-03:00,0.526,0.467,0.121,5.17
2022-04-29 14:00:00-03:00,0.515,0.458,0.11800000000000001,5.588
2022-04-29 15:00:00-03:00,0.51,0.47000000000000003,0.1,5.788
2022-04-29 16:00:00-03:00,0.34800000000000003,0.302,0.083,5.68
2022-04-29 17:00:00-03:00,0.169,0.149,0.043000000000000003,4.862
2022-04-29 18:00:00-03:00,0.003,0.008,0.003,3.542
2022-04-29 19:00:00-03:00,0.0,0.0,0.0,3.17
2022-04-29 20:00:00-03:00,0.0,0.0,0.0,2.991
2022-04-29 21:00:00-03:00,0.0,0.0,0.0,2.7880000000000003
2022-04-29 22:00:00-03:00,0.0,0.0,0.0,2.502
2022-04-29 23:00:00-03:00,0.0,0.0,0.0,2.213
2022-04-30 00:00:00-03:00,0.0,0.0,0.0,2.1390000000000002
2022-04-30 01:00:00-03:00,0.0,0.0,0.0,2.102
2022-04-30 02:00:00-03:00,0.0,0.0,0.0,2.105
2022-04-30 03:00:00-03:00,0.0,0.0,0.0,2.049
2022-04-30 04:00:00-03:00,0.0,0.0,0.0,2.031
2022-04-30 05:00:00-03:00,0.0,0.0,0.0,2.074
2022-04-30 06:00:00-03:00,0.0,0.0,0.0,1.947
2022-04-30 07:00:00-03:00,0.0,0.0,0.0,1.8900000000000001
2022-04-30 08:00:00-03:00,0.0,0.0,0.0,1.991
2022-04-30 09:00:00-03:00,0.17400000000000002,0.17500000000000002,0.019,2.376
2022-04-30 10:00:00-03:00,0.366,0.337,0.062,3.765
2022-04-30 11:00:00-03:00,0.377,0.313,0.10200000000000001,4.83
2022-04-30 12:00:00-03:00,0.311,0.20400000000000001,0.139,5.58
2022-04-30 13:00:00-03:00,0.317,0.192,0.159,6.2620000000000005
2022-04-30 14:00:00-03:00,0.311,0.194,0.152,6.7780000000000005
2022-04-30 15:00:00-03:00,0.298,0.20600000000000002,0.125,7.145
2022-04-30 16:00:00-03:00,0.21,0.15,0.08700000000000001,7.136
2022-04-30 17:00:00-03:00,0.106,0.088,0.04,6.044
2022-04-30 18:00:00-03:00,0.001,0.005,0.002,4.728
2022-04-30 19:00:00-03:00,0.0,0.0,0.0,4.435
2022-04-30 20:00:00-03:00,0.0,0.0,0.0,4.36
2022-04-30 21:00:00-03:00,0.0,0.0,0.0,4.506
2022-04-30 22:00:00-03:00,0.0,0.0,0.0,4.682
2022-04-30 23:00:00-03:00,0.0,0.0,0.0,4.66
2022-05-01 00:00:00-03:00,0.0,0.0,0.0,4.495
2022-05-01 01:00:00-03:00,0.0,0.0,0.0,4.31
2022-05-01 02:00:00-03:00,0.0,0.0,0.0,4.049
2022-05-01 03:00:00-03:00,0.0,0.0,0.0,3.848
2022-05-01 04:00:00-03:00,0.0,0.0,0.0,3.746
2022-05-01 05:00:00-03:00,0.0,0.0,0.0,3.667
2022-05-01 06:00:00-03:00,0.0,0.0,0.0,3.7119999999999997
2022-05-01 07:00:00-03:00,0.0,0.0,0.0,3.8120000000000003
2022-05-01 08:00:00-03:00,0.0,0.0,0.0,3.94
2022-05-01 09:00:00-03:00,0.0,0.002,0.004,4.126
2022-05-01 10:00:00-03:00,0.03,0.01,0.035,4.79
2022-05-01 11:00:00-03:00,0.163,0.084,0.10300000000000001,5.878
2022-05-01 12:00:00-03:00,0.36,0.264,0.136,7.184
2022-05-01 13:00:00-03:00,0.5630000000000001,0.529,0.113,8.219
2022-05-01 14:00:00-03:00,0.609,0.606,0.097,8.731
2022-05-01 15:00:00-03:00,0.538,0.519,0.095,8.789
2022-05-01 16:00:00-03:00,0.36,0.32,0.082,8.457
2022-05-01 17:00:00-03:00,0.10200000000000001,0.08600000000000001,0.038,7.3629999999999995
2022-05-01 18:00:00-03:00,0.0,0.004,0.002,5.955
2022-05-01 19:00:00-03:00,0.0,0.0,0.0,5.203
2022-05-01 20:00:00-03:00,0.0,0.0,0.0,4.477
2022-05-01 21:00:00-03:00,0.0,0.0,0.0,3.819
2022-05-01 22:00:00-03:00,0.0,0.0,0.0,3.277
2022-05-01 23:00:00-03:00,0.0,0.0,0.0,2.951
2022-05-02 00:00:00-03:00,0.0,0.0,0.0,2.827
2022-05-02 01:00:00-03:00,0.0,0.0,0.0,3.279
2022-05-02 02:00:00-03:00,0.0,0.0,0.0,3.696
2022-05-02 03:00:00-03:00,0.0,0.0,0.0,3.844
2022-05-02 04:00:00-03:00,0.0,0.0,0.0,3.967
2022-05-02 05:00:00-03:00,0.0,0.0,0.0,4.131
2022-05-02 06:00:00-03:00,0.0,0.0,0.0,4.412
2022-05-02 07:00:00-03:00,0.0,0.0,0.0,4.771
2022-05-02 08:00:00-03:00,0.0,0.0,0.0,5.139
2022-05-02 09:00:00-03:00,0.038,0.041,0.014,5.63
2022-05-02 10:00:00-03:00,0.127,0.09,0.058,6.486
2022-05-02 11:00:00-03:00,0.254,0.182,0.10200000000000001,7.566
2022-05-02 12:00:00-03:00,0.381,0.304,0.123,8.226
2022-05-02 13:00:00-03:00,0.606,0.606,0.092,8.248
2022-05-02 14:00:00-03:00,0.6950000000000001,0.745,0.069,7.884
2022-05-02 15:00:00-03:00,0.657,0.6930000000000001,0.068,7.586
2022-05-02 16:00:00-03:00,0.556,0.5710000000000001,0.06,7.288
2022-05-02 17:00:00-03:00,0.296,0.291,0.037,6.681
2022-05-02 18:00:00-03:00,0.001,0.005,0.002,6.023
2022-05-02 19:00:00-03:00,0.0,0.0,0.0,5.915
2022-05-02 20:00:00-03:00,0.0,0.0,0.0,5.791
2022-05-02 21:00:00-03:00,0.0,0.0,0.0,5.625
2022-05-02 22:00:00-03:00,0.0,0.0,0.0,5.402
2022-05-02 23:00:00-03:00,0.0,0.0,0.0,5.074
2022-05-03 00:00:00-03:00,0.0,0.0,0.0,4.957
2022-05-03 01:00:00-03:00,0.0,0.0,0.0,5.086
2022-05-03 02:00:00-03:00,0.0,0.0,0.0,5.35
2022-05-03 03:00:00-03:00,0.0,0.0,0.0,5.68
2022-05-03 04:00:00-03:00,0.0,0.0,0.0,5.853
2022-05-03 05:00:00-03:00,0.0,0.0,0.0,5.926
2022-05-03 06:00:00-03:00,0.0,0.0,0.0,6.143
2022-05-03 07:00:00-03:00,0.0,0.0,0.0,6.238
2022-05-03 08:00:00-03:00,0.0,0.0,0.0,5.649
2022-05-03 09:00:00-03:00,0.042,0.046,0.014,5.334
2022-05-03 10:00:00-03:00,0.194,0.156,0.062,5.68
2022-05-03 11:00:00-03:00,0.331,0.266,0.1,6.215
2022-05-03 12:00:00-03:00,0.402,0.32,0.126,6.709
2022-05-03 13:00:00-03:00,0.383,0.28300000000000003,0.14400000000000002,7.12
2022-05-03 14:00:00-03:00,0.455,0.381,0.128,7.445
2022-05-03 15:00:00-03:00,0.405,0.341,0.111,7.423
2022-05-03 16:00:00-03:00,0.203,0.148,0.082,7.026
2022-05-03 17:00:00-03:00,0.056,0.043000000000000003,0.031,6.455
2022-05-03 18:00:00-03:00,0.0,0.001,0.001,5.994
2022-05-03 19:00:00-03:00,0.0,0.0,0.0,5.807
2022-05-03 20:00:00-03:00,0.0,0.0,0.0,5.758
2022-05-03 21:00:00-03:00,0.0,0.0,0.0,5.785
2022-05-03 22:00:00-03:00,0.0,0.0,0.0,5.845
2022-05-03 23:00:00-03:00,0.0,0.0,0.0,5.913
2022-05-04 00:00:00-03:00,0.0,0.0,0.0,5.997
2022-05-04 01:00:00-03:00,0.0,0.0,0.0,6.148
2022-05-04 02:00:00-03:00,0.0,0.0,0.0,6.242
2022-05-04 03:00:00-03:00,0.0,0.0,0.0,6.166
2022-05-04 04:00:00-03:00,0.0,0.0,0.0,6.076
2022-05-04 05:00:00-03:00,0.0,0.0,0.0,5.973
2022-05-04 06:00:00-03:00,0.0,0.0,0.0,5.774
2022-05-04 07:00:00-03:00,0.0,0.0,0.0,5.551
2022-05-04 08:00:00-03:00,0.0,0.0,0.0,5.382
2022-05-04 09:00:00-03:00,0.014,0.016,0.01,5.236
2022-05-04 10:00:00-03:00,0.08700000000000001,0.054,0.053,5.462
2022-05-04 11:00:00-03:00,0.19,0.113,0.101,5.892
2022-05-04 12:00:00-03:00,0.28700000000000003,0.184,0.135,6.43
2022-05-04 13:00:00-03:00,0.40800000000000003,0.312,0.14200000000000002,6.99
2022-05-04 14:00:00-03:00,0.406,0.319,0.133,7.32
2022-05-04 15:00:00-03:00,0.403,0.34,0.11,7.452
2022-05-04 16:00:00-03:00,0.301,0.255,0.08,7.306
2022-05-04 17:00:00-03:00,0.148,0.135,0.036000000000000004,6.708
2022-05-04 18:00:00-03:00,0.0,0.003,0.001,5.841
2022-05-04 19:00:00-03:00,0.0,0.0,0.0,5.441
2022-05-04 20:00:00-03:00,0.0,0.0,0.0,5.075
2022-05-04 21:00:00-03:00,0.0,0.0,0.0,4.922
2022-05-04 22:00:00-03:00,0.0,0.0,0.0,4.89
2022-05-04 23:00:00-03:00,0.0,0.0,0.0,5.187
2022-05-05 00:00:00-03:00,0.0,0.0,0.0,5.531
2022-05-05 01:00:00-03:00,0.0,0.0,0.0,5.781
2022-05-05 02:00:00-03:00,0.0,0.0,0.0,5.948
2022-05-05 03:00:00-03:00,0.0,0.0,0.0,6.072
2022-05-05 04:00:00-03:00,0.0,0.0,0.0,6.214
2022-05-05 05:00:00-03:00,0.0,0.0,0.0,6.275
2022-05-05 06:00:00-03:00,0.0,0.0,0.0,6.307
2022-05-05 07:00:00-03:00,0.0,0.0,0.0,6.359
2022-05-05 08:00:00-03:00,0.0,0.0,0.0,6.37
2022-05-05 09:00:00-03:00,0.047,0.051000000000000004,0.013000000000000001,6.434
2022-05-05 10:00:00-03:00,0.155,0.11900000000000001,0.06,6.848
2022-05-05 11:00:00-03:00,0.219,0.14200000000000002,0.10400000000000001,7.384
2022-05-05 12:00:00-03:00,0.189,0.085,0.13,7.817
2022-05-05 13:00:00-03:00,0.254,0.131,0.154,8.282
2022-05-05 14:00:00-03:00,0.372,0.272,0.14400000000000002,8.697
2022-05-05 15:00:00-03:00,0.294,0.20700000000000002,0.123,8.706
2022-05-05 16:00:00-03:00,0.074,0.032,0.062,8.402
2022-05-05 17:00:00-03:00,0.015,0.01,0.018000000000000002,8.193
2022-05-05 18:00:00-03:00,0.0,0.0,0.0,7.857
2022-05-05 19:00:00-03:00,0.0,0.0,0.0,7.124
2022-05-05 20:00:00-03:00,0.0,0.0,0.0,5.941
2022-05-05 21:00:00-03:00,0.0,0.0,0.0,4.852
2022-05-05 22:00:00-03:00,0.0,0.0,0.0,4.388
2022-05-05 23:00:00-03:00,0.0,0.0,0.0,4.339
2022-05-06 00:00:00-03:00,0.0,0.0,0.0,4.266
2022-05-06 01:00:00-03:00,0.0,0.0,0.0,4.117
2022-05-06 02:00:00-03:00,0.0,0.0,0.0,3.936
2022-05-06 03:00:00-03:00,0.0,0.0,0.0,3.65
2022-05-06 04:00:00-03:00,0.0,0.0,0.0,3.485
2022-05-06 05:00:00-03:00,0.0,0.0,0.0,3.371
2022-05-06 06:00:00-03:00,0.0,0.0,0.0,3.247
2022-05-06 07:00:00-03:00,0.0,0.0,0.0,3.178
2022-05-06 08:00:00-03:00,0.0,0.0,0.0,2.995
2022-05-06 09:00:00-03:00,0.01,0.011,0.009000000000000001,3.024
2022-05-06 10:00:00-03:00,0.05,0.021,0.047,4.124
2022-05-06 11:00:00-03:00,0.07,0.015,0.074,4.923
2022-05-06 12:00:00-03:00,0.068,0.008,0.079,5.209
2022-05-06 13:00:00-03:00,0.049,0.003,0.063,5.169
2022-05-06 14:00:00-03:00,0.034,0.002,0.048,4.941
2022-05-06 15:00:00-03:00,0.023,0.002,0.035,4.876
2022-05-06 16:00:00-03:00,0.012,0.002,0.022,4.969
2022-05-06 17:00:00-03:00,0.003,0.002,0.009000000000000001,5.157
2022-05-06 18:00:00-03:00,0.0,0.0,0.0,5.238
2022-05-06 19:00:00-03:00,0.0,0.0,0.0,5.248
2022-05-06 20:00:00-03:00,0.0,0.0,0.0,5.299
2022-05-06 21:00:00-03:00,0.0,0.0,0.0,5.431
2022-05-06 22:00:00-03:00,0.0,0.0,0.0,5.549
2022-05-06 23:00:00-03:00,0.0,0.0,0.0,5.68
2022-05-07 00:00:00-03:00,0.0,0.0,0.0,5.7940000000000005
2022-05-07 01:00:00-03:00,0.0,0.0,0.0,5.824
2022-05-07 02:00:00-03:00,0.0,0.0,0.0,5.731
2022-05-07 03:00:00-03:00,0.0,0.0,0.0,5.773
2022-05-07 04:00:00-03:00,0.0,0.0,0.0,5.908
2022-05-07 05:00:00-03:00,0.0,0.0,0.0,7.126
2022-05-07 06:00:00-03:00,0.0,0.0,0.0,9.157
2022-05-07 07:00:00-03:00,0.0,0.0,0.0,10.045
2022-05-07 08:00:00-03:00,0.0,0.0,0.0,9.36
2022-05-07 09:00:00-03:00,0.022,0.028,0.009000000000000001,8.709
2022-05-07 10:00:00-03:00,0.228,0.20500000000000002,0.053,8.624
2022-05-07 11:00:00-03:00,0.5,0.498,0.07,8.998
2022-05-07 12:00:00-03:00,0.6000000000000001,0.621,0.073,9.236
2022-05-07 13:00:00-03:00,0.639,0.673,0.07100000000000001,9.177
2022-05-07 14:00:00-03:00,0.642,0.678,0.07,9.047
2022-05-07 15:00:00-03:00,0.608,0.636,0.067,8.778
2022-05-07 16:00:00-03:00,0.525,0.542,0.055,8.275
2022-05-07 17:00:00-03:00,0.28200000000000003,0.28400000000000003,0.03,7.452
2022-05-07 18:00:00-03:00,0.0,0.002,0.0,6.668
2022-05-07 19:00:00-03:00,0.0,0.0,0.0,6.252
2022-05-07 20:00:00-03:00,0.0,0.0,0.0,5.959
2022-05-07 21:00:00-03:00,0.0,0.0,0.0,6.001
2022-05-07 22:00:00-03:00,0.0,0.0,0.0,6.097
2022-05-07 23:00:00-03:00,0.0,0.0,0.0,6.12
2022-05-08 00:00:00-03:00,0.0,0.0,0.0,5.997
2022-05-08 01:00:00-03:00,0.0,0.0,0.0,5.83
2022-05-08 02:00:00-03:00,0.0,0.0,0.0,5.691
2022-05-08 03:00:00-03:00,0.0,0.0,0.0,5.639
2022-05-08 04:00:00-03:00,0.0,0.0,0.0,5.632
2022-05-08 05:00:00-03:00,0.0,0.0,0.0,5.596
2022-05-08 06:00:00-03:00,0.0,0.0,0.0,5.202
2022-05-08 07:00:00-03:00,0.0,0.0,0.0,4.816
2022-05-08 08:00:00-03:00,0.0,0.0,0.0,4.592
2022-05-08 09:00:00-03:00,0.042,0.049,0.01,4.511
2022-05-08 10:00:00-03:00,0.249,0.224,0.052000000000000005,5.007
2022-05-08 11:00:00-03:00,0.491,0.47400000000000003,0.073,5.729
2022-05-08 12:00:00-03:00,0.595,0.599,0.078,6.438
2022-05-08 13:00:00-03:00,0.595,0.592,0.088,7.145
2022-05-08 14:00:00-03:00,0.423,0.357,0.116,7.657
2022-05-08 15:00:00-03:00,0.36,0.299,0.10200000000000001,7.831
2022-05-08 16:00:00-03:00,0.323,0.28800000000000003,0.07100000000000001,7.683
2022-05-08 17:00:00-03:00,0.082,0.076,0.027,7.487
2022-05-08 18:00:00-03:00,0.0,0.0,0.0,7.487
2022-05-08 19:00:00-03:00,0.0,0.0,0.0,7.742
2022-05-08 20:00:00-03:00,0.0,0.0,0.0,7.945
2022-05-08 21:00:00-03:00,0.0,0.0,0.0,8.01
2022-05-08 22:00:00-03:00,0.0,0.0,0.0,7.918
2022-05-08 23:00:00-03:00,0.0,0.0,0.0,7.748
2022-05-09 00:00:00-03:00,0.0,0.0,0.0,7.569
2022-05-09 01:00:00-03:00,0.0,0.0,0.0,7.383
2022-05-09 02:00:00-03:00,0.0,0.0,0.0,7.331
2022-05-09 03:00:00-03:00,0.0,0.0,0.0,7.402
2022-05-09 04:00:00-03:00,0.0,0.0,0.0,7.468
2022-05-09 05:00:00-03:00,0.0,0.0,0.0,7.38
2022-05-09 06:00:00-03:00,0.0,0.0,0.0,7.149
2022-05-09 07:00:00-03:00,0.0,0.0,0.0,6.798
2022-05-09 08:00:00-03:00,0.0,0.0,0.0,6.516
2022-05-09 09:00:00-03:00,0.0,0.001,0.003,6.378
2022-05-09 10:00:00-03:00,0.085,0.054,0.052000000000000005,6.817
2022-05-09 11:00:00-03:00,0.064,0.019,0.064,7.546
2022-05-09 12:00:00-03:00,0.17500000000000002,0.073,0.127,8.458
2022-05-09 13:00:00-03:00,0.183,0.07,0.139,8.777
2022-05-09 14:00:00-03:00,0.215,0.10300000000000001,0.14100000000000001,8.643
2022-05-09 15:00:00-03:00,0.197,0.111,0.113,8.348
2022-05-09 16:00:00-03:00,0.154,0.105,0.074,7.923
2022-05-09 17:00:00-03:00,0.083,0.075,0.028,7.271
2022-05-09 18:00:00-03:00,0.0,0.0,0.0,6.257
2022-05-09 19:00:00-03:00,0.0,0.0,0.0,5.315
2022-05-09 20:00:00-03:00,0.0,0.0,0.0,4.69
2022-05-09 21:00:00-03:00,0.0,0.0,0.0,4.285
2022-05-09 22:00:00-03:00,0.0,0.0,0.0,4.041
2022-05-09 23:00:00-03:00,0.0,0.0,0.0,3.946
2022-05-10 00:00:00-03:00,0.0,0.0,0.0,3.85
2022-05-10 01:00:00-03:00,0.0,0.0,0.0,3.794
2022-05-10 02:00:00-03:00,0.0,0.0,0.0,3.767
2022-05-10 03:00:00-03:00,0.0,0.0,0.0,3.867
2022-05-10 04:00:00-03:00,0.0,0.0,0.0,3.982
2022-05-10 05:00:00-03:00,0.0,0.0,0.0,4.293
2022-05-10 06:00:00-03:00,0.0,0.0,0.0,4.557
2022-05-10 07:00:00-03:00,0.0,0.0,0.0,4.563
2022-05-10 08:00:00-03:00,0.0,0.0,0.0,4.464
2022-05-10 09:00:00-03:00,0.021,0.027,0.008,4.371
2022-05-10 10:00:00-03:00,0.202,0.17300000000000001,0.053,5.123
2022-05-10 11:00:00-03:00,0.318,0.26,0.091,5.976
2022-05-10 12:00:00-03:00,0.391,0.318,0.117,6.911
2022-05-10 13:00:00-03:00,0.378,0.28400000000000003,0.138,7.661
2022-05-10 14:00:00-03:00,0.20700000000000002,0.101,0.133,8.03
2022-05-10 15:00:00-03:00,0.128,0.053,0.098,8.15
2022-05-10 16:00:00-03:00,0.08,0.04,0.061,8.085
2022-05-10 17:00:00-03:00,0.022,0.018000000000000002,0.018000000000000002,7.716
2022-05-10 18:00:00-03:00,0.0,0.0,0.0,7.425
2022-05-10 19:00:00-03:00,0.0,0.0,0.0,7.474
2022-05-10 20:00:00-03:00,0.0,0.0,0.0,7.5809999999999995
2022-05-10 21:00:00-03:00,0.0,0.0,0.0,7.668
2022-05-10 22:00:00-03:00,0.0,0.0,0.0,7.674
2022-05-10 23:00:00-03:00,0.0,0.0,0.0,7.767
2022-05-11 00:00:00-03:00,0.0,0.0,0.0,7.65
2022-05-11 01:00:00-03:00,0.0,0.0,0.0,7.26
2022-05-11 02:00:00-03:00,0.0,0.0,0.0,6.892
2022-05-11 03:00:00-03:00,0.0,0.0,0.0,6.429
2022-05-11 04:00:00-03:00,0.0,0.0,0.0,5.913
2022-05-11 05:00:00-03:00,0.0,0.0,0.0,5.568
2022-05-11 06:00:00-03:00,0.0,0.0,0.0,5.38
2022-05-11 07:00:00-03:00,0.0,0.0,0.0,5.356
2022-05-11 08:00:00-03:00,0.0,0.0,0.0,5.253
2022-05-11 09:00:00-03:00,0.003,0.006,0.005,5.279
2022-05-11 10:00:00-03:00,0.043000000000000003,0.021,0.038,5.937
2022-05-11 11:00:00-03:00,0.08700000000000001,0.031,0.077,6.749
2022-05-11 12:00:00-03:00,0.116,0.033,0.106,7.459
2022-05-11 13:00:00-03:00,0.145,0.042,0.128,8.099
2022-05-11 14:00:00-03:00,0.155,0.053,0.127,8.634
2022-05-11 15:00:00-03:00,0.128,0.051000000000000004,0.101,8.85
2022-05-11 16:00:00-03:00,0.07200000000000001,0.033,0.059000000000000004,8.506
2022-05-11 17:00:00-03:00,0.021,0.018000000000000002,0.018000000000000002,7.562
2022-05-11 18:00:00-03:00,0.0,0.0,0.0,6.814
2022-05-11 19:00:00-03:00,0.0,0.0,0.0,6.61
2022-05-11 20:00:00-03:00,0.0,0.0,0.0,6.448
2022-05-11 21:00:00-03:00,0.0,0.0,0.0,6.297
2022-05-11 22:00:00-03:00,0.0,0.0,0.0,6.154
2022-05-11 23:00:00-03:00,0.0,0.0,0.0,6.01
2022-05-12 00:00:00-03:00,0.0,0.0,0.0,5.883
2022-05-12 01:00:00-03:00,0.0,0.0,0.0,5.772
2022-05-12 02:00:00-03:00,0.0,0.0,0.0,5.681
2022-05-12 03:00:00-03:00,0.0,0.0,0.0,5.563
2022-05-12 04:00:00-03:00,0.0,0.0,0.0,5.385
2022-05-12 05:00:00-03:00,0.0,0.0,0.0,5.206
2022-05-12 06:00:00-03:00,0.0,0.0,0.0,5.095
2022-05-12 07:00:00-03:00,0.0,0.0,0.0,4.987
2022-05-12 08:00:00-03:00,0.0,0.0,0.0,4.921
2022-05-12 09:00:00-03:00,0.0,0.002,0.004,4.984
2022-05-12 10:00:00-03:00,0.026000000000000002,0.01,0.031,5.64
2022-05-12 11:00:00-03:00,0.07100000000000001,0.02,0.07100000000000001,6.073
2022-05-12 12:00:00-03:00,0.108,0.026000000000000002,0.10400000000000001,6.31
2022-05-12 13:00:00-03:00,0.11800000000000001,0.024,0.116,6.466
2022-05-12 14:00:00-03:00,0.079,0.012,0.08700000000000001,6.364
2022-05-12 15:00:00-03:00,0.054,0.009000000000000001,0.063,6.18
2022-05-12 16:00:00-03:00,0.023,0.005,0.032,5.904
2022-05-12 17:00:00-03:00,0.003,0.002,0.008,5.529
2022-05-12 18:00:00-03:00,0.0,0.0,0.0,5.243
2022-05-12 19:00:00-03:00,0.0,0.0,0.0,5.06
2022-05-12 20:00:00-03:00,0.0,0.0,0.0,4.918
2022-05-12 21:00:00-03:00,0.0,0.0,0.0,4.8260000000000005
2022-05-12 22:00:00-03:00,0.0,0.0,0.0,4.764
2022-05-12 23:00:00-03:00,0.0,0.0,0.0,4.753
2022-05-13 00:00:00-03:00,0.0,0.0,0.0,4.779
2022-05-13 01:00:00-03:00,0.0,0.0,0.0,4.741
2022-05-13 02:00:00-03:00,0.0,0.0,0.0,4.664
2022-05-13 03:00:00-03:00,0.0,0.0,0.0,4.626
2022-05-13 04:00:00-03:00,0.0,0.0,0.0,4.582
2022-05-13 05:00:00-03:00,0.0,0.0,0.0,4.537
2022-05-13 06:00:00-03:00,0.0,0.0,0.0,4.55
2022-05-13 07:00:00-03:00,0.0,0.0,0.0,4.473
2022-05-13 08:00:00-03:00,0.0,0.0,0.0,4.075
2022-05-13 09:00:00-03:00,0.017,0.024,0.006,3.636
2022-05-13 10:00:00-03:00,0.313,0.299,0.045,4.5
2022-05-13 11:00:00-03:00,0.494,0.485,0.067,5.758
2022-05-13 12:00:00-03:00,0.559,0.552,0.08,6.203
2022-05-13 13:00:00-03:00,0.532,0.503,0.096,6.431
2022-05-13 14:00:00-03:00,0.41500000000000004,0.34700000000000003,0.114,6.49
2022-05-13 15:00:00-03:00,0.226,0.149,0.10300000000000001,6.343
2022-05-13 16:00:00-03:00,0.079,0.044,0.055,5.9030000000000005
2022-05-13 17:00:00-03:00,0.015,0.014,0.013000000000000001,5.148
2022-05-13 18:00:00-03:00,0.0,0.0,0.0,4.719
2022-05-13 19:00:00-03:00,0.0,0.0,0.0,4.714
2022-05-13 20:00:00-03:00,0.0,0.0,0.0,4.838
2022-05-13 21:00:00-03:00,0.0,0.0,0.0,4.87
2022-05-13 22:00:00-03:00,0.0,0.0,0.0,4.82
2022-05-13 23:00:00-03:00,0.0,0.0,0.0,4.441
2022-05-14 00:00:00-03:00,0.0,0.0,0.0,3.892
2022-05-14 01:00:00-03:00,0.0,0.0,0.0,3.404
2022-05-14 02:00:00-03:00,0.0,0.0,0.0,3.084
2022-05-14 03:00:00-03:00,0.0,0.0,0.0,2.954
2022-05-14 04:00:00-03:00,0.0,0.0,0.0,3.236
2022-05-14 05:00:00-03:00,0.0,0.0,0.0,4.027
2022-05-14 06:00:00-03:00,0.0,0.0,0.0,4.741
2022-05-14 07:00:00-03:00,0.0,0.0,0.0,5.263
2022-05-14 08:00:00-03:00,0.0,0.0,0.0,5.635
2022-05-14 09:00:00-03:00,0.0,0.002,0.003,6.068
2022-05-14 10:00:00-03:00,0.025,0.011,0.029,6.744
2022-05-14 11:00:00-03:00,0.079,0.027,0.07200000000000001,7.277
2022-05-14 12:00:00-03:00,0.126,0.04,0.109,7.77
2022-05-14 13:00:00-03:00,0.121,0.03,0.114,8.063
2022-05-14 14:00:00-03:00,0.133,0.04,0.117,8.214
2022-05-14 15:00:00-03:00,0.121,0.047,0.097,8.239
2022-05-14 16:00:00-03:00,0.05,0.02,0.049,8.002
2022-05-14 17:00:00-03:00,0.014,0.013000000000000001,0.014,7.524
2022-05-14 18:00:00-03:00,0.0,0.0,0.0,7.01
2022-05-14 19:00:00-03:00,0.0,0.0,0.0,6.6370000000000005
2022-05-14 20:00:00-03:00,0.0,0.0,0.0,6.171
2022-05-14 21:00:00-03:00,0.0,0.0,0.0,5.624
2022-05-14 22:00:00-03:00,0.0,0.0,0.0,5.358
2022-05-14 23:00:00-03:00,0.0,0.0,0.0,5.192
2022-05-15 00:00:00-03:00,0.0,0.0,0.0,5.215
2022-05-15 01:00:00-03:00,0.0,0.0,0.0,4.949
2022-05-15 02:00:00-03:00,0.0,0.0,0.0,4.601
2022-05-15 03:00:00-03:00,0.0,0.0,0.0,4.29
2022-05-15 04:00:00-03:00,0.0,0.0,0.0,4.017
2022-05-15 05:00:00-03:00,0.0,0.0,0.0,3.697
2022-05-15 06:00:00-03:00,0.0,0.0,0.0,3.427
2022-05-15 07:00:00-03:00,0.0,0.0,0.0,3.154
2022-05-15 08:00:00-03:00,0.0,0.0,0.0,2.367
2022-05-15 09:00:00-03:00,0.016,0.024,0.005,1.963
2022-05-15 10:00:00-03:00,0.163,0.137,0.047,2.966
2022-05-15 11:00:00-03:00,0.211,0.145,0.09,3.886
2022-05-15 12:00:00-03:00,0.17400000000000002,0.081,0.116,4.811
2022-05-15 13:00:00-03:00,0.161,0.057,0.127,5.703
2022-05-15 14:00:00-03:00,0.101,0.024,0.098,6.311
2022-05-15 15:00:00-03:00,0.046,0.009000000000000001,0.055,6.473
2022-05-15 16:00:00-03:00,0.022,0.006,0.03,6.322
2022-05-15 17:00:00-03:00,0.01,0.01,0.012,5.9719999999999995
2022-05-15 18:00:00-03:00,0.0,0.0,0.0,5.456
2022-05-15 19:00:00-03:00,0.0,0.0,0.0,5.373
2022-05-15 20:00:00-03:00,0.0,0.0,0.0,4.779
2022-05-15 21:00:00-03:00,0.0,0.0,0.0,3.678
2022-05-15 22:00:00-03:00,0.0,0.0,0.0,2.792
2022-05-15 23:00:00-03:00,0.0,0.0,0.0,2.295
2022-05-16 00:00:00-03:00,0.0,0.0,0.0,2.008
2022-05-16 01:00:00-03:00,0.0,0.0,0.0,2.209
2022-05-16 02:00:00-03:00,0.0,0.0,0.0,2.216
2022-05-16 03:00:00-03:00,0.0,0.0,0.0,1.9540000000000002
2022-05-16 04:00:00-03:00,0.0,0.0,0.0,2.209
2022-05-16 05:00:00-03:00,0.0,0.0,0.0,2.806
2022-05-16 06:00:00-03:00,0.0,0.0,0.0,3.419
2022-05-16 07:00:00-03:00,0.0,0.0,0.0,3.727
2022-05-16 08:00:00-03:00,0.0,0.0,0.0,3.85
2022-05-16 09:00:00-03:00,0.012,0.019,0.004,3.686
2022-05-16 10:00:00-03:00,0.214,0.194,0.044,4.585
2022-05-16 11:00:00-03:00,0.325,0.277,0.083,6.335
2022-05-16 12:00:00-03:00,0.191,0.10200000000000001,0.115,7.192
2022-05-16 13:00:00-03:00,0.106,0.028,0.101,7.215
2022-05-16 14:00:00-03:00,0.124,0.04,0.107,7.441
2022-05-16 15:00:00-03:00,0.186,0.109,0.10300000000000001,7.834
2022-05-16 16:00:00-03:00,0.081,0.046,0.055,7.295
2022-05-16 17:00:00-03:00,0.008,0.009000000000000001,0.01,6.286
2022-05-16 18:00:00-03:00,0.0,0.0,0.0,6.007
2022-05-16 19:00:00-03:00,0.0,0.0,0.0,5.976
2022-05-16 20:00:00-03:00,0.0,0.0,0.0,5.805
2022-05-16 21:00:00-03:00,0.0,0.0,0.0,5.527
2022-05-16 22:00:00-03:00,0.0,0.0,0.0,5.055
2022-05-16 23:00:00-03:00,0.0,0.0,0.0,4.652
2022-05-17 00:00:00-03:00,0.0,0.0,0.0,4.526
2022-05-17 01:00:00-03:00,0.0,0.0,0.0,4.417
2022-05-17 02:00:00-03:00,0.0,0.0,0.0,4.294
2022-05-17 03:00:00-03:00,0.0,0.0,0.0,4.53
2022-05-17 04:00:00-03:00,0.0,0.0,0.0,4.733
2022-05-17 05:00:00-03:00,0.0,0.0,0.0,4.751
2022-05-17 06:00:00-03:00,0.0,0.0,0.0,4.873
2022-05-17 07:00:00-03:00,0.0,0.0,0.0,5.036
2022-05-17 08:00:00-03:00,0.0,0.0,0.0,5.219
2022-05-17 09:00:00-03:00,0.0,0.0,0.001,5.347
2022-05-17 10:00:00-03:00,0.003,0.001,0.01,5.492
2022-05-17 11:00:00-03:00,0.019,0.003,0.03,5.663
2022-05-17 12:00:00-03:00,0.051000000000000004,0.007,0.063,5.743
2022-05-17 13:00:00-03:00,0.09,0.015,0.096,5.901
2022-05-17 14:00:00-03:00,0.095,0.019,0.097,6.068
2022-05-17 15:00:00-03:00,0.083,0.023,0.08,6.227
2022-05-17 16:00:00-03:00,0.06,0.027,0.052000000000000005,6.184
2022-05-17 17:00:00-03:00,0.009000000000000001,0.009000000000000001,0.011,5.609
2022-05-17 18:00:00-03:00,0.0,0.0,0.0,4.999
2022-05-17 19:00:00-03:00,0.0,0.0,0.0,4.5760000000000005
2022-05-17 20:00:00-03:00,0.0,0.0,0.0,4.484
2022-05-17 21:00:00-03:00,0.0,0.0,0.0,4.24
2022-05-17 22:00:00-03:00,0.0,0.0,0.0,4.013
2022-05-17 23:00:00-03:00,0.0,0.0,0.0,3.871
2022-05-18 00:00:00-03:00,0.0,0.0,0.0,3.726
2022-05-18 01:00:00-03:00,0.0,0.0,0.0,3.662
2022-05-18 02:00:00-03:00,0.0,0.0,0.0,3.678
2022-05-18 03:00:00-03:00,0.0,0.0,0.0,3.833
2022-05-18 04:00:00-03:00,0.0,0.0,0.0,4.196
2022-05-18 05:00:00-03:00,0.0,0.0,0.0,4.711
2022-05-18 06:00:00-03:00,0.0,0.0,0.0,5.085
2022-05-18 07:00:00-03:00,0.0,0.0,0.0,5.491
2022-05-18 08:00:00-03:00,0.0,0.0,0.0,5.744
2022-05-18 09:00:00-03:00,0.0,0.001,0.002,5.884
2022-05-18 10:00:00-03:00,0.038,0.023,0.031,6.385
2022-05-18 11:00:00-03:00,0.137,0.079,0.081,7.078
2022-05-18 12:00:00-03:00,0.17400000000000002,0.08700000000000001,0.112,7.699
2022-05-18 13:00:00-03:00,0.191,0.09,0.128,8.341
2022-05-18 14:00:00-03:00,0.211,0.115,0.125,8.853
2022-05-18 15:00:00-03:00,0.17200000000000001,0.1,0.098,9.091
2022-05-18 16:00:00-03:00,0.1,0.065,0.057,8.862
2022-05-18 17:00:00-03:00,0.027,0.028,0.014,7.82
2022-05-18 18:00:00-03:00,0.0,0.0,0.0,7.177
2022-05-18 19:00:00-03:00,0.0,0.0,0.0,7.019
2022-05-18 20:00:00-03:00,0.0,0.0,0.0,6.986
2022-05-18 21:00:00-03:00,0.0,0.0,0.0,7.01
2022-05-18 22:00:00-03:00,0.0,0.0,0.0,7.016
2022-05-18 23:00:00-03:00,0.0,0.0,0.0,6.962
2022-05-19 00:00:00-03:00,0.0,0.0,0.0,6.828
2022-05-19 01:00:00-03:00,0.0,0.0,0.0,6.619
2022-05-19 02:00:00-03:00,0.0,0.0,0.0,6.343
2022-05-19 03:00:00-03:00,0.0,0.0,0.0,5.959
2022-05-19 04:00:00-03:00,0.0,0.0,0.0,5.562
2022-05-19 05:00:00-03:00,0.0,0.0,0.0,5.099
2022-05-19 06:00:00-03:00,0.0,0.0,0.0,4.521
2022-05-19 07:00:00-03:00,0.0,0.0,0.0,3.526
2022-05-19 08:00:00-03:00,0.0,0.0,0.0,2.923
2022-05-19 09:00:00-03:00,0.0,0.003,0.002,2.762
2022-05-19 10:00:00-03:00,0.035,0.022,0.028,3.166
2022-05-19 11:00:00-03:00,0.14200000000000002,0.085,0.077,3.789
2022-05-19 12:00:00-03:00,0.315,0.23500000000000001,0.11,4.47
2022-05-19 13:00:00-03:00,0.309,0.215,0.126,5.385
2022-05-19 14:00:00-03:00,0.199,0.108,0.117,6.226
2022-05-19 15:00:00-03:00,0.217,0.148,0.096,6.513
2022-05-19 16:00:00-03:00,0.23900000000000002,0.20600000000000002,0.061,6.058
2022-05-19 17:00:00-03:00,0.054,0.058,0.014,4.491
2022-05-19 18:00:00-03:00,0.0,0.0,0.0,3.873
2022-05-19 19:00:00-03:00,0.0,0.0,0.0,4.06
2022-05-19 20:00:00-03:00,0.0,0.0,0.0,4.292
2022-05-19 21:00:00-03:00,0.0,0.0,0.0,4.125
2022-05-19 22:00:00-03:00,0.0,0.0,0.0,3.971
2022-05-19 23:00:00-03:00,0.0,0.0,0.0,3.8890000000000002
2022-05-20 00:00:00-03:00,0.0,0.0,0.0,3.7720000000000002
2022-05-20 01:00:00-03:00,0.0,0.0,0.0,3.46
2022-05-20 02:00:00-03:00,0.0,0.0,0.0,3.26
2022-05-20 03:00:00-03:00,0.0,0.0,0.0,3.3890000000000002
2022-05-20 04:00:00-03:00,0.0,0.0,0.0,3.541
2022-05-20 05:00:00-03:00,0.0,0.0,0.0,3.47
2022-05-20 06:00:00-03:00,0.0,0.0,0.0,3.475
2022-05-20 07:00:00-03:00,0.0,0.0,0.0,3.435
2022-05-20 08:00:00-03:00,0.0,0.0,0.0,3.259
2022-05-20 09:00:00-03:00,0.0,0.001,0.001,3.241
2022-05-20 10:00:00-03:00,0.017,0.008,0.022,3.418
2022-05-20 11:00:00-03:00,0.063,0.021,0.061,3.721
2022-05-20 12:00:00-03:00,0.12,0.04,0.1,4.259
2022-05-20 13:00:00-03:00,0.14300000000000002,0.046,0.11800000000000001,4.881
2022-05-20 14:00:00-03:00,0.137,0.047,0.112,5.353
2022-05-20 15:00:00-03:00,0.106,0.04,0.08700000000000001,5.541
2022-05-20 16:00:00-03:00,0.031,0.011,0.036000000000000004,5.354
2022-05-20 17:00:00-03:00,0.002,0.003,0.006,4.841
2022-05-20 18:00:00-03:00,0.0,0.0,0.0,4.565
2022-05-20 19:00:00-03:00,0.0,0.0,0.0,4.513
2022-05-20 20:00:00-03:00,0.0,0.0,0.0,4.457
2022-05-20 21:00:00-03:00,0.0,0.0,0.0,4.687
2022-05-20 22:00:00-03:00,0.0,0.0,0.0,5.126
2022-05-20 23:00:00-03:00,0.0,0.0,0.0,5.123
2022-05-21 00:00:00-03:00,0.0,0.0,0.0,4.957
2022-05-21 01:00:00-03:00,0.0,0.0,0.0,5.049
2022-05-21 02:00:00-03:00,0.0,0.0,0.0,5.066
2022-05-21 03:00:00-03:00,0.0,0.0,0.0,4.874
2022-05-21 04:00:00-03:00,0.0,0.0,0.0,4.7059999999999995
2022-05-21 05:00:00-03:00,0.0,0.0,0.0,4.704
2022-05-21 06:00:00-03:00,0.0,0.0,0.0,4.18
2022-05-21 07:00:00-03:00,0.0,0.0,0.0,3.445
2022-05-21 08:00:00-03:00,0.0,0.0,0.0,2.846
2022-05-21 09:00:00-03:00,0.001,0.005,0.002,2.439
2022-05-21 10:00:00-03:00,0.139,0.124,0.036000000000000004,3.073
2022-05-21 11:00:00-03:00,0.334,0.296,0.07,3.906
2022-05-21 12:00:00-03:00,0.467,0.433,0.082,4.538
2022-05-21 13:00:00-03:00,0.508,0.47900000000000004,0.08700000000000001,5.095
2022-05-21 14:00:00-03:00,0.44,0.393,0.094,5.402
2022-05-21 15:00:00-03:00,0.373,0.329,0.082,5.452
2022-05-21 16:00:00-03:00,0.212,0.181,0.055,5.071
2022-05-21 17:00:00-03:00,0.036000000000000004,0.04,0.012,3.811
2022-05-21 18:00:00-03:00,0.0,0.0,0.0,3.203
2022-05-21 19:00:00-03:00,0.0,0.0,0.0,3.1310000000000002
2022-05-21 20:00:00-03:00,0.0,0.0,0.0,3.145
2022-05-21 21:00:00-03:00,0.0,0.0,0.0,2.983
2022-05-21 22:00:00-03:00,0.0,0.0,0.0,2.539
2022-05-21 23:00:00-03:00,0.0,0.0,0.0,2.189
2022-05-22 00:00:00-03:00,0.0,0.0,0.0,2.152
2022-05-22 01:00:00-03:00,0.0,0.0,0.0,2.333
2022-05-22 02:00:00-03:00,0.0,0.0,0.0,2.439
2022-05-22 03:00:00-03:00,0.0,0.0,0.0,2.355
2022-05-22 04:00:00-03:00,0.0,0.0,0.0,1.999
2022-05-22 05:00:00-03:00,0.0,0.0,0.0,1.941
2022-05-22 06:00:00-03:00,0.0,0.0,0.0,1.751
2022-05-22 07:00:00-03:00,0.0,0.0,0.0,1.517
2022-05-22 08:00:00-03:00,0.0,0.0,0.0,1.3940000000000001
2022-05-22 09:00:00-03:00,0.0,0.003,0.001,1.353
2022-05-22 10:00:00-03:00,0.112,0.096,0.034,1.83
2022-05-22 11:00:00-03:00,0.321,0.279,0.07100000000000001,2.504
2022-05-22 12:00:00-03:00,0.402,0.34800000000000003,0.091,3.101
2022-05-22 13:00:00-03:00,0.435,0.377,0.1,3.5789999999999997
2022-05-22 14:00:00-03:00,0.403,0.341,0.101,3.9530000000000003
2022-05-22 15:00:00-03:00,0.294,0.23500000000000001,0.08700000000000001,4.079
2022-05-22 16:00:00-03:00,0.17500000000000002,0.14300000000000002,0.054,3.803
2022-05-22 17:00:00-03:00,0.044,0.049,0.012,2.871
2022-05-22 18:00:00-03:00,0.0,0.0,0.0,1.7890000000000001
2022-05-22 19:00:00-03:00,0.0,0.0,0.0,1.542
2022-05-22 20:00:00-03:00,0.0,0.0,0.0,1.6019999999999999
2022-05-22 21:00:00-03:00,0.0,0.0,0.0,1.647
2022-05-22 22:00:00-03:00,0.0,0.0,0.0,1.5510000000000002
2022-05-22 23:00:00-03:00,0.0,0.0,0.0,1.44
2022-05-23 00:00:00-03:00,0.0,0.0,0.0,1.396
2022-05-23 01:00:00-03:00,0.0,0.0,0.0,1.408
2022-05-23 02:00:00-03:00,0.0,0.0,0.0,1.3
2022-05-23 03:00:00-03:00,0.0,0.0,0.0,1.187
2022-05-23 04:00:00-03:00,0.0,0.0,0.0,1.03
2022-05-23 05:00:00-03:00,0.0,0.0,0.0,0.892
2022-05-23 06:00:00-03:00,0.0,0.0,0.0,0.879
2022-05-23 07:00:00-03:00,0.0,0.0,0.0,0.759
2022-05-23 08:00:00-03:00,0.0,0.0,0.0,0.658
2022-05-23 09:00:00-03:00,0.0,0.004,0.001,0.611
2022-05-23 10:00:00-03:00,0.165,0.15,0.035,1.299
2022-05-23 11:00:00-03:00,0.366,0.329,0.069,2.024
2022-05-23 12:00:00-03:00,0.396,0.336,0.095,2.488
2022-05-23 13:00:00-03:00,0.334,0.246,0.117,2.856
2022-05-23 14:00:00-03:00,0.213,0.121,0.114,3.004
2022-05-23 15:00:00-03:00,0.125,0.062,0.084,2.84
2022-05-23 16:00:00-03:00,0.043000000000000003,0.021,0.038,2.427
2022-05-23 17:00:00-03:00,0.001,0.003,0.005,2.028
2022-05-23 18:00:00-03:00,0.0,0.0,0.0,2.32
2022-05-23 19:00:00-03:00,0.0,0.0,0.0,2.834
2022-05-23 20:00:00-03:00,0.0,0.0,0.0,2.952
2022-05-23 21:00:00-03:00,0.0,0.0,0.0,2.954
2022-05-23 22:00:00-03:00,0.0,0.0,0.0,3.031
2022-05-23 23:00:00-03:00,0.0,0.0,0.0,3.113
2022-05-24 00:00:00-03:00,0.0,0.0,0.0,3.142
2022-05-24 01:00:00-03:00,0.0,0.0,0.0,3.088
2022-05-24 02:00:00-03:00,0.0,0.0,0.0,2.991
2022-05-24 03:00:00-03:00,0.0,0.0,0.0,2.841
2022-05-24 04:00:00-03:00,0.0,0.0,0.0,2.623
2022-05-24 05:00:00-03:00,0.0,0.0,0.0,2.3970000000000002
2022-05-24 06:00:00-03:00,0.0,0.0,0.0,2.045
2022-05-24 07:00:00-03:00,0.0,0.0,0.0,1.826
2022-05-24 08:00:00-03:00,0.0,0.0,0.0,1.591
2022-05-24 09:00:00-03:00,0.0,0.004,0.001,1.326
2022-05-24 10:00:00-03:00,0.23800000000000002,0.228,0.032,1.999
2022-05-24 11:00:00-03:00,0.453,0.44,0.056,3.144
2022-05-24 12:00:00-03:00,0.502,0.483,0.07200000000000001,3.646
2022-05-24 13:00:00-03:00,0.506,0.47800000000000004,0.082,3.93
2022-05-24 14:00:00-03:00,0.466,0.429,0.085,4.039
2022-05-24 15:00:00-03:00,0.381,0.341,0.077,3.882
2022-05-24 16:00:00-03:00,0.232,0.20500000000000002,0.051000000000000004,3.402
2022-05-24 17:00:00-03:00,0.039,0.045,0.01,2.623
2022-05-24 18:00:00-03:00,0.0,0.0,0.0,2.147
2022-05-24 19:00:00-03:00,0.0,0.0,0.0,1.979
2022-05-24 20:00:00-03:00,0.0,0.0,0.0,1.891
2022-05-24 21:00:00-03:00,0.0,0.0,0.0,1.9929999999999999
2022-05-24 22:00:00-03:00,0.0,0.0,0.0,2.231
2022-05-24 23:00:00-03:00,0.0,0.0,0.0,2.412
2022-05-25 00:00:00-03:00,0.0,0.0,0.0,2.6029999999999998
2022-05-25 01:00:00-03:00,0.0,0.0,0.0,2.789
2022-05-25 02:00:00-03:00,0.0,0.0,0.0,2.941
2022-05-25 03:00:00-03:00,0.0,0.0,0.0,3.177
2022-05-25 04:00:00-03:00,0.0,0.0,0.0,3.485
2022-05-25 05:00:00-03:00,0.0,0.0,0.0,3.717
2022-05-25 06:00:00-03:00,0.0,0.0,0.0,3.979
2022-05-25 07:00:00-03:00,0.0,0.0,0.0,4.257
2022-05-25 08:00:00-03:00,0.0,0.0,0.0,4.41
2022-05-25 09:00:00-03:00,0.0,0.002,0.001,4.496
2022-05-25 10:00:00-03:00,0.135,0.124,0.032,4.793
2022-05-25 11:00:00-03:00,0.329,0.296,0.067,5.412
2022-05-25 12:00:00-03:00,0.429,0.391,0.085,5.938
2022-05-25 13:00:00-03:00,0.41600000000000004,0.361,0.1,6.194
2022-05-25 14:00:00-03:00,0.317,0.243,0.107,6.223
2022-05-25 15:00:00-03:00,0.188,0.126,0.08600000000000001,6.011
2022-05-25 16:00:00-03:00,0.101,0.073,0.048,5.618
2022-05-25 17:00:00-03:00,0.014,0.018000000000000002,0.008,5.07
2022-05-25 18:00:00-03:00,0.0,0.0,0.0,4.789
2022-05-25 19:00:00-03:00,0.0,0.0,0.0,4.679
2022-05-25 20:00:00-03:00,0.0,0.0,0.0,4.288
2022-05-25 21:00:00-03:00,0.0,0.0,0.0,3.833
2022-05-25 22:00:00-03:00,0.0,0.0,0.0,3.626
2022-05-25 23:00:00-03:00,0.0,0.0,0.0,3.607
2022-05-26 00:00:00-03:00,0.0,0.0,0.0,3.589
2022-05-26 01:00:00-03:00,0.0,0.0,0.0,3.618
2022-05-26 02:00:00-03:00,0.0,0.0,0.0,3.646
2022-05-26 03:00:00-03:00,0.0,0.0,0.0,3.623
2022-05-26 04:00:00-03:00,0.0,0.0,0.0,3.626
2022-05-26 05:00:00-03:00,0.0,0.0,0.0,3.717
2022-05-26 06:00:00-03:00,0.0,0.0,0.0,3.7199999999999998
2022-05-26 07:00:00-03:00,0.0,0.0,0.0,3.689
2022-05-26 08:00:00-03:00,0.0,0.0,0.0,3.648
2022-05-26 09:00:00-03:00,0.0,0.001,0.001,3.454
2022-05-26 10:00:00-03:00,0.082,0.07100000000000001,0.03,3.435
2022-05-26 11:00:00-03:00,0.224,0.177,0.07100000000000001,3.652
2022-05-26 12:00:00-03:00,0.322,0.256,0.097,3.972
2022-05-26 13:00:00-03:00,0.353,0.278,0.109,4.26
2022-05-26 14:00:00-03:00,0.31,0.233,0.107,4.356
2022-05-26 15:00:00-03:00,0.258,0.199,0.08600000000000001,4.286
2022-05-26 16:00:00-03:00,0.146,0.117,0.05,3.94
2022-05-26 17:00:00-03:00,0.019,0.024,0.008,3.475
2022-05-26 18:00:00-03:00,0.0,0.0,0.0,2.991
2022-05-26 19:00:00-03:00,0.0,0.0,0.0,2.508
2022-05-26 20:00:00-03:00,0.0,0.0,0.0,2.23
2022-05-26 21:00:00-03:00,0.0,0.0,0.0,1.998
2022-05-26 22:00:00-03:00,0.0,0.0,0.0,1.716
2022-05-26 23:00:00-03:00,0.0,0.0,0.0,1.494
2022-05-27 00:00:00-03:00,0.0,0.0,0.0,1.522
2022-05-27 01:00:00-03:00,0.0,0.0,0.0,1.8399999999999999
2022-05-27 02:00:00-03:00,0.0,0.0,0.0,2.145
2022-05-27 03:00:00-03:00,0.0,0.0,0.0,2.3810000000000002
2022-05-27 04:00:00-03:00,0.0,0.0,0.0,2.6390000000000002
2022-05-27 05:00:00-03:00,0.0,0.0,0.0,2.814
2022-05-27 06:00:00-03:00,0.0,0.0,0.0,2.981
2022-05-27 07:00:00-03:00,0.0,0.0,0.0,3.205
2022-05-27 08:00:00-03:00,0.0,0.0,0.0,3.559
2022-05-27 09:00:00-03:00,0.0,0.001,0.0,3.902
2022-05-27 10:00:00-03:00,0.04,0.032,0.025,4.331
2022-05-27 11:00:00-03:00,0.177,0.129,0.07100000000000001,4.977
2022-05-27 12:00:00-03:00,0.24,0.168,0.1,5.617
2022-05-27 13:00:00-03:00,0.329,0.253,0.11,6.001
2022-05-27 14:00:00-03:00,0.361,0.297,0.10200000000000001,6.095
2022-05-27 15:00:00-03:00,0.295,0.243,0.084,5.9
2022-05-27 16:00:00-03:00,0.164,0.136,0.05,5.422
2022-05-27 17:00:00-03:00,0.019,0.024,0.008,4.765
2022-05-27 18:00:00-03:00,0.0,0.0,0.0,4.309
2022-05-27 19:00:00-03:00,0.0,0.0,0.0,3.894
2022-05-27 20:00:00-03:00,0.0,0.0,0.0,3.4939999999999998
2022-05-27 21:00:00-03:00,0.0,0.0,0.0,3.303
2022-05-27 22:00:00-03:00,0.0,0.0,0.0,3.167
2022-05-27 23:00:00-03:00,0.0,0.0,0.0,3.039
2022-05-28 00:00:00-03:00,0.0,0.0,0.0,2.904
2022-05-28 01:00:00-03:00,0.0,0.0,0.0,2.746
2022-05-28 02:00:00-03:00,0.0,0.0,0.0,2.685
2022-05-28 03:00:00-03:00,0.0,0.0,0.0,2.693
2022-05-28 04:00:00-03:00,0.0,0.0,0.0,2.667
2022-05-28 05:00:00-03:00,0.0,0.0,0.0,2.602
2022-05-28 06:00:00-03:00,0.0,0.0,0.0,2.5300000000000002
2022-05-28 07:00:00-03:00,0.0,0.0,0.0,2.489
2022-05-28 08:00:00-03:00,0.0,0.0,0.0,2.418
2022-05-28 09:00:00-03:00,0.0,0.0,0.0,2.447
2022-05-28 10:00:00-03:00,0.041,0.032,0.025,2.725
2022-05-28 11:00:00-03:00,0.14,0.091,0.069,3.229
2022-05-28 12:00:00-03:00,0.23700000000000002,0.158,0.10300000000000001,3.758
2022-05-28 13:00:00-03:00,0.221,0.127,0.11800000000000001,4.133
2022-05-28 14:00:00-03:00,0.145,0.064,0.10300000000000001,4.286
2022-05-28 15:00:00-03:00,0.10200000000000001,0.047,0.075,4.288
2022-05-28 16:00:00-03:00,0.074,0.049,0.044,4.101
2022-05-28 17:00:00-03:00,0.008,0.012,0.007,3.628
2022-05-28 18:00:00-03:00,0.0,0.0,0.0,3.285
2022-05-28 19:00:00-03:00,0.0,0.0,0.0,3.023
2022-05-28 20:00:00-03:00,0.0,0.0,0.0,2.969
2022-05-28 21:00:00-03:00,0.0,0.0,0.0,3.013
2022-05-28 22:00:00-03:00,0.0,0.0,0.0,3.021
2022-05-28 23:00:00-03:00,0.0,0.0,0.0,2.922
2022-05-29 00:00:00-03:00,0.0,0.0,0.0,2.725
2022-05-29 01:00:00-03:00,0.0,0.0,0.0,2.616
2022-05-29 02:00:00-03:00,0.0,0.0,0.0,2.6189999999999998
2022-05-29 03:00:00-03:00,0.0,0.0,0.0,2.607
2022-05-29 04:00:00-03:00,0.0,0.0,0.0,2.615
2022-05-29 05:00:00-03:00,0.0,0.0,0.0,2.6189999999999998
2022-05-29 06:00:00-03:00,0.0,0.0,0.0,2.659
2022-05-29 07:00:00-03:00,0.0,0.0,0.0,2.642
2022-05-29 08:00:00-03:00,0.0,0.0,0.0,2.67
2022-05-29 09:00:00-03:00,0.0,0.001,0.0,2.748
2022-05-29 10:00:00-03:00,0.137,0.129,0.029,3.192
2022-05-29 11:00:00-03:00,0.35100000000000003,0.323,0.062,4.069
2022-05-29 12:00:00-03:00,0.514,0.501,0.07100000000000001,4.67
2022-05-29 13:00:00-03:00,0.44,0.391,0.095,4.96
2022-05-29 14:00:00-03:00,0.171,0.092,0.10200000000000001,4.93
2022-05-29 15:00:00-03:00,0.11,0.056,0.075,4.769
2022-05-29 16:00:00-03:00,0.054,0.034,0.038,4.434
2022-05-29 17:00:00-03:00,0.005,0.008,0.006,3.7880000000000003
2022-05-29 18:00:00-03:00,0.0,0.0,0.0,3.22
2022-05-29 19:00:00-03:00,0.0,0.0,0.0,3.003
2022-05-29 20:00:00-03:00,0.0,0.0,0.0,2.93
2022-05-29 21:00:00-03:00,0.0,0.0,0.0,2.915
2022-05-29 22:00:00-03:00,0.0,0.0,0.0,2.938
2022-05-29 23:00:00-03:00,0.0,0.0,0.0,2.964
2022-05-30 00:00:00-03:00,0.0,0.0,0.0,3.052
2022-05-30 01:00:00-03:00,0.0,0.0,0.0,3.216
2022-05-30 02:00:00-03:00,0.0,0.0,0.0,3.406
2022-05-30 03:00:00-03:00,0.0,0.0,0.0,3.682
2022-05-30 04:00:00-03:00,0.0,0.0,0.0,3.928
2022-05-30 05:00:00-03:00,0.0,0.0,0.0,4.096
2022-05-30 06:00:00-03:00,0.0,0.0,0.0,4.371
2022-05-30 07:00:00-03:00,0.0,0.0,0.0,4.677
2022-05-30 08:00:00-03:00,0.0,0.0,0.0,4.978
2022-05-30 09:00:00-03:00,0.0,0.0,0.0,5.315
2022-05-30 10:00:00-03:00,0.014,0.01,0.017,5.782
2022-05-30 11:00:00-03:00,0.057,0.023,0.053,6.333
2022-05-30 12:00:00-03:00,0.101,0.036000000000000004,0.08600000000000001,6.67
2022-05-30 13:00:00-03:00,0.13,0.048,0.105,6.806
2022-05-30 14:00:00-03:00,0.146,0.064,0.105,6.87
2022-05-30 15:00:00-03:00,0.11800000000000001,0.059000000000000004,0.081,6.748
2022-05-30 16:00:00-03:00,0.05,0.029,0.039,6.395
2022-05-30 17:00:00-03:00,0.001,0.004,0.004,5.938
2022-05-30 18:00:00-03:00,0.0,0.0,0.0,5.63
2022-05-30 19:00:00-03:00,0.0,0.0,0.0,5.419
2022-05-30 20:00:00-03:00,0.0,0.0,0.0,5.208
2022-05-30 21:00:00-03:00,0.0,0.0,0.0,4.948
2022-05-30 22:00:00-03:00,0.0,0.0,0.0,4.577
2022-05-30 23:00:00-03:00,0.0,0.0,0.0,4.113
2022-05-31 00:00:00-03:00,0.0,0.0,0.0,3.977
2022-05-31 01:00:00-03:00,0.0,0.0,0.0,3.924
2022-05-31 02:00:00-03:00,0.0,0.0,0.0,3.829
2022-05-31 03:00:00-03:00,0.0,0.0,0.0,3.8120000000000003
2022-05-31 04:00:00-03:00,0.0,0.0,0.0,3.717
2022-05-31 05:00:00-03:00,0.0,0.0,0.0,3.365
2022-05-31 06:00:00-03:00,0.0,0.0,0.0,2.8369999999999997
2022-05-31 07:00:00-03:00,0.0,0.0,0.0,2.5140000000000002
2022-05-31 08:00:00-03:00,0.0,0.0,0.0,2.279
2022-05-31 09:00:00-03:00,0.0,0.001,0.0,2.111
2022-05-31 10:00:00-03:00,0.196,0.192,0.026000000000000002,2.675
2022-05-31 11:00:00-03:00,0.41300000000000003,0.402,0.052000000000000005,4.299
2022-05-31 12:00:00-03:00,0.515,0.513,0.062,5.251
2022-05-31 13:00:00-03:00,0.553,0.557,0.065,5.743
2022-05-31 14:00:00-03:00,0.539,0.542,0.064,6.002
2022-05-31 15:00:00-03:00,0.47500000000000003,0.47100000000000003,0.059000000000000004,5.973
2022-05-31 16:00:00-03:00,0.319,0.31,0.041,5.111
2022-05-31 17:00:00-03:00,0.039,0.048,0.007,3.814
2022-05-31 18:00:00-03:00,0.0,0.0,0.0,3.294
2022-05-31 19:00:00-03:00,0.0,0.0,0.0,2.894
2022-05-31 20:00:00-03:00,0.0,0.0,0.0,2.629
2022-05-31 21:00:00-03:00,0.0,0.0,0.0,2.47
2022-05-31 22:00:00-03:00,0.0,0.0,0.0,2.241
2022-05-31 23:00:00-03:00,0.0,0.0,0.0,1.972
2022-06-01 00:00:00-03:00,0.0,0.0,0.0,1.887
2022-06-01 01:00:00-03:00,0.0,0.0,0.0,1.896
2022-06-01 02:00:00-03:00,0.0,0.0,0.0,1.827
2022-06-01 03:00:00-03:00,0.0,0.0,0.0,1.708
2022-06-01 04:00:00-03:00,0.0,0.0,0.0,1.585
2022-06-01 05:00:00-03:00,0.0,0.0,0.0,1.425
2022-06-01 06:00:00-03:00,0.0,0.0,0.0,1.244
2022-06-01 07:00:00-03:00,0.0,0.0,0.0,0.859
2022-06-01 08:00:00-03:00,0.0,0.0,0.0,0.651
2022-06-01 09:00:00-03:00,0.0,0.0,0.0,0.497
2022-06-01 10:00:00-03:00,0.16,0.153,0.026000000000000002,0.883
2022-06-01 11:00:00-03:00,0.379,0.355,0.056,2.278
2022-06-01 12:00:00-03:00,0.492,0.47300000000000003,0.068,2.961
2022-06-01 13:00:00-03:00,0.512,0.49,0.076,3.27
2022-06-01 14:00:00-03:00,0.41600000000000004,0.369,0.08600000000000001,3.3810000000000002
2022-06-01 15:00:00-03:00,0.259,0.20600000000000002,0.078,3.208
2022-06-01 16:00:00-03:00,0.093,0.07100000000000001,0.041,2.511
2022-06-01 17:00:00-03:00,0.003,0.006,0.004,1.604
2022-06-01 18:00:00-03:00,0.0,0.0,0.0,1.482
2022-06-01 19:00:00-03:00,0.0,0.0,0.0,1.568
2022-06-01 20:00:00-03:00,0.0,0.0,0.0,1.592
2022-06-01 21:00:00-03:00,0.0,0.0,0.0,1.561
2022-06-01 22:00:00-03:00,0.0,0.0,0.0,1.588
2022-06-01 23:00:00-03:00,0.0,0.0,0.0,1.901
2022-06-02 00:00:00-03:00,0.0,0.0,0.0,2.008
2022-06-02 01:00:00-03:00,0.0,0.0,0.0,1.877
2022-06-02 02:00:00-03:00,0.0,0.0,0.0,1.659
2022-06-02 03:00:00-03:00,0.0,0.0,0.0,1.455
2022-06-02 04:00:00-03:00,0.0,0.0,0.0,1.332
2022-06-02 05:00:00-03:00,0.0,0.0,0.0,1.18
2022-06-02 06:00:00-03:00,0.0,0.0,0.0,1.117
2022-06-02 07:00:00-03:00,0.0,0.0,0.0,1.124
2022-06-02 08:00:00-03:00,0.0,0.0,0.0,1.076
2022-06-02 09:00:00-03:00,0.0,0.0,0.0,1.005
2022-06-02 10:00:00-03:00,0.04,0.035,0.021,1.452
2022-06-02 11:00:00-03:00,0.158,0.115,0.064,2.505
2022-06-02 12:00:00-03:00,0.34700000000000003,0.291,0.088,3.135
2022-06-02 13:00:00-03:00,0.434,0.385,0.09,3.339
2022-06-02 14:00:00-03:00,0.41400000000000003,0.364,0.09,3.4939999999999998
2022-06-02 15:00:00-03:00,0.211,0.155,0.079,3.415
2022-06-02 16:00:00-03:00,0.115,0.091,0.043000000000000003,3.019
2022-06-02 17:00:00-03:00,0.007,0.012,0.005,2.147
2022-06-02 18:00:00-03:00,0.0,0.0,0.0,1.846
2022-06-02 19:00:00-03:00,0.0,0.0,0.0,1.579
2022-06-02 20:00:00-03:00,0.0,0.0,0.0,1.435
2022-06-02 21:00:00-03:00,0.0,0.0,0.0,1.417
2022-06-02 22:00:00-03:00,0.0,0.0,0.0,1.4100000000000001
2022-06-02 23:00:00-03:00,0.0,0.0,0.0,1.319
2022-06-03 00:00:00-03:00,0.0,0.0,0.0,1.3519999999999999
2022-06-03 01:00:00-03:00,0.0,0.0,0.0,1.429
2022-06-03 02:00:00-03:00,0.0,0.0,0.0,1.477
2022-06-03 03:00:00-03:00,0.0,0.0,0.0,1.53
2022-06-03 04:00:00-03:00,0.0,0.0,0.0,1.619
2022-06-03 05:00:00-03:00,0.0,0.0,0.0,1.647
2022-06-03 06:00:00-03:00,0.0,0.0,0.0,1.6880000000000002
2022-06-03 07:00:00-03:00,0.0,0.0,0.0,1.7000000000000002
2022-06-03 08:00:00-03:00,0.0,0.0,0.0,1.782
2022-06-03 09:00:00-03:00,0.0,0.0,0.0,1.783
2022-06-03 10:00:00-03:00,0.03,0.025,0.02,1.944
2022-06-03 11:00:00-03:00,0.081,0.041,0.058,2.42
2022-06-03 12:00:00-03:00,0.096,0.034,0.081,2.832
2022-06-03 13:00:00-03:00,0.111,0.035,0.096,3.116
2022-06-03 14:00:00-03:00,0.105,0.034,0.091,3.342
2022-06-03 15:00:00-03:00,0.061,0.019,0.06,3.379
2022-06-03 16:00:00-03:00,0.023,0.01,0.027,3.285
2022-06-03 17:00:00-03:00,0.0,0.003,0.003,3.07
2022-06-03 18:00:00-03:00,0.0,0.0,0.0,3.051
2022-06-03 19:00:00-03:00,0.0,0.0,0.0,3.253
2022-06-03 20:00:00-03:00,0.0,0.0,0.0,3.47
2022-06-03 21:00:00-03:00,0.0,0.0,0.0,3.665
2022-06-03 22:00:00-03:00,0.0,0.0,0.0,3.818
2022-06-03 23:00:00-03:00,0.0,0.0,0.0,3.995
2022-06-04 00:00:00-03:00,0.0,0.0,0.0,4.09
2022-06-04 01:00:00-03:00,0.0,0.0,0.0,3.838
2022-06-04 02:00:00-03:00,0.0,0.0,0.0,3.571
2022-06-04 03:00:00-03:00,0.0,0.0,0.0,3.292
2022-06-04 04:00:00-03:00,0.0,0.0,0.0,2.911
2022-06-04 05:00:00-03:00,0.0,0.0,0.0,2.523
2022-06-04 06:00:00-03:00,0.0,0.0,0.0,2.258
2022-06-04 07:00:00-03:00,0.0,0.0,0.0,2.055
2022-06-04 08:00:00-03:00,0.0,0.0,0.0,1.853
2022-06-04 09:00:00-03:00,0.0,0.0,0.0,1.615
2022-06-04 10:00:00-03:00,0.039,0.034,0.02,1.6520000000000001
2022-06-04 11:00:00-03:00,0.126,0.084,0.062,2.0
2022-06-04 12:00:00-03:00,0.213,0.14100000000000001,0.095,2.459
2022-06-04 13:00:00-03:00,0.253,0.168,0.109,2.851
2022-06-04 14:00:00-03:00,0.255,0.17500000000000002,0.10400000000000001,3.181
2022-06-04 15:00:00-03:00,0.155,0.098,0.078,3.299
2022-06-04 16:00:00-03:00,0.08,0.058,0.04,3.218
2022-06-04 17:00:00-03:00,0.003,0.007,0.004,2.952
2022-06-04 18:00:00-03:00,0.0,0.0,0.0,2.987
2022-06-04 19:00:00-03:00,0.0,0.0,0.0,3.163
2022-06-04 20:00:00-03:00,0.0,0.0,0.0,3.271
2022-06-04 21:00:00-03:00,0.0,0.0,0.0,3.325
2022-06-04 22:00:00-03:00,0.0,0.0,0.0,3.481
2022-06-04 23:00:00-03:00,0.0,0.0,0.0,3.749
2022-06-05 00:00:00-03:00,0.0,0.0,0.0,3.886
2022-06-05 01:00:00-03:00,0.0,0.0,0.0,3.92
2022-06-05 02:00:00-03:00,0.0,0.0,0.0,3.982
2022-06-05 03:00:00-03:00,0.0,0.0,0.0,3.992
2022-06-05 04:00:00-03:00,0.0,0.0,0.0,3.94
2022-06-05 05:00:00-03:00,0.0,0.0,0.0,3.87
2022-06-05 06:00:00-03:00,0.0,0.0,0.0,3.9050000000000002
2022-06-05 07:00:00-03:00,0.0,0.0,0.0,3.92
2022-06-05 08:00:00-03:00,0.0,0.0,0.0,4.022
2022-06-05 09:00:00-03:00,0.0,0.0,0.0,4.307
2022-06-05 10:00:00-03:00,0.001,0.001,0.006,4.636
2022-06-05 11:00:00-03:00,0.01,0.002,0.019,4.918
2022-06-05 12:00:00-03:00,0.018000000000000002,0.002,0.03,5.023
2022-06-05 13:00:00-03:00,0.029,0.002,0.041,4.841
2022-06-05 14:00:00-03:00,0.032,0.003,0.045,4.616
2022-06-05 15:00:00-03:00,0.017,0.002,0.028,4.329
2022-06-05 16:00:00-03:00,0.005,0.001,0.012,4.104
2022-06-05 17:00:00-03:00,0.0,0.0,0.001,3.952
2022-06-05 18:00:00-03:00,0.0,0.0,0.0,4.022
2022-06-05 19:00:00-03:00,0.0,0.0,0.0,4.104
2022-06-05 20:00:00-03:00,0.0,0.0,0.0,4.075
2022-06-05 21:00:00-03:00,0.0,0.0,0.0,4.021
2022-06-05 22:00:00-03:00,0.0,0.0,0.0,4.27
2022-06-05 23:00:00-03:00,0.0,0.0,0.0,4.991
2022-06-06 00:00:00-03:00,0.0,0.0,0.0,5.549
2022-06-06 01:00:00-03:00,0.0,0.0,0.0,5.339
2022-06-06 02:00:00-03:00,0.0,0.0,0.0,3.9530000000000003
2022-06-06 03:00:00-03:00,0.0,0.0,0.0,2.754
2022-06-06 04:00:00-03:00,0.0,0.0,0.0,2.426
2022-06-06 05:00:00-03:00,0.0,0.0,0.0,2.063
2022-06-06 06:00:00-03:00,0.0,0.0,0.0,1.7810000000000001
2022-06-06 07:00:00-03:00,0.0,0.0,0.0,1.763
2022-06-06 08:00:00-03:00,0.0,0.0,0.0,1.862
2022-06-06 09:00:00-03:00,0.0,0.0,0.0,2.102
2022-06-06 10:00:00-03:00,0.01,0.008,0.013000000000000001,2.509
2022-06-06 11:00:00-03:00,0.054,0.022,0.049,3.007
2022-06-06 12:00:00-03:00,0.084,0.026000000000000002,0.076,3.342
2022-06-06 13:00:00-03:00,0.091,0.024,0.08600000000000001,3.5300000000000002
2022-06-06 14:00:00-03:00,0.089,0.025,0.083,3.654
2022-06-06 15:00:00-03:00,0.067,0.023,0.062,3.724
2022-06-06 16:00:00-03:00,0.031,0.016,0.03,3.609
2022-06-06 17:00:00-03:00,0.0,0.002,0.003,3.411
2022-06-06 18:00:00-03:00,0.0,0.0,0.0,3.433
2022-06-06 19:00:00-03:00,0.0,0.0,0.0,3.552
2022-06-06 20:00:00-03:00,0.0,0.0,0.0,3.576
2022-06-06 21:00:00-03:00,0.0,0.0,0.0,3.511
2022-06-06 22:00:00-03:00,0.0,0.0,0.0,3.204
2022-06-06 23:00:00-03:00,0.0,0.0,0.0,3.027
2022-06-07 00:00:00-03:00,0.0,0.0,0.0,2.787
2022-06-07 01:00:00-03:00,0.0,0.0,0.0,2.654
2022-06-07 02:00:00-03:00,0.0,0.0,0.0,2.608
2022-06-07 03:00:00-03:00,0.0,0.0,0.0,2.625
2022-06-07 04:00:00-03:00,0.0,0.0,0.0,2.642
2022-06-07 05:00:00-03:00,0.0,0.0,0.0,2.593
2022-06-07 06:00:00-03:00,0.0,0.0,0.0,2.563
2022-06-07 07:00:00-03:00,0.0,0.0,0.0,2.5620000000000003
2022-06-07 08:00:00-03:00,0.0,0.0,0.0,2.625
2022-06-07 09:00:00-03:00,0.0,0.0,0.0,2.68
2022-06-07 10:00:00-03:00,0.018000000000000002,0.016,0.016,2.979
2022-06-07 11:00:00-03:00,0.094,0.057,0.057,3.805
2022-06-07 12:00:00-03:00,0.217,0.148,0.094,4.814
2022-06-07 13:00:00-03:00,0.312,0.24,0.105,5.755
2022-06-07 14:00:00-03:00,0.277,0.20500000000000002,0.10200000000000001,6.377
2022-06-07 15:00:00-03:00,0.138,0.085,0.076,6.468
2022-06-07 16:00:00-03:00,0.029,0.017,0.028,6.156
2022-06-07 17:00:00-03:00,0.0,0.002,0.002,5.759
2022-06-07 18:00:00-03:00,0.0,0.0,0.0,5.621
2022-06-07 19:00:00-03:00,0.0,0.0,0.0,5.408
2022-06-07 20:00:00-03:00,0.0,0.0,0.0,5.222
2022-06-07 21:00:00-03:00,0.0,0.0,0.0,4.838
2022-06-07 22:00:00-03:00,0.0,0.0,0.0,4.375
2022-06-07 23:00:00-03:00,0.0,0.0,0.0,4.172
2022-06-08 00:00:00-03:00,0.0,0.0,0.0,4.052
2022-06-08 01:00:00-03:00,0.0,0.0,0.0,3.785
2022-06-08 02:00:00-03:00,0.0,0.0,0.0,3.596
2022-06-08 03:00:00-03:00,0.0,0.0,0.0,3.626
2022-06-08 04:00:00-03:00,0.0,0.0,0.0,3.846
2022-06-08 05:00:00-03:00,0.0,0.0,0.0,3.839
2022-06-08 06:00:00-03:00,0.0,0.0,0.0,3.527
2022-06-08 07:00:00-03:00,0.0,0.0,0.0,3.084
2022-06-08 08:00:00-03:00,0.0,0.0,0.0,2.7880000000000003
2022-06-08 09:00:00-03:00,0.0,0.0,0.0,2.982
2022-06-08 10:00:00-03:00,0.004,0.003,0.009000000000000001,3.508
2022-06-08 11:00:00-03:00,0.021,0.005,0.03,4.147
2022-06-08 12:00:00-03:00,0.035,0.006,0.046,4.217
2022-06-08 13:00:00-03:00,0.053,0.009000000000000001,0.062,4.011
2022-06-08 14:00:00-03:00,0.083,0.022,0.079,3.797
2022-06-08 15:00:00-03:00,0.106,0.051000000000000004,0.074,3.617
2022-06-08 16:00:00-03:00,0.061,0.041,0.038,3.291
2022-06-08 17:00:00-03:00,0.001,0.004,0.003,2.813
2022-06-08 18:00:00-03:00,0.0,0.0,0.0,2.385
2022-06-08 19:00:00-03:00,0.0,0.0,0.0,1.988
2022-06-08 20:00:00-03:00,0.0,0.0,0.0,1.7429999999999999
2022-06-08 21:00:00-03:00,0.0,0.0,0.0,1.573
2022-06-08 22:00:00-03:00,0.0,0.0,0.0,1.435
2022-06-08 23:00:00-03:00,0.0,0.0,0.0,1.263
2022-06-09 00:00:00-03:00,0.0,0.0,0.0,1.191
2022-06-09 01:00:00-03:00,0.0,0.0,0.0,1.2530000000000001
2022-06-09 02:00:00-03:00,0.0,0.0,0.0,1.254
2022-06-09 03:00:00-03:00,0.0,0.0,0.0,1.238
2022-06-09 04:00:00-03:00,0.0,0.0,0.0,1.264
2022-06-09 05:00:00-03:00,0.0,0.0,0.0,1.3
2022-06-09 06:00:00-03:00,0.0,0.0,0.0,1.299
2022-06-09 07:00:00-03:00,0.0,0.0,0.0,1.102
2022-06-09 08:00:00-03:00,0.0,0.0,0.0,0.98
2022-06-09 09:00:00-03:00,0.0,0.0,0.0,1.058
2022-06-09 10:00:00-03:00,0.12,0.11800000000000001,0.021,1.23
2022-06-09 11:00:00-03:00,0.338,0.313,0.053,2.143
2022-06-09 12:00:00-03:00,0.458,0.434,0.067,2.759
2022-06-09 13:00:00-03:00,0.454,0.42,0.078,2.972
2022-06-09 14:00:00-03:00,0.426,0.387,0.078,2.973
2022-06-09 15:00:00-03:00,0.333,0.295,0.068,2.757
2022-06-09 16:00:00-03:00,0.157,0.138,0.039,2.0
2022-06-09 17:00:00-03:00,0.005,0.011,0.004,0.59
2022-06-09 18:00:00-03:00,0.0,0.0,0.0,0.297
2022-06-09 19:00:00-03:00,0.0,0.0,0.0,0.327
2022-06-09 20:00:00-03:00,0.0,0.0,0.0,0.5
2022-06-09 21:00:00-03:00,0.0,0.0,0.0,0.808
2022-06-09 22:00:00-03:00,0.0,0.0,0.0,0.976
2022-06-09 23:00:00-03:00,0.0,0.0,0.0,1.068
2022-06-10 00:00:00-03:00,0.0,0.0,0.0,0.978
2022-06-10 01:00:00-03:00,0.0,0.0,0.0,0.741
2022-06-10 02:00:00-03:00,0.0,0.0,0.0,0.493
2022-06-10 03:00:00-03:00,0.0,0.0,0.0,0.31
2022-06-10 04:00:00-03:00,0.0,0.0,0.0,0.23500000000000001
2022-06-10 05:00:00-03:00,0.0,0.0,0.0,0.275
2022-06-10 06:00:00-03:00,0.0,0.0,0.0,0.338
2022-06-10 07:00:00-03:00,0.0,0.0,0.0,0.447
2022-06-10 08:00:00-03:00,0.0,0.0,0.0,0.519
2022-06-10 09:00:00-03:00,0.0,0.0,0.0,1.0
2022-06-10 10:00:00-03:00,0.0,0.001,0.004,2.349
2022-06-10 11:00:00-03:00,0.003,0.001,0.01,3.6189999999999998
2022-06-10 12:00:00-03:00,0.008,0.001,0.018000000000000002,4.897
2022-06-10 13:00:00-03:00,0.016,0.001,0.027,6.184
2022-06-10 14:00:00-03:00,0.01,0.001,0.02,7.096
2022-06-10 15:00:00-03:00,0.007,0.001,0.017,7.442
2022-06-10 16:00:00-03:00,0.002,0.001,0.009000000000000001,7.362
2022-06-10 17:00:00-03:00,0.0,0.0,0.001,6.881
2022-06-10 18:00:00-03:00,0.0,0.0,0.0,6.39
2022-06-10 19:00:00-03:00,0.0,0.0,0.0,5.969
2022-06-10 20:00:00-03:00,0.0,0.0,0.0,5.632
2022-06-10 21:00:00-03:00,0.0,0.0,0.0,4.971
2022-06-10 22:00:00-03:00,0.0,0.0,0.0,4.465
2022-06-10 23:00:00-03:00,0.0,0.0,0.0,4.181
2022-06-11 00:00:00-03:00,0.0,0.0,0.0,4.158
2022-06-11 01:00:00-03:00,0.0,0.0,0.0,4.171
2022-06-11 02:00:00-03:00,0.0,0.0,0.0,4.248
2022-06-11 03:00:00-03:00,0.0,0.0,0.0,4.321
2022-06-11 04:00:00-03:00,0.0,0.0,0.0,4.404
2022-06-11 05:00:00-03:00,0.0,0.0,0.0,4.598
2022-06-11 06:00:00-03:00,0.0,0.0,0.0,4.895
2022-06-11 07:00:00-03:00,0.0,0.0,0.0,5.414
2022-06-11 08:00:00-03:00,0.0,0.0,0.0,5.775
2022-06-11 09:00:00-03:00,0.0,0.0,0.0,5.698
2022-06-11 10:00:00-03:00,0.003,0.003,0.009000000000000001,5.523
2022-06-11 11:00:00-03:00,0.009000000000000001,0.002,0.017,5.304
2022-06-11 12:00:00-03:00,0.08,0.025,0.074,5.307
2022-06-11 13:00:00-03:00,0.219,0.127,0.11800000000000001,5.858
2022-06-11 14:00:00-03:00,0.061,0.013000000000000001,0.066,6.287
2022-06-11 15:00:00-03:00,0.047,0.012,0.053,6.24
2022-06-11 16:00:00-03:00,0.007,0.003,0.015,5.85
2022-06-11 17:00:00-03:00,0.0,0.0,0.001,5.481
2022-06-11 18:00:00-03:00,0.0,0.0,0.0,5.331
2022-06-11 19:00:00-03:00,0.0,0.0,0.0,5.293
2022-06-11 20:00:00-03:00,0.0,0.0,0.0,5.269
2022-06-11 21:00:00-03:00,0.0,0.0,0.0,5.257
2022-06-11 22:00:00-03:00,0.0,0.0,0.0,5.322
2022-06-11 23:00:00-03:00,0.0,0.0,0.0,5.452
2022-06-12 00:00:00-03:00,0.0,0.0,0.0,5.529
2022-06-12 01:00:00-03:00,0.0,0.0,0.0,5.487
2022-06-12 02:00:00-03:00,0.0,0.0,0.0,5.547
2022-06-12 03:00:00-03:00,0.0,0.0,0.0,5.829
2022-06-12 04:00:00-03:00,0.0,0.0,0.0,6.271
2022-06-12 05:00:00-03:00,0.0,0.0,0.0,6.767
2022-06-12 06:00:00-03:00,0.0,0.0,0.0,6.965
2022-06-12 07:00:00-03:00,0.0,0.0,0.0,7.228
2022-06-12 08:00:00-03:00,0.0,0.0,0.0,7.368
2022-06-12 09:00:00-03:00,0.0,0.0,0.0,7.558
2022-06-12 10:00:00-03:00,0.01,0.009000000000000001,0.012,7.773
2022-06-12 11:00:00-03:00,0.036000000000000004,0.013000000000000001,0.04,8.217
2022-06-12 12:00:00-03:00,0.068,0.02,0.068,8.588
2022-06-12 13:00:00-03:00,0.101,0.032,0.092,8.874
2022-06-12 14:00:00-03:00,0.076,0.02,0.077,8.979
2022-06-12 15:00:00-03:00,0.035,0.008,0.044,8.85
2022-06-12 16:00:00-03:00,0.01,0.004,0.017,8.605
2022-06-12 17:00:00-03:00,0.0,0.001,0.002,8.016
2022-06-12 18:00:00-03:00,0.0,0.0,0.0,7.717
2022-06-12 19:00:00-03:00,0.0,0.0,0.0,7.551
2022-06-12 20:00:00-03:00,0.0,0.0,0.0,7.421
2022-06-12 21:00:00-03:00,0.0,0.0,0.0,7.268
2022-06-12 22:00:00-03:00,0.0,0.0,0.0,7.061
2022-06-12 23:00:00-03:00,0.0,0.0,0.0,6.891
2022-06-13 00:00:00-03:00,0.0,0.0,0.0,6.796
2022-06-13 01:00:00-03:00,0.0,0.0,0.0,6.838
2022-06-13 02:00:00-03:00,0.0,0.0,0.0,6.922
2022-06-13 03:00:00-03:00,0.0,0.0,0.0,7.049
2022-06-13 04:00:00-03:00,0.0,0.0,0.0,7.14
2022-06-13 05:00:00-03:00,0.0,0.0,0.0,7.123
2022-06-13 06:00:00-03:00,0.0,0.0,0.0,7.006
2022-06-13 07:00:00-03:00,0.0,0.0,0.0,6.878
2022-06-13 08:00:00-03:00,0.0,0.0,0.0,6.689
2022-06-13 09:00:00-03:00,0.0,0.0,0.0,6.582
2022-06-13 10:00:00-03:00,0.029,0.029,0.015,6.6129999999999995
2022-06-13 11:00:00-03:00,0.116,0.081,0.057,7.012
2022-06-13 12:00:00-03:00,0.194,0.132,0.088,7.147
2022-06-13 13:00:00-03:00,0.254,0.18,0.10300000000000001,6.878
2022-06-13 14:00:00-03:00,0.214,0.14200000000000002,0.098,6.486
2022-06-13 15:00:00-03:00,0.134,0.084,0.07200000000000001,5.962
2022-06-13 16:00:00-03:00,0.048,0.034,0.032,5.268
2022-06-13 17:00:00-03:00,0.0,0.003,0.002,4.383
2022-06-13 18:00:00-03:00,0.0,0.0,0.0,4.11
2022-06-13 19:00:00-03:00,0.0,0.0,0.0,4.02
2022-06-13 20:00:00-03:00,0.0,0.0,0.0,3.844
2022-06-13 21:00:00-03:00,0.0,0.0,0.0,3.573
2022-06-13 22:00:00-03:00,0.0,0.0,0.0,3.433
2022-06-13 23:00:00-03:00,0.0,0.0,0.0,3.312
2022-06-14 00:00:00-03:00,0.0,0.0,0.0,3.472
2022-06-14 01:00:00-03:00,0.0,0.0,0.0,3.468
2022-06-14 02:00:00-03:00,0.0,0.0,0.0,3.291
2022-06-14 03:00:00-03:00,0.0,0.0,0.0,2.969
2022-06-14 04:00:00-03:00,0.0,0.0,0.0,2.5869999999999997
2022-06-14 05:00:00-03:00,0.0,0.0,0.0,2.251
2022-06-14 06:00:00-03:00,0.0,0.0,0.0,2.037
2022-06-14 07:00:00-03:00,0.0,0.0,0.0,1.908
2022-06-14 08:00:00-03:00,0.0,0.0,0.0,1.776
2022-06-14 09:00:00-03:00,0.0,0.0,0.0,1.691
2022-06-14 10:00:00-03:00,0.092,0.094,0.017,1.9969999999999999
2022-06-14 11:00:00-03:00,0.23600000000000002,0.20500000000000002,0.055,3.321
2022-06-14 12:00:00-03:00,0.335,0.291,0.077,4.274
2022-06-14 13:00:00-03:00,0.366,0.316,0.085,4.5440000000000005
2022-06-14 14:00:00-03:00,0.438,0.40900000000000003,0.074,4.665
2022-06-14 15:00:00-03:00,0.332,0.301,0.064,4.585
2022-06-14 16:00:00-03:00,0.184,0.17,0.037,3.9290000000000003
2022-06-14 17:00:00-03:00,0.007,0.013000000000000001,0.003,2.596
2022-06-14 18:00:00-03:00,0.0,0.0,0.0,2.351
2022-06-14 19:00:00-03:00,0.0,0.0,0.0,2.408
2022-06-14 20:00:00-03:00,0.0,0.0,0.0,2.449
2022-06-14 21:00:00-03:00,0.0,0.0,0.0,2.6470000000000002
2022-06-14 22:00:00-03:00,0.0,0.0,0.0,2.863
2022-06-14 23:00:00-03:00,0.0,0.0,0.0,3.172
2022-06-15 00:00:00-03:00,0.0,0.0,0.0,3.467
2022-06-15 01:00:00-03:00,0.0,0.0,0.0,3.66
2022-06-15 02:00:00-03:00,0.0,0.0,0.0,3.778
2022-06-15 03:00:00-03:00,0.0,0.0,0.0,3.931
2022-06-15 04:00:00-03:00,0.0,0.0,0.0,4.051
2022-06-15 05:00:00-03:00,0.0,0.0,0.0,4.169
2022-06-15 06:00:00-03:00,0.0,0.0,0.0,4.283
2022-06-15 07:00:00-03:00,0.0,0.0,0.0,4.376
2022-06-15 08:00:00-03:00,0.0,0.0,0.0,4.533
2022-06-15 09:00:00-03:00,0.0,0.0,0.0,4.736
2022-06-15 10:00:00-03:00,0.002,0.002,0.007,5.019
2022-06-15 11:00:00-03:00,0.017,0.004,0.026000000000000002,5.392
2022-06-15 12:00:00-03:00,0.033,0.005,0.044,5.813
2022-06-15 13:00:00-03:00,0.04,0.005,0.052000000000000005,6.22
2022-06-15 14:00:00-03:00,0.041,0.006,0.053,6.534
2022-06-15 15:00:00-03:00,0.033,0.007,0.042,6.766
2022-06-15 16:00:00-03:00,0.012,0.005,0.019,6.846
2022-06-15 17:00:00-03:00,0.0,0.001,0.001,6.817
2022-06-15 18:00:00-03:00,0.0,0.0,0.0,6.857
2022-06-15 19:00:00-03:00,0.0,0.0,0.0,6.866
2022-06-15 20:00:00-03:00,0.0,0.0,0.0,6.872
2022-06-15 21:00:00-03:00,0.0,0.0,0.0,6.913
2022-06-15 22:00:00-03:00,0.0,0.0,0.0,6.917
2022-06-15 23:00:00-03:00,0.0,0.0,0.0,6.9030000000000005
2022-06-16 00:00:00-03:00,0.0,0.0,0.0,6.813
2022-06-16 01:00:00-03:00,0.0,0.0,0.0,6.698
2022-06-16 02:00:00-03:00,0.0,0.0,0.0,6.523
2022-06-16 03:00:00-03:00,0.0,0.0,0.0,6.128
2022-06-16 04:00:00-03:00,0.0,0.0,0.0,5.526
2022-06-16 05:00:00-03:00,0.0,0.0,0.0,4.773
2022-06-16 06:00:00-03:00,0.0,0.0,0.0,4.164
2022-06-16 07:00:00-03:00,0.0,0.0,0.0,3.826
2022-06-16 08:00:00-03:00,0.0,0.0,0.0,3.561
2022-06-16 09:00:00-03:00,0.0,0.0,0.0,3.278
2022-06-16 10:00:00-03:00,0.035,0.036000000000000004,0.015,3.212
2022-06-16 11:00:00-03:00,0.09,0.057,0.053,3.47
2022-06-16 12:00:00-03:00,0.154,0.09,0.08600000000000001,3.347
2022-06-16 13:00:00-03:00,0.167,0.088,0.1,2.815
2022-06-16 14:00:00-03:00,0.14200000000000002,0.07100000000000001,0.091,2.292
2022-06-16 15:00:00-03:00,0.14400000000000002,0.091,0.073,1.8050000000000002
2022-06-16 16:00:00-03:00,0.074,0.056,0.035,1.127
2022-06-16 17:00:00-03:00,0.0,0.003,0.002,0.316
2022-06-16 18:00:00-03:00,0.0,0.0,0.0,-0.07100000000000001
2022-06-16 19:00:00-03:00,0.0,0.0,0.0,-0.128
2022-06-16 20:00:00-03:00,0.0,0.0,0.0,-0.182
2022-06-16 21:00:00-03:00,0.0,0.0,0.0,-0.012
2022-06-16 22:00:00-03:00,0.0,0.0,0.0,0.28500000000000003
2022-06-16 23:00:00-03:00,0.0,0.0,0.0,0.642
2022-06-17 00:00:00-03:00,0.0,0.0,0.0,1.153
2022-06-17 01:00:00-03:00,0.0,0.0,0.0,1.88
2022-06-17 02:00:00-03:00,0.0,0.0,0.0,2.689
2022-06-17 03:00:00-03:00,0.0,0.0,0.0,3.29
2022-06-17 04:00:00-03:00,0.0,0.0,0.0,3.553
2022-06-17 05:00:00-03:00,0.0,0.0,0.0,3.745
2022-06-17 06:00:00-03:00,0.0,0.0,0.0,3.8689999999999998
2022-06-17 07:00:00-03:00,0.0,0.0,0.0,3.6109999999999998
2022-06-17 08:00:00-03:00,0.0,0.0,0.0,3.15
2022-06-17 09:00:00-03:00,0.0,0.0,0.0,2.782
2022-06-17 10:00:00-03:00,0.04,0.041,0.015,2.5789999999999997
2022-06-17 11:00:00-03:00,0.156,0.11900000000000001,0.057,2.681
2022-06-17 12:00:00-03:00,0.254,0.191,0.08700000000000001,2.6109999999999998
2022-06-17 13:00:00-03:00,0.23,0.152,0.101,2.2640000000000002
2022-06-17 14:00:00-03:00,0.202,0.127,0.096,2.085
2022-06-17 15:00:00-03:00,0.14,0.088,0.07100000000000001,1.963
2022-06-17 16:00:00-03:00,0.046,0.031,0.031,1.6800000000000002
2022-06-17 17:00:00-03:00,0.0,0.002,0.002,1.138
2022-06-17 18:00:00-03:00,0.0,0.0,0.0,0.704
2022-06-17 19:00:00-03:00,0.0,0.0,0.0,0.5740000000000001
2022-06-17 20:00:00-03:00,0.0,0.0,0.0,0.5750000000000001
2022-06-17 21:00:00-03:00,0.0,0.0,0.0,0.581
2022-06-17 22:00:00-03:00,0.0,0.0,0.0,0.581
2022-06-17 23:00:00-03:00,0.0,0.0,0.0,0.512
2022-06-18 00:00:00-03:00,0.0,0.0,0.0,0.336
2022-06-18 01:00:00-03:00,0.0,0.0,0.0,0.09
2022-06-18 02:00:00-03:00,0.0,0.0,0.0,-0.17500000000000002
2022-06-18 03:00:00-03:00,0.0,0.0,0.0,-0.322
2022-06-18 04:00:00-03:00,0.0,0.0,0.0,-0.432
2022-06-18 05:00:00-03:00,0.0,0.0,0.0,-0.303
2022-06-18 06:00:00-03:00,0.0,0.0,0.0,-0.20800000000000002
2022-06-18 07:00:00-03:00,0.0,0.0,0.0,-0.233
2022-06-18 08:00:00-03:00,0.0,0.0,0.0,-0.301
2022-06-18 09:00:00-03:00,0.0,0.0,0.0,-0.266
2022-06-18 10:00:00-03:00,0.022,0.022,0.014,-0.182
2022-06-18 11:00:00-03:00,0.073,0.04,0.05,0.422
2022-06-18 12:00:00-03:00,0.117,0.055,0.081,0.792
2022-06-18 13:00:00-03:00,0.129,0.054,0.094,0.913
2022-06-18 14:00:00-03:00,0.115,0.046,0.08700000000000001,0.865
2022-06-18 15:00:00-03:00,0.08700000000000001,0.041,0.064,0.748
2022-06-18 16:00:00-03:00,0.041,0.026000000000000002,0.03,0.42
2022-06-18 17:00:00-03:00,0.0,0.003,0.002,-0.157
2022-06-18 18:00:00-03:00,0.0,0.0,0.0,-0.403
2022-06-18 19:00:00-03:00,0.0,0.0,0.0,-0.458
2022-06-18 20:00:00-03:00,0.0,0.0,0.0,-0.488
2022-06-18 21:00:00-03:00,0.0,0.0,0.0,-0.55
2022-06-18 22:00:00-03:00,0.0,0.0,0.0,-0.549
2022-06-18 23:00:00-03:00,0.0,0.0,0.0,-0.666
2022-06-19 00:00:00-03:00,0.0,0.0,0.0,-0.481
2022-06-19 01:00:00-03:00,0.0,0.0,0.0,-0.37
2022-06-19 02:00:00-03:00,0.0,0.0,0.0,-0.117
2022-06-19 03:00:00-03:00,0.0,0.0,0.0,0.202
2022-06-19 04:00:00-03:00,0.0,0.0,0.0,0.381
2022-06-19 05:00:00-03:00,0.0,0.0,0.0,0.49
2022-06-19 06:00:00-03:00,0.0,0.0,0.0,0.724
2022-06-19 07:00:00-03:00,0.0,0.0,0.0,1.041
2022-06-19 08:00:00-03:00,0.0,0.0,0.0,1.333
2022-06-19 09:00:00-03:00,0.0,0.0,0.0,1.835
2022-06-19 10:00:00-03:00,0.019,0.02,0.012,2.426
2022-06-19 11:00:00-03:00,0.109,0.075,0.054,3.051
2022-06-19 12:00:00-03:00,0.23900000000000002,0.178,0.08600000000000001,3.565
2022-06-19 13:00:00-03:00,0.307,0.24,0.097,3.793
2022-06-19 14:00:00-03:00,0.276,0.209,0.094,3.8200000000000003
2022-06-19 15:00:00-03:00,0.168,0.117,0.07200000000000001,3.601
2022-06-19 16:00:00-03:00,0.059000000000000004,0.044,0.033,3.094
2022-06-19 17:00:00-03:00,0.0,0.003,0.002,2.402
2022-06-19 18:00:00-03:00,0.0,0.0,0.0,2.085
2022-06-19 19:00:00-03:00,0.0,0.0,0.0,2.013
2022-06-19 20:00:00-03:00,0.0,0.0,0.0,1.9809999999999999
2022-06-19 21:00:00-03:00,0.0,0.0,0.0,1.913
2022-06-19 22:00:00-03:00,0.0,0.0,0.0,1.9580000000000002
2022-06-19 23:00:00-03:00,0.0,0.0,0.0,2.222
2022-06-20 00:00:00-03:00,0.0,0.0,0.0,2.294
2022-06-20 01:00:00-03:00,0.0,0.0,0.0,2.49
2022-06-20 02:00:00-03:00,0.0,0.0,0.0,2.6029999999999998
2022-06-20 03:00:00-03:00,0.0,0.0,0.0,2.613
2022-06-20 04:00:00-03:00,0.0,0.0,0.0,2.591
2022-06-20 05:00:00-03:00,0.0,0.0,0.0,2.431
2022-06-20 06:00:00-03:00,0.0,0.0,0.0,2.165
2022-06-20 07:00:00-03:00,0.0,0.0,0.0,1.709
2022-06-20 08:00:00-03:00,0.0,0.0,0.0,1.258
2022-06-20 09:00:00-03:00,0.0,0.0,0.0,0.935
2022-06-20 10:00:00-03:00,0.093,0.094,0.017,0.919
2022-06-20 11:00:00-03:00,0.219,0.185,0.055,1.322
2022-06-20 12:00:00-03:00,0.297,0.241,0.081,1.448
2022-06-20 13:00:00-03:00,0.319,0.252,0.093,1.456
2022-06-20 14:00:00-03:00,0.28700000000000003,0.221,0.091,1.432
2022-06-20 15:00:00-03:00,0.178,0.128,0.07,1.313
2022-06-20 16:00:00-03:00,0.098,0.081,0.036000000000000004,0.766
2022-06-20 17:00:00-03:00,0.001,0.005,0.002,-0.145
2022-06-20 18:00:00-03:00,0.0,0.0,0.0,-0.14300000000000002
2022-06-20 19:00:00-03:00,0.0,0.0,0.0,-0.147
2022-06-20 20:00:00-03:00,0.0,0.0,0.0,-0.088
2022-06-20 21:00:00-03:00,0.0,0.0,0.0,0.054
2022-06-20 22:00:00-03:00,0.0,0.0,0.0,0.157
2022-06-20 23:00:00-03:00,0.0,0.0,0.0,0.299
2022-06-21 00:00:00-03:00,0.0,0.0,0.0,0.446
2022-06-21 01:00:00-03:00,0.0,0.0,0.0,0.657
2022-06-21 02:00:00-03:00,0.0,0.0,0.0,0.712
2022-06-21 03:00:00-03:00,0.0,0.0,0.0,0.717
2022-06-21 04:00:00-03:00,0.0,0.0,0.0,0.923
2022-06-21 05:00:00-03:00,0.0,0.0,0.0,1.152
2022-06-21 06:00:00-03:00,0.0,0.0,0.0,1.429
2022-06-21 07:00:00-03:00,0.0,0.0,0.0,1.544
2022-06-21 08:00:00-03:00,0.0,0.0,0.0,1.498
2022-06-21 09:00:00-03:00,0.0,0.0,0.0,1.456
2022-06-21 10:00:00-03:00,0.078,0.08,0.016,1.77
2022-06-21 11:00:00-03:00,0.219,0.187,0.054,2.741
2022-06-21 12:00:00-03:00,0.323,0.275,0.077,3.203
2022-06-21 13:00:00-03:00,0.406,0.363,0.081,3.263
2022-06-21 14:00:00-03:00,0.42,0.384,0.075,3.154
2022-06-21 15:00:00-03:00,0.371,0.342,0.062,2.847
2022-06-21 16:00:00-03:00,0.128,0.112,0.036000000000000004,2.201
2022-06-21 17:00:00-03:00,0.001,0.006,0.002,1.4060000000000001
2022-06-21 18:00:00-03:00,0.0,0.0,0.0,1.1280000000000001
2022-06-21 19:00:00-03:00,0.0,0.0,0.0,1.014
2022-06-21 20:00:00-03:00,0.0,0.0,0.0,1.015
2022-06-21 21:00:00-03:00,0.0,0.0,0.0,1.21
2022-06-21 22:00:00-03:00,0.0,0.0,0.0,1.548
2022-06-21 23:00:00-03:00,0.0,0.0,0.0,1.87
2022-06-22 00:00:00-03:00,0.0,0.0,0.0,1.887
2022-06-22 01:00:00-03:00,0.0,0.0,0.0,1.964
2022-06-22 02:00:00-03:00,0.0,0.0,0.0,1.87
2022-06-22 03:00:00-03:00,0.0,0.0,0.0,1.903
2022-06-22 04:00:00-03:00,0.0,0.0,0.0,1.783
2022-06-22 05:00:00-03:00,0.0,0.0,0.0,1.6880000000000002
2022-06-22 06:00:00-03:00,0.0,0.0,0.0,1.512
2022-06-22 07:00:00-03:00,0.0,0.0,0.0,1.3639999999999999
2022-06-22 08:00:00-03:00,0.0,0.0,0.0,1.322
2022-06-22 09:00:00-03:00,0.0,0.0,0.0,1.293
2022-06-22 10:00:00-03:00,0.062,0.063,0.016,1.782
2022-06-22 11:00:00-03:00,0.139,0.10400000000000001,0.056,2.66
2022-06-22 12:00:00-03:00,0.182,0.12,0.084,3.032
2022-06-22 13:00:00-03:00,0.269,0.196,0.099,3.208
2022-06-22 14:00:00-03:00,0.28500000000000003,0.219,0.093,3.232
2022-06-22 15:00:00-03:00,0.20700000000000002,0.156,0.073,3.077
2022-06-22 16:00:00-03:00,0.055,0.04,0.032,2.699
2022-06-22 17:00:00-03:00,0.0,0.002,0.002,2.317
2022-06-22 18:00:00-03:00,0.0,0.0,0.0,2.297
2022-06-22 19:00:00-03:00,0.0,0.0,0.0,2.318
2022-06-22 20:00:00-03:00,0.0,0.0,0.0,2.323
2022-06-22 21:00:00-03:00,0.0,0.0,0.0,2.418
2022-06-22 22:00:00-03:00,0.0,0.0,0.0,2.52
2022-06-22 23:00:00-03:00,0.0,0.0,0.0,2.5380000000000003
2022-06-23 00:00:00-03:00,0.0,0.0,0.0,2.464
2022-06-23 01:00:00-03:00,0.0,0.0,0.0,2.38
2022-06-23 02:00:00-03:00,0.0,0.0,0.0,2.327
2022-06-23 03:00:00-03:00,0.0,0.0,0.0,2.2720000000000002
2022-06-23 04:00:00-03:00,0.0,0.0,0.0,2.374
2022-06-23 05:00:00-03:00,0.0,0.0,0.0,2.346
2022-06-23 06:00:00-03:00,0.0,0.0,0.0,2.379
2022-06-23 07:00:00-03:00,0.0,0.0,0.0,2.43
2022-06-23 08:00:00-03:00,0.0,0.0,0.0,2.629
2022-06-23 09:00:00-03:00,0.0,0.0,0.0,2.843
2022-06-23 10:00:00-03:00,0.017,0.018000000000000002,0.012,3.123
2022-06-23 11:00:00-03:00,0.053,0.028,0.043000000000000003,3.463
2022-06-23 12:00:00-03:00,0.187,0.123,0.08700000000000001,3.706
2022-06-23 13:00:00-03:00,0.242,0.168,0.099,3.769
2022-06-23 14:00:00-03:00,0.304,0.241,0.092,3.7880000000000003
2022-06-23 15:00:00-03:00,0.247,0.201,0.07200000000000001,3.635
2022-06-23 16:00:00-03:00,0.109,0.092,0.037,3.106
2022-06-23 17:00:00-03:00,0.001,0.005,0.002,2.278
2022-06-23 18:00:00-03:00,0.0,0.0,0.0,1.884
2022-06-23 19:00:00-03:00,0.0,0.0,0.0,1.572
2022-06-23 20:00:00-03:00,0.0,0.0,0.0,1.316
2022-06-23 21:00:00-03:00,0.0,0.0,0.0,1.179
2022-06-23 22:00:00-03:00,0.0,0.0,0.0,1.221
2022-06-23 23:00:00-03:00,0.0,0.0,0.0,1.245
2022-06-24 00:00:00-03:00,0.0,0.0,0.0,1.023
2022-06-24 01:00:00-03:00,0.0,0.0,0.0,1.143
2022-06-24 02:00:00-03:00,0.0,0.0,0.0,1.312
2022-06-24 03:00:00-03:00,0.0,0.0,0.0,1.338
2022-06-24 04:00:00-03:00,0.0,0.0,0.0,1.488
2022-06-24 05:00:00-03:00,0.0,0.0,0.0,1.544
2022-06-24 06:00:00-03:00,0.0,0.0,0.0,1.7000000000000002
2022-06-24 07:00:00-03:00,0.0,0.0,0.0,1.7570000000000001
2022-06-24 08:00:00-03:00,0.0,0.0,0.0,1.607
2022-06-24 09:00:00-03:00,0.0,0.0,0.0,1.432
2022-06-24 10:00:00-03:00,0.123,0.126,0.017,1.557
2022-06-24 11:00:00-03:00,0.374,0.358,0.049,2.799
2022-06-24 12:00:00-03:00,0.42,0.391,0.069,3.608
2022-06-24 13:00:00-03:00,0.305,0.242,0.092,3.969
2022-06-24 14:00:00-03:00,0.245,0.18,0.091,4.147
2022-06-24 15:00:00-03:00,0.199,0.151,0.07100000000000001,4.021
2022-06-24 16:00:00-03:00,0.074,0.058,0.034,3.618
2022-06-24 17:00:00-03:00,0.0,0.003,0.002,3.189
2022-06-24 18:00:00-03:00,0.0,0.0,0.0,2.985
2022-06-24 19:00:00-03:00,0.0,0.0,0.0,2.752
2022-06-24 20:00:00-03:00,0.0,0.0,0.0,2.564
2022-06-24 21:00:00-03:00,0.0,0.0,0.0,2.677
2022-06-24 22:00:00-03:00,0.0,0.0,0.0,2.965
2022-06-24 23:00:00-03:00,0.0,0.0,0.0,3.086
2022-06-25 00:00:00-03:00,0.0,0.0,0.0,3.091
2022-06-25 01:00:00-03:00,0.0,0.0,0.0,3.2640000000000002
2022-06-25 02:00:00-03:00,0.0,0.0,0.0,3.392
2022-06-25 03:00:00-03:00,0.0,0.0,0.0,3.322
2022-06-25 04:00:00-03:00,0.0,0.0,0.0,3.4050000000000002
2022-06-25 05:00:00-03:00,0.0,0.0,0.0,3.2640000000000002
2022-06-25 06:00:00-03:00,0.0,0.0,0.0,3.4130000000000003
2022-06-25 07:00:00-03:00,0.0,0.0,0.0,3.184
2022-06-25 08:00:00-03:00,0.0,0.0,0.0,2.836
2022-06-25 09:00:00-03:00,0.0,0.0,0.0,2.521
2022-06-25 10:00:00-03:00,0.07,0.07,0.018000000000000002,2.4859999999999998
2022-06-25 11:00:00-03:00,0.10400000000000001,0.067,0.056,3.122
2022-06-25 12:00:00-03:00,0.1,0.042,0.079,3.918
2022-06-25 13:00:00-03:00,0.079,0.02,0.078,4.541
2022-06-25 14:00:00-03:00,0.041,0.007,0.05,4.744
2022-06-25 15:00:00-03:00,0.035,0.008,0.043000000000000003,4.9350000000000005
2022-06-25 16:00:00-03:00,0.014,0.006,0.02,4.949
2022-06-25 17:00:00-03:00,0.0,0.001,0.001,4.897
2022-06-25 18:00:00-03:00,0.0,0.0,0.0,4.721
2022-06-25 19:00:00-03:00,0.0,0.0,0.0,4.358
2022-06-25 20:00:00-03:00,0.0,0.0,0.0,4.064
2022-06-25 21:00:00-03:00,0.0,0.0,0.0,3.8890000000000002
2022-06-25 22:00:00-03:00,0.0,0.0,0.0,3.775
2022-06-25 23:00:00-03:00,0.0,0.0,0.0,3.672
2022-06-26 00:00:00-03:00,0.0,0.0,0.0,4.067
2022-06-26 01:00:00-03:00,0.0,0.0,0.0,4.837
2022-06-26 02:00:00-03:00,0.0,0.0,0.0,5.244
2022-06-26 03:00:00-03:00,0.0,0.0,0.0,5.642
2022-06-26 04:00:00-03:00,0.0,0.0,0.0,6.326
2022-06-26 05:00:00-03:00,0.0,0.0,0.0,6.814
2022-06-26 06:00:00-03:00,0.0,0.0,0.0,7.026
2022-06-26 07:00:00-03:00,0.0,0.0,0.0,6.959
2022-06-26 08:00:00-03:00,0.0,0.0,0.0,6.855
2022-06-26 09:00:00-03:00,0.0,0.0,0.0,6.843
2022-06-26 10:00:00-03:00,0.026000000000000002,0.028,0.014,7.028
2022-06-26 11:00:00-03:00,0.12,0.08700000000000001,0.055,7.494
2022-06-26 12:00:00-03:00,0.232,0.17400000000000002,0.08700000000000001,8.053
2022-06-26 13:00:00-03:00,0.229,0.159,0.1,8.366
2022-06-26 14:00:00-03:00,0.216,0.149,0.096,8.455
2022-06-26 15:00:00-03:00,0.18,0.132,0.074,8.357
2022-06-26 16:00:00-03:00,0.061,0.047,0.034,7.977
2022-06-26 17:00:00-03:00,0.0,0.002,0.002,7.507
2022-06-26 18:00:00-03:00,0.0,0.0,0.0,7.184
2022-06-26 19:00:00-03:00,0.0,0.0,0.0,6.907
2022-06-26 20:00:00-03:00,0.0,0.0,0.0,6.562
2022-06-26 21:00:00-03:00,0.0,0.0,0.0,6.04
2022-06-26 22:00:00-03:00,0.0,0.0,0.0,5.364
2022-06-26 23:00:00-03:00,0.0,0.0,0.0,4.689
2022-06-27 00:00:00-03:00,0.0,0.0,0.0,3.985
2022-06-27 01:00:00-03:00,0.0,0.0,0.0,3.193
2022-06-27 02:00:00-03:00,0.0,0.0,0.0,2.898
2022-06-27 03:00:00-03:00,0.0,0.0,0.0,2.673
2022-06-27 04:00:00-03:00,0.0,0.0,0.0,2.731
2022-06-27 05:00:00-03:00,0.0,0.0,0.0,2.965
2022-06-27 06:00:00-03:00,0.0,0.0,0.0,2.99
2022-06-27 07:00:00-03:00,0.0,0.0,0.0,2.993
2022-06-27 08:00:00-03:00,0.0,0.0,0.0,2.924
2022-06-27 09:00:00-03:00,0.0,0.0,0.0,2.791
2022-06-27 10:00:00-03:00,0.093,0.095,0.017,2.731
2022-06-27 11:00:00-03:00,0.264,0.23500000000000001,0.055,3.711
2022-06-27 12:00:00-03:00,0.369,0.329,0.076,4.36
2022-06-27 13:00:00-03:00,0.404,0.361,0.084,4.784
2022-06-27 14:00:00-03:00,0.389,0.34400000000000003,0.084,5.013
2022-06-27 15:00:00-03:00,0.11800000000000001,0.07100000000000001,0.068,4.835
2022-06-27 16:00:00-03:00,0.016,0.009000000000000001,0.02,4.494
2022-06-27 17:00:00-03:00,0.0,0.001,0.002,4.05
2022-06-27 18:00:00-03:00,0.0,0.0,0.0,3.6109999999999998
2022-06-27 19:00:00-03:00,0.0,0.0,0.0,3.192
2022-06-27 20:00:00-03:00,0.0,0.0,0.0,2.883
2022-06-27 21:00:00-03:00,0.0,0.0,0.0,2.578
2022-06-27 22:00:00-03:00,0.0,0.0,0.0,2.203
2022-06-27 23:00:00-03:00,0.0,0.0,0.0,1.663
2022-06-28 00:00:00-03:00,0.0,0.0,0.0,1.227
2022-06-28 01:00:00-03:00,0.0,0.0,0.0,0.722
2022-06-28 02:00:00-03:00,0.0,0.0,0.0,0.41400000000000003
2022-06-28 03:00:00-03:00,0.0,0.0,0.0,0.24
2022-06-28 04:00:00-03:00,0.0,0.0,0.0,0.40900000000000003
2022-06-28 05:00:00-03:00,0.0,0.0,0.0,0.8300000000000001
2022-06-28 06:00:00-03:00,0.0,0.0,0.0,1.208
2022-06-28 07:00:00-03:00,0.0,0.0,0.0,1.617
2022-06-28 08:00:00-03:00,0.0,0.0,0.0,1.964
2022-06-28 09:00:00-03:00,0.0,0.0,0.0,2.171
2022-06-28 10:00:00-03:00,0.001,0.002,0.006,2.362
2022-06-28 11:00:00-03:00,0.012,0.003,0.02,2.571
2022-06-28 12:00:00-03:00,0.036000000000000004,0.006,0.046,2.8120000000000003
2022-06-28 13:00:00-03:00,0.059000000000000004,0.011,0.066,3.224
2022-06-28 14:00:00-03:00,0.07100000000000001,0.016,0.073,3.5789999999999997
2022-06-28 15:00:00-03:00,0.052000000000000005,0.015,0.054,3.759
2022-06-28 16:00:00-03:00,0.028,0.014,0.028,3.566
2022-06-28 17:00:00-03:00,0.0,0.002,0.002,2.873
2022-06-28 18:00:00-03:00,0.0,0.0,0.0,2.489
2022-06-28 19:00:00-03:00,0.0,0.0,0.0,2.162
2022-06-28 20:00:00-03:00,0.0,0.0,0.0,1.782
2022-06-28 21:00:00-03:00,0.0,0.0,0.0,1.554
2022-06-28 22:00:00-03:00,0.0,0.0,0.0,1.399
2022-06-28 23:00:00-03:00,0.0,0.0,0.0,1.255
2022-06-29 00:00:00-03:00,0.0,0.0,0.0,1.163
2022-06-29 01:00:00-03:00,0.0,0.0,0.0,1.054
2022-06-29 02:00:00-03:00,0.0,0.0,0.0,1.05
2022-06-29 03:00:00-03:00,0.0,0.0,0.0,1.085
2022-06-29 04:00:00-03:00,0.0,0.0,0.0,1.25
2022-06-29 05:00:00-03:00,0.0,0.0,0.0,1.657
2022-06-29 06:00:00-03:00,0.0,0.0,0.0,1.6760000000000002
2022-06-29 07:00:00-03:00,0.0,0.0,0.0,1.2850000000000001
2022-06-29 08:00:00-03:00,0.0,0.0,0.0,1.005
2022-06-29 09:00:00-03:00,0.0,0.0,0.0,0.902
2022-06-29 10:00:00-03:00,0.049,0.049,0.016,1.126
2022-06-29 11:00:00-03:00,0.169,0.133,0.057,2.065
2022-06-29 12:00:00-03:00,0.233,0.17200000000000001,0.084,2.598
2022-06-29 13:00:00-03:00,0.343,0.281,0.092,2.925
2022-06-29 14:00:00-03:00,0.354,0.30000000000000004,0.085,3.121
2022-06-29 15:00:00-03:00,0.30000000000000004,0.259,0.069,3.043
2022-06-29 16:00:00-03:00,0.11900000000000001,0.10200000000000001,0.037,2.451
2022-06-29 17:00:00-03:00,0.003,0.008,0.003,1.292
2022-06-29 18:00:00-03:00,0.0,0.0,0.0,0.976
2022-06-29 19:00:00-03:00,0.0,0.0,0.0,0.9490000000000001
2022-06-29 20:00:00-03:00,0.0,0.0,0.0,0.883
2022-06-29 21:00:00-03:00,0.0,0.0,0.0,0.834
2022-06-29 22:00:00-03:00,0.0,0.0,0.0,0.8290000000000001
2022-06-29 23:00:00-03:00,0.0,0.0,0.0,0.75
2022-06-30 00:00:00-03:00,0.0,0.0,0.0,0.637
2022-06-30 01:00:00-03:00,0.0,0.0,0.0,0.5740000000000001
2022-06-30 02:00:00-03:00,0.0,0.0,0.0,0.504
2022-06-30 03:00:00-03:00,0.0,0.0,0.0,0.423
2022-06-30 04:00:00-03:00,0.0,0.0,0.0,0.332
2022-06-30 05:00:00-03:00,0.0,0.0,0.0,0.306
2022-06-30 06:00:00-03:00,0.0,0.0,0.0,0.462
2022-06-30 07:00:00-03:00,0.0,0.0,0.0,0.609
2022-06-30 08:00:00-03:00,0.0,0.0,0.0,0.611
2022-06-30 09:00:00-03:00,0.0,0.0,0.0,0.482
2022-06-30 10:00:00-03:00,0.057,0.057,0.016,0.588
2022-06-30 11:00:00-03:00,0.183,0.147,0.056,1.569
2022-06-30 12:00:00-03:00,0.317,0.264,0.08,2.16
2022-06-30 13:00:00-03:00,0.402,0.354,0.084,2.484
2022-06-30 14:00:00-03:00,0.399,0.354,0.08,2.653
2022-06-30 15:00:00-03:00,0.275,0.231,0.069,2.493
2022-06-30 16:00:00-03:00,0.131,0.113,0.038,1.6
2022-06-30 17:00:00-03:00,0.004,0.009000000000000001,0.003,0.5700000000000001
2022-06-30 18:00:00-03:00,0.0,0.0,0.0,0.325
2022-06-30 19:00:00-03:00,0.0,0.0,0.0,0.234
2022-06-30 20:00:00-03:00,0.0,0.0,0.0,0.178
2022-06-30 21:00:00-03:00,0.0,0.0,0.0,0.152
2022-06-30 22:00:00-03:00,0.0,0.0,0.0,0.139
2022-06-30 23:00:00-03:00,0.0,0.0,0.0,0.14200000000000002
2022-07-01 00:00:00-03:00,0.0,0.0,0.0,0.202
2022-07-01 01:00:00-03:00,0.0,0.0,0.0,0.215
2022-07-01 02:00:00-03:00,0.0,0.0,0.0,0.28600000000000003
2022-07-01 03:00:00-03:00,0.0,0.0,0.0,0.296
2022-07-01 04:00:00-03:00,0.0,0.0,0.0,0.249
2022-07-01 05:00:00-03:00,0.0,0.0,0.0,0.19
2022-07-01 06:00:00-03:00,0.0,0.0,0.0,0.39
2022-07-01 07:00:00-03:00,0.0,0.0,0.0,0.588
2022-07-01 08:00:00-03:00,0.0,0.0,0.0,0.67
2022-07-01 09:00:00-03:00,0.0,0.0,0.0,0.622
2022-07-01 10:00:00-03:00,0.052000000000000005,0.05,0.018000000000000002,0.642
2022-07-01 11:00:00-03:00,0.20700000000000002,0.17,0.059000000000000004,1.3679999999999999
2022-07-01 12:00:00-03:00,0.369,0.319,0.081,1.741
2022-07-01 13:00:00-03:00,0.318,0.247,0.098,1.959
2022-07-01 14:00:00-03:00,0.245,0.171,0.098,2.154
2022-07-01 15:00:00-03:00,0.136,0.084,0.07200000000000001,2.002
2022-07-01 16:00:00-03:00,0.047,0.032,0.032,1.379
2022-07-01 17:00:00-03:00,0.0,0.003,0.003,0.603
2022-07-01 18:00:00-03:00,0.0,0.0,0.0,0.5750000000000001
2022-07-01 19:00:00-03:00,0.0,0.0,0.0,0.674
2022-07-01 20:00:00-03:00,0.0,0.0,0.0,0.707
2022-07-01 21:00:00-03:00,0.0,0.0,0.0,0.647
2022-07-01 22:00:00-03:00,0.0,0.0,0.0,0.637
2022-07-01 23:00:00-03:00,0.0,0.0,0.0,0.634
2022-07-02 00:00:00-03:00,0.0,0.0,0.0,0.487
2022-07-02 01:00:00-03:00,0.0,0.0,0.0,0.149
2022-07-02 02:00:00-03:00,0.0,0.0,0.0,-0.243
2022-07-02 03:00:00-03:00,0.0,0.0,0.0,-0.661
2022-07-02 04:00:00-03:00,0.0,0.0,0.0,-1.079
2022-07-02 05:00:00-03:00,0.0,0.0,0.0,-1.081
2022-07-02 06:00:00-03:00,0.0,0.0,0.0,-0.834
2022-07-02 07:00:00-03:00,0.0,0.0,0.0,-0.6900000000000001
2022-07-02 08:00:00-03:00,0.0,0.0,0.0,-0.59
2022-07-02 09:00:00-03:00,0.0,0.0,0.0,-0.68
2022-07-02 10:00:00-03:00,0.038,0.036000000000000004,0.017,-0.853
2022-07-02 11:00:00-03:00,0.132,0.092,0.059000000000000004,-0.035
2022-07-02 12:00:00-03:00,0.149,0.083,0.085,0.663
2022-07-02 13:00:00-03:00,0.195,0.113,0.10300000000000001,1.075
2022-07-02 14:00:00-03:00,0.289,0.215,0.099,1.58
2022-07-02 15:00:00-03:00,0.195,0.14,0.076,1.634
2022-07-02 16:00:00-03:00,0.07200000000000001,0.053,0.037,1.116
2022-07-02 17:00:00-03:00,0.001,0.005,0.003,0.216
2022-07-02 18:00:00-03:00,0.0,0.0,0.0,0.108
2022-07-02 19:00:00-03:00,0.0,0.0,0.0,0.079
2022-07-02 20:00:00-03:00,0.0,0.0,0.0,0.20500000000000002
2022-07-02 21:00:00-03:00,0.0,0.0,0.0,0.359
2022-07-02 22:00:00-03:00,0.0,0.0,0.0,0.47800000000000004
2022-07-02 23:00:00-03:00,0.0,0.0,0.0,0.598
2022-07-03 00:00:00-03:00,0.0,0.0,0.0,0.719
2022-07-03 01:00:00-03:00,0.0,0.0,0.0,0.622
2022-07-03 02:00:00-03:00,0.0,0.0,0.0,0.302
2022-07-03 03:00:00-03:00,0.0,0.0,0.0,-0.1
2022-07-03 04:00:00-03:00,0.0,0.0,0.0,-0.091
2022-07-03 05:00:00-03:00,0.0,0.0,0.0,-0.221
2022-07-03 06:00:00-03:00,0.0,0.0,0.0,-0.352
2022-07-03 07:00:00-03:00,0.0,0.0,0.0,-0.214
2022-07-03 08:00:00-03:00,0.0,0.0,0.0,-0.082
2022-07-03 09:00:00-03:00,0.0,0.0,0.0,-0.323
2022-07-03 10:00:00-03:00,0.083,0.081,0.02,-0.377
2022-07-03 11:00:00-03:00,0.153,0.114,0.058,0.34600000000000003
2022-07-03 12:00:00-03:00,0.191,0.124,0.08700000000000001,0.743
2022-07-03 13:00:00-03:00,0.304,0.228,0.101,1.101
2022-07-03 14:00:00-03:00,0.28800000000000003,0.217,0.096,1.464
2022-07-03 15:00:00-03:00,0.192,0.137,0.075,1.456
2022-07-03 16:00:00-03:00,0.094,0.074,0.038,0.887
2022-07-03 17:00:00-03:00,0.005,0.01,0.004,-0.10300000000000001
2022-07-03 18:00:00-03:00,0.0,0.0,0.0,-0.168
2022-07-03 19:00:00-03:00,0.0,0.0,0.0,0.108
2022-07-03 20:00:00-03:00,0.0,0.0,0.0,0.294
2022-07-03 21:00:00-03:00,0.0,0.0,0.0,0.11900000000000001
2022-07-03 22:00:00-03:00,0.0,0.0,0.0,0.1
2022-07-03 23:00:00-03:00,0.0,0.0,0.0,0.184
2022-07-04 00:00:00-03:00,0.0,0.0,0.0,0.181
2022-07-04 01:00:00-03:00,0.0,0.0,0.0,0.159
2022-07-04 02:00:00-03:00,0.0,0.0,0.0,0.139
2022-07-04 03:00:00-03:00,0.0,0.0,0.0,0.14
2022-07-04 04:00:00-03:00,0.0,0.0,0.0,0.138
2022-07-04 05:00:00-03:00,0.0,0.0,0.0,0.128
2022-07-04 06:00:00-03:00,0.0,0.0,0.0,0.242
2022-07-04 07:00:00-03:00,0.0,0.0,0.0,0.17200000000000001
2022-07-04 08:00:00-03:00,0.0,0.0,0.0,0.043000000000000003
2022-07-04 09:00:00-03:00,0.0,0.0,0.0,-0.08600000000000001
2022-07-04 10:00:00-03:00,0.057,0.055,0.019,0.03
2022-07-04 11:00:00-03:00,0.192,0.154,0.058,0.867
2022-07-04 12:00:00-03:00,0.34500000000000003,0.294,0.081,1.687
2022-07-04 13:00:00-03:00,0.445,0.403,0.082,2.119
2022-07-04 14:00:00-03:00,0.41000000000000003,0.366,0.081,2.354
2022-07-04 15:00:00-03:00,0.331,0.29,0.069,2.268
2022-07-04 16:00:00-03:00,0.165,0.14400000000000002,0.04,1.323
2022-07-04 17:00:00-03:00,0.005,0.011,0.004,0.47600000000000003
2022-07-04 18:00:00-03:00,0.0,0.0,0.0,0.369
2022-07-04 19:00:00-03:00,0.0,0.0,0.0,0.373
2022-07-04 20:00:00-03:00,0.0,0.0,0.0,0.393
2022-07-04 21:00:00-03:00,0.0,0.0,0.0,0.441
2022-07-04 22:00:00-03:00,0.0,0.0,0.0,0.48
2022-07-04 23:00:00-03:00,0.0,0.0,0.0,0.53
2022-07-05 00:00:00-03:00,0.0,0.0,0.0,0.612
2022-07-05 01:00:00-03:00,0.0,0.0,0.0,0.621
2022-07-05 02:00:00-03:00,0.0,0.0,0.0,0.47800000000000004
2022-07-05 03:00:00-03:00,0.0,0.0,0.0,0.215
2022-07-05 04:00:00-03:00,0.0,0.0,0.0,-0.003
2022-07-05 05:00:00-03:00,0.0,0.0,0.0,-0.051000000000000004
2022-07-05 06:00:00-03:00,0.0,0.0,0.0,0.074
2022-07-05 07:00:00-03:00,0.0,0.0,0.0,0.163
2022-07-05 08:00:00-03:00,0.0,0.0,0.0,0.188
2022-07-05 09:00:00-03:00,0.0,0.0,0.0,0.263
2022-07-05 10:00:00-03:00,0.065,0.062,0.019,0.34400000000000003
2022-07-05 11:00:00-03:00,0.197,0.158,0.059000000000000004,0.751
2022-07-05 12:00:00-03:00,0.313,0.255,0.084,1.2690000000000001
2022-07-05 13:00:00-03:00,0.378,0.318,0.091,1.542
2022-07-05 14:00:00-03:00,0.35100000000000003,0.291,0.089,1.6480000000000001
2022-07-05 15:00:00-03:00,0.28300000000000003,0.23500000000000001,0.07200000000000001,1.665
2022-07-05 16:00:00-03:00,0.16,0.139,0.041,1.495
2022-07-05 17:00:00-03:00,0.009000000000000001,0.016,0.004,1.267
2022-07-05 18:00:00-03:00,0.0,0.0,0.0,1.164
2022-07-05 19:00:00-03:00,0.0,0.0,0.0,1.022
2022-07-05 20:00:00-03:00,0.0,0.0,0.0,0.898
2022-07-05 21:00:00-03:00,0.0,0.0,0.0,0.724
2022-07-05 22:00:00-03:00,0.0,0.0,0.0,0.511
2022-07-05 23:00:00-03:00,0.0,0.0,0.0,0.192
2022-07-06 00:00:00-03:00,0.0,0.0,0.0,-0.018000000000000002
2022-07-06 01:00:00-03:00,0.0,0.0,0.0,-0.2
2022-07-06 02:00:00-03:00,0.0,0.0,0.0,-0.395
2022-07-06 03:00:00-03:00,0.0,0.0,0.0,-0.642
2022-07-06 04:00:00-03:00,0.0,0.0,0.0,-0.9440000000000001
2022-07-06 05:00:00-03:00,0.0,0.0,0.0,-1.262
2022-07-06 06:00:00-03:00,0.0,0.0,0.0,-1.5190000000000001
2022-07-06 07:00:00-03:00,0.0,0.0,0.0,-1.596
2022-07-06 08:00:00-03:00,0.0,0.0,0.0,-1.7000000000000002
2022-07-06 09:00:00-03:00,0.0,0.0,0.0,-1.8090000000000002
2022-07-06 10:00:00-03:00,0.079,0.075,0.021,-1.576
2022-07-06 11:00:00-03:00,0.227,0.186,0.06,-0.452
2022-07-06 12:00:00-03:00,0.316,0.255,0.085,0.637
2022-07-06 13:00:00-03:00,0.335,0.265,0.097,1.112
2022-07-06 14:00:00-03:00,0.335,0.269,0.094,1.458
2022-07-06 15:00:00-03:00,0.189,0.134,0.076,1.537
2022-07-06 16:00:00-03:00,0.093,0.07200000000000001,0.04,1.107
2022-07-06 17:00:00-03:00,0.003,0.007,0.004,0.36
2022-07-06 18:00:00-03:00,0.0,0.0,0.0,0.09
2022-07-06 19:00:00-03:00,0.0,0.0,0.0,-0.089
2022-07-06 20:00:00-03:00,0.0,0.0,0.0,-0.219
2022-07-06 21:00:00-03:00,0.0,0.0,0.0,-0.358
2022-07-06 22:00:00-03:00,0.0,0.0,0.0,-0.515
2022-07-06 23:00:00-03:00,0.0,0.0,0.0,-0.622
2022-07-07 00:00:00-03:00,0.0,0.0,0.0,-0.657
2022-07-07 01:00:00-03:00,0.0,0.0,0.0,-0.6930000000000001
2022-07-07 02:00:00-03:00,0.0,0.0,0.0,-0.776
2022-07-07 03:00:00-03:00,0.0,0.0,0.0,-0.861
2022-07-07 04:00:00-03:00,0.0,0.0,0.0,-0.8290000000000001
2022-07-07 05:00:00-03:00,0.0,0.0,0.0,-0.681
2022-07-07 06:00:00-03:00,0.0,0.0,0.0,-0.633
2022-07-07 07:00:00-03:00,0.0,0.0,0.0,-0.6900000000000001
2022-07-07 08:00:00-03:00,0.0,0.0,0.0,-0.647
2022-07-07 09:00:00-03:00,0.0,0.0,0.0,-0.581
2022-07-07 10:00:00-03:00,0.058,0.055,0.02,-0.232
2022-07-07 11:00:00-03:00,0.193,0.153,0.06,0.839
2022-07-07 12:00:00-03:00,0.331,0.275,0.083,1.661
2022-07-07 13:00:00-03:00,0.431,0.384,0.085,2.034
2022-07-07 14:00:00-03:00,0.436,0.397,0.079,2.225
2022-07-07 15:00:00-03:00,0.371,0.337,0.066,2.147
2022-07-07 16:00:00-03:00,0.215,0.194,0.041,1.217
2022-07-07 17:00:00-03:00,0.012,0.019,0.005,0.319
2022-07-07 18:00:00-03:00,0.0,0.0,0.0,0.271
2022-07-07 19:00:00-03:00,0.0,0.0,0.0,0.303
2022-07-07 20:00:00-03:00,0.0,0.0,0.0,0.083
2022-07-07 21:00:00-03:00,0.0,0.0,0.0,-0.378
2022-07-07 22:00:00-03:00,0.0,0.0,0.0,-0.97
2022-07-07 23:00:00-03:00,0.0,0.0,0.0,-1.5310000000000001
2022-07-08 00:00:00-03:00,0.0,0.0,0.0,-2.002
2022-07-08 01:00:00-03:00,0.0,0.0,0.0,-2.422
2022-07-08 02:00:00-03:00,0.0,0.0,0.0,-2.9370000000000003
2022-07-08 03:00:00-03:00,0.0,0.0,0.0,-3.161
2022-07-08 04:00:00-03:00,0.0,0.0,0.0,-2.963
2022-07-08 05:00:00-03:00,0.0,0.0,0.0,-2.5380000000000003
2022-07-08 06:00:00-03:00,0.0,0.0,0.0,-1.924
2022-07-08 07:00:00-03:00,0.0,0.0,0.0,-0.841
2022-07-08 08:00:00-03:00,0.0,0.0,0.0,-0.168
2022-07-08 09:00:00-03:00,0.0,0.002,0.0,0.079
2022-07-08 10:00:00-03:00,0.0,0.001,0.004,0.339
2022-07-08 11:00:00-03:00,0.009000000000000001,0.002,0.018000000000000002,0.628
2022-07-08 12:00:00-03:00,0.033,0.004,0.044,0.914
2022-07-08 13:00:00-03:00,0.061,0.009000000000000001,0.069,1.112
2022-07-08 14:00:00-03:00,0.061,0.01,0.068,1.244
2022-07-08 15:00:00-03:00,0.05,0.012,0.055,1.306
2022-07-08 16:00:00-03:00,0.027,0.011,0.03,1.113
2022-07-08 17:00:00-03:00,0.001,0.003,0.004,0.645
2022-07-08 18:00:00-03:00,0.0,0.0,0.0,0.754
2022-07-08 19:00:00-03:00,0.0,0.0,0.0,1.069
2022-07-08 20:00:00-03:00,0.0,0.0,0.0,1.302
2022-07-08 21:00:00-03:00,0.0,0.0,0.0,1.395
2022-07-08 22:00:00-03:00,0.0,0.0,0.0,1.403
2022-07-08 23:00:00-03:00,0.0,0.0,0.0,1.287
2022-07-09 00:00:00-03:00,0.0,0.0,0.0,1.09
2022-07-09 01:00:00-03:00,0.0,0.0,0.0,0.5700000000000001
2022-07-09 02:00:00-03:00,0.0,0.0,0.0,-0.052000000000000005
2022-07-09 03:00:00-03:00,0.0,0.0,0.0,-0.637
2022-07-09 04:00:00-03:00,0.0,0.0,0.0,-1.027
2022-07-09 05:00:00-03:00,0.0,0.0,0.0,-1.015
2022-07-09 06:00:00-03:00,0.0,0.0,0.0,-0.751
2022-07-09 07:00:00-03:00,0.0,0.0,0.0,-0.811
2022-07-09 08:00:00-03:00,0.0,0.0,0.0,-1.224
2022-07-09 09:00:00-03:00,0.0,0.0,0.0,-1.545
2022-07-09 10:00:00-03:00,0.094,0.088,0.023,-1.34
2022-07-09 11:00:00-03:00,0.19,0.148,0.061,-0.394
2022-07-09 12:00:00-03:00,0.319,0.257,0.08600000000000001,0.203
2022-07-09 13:00:00-03:00,0.41200000000000003,0.356,0.089,0.384
2022-07-09 14:00:00-03:00,0.47800000000000004,0.443,0.075,0.489
2022-07-09 15:00:00-03:00,0.428,0.399,0.063,0.428
2022-07-09 16:00:00-03:00,0.19,0.166,0.043000000000000003,-0.03
2022-07-09 17:00:00-03:00,0.009000000000000001,0.014,0.005,-0.7000000000000001
2022-07-09 18:00:00-03:00,0.0,0.0,0.0,-1.043
2022-07-09 19:00:00-03:00,0.0,0.0,0.0,-1.5430000000000001
2022-07-09 20:00:00-03:00,0.0,0.0,0.0,-2.136
2022-07-09 21:00:00-03:00,0.0,0.0,0.0,-2.5700000000000003
2022-07-09 22:00:00-03:00,0.0,0.0,0.0,-2.824
2022-07-09 23:00:00-03:00,0.0,0.0,0.0,-2.969
2022-07-10 00:00:00-03:00,0.0,0.0,0.0,-3.05
2022-07-10 01:00:00-03:00,0.0,0.0,0.0,-2.989
2022-07-10 02:00:00-03:00,0.0,0.0,0.0,-2.705
2022-07-10 03:00:00-03:00,0.0,0.0,0.0,-2.383
2022-07-10 04:00:00-03:00,0.0,0.0,0.0,-2.326
2022-07-10 05:00:00-03:00,0.0,0.0,0.0,-2.149
2022-07-10 06:00:00-03:00,0.0,0.0,0.0,-1.9969999999999999
2022-07-10 07:00:00-03:00,0.0,0.0,0.0,-1.591
2022-07-10 08:00:00-03:00,0.0,0.0,0.0,-1.264
2022-07-10 09:00:00-03:00,0.0,0.0,0.0,-1.081
2022-07-10 10:00:00-03:00,0.167,0.162,0.023,-0.858
2022-07-10 11:00:00-03:00,0.445,0.431,0.049,-0.023
2022-07-10 12:00:00-03:00,0.559,0.559,0.056,1.093
2022-07-10 13:00:00-03:00,0.588,0.595,0.057,1.674
2022-07-10 14:00:00-03:00,0.558,0.558,0.059000000000000004,1.7770000000000001
2022-07-10 15:00:00-03:00,0.47500000000000003,0.463,0.055,1.491
2022-07-10 16:00:00-03:00,0.304,0.289,0.039,0.454
2022-07-10 17:00:00-03:00,0.033,0.042,0.006,-0.934
2022-07-10 18:00:00-03:00,0.0,0.0,0.0,-1.72
2022-07-10 19:00:00-03:00,0.0,0.0,0.0,-2.387
2022-07-10 20:00:00-03:00,0.0,0.0,0.0,-3.039
2022-07-10 21:00:00-03:00,0.0,0.0,0.0,-3.615
2022-07-10 22:00:00-03:00,0.0,0.0,0.0,-4.094
2022-07-10 23:00:00-03:00,0.0,0.0,0.0,-4.496
2022-07-11 00:00:00-03:00,0.0,0.0,0.0,-4.829
2022-07-11 01:00:00-03:00,0.0,0.0,0.0,-5.132
2022-07-11 02:00:00-03:00,0.0,0.0,0.0,-5.39
2022-07-11 03:00:00-03:00,0.0,0.0,0.0,-5.644
2022-07-11 04:00:00-03:00,0.0,0.0,0.0,-5.909
2022-07-11 05:00:00-03:00,0.0,0.0,0.0,-6.155
2022-07-11 06:00:00-03:00,0.0,0.0,0.0,-6.239
2022-07-11 07:00:00-03:00,0.0,0.0,0.0,-6.211
2022-07-11 08:00:00-03:00,0.0,0.0,0.0,-6.138
2022-07-11 09:00:00-03:00,0.0,0.001,0.0,-6.0
2022-07-11 10:00:00-03:00,0.15,0.139,0.026000000000000002,-5.422
2022-07-11 11:00:00-03:00,0.276,0.228,0.064,-4.422
2022-07-11 12:00:00-03:00,0.27,0.192,0.094,-3.505
2022-07-11 13:00:00-03:00,0.211,0.11800000000000001,0.11,-2.836
2022-07-11 14:00:00-03:00,0.132,0.054,0.095,-2.354
2022-07-11 15:00:00-03:00,0.082,0.033,0.066,-1.953
2022-07-11 16:00:00-03:00,0.05,0.029,0.037,-1.768
2022-07-11 17:00:00-03:00,0.006,0.01,0.005,-1.8479999999999999
2022-07-11 18:00:00-03:00,0.0,0.0,0.0,-1.804
2022-07-11 19:00:00-03:00,0.0,0.0,0.0,-1.588
2022-07-11 20:00:00-03:00,0.0,0.0,0.0,-1.419
2022-07-11 21:00:00-03:00,0.0,0.0,0.0,-1.307
2022-07-11 22:00:00-03:00,0.0,0.0,0.0,-1.171
2022-07-11 23:00:00-03:00,0.0,0.0,0.0,-1.08
2022-07-12 00:00:00-03:00,0.0,0.0,0.0,-1.098
2022-07-12 01:00:00-03:00,0.0,0.0,0.0,-1.133
2022-07-12 02:00:00-03:00,0.0,0.0,0.0,-1.013
2022-07-12 03:00:00-03:00,0.0,0.0,0.0,-0.848
2022-07-12 04:00:00-03:00,0.0,0.0,0.0,-0.793
2022-07-12 05:00:00-03:00,0.0,0.0,0.0,-0.838
2022-07-12 06:00:00-03:00,0.0,0.0,0.0,-0.907
2022-07-12 07:00:00-03:00,0.0,0.0,0.0,-0.927
2022-07-12 08:00:00-03:00,0.0,0.0,0.0,-0.894
2022-07-12 09:00:00-03:00,0.0,0.0,0.0,-0.8320000000000001
2022-07-12 10:00:00-03:00,0.004,0.003,0.01,-0.68
2022-07-12 11:00:00-03:00,0.025,0.005,0.033,-0.466
2022-07-12 12:00:00-03:00,0.047,0.007,0.055,-0.012
2022-07-12 13:00:00-03:00,0.055,0.007,0.064,0.39
2022-07-12 14:00:00-03:00,0.047,0.006,0.057,0.642
2022-07-12 15:00:00-03:00,0.031,0.004,0.041,0.72
2022-07-12 16:00:00-03:00,0.011,0.003,0.02,0.638
2022-07-12 17:00:00-03:00,0.0,0.001,0.002,0.442
2022-07-12 18:00:00-03:00,0.0,0.0,0.0,0.382
2022-07-12 19:00:00-03:00,0.0,0.0,0.0,0.35000000000000003
2022-07-12 20:00:00-03:00,0.0,0.0,0.0,0.371
2022-07-12 21:00:00-03:00,0.0,0.0,0.0,0.594
2022-07-12 22:00:00-03:00,0.0,0.0,0.0,0.878
2022-07-12 23:00:00-03:00,0.0,0.0,0.0,1.21
2022-07-13 00:00:00-03:00,0.0,0.0,0.0,1.488
2022-07-13 01:00:00-03:00,0.0,0.0,0.0,1.7000000000000002
2022-07-13 02:00:00-03:00,0.0,0.0,0.0,1.9260000000000002
2022-07-13 03:00:00-03:00,0.0,0.0,0.0,2.147
2022-07-13 04:00:00-03:00,0.0,0.0,0.0,2.203
2022-07-13 05:00:00-03:00,0.0,0.0,0.0,2.167
2022-07-13 06:00:00-03:00,0.0,0.0,0.0,2.165
2022-07-13 07:00:00-03:00,0.0,0.0,0.0,2.118
2022-07-13 08:00:00-03:00,0.0,0.0,0.0,1.9420000000000002
2022-07-13 09:00:00-03:00,0.0,0.0,0.0,1.775
2022-07-13 10:00:00-03:00,0.002,0.002,0.008,1.682
2022-07-13 11:00:00-03:00,0.02,0.004,0.029,1.74
2022-07-13 12:00:00-03:00,0.058,0.012,0.064,1.874
2022-07-13 13:00:00-03:00,0.096,0.023,0.092,2.027
2022-07-13 14:00:00-03:00,0.1,0.028,0.091,2.102
2022-07-13 15:00:00-03:00,0.092,0.035,0.076,2.04
2022-07-13 16:00:00-03:00,0.042,0.02,0.038,1.804
2022-07-13 17:00:00-03:00,0.001,0.004,0.004,1.44
2022-07-13 18:00:00-03:00,0.0,0.0,0.0,1.237
2022-07-13 19:00:00-03:00,0.0,0.0,0.0,1.178
2022-07-13 20:00:00-03:00,0.0,0.0,0.0,1.047
2022-07-13 21:00:00-03:00,0.0,0.0,0.0,0.901
2022-07-13 22:00:00-03:00,0.0,0.0,0.0,0.6980000000000001
2022-07-13 23:00:00-03:00,0.0,0.0,0.0,0.418
2022-07-14 00:00:00-03:00,0.0,0.0,0.0,0.08700000000000001
2022-07-14 01:00:00-03:00,0.0,0.0,0.0,-0.367
2022-07-14 02:00:00-03:00,0.0,0.0,0.0,-0.51
2022-07-14 03:00:00-03:00,0.0,0.0,0.0,-0.396
2022-07-14 04:00:00-03:00,0.0,0.0,0.0,-0.361
2022-07-14 05:00:00-03:00,0.0,0.0,0.0,-0.47600000000000003
2022-07-14 06:00:00-03:00,0.0,0.0,0.0,-0.577
2022-07-14 07:00:00-03:00,0.0,0.0,0.0,-0.719
2022-07-14 08:00:00-03:00,0.0,0.0,0.0,-0.901
2022-07-14 09:00:00-03:00,0.0,0.0,0.0,-1.039
2022-07-14 10:00:00-03:00,0.053,0.045,0.024,-0.902
2022-07-14 11:00:00-03:00,0.14100000000000001,0.094,0.065,-0.014
2022-07-14 12:00:00-03:00,0.209,0.132,0.097,0.662
2022-07-14 13:00:00-03:00,0.28800000000000003,0.2,0.112,0.805
2022-07-14 14:00:00-03:00,0.29,0.20700000000000002,0.107,0.74
2022-07-14 15:00:00-03:00,0.17,0.106,0.083,0.506
2022-07-14 16:00:00-03:00,0.092,0.064,0.046,-0.146
2022-07-14 17:00:00-03:00,0.008,0.012,0.006,-1.176
2022-07-14 18:00:00-03:00,0.0,0.0,0.0,-1.423
2022-07-14 19:00:00-03:00,0.0,0.0,0.0,-1.3860000000000001
2022-07-14 20:00:00-03:00,0.0,0.0,0.0,-1.4889999999999999
2022-07-14 21:00:00-03:00,0.0,0.0,0.0,-1.717
2022-07-14 22:00:00-03:00,0.0,0.0,0.0,-1.948
2022-07-14 23:00:00-03:00,0.0,0.0,0.0,-2.108
2022-07-15 00:00:00-03:00,0.0,0.0,0.0,-2.415
2022-07-15 01:00:00-03:00,0.0,0.0,0.0,-2.735
2022-07-15 02:00:00-03:00,0.0,0.0,0.0,-2.9530000000000003
2022-07-15 03:00:00-03:00,0.0,0.0,0.0,-3.208
2022-07-15 04:00:00-03:00,0.0,0.0,0.0,-3.523
2022-07-15 05:00:00-03:00,0.0,0.0,0.0,-3.724
2022-07-15 06:00:00-03:00,0.0,0.0,0.0,-3.762
2022-07-15 07:00:00-03:00,0.0,0.0,0.0,-3.693
2022-07-15 08:00:00-03:00,0.0,0.0,0.0,-3.716
2022-07-15 09:00:00-03:00,0.0,0.003,0.0,-3.8890000000000002
2022-07-15 10:00:00-03:00,0.333,0.327,0.025,-3.746
2022-07-15 11:00:00-03:00,0.579,0.585,0.041,-2.901
2022-07-15 12:00:00-03:00,0.656,0.677,0.045,-2.045
2022-07-15 13:00:00-03:00,0.673,0.7010000000000001,0.045,-1.522
2022-07-15 14:00:00-03:00,0.654,0.677,0.045,-1.1219999999999999
2022-07-15 15:00:00-03:00,0.583,0.593,0.045,-1.021
2022-07-15 16:00:00-03:00,0.418,0.41100000000000003,0.036000000000000004,-1.525
2022-07-15 17:00:00-03:00,0.063,0.07100000000000001,0.008,-2.656
2022-07-15 18:00:00-03:00,0.0,0.0,0.0,-3.449
2022-07-15 19:00:00-03:00,0.0,0.0,0.0,-3.879
2022-07-15 20:00:00-03:00,0.0,0.0,0.0,-4.046
2022-07-15 21:00:00-03:00,0.0,0.0,0.0,-4.071
2022-07-15 22:00:00-03:00,0.0,0.0,0.0,-4.289
2022-07-15 23:00:00-03:00,0.0,0.0,0.0,-4.602
2022-07-16 00:00:00-03:00,0.0,0.0,0.0,-4.641
2022-07-16 01:00:00-03:00,0.0,0.0,0.0,-4.643
2022-07-16 02:00:00-03:00,0.0,0.0,0.0,-4.679
2022-07-16 03:00:00-03:00,0.0,0.0,0.0,-4.378
2022-07-16 04:00:00-03:00,0.0,0.0,0.0,-3.763
2022-07-16 05:00:00-03:00,0.0,0.0,0.0,-3.345
2022-07-16 06:00:00-03:00,0.0,0.0,0.0,-2.948
2022-07-16 07:00:00-03:00,0.0,0.0,0.0,-2.342
2022-07-16 08:00:00-03:00,0.0,0.0,0.0,-1.7309999999999999
2022-07-16 09:00:00-03:00,0.0,0.0,0.0,-1.17
2022-07-16 10:00:00-03:00,0.003,0.002,0.009000000000000001,-0.637
2022-07-16 11:00:00-03:00,0.017,0.003,0.026000000000000002,-0.162
2022-07-16 12:00:00-03:00,0.039,0.006,0.048,0.23500000000000001
2022-07-16 13:00:00-03:00,0.099,0.024,0.093,0.646
2022-07-16 14:00:00-03:00,0.154,0.063,0.11,1.108
2022-07-16 15:00:00-03:00,0.147,0.077,0.089,1.316
2022-07-16 16:00:00-03:00,0.07200000000000001,0.043000000000000003,0.047,1.211
2022-07-16 17:00:00-03:00,0.006,0.009000000000000001,0.007,0.642
2022-07-16 18:00:00-03:00,0.0,0.0,0.0,0.364
2022-07-16 19:00:00-03:00,0.0,0.0,0.0,0.209
2022-07-16 20:00:00-03:00,0.0,0.0,0.0,0.132
2022-07-16 21:00:00-03:00,0.0,0.0,0.0,0.11
2022-07-16 22:00:00-03:00,0.0,0.0,0.0,0.274
2022-07-16 23:00:00-03:00,0.0,0.0,0.0,0.586
2022-07-17 00:00:00-03:00,0.0,0.0,0.0,0.634
2022-07-17 01:00:00-03:00,0.0,0.0,0.0,0.361
2022-07-17 02:00:00-03:00,0.0,0.0,0.0,0.197
2022-07-17 03:00:00-03:00,0.0,0.0,0.0,-0.07200000000000001
2022-07-17 04:00:00-03:00,0.0,0.0,0.0,-0.336
2022-07-17 05:00:00-03:00,0.0,0.0,0.0,-0.427
2022-07-17 06:00:00-03:00,0.0,0.0,0.0,-0.28500000000000003
2022-07-17 07:00:00-03:00,0.0,0.0,0.0,-0.114
2022-07-17 08:00:00-03:00,0.0,0.0,0.0,0.357
2022-07-17 09:00:00-03:00,0.0,0.001,0.0,0.194
2022-07-17 10:00:00-03:00,0.126,0.115,0.029,-0.011
2022-07-17 11:00:00-03:00,0.336,0.298,0.064,0.967
2022-07-17 12:00:00-03:00,0.424,0.379,0.082,1.858
2022-07-17 13:00:00-03:00,0.463,0.418,0.088,2.441
2022-07-17 14:00:00-03:00,0.443,0.399,0.08600000000000001,2.847
2022-07-17 15:00:00-03:00,0.358,0.313,0.076,2.8
2022-07-17 16:00:00-03:00,0.16,0.132,0.049,2.509
2022-07-17 17:00:00-03:00,0.017,0.022,0.008,2.137
2022-07-17 18:00:00-03:00,0.0,0.0,0.0,1.833
2022-07-17 19:00:00-03:00,0.0,0.0,0.0,1.627
2022-07-17 20:00:00-03:00,0.0,0.0,0.0,1.405
2022-07-17 21:00:00-03:00,0.0,0.0,0.0,1.175
2022-07-17 22:00:00-03:00,0.0,0.0,0.0,0.972
2022-07-17 23:00:00-03:00,0.0,0.0,0.0,0.859
2022-07-18 00:00:00-03:00,0.0,0.0,0.0,0.84
2022-07-18 01:00:00-03:00,0.0,0.0,0.0,1.035
2022-07-18 02:00:00-03:00,0.0,0.0,0.0,1.35
2022-07-18 03:00:00-03:00,0.0,0.0,0.0,1.681
2022-07-18 04:00:00-03:00,0.0,0.0,0.0,1.8439999999999999
2022-07-18 05:00:00-03:00,0.0,0.0,0.0,1.833
2022-07-18 06:00:00-03:00,0.0,0.0,0.0,1.6960000000000002
2022-07-18 07:00:00-03:00,0.0,0.0,0.0,1.5470000000000002
2022-07-18 08:00:00-03:00,0.0,0.0,0.0,1.446
2022-07-18 09:00:00-03:00,0.0,0.001,0.001,1.8050000000000002
2022-07-18 10:00:00-03:00,0.02,0.014,0.019,2.271
2022-07-18 11:00:00-03:00,0.076,0.035,0.059000000000000004,2.748
2022-07-18 12:00:00-03:00,0.148,0.07200000000000001,0.097,3.181
2022-07-18 13:00:00-03:00,0.251,0.157,0.11900000000000001,3.359
2022-07-18 14:00:00-03:00,0.322,0.241,0.11,3.432
2022-07-18 15:00:00-03:00,0.28400000000000003,0.222,0.089,3.422
2022-07-18 16:00:00-03:00,0.073,0.045,0.046,3.219
2022-07-18 17:00:00-03:00,0.006,0.009000000000000001,0.007,3.014
2022-07-18 18:00:00-03:00,0.0,0.0,0.0,3.033
2022-07-18 19:00:00-03:00,0.0,0.0,0.0,3.17
2022-07-18 20:00:00-03:00,0.0,0.0,0.0,3.295
2022-07-18 21:00:00-03:00,0.0,0.0,0.0,3.478
2022-07-18 22:00:00-03:00,0.0,0.0,0.0,3.711
2022-07-18 23:00:00-03:00,0.0,0.0,0.0,3.8369999999999997
2022-07-19 00:00:00-03:00,0.0,0.0,0.0,3.776
2022-07-19 01:00:00-03:00,0.0,0.0,0.0,3.6870000000000003
2022-07-19 02:00:00-03:00,0.0,0.0,0.0,3.491
2022-07-19 03:00:00-03:00,0.0,0.0,0.0,3.013
2022-07-19 04:00:00-03:00,0.0,0.0,0.0,2.496
2022-07-19 05:00:00-03:00,0.0,0.0,0.0,1.442
2022-07-19 06:00:00-03:00,0.0,0.0,0.0,1.228
2022-07-19 07:00:00-03:00,0.0,0.0,0.0,1.724
2022-07-19 08:00:00-03:00,0.0,0.0,0.0,2.429
2022-07-19 09:00:00-03:00,0.0,0.001,0.001,2.7199999999999998
2022-07-19 10:00:00-03:00,0.105,0.092,0.032,3.238
2022-07-19 11:00:00-03:00,0.149,0.098,0.07200000000000001,3.854
2022-07-19 12:00:00-03:00,0.085,0.028,0.076,4.225
2022-07-19 13:00:00-03:00,0.27,0.176,0.122,4.869
2022-07-19 14:00:00-03:00,0.317,0.23700000000000002,0.112,5.152
2022-07-19 15:00:00-03:00,0.212,0.145,0.091,5.028
2022-07-19 16:00:00-03:00,0.066,0.039,0.046,4.63
2022-07-19 17:00:00-03:00,0.005,0.008,0.007,3.773
2022-07-19 18:00:00-03:00,0.0,0.0,0.0,2.777
2022-07-19 19:00:00-03:00,0.0,0.0,0.0,2.326
2022-07-19 20:00:00-03:00,0.0,0.0,0.0,2.302
2022-07-19 21:00:00-03:00,0.0,0.0,0.0,2.306
2022-07-19 22:00:00-03:00,0.0,0.0,0.0,2.273
2022-07-19 23:00:00-03:00,0.0,0.0,0.0,2.212
2022-07-20 00:00:00-03:00,0.0,0.0,0.0,2.102
2022-07-20 01:00:00-03:00,0.0,0.0,0.0,2.043
2022-07-20 02:00:00-03:00,0.0,0.0,0.0,2.13
2022-07-20 03:00:00-03:00,0.0,0.0,0.0,2.317
2022-07-20 04:00:00-03:00,0.0,0.0,0.0,2.329
2022-07-20 05:00:00-03:00,0.0,0.0,0.0,2.307
2022-07-20 06:00:00-03:00,0.0,0.0,0.0,2.065
2022-07-20 07:00:00-03:00,0.0,0.0,0.0,1.762
2022-07-20 08:00:00-03:00,0.0,0.0,0.0,1.525
2022-07-20 09:00:00-03:00,0.0,0.0,0.0,1.435
2022-07-20 10:00:00-03:00,0.01,0.005,0.016,1.345
2022-07-20 11:00:00-03:00,0.027,0.006,0.036000000000000004,1.373
2022-07-20 12:00:00-03:00,0.042,0.006,0.052000000000000005,1.335
2022-07-20 13:00:00-03:00,0.062,0.009000000000000001,0.07100000000000001,1.266
2022-07-20 14:00:00-03:00,0.093,0.021,0.091,1.251
2022-07-20 15:00:00-03:00,0.098,0.035,0.081,1.153
2022-07-20 16:00:00-03:00,0.069,0.036000000000000004,0.05,0.869
2022-07-20 17:00:00-03:00,0.015,0.018000000000000002,0.01,0.364
2022-07-20 18:00:00-03:00,0.0,0.0,0.0,-0.028
2022-07-20 19:00:00-03:00,0.0,0.0,0.0,-0.217
2022-07-20 20:00:00-03:00,0.0,0.0,0.0,-0.338
2022-07-20 21:00:00-03:00,0.0,0.0,0.0,-0.399
2022-07-20 22:00:00-03:00,0.0,0.0,0.0,-0.402
2022-07-20 23:00:00-03:00,0.0,0.0,0.0,-0.36
2022-07-21 00:00:00-03:00,0.0,0.0,0.0,-0.325
2022-07-21 01:00:00-03:00,0.0,0.0,0.0,-0.326
2022-07-21 02:00:00-03:00,0.0,0.0,0.0,-0.441
2022-07-21 03:00:00-03:00,0.0,0.0,0.0,-0.603
2022-07-21 04:00:00-03:00,0.0,0.0,0.0,-0.771
2022-07-21 05:00:00-03:00,0.0,0.0,0.0,-0.888
2022-07-21 06:00:00-03:00,0.0,0.0,0.0,-0.771
2022-07-21 07:00:00-03:00,0.0,0.0,0.0,-0.456
2022-07-21 08:00:00-03:00,0.0,0.0,0.0,-0.062
2022-07-21 09:00:00-03:00,0.0,0.0,0.0,0.243
2022-07-21 10:00:00-03:00,0.024,0.016,0.022,0.507
2022-07-21 11:00:00-03:00,0.11900000000000001,0.067,0.07,0.976
2022-07-21 12:00:00-03:00,0.213,0.127,0.107,1.486
2022-07-21 13:00:00-03:00,0.262,0.161,0.124,1.759
2022-07-21 14:00:00-03:00,0.222,0.126,0.117,1.843
2022-07-21 15:00:00-03:00,0.20600000000000002,0.133,0.094,1.88
2022-07-21 16:00:00-03:00,0.109,0.073,0.054,1.6280000000000001
2022-07-21 17:00:00-03:00,0.014,0.016,0.009000000000000001,1.157
2022-07-21 18:00:00-03:00,0.0,0.0,0.0,0.927
2022-07-21 19:00:00-03:00,0.0,0.0,0.0,0.718
2022-07-21 20:00:00-03:00,0.0,0.0,0.0,0.507
2022-07-21 21:00:00-03:00,0.0,0.0,0.0,0.454
2022-07-21 22:00:00-03:00,0.0,0.0,0.0,0.5750000000000001
2022-07-21 23:00:00-03:00,0.0,0.0,0.0,0.621
2022-07-22 00:00:00-03:00,0.0,0.0,0.0,0.527
2022-07-22 01:00:00-03:00,0.0,0.0,0.0,0.47500000000000003
2022-07-22 02:00:00-03:00,0.0,0.0,0.0,0.541
2022-07-22 03:00:00-03:00,0.0,0.0,0.0,0.636
2022-07-22 04:00:00-03:00,0.0,0.0,0.0,0.718
2022-07-22 05:00:00-03:00,0.0,0.0,0.0,0.736
2022-07-22 06:00:00-03:00,0.0,0.0,0.0,0.8160000000000001
2022-07-22 07:00:00-03:00,0.0,0.0,0.0,0.987
2022-07-22 08:00:00-03:00,0.0,0.0,0.0,1.201
2022-07-22 09:00:00-03:00,0.0,0.003,0.001,1.4849999999999999
2022-07-22 10:00:00-03:00,0.11900000000000001,0.10400000000000001,0.034,2.035
2022-07-22 11:00:00-03:00,0.248,0.199,0.073,2.753
2022-07-22 12:00:00-03:00,0.328,0.261,0.097,3.324
2022-07-22 13:00:00-03:00,0.425,0.366,0.1,3.697
2022-07-22 14:00:00-03:00,0.468,0.427,0.088,3.827
2022-07-22 15:00:00-03:00,0.382,0.34,0.078,3.651
2022-07-22 16:00:00-03:00,0.267,0.24,0.053,3.194
2022-07-22 17:00:00-03:00,0.063,0.068,0.012,2.295
2022-07-22 18:00:00-03:00,0.0,0.0,0.0,1.472
2022-07-22 19:00:00-03:00,0.0,0.0,0.0,1.139
2022-07-22 20:00:00-03:00,0.0,0.0,0.0,0.875
2022-07-22 21:00:00-03:00,0.0,0.0,0.0,0.804
2022-07-22 22:00:00-03:00,0.0,0.0,0.0,0.6950000000000001
2022-07-22 23:00:00-03:00,0.0,0.0,0.0,0.467
2022-07-23 00:00:00-03:00,0.0,0.0,0.0,0.262
2022-07-23 01:00:00-03:00,0.0,0.0,0.0,0.199
2022-07-23 02:00:00-03:00,0.0,0.0,0.0,0.14100000000000001
2022-07-23 03:00:00-03:00,0.0,0.0,0.0,0.162
2022-07-23 04:00:00-03:00,0.0,0.0,0.0,-0.078
2022-07-23 05:00:00-03:00,0.0,0.0,0.0,-0.317
2022-07-23 06:00:00-03:00,0.0,0.0,0.0,-0.533
2022-07-23 07:00:00-03:00,0.0,0.0,0.0,-0.782
2022-07-23 08:00:00-03:00,0.0,0.0,0.0,-0.98
2022-07-23 09:00:00-03:00,0.004,0.011,0.002,-1.124
2022-07-23 10:00:00-03:00,0.331,0.322,0.033,-0.367
2022-07-23 11:00:00-03:00,0.534,0.533,0.053,1.082
2022-07-23 12:00:00-03:00,0.605,0.612,0.061,1.7890000000000001
2022-07-23 13:00:00-03:00,0.586,0.581,0.07,2.098
2022-07-23 14:00:00-03:00,0.485,0.447,0.084,2.267
2022-07-23 15:00:00-03:00,0.363,0.313,0.081,2.289
2022-07-23 16:00:00-03:00,0.135,0.101,0.054,1.9609999999999999
2022-07-23 17:00:00-03:00,0.014,0.017,0.01,1.177
2022-07-23 18:00:00-03:00,0.0,0.0,0.0,1.092
2022-07-23 19:00:00-03:00,0.0,0.0,0.0,0.884
2022-07-23 20:00:00-03:00,0.0,0.0,0.0,0.646
2022-07-23 21:00:00-03:00,0.0,0.0,0.0,0.519
2022-07-23 22:00:00-03:00,0.0,0.0,0.0,0.47500000000000003
2022-07-23 23:00:00-03:00,0.0,0.0,0.0,0.665
2022-07-24 00:00:00-03:00,0.0,0.0,0.0,0.897
2022-07-24 01:00:00-03:00,0.0,0.0,0.0,1.043
2022-07-24 02:00:00-03:00,0.0,0.0,0.0,0.6970000000000001
2022-07-24 03:00:00-03:00,0.0,0.0,0.0,0.155
2022-07-24 04:00:00-03:00,0.0,0.0,0.0,-0.20400000000000001
2022-07-24 05:00:00-03:00,0.0,0.0,0.0,-0.41200000000000003
2022-07-24 06:00:00-03:00,0.0,0.0,0.0,-0.35100000000000003
2022-07-24 07:00:00-03:00,0.0,0.0,0.0,-0.41600000000000004
2022-07-24 08:00:00-03:00,0.0,0.0,0.0,-0.545
2022-07-24 09:00:00-03:00,0.001,0.006,0.002,-0.488
2022-07-24 10:00:00-03:00,0.137,0.122,0.034,0.216
2022-07-24 11:00:00-03:00,0.452,0.431,0.06,1.268
2022-07-24 12:00:00-03:00,0.622,0.638,0.057,1.974
2022-07-24 13:00:00-03:00,0.653,0.68,0.055,2.507
2022-07-24 14:00:00-03:00,0.609,0.622,0.059000000000000004,2.75
2022-07-24 15:00:00-03:00,0.577,0.588,0.053,2.709
2022-07-24 16:00:00-03:00,0.394,0.383,0.046,2.206
2022-07-24 17:00:00-03:00,0.116,0.12,0.014,0.9430000000000001
2022-07-24 18:00:00-03:00,0.0,0.0,0.0,0.438
2022-07-24 19:00:00-03:00,0.0,0.0,0.0,0.529
2022-07-24 20:00:00-03:00,0.0,0.0,0.0,0.442
2022-07-24 21:00:00-03:00,0.0,0.0,0.0,0.491
2022-07-24 22:00:00-03:00,0.0,0.0,0.0,0.532
2022-07-24 23:00:00-03:00,0.0,0.0,0.0,0.673
2022-07-25 00:00:00-03:00,0.0,0.0,0.0,0.767
2022-07-25 01:00:00-03:00,0.0,0.0,0.0,0.804
2022-07-25 02:00:00-03:00,0.0,0.0,0.0,0.884
2022-07-25 03:00:00-03:00,0.0,0.0,0.0,1.085
2022-07-25 04:00:00-03:00,0.0,0.0,0.0,1.308
2022-07-25 05:00:00-03:00,0.0,0.0,0.0,1.565
2022-07-25 06:00:00-03:00,0.0,0.0,0.0,1.818
2022-07-25 07:00:00-03:00,0.0,0.0,0.0,2.056
2022-07-25 08:00:00-03:00,0.0,0.0,0.0,2.228
2022-07-25 09:00:00-03:00,0.0,0.002,0.002,2.365
2022-07-25 10:00:00-03:00,0.022,0.013000000000000001,0.023,2.638
2022-07-25 11:00:00-03:00,0.054,0.019,0.053,3.017
2022-07-25 12:00:00-03:00,0.148,0.067,0.10200000000000001,3.06
2022-07-25 13:00:00-03:00,0.34700000000000003,0.256,0.122,2.692
2022-07-25 14:00:00-03:00,0.459,0.402,0.1,2.437
2022-07-25 15:00:00-03:00,0.391,0.34,0.08600000000000001,2.192
2022-07-25 16:00:00-03:00,0.23600000000000002,0.199,0.06,1.7730000000000001
2022-07-25 17:00:00-03:00,0.063,0.065,0.015,0.9520000000000001
2022-07-25 18:00:00-03:00,0.0,0.0,0.0,0.313
2022-07-25 19:00:00-03:00,0.0,0.0,0.0,0.244
2022-07-25 20:00:00-03:00,0.0,0.0,0.0,0.171
2022-07-25 21:00:00-03:00,0.0,0.0,0.0,0.154
2022-07-25 22:00:00-03:00,0.0,0.0,0.0,0.08700000000000001
2022-07-25 23:00:00-03:00,0.0,0.0,0.0,-0.013000000000000001
2022-07-26 00:00:00-03:00,0.0,0.0,0.0,-0.209
2022-07-26 01:00:00-03:00,0.0,0.0,0.0,-0.453
2022-07-26 02:00:00-03:00,0.0,0.0,0.0,-0.651
2022-07-26 03:00:00-03:00,0.0,0.0,0.0,-0.846
2022-07-26 04:00:00-03:00,0.0,0.0,0.0,-1.007
2022-07-26 05:00:00-03:00,0.0,0.0,0.0,-1.188
2022-07-26 06:00:00-03:00,0.0,0.0,0.0,-1.319
2022-07-26 07:00:00-03:00,0.0,0.0,0.0,-1.3780000000000001
2022-07-26 08:00:00-03:00,0.0,0.0,0.0,-1.429
2022-07-26 09:00:00-03:00,0.007,0.014,0.003,-1.4100000000000001
2022-07-26 10:00:00-03:00,0.194,0.17300000000000001,0.04,-0.503
2022-07-26 11:00:00-03:00,0.256,0.2,0.078,0.866
2022-07-26 12:00:00-03:00,0.274,0.191,0.108,1.588
2022-07-26 13:00:00-03:00,0.307,0.212,0.121,1.9020000000000001
2022-07-26 14:00:00-03:00,0.392,0.316,0.109,2.008
2022-07-26 15:00:00-03:00,0.302,0.234,0.093,1.881
2022-07-26 16:00:00-03:00,0.163,0.123,0.06,1.521
2022-07-26 17:00:00-03:00,0.032,0.033,0.014,0.6940000000000001
2022-07-26 18:00:00-03:00,0.0,0.0,0.0,0.184
2022-07-26 19:00:00-03:00,0.0,0.0,0.0,0.161
2022-07-26 20:00:00-03:00,0.0,0.0,0.0,-0.023
2022-07-26 21:00:00-03:00,0.0,0.0,0.0,-0.169
2022-07-26 22:00:00-03:00,0.0,0.0,0.0,-0.371
2022-07-26 23:00:00-03:00,0.0,0.0,0.0,-0.266
2022-07-27 00:00:00-03:00,0.0,0.0,0.0,-0.053
2022-07-27 01:00:00-03:00,0.0,0.0,0.0,-0.023
2022-07-27 02:00:00-03:00,0.0,0.0,0.0,-0.232
2022-07-27 03:00:00-03:00,0.0,0.0,0.0,-0.577
2022-07-27 04:00:00-03:00,0.0,0.0,0.0,-0.168
2022-07-27 05:00:00-03:00,0.0,0.0,0.0,-0.064
2022-07-27 06:00:00-03:00,0.0,0.0,0.0,0.064
2022-07-27 07:00:00-03:00,0.0,0.0,0.0,0.34800000000000003
2022-07-27 08:00:00-03:00,0.0,0.0,0.0,0.622
2022-07-27 09:00:00-03:00,0.0,0.0,0.001,0.835
2022-07-27 10:00:00-03:00,0.003,0.001,0.01,1.034
2022-07-27 11:00:00-03:00,0.014,0.002,0.024,1.3980000000000001
2022-07-27 12:00:00-03:00,0.031,0.003,0.043000000000000003,1.635
2022-07-27 13:00:00-03:00,0.045,0.004,0.058,1.885
2022-07-27 14:00:00-03:00,0.088,0.016,0.091,2.34
2022-07-27 15:00:00-03:00,0.20800000000000002,0.11900000000000001,0.111,2.901
2022-07-27 16:00:00-03:00,0.112,0.067,0.064,3.1310000000000002
2022-07-27 17:00:00-03:00,0.016,0.015,0.014,2.982
2022-07-27 18:00:00-03:00,0.0,0.0,0.0,2.901
2022-07-27 19:00:00-03:00,0.0,0.0,0.0,3.093
2022-07-27 20:00:00-03:00,0.0,0.0,0.0,3.394
2022-07-27 21:00:00-03:00,0.0,0.0,0.0,3.75
2022-07-27 22:00:00-03:00,0.0,0.0,0.0,4.029
2022-07-27 23:00:00-03:00,0.0,0.0,0.0,4.038
2022-07-28 00:00:00-03:00,0.0,0.0,0.0,3.878
2022-07-28 01:00:00-03:00,0.0,0.0,0.0,3.714
2022-07-28 02:00:00-03:00,0.0,0.0,0.0,3.573
2022-07-28 03:00:00-03:00,0.0,0.0,0.0,3.496
2022-07-28 04:00:00-03:00,0.0,0.0,0.0,3.47
2022-07-28 05:00:00-03:00,0.0,0.0,0.0,3.415
2022-07-28 06:00:00-03:00,0.0,0.0,0.0,3.384
2022-07-28 07:00:00-03:00,0.0,0.0,0.0,3.074
2022-07-28 08:00:00-03:00,0.0,0.0,0.0,2.9
2022-07-28 09:00:00-03:00,0.0,0.001,0.001,3.479
2022-07-28 10:00:00-03:00,0.012,0.006,0.018000000000000002,4.258
2022-07-28 11:00:00-03:00,0.069,0.025,0.063,5.142
2022-07-28 12:00:00-03:00,0.105,0.034,0.092,6.175
2022-07-28 13:00:00-03:00,0.229,0.123,0.133,6.795
2022-07-28 14:00:00-03:00,0.34800000000000003,0.263,0.123,6.786
2022-07-28 15:00:00-03:00,0.342,0.28300000000000003,0.096,6.486
2022-07-28 16:00:00-03:00,0.264,0.229,0.064,6.028
2022-07-28 17:00:00-03:00,0.084,0.084,0.019,5.31
2022-07-28 18:00:00-03:00,0.0,0.0,0.0,4.684
2022-07-28 19:00:00-03:00,0.0,0.0,0.0,4.404
2022-07-28 20:00:00-03:00,0.0,0.0,0.0,4.263
2022-07-28 21:00:00-03:00,0.0,0.0,0.0,4.186
2022-07-28 22:00:00-03:00,0.0,0.0,0.0,4.117
2022-07-28 23:00:00-03:00,0.0,0.0,0.0,4.066
2022-07-29 00:00:00-03:00,0.0,0.0,0.0,3.979
2022-07-29 01:00:00-03:00,0.0,0.0,0.0,3.874
2022-07-29 02:00:00-03:00,0.0,0.0,0.0,3.7119999999999997
2022-07-29 03:00:00-03:00,0.0,0.0,0.0,3.5949999999999998
2022-07-29 04:00:00-03:00,0.0,0.0,0.0,3.5140000000000002
2022-07-29 05:00:00-03:00,0.0,0.0,0.0,3.43
2022-07-29 06:00:00-03:00,0.0,0.0,0.0,3.375
2022-07-29 07:00:00-03:00,0.0,0.0,0.0,3.44
2022-07-29 08:00:00-03:00,0.0,0.0,0.0,3.507
2022-07-29 09:00:00-03:00,0.005,0.011,0.004,3.584
2022-07-29 10:00:00-03:00,0.183,0.162,0.044,3.829
2022-07-29 11:00:00-03:00,0.289,0.23800000000000002,0.08,4.186
2022-07-29 12:00:00-03:00,0.47200000000000003,0.431,0.091,4.546
2022-07-29 13:00:00-03:00,0.556,0.537,0.08700000000000001,4.801
2022-07-29 14:00:00-03:00,0.482,0.439,0.096,4.885
2022-07-29 15:00:00-03:00,0.34900000000000003,0.291,0.093,4.835
2022-07-29 16:00:00-03:00,0.18,0.139,0.064,4.667
2022-07-29 17:00:00-03:00,0.036000000000000004,0.035,0.018000000000000002,4.432
2022-07-29 18:00:00-03:00,0.0,0.0,0.0,4.293
2022-07-29 19:00:00-03:00,0.0,0.0,0.0,4.392
2022-07-29 20:00:00-03:00,0.0,0.0,0.0,4.473
2022-07-29 21:00:00-03:00,0.0,0.0,0.0,4.425
2022-07-29 22:00:00-03:00,0.0,0.0,0.0,4.326
2022-07-29 23:00:00-03:00,0.0,0.0,0.0,4.223
2022-07-30 00:00:00-03:00,0.0,0.0,0.0,4.212
2022-07-30 01:00:00-03:00,0.0,0.0,0.0,4.22
2022-07-30 02:00:00-03:00,0.0,0.0,0.0,4.16
2022-07-30 03:00:00-03:00,0.0,0.0,0.0,4.081
2022-07-30 04:00:00-03:00,0.0,0.0,0.0,4.053
2022-07-30 05:00:00-03:00,0.0,0.0,0.0,4.055
2022-07-30 06:00:00-03:00,0.0,0.0,0.0,4.026
2022-07-30 07:00:00-03:00,0.0,0.0,0.0,3.9530000000000003
2022-07-30 08:00:00-03:00,0.0,0.0,0.0,3.9
2022-07-30 09:00:00-03:00,0.007,0.013000000000000001,0.004,3.868
2022-07-30 10:00:00-03:00,0.18,0.158,0.045,4.157
2022-07-30 11:00:00-03:00,0.32,0.271,0.081,4.718
2022-07-30 12:00:00-03:00,0.426,0.371,0.1,5.205
2022-07-30 13:00:00-03:00,0.446,0.384,0.11,5.456
2022-07-30 14:00:00-03:00,0.401,0.331,0.112,5.542
2022-07-30 15:00:00-03:00,0.326,0.261,0.098,5.45
2022-07-30 16:00:00-03:00,0.157,0.114,0.065,5.099
2022-07-30 17:00:00-03:00,0.035,0.032,0.018000000000000002,4.508
2022-07-30 18:00:00-03:00,0.0,0.0,0.0,3.957
2022-07-30 19:00:00-03:00,0.0,0.0,0.0,3.6390000000000002
2022-07-30 20:00:00-03:00,0.0,0.0,0.0,3.427
2022-07-30 21:00:00-03:00,0.0,0.0,0.0,3.25
2022-07-30 22:00:00-03:00,0.0,0.0,0.0,3.143
2022-07-30 23:00:00-03:00,0.0,0.0,0.0,3.076
2022-07-31 00:00:00-03:00,0.0,0.0,0.0,3.128
2022-07-31 01:00:00-03:00,0.0,0.0,0.0,3.238
2022-07-31 02:00:00-03:00,0.0,0.0,0.0,3.333
2022-07-31 03:00:00-03:00,0.0,0.0,0.0,3.432
2022-07-31 04:00:00-03:00,0.0,0.0,0.0,3.548
2022-07-31 05:00:00-03:00,0.0,0.0,0.0,3.637
2022-07-31 06:00:00-03:00,0.0,0.0,0.0,3.65
2022-07-31 07:00:00-03:00,0.0,0.0,0.0,3.5789999999999997
2022-07-31 08:00:00-03:00,0.0,0.0,0.0,3.5
2022-07-31 09:00:00-03:00,0.004,0.008,0.005,3.432
2022-07-31 10:00:00-03:00,0.077,0.054,0.042,3.85
2022-07-31 11:00:00-03:00,0.16,0.094,0.088,4.489
2022-07-31 12:00:00-03:00,0.185,0.09,0.11800000000000001,4.977
2022-07-31 13:00:00-03:00,0.232,0.117,0.14100000000000001,5.305
2022-07-31 14:00:00-03:00,0.198,0.091,0.132,5.45
2022-07-31 15:00:00-03:00,0.17,0.08600000000000001,0.107,5.474
2022-07-31 16:00:00-03:00,0.08,0.039,0.06,5.205
2022-07-31 17:00:00-03:00,0.007,0.006,0.012,4.735
2022-07-31 18:00:00-03:00,0.0,0.0,0.0,4.639
2022-07-31 19:00:00-03:00,0.0,0.0,0.0,4.573
2022-07-31 20:00:00-03:00,0.0,0.0,0.0,4.446
2022-07-31 21:00:00-03:00,0.0,0.0,0.0,4.44
2022-07-31 22:00:00-03:00,0.0,0.0,0.0,4.256
2022-07-31 23:00:00-03:00,0.0,0.0,0.0,4.025
2022-08-01 00:00:00-03:00,0.0,0.0,0.0,3.925
2022-08-01 01:00:00-03:00,0.0,0.0,0.0,4.042
2022-08-01 02:00:00-03:00,0.0,0.0,0.0,4.12
2022-08-01 03:00:00-03:00,0.0,0.0,0.0,4.119
2022-08-01 04:00:00-03:00,0.0,0.0,0.0,4.032
2022-08-01 05:00:00-03:00,0.0,0.0,0.0,4.071
2022-08-01 06:00:00-03:00,0.0,0.0,0.0,3.875
2022-08-01 07:00:00-03:00,0.0,0.0,0.0,3.439
2022-08-01 08:00:00-03:00,0.0,0.0,0.0,3.127
2022-08-01 09:00:00-03:00,0.014,0.021,0.006,3.215
2022-08-01 10:00:00-03:00,0.219,0.196,0.047,4.231
2022-08-01 11:00:00-03:00,0.424,0.392,0.076,5.184
2022-08-01 12:00:00-03:00,0.504,0.47400000000000003,0.089,6.035
2022-08-01 13:00:00-03:00,0.509,0.47200000000000003,0.1,6.582
2022-08-01 14:00:00-03:00,0.421,0.358,0.111,6.757
2022-08-01 15:00:00-03:00,0.31,0.242,0.101,6.688
2022-08-01 16:00:00-03:00,0.146,0.10200000000000001,0.067,6.302
2022-08-01 17:00:00-03:00,0.03,0.026000000000000002,0.019,5.702
2022-08-01 18:00:00-03:00,0.0,0.0,0.0,5.096
2022-08-01 19:00:00-03:00,0.0,0.0,0.0,4.633
2022-08-01 20:00:00-03:00,0.0,0.0,0.0,4.237
2022-08-01 21:00:00-03:00,0.0,0.0,0.0,3.971
2022-08-01 22:00:00-03:00,0.0,0.0,0.0,3.89
2022-08-01 23:00:00-03:00,0.0,0.0,0.0,3.813
2022-08-02 00:00:00-03:00,0.0,0.0,0.0,3.716
2022-08-02 01:00:00-03:00,0.0,0.0,0.0,3.577
2022-08-02 02:00:00-03:00,0.0,0.0,0.0,3.4939999999999998
2022-08-02 03:00:00-03:00,0.0,0.0,0.0,3.422
2022-08-02 04:00:00-03:00,0.0,0.0,0.0,3.359
2022-08-02 05:00:00-03:00,0.0,0.0,0.0,3.268
2022-08-02 06:00:00-03:00,0.0,0.0,0.0,3.22
2022-08-02 07:00:00-03:00,0.0,0.0,0.0,3.175
2022-08-02 08:00:00-03:00,0.0,0.0,0.0,3.238
2022-08-02 09:00:00-03:00,0.0,0.001,0.002,3.345
2022-08-02 10:00:00-03:00,0.007,0.002,0.015,3.612
2022-08-02 11:00:00-03:00,0.02,0.002,0.032,3.903
2022-08-02 12:00:00-03:00,0.032,0.003,0.045,3.973
2022-08-02 13:00:00-03:00,0.059000000000000004,0.005,0.07200000000000001,4.077
2022-08-02 14:00:00-03:00,0.08700000000000001,0.012,0.095,4.452
2022-08-02 15:00:00-03:00,0.068,0.011,0.075,4.7780000000000005
2022-08-02 16:00:00-03:00,0.037,0.009000000000000001,0.044,4.749
2022-08-02 17:00:00-03:00,0.009000000000000001,0.005,0.014,4.111
2022-08-02 18:00:00-03:00,0.0,0.0,0.0,3.489
2022-08-02 19:00:00-03:00,0.0,0.0,0.0,3.187
2022-08-02 20:00:00-03:00,0.0,0.0,0.0,2.904
2022-08-02 21:00:00-03:00,0.0,0.0,0.0,2.605
2022-08-02 22:00:00-03:00,0.0,0.0,0.0,2.454
2022-08-02 23:00:00-03:00,0.0,0.0,0.0,2.539
2022-08-03 00:00:00-03:00,0.0,0.0,0.0,2.581
2022-08-03 01:00:00-03:00,0.0,0.0,0.0,2.564
2022-08-03 02:00:00-03:00,0.0,0.0,0.0,2.342
2022-08-03 03:00:00-03:00,0.0,0.0,0.0,1.893
2022-08-03 04:00:00-03:00,0.0,0.0,0.0,1.624
2022-08-03 05:00:00-03:00,0.0,0.0,0.0,1.471
2022-08-03 06:00:00-03:00,0.0,0.0,0.0,1.385
2022-08-03 07:00:00-03:00,0.0,0.0,0.0,1.42
2022-08-03 08:00:00-03:00,0.0,0.0,0.0,1.358
2022-08-03 09:00:00-03:00,0.0,0.001,0.003,1.404
2022-08-03 10:00:00-03:00,0.014,0.004,0.022,1.7189999999999999
2022-08-03 11:00:00-03:00,0.029,0.003,0.04,2.135
2022-08-03 12:00:00-03:00,0.034,0.002,0.047,2.382
2022-08-03 13:00:00-03:00,0.034,0.002,0.047,2.518
2022-08-03 14:00:00-03:00,0.031,0.002,0.044,2.713
2022-08-03 15:00:00-03:00,0.019,0.001,0.032,2.856
2022-08-03 16:00:00-03:00,0.009000000000000001,0.001,0.018000000000000002,2.903
2022-08-03 17:00:00-03:00,0.0,0.001,0.006,2.798
2022-08-03 18:00:00-03:00,0.0,0.0,0.0,2.677
2022-08-03 19:00:00-03:00,0.0,0.0,0.0,2.632
2022-08-03 20:00:00-03:00,0.0,0.0,0.0,2.487
2022-08-03 21:00:00-03:00,0.0,0.0,0.0,2.291
2022-08-03 22:00:00-03:00,0.0,0.0,0.0,1.984
2022-08-03 23:00:00-03:00,0.0,0.0,0.0,1.629
2022-08-04 00:00:00-03:00,0.0,0.0,0.0,1.3900000000000001
2022-08-04 01:00:00-03:00,0.0,0.0,0.0,1.276
2022-08-04 02:00:00-03:00,0.0,0.0,0.0,1.22
2022-08-04 03:00:00-03:00,0.0,0.0,0.0,1.182
2022-08-04 04:00:00-03:00,0.0,0.0,0.0,1.142
2022-08-04 05:00:00-03:00,0.0,0.0,0.0,1.035
2022-08-04 06:00:00-03:00,0.0,0.0,0.0,1.015
2022-08-04 07:00:00-03:00,0.0,0.0,0.0,1.092
2022-08-04 08:00:00-03:00,0.0,0.0,0.0,1.213
2022-08-04 09:00:00-03:00,0.0,0.002,0.004,1.3820000000000001
2022-08-04 10:00:00-03:00,0.03,0.013000000000000001,0.032,1.843
2022-08-04 11:00:00-03:00,0.091,0.033,0.077,2.437
2022-08-04 12:00:00-03:00,0.178,0.075,0.125,2.8689999999999998
2022-08-04 13:00:00-03:00,0.211,0.088,0.145,3.236
2022-08-04 14:00:00-03:00,0.211,0.093,0.14100000000000001,3.497
2022-08-04 15:00:00-03:00,0.183,0.091,0.114,3.617
2022-08-04 16:00:00-03:00,0.11800000000000001,0.066,0.07200000000000001,3.502
2022-08-04 17:00:00-03:00,0.029,0.021,0.023,2.653
2022-08-04 18:00:00-03:00,0.0,0.0,0.0,2.063
2022-08-04 19:00:00-03:00,0.0,0.0,0.0,1.928
2022-08-04 20:00:00-03:00,0.0,0.0,0.0,1.804
2022-08-04 21:00:00-03:00,0.0,0.0,0.0,1.673
2022-08-04 22:00:00-03:00,0.0,0.0,0.0,1.605
2022-08-04 23:00:00-03:00,0.0,0.0,0.0,1.5470000000000002
2022-08-05 00:00:00-03:00,0.0,0.0,0.0,1.48
2022-08-05 01:00:00-03:00,0.0,0.0,0.0,1.404
2022-08-05 02:00:00-03:00,0.0,0.0,0.0,1.278
2022-08-05 03:00:00-03:00,0.0,0.0,0.0,1.131
2022-08-05 04:00:00-03:00,0.0,0.0,0.0,1.092
2022-08-05 05:00:00-03:00,0.0,0.0,0.0,1.041
2022-08-05 06:00:00-03:00,0.0,0.0,0.0,1.037
2022-08-05 07:00:00-03:00,0.0,0.0,0.0,1.041
2022-08-05 08:00:00-03:00,0.0,0.0,0.0,1.028
2022-08-05 09:00:00-03:00,0.011,0.015,0.007,1.073
2022-08-05 10:00:00-03:00,0.125,0.094,0.051000000000000004,2.118
2022-08-05 11:00:00-03:00,0.278,0.211,0.094,3.275
2022-08-05 12:00:00-03:00,0.314,0.222,0.122,3.789
2022-08-05 13:00:00-03:00,0.388,0.292,0.133,4.133
2022-08-05 14:00:00-03:00,0.396,0.309,0.125,4.339
2022-08-05 15:00:00-03:00,0.367,0.298,0.10400000000000001,4.349
2022-08-05 16:00:00-03:00,0.251,0.203,0.074,4.086
2022-08-05 17:00:00-03:00,0.083,0.073,0.029,3.153
2022-08-05 18:00:00-03:00,0.0,0.0,0.0,2.608
2022-08-05 19:00:00-03:00,0.0,0.0,0.0,2.613
2022-08-05 20:00:00-03:00,0.0,0.0,0.0,2.646
2022-08-05 21:00:00-03:00,0.0,0.0,0.0,2.584
2022-08-05 22:00:00-03:00,0.0,0.0,0.0,2.452
2022-08-05 23:00:00-03:00,0.0,0.0,0.0,2.337
2022-08-06 00:00:00-03:00,0.0,0.0,0.0,2.228
2022-08-06 01:00:00-03:00,0.0,0.0,0.0,2.1
2022-08-06 02:00:00-03:00,0.0,0.0,0.0,1.952
2022-08-06 03:00:00-03:00,0.0,0.0,0.0,1.76
2022-08-06 04:00:00-03:00,0.0,0.0,0.0,1.57
2022-08-06 05:00:00-03:00,0.0,0.0,0.0,1.411
2022-08-06 06:00:00-03:00,0.0,0.0,0.0,1.3980000000000001
2022-08-06 07:00:00-03:00,0.0,0.0,0.0,1.299
2022-08-06 08:00:00-03:00,0.0,0.0,0.0,1.021
2022-08-06 09:00:00-03:00,0.029,0.034,0.009000000000000001,0.771
2022-08-06 10:00:00-03:00,0.159,0.125,0.053,1.462
2022-08-06 11:00:00-03:00,0.249,0.179,0.094,2.166
2022-08-06 12:00:00-03:00,0.319,0.224,0.123,2.803
2022-08-06 13:00:00-03:00,0.368,0.266,0.136,3.227
2022-08-06 14:00:00-03:00,0.396,0.307,0.126,3.5060000000000002
2022-08-06 15:00:00-03:00,0.402,0.341,0.099,3.669
2022-08-06 16:00:00-03:00,0.399,0.37,0.067,3.596
2022-08-06 17:00:00-03:00,0.167,0.155,0.032,2.211
2022-08-06 18:00:00-03:00,0.0,0.001,0.0,0.908
2022-08-06 19:00:00-03:00,0.0,0.0,0.0,0.591
2022-08-06 20:00:00-03:00,0.0,0.0,0.0,0.319
2022-08-06 21:00:00-03:00,0.0,0.0,0.0,0.036000000000000004
2022-08-06 22:00:00-03:00,0.0,0.0,0.0,-0.024
2022-08-06 23:00:00-03:00,0.0,0.0,0.0,0.229
2022-08-07 00:00:00-03:00,0.0,0.0,0.0,0.192
2022-08-07 01:00:00-03:00,0.0,0.0,0.0,0.036000000000000004
2022-08-07 02:00:00-03:00,0.0,0.0,0.0,-0.304
2022-08-07 03:00:00-03:00,0.0,0.0,0.0,-0.548
2022-08-07 04:00:00-03:00,0.0,0.0,0.0,-0.7030000000000001
2022-08-07 05:00:00-03:00,0.0,0.0,0.0,-0.738
2022-08-07 06:00:00-03:00,0.0,0.0,0.0,-0.553
2022-08-07 07:00:00-03:00,0.0,0.0,0.0,-0.621
2022-08-07 08:00:00-03:00,0.0,0.0,0.0,-0.55
2022-08-07 09:00:00-03:00,0.06,0.066,0.011,-0.434
2022-08-07 10:00:00-03:00,0.338,0.313,0.051000000000000004,0.391
2022-08-07 11:00:00-03:00,0.5710000000000001,0.5650000000000001,0.065,1.304
2022-08-07 12:00:00-03:00,0.639,0.648,0.07,2.224
2022-08-07 13:00:00-03:00,0.662,0.681,0.068,2.954
2022-08-07 14:00:00-03:00,0.655,0.675,0.067,3.446
2022-08-07 15:00:00-03:00,0.596,0.601,0.067,3.644
2022-08-07 16:00:00-03:00,0.404,0.379,0.064,3.497
2022-08-07 17:00:00-03:00,0.132,0.121,0.032,2.343
2022-08-07 18:00:00-03:00,0.0,0.002,0.001,1.186
2022-08-07 19:00:00-03:00,0.0,0.0,0.0,0.914
2022-08-07 20:00:00-03:00,0.0,0.0,0.0,0.668
2022-08-07 21:00:00-03:00,0.0,0.0,0.0,0.186
2022-08-07 22:00:00-03:00,0.0,0.0,0.0,-0.324
2022-08-07 23:00:00-03:00,0.0,0.0,0.0,-0.881
2022-08-08 00:00:00-03:00,0.0,0.0,0.0,-1.156
2022-08-08 01:00:00-03:00,0.0,0.0,0.0,-1.5510000000000002
2022-08-08 02:00:00-03:00,0.0,0.0,0.0,-1.675
2022-08-08 03:00:00-03:00,0.0,0.0,0.0,-1.741
2022-08-08 04:00:00-03:00,0.0,0.0,0.0,-1.791
2022-08-08 05:00:00-03:00,0.0,0.0,0.0,-1.887
2022-08-08 06:00:00-03:00,0.0,0.0,0.0,-1.9460000000000002
2022-08-08 07:00:00-03:00,0.0,0.0,0.0,-1.983
2022-08-08 08:00:00-03:00,0.0,0.0,0.0,-2.004
2022-08-08 09:00:00-03:00,0.126,0.13,0.013000000000000001,-1.6720000000000002
2022-08-08 10:00:00-03:00,0.43,0.41200000000000003,0.051000000000000004,-0.439
2022-08-08 11:00:00-03:00,0.589,0.581,0.068,0.452
2022-08-08 12:00:00-03:00,0.679,0.6930000000000001,0.07100000000000001,1.421
2022-08-08 13:00:00-03:00,0.5640000000000001,0.52,0.105,2.233
2022-08-08 14:00:00-03:00,0.25,0.134,0.14100000000000001,2.757
2022-08-08 15:00:00-03:00,0.115,0.039,0.096,2.87
2022-08-08 16:00:00-03:00,0.081,0.035,0.065,2.753
2022-08-08 17:00:00-03:00,0.02,0.012,0.021,2.241
2022-08-08 18:00:00-03:00,0.0,0.0,0.0,1.903
2022-08-08 19:00:00-03:00,0.0,0.0,0.0,1.857
2022-08-08 20:00:00-03:00,0.0,0.0,0.0,1.685
2022-08-08 21:00:00-03:00,0.0,0.0,0.0,1.57
2022-08-08 22:00:00-03:00,0.0,0.0,0.0,1.44
2022-08-08 23:00:00-03:00,0.0,0.0,0.0,1.24
2022-08-09 00:00:00-03:00,0.0,0.0,0.0,1.047
2022-08-09 01:00:00-03:00,0.0,0.0,0.0,0.931
2022-08-09 02:00:00-03:00,0.0,0.0,0.0,0.848
2022-08-09 03:00:00-03:00,0.0,0.0,0.0,0.794
2022-08-09 04:00:00-03:00,0.0,0.0,0.0,0.609
2022-08-09 05:00:00-03:00,0.0,0.0,0.0,0.489
2022-08-09 06:00:00-03:00,0.0,0.0,0.0,0.47600000000000003
2022-08-09 07:00:00-03:00,0.0,0.0,0.0,0.504
2022-08-09 08:00:00-03:00,0.0,0.0,0.0,0.552
2022-08-09 09:00:00-03:00,0.106,0.111,0.013000000000000001,0.936
2022-08-09 10:00:00-03:00,0.41100000000000003,0.395,0.052000000000000005,2.5300000000000002
2022-08-09 11:00:00-03:00,0.5720000000000001,0.5710000000000001,0.069,3.925
2022-08-09 12:00:00-03:00,0.638,0.65,0.075,4.84
2022-08-09 13:00:00-03:00,0.654,0.671,0.078,5.57
2022-08-09 14:00:00-03:00,0.49,0.434,0.112,5.984
2022-08-09 15:00:00-03:00,0.246,0.158,0.115,5.952
2022-08-09 16:00:00-03:00,0.108,0.058,0.07100000000000001,5.431
2022-08-09 17:00:00-03:00,0.028,0.018000000000000002,0.025,4.726
2022-08-09 18:00:00-03:00,0.0,0.0,0.001,4.393
2022-08-09 19:00:00-03:00,0.0,0.0,0.0,4.238
2022-08-09 20:00:00-03:00,0.0,0.0,0.0,3.901
2022-08-09 21:00:00-03:00,0.0,0.0,0.0,3.266
2022-08-09 22:00:00-03:00,0.0,0.0,0.0,2.7800000000000002
2022-08-09 23:00:00-03:00,0.0,0.0,0.0,2.4859999999999998
2022-08-10 00:00:00-03:00,0.0,0.0,0.0,2.346
2022-08-10 01:00:00-03:00,0.0,0.0,0.0,2.347
2022-08-10 02:00:00-03:00,0.0,0.0,0.0,2.147
2022-08-10 03:00:00-03:00,0.0,0.0,0.0,2.11
2022-08-10 04:00:00-03:00,0.0,0.0,0.0,2.064
2022-08-10 05:00:00-03:00,0.0,0.0,0.0,1.9
2022-08-10 06:00:00-03:00,0.0,0.0,0.0,1.862
2022-08-10 07:00:00-03:00,0.0,0.0,0.0,1.845
2022-08-10 08:00:00-03:00,0.0,0.0,0.0,1.846
2022-08-10 09:00:00-03:00,0.02,0.02,0.013000000000000001,2.18
2022-08-10 10:00:00-03:00,0.068,0.033,0.054,3.536
2022-08-10 11:00:00-03:00,0.081,0.021,0.08,4.431
2022-08-10 12:00:00-03:00,0.088,0.013000000000000001,0.094,4.795
2022-08-10 13:00:00-03:00,0.079,0.008,0.091,4.719
2022-08-10 14:00:00-03:00,0.061,0.005,0.074,4.484
2022-08-10 15:00:00-03:00,0.037,0.003,0.05,4.13
2022-08-10 16:00:00-03:00,0.019,0.002,0.03,3.6630000000000003
2022-08-10 17:00:00-03:00,0.004,0.002,0.011,3.069
2022-08-10 18:00:00-03:00,0.0,0.0,0.0,2.496
2022-08-10 19:00:00-03:00,0.0,0.0,0.0,2.215
2022-08-10 20:00:00-03:00,0.0,0.0,0.0,2.0
2022-08-10 21:00:00-03:00,0.0,0.0,0.0,1.776
2022-08-10 22:00:00-03:00,0.0,0.0,0.0,1.528
2022-08-10 23:00:00-03:00,0.0,0.0,0.0,1.064
2022-08-11 00:00:00-03:00,0.0,0.0,0.0,0.683
2022-08-11 01:00:00-03:00,0.0,0.0,0.0,0.406
2022-08-11 02:00:00-03:00,0.0,0.0,0.0,0.356
2022-08-11 03:00:00-03:00,0.0,0.0,0.0,0.316
2022-08-11 04:00:00-03:00,0.0,0.0,0.0,0.17200000000000001
2022-08-11 05:00:00-03:00,0.0,0.0,0.0,0.078
2022-08-11 06:00:00-03:00,0.0,0.0,0.0,0.176
2022-08-11 07:00:00-03:00,0.0,0.0,0.0,0.28700000000000003
2022-08-11 08:00:00-03:00,0.0,0.0,0.0,0.31
2022-08-11 09:00:00-03:00,0.043000000000000003,0.045,0.014,0.512
2022-08-11 10:00:00-03:00,0.164,0.123,0.06,1.5190000000000001
2022-08-11 11:00:00-03:00,0.336,0.266,0.099,2.137
2022-08-11 12:00:00-03:00,0.505,0.446,0.109,2.501
2022-08-11 13:00:00-03:00,0.542,0.486,0.113,2.6710000000000003
2022-08-11 14:00:00-03:00,0.506,0.439,0.117,2.711
2022-08-11 15:00:00-03:00,0.321,0.232,0.11800000000000001,2.563
2022-08-11 16:00:00-03:00,0.178,0.116,0.082,2.289
2022-08-11 17:00:00-03:00,0.063,0.046,0.034,1.516
2022-08-11 18:00:00-03:00,0.0,0.002,0.002,0.555
2022-08-11 19:00:00-03:00,0.0,0.0,0.0,0.395
2022-08-11 20:00:00-03:00,0.0,0.0,0.0,0.363
2022-08-11 21:00:00-03:00,0.0,0.0,0.0,0.214
2022-08-11 22:00:00-03:00,0.0,0.0,0.0,0.17200000000000001
2022-08-11 23:00:00-03:00,0.0,0.0,0.0,0.264
2022-08-12 00:00:00-03:00,0.0,0.0,0.0,0.398
2022-08-12 01:00:00-03:00,0.0,0.0,0.0,0.482
2022-08-12 02:00:00-03:00,0.0,0.0,0.0,0.389
2022-08-12 03:00:00-03:00,0.0,0.0,0.0,0.183
2022-08-12 04:00:00-03:00,0.0,0.0,0.0,0.043000000000000003
2022-08-12 05:00:00-03:00,0.0,0.0,0.0,-0.195
2022-08-12 06:00:00-03:00,0.0,0.0,0.0,-0.514
2022-08-12 07:00:00-03:00,0.0,0.0,0.0,-1.04
2022-08-12 08:00:00-03:00,0.0,0.0,0.0,-1.496
2022-08-12 09:00:00-03:00,0.073,0.07200000000000001,0.017,-1.18
2022-08-12 10:00:00-03:00,0.202,0.154,0.067,-0.358
2022-08-12 11:00:00-03:00,0.268,0.179,0.112,0.365
2022-08-12 12:00:00-03:00,0.247,0.125,0.145,1.315
2022-08-12 13:00:00-03:00,0.23900000000000002,0.097,0.164,1.8599999999999999
2022-08-12 14:00:00-03:00,0.156,0.04,0.136,1.911
2022-08-12 15:00:00-03:00,0.082,0.015,0.085,1.819
2022-08-12 16:00:00-03:00,0.032,0.006,0.042,1.532
2022-08-12 17:00:00-03:00,0.006,0.002,0.013000000000000001,1.155
2022-08-12 18:00:00-03:00,0.0,0.0,0.001,1.043
2022-08-12 19:00:00-03:00,0.0,0.0,0.0,1.26
2022-08-12 20:00:00-03:00,0.0,0.0,0.0,1.478
2022-08-12 21:00:00-03:00,0.0,0.0,0.0,1.605
2022-08-12 22:00:00-03:00,0.0,0.0,0.0,1.5979999999999999
2022-08-12 23:00:00-03:00,0.0,0.0,0.0,1.264
2022-08-13 00:00:00-03:00,0.0,0.0,0.0,0.868
2022-08-13 01:00:00-03:00,0.0,0.0,0.0,0.166
2022-08-13 02:00:00-03:00,0.0,0.0,0.0,-0.355
2022-08-13 03:00:00-03:00,0.0,0.0,0.0,-0.734
2022-08-13 04:00:00-03:00,0.0,0.0,0.0,-1.003
2022-08-13 05:00:00-03:00,0.0,0.0,0.0,-1.123
2022-08-13 06:00:00-03:00,0.0,0.0,0.0,-1.172
2022-08-13 07:00:00-03:00,0.0,0.0,0.0,-1.075
2022-08-13 08:00:00-03:00,0.0,0.0,0.0,-0.631
2022-08-13 09:00:00-03:00,0.025,0.025,0.014,-0.304
2022-08-13 10:00:00-03:00,0.2,0.147,0.073,0.319
2022-08-13 11:00:00-03:00,0.182,0.09,0.112,1.3
2022-08-13 12:00:00-03:00,0.113,0.023,0.11,1.8559999999999999
2022-08-13 13:00:00-03:00,0.112,0.016,0.115,2.068
2022-08-13 14:00:00-03:00,0.113,0.017,0.115,2.3890000000000002
2022-08-13 15:00:00-03:00,0.06,0.007,0.07,2.26
2022-08-13 16:00:00-03:00,0.022,0.003,0.033,1.827
2022-08-13 17:00:00-03:00,0.009000000000000001,0.003,0.017,1.5750000000000002
2022-08-13 18:00:00-03:00,0.0,0.0,0.001,1.166
2022-08-13 19:00:00-03:00,0.0,0.0,0.0,0.887
2022-08-13 20:00:00-03:00,0.0,0.0,0.0,0.707
2022-08-13 21:00:00-03:00,0.0,0.0,0.0,0.466
2022-08-13 22:00:00-03:00,0.0,0.0,0.0,0.364
2022-08-13 23:00:00-03:00,0.0,0.0,0.0,0.5630000000000001
2022-08-14 00:00:00-03:00,0.0,0.0,0.0,0.92
2022-08-14 01:00:00-03:00,0.0,0.0,0.0,1.134
2022-08-14 02:00:00-03:00,0.0,0.0,0.0,1.405
2022-08-14 03:00:00-03:00,0.0,0.0,0.0,1.633
2022-08-14 04:00:00-03:00,0.0,0.0,0.0,1.596
2022-08-14 05:00:00-03:00,0.0,0.0,0.0,1.323
2022-08-14 06:00:00-03:00,0.0,0.0,0.0,0.997
2022-08-14 07:00:00-03:00,0.0,0.0,0.0,0.757
2022-08-14 08:00:00-03:00,0.0,0.0,0.0,0.8130000000000001
2022-08-14 09:00:00-03:00,0.12,0.12,0.019,1.287
2022-08-14 10:00:00-03:00,0.309,0.271,0.065,2.231
2022-08-14 11:00:00-03:00,0.449,0.399,0.093,3.018
2022-08-14 12:00:00-03:00,0.521,0.468,0.11,3.766
2022-08-14 13:00:00-03:00,0.496,0.42,0.129,4.179
2022-08-14 14:00:00-03:00,0.424,0.328,0.139,4.268
2022-08-14 15:00:00-03:00,0.292,0.194,0.126,4.061
2022-08-14 16:00:00-03:00,0.137,0.076,0.082,3.668
2022-08-14 17:00:00-03:00,0.049,0.032,0.035,3.164
2022-08-14 18:00:00-03:00,0.0,0.003,0.002,2.666
2022-08-14 19:00:00-03:00,0.0,0.0,0.0,2.435
2022-08-14 20:00:00-03:00,0.0,0.0,0.0,2.263
2022-08-14 21:00:00-03:00,0.0,0.0,0.0,2.175
2022-08-14 22:00:00-03:00,0.0,0.0,0.0,1.9340000000000002
2022-08-14 23:00:00-03:00,0.0,0.0,0.0,1.667
2022-08-15 00:00:00-03:00,0.0,0.0,0.0,1.3820000000000001
2022-08-15 01:00:00-03:00,0.0,0.0,0.0,1.01
2022-08-15 02:00:00-03:00,0.0,0.0,0.0,0.808
2022-08-15 03:00:00-03:00,0.0,0.0,0.0,0.616
2022-08-15 04:00:00-03:00,0.0,0.0,0.0,0.598
2022-08-15 05:00:00-03:00,0.0,0.0,0.0,0.773
2022-08-15 06:00:00-03:00,0.0,0.0,0.0,1.017
2022-08-15 07:00:00-03:00,0.0,0.0,0.0,1.225
2022-08-15 08:00:00-03:00,0.0,0.0,0.0,1.446
2022-08-15 09:00:00-03:00,0.002,0.002,0.007,1.542
2022-08-15 10:00:00-03:00,0.015,0.003,0.025,1.708
2022-08-15 11:00:00-03:00,0.035,0.004,0.047,1.909
2022-08-15 12:00:00-03:00,0.056,0.004,0.069,1.971
2022-08-15 13:00:00-03:00,0.06,0.004,0.074,1.8679999999999999
2022-08-15 14:00:00-03:00,0.051000000000000004,0.003,0.065,1.713
2022-08-15 15:00:00-03:00,0.04,0.003,0.053,1.585
2022-08-15 16:00:00-03:00,0.032,0.004,0.043000000000000003,1.686
2022-08-15 17:00:00-03:00,0.017,0.005,0.025,1.9689999999999999
2022-08-15 18:00:00-03:00,0.0,0.001,0.002,1.983
2022-08-15 19:00:00-03:00,0.0,0.0,0.0,1.851
2022-08-15 20:00:00-03:00,0.0,0.0,0.0,1.629
2022-08-15 21:00:00-03:00,0.0,0.0,0.0,1.3820000000000001
2022-08-15 22:00:00-03:00,0.0,0.0,0.0,1.38
2022-08-15 23:00:00-03:00,0.0,0.0,0.0,1.38
2022-08-16 00:00:00-03:00,0.0,0.0,0.0,1.513
2022-08-16 01:00:00-03:00,0.0,0.0,0.0,1.477
2022-08-16 02:00:00-03:00,0.0,0.0,0.0,1.38
2022-08-16 03:00:00-03:00,0.0,0.0,0.0,1.335
2022-08-16 04:00:00-03:00,0.0,0.0,0.0,1.2690000000000001
2022-08-16 05:00:00-03:00,0.0,0.0,0.0,1.077
2022-08-16 06:00:00-03:00,0.0,0.0,0.0,0.9490000000000001
2022-08-16 07:00:00-03:00,0.0,0.0,0.0,0.92
2022-08-16 08:00:00-03:00,0.0,0.0,0.0,0.86
2022-08-16 09:00:00-03:00,0.09,0.08600000000000001,0.022,0.996
2022-08-16 10:00:00-03:00,0.297,0.253,0.069,1.662
2022-08-16 11:00:00-03:00,0.463,0.40900000000000003,0.097,2.3890000000000002
2022-08-16 12:00:00-03:00,0.546,0.495,0.11,2.979
2022-08-16 13:00:00-03:00,0.538,0.47100000000000003,0.125,3.329
2022-08-16 14:00:00-03:00,0.461,0.369,0.138,3.438
2022-08-16 15:00:00-03:00,0.324,0.225,0.129,3.323
2022-08-16 16:00:00-03:00,0.159,0.092,0.088,2.973
2022-08-16 17:00:00-03:00,0.053,0.032,0.037,2.299
2022-08-16 18:00:00-03:00,0.001,0.003,0.003,1.309
2022-08-16 19:00:00-03:00,0.0,0.0,0.0,0.9570000000000001
2022-08-16 20:00:00-03:00,0.0,0.0,0.0,0.8270000000000001
2022-08-16 21:00:00-03:00,0.0,0.0,0.0,0.6910000000000001
2022-08-16 22:00:00-03:00,0.0,0.0,0.0,0.561
2022-08-16 23:00:00-03:00,0.0,0.0,0.0,0.366
2022-08-17 00:00:00-03:00,0.0,0.0,0.0,0.134
2022-08-17 01:00:00-03:00,0.0,0.0,0.0,-0.028
2022-08-17 02:00:00-03:00,0.0,0.0,0.0,-0.16
2022-08-17 03:00:00-03:00,0.0,0.0,0.0,-0.326
2022-08-17 04:00:00-03:00,0.0,0.0,0.0,-0.465
2022-08-17 05:00:00-03:00,0.0,0.0,0.0,-0.5740000000000001
2022-08-17 06:00:00-03:00,0.0,0.0,0.0,-0.607
2022-08-17 07:00:00-03:00,0.0,0.0,0.0,-0.584
2022-08-17 08:00:00-03:00,0.0,0.0,0.0,-0.502
2022-08-17 09:00:00-03:00,0.189,0.184,0.025,0.003
2022-08-17 10:00:00-03:00,0.458,0.438,0.06,1.572
2022-08-17 11:00:00-03:00,0.594,0.587,0.076,2.757
2022-08-17 12:00:00-03:00,0.639,0.636,0.085,3.333
2022-08-17 13:00:00-03:00,0.636,0.626,0.092,3.499
2022-08-17 14:00:00-03:00,0.591,0.561,0.101,3.474
2022-08-17 15:00:00-03:00,0.543,0.508,0.095,3.364
2022-08-17 16:00:00-03:00,0.382,0.333,0.084,3.118
2022-08-17 17:00:00-03:00,0.145,0.11900000000000001,0.047,2.331
2022-08-17 18:00:00-03:00,0.005,0.01,0.004,1.075
2022-08-17 19:00:00-03:00,0.0,0.0,0.0,0.9550000000000001
2022-08-17 20:00:00-03:00,0.0,0.0,0.0,1.347
2022-08-17 21:00:00-03:00,0.0,0.0,0.0,1.425
2022-08-17 22:00:00-03:00,0.0,0.0,0.0,1.4849999999999999
2022-08-17 23:00:00-03:00,0.0,0.0,0.0,1.525
2022-08-18 00:00:00-03:00,0.0,0.0,0.0,1.439
2022-08-18 01:00:00-03:00,0.0,0.0,0.0,1.143
2022-08-18 02:00:00-03:00,0.0,0.0,0.0,1.308
2022-08-18 03:00:00-03:00,0.0,0.0,0.0,1.759
2022-08-18 04:00:00-03:00,0.0,0.0,0.0,2.039
2022-08-18 05:00:00-03:00,0.0,0.0,0.0,2.002
2022-08-18 06:00:00-03:00,0.0,0.0,0.0,2.012
2022-08-18 07:00:00-03:00,0.0,0.0,0.0,2.276
2022-08-18 08:00:00-03:00,0.0,0.0,0.0,2.323
2022-08-18 09:00:00-03:00,0.065,0.057,0.026000000000000002,2.507
2022-08-18 10:00:00-03:00,0.17200000000000001,0.114,0.079,3.103
2022-08-18 11:00:00-03:00,0.191,0.092,0.122,3.654
2022-08-18 12:00:00-03:00,0.14300000000000002,0.033,0.131,3.879
2022-08-18 13:00:00-03:00,0.114,0.014,0.12,3.7960000000000003
2022-08-18 14:00:00-03:00,0.082,0.008,0.093,3.616
2022-08-18 15:00:00-03:00,0.045,0.004,0.058,3.339
2022-08-18 16:00:00-03:00,0.021,0.002,0.032,2.841
2022-08-18 17:00:00-03:00,0.005,0.001,0.013000000000000001,2.255
2022-08-18 18:00:00-03:00,0.0,0.0,0.001,1.708
2022-08-18 19:00:00-03:00,0.0,0.0,0.0,1.445
2022-08-18 20:00:00-03:00,0.0,0.0,0.0,1.6099999999999999
2022-08-18 21:00:00-03:00,0.0,0.0,0.0,2.239
2022-08-18 22:00:00-03:00,0.0,0.0,0.0,2.846
2022-08-18 23:00:00-03:00,0.0,0.0,0.0,3.142
2022-08-19 00:00:00-03:00,0.0,0.0,0.0,3.173
2022-08-19 01:00:00-03:00,0.0,0.0,0.0,3.158
2022-08-19 02:00:00-03:00,0.0,0.0,0.0,3.285
2022-08-19 03:00:00-03:00,0.0,0.0,0.0,3.4050000000000002
2022-08-19 04:00:00-03:00,0.0,0.0,0.0,3.265
2022-08-19 05:00:00-03:00,0.0,0.0,0.0,2.932
2022-08-19 06:00:00-03:00,0.0,0.0,0.0,2.48
2022-08-19 07:00:00-03:00,0.0,0.0,0.0,2.061
2022-08-19 08:00:00-03:00,0.0,0.0,0.0,1.8050000000000002
2022-08-19 09:00:00-03:00,0.181,0.17400000000000002,0.028,2.088
2022-08-19 10:00:00-03:00,0.374,0.339,0.068,2.891
2022-08-19 11:00:00-03:00,0.485,0.44,0.094,3.6550000000000002
2022-08-19 12:00:00-03:00,0.56,0.519,0.106,4.192
2022-08-19 13:00:00-03:00,0.578,0.536,0.112,4.396
2022-08-19 14:00:00-03:00,0.562,0.516,0.113,4.394
2022-08-19 15:00:00-03:00,0.47900000000000004,0.42,0.109,4.232
2022-08-19 16:00:00-03:00,0.398,0.35000000000000003,0.08600000000000001,3.908
2022-08-19 17:00:00-03:00,0.243,0.217,0.05,3.338
2022-08-19 18:00:00-03:00,0.025,0.033,0.007,2.367
2022-08-19 19:00:00-03:00,0.0,0.0,0.0,1.94
2022-08-19 20:00:00-03:00,0.0,0.0,0.0,1.814
2022-08-19 21:00:00-03:00,0.0,0.0,0.0,1.6179999999999999
2022-08-19 22:00:00-03:00,0.0,0.0,0.0,1.317
2022-08-19 23:00:00-03:00,0.0,0.0,0.0,0.928
2022-08-20 00:00:00-03:00,0.0,0.0,0.0,0.725
2022-08-20 01:00:00-03:00,0.0,0.0,0.0,0.577
2022-08-20 02:00:00-03:00,0.0,0.0,0.0,0.486
2022-08-20 03:00:00-03:00,0.0,0.0,0.0,0.544
2022-08-20 04:00:00-03:00,0.0,0.0,0.0,0.666
2022-08-20 05:00:00-03:00,0.0,0.0,0.0,0.737
2022-08-20 06:00:00-03:00,0.0,0.0,0.0,0.739
2022-08-20 07:00:00-03:00,0.0,0.0,0.0,0.671
2022-08-20 08:00:00-03:00,0.0,0.001,0.0,0.58
2022-08-20 09:00:00-03:00,0.217,0.209,0.029,1.209
2022-08-20 10:00:00-03:00,0.492,0.47900000000000004,0.061,2.751
2022-08-20 11:00:00-03:00,0.624,0.629,0.075,3.742
2022-08-20 12:00:00-03:00,0.678,0.6980000000000001,0.079,4.742
2022-08-20 13:00:00-03:00,0.669,0.682,0.085,5.229
2022-08-20 14:00:00-03:00,0.625,0.617,0.094,5.333
2022-08-20 15:00:00-03:00,0.552,0.523,0.096,5.252
2022-08-20 16:00:00-03:00,0.381,0.332,0.08700000000000001,4.938
2022-08-20 17:00:00-03:00,0.187,0.159,0.051000000000000004,3.976
2022-08-20 18:00:00-03:00,0.026000000000000002,0.033,0.008,2.306
2022-08-20 19:00:00-03:00,0.0,0.0,0.0,1.6019999999999999
2022-08-20 20:00:00-03:00,0.0,0.0,0.0,1.766
2022-08-20 21:00:00-03:00,0.0,0.0,0.0,2.024
2022-08-20 22:00:00-03:00,0.0,0.0,0.0,2.188
2022-08-20 23:00:00-03:00,0.0,0.0,0.0,2.193
2022-08-21 00:00:00-03:00,0.0,0.0,0.0,1.8719999999999999
2022-08-21 01:00:00-03:00,0.0,0.0,0.0,1.363
2022-08-21 02:00:00-03:00,0.0,0.0,0.0,1.133
2022-08-21 03:00:00-03:00,0.0,0.0,0.0,1.046
2022-08-21 04:00:00-03:00,0.0,0.0,0.0,1.004
2022-08-21 05:00:00-03:00,0.0,0.0,0.0,1.077
2022-08-21 06:00:00-03:00,0.0,0.0,0.0,1.627
2022-08-21 07:00:00-03:00,0.0,0.0,0.0,2.615
2022-08-21 08:00:00-03:00,0.0,0.0,0.0,3.705
2022-08-21 09:00:00-03:00,0.006,0.004,0.013000000000000001,4.213
2022-08-21 10:00:00-03:00,0.052000000000000005,0.014,0.055,4.661
2022-08-21 11:00:00-03:00,0.095,0.02,0.096,5.211
2022-08-21 12:00:00-03:00,0.098,0.012,0.106,5.365
2022-08-21 13:00:00-03:00,0.125,0.015,0.132,5.323
2022-08-21 14:00:00-03:00,0.065,0.004,0.079,5.029
2022-08-21 15:00:00-03:00,0.038,0.003,0.052000000000000005,4.666
2022-08-21 16:00:00-03:00,0.035,0.004,0.046,4.393
2022-08-21 17:00:00-03:00,0.019,0.005,0.027,4.048
2022-08-21 18:00:00-03:00,0.0,0.002,0.004,3.5949999999999998
2022-08-21 19:00:00-03:00,0.0,0.0,0.0,3.181
2022-08-21 20:00:00-03:00,0.0,0.0,0.0,3.039
2022-08-21 21:00:00-03:00,0.0,0.0,0.0,2.8529999999999998
2022-08-21 22:00:00-03:00,0.0,0.0,0.0,2.564
2022-08-21 23:00:00-03:00,0.0,0.0,0.0,2.3529999999999998
2022-08-22 00:00:00-03:00,0.0,0.0,0.0,2.232
2022-08-22 01:00:00-03:00,0.0,0.0,0.0,2.14
2022-08-22 02:00:00-03:00,0.0,0.0,0.0,2.01
2022-08-22 03:00:00-03:00,0.0,0.0,0.0,1.814
2022-08-22 04:00:00-03:00,0.0,0.0,0.0,1.358
2022-08-22 05:00:00-03:00,0.0,0.0,0.0,1.16
2022-08-22 06:00:00-03:00,0.0,0.0,0.0,0.875
2022-08-22 07:00:00-03:00,0.0,0.0,0.0,0.679
2022-08-22 08:00:00-03:00,0.0,0.001,0.001,0.545
2022-08-22 09:00:00-03:00,0.153,0.14100000000000001,0.031,1.148
2022-08-22 10:00:00-03:00,0.463,0.441,0.066,2.706
2022-08-22 11:00:00-03:00,0.623,0.624,0.078,3.634
2022-08-22 12:00:00-03:00,0.664,0.673,0.085,4.311
2022-08-22 13:00:00-03:00,0.668,0.676,0.088,4.749
2022-08-22 14:00:00-03:00,0.644,0.642,0.092,5.005
2022-08-22 15:00:00-03:00,0.578,0.557,0.094,5.054
2022-08-22 16:00:00-03:00,0.461,0.427,0.083,4.854
2022-08-22 17:00:00-03:00,0.29,0.265,0.053,4.22
2022-08-22 18:00:00-03:00,0.049,0.056,0.01,2.6109999999999998
2022-08-22 19:00:00-03:00,0.0,0.0,0.0,1.816
2022-08-22 20:00:00-03:00,0.0,0.0,0.0,1.468
2022-08-22 21:00:00-03:00,0.0,0.0,0.0,1.096
2022-08-22 22:00:00-03:00,0.0,0.0,0.0,1.173
2022-08-22 23:00:00-03:00,0.0,0.0,0.0,1.172
2022-08-23 00:00:00-03:00,0.0,0.0,0.0,1.1440000000000001
2022-08-23 01:00:00-03:00,0.0,0.0,0.0,1.19
2022-08-23 02:00:00-03:00,0.0,0.0,0.0,1.2770000000000001
2022-08-23 03:00:00-03:00,0.0,0.0,0.0,1.383
2022-08-23 04:00:00-03:00,0.0,0.0,0.0,1.561
2022-08-23 05:00:00-03:00,0.0,0.0,0.0,1.7690000000000001
2022-08-23 06:00:00-03:00,0.0,0.0,0.0,2.069
2022-08-23 07:00:00-03:00,0.0,0.0,0.0,2.525
2022-08-23 08:00:00-03:00,0.0,0.0,0.0,2.992
2022-08-23 09:00:00-03:00,0.025,0.016,0.024,3.468
2022-08-23 10:00:00-03:00,0.088,0.036000000000000004,0.07100000000000001,4.173
2022-08-23 11:00:00-03:00,0.136,0.044,0.114,4.924
2022-08-23 12:00:00-03:00,0.20400000000000001,0.066,0.163,5.62
2022-08-23 13:00:00-03:00,0.164,0.031,0.157,5.94
2022-08-23 14:00:00-03:00,0.109,0.013000000000000001,0.117,5.907
2022-08-23 15:00:00-03:00,0.08600000000000001,0.012,0.094,5.89
2022-08-23 16:00:00-03:00,0.062,0.012,0.068,5.788
2022-08-23 17:00:00-03:00,0.037,0.014,0.04,5.523
2022-08-23 18:00:00-03:00,0.003,0.005,0.007,5.005
2022-08-23 19:00:00-03:00,0.0,0.0,0.0,4.616
2022-08-23 20:00:00-03:00,0.0,0.0,0.0,4.369
2022-08-23 21:00:00-03:00,0.0,0.0,0.0,4.169
2022-08-23 22:00:00-03:00,0.0,0.0,0.0,4.023
2022-08-23 23:00:00-03:00,0.0,0.0,0.0,4.055
2022-08-24 00:00:00-03:00,0.0,0.0,0.0,4.109
2022-08-24 01:00:00-03:00,0.0,0.0,0.0,3.996
2022-08-24 02:00:00-03:00,0.0,0.0,0.0,3.807
2022-08-24 03:00:00-03:00,0.0,0.0,0.0,3.642
2022-08-24 04:00:00-03:00,0.0,0.0,0.0,3.496
2022-08-24 05:00:00-03:00,0.0,0.0,0.0,3.301
2022-08-24 06:00:00-03:00,0.0,0.0,0.0,3.086
2022-08-24 07:00:00-03:00,0.0,0.0,0.0,2.767
2022-08-24 08:00:00-03:00,0.0,0.001,0.001,2.254
2022-08-24 09:00:00-03:00,0.12,0.105,0.034,2.454
2022-08-24 10:00:00-03:00,0.369,0.326,0.077,3.3
2022-08-24 11:00:00-03:00,0.5660000000000001,0.543,0.092,4.362
2022-08-24 12:00:00-03:00,0.637,0.628,0.097,5.194
2022-08-24 13:00:00-03:00,0.615,0.589,0.11,5.667
2022-08-24 14:00:00-03:00,0.5710000000000001,0.528,0.11800000000000001,5.885
2022-08-24 15:00:00-03:00,0.547,0.509,0.106,5.959
2022-08-24 16:00:00-03:00,0.444,0.402,0.09,5.758
2022-08-24 17:00:00-03:00,0.214,0.181,0.058,5.113
2022-08-24 18:00:00-03:00,0.033,0.038,0.011,4.175
2022-08-24 19:00:00-03:00,0.0,0.0,0.0,3.5869999999999997
2022-08-24 20:00:00-03:00,0.0,0.0,0.0,3.382
2022-08-24 21:00:00-03:00,0.0,0.0,0.0,3.36
2022-08-24 22:00:00-03:00,0.0,0.0,0.0,3.457
2022-08-24 23:00:00-03:00,0.0,0.0,0.0,3.495
2022-08-25 00:00:00-03:00,0.0,0.0,0.0,3.392
2022-08-25 01:00:00-03:00,0.0,0.0,0.0,3.364
2022-08-25 02:00:00-03:00,0.0,0.0,0.0,3.173
2022-08-25 03:00:00-03:00,0.0,0.0,0.0,2.814
2022-08-25 04:00:00-03:00,0.0,0.0,0.0,2.6109999999999998
2022-08-25 05:00:00-03:00,0.0,0.0,0.0,2.518
2022-08-25 06:00:00-03:00,0.0,0.0,0.0,2.485
2022-08-25 07:00:00-03:00,0.0,0.0,0.0,2.592
2022-08-25 08:00:00-03:00,0.0,0.004,0.001,2.759
2022-08-25 09:00:00-03:00,0.176,0.161,0.037,3.262
2022-08-25 10:00:00-03:00,0.34400000000000003,0.298,0.079,4.205
2022-08-25 11:00:00-03:00,0.457,0.399,0.107,5.216
2022-08-25 12:00:00-03:00,0.552,0.505,0.117,6.019
2022-08-25 13:00:00-03:00,0.593,0.558,0.117,6.38
2022-08-25 14:00:00-03:00,0.607,0.584,0.109,6.438
2022-08-25 15:00:00-03:00,0.591,0.5740000000000001,0.098,6.271
2022-08-25 16:00:00-03:00,0.533,0.517,0.081,5.901
2022-08-25 17:00:00-03:00,0.34400000000000003,0.323,0.057,5.299
2022-08-25 18:00:00-03:00,0.076,0.082,0.013000000000000001,4.526
2022-08-25 19:00:00-03:00,0.0,0.0,0.0,4.045
2022-08-25 20:00:00-03:00,0.0,0.0,0.0,3.74
2022-08-25 21:00:00-03:00,0.0,0.0,0.0,3.3890000000000002
2022-08-25 22:00:00-03:00,0.0,0.0,0.0,3.055
2022-08-25 23:00:00-03:00,0.0,0.0,0.0,2.819
2022-08-26 00:00:00-03:00,0.0,0.0,0.0,2.6189999999999998
2022-08-26 01:00:00-03:00,0.0,0.0,0.0,2.449
2022-08-26 02:00:00-03:00,0.0,0.0,0.0,2.29
2022-08-26 03:00:00-03:00,0.0,0.0,0.0,2.221
2022-08-26 04:00:00-03:00,0.0,0.0,0.0,2.02
2022-08-26 05:00:00-03:00,0.0,0.0,0.0,1.726
2022-08-26 06:00:00-03:00,0.0,0.0,0.0,1.438
2022-08-26 07:00:00-03:00,0.0,0.0,0.0,1.248
2022-08-26 08:00:00-03:00,0.0,0.0,0.001,0.995
2022-08-26 09:00:00-03:00,0.014,0.006,0.02,0.897
2022-08-26 10:00:00-03:00,0.027,0.004,0.037,0.895
2022-08-26 11:00:00-03:00,0.041,0.004,0.053,0.839
2022-08-26 12:00:00-03:00,0.081,0.007,0.091,1.04
2022-08-26 13:00:00-03:00,0.191,0.036000000000000004,0.176,1.4889999999999999
2022-08-26 14:00:00-03:00,0.164,0.029,0.155,1.71
2022-08-26 15:00:00-03:00,0.135,0.028,0.126,1.7730000000000001
2022-08-26 16:00:00-03:00,0.105,0.03,0.093,1.6099999999999999
2022-08-26 17:00:00-03:00,0.051000000000000004,0.02,0.048,1.2810000000000001
2022-08-26 18:00:00-03:00,0.013000000000000001,0.014,0.011,0.76
2022-08-26 19:00:00-03:00,0.0,0.0,0.0,0.391
2022-08-26 20:00:00-03:00,0.0,0.0,0.0,0.357
2022-08-26 21:00:00-03:00,0.0,0.0,0.0,0.402
2022-08-26 22:00:00-03:00,0.0,0.0,0.0,0.518
2022-08-26 23:00:00-03:00,0.0,0.0,0.0,0.61
2022-08-27 00:00:00-03:00,0.0,0.0,0.0,0.664
2022-08-27 01:00:00-03:00,0.0,0.0,0.0,0.729
2022-08-27 02:00:00-03:00,0.0,0.0,0.0,0.766
2022-08-27 03:00:00-03:00,0.0,0.0,0.0,0.783
2022-08-27 04:00:00-03:00,0.0,0.0,0.0,0.775
2022-08-27 05:00:00-03:00,0.0,0.0,0.0,0.728
2022-08-27 06:00:00-03:00,0.0,0.0,0.0,0.797
2022-08-27 07:00:00-03:00,0.0,0.0,0.0,0.913
2022-08-27 08:00:00-03:00,0.0,0.003,0.002,0.994
2022-08-27 09:00:00-03:00,0.08700000000000001,0.067,0.038,1.347
2022-08-27 10:00:00-03:00,0.214,0.146,0.09,1.858
2022-08-27 11:00:00-03:00,0.331,0.227,0.132,2.41
2022-08-27 12:00:00-03:00,0.432,0.309,0.163,3.071
2022-08-27 13:00:00-03:00,0.328,0.165,0.192,3.311
2022-08-27 14:00:00-03:00,0.289,0.131,0.186,3.325
2022-08-27 15:00:00-03:00,0.216,0.092,0.147,3.308
2022-08-27 16:00:00-03:00,0.176,0.089,0.108,3.284
2022-08-27 17:00:00-03:00,0.109,0.068,0.061,3.079
2022-08-27 18:00:00-03:00,0.034,0.036000000000000004,0.014,2.662
2022-08-27 19:00:00-03:00,0.0,0.0,0.0,2.5380000000000003
2022-08-27 20:00:00-03:00,0.0,0.0,0.0,2.741
2022-08-27 21:00:00-03:00,0.0,0.0,0.0,2.936
2022-08-27 22:00:00-03:00,0.0,0.0,0.0,3.029
2022-08-27 23:00:00-03:00,0.0,0.0,0.0,3.035
2022-08-28 00:00:00-03:00,0.0,0.0,0.0,3.119
2022-08-28 01:00:00-03:00,0.0,0.0,0.0,3.143
2022-08-28 02:00:00-03:00,0.0,0.0,0.0,3.067
2022-08-28 03:00:00-03:00,0.0,0.0,0.0,2.79
2022-08-28 04:00:00-03:00,0.0,0.0,0.0,2.535
2022-08-28 05:00:00-03:00,0.0,0.0,0.0,2.477
2022-08-28 06:00:00-03:00,0.0,0.0,0.0,2.276
2022-08-28 07:00:00-03:00,0.0,0.0,0.0,2.384
2022-08-28 08:00:00-03:00,0.0,0.0,0.0,2.815
2022-08-28 09:00:00-03:00,0.005,0.002,0.012,3.317
2022-08-28 10:00:00-03:00,0.02,0.003,0.031,3.902
2022-08-28 11:00:00-03:00,0.057,0.006,0.068,4.582
2022-08-28 12:00:00-03:00,0.11900000000000001,0.016,0.124,5.312
2022-08-28 13:00:00-03:00,0.161,0.025,0.16,6.014
2022-08-28 14:00:00-03:00,0.185,0.039,0.171,6.661
2022-08-28 15:00:00-03:00,0.171,0.05,0.146,7.042
2022-08-28 16:00:00-03:00,0.157,0.067,0.114,7.161
2022-08-28 17:00:00-03:00,0.083,0.042,0.062,6.92
2022-08-28 18:00:00-03:00,0.008,0.009000000000000001,0.01,6.343
2022-08-28 19:00:00-03:00,0.0,0.0,0.0,5.867
2022-08-28 20:00:00-03:00,0.0,0.0,0.0,5.686
2022-08-28 21:00:00-03:00,0.0,0.0,0.0,5.692
2022-08-28 22:00:00-03:00,0.0,0.0,0.0,5.8100000000000005
2022-08-28 23:00:00-03:00,0.0,0.0,0.0,5.817
2022-08-29 00:00:00-03:00,0.0,0.0,0.0,5.635
2022-08-29 01:00:00-03:00,0.0,0.0,0.0,5.377
2022-08-29 02:00:00-03:00,0.0,0.0,0.0,5.159
2022-08-29 03:00:00-03:00,0.0,0.0,0.0,4.981
2022-08-29 04:00:00-03:00,0.0,0.0,0.0,4.894
2022-08-29 05:00:00-03:00,0.0,0.0,0.0,4.878
2022-08-29 06:00:00-03:00,0.0,0.0,0.0,4.947
2022-08-29 07:00:00-03:00,0.0,0.0,0.0,4.97
2022-08-29 08:00:00-03:00,0.0,0.0,0.001,4.599
2022-08-29 09:00:00-03:00,0.012,0.004,0.019,4.513
2022-08-29 10:00:00-03:00,0.038,0.006,0.048,4.623
2022-08-29 11:00:00-03:00,0.062,0.006,0.074,4.859
2022-08-29 12:00:00-03:00,0.088,0.007,0.1,5.2
2022-08-29 13:00:00-03:00,0.109,0.009000000000000001,0.122,5.632
2022-08-29 14:00:00-03:00,0.11900000000000001,0.011,0.13,6.027
2022-08-29 15:00:00-03:00,0.064,0.005,0.077,6.011
2022-08-29 16:00:00-03:00,0.031,0.003,0.043000000000000003,5.713
2022-08-29 17:00:00-03:00,0.013000000000000001,0.002,0.023,5.337
2022-08-29 18:00:00-03:00,0.001,0.002,0.006,4.995
2022-08-29 19:00:00-03:00,0.0,0.0,0.0,4.737
2022-08-29 20:00:00-03:00,0.0,0.0,0.0,4.524
2022-08-29 21:00:00-03:00,0.0,0.0,0.0,4.219
2022-08-29 22:00:00-03:00,0.0,0.0,0.0,3.993
2022-08-29 23:00:00-03:00,0.0,0.0,0.0,3.93
2022-08-30 00:00:00-03:00,0.0,0.0,0.0,3.8529999999999998
2022-08-30 01:00:00-03:00,0.0,0.0,0.0,3.848
2022-08-30 02:00:00-03:00,0.0,0.0,0.0,3.927
2022-08-30 03:00:00-03:00,0.0,0.0,0.0,4.042
2022-08-30 04:00:00-03:00,0.0,0.0,0.0,4.001
2022-08-30 05:00:00-03:00,0.0,0.0,0.0,4.066
2022-08-30 06:00:00-03:00,0.0,0.0,0.0,4.304
2022-08-30 07:00:00-03:00,0.0,0.0,0.0,4.371
2022-08-30 08:00:00-03:00,0.003,0.007,0.003,4.341
2022-08-30 09:00:00-03:00,0.13,0.107,0.043000000000000003,4.825
2022-08-30 10:00:00-03:00,0.31,0.254,0.089,5.709
2022-08-30 11:00:00-03:00,0.47600000000000003,0.419,0.114,6.8100000000000005
2022-08-30 12:00:00-03:00,0.593,0.562,0.117,7.74
2022-08-30 13:00:00-03:00,0.588,0.546,0.128,8.119
2022-08-30 14:00:00-03:00,0.5640000000000001,0.512,0.131,8.211
2022-08-30 15:00:00-03:00,0.553,0.515,0.115,8.167
2022-08-30 16:00:00-03:00,0.47200000000000003,0.434,0.097,7.901
2022-08-30 17:00:00-03:00,0.29,0.256,0.067,7.346
2022-08-30 18:00:00-03:00,0.156,0.159,0.02,6.294
2022-08-30 19:00:00-03:00,0.0,0.0,0.0,5.202
2022-08-30 20:00:00-03:00,0.0,0.0,0.0,4.725
2022-08-30 21:00:00-03:00,0.0,0.0,0.0,4.341
2022-08-30 22:00:00-03:00,0.0,0.0,0.0,3.868
2022-08-30 23:00:00-03:00,0.0,0.0,0.0,3.524
2022-08-31 00:00:00-03:00,0.0,0.0,0.0,3.528
2022-08-31 01:00:00-03:00,0.0,0.0,0.0,3.62
2022-08-31 02:00:00-03:00,0.0,0.0,0.0,3.6950000000000003
2022-08-31 03:00:00-03:00,0.0,0.0,0.0,3.677
2022-08-31 04:00:00-03:00,0.0,0.0,0.0,3.576
2022-08-31 05:00:00-03:00,0.0,0.0,0.0,3.396
2022-08-31 06:00:00-03:00,0.0,0.0,0.0,3.296
2022-08-31 07:00:00-03:00,0.0,0.0,0.0,3.29
2022-08-31 08:00:00-03:00,0.0,0.002,0.003,3.481
2022-08-31 09:00:00-03:00,0.011,0.003,0.02,3.664
2022-08-31 10:00:00-03:00,0.026000000000000002,0.003,0.038,3.777
2022-08-31 11:00:00-03:00,0.044,0.003,0.057,3.862
2022-08-31 12:00:00-03:00,0.061,0.003,0.075,4.062
2022-08-31 13:00:00-03:00,0.076,0.004,0.091,4.422
2022-08-31 14:00:00-03:00,0.07200000000000001,0.004,0.08700000000000001,4.716
2022-08-31 15:00:00-03:00,0.058,0.004,0.07200000000000001,4.9350000000000005
2022-08-31 16:00:00-03:00,0.04,0.004,0.052000000000000005,5.078
2022-08-31 17:00:00-03:00,0.018000000000000002,0.003,0.029,5.03
2022-08-31 18:00:00-03:00,0.002,0.002,0.008,4.875
2022-08-31 19:00:00-03:00,0.0,0.0,0.0,4.856
2022-08-31 20:00:00-03:00,0.0,0.0,0.0,4.816
2022-08-31 21:00:00-03:00,0.0,0.0,0.0,4.533
2022-08-31 22:00:00-03:00,0.0,0.0,0.0,4.012
2022-08-31 23:00:00-03:00,0.0,0.0,0.0,3.627
2022-09-01 00:00:00-03:00,0.0,0.0,0.0,3.445
2022-09-01 01:00:00-03:00,0.0,0.0,0.0,3.081
2022-09-01 02:00:00-03:00,0.0,0.0,0.0,2.924
2022-09-01 03:00:00-03:00,0.0,0.0,0.0,2.954
2022-09-01 04:00:00-03:00,0.0,0.0,0.0,3.115
2022-09-01 05:00:00-03:00,0.0,0.0,0.0,3.36
2022-09-01 06:00:00-03:00,0.0,0.0,0.0,3.544
2022-09-01 07:00:00-03:00,0.0,0.0,0.0,3.586
2022-09-01 08:00:00-03:00,0.009000000000000001,0.015,0.005,3.654
2022-09-01 09:00:00-03:00,0.192,0.164,0.05,4.161
2022-09-01 10:00:00-03:00,0.308,0.243,0.096,4.83
2022-09-01 11:00:00-03:00,0.389,0.295,0.134,5.412
2022-09-01 12:00:00-03:00,0.47500000000000003,0.373,0.156,5.837
2022-09-01 13:00:00-03:00,0.584,0.518,0.145,6.323
2022-09-01 14:00:00-03:00,0.63,0.597,0.126,6.857
2022-09-01 15:00:00-03:00,0.551,0.493,0.131,7.183
2022-09-01 16:00:00-03:00,0.161,0.077,0.108,6.652
2022-09-01 17:00:00-03:00,0.066,0.031,0.054,6.006
2022-09-01 18:00:00-03:00,0.048,0.044,0.021,5.68
2022-09-01 19:00:00-03:00,0.0,0.0,0.0,5.187
2022-09-01 20:00:00-03:00,0.0,0.0,0.0,4.821
2022-09-01 21:00:00-03:00,0.0,0.0,0.0,4.513
2022-09-01 22:00:00-03:00,0.0,0.0,0.0,4.234
2022-09-01 23:00:00-03:00,0.0,0.0,0.0,3.997
2022-09-02 00:00:00-03:00,0.0,0.0,0.0,3.809
2022-09-02 01:00:00-03:00,0.0,0.0,0.0,3.592
2022-09-02 02:00:00-03:00,0.0,0.0,0.0,3.38
2022-09-02 03:00:00-03:00,0.0,0.0,0.0,3.216
2022-09-02 04:00:00-03:00,0.0,0.0,0.0,3.275
2022-09-02 05:00:00-03:00,0.0,0.0,0.0,3.269
2022-09-02 06:00:00-03:00,0.0,0.0,0.0,3.217
2022-09-02 07:00:00-03:00,0.0,0.0,0.0,3.006
2022-09-02 08:00:00-03:00,0.0,0.0,0.001,2.524
2022-09-02 09:00:00-03:00,0.004,0.001,0.012,2.282
2022-09-02 10:00:00-03:00,0.014,0.001,0.025,2.112
2022-09-02 11:00:00-03:00,0.024,0.001,0.037,1.92
2022-09-02 12:00:00-03:00,0.04,0.002,0.054,2.2880000000000003
2022-09-02 13:00:00-03:00,0.059000000000000004,0.002,0.074,3.29
2022-09-02 14:00:00-03:00,0.047,0.002,0.062,4.222
2022-09-02 15:00:00-03:00,0.082,0.007,0.095,5.004
2022-09-02 16:00:00-03:00,0.046,0.005,0.059000000000000004,5.276
2022-09-02 17:00:00-03:00,0.033,0.006,0.042,5.304
2022-09-02 18:00:00-03:00,0.005,0.003,0.011,5.264
2022-09-02 19:00:00-03:00,0.0,0.0,0.0,5.472
2022-09-02 20:00:00-03:00,0.0,0.0,0.0,6.038
2022-09-02 21:00:00-03:00,0.0,0.0,0.0,6.429
2022-09-02 22:00:00-03:00,0.0,0.0,0.0,6.558
2022-09-02 23:00:00-03:00,0.0,0.0,0.0,6.495
2022-09-03 00:00:00-03:00,0.0,0.0,0.0,6.24
2022-09-03 01:00:00-03:00,0.0,0.0,0.0,5.883
2022-09-03 02:00:00-03:00,0.0,0.0,0.0,5.565
2022-09-03 03:00:00-03:00,0.0,0.0,0.0,5.28
2022-09-03 04:00:00-03:00,0.0,0.0,0.0,5.016
2022-09-03 05:00:00-03:00,0.0,0.0,0.0,4.679
2022-09-03 06:00:00-03:00,0.0,0.0,0.0,4.411
2022-09-03 07:00:00-03:00,0.0,0.0,0.0,4.231
2022-09-03 08:00:00-03:00,0.0,0.003,0.003,4.093
2022-09-03 09:00:00-03:00,0.04,0.02,0.036000000000000004,4.449
2022-09-03 10:00:00-03:00,0.166,0.091,0.098,4.447
2022-09-03 11:00:00-03:00,0.31,0.195,0.146,4.677
2022-09-03 12:00:00-03:00,0.461,0.341,0.17,5.379
2022-09-03 13:00:00-03:00,0.524,0.41000000000000003,0.178,5.984
2022-09-03 14:00:00-03:00,0.444,0.306,0.187,6.211
2022-09-03 15:00:00-03:00,0.352,0.225,0.164,6.098
2022-09-03 16:00:00-03:00,0.279,0.184,0.125,5.721
2022-09-03 17:00:00-03:00,0.182,0.128,0.077,5.146
2022-09-03 18:00:00-03:00,0.062,0.055,0.025,4.277
2022-09-03 19:00:00-03:00,0.0,0.0,0.0,3.027
2022-09-03 20:00:00-03:00,0.0,0.0,0.0,2.283
2022-09-03 21:00:00-03:00,0.0,0.0,0.0,1.97
2022-09-03 22:00:00-03:00,0.0,0.0,0.0,1.959
2022-09-03 23:00:00-03:00,0.0,0.0,0.0,1.718
2022-09-04 00:00:00-03:00,0.0,0.0,0.0,1.496
2022-09-04 01:00:00-03:00,0.0,0.0,0.0,1.439
2022-09-04 02:00:00-03:00,0.0,0.0,0.0,1.301
2022-09-04 03:00:00-03:00,0.0,0.0,0.0,0.988
2022-09-04 04:00:00-03:00,0.0,0.0,0.0,0.47200000000000003
2022-09-04 05:00:00-03:00,0.0,0.0,0.0,-0.06
2022-09-04 06:00:00-03:00,0.0,0.0,0.0,-0.133
2022-09-04 07:00:00-03:00,0.0,0.0,0.0,-0.17200000000000001
2022-09-04 08:00:00-03:00,0.01,0.014,0.008,0.096
2022-09-04 09:00:00-03:00,0.06,0.031,0.047,1.227
2022-09-04 10:00:00-03:00,0.112,0.038,0.093,2.144
2022-09-04 11:00:00-03:00,0.13,0.027,0.123,3.197
2022-09-04 12:00:00-03:00,0.11900000000000001,0.013000000000000001,0.126,3.807
2022-09-04 13:00:00-03:00,0.10200000000000001,0.007,0.116,4.045
2022-09-04 14:00:00-03:00,0.081,0.005,0.095,4.172
2022-09-04 15:00:00-03:00,0.046,0.003,0.06,3.634
2022-09-04 16:00:00-03:00,0.025,0.002,0.037,3.51
2022-09-04 17:00:00-03:00,0.017,0.002,0.027,4.452
2022-09-04 18:00:00-03:00,0.004,0.003,0.011,5.11
2022-09-04 19:00:00-03:00,0.0,0.0,0.0,5.377
2022-09-04 20:00:00-03:00,0.0,0.0,0.0,5.699
2022-09-04 21:00:00-03:00,0.0,0.0,0.0,5.947
2022-09-04 22:00:00-03:00,0.0,0.0,0.0,5.883
2022-09-04 23:00:00-03:00,0.0,0.0,0.0,5.735
2022-09-05 00:00:00-03:00,0.0,0.0,0.0,5.546
2022-09-05 01:00:00-03:00,0.0,0.0,0.0,5.259
2022-09-05 02:00:00-03:00,0.0,0.0,0.0,4.927
2022-09-05 03:00:00-03:00,0.0,0.0,0.0,4.743
2022-09-05 04:00:00-03:00,0.0,0.0,0.0,4.691
2022-09-05 05:00:00-03:00,0.0,0.0,0.0,4.623
2022-09-05 06:00:00-03:00,0.0,0.0,0.0,4.379
2022-09-05 07:00:00-03:00,0.0,0.0,0.0,4.048
2022-09-05 08:00:00-03:00,0.002,0.004,0.005,3.739
2022-09-05 09:00:00-03:00,0.038,0.016,0.038,3.735
2022-09-05 10:00:00-03:00,0.083,0.023,0.078,4.084
2022-09-05 11:00:00-03:00,0.121,0.026000000000000002,0.116,4.532
2022-09-05 12:00:00-03:00,0.171,0.034,0.159,4.939
2022-09-05 13:00:00-03:00,0.218,0.047,0.196,5.206
2022-09-05 14:00:00-03:00,0.258,0.081,0.20500000000000002,5.3
2022-09-05 15:00:00-03:00,0.252,0.105,0.17400000000000002,5.192
2022-09-05 16:00:00-03:00,0.17500000000000002,0.075,0.123,4.816
2022-09-05 17:00:00-03:00,0.136,0.078,0.079,4.305
2022-09-05 18:00:00-03:00,0.066,0.054,0.029,3.633
2022-09-05 19:00:00-03:00,0.0,0.0,0.0,2.948
2022-09-05 20:00:00-03:00,0.0,0.0,0.0,2.588
2022-09-05 21:00:00-03:00,0.0,0.0,0.0,2.393
2022-09-05 22:00:00-03:00,0.0,0.0,0.0,2.243
2022-09-05 23:00:00-03:00,0.0,0.0,0.0,2.134
2022-09-06 00:00:00-03:00,0.0,0.0,0.0,2.06
2022-09-06 01:00:00-03:00,0.0,0.0,0.0,2.016
2022-09-06 02:00:00-03:00,0.0,0.0,0.0,1.963
2022-09-06 03:00:00-03:00,0.0,0.0,0.0,1.8250000000000002
2022-09-06 04:00:00-03:00,0.0,0.0,0.0,1.6600000000000001
2022-09-06 05:00:00-03:00,0.0,0.0,0.0,1.5110000000000001
2022-09-06 06:00:00-03:00,0.0,0.0,0.0,1.313
2022-09-06 07:00:00-03:00,0.0,0.0,0.0,1.062
2022-09-06 08:00:00-03:00,0.008,0.011,0.007,0.888
2022-09-06 09:00:00-03:00,0.129,0.092,0.056,1.139
2022-09-06 10:00:00-03:00,0.23800000000000002,0.153,0.106,1.455
2022-09-06 11:00:00-03:00,0.318,0.194,0.151,1.807
2022-09-06 12:00:00-03:00,0.385,0.23,0.188,2.205
2022-09-06 13:00:00-03:00,0.418,0.245,0.211,2.573
2022-09-06 14:00:00-03:00,0.40800000000000003,0.244,0.201,2.879
2022-09-06 15:00:00-03:00,0.385,0.253,0.168,3.203
2022-09-06 16:00:00-03:00,0.337,0.23900000000000002,0.129,3.234
2022-09-06 17:00:00-03:00,0.215,0.155,0.083,2.908
2022-09-06 18:00:00-03:00,0.073,0.062,0.03,2.202
2022-09-06 19:00:00-03:00,0.0,0.001,0.0,1.096
2022-09-06 20:00:00-03:00,0.0,0.0,0.0,0.549
2022-09-06 21:00:00-03:00,0.0,0.0,0.0,0.321
2022-09-06 22:00:00-03:00,0.0,0.0,0.0,0.2
2022-09-06 23:00:00-03:00,0.0,0.0,0.0,0.106
2022-09-07 00:00:00-03:00,0.0,0.0,0.0,0.107
2022-09-07 01:00:00-03:00,0.0,0.0,0.0,0.11800000000000001
2022-09-07 02:00:00-03:00,0.0,0.0,0.0,-0.012
2022-09-07 03:00:00-03:00,0.0,0.0,0.0,-0.022
2022-09-07 04:00:00-03:00,0.0,0.0,0.0,-0.168
2022-09-07 05:00:00-03:00,0.0,0.0,0.0,-0.183
2022-09-07 06:00:00-03:00,0.0,0.0,0.0,-0.171
2022-09-07 07:00:00-03:00,0.0,0.0,0.0,-0.14400000000000002
2022-09-07 08:00:00-03:00,0.052000000000000005,0.057,0.011,0.056
2022-09-07 09:00:00-03:00,0.268,0.231,0.061,1.465
2022-09-07 10:00:00-03:00,0.41200000000000003,0.34700000000000003,0.10200000000000001,2.311
2022-09-07 11:00:00-03:00,0.515,0.438,0.131,3.118
2022-09-07 12:00:00-03:00,0.5750000000000001,0.492,0.15,3.684
2022-09-07 13:00:00-03:00,0.536,0.41600000000000004,0.18,4.021
2022-09-07 14:00:00-03:00,0.496,0.362,0.187,4.309
2022-09-07 15:00:00-03:00,0.294,0.153,0.17,4.337
2022-09-07 16:00:00-03:00,0.17400000000000002,0.076,0.12,4.203
2022-09-07 17:00:00-03:00,0.07100000000000001,0.028,0.061,3.758
2022-09-07 18:00:00-03:00,0.018000000000000002,0.012,0.019,2.914
2022-09-07 19:00:00-03:00,0.0,0.0,0.0,2.191
2022-09-07 20:00:00-03:00,0.0,0.0,0.0,2.014
2022-09-07 21:00:00-03:00,0.0,0.0,0.0,1.807
2022-09-07 22:00:00-03:00,0.0,0.0,0.0,1.3
2022-09-07 23:00:00-03:00,0.0,0.0,0.0,0.899
2022-09-08 00:00:00-03:00,0.0,0.0,0.0,0.664
2022-09-08 01:00:00-03:00,0.0,0.0,0.0,0.527
2022-09-08 02:00:00-03:00,0.0,0.0,0.0,0.512
2022-09-08 03:00:00-03:00,0.0,0.0,0.0,0.54
2022-09-08 04:00:00-03:00,0.0,0.0,0.0,0.554
2022-09-08 05:00:00-03:00,0.0,0.0,0.0,0.671
2022-09-08 06:00:00-03:00,0.0,0.0,0.0,0.765
2022-09-08 07:00:00-03:00,0.0,0.0,0.0,0.849
2022-09-08 08:00:00-03:00,0.008,0.009000000000000001,0.008,1.171
2022-09-08 09:00:00-03:00,0.08700000000000001,0.049,0.056,2.016
2022-09-08 10:00:00-03:00,0.229,0.136,0.117,3.064
2022-09-08 11:00:00-03:00,0.326,0.189,0.168,4.157
2022-09-08 12:00:00-03:00,0.24,0.07200000000000001,0.194,4.593
2022-09-08 13:00:00-03:00,0.17,0.022,0.171,4.603
2022-09-08 14:00:00-03:00,0.124,0.012,0.133,4.559
2022-09-08 15:00:00-03:00,0.1,0.012,0.109,4.502
2022-09-08 16:00:00-03:00,0.083,0.015,0.08700000000000001,4.328
2022-09-08 17:00:00-03:00,0.058,0.016,0.059000000000000004,4.196
2022-09-08 18:00:00-03:00,0.012,0.006,0.017,4.018
2022-09-08 19:00:00-03:00,0.0,0.0,0.0,3.784
2022-09-08 20:00:00-03:00,0.0,0.0,0.0,3.747
2022-09-08 21:00:00-03:00,0.0,0.0,0.0,3.7560000000000002
2022-09-08 22:00:00-03:00,0.0,0.0,0.0,3.751
2022-09-08 23:00:00-03:00,0.0,0.0,0.0,3.759
2022-09-09 00:00:00-03:00,0.0,0.0,0.0,3.747
2022-09-09 01:00:00-03:00,0.0,0.0,0.0,3.941
2022-09-09 02:00:00-03:00,0.0,0.0,0.0,4.177
2022-09-09 03:00:00-03:00,0.0,0.0,0.0,4.331
2022-09-09 04:00:00-03:00,0.0,0.0,0.0,4.481
2022-09-09 05:00:00-03:00,0.0,0.0,0.0,4.67
2022-09-09 06:00:00-03:00,0.0,0.0,0.0,4.939
2022-09-09 07:00:00-03:00,0.0,0.0,0.0,5.127
2022-09-09 08:00:00-03:00,0.008,0.01,0.009000000000000001,5.21
2022-09-09 09:00:00-03:00,0.089,0.051000000000000004,0.058,5.593
2022-09-09 10:00:00-03:00,0.168,0.082,0.11,6.185
2022-09-09 11:00:00-03:00,0.224,0.096,0.155,6.773
2022-09-09 12:00:00-03:00,0.388,0.227,0.20600000000000002,7.273
2022-09-09 13:00:00-03:00,0.464,0.295,0.226,7.634
2022-09-09 14:00:00-03:00,0.332,0.146,0.223,7.632
2022-09-09 15:00:00-03:00,0.171,0.043000000000000003,0.153,7.337
2022-09-09 16:00:00-03:00,0.08,0.015,0.08600000000000001,6.931
2022-09-09 17:00:00-03:00,0.031,0.006,0.04,6.546
2022-09-09 18:00:00-03:00,0.007,0.003,0.013000000000000001,6.281
2022-09-09 19:00:00-03:00,0.0,0.0,0.0,6.146
2022-09-09 20:00:00-03:00,0.0,0.0,0.0,6.106
2022-09-09 21:00:00-03:00,0.0,0.0,0.0,6.049
2022-09-09 22:00:00-03:00,0.0,0.0,0.0,5.904
2022-09-09 23:00:00-03:00,0.0,0.0,0.0,5.717
2022-09-10 00:00:00-03:00,0.0,0.0,0.0,5.479
2022-09-10 01:00:00-03:00,0.0,0.0,0.0,5.183
2022-09-10 02:00:00-03:00,0.0,0.0,0.0,4.849
2022-09-10 03:00:00-03:00,0.0,0.0,0.0,4.551
2022-09-10 04:00:00-03:00,0.0,0.0,0.0,4.239
2022-09-10 05:00:00-03:00,0.0,0.0,0.0,3.9779999999999998
2022-09-10 06:00:00-03:00,0.0,0.0,0.0,3.808
2022-09-10 07:00:00-03:00,0.0,0.0,0.0,3.667
2022-09-10 08:00:00-03:00,0.096,0.101,0.015,3.659
2022-09-10 09:00:00-03:00,0.384,0.362,0.06,4.395
2022-09-10 10:00:00-03:00,0.5680000000000001,0.552,0.088,5.343
2022-09-10 11:00:00-03:00,0.657,0.651,0.105,6.192
2022-09-10 12:00:00-03:00,0.628,0.591,0.131,6.917
2022-09-10 13:00:00-03:00,0.549,0.451,0.171,7.399
2022-09-10 14:00:00-03:00,0.517,0.40800000000000003,0.176,7.736
2022-09-10 15:00:00-03:00,0.40800000000000003,0.29,0.166,7.78
2022-09-10 16:00:00-03:00,0.255,0.156,0.129,7.536
2022-09-10 17:00:00-03:00,0.187,0.127,0.08600000000000001,7.185
2022-09-10 18:00:00-03:00,0.074,0.06,0.034,6.539
2022-09-10 19:00:00-03:00,0.0,0.002,0.001,5.499
2022-09-10 20:00:00-03:00,0.0,0.0,0.0,4.7010000000000005
2022-09-10 21:00:00-03:00,0.0,0.0,0.0,3.9050000000000002
2022-09-10 22:00:00-03:00,0.0,0.0,0.0,3.662
2022-09-10 23:00:00-03:00,0.0,0.0,0.0,3.793
2022-09-11 00:00:00-03:00,0.0,0.0,0.0,4.041
2022-09-11 01:00:00-03:00,0.0,0.0,0.0,4.214
2022-09-11 02:00:00-03:00,0.0,0.0,0.0,4.315
2022-09-11 03:00:00-03:00,0.0,0.0,0.0,4.311
2022-09-11 04:00:00-03:00,0.0,0.0,0.0,4.325
2022-09-11 05:00:00-03:00,0.0,0.0,0.0,4.388
2022-09-11 06:00:00-03:00,0.0,0.0,0.0,4.426
2022-09-11 07:00:00-03:00,0.0,0.0,0.0,4.559
2022-09-11 08:00:00-03:00,0.041,0.045,0.013000000000000001,4.619
2022-09-11 09:00:00-03:00,0.35000000000000003,0.322,0.063,5.106
2022-09-11 10:00:00-03:00,0.523,0.491,0.094,5.801
2022-09-11 11:00:00-03:00,0.45,0.366,0.135,6.391
2022-09-11 12:00:00-03:00,0.62,0.5760000000000001,0.135,7.027
2022-09-11 13:00:00-03:00,0.613,0.558,0.145,7.21
2022-09-11 14:00:00-03:00,0.603,0.544,0.146,7.153
2022-09-11 15:00:00-03:00,0.584,0.533,0.132,7.003
2022-09-11 16:00:00-03:00,0.5740000000000001,0.546,0.106,6.818
2022-09-11 17:00:00-03:00,0.457,0.429,0.08,6.4030000000000005
2022-09-11 18:00:00-03:00,0.194,0.178,0.04,5.629
2022-09-11 19:00:00-03:00,0.001,0.006,0.002,4.513
2022-09-11 20:00:00-03:00,0.0,0.0,0.0,3.87
2022-09-11 21:00:00-03:00,0.0,0.0,0.0,3.507
2022-09-11 22:00:00-03:00,0.0,0.0,0.0,3.072
2022-09-11 23:00:00-03:00,0.0,0.0,0.0,2.378
2022-09-12 00:00:00-03:00,0.0,0.0,0.0,1.8
2022-09-12 01:00:00-03:00,0.0,0.0,0.0,1.432
2022-09-12 02:00:00-03:00,0.0,0.0,0.0,1.135
2022-09-12 03:00:00-03:00,0.0,0.0,0.0,0.889
2022-09-12 04:00:00-03:00,0.0,0.0,0.0,0.708
2022-09-12 05:00:00-03:00,0.0,0.0,0.0,0.5650000000000001
2022-09-12 06:00:00-03:00,0.0,0.0,0.0,0.47000000000000003
2022-09-12 07:00:00-03:00,0.0,0.0,0.0,0.482
2022-09-12 08:00:00-03:00,0.134,0.136,0.017,1.07
2022-09-12 09:00:00-03:00,0.336,0.303,0.063,2.9210000000000003
2022-09-12 10:00:00-03:00,0.503,0.465,0.093,4.28
2022-09-12 11:00:00-03:00,0.687,0.6940000000000001,0.098,5.539
2022-09-12 12:00:00-03:00,0.706,0.719,0.10300000000000001,6.419
2022-09-12 13:00:00-03:00,0.709,0.727,0.10200000000000001,7.024
2022-09-12 14:00:00-03:00,0.74,0.779,0.095,7.475
2022-09-12 15:00:00-03:00,0.737,0.775,0.096,7.741
2022-09-12 16:00:00-03:00,0.642,0.648,0.094,7.75
2022-09-12 17:00:00-03:00,0.497,0.482,0.077,7.527
2022-09-12 18:00:00-03:00,0.20600000000000002,0.191,0.041,6.485
2022-09-12 19:00:00-03:00,0.002,0.007,0.002,5.076
2022-09-12 20:00:00-03:00,0.0,0.0,0.0,4.511
2022-09-12 21:00:00-03:00,0.0,0.0,0.0,3.947
2022-09-12 22:00:00-03:00,0.0,0.0,0.0,3.306
2022-09-12 23:00:00-03:00,0.0,0.0,0.0,2.448
2022-09-13 00:00:00-03:00,0.0,0.0,0.0,1.431
2022-09-13 01:00:00-03:00,0.0,0.0,0.0,0.379
2022-09-13 02:00:00-03:00,0.0,0.0,0.0,-0.422
2022-09-13 03:00:00-03:00,0.0,0.0,0.0,-0.605
2022-09-13 04:00:00-03:00,0.0,0.0,0.0,-0.705
2022-09-13 05:00:00-03:00,0.0,0.0,0.0,-0.974
2022-09-13 06:00:00-03:00,0.0,0.0,0.0,-0.72
2022-09-13 07:00:00-03:00,0.0,0.0,0.0,-0.437
2022-09-13 08:00:00-03:00,0.04,0.038,0.018000000000000002,0.374
2022-09-13 09:00:00-03:00,0.08,0.038,0.06,1.4849999999999999
2022-09-13 10:00:00-03:00,0.124,0.04,0.10300000000000001,2.583
2022-09-13 11:00:00-03:00,0.125,0.022,0.123,3.607
2022-09-13 12:00:00-03:00,0.089,0.007,0.101,4.426
2022-09-13 13:00:00-03:00,0.135,0.01,0.146,5.086
2022-09-13 14:00:00-03:00,0.08600000000000001,0.005,0.101,5.174
2022-09-13 15:00:00-03:00,0.066,0.005,0.079,5.094
2022-09-13 16:00:00-03:00,0.099,0.021,0.099,5.372
2022-09-13 17:00:00-03:00,0.321,0.249,0.105,5.295
2022-09-13 18:00:00-03:00,0.167,0.14100000000000001,0.048,4.509
2022-09-13 19:00:00-03:00,0.002,0.006,0.003,3.651
2022-09-13 20:00:00-03:00,0.0,0.0,0.0,3.201
2022-09-13 21:00:00-03:00,0.0,0.0,0.0,2.922
2022-09-13 22:00:00-03:00,0.0,0.0,0.0,2.7119999999999997
2022-09-13 23:00:00-03:00,0.0,0.0,0.0,2.245
2022-09-14 00:00:00-03:00,0.0,0.0,0.0,1.468
2022-09-14 01:00:00-03:00,0.0,0.0,0.0,0.71
2022-09-14 02:00:00-03:00,0.0,0.0,0.0,0.35100000000000003
2022-09-14 03:00:00-03:00,0.0,0.0,0.0,0.215
2022-09-14 04:00:00-03:00,0.0,0.0,0.0,0.083
2022-09-14 05:00:00-03:00,0.0,0.0,0.0,-0.049
2022-09-14 06:00:00-03:00,0.0,0.0,0.0,-0.28700000000000003
2022-09-14 07:00:00-03:00,0.0,0.0,0.0,-0.611
2022-09-14 08:00:00-03:00,0.244,0.245,0.019,-0.20700000000000002
2022-09-14 09:00:00-03:00,0.609,0.623,0.052000000000000005,0.979
2022-09-14 10:00:00-03:00,0.746,0.79,0.069,2.974
2022-09-14 11:00:00-03:00,0.792,0.856,0.079,5.177
2022-09-14 12:00:00-03:00,0.805,0.885,0.076,6.63
2022-09-14 13:00:00-03:00,0.796,0.884,0.069,7.431
2022-09-14 14:00:00-03:00,0.784,0.857,0.081,7.866
2022-09-14 15:00:00-03:00,0.741,0.782,0.096,8.052
2022-09-14 16:00:00-03:00,0.639,0.642,0.097,8.034
2022-09-14 17:00:00-03:00,0.441,0.41100000000000003,0.083,7.71
2022-09-14 18:00:00-03:00,0.132,0.113,0.041,6.924
2022-09-14 19:00:00-03:00,0.002,0.006,0.003,6.163
2022-09-14 20:00:00-03:00,0.0,0.0,0.0,5.917
2022-09-14 21:00:00-03:00,0.0,0.0,0.0,5.592
2022-09-14 22:00:00-03:00,0.0,0.0,0.0,5.235
2022-09-14 23:00:00-03:00,0.0,0.0,0.0,4.941
2022-09-15 00:00:00-03:00,0.0,0.0,0.0,4.359
2022-09-15 01:00:00-03:00,0.0,0.0,0.0,3.691
2022-09-15 02:00:00-03:00,0.0,0.0,0.0,3.133
2022-09-15 03:00:00-03:00,0.0,0.0,0.0,2.7640000000000002
2022-09-15 04:00:00-03:00,0.0,0.0,0.0,2.521
2022-09-15 05:00:00-03:00,0.0,0.0,0.0,2.335
2022-09-15 06:00:00-03:00,0.0,0.0,0.0,2.257
2022-09-15 07:00:00-03:00,0.0,0.0,0.0,2.292
2022-09-15 08:00:00-03:00,0.016,0.013000000000000001,0.016,2.418
2022-09-15 09:00:00-03:00,0.057,0.021,0.054,2.955
2022-09-15 10:00:00-03:00,0.093,0.022,0.09,3.747
2022-09-15 11:00:00-03:00,0.136,0.026000000000000002,0.131,4.485
2022-09-15 12:00:00-03:00,0.192,0.036000000000000004,0.18,4.997
2022-09-15 13:00:00-03:00,0.274,0.063,0.24,5.342
2022-09-15 14:00:00-03:00,0.196,0.032,0.188,5.246
2022-09-15 15:00:00-03:00,0.12,0.016,0.125,4.957
2022-09-15 16:00:00-03:00,0.08700000000000001,0.015,0.092,4.677
2022-09-15 17:00:00-03:00,0.094,0.034,0.08,4.415
2022-09-15 18:00:00-03:00,0.101,0.074,0.047,3.9370000000000003
2022-09-15 19:00:00-03:00,0.008,0.014,0.005,2.62
2022-09-15 20:00:00-03:00,0.0,0.0,0.0,1.983
2022-09-15 21:00:00-03:00,0.0,0.0,0.0,1.762
2022-09-15 22:00:00-03:00,0.0,0.0,0.0,1.5979999999999999
2022-09-15 23:00:00-03:00,0.0,0.0,0.0,1.217
2022-09-16 00:00:00-03:00,0.0,0.0,0.0,0.8
2022-09-16 01:00:00-03:00,0.0,0.0,0.0,0.507
2022-09-16 02:00:00-03:00,0.0,0.0,0.0,0.401
2022-09-16 03:00:00-03:00,0.0,0.0,0.0,0.367
2022-09-16 04:00:00-03:00,0.0,0.0,0.0,0.355
2022-09-16 05:00:00-03:00,0.0,0.0,0.0,0.395
2022-09-16 06:00:00-03:00,0.0,0.0,0.0,0.493
2022-09-16 07:00:00-03:00,0.0,0.0,0.0,0.509
2022-09-16 08:00:00-03:00,0.076,0.069,0.025,1.003
2022-09-16 09:00:00-03:00,0.226,0.171,0.078,2.225
2022-09-16 10:00:00-03:00,0.339,0.244,0.126,3.004
2022-09-16 11:00:00-03:00,0.435,0.312,0.165,3.706
2022-09-16 12:00:00-03:00,0.498,0.354,0.198,4.4
2022-09-16 13:00:00-03:00,0.47700000000000004,0.292,0.23700000000000002,4.868
2022-09-16 14:00:00-03:00,0.338,0.14200000000000002,0.23,5.074
2022-09-16 15:00:00-03:00,0.231,0.078,0.178,5.031
2022-09-16 16:00:00-03:00,0.14300000000000002,0.043000000000000003,0.122,4.753
2022-09-16 17:00:00-03:00,0.054,0.013000000000000001,0.058,4.186
2022-09-16 18:00:00-03:00,0.012,0.005,0.019,3.706
2022-09-16 19:00:00-03:00,0.0,0.001,0.002,3.577
2022-09-16 20:00:00-03:00,0.0,0.0,0.0,3.552
2022-09-16 21:00:00-03:00,0.0,0.0,0.0,3.508
2022-09-16 22:00:00-03:00,0.0,0.0,0.0,3.453
2022-09-16 23:00:00-03:00,0.0,0.0,0.0,3.3970000000000002
2022-09-17 00:00:00-03:00,0.0,0.0,0.0,3.114
2022-09-17 01:00:00-03:00,0.0,0.0,0.0,3.043
2022-09-17 02:00:00-03:00,0.0,0.0,0.0,2.957
2022-09-17 03:00:00-03:00,0.0,0.0,0.0,2.733
2022-09-17 04:00:00-03:00,0.0,0.0,0.0,2.497
2022-09-17 05:00:00-03:00,0.0,0.0,0.0,2.169
2022-09-17 06:00:00-03:00,0.0,0.0,0.0,1.776
2022-09-17 07:00:00-03:00,0.0,0.0,0.0,1.326
2022-09-17 08:00:00-03:00,0.194,0.188,0.027,1.5230000000000001
2022-09-17 09:00:00-03:00,0.515,0.504,0.064,2.87
2022-09-17 10:00:00-03:00,0.594,0.5730000000000001,0.094,3.721
2022-09-17 11:00:00-03:00,0.624,0.588,0.11900000000000001,4.51
2022-09-17 12:00:00-03:00,0.675,0.648,0.127,5.192
2022-09-17 13:00:00-03:00,0.667,0.628,0.138,5.598
2022-09-17 14:00:00-03:00,0.637,0.581,0.146,5.78
2022-09-17 15:00:00-03:00,0.638,0.596,0.133,5.795
2022-09-17 16:00:00-03:00,0.516,0.454,0.124,5.608
2022-09-17 17:00:00-03:00,0.373,0.317,0.094,5.243
2022-09-17 18:00:00-03:00,0.25,0.225,0.05,4.595
2022-09-17 19:00:00-03:00,0.015,0.022,0.006,3.259
2022-09-17 20:00:00-03:00,0.0,0.0,0.0,2.289
2022-09-17 21:00:00-03:00,0.0,0.0,0.0,1.7269999999999999
2022-09-17 22:00:00-03:00,0.0,0.0,0.0,1.505
2022-09-17 23:00:00-03:00,0.0,0.0,0.0,1.129
2022-09-18 00:00:00-03:00,0.0,0.0,0.0,0.777
2022-09-18 01:00:00-03:00,0.0,0.0,0.0,0.444
2022-09-18 02:00:00-03:00,0.0,0.0,0.0,0.229
2022-09-18 03:00:00-03:00,0.0,0.0,0.0,0.044
2022-09-18 04:00:00-03:00,0.0,0.0,0.0,-0.083
2022-09-18 05:00:00-03:00,0.0,0.0,0.0,-0.135
2022-09-18 06:00:00-03:00,0.0,0.0,0.0,0.015
2022-09-18 07:00:00-03:00,0.0,0.0,0.0,0.299
2022-09-18 08:00:00-03:00,0.20500000000000002,0.199,0.027,1.168
2022-09-18 09:00:00-03:00,0.521,0.514,0.062,3.158
2022-09-18 10:00:00-03:00,0.671,0.683,0.082,4.189
2022-09-18 11:00:00-03:00,0.726,0.748,0.095,5.104
2022-09-18 12:00:00-03:00,0.767,0.81,0.092,5.787
2022-09-18 13:00:00-03:00,0.776,0.838,0.08,6.324
2022-09-18 14:00:00-03:00,0.8150000000000001,0.898,0.079,6.822
2022-09-18 15:00:00-03:00,0.8190000000000001,0.898,0.08700000000000001,7.199
2022-09-18 16:00:00-03:00,0.791,0.862,0.083,7.327
2022-09-18 17:00:00-03:00,0.72,0.778,0.068,7.221
2022-09-18 18:00:00-03:00,0.544,0.5710000000000001,0.044,6.642
2022-09-18 19:00:00-03:00,0.076,0.088,0.007,5.19
2022-09-18 20:00:00-03:00,0.0,0.0,0.0,4.01
2022-09-18 21:00:00-03:00,0.0,0.0,0.0,3.125
2022-09-18 22:00:00-03:00,0.0,0.0,0.0,2.366
2022-09-18 23:00:00-03:00,0.0,0.0,0.0,1.6840000000000002
2022-09-19 00:00:00-03:00,0.0,0.0,0.0,1.073
2022-09-19 01:00:00-03:00,0.0,0.0,0.0,0.5670000000000001
2022-09-19 02:00:00-03:00,0.0,0.0,0.0,0.28
2022-09-19 03:00:00-03:00,0.0,0.0,0.0,0.20600000000000002
2022-09-19 04:00:00-03:00,0.0,0.0,0.0,-0.1
2022-09-19 05:00:00-03:00,0.0,0.0,0.0,-0.41100000000000003
2022-09-19 06:00:00-03:00,0.0,0.0,0.0,-0.767
2022-09-19 07:00:00-03:00,0.0,0.001,0.0,-0.9470000000000001
2022-09-19 08:00:00-03:00,0.169,0.159,0.028,-0.755
2022-09-19 09:00:00-03:00,0.403,0.365,0.069,-0.095
2022-09-19 10:00:00-03:00,0.659,0.654,0.085,1.181
2022-09-19 11:00:00-03:00,0.838,0.909,0.08,3.043
2022-09-19 12:00:00-03:00,0.851,0.9500000000000001,0.07100000000000001,5.31
2022-09-19 13:00:00-03:00,0.842,0.968,0.055,7.569
2022-09-19 14:00:00-03:00,0.848,0.97,0.068,8.788
2022-09-19 15:00:00-03:00,0.843,0.9540000000000001,0.082,9.523
2022-09-19 16:00:00-03:00,0.8150000000000001,0.916,0.08,9.962
2022-09-19 17:00:00-03:00,0.748,0.833,0.066,10.041
2022-09-19 18:00:00-03:00,0.587,0.633,0.043000000000000003,9.103
2022-09-19 19:00:00-03:00,0.08600000000000001,0.099,0.008,7.196
2022-09-19 20:00:00-03:00,0.0,0.0,0.0,5.766
2022-09-19 21:00:00-03:00,0.0,0.0,0.0,4.803
2022-09-19 22:00:00-03:00,0.0,0.0,0.0,3.8280000000000003
2022-09-19 23:00:00-03:00,0.0,0.0,0.0,3.001
2022-09-20 00:00:00-03:00,0.0,0.0,0.0,2.372
2022-09-20 01:00:00-03:00,0.0,0.0,0.0,1.855
2022-09-20 02:00:00-03:00,0.0,0.0,0.0,1.429
2022-09-20 03:00:00-03:00,0.0,0.0,0.0,1.159
2022-09-20 04:00:00-03:00,0.0,0.0,0.0,0.929
2022-09-20 05:00:00-03:00,0.0,0.0,0.0,0.686
2022-09-20 06:00:00-03:00,0.0,0.0,0.0,0.47600000000000003
2022-09-20 07:00:00-03:00,0.0,0.0,0.0,0.32
2022-09-20 08:00:00-03:00,0.023,0.016,0.021,0.63
2022-09-20 09:00:00-03:00,0.092,0.043000000000000003,0.067,1.324
2022-09-20 10:00:00-03:00,0.165,0.068,0.117,2.188
2022-09-20 11:00:00-03:00,0.224,0.085,0.163,3.858
2022-09-20 12:00:00-03:00,0.298,0.116,0.214,5.6129999999999995
2022-09-20 13:00:00-03:00,0.374,0.163,0.252,6.934
2022-09-20 14:00:00-03:00,0.423,0.246,0.228,7.933
2022-09-20 15:00:00-03:00,0.47600000000000003,0.359,0.179,8.607
2022-09-20 16:00:00-03:00,0.5690000000000001,0.524,0.129,8.972
2022-09-20 17:00:00-03:00,0.602,0.607,0.089,8.926
2022-09-20 18:00:00-03:00,0.44,0.439,0.055,8.021
2022-09-20 19:00:00-03:00,0.06,0.069,0.009000000000000001,5.779
2022-09-20 20:00:00-03:00,0.0,0.0,0.0,4.666
2022-09-20 21:00:00-03:00,0.0,0.0,0.0,3.868
2022-09-20 22:00:00-03:00,0.0,0.0,0.0,3.081
2022-09-20 23:00:00-03:00,0.0,0.0,0.0,2.35
2022-09-21 00:00:00-03:00,0.0,0.0,0.0,1.758
2022-09-21 01:00:00-03:00,0.0,0.0,0.0,1.172
2022-09-21 02:00:00-03:00,0.0,0.0,0.0,0.74
2022-09-21 03:00:00-03:00,0.0,0.0,0.0,0.47300000000000003
2022-09-21 04:00:00-03:00,0.0,0.0,0.0,0.295
2022-09-21 05:00:00-03:00,0.0,0.0,0.0,0.194
2022-09-21 06:00:00-03:00,0.0,0.0,0.0,-0.07100000000000001
2022-09-21 07:00:00-03:00,0.0,0.003,0.001,-0.304
2022-09-21 08:00:00-03:00,0.275,0.264,0.034,0.682
2022-09-21 09:00:00-03:00,0.542,0.527,0.07,2.07
2022-09-21 10:00:00-03:00,0.636,0.621,0.099,3.922
2022-09-21 11:00:00-03:00,0.708,0.71,0.113,6.251
2022-09-21 12:00:00-03:00,0.771,0.8150000000000001,0.108,8.371
2022-09-21 13:00:00-03:00,0.74,0.768,0.11900000000000001,9.935
2022-09-21 14:00:00-03:00,0.494,0.356,0.209,10.748
2022-09-21 15:00:00-03:00,0.226,0.083,0.176,11.017
2022-09-21 16:00:00-03:00,0.111,0.028,0.107,10.886
2022-09-21 17:00:00-03:00,0.064,0.018000000000000002,0.066,10.526
2022-09-21 18:00:00-03:00,0.029,0.013000000000000001,0.031,9.752
2022-09-21 19:00:00-03:00,0.001,0.004,0.005,8.585
2022-09-21 20:00:00-03:00,0.0,0.0,0.0,7.744
2022-09-21 21:00:00-03:00,0.0,0.0,0.0,7.044
2022-09-21 22:00:00-03:00,0.0,0.0,0.0,6.406
2022-09-21 23:00:00-03:00,0.0,0.0,0.0,5.924
2022-09-22 00:00:00-03:00,0.0,0.0,0.0,5.585
2022-09-22 01:00:00-03:00,0.0,0.0,0.0,5.553
2022-09-22 02:00:00-03:00,0.0,0.0,0.0,5.831
2022-09-22 03:00:00-03:00,0.0,0.0,0.0,5.844
2022-09-22 04:00:00-03:00,0.0,0.0,0.0,5.504
2022-09-22 05:00:00-03:00,0.0,0.0,0.0,4.965
2022-09-22 06:00:00-03:00,0.0,0.0,0.0,4.401
2022-09-22 07:00:00-03:00,0.0,0.003,0.001,4.183
2022-09-22 08:00:00-03:00,0.17400000000000002,0.161,0.036000000000000004,4.69
2022-09-22 09:00:00-03:00,0.425,0.391,0.08,5.812
2022-09-22 10:00:00-03:00,0.51,0.458,0.116,7.003
2022-09-22 11:00:00-03:00,0.5730000000000001,0.51,0.145,8.034
2022-09-22 12:00:00-03:00,0.578,0.487,0.176,8.579
2022-09-22 13:00:00-03:00,0.544,0.40900000000000003,0.213,8.783
2022-09-22 14:00:00-03:00,0.504,0.357,0.215,8.892
2022-09-22 15:00:00-03:00,0.322,0.168,0.192,8.731
2022-09-22 16:00:00-03:00,0.219,0.10200000000000001,0.146,8.515
2022-09-22 17:00:00-03:00,0.116,0.049,0.089,8.111
2022-09-22 18:00:00-03:00,0.04,0.019,0.037,7.36
2022-09-22 19:00:00-03:00,0.001,0.004,0.005,6.525
2022-09-22 20:00:00-03:00,0.0,0.0,0.0,5.973
2022-09-22 21:00:00-03:00,0.0,0.0,0.0,5.601
2022-09-22 22:00:00-03:00,0.0,0.0,0.0,5.209
2022-09-22 23:00:00-03:00,0.0,0.0,0.0,4.765
2022-09-23 00:00:00-03:00,0.0,0.0,0.0,4.446
2022-09-23 01:00:00-03:00,0.0,0.0,0.0,4.249
2022-09-23 02:00:00-03:00,0.0,0.0,0.0,4.05
2022-09-23 03:00:00-03:00,0.0,0.0,0.0,3.691
2022-09-23 04:00:00-03:00,0.0,0.0,0.0,3.307
2022-09-23 05:00:00-03:00,0.0,0.0,0.0,3.22
2022-09-23 06:00:00-03:00,0.0,0.0,0.0,3.007
2022-09-23 07:00:00-03:00,0.0,0.001,0.001,3.031
2022-09-23 08:00:00-03:00,0.021,0.012,0.023,3.613
2022-09-23 09:00:00-03:00,0.062,0.019,0.061,4.39
2022-09-23 10:00:00-03:00,0.129,0.037,0.114,5.416
2022-09-23 11:00:00-03:00,0.202,0.059000000000000004,0.169,6.677
2022-09-23 12:00:00-03:00,0.234,0.054,0.209,7.6
2022-09-23 13:00:00-03:00,0.24,0.04,0.231,8.011
2022-09-23 14:00:00-03:00,0.199,0.031,0.195,8.15
2022-09-23 15:00:00-03:00,0.158,0.029,0.155,8.195
2022-09-23 16:00:00-03:00,0.158,0.046,0.137,8.209
2022-09-23 17:00:00-03:00,0.14200000000000002,0.063,0.10300000000000001,7.992
2022-09-23 18:00:00-03:00,0.069,0.038,0.05,7.376
2022-09-23 19:00:00-03:00,0.014,0.017,0.01,6.449
2022-09-23 20:00:00-03:00,0.0,0.0,0.0,5.815
2022-09-23 21:00:00-03:00,0.0,0.0,0.0,5.45
2022-09-23 22:00:00-03:00,0.0,0.0,0.0,5.141
2022-09-23 23:00:00-03:00,0.0,0.0,0.0,4.744
2022-09-24 00:00:00-03:00,0.0,0.0,0.0,4.468
2022-09-24 01:00:00-03:00,0.0,0.0,0.0,4.315
2022-09-24 02:00:00-03:00,0.0,0.0,0.0,3.767
2022-09-24 03:00:00-03:00,0.0,0.0,0.0,3.268
2022-09-24 04:00:00-03:00,0.0,0.0,0.0,2.839
2022-09-24 05:00:00-03:00,0.0,0.0,0.0,2.531
2022-09-24 06:00:00-03:00,0.0,0.0,0.0,2.31
2022-09-24 07:00:00-03:00,0.0,0.005,0.001,2.186
2022-09-24 08:00:00-03:00,0.209,0.193,0.038,2.601
2022-09-24 09:00:00-03:00,0.392,0.34700000000000003,0.082,3.449
2022-09-24 10:00:00-03:00,0.432,0.353,0.122,4.229
2022-09-24 11:00:00-03:00,0.532,0.445,0.149,4.965
2022-09-24 12:00:00-03:00,0.627,0.557,0.157,5.504
2022-09-24 13:00:00-03:00,0.637,0.559,0.168,5.792
2022-09-24 14:00:00-03:00,0.602,0.513,0.17200000000000001,6.098
2022-09-24 15:00:00-03:00,0.657,0.613,0.14300000000000002,6.401
2022-09-24 16:00:00-03:00,0.5730000000000001,0.52,0.129,6.26
2022-09-24 17:00:00-03:00,0.439,0.385,0.10200000000000001,5.733
2022-09-24 18:00:00-03:00,0.376,0.353,0.061,5.062
2022-09-24 19:00:00-03:00,0.073,0.079,0.013000000000000001,4.006
2022-09-24 20:00:00-03:00,0.0,0.0,0.0,3.286
2022-09-24 21:00:00-03:00,0.0,0.0,0.0,3.166
2022-09-24 22:00:00-03:00,0.0,0.0,0.0,3.029
2022-09-24 23:00:00-03:00,0.0,0.0,0.0,2.844
2022-09-25 00:00:00-03:00,0.0,0.0,0.0,2.765
2022-09-25 01:00:00-03:00,0.0,0.0,0.0,2.692
2022-09-25 02:00:00-03:00,0.0,0.0,0.0,2.6
2022-09-25 03:00:00-03:00,0.0,0.0,0.0,2.528
2022-09-25 04:00:00-03:00,0.0,0.0,0.0,2.5140000000000002
2022-09-25 05:00:00-03:00,0.0,0.0,0.0,2.593
2022-09-25 06:00:00-03:00,0.0,0.0,0.0,2.661
2022-09-25 07:00:00-03:00,0.0,0.001,0.001,2.713
2022-09-25 08:00:00-03:00,0.044,0.028,0.032,3.071
2022-09-25 09:00:00-03:00,0.12,0.058,0.083,3.997
2022-09-25 10:00:00-03:00,0.178,0.07200000000000001,0.13,5.352
2022-09-25 11:00:00-03:00,0.322,0.167,0.191,6.964
2022-09-25 12:00:00-03:00,0.503,0.341,0.227,8.074
2022-09-25 13:00:00-03:00,0.419,0.193,0.277,8.428
2022-09-25 14:00:00-03:00,0.321,0.112,0.247,8.499
2022-09-25 15:00:00-03:00,0.23600000000000002,0.07200000000000001,0.194,8.51
2022-09-25 16:00:00-03:00,0.10400000000000001,0.019,0.107,8.298
2022-09-25 17:00:00-03:00,0.04,0.006,0.05,7.881
2022-09-25 18:00:00-03:00,0.012,0.003,0.021,7.145
2022-09-25 19:00:00-03:00,0.0,0.001,0.004,6.428
2022-09-25 20:00:00-03:00,0.0,0.0,0.0,6.127
2022-09-25 21:00:00-03:00,0.0,0.0,0.0,5.964
2022-09-25 22:00:00-03:00,0.0,0.0,0.0,5.694
2022-09-25 23:00:00-03:00,0.0,0.0,0.0,5.319
2022-09-26 00:00:00-03:00,0.0,0.0,0.0,4.941
2022-09-26 01:00:00-03:00,0.0,0.0,0.0,4.336
2022-09-26 02:00:00-03:00,0.0,0.0,0.0,3.815
2022-09-26 03:00:00-03:00,0.0,0.0,0.0,3.513
2022-09-26 04:00:00-03:00,0.0,0.0,0.0,3.747
2022-09-26 05:00:00-03:00,0.0,0.0,0.0,3.657
2022-09-26 06:00:00-03:00,0.0,0.0,0.0,3.477
2022-09-26 07:00:00-03:00,0.0,0.003,0.002,3.363
2022-09-26 08:00:00-03:00,0.082,0.064,0.036000000000000004,3.7560000000000002
2022-09-26 09:00:00-03:00,0.266,0.20500000000000002,0.088,4.261
2022-09-26 10:00:00-03:00,0.502,0.437,0.121,4.783
2022-09-26 11:00:00-03:00,0.5750000000000001,0.502,0.147,5.327
2022-09-26 12:00:00-03:00,0.5650000000000001,0.458,0.179,5.673
2022-09-26 13:00:00-03:00,0.609,0.508,0.185,6.016
2022-09-26 14:00:00-03:00,0.679,0.631,0.154,6.291
2022-09-26 15:00:00-03:00,0.6960000000000001,0.67,0.138,6.343
2022-09-26 16:00:00-03:00,0.599,0.551,0.129,6.1
2022-09-26 17:00:00-03:00,0.511,0.46900000000000003,0.10200000000000001,5.7059999999999995
2022-09-26 18:00:00-03:00,0.34400000000000003,0.315,0.064,5.244
2022-09-26 19:00:00-03:00,0.096,0.1,0.016,4.585
2022-09-26 20:00:00-03:00,0.0,0.0,0.0,4.1370000000000005
2022-09-26 21:00:00-03:00,0.0,0.0,0.0,4.15
2022-09-26 22:00:00-03:00,0.0,0.0,0.0,4.33
2022-09-26 23:00:00-03:00,0.0,0.0,0.0,4.63
2022-09-27 00:00:00-03:00,0.0,0.0,0.0,4.851
2022-09-27 01:00:00-03:00,0.0,0.0,0.0,4.94
2022-09-27 02:00:00-03:00,0.0,0.0,0.0,5.011
2022-09-27 03:00:00-03:00,0.0,0.0,0.0,5.065
2022-09-27 04:00:00-03:00,0.0,0.0,0.0,5.124
2022-09-27 05:00:00-03:00,0.0,0.0,0.0,5.257
2022-09-27 06:00:00-03:00,0.0,0.0,0.0,5.37
2022-09-27 07:00:00-03:00,0.0,0.003,0.002,5.452
2022-09-27 08:00:00-03:00,0.063,0.047,0.036000000000000004,5.686
2022-09-27 09:00:00-03:00,0.274,0.212,0.092,6.185
2022-09-27 10:00:00-03:00,0.53,0.47500000000000003,0.123,6.948
2022-09-27 11:00:00-03:00,0.525,0.436,0.158,7.674
2022-09-27 12:00:00-03:00,0.58,0.482,0.182,8.226
2022-09-27 13:00:00-03:00,0.5750000000000001,0.455,0.20500000000000002,8.537
2022-09-27 14:00:00-03:00,0.672,0.622,0.165,8.815
2022-09-27 15:00:00-03:00,0.5670000000000001,0.48,0.17,8.689
2022-09-27 16:00:00-03:00,0.454,0.357,0.153,8.211
2022-09-27 17:00:00-03:00,0.228,0.146,0.111,7.391
2022-09-27 18:00:00-03:00,0.1,0.065,0.056,6.717
2022-09-27 19:00:00-03:00,0.039,0.041,0.015,6.17
2022-09-27 20:00:00-03:00,0.0,0.0,0.0,5.729
2022-09-27 21:00:00-03:00,0.0,0.0,0.0,5.607
2022-09-27 22:00:00-03:00,0.0,0.0,0.0,5.588
2022-09-27 23:00:00-03:00,0.0,0.0,0.0,5.614
2022-09-28 00:00:00-03:00,0.0,0.0,0.0,5.627
2022-09-28 01:00:00-03:00,0.0,0.0,0.0,5.564
2022-09-28 02:00:00-03:00,0.0,0.0,0.0,5.425
2022-09-28 03:00:00-03:00,0.0,0.0,0.0,5.305
2022-09-28 04:00:00-03:00,0.0,0.0,0.0,5.271
2022-09-28 05:00:00-03:00,0.0,0.0,0.0,5.288
2022-09-28 06:00:00-03:00,0.0,0.0,0.0,5.429
2022-09-28 07:00:00-03:00,0.0,0.001,0.002,5.632
2022-09-28 08:00:00-03:00,0.009000000000000001,0.003,0.017,5.947
2022-09-28 09:00:00-03:00,0.038,0.007,0.048,6.415
2022-09-28 10:00:00-03:00,0.078,0.012,0.08600000000000001,6.964
2022-09-28 11:00:00-03:00,0.195,0.05,0.17200000000000001,7.895
2022-09-28 12:00:00-03:00,0.246,0.058,0.219,8.658
2022-09-28 13:00:00-03:00,0.316,0.081,0.274,9.205
2022-09-28 14:00:00-03:00,0.396,0.182,0.264,9.731
2022-09-28 15:00:00-03:00,0.34400000000000003,0.168,0.219,9.887
2022-09-28 16:00:00-03:00,0.164,0.049,0.14200000000000002,9.348
2022-09-28 17:00:00-03:00,0.1,0.031,0.092,8.732
2022-09-28 18:00:00-03:00,0.046,0.018000000000000002,0.046,8.22
2022-09-28 19:00:00-03:00,0.008,0.008,0.011,7.726
2022-09-28 20:00:00-03:00,0.0,0.0,0.0,7.345
2022-09-28 21:00:00-03:00,0.0,0.0,0.0,7.156
2022-09-28 22:00:00-03:00,0.0,0.0,0.0,6.909
2022-09-28 23:00:00-03:00,0.0,0.0,0.0,6.605
2022-09-29 00:00:00-03:00,0.0,0.0,0.0,6.129
2022-09-29 01:00:00-03:00,0.0,0.0,0.0,5.716
2022-09-29 02:00:00-03:00,0.0,0.0,0.0,5.467
2022-09-29 03:00:00-03:00,0.0,0.0,0.0,5.168
2022-09-29 04:00:00-03:00,0.0,0.0,0.0,4.911
2022-09-29 05:00:00-03:00,0.0,0.0,0.0,4.709
2022-09-29 06:00:00-03:00,0.0,0.0,0.0,4.92
2022-09-29 07:00:00-03:00,0.0,0.002,0.002,4.9510000000000005
2022-09-29 08:00:00-03:00,0.025,0.012,0.028,5.646
2022-09-29 09:00:00-03:00,0.051000000000000004,0.013000000000000001,0.056,6.304
2022-09-29 10:00:00-03:00,0.081,0.015,0.08700000000000001,7.02
2022-09-29 11:00:00-03:00,0.123,0.019,0.127,7.745
2022-09-29 12:00:00-03:00,0.17200000000000001,0.027,0.171,8.343
2022-09-29 13:00:00-03:00,0.35000000000000003,0.11800000000000001,0.274,9.148
2022-09-29 14:00:00-03:00,0.609,0.507,0.202,10.035
2022-09-29 15:00:00-03:00,0.759,0.776,0.139,10.4
2022-09-29 16:00:00-03:00,0.685,0.68,0.131,10.233
2022-09-29 17:00:00-03:00,0.455,0.397,0.11800000000000001,9.673
2022-09-29 18:00:00-03:00,0.146,0.105,0.066,8.773
2022-09-29 19:00:00-03:00,0.061,0.061,0.019,7.636
2022-09-29 20:00:00-03:00,0.0,0.0,0.0,6.518
2022-09-29 21:00:00-03:00,0.0,0.0,0.0,5.747
2022-09-29 22:00:00-03:00,0.0,0.0,0.0,5.177
2022-09-29 23:00:00-03:00,0.0,0.0,0.0,4.589
2022-09-30 00:00:00-03:00,0.0,0.0,0.0,3.974
2022-09-30 01:00:00-03:00,0.0,0.0,0.0,3.472
2022-09-30 02:00:00-03:00,0.0,0.0,0.0,3.164
2022-09-30 03:00:00-03:00,0.0,0.0,0.0,2.871
2022-09-30 04:00:00-03:00,0.0,0.0,0.0,2.76
2022-09-30 05:00:00-03:00,0.0,0.0,0.0,2.668
2022-09-30 06:00:00-03:00,0.0,0.0,0.0,2.9859999999999998
2022-09-30 07:00:00-03:00,0.001,0.004,0.004,3.393
2022-09-30 08:00:00-03:00,0.03,0.014,0.032,3.983
2022-09-30 09:00:00-03:00,0.063,0.016,0.065,4.689
2022-09-30 10:00:00-03:00,0.08700000000000001,0.014,0.093,5.281
2022-09-30 11:00:00-03:00,0.157,0.029,0.151,5.987
2022-09-30 12:00:00-03:00,0.307,0.094,0.247,6.889
2022-09-30 13:00:00-03:00,0.319,0.07200000000000001,0.28300000000000003,7.479
2022-09-30 14:00:00-03:00,0.178,0.021,0.183,7.443
2022-09-30 15:00:00-03:00,0.121,0.014,0.129,7.286
2022-09-30 16:00:00-03:00,0.20500000000000002,0.07100000000000001,0.161,7.786
2022-09-30 17:00:00-03:00,0.186,0.089,0.123,7.94
2022-09-30 18:00:00-03:00,0.035,0.011,0.04,7.429
2022-09-30 19:00:00-03:00,0.009000000000000001,0.008,0.012,7.008
2022-09-30 20:00:00-03:00,0.0,0.0,0.0,6.712
2022-09-30 21:00:00-03:00,0.0,0.0,0.0,6.668
2022-09-30 22:00:00-03:00,0.0,0.0,0.0,6.77
2022-09-30 23:00:00-03:00,0.0,0.0,0.0,6.867
2022-10-01 00:00:00-03:00,0.0,0.0,0.0,6.658
2022-10-01 01:00:00-03:00,0.0,0.0,0.0,6.254
2022-10-01 02:00:00-03:00,0.0,0.0,0.0,5.726
2022-10-01 03:00:00-03:00,0.0,0.0,0.0,4.869
2022-10-01 04:00:00-03:00,0.0,0.0,0.0,4.041
2022-10-01 05:00:00-03:00,0.0,0.0,0.0,3.458
2022-10-01 06:00:00-03:00,0.0,0.0,0.0,3.039
2022-10-01 07:00:00-03:00,0.027,0.036000000000000004,0.006,2.846
2022-10-01 08:00:00-03:00,0.29,0.271,0.047,3.461
2022-10-01 09:00:00-03:00,0.514,0.489,0.082,4.314
2022-10-01 10:00:00-03:00,0.632,0.612,0.108,5.186
2022-10-01 11:00:00-03:00,0.677,0.654,0.127,5.975
2022-10-01 12:00:00-03:00,0.722,0.715,0.129,6.568
2022-10-01 13:00:00-03:00,0.73,0.737,0.121,7.047
2022-10-01 14:00:00-03:00,0.79,0.8300000000000001,0.114,7.546
2022-10-01 15:00:00-03:00,0.81,0.861,0.114,7.853
2022-10-01 16:00:00-03:00,0.8240000000000001,0.894,0.10200000000000001,7.948
2022-10-01 17:00:00-03:00,0.756,0.812,0.08600000000000001,7.742
2022-10-01 18:00:00-03:00,0.635,0.67,0.061,7.16
2022-10-01 19:00:00-03:00,0.36,0.374,0.023,5.814
2022-10-01 20:00:00-03:00,0.0,0.0,0.0,3.997
2022-10-01 21:00:00-03:00,0.0,0.0,0.0,3.266
2022-10-01 22:00:00-03:00,0.0,0.0,0.0,2.846
2022-10-01 23:00:00-03:00,0.0,0.0,0.0,2.463
2022-10-02 00:00:00-03:00,0.0,0.0,0.0,1.879
2022-10-02 01:00:00-03:00,0.0,0.0,0.0,1.522
2022-10-02 02:00:00-03:00,0.0,0.0,0.0,1.135
2022-10-02 03:00:00-03:00,0.0,0.0,0.0,0.717
2022-10-02 04:00:00-03:00,0.0,0.0,0.0,0.403
2022-10-02 05:00:00-03:00,0.0,0.0,0.0,0.14100000000000001
2022-10-02 06:00:00-03:00,0.0,0.0,0.0,-0.046
2022-10-02 07:00:00-03:00,0.085,0.096,0.007,0.002
2022-10-02 08:00:00-03:00,0.49,0.494,0.042,1.88
2022-10-02 09:00:00-03:00,0.6970000000000001,0.728,0.069,3.692
2022-10-02 10:00:00-03:00,0.789,0.845,0.088,5.812
2022-10-02 11:00:00-03:00,0.84,0.92,0.097,7.189
2022-10-02 12:00:00-03:00,0.854,0.9580000000000001,0.08700000000000001,8.293
2022-10-02 13:00:00-03:00,0.846,0.978,0.061,9.344
2022-10-02 14:00:00-03:00,0.863,0.985,0.08700000000000001,10.28
2022-10-02 15:00:00-03:00,0.864,0.976,0.10200000000000001,11.055
2022-10-02 16:00:00-03:00,0.799,0.879,0.10300000000000001,11.51
2022-10-02 17:00:00-03:00,0.665,0.6980000000000001,0.091,11.512
2022-10-02 18:00:00-03:00,0.59,0.624,0.063,10.769
2022-10-02 19:00:00-03:00,0.253,0.26,0.024,8.484
2022-10-02 20:00:00-03:00,0.0,0.0,0.0,7.18
2022-10-02 21:00:00-03:00,0.0,0.0,0.0,6.732
2022-10-02 22:00:00-03:00,0.0,0.0,0.0,5.788
2022-10-02 23:00:00-03:00,0.0,0.0,0.0,4.9879999999999995
2022-10-03 00:00:00-03:00,0.0,0.0,0.0,4.651
2022-10-03 01:00:00-03:00,0.0,0.0,0.0,4.506
2022-10-03 02:00:00-03:00,0.0,0.0,0.0,4.401
2022-10-03 03:00:00-03:00,0.0,0.0,0.0,4.33
2022-10-03 04:00:00-03:00,0.0,0.0,0.0,4.357
2022-10-03 05:00:00-03:00,0.0,0.0,0.0,4.457
2022-10-03 06:00:00-03:00,0.0,0.0,0.0,4.389
2022-10-03 07:00:00-03:00,0.0,0.001,0.002,4.209
2022-10-03 08:00:00-03:00,0.011,0.003,0.02,4.253
2022-10-03 09:00:00-03:00,0.053,0.011,0.06,4.603
2022-10-03 10:00:00-03:00,0.152,0.043000000000000003,0.131,5.458
2022-10-03 11:00:00-03:00,0.28300000000000003,0.113,0.202,6.858
2022-10-03 12:00:00-03:00,0.361,0.145,0.257,7.875
2022-10-03 13:00:00-03:00,0.34,0.08700000000000001,0.294,8.956
2022-10-03 14:00:00-03:00,0.23600000000000002,0.043000000000000003,0.224,9.59
2022-10-03 15:00:00-03:00,0.14,0.019,0.146,9.818
2022-10-03 16:00:00-03:00,0.08700000000000001,0.011,0.098,9.852
2022-10-03 17:00:00-03:00,0.059000000000000004,0.01,0.069,9.765
2022-10-03 18:00:00-03:00,0.056,0.022,0.054,9.521
2022-10-03 19:00:00-03:00,0.057,0.05,0.026000000000000002,8.56
2022-10-03 20:00:00-03:00,0.0,0.0,0.0,7.462
2022-10-03 21:00:00-03:00,0.0,0.0,0.0,6.754
2022-10-03 22:00:00-03:00,0.0,0.0,0.0,6.107
2022-10-03 23:00:00-03:00,0.0,0.0,0.0,5.84
2022-10-04 00:00:00-03:00,0.0,0.0,0.0,5.7940000000000005
2022-10-04 01:00:00-03:00,0.0,0.0,0.0,5.79
2022-10-04 02:00:00-03:00,0.0,0.0,0.0,5.608
2022-10-04 03:00:00-03:00,0.0,0.0,0.0,5.124
2022-10-04 04:00:00-03:00,0.0,0.0,0.0,4.401
2022-10-04 05:00:00-03:00,0.0,0.0,0.0,4.185
2022-10-04 06:00:00-03:00,0.0,0.0,0.0,4.275
2022-10-04 07:00:00-03:00,0.004,0.007,0.006,4.389
2022-10-04 08:00:00-03:00,0.02,0.008,0.025,5.124
2022-10-04 09:00:00-03:00,0.124,0.058,0.08700000000000001,6.236
2022-10-04 10:00:00-03:00,0.502,0.429,0.139,7.979
2022-10-04 11:00:00-03:00,0.704,0.6930000000000001,0.14100000000000001,9.606
2022-10-04 12:00:00-03:00,0.528,0.398,0.20800000000000002,10.158
2022-10-04 13:00:00-03:00,0.456,0.248,0.269,10.167
2022-10-04 14:00:00-03:00,0.535,0.396,0.22,10.438
2022-10-04 15:00:00-03:00,0.721,0.706,0.156,10.646
2022-10-04 16:00:00-03:00,0.465,0.368,0.16,10.09
2022-10-04 17:00:00-03:00,0.361,0.28,0.126,9.235
2022-10-04 18:00:00-03:00,0.231,0.183,0.077,8.427
2022-10-04 19:00:00-03:00,0.134,0.127,0.03,7.57
2022-10-04 20:00:00-03:00,0.0,0.0,0.0,6.84
2022-10-04 21:00:00-03:00,0.0,0.0,0.0,6.51
2022-10-04 22:00:00-03:00,0.0,0.0,0.0,6.166
2022-10-04 23:00:00-03:00,0.0,0.0,0.0,5.689
2022-10-05 00:00:00-03:00,0.0,0.0,0.0,5.243
2022-10-05 01:00:00-03:00,0.0,0.0,0.0,4.908
2022-10-05 02:00:00-03:00,0.0,0.0,0.0,4.687
2022-10-05 03:00:00-03:00,0.0,0.0,0.0,4.502
2022-10-05 04:00:00-03:00,0.0,0.0,0.0,4.325
2022-10-05 05:00:00-03:00,0.0,0.0,0.0,4.114
2022-10-05 06:00:00-03:00,0.0,0.0,0.0,4.063
2022-10-05 07:00:00-03:00,0.0,0.001,0.002,4.13
2022-10-05 08:00:00-03:00,0.007,0.001,0.015,4.324
2022-10-05 09:00:00-03:00,0.022,0.002,0.034,4.571
2022-10-05 10:00:00-03:00,0.05,0.004,0.064,4.956
2022-10-05 11:00:00-03:00,0.098,0.008,0.11,5.631
2022-10-05 12:00:00-03:00,0.14200000000000002,0.011,0.154,6.43
2022-10-05 13:00:00-03:00,0.191,0.013000000000000001,0.203,7.199
2022-10-05 14:00:00-03:00,0.154,0.012,0.166,7.74
2022-10-05 15:00:00-03:00,0.135,0.015,0.14400000000000002,8.168
2022-10-05 16:00:00-03:00,0.121,0.019,0.125,8.493
2022-10-05 17:00:00-03:00,0.085,0.017,0.088,8.552
2022-10-05 18:00:00-03:00,0.054,0.017,0.055,8.273
2022-10-05 19:00:00-03:00,0.014,0.009000000000000001,0.018000000000000002,7.323
2022-10-05 20:00:00-03:00,0.0,0.0,0.0,6.348
2022-10-05 21:00:00-03:00,0.0,0.0,0.0,5.854
2022-10-05 22:00:00-03:00,0.0,0.0,0.0,5.246
2022-10-05 23:00:00-03:00,0.0,0.0,0.0,4.611
2022-10-06 00:00:00-03:00,0.0,0.0,0.0,3.923
2022-10-06 01:00:00-03:00,0.0,0.0,0.0,3.265
2022-10-06 02:00:00-03:00,0.0,0.0,0.0,3.031
2022-10-06 03:00:00-03:00,0.0,0.0,0.0,2.943
2022-10-06 04:00:00-03:00,0.0,0.0,0.0,2.677
2022-10-06 05:00:00-03:00,0.0,0.0,0.0,2.398
2022-10-06 06:00:00-03:00,0.0,0.0,0.0,1.986
2022-10-06 07:00:00-03:00,0.045,0.05,0.011,1.9220000000000002
2022-10-06 08:00:00-03:00,0.267,0.232,0.06,2.973
2022-10-06 09:00:00-03:00,0.5,0.452,0.101,3.911
2022-10-06 10:00:00-03:00,0.481,0.387,0.147,4.874
2022-10-06 11:00:00-03:00,0.455,0.314,0.192,5.803
2022-10-06 12:00:00-03:00,0.499,0.328,0.232,6.626
2022-10-06 13:00:00-03:00,0.545,0.34800000000000003,0.27,7.259
2022-10-06 14:00:00-03:00,0.436,0.231,0.257,7.468
2022-10-06 15:00:00-03:00,0.277,0.10300000000000001,0.20600000000000002,7.405
2022-10-06 16:00:00-03:00,0.14300000000000002,0.034,0.132,7.048
2022-10-06 17:00:00-03:00,0.07,0.014,0.075,6.382
2022-10-06 18:00:00-03:00,0.028,0.007,0.036000000000000004,5.609
2022-10-06 19:00:00-03:00,0.005,0.004,0.01,4.893
2022-10-06 20:00:00-03:00,0.0,0.0,0.0,4.349
2022-10-06 21:00:00-03:00,0.0,0.0,0.0,4.037
2022-10-06 22:00:00-03:00,0.0,0.0,0.0,3.81
2022-10-06 23:00:00-03:00,0.0,0.0,0.0,3.607
2022-10-07 00:00:00-03:00,0.0,0.0,0.0,3.384
2022-10-07 01:00:00-03:00,0.0,0.0,0.0,3.194
2022-10-07 02:00:00-03:00,0.0,0.0,0.0,3.086
2022-10-07 03:00:00-03:00,0.0,0.0,0.0,2.971
2022-10-07 04:00:00-03:00,0.0,0.0,0.0,2.8449999999999998
2022-10-07 05:00:00-03:00,0.0,0.0,0.0,2.74
2022-10-07 06:00:00-03:00,0.0,0.0,0.0,2.709
2022-10-07 07:00:00-03:00,0.001,0.003,0.004,2.89
2022-10-07 08:00:00-03:00,0.061,0.033,0.045,3.425
2022-10-07 09:00:00-03:00,0.304,0.226,0.108,4.357
2022-10-07 10:00:00-03:00,0.538,0.463,0.14,5.276
2022-10-07 11:00:00-03:00,0.466,0.333,0.185,5.753
2022-10-07 12:00:00-03:00,0.47700000000000004,0.306,0.225,6.114
2022-10-07 13:00:00-03:00,0.585,0.426,0.23800000000000002,6.446
2022-10-07 14:00:00-03:00,0.624,0.512,0.202,6.4879999999999995
2022-10-07 15:00:00-03:00,0.588,0.483,0.185,6.31
2022-10-07 16:00:00-03:00,0.524,0.428,0.161,6.022
2022-10-07 17:00:00-03:00,0.454,0.378,0.126,5.713
2022-10-07 18:00:00-03:00,0.325,0.274,0.084,5.318
2022-10-07 19:00:00-03:00,0.14200000000000002,0.129,0.035,4.663
2022-10-07 20:00:00-03:00,0.0,0.002,0.001,3.8609999999999998
2022-10-07 21:00:00-03:00,0.0,0.0,0.0,3.455
2022-10-07 22:00:00-03:00,0.0,0.0,0.0,3.266
2022-10-07 23:00:00-03:00,0.0,0.0,0.0,3.005
2022-10-08 00:00:00-03:00,0.0,0.0,0.0,2.811
2022-10-08 01:00:00-03:00,0.0,0.0,0.0,2.745
2022-10-08 02:00:00-03:00,0.0,0.0,0.0,2.824
2022-10-08 03:00:00-03:00,0.0,0.0,0.0,3.063
2022-10-08 04:00:00-03:00,0.0,0.0,0.0,3.317
2022-10-08 05:00:00-03:00,0.0,0.0,0.0,3.535
2022-10-08 06:00:00-03:00,0.0,0.0,0.0,3.816
2022-10-08 07:00:00-03:00,0.005,0.007,0.008,4.166
2022-10-08 08:00:00-03:00,0.037,0.014,0.039,4.688
2022-10-08 09:00:00-03:00,0.088,0.026000000000000002,0.082,5.309
2022-10-08 10:00:00-03:00,0.14400000000000002,0.038,0.129,5.953
2022-10-08 11:00:00-03:00,0.179,0.038,0.165,6.375
2022-10-08 12:00:00-03:00,0.201,0.032,0.195,6.474
2022-10-08 13:00:00-03:00,0.303,0.058,0.278,6.705
2022-10-08 14:00:00-03:00,0.389,0.166,0.267,7.328
2022-10-08 15:00:00-03:00,0.45,0.28,0.225,7.799
2022-10-08 16:00:00-03:00,0.303,0.159,0.179,7.844
2022-10-08 17:00:00-03:00,0.222,0.11900000000000001,0.131,7.672
2022-10-08 18:00:00-03:00,0.147,0.088,0.083,7.252
2022-10-08 19:00:00-03:00,0.04,0.029,0.028,6.582
2022-10-08 20:00:00-03:00,0.0,0.001,0.001,5.967
2022-10-08 21:00:00-03:00,0.0,0.0,0.0,5.704
2022-10-08 22:00:00-03:00,0.0,0.0,0.0,5.642
2022-10-08 23:00:00-03:00,0.0,0.0,0.0,5.648
2022-10-09 00:00:00-03:00,0.0,0.0,0.0,5.565
2022-10-09 01:00:00-03:00,0.0,0.0,0.0,5.504
2022-10-09 02:00:00-03:00,0.0,0.0,0.0,5.417
2022-10-09 03:00:00-03:00,0.0,0.0,0.0,5.266
2022-10-09 04:00:00-03:00,0.0,0.0,0.0,5.189
2022-10-09 05:00:00-03:00,0.0,0.0,0.0,5.112
2022-10-09 06:00:00-03:00,0.0,0.0,0.0,5.136
2022-10-09 07:00:00-03:00,0.01,0.011,0.01,5.345
2022-10-09 08:00:00-03:00,0.122,0.082,0.062,5.9
2022-10-09 09:00:00-03:00,0.23500000000000001,0.151,0.112,6.665
2022-10-09 10:00:00-03:00,0.321,0.197,0.16,7.405
2022-10-09 11:00:00-03:00,0.41500000000000004,0.261,0.203,8.054
2022-10-09 12:00:00-03:00,0.47800000000000004,0.298,0.242,8.527
2022-10-09 13:00:00-03:00,0.513,0.289,0.295,8.893
2022-10-09 14:00:00-03:00,0.321,0.11,0.249,8.783
2022-10-09 15:00:00-03:00,0.258,0.08700000000000001,0.203,8.585
2022-10-09 16:00:00-03:00,0.212,0.078,0.162,8.416
2022-10-09 17:00:00-03:00,0.153,0.061,0.116,8.154
2022-10-09 18:00:00-03:00,0.073,0.03,0.063,7.657
2022-10-09 19:00:00-03:00,0.035,0.024,0.027,7.109
2022-10-09 20:00:00-03:00,0.0,0.001,0.001,6.712
2022-10-09 21:00:00-03:00,0.0,0.0,0.0,6.66
2022-10-09 22:00:00-03:00,0.0,0.0,0.0,6.694
2022-10-09 23:00:00-03:00,0.0,0.0,0.0,6.6850000000000005
2022-10-10 00:00:00-03:00,0.0,0.0,0.0,6.547
2022-10-10 01:00:00-03:00,0.0,0.0,0.0,6.446
2022-10-10 02:00:00-03:00,0.0,0.0,0.0,6.483
2022-10-10 03:00:00-03:00,0.0,0.0,0.0,6.516
2022-10-10 04:00:00-03:00,0.0,0.0,0.0,6.494
2022-10-10 05:00:00-03:00,0.0,0.0,0.0,6.555
2022-10-10 06:00:00-03:00,0.0,0.0,0.0,6.832
2022-10-10 07:00:00-03:00,0.009000000000000001,0.01,0.01,7.101
2022-10-10 08:00:00-03:00,0.07100000000000001,0.04,0.051000000000000004,7.351
2022-10-10 09:00:00-03:00,0.259,0.181,0.109,7.763
2022-10-10 10:00:00-03:00,0.461,0.372,0.147,8.334
2022-10-10 11:00:00-03:00,0.5750000000000001,0.494,0.166,8.914
2022-10-10 12:00:00-03:00,0.729,0.716,0.152,9.372
2022-10-10 13:00:00-03:00,0.732,0.731,0.14300000000000002,9.555
2022-10-10 14:00:00-03:00,0.752,0.748,0.154,9.644
2022-10-10 15:00:00-03:00,0.656,0.599,0.169,9.462
2022-10-10 16:00:00-03:00,0.5660000000000001,0.494,0.156,9.139
2022-10-10 17:00:00-03:00,0.47000000000000003,0.403,0.127,8.681000000000001
2022-10-10 18:00:00-03:00,0.329,0.278,0.089,8.019
2022-10-10 19:00:00-03:00,0.135,0.11900000000000001,0.039,7.157
2022-10-10 20:00:00-03:00,0.0,0.003,0.002,6.217
2022-10-10 21:00:00-03:00,0.0,0.0,0.0,5.427
2022-10-10 22:00:00-03:00,0.0,0.0,0.0,4.896
2022-10-10 23:00:00-03:00,0.0,0.0,0.0,4.665
2022-10-11 00:00:00-03:00,0.0,0.0,0.0,4.624
2022-10-11 01:00:00-03:00,0.0,0.0,0.0,4.569
2022-10-11 02:00:00-03:00,0.0,0.0,0.0,4.583
2022-10-11 03:00:00-03:00,0.0,0.0,0.0,4.402
2022-10-11 04:00:00-03:00,0.0,0.0,0.0,4.124
2022-10-11 05:00:00-03:00,0.0,0.0,0.0,3.876
2022-10-11 06:00:00-03:00,0.0,0.0,0.0,3.829
2022-10-11 07:00:00-03:00,0.004,0.004,0.009000000000000001,4.021
2022-10-11 08:00:00-03:00,0.058,0.025,0.052000000000000005,4.638
2022-10-11 09:00:00-03:00,0.223,0.131,0.11800000000000001,5.647
2022-10-11 10:00:00-03:00,0.40900000000000003,0.28700000000000003,0.168,6.786
2022-10-11 11:00:00-03:00,0.495,0.35100000000000003,0.20700000000000002,7.693
2022-10-11 12:00:00-03:00,0.381,0.162,0.263,7.944
2022-10-11 13:00:00-03:00,0.252,0.033,0.25,7.641
2022-10-11 14:00:00-03:00,0.201,0.027,0.201,7.514
2022-10-11 15:00:00-03:00,0.138,0.017,0.14400000000000002,7.302
2022-10-11 16:00:00-03:00,0.108,0.016,0.114,7.036
2022-10-11 17:00:00-03:00,0.074,0.013000000000000001,0.08,6.63
2022-10-11 18:00:00-03:00,0.038,0.009000000000000001,0.046,5.978
2022-10-11 19:00:00-03:00,0.016,0.008,0.021,5.211
2022-10-11 20:00:00-03:00,0.0,0.001,0.001,4.518
2022-10-11 21:00:00-03:00,0.0,0.0,0.0,4.062
2022-10-11 22:00:00-03:00,0.0,0.0,0.0,3.5949999999999998
2022-10-11 23:00:00-03:00,0.0,0.0,0.0,3.029
2022-10-12 00:00:00-03:00,0.0,0.0,0.0,2.438
2022-10-12 01:00:00-03:00,0.0,0.0,0.0,2.177
2022-10-12 02:00:00-03:00,0.0,0.0,0.0,2.159
2022-10-12 03:00:00-03:00,0.0,0.0,0.0,2.214
2022-10-12 04:00:00-03:00,0.0,0.0,0.0,2.317
2022-10-12 05:00:00-03:00,0.0,0.0,0.0,2.458
2022-10-12 06:00:00-03:00,0.0,0.0,0.0,2.624
2022-10-12 07:00:00-03:00,0.019,0.018000000000000002,0.014,2.604
2022-10-12 08:00:00-03:00,0.106,0.062,0.063,2.313
2022-10-12 09:00:00-03:00,0.089,0.029,0.079,2.255
2022-10-12 10:00:00-03:00,0.28700000000000003,0.153,0.159,2.789
2022-10-12 11:00:00-03:00,0.45,0.296,0.198,3.399
2022-10-12 12:00:00-03:00,0.534,0.368,0.226,3.995
2022-10-12 13:00:00-03:00,0.5750000000000001,0.384,0.261,4.37
2022-10-12 14:00:00-03:00,0.552,0.385,0.232,4.498
2022-10-12 15:00:00-03:00,0.502,0.35000000000000003,0.20700000000000002,4.329
2022-10-12 16:00:00-03:00,0.45,0.32,0.17500000000000002,4.146
2022-10-12 17:00:00-03:00,0.439,0.34800000000000003,0.135,3.821
2022-10-12 18:00:00-03:00,0.388,0.33,0.094,3.429
2022-10-12 19:00:00-03:00,0.201,0.178,0.046,2.849
2022-10-12 20:00:00-03:00,0.003,0.007,0.003,2.249
2022-10-12 21:00:00-03:00,0.0,0.0,0.0,2.094
2022-10-12 22:00:00-03:00,0.0,0.0,0.0,2.078
2022-10-12 23:00:00-03:00,0.0,0.0,0.0,2.096
2022-10-13 00:00:00-03:00,0.0,0.0,0.0,2.102
2022-10-13 01:00:00-03:00,0.0,0.0,0.0,2.006
2022-10-13 02:00:00-03:00,0.0,0.0,0.0,1.893
2022-10-13 03:00:00-03:00,0.0,0.0,0.0,1.783
2022-10-13 04:00:00-03:00,0.0,0.0,0.0,1.689
2022-10-13 05:00:00-03:00,0.0,0.0,0.0,1.649
2022-10-13 06:00:00-03:00,0.0,0.0,0.0,1.698
2022-10-13 07:00:00-03:00,0.05,0.048,0.019,1.877
2022-10-13 08:00:00-03:00,0.227,0.18,0.07,2.547
2022-10-13 09:00:00-03:00,0.428,0.359,0.11,3.407
2022-10-13 10:00:00-03:00,0.506,0.41500000000000004,0.146,4.42
2022-10-13 11:00:00-03:00,0.558,0.451,0.176,5.353
2022-10-13 12:00:00-03:00,0.633,0.535,0.19,6.245
2022-10-13 13:00:00-03:00,0.66,0.559,0.20400000000000001,6.944
2022-10-13 14:00:00-03:00,0.5690000000000001,0.434,0.213,7.45
2022-10-13 15:00:00-03:00,0.672,0.606,0.177,7.897
2022-10-13 16:00:00-03:00,0.501,0.399,0.167,8.026
2022-10-13 17:00:00-03:00,0.34700000000000003,0.253,0.134,7.925
2022-10-13 18:00:00-03:00,0.245,0.182,0.093,7.599
2022-10-13 19:00:00-03:00,0.14200000000000002,0.121,0.044,6.999
2022-10-13 20:00:00-03:00,0.004,0.009000000000000001,0.003,6.155
2022-10-13 21:00:00-03:00,0.0,0.0,0.0,5.743
2022-10-13 22:00:00-03:00,0.0,0.0,0.0,5.68
2022-10-13 23:00:00-03:00,0.0,0.0,0.0,5.753
2022-10-14 00:00:00-03:00,0.0,0.0,0.0,5.875
2022-10-14 01:00:00-03:00,0.0,0.0,0.0,5.913
2022-10-14 02:00:00-03:00,0.0,0.0,0.0,5.854
2022-10-14 03:00:00-03:00,0.0,0.0,0.0,5.751
2022-10-14 04:00:00-03:00,0.0,0.0,0.0,5.696
2022-10-14 05:00:00-03:00,0.0,0.0,0.0,5.618
2022-10-14 06:00:00-03:00,0.0,0.0,0.0,5.625
2022-10-14 07:00:00-03:00,0.02,0.016,0.018000000000000002,5.761
2022-10-14 08:00:00-03:00,0.11900000000000001,0.07200000000000001,0.069,6.246
2022-10-14 09:00:00-03:00,0.29,0.201,0.121,6.991
2022-10-14 10:00:00-03:00,0.505,0.40700000000000003,0.163,7.883
2022-10-14 11:00:00-03:00,0.304,0.132,0.20800000000000002,8.302
2022-10-14 12:00:00-03:00,0.126,0.012,0.137,8.094
2022-10-14 13:00:00-03:00,0.28200000000000003,0.046,0.27,8.572
2022-10-14 14:00:00-03:00,0.496,0.306,0.259,9.609
2022-10-14 15:00:00-03:00,0.647,0.561,0.198,10.219
2022-10-14 16:00:00-03:00,0.436,0.309,0.185,9.978
2022-10-14 17:00:00-03:00,0.23900000000000002,0.131,0.14,9.531
2022-10-14 18:00:00-03:00,0.073,0.025,0.068,8.97
2022-10-14 19:00:00-03:00,0.011,0.005,0.018000000000000002,8.485
2022-10-14 20:00:00-03:00,0.0,0.001,0.002,8.251
2022-10-14 21:00:00-03:00,0.0,0.0,0.0,8.175
2022-10-14 22:00:00-03:00,0.0,0.0,0.0,8.158
2022-10-14 23:00:00-03:00,0.0,0.0,0.0,8.027
2022-10-15 00:00:00-03:00,0.0,0.0,0.0,7.595
2022-10-15 01:00:00-03:00,0.0,0.0,0.0,6.945
2022-10-15 02:00:00-03:00,0.0,0.0,0.0,6.2
2022-10-15 03:00:00-03:00,0.0,0.0,0.0,5.665
2022-10-15 04:00:00-03:00,0.0,0.0,0.0,5.383
2022-10-15 05:00:00-03:00,0.0,0.0,0.0,5.133
2022-10-15 06:00:00-03:00,0.0,0.0,0.0,4.924
2022-10-15 07:00:00-03:00,0.171,0.169,0.024,4.893
2022-10-15 08:00:00-03:00,0.5740000000000001,0.592,0.055,5.619
2022-10-15 09:00:00-03:00,0.746,0.795,0.083,6.654
2022-10-15 10:00:00-03:00,0.8260000000000001,0.896,0.10400000000000001,7.874
2022-10-15 11:00:00-03:00,0.866,0.9540000000000001,0.115,9.053
2022-10-15 12:00:00-03:00,0.879,0.987,0.107,9.849
2022-10-15 13:00:00-03:00,0.859,1.005,0.06,10.334
2022-10-15 14:00:00-03:00,0.893,1.01,0.112,10.685
2022-10-15 15:00:00-03:00,0.874,0.967,0.126,10.854
2022-10-15 16:00:00-03:00,0.807,0.866,0.122,10.809
2022-10-15 17:00:00-03:00,0.772,0.833,0.10200000000000001,10.532
2022-10-15 18:00:00-03:00,0.6920000000000001,0.744,0.075,9.921
2022-10-15 19:00:00-03:00,0.484,0.502,0.045,8.798
2022-10-15 20:00:00-03:00,0.044,0.056,0.006,6.796
2022-10-15 21:00:00-03:00,0.0,0.0,0.0,5.443
2022-10-15 22:00:00-03:00,0.0,0.0,0.0,4.524
2022-10-15 23:00:00-03:00,0.0,0.0,0.0,3.733
2022-10-16 00:00:00-03:00,0.0,0.0,0.0,3.075
2022-10-16 01:00:00-03:00,0.0,0.0,0.0,2.716
2022-10-16 02:00:00-03:00,0.0,0.0,0.0,2.468
2022-10-16 03:00:00-03:00,0.0,0.0,0.0,2.028
2022-10-16 04:00:00-03:00,0.0,0.0,0.0,1.724
2022-10-16 05:00:00-03:00,0.0,0.0,0.0,1.642
2022-10-16 06:00:00-03:00,0.0,0.0,0.0,1.413
2022-10-16 07:00:00-03:00,0.194,0.19,0.026000000000000002,1.953
2022-10-16 08:00:00-03:00,0.535,0.534,0.059000000000000004,3.571
2022-10-16 09:00:00-03:00,0.739,0.775,0.08600000000000001,5.082
2022-10-16 10:00:00-03:00,0.716,0.721,0.116,6.712
2022-10-16 11:00:00-03:00,0.763,0.777,0.132,8.212
2022-10-16 12:00:00-03:00,0.789,0.8210000000000001,0.132,9.256
2022-10-16 13:00:00-03:00,0.763,0.808,0.11,9.937
2022-10-16 14:00:00-03:00,0.842,0.911,0.13,10.506
2022-10-16 15:00:00-03:00,0.752,0.761,0.147,10.755
2022-10-16 16:00:00-03:00,0.715,0.721,0.134,10.836
2022-10-16 17:00:00-03:00,0.8140000000000001,0.896,0.10200000000000001,10.716
2022-10-16 18:00:00-03:00,0.734,0.806,0.074,10.321
2022-10-16 19:00:00-03:00,0.513,0.538,0.046,9.478
2022-10-16 20:00:00-03:00,0.037,0.048,0.006,7.779
2022-10-16 21:00:00-03:00,0.0,0.0,0.0,6.9719999999999995
2022-10-16 22:00:00-03:00,0.0,0.0,0.0,6.286
2022-10-16 23:00:00-03:00,0.0,0.0,0.0,5.702
2022-10-17 00:00:00-03:00,0.0,0.0,0.0,5.298
2022-10-17 01:00:00-03:00,0.0,0.0,0.0,5.079
2022-10-17 02:00:00-03:00,0.0,0.0,0.0,5.247
2022-10-17 03:00:00-03:00,0.0,0.0,0.0,5.566
2022-10-17 04:00:00-03:00,0.0,0.0,0.0,5.965
2022-10-17 05:00:00-03:00,0.0,0.0,0.0,6.112
2022-10-17 06:00:00-03:00,0.0,0.0,0.0,6.354
2022-10-17 07:00:00-03:00,0.036000000000000004,0.028,0.025,6.644
2022-10-17 08:00:00-03:00,0.137,0.084,0.076,6.959
2022-10-17 09:00:00-03:00,0.276,0.18,0.128,7.589
2022-10-17 10:00:00-03:00,0.398,0.276,0.17,8.461
2022-10-17 11:00:00-03:00,0.536,0.41400000000000003,0.199,9.514
2022-10-17 12:00:00-03:00,0.617,0.505,0.216,10.383
2022-10-17 13:00:00-03:00,0.661,0.541,0.24,10.853
2022-10-17 14:00:00-03:00,0.429,0.221,0.266,10.631
2022-10-17 15:00:00-03:00,0.193,0.042,0.179,9.798
2022-10-17 16:00:00-03:00,0.098,0.014,0.106,8.912
2022-10-17 17:00:00-03:00,0.07,0.011,0.079,8.347
2022-10-17 18:00:00-03:00,0.036000000000000004,0.007,0.046,7.961
2022-10-17 19:00:00-03:00,0.009000000000000001,0.003,0.017,7.603
2022-10-17 20:00:00-03:00,0.0,0.001,0.002,7.312
2022-10-17 21:00:00-03:00,0.0,0.0,0.0,7.17
2022-10-17 22:00:00-03:00,0.0,0.0,0.0,7.089
2022-10-17 23:00:00-03:00,0.0,0.0,0.0,7.071
2022-10-18 00:00:00-03:00,0.0,0.0,0.0,7.161
2022-10-18 01:00:00-03:00,0.0,0.0,0.0,7.347
2022-10-18 02:00:00-03:00,0.0,0.0,0.0,7.572
2022-10-18 03:00:00-03:00,0.0,0.0,0.0,7.757
2022-10-18 04:00:00-03:00,0.0,0.0,0.0,8.014
2022-10-18 05:00:00-03:00,0.0,0.0,0.0,8.351
2022-10-18 06:00:00-03:00,0.0,0.0,0.0,8.779
2022-10-18 07:00:00-03:00,0.006,0.004,0.012,9.313
2022-10-18 08:00:00-03:00,0.053,0.02,0.052000000000000005,9.796
2022-10-18 09:00:00-03:00,0.153,0.07,0.109,10.292
2022-10-18 10:00:00-03:00,0.28300000000000003,0.159,0.161,10.654
2022-10-18 11:00:00-03:00,0.434,0.296,0.196,10.766
2022-10-18 12:00:00-03:00,0.665,0.598,0.189,10.894
2022-10-18 13:00:00-03:00,0.667,0.593,0.195,10.633
2022-10-18 14:00:00-03:00,0.733,0.7030000000000001,0.17500000000000002,10.4
2022-10-18 15:00:00-03:00,0.748,0.737,0.162,10.228
2022-10-18 16:00:00-03:00,0.805,0.843,0.138,10.022
2022-10-18 17:00:00-03:00,0.782,0.833,0.112,9.481
2022-10-18 18:00:00-03:00,0.728,0.781,0.082,8.600999999999999
2022-10-18 19:00:00-03:00,0.517,0.532,0.052000000000000005,7.485
2022-10-18 20:00:00-03:00,0.056,0.065,0.009000000000000001,6.218
2022-10-18 21:00:00-03:00,0.0,0.0,0.0,5.384
2022-10-18 22:00:00-03:00,0.0,0.0,0.0,4.975
2022-10-18 23:00:00-03:00,0.0,0.0,0.0,4.643
2022-10-19 00:00:00-03:00,0.0,0.0,0.0,4.344
2022-10-19 01:00:00-03:00,0.0,0.0,0.0,4.138
2022-10-19 02:00:00-03:00,0.0,0.0,0.0,4.075
2022-10-19 03:00:00-03:00,0.0,0.0,0.0,4.022
2022-10-19 04:00:00-03:00,0.0,0.0,0.0,3.985
2022-10-19 05:00:00-03:00,0.0,0.0,0.0,4.016
2022-10-19 06:00:00-03:00,0.0,0.0,0.0,4.086
2022-10-19 07:00:00-03:00,0.066,0.053,0.031,4.396
2022-10-19 08:00:00-03:00,0.20600000000000002,0.145,0.08600000000000001,5.072
2022-10-19 09:00:00-03:00,0.23700000000000002,0.133,0.13,5.799
2022-10-19 10:00:00-03:00,0.199,0.07,0.154,6.344
2022-10-19 11:00:00-03:00,0.23900000000000002,0.073,0.194,6.861
2022-10-19 12:00:00-03:00,0.313,0.099,0.249,7.419
2022-10-19 13:00:00-03:00,0.37,0.091,0.321,7.889
2022-10-19 14:00:00-03:00,0.302,0.088,0.25,8.204
2022-10-19 15:00:00-03:00,0.23700000000000002,0.066,0.201,8.167
2022-10-19 16:00:00-03:00,0.186,0.052000000000000005,0.16,7.87
2022-10-19 17:00:00-03:00,0.133,0.038,0.11800000000000001,7.397
2022-10-19 18:00:00-03:00,0.099,0.036000000000000004,0.084,6.962
2022-10-19 19:00:00-03:00,0.064,0.037,0.046,6.499
2022-10-19 20:00:00-03:00,0.007,0.01,0.007,5.777
2022-10-19 21:00:00-03:00,0.0,0.0,0.0,5.107
2022-10-19 22:00:00-03:00,0.0,0.0,0.0,4.658
2022-10-19 23:00:00-03:00,0.0,0.0,0.0,4.33
2022-10-20 00:00:00-03:00,0.0,0.0,0.0,4.001
2022-10-20 01:00:00-03:00,0.0,0.0,0.0,3.697
2022-10-20 02:00:00-03:00,0.0,0.0,0.0,3.447
2022-10-20 03:00:00-03:00,0.0,0.0,0.0,3.188
2022-10-20 04:00:00-03:00,0.0,0.0,0.0,2.957
2022-10-20 05:00:00-03:00,0.0,0.0,0.0,2.719
2022-10-20 06:00:00-03:00,0.0,0.001,0.0,2.437
2022-10-20 07:00:00-03:00,0.07100000000000001,0.058,0.032,2.468
2022-10-20 08:00:00-03:00,0.223,0.164,0.082,2.783
2022-10-20 09:00:00-03:00,0.389,0.30000000000000004,0.125,3.311
2022-10-20 10:00:00-03:00,0.42,0.297,0.163,3.895
2022-10-20 11:00:00-03:00,0.455,0.305,0.198,4.569
2022-10-20 12:00:00-03:00,0.583,0.444,0.215,5.591
2022-10-20 13:00:00-03:00,0.6990000000000001,0.618,0.196,6.5600000000000005
2022-10-20 14:00:00-03:00,0.6880000000000001,0.6000000000000001,0.199,6.879
2022-10-20 15:00:00-03:00,0.522,0.383,0.20500000000000002,6.831
2022-10-20 16:00:00-03:00,0.487,0.367,0.18,6.894
2022-10-20 17:00:00-03:00,0.40900000000000003,0.309,0.146,6.884
2022-10-20 18:00:00-03:00,0.448,0.393,0.106,6.691
2022-10-20 19:00:00-03:00,0.232,0.199,0.06,6.142
2022-10-20 20:00:00-03:00,0.023,0.029,0.009000000000000001,5.437
2022-10-20 21:00:00-03:00,0.0,0.0,0.0,4.932
2022-10-20 22:00:00-03:00,0.0,0.0,0.0,4.542
2022-10-20 23:00:00-03:00,0.0,0.0,0.0,4.259
2022-10-21 00:00:00-03:00,0.0,0.0,0.0,4.034
2022-10-21 01:00:00-03:00,0.0,0.0,0.0,3.826
2022-10-21 02:00:00-03:00,0.0,0.0,0.0,3.827
2022-10-21 03:00:00-03:00,0.0,0.0,0.0,3.865
2022-10-21 04:00:00-03:00,0.0,0.0,0.0,3.985
2022-10-21 05:00:00-03:00,0.0,0.0,0.0,4.121
2022-10-21 06:00:00-03:00,0.0,0.0,0.001,4.242
2022-10-21 07:00:00-03:00,0.063,0.049,0.032,4.449
2022-10-21 08:00:00-03:00,0.34500000000000003,0.295,0.085,5.092
2022-10-21 09:00:00-03:00,0.508,0.447,0.121,5.9350000000000005
2022-10-21 10:00:00-03:00,0.444,0.332,0.163,6.648
2022-10-21 11:00:00-03:00,0.55,0.431,0.193,7.45
2022-10-21 12:00:00-03:00,0.643,0.534,0.211,7.978
2022-10-21 13:00:00-03:00,0.49,0.23700000000000002,0.315,7.802
2022-10-21 14:00:00-03:00,0.264,0.073,0.222,7.373
2022-10-21 15:00:00-03:00,0.303,0.124,0.213,7.484
2022-10-21 16:00:00-03:00,0.369,0.222,0.19,7.6
2022-10-21 17:00:00-03:00,0.328,0.21,0.154,7.371
2022-10-21 18:00:00-03:00,0.221,0.14,0.108,6.954
2022-10-21 19:00:00-03:00,0.117,0.083,0.056,6.407
2022-10-21 20:00:00-03:00,0.013000000000000001,0.016,0.009000000000000001,5.799
2022-10-21 21:00:00-03:00,0.0,0.0,0.0,5.437
2022-10-21 22:00:00-03:00,0.0,0.0,0.0,5.282
2022-10-21 23:00:00-03:00,0.0,0.0,0.0,5.163
2022-10-22 00:00:00-03:00,0.0,0.0,0.0,5.11
2022-10-22 01:00:00-03:00,0.0,0.0,0.0,5.117
2022-10-22 02:00:00-03:00,0.0,0.0,0.0,5.142
2022-10-22 03:00:00-03:00,0.0,0.0,0.0,5.197
2022-10-22 04:00:00-03:00,0.0,0.0,0.0,5.333
2022-10-22 05:00:00-03:00,0.0,0.0,0.0,5.5120000000000005
2022-10-22 06:00:00-03:00,0.0,0.001,0.001,5.715
2022-10-22 07:00:00-03:00,0.037,0.022,0.031,6.052
2022-10-22 08:00:00-03:00,0.091,0.036000000000000004,0.075,6.571
2022-10-22 09:00:00-03:00,0.147,0.05,0.12,7.172
2022-10-22 10:00:00-03:00,0.197,0.065,0.159,7.855
2022-10-22 11:00:00-03:00,0.329,0.147,0.222,8.668
2022-10-22 12:00:00-03:00,0.47700000000000004,0.269,0.273,9.541
2022-10-22 13:00:00-03:00,0.335,0.062,0.315,9.658
2022-10-22 14:00:00-03:00,0.211,0.032,0.209,9.366
2022-10-22 15:00:00-03:00,0.126,0.013000000000000001,0.136,8.778
2022-10-22 16:00:00-03:00,0.069,0.006,0.083,8.351
2022-10-22 17:00:00-03:00,0.047,0.004,0.061,8.017
2022-10-22 18:00:00-03:00,0.027,0.003,0.038,7.559
2022-10-22 19:00:00-03:00,0.012,0.003,0.02,7.395
2022-10-22 20:00:00-03:00,0.0,0.001,0.004,7.418
2022-10-22 21:00:00-03:00,0.0,0.0,0.0,7.283
2022-10-22 22:00:00-03:00,0.0,0.0,0.0,7.007
2022-10-22 23:00:00-03:00,0.0,0.0,0.0,6.768
2022-10-23 00:00:00-03:00,0.0,0.0,0.0,6.605
2022-10-23 01:00:00-03:00,0.0,0.0,0.0,6.474
2022-10-23 02:00:00-03:00,0.0,0.0,0.0,6.27
2022-10-23 03:00:00-03:00,0.0,0.0,0.0,6.145
2022-10-23 04:00:00-03:00,0.0,0.0,0.0,6.043
2022-10-23 05:00:00-03:00,0.0,0.0,0.0,5.959
2022-10-23 06:00:00-03:00,0.0,0.0,0.001,5.973
2022-10-23 07:00:00-03:00,0.012,0.006,0.018000000000000002,6.239
2022-10-23 08:00:00-03:00,0.055,0.017,0.056,6.764
2022-10-23 09:00:00-03:00,0.17,0.075,0.12,7.772
2022-10-23 10:00:00-03:00,0.386,0.263,0.171,9.184
2022-10-23 11:00:00-03:00,0.556,0.447,0.195,10.318
2022-10-23 12:00:00-03:00,0.525,0.375,0.228,10.745
2022-10-23 13:00:00-03:00,0.5670000000000001,0.386,0.272,11.105
2022-10-23 14:00:00-03:00,0.6950000000000001,0.629,0.202,11.672
2022-10-23 15:00:00-03:00,0.603,0.508,0.198,11.691
2022-10-23 16:00:00-03:00,0.5700000000000001,0.488,0.17500000000000002,11.446
2022-10-23 17:00:00-03:00,0.591,0.548,0.14100000000000001,11.085
2022-10-23 18:00:00-03:00,0.517,0.485,0.108,10.471
2022-10-23 19:00:00-03:00,0.215,0.181,0.064,9.462
2022-10-23 20:00:00-03:00,0.073,0.078,0.015,8.086
2022-10-23 21:00:00-03:00,0.0,0.0,0.0,6.813
2022-10-23 22:00:00-03:00,0.0,0.0,0.0,6.008
2022-10-23 23:00:00-03:00,0.0,0.0,0.0,5.414
2022-10-24 00:00:00-03:00,0.0,0.0,0.0,5.003
2022-10-24 01:00:00-03:00,0.0,0.0,0.0,4.681
2022-10-24 02:00:00-03:00,0.0,0.0,0.0,4.506
2022-10-24 03:00:00-03:00,0.0,0.0,0.0,4.277
2022-10-24 04:00:00-03:00,0.0,0.0,0.0,3.938
2022-10-24 05:00:00-03:00,0.0,0.0,0.0,3.778
2022-10-24 06:00:00-03:00,0.0,0.002,0.001,3.696
2022-10-24 07:00:00-03:00,0.036000000000000004,0.021,0.031,4.376
2022-10-24 08:00:00-03:00,0.093,0.038,0.075,5.244
2022-10-24 09:00:00-03:00,0.157,0.058,0.121,5.854
2022-10-24 10:00:00-03:00,0.226,0.088,0.165,6.491
2022-10-24 11:00:00-03:00,0.272,0.101,0.202,7.085
2022-10-24 12:00:00-03:00,0.41200000000000003,0.20700000000000002,0.254,7.989
2022-10-24 13:00:00-03:00,0.597,0.383,0.305,8.882
2022-10-24 14:00:00-03:00,0.342,0.129,0.254,8.926
2022-10-24 15:00:00-03:00,0.178,0.036000000000000004,0.167,8.552
2022-10-24 16:00:00-03:00,0.268,0.114,0.188,8.518
2022-10-24 17:00:00-03:00,0.377,0.254,0.168,8.372
2022-10-24 18:00:00-03:00,0.242,0.154,0.11800000000000001,7.806
2022-10-24 19:00:00-03:00,0.117,0.077,0.062,6.796
2022-10-24 20:00:00-03:00,0.015,0.016,0.011,5.562
2022-10-24 21:00:00-03:00,0.0,0.0,0.0,4.585
2022-10-24 22:00:00-03:00,0.0,0.0,0.0,3.964
2022-10-24 23:00:00-03:00,0.0,0.0,0.0,3.484
2022-10-25 00:00:00-03:00,0.0,0.0,0.0,3.057
2022-10-25 01:00:00-03:00,0.0,0.0,0.0,2.694
2022-10-25 02:00:00-03:00,0.0,0.0,0.0,2.261
2022-10-25 03:00:00-03:00,0.0,0.0,0.0,1.737
2022-10-25 04:00:00-03:00,0.0,0.0,0.0,1.339
2022-10-25 05:00:00-03:00,0.0,0.0,0.0,1.399
2022-10-25 06:00:00-03:00,0.0,0.003,0.002,1.521
2022-10-25 07:00:00-03:00,0.053,0.034,0.036000000000000004,2.343
2022-10-25 08:00:00-03:00,0.195,0.123,0.095,3.556
2022-10-25 09:00:00-03:00,0.307,0.195,0.14200000000000002,4.49
2022-10-25 10:00:00-03:00,0.41400000000000003,0.278,0.18,5.652
2022-10-25 11:00:00-03:00,0.459,0.297,0.216,6.896
2022-10-25 12:00:00-03:00,0.40900000000000003,0.203,0.255,7.998
2022-10-25 13:00:00-03:00,0.394,0.109,0.333,8.941
2022-10-25 14:00:00-03:00,0.277,0.077,0.23600000000000002,10.039
2022-10-25 15:00:00-03:00,0.232,0.066,0.199,11.133
2022-10-25 16:00:00-03:00,0.247,0.098,0.185,12.104
2022-10-25 17:00:00-03:00,0.259,0.133,0.164,12.633
2022-10-25 18:00:00-03:00,0.106,0.038,0.092,11.855
2022-10-25 19:00:00-03:00,0.041,0.017,0.042,10.727
2022-10-25 20:00:00-03:00,0.007,0.007,0.009000000000000001,9.401
2022-10-25 21:00:00-03:00,0.0,0.0,0.0,8.253
2022-10-25 22:00:00-03:00,0.0,0.0,0.0,7.691
2022-10-25 23:00:00-03:00,0.0,0.0,0.0,7.718
2022-10-26 00:00:00-03:00,0.0,0.0,0.0,7.873
2022-10-26 01:00:00-03:00,0.0,0.0,0.0,7.68
2022-10-26 02:00:00-03:00,0.0,0.0,0.0,6.855
2022-10-26 03:00:00-03:00,0.0,0.0,0.0,6.08
2022-10-26 04:00:00-03:00,0.0,0.0,0.0,5.674
2022-10-26 05:00:00-03:00,0.0,0.0,0.0,5.446
2022-10-26 06:00:00-03:00,0.0,0.003,0.002,5.327
2022-10-26 07:00:00-03:00,0.042,0.023,0.035,5.737
2022-10-26 08:00:00-03:00,0.065,0.021,0.063,6.434
2022-10-26 09:00:00-03:00,0.40700000000000003,0.308,0.147,7.694
2022-10-26 10:00:00-03:00,0.41400000000000003,0.28600000000000003,0.179,8.486
2022-10-26 11:00:00-03:00,0.519,0.381,0.21,9.155
2022-10-26 12:00:00-03:00,0.542,0.381,0.24,9.603
2022-10-26 13:00:00-03:00,0.58,0.368,0.302,9.711
2022-10-26 14:00:00-03:00,0.515,0.329,0.259,9.64
2022-10-26 15:00:00-03:00,0.248,0.076,0.20400000000000001,9.15
2022-10-26 16:00:00-03:00,0.11800000000000001,0.018000000000000002,0.122,8.481
2022-10-26 17:00:00-03:00,0.1,0.018000000000000002,0.10400000000000001,8.104
2022-10-26 18:00:00-03:00,0.056,0.011,0.063,7.661
2022-10-26 19:00:00-03:00,0.045,0.018000000000000002,0.045,7.438
2022-10-26 20:00:00-03:00,0.01,0.01,0.011,6.986
2022-10-26 21:00:00-03:00,0.0,0.0,0.0,6.524
2022-10-26 22:00:00-03:00,0.0,0.0,0.0,6.192
2022-10-26 23:00:00-03:00,0.0,0.0,0.0,5.996
2022-10-27 00:00:00-03:00,0.0,0.0,0.0,5.822
2022-10-27 01:00:00-03:00,0.0,0.0,0.0,5.515
2022-10-27 02:00:00-03:00,0.0,0.0,0.0,5.166
2022-10-27 03:00:00-03:00,0.0,0.0,0.0,4.881
2022-10-27 04:00:00-03:00,0.0,0.0,0.0,4.654
2022-10-27 05:00:00-03:00,0.0,0.0,0.0,4.431
2022-10-27 06:00:00-03:00,0.0,0.001,0.002,4.293
2022-10-27 07:00:00-03:00,0.014,0.004,0.023,4.45
2022-10-27 08:00:00-03:00,0.045,0.007,0.054,4.789
2022-10-27 09:00:00-03:00,0.075,0.01,0.085,5.162
2022-10-27 10:00:00-03:00,0.1,0.011,0.11,5.332
2022-10-27 11:00:00-03:00,0.128,0.013000000000000001,0.136,5.414
2022-10-27 12:00:00-03:00,0.161,0.015,0.169,5.564
2022-10-27 13:00:00-03:00,0.226,0.014,0.23800000000000002,5.518
2022-10-27 14:00:00-03:00,0.16,0.014,0.169,5.49
2022-10-27 15:00:00-03:00,0.132,0.013000000000000001,0.14100000000000001,5.483
2022-10-27 16:00:00-03:00,0.108,0.011,0.11800000000000001,5.439
2022-10-27 17:00:00-03:00,0.082,0.009000000000000001,0.093,5.343
2022-10-27 18:00:00-03:00,0.051000000000000004,0.007,0.061,5.407
2022-10-27 19:00:00-03:00,0.024,0.006,0.033,5.514
2022-10-27 20:00:00-03:00,0.003,0.003,0.008,5.418
2022-10-27 21:00:00-03:00,0.0,0.0,0.0,5.207
2022-10-27 22:00:00-03:00,0.0,0.0,0.0,5.008
2022-10-27 23:00:00-03:00,0.0,0.0,0.0,4.739
2022-10-28 00:00:00-03:00,0.0,0.0,0.0,4.439
2022-10-28 01:00:00-03:00,0.0,0.0,0.0,4.096
2022-10-28 02:00:00-03:00,0.0,0.0,0.0,3.8529999999999998
2022-10-28 03:00:00-03:00,0.0,0.0,0.0,3.823
2022-10-28 04:00:00-03:00,0.0,0.0,0.0,3.754
2022-10-28 05:00:00-03:00,0.0,0.0,0.0,3.529
2022-10-28 06:00:00-03:00,0.0,0.002,0.003,3.346
2022-10-28 07:00:00-03:00,0.055,0.032,0.04,3.578
2022-10-28 08:00:00-03:00,0.139,0.068,0.093,4.118
2022-10-28 09:00:00-03:00,0.129,0.038,0.113,4.205
2022-10-28 10:00:00-03:00,0.23,0.08700000000000001,0.168,4.33
2022-10-28 11:00:00-03:00,0.541,0.389,0.215,4.787
2022-10-28 12:00:00-03:00,0.48,0.28300000000000003,0.249,4.808
2022-10-28 13:00:00-03:00,0.441,0.151,0.336,4.804
2022-10-28 14:00:00-03:00,0.43,0.217,0.258,5.369
2022-10-28 15:00:00-03:00,0.427,0.244,0.23,5.89
2022-10-28 16:00:00-03:00,0.41500000000000004,0.252,0.20800000000000002,6.176
2022-10-28 17:00:00-03:00,0.224,0.094,0.156,6.026
2022-10-28 18:00:00-03:00,0.127,0.047,0.101,6.02
2022-10-28 19:00:00-03:00,0.076,0.038,0.058,5.916
2022-10-28 20:00:00-03:00,0.04,0.038,0.019,5.37
2022-10-28 21:00:00-03:00,0.0,0.0,0.0,4.787
2022-10-28 22:00:00-03:00,0.0,0.0,0.0,4.482
2022-10-28 23:00:00-03:00,0.0,0.0,0.0,4.288
2022-10-29 00:00:00-03:00,0.0,0.0,0.0,4.052
2022-10-29 01:00:00-03:00,0.0,0.0,0.0,3.75
2022-10-29 02:00:00-03:00,0.0,0.0,0.0,3.444
2022-10-29 03:00:00-03:00,0.0,0.0,0.0,3.095
2022-10-29 04:00:00-03:00,0.0,0.0,0.0,2.708
2022-10-29 05:00:00-03:00,0.0,0.0,0.0,2.467
2022-10-29 06:00:00-03:00,0.004,0.008,0.004,2.384
2022-10-29 07:00:00-03:00,0.136,0.10400000000000001,0.052000000000000005,2.715
2022-10-29 08:00:00-03:00,0.23600000000000002,0.157,0.10300000000000001,3.311
2022-10-29 09:00:00-03:00,0.256,0.136,0.146,3.9939999999999998
2022-10-29 10:00:00-03:00,0.263,0.11,0.18,4.647
2022-10-29 11:00:00-03:00,0.245,0.076,0.196,5.166
2022-10-29 12:00:00-03:00,0.211,0.04,0.196,5.38
2022-10-29 13:00:00-03:00,0.293,0.04,0.28500000000000003,5.8629999999999995
2022-10-29 14:00:00-03:00,0.266,0.068,0.228,6.58
2022-10-29 15:00:00-03:00,0.269,0.08700000000000001,0.212,6.846
2022-10-29 16:00:00-03:00,0.20500000000000002,0.058,0.17300000000000001,6.589
2022-10-29 17:00:00-03:00,0.196,0.07100000000000001,0.15,6.531
2022-10-29 18:00:00-03:00,0.289,0.19,0.13,6.265
2022-10-29 19:00:00-03:00,0.317,0.269,0.081,5.47
2022-10-29 20:00:00-03:00,0.131,0.128,0.024,4.697
2022-10-29 21:00:00-03:00,0.0,0.0,0.0,4.038
2022-10-29 22:00:00-03:00,0.0,0.0,0.0,3.632
2022-10-29 23:00:00-03:00,0.0,0.0,0.0,3.341
2022-10-30 00:00:00-03:00,0.0,0.0,0.0,3.262
2022-10-30 01:00:00-03:00,0.0,0.0,0.0,3.327
2022-10-30 02:00:00-03:00,0.0,0.0,0.0,3.296
2022-10-30 03:00:00-03:00,0.0,0.0,0.0,3.225
2022-10-30 04:00:00-03:00,0.0,0.0,0.0,3.066
2022-10-30 05:00:00-03:00,0.0,0.0,0.0,2.9
2022-10-30 06:00:00-03:00,0.016,0.023,0.006,2.762
2022-10-30 07:00:00-03:00,0.23500000000000001,0.209,0.05,3.127
2022-10-30 08:00:00-03:00,0.392,0.338,0.091,3.928
2022-10-30 09:00:00-03:00,0.5650000000000001,0.512,0.122,4.85
2022-10-30 10:00:00-03:00,0.594,0.518,0.155,5.776
2022-10-30 11:00:00-03:00,0.65,0.5710000000000001,0.178,6.727
2022-10-30 12:00:00-03:00,0.6920000000000001,0.618,0.19,7.414
2022-10-30 13:00:00-03:00,0.761,0.756,0.15,7.924
2022-10-30 14:00:00-03:00,0.8260000000000001,0.8260000000000001,0.176,8.248
2022-10-30 15:00:00-03:00,0.737,0.6950000000000001,0.179,8.399000000000001
2022-10-30 16:00:00-03:00,0.681,0.631,0.166,8.363
2022-10-30 17:00:00-03:00,0.582,0.519,0.147,8.043
2022-10-30 18:00:00-03:00,0.47800000000000004,0.42,0.117,7.338
2022-10-30 19:00:00-03:00,0.28300000000000003,0.23800000000000002,0.076,6.383
2022-10-30 20:00:00-03:00,0.059000000000000004,0.057,0.02,5.435
2022-10-30 21:00:00-03:00,0.0,0.0,0.0,4.7059999999999995
2022-10-30 22:00:00-03:00,0.0,0.0,0.0,4.204
2022-10-30 23:00:00-03:00,0.0,0.0,0.0,3.688
2022-10-31 00:00:00-03:00,0.0,0.0,0.0,3.3689999999999998
2022-10-31 01:00:00-03:00,0.0,0.0,0.0,3.283
2022-10-31 02:00:00-03:00,0.0,0.0,0.0,3.215
2022-10-31 03:00:00-03:00,0.0,0.0,0.0,3.142
2022-10-31 04:00:00-03:00,0.0,0.0,0.0,3.064
2022-10-31 05:00:00-03:00,0.0,0.0,0.0,2.971
2022-10-31 06:00:00-03:00,0.015,0.021,0.007,2.971
2022-10-31 07:00:00-03:00,0.164,0.131,0.055,3.567
2022-10-31 08:00:00-03:00,0.28500000000000003,0.21,0.10400000000000001,4.631
2022-10-31 09:00:00-03:00,0.481,0.396,0.14100000000000001,6.056
2022-10-31 10:00:00-03:00,0.634,0.5670000000000001,0.163,7.395
2022-10-31 11:00:00-03:00,0.63,0.532,0.197,8.296
2022-10-31 12:00:00-03:00,0.458,0.276,0.24,8.537
2022-10-31 13:00:00-03:00,0.549,0.307,0.321,8.729
2022-10-31 14:00:00-03:00,0.46,0.265,0.254,8.858
2022-10-31 15:00:00-03:00,0.335,0.148,0.226,8.607
2022-10-31 16:00:00-03:00,0.234,0.078,0.186,8.2
2022-10-31 17:00:00-03:00,0.17300000000000001,0.053,0.146,7.787
2022-10-31 18:00:00-03:00,0.092,0.025,0.089,7.312
2022-10-31 19:00:00-03:00,0.04,0.013000000000000001,0.044,6.899
2022-10-31 20:00:00-03:00,0.005,0.005,0.01,6.561
2022-10-31 21:00:00-03:00,0.0,0.0,0.0,6.304
2022-10-31 22:00:00-03:00,0.0,0.0,0.0,6.064
2022-10-31 23:00:00-03:00,0.0,0.0,0.0,5.747
2022-11-01 00:00:00-03:00,0.0,0.0,0.0,5.467
2022-11-01 01:00:00-03:00,0.0,0.0,0.0,5.484
2022-11-01 02:00:00-03:00,0.0,0.0,0.0,5.656
2022-11-01 03:00:00-03:00,0.0,0.0,0.0,5.857
2022-11-01 04:00:00-03:00,0.0,0.0,0.0,5.876
2022-11-01 05:00:00-03:00,0.0,0.0,0.0,5.667
2022-11-01 06:00:00-03:00,0.003,0.006,0.005,5.453
2022-11-01 07:00:00-03:00,0.105,0.075,0.051000000000000004,5.536
2022-11-01 08:00:00-03:00,0.307,0.24,0.1,5.975
2022-11-01 09:00:00-03:00,0.604,0.5690000000000001,0.121,6.78
2022-11-01 10:00:00-03:00,0.75,0.752,0.137,7.7780000000000005
2022-11-01 11:00:00-03:00,0.8210000000000001,0.841,0.157,8.626
2022-11-01 12:00:00-03:00,0.835,0.854,0.168,9.169
2022-11-01 13:00:00-03:00,0.812,0.872,0.117,9.48
2022-11-01 14:00:00-03:00,0.883,0.928,0.171,9.678
2022-11-01 15:00:00-03:00,0.8320000000000001,0.848,0.171,9.658
2022-11-01 16:00:00-03:00,0.553,0.447,0.187,9.242
2022-11-01 17:00:00-03:00,0.34500000000000003,0.218,0.168,8.636
2022-11-01 18:00:00-03:00,0.20600000000000002,0.114,0.12,8.007
2022-11-01 19:00:00-03:00,0.115,0.068,0.069,7.368
2022-11-01 20:00:00-03:00,0.045,0.041,0.021,6.691
2022-11-01 21:00:00-03:00,0.0,0.0,0.0,6.098
2022-11-01 22:00:00-03:00,0.0,0.0,0.0,5.829
2022-11-01 23:00:00-03:00,0.0,0.0,0.0,5.697
2022-11-02 00:00:00-03:00,0.0,0.0,0.0,5.694
2022-11-02 01:00:00-03:00,0.0,0.0,0.0,5.632
2022-11-02 02:00:00-03:00,0.0,0.0,0.0,5.222
2022-11-02 03:00:00-03:00,0.0,0.0,0.0,5.105
2022-11-02 04:00:00-03:00,0.0,0.0,0.0,5.401
2022-11-02 05:00:00-03:00,0.0,0.0,0.0,5.835
2022-11-02 06:00:00-03:00,0.0,0.002,0.004,6.486
2022-11-02 07:00:00-03:00,0.037,0.015,0.039,7.627
2022-11-02 08:00:00-03:00,0.156,0.076,0.106,9.071
2022-11-02 09:00:00-03:00,0.221,0.097,0.155,10.241
2022-11-02 10:00:00-03:00,0.192,0.052000000000000005,0.169,10.876
2022-11-02 11:00:00-03:00,0.198,0.043000000000000003,0.185,11.306
2022-11-02 12:00:00-03:00,0.24,0.059000000000000004,0.216,11.919
2022-11-02 13:00:00-03:00,0.468,0.168,0.371,12.822
2022-11-02 14:00:00-03:00,0.16,0.022,0.166,12.397
2022-11-02 15:00:00-03:00,0.224,0.052000000000000005,0.20600000000000002,12.168
2022-11-02 16:00:00-03:00,0.25,0.082,0.203,12.049
2022-11-02 17:00:00-03:00,0.189,0.06,0.159,11.651
2022-11-02 18:00:00-03:00,0.124,0.04,0.108,11.036
2022-11-02 19:00:00-03:00,0.107,0.055,0.075,10.303
2022-11-02 20:00:00-03:00,0.049,0.042,0.025,9.355
2022-11-02 21:00:00-03:00,0.0,0.0,0.0,8.444
2022-11-02 22:00:00-03:00,0.0,0.0,0.0,7.8
2022-11-02 23:00:00-03:00,0.0,0.0,0.0,7.308
2022-11-03 00:00:00-03:00,0.0,0.0,0.0,6.748
2022-11-03 01:00:00-03:00,0.0,0.0,0.0,6.368
2022-11-03 02:00:00-03:00,0.0,0.0,0.0,5.874
2022-11-03 03:00:00-03:00,0.0,0.0,0.0,5.289
2022-11-03 04:00:00-03:00,0.0,0.0,0.0,5.12
2022-11-03 05:00:00-03:00,0.0,0.0,0.0,5.331
2022-11-03 06:00:00-03:00,0.013000000000000001,0.017,0.008,5.679
2022-11-03 07:00:00-03:00,0.065,0.038,0.047,6.557
2022-11-03 08:00:00-03:00,0.215,0.138,0.105,7.646
2022-11-03 09:00:00-03:00,0.518,0.451,0.139,9.311
2022-11-03 10:00:00-03:00,0.554,0.47100000000000003,0.17,11.048
2022-11-03 11:00:00-03:00,0.594,0.503,0.196,12.622
2022-11-03 12:00:00-03:00,0.636,0.548,0.212,13.85
2022-11-03 13:00:00-03:00,0.617,0.488,0.248,14.521
2022-11-03 14:00:00-03:00,0.615,0.511,0.224,14.888
2022-11-03 15:00:00-03:00,0.539,0.41500000000000004,0.22,14.904
2022-11-03 16:00:00-03:00,0.47500000000000003,0.34900000000000003,0.20400000000000001,14.694
2022-11-03 17:00:00-03:00,0.389,0.273,0.17400000000000002,14.302
2022-11-03 18:00:00-03:00,0.296,0.20600000000000002,0.134,13.758
2022-11-03 19:00:00-03:00,0.15,0.101,0.077,13.059
2022-11-03 20:00:00-03:00,0.117,0.113,0.03,12.221
2022-11-03 21:00:00-03:00,0.0,0.0,0.0,11.421
2022-11-03 22:00:00-03:00,0.0,0.0,0.0,11.037
2022-11-03 23:00:00-03:00,0.0,0.0,0.0,10.857
2022-11-04 00:00:00-03:00,0.0,0.0,0.0,10.688
2022-11-04 01:00:00-03:00,0.0,0.0,0.0,10.511
2022-11-04 02:00:00-03:00,0.0,0.0,0.0,10.271
2022-11-04 03:00:00-03:00,0.0,0.0,0.0,9.983
2022-11-04 04:00:00-03:00,0.0,0.0,0.0,9.632
2022-11-04 05:00:00-03:00,0.0,0.0,0.0,9.421
2022-11-04 06:00:00-03:00,0.004,0.005,0.007,9.343
2022-11-04 07:00:00-03:00,0.062,0.028,0.054,9.74
2022-11-04 08:00:00-03:00,0.215,0.11900000000000001,0.128,10.557
2022-11-04 09:00:00-03:00,0.299,0.155,0.185,11.548
2022-11-04 10:00:00-03:00,0.375,0.194,0.233,12.226
2022-11-04 11:00:00-03:00,0.439,0.234,0.269,12.669
2022-11-04 12:00:00-03:00,0.293,0.079,0.256,12.736
2022-11-04 13:00:00-03:00,0.28,0.033,0.28700000000000003,12.611
2022-11-04 14:00:00-03:00,0.168,0.018000000000000002,0.179,12.346
2022-11-04 15:00:00-03:00,0.134,0.012,0.149,12.047
2022-11-04 16:00:00-03:00,0.112,0.01,0.126,11.858
2022-11-04 17:00:00-03:00,0.107,0.014,0.11800000000000001,11.854
2022-11-04 18:00:00-03:00,0.107,0.024,0.107,11.797
2022-11-04 19:00:00-03:00,0.073,0.026000000000000002,0.069,11.473
2022-11-04 20:00:00-03:00,0.023,0.016,0.022,10.858
2022-11-04 21:00:00-03:00,0.0,0.0,0.0,10.225
2022-11-04 22:00:00-03:00,0.0,0.0,0.0,9.787
2022-11-04 23:00:00-03:00,0.0,0.0,0.0,9.342
2022-11-05 00:00:00-03:00,0.0,0.0,0.0,8.86
2022-11-05 01:00:00-03:00,0.0,0.0,0.0,8.351
2022-11-05 02:00:00-03:00,0.0,0.0,0.0,7.822
2022-11-05 03:00:00-03:00,0.0,0.0,0.0,7.355
2022-11-05 04:00:00-03:00,0.0,0.0,0.0,6.98
2022-11-05 05:00:00-03:00,0.0,0.0,0.0,6.788
2022-11-05 06:00:00-03:00,0.016,0.019,0.01,7.052
2022-11-05 07:00:00-03:00,0.14400000000000002,0.105,0.063,7.905
2022-11-05 08:00:00-03:00,0.468,0.42,0.109,8.969
2022-11-05 09:00:00-03:00,0.716,0.726,0.128,10.293
2022-11-05 10:00:00-03:00,0.782,0.8,0.158,11.709
2022-11-05 11:00:00-03:00,0.8240000000000001,0.848,0.182,13.136
2022-11-05 12:00:00-03:00,0.85,0.877,0.201,14.322
2022-11-05 13:00:00-03:00,0.849,0.89,0.193,15.271
2022-11-05 14:00:00-03:00,0.855,0.891,0.20700000000000002,16.128
2022-11-05 15:00:00-03:00,0.838,0.882,0.195,16.782
2022-11-05 16:00:00-03:00,0.796,0.834,0.177,17.086
2022-11-05 17:00:00-03:00,0.7000000000000001,0.704,0.16,16.847
2022-11-05 18:00:00-03:00,0.535,0.497,0.136,15.765
2022-11-05 19:00:00-03:00,0.306,0.258,0.094,14.267
2022-11-05 20:00:00-03:00,0.138,0.13,0.035,12.389
2022-11-05 21:00:00-03:00,0.0,0.0,0.001,10.518
2022-11-05 22:00:00-03:00,0.0,0.0,0.0,9.725999999999999
2022-11-05 23:00:00-03:00,0.0,0.0,0.0,9.084
2022-11-06 00:00:00-03:00,0.0,0.0,0.0,8.617
2022-11-06 01:00:00-03:00,0.0,0.0,0.0,8.248
2022-11-06 02:00:00-03:00,0.0,0.0,0.0,8.051
2022-11-06 03:00:00-03:00,0.0,0.0,0.0,7.87
2022-11-06 04:00:00-03:00,0.0,0.0,0.0,7.686
2022-11-06 05:00:00-03:00,0.0,0.0,0.0,7.503
2022-11-06 06:00:00-03:00,0.016,0.017,0.012,7.6370000000000005
2022-11-06 07:00:00-03:00,0.062,0.029,0.053,8.463
2022-11-06 08:00:00-03:00,0.188,0.097,0.11900000000000001,9.64
2022-11-06 09:00:00-03:00,0.371,0.241,0.179,11.064
2022-11-06 10:00:00-03:00,0.40700000000000003,0.242,0.223,12.38
2022-11-06 11:00:00-03:00,0.375,0.176,0.253,13.04
2022-11-06 12:00:00-03:00,0.383,0.166,0.272,13.439
2022-11-06 13:00:00-03:00,0.523,0.309,0.303,14.018
2022-11-06 14:00:00-03:00,0.722,0.632,0.252,14.543
2022-11-06 15:00:00-03:00,0.666,0.557,0.248,14.583
2022-11-06 16:00:00-03:00,0.41100000000000003,0.23,0.244,14.038
2022-11-06 17:00:00-03:00,0.292,0.138,0.197,13.376
2022-11-06 18:00:00-03:00,0.385,0.28400000000000003,0.157,12.941
2022-11-06 19:00:00-03:00,0.331,0.275,0.10200000000000001,12.289
2022-11-06 20:00:00-03:00,0.125,0.112,0.039,11.326
2022-11-06 21:00:00-03:00,0.023,0.038,0.001,10.357
2022-11-06 22:00:00-03:00,0.0,0.0,0.0,9.857
2022-11-06 23:00:00-03:00,0.0,0.0,0.0,9.352
2022-11-07 00:00:00-03:00,0.0,0.0,0.0,9.267
2022-11-07 01:00:00-03:00,0.0,0.0,0.0,9.168
2022-11-07 02:00:00-03:00,0.0,0.0,0.0,8.928
2022-11-07 03:00:00-03:00,0.0,0.0,0.0,8.789
2022-11-07 04:00:00-03:00,0.0,0.0,0.0,8.748
2022-11-07 05:00:00-03:00,0.0,0.0,0.0,8.808
2022-11-07 06:00:00-03:00,0.0,0.001,0.004,9.014
2022-11-07 07:00:00-03:00,0.019,0.004,0.029,9.491
2022-11-07 08:00:00-03:00,0.059000000000000004,0.009000000000000001,0.07,10.108
2022-11-07 09:00:00-03:00,0.109,0.016,0.11800000000000001,10.93
2022-11-07 10:00:00-03:00,0.139,0.017,0.148,11.872
2022-11-07 11:00:00-03:00,0.192,0.027,0.196,12.871
2022-11-07 12:00:00-03:00,0.304,0.078,0.27,13.878
2022-11-07 13:00:00-03:00,0.417,0.112,0.369,14.358
2022-11-07 14:00:00-03:00,0.23,0.035,0.231,14.199
2022-11-07 15:00:00-03:00,0.215,0.033,0.217,14.169
2022-11-07 16:00:00-03:00,0.176,0.026000000000000002,0.181,13.966
2022-11-07 17:00:00-03:00,0.116,0.015,0.127,13.478
2022-11-07 18:00:00-03:00,0.20800000000000002,0.08600000000000001,0.155,13.148
2022-11-07 19:00:00-03:00,0.107,0.045,0.08700000000000001,12.437
2022-11-07 20:00:00-03:00,0.093,0.075,0.041,11.425
2022-11-07 21:00:00-03:00,0.0,0.005,0.001,10.237
2022-11-07 22:00:00-03:00,0.0,0.0,0.0,9.312
2022-11-07 23:00:00-03:00,0.0,0.0,0.0,8.598
2022-11-08 00:00:00-03:00,0.0,0.0,0.0,8.046
2022-11-08 01:00:00-03:00,0.0,0.0,0.0,7.684
2022-11-08 02:00:00-03:00,0.0,0.0,0.0,7.476
2022-11-08 03:00:00-03:00,0.0,0.0,0.0,7.445
2022-11-08 04:00:00-03:00,0.0,0.0,0.0,7.4
2022-11-08 05:00:00-03:00,0.0,0.0,0.0,7.323
2022-11-08 06:00:00-03:00,0.002,0.002,0.007,7.329
2022-11-08 07:00:00-03:00,0.028,0.006,0.037,7.507
2022-11-08 08:00:00-03:00,0.108,0.028,0.10200000000000001,7.915
2022-11-08 09:00:00-03:00,0.164,0.037,0.152,8.419
2022-11-08 10:00:00-03:00,0.215,0.047,0.198,8.926
2022-11-08 11:00:00-03:00,0.297,0.081,0.253,9.614
2022-11-08 12:00:00-03:00,0.328,0.09,0.28,10.331
2022-11-08 13:00:00-03:00,0.377,0.064,0.363,10.771
2022-11-08 14:00:00-03:00,0.257,0.045,0.248,10.958
2022-11-08 15:00:00-03:00,0.229,0.037,0.224,11.095
2022-11-08 16:00:00-03:00,0.227,0.047,0.213,11.19
2022-11-08 17:00:00-03:00,0.18,0.038,0.17,10.992
2022-11-08 18:00:00-03:00,0.089,0.014,0.097,10.512
2022-11-08 19:00:00-03:00,0.042,0.009000000000000001,0.052000000000000005,10.006
2022-11-08 20:00:00-03:00,0.015,0.008,0.02,9.475
2022-11-08 21:00:00-03:00,0.0,0.002,0.001,8.919
2022-11-08 22:00:00-03:00,0.0,0.0,0.0,8.407
2022-11-08 23:00:00-03:00,0.0,0.0,0.0,7.995
2022-11-09 00:00:00-03:00,0.0,0.0,0.0,7.732
2022-11-09 01:00:00-03:00,0.0,0.0,0.0,7.478
2022-11-09 02:00:00-03:00,0.0,0.0,0.0,7.222
2022-11-09 03:00:00-03:00,0.0,0.0,0.0,6.885
2022-11-09 04:00:00-03:00,0.0,0.0,0.0,6.381
2022-11-09 05:00:00-03:00,0.0,0.0,0.0,6.037
2022-11-09 06:00:00-03:00,0.006,0.005,0.01,5.88
2022-11-09 07:00:00-03:00,0.043000000000000003,0.014,0.045,5.966
2022-11-09 08:00:00-03:00,0.092,0.023,0.089,6.188
2022-11-09 09:00:00-03:00,0.194,0.061,0.158,6.818
2022-11-09 10:00:00-03:00,0.222,0.058,0.192,7.466
2022-11-09 11:00:00-03:00,0.257,0.063,0.224,8.063
2022-11-09 12:00:00-03:00,0.326,0.099,0.266,8.673
2022-11-09 13:00:00-03:00,0.653,0.423,0.342,9.562
2022-11-09 14:00:00-03:00,0.767,0.675,0.251,10.097
2022-11-09 15:00:00-03:00,0.758,0.676,0.23700000000000002,10.127
2022-11-09 16:00:00-03:00,0.735,0.665,0.214,9.834
2022-11-09 17:00:00-03:00,0.687,0.624,0.184,9.304
2022-11-09 18:00:00-03:00,0.539,0.459,0.155,8.584
2022-11-09 19:00:00-03:00,0.488,0.446,0.10300000000000001,7.817
2022-11-09 20:00:00-03:00,0.268,0.25,0.048,6.842
2022-11-09 21:00:00-03:00,0.005,0.012,0.002,5.594
2022-11-09 22:00:00-03:00,0.0,0.0,0.0,4.707
2022-11-09 23:00:00-03:00,0.0,0.0,0.0,4.058
2022-11-10 00:00:00-03:00,0.0,0.0,0.0,3.588
2022-11-10 01:00:00-03:00,0.0,0.0,0.0,3.205
2022-11-10 02:00:00-03:00,0.0,0.0,0.0,2.857
2022-11-10 03:00:00-03:00,0.0,0.0,0.0,2.561
2022-11-10 04:00:00-03:00,0.0,0.0,0.0,2.3529999999999998
2022-11-10 05:00:00-03:00,0.0,0.0,0.0,2.298
2022-11-10 06:00:00-03:00,0.023,0.022,0.015,2.77
2022-11-10 07:00:00-03:00,0.14,0.092,0.069,4.314
2022-11-10 08:00:00-03:00,0.356,0.268,0.124,5.355
2022-11-10 09:00:00-03:00,0.5670000000000001,0.485,0.156,6.3629999999999995
2022-11-10 10:00:00-03:00,0.685,0.617,0.181,7.532
2022-11-10 11:00:00-03:00,0.8130000000000001,0.796,0.189,8.728
2022-11-10 12:00:00-03:00,0.871,0.883,0.198,9.729
2022-11-10 13:00:00-03:00,0.851,0.9,0.154,10.438
2022-11-10 14:00:00-03:00,0.883,0.905,0.203,10.985
2022-11-10 15:00:00-03:00,0.871,0.898,0.194,11.36
2022-11-10 16:00:00-03:00,0.845,0.877,0.17500000000000002,11.538
2022-11-10 17:00:00-03:00,0.796,0.8250000000000001,0.151,11.465
2022-11-10 18:00:00-03:00,0.681,0.682,0.128,11.128
2022-11-10 19:00:00-03:00,0.47100000000000003,0.439,0.098,10.498
2022-11-10 20:00:00-03:00,0.229,0.213,0.046,9.251
2022-11-10 21:00:00-03:00,0.003,0.009000000000000001,0.002,7.694
2022-11-10 22:00:00-03:00,0.0,0.0,0.0,7.016
2022-11-10 23:00:00-03:00,0.0,0.0,0.0,6.256
2022-11-11 00:00:00-03:00,0.0,0.0,0.0,5.357
2022-11-11 01:00:00-03:00,0.0,0.0,0.0,4.445
2022-11-11 02:00:00-03:00,0.0,0.0,0.0,3.8280000000000003
2022-11-11 03:00:00-03:00,0.0,0.0,0.0,3.312
2022-11-11 04:00:00-03:00,0.0,0.0,0.0,2.941
2022-11-11 05:00:00-03:00,0.0,0.0,0.0,2.659
2022-11-11 06:00:00-03:00,0.093,0.091,0.021,3.029
2022-11-11 07:00:00-03:00,0.34,0.301,0.073,4.756
2022-11-11 08:00:00-03:00,0.508,0.452,0.116,5.812
2022-11-11 09:00:00-03:00,0.606,0.538,0.154,6.807
2022-11-11 10:00:00-03:00,0.555,0.423,0.20800000000000002,7.5809999999999995
2022-11-11 11:00:00-03:00,0.608,0.465,0.23600000000000002,8.454
2022-11-11 12:00:00-03:00,0.664,0.526,0.252,9.169
2022-11-11 13:00:00-03:00,0.679,0.499,0.30000000000000004,9.553
2022-11-11 14:00:00-03:00,0.609,0.435,0.273,9.74
2022-11-11 15:00:00-03:00,0.638,0.496,0.249,9.931000000000001
2022-11-11 16:00:00-03:00,0.676,0.583,0.214,10.062
2022-11-11 17:00:00-03:00,0.708,0.671,0.171,10.088
2022-11-11 18:00:00-03:00,0.6930000000000001,0.6900000000000001,0.13,9.913
2022-11-11 19:00:00-03:00,0.609,0.614,0.092,9.511
2022-11-11 20:00:00-03:00,0.40700000000000003,0.40800000000000003,0.049,8.497
2022-11-11 21:00:00-03:00,0.016,0.026000000000000002,0.003,7.129
2022-11-11 22:00:00-03:00,0.0,0.0,0.0,6.76
2022-11-11 23:00:00-03:00,0.0,0.0,0.0,6.432
2022-11-12 00:00:00-03:00,0.0,0.0,0.0,6.193
2022-11-12 01:00:00-03:00,0.0,0.0,0.0,5.628
2022-11-12 02:00:00-03:00,0.0,0.0,0.0,4.659
2022-11-12 03:00:00-03:00,0.0,0.0,0.0,3.79
2022-11-12 04:00:00-03:00,0.0,0.0,0.0,3.008
2022-11-12 05:00:00-03:00,0.0,0.0,0.0,2.384
2022-11-12 06:00:00-03:00,0.126,0.123,0.022,2.352
2022-11-12 07:00:00-03:00,0.439,0.417,0.066,4.118
2022-11-12 08:00:00-03:00,0.623,0.611,0.1,5.876
2022-11-12 09:00:00-03:00,0.719,0.716,0.132,8.255
2022-11-12 10:00:00-03:00,0.782,0.785,0.16,9.702
2022-11-12 11:00:00-03:00,0.8210000000000001,0.8290000000000001,0.183,10.927
2022-11-12 12:00:00-03:00,0.846,0.86,0.196,11.989
2022-11-12 13:00:00-03:00,0.8300000000000001,0.884,0.152,12.849
2022-11-12 14:00:00-03:00,0.861,0.89,0.201,13.614
2022-11-12 15:00:00-03:00,0.848,0.882,0.192,14.256
2022-11-12 16:00:00-03:00,0.8210000000000001,0.86,0.17400000000000002,14.725
2022-11-12 17:00:00-03:00,0.772,0.81,0.151,14.948
2022-11-12 18:00:00-03:00,0.598,0.5760000000000001,0.136,14.756
2022-11-12 19:00:00-03:00,0.366,0.319,0.10200000000000001,14.204
2022-11-12 20:00:00-03:00,0.257,0.245,0.049,12.79
2022-11-12 21:00:00-03:00,0.009000000000000001,0.017,0.003,10.793
2022-11-12 22:00:00-03:00,0.0,0.0,0.0,9.775
2022-11-12 23:00:00-03:00,0.0,0.0,0.0,8.895
2022-11-13 00:00:00-03:00,0.0,0.0,0.0,8.039
2022-11-13 01:00:00-03:00,0.0,0.0,0.0,7.072
2022-11-13 02:00:00-03:00,0.0,0.0,0.0,6.359
2022-11-13 03:00:00-03:00,0.0,0.0,0.0,6.029
2022-11-13 04:00:00-03:00,0.0,0.0,0.0,5.74
2022-11-13 05:00:00-03:00,0.0,0.0,0.0,5.338
2022-11-13 06:00:00-03:00,0.078,0.074,0.023,5.531
2022-11-13 07:00:00-03:00,0.303,0.26,0.077,7.322
2022-11-13 08:00:00-03:00,0.509,0.46,0.117,8.501
2022-11-13 09:00:00-03:00,0.669,0.64,0.145,9.59
2022-11-13 10:00:00-03:00,0.753,0.737,0.171,10.704
2022-11-13 11:00:00-03:00,0.8130000000000001,0.8130000000000001,0.191,11.862
2022-11-13 12:00:00-03:00,0.8300000000000001,0.8320000000000001,0.20600000000000002,12.902
2022-11-13 13:00:00-03:00,0.8140000000000001,0.843,0.17500000000000002,13.741
2022-11-13 14:00:00-03:00,0.835,0.841,0.213,14.354
2022-11-13 15:00:00-03:00,0.773,0.744,0.217,14.607
2022-11-13 16:00:00-03:00,0.597,0.482,0.228,14.414
2022-11-13 17:00:00-03:00,0.429,0.289,0.20600000000000002,14.14
2022-11-13 18:00:00-03:00,0.308,0.194,0.159,13.657
2022-11-13 19:00:00-03:00,0.212,0.14200000000000002,0.10300000000000001,12.996
2022-11-13 20:00:00-03:00,0.148,0.126,0.048,12.025
2022-11-13 21:00:00-03:00,0.003,0.007,0.004,10.433
2022-11-13 22:00:00-03:00,0.0,0.0,0.0,9.779
2022-11-13 23:00:00-03:00,0.0,0.0,0.0,9.351
2022-11-14 00:00:00-03:00,0.0,0.0,0.0,8.941
2022-11-14 01:00:00-03:00,0.0,0.0,0.0,8.381
2022-11-14 02:00:00-03:00,0.0,0.0,0.0,8.009
2022-11-14 03:00:00-03:00,0.0,0.0,0.0,7.679
2022-11-14 04:00:00-03:00,0.0,0.0,0.0,7.4879999999999995
2022-11-14 05:00:00-03:00,0.0,0.0,0.0,7.392
2022-11-14 06:00:00-03:00,0.009000000000000001,0.006,0.014,7.591
2022-11-14 07:00:00-03:00,0.045,0.011,0.051000000000000004,8.422
2022-11-14 08:00:00-03:00,0.152,0.05,0.127,9.738
2022-11-14 09:00:00-03:00,0.296,0.133,0.203,11.247
2022-11-14 10:00:00-03:00,0.305,0.105,0.242,12.198
2022-11-14 11:00:00-03:00,0.28200000000000003,0.066,0.257,12.69
2022-11-14 12:00:00-03:00,0.255,0.039,0.254,13.001
2022-11-14 13:00:00-03:00,0.353,0.041,0.363,13.369
2022-11-14 14:00:00-03:00,0.331,0.079,0.301,13.795
2022-11-14 15:00:00-03:00,0.229,0.034,0.231,13.674
2022-11-14 16:00:00-03:00,0.183,0.025,0.19,13.54
2022-11-14 17:00:00-03:00,0.132,0.017,0.14200000000000002,13.384
2022-11-14 18:00:00-03:00,0.093,0.014,0.10300000000000001,13.138
2022-11-14 19:00:00-03:00,0.07,0.017,0.074,12.674
2022-11-14 20:00:00-03:00,0.022,0.009000000000000001,0.028,11.615
2022-11-14 21:00:00-03:00,0.0,0.001,0.002,10.611
2022-11-14 22:00:00-03:00,0.0,0.0,0.0,10.032
2022-11-14 23:00:00-03:00,0.0,0.0,0.0,9.212
2022-11-15 00:00:00-03:00,0.0,0.0,0.0,8.412
2022-11-15 01:00:00-03:00,0.0,0.0,0.0,7.86
2022-11-15 02:00:00-03:00,0.0,0.0,0.0,7.383
2022-11-15 03:00:00-03:00,0.0,0.0,0.0,7.004
2022-11-15 04:00:00-03:00,0.0,0.0,0.0,6.629
2022-11-15 05:00:00-03:00,0.0,0.0,0.0,6.197
2022-11-15 06:00:00-03:00,0.046,0.037,0.026000000000000002,6.145
2022-11-15 07:00:00-03:00,0.126,0.067,0.081,6.88
2022-11-15 08:00:00-03:00,0.149,0.049,0.124,7.619
2022-11-15 09:00:00-03:00,0.13,0.021,0.133,8.394
2022-11-15 10:00:00-03:00,0.151,0.019,0.158,9.225
2022-11-15 11:00:00-03:00,0.19,0.024,0.195,10.157
2022-11-15 12:00:00-03:00,0.261,0.043000000000000003,0.254,11.04
2022-11-15 13:00:00-03:00,0.45,0.1,0.41500000000000004,11.833
2022-11-15 14:00:00-03:00,0.289,0.054,0.274,11.834
2022-11-15 15:00:00-03:00,0.26,0.049,0.247,11.657
2022-11-15 16:00:00-03:00,0.429,0.215,0.275,12.066
2022-11-15 17:00:00-03:00,0.5,0.34800000000000003,0.229,12.107
2022-11-15 18:00:00-03:00,0.397,0.27,0.181,11.63
2022-11-15 19:00:00-03:00,0.28300000000000003,0.198,0.122,10.857
2022-11-15 20:00:00-03:00,0.09,0.062,0.05,9.842
2022-11-15 21:00:00-03:00,0.001,0.005,0.004,8.784
2022-11-15 22:00:00-03:00,0.0,0.0,0.0,7.889
2022-11-15 23:00:00-03:00,0.0,0.0,0.0,7.144
2022-11-16 00:00:00-03:00,0.0,0.0,0.0,6.734
2022-11-16 01:00:00-03:00,0.0,0.0,0.0,6.542
2022-11-16 02:00:00-03:00,0.0,0.0,0.0,6.406
2022-11-16 03:00:00-03:00,0.0,0.0,0.0,6.398
2022-11-16 04:00:00-03:00,0.0,0.0,0.0,6.554
2022-11-16 05:00:00-03:00,0.0,0.0,0.0,6.682
2022-11-16 06:00:00-03:00,0.03,0.023,0.023,6.756
2022-11-16 07:00:00-03:00,0.169,0.109,0.085,7.204
2022-11-16 08:00:00-03:00,0.35000000000000003,0.247,0.14400000000000002,7.895
2022-11-16 09:00:00-03:00,0.48,0.352,0.19,8.542
2022-11-16 10:00:00-03:00,0.5740000000000001,0.434,0.227,9.225
2022-11-16 11:00:00-03:00,0.623,0.46900000000000003,0.258,9.928
2022-11-16 12:00:00-03:00,0.604,0.40900000000000003,0.295,10.562
2022-11-16 13:00:00-03:00,0.709,0.529,0.319,11.211
2022-11-16 14:00:00-03:00,0.647,0.47100000000000003,0.294,11.667
2022-11-16 15:00:00-03:00,0.5650000000000001,0.37,0.28800000000000003,12.013
2022-11-16 16:00:00-03:00,0.493,0.306,0.263,12.233
2022-11-16 17:00:00-03:00,0.41100000000000003,0.245,0.224,12.287
2022-11-16 18:00:00-03:00,0.167,0.054,0.14200000000000002,11.97
2022-11-16 19:00:00-03:00,0.101,0.037,0.08700000000000001,11.746
2022-11-16 20:00:00-03:00,0.039,0.021,0.036000000000000004,11.132
2022-11-16 21:00:00-03:00,0.0,0.002,0.002,9.719
2022-11-16 22:00:00-03:00,0.0,0.0,0.0,9.068
2022-11-16 23:00:00-03:00,0.0,0.0,0.0,8.879
2022-11-17 00:00:00-03:00,0.0,0.0,0.0,8.687
2022-11-17 01:00:00-03:00,0.0,0.0,0.0,8.576
2022-11-17 02:00:00-03:00,0.0,0.0,0.0,8.472
2022-11-17 03:00:00-03:00,0.0,0.0,0.0,8.246
2022-11-17 04:00:00-03:00,0.0,0.0,0.0,7.96
2022-11-17 05:00:00-03:00,0.0,0.0,0.0,8.16
2022-11-17 06:00:00-03:00,0.005,0.003,0.011,8.782
2022-11-17 07:00:00-03:00,0.15,0.092,0.083,9.401
2022-11-17 08:00:00-03:00,0.47900000000000004,0.41200000000000003,0.133,10.159
2022-11-17 09:00:00-03:00,0.47200000000000003,0.34700000000000003,0.19,10.269
2022-11-17 10:00:00-03:00,0.485,0.316,0.23700000000000002,10.513
2022-11-17 11:00:00-03:00,0.635,0.494,0.253,11.043
2022-11-17 12:00:00-03:00,0.6910000000000001,0.557,0.268,11.408
2022-11-17 13:00:00-03:00,0.741,0.618,0.28,11.862
2022-11-17 14:00:00-03:00,0.626,0.441,0.298,11.935
2022-11-17 15:00:00-03:00,0.579,0.392,0.28400000000000003,11.773
2022-11-17 16:00:00-03:00,0.553,0.387,0.255,11.67
2022-11-17 17:00:00-03:00,0.51,0.37,0.218,11.564
2022-11-17 18:00:00-03:00,0.45,0.341,0.17200000000000001,11.319
2022-11-17 19:00:00-03:00,0.272,0.191,0.11800000000000001,10.84
2022-11-17 20:00:00-03:00,0.109,0.08,0.053,10.206
2022-11-17 21:00:00-03:00,0.012,0.018000000000000002,0.006,9.381
2022-11-17 22:00:00-03:00,0.0,0.0,0.0,8.821
2022-11-17 23:00:00-03:00,0.0,0.0,0.0,8.51
2022-11-18 00:00:00-03:00,0.0,0.0,0.0,8.116
2022-11-18 01:00:00-03:00,0.0,0.0,0.0,7.666
2022-11-18 02:00:00-03:00,0.0,0.0,0.0,7.25
2022-11-18 03:00:00-03:00,0.0,0.0,0.0,6.982
2022-11-18 04:00:00-03:00,0.0,0.0,0.0,6.841
2022-11-18 05:00:00-03:00,0.0,0.0,0.0,6.797
2022-11-18 06:00:00-03:00,0.014,0.009000000000000001,0.018000000000000002,6.957
2022-11-18 07:00:00-03:00,0.08,0.032,0.068,7.485
2022-11-18 08:00:00-03:00,0.23500000000000001,0.123,0.14200000000000002,8.367
2022-11-18 09:00:00-03:00,0.417,0.273,0.197,9.465
2022-11-18 10:00:00-03:00,0.626,0.517,0.216,10.622
2022-11-18 11:00:00-03:00,0.748,0.682,0.224,11.631
2022-11-18 12:00:00-03:00,0.711,0.594,0.263,12.26
2022-11-18 13:00:00-03:00,0.765,0.683,0.256,12.913
2022-11-18 14:00:00-03:00,0.752,0.663,0.26,13.336
2022-11-18 15:00:00-03:00,0.707,0.601,0.256,13.449
2022-11-18 16:00:00-03:00,0.578,0.428,0.253,13.442
2022-11-18 17:00:00-03:00,0.278,0.108,0.21,13.064
2022-11-18 18:00:00-03:00,0.178,0.06,0.147,12.544
2022-11-18 19:00:00-03:00,0.17200000000000001,0.091,0.109,11.892
2022-11-18 20:00:00-03:00,0.113,0.083,0.055,10.944
2022-11-18 21:00:00-03:00,0.006,0.01,0.005,9.919
2022-11-18 22:00:00-03:00,0.0,0.0,0.0,9.231
2022-11-18 23:00:00-03:00,0.0,0.0,0.0,8.644
2022-11-19 00:00:00-03:00,0.0,0.0,0.0,8.171
2022-11-19 01:00:00-03:00,0.0,0.0,0.0,7.936
2022-11-19 02:00:00-03:00,0.0,0.0,0.0,7.616
2022-11-19 03:00:00-03:00,0.0,0.0,0.0,7.282
2022-11-19 04:00:00-03:00,0.0,0.0,0.0,7.104
2022-11-19 05:00:00-03:00,0.0,0.0,0.0,6.93
2022-11-19 06:00:00-03:00,0.038,0.028,0.027,6.862
2022-11-19 07:00:00-03:00,0.195,0.13,0.091,7.211
2022-11-19 08:00:00-03:00,0.262,0.146,0.147,7.647
2022-11-19 09:00:00-03:00,0.246,0.09,0.186,8.026
2022-11-19 10:00:00-03:00,0.293,0.098,0.231,8.44
2022-11-19 11:00:00-03:00,0.375,0.14100000000000001,0.279,8.809
2022-11-19 12:00:00-03:00,0.418,0.155,0.316,8.955
2022-11-19 13:00:00-03:00,0.486,0.136,0.41500000000000004,9.061
2022-11-19 14:00:00-03:00,0.533,0.28300000000000003,0.327,9.471
2022-11-19 15:00:00-03:00,0.646,0.47600000000000003,0.28,9.793
2022-11-19 16:00:00-03:00,0.622,0.47300000000000003,0.252,9.715
2022-11-19 17:00:00-03:00,0.542,0.401,0.221,9.619
2022-11-19 18:00:00-03:00,0.486,0.377,0.17500000000000002,9.542
2022-11-19 19:00:00-03:00,0.374,0.296,0.123,8.948
2022-11-19 20:00:00-03:00,0.216,0.181,0.064,7.977
2022-11-19 21:00:00-03:00,0.007,0.011,0.006,7.167
2022-11-19 22:00:00-03:00,0.0,0.0,0.0,6.694
2022-11-19 23:00:00-03:00,0.0,0.0,0.0,6.334
2022-11-20 00:00:00-03:00,0.0,0.0,0.0,6.083
2022-11-20 01:00:00-03:00,0.0,0.0,0.0,6.0
2022-11-20 02:00:00-03:00,0.0,0.0,0.0,6.02
2022-11-20 03:00:00-03:00,0.0,0.0,0.0,6.095
2022-11-20 04:00:00-03:00,0.0,0.0,0.0,6.134
2022-11-20 05:00:00-03:00,0.0,0.0,0.0,6.173
2022-11-20 06:00:00-03:00,0.028,0.018000000000000002,0.025,6.349
2022-11-20 07:00:00-03:00,0.11800000000000001,0.058,0.082,6.877
2022-11-20 08:00:00-03:00,0.367,0.259,0.15,7.725
2022-11-20 09:00:00-03:00,0.464,0.325,0.199,8.615
2022-11-20 10:00:00-03:00,0.522,0.354,0.243,9.509
2022-11-20 11:00:00-03:00,0.592,0.41500000000000004,0.273,10.29
2022-11-20 12:00:00-03:00,0.584,0.368,0.311,10.816
2022-11-20 13:00:00-03:00,0.561,0.233,0.417,11.127
2022-11-20 14:00:00-03:00,0.481,0.219,0.333,11.398
2022-11-20 15:00:00-03:00,0.484,0.25,0.305,11.588
2022-11-20 16:00:00-03:00,0.47100000000000003,0.267,0.273,11.522
2022-11-20 17:00:00-03:00,0.425,0.252,0.232,11.125
2022-11-20 18:00:00-03:00,0.401,0.272,0.181,10.544
2022-11-20 19:00:00-03:00,0.153,0.07,0.108,9.649000000000001
2022-11-20 20:00:00-03:00,0.032,0.014,0.034,8.758
2022-11-20 21:00:00-03:00,0.001,0.003,0.004,7.967
2022-11-20 22:00:00-03:00,0.0,0.0,0.0,7.453
2022-11-20 23:00:00-03:00,0.0,0.0,0.0,7.102
2022-11-21 00:00:00-03:00,0.0,0.0,0.0,6.912
2022-11-21 01:00:00-03:00,0.0,0.0,0.0,6.714
2022-11-21 02:00:00-03:00,0.0,0.0,0.0,6.448
2022-11-21 03:00:00-03:00,0.0,0.0,0.0,6.112
2022-11-21 04:00:00-03:00,0.0,0.0,0.0,5.76
2022-11-21 05:00:00-03:00,0.0,0.001,0.001,5.429
2022-11-21 06:00:00-03:00,0.046,0.029,0.034,5.574
2022-11-21 07:00:00-03:00,0.075,0.021,0.074,6.271
2022-11-21 08:00:00-03:00,0.101,0.016,0.107,7.078
2022-11-21 09:00:00-03:00,0.08600000000000001,0.006,0.101,7.463
2022-11-21 10:00:00-03:00,0.094,0.005,0.11,7.414
2022-11-21 11:00:00-03:00,0.113,0.005,0.13,7.6
2022-11-21 12:00:00-03:00,0.131,0.005,0.149,8.365
2022-11-21 13:00:00-03:00,0.218,0.008,0.24,9.827
2022-11-21 14:00:00-03:00,0.128,0.005,0.148,10.396
2022-11-21 15:00:00-03:00,0.107,0.004,0.126,10.728
2022-11-21 16:00:00-03:00,0.094,0.004,0.113,11.296
2022-11-21 17:00:00-03:00,0.075,0.004,0.092,11.51
2022-11-21 18:00:00-03:00,0.063,0.005,0.078,11.55
2022-11-21 19:00:00-03:00,0.06,0.01,0.07,11.612
2022-11-21 20:00:00-03:00,0.044,0.017,0.045,11.329
2022-11-21 21:00:00-03:00,0.007,0.012,0.007,10.53
2022-11-21 22:00:00-03:00,0.0,0.0,0.0,9.832
2022-11-21 23:00:00-03:00,0.0,0.0,0.0,9.336
2022-11-22 00:00:00-03:00,0.0,0.0,0.0,8.844
2022-11-22 01:00:00-03:00,0.0,0.0,0.0,8.358
2022-11-22 02:00:00-03:00,0.0,0.0,0.0,8.001
2022-11-22 03:00:00-03:00,0.0,0.0,0.0,7.747
2022-11-22 04:00:00-03:00,0.0,0.0,0.0,7.557
2022-11-22 05:00:00-03:00,0.0,0.0,0.0,7.302
2022-11-22 06:00:00-03:00,0.036000000000000004,0.023,0.029,7.372
2022-11-22 07:00:00-03:00,0.177,0.11,0.094,8.105
2022-11-22 08:00:00-03:00,0.262,0.14300000000000002,0.152,9.009
2022-11-22 09:00:00-03:00,0.46,0.32,0.202,10.094
2022-11-22 10:00:00-03:00,0.394,0.194,0.253,10.905
2022-11-22 11:00:00-03:00,0.418,0.185,0.291,11.588
2022-11-22 12:00:00-03:00,0.47500000000000003,0.218,0.33,12.327
2022-11-22 13:00:00-03:00,0.5740000000000001,0.258,0.41600000000000004,13.05
2022-11-22 14:00:00-03:00,0.5760000000000001,0.35000000000000003,0.328,13.567
2022-11-22 15:00:00-03:00,0.527,0.31,0.306,13.651
2022-11-22 16:00:00-03:00,0.366,0.149,0.27,13.364
2022-11-22 17:00:00-03:00,0.357,0.17500000000000002,0.232,13.085
2022-11-22 18:00:00-03:00,0.317,0.179,0.183,12.457
2022-11-22 19:00:00-03:00,0.225,0.134,0.124,11.568
2022-11-22 20:00:00-03:00,0.226,0.19,0.069,10.605
2022-11-22 21:00:00-03:00,0.024,0.029,0.01,9.643
2022-11-22 22:00:00-03:00,0.0,0.0,0.0,9.078
2022-11-22 23:00:00-03:00,0.0,0.0,0.0,8.672
2022-11-23 00:00:00-03:00,0.0,0.0,0.0,8.295
2022-11-23 01:00:00-03:00,0.0,0.0,0.0,7.788
2022-11-23 02:00:00-03:00,0.0,0.0,0.0,7.181
2022-11-23 03:00:00-03:00,0.0,0.0,0.0,6.763
2022-11-23 04:00:00-03:00,0.0,0.0,0.0,6.483
2022-11-23 05:00:00-03:00,0.0,0.002,0.001,6.264
2022-11-23 06:00:00-03:00,0.113,0.094,0.04,6.356
2022-11-23 07:00:00-03:00,0.323,0.26,0.098,6.849
2022-11-23 08:00:00-03:00,0.445,0.34800000000000003,0.15,7.493
2022-11-23 09:00:00-03:00,0.47600000000000003,0.332,0.20500000000000002,8.157
2022-11-23 10:00:00-03:00,0.495,0.308,0.254,8.765
2022-11-23 11:00:00-03:00,0.47600000000000003,0.243,0.297,9.202
2022-11-23 12:00:00-03:00,0.436,0.16,0.332,9.077
2022-11-23 13:00:00-03:00,0.441,0.089,0.40700000000000003,8.534
2022-11-23 14:00:00-03:00,0.323,0.063,0.298,8.191
2022-11-23 15:00:00-03:00,0.294,0.062,0.267,8.243
2022-11-23 16:00:00-03:00,0.289,0.075,0.248,8.29
2022-11-23 17:00:00-03:00,0.216,0.051000000000000004,0.193,7.93
2022-11-23 18:00:00-03:00,0.229,0.08700000000000001,0.17,7.748
2022-11-23 19:00:00-03:00,0.162,0.07200000000000001,0.114,7.277
2022-11-23 20:00:00-03:00,0.093,0.056,0.058,6.64
2022-11-23 21:00:00-03:00,0.028,0.033,0.01,5.862
2022-11-23 22:00:00-03:00,0.0,0.0,0.0,5.259
2022-11-23 23:00:00-03:00,0.0,0.0,0.0,4.823
2022-11-24 00:00:00-03:00,0.0,0.0,0.0,4.546
2022-11-24 01:00:00-03:00,0.0,0.0,0.0,4.428
2022-11-24 02:00:00-03:00,0.0,0.0,0.0,4.417
2022-11-24 03:00:00-03:00,0.0,0.0,0.0,4.521
2022-11-24 04:00:00-03:00,0.0,0.0,0.0,4.748
2022-11-24 05:00:00-03:00,0.0,0.001,0.001,5.04
2022-11-24 06:00:00-03:00,0.077,0.06,0.037,5.715
2022-11-24 07:00:00-03:00,0.216,0.148,0.095,6.92
2022-11-24 08:00:00-03:00,0.41400000000000003,0.317,0.147,8.136
2022-11-24 09:00:00-03:00,0.551,0.446,0.185,9.169
2022-11-24 10:00:00-03:00,0.552,0.401,0.234,10.023
2022-11-24 11:00:00-03:00,0.537,0.34,0.278,10.671
2022-11-24 12:00:00-03:00,0.53,0.293,0.318,11.029
2022-11-24 13:00:00-03:00,0.619,0.34700000000000003,0.38,11.396
2022-11-24 14:00:00-03:00,0.592,0.375,0.317,11.669
2022-11-24 15:00:00-03:00,0.625,0.456,0.28,11.823
2022-11-24 16:00:00-03:00,0.636,0.506,0.245,11.737
2022-11-24 17:00:00-03:00,0.613,0.512,0.20800000000000002,11.433
2022-11-24 18:00:00-03:00,0.549,0.466,0.168,10.927
2022-11-24 19:00:00-03:00,0.438,0.374,0.123,10.169
2022-11-24 20:00:00-03:00,0.176,0.136,0.067,9.115
2022-11-24 21:00:00-03:00,0.006,0.008,0.007,8.05
2022-11-24 22:00:00-03:00,0.0,0.0,0.0,7.326
2022-11-24 23:00:00-03:00,0.0,0.0,0.0,6.921
2022-11-25 00:00:00-03:00,0.0,0.0,0.0,6.7780000000000005
2022-11-25 01:00:00-03:00,0.0,0.0,0.0,6.853
2022-11-25 02:00:00-03:00,0.0,0.0,0.0,6.926
2022-11-25 03:00:00-03:00,0.0,0.0,0.0,6.961
2022-11-25 04:00:00-03:00,0.0,0.0,0.0,7.016
2022-11-25 05:00:00-03:00,0.0,0.001,0.001,7.095
2022-11-25 06:00:00-03:00,0.029,0.016,0.029,7.298
2022-11-25 07:00:00-03:00,0.14,0.07,0.094,7.796
2022-11-25 08:00:00-03:00,0.314,0.189,0.163,8.547
2022-11-25 09:00:00-03:00,0.277,0.105,0.20600000000000002,8.962
2022-11-25 10:00:00-03:00,0.322,0.108,0.252,8.961
2022-11-25 11:00:00-03:00,0.358,0.11,0.291,8.911
2022-11-25 12:00:00-03:00,0.431,0.14400000000000002,0.341,9.158
2022-11-25 13:00:00-03:00,0.5,0.131,0.437,9.321
2022-11-25 14:00:00-03:00,0.439,0.145,0.35100000000000003,9.33
2022-11-25 15:00:00-03:00,0.388,0.125,0.311,9.15
2022-11-25 16:00:00-03:00,0.35000000000000003,0.117,0.275,8.915
2022-11-25 17:00:00-03:00,0.28300000000000003,0.092,0.226,8.519
2022-11-25 18:00:00-03:00,0.188,0.054,0.16,7.947
2022-11-25 19:00:00-03:00,0.123,0.041,0.105,7.549
2022-11-25 20:00:00-03:00,0.06,0.028,0.051000000000000004,7.229
2022-11-25 21:00:00-03:00,0.006,0.009000000000000001,0.007,6.749
2022-11-25 22:00:00-03:00,0.0,0.0,0.0,6.356
2022-11-25 23:00:00-03:00,0.0,0.0,0.0,6.123
2022-11-26 00:00:00-03:00,0.0,0.0,0.0,5.942
2022-11-26 01:00:00-03:00,0.0,0.0,0.0,5.759
2022-11-26 02:00:00-03:00,0.0,0.0,0.0,5.635
2022-11-26 03:00:00-03:00,0.0,0.0,0.0,5.553
2022-11-26 04:00:00-03:00,0.0,0.0,0.0,5.511
2022-11-26 05:00:00-03:00,0.0,0.002,0.001,5.515
2022-11-26 06:00:00-03:00,0.081,0.061,0.04,5.839
2022-11-26 07:00:00-03:00,0.188,0.115,0.098,6.475
2022-11-26 08:00:00-03:00,0.386,0.275,0.155,7.309
2022-11-26 09:00:00-03:00,0.5,0.365,0.2,8.226
2022-11-26 10:00:00-03:00,0.554,0.392,0.242,9.135
2022-11-26 11:00:00-03:00,0.529,0.316,0.289,9.828
2022-11-26 12:00:00-03:00,0.591,0.369,0.317,10.469
2022-11-26 13:00:00-03:00,0.655,0.401,0.372,11.025
2022-11-26 14:00:00-03:00,0.5630000000000001,0.317,0.336,11.292
2022-11-26 15:00:00-03:00,0.383,0.134,0.301,11.04
2022-11-26 16:00:00-03:00,0.371,0.148,0.271,10.961
2022-11-26 17:00:00-03:00,0.403,0.221,0.23600000000000002,10.97
2022-11-26 18:00:00-03:00,0.355,0.214,0.187,10.754
2022-11-26 19:00:00-03:00,0.391,0.312,0.13,10.362
2022-11-26 20:00:00-03:00,0.185,0.14200000000000002,0.07100000000000001,9.584
2022-11-26 21:00:00-03:00,0.02,0.023,0.011,8.618
2022-11-26 22:00:00-03:00,0.0,0.0,0.0,7.807
2022-11-26 23:00:00-03:00,0.0,0.0,0.0,7.23
2022-11-27 00:00:00-03:00,0.0,0.0,0.0,6.727
2022-11-27 01:00:00-03:00,0.0,0.0,0.0,6.394
2022-11-27 02:00:00-03:00,0.0,0.0,0.0,6.113
2022-11-27 03:00:00-03:00,0.0,0.0,0.0,5.872
2022-11-27 04:00:00-03:00,0.0,0.0,0.0,5.7780000000000005
2022-11-27 05:00:00-03:00,0.0,0.004,0.002,5.744
2022-11-27 06:00:00-03:00,0.096,0.076,0.041,6.316
2022-11-27 07:00:00-03:00,0.298,0.234,0.098,7.345
2022-11-27 08:00:00-03:00,0.452,0.364,0.146,8.53
2022-11-27 09:00:00-03:00,0.47800000000000004,0.34400000000000003,0.198,9.461
2022-11-27 10:00:00-03:00,0.663,0.5720000000000001,0.211,10.537
2022-11-27 11:00:00-03:00,0.756,0.6970000000000001,0.221,11.617
2022-11-27 12:00:00-03:00,0.808,0.78,0.221,12.573
2022-11-27 13:00:00-03:00,0.785,0.746,0.224,13.273
2022-11-27 14:00:00-03:00,0.746,0.656,0.259,13.768
2022-11-27 15:00:00-03:00,0.705,0.602,0.255,14.088
2022-11-27 16:00:00-03:00,0.634,0.515,0.244,14.168
2022-11-27 17:00:00-03:00,0.632,0.552,0.203,14.042
2022-11-27 18:00:00-03:00,0.33,0.195,0.182,13.258
2022-11-27 19:00:00-03:00,0.145,0.063,0.109,12.214
2022-11-27 20:00:00-03:00,0.043000000000000003,0.019,0.042,11.159
2022-11-27 21:00:00-03:00,0.002,0.003,0.006,10.343
2022-11-27 22:00:00-03:00,0.0,0.0,0.0,9.804
2022-11-27 23:00:00-03:00,0.0,0.0,0.0,9.384
2022-11-28 00:00:00-03:00,0.0,0.0,0.0,9.263
2022-11-28 01:00:00-03:00,0.0,0.0,0.0,9.343
2022-11-28 02:00:00-03:00,0.0,0.0,0.0,9.35
2022-11-28 03:00:00-03:00,0.0,0.0,0.0,9.216
2022-11-28 04:00:00-03:00,0.0,0.0,0.0,9.066
2022-11-28 05:00:00-03:00,0.0,0.001,0.001,9.191
2022-11-28 06:00:00-03:00,0.013000000000000001,0.005,0.021,9.597
2022-11-28 07:00:00-03:00,0.039,0.006,0.05,10.131
2022-11-28 08:00:00-03:00,0.093,0.014,0.10200000000000001,10.844
2022-11-28 09:00:00-03:00,0.178,0.033,0.17500000000000002,11.72
2022-11-28 10:00:00-03:00,0.213,0.033,0.212,12.356
2022-11-28 11:00:00-03:00,0.29,0.055,0.277,12.995
2022-11-28 12:00:00-03:00,0.28700000000000003,0.038,0.291,13.165
2022-11-28 13:00:00-03:00,0.364,0.038,0.378,13.217
2022-11-28 14:00:00-03:00,0.28200000000000003,0.033,0.289,13.115
2022-11-28 15:00:00-03:00,0.166,0.011,0.184,12.646
2022-11-28 16:00:00-03:00,0.161,0.014,0.17500000000000002,12.264
2022-11-28 17:00:00-03:00,0.18,0.026000000000000002,0.183,11.773
2022-11-28 18:00:00-03:00,0.129,0.02,0.134,11.005
2022-11-28 19:00:00-03:00,0.146,0.051000000000000004,0.121,10.235
2022-11-28 20:00:00-03:00,0.08700000000000001,0.044,0.065,9.051
2022-11-28 21:00:00-03:00,0.043000000000000003,0.048,0.013000000000000001,7.626
2022-11-28 22:00:00-03:00,0.0,0.0,0.0,6.279
2022-11-28 23:00:00-03:00,0.0,0.0,0.0,5.281
2022-11-29 00:00:00-03:00,0.0,0.0,0.0,4.757
2022-11-29 01:00:00-03:00,0.0,0.0,0.0,4.577
2022-11-29 02:00:00-03:00,0.0,0.0,0.0,4.5
2022-11-29 03:00:00-03:00,0.0,0.0,0.0,4.434
2022-11-29 04:00:00-03:00,0.0,0.0,0.0,4.324
2022-11-29 05:00:00-03:00,0.001,0.006,0.002,4.224
2022-11-29 06:00:00-03:00,0.113,0.089,0.044,4.482
2022-11-29 07:00:00-03:00,0.271,0.197,0.10200000000000001,5.169
2022-11-29 08:00:00-03:00,0.41100000000000003,0.30000000000000004,0.155,5.985
2022-11-29 09:00:00-03:00,0.515,0.38,0.199,6.97
2022-11-29 10:00:00-03:00,0.543,0.372,0.245,7.814
2022-11-29 11:00:00-03:00,0.492,0.263,0.294,8.427
2022-11-29 12:00:00-03:00,0.511,0.248,0.333,8.907
2022-11-29 13:00:00-03:00,0.623,0.334,0.39,9.356
2022-11-29 14:00:00-03:00,0.603,0.371,0.328,9.702
2022-11-29 15:00:00-03:00,0.5700000000000001,0.355,0.302,9.819
2022-11-29 16:00:00-03:00,0.511,0.309,0.275,9.738
2022-11-29 17:00:00-03:00,0.47500000000000003,0.305,0.234,9.565
2022-11-29 18:00:00-03:00,0.431,0.30000000000000004,0.186,9.143
2022-11-29 19:00:00-03:00,0.386,0.30000000000000004,0.132,8.515
2022-11-29 20:00:00-03:00,0.202,0.155,0.074,7.767
2022-11-29 21:00:00-03:00,0.035,0.038,0.013000000000000001,7.025
2022-11-29 22:00:00-03:00,0.0,0.0,0.0,6.539
2022-11-29 23:00:00-03:00,0.0,0.0,0.0,6.358
2022-11-30 00:00:00-03:00,0.0,0.0,0.0,6.349
2022-11-30 01:00:00-03:00,0.0,0.0,0.0,6.345
2022-11-30 02:00:00-03:00,0.0,0.0,0.0,6.42
2022-11-30 03:00:00-03:00,0.0,0.0,0.0,6.547
2022-11-30 04:00:00-03:00,0.0,0.0,0.0,6.691
2022-11-30 05:00:00-03:00,0.0,0.002,0.002,6.804
2022-11-30 06:00:00-03:00,0.035,0.019,0.032,6.872
2022-11-30 07:00:00-03:00,0.193,0.117,0.101,7.14
2022-11-30 08:00:00-03:00,0.375,0.258,0.159,7.602
2022-11-30 09:00:00-03:00,0.428,0.269,0.211,8.164
2022-11-30 10:00:00-03:00,0.5750000000000001,0.418,0.242,8.886
2022-11-30 11:00:00-03:00,0.64,0.47800000000000004,0.269,9.475
2022-11-30 12:00:00-03:00,0.646,0.45,0.306,9.889
2022-11-30 13:00:00-03:00,0.672,0.43,0.362,10.119
2022-11-30 14:00:00-03:00,0.634,0.418,0.324,10.223
2022-11-30 15:00:00-03:00,0.553,0.328,0.31,10.127
2022-11-30 16:00:00-03:00,0.47900000000000004,0.264,0.281,9.986
2022-11-30 17:00:00-03:00,0.367,0.17500000000000002,0.23800000000000002,9.773
2022-11-30 18:00:00-03:00,0.28700000000000003,0.138,0.185,9.477
2022-11-30 19:00:00-03:00,0.316,0.219,0.135,9.215
2022-11-30 20:00:00-03:00,0.193,0.145,0.075,8.727
2022-11-30 21:00:00-03:00,0.047,0.048,0.017,8.03
2022-11-30 22:00:00-03:00,0.0,0.0,0.0,7.52
2022-11-30 23:00:00-03:00,0.0,0.0,0.0,7.309
2022-12-01 00:00:00-03:00,0.0,0.0,0.0,7.203
2022-12-01 01:00:00-03:00,0.0,0.0,0.0,7.145
2022-12-01 02:00:00-03:00,0.0,0.0,0.0,7.19
2022-12-01 03:00:00-03:00,0.0,0.0,0.0,7.216
2022-12-01 04:00:00-03:00,0.0,0.0,0.0,7.25
2022-12-01 05:00:00-03:00,0.0,0.001,0.002,7.298
2022-12-01 06:00:00-03:00,0.023,0.009000000000000001,0.029,7.626
2022-12-01 07:00:00-03:00,0.124,0.049,0.097,8.319
2022-12-01 08:00:00-03:00,0.215,0.082,0.162,9.122
2022-12-01 09:00:00-03:00,0.318,0.131,0.227,10.022
2022-12-01 10:00:00-03:00,0.321,0.097,0.266,10.783
2022-12-01 11:00:00-03:00,0.289,0.053,0.275,11.183
2022-12-01 12:00:00-03:00,0.217,0.017,0.232,10.92
2022-12-01 13:00:00-03:00,0.232,0.01,0.254,10.207
2022-12-01 14:00:00-03:00,0.164,0.008,0.183,9.594
2022-12-01 15:00:00-03:00,0.197,0.016,0.21,9.758
2022-12-01 16:00:00-03:00,0.184,0.019,0.194,10.198
2022-12-01 17:00:00-03:00,0.113,0.009000000000000001,0.128,10.001
2022-12-01 18:00:00-03:00,0.12,0.017,0.127,9.922
2022-12-01 19:00:00-03:00,0.132,0.041,0.116,10.218
2022-12-01 20:00:00-03:00,0.065,0.026000000000000002,0.059000000000000004,10.243
2022-12-01 21:00:00-03:00,0.022,0.025,0.012,9.898
2022-12-01 22:00:00-03:00,0.0,0.0,0.0,9.51
2022-12-01 23:00:00-03:00,0.0,0.0,0.0,9.253
2022-12-02 00:00:00-03:00,0.0,0.0,0.0,9.028
2022-12-02 01:00:00-03:00,0.0,0.0,0.0,8.857
2022-12-02 02:00:00-03:00,0.0,0.0,0.0,8.728
2022-12-02 03:00:00-03:00,0.0,0.0,0.0,8.592
2022-12-02 04:00:00-03:00,0.0,0.0,0.0,8.49
2022-12-02 05:00:00-03:00,0.005,0.01,0.003,8.441
2022-12-02 06:00:00-03:00,0.11,0.08600000000000001,0.047,8.791
2022-12-02 07:00:00-03:00,0.266,0.196,0.105,9.516
2022-12-02 08:00:00-03:00,0.384,0.276,0.158,10.372
2022-12-02 09:00:00-03:00,0.521,0.403,0.198,11.336
2022-12-02 10:00:00-03:00,0.625,0.512,0.226,12.245
2022-12-02 11:00:00-03:00,0.604,0.44,0.273,12.809
2022-12-02 12:00:00-03:00,0.653,0.485,0.295,13.143
2022-12-02 13:00:00-03:00,0.662,0.439,0.353,12.86
2022-12-02 14:00:00-03:00,0.626,0.419,0.321,12.304
2022-12-02 15:00:00-03:00,0.606,0.417,0.294,11.841
2022-12-02 16:00:00-03:00,0.539,0.35100000000000003,0.272,11.233
2022-12-02 17:00:00-03:00,0.45,0.274,0.23700000000000002,10.281
2022-12-02 18:00:00-03:00,0.41200000000000003,0.277,0.188,9.568
2022-12-02 19:00:00-03:00,0.41000000000000003,0.328,0.133,9.057
2022-12-02 20:00:00-03:00,0.198,0.149,0.076,8.32
2022-12-02 21:00:00-03:00,0.048,0.049,0.017,7.389
2022-12-02 22:00:00-03:00,0.0,0.0,0.0,6.51
2022-12-02 23:00:00-03:00,0.0,0.0,0.0,5.925
2022-12-03 00:00:00-03:00,0.0,0.0,0.0,5.457
2022-12-03 01:00:00-03:00,0.0,0.0,0.0,5.047
2022-12-03 02:00:00-03:00,0.0,0.0,0.0,4.711
2022-12-03 03:00:00-03:00,0.0,0.0,0.0,4.44
2022-12-03 04:00:00-03:00,0.0,0.0,0.0,4.33
2022-12-03 05:00:00-03:00,0.002,0.006,0.003,4.322
2022-12-03 06:00:00-03:00,0.094,0.066,0.048,4.777
2022-12-03 07:00:00-03:00,0.241,0.158,0.11,5.482
2022-12-03 08:00:00-03:00,0.364,0.23500000000000001,0.168,6.343
2022-12-03 09:00:00-03:00,0.468,0.307,0.218,7.231
2022-12-03 10:00:00-03:00,0.449,0.234,0.27,7.994
2022-12-03 11:00:00-03:00,0.504,0.261,0.311,8.555
2022-12-03 12:00:00-03:00,0.527,0.248,0.353,8.959
2022-12-03 13:00:00-03:00,0.527,0.161,0.439,8.948
2022-12-03 14:00:00-03:00,0.332,0.057,0.314,8.544
2022-12-03 15:00:00-03:00,0.26,0.038,0.253,8.208
2022-12-03 16:00:00-03:00,0.26,0.051000000000000004,0.241,8.032
2022-12-03 17:00:00-03:00,0.251,0.065,0.216,7.913
2022-12-03 18:00:00-03:00,0.23900000000000002,0.08600000000000001,0.182,7.696
2022-12-03 19:00:00-03:00,0.194,0.09,0.131,7.319
2022-12-03 20:00:00-03:00,0.10200000000000001,0.055,0.068,6.803
2022-12-03 21:00:00-03:00,0.037,0.038,0.016,6.1370000000000005
2022-12-03 22:00:00-03:00,0.0,0.0,0.0,5.518
2022-12-03 23:00:00-03:00,0.0,0.0,0.0,5.188
2022-12-04 00:00:00-03:00,0.0,0.0,0.0,4.963
2022-12-04 01:00:00-03:00,0.0,0.0,0.0,4.818
2022-12-04 02:00:00-03:00,0.0,0.0,0.0,4.696
2022-12-04 03:00:00-03:00,0.0,0.0,0.0,4.617
2022-12-04 04:00:00-03:00,0.0,0.0,0.0,4.627
2022-12-04 05:00:00-03:00,0.0,0.002,0.002,4.729
2022-12-04 06:00:00-03:00,0.047,0.026000000000000002,0.039,5.079
2022-12-04 07:00:00-03:00,0.062,0.015,0.066,5.6129999999999995
2022-12-04 08:00:00-03:00,0.121,0.025,0.11800000000000001,6.329
2022-12-04 09:00:00-03:00,0.396,0.219,0.223,7.656
2022-12-04 10:00:00-03:00,0.517,0.323,0.265,8.77
2022-12-04 11:00:00-03:00,0.589,0.384,0.297,9.617
2022-12-04 12:00:00-03:00,0.582,0.33,0.343,9.997
2022-12-04 13:00:00-03:00,0.495,0.13,0.434,9.971
2022-12-04 14:00:00-03:00,0.439,0.136,0.362,10.317
2022-12-04 15:00:00-03:00,0.464,0.199,0.33,10.65
2022-12-04 16:00:00-03:00,0.446,0.214,0.294,10.8
2022-12-04 17:00:00-03:00,0.41200000000000003,0.216,0.251,10.698
2022-12-04 18:00:00-03:00,0.315,0.158,0.197,10.314
2022-12-04 19:00:00-03:00,0.194,0.091,0.131,9.579
2022-12-04 20:00:00-03:00,0.155,0.10300000000000001,0.078,8.624
2022-12-04 21:00:00-03:00,0.053,0.053,0.018000000000000002,7.521
2022-12-04 22:00:00-03:00,0.0,0.0,0.0,6.755
2022-12-04 23:00:00-03:00,0.0,0.0,0.0,6.3
2022-12-05 00:00:00-03:00,0.0,0.0,0.0,5.928
2022-12-05 01:00:00-03:00,0.0,0.0,0.0,5.599
2022-12-05 02:00:00-03:00,0.0,0.0,0.0,5.324
2022-12-05 03:00:00-03:00,0.0,0.0,0.0,5.084
2022-12-05 04:00:00-03:00,0.0,0.0,0.0,4.854
2022-12-05 05:00:00-03:00,0.003,0.008,0.004,4.629
2022-12-05 06:00:00-03:00,0.109,0.079,0.05,4.782
2022-12-05 07:00:00-03:00,0.253,0.17,0.111,5.227
2022-12-05 08:00:00-03:00,0.324,0.19,0.168,5.774
2022-12-05 09:00:00-03:00,0.41300000000000003,0.23800000000000002,0.221,6.5120000000000005
2022-12-05 10:00:00-03:00,0.445,0.229,0.269,7.133
2022-12-05 11:00:00-03:00,0.43,0.17300000000000001,0.308,7.583
2022-12-05 12:00:00-03:00,0.526,0.247,0.35000000000000003,8.178
2022-12-05 13:00:00-03:00,0.596,0.261,0.425,8.585
2022-12-05 14:00:00-03:00,0.518,0.223,0.366,8.714
2022-12-05 15:00:00-03:00,0.465,0.198,0.327,8.611
2022-12-05 16:00:00-03:00,0.40900000000000003,0.17,0.289,8.422
2022-12-05 17:00:00-03:00,0.326,0.125,0.23900000000000002,8.105
2022-12-05 18:00:00-03:00,0.24,0.088,0.181,7.68
2022-12-05 19:00:00-03:00,0.224,0.116,0.136,7.24
2022-12-05 20:00:00-03:00,0.116,0.066,0.07200000000000001,6.665
2022-12-05 21:00:00-03:00,0.031,0.031,0.016,5.798
2022-12-05 22:00:00-03:00,0.0,0.0,0.0,5.096
2022-12-05 23:00:00-03:00,0.0,0.0,0.0,4.705
2022-12-06 00:00:00-03:00,0.0,0.0,0.0,4.367
2022-12-06 01:00:00-03:00,0.0,0.0,0.0,4.065
2022-12-06 02:00:00-03:00,0.0,0.0,0.0,3.808
2022-12-06 03:00:00-03:00,0.0,0.0,0.0,3.582
2022-12-06 04:00:00-03:00,0.0,0.0,0.0,3.376
2022-12-06 05:00:00-03:00,0.0,0.002,0.002,3.257
2022-12-06 06:00:00-03:00,0.025,0.01,0.029,3.301
2022-12-06 07:00:00-03:00,0.069,0.017,0.07,3.37
2022-12-06 08:00:00-03:00,0.128,0.027,0.122,3.609
2022-12-06 09:00:00-03:00,0.20600000000000002,0.046,0.184,4.039
2022-12-06 10:00:00-03:00,0.319,0.095,0.256,4.785
2022-12-06 11:00:00-03:00,0.46900000000000003,0.20500000000000002,0.317,5.816
2022-12-06 12:00:00-03:00,0.436,0.132,0.352,6.075
2022-12-06 13:00:00-03:00,0.498,0.122,0.436,6.205
2022-12-06 14:00:00-03:00,0.512,0.2,0.375,6.674
2022-12-06 15:00:00-03:00,0.501,0.228,0.335,6.99
2022-12-06 16:00:00-03:00,0.491,0.254,0.297,7.159
2022-12-06 17:00:00-03:00,0.485,0.292,0.252,7.298
2022-12-06 18:00:00-03:00,0.487,0.35000000000000003,0.197,7.139
2022-12-06 19:00:00-03:00,0.41200000000000003,0.314,0.14400000000000002,6.55
2022-12-06 20:00:00-03:00,0.158,0.101,0.08,5.681
2022-12-06 21:00:00-03:00,0.097,0.099,0.018000000000000002,4.711
2022-12-06 22:00:00-03:00,0.0,0.0,0.0,3.62
2022-12-06 23:00:00-03:00,0.0,0.0,0.0,2.887
2022-12-07 00:00:00-03:00,0.0,0.0,0.0,2.503
2022-12-07 01:00:00-03:00,0.0,0.0,0.0,2.292
2022-12-07 02:00:00-03:00,0.0,0.0,0.0,1.92
2022-12-07 03:00:00-03:00,0.0,0.0,0.0,1.713
2022-12-07 04:00:00-03:00,0.0,0.0,0.0,1.5150000000000001
2022-12-07 05:00:00-03:00,0.02,0.028,0.005,1.31
2022-12-07 06:00:00-03:00,0.185,0.156,0.05,2.444
2022-12-07 07:00:00-03:00,0.455,0.40800000000000003,0.093,3.689
2022-12-07 08:00:00-03:00,0.625,0.585,0.123,4.642
2022-12-07 09:00:00-03:00,0.717,0.681,0.153,5.755
2022-12-07 10:00:00-03:00,0.79,0.768,0.17400000000000002,6.916
2022-12-07 11:00:00-03:00,0.855,0.862,0.183,8.094
2022-12-07 12:00:00-03:00,0.873,0.895,0.184,9.176
2022-12-07 13:00:00-03:00,0.853,0.906,0.149,10.085
2022-12-07 14:00:00-03:00,0.874,0.908,0.185,10.75
2022-12-07 15:00:00-03:00,0.869,0.898,0.19,11.218
2022-12-07 16:00:00-03:00,0.845,0.873,0.178,11.492
2022-12-07 17:00:00-03:00,0.796,0.8180000000000001,0.159,11.53
2022-12-07 18:00:00-03:00,0.6950000000000001,0.6890000000000001,0.14100000000000001,11.215
2022-12-07 19:00:00-03:00,0.529,0.491,0.117,10.568
2022-12-07 20:00:00-03:00,0.318,0.28,0.077,9.64
2022-12-07 21:00:00-03:00,0.153,0.156,0.021,7.904
2022-12-07 22:00:00-03:00,0.0,0.0,0.0,6.336
2022-12-07 23:00:00-03:00,0.0,0.0,0.0,5.421
2022-12-08 00:00:00-03:00,0.0,0.0,0.0,4.629
2022-12-08 01:00:00-03:00,0.0,0.0,0.0,4.014
2022-12-08 02:00:00-03:00,0.0,0.0,0.0,3.446
2022-12-08 03:00:00-03:00,0.0,0.0,0.0,2.983
2022-12-08 04:00:00-03:00,0.0,0.0,0.0,2.599
2022-12-08 05:00:00-03:00,0.029,0.039,0.005,2.373
2022-12-08 06:00:00-03:00,0.28700000000000003,0.264,0.05,3.578
2022-12-08 07:00:00-03:00,0.528,0.501,0.088,4.696
2022-12-08 08:00:00-03:00,0.666,0.646,0.11900000000000001,5.747
2022-12-08 09:00:00-03:00,0.752,0.741,0.147,6.96
2022-12-08 10:00:00-03:00,0.802,0.794,0.17200000000000001,8.18
2022-12-08 11:00:00-03:00,0.836,0.834,0.19,9.43
2022-12-08 12:00:00-03:00,0.849,0.856,0.195,10.555
2022-12-08 13:00:00-03:00,0.833,0.865,0.167,11.423
2022-12-08 14:00:00-03:00,0.849,0.865,0.197,12.082
2022-12-08 15:00:00-03:00,0.842,0.854,0.2,12.508
2022-12-08 16:00:00-03:00,0.803,0.804,0.191,12.667
2022-12-08 17:00:00-03:00,0.735,0.718,0.17500000000000002,12.546
2022-12-08 18:00:00-03:00,0.647,0.617,0.151,12.155
2022-12-08 19:00:00-03:00,0.459,0.4,0.126,11.498
2022-12-08 20:00:00-03:00,0.233,0.187,0.078,10.632
2022-12-08 21:00:00-03:00,0.081,0.081,0.021,9.312
2022-12-08 22:00:00-03:00,0.0,0.0,0.0,7.977
2022-12-08 23:00:00-03:00,0.0,0.0,0.0,7.165
2022-12-09 00:00:00-03:00,0.0,0.0,0.0,6.389
2022-12-09 01:00:00-03:00,0.0,0.0,0.0,5.697
2022-12-09 02:00:00-03:00,0.0,0.0,0.0,5.163
2022-12-09 03:00:00-03:00,0.0,0.0,0.0,4.758
2022-12-09 04:00:00-03:00,0.0,0.0,0.0,4.513
2022-12-09 05:00:00-03:00,0.008,0.014,0.005,4.418
2022-12-09 06:00:00-03:00,0.096,0.066,0.05,5.028
2022-12-09 07:00:00-03:00,0.23700000000000002,0.153,0.111,5.567
2022-12-09 08:00:00-03:00,0.401,0.279,0.165,6.327
2022-12-09 09:00:00-03:00,0.554,0.427,0.203,7.485
2022-12-09 10:00:00-03:00,0.5760000000000001,0.41000000000000003,0.25,8.554
2022-12-09 11:00:00-03:00,0.5710000000000001,0.363,0.295,9.419
2022-12-09 12:00:00-03:00,0.586,0.34500000000000003,0.334,10.12
2022-12-09 13:00:00-03:00,0.6950000000000001,0.483,0.34500000000000003,10.829
2022-12-09 14:00:00-03:00,0.678,0.49,0.316,11.338
2022-12-09 15:00:00-03:00,0.612,0.41400000000000003,0.304,11.725
2022-12-09 16:00:00-03:00,0.581,0.405,0.274,11.859
2022-12-09 17:00:00-03:00,0.426,0.23900000000000002,0.247,11.615
2022-12-09 18:00:00-03:00,0.421,0.28300000000000003,0.196,11.117
2022-12-09 19:00:00-03:00,0.234,0.129,0.137,10.133
2022-12-09 20:00:00-03:00,0.124,0.073,0.075,8.97
2022-12-09 21:00:00-03:00,0.04,0.038,0.019,7.7219999999999995
2022-12-09 22:00:00-03:00,0.0,0.0,0.0,6.562
2022-12-09 23:00:00-03:00,0.0,0.0,0.0,5.76
2022-12-10 00:00:00-03:00,0.0,0.0,0.0,5.171
2022-12-10 01:00:00-03:00,0.0,0.0,0.0,4.554
2022-12-10 02:00:00-03:00,0.0,0.0,0.0,4.291
2022-12-10 03:00:00-03:00,0.0,0.0,0.0,3.977
2022-12-10 04:00:00-03:00,0.0,0.0,0.0,3.7
2022-12-10 05:00:00-03:00,0.018000000000000002,0.026000000000000002,0.005,3.748
2022-12-10 06:00:00-03:00,0.17400000000000002,0.14400000000000002,0.053,4.545
2022-12-10 07:00:00-03:00,0.455,0.406,0.098,5.283
2022-12-10 08:00:00-03:00,0.593,0.539,0.135,6.244
2022-12-10 09:00:00-03:00,0.636,0.556,0.177,7.34
2022-12-10 10:00:00-03:00,0.753,0.708,0.19,8.612
2022-12-10 11:00:00-03:00,0.786,0.74,0.212,9.855
2022-12-10 12:00:00-03:00,0.772,0.7000000000000001,0.23700000000000002,10.822
2022-12-10 13:00:00-03:00,0.78,0.727,0.227,11.606
2022-12-10 14:00:00-03:00,0.764,0.686,0.248,12.126
2022-12-10 15:00:00-03:00,0.781,0.733,0.228,12.474
2022-12-10 16:00:00-03:00,0.742,0.6880000000000001,0.215,12.541
2022-12-10 17:00:00-03:00,0.7000000000000001,0.653,0.189,12.256
2022-12-10 18:00:00-03:00,0.6900000000000001,0.677,0.147,11.621
2022-12-10 19:00:00-03:00,0.5690000000000001,0.541,0.11800000000000001,10.69
2022-12-10 20:00:00-03:00,0.276,0.229,0.081,9.549
2022-12-10 21:00:00-03:00,0.062,0.057,0.024,8.305
2022-12-10 22:00:00-03:00,0.0,0.0,0.0,7.0
2022-12-10 23:00:00-03:00,0.0,0.0,0.0,6.04
2022-12-11 00:00:00-03:00,0.0,0.0,0.0,5.327
2022-12-11 01:00:00-03:00,0.0,0.0,0.0,4.736
2022-12-11 02:00:00-03:00,0.0,0.0,0.0,4.246
2022-12-11 03:00:00-03:00,0.0,0.0,0.0,3.946
2022-12-11 04:00:00-03:00,0.0,0.0,0.0,3.701
2022-12-11 05:00:00-03:00,0.025,0.033,0.006,3.547
2022-12-11 06:00:00-03:00,0.212,0.179,0.058,4.845
2022-12-11 07:00:00-03:00,0.396,0.327,0.111,5.917
2022-12-11 08:00:00-03:00,0.47800000000000004,0.371,0.164,6.848
2022-12-11 09:00:00-03:00,0.647,0.56,0.191,8.062
2022-12-11 10:00:00-03:00,0.641,0.504,0.242,9.204
2022-12-11 11:00:00-03:00,0.535,0.303,0.311,10.111
2022-12-11 12:00:00-03:00,0.538,0.265,0.356,10.866
2022-12-11 13:00:00-03:00,0.5660000000000001,0.223,0.435,11.461
2022-12-11 14:00:00-03:00,0.516,0.219,0.377,11.971
2022-12-11 15:00:00-03:00,0.46,0.195,0.334,12.319
2022-12-11 16:00:00-03:00,0.292,0.07,0.262,12.247
2022-12-11 17:00:00-03:00,0.192,0.034,0.189,12.032
2022-12-11 18:00:00-03:00,0.14,0.026000000000000002,0.14,11.72
2022-12-11 19:00:00-03:00,0.096,0.023,0.097,11.15
2022-12-11 20:00:00-03:00,0.046,0.015,0.05,10.278
2022-12-11 21:00:00-03:00,0.011,0.008,0.015,9.335
2022-12-11 22:00:00-03:00,0.0,0.0,0.0,8.515
2022-12-11 23:00:00-03:00,0.0,0.0,0.0,8.067
2022-12-12 00:00:00-03:00,0.0,0.0,0.0,7.604
2022-12-12 01:00:00-03:00,0.0,0.0,0.0,7.351
2022-12-12 02:00:00-03:00,0.0,0.0,0.0,7.203
2022-12-12 03:00:00-03:00,0.0,0.0,0.0,6.997
2022-12-12 04:00:00-03:00,0.0,0.0,0.0,6.668
2022-12-12 05:00:00-03:00,0.004,0.008,0.005,6.277
2022-12-12 06:00:00-03:00,0.095,0.061,0.055,6.55
2022-12-12 07:00:00-03:00,0.195,0.10200000000000001,0.11800000000000001,7.072
2022-12-12 08:00:00-03:00,0.151,0.034,0.14100000000000001,7.568
2022-12-12 09:00:00-03:00,0.148,0.019,0.154,8.099
2022-12-12 10:00:00-03:00,0.212,0.029,0.212,8.84
2022-12-12 11:00:00-03:00,0.226,0.024,0.232,9.363
2022-12-12 12:00:00-03:00,0.28,0.031,0.28500000000000003,9.523
2022-12-12 13:00:00-03:00,0.377,0.041,0.384,9.894
2022-12-12 14:00:00-03:00,0.361,0.058,0.35000000000000003,10.513
2022-12-12 15:00:00-03:00,0.301,0.048,0.293,10.985
2022-12-12 16:00:00-03:00,0.20700000000000002,0.023,0.215,11.198
2022-12-12 17:00:00-03:00,0.10300000000000001,0.007,0.12,11.14
2022-12-12 18:00:00-03:00,0.113,0.014,0.124,11.335
2022-12-12 19:00:00-03:00,0.188,0.076,0.14100000000000001,11.408
2022-12-12 20:00:00-03:00,0.161,0.1,0.088,10.776
2022-12-12 21:00:00-03:00,0.044,0.041,0.022,9.723
2022-12-12 22:00:00-03:00,0.0,0.0,0.0,8.767
2022-12-12 23:00:00-03:00,0.0,0.0,0.0,8.073
2022-12-13 00:00:00-03:00,0.0,0.0,0.0,7.622
2022-12-13 01:00:00-03:00,0.0,0.0,0.0,7.432
2022-12-13 02:00:00-03:00,0.0,0.0,0.0,7.315
2022-12-13 03:00:00-03:00,0.0,0.0,0.0,7.16
2022-12-13 04:00:00-03:00,0.0,0.0,0.0,6.856
2022-12-13 05:00:00-03:00,0.007,0.012,0.005,6.481
2022-12-13 06:00:00-03:00,0.11800000000000001,0.08700000000000001,0.052000000000000005,6.433
2022-12-13 07:00:00-03:00,0.403,0.343,0.105,6.8260000000000005
2022-12-13 08:00:00-03:00,0.514,0.429,0.15,7.401
2022-12-13 09:00:00-03:00,0.587,0.481,0.192,7.976
2022-12-13 10:00:00-03:00,0.634,0.506,0.229,8.639
2022-12-13 11:00:00-03:00,0.681,0.547,0.255,9.487
2022-12-13 12:00:00-03:00,0.744,0.635,0.259,10.33
2022-12-13 13:00:00-03:00,0.782,0.713,0.23900000000000002,10.745
2022-12-13 14:00:00-03:00,0.784,0.71,0.246,11.032
2022-12-13 15:00:00-03:00,0.767,0.6920000000000001,0.241,11.186
2022-12-13 16:00:00-03:00,0.732,0.656,0.225,11.154
2022-12-13 17:00:00-03:00,0.668,0.589,0.202,10.914
2022-12-13 18:00:00-03:00,0.501,0.389,0.184,10.375
2022-12-13 19:00:00-03:00,0.356,0.261,0.14,9.682
2022-12-13 20:00:00-03:00,0.249,0.196,0.084,8.942
2022-12-13 21:00:00-03:00,0.07100000000000001,0.064,0.026000000000000002,7.989
2022-12-13 22:00:00-03:00,0.0,0.0,0.0,7.02
2022-12-13 23:00:00-03:00,0.0,0.0,0.0,6.547
2022-12-14 00:00:00-03:00,0.0,0.0,0.0,6.225
2022-12-14 01:00:00-03:00,0.0,0.0,0.0,5.894
2022-12-14 02:00:00-03:00,0.0,0.0,0.0,5.572
2022-12-14 03:00:00-03:00,0.0,0.0,0.0,5.483
2022-12-14 04:00:00-03:00,0.0,0.0,0.0,5.477
2022-12-14 05:00:00-03:00,0.001,0.004,0.004,5.506
2022-12-14 06:00:00-03:00,0.031,0.013000000000000001,0.034,5.828
2022-12-14 07:00:00-03:00,0.091,0.027,0.084,6.277
2022-12-14 08:00:00-03:00,0.177,0.054,0.148,6.975
2022-12-14 09:00:00-03:00,0.28,0.097,0.215,7.799
2022-12-14 10:00:00-03:00,0.445,0.224,0.278,8.73
2022-12-14 11:00:00-03:00,0.51,0.264,0.318,9.745
2022-12-14 12:00:00-03:00,0.554,0.28300000000000003,0.357,10.727
2022-12-14 13:00:00-03:00,0.606,0.28200000000000003,0.426,11.18
2022-12-14 14:00:00-03:00,0.487,0.17500000000000002,0.382,11.007
2022-12-14 15:00:00-03:00,0.509,0.247,0.338,10.911
2022-12-14 16:00:00-03:00,0.54,0.329,0.294,10.81
2022-12-14 17:00:00-03:00,0.504,0.325,0.252,10.595
2022-12-14 18:00:00-03:00,0.399,0.245,0.20500000000000002,10.271
2022-12-14 19:00:00-03:00,0.277,0.165,0.148,9.651
2022-12-14 20:00:00-03:00,0.135,0.078,0.081,8.896
2022-12-14 21:00:00-03:00,0.023,0.018000000000000002,0.02,8.136
2022-12-14 22:00:00-03:00,0.0,0.0,0.0,7.609
2022-12-14 23:00:00-03:00,0.0,0.0,0.0,7.373
2022-12-15 00:00:00-03:00,0.0,0.0,0.0,7.323
2022-12-15 01:00:00-03:00,0.0,0.0,0.0,7.34
2022-12-15 02:00:00-03:00,0.0,0.0,0.0,7.302
2022-12-15 03:00:00-03:00,0.0,0.0,0.0,7.191
2022-12-15 04:00:00-03:00,0.0,0.0,0.0,7.296
2022-12-15 05:00:00-03:00,0.0,0.002,0.003,7.667
2022-12-15 06:00:00-03:00,0.02,0.006,0.028,8.277
2022-12-15 07:00:00-03:00,0.085,0.022,0.084,9.092
2022-12-15 08:00:00-03:00,0.179,0.053,0.154,10.102
2022-12-15 09:00:00-03:00,0.26,0.079,0.217,11.06
2022-12-15 10:00:00-03:00,0.274,0.062,0.25,11.786
2022-12-15 11:00:00-03:00,0.28600000000000003,0.05,0.276,12.308
2022-12-15 12:00:00-03:00,0.324,0.051000000000000004,0.318,12.666
2022-12-15 13:00:00-03:00,0.5640000000000001,0.20400000000000001,0.459,13.305
2022-12-15 14:00:00-03:00,0.49,0.17,0.399,13.5
2022-12-15 15:00:00-03:00,0.40900000000000003,0.127,0.343,13.543
2022-12-15 16:00:00-03:00,0.375,0.127,0.303,13.481
2022-12-15 17:00:00-03:00,0.34,0.13,0.259,13.34
2022-12-15 18:00:00-03:00,0.201,0.053,0.179,12.874
2022-12-15 19:00:00-03:00,0.125,0.034,0.117,12.256
2022-12-15 20:00:00-03:00,0.052000000000000005,0.015,0.056,11.364
2022-12-15 21:00:00-03:00,0.005,0.003,0.011,10.488
2022-12-15 22:00:00-03:00,0.0,0.0,0.0,9.846
2022-12-15 23:00:00-03:00,0.0,0.0,0.0,9.413
2022-12-16 00:00:00-03:00,0.0,0.0,0.0,9.126
2022-12-16 01:00:00-03:00,0.0,0.0,0.0,8.943
2022-12-16 02:00:00-03:00,0.0,0.0,0.0,8.804
2022-12-16 03:00:00-03:00,0.0,0.0,0.0,8.763
2022-12-16 04:00:00-03:00,0.0,0.0,0.0,8.72
2022-12-16 05:00:00-03:00,0.002,0.004,0.005,8.639
2022-12-16 06:00:00-03:00,0.042,0.017,0.043000000000000003,9.041
2022-12-16 07:00:00-03:00,0.061,0.01,0.07100000000000001,9.698
2022-12-16 08:00:00-03:00,0.066,0.005,0.081,10.193
2022-12-16 09:00:00-03:00,0.084,0.005,0.101,10.638
2022-12-16 10:00:00-03:00,0.10400000000000001,0.005,0.122,11.111
2022-12-16 11:00:00-03:00,0.10400000000000001,0.004,0.124,11.828
2022-12-16 12:00:00-03:00,0.203,0.011,0.225,13.101
2022-12-16 13:00:00-03:00,0.43,0.06,0.438,14.282
2022-12-16 14:00:00-03:00,0.247,0.016,0.27,14.399000000000001
2022-12-16 15:00:00-03:00,0.187,0.011,0.20800000000000002,14.252
2022-12-16 16:00:00-03:00,0.149,0.009000000000000001,0.169,14.051
2022-12-16 17:00:00-03:00,0.11900000000000001,0.008,0.137,13.899000000000001
2022-12-16 18:00:00-03:00,0.091,0.007,0.107,13.688
2022-12-16 19:00:00-03:00,0.057,0.006,0.07100000000000001,13.331
2022-12-16 20:00:00-03:00,0.017,0.002,0.029,12.697
2022-12-16 21:00:00-03:00,0.001,0.002,0.006,11.872
2022-12-16 22:00:00-03:00,0.0,0.0,0.0,11.184
2022-12-16 23:00:00-03:00,0.0,0.0,0.0,10.635
2022-12-17 00:00:00-03:00,0.0,0.0,0.0,10.273
2022-12-17 01:00:00-03:00,0.0,0.0,0.0,9.8
2022-12-17 02:00:00-03:00,0.0,0.0,0.0,9.109
2022-12-17 03:00:00-03:00,0.0,0.0,0.0,8.68
2022-12-17 04:00:00-03:00,0.0,0.0,0.0,8.418
2022-12-17 05:00:00-03:00,0.001,0.004,0.004,8.307
2022-12-17 06:00:00-03:00,0.062,0.034,0.047,8.369
2022-12-17 07:00:00-03:00,0.334,0.256,0.11800000000000001,8.682
2022-12-17 08:00:00-03:00,0.5650000000000001,0.495,0.155,9.178
2022-12-17 09:00:00-03:00,0.638,0.55,0.196,9.641
2022-12-17 10:00:00-03:00,0.685,0.579,0.233,10.305
2022-12-17 11:00:00-03:00,0.651,0.482,0.28600000000000003,11.045
2022-12-17 12:00:00-03:00,0.637,0.419,0.333,11.475
2022-12-17 13:00:00-03:00,0.594,0.265,0.43,11.642
2022-12-17 14:00:00-03:00,0.539,0.241,0.384,11.914
2022-12-17 15:00:00-03:00,0.53,0.278,0.337,12.282
2022-12-17 16:00:00-03:00,0.341,0.10300000000000001,0.28400000000000003,12.103
2022-12-17 17:00:00-03:00,0.265,0.073,0.229,11.819
2022-12-17 18:00:00-03:00,0.165,0.037,0.157,11.317
2022-12-17 19:00:00-03:00,0.115,0.03,0.108,10.897
2022-12-17 20:00:00-03:00,0.07100000000000001,0.028,0.064,10.457
2022-12-17 21:00:00-03:00,0.028,0.024,0.02,9.796
2022-12-17 22:00:00-03:00,0.0,0.0,0.0,9.125
2022-12-17 23:00:00-03:00,0.0,0.0,0.0,8.672
2022-12-18 00:00:00-03:00,0.0,0.0,0.0,8.308
2022-12-18 01:00:00-03:00,0.0,0.0,0.0,8.01
2022-12-18 02:00:00-03:00,0.0,0.0,0.0,7.702
2022-12-18 03:00:00-03:00,0.0,0.0,0.0,7.388
2022-12-18 04:00:00-03:00,0.0,0.0,0.0,7.084
2022-12-18 05:00:00-03:00,0.005,0.01,0.005,6.805
2022-12-18 06:00:00-03:00,0.094,0.064,0.051000000000000004,6.899
2022-12-18 07:00:00-03:00,0.277,0.196,0.114,7.293
2022-12-18 08:00:00-03:00,0.505,0.41500000000000004,0.156,7.938
2022-12-18 09:00:00-03:00,0.594,0.488,0.196,8.715
2022-12-18 10:00:00-03:00,0.633,0.504,0.23500000000000001,9.639
2022-12-18 11:00:00-03:00,0.6880000000000001,0.559,0.258,10.697
2022-12-18 12:00:00-03:00,0.714,0.578,0.279,11.621
2022-12-18 13:00:00-03:00,0.722,0.5680000000000001,0.305,12.255
2022-12-18 14:00:00-03:00,0.765,0.678,0.26,12.788
2022-12-18 15:00:00-03:00,0.686,0.551,0.276,13.133
2022-12-18 16:00:00-03:00,0.652,0.528,0.252,13.398
2022-12-18 17:00:00-03:00,0.599,0.487,0.221,13.443
2022-12-18 18:00:00-03:00,0.47500000000000003,0.359,0.19,13.03
2022-12-18 19:00:00-03:00,0.292,0.19,0.14300000000000002,12.196
2022-12-18 20:00:00-03:00,0.181,0.126,0.084,11.239
2022-12-18 21:00:00-03:00,0.048,0.042,0.025,10.244
2022-12-18 22:00:00-03:00,0.0,0.0,0.0,9.442
2022-12-18 23:00:00-03:00,0.0,0.0,0.0,9.0
2022-12-19 00:00:00-03:00,0.0,0.0,0.0,8.709
2022-12-19 01:00:00-03:00,0.0,0.0,0.0,8.58
2022-12-19 02:00:00-03:00,0.0,0.0,0.0,8.558
2022-12-19 03:00:00-03:00,0.0,0.0,0.0,8.602
2022-12-19 04:00:00-03:00,0.0,0.0,0.0,8.659
2022-12-19 05:00:00-03:00,0.0,0.001,0.002,8.738
2022-12-19 06:00:00-03:00,0.018000000000000002,0.006,0.025,8.974
2022-12-19 07:00:00-03:00,0.068,0.017,0.07100000000000001,9.443
2022-12-19 08:00:00-03:00,0.13,0.03,0.126,10.046
2022-12-19 09:00:00-03:00,0.229,0.064,0.198,10.815
2022-12-19 10:00:00-03:00,0.353,0.133,0.268,11.77
2022-12-19 11:00:00-03:00,0.502,0.266,0.315,12.787
2022-12-19 12:00:00-03:00,0.6990000000000001,0.55,0.297,13.885
2022-12-19 13:00:00-03:00,0.681,0.464,0.36,14.546
2022-12-19 14:00:00-03:00,0.61,0.37,0.359,14.965
2022-12-19 15:00:00-03:00,0.612,0.42,0.313,15.354
2022-12-19 16:00:00-03:00,0.642,0.512,0.264,15.627
2022-12-19 17:00:00-03:00,0.596,0.483,0.23,15.647
2022-12-19 18:00:00-03:00,0.54,0.451,0.187,15.511
2022-12-19 19:00:00-03:00,0.451,0.385,0.14100000000000001,15.191
2022-12-19 20:00:00-03:00,0.308,0.265,0.089,14.364
2022-12-19 21:00:00-03:00,0.115,0.109,0.03,12.563
2022-12-19 22:00:00-03:00,0.0,0.0,0.0,11.217
2022-12-19 23:00:00-03:00,0.0,0.0,0.0,10.858
2022-12-20 00:00:00-03:00,0.0,0.0,0.0,10.337
2022-12-20 01:00:00-03:00,0.0,0.0,0.0,9.659
2022-12-20 02:00:00-03:00,0.0,0.0,0.0,9.093
2022-12-20 03:00:00-03:00,0.0,0.0,0.0,8.644
2022-12-20 04:00:00-03:00,0.0,0.0,0.0,8.481
2022-12-20 05:00:00-03:00,0.0,0.002,0.003,8.293
2022-12-20 06:00:00-03:00,0.02,0.007,0.026000000000000002,8.618
2022-12-20 07:00:00-03:00,0.09,0.028,0.084,9.281
2022-12-20 08:00:00-03:00,0.29,0.156,0.17200000000000001,10.316
2022-12-20 09:00:00-03:00,0.602,0.507,0.199,11.647
2022-12-20 10:00:00-03:00,0.7010000000000001,0.624,0.221,12.789
2022-12-20 11:00:00-03:00,0.665,0.526,0.273,13.623
2022-12-20 12:00:00-03:00,0.629,0.427,0.325,14.239
2022-12-20 13:00:00-03:00,0.587,0.279,0.417,14.552
2022-12-20 14:00:00-03:00,0.51,0.217,0.38,14.709
2022-12-20 15:00:00-03:00,0.468,0.21,0.335,14.831
2022-12-20 16:00:00-03:00,0.483,0.269,0.295,14.995
2022-12-20 17:00:00-03:00,0.401,0.211,0.253,15.003
2022-12-20 18:00:00-03:00,0.41000000000000003,0.273,0.202,15.029
2022-12-20 19:00:00-03:00,0.34600000000000003,0.252,0.147,15.019
2022-12-20 20:00:00-03:00,0.301,0.258,0.089,14.68
2022-12-20 21:00:00-03:00,0.127,0.123,0.031,13.344
2022-12-20 22:00:00-03:00,0.0,0.0,0.0,12.483
2022-12-20 23:00:00-03:00,0.0,0.0,0.0,11.328
2022-12-21 00:00:00-03:00,0.0,0.0,0.0,10.731
2022-12-21 01:00:00-03:00,0.0,0.0,0.0,10.829
2022-12-21 02:00:00-03:00,0.0,0.0,0.0,10.538
2022-12-21 03:00:00-03:00,0.0,0.0,0.0,10.164
2022-12-21 04:00:00-03:00,0.0,0.0,0.0,9.929
2022-12-21 05:00:00-03:00,0.015,0.022,0.007,9.751
2022-12-21 06:00:00-03:00,0.15,0.11800000000000001,0.058,10.368
2022-12-21 07:00:00-03:00,0.374,0.31,0.114,10.964
2022-12-21 08:00:00-03:00,0.374,0.253,0.17300000000000001,12.126
2022-12-21 09:00:00-03:00,0.223,0.063,0.195,13.297
2022-12-21 10:00:00-03:00,0.227,0.045,0.218,13.794
2022-12-21 11:00:00-03:00,0.367,0.12,0.303,14.587
2022-12-21 12:00:00-03:00,0.5740000000000001,0.341,0.342,15.595
2022-12-21 13:00:00-03:00,0.546,0.22,0.427,15.947
2022-12-21 14:00:00-03:00,0.491,0.196,0.381,16.037
2022-12-21 15:00:00-03:00,0.635,0.46900000000000003,0.301,16.507
2022-12-21 16:00:00-03:00,0.66,0.553,0.254,16.962
2022-12-21 17:00:00-03:00,0.5640000000000001,0.443,0.234,17.214
2022-12-21 18:00:00-03:00,0.322,0.17300000000000001,0.202,16.87
2022-12-21 19:00:00-03:00,0.20500000000000002,0.10200000000000001,0.139,16.309
2022-12-21 20:00:00-03:00,0.261,0.213,0.089,15.827
2022-12-21 21:00:00-03:00,0.091,0.085,0.03,14.535
2022-12-21 22:00:00-03:00,0.0,0.0,0.0,12.9
2022-12-21 23:00:00-03:00,0.0,0.0,0.0,11.828
2022-12-22 00:00:00-03:00,0.0,0.0,0.0,11.767
2022-12-22 01:00:00-03:00,0.0,0.0,0.0,11.389
2022-12-22 02:00:00-03:00,0.0,0.0,0.0,10.82
2022-12-22 03:00:00-03:00,0.0,0.0,0.0,10.293
2022-12-22 04:00:00-03:00,0.0,0.0,0.0,10.153
2022-12-22 05:00:00-03:00,0.02,0.027,0.007,10.123
2022-12-22 06:00:00-03:00,0.152,0.12,0.059000000000000004,10.647
2022-12-22 07:00:00-03:00,0.363,0.297,0.115,11.557
2022-12-22 08:00:00-03:00,0.46,0.364,0.166,12.913
2022-12-22 09:00:00-03:00,0.494,0.357,0.219,14.113
2022-12-22 10:00:00-03:00,0.447,0.245,0.274,14.859
2022-12-22 11:00:00-03:00,0.377,0.129,0.307,15.167
2022-12-22 12:00:00-03:00,0.354,0.083,0.327,15.579
2022-12-22 13:00:00-03:00,0.321,0.035,0.336,15.652
2022-12-22 14:00:00-03:00,0.277,0.032,0.28700000000000003,14.709
2022-12-22 15:00:00-03:00,0.388,0.122,0.324,14.227
2022-12-22 16:00:00-03:00,0.623,0.47400000000000003,0.269,13.917
2022-12-22 17:00:00-03:00,0.63,0.528,0.222,13.271
2022-12-22 18:00:00-03:00,0.582,0.502,0.18,12.478
2022-12-22 19:00:00-03:00,0.388,0.294,0.146,11.307
2022-12-22 20:00:00-03:00,0.162,0.10400000000000001,0.085,10.059
2022-12-22 21:00:00-03:00,0.028,0.023,0.021,9.22
2022-12-22 22:00:00-03:00,0.0,0.0,0.0,8.76
2022-12-22 23:00:00-03:00,0.0,0.0,0.0,7.959
2022-12-23 00:00:00-03:00,0.0,0.0,0.0,6.748
2022-12-23 01:00:00-03:00,0.0,0.0,0.0,6.043
2022-12-23 02:00:00-03:00,0.0,0.0,0.0,5.862
2022-12-23 03:00:00-03:00,0.0,0.0,0.0,5.916
2022-12-23 04:00:00-03:00,0.0,0.0,0.0,6.166
2022-12-23 05:00:00-03:00,0.002,0.006,0.004,6.344
2022-12-23 06:00:00-03:00,0.068,0.041,0.047,6.414
2022-12-23 07:00:00-03:00,0.149,0.07,0.10200000000000001,6.593
2022-12-23 08:00:00-03:00,0.383,0.256,0.17,7.184
2022-12-23 09:00:00-03:00,0.593,0.481,0.2,8.011
2022-12-23 10:00:00-03:00,0.77,0.723,0.2,8.969
2022-12-23 11:00:00-03:00,0.833,0.812,0.211,9.813
2022-12-23 12:00:00-03:00,0.8150000000000001,0.762,0.23500000000000001,10.377
2022-12-23 13:00:00-03:00,0.836,0.8290000000000001,0.20400000000000001,10.914
2022-12-23 14:00:00-03:00,0.84,0.8210000000000001,0.221,11.264
2022-12-23 15:00:00-03:00,0.8140000000000001,0.774,0.229,11.436
2022-12-23 16:00:00-03:00,0.653,0.515,0.257,11.303
2022-12-23 17:00:00-03:00,0.356,0.156,0.246,10.799
2022-12-23 18:00:00-03:00,0.242,0.09,0.184,10.397
2022-12-23 19:00:00-03:00,0.169,0.068,0.128,9.997
2022-12-23 20:00:00-03:00,0.078,0.033,0.065,9.481
2022-12-23 21:00:00-03:00,0.007,0.005,0.013000000000000001,9.027
2022-12-23 22:00:00-03:00,0.0,0.0,0.0,8.768
2022-12-23 23:00:00-03:00,0.0,0.0,0.0,8.794
2022-12-24 00:00:00-03:00,0.0,0.0,0.0,9.06
2022-12-24 01:00:00-03:00,0.0,0.0,0.0,9.37
2022-12-24 02:00:00-03:00,0.0,0.0,0.0,9.553
2022-12-24 03:00:00-03:00,0.0,0.0,0.0,9.624
2022-12-24 04:00:00-03:00,0.0,0.0,0.0,9.621
2022-12-24 05:00:00-03:00,0.001,0.004,0.004,9.553
2022-12-24 06:00:00-03:00,0.023,0.008,0.029,9.756
2022-12-24 07:00:00-03:00,0.029,0.004,0.041,10.058
2022-12-24 08:00:00-03:00,0.056,0.006,0.07,10.436
2022-12-24 09:00:00-03:00,0.168,0.029,0.168,11.295
2022-12-24 10:00:00-03:00,0.321,0.1,0.266,12.568
2022-12-24 11:00:00-03:00,0.258,0.04,0.256,13.209
2022-12-24 12:00:00-03:00,0.28500000000000003,0.039,0.28800000000000003,13.234
2022-12-24 13:00:00-03:00,0.358,0.043000000000000003,0.367,13.124
2022-12-24 14:00:00-03:00,0.435,0.116,0.385,13.36
2022-12-24 15:00:00-03:00,0.59,0.364,0.333,13.627
2022-12-24 16:00:00-03:00,0.779,0.735,0.228,13.694
2022-12-24 17:00:00-03:00,0.738,0.7010000000000001,0.2,13.348
2022-12-24 18:00:00-03:00,0.67,0.633,0.168,12.719
2022-12-24 19:00:00-03:00,0.5630000000000001,0.524,0.132,11.798
2022-12-24 20:00:00-03:00,0.364,0.322,0.09,10.585
2022-12-24 21:00:00-03:00,0.07200000000000001,0.066,0.027,9.377
2022-12-24 22:00:00-03:00,0.0,0.0,0.0,8.574
2022-12-24 23:00:00-03:00,0.0,0.0,0.0,8.086
2022-12-25 00:00:00-03:00,0.0,0.0,0.0,7.759
2022-12-25 01:00:00-03:00,0.0,0.0,0.0,7.693
2022-12-25 02:00:00-03:00,0.0,0.0,0.0,7.555
2022-12-25 03:00:00-03:00,0.0,0.0,0.0,7.285
2022-12-25 04:00:00-03:00,0.0,0.0,0.0,7.054
2022-12-25 05:00:00-03:00,0.015,0.022,0.006,6.906
2022-12-25 06:00:00-03:00,0.092,0.063,0.049,7.247
2022-12-25 07:00:00-03:00,0.264,0.185,0.111,7.83
2022-12-25 08:00:00-03:00,0.47800000000000004,0.384,0.156,8.648
2022-12-25 09:00:00-03:00,0.742,0.73,0.158,9.721
2022-12-25 10:00:00-03:00,0.808,0.812,0.179,10.768
2022-12-25 11:00:00-03:00,0.835,0.84,0.198,11.77
2022-12-25 12:00:00-03:00,0.845,0.854,0.20500000000000002,12.707
2022-12-25 13:00:00-03:00,0.8300000000000001,0.859,0.182,13.509
2022-12-25 14:00:00-03:00,0.836,0.853,0.201,14.103
2022-12-25 15:00:00-03:00,0.8280000000000001,0.838,0.20700000000000002,14.488
2022-12-25 16:00:00-03:00,0.802,0.812,0.193,14.727
2022-12-25 17:00:00-03:00,0.762,0.775,0.171,14.794
2022-12-25 18:00:00-03:00,0.611,0.5680000000000001,0.161,14.566
2022-12-25 19:00:00-03:00,0.21,0.111,0.133,13.993
2022-12-25 20:00:00-03:00,0.077,0.035,0.064,13.183
2022-12-25 21:00:00-03:00,0.008,0.006,0.013000000000000001,11.977
2022-12-25 22:00:00-03:00,0.0,0.0,0.0,11.389
2022-12-25 23:00:00-03:00,0.0,0.0,0.0,10.622
2022-12-26 00:00:00-03:00,0.0,0.0,0.0,9.932
2022-12-26 01:00:00-03:00,0.0,0.0,0.0,9.582
2022-12-26 02:00:00-03:00,0.0,0.0,0.0,9.303
2022-12-26 03:00:00-03:00,0.0,0.0,0.0,8.599
2022-12-26 04:00:00-03:00,0.0,0.0,0.0,8.102
2022-12-26 05:00:00-03:00,0.005,0.009000000000000001,0.005,8.281
2022-12-26 06:00:00-03:00,0.076,0.047,0.049,8.619
2022-12-26 07:00:00-03:00,0.178,0.095,0.11,8.863
2022-12-26 08:00:00-03:00,0.499,0.404,0.163,9.272
2022-12-26 09:00:00-03:00,0.589,0.47400000000000003,0.20500000000000002,9.389
2022-12-26 10:00:00-03:00,0.604,0.447,0.253,9.354
2022-12-26 11:00:00-03:00,0.659,0.489,0.28200000000000003,9.27
2022-12-26 12:00:00-03:00,0.652,0.439,0.323,9.245
2022-12-26 13:00:00-03:00,0.665,0.399,0.381,9.422
2022-12-26 14:00:00-03:00,0.633,0.382,0.357,9.826
2022-12-26 15:00:00-03:00,0.602,0.379,0.319,9.991
2022-12-26 16:00:00-03:00,0.536,0.322,0.292,9.656
2022-12-26 17:00:00-03:00,0.4,0.195,0.254,9.091
2022-12-26 18:00:00-03:00,0.248,0.091,0.188,8.445
2022-12-26 19:00:00-03:00,0.156,0.055,0.125,7.773
2022-12-26 20:00:00-03:00,0.08700000000000001,0.038,0.069,7.172
2022-12-26 21:00:00-03:00,0.022,0.016,0.021,6.454
2022-12-26 22:00:00-03:00,0.0,0.0,0.0,5.792
2022-12-26 23:00:00-03:00,0.0,0.0,0.0,5.453
2022-12-27 00:00:00-03:00,0.0,0.0,0.0,5.247
2022-12-27 01:00:00-03:00,0.0,0.0,0.0,5.035
2022-12-27 02:00:00-03:00,0.0,0.0,0.0,4.838
2022-12-27 03:00:00-03:00,0.0,0.0,0.0,4.681
2022-12-27 04:00:00-03:00,0.0,0.0,0.0,4.468
2022-12-27 05:00:00-03:00,0.004,0.008,0.005,4.344
2022-12-27 06:00:00-03:00,0.057,0.029,0.046,4.502
2022-12-27 07:00:00-03:00,0.132,0.051000000000000004,0.10200000000000001,4.897
2022-12-27 08:00:00-03:00,0.194,0.062,0.157,5.426
2022-12-27 09:00:00-03:00,0.247,0.067,0.20800000000000002,5.995
2022-12-27 10:00:00-03:00,0.265,0.054,0.24,6.598
2022-12-27 11:00:00-03:00,0.28200000000000003,0.047,0.268,7.142
2022-12-27 12:00:00-03:00,0.314,0.046,0.303,7.614
2022-12-27 13:00:00-03:00,0.431,0.073,0.41100000000000003,8.244
2022-12-27 14:00:00-03:00,0.425,0.097,0.381,8.866
2022-12-27 15:00:00-03:00,0.388,0.10300000000000001,0.332,9.126
2022-12-27 16:00:00-03:00,0.418,0.163,0.308,9.312
2022-12-27 17:00:00-03:00,0.396,0.182,0.264,9.299
2022-12-27 18:00:00-03:00,0.406,0.245,0.212,9.029
2022-12-27 19:00:00-03:00,0.171,0.063,0.134,8.202
2022-12-27 20:00:00-03:00,0.136,0.075,0.084,7.349
2022-12-27 21:00:00-03:00,0.016,0.01,0.019,6.625
2022-12-27 22:00:00-03:00,0.0,0.0,0.0,6.131
2022-12-27 23:00:00-03:00,0.0,0.0,0.0,5.962
2022-12-28 00:00:00-03:00,0.0,0.0,0.0,5.915
2022-12-28 01:00:00-03:00,0.0,0.0,0.0,5.872
2022-12-28 02:00:00-03:00,0.0,0.0,0.0,5.73
2022-12-28 03:00:00-03:00,0.0,0.0,0.0,5.3870000000000005
2022-12-28 04:00:00-03:00,0.0,0.0,0.0,4.936
2022-12-28 05:00:00-03:00,0.0,0.0,0.001,4.541
2022-12-28 06:00:00-03:00,0.004,0.001,0.012,4.27
2022-12-28 07:00:00-03:00,0.024,0.002,0.036000000000000004,4.31
2022-12-28 08:00:00-03:00,0.049,0.003,0.063,5.252
2022-12-28 09:00:00-03:00,0.05,0.002,0.066,6.7010000000000005
2022-12-28 10:00:00-03:00,0.096,0.004,0.114,8.621
2022-12-28 11:00:00-03:00,0.20400000000000001,0.016,0.218,10.291
2022-12-28 12:00:00-03:00,0.28300000000000003,0.029,0.293,11.499
2022-12-28 13:00:00-03:00,0.362,0.034,0.378,12.141
2022-12-28 14:00:00-03:00,0.28800000000000003,0.023,0.305,12.238
2022-12-28 15:00:00-03:00,0.23600000000000002,0.02,0.25,12.042
2022-12-28 16:00:00-03:00,0.185,0.015,0.2,11.676
2022-12-28 17:00:00-03:00,0.15,0.013000000000000001,0.164,11.18
2022-12-28 18:00:00-03:00,0.138,0.018000000000000002,0.146,10.392
2022-12-28 19:00:00-03:00,0.07100000000000001,0.009000000000000001,0.083,9.501
2022-12-28 20:00:00-03:00,0.053,0.013000000000000001,0.058,8.862
2022-12-28 21:00:00-03:00,0.084,0.078,0.028,8.071
2022-12-28 22:00:00-03:00,0.0,0.0,0.0,7.019
2022-12-28 23:00:00-03:00,0.0,0.0,0.0,6.2780000000000005
2022-12-29 00:00:00-03:00,0.0,0.0,0.0,5.909
2022-12-29 01:00:00-03:00,0.0,0.0,0.0,5.752
2022-12-29 02:00:00-03:00,0.0,0.0,0.0,5.676
2022-12-29 03:00:00-03:00,0.0,0.0,0.0,5.67
2022-12-29 04:00:00-03:00,0.0,0.0,0.0,5.688
2022-12-29 05:00:00-03:00,0.013000000000000001,0.02,0.006,5.584
2022-12-29 06:00:00-03:00,0.20600000000000002,0.17400000000000002,0.057,5.805
2022-12-29 07:00:00-03:00,0.389,0.322,0.11,6.458
2022-12-29 08:00:00-03:00,0.528,0.444,0.154,7.393
2022-12-29 09:00:00-03:00,0.616,0.519,0.192,8.408
2022-12-29 10:00:00-03:00,0.672,0.5650000000000001,0.225,9.442
2022-12-29 11:00:00-03:00,0.706,0.588,0.252,10.315
2022-12-29 12:00:00-03:00,0.753,0.65,0.26,11.06
2022-12-29 13:00:00-03:00,0.758,0.65,0.271,11.467
2022-12-29 14:00:00-03:00,0.676,0.489,0.315,11.53
2022-12-29 15:00:00-03:00,0.635,0.455,0.294,11.464
2022-12-29 16:00:00-03:00,0.497,0.28500000000000003,0.28400000000000003,11.019
2022-12-29 17:00:00-03:00,0.467,0.291,0.242,10.616
2022-12-29 18:00:00-03:00,0.47700000000000004,0.355,0.188,10.067
2022-12-29 19:00:00-03:00,0.292,0.187,0.14100000000000001,9.256
2022-12-29 20:00:00-03:00,0.121,0.069,0.076,8.394
2022-12-29 21:00:00-03:00,0.025,0.02,0.02,7.541
2022-12-29 22:00:00-03:00,0.0,0.0,0.0,6.881
2022-12-29 23:00:00-03:00,0.0,0.0,0.0,6.521
2022-12-30 00:00:00-03:00,0.0,0.0,0.0,6.285
2022-12-30 01:00:00-03:00,0.0,0.0,0.0,6.116
2022-12-30 02:00:00-03:00,0.0,0.0,0.0,6.021
2022-12-30 03:00:00-03:00,0.0,0.0,0.0,5.993
2022-12-30 04:00:00-03:00,0.0,0.0,0.0,5.861
2022-12-30 05:00:00-03:00,0.0,0.003,0.003,5.69
2022-12-30 06:00:00-03:00,0.037,0.018000000000000002,0.035,5.766
2022-12-30 07:00:00-03:00,0.219,0.134,0.112,6.186
2022-12-30 08:00:00-03:00,0.48,0.375,0.163,7.06
2022-12-30 09:00:00-03:00,0.546,0.41200000000000003,0.21,8.046
2022-12-30 10:00:00-03:00,0.559,0.382,0.258,8.774000000000001
2022-12-30 11:00:00-03:00,0.631,0.451,0.28400000000000003,9.511
2022-12-30 12:00:00-03:00,0.7020000000000001,0.542,0.293,10.406
2022-12-30 13:00:00-03:00,0.628,0.34900000000000003,0.388,11.018
2022-12-30 14:00:00-03:00,0.734,0.595,0.291,11.496
2022-12-30 15:00:00-03:00,0.752,0.656,0.257,11.733
2022-12-30 16:00:00-03:00,0.716,0.624,0.23700000000000002,11.825
2022-12-30 17:00:00-03:00,0.607,0.489,0.223,11.607
2022-12-30 18:00:00-03:00,0.47600000000000003,0.353,0.192,11.09
2022-12-30 19:00:00-03:00,0.181,0.078,0.131,10.285
2022-12-30 20:00:00-03:00,0.059000000000000004,0.021,0.057,9.363
2022-12-30 21:00:00-03:00,0.007,0.005,0.013000000000000001,8.498
2022-12-30 22:00:00-03:00,0.0,0.0,0.0,7.827
2022-12-30 23:00:00-03:00,0.0,0.0,0.0,7.409
2022-12-31 00:00:00-03:00,0.0,0.0,0.0,7.091
2022-12-31 01:00:00-03:00,0.0,0.0,0.0,6.808
2022-12-31 02:00:00-03:00,0.0,0.0,0.0,6.538
2022-12-31 03:00:00-03:00,0.0,0.0,0.0,6.307
2022-12-31 04:00:00-03:00,0.0,0.0,0.0,6.216
2022-12-31 05:00:00-03:00,0.0,0.002,0.003,6.124
2022-12-31 06:00:00-03:00,0.02,0.007,0.028,6.5440000000000005
2022-12-31 07:00:00-03:00,0.057,0.01,0.065,7.221
2022-12-31 08:00:00-03:00,0.081,0.009000000000000001,0.093,7.9190000000000005
2022-12-31 09:00:00-03:00,0.1,0.008,0.115,8.564
2022-12-31 10:00:00-03:00,0.112,0.007,0.129,9.496
2022-12-31 11:00:00-03:00,0.127,0.006,0.145,10.536
2022-12-31 12:00:00-03:00,0.147,0.006,0.167,11.119
2022-12-31 13:00:00-03:00,0.186,0.007,0.21,11.799
2022-12-31 14:00:00-03:00,0.229,0.014,0.25,13.111
2022-12-31 15:00:00-03:00,0.296,0.045,0.296,14.415
2022-12-31 16:00:00-03:00,0.323,0.079,0.293,14.807
2022-12-31 17:00:00-03:00,0.418,0.20800000000000002,0.274,14.494
2022-12-31 18:00:00-03:00,0.388,0.225,0.219,13.426
2022-12-31 19:00:00-03:00,0.231,0.112,0.152,11.7
2022-12-31 20:00:00-03:00,0.198,0.134,0.093,9.87
