local_time,electricity,irradiance_direct,irradiance_diffuse,temperature
2019-12-31 21:00:00-03:00,0.10400000000000001,0.105,0.023,10.449
2019-12-31 22:00:00-03:00,0.0,0.0,0.0,9.195
2019-12-31 23:00:00-03:00,0.0,0.0,0.0,9.117
2020-01-01 00:00:00-03:00,0.0,0.0,0.0,8.849
2020-01-01 01:00:00-03:00,0.0,0.0,0.0,8.092
2020-01-01 02:00:00-03:00,0.0,0.0,0.0,7.161
2020-01-01 03:00:00-03:00,0.0,0.0,0.0,6.336
2020-01-01 04:00:00-03:00,0.0,0.0,0.0,5.982
2020-01-01 05:00:00-03:00,0.022,0.032,0.005,5.832
2020-01-01 06:00:00-03:00,0.269,0.25,0.051000000000000004,7.896
2020-01-01 07:00:00-03:00,0.431,0.388,0.1,10.3
2020-01-01 08:00:00-03:00,0.5730000000000001,0.534,0.137,12.631
2020-01-01 09:00:00-03:00,0.6950000000000001,0.684,0.161,14.556000000000001
2020-01-01 10:00:00-03:00,0.749,0.746,0.186,16.191
2020-01-01 11:00:00-03:00,0.747,0.721,0.217,17.589
2020-01-01 12:00:00-03:00,0.727,0.67,0.245,18.865
2020-01-01 13:00:00-03:00,0.751,0.735,0.225,20.156
2020-01-01 14:00:00-03:00,0.77,0.783,0.213,21.256
2020-01-01 15:00:00-03:00,0.632,0.516,0.273,21.623
2020-01-01 16:00:00-03:00,0.645,0.578,0.232,22.085
2020-01-01 17:00:00-03:00,0.626,0.586,0.195,22.131
2020-01-01 18:00:00-03:00,0.58,0.558,0.157,21.511
2020-01-01 19:00:00-03:00,0.493,0.47500000000000003,0.11800000000000001,20.166
2020-01-01 20:00:00-03:00,0.315,0.292,0.076,18.108
2020-01-01 21:00:00-03:00,0.069,0.068,0.024,15.246
2020-01-01 22:00:00-03:00,0.0,0.0,0.0,13.476
2020-01-01 23:00:00-03:00,0.0,0.0,0.0,13.33
2020-01-02 00:00:00-03:00,0.0,0.0,0.0,13.514
2020-01-02 01:00:00-03:00,0.0,0.0,0.0,13.525
2020-01-02 02:00:00-03:00,0.0,0.0,0.0,13.605
2020-01-02 03:00:00-03:00,0.0,0.0,0.0,13.651
2020-01-02 04:00:00-03:00,0.0,0.0,0.0,13.524000000000001
2020-01-02 05:00:00-03:00,0.0,0.002,0.002,13.239
2020-01-02 06:00:00-03:00,0.019,0.008,0.025,13.387
2020-01-02 07:00:00-03:00,0.113,0.046,0.093,14.344
2020-01-02 08:00:00-03:00,0.228,0.1,0.166,15.15
2020-01-02 09:00:00-03:00,0.186,0.039,0.18,15.097
2020-01-02 10:00:00-03:00,0.384,0.164,0.28200000000000003,15.845
2020-01-02 11:00:00-03:00,0.532,0.309,0.324,16.862
2020-01-02 12:00:00-03:00,0.536,0.269,0.37,17.363
2020-01-02 13:00:00-03:00,0.5750000000000001,0.257,0.436,17.713
2020-01-02 14:00:00-03:00,0.599,0.338,0.389,18.209
2020-01-02 15:00:00-03:00,0.589,0.381,0.334,18.522
2020-01-02 16:00:00-03:00,0.47500000000000003,0.255,0.309,18.296
2020-01-02 17:00:00-03:00,0.193,0.033,0.196,17.187
2020-01-02 18:00:00-03:00,0.1,0.012,0.114,15.99
2020-01-02 19:00:00-03:00,0.088,0.019,0.094,14.926
2020-01-02 20:00:00-03:00,0.092,0.045,0.07100000000000001,13.769
2020-01-02 21:00:00-03:00,0.035,0.031,0.021,11.466
2020-01-02 22:00:00-03:00,0.0,0.0,0.0,9.611
2020-01-02 23:00:00-03:00,0.0,0.0,0.0,8.866
2020-01-03 00:00:00-03:00,0.0,0.0,0.0,8.206
2020-01-03 01:00:00-03:00,0.0,0.0,0.0,7.69
2020-01-03 02:00:00-03:00,0.0,0.0,0.0,7.473
2020-01-03 03:00:00-03:00,0.0,0.0,0.0,7.105
2020-01-03 04:00:00-03:00,0.0,0.0,0.0,6.716
2020-01-03 05:00:00-03:00,0.0,0.0,0.001,6.415
2020-01-03 06:00:00-03:00,0.008,0.003,0.016,6.573
2020-01-03 07:00:00-03:00,0.029,0.004,0.04,6.947
2020-01-03 08:00:00-03:00,0.059000000000000004,0.006,0.07200000000000001,7.273
2020-01-03 09:00:00-03:00,0.112,0.01,0.124,7.837
2020-01-03 10:00:00-03:00,0.22,0.031,0.218,8.791
2020-01-03 11:00:00-03:00,0.387,0.109,0.327,10.21
2020-01-03 12:00:00-03:00,0.456,0.139,0.382,11.332
2020-01-03 13:00:00-03:00,0.494,0.116,0.452,11.932
2020-01-03 14:00:00-03:00,0.437,0.095,0.406,12.272
2020-01-03 15:00:00-03:00,0.361,0.076,0.334,12.346
2020-01-03 16:00:00-03:00,0.267,0.044,0.261,12.009
2020-01-03 17:00:00-03:00,0.20500000000000002,0.032,0.20400000000000001,11.435
2020-01-03 18:00:00-03:00,0.135,0.02,0.14100000000000001,10.819
2020-01-03 19:00:00-03:00,0.138,0.041,0.123,10.555
2020-01-03 20:00:00-03:00,0.094,0.043000000000000003,0.073,9.917
2020-01-03 21:00:00-03:00,0.022,0.02,0.017,8.231
2020-01-03 22:00:00-03:00,0.0,0.0,0.0,6.973
2020-01-03 23:00:00-03:00,0.0,0.0,0.0,7.126
2020-01-04 00:00:00-03:00,0.0,0.0,0.0,6.886
2020-01-04 01:00:00-03:00,0.0,0.0,0.0,6.316
2020-01-04 02:00:00-03:00,0.0,0.0,0.0,5.671
2020-01-04 03:00:00-03:00,0.0,0.0,0.0,5.08
2020-01-04 04:00:00-03:00,0.0,0.0,0.0,4.804
2020-01-04 05:00:00-03:00,0.001,0.004,0.003,4.59
2020-01-04 06:00:00-03:00,0.092,0.065,0.047,4.918
2020-01-04 07:00:00-03:00,0.384,0.312,0.113,6.036
2020-01-04 08:00:00-03:00,0.5670000000000001,0.49,0.156,7.6530000000000005
2020-01-04 09:00:00-03:00,0.646,0.555,0.198,9.182
2020-01-04 10:00:00-03:00,0.628,0.481,0.254,10.357
2020-01-04 11:00:00-03:00,0.5680000000000001,0.34400000000000003,0.315,11.19
2020-01-04 12:00:00-03:00,0.5630000000000001,0.293,0.362,11.921
2020-01-04 13:00:00-03:00,0.603,0.28700000000000003,0.423,12.533
2020-01-04 14:00:00-03:00,0.491,0.163,0.405,12.631
2020-01-04 15:00:00-03:00,0.358,0.08600000000000001,0.322,12.408
2020-01-04 16:00:00-03:00,0.242,0.039,0.23800000000000002,11.827
2020-01-04 17:00:00-03:00,0.152,0.018000000000000002,0.161,11.188
2020-01-04 18:00:00-03:00,0.10400000000000001,0.013000000000000001,0.114,10.705
2020-01-04 19:00:00-03:00,0.062,0.009000000000000001,0.07200000000000001,10.117
2020-01-04 20:00:00-03:00,0.026000000000000002,0.006,0.035,9.365
2020-01-04 21:00:00-03:00,0.002,0.003,0.007,8.429
2020-01-04 22:00:00-03:00,0.0,0.0,0.0,7.927
2020-01-04 23:00:00-03:00,0.0,0.0,0.0,7.695
2020-01-05 00:00:00-03:00,0.0,0.0,0.0,7.4879999999999995
2020-01-05 01:00:00-03:00,0.0,0.0,0.0,7.287
2020-01-05 02:00:00-03:00,0.0,0.0,0.0,7.039
2020-01-05 03:00:00-03:00,0.0,0.0,0.0,6.795
2020-01-05 04:00:00-03:00,0.0,0.0,0.0,6.562
2020-01-05 05:00:00-03:00,0.0,0.001,0.001,6.379
2020-01-05 06:00:00-03:00,0.024,0.012,0.027,6.622
2020-01-05 07:00:00-03:00,0.108,0.042,0.088,7.573
2020-01-05 08:00:00-03:00,0.198,0.073,0.153,8.946
2020-01-05 09:00:00-03:00,0.329,0.146,0.224,10.062
2020-01-05 10:00:00-03:00,0.355,0.13,0.271,10.625
2020-01-05 11:00:00-03:00,0.303,0.063,0.279,10.54
2020-01-05 12:00:00-03:00,0.386,0.094,0.343,10.829
2020-01-05 13:00:00-03:00,0.5650000000000001,0.226,0.432,11.817
2020-01-05 14:00:00-03:00,0.685,0.481,0.343,12.901
2020-01-05 15:00:00-03:00,0.61,0.396,0.325,12.913
2020-01-05 16:00:00-03:00,0.556,0.354,0.293,12.382
2020-01-05 17:00:00-03:00,0.511,0.341,0.249,11.966
2020-01-05 18:00:00-03:00,0.47300000000000003,0.34600000000000003,0.196,11.44
2020-01-05 19:00:00-03:00,0.30000000000000004,0.195,0.14400000000000002,10.419
2020-01-05 20:00:00-03:00,0.128,0.076,0.076,9.039
2020-01-05 21:00:00-03:00,0.021,0.018000000000000002,0.017,7.3629999999999995
2020-01-05 22:00:00-03:00,0.0,0.0,0.0,5.928
2020-01-05 23:00:00-03:00,0.0,0.0,0.0,4.963
2020-01-06 00:00:00-03:00,0.0,0.0,0.0,4.251
2020-01-06 01:00:00-03:00,0.0,0.0,0.0,3.768
2020-01-06 02:00:00-03:00,0.0,0.0,0.0,3.581
2020-01-06 03:00:00-03:00,0.0,0.0,0.0,3.512
2020-01-06 04:00:00-03:00,0.0,0.0,0.0,3.5220000000000002
2020-01-06 05:00:00-03:00,0.0,0.002,0.002,3.567
2020-01-06 06:00:00-03:00,0.036000000000000004,0.017,0.034,4.026
2020-01-06 07:00:00-03:00,0.08,0.021,0.079,4.588
2020-01-06 08:00:00-03:00,0.151,0.035,0.139,5.836
2020-01-06 09:00:00-03:00,0.195,0.036000000000000004,0.186,7.556
2020-01-06 10:00:00-03:00,0.214,0.029,0.214,9.279
2020-01-06 11:00:00-03:00,0.252,0.031,0.255,11.062
2020-01-06 12:00:00-03:00,0.31,0.041,0.313,12.725
2020-01-06 13:00:00-03:00,0.325,0.028,0.34400000000000003,13.609
2020-01-06 14:00:00-03:00,0.305,0.029,0.321,14.265
2020-01-06 15:00:00-03:00,0.253,0.027,0.266,14.757
2020-01-06 16:00:00-03:00,0.216,0.025,0.227,15.028
2020-01-06 17:00:00-03:00,0.15,0.015,0.165,14.814
2020-01-06 18:00:00-03:00,0.092,0.009000000000000001,0.107,14.166
2020-01-06 19:00:00-03:00,0.061,0.008,0.074,13.492
2020-01-06 20:00:00-03:00,0.031,0.007,0.041,12.727
2020-01-06 21:00:00-03:00,0.003,0.003,0.008,11.648
2020-01-06 22:00:00-03:00,0.0,0.0,0.0,10.836
2020-01-06 23:00:00-03:00,0.0,0.0,0.0,10.077
2020-01-07 00:00:00-03:00,0.0,0.0,0.0,9.488
2020-01-07 01:00:00-03:00,0.0,0.0,0.0,8.789
2020-01-07 02:00:00-03:00,0.0,0.0,0.0,7.882
2020-01-07 03:00:00-03:00,0.0,0.0,0.0,6.941
2020-01-07 04:00:00-03:00,0.0,0.0,0.0,6.233
2020-01-07 05:00:00-03:00,0.002,0.006,0.003,6.531
2020-01-07 06:00:00-03:00,0.092,0.067,0.046,7.765
2020-01-07 07:00:00-03:00,0.137,0.063,0.099,9.087
2020-01-07 08:00:00-03:00,0.176,0.056,0.148,10.539
2020-01-07 09:00:00-03:00,0.211,0.051000000000000004,0.192,11.892
2020-01-07 10:00:00-03:00,0.28600000000000003,0.074,0.253,12.773
2020-01-07 11:00:00-03:00,0.462,0.20500000000000002,0.33,13.933
2020-01-07 12:00:00-03:00,0.601,0.361,0.356,14.972
2020-01-07 13:00:00-03:00,0.636,0.356,0.41100000000000003,15.469
2020-01-07 14:00:00-03:00,0.56,0.257,0.40800000000000003,15.437
2020-01-07 15:00:00-03:00,0.47100000000000003,0.195,0.354,15.157
2020-01-07 16:00:00-03:00,0.324,0.08700000000000001,0.28600000000000003,14.439
2020-01-07 17:00:00-03:00,0.171,0.023,0.177,13.28
2020-01-07 18:00:00-03:00,0.107,0.014,0.11800000000000001,12.06
2020-01-07 19:00:00-03:00,0.062,0.009000000000000001,0.073,10.72
2020-01-07 20:00:00-03:00,0.026000000000000002,0.006,0.036000000000000004,9.471
2020-01-07 21:00:00-03:00,0.002,0.003,0.007,8.337
2020-01-07 22:00:00-03:00,0.0,0.0,0.0,7.421
2020-01-07 23:00:00-03:00,0.0,0.0,0.0,6.752
2020-01-08 00:00:00-03:00,0.0,0.0,0.0,6.049
2020-01-08 01:00:00-03:00,0.0,0.0,0.0,5.417
2020-01-08 02:00:00-03:00,0.0,0.0,0.0,4.854
2020-01-08 03:00:00-03:00,0.0,0.0,0.0,4.332
2020-01-08 04:00:00-03:00,0.0,0.0,0.0,3.938
2020-01-08 05:00:00-03:00,0.001,0.005,0.002,3.6189999999999998
2020-01-08 06:00:00-03:00,0.099,0.074,0.045,4.638
2020-01-08 07:00:00-03:00,0.305,0.225,0.112,6.073
2020-01-08 08:00:00-03:00,0.517,0.422,0.162,7.64
2020-01-08 09:00:00-03:00,0.623,0.52,0.203,9.078
2020-01-08 10:00:00-03:00,0.546,0.357,0.271,9.925
2020-01-08 11:00:00-03:00,0.419,0.155,0.319,10.107
2020-01-08 12:00:00-03:00,0.403,0.108,0.34800000000000003,10.313
2020-01-08 13:00:00-03:00,0.433,0.085,0.40700000000000003,10.628
2020-01-08 14:00:00-03:00,0.394,0.076,0.371,10.853
2020-01-08 15:00:00-03:00,0.336,0.07,0.309,10.885
2020-01-08 16:00:00-03:00,0.28300000000000003,0.059000000000000004,0.261,10.704
2020-01-08 17:00:00-03:00,0.24,0.056,0.217,10.4
2020-01-08 18:00:00-03:00,0.199,0.056,0.17200000000000001,9.797
2020-01-08 19:00:00-03:00,0.138,0.045,0.117,8.787
2020-01-08 20:00:00-03:00,0.07100000000000001,0.03,0.061,7.765
2020-01-08 21:00:00-03:00,0.013000000000000001,0.013000000000000001,0.012,6.7059999999999995
2020-01-08 22:00:00-03:00,0.0,0.0,0.0,5.744
2020-01-08 23:00:00-03:00,0.0,0.0,0.0,4.939
2020-01-09 00:00:00-03:00,0.0,0.0,0.0,4.268
2020-01-09 01:00:00-03:00,0.0,0.0,0.0,3.794
2020-01-09 02:00:00-03:00,0.0,0.0,0.0,3.477
2020-01-09 03:00:00-03:00,0.0,0.0,0.0,3.03
2020-01-09 04:00:00-03:00,0.0,0.0,0.0,2.572
2020-01-09 05:00:00-03:00,0.003,0.009000000000000001,0.003,2.167
2020-01-09 06:00:00-03:00,0.162,0.136,0.047,2.416
2020-01-09 07:00:00-03:00,0.336,0.26,0.106,3.43
2020-01-09 08:00:00-03:00,0.437,0.321,0.161,4.719
2020-01-09 09:00:00-03:00,0.512,0.363,0.21,5.946
2020-01-09 10:00:00-03:00,0.5680000000000001,0.392,0.253,7.114
2020-01-09 11:00:00-03:00,0.604,0.405,0.289,7.93
2020-01-09 12:00:00-03:00,0.625,0.401,0.323,8.805
2020-01-09 13:00:00-03:00,0.637,0.366,0.377,9.594
2020-01-09 14:00:00-03:00,0.654,0.427,0.341,10.162
2020-01-09 15:00:00-03:00,0.63,0.435,0.302,10.348
2020-01-09 16:00:00-03:00,0.637,0.489,0.258,10.391
2020-01-09 17:00:00-03:00,0.579,0.446,0.223,10.067
2020-01-09 18:00:00-03:00,0.461,0.336,0.186,9.434
2020-01-09 19:00:00-03:00,0.216,0.114,0.13,8.439
2020-01-09 20:00:00-03:00,0.067,0.03,0.057,7.354
2020-01-09 21:00:00-03:00,0.009000000000000001,0.008,0.012,6.279
2020-01-09 22:00:00-03:00,0.0,0.0,0.0,5.112
2020-01-09 23:00:00-03:00,0.0,0.0,0.0,4.121
2020-01-10 00:00:00-03:00,0.0,0.0,0.0,3.274
2020-01-10 01:00:00-03:00,0.0,0.0,0.0,2.858
2020-01-10 02:00:00-03:00,0.0,0.0,0.0,3.029
2020-01-10 03:00:00-03:00,0.0,0.0,0.0,3.3689999999999998
2020-01-10 04:00:00-03:00,0.0,0.0,0.0,3.614
2020-01-10 05:00:00-03:00,0.0,0.001,0.001,3.771
2020-01-10 06:00:00-03:00,0.015,0.006,0.022,4.228
2020-01-10 07:00:00-03:00,0.064,0.014,0.069,5.26
2020-01-10 08:00:00-03:00,0.08700000000000001,0.011,0.097,6.165
2020-01-10 09:00:00-03:00,0.10300000000000001,0.008,0.116,6.627
2020-01-10 10:00:00-03:00,0.11,0.006,0.126,7.063
2020-01-10 11:00:00-03:00,0.10400000000000001,0.004,0.122,7.561
2020-01-10 12:00:00-03:00,0.132,0.005,0.151,8.229
2020-01-10 13:00:00-03:00,0.184,0.006,0.20600000000000002,9.374
2020-01-10 14:00:00-03:00,0.195,0.008,0.217,11.133
2020-01-10 15:00:00-03:00,0.20800000000000002,0.015,0.226,12.893
2020-01-10 16:00:00-03:00,0.20500000000000002,0.02,0.218,13.626
2020-01-10 17:00:00-03:00,0.14200000000000002,0.012,0.158,13.253
2020-01-10 18:00:00-03:00,0.154,0.026000000000000002,0.156,12.885
2020-01-10 19:00:00-03:00,0.084,0.014,0.092,12.067
2020-01-10 20:00:00-03:00,0.059000000000000004,0.02,0.059000000000000004,11.041
2020-01-10 21:00:00-03:00,0.014,0.014,0.013000000000000001,9.852
2020-01-10 22:00:00-03:00,0.0,0.0,0.0,8.903
2020-01-10 23:00:00-03:00,0.0,0.0,0.0,8.336
2020-01-11 00:00:00-03:00,0.0,0.0,0.0,8.072
2020-01-11 01:00:00-03:00,0.0,0.0,0.0,8.097
2020-01-11 02:00:00-03:00,0.0,0.0,0.0,8.032
2020-01-11 03:00:00-03:00,0.0,0.0,0.0,7.9
2020-01-11 04:00:00-03:00,0.0,0.0,0.0,7.833
2020-01-11 05:00:00-03:00,0.0,0.001,0.001,7.777
2020-01-11 06:00:00-03:00,0.047,0.029,0.036000000000000004,8.052
2020-01-11 07:00:00-03:00,0.114,0.045,0.091,8.729
2020-01-11 08:00:00-03:00,0.279,0.14100000000000001,0.17300000000000001,9.701
2020-01-11 09:00:00-03:00,0.468,0.30000000000000004,0.234,10.988
2020-01-11 10:00:00-03:00,0.548,0.357,0.281,12.27
2020-01-11 11:00:00-03:00,0.41100000000000003,0.14300000000000002,0.328,12.875
2020-01-11 12:00:00-03:00,0.368,0.078,0.343,13.256
2020-01-11 13:00:00-03:00,0.365,0.045,0.373,13.479
2020-01-11 14:00:00-03:00,0.354,0.05,0.356,13.731
2020-01-11 15:00:00-03:00,0.249,0.028,0.259,13.39
2020-01-11 16:00:00-03:00,0.155,0.012,0.17200000000000001,12.554
2020-01-11 17:00:00-03:00,0.085,0.005,0.10300000000000001,11.798
2020-01-11 18:00:00-03:00,0.039,0.002,0.054,11.381
2020-01-11 19:00:00-03:00,0.014,0.001,0.026000000000000002,11.125
2020-01-11 20:00:00-03:00,0.005,0.001,0.014,10.885
2020-01-11 21:00:00-03:00,0.0,0.001,0.004,10.465
2020-01-11 22:00:00-03:00,0.0,0.0,0.0,10.012
2020-01-11 23:00:00-03:00,0.0,0.0,0.0,9.638
2020-01-12 00:00:00-03:00,0.0,0.0,0.0,9.343
2020-01-12 01:00:00-03:00,0.0,0.0,0.0,9.156
2020-01-12 02:00:00-03:00,0.0,0.0,0.0,8.957
2020-01-12 03:00:00-03:00,0.0,0.0,0.0,8.808
2020-01-12 04:00:00-03:00,0.0,0.0,0.0,8.632
2020-01-12 05:00:00-03:00,0.0,0.001,0.001,8.43
2020-01-12 06:00:00-03:00,0.031,0.018000000000000002,0.03,8.673
2020-01-12 07:00:00-03:00,0.148,0.073,0.101,9.683
2020-01-12 08:00:00-03:00,0.271,0.136,0.17200000000000001,11.206
2020-01-12 09:00:00-03:00,0.35000000000000003,0.166,0.233,12.873
2020-01-12 10:00:00-03:00,0.377,0.15,0.28300000000000003,14.269
2020-01-12 11:00:00-03:00,0.418,0.156,0.329,15.42
2020-01-12 12:00:00-03:00,0.435,0.139,0.369,16.295
2020-01-12 13:00:00-03:00,0.392,0.061,0.396,16.499
2020-01-12 14:00:00-03:00,0.26,0.021,0.28200000000000003,16.229
2020-01-12 15:00:00-03:00,0.195,0.015,0.215,16.139
2020-01-12 16:00:00-03:00,0.14100000000000001,0.01,0.161,16.174
2020-01-12 17:00:00-03:00,0.109,0.008,0.128,16.156
2020-01-12 18:00:00-03:00,0.08700000000000001,0.009000000000000001,0.10300000000000001,15.766
2020-01-12 19:00:00-03:00,0.049,0.006,0.063,14.926
2020-01-12 20:00:00-03:00,0.033,0.009000000000000001,0.042,14.131
2020-01-12 21:00:00-03:00,0.004,0.004,0.008,13.205
2020-01-12 22:00:00-03:00,0.0,0.0,0.0,12.484
2020-01-12 23:00:00-03:00,0.0,0.0,0.0,11.944
2020-01-13 00:00:00-03:00,0.0,0.0,0.0,11.469
2020-01-13 01:00:00-03:00,0.0,0.0,0.0,10.98
2020-01-13 02:00:00-03:00,0.0,0.0,0.0,10.456
2020-01-13 03:00:00-03:00,0.0,0.0,0.0,9.96
2020-01-13 04:00:00-03:00,0.0,0.0,0.0,9.219
2020-01-13 05:00:00-03:00,0.0,0.003,0.001,8.633
2020-01-13 06:00:00-03:00,0.067,0.048,0.039,9.602
2020-01-13 07:00:00-03:00,0.177,0.099,0.106,11.254
2020-01-13 08:00:00-03:00,0.215,0.08700000000000001,0.162,13.199
2020-01-13 09:00:00-03:00,0.21,0.05,0.194,14.984
2020-01-13 10:00:00-03:00,0.222,0.038,0.222,16.422
2020-01-13 11:00:00-03:00,0.259,0.041,0.263,17.561
2020-01-13 12:00:00-03:00,0.311,0.05,0.314,18.314
2020-01-13 13:00:00-03:00,0.352,0.043000000000000003,0.37,18.429
2020-01-13 14:00:00-03:00,0.362,0.057,0.368,18.256
2020-01-13 15:00:00-03:00,0.263,0.034,0.274,17.605
2020-01-13 16:00:00-03:00,0.162,0.013000000000000001,0.181,16.474
2020-01-13 17:00:00-03:00,0.112,0.009000000000000001,0.131,15.468
2020-01-13 18:00:00-03:00,0.075,0.006,0.092,14.706
2020-01-13 19:00:00-03:00,0.038,0.004,0.052000000000000005,13.888
2020-01-13 20:00:00-03:00,0.011,0.002,0.021,12.889
2020-01-13 21:00:00-03:00,0.0,0.001,0.003,11.736
2020-01-13 22:00:00-03:00,0.0,0.0,0.0,11.072
2020-01-13 23:00:00-03:00,0.0,0.0,0.0,10.781
2020-01-14 00:00:00-03:00,0.0,0.0,0.0,10.493
2020-01-14 01:00:00-03:00,0.0,0.0,0.0,10.209
2020-01-14 02:00:00-03:00,0.0,0.0,0.0,9.978
2020-01-14 03:00:00-03:00,0.0,0.0,0.0,9.835
2020-01-14 04:00:00-03:00,0.0,0.0,0.0,9.561
2020-01-14 05:00:00-03:00,0.0,0.0,0.0,9.192
2020-01-14 06:00:00-03:00,0.003,0.002,0.01,8.621
2020-01-14 07:00:00-03:00,0.042,0.008,0.051000000000000004,8.105
2020-01-14 08:00:00-03:00,0.12,0.025,0.11800000000000001,8.237
2020-01-14 09:00:00-03:00,0.27,0.09,0.215,9.202
2020-01-14 10:00:00-03:00,0.391,0.159,0.28200000000000003,10.338
2020-01-14 11:00:00-03:00,0.47900000000000004,0.217,0.331,11.354
2020-01-14 12:00:00-03:00,0.389,0.093,0.34800000000000003,11.445
2020-01-14 13:00:00-03:00,0.371,0.048,0.373,11.119
2020-01-14 14:00:00-03:00,0.35000000000000003,0.047,0.34800000000000003,10.883
2020-01-14 15:00:00-03:00,0.299,0.046,0.292,10.635
2020-01-14 16:00:00-03:00,0.252,0.04,0.245,10.305
2020-01-14 17:00:00-03:00,0.20500000000000002,0.034,0.2,9.863
2020-01-14 18:00:00-03:00,0.164,0.034,0.156,9.259
2020-01-14 19:00:00-03:00,0.112,0.029,0.106,8.382
2020-01-14 20:00:00-03:00,0.052000000000000005,0.018000000000000002,0.052000000000000005,7.482
2020-01-14 21:00:00-03:00,0.019,0.022,0.01,6.295
2020-01-14 22:00:00-03:00,0.0,0.0,0.0,5.116
2020-01-14 23:00:00-03:00,0.0,0.0,0.0,4.206
2020-01-15 00:00:00-03:00,0.0,0.0,0.0,3.627
2020-01-15 01:00:00-03:00,0.0,0.0,0.0,3.337
2020-01-15 02:00:00-03:00,0.0,0.0,0.0,3.192
2020-01-15 03:00:00-03:00,0.0,0.0,0.0,3.088
2020-01-15 04:00:00-03:00,0.0,0.0,0.0,2.975
2020-01-15 05:00:00-03:00,0.0,0.004,0.001,2.88
2020-01-15 06:00:00-03:00,0.129,0.11,0.04,3.31
2020-01-15 07:00:00-03:00,0.167,0.096,0.093,4.245
2020-01-15 08:00:00-03:00,0.14200000000000002,0.042,0.122,4.869
2020-01-15 09:00:00-03:00,0.228,0.07,0.185,5.775
2020-01-15 10:00:00-03:00,0.5730000000000001,0.404,0.249,7.68
2020-01-15 11:00:00-03:00,0.7030000000000001,0.5720000000000001,0.259,9.206
2020-01-15 12:00:00-03:00,0.739,0.61,0.275,9.996
2020-01-15 13:00:00-03:00,0.739,0.589,0.299,10.627
2020-01-15 14:00:00-03:00,0.709,0.542,0.306,10.819
2020-01-15 15:00:00-03:00,0.65,0.47400000000000003,0.291,10.662
2020-01-15 16:00:00-03:00,0.583,0.40800000000000003,0.268,10.476
2020-01-15 17:00:00-03:00,0.535,0.386,0.228,9.912
2020-01-15 18:00:00-03:00,0.356,0.211,0.188,8.878
2020-01-15 19:00:00-03:00,0.259,0.161,0.13,7.963
2020-01-15 20:00:00-03:00,0.121,0.078,0.066,6.885
2020-01-15 21:00:00-03:00,0.016,0.017,0.011,5.726
2020-01-15 22:00:00-03:00,0.0,0.0,0.0,4.901
2020-01-15 23:00:00-03:00,0.0,0.0,0.0,4.55
2020-01-16 00:00:00-03:00,0.0,0.0,0.0,4.481
2020-01-16 01:00:00-03:00,0.0,0.0,0.0,4.552
2020-01-16 02:00:00-03:00,0.0,0.0,0.0,4.634
2020-01-16 03:00:00-03:00,0.0,0.0,0.0,4.796
2020-01-16 04:00:00-03:00,0.0,0.0,0.0,4.858
2020-01-16 05:00:00-03:00,0.0,0.0,0.0,4.895
2020-01-16 06:00:00-03:00,0.008,0.004,0.014,5.028
2020-01-16 07:00:00-03:00,0.037,0.007,0.046,5.425
2020-01-16 08:00:00-03:00,0.10400000000000001,0.018000000000000002,0.107,6.299
2020-01-16 09:00:00-03:00,0.20700000000000002,0.046,0.188,7.709
2020-01-16 10:00:00-03:00,0.268,0.058,0.243,9.088
2020-01-16 11:00:00-03:00,0.28300000000000003,0.048,0.271,9.887
2020-01-16 12:00:00-03:00,0.256,0.026000000000000002,0.263,10.199
2020-01-16 13:00:00-03:00,0.263,0.017,0.281,10.679
2020-01-16 14:00:00-03:00,0.21,0.011,0.23,11.481
2020-01-16 15:00:00-03:00,0.203,0.016,0.219,12.492
2020-01-16 16:00:00-03:00,0.202,0.023,0.212,13.094
2020-01-16 17:00:00-03:00,0.213,0.039,0.20700000000000002,13.297
2020-01-16 18:00:00-03:00,0.22,0.07,0.184,13.201
2020-01-16 19:00:00-03:00,0.155,0.058,0.124,12.703
2020-01-16 20:00:00-03:00,0.033,0.009000000000000001,0.041,11.886
2020-01-16 21:00:00-03:00,0.001,0.004,0.005,11.261
2020-01-16 22:00:00-03:00,0.0,0.0,0.0,11.097
2020-01-16 23:00:00-03:00,0.0,0.0,0.0,11.05
2020-01-17 00:00:00-03:00,0.0,0.0,0.0,10.953
2020-01-17 01:00:00-03:00,0.0,0.0,0.0,10.78
2020-01-17 02:00:00-03:00,0.0,0.0,0.0,10.557
2020-01-17 03:00:00-03:00,0.0,0.0,0.0,10.217
2020-01-17 04:00:00-03:00,0.0,0.0,0.0,10.037
2020-01-17 05:00:00-03:00,0.0,0.0,0.0,10.125
2020-01-17 06:00:00-03:00,0.009000000000000001,0.006,0.014,10.298
2020-01-17 07:00:00-03:00,0.068,0.024,0.065,10.729
2020-01-17 08:00:00-03:00,0.213,0.099,0.146,11.397
2020-01-17 09:00:00-03:00,0.449,0.303,0.211,12.119
2020-01-17 10:00:00-03:00,0.40700000000000003,0.20500000000000002,0.26,12.659
2020-01-17 11:00:00-03:00,0.49,0.266,0.301,12.983
2020-01-17 12:00:00-03:00,0.6940000000000001,0.55,0.289,13.554
2020-01-17 13:00:00-03:00,0.709,0.548,0.314,13.92
2020-01-17 14:00:00-03:00,0.732,0.611,0.28600000000000003,14.26
2020-01-17 15:00:00-03:00,0.6980000000000001,0.578,0.27,14.358
2020-01-17 16:00:00-03:00,0.623,0.487,0.256,13.944
2020-01-17 17:00:00-03:00,0.588,0.47800000000000004,0.216,13.452
2020-01-17 18:00:00-03:00,0.522,0.434,0.17200000000000001,12.485
2020-01-17 19:00:00-03:00,0.406,0.336,0.125,11.117
2020-01-17 20:00:00-03:00,0.158,0.116,0.068,9.625
2020-01-17 21:00:00-03:00,0.006,0.01,0.007,8.358
2020-01-17 22:00:00-03:00,0.0,0.0,0.0,7.832
2020-01-17 23:00:00-03:00,0.0,0.0,0.0,7.551
2020-01-18 00:00:00-03:00,0.0,0.0,0.0,7.399
2020-01-18 01:00:00-03:00,0.0,0.0,0.0,7.304
2020-01-18 02:00:00-03:00,0.0,0.0,0.0,7.216
2020-01-18 03:00:00-03:00,0.0,0.0,0.0,7.205
2020-01-18 04:00:00-03:00,0.0,0.0,0.0,7.294
2020-01-18 05:00:00-03:00,0.0,0.001,0.0,7.423
2020-01-18 06:00:00-03:00,0.049,0.037,0.029,7.838
2020-01-18 07:00:00-03:00,0.138,0.074,0.088,8.791
2020-01-18 08:00:00-03:00,0.281,0.159,0.158,10.118
2020-01-18 09:00:00-03:00,0.42,0.262,0.216,11.561
2020-01-18 10:00:00-03:00,0.556,0.395,0.255,13.051
2020-01-18 11:00:00-03:00,0.653,0.508,0.276,14.087
2020-01-18 12:00:00-03:00,0.678,0.521,0.302,14.782
2020-01-18 13:00:00-03:00,0.631,0.384,0.374,15.099
2020-01-18 14:00:00-03:00,0.439,0.13,0.379,14.647
2020-01-18 15:00:00-03:00,0.273,0.046,0.267,13.73
2020-01-18 16:00:00-03:00,0.367,0.138,0.28300000000000003,13.658
2020-01-18 17:00:00-03:00,0.295,0.107,0.231,13.347
2020-01-18 18:00:00-03:00,0.164,0.042,0.151,12.334
2020-01-18 19:00:00-03:00,0.153,0.065,0.116,11.303
2020-01-18 20:00:00-03:00,0.125,0.084,0.065,10.226
2020-01-18 21:00:00-03:00,0.013000000000000001,0.018000000000000002,0.008,9.06
2020-01-18 22:00:00-03:00,0.0,0.0,0.0,8.348
2020-01-18 23:00:00-03:00,0.0,0.0,0.0,8.021
2020-01-19 00:00:00-03:00,0.0,0.0,0.0,7.828
2020-01-19 01:00:00-03:00,0.0,0.0,0.0,7.779
2020-01-19 02:00:00-03:00,0.0,0.0,0.0,7.874
2020-01-19 03:00:00-03:00,0.0,0.0,0.0,7.961
2020-01-19 04:00:00-03:00,0.0,0.0,0.0,8.055
2020-01-19 05:00:00-03:00,0.0,0.002,0.0,8.288
2020-01-19 06:00:00-03:00,0.046,0.038,0.026000000000000002,8.974
2020-01-19 07:00:00-03:00,0.17300000000000001,0.112,0.088,10.027
2020-01-19 08:00:00-03:00,0.291,0.18,0.149,10.647
2020-01-19 09:00:00-03:00,0.6940000000000001,0.662,0.166,11.193
2020-01-19 10:00:00-03:00,0.732,0.684,0.2,11.774000000000001
2020-01-19 11:00:00-03:00,0.6980000000000001,0.594,0.245,12.267
2020-01-19 12:00:00-03:00,0.782,0.723,0.24,12.8
2020-01-19 13:00:00-03:00,0.8170000000000001,0.805,0.215,13.205
2020-01-19 14:00:00-03:00,0.775,0.714,0.242,13.348
2020-01-19 15:00:00-03:00,0.786,0.751,0.223,13.489
2020-01-19 16:00:00-03:00,0.6960000000000001,0.617,0.223,13.098
2020-01-19 17:00:00-03:00,0.602,0.506,0.202,12.408
2020-01-19 18:00:00-03:00,0.538,0.462,0.161,11.706
2020-01-19 19:00:00-03:00,0.41500000000000004,0.354,0.117,10.764
2020-01-19 20:00:00-03:00,0.14300000000000002,0.106,0.062,9.443
2020-01-19 21:00:00-03:00,0.014,0.018000000000000002,0.009000000000000001,7.912
2020-01-19 22:00:00-03:00,0.0,0.0,0.0,6.811
2020-01-19 23:00:00-03:00,0.0,0.0,0.0,6.307
2020-01-20 00:00:00-03:00,0.0,0.0,0.0,6.239
2020-01-20 01:00:00-03:00,0.0,0.0,0.0,6.272
2020-01-20 02:00:00-03:00,0.0,0.0,0.0,6.27
2020-01-20 03:00:00-03:00,0.0,0.0,0.0,6.281
2020-01-20 04:00:00-03:00,0.0,0.0,0.0,6.398
2020-01-20 05:00:00-03:00,0.0,0.0,0.0,6.553
2020-01-20 06:00:00-03:00,0.007,0.004,0.013000000000000001,6.601
2020-01-20 07:00:00-03:00,0.018000000000000002,0.003,0.029,6.757
2020-01-20 08:00:00-03:00,0.061,0.007,0.073,7.138
2020-01-20 09:00:00-03:00,0.116,0.012,0.127,8.362
2020-01-20 10:00:00-03:00,0.14200000000000002,0.012,0.155,10.08
2020-01-20 11:00:00-03:00,0.17,0.013000000000000001,0.186,11.838
2020-01-20 12:00:00-03:00,0.214,0.017,0.231,13.407
2020-01-20 13:00:00-03:00,0.223,0.012,0.247,14.184
2020-01-20 14:00:00-03:00,0.23700000000000002,0.016,0.259,14.506
2020-01-20 15:00:00-03:00,0.241,0.026000000000000002,0.253,14.762
2020-01-20 16:00:00-03:00,0.256,0.045,0.252,15.035
2020-01-20 17:00:00-03:00,0.217,0.043000000000000003,0.21,14.935
2020-01-20 18:00:00-03:00,0.157,0.033,0.154,14.369
2020-01-20 19:00:00-03:00,0.092,0.021,0.095,13.539
2020-01-20 20:00:00-03:00,0.033,0.01,0.04,12.537
2020-01-20 21:00:00-03:00,0.002,0.005,0.004,11.483
2020-01-20 22:00:00-03:00,0.0,0.0,0.0,10.826
2020-01-20 23:00:00-03:00,0.0,0.0,0.0,10.261
2020-01-21 00:00:00-03:00,0.0,0.0,0.0,9.654
2020-01-21 01:00:00-03:00,0.0,0.0,0.0,9.017
2020-01-21 02:00:00-03:00,0.0,0.0,0.0,8.422
2020-01-21 03:00:00-03:00,0.0,0.0,0.0,7.999
2020-01-21 04:00:00-03:00,0.0,0.0,0.0,7.944
2020-01-21 05:00:00-03:00,0.0,0.0,0.0,7.953
2020-01-21 06:00:00-03:00,0.028,0.023,0.021,8.112
2020-01-21 07:00:00-03:00,0.065,0.025,0.06,8.776
2020-01-21 08:00:00-03:00,0.176,0.073,0.13,9.686
2020-01-21 09:00:00-03:00,0.53,0.417,0.194,11.292
2020-01-21 10:00:00-03:00,0.71,0.651,0.20700000000000002,12.882
2020-01-21 11:00:00-03:00,0.754,0.7000000000000001,0.229,14.139
2020-01-21 12:00:00-03:00,0.748,0.672,0.254,15.101
2020-01-21 13:00:00-03:00,0.781,0.737,0.242,15.853
2020-01-21 14:00:00-03:00,0.777,0.738,0.23900000000000002,16.317
2020-01-21 15:00:00-03:00,0.734,0.669,0.243,16.412
2020-01-21 16:00:00-03:00,0.665,0.579,0.231,16.107
2020-01-21 17:00:00-03:00,0.628,0.56,0.196,15.553
2020-01-21 18:00:00-03:00,0.5710000000000001,0.52,0.155,14.446
2020-01-21 19:00:00-03:00,0.394,0.334,0.117,12.87
2020-01-21 20:00:00-03:00,0.096,0.063,0.056,11.182
2020-01-21 21:00:00-03:00,0.006,0.009000000000000001,0.007,9.362
2020-01-21 22:00:00-03:00,0.0,0.0,0.0,7.741
2020-01-21 23:00:00-03:00,0.0,0.0,0.0,6.635
2020-01-22 00:00:00-03:00,0.0,0.0,0.0,6.006
2020-01-22 01:00:00-03:00,0.0,0.0,0.0,5.464
2020-01-22 02:00:00-03:00,0.0,0.0,0.0,5.116
2020-01-22 03:00:00-03:00,0.0,0.0,0.0,4.969
2020-01-22 04:00:00-03:00,0.0,0.0,0.0,4.687
2020-01-22 05:00:00-03:00,0.0,0.0,0.0,4.229
2020-01-22 06:00:00-03:00,0.079,0.068,0.031,4.538
2020-01-22 07:00:00-03:00,0.201,0.129,0.097,6.114
2020-01-22 08:00:00-03:00,0.26,0.133,0.158,7.649
2020-01-22 09:00:00-03:00,0.244,0.077,0.197,8.87
2020-01-22 10:00:00-03:00,0.28800000000000003,0.08,0.245,10.085
2020-01-22 11:00:00-03:00,0.362,0.111,0.299,11.477
2020-01-22 12:00:00-03:00,0.428,0.145,0.34600000000000003,12.91
2020-01-22 13:00:00-03:00,0.47800000000000004,0.14400000000000002,0.41200000000000003,14.141
2020-01-22 14:00:00-03:00,0.4,0.09,0.373,14.883
2020-01-22 15:00:00-03:00,0.279,0.047,0.276,15.028
2020-01-22 16:00:00-03:00,0.11800000000000001,0.008,0.137,13.754
2020-01-22 17:00:00-03:00,0.075,0.005,0.092,12.518
2020-01-22 18:00:00-03:00,0.054,0.004,0.07,11.775
2020-01-22 19:00:00-03:00,0.037,0.004,0.05,11.312
2020-01-22 20:00:00-03:00,0.013000000000000001,0.003,0.023,10.787
2020-01-22 21:00:00-03:00,0.0,0.001,0.002,10.14
2020-01-22 22:00:00-03:00,0.0,0.0,0.0,9.634
2020-01-22 23:00:00-03:00,0.0,0.0,0.0,9.051
2020-01-23 00:00:00-03:00,0.0,0.0,0.0,8.45
2020-01-23 01:00:00-03:00,0.0,0.0,0.0,8.1
2020-01-23 02:00:00-03:00,0.0,0.0,0.0,7.924
2020-01-23 03:00:00-03:00,0.0,0.0,0.0,7.459
2020-01-23 04:00:00-03:00,0.0,0.0,0.0,6.976
2020-01-23 05:00:00-03:00,0.0,0.0,0.0,6.579
2020-01-23 06:00:00-03:00,0.044,0.04,0.022,6.711
2020-01-23 07:00:00-03:00,0.164,0.099,0.089,7.8260000000000005
2020-01-23 08:00:00-03:00,0.276,0.156,0.155,9.593
2020-01-23 09:00:00-03:00,0.378,0.213,0.215,10.98
2020-01-23 10:00:00-03:00,0.331,0.122,0.254,11.334
2020-01-23 11:00:00-03:00,0.419,0.17300000000000001,0.304,11.761
2020-01-23 12:00:00-03:00,0.41300000000000003,0.137,0.334,11.885
2020-01-23 13:00:00-03:00,0.4,0.082,0.373,11.638
2020-01-23 14:00:00-03:00,0.362,0.067,0.343,11.232
2020-01-23 15:00:00-03:00,0.274,0.045,0.265,10.62
2020-01-23 16:00:00-03:00,0.213,0.031,0.212,10.142
2020-01-23 17:00:00-03:00,0.20600000000000002,0.043000000000000003,0.193,10.075
2020-01-23 18:00:00-03:00,0.24,0.096,0.176,10.039
2020-01-23 19:00:00-03:00,0.212,0.11800000000000001,0.124,9.52
2020-01-23 20:00:00-03:00,0.10400000000000001,0.067,0.059000000000000004,8.447
2020-01-23 21:00:00-03:00,0.006,0.01,0.006,6.98
2020-01-23 22:00:00-03:00,0.0,0.0,0.0,6.009
2020-01-23 23:00:00-03:00,0.0,0.0,0.0,5.417
2020-01-24 00:00:00-03:00,0.0,0.0,0.0,5.165
2020-01-24 01:00:00-03:00,0.0,0.0,0.0,5.147
2020-01-24 02:00:00-03:00,0.0,0.0,0.0,4.985
2020-01-24 03:00:00-03:00,0.0,0.0,0.0,4.478
2020-01-24 04:00:00-03:00,0.0,0.0,0.0,4.176
2020-01-24 05:00:00-03:00,0.0,0.0,0.0,4.039
2020-01-24 06:00:00-03:00,0.085,0.08,0.025,4.22
2020-01-24 07:00:00-03:00,0.219,0.152,0.093,5.6690000000000005
2020-01-24 08:00:00-03:00,0.381,0.268,0.157,7.621
2020-01-24 09:00:00-03:00,0.404,0.24,0.214,9.093
2020-01-24 10:00:00-03:00,0.321,0.112,0.248,9.687
2020-01-24 11:00:00-03:00,0.291,0.066,0.263,10.375
2020-01-24 12:00:00-03:00,0.312,0.063,0.292,11.748
2020-01-24 13:00:00-03:00,0.32,0.043000000000000003,0.322,12.91
2020-01-24 14:00:00-03:00,0.383,0.08600000000000001,0.354,13.384
2020-01-24 15:00:00-03:00,0.378,0.11900000000000001,0.314,13.186
2020-01-24 16:00:00-03:00,0.323,0.099,0.268,12.677
2020-01-24 17:00:00-03:00,0.268,0.085,0.22,12.338
2020-01-24 18:00:00-03:00,0.184,0.056,0.158,11.892
2020-01-24 19:00:00-03:00,0.108,0.035,0.097,11.12
2020-01-24 20:00:00-03:00,0.045,0.02,0.043000000000000003,10.098
2020-01-24 21:00:00-03:00,0.002,0.005,0.004,8.891
2020-01-24 22:00:00-03:00,0.0,0.0,0.0,7.888
2020-01-24 23:00:00-03:00,0.0,0.0,0.0,7.397
2020-01-25 00:00:00-03:00,0.0,0.0,0.0,7.255
2020-01-25 01:00:00-03:00,0.0,0.0,0.0,7.177
2020-01-25 02:00:00-03:00,0.0,0.0,0.0,7.11
2020-01-25 03:00:00-03:00,0.0,0.0,0.0,7.02
2020-01-25 04:00:00-03:00,0.0,0.0,0.0,6.9510000000000005
2020-01-25 05:00:00-03:00,0.0,0.0,0.0,6.901
2020-01-25 06:00:00-03:00,0.012,0.011,0.013000000000000001,7.056
2020-01-25 07:00:00-03:00,0.038,0.011,0.044,7.61
2020-01-25 08:00:00-03:00,0.098,0.023,0.097,8.623
2020-01-25 09:00:00-03:00,0.264,0.106,0.193,10.378
2020-01-25 10:00:00-03:00,0.518,0.34900000000000003,0.251,12.268
2020-01-25 11:00:00-03:00,0.583,0.404,0.28400000000000003,13.525
2020-01-25 12:00:00-03:00,0.515,0.274,0.328,14.119
2020-01-25 13:00:00-03:00,0.553,0.272,0.379,14.491
2020-01-25 14:00:00-03:00,0.583,0.339,0.354,14.802
2020-01-25 15:00:00-03:00,0.503,0.273,0.315,14.621
2020-01-25 16:00:00-03:00,0.548,0.377,0.268,14.398
2020-01-25 17:00:00-03:00,0.544,0.418,0.219,13.801
2020-01-25 18:00:00-03:00,0.423,0.308,0.177,12.536
2020-01-25 19:00:00-03:00,0.23500000000000001,0.148,0.12,11.014
2020-01-25 20:00:00-03:00,0.069,0.041,0.049,9.531
2020-01-25 21:00:00-03:00,0.001,0.004,0.003,8.243
2020-01-25 22:00:00-03:00,0.0,0.0,0.0,7.635
2020-01-25 23:00:00-03:00,0.0,0.0,0.0,7.464
2020-01-26 00:00:00-03:00,0.0,0.0,0.0,7.571
2020-01-26 01:00:00-03:00,0.0,0.0,0.0,7.599
2020-01-26 02:00:00-03:00,0.0,0.0,0.0,7.658
2020-01-26 03:00:00-03:00,0.0,0.0,0.0,7.712
2020-01-26 04:00:00-03:00,0.0,0.0,0.0,7.608
2020-01-26 05:00:00-03:00,0.0,0.0,0.0,7.412
2020-01-26 06:00:00-03:00,0.107,0.106,0.023,7.377
2020-01-26 07:00:00-03:00,0.211,0.154,0.085,8.127
2020-01-26 08:00:00-03:00,0.362,0.26,0.146,9.248
2020-01-26 09:00:00-03:00,0.635,0.5680000000000001,0.177,10.701
2020-01-26 10:00:00-03:00,0.662,0.5680000000000001,0.219,11.991
2020-01-26 11:00:00-03:00,0.6990000000000001,0.596,0.248,13.038
2020-01-26 12:00:00-03:00,0.678,0.537,0.28200000000000003,13.918
2020-01-26 13:00:00-03:00,0.687,0.527,0.308,14.64
2020-01-26 14:00:00-03:00,0.746,0.659,0.265,15.349
2020-01-26 15:00:00-03:00,0.678,0.562,0.264,15.566
2020-01-26 16:00:00-03:00,0.687,0.613,0.226,15.654
2020-01-26 17:00:00-03:00,0.553,0.446,0.209,15.249
2020-01-26 18:00:00-03:00,0.191,0.07,0.154,13.84
2020-01-26 19:00:00-03:00,0.042,0.008,0.053,11.704
2020-01-26 20:00:00-03:00,0.01,0.003,0.018000000000000002,10.105
2020-01-26 21:00:00-03:00,0.0,0.001,0.002,9.276
2020-01-26 22:00:00-03:00,0.0,0.0,0.0,8.711
2020-01-26 23:00:00-03:00,0.0,0.0,0.0,8.127
2020-01-27 00:00:00-03:00,0.0,0.0,0.0,7.464
2020-01-27 01:00:00-03:00,0.0,0.0,0.0,6.658
2020-01-27 02:00:00-03:00,0.0,0.0,0.0,6.155
2020-01-27 03:00:00-03:00,0.0,0.0,0.0,5.708
2020-01-27 04:00:00-03:00,0.0,0.0,0.0,5.526
2020-01-27 05:00:00-03:00,0.0,0.0,0.0,5.445
2020-01-27 06:00:00-03:00,0.033,0.029,0.02,5.594
2020-01-27 07:00:00-03:00,0.058,0.018000000000000002,0.059000000000000004,6.461
2020-01-27 08:00:00-03:00,0.073,0.011,0.082,7.389
2020-01-27 09:00:00-03:00,0.106,0.011,0.117,8.503
2020-01-27 10:00:00-03:00,0.125,0.01,0.139,9.572
2020-01-27 11:00:00-03:00,0.133,0.008,0.15,10.684
2020-01-27 12:00:00-03:00,0.128,0.006,0.148,11.661
2020-01-27 13:00:00-03:00,0.151,0.006,0.17300000000000001,12.428
2020-01-27 14:00:00-03:00,0.157,0.007,0.179,13.07
2020-01-27 15:00:00-03:00,0.117,0.005,0.138,13.381
2020-01-27 16:00:00-03:00,0.123,0.008,0.14100000000000001,13.467
2020-01-27 17:00:00-03:00,0.108,0.009000000000000001,0.125,13.166
2020-01-27 18:00:00-03:00,0.128,0.022,0.132,12.826
2020-01-27 19:00:00-03:00,0.15,0.063,0.115,12.169
2020-01-27 20:00:00-03:00,0.112,0.077,0.058,10.744
2020-01-27 21:00:00-03:00,0.006,0.011,0.004,8.722
2020-01-27 22:00:00-03:00,0.0,0.0,0.0,7.484
2020-01-27 23:00:00-03:00,0.0,0.0,0.0,6.911
2020-01-28 00:00:00-03:00,0.0,0.0,0.0,6.784
2020-01-28 01:00:00-03:00,0.0,0.0,0.0,6.832
2020-01-28 02:00:00-03:00,0.0,0.0,0.0,6.744
2020-01-28 03:00:00-03:00,0.0,0.0,0.0,6.399
2020-01-28 04:00:00-03:00,0.0,0.0,0.0,5.845
2020-01-28 05:00:00-03:00,0.0,0.0,0.0,5.296
2020-01-28 06:00:00-03:00,0.075,0.075,0.02,5.187
2020-01-28 07:00:00-03:00,0.22,0.162,0.084,5.97
2020-01-28 08:00:00-03:00,0.383,0.28200000000000003,0.14400000000000002,7.04
2020-01-28 09:00:00-03:00,0.5,0.371,0.195,8.052
2020-01-28 10:00:00-03:00,0.519,0.34800000000000003,0.243,8.998
2020-01-28 11:00:00-03:00,0.552,0.355,0.28,10.005
2020-01-28 12:00:00-03:00,0.541,0.31,0.313,10.634
2020-01-28 13:00:00-03:00,0.589,0.333,0.352,10.975999999999999
2020-01-28 14:00:00-03:00,0.585,0.342,0.339,11.079
2020-01-28 15:00:00-03:00,0.532,0.312,0.301,10.917
2020-01-28 16:00:00-03:00,0.507,0.317,0.265,10.776
2020-01-28 17:00:00-03:00,0.532,0.399,0.214,10.712
2020-01-28 18:00:00-03:00,0.294,0.161,0.171,9.793
2020-01-28 19:00:00-03:00,0.096,0.032,0.08600000000000001,8.454
2020-01-28 20:00:00-03:00,0.033,0.016,0.034,7.398
2020-01-28 21:00:00-03:00,0.0,0.002,0.002,6.431
2020-01-28 22:00:00-03:00,0.0,0.0,0.0,5.649
2020-01-28 23:00:00-03:00,0.0,0.0,0.0,5.036
2020-01-29 00:00:00-03:00,0.0,0.0,0.0,4.716
2020-01-29 01:00:00-03:00,0.0,0.0,0.0,4.591
2020-01-29 02:00:00-03:00,0.0,0.0,0.0,4.572
2020-01-29 03:00:00-03:00,0.0,0.0,0.0,4.628
2020-01-29 04:00:00-03:00,0.0,0.0,0.0,4.625
2020-01-29 05:00:00-03:00,0.0,0.0,0.0,4.635
2020-01-29 06:00:00-03:00,0.016,0.015,0.014,4.995
2020-01-29 07:00:00-03:00,0.091,0.042,0.069,5.881
2020-01-29 08:00:00-03:00,0.336,0.219,0.155,7.141
2020-01-29 09:00:00-03:00,0.556,0.431,0.20500000000000002,8.677
2020-01-29 10:00:00-03:00,0.379,0.165,0.261,9.62
2020-01-29 11:00:00-03:00,0.325,0.08700000000000001,0.279,10.173
2020-01-29 12:00:00-03:00,0.303,0.056,0.28600000000000003,10.529
2020-01-29 13:00:00-03:00,0.268,0.026000000000000002,0.278,10.576
2020-01-29 14:00:00-03:00,0.191,0.012,0.20800000000000002,10.245
2020-01-29 15:00:00-03:00,0.145,0.009000000000000001,0.161,9.796
2020-01-29 16:00:00-03:00,0.108,0.007,0.125,9.244
2020-01-29 17:00:00-03:00,0.068,0.004,0.084,8.286
2020-01-29 18:00:00-03:00,0.041,0.003,0.055,7.638
2020-01-29 19:00:00-03:00,0.025,0.003,0.037,8.126
2020-01-29 20:00:00-03:00,0.005,0.001,0.013000000000000001,8.339
2020-01-29 21:00:00-03:00,0.0,0.001,0.001,8.076
2020-01-29 22:00:00-03:00,0.0,0.0,0.0,8.366
2020-01-29 23:00:00-03:00,0.0,0.0,0.0,8.947
2020-01-30 00:00:00-03:00,0.0,0.0,0.0,9.503
2020-01-30 01:00:00-03:00,0.0,0.0,0.0,9.906
2020-01-30 02:00:00-03:00,0.0,0.0,0.0,10.097
2020-01-30 03:00:00-03:00,0.0,0.0,0.0,9.818
2020-01-30 04:00:00-03:00,0.0,0.0,0.0,9.274000000000001
2020-01-30 05:00:00-03:00,0.0,0.0,0.0,8.514
2020-01-30 06:00:00-03:00,0.032,0.033,0.015,7.791
2020-01-30 07:00:00-03:00,0.098,0.054,0.066,7.841
2020-01-30 08:00:00-03:00,0.156,0.063,0.11800000000000001,8.394
2020-01-30 09:00:00-03:00,0.343,0.19,0.194,9.324
2020-01-30 10:00:00-03:00,0.431,0.244,0.244,10.26
2020-01-30 11:00:00-03:00,0.527,0.329,0.279,11.135
2020-01-30 12:00:00-03:00,0.591,0.39,0.301,11.902
2020-01-30 13:00:00-03:00,0.644,0.44,0.324,12.487
2020-01-30 14:00:00-03:00,0.615,0.406,0.322,12.825
2020-01-30 15:00:00-03:00,0.605,0.431,0.28300000000000003,13.008
2020-01-30 16:00:00-03:00,0.611,0.48,0.243,13.132
2020-01-30 17:00:00-03:00,0.5720000000000001,0.468,0.203,13.055
2020-01-30 18:00:00-03:00,0.433,0.33,0.165,12.256
2020-01-30 19:00:00-03:00,0.081,0.025,0.078,10.665
2020-01-30 20:00:00-03:00,0.04,0.022,0.036000000000000004,9.333
2020-01-30 21:00:00-03:00,0.0,0.002,0.002,8.018
2020-01-30 22:00:00-03:00,0.0,0.0,0.0,7.318
2020-01-30 23:00:00-03:00,0.0,0.0,0.0,6.99
2020-01-31 00:00:00-03:00,0.0,0.0,0.0,6.866
2020-01-31 01:00:00-03:00,0.0,0.0,0.0,6.796
2020-01-31 02:00:00-03:00,0.0,0.0,0.0,6.822
2020-01-31 03:00:00-03:00,0.0,0.0,0.0,6.836
2020-01-31 04:00:00-03:00,0.0,0.0,0.0,6.8629999999999995
2020-01-31 05:00:00-03:00,0.0,0.0,0.0,6.88
2020-01-31 06:00:00-03:00,0.001,0.002,0.005,6.856
2020-01-31 07:00:00-03:00,0.017,0.004,0.027,7.108
2020-01-31 08:00:00-03:00,0.062,0.009000000000000001,0.073,7.791
2020-01-31 09:00:00-03:00,0.16,0.031,0.154,9.007
2020-01-31 10:00:00-03:00,0.231,0.048,0.215,10.307
2020-01-31 11:00:00-03:00,0.187,0.02,0.197,10.991
2020-01-31 12:00:00-03:00,0.156,0.01,0.17300000000000001,11.258
2020-01-31 13:00:00-03:00,0.187,0.01,0.20700000000000002,11.586
2020-01-31 14:00:00-03:00,0.19,0.012,0.209,11.91
2020-01-31 15:00:00-03:00,0.163,0.012,0.18,12.187
2020-01-31 16:00:00-03:00,0.168,0.017,0.18,12.494
2020-01-31 17:00:00-03:00,0.154,0.021,0.161,12.668
2020-01-31 18:00:00-03:00,0.106,0.016,0.115,12.453
2020-01-31 19:00:00-03:00,0.067,0.014,0.073,11.868
2020-01-31 20:00:00-03:00,0.019,0.007,0.027,10.753
2020-01-31 21:00:00-03:00,0.0,0.001,0.001,9.525
2020-01-31 22:00:00-03:00,0.0,0.0,0.0,8.892
2020-01-31 23:00:00-03:00,0.0,0.0,0.0,8.295
2020-02-01 00:00:00-03:00,0.0,0.0,0.0,7.7219999999999995
2020-02-01 01:00:00-03:00,0.0,0.0,0.0,7.419
2020-02-01 02:00:00-03:00,0.0,0.0,0.0,7.245
2020-02-01 03:00:00-03:00,0.0,0.0,0.0,6.956
2020-02-01 04:00:00-03:00,0.0,0.0,0.0,6.844
2020-02-01 05:00:00-03:00,0.0,0.0,0.0,6.892
2020-02-01 06:00:00-03:00,0.004,0.005,0.007,7.188
2020-02-01 07:00:00-03:00,0.05,0.02,0.049,8.117
2020-02-01 08:00:00-03:00,0.163,0.067,0.123,9.716
2020-02-01 09:00:00-03:00,0.341,0.188,0.2,12.022
2020-02-01 10:00:00-03:00,0.41400000000000003,0.225,0.251,13.413
2020-02-01 11:00:00-03:00,0.362,0.135,0.28,13.655
2020-02-01 12:00:00-03:00,0.4,0.148,0.312,13.891
2020-02-01 13:00:00-03:00,0.369,0.089,0.335,13.915
2020-02-01 14:00:00-03:00,0.42,0.14,0.34500000000000003,14.254
2020-02-01 15:00:00-03:00,0.263,0.05,0.252,13.925
2020-02-01 16:00:00-03:00,0.273,0.073,0.241,13.914
2020-02-01 17:00:00-03:00,0.171,0.033,0.169,13.478
2020-02-01 18:00:00-03:00,0.193,0.07100000000000001,0.154,13.407
2020-02-01 19:00:00-03:00,0.129,0.057,0.098,12.688
2020-02-01 20:00:00-03:00,0.047,0.028,0.038,10.784
2020-02-01 21:00:00-03:00,0.0,0.002,0.001,8.827
2020-02-01 22:00:00-03:00,0.0,0.0,0.0,8.396
2020-02-01 23:00:00-03:00,0.0,0.0,0.0,7.16
2020-02-02 00:00:00-03:00,0.0,0.0,0.0,6.162
2020-02-02 01:00:00-03:00,0.0,0.0,0.0,5.44
2020-02-02 02:00:00-03:00,0.0,0.0,0.0,4.934
2020-02-02 03:00:00-03:00,0.0,0.0,0.0,4.568
2020-02-02 04:00:00-03:00,0.0,0.0,0.0,4.127
2020-02-02 05:00:00-03:00,0.0,0.0,0.0,3.527
2020-02-02 06:00:00-03:00,0.077,0.08,0.016,3.416
2020-02-02 07:00:00-03:00,0.266,0.214,0.08,5.014
2020-02-02 08:00:00-03:00,0.313,0.20800000000000002,0.14,7.071
2020-02-02 09:00:00-03:00,0.20600000000000002,0.067,0.167,8.576
2020-02-02 10:00:00-03:00,0.198,0.041,0.186,9.919
2020-02-02 11:00:00-03:00,0.276,0.07,0.244,11.735
2020-02-02 12:00:00-03:00,0.314,0.081,0.278,13.656
2020-02-02 13:00:00-03:00,0.324,0.067,0.307,15.016
2020-02-02 14:00:00-03:00,0.363,0.101,0.32,16.201
2020-02-02 15:00:00-03:00,0.34900000000000003,0.11900000000000001,0.28700000000000003,17.056
2020-02-02 16:00:00-03:00,0.373,0.17300000000000001,0.263,17.648
2020-02-02 17:00:00-03:00,0.327,0.163,0.219,17.825
2020-02-02 18:00:00-03:00,0.316,0.2,0.169,17.632
2020-02-02 19:00:00-03:00,0.17200000000000001,0.101,0.10400000000000001,16.38
2020-02-02 20:00:00-03:00,0.054,0.036000000000000004,0.038,14.164
2020-02-02 21:00:00-03:00,0.0,0.002,0.001,12.221
2020-02-02 22:00:00-03:00,0.0,0.0,0.0,11.999
2020-02-02 23:00:00-03:00,0.0,0.0,0.0,11.724
2020-02-03 00:00:00-03:00,0.0,0.0,0.0,11.441
2020-02-03 01:00:00-03:00,0.0,0.0,0.0,11.254
2020-02-03 02:00:00-03:00,0.0,0.0,0.0,10.938
2020-02-03 03:00:00-03:00,0.0,0.0,0.0,10.241
2020-02-03 04:00:00-03:00,0.0,0.0,0.0,9.129
2020-02-03 05:00:00-03:00,0.0,0.0,0.0,8.293
2020-02-03 06:00:00-03:00,0.017,0.02,0.01,7.968
2020-02-03 07:00:00-03:00,0.23,0.184,0.077,8.905
2020-02-03 08:00:00-03:00,0.5760000000000001,0.541,0.127,10.896
2020-02-03 09:00:00-03:00,0.594,0.52,0.179,13.018
2020-02-03 10:00:00-03:00,0.577,0.451,0.231,14.394
2020-02-03 11:00:00-03:00,0.538,0.359,0.276,15.347
2020-02-03 12:00:00-03:00,0.33,0.097,0.28400000000000003,15.499
2020-02-03 13:00:00-03:00,0.248,0.033,0.255,15.274000000000001
2020-02-03 14:00:00-03:00,0.256,0.038,0.258,15.369
2020-02-03 15:00:00-03:00,0.218,0.035,0.22,15.177
2020-02-03 16:00:00-03:00,0.171,0.025,0.177,14.562
2020-02-03 17:00:00-03:00,0.154,0.028,0.155,13.898
2020-02-03 18:00:00-03:00,0.158,0.05,0.137,13.308
2020-02-03 19:00:00-03:00,0.215,0.14200000000000002,0.106,12.575
2020-02-03 20:00:00-03:00,0.054,0.036000000000000004,0.037,10.816
2020-02-03 21:00:00-03:00,0.0,0.001,0.001,9.255
2020-02-03 22:00:00-03:00,0.0,0.0,0.0,8.267
2020-02-03 23:00:00-03:00,0.0,0.0,0.0,7.549
2020-02-04 00:00:00-03:00,0.0,0.0,0.0,7.0
2020-02-04 01:00:00-03:00,0.0,0.0,0.0,6.721
2020-02-04 02:00:00-03:00,0.0,0.0,0.0,6.508
2020-02-04 03:00:00-03:00,0.0,0.0,0.0,6.494
2020-02-04 04:00:00-03:00,0.0,0.0,0.0,6.503
2020-02-04 05:00:00-03:00,0.0,0.0,0.0,6.368
2020-02-04 06:00:00-03:00,0.041,0.046,0.012,6.162
2020-02-04 07:00:00-03:00,0.23500000000000001,0.191,0.073,6.876
2020-02-04 08:00:00-03:00,0.391,0.306,0.132,8.252
2020-02-04 09:00:00-03:00,0.614,0.545,0.17,9.785
2020-02-04 10:00:00-03:00,0.658,0.5680000000000001,0.209,10.886
2020-02-04 11:00:00-03:00,0.637,0.501,0.251,11.61
2020-02-04 12:00:00-03:00,0.61,0.435,0.28300000000000003,12.036
2020-02-04 13:00:00-03:00,0.5680000000000001,0.34400000000000003,0.319,12.233
2020-02-04 14:00:00-03:00,0.534,0.305,0.316,12.306
2020-02-04 15:00:00-03:00,0.487,0.277,0.28500000000000003,12.287
2020-02-04 16:00:00-03:00,0.34700000000000003,0.148,0.246,11.832
2020-02-04 17:00:00-03:00,0.363,0.202,0.21,11.418
2020-02-04 18:00:00-03:00,0.271,0.151,0.157,10.672
2020-02-04 19:00:00-03:00,0.14200000000000002,0.075,0.092,9.699
2020-02-04 20:00:00-03:00,0.029,0.018000000000000002,0.028,8.548
2020-02-04 21:00:00-03:00,0.0,0.0,0.0,7.572
2020-02-04 22:00:00-03:00,0.0,0.0,0.0,6.959
2020-02-04 23:00:00-03:00,0.0,0.0,0.0,6.425
2020-02-05 00:00:00-03:00,0.0,0.0,0.0,6.05
2020-02-05 01:00:00-03:00,0.0,0.0,0.0,5.743
2020-02-05 02:00:00-03:00,0.0,0.0,0.0,5.252
2020-02-05 03:00:00-03:00,0.0,0.0,0.0,4.667
2020-02-05 04:00:00-03:00,0.0,0.0,0.0,4.151
2020-02-05 05:00:00-03:00,0.0,0.0,0.0,3.758
2020-02-05 06:00:00-03:00,0.042,0.048,0.011,3.61
2020-02-05 07:00:00-03:00,0.25,0.20700000000000002,0.069,4.925
2020-02-05 08:00:00-03:00,0.458,0.387,0.123,6.399
2020-02-05 09:00:00-03:00,0.62,0.553,0.162,7.884
2020-02-05 10:00:00-03:00,0.6970000000000001,0.629,0.194,9.422
2020-02-05 11:00:00-03:00,0.789,0.754,0.20800000000000002,10.94
2020-02-05 12:00:00-03:00,0.783,0.729,0.231,12.106
2020-02-05 13:00:00-03:00,0.746,0.66,0.25,12.91
2020-02-05 14:00:00-03:00,0.748,0.673,0.243,13.556000000000001
2020-02-05 15:00:00-03:00,0.67,0.5640000000000001,0.243,13.812
2020-02-05 16:00:00-03:00,0.629,0.532,0.218,13.842
2020-02-05 17:00:00-03:00,0.5640000000000001,0.47700000000000004,0.186,13.585
2020-02-05 18:00:00-03:00,0.459,0.383,0.146,12.962
2020-02-05 19:00:00-03:00,0.241,0.179,0.097,11.93
2020-02-05 20:00:00-03:00,0.067,0.053,0.034,10.107
2020-02-05 21:00:00-03:00,0.0,0.001,0.0,7.832
2020-02-05 22:00:00-03:00,0.0,0.0,0.0,7.123
2020-02-05 23:00:00-03:00,0.0,0.0,0.0,6.516
2020-02-06 00:00:00-03:00,0.0,0.0,0.0,5.875
2020-02-06 01:00:00-03:00,0.0,0.0,0.0,4.697
2020-02-06 02:00:00-03:00,0.0,0.0,0.0,3.914
2020-02-06 03:00:00-03:00,0.0,0.0,0.0,3.406
2020-02-06 04:00:00-03:00,0.0,0.0,0.0,2.867
2020-02-06 05:00:00-03:00,0.0,0.0,0.0,2.46
2020-02-06 06:00:00-03:00,0.126,0.135,0.011,2.493
2020-02-06 07:00:00-03:00,0.519,0.519,0.062,5.315
2020-02-06 08:00:00-03:00,0.6950000000000001,0.714,0.099,7.566
2020-02-06 09:00:00-03:00,0.774,0.809,0.131,10.975
2020-02-06 10:00:00-03:00,0.8200000000000001,0.862,0.16,12.834
2020-02-06 11:00:00-03:00,0.844,0.886,0.183,14.322
2020-02-06 12:00:00-03:00,0.853,0.894,0.199,15.686
2020-02-06 13:00:00-03:00,0.845,0.889,0.199,16.878
2020-02-06 14:00:00-03:00,0.8320000000000001,0.874,0.199,17.792
2020-02-06 15:00:00-03:00,0.809,0.846,0.194,18.39
2020-02-06 16:00:00-03:00,0.769,0.803,0.17500000000000002,18.605
2020-02-06 17:00:00-03:00,0.709,0.736,0.149,18.43
2020-02-06 18:00:00-03:00,0.615,0.629,0.11800000000000001,17.761
2020-02-06 19:00:00-03:00,0.454,0.449,0.082,16.28
2020-02-06 20:00:00-03:00,0.171,0.166,0.036000000000000004,13.372
2020-02-06 21:00:00-03:00,0.0,0.001,0.0,10.621
2020-02-06 22:00:00-03:00,0.0,0.0,0.0,9.111
2020-02-06 23:00:00-03:00,0.0,0.0,0.0,7.837
2020-02-07 00:00:00-03:00,0.0,0.0,0.0,6.954
2020-02-07 01:00:00-03:00,0.0,0.0,0.0,6.313
2020-02-07 02:00:00-03:00,0.0,0.0,0.0,5.938
2020-02-07 03:00:00-03:00,0.0,0.0,0.0,5.734
2020-02-07 04:00:00-03:00,0.0,0.0,0.0,5.521
2020-02-07 05:00:00-03:00,0.0,0.0,0.0,5.315
2020-02-07 06:00:00-03:00,0.076,0.08600000000000001,0.01,4.8629999999999995
2020-02-07 07:00:00-03:00,0.46,0.451,0.063,6.908
2020-02-07 08:00:00-03:00,0.667,0.681,0.101,9.223
2020-02-07 09:00:00-03:00,0.75,0.78,0.135,12.656
2020-02-07 10:00:00-03:00,0.788,0.8300000000000001,0.165,16.598
2020-02-07 11:00:00-03:00,0.8170000000000001,0.86,0.189,17.936
2020-02-07 12:00:00-03:00,0.8180000000000001,0.849,0.20700000000000002,18.841
2020-02-07 13:00:00-03:00,0.809,0.835,0.212,19.566
2020-02-07 14:00:00-03:00,0.791,0.809,0.213,20.082
2020-02-07 15:00:00-03:00,0.762,0.771,0.20600000000000002,20.391
2020-02-07 16:00:00-03:00,0.6890000000000001,0.673,0.192,20.409
2020-02-07 17:00:00-03:00,0.595,0.562,0.169,20.192
2020-02-07 18:00:00-03:00,0.42,0.359,0.14,19.642
2020-02-07 19:00:00-03:00,0.28700000000000003,0.247,0.091,18.787
2020-02-07 20:00:00-03:00,0.095,0.08700000000000001,0.033,16.408
2020-02-07 21:00:00-03:00,0.0,0.0,0.0,13.71
2020-02-07 22:00:00-03:00,0.0,0.0,0.0,12.124
2020-02-07 23:00:00-03:00,0.0,0.0,0.0,11.081
2020-02-08 00:00:00-03:00,0.0,0.0,0.0,10.129
2020-02-08 01:00:00-03:00,0.0,0.0,0.0,9.176
2020-02-08 02:00:00-03:00,0.0,0.0,0.0,8.522
2020-02-08 03:00:00-03:00,0.0,0.0,0.0,8.226
2020-02-08 04:00:00-03:00,0.0,0.0,0.0,8.162
2020-02-08 05:00:00-03:00,0.0,0.0,0.0,7.947
2020-02-08 06:00:00-03:00,0.09,0.10300000000000001,0.009000000000000001,7.774
2020-02-08 07:00:00-03:00,0.487,0.495,0.06,9.868
2020-02-08 08:00:00-03:00,0.66,0.686,0.099,12.125
2020-02-08 09:00:00-03:00,0.741,0.786,0.132,15.63
2020-02-08 10:00:00-03:00,0.784,0.839,0.162,18.476
2020-02-08 11:00:00-03:00,0.809,0.863,0.186,19.851
2020-02-08 12:00:00-03:00,0.8200000000000001,0.871,0.203,20.834
2020-02-08 13:00:00-03:00,0.8180000000000001,0.87,0.20600000000000002,21.619
2020-02-08 14:00:00-03:00,0.806,0.854,0.20500000000000002,22.189
2020-02-08 15:00:00-03:00,0.783,0.8280000000000001,0.197,22.56
2020-02-08 16:00:00-03:00,0.743,0.784,0.177,22.655
2020-02-08 17:00:00-03:00,0.682,0.716,0.15,22.476
2020-02-08 18:00:00-03:00,0.517,0.503,0.127,21.633
2020-02-08 19:00:00-03:00,0.359,0.339,0.085,19.871
2020-02-08 20:00:00-03:00,0.154,0.153,0.033,16.874
2020-02-08 21:00:00-03:00,0.0,0.0,0.0,14.504
2020-02-08 22:00:00-03:00,0.0,0.0,0.0,12.706
2020-02-08 23:00:00-03:00,0.0,0.0,0.0,11.214
2020-02-09 00:00:00-03:00,0.0,0.0,0.0,10.381
2020-02-09 01:00:00-03:00,0.0,0.0,0.0,9.789
2020-02-09 02:00:00-03:00,0.0,0.0,0.0,9.259
2020-02-09 03:00:00-03:00,0.0,0.0,0.0,8.855
2020-02-09 04:00:00-03:00,0.0,0.0,0.0,8.52
2020-02-09 05:00:00-03:00,0.0,0.0,0.0,8.262
2020-02-09 06:00:00-03:00,0.027,0.034,0.008,8.121
2020-02-09 07:00:00-03:00,0.158,0.122,0.062,8.822
2020-02-09 08:00:00-03:00,0.352,0.271,0.127,10.427
2020-02-09 09:00:00-03:00,0.515,0.424,0.176,13.386
2020-02-09 10:00:00-03:00,0.494,0.358,0.225,16.474
2020-02-09 11:00:00-03:00,0.46,0.28200000000000003,0.265,18.838
2020-02-09 12:00:00-03:00,0.424,0.218,0.28800000000000003,20.516
2020-02-09 13:00:00-03:00,0.36,0.137,0.293,21.486
2020-02-09 14:00:00-03:00,0.29,0.081,0.265,21.725
2020-02-09 15:00:00-03:00,0.22,0.046,0.218,21.39
2020-02-09 16:00:00-03:00,0.20800000000000002,0.05,0.199,20.703
2020-02-09 17:00:00-03:00,0.298,0.151,0.201,20.044
2020-02-09 18:00:00-03:00,0.243,0.137,0.15,18.611
2020-02-09 19:00:00-03:00,0.151,0.093,0.09,16.609
2020-02-09 20:00:00-03:00,0.033,0.025,0.026000000000000002,14.481
2020-02-09 21:00:00-03:00,0.0,0.0,0.0,12.414
2020-02-09 22:00:00-03:00,0.0,0.0,0.0,10.791
2020-02-09 23:00:00-03:00,0.0,0.0,0.0,9.581
2020-02-10 00:00:00-03:00,0.0,0.0,0.0,8.544
2020-02-10 01:00:00-03:00,0.0,0.0,0.0,7.67
2020-02-10 02:00:00-03:00,0.0,0.0,0.0,6.974
2020-02-10 03:00:00-03:00,0.0,0.0,0.0,6.609
2020-02-10 04:00:00-03:00,0.0,0.0,0.0,6.289
2020-02-10 05:00:00-03:00,0.0,0.0,0.0,6.334
2020-02-10 06:00:00-03:00,0.005,0.009000000000000001,0.005,6.779
2020-02-10 07:00:00-03:00,0.043000000000000003,0.024,0.037,7.789
2020-02-10 08:00:00-03:00,0.153,0.076,0.10300000000000001,8.965
2020-02-10 09:00:00-03:00,0.581,0.513,0.161,10.655
2020-02-10 10:00:00-03:00,0.712,0.671,0.188,12.43
2020-02-10 11:00:00-03:00,0.793,0.782,0.20500000000000002,14.033
2020-02-10 12:00:00-03:00,0.8220000000000001,0.8200000000000001,0.22,15.335
2020-02-10 13:00:00-03:00,0.8210000000000001,0.8180000000000001,0.228,16.415
2020-02-10 14:00:00-03:00,0.804,0.799,0.227,17.348
2020-02-10 15:00:00-03:00,0.773,0.766,0.215,18.073
2020-02-10 16:00:00-03:00,0.706,0.684,0.198,18.538
2020-02-10 17:00:00-03:00,0.278,0.136,0.19,18.169
2020-02-10 18:00:00-03:00,0.091,0.022,0.095,17.39
2020-02-10 19:00:00-03:00,0.075,0.032,0.067,16.266
2020-02-10 20:00:00-03:00,0.081,0.075,0.029,13.417
2020-02-10 21:00:00-03:00,0.0,0.0,0.0,11.15
2020-02-10 22:00:00-03:00,0.0,0.0,0.0,10.238
2020-02-10 23:00:00-03:00,0.0,0.0,0.0,9.616
2020-02-11 00:00:00-03:00,0.0,0.0,0.0,9.159
2020-02-11 01:00:00-03:00,0.0,0.0,0.0,8.254
2020-02-11 02:00:00-03:00,0.0,0.0,0.0,7.481
2020-02-11 03:00:00-03:00,0.0,0.0,0.0,7.052
2020-02-11 04:00:00-03:00,0.0,0.0,0.0,6.883
2020-02-11 05:00:00-03:00,0.0,0.0,0.0,6.8469999999999995
2020-02-11 06:00:00-03:00,0.005,0.009000000000000001,0.006,6.505
2020-02-11 07:00:00-03:00,0.05,0.026000000000000002,0.043000000000000003,7.953
2020-02-11 08:00:00-03:00,0.076,0.019,0.077,8.928
2020-02-11 09:00:00-03:00,0.187,0.06,0.156,10.901
2020-02-11 10:00:00-03:00,0.637,0.542,0.22,14.007
2020-02-11 11:00:00-03:00,0.362,0.151,0.267,15.661
2020-02-11 12:00:00-03:00,0.28300000000000003,0.07100000000000001,0.258,16.219
2020-02-11 13:00:00-03:00,0.259,0.053,0.249,16.355
2020-02-11 14:00:00-03:00,0.128,0.01,0.147,15.63
2020-02-11 15:00:00-03:00,0.158,0.017,0.17200000000000001,15.88
2020-02-11 16:00:00-03:00,0.212,0.045,0.20400000000000001,16.548000000000002
2020-02-11 17:00:00-03:00,0.11800000000000001,0.017,0.129,16.073
2020-02-11 18:00:00-03:00,0.045,0.005,0.06,14.747
2020-02-11 19:00:00-03:00,0.023,0.004,0.034,13.479
2020-02-11 20:00:00-03:00,0.002,0.002,0.008,12.104
2020-02-11 21:00:00-03:00,0.0,0.0,0.0,10.974
2020-02-11 22:00:00-03:00,0.0,0.0,0.0,10.032
2020-02-11 23:00:00-03:00,0.0,0.0,0.0,9.249
2020-02-12 00:00:00-03:00,0.0,0.0,0.0,8.533
2020-02-12 01:00:00-03:00,0.0,0.0,0.0,7.7379999999999995
2020-02-12 02:00:00-03:00,0.0,0.0,0.0,6.688
2020-02-12 03:00:00-03:00,0.0,0.0,0.0,6.071
2020-02-12 04:00:00-03:00,0.0,0.0,0.0,5.839
2020-02-12 05:00:00-03:00,0.0,0.0,0.0,5.603
2020-02-12 06:00:00-03:00,0.017,0.025,0.006,5.41
2020-02-12 07:00:00-03:00,0.233,0.202,0.059000000000000004,6.692
2020-02-12 08:00:00-03:00,0.515,0.47100000000000003,0.113,8.281
2020-02-12 09:00:00-03:00,0.669,0.636,0.152,9.857
2020-02-12 10:00:00-03:00,0.6960000000000001,0.639,0.192,11.221
2020-02-12 11:00:00-03:00,0.664,0.559,0.233,12.354
2020-02-12 12:00:00-03:00,0.608,0.454,0.265,13.203
2020-02-12 13:00:00-03:00,0.516,0.317,0.28400000000000003,13.534
2020-02-12 14:00:00-03:00,0.406,0.189,0.277,13.36
2020-02-12 15:00:00-03:00,0.327,0.124,0.25,12.932
2020-02-12 16:00:00-03:00,0.279,0.101,0.218,12.54
2020-02-12 17:00:00-03:00,0.24,0.095,0.18,12.181
2020-02-12 18:00:00-03:00,0.216,0.111,0.138,11.682
2020-02-12 19:00:00-03:00,0.162,0.106,0.084,10.753
2020-02-12 20:00:00-03:00,0.044,0.039,0.023,9.263
2020-02-12 21:00:00-03:00,0.0,0.0,0.0,7.541
2020-02-12 22:00:00-03:00,0.0,0.0,0.0,6.519
2020-02-12 23:00:00-03:00,0.0,0.0,0.0,5.921
2020-02-13 00:00:00-03:00,0.0,0.0,0.0,5.569
2020-02-13 01:00:00-03:00,0.0,0.0,0.0,5.266
2020-02-13 02:00:00-03:00,0.0,0.0,0.0,4.956
2020-02-13 03:00:00-03:00,0.0,0.0,0.0,4.819
2020-02-13 04:00:00-03:00,0.0,0.0,0.0,4.675
2020-02-13 05:00:00-03:00,0.0,0.0,0.0,4.745
2020-02-13 06:00:00-03:00,0.001,0.004,0.003,5.028
2020-02-13 07:00:00-03:00,0.028,0.013000000000000001,0.031,5.85
2020-02-13 08:00:00-03:00,0.07100000000000001,0.018000000000000002,0.073,7.081
2020-02-13 09:00:00-03:00,0.134,0.031,0.127,8.869
2020-02-13 10:00:00-03:00,0.195,0.045,0.179,10.641
2020-02-13 11:00:00-03:00,0.225,0.047,0.211,12.028
2020-02-13 12:00:00-03:00,0.352,0.127,0.276,13.745
2020-02-13 13:00:00-03:00,0.486,0.26,0.31,15.401
2020-02-13 14:00:00-03:00,0.46900000000000003,0.246,0.305,16.353
2020-02-13 15:00:00-03:00,0.332,0.121,0.265,16.457
2020-02-13 16:00:00-03:00,0.181,0.032,0.182,15.946
2020-02-13 17:00:00-03:00,0.115,0.017,0.125,15.407
2020-02-13 18:00:00-03:00,0.093,0.019,0.098,14.855
2020-02-13 19:00:00-03:00,0.027,0.005,0.038,13.519
2020-02-13 20:00:00-03:00,0.001,0.001,0.006,12.172
2020-02-13 21:00:00-03:00,0.0,0.0,0.0,11.267
2020-02-13 22:00:00-03:00,0.0,0.0,0.0,10.515
2020-02-13 23:00:00-03:00,0.0,0.0,0.0,9.81
2020-02-14 00:00:00-03:00,0.0,0.0,0.0,8.782
2020-02-14 01:00:00-03:00,0.0,0.0,0.0,8.128
2020-02-14 02:00:00-03:00,0.0,0.0,0.0,8.013
2020-02-14 03:00:00-03:00,0.0,0.0,0.0,8.203
2020-02-14 04:00:00-03:00,0.0,0.0,0.0,8.257
2020-02-14 05:00:00-03:00,0.0,0.0,0.0,8.038
2020-02-14 06:00:00-03:00,0.002,0.007,0.003,7.788
2020-02-14 07:00:00-03:00,0.106,0.083,0.045,8.156
2020-02-14 08:00:00-03:00,0.219,0.14400000000000002,0.10400000000000001,8.939
2020-02-14 09:00:00-03:00,0.612,0.5650000000000001,0.147,9.936
2020-02-14 10:00:00-03:00,0.679,0.624,0.182,10.869
2020-02-14 11:00:00-03:00,0.715,0.649,0.21,11.718
2020-02-14 12:00:00-03:00,0.749,0.6880000000000001,0.226,12.562
2020-02-14 13:00:00-03:00,0.787,0.748,0.226,13.359
2020-02-14 14:00:00-03:00,0.767,0.72,0.226,13.711
2020-02-14 15:00:00-03:00,0.727,0.671,0.217,13.853
2020-02-14 16:00:00-03:00,0.712,0.678,0.189,13.833
2020-02-14 17:00:00-03:00,0.64,0.603,0.159,13.423
2020-02-14 18:00:00-03:00,0.496,0.447,0.126,12.611
2020-02-14 19:00:00-03:00,0.214,0.166,0.08,11.457
2020-02-14 20:00:00-03:00,0.031,0.029,0.018000000000000002,9.86
2020-02-14 21:00:00-03:00,0.0,0.0,0.0,8.411
2020-02-14 22:00:00-03:00,0.0,0.0,0.0,7.47
2020-02-14 23:00:00-03:00,0.0,0.0,0.0,6.755
2020-02-15 00:00:00-03:00,0.0,0.0,0.0,6.052
2020-02-15 01:00:00-03:00,0.0,0.0,0.0,5.744
2020-02-15 02:00:00-03:00,0.0,0.0,0.0,5.663
2020-02-15 03:00:00-03:00,0.0,0.0,0.0,5.747
2020-02-15 04:00:00-03:00,0.0,0.0,0.0,6.198
2020-02-15 05:00:00-03:00,0.0,0.0,0.0,6.875
2020-02-15 06:00:00-03:00,0.005,0.011,0.003,6.745
2020-02-15 07:00:00-03:00,0.139,0.112,0.05,7.538
2020-02-15 08:00:00-03:00,0.168,0.09,0.10300000000000001,8.424
2020-02-15 09:00:00-03:00,0.157,0.049,0.134,8.685
2020-02-15 10:00:00-03:00,0.21,0.06,0.179,8.984
2020-02-15 11:00:00-03:00,0.28400000000000003,0.093,0.227,9.768
2020-02-15 12:00:00-03:00,0.505,0.304,0.277,11.136
2020-02-15 13:00:00-03:00,0.636,0.463,0.28700000000000003,11.739
2020-02-15 14:00:00-03:00,0.542,0.333,0.296,11.608
2020-02-15 15:00:00-03:00,0.37,0.16,0.259,11.479
2020-02-15 16:00:00-03:00,0.264,0.088,0.213,11.349
2020-02-15 17:00:00-03:00,0.2,0.064,0.167,11.052
2020-02-15 18:00:00-03:00,0.14300000000000002,0.051000000000000004,0.11800000000000001,10.402
2020-02-15 19:00:00-03:00,0.059000000000000004,0.021,0.057,9.326
2020-02-15 20:00:00-03:00,0.009000000000000001,0.007,0.012,8.116
2020-02-15 21:00:00-03:00,0.0,0.0,0.0,7.091
2020-02-15 22:00:00-03:00,0.0,0.0,0.0,6.452
2020-02-15 23:00:00-03:00,0.0,0.0,0.0,5.915
2020-02-16 00:00:00-03:00,0.0,0.0,0.0,5.521
2020-02-16 01:00:00-03:00,0.0,0.0,0.0,5.269
2020-02-16 02:00:00-03:00,0.0,0.0,0.0,5.034
2020-02-16 03:00:00-03:00,0.0,0.0,0.0,4.765
2020-02-16 04:00:00-03:00,0.0,0.0,0.0,4.561
2020-02-16 05:00:00-03:00,0.0,0.0,0.0,4.455
2020-02-16 06:00:00-03:00,0.0,0.002,0.002,4.444
2020-02-16 07:00:00-03:00,0.047,0.029,0.035,4.877
2020-02-16 08:00:00-03:00,0.129,0.057,0.094,5.779
2020-02-16 09:00:00-03:00,0.364,0.233,0.17200000000000001,7.188
2020-02-16 10:00:00-03:00,0.441,0.276,0.22,8.539
2020-02-16 11:00:00-03:00,0.40900000000000003,0.20800000000000002,0.253,9.425
2020-02-16 12:00:00-03:00,0.296,0.084,0.249,9.608
2020-02-16 13:00:00-03:00,0.264,0.047,0.251,9.579
2020-02-16 14:00:00-03:00,0.273,0.054,0.254,9.703
2020-02-16 15:00:00-03:00,0.233,0.049,0.215,9.659
2020-02-16 16:00:00-03:00,0.20500000000000002,0.047,0.188,9.488
2020-02-16 17:00:00-03:00,0.193,0.057,0.164,9.233
2020-02-16 18:00:00-03:00,0.146,0.052000000000000005,0.11900000000000001,8.775
2020-02-16 19:00:00-03:00,0.057,0.02,0.056,7.867
2020-02-16 20:00:00-03:00,0.013000000000000001,0.012,0.014,6.73
2020-02-16 21:00:00-03:00,0.0,0.0,0.0,5.591
2020-02-16 22:00:00-03:00,0.0,0.0,0.0,4.867
2020-02-16 23:00:00-03:00,0.0,0.0,0.0,4.214
2020-02-17 00:00:00-03:00,0.0,0.0,0.0,3.7199999999999998
2020-02-17 01:00:00-03:00,0.0,0.0,0.0,3.396
2020-02-17 02:00:00-03:00,0.0,0.0,0.0,3.141
2020-02-17 03:00:00-03:00,0.0,0.0,0.0,3.014
2020-02-17 04:00:00-03:00,0.0,0.0,0.0,2.985
2020-02-17 05:00:00-03:00,0.0,0.0,0.0,3.137
2020-02-17 06:00:00-03:00,0.0,0.001,0.002,3.348
2020-02-17 07:00:00-03:00,0.02,0.009000000000000001,0.024,4.007
2020-02-17 08:00:00-03:00,0.05,0.01,0.057,4.965
2020-02-17 09:00:00-03:00,0.133,0.03,0.125,6.577
2020-02-17 10:00:00-03:00,0.184,0.039,0.171,8.289
2020-02-17 11:00:00-03:00,0.166,0.022,0.17,9.437
2020-02-17 12:00:00-03:00,0.168,0.018000000000000002,0.178,10.226
2020-02-17 13:00:00-03:00,0.164,0.012,0.179,10.51
2020-02-17 14:00:00-03:00,0.134,0.008,0.152,10.379
2020-02-17 15:00:00-03:00,0.088,0.005,0.106,9.771
2020-02-17 16:00:00-03:00,0.07100000000000001,0.004,0.08700000000000001,9.071
2020-02-17 17:00:00-03:00,0.074,0.007,0.088,9.007
2020-02-17 18:00:00-03:00,0.101,0.023,0.101,10.078
2020-02-17 19:00:00-03:00,0.093,0.045,0.07100000000000001,10.835
2020-02-17 20:00:00-03:00,0.016,0.015,0.015,10.393
2020-02-17 21:00:00-03:00,0.0,0.0,0.0,9.632
2020-02-17 22:00:00-03:00,0.0,0.0,0.0,8.916
2020-02-17 23:00:00-03:00,0.0,0.0,0.0,8.795
2020-02-18 00:00:00-03:00,0.0,0.0,0.0,8.989
2020-02-18 01:00:00-03:00,0.0,0.0,0.0,8.803
2020-02-18 02:00:00-03:00,0.0,0.0,0.0,8.141
2020-02-18 03:00:00-03:00,0.0,0.0,0.0,8.094
2020-02-18 04:00:00-03:00,0.0,0.0,0.0,8.434
2020-02-18 05:00:00-03:00,0.0,0.0,0.0,8.431
2020-02-18 06:00:00-03:00,0.001,0.006,0.002,8.222
2020-02-18 07:00:00-03:00,0.151,0.132,0.044,8.45
2020-02-18 08:00:00-03:00,0.289,0.22,0.105,9.204
2020-02-18 09:00:00-03:00,0.45,0.353,0.157,9.938
2020-02-18 10:00:00-03:00,0.59,0.493,0.193,10.668
2020-02-18 11:00:00-03:00,0.707,0.633,0.213,11.376
2020-02-18 12:00:00-03:00,0.75,0.681,0.23,11.952
2020-02-18 13:00:00-03:00,0.741,0.655,0.245,12.442
2020-02-18 14:00:00-03:00,0.657,0.52,0.264,12.539
2020-02-18 15:00:00-03:00,0.501,0.325,0.253,12.238
2020-02-18 16:00:00-03:00,0.386,0.219,0.219,11.719
2020-02-18 17:00:00-03:00,0.274,0.136,0.17400000000000002,11.123
2020-02-18 18:00:00-03:00,0.16,0.07100000000000001,0.115,10.329
2020-02-18 19:00:00-03:00,0.057,0.025,0.052000000000000005,9.22
2020-02-18 20:00:00-03:00,0.01,0.011,0.01,8.198
2020-02-18 21:00:00-03:00,0.0,0.0,0.0,7.537
2020-02-18 22:00:00-03:00,0.0,0.0,0.0,7.089
2020-02-18 23:00:00-03:00,0.0,0.0,0.0,6.58
2020-02-19 00:00:00-03:00,0.0,0.0,0.0,6.076
2020-02-19 01:00:00-03:00,0.0,0.0,0.0,5.66
2020-02-19 02:00:00-03:00,0.0,0.0,0.0,5.352
2020-02-19 03:00:00-03:00,0.0,0.0,0.0,5.099
2020-02-19 04:00:00-03:00,0.0,0.0,0.0,4.852
2020-02-19 05:00:00-03:00,0.0,0.0,0.0,4.628
2020-02-19 06:00:00-03:00,0.002,0.008,0.001,4.555
2020-02-19 07:00:00-03:00,0.176,0.158,0.041,4.985
2020-02-19 08:00:00-03:00,0.266,0.198,0.097,5.9719999999999995
2020-02-19 09:00:00-03:00,0.663,0.636,0.133,7.3870000000000005
2020-02-19 10:00:00-03:00,0.724,0.6900000000000001,0.167,8.761
2020-02-19 11:00:00-03:00,0.76,0.72,0.194,9.923
2020-02-19 12:00:00-03:00,0.794,0.761,0.209,10.93
2020-02-19 13:00:00-03:00,0.8150000000000001,0.804,0.20400000000000001,11.749
2020-02-19 14:00:00-03:00,0.806,0.792,0.203,12.095
2020-02-19 15:00:00-03:00,0.8,0.791,0.194,12.08
2020-02-19 16:00:00-03:00,0.741,0.72,0.177,11.781
2020-02-19 17:00:00-03:00,0.661,0.634,0.148,11.13
2020-02-19 18:00:00-03:00,0.521,0.483,0.114,10.132
2020-02-19 19:00:00-03:00,0.312,0.28,0.069,8.926
2020-02-19 20:00:00-03:00,0.027,0.03,0.012,7.596
2020-02-19 21:00:00-03:00,0.0,0.0,0.0,6.728
2020-02-19 22:00:00-03:00,0.0,0.0,0.0,5.923
2020-02-19 23:00:00-03:00,0.0,0.0,0.0,5.419
2020-02-20 00:00:00-03:00,0.0,0.0,0.0,4.711
2020-02-20 01:00:00-03:00,0.0,0.0,0.0,3.9290000000000003
2020-02-20 02:00:00-03:00,0.0,0.0,0.0,3.3609999999999998
2020-02-20 03:00:00-03:00,0.0,0.0,0.0,2.933
2020-02-20 04:00:00-03:00,0.0,0.0,0.0,2.319
2020-02-20 05:00:00-03:00,0.0,0.0,0.0,2.038
2020-02-20 06:00:00-03:00,0.006,0.014,0.001,2.007
2020-02-20 07:00:00-03:00,0.17,0.152,0.039,3.642
2020-02-20 08:00:00-03:00,0.34600000000000003,0.28500000000000003,0.097,5.614
2020-02-20 09:00:00-03:00,0.643,0.609,0.134,7.487
2020-02-20 10:00:00-03:00,0.756,0.744,0.162,9.348
2020-02-20 11:00:00-03:00,0.8140000000000001,0.8170000000000001,0.185,11.181
2020-02-20 12:00:00-03:00,0.8230000000000001,0.8250000000000001,0.2,12.781
2020-02-20 13:00:00-03:00,0.8170000000000001,0.8280000000000001,0.197,14.224
2020-02-20 14:00:00-03:00,0.799,0.807,0.199,15.418
2020-02-20 15:00:00-03:00,0.72,0.684,0.20500000000000002,16.183
2020-02-20 16:00:00-03:00,0.6930000000000001,0.673,0.18,16.671
2020-02-20 17:00:00-03:00,0.557,0.509,0.156,16.656
2020-02-20 18:00:00-03:00,0.352,0.28700000000000003,0.121,16.015
2020-02-20 19:00:00-03:00,0.227,0.195,0.068,14.674
2020-02-20 20:00:00-03:00,0.038,0.044,0.012,12.176
2020-02-20 21:00:00-03:00,0.0,0.0,0.0,11.197
2020-02-20 22:00:00-03:00,0.0,0.0,0.0,10.646
2020-02-20 23:00:00-03:00,0.0,0.0,0.0,10.008
2020-02-21 00:00:00-03:00,0.0,0.0,0.0,9.404
2020-02-21 01:00:00-03:00,0.0,0.0,0.0,8.883
2020-02-21 02:00:00-03:00,0.0,0.0,0.0,8.588
2020-02-21 03:00:00-03:00,0.0,0.0,0.0,8.421
2020-02-21 04:00:00-03:00,0.0,0.0,0.0,8.484
2020-02-21 05:00:00-03:00,0.0,0.0,0.0,8.595
2020-02-21 06:00:00-03:00,0.0,0.0,0.001,8.883
2020-02-21 07:00:00-03:00,0.10400000000000001,0.091,0.036000000000000004,9.767
2020-02-21 08:00:00-03:00,0.304,0.244,0.1,11.416
2020-02-21 09:00:00-03:00,0.52,0.458,0.149,13.896
2020-02-21 10:00:00-03:00,0.643,0.598,0.182,16.39
2020-02-21 11:00:00-03:00,0.6880000000000001,0.642,0.211,18.022
2020-02-21 12:00:00-03:00,0.667,0.586,0.241,19.058
2020-02-21 13:00:00-03:00,0.609,0.461,0.28500000000000003,19.589
2020-02-21 14:00:00-03:00,0.457,0.241,0.304,19.558
2020-02-21 15:00:00-03:00,0.391,0.20600000000000002,0.256,19.422
2020-02-21 16:00:00-03:00,0.276,0.12,0.20400000000000001,18.971
2020-02-21 17:00:00-03:00,0.37,0.259,0.176,18.747
2020-02-21 18:00:00-03:00,0.23700000000000002,0.155,0.124,17.894
2020-02-21 19:00:00-03:00,0.034,0.013000000000000001,0.039,16.141
2020-02-21 20:00:00-03:00,0.0,0.002,0.004,14.03
2020-02-21 21:00:00-03:00,0.0,0.0,0.0,12.954
2020-02-21 22:00:00-03:00,0.0,0.0,0.0,12.373
2020-02-21 23:00:00-03:00,0.0,0.0,0.0,11.841
2020-02-22 00:00:00-03:00,0.0,0.0,0.0,11.378
2020-02-22 01:00:00-03:00,0.0,0.0,0.0,10.577
2020-02-22 02:00:00-03:00,0.0,0.0,0.0,9.949
2020-02-22 03:00:00-03:00,0.0,0.0,0.0,9.613
2020-02-22 04:00:00-03:00,0.0,0.0,0.0,9.272
2020-02-22 05:00:00-03:00,0.0,0.0,0.0,9.037
2020-02-22 06:00:00-03:00,0.0,0.0,0.001,8.966
2020-02-22 07:00:00-03:00,0.11900000000000001,0.112,0.031,10.244
2020-02-22 08:00:00-03:00,0.28700000000000003,0.244,0.083,12.499
2020-02-22 09:00:00-03:00,0.501,0.466,0.12,14.887
2020-02-22 10:00:00-03:00,0.711,0.751,0.135,17.954
2020-02-22 11:00:00-03:00,0.806,0.903,0.148,20.834
2020-02-22 12:00:00-03:00,0.8250000000000001,0.9470000000000001,0.152,23.096
2020-02-22 13:00:00-03:00,0.81,0.9520000000000001,0.131,24.387
2020-02-22 14:00:00-03:00,0.79,0.912,0.139,24.615
2020-02-22 15:00:00-03:00,0.6920000000000001,0.72,0.167,23.51
2020-02-22 16:00:00-03:00,0.47200000000000003,0.396,0.17200000000000001,21.134
2020-02-22 17:00:00-03:00,0.41400000000000003,0.34700000000000003,0.14200000000000002,18.785
2020-02-22 18:00:00-03:00,0.41600000000000004,0.385,0.101,16.864
2020-02-22 19:00:00-03:00,0.187,0.161,0.058,14.405
2020-02-22 20:00:00-03:00,0.013000000000000001,0.018000000000000002,0.007,11.713
2020-02-22 21:00:00-03:00,0.0,0.0,0.0,9.646
2020-02-22 22:00:00-03:00,0.0,0.0,0.0,8.178
2020-02-22 23:00:00-03:00,0.0,0.0,0.0,7.374
2020-02-23 00:00:00-03:00,0.0,0.0,0.0,7.107
2020-02-23 01:00:00-03:00,0.0,0.0,0.0,7.011
2020-02-23 02:00:00-03:00,0.0,0.0,0.0,6.859
2020-02-23 03:00:00-03:00,0.0,0.0,0.0,6.618
2020-02-23 04:00:00-03:00,0.0,0.0,0.0,6.46
2020-02-23 05:00:00-03:00,0.0,0.0,0.0,6.432
2020-02-23 06:00:00-03:00,0.0,0.0,0.0,6.498
2020-02-23 07:00:00-03:00,0.061,0.052000000000000005,0.027,6.759
2020-02-23 08:00:00-03:00,0.19,0.13,0.08600000000000001,7.628
2020-02-23 09:00:00-03:00,0.17400000000000002,0.079,0.121,8.439
2020-02-23 10:00:00-03:00,0.189,0.066,0.15,9.152
2020-02-23 11:00:00-03:00,0.292,0.128,0.202,10.388
2020-02-23 12:00:00-03:00,0.519,0.356,0.244,11.975
2020-02-23 13:00:00-03:00,0.487,0.28,0.28300000000000003,12.758
2020-02-23 14:00:00-03:00,0.465,0.255,0.28200000000000003,13.121
2020-02-23 15:00:00-03:00,0.274,0.095,0.218,12.857
2020-02-23 16:00:00-03:00,0.177,0.048,0.159,12.344
2020-02-23 17:00:00-03:00,0.163,0.058,0.134,11.999
2020-02-23 18:00:00-03:00,0.163,0.085,0.105,11.376
2020-02-23 19:00:00-03:00,0.077,0.046,0.052000000000000005,10.113
2020-02-23 20:00:00-03:00,0.007,0.01,0.007,8.701
2020-02-23 21:00:00-03:00,0.0,0.0,0.0,7.61
2020-02-23 22:00:00-03:00,0.0,0.0,0.0,6.771
2020-02-23 23:00:00-03:00,0.0,0.0,0.0,5.924
2020-02-24 00:00:00-03:00,0.0,0.0,0.0,5.043
2020-02-24 01:00:00-03:00,0.0,0.0,0.0,4.61
2020-02-24 02:00:00-03:00,0.0,0.0,0.0,4.486
2020-02-24 03:00:00-03:00,0.0,0.0,0.0,4.539
2020-02-24 04:00:00-03:00,0.0,0.0,0.0,4.663
2020-02-24 05:00:00-03:00,0.0,0.0,0.0,4.737
2020-02-24 06:00:00-03:00,0.0,0.0,0.0,4.82
2020-02-24 07:00:00-03:00,0.049,0.044,0.022,5.123
2020-02-24 08:00:00-03:00,0.183,0.128,0.079,5.949
2020-02-24 09:00:00-03:00,0.396,0.31,0.13,7.037
2020-02-24 10:00:00-03:00,0.449,0.339,0.166,8.066
2020-02-24 11:00:00-03:00,0.466,0.328,0.198,8.939
2020-02-24 12:00:00-03:00,0.555,0.418,0.22,9.835
2020-02-24 13:00:00-03:00,0.629,0.512,0.225,10.619
2020-02-24 14:00:00-03:00,0.6960000000000001,0.638,0.192,11.176
2020-02-24 15:00:00-03:00,0.766,0.769,0.164,11.505
2020-02-24 16:00:00-03:00,0.714,0.707,0.15,11.354
2020-02-24 17:00:00-03:00,0.543,0.491,0.135,10.689
2020-02-24 18:00:00-03:00,0.322,0.257,0.105,9.753
2020-02-24 19:00:00-03:00,0.101,0.07200000000000001,0.051000000000000004,8.547
2020-02-24 20:00:00-03:00,0.006,0.01,0.006,7.177
2020-02-24 21:00:00-03:00,0.0,0.0,0.0,6.224
2020-02-24 22:00:00-03:00,0.0,0.0,0.0,5.855
2020-02-24 23:00:00-03:00,0.0,0.0,0.0,5.735
2020-02-25 00:00:00-03:00,0.0,0.0,0.0,5.69
2020-02-25 01:00:00-03:00,0.0,0.0,0.0,5.781
2020-02-25 02:00:00-03:00,0.0,0.0,0.0,5.829
2020-02-25 03:00:00-03:00,0.0,0.0,0.0,5.812
2020-02-25 04:00:00-03:00,0.0,0.0,0.0,5.779
2020-02-25 05:00:00-03:00,0.0,0.0,0.0,5.742
2020-02-25 06:00:00-03:00,0.0,0.0,0.0,5.741
2020-02-25 07:00:00-03:00,0.029,0.025,0.019,6.037
2020-02-25 08:00:00-03:00,0.099,0.052000000000000005,0.068,6.964
2020-02-25 09:00:00-03:00,0.2,0.10200000000000001,0.125,8.462
2020-02-25 10:00:00-03:00,0.211,0.08700000000000001,0.154,10.144
2020-02-25 11:00:00-03:00,0.32,0.153,0.21,11.922
2020-02-25 12:00:00-03:00,0.325,0.133,0.23900000000000002,13.323
2020-02-25 13:00:00-03:00,0.377,0.14200000000000002,0.292,14.396
2020-02-25 14:00:00-03:00,0.405,0.187,0.28200000000000003,15.26
2020-02-25 15:00:00-03:00,0.467,0.315,0.232,15.962
2020-02-25 16:00:00-03:00,0.418,0.289,0.199,16.198
2020-02-25 17:00:00-03:00,0.169,0.068,0.133,15.536
2020-02-25 18:00:00-03:00,0.088,0.031,0.08,14.316
2020-02-25 19:00:00-03:00,0.061,0.036000000000000004,0.047,13.113
2020-02-25 20:00:00-03:00,0.002,0.005,0.004,12.21
2020-02-25 21:00:00-03:00,0.0,0.0,0.0,12.086
2020-02-25 22:00:00-03:00,0.0,0.0,0.0,12.11
2020-02-25 23:00:00-03:00,0.0,0.0,0.0,11.92
2020-02-26 00:00:00-03:00,0.0,0.0,0.0,11.89
2020-02-26 01:00:00-03:00,0.0,0.0,0.0,11.951
2020-02-26 02:00:00-03:00,0.0,0.0,0.0,11.975999999999999
2020-02-26 03:00:00-03:00,0.0,0.0,0.0,11.923
2020-02-26 04:00:00-03:00,0.0,0.0,0.0,11.88
2020-02-26 05:00:00-03:00,0.0,0.0,0.0,11.746
2020-02-26 06:00:00-03:00,0.0,0.0,0.0,11.56
2020-02-26 07:00:00-03:00,0.106,0.10400000000000001,0.026000000000000002,11.704
2020-02-26 08:00:00-03:00,0.29,0.247,0.083,12.633
2020-02-26 09:00:00-03:00,0.42,0.354,0.13,13.898
2020-02-26 10:00:00-03:00,0.371,0.258,0.17,14.911
2020-02-26 11:00:00-03:00,0.34500000000000003,0.191,0.20800000000000002,15.519
2020-02-26 12:00:00-03:00,0.338,0.148,0.243,15.6
2020-02-26 13:00:00-03:00,0.257,0.051000000000000004,0.247,14.894
2020-02-26 14:00:00-03:00,0.255,0.053,0.241,14.486
2020-02-26 15:00:00-03:00,0.29,0.109,0.224,14.54
2020-02-26 16:00:00-03:00,0.28200000000000003,0.137,0.188,14.383
2020-02-26 17:00:00-03:00,0.311,0.20400000000000001,0.153,13.793
2020-02-26 18:00:00-03:00,0.16,0.091,0.098,12.419
2020-02-26 19:00:00-03:00,0.063,0.039,0.045,10.872
2020-02-26 20:00:00-03:00,0.0,0.002,0.003,9.5
2020-02-26 21:00:00-03:00,0.0,0.0,0.0,8.606
2020-02-26 22:00:00-03:00,0.0,0.0,0.0,7.815
2020-02-26 23:00:00-03:00,0.0,0.0,0.0,6.904
2020-02-27 00:00:00-03:00,0.0,0.0,0.0,6.419
2020-02-27 01:00:00-03:00,0.0,0.0,0.0,6.399
2020-02-27 02:00:00-03:00,0.0,0.0,0.0,6.503
2020-02-27 03:00:00-03:00,0.0,0.0,0.0,6.629
2020-02-27 04:00:00-03:00,0.0,0.0,0.0,6.646
2020-02-27 05:00:00-03:00,0.0,0.0,0.0,6.5969999999999995
2020-02-27 06:00:00-03:00,0.0,0.0,0.0,6.53
2020-02-27 07:00:00-03:00,0.058,0.056,0.02,6.699
2020-02-27 08:00:00-03:00,0.163,0.117,0.07100000000000001,7.346
2020-02-27 09:00:00-03:00,0.245,0.161,0.114,8.176
2020-02-27 10:00:00-03:00,0.5740000000000001,0.513,0.148,9.436
2020-02-27 11:00:00-03:00,0.766,0.775,0.152,10.711
2020-02-27 12:00:00-03:00,0.8130000000000001,0.852,0.153,11.912
2020-02-27 13:00:00-03:00,0.789,0.837,0.139,13.053
2020-02-27 14:00:00-03:00,0.789,0.839,0.14,13.811
2020-02-27 15:00:00-03:00,0.737,0.747,0.154,13.864
2020-02-27 16:00:00-03:00,0.741,0.77,0.137,13.664
2020-02-27 17:00:00-03:00,0.611,0.605,0.11800000000000001,13.043
2020-02-27 18:00:00-03:00,0.488,0.47300000000000003,0.088,12.032
2020-02-27 19:00:00-03:00,0.23700000000000002,0.22,0.05,10.51
2020-02-27 20:00:00-03:00,0.009000000000000001,0.015,0.004,8.841
2020-02-27 21:00:00-03:00,0.0,0.0,0.0,7.876
2020-02-27 22:00:00-03:00,0.0,0.0,0.0,7.47
2020-02-27 23:00:00-03:00,0.0,0.0,0.0,7.292
2020-02-28 00:00:00-03:00,0.0,0.0,0.0,7.159
2020-02-28 01:00:00-03:00,0.0,0.0,0.0,7.078
2020-02-28 02:00:00-03:00,0.0,0.0,0.0,6.975
2020-02-28 03:00:00-03:00,0.0,0.0,0.0,6.837
2020-02-28 04:00:00-03:00,0.0,0.0,0.0,6.756
2020-02-28 05:00:00-03:00,0.0,0.0,0.0,6.792
2020-02-28 06:00:00-03:00,0.0,0.0,0.0,6.865
2020-02-28 07:00:00-03:00,0.018000000000000002,0.016,0.015,7.172
2020-02-28 08:00:00-03:00,0.082,0.043000000000000003,0.06,7.941
2020-02-28 09:00:00-03:00,0.336,0.249,0.128,9.155
2020-02-28 10:00:00-03:00,0.687,0.667,0.15,10.756
2020-02-28 11:00:00-03:00,0.637,0.5700000000000001,0.184,12.091
2020-02-28 12:00:00-03:00,0.615,0.51,0.217,13.021
2020-02-28 13:00:00-03:00,0.551,0.374,0.271,13.364
2020-02-28 14:00:00-03:00,0.47900000000000004,0.275,0.279,13.434
2020-02-28 15:00:00-03:00,0.361,0.17400000000000002,0.24,13.376
2020-02-28 16:00:00-03:00,0.098,0.015,0.108,12.59
2020-02-28 17:00:00-03:00,0.08700000000000001,0.017,0.093,12.302
2020-02-28 18:00:00-03:00,0.059000000000000004,0.015,0.064,11.918
2020-02-28 19:00:00-03:00,0.003,0.001,0.01,11.135
2020-02-28 20:00:00-03:00,0.0,0.0,0.001,10.643
2020-02-28 21:00:00-03:00,0.0,0.0,0.0,10.527
2020-02-28 22:00:00-03:00,0.0,0.0,0.0,10.611
2020-02-28 23:00:00-03:00,0.0,0.0,0.0,10.725999999999999
2020-02-29 00:00:00-03:00,0.0,0.0,0.0,10.763
2020-02-29 01:00:00-03:00,0.0,0.0,0.0,10.542
2020-02-29 02:00:00-03:00,0.0,0.0,0.0,10.434
2020-02-29 03:00:00-03:00,0.0,0.0,0.0,10.504
2020-02-29 04:00:00-03:00,0.0,0.0,0.0,10.991
2020-02-29 05:00:00-03:00,0.0,0.0,0.0,11.49
2020-02-29 06:00:00-03:00,0.0,0.0,0.0,11.954
2020-02-29 07:00:00-03:00,0.122,0.123,0.024,12.223
2020-02-29 08:00:00-03:00,0.223,0.181,0.077,13.307
2020-02-29 09:00:00-03:00,0.313,0.233,0.128,14.652
2020-02-29 10:00:00-03:00,0.34600000000000003,0.229,0.171,15.918
2020-02-29 11:00:00-03:00,0.315,0.157,0.209,16.65
2020-02-29 12:00:00-03:00,0.259,0.077,0.225,16.934
2020-02-29 13:00:00-03:00,0.24,0.038,0.243,17.027
2020-02-29 14:00:00-03:00,0.209,0.029,0.217,17.103
2020-02-29 15:00:00-03:00,0.181,0.034,0.182,17.214
2020-02-29 16:00:00-03:00,0.139,0.028,0.14100000000000001,17.05
2020-02-29 17:00:00-03:00,0.08600000000000001,0.018000000000000002,0.093,16.638
2020-02-29 18:00:00-03:00,0.077,0.027,0.074,16.128
2020-02-29 19:00:00-03:00,0.043000000000000003,0.025,0.038,15.2
2020-02-29 20:00:00-03:00,0.0,0.001,0.002,14.078
2020-02-29 21:00:00-03:00,0.0,0.0,0.0,13.313
2020-02-29 22:00:00-03:00,0.0,0.0,0.0,12.704
2020-02-29 23:00:00-03:00,0.0,0.0,0.0,12.194
2020-03-01 00:00:00-03:00,0.0,0.0,0.0,11.857
2020-03-01 01:00:00-03:00,0.0,0.0,0.0,11.634
2020-03-01 02:00:00-03:00,0.0,0.0,0.0,11.47
2020-03-01 03:00:00-03:00,0.0,0.0,0.0,11.257
2020-03-01 04:00:00-03:00,0.0,0.0,0.0,10.767
2020-03-01 05:00:00-03:00,0.0,0.0,0.0,10.298
2020-03-01 06:00:00-03:00,0.0,0.0,0.0,9.797
2020-03-01 07:00:00-03:00,0.075,0.077,0.019,9.975999999999999
2020-03-01 08:00:00-03:00,0.17300000000000001,0.134,0.066,10.997
2020-03-01 09:00:00-03:00,0.358,0.294,0.113,11.911
2020-03-01 10:00:00-03:00,0.77,0.8230000000000001,0.125,13.262
2020-03-01 11:00:00-03:00,0.801,0.858,0.145,14.484
2020-03-01 12:00:00-03:00,0.457,0.314,0.218,14.983
2020-03-01 13:00:00-03:00,0.403,0.196,0.271,15.413
2020-03-01 14:00:00-03:00,0.51,0.357,0.245,16.182
2020-03-01 15:00:00-03:00,0.594,0.527,0.188,16.916
2020-03-01 16:00:00-03:00,0.489,0.41300000000000003,0.165,17.033
2020-03-01 17:00:00-03:00,0.533,0.511,0.123,16.927
2020-03-01 18:00:00-03:00,0.505,0.511,0.084,16.155
2020-03-01 19:00:00-03:00,0.187,0.17500000000000002,0.045,14.504
2020-03-01 20:00:00-03:00,0.001,0.005,0.002,12.617
2020-03-01 21:00:00-03:00,0.0,0.0,0.0,11.303
2020-03-01 22:00:00-03:00,0.0,0.0,0.0,10.292
2020-03-01 23:00:00-03:00,0.0,0.0,0.0,9.615
2020-03-02 00:00:00-03:00,0.0,0.0,0.0,9.006
2020-03-02 01:00:00-03:00,0.0,0.0,0.0,8.254
2020-03-02 02:00:00-03:00,0.0,0.0,0.0,7.873
2020-03-02 03:00:00-03:00,0.0,0.0,0.0,7.849
2020-03-02 04:00:00-03:00,0.0,0.0,0.0,8.002
2020-03-02 05:00:00-03:00,0.0,0.0,0.0,8.052
2020-03-02 06:00:00-03:00,0.0,0.0,0.0,8.423
2020-03-02 07:00:00-03:00,0.006,0.006,0.009000000000000001,8.752
2020-03-02 08:00:00-03:00,0.049,0.021,0.047,10.276
2020-03-02 09:00:00-03:00,0.094,0.03,0.088,11.753
2020-03-02 10:00:00-03:00,0.136,0.036000000000000004,0.128,13.326
2020-03-02 11:00:00-03:00,0.188,0.047,0.17400000000000002,14.784
2020-03-02 12:00:00-03:00,0.221,0.049,0.209,15.745
2020-03-02 13:00:00-03:00,0.272,0.05,0.265,16.035
2020-03-02 14:00:00-03:00,0.251,0.046,0.247,15.888
2020-03-02 15:00:00-03:00,0.229,0.059000000000000004,0.20800000000000002,15.807
2020-03-02 16:00:00-03:00,0.20700000000000002,0.069,0.17400000000000002,15.654
2020-03-02 17:00:00-03:00,0.186,0.083,0.137,15.399000000000001
2020-03-02 18:00:00-03:00,0.131,0.069,0.09,14.806000000000001
2020-03-02 19:00:00-03:00,0.026000000000000002,0.013000000000000001,0.028,13.572
2020-03-02 20:00:00-03:00,0.0,0.001,0.001,12.075
2020-03-02 21:00:00-03:00,0.0,0.0,0.0,10.709
2020-03-02 22:00:00-03:00,0.0,0.0,0.0,9.137
2020-03-02 23:00:00-03:00,0.0,0.0,0.0,8.146
2020-03-03 00:00:00-03:00,0.0,0.0,0.0,7.5120000000000005
2020-03-03 01:00:00-03:00,0.0,0.0,0.0,6.83
2020-03-03 02:00:00-03:00,0.0,0.0,0.0,6.217
2020-03-03 03:00:00-03:00,0.0,0.0,0.0,5.915
2020-03-03 04:00:00-03:00,0.0,0.0,0.0,5.904
2020-03-03 05:00:00-03:00,0.0,0.0,0.0,6.793
2020-03-03 06:00:00-03:00,0.0,0.0,0.0,7.17
2020-03-03 07:00:00-03:00,0.002,0.003,0.006,7.398
2020-03-03 08:00:00-03:00,0.03,0.01,0.036000000000000004,8.041
2020-03-03 09:00:00-03:00,0.07100000000000001,0.017,0.074,8.987
2020-03-03 10:00:00-03:00,0.11,0.022,0.111,10.429
2020-03-03 11:00:00-03:00,0.17,0.036000000000000004,0.163,12.14
2020-03-03 12:00:00-03:00,0.246,0.062,0.222,14.294
2020-03-03 13:00:00-03:00,0.343,0.099,0.299,16.38
2020-03-03 14:00:00-03:00,0.366,0.131,0.298,18.114
2020-03-03 15:00:00-03:00,0.199,0.042,0.195,18.586
2020-03-03 16:00:00-03:00,0.074,0.008,0.09,17.766
2020-03-03 17:00:00-03:00,0.069,0.011,0.081,17.409
2020-03-03 18:00:00-03:00,0.07200000000000001,0.026000000000000002,0.07,17.206
2020-03-03 19:00:00-03:00,0.07200000000000001,0.055,0.041,16.157
2020-03-03 20:00:00-03:00,0.0,0.002,0.002,14.29
2020-03-03 21:00:00-03:00,0.0,0.0,0.0,12.85
2020-03-03 22:00:00-03:00,0.0,0.0,0.0,11.507
2020-03-03 23:00:00-03:00,0.0,0.0,0.0,10.699
2020-03-04 00:00:00-03:00,0.0,0.0,0.0,10.16
2020-03-04 01:00:00-03:00,0.0,0.0,0.0,9.918
2020-03-04 02:00:00-03:00,0.0,0.0,0.0,9.944
2020-03-04 03:00:00-03:00,0.0,0.0,0.0,10.05
2020-03-04 04:00:00-03:00,0.0,0.0,0.0,9.958
2020-03-04 05:00:00-03:00,0.0,0.0,0.0,9.716
2020-03-04 06:00:00-03:00,0.0,0.0,0.0,9.39
2020-03-04 07:00:00-03:00,0.036000000000000004,0.039,0.014,9.298
2020-03-04 08:00:00-03:00,0.123,0.08700000000000001,0.061,11.168
2020-03-04 09:00:00-03:00,0.128,0.06,0.094,12.331
2020-03-04 10:00:00-03:00,0.17300000000000001,0.066,0.137,13.622
2020-03-04 11:00:00-03:00,0.17300000000000001,0.047,0.158,14.814
2020-03-04 12:00:00-03:00,0.263,0.089,0.216,15.389
2020-03-04 13:00:00-03:00,0.519,0.35000000000000003,0.264,16.445
2020-03-04 14:00:00-03:00,0.745,0.774,0.161,17.36
2020-03-04 15:00:00-03:00,0.657,0.634,0.17,17.262
2020-03-04 16:00:00-03:00,0.64,0.625,0.153,16.789
2020-03-04 17:00:00-03:00,0.291,0.202,0.135,15.606
2020-03-04 18:00:00-03:00,0.162,0.107,0.085,14.552
2020-03-04 19:00:00-03:00,0.074,0.059000000000000004,0.037,13.223
2020-03-04 20:00:00-03:00,0.0,0.001,0.001,11.378
2020-03-04 21:00:00-03:00,0.0,0.0,0.0,10.805
2020-03-04 22:00:00-03:00,0.0,0.0,0.0,10.339
2020-03-04 23:00:00-03:00,0.0,0.0,0.0,9.712
2020-03-05 00:00:00-03:00,0.0,0.0,0.0,9.385
2020-03-05 01:00:00-03:00,0.0,0.0,0.0,9.179
2020-03-05 02:00:00-03:00,0.0,0.0,0.0,9.012
2020-03-05 03:00:00-03:00,0.0,0.0,0.0,8.921
2020-03-05 04:00:00-03:00,0.0,0.0,0.0,9.125
2020-03-05 05:00:00-03:00,0.0,0.0,0.0,9.055
2020-03-05 06:00:00-03:00,0.0,0.0,0.0,8.924
2020-03-05 07:00:00-03:00,0.114,0.123,0.014,9.054
2020-03-05 08:00:00-03:00,0.48,0.49,0.058,10.81
2020-03-05 09:00:00-03:00,0.686,0.739,0.08700000000000001,13.047
2020-03-05 10:00:00-03:00,0.784,0.877,0.108,15.972
2020-03-05 11:00:00-03:00,0.8160000000000001,0.927,0.122,17.97
2020-03-05 12:00:00-03:00,0.8230000000000001,0.9480000000000001,0.122,19.48
2020-03-05 13:00:00-03:00,0.802,0.9500000000000001,0.094,20.607
2020-03-05 14:00:00-03:00,0.791,0.928,0.10300000000000001,21.326
2020-03-05 15:00:00-03:00,0.755,0.846,0.128,21.729
2020-03-05 16:00:00-03:00,0.592,0.596,0.135,21.638
2020-03-05 17:00:00-03:00,0.525,0.53,0.109,21.314
2020-03-05 18:00:00-03:00,0.56,0.613,0.07,20.498
2020-03-05 19:00:00-03:00,0.302,0.318,0.035,17.302
2020-03-05 20:00:00-03:00,0.0,0.004,0.001,14.177
2020-03-05 21:00:00-03:00,0.0,0.0,0.0,13.079
2020-03-05 22:00:00-03:00,0.0,0.0,0.0,12.189
2020-03-05 23:00:00-03:00,0.0,0.0,0.0,11.176
2020-03-06 00:00:00-03:00,0.0,0.0,0.0,10.233
2020-03-06 01:00:00-03:00,0.0,0.0,0.0,9.959
2020-03-06 02:00:00-03:00,0.0,0.0,0.0,10.288
2020-03-06 03:00:00-03:00,0.0,0.0,0.0,9.99
2020-03-06 04:00:00-03:00,0.0,0.0,0.0,9.42
2020-03-06 05:00:00-03:00,0.0,0.0,0.0,9.544
2020-03-06 06:00:00-03:00,0.0,0.0,0.0,9.544
2020-03-06 07:00:00-03:00,0.0,0.001,0.003,9.608
2020-03-06 08:00:00-03:00,0.011,0.004,0.02,10.245
2020-03-06 09:00:00-03:00,0.054,0.012,0.062,11.537
2020-03-06 10:00:00-03:00,0.047,0.005,0.061,12.312
2020-03-06 11:00:00-03:00,0.064,0.005,0.081,13.164
2020-03-06 12:00:00-03:00,0.091,0.007,0.108,13.96
2020-03-06 13:00:00-03:00,0.334,0.096,0.293,16.392
2020-03-06 14:00:00-03:00,0.583,0.461,0.25,19.639
2020-03-06 15:00:00-03:00,0.552,0.466,0.21,21.412
2020-03-06 16:00:00-03:00,0.367,0.246,0.192,21.418
2020-03-06 17:00:00-03:00,0.133,0.049,0.115,18.869
2020-03-06 18:00:00-03:00,0.083,0.037,0.07,15.075
2020-03-06 19:00:00-03:00,0.084,0.07,0.037,12.481
2020-03-06 20:00:00-03:00,0.0,0.002,0.001,10.549
2020-03-06 21:00:00-03:00,0.0,0.0,0.0,9.149
2020-03-06 22:00:00-03:00,0.0,0.0,0.0,8.068
2020-03-06 23:00:00-03:00,0.0,0.0,0.0,7.507
2020-03-07 00:00:00-03:00,0.0,0.0,0.0,6.913
2020-03-07 01:00:00-03:00,0.0,0.0,0.0,6.54
2020-03-07 02:00:00-03:00,0.0,0.0,0.0,6.36
2020-03-07 03:00:00-03:00,0.0,0.0,0.0,6.371
2020-03-07 04:00:00-03:00,0.0,0.0,0.0,6.046
2020-03-07 05:00:00-03:00,0.0,0.0,0.0,5.338
2020-03-07 06:00:00-03:00,0.0,0.0,0.0,5.214
2020-03-07 07:00:00-03:00,0.006,0.008,0.007,5.731
2020-03-07 08:00:00-03:00,0.035,0.016,0.036000000000000004,6.372
2020-03-07 09:00:00-03:00,0.082,0.027,0.075,6.916
2020-03-07 10:00:00-03:00,0.203,0.085,0.145,7.759
2020-03-07 11:00:00-03:00,0.337,0.176,0.201,8.979
2020-03-07 12:00:00-03:00,0.532,0.385,0.227,10.401
2020-03-07 13:00:00-03:00,0.704,0.652,0.193,11.879
2020-03-07 14:00:00-03:00,0.745,0.743,0.166,12.848
2020-03-07 15:00:00-03:00,0.654,0.596,0.185,13.009
2020-03-07 16:00:00-03:00,0.269,0.127,0.179,12.388
2020-03-07 17:00:00-03:00,0.067,0.013000000000000001,0.075,11.389
2020-03-07 18:00:00-03:00,0.024,0.005,0.035,10.198
2020-03-07 19:00:00-03:00,0.003,0.002,0.009000000000000001,9.308
2020-03-07 20:00:00-03:00,0.0,0.0,0.0,9.007
2020-03-07 21:00:00-03:00,0.0,0.0,0.0,8.894
2020-03-07 22:00:00-03:00,0.0,0.0,0.0,8.764
2020-03-07 23:00:00-03:00,0.0,0.0,0.0,8.631
2020-03-08 00:00:00-03:00,0.0,0.0,0.0,8.627
2020-03-08 01:00:00-03:00,0.0,0.0,0.0,8.675
2020-03-08 02:00:00-03:00,0.0,0.0,0.0,8.577
2020-03-08 03:00:00-03:00,0.0,0.0,0.0,8.4
2020-03-08 04:00:00-03:00,0.0,0.0,0.0,8.074
2020-03-08 05:00:00-03:00,0.0,0.0,0.0,7.615
2020-03-08 06:00:00-03:00,0.0,0.0,0.0,7.208
2020-03-08 07:00:00-03:00,0.043000000000000003,0.05,0.01,7.144
2020-03-08 08:00:00-03:00,0.301,0.279,0.057,7.97
2020-03-08 09:00:00-03:00,0.5710000000000001,0.5650000000000001,0.093,9.416
2020-03-08 10:00:00-03:00,0.744,0.784,0.113,11.009
2020-03-08 11:00:00-03:00,0.791,0.848,0.127,12.445
2020-03-08 12:00:00-03:00,0.791,0.849,0.133,13.577
2020-03-08 13:00:00-03:00,0.759,0.8140000000000001,0.124,14.269
2020-03-08 14:00:00-03:00,0.749,0.794,0.13,14.47
2020-03-08 15:00:00-03:00,0.6960000000000001,0.7010000000000001,0.145,14.332
2020-03-08 16:00:00-03:00,0.62,0.602,0.136,13.962
2020-03-08 17:00:00-03:00,0.507,0.47500000000000003,0.114,13.301
2020-03-08 18:00:00-03:00,0.316,0.281,0.078,12.163
2020-03-08 19:00:00-03:00,0.098,0.092,0.03,10.564
2020-03-08 20:00:00-03:00,0.0,0.001,0.0,8.781
2020-03-08 21:00:00-03:00,0.0,0.0,0.0,7.62
2020-03-08 22:00:00-03:00,0.0,0.0,0.0,6.895
2020-03-08 23:00:00-03:00,0.0,0.0,0.0,6.557
2020-03-09 00:00:00-03:00,0.0,0.0,0.0,6.827
2020-03-09 01:00:00-03:00,0.0,0.0,0.0,7.092
2020-03-09 02:00:00-03:00,0.0,0.0,0.0,7.048
2020-03-09 03:00:00-03:00,0.0,0.0,0.0,6.926
2020-03-09 04:00:00-03:00,0.0,0.0,0.0,6.998
2020-03-09 05:00:00-03:00,0.0,0.0,0.0,7.049
2020-03-09 06:00:00-03:00,0.0,0.0,0.0,7.171
2020-03-09 07:00:00-03:00,0.001,0.003,0.004,7.483
2020-03-09 08:00:00-03:00,0.012,0.005,0.019,8.061
2020-03-09 09:00:00-03:00,0.048,0.011,0.055,8.898
2020-03-09 10:00:00-03:00,0.12,0.03,0.114,10.011
2020-03-09 11:00:00-03:00,0.187,0.05,0.166,10.999
2020-03-09 12:00:00-03:00,0.269,0.084,0.223,11.9
2020-03-09 13:00:00-03:00,0.403,0.168,0.293,12.865
2020-03-09 14:00:00-03:00,0.492,0.302,0.27,13.77
2020-03-09 15:00:00-03:00,0.44,0.28800000000000003,0.221,14.094
2020-03-09 16:00:00-03:00,0.425,0.312,0.179,14.021
2020-03-09 17:00:00-03:00,0.386,0.31,0.134,13.566
2020-03-09 18:00:00-03:00,0.247,0.197,0.08600000000000001,12.582
2020-03-09 19:00:00-03:00,0.037,0.03,0.025,10.983
2020-03-09 20:00:00-03:00,0.0,0.0,0.0,9.224
2020-03-09 21:00:00-03:00,0.0,0.0,0.0,7.942
2020-03-09 22:00:00-03:00,0.0,0.0,0.0,6.769
2020-03-09 23:00:00-03:00,0.0,0.0,0.0,5.924
2020-03-10 00:00:00-03:00,0.0,0.0,0.0,5.578
2020-03-10 01:00:00-03:00,0.0,0.0,0.0,5.541
2020-03-10 02:00:00-03:00,0.0,0.0,0.0,5.52
2020-03-10 03:00:00-03:00,0.0,0.0,0.0,5.547
2020-03-10 04:00:00-03:00,0.0,0.0,0.0,5.538
2020-03-10 05:00:00-03:00,0.0,0.0,0.0,5.584
2020-03-10 06:00:00-03:00,0.0,0.0,0.0,5.242
2020-03-10 07:00:00-03:00,0.001,0.002,0.004,4.936
2020-03-10 08:00:00-03:00,0.024,0.01,0.029,5.468
2020-03-10 09:00:00-03:00,0.07200000000000001,0.019,0.07200000000000001,6.282
2020-03-10 10:00:00-03:00,0.167,0.053,0.139,7.474
2020-03-10 11:00:00-03:00,0.264,0.094,0.203,8.914
2020-03-10 12:00:00-03:00,0.202,0.033,0.197,9.825
2020-03-10 13:00:00-03:00,0.163,0.011,0.179,10.102
2020-03-10 14:00:00-03:00,0.139,0.009000000000000001,0.156,10.306
2020-03-10 15:00:00-03:00,0.1,0.007,0.116,10.347
2020-03-10 16:00:00-03:00,0.07200000000000001,0.006,0.08600000000000001,10.225
2020-03-10 17:00:00-03:00,0.049,0.006,0.062,9.999
2020-03-10 18:00:00-03:00,0.028,0.006,0.038,9.602
2020-03-10 19:00:00-03:00,0.007,0.004,0.013000000000000001,8.783
2020-03-10 20:00:00-03:00,0.0,0.0,0.0,7.82
2020-03-10 21:00:00-03:00,0.0,0.0,0.0,7.279
2020-03-10 22:00:00-03:00,0.0,0.0,0.0,6.751
2020-03-10 23:00:00-03:00,0.0,0.0,0.0,6.201
2020-03-11 00:00:00-03:00,0.0,0.0,0.0,5.714
2020-03-11 01:00:00-03:00,0.0,0.0,0.0,5.398
2020-03-11 02:00:00-03:00,0.0,0.0,0.0,5.371
2020-03-11 03:00:00-03:00,0.0,0.0,0.0,5.638
2020-03-11 04:00:00-03:00,0.0,0.0,0.0,6.22
2020-03-11 05:00:00-03:00,0.0,0.0,0.0,6.821
2020-03-11 06:00:00-03:00,0.0,0.0,0.0,7.396
2020-03-11 07:00:00-03:00,0.0,0.0,0.001,7.897
2020-03-11 08:00:00-03:00,0.004,0.002,0.012,8.361
2020-03-11 09:00:00-03:00,0.023,0.003,0.034,9.04
2020-03-11 10:00:00-03:00,0.062,0.007,0.075,10.019
2020-03-11 11:00:00-03:00,0.10400000000000001,0.011,0.116,11.165
2020-03-11 12:00:00-03:00,0.123,0.011,0.138,12.056
2020-03-11 13:00:00-03:00,0.17,0.013000000000000001,0.186,12.65
2020-03-11 14:00:00-03:00,0.191,0.021,0.201,12.727
2020-03-11 15:00:00-03:00,0.242,0.065,0.213,12.778
2020-03-11 16:00:00-03:00,0.28600000000000003,0.138,0.189,12.867
2020-03-11 17:00:00-03:00,0.189,0.09,0.13,12.621
2020-03-11 18:00:00-03:00,0.081,0.037,0.067,11.875
2020-03-11 19:00:00-03:00,0.02,0.015,0.02,10.525
2020-03-11 20:00:00-03:00,0.0,0.0,0.0,8.973
2020-03-11 21:00:00-03:00,0.0,0.0,0.0,7.883
2020-03-11 22:00:00-03:00,0.0,0.0,0.0,6.855
2020-03-11 23:00:00-03:00,0.0,0.0,0.0,6.083
2020-03-12 00:00:00-03:00,0.0,0.0,0.0,5.626
2020-03-12 01:00:00-03:00,0.0,0.0,0.0,5.424
2020-03-12 02:00:00-03:00,0.0,0.0,0.0,5.55
2020-03-12 03:00:00-03:00,0.0,0.0,0.0,5.68
2020-03-12 04:00:00-03:00,0.0,0.0,0.0,5.711
2020-03-12 05:00:00-03:00,0.0,0.0,0.0,5.729
2020-03-12 06:00:00-03:00,0.0,0.0,0.0,5.559
2020-03-12 07:00:00-03:00,0.009000000000000001,0.014,0.005,5.269
2020-03-12 08:00:00-03:00,0.20800000000000002,0.183,0.052000000000000005,6.971
2020-03-12 09:00:00-03:00,0.43,0.385,0.099,8.869
2020-03-12 10:00:00-03:00,0.624,0.61,0.126,11.942
2020-03-12 11:00:00-03:00,0.719,0.739,0.14,14.512
2020-03-12 12:00:00-03:00,0.719,0.733,0.154,15.827
2020-03-12 13:00:00-03:00,0.647,0.596,0.191,16.566
2020-03-12 14:00:00-03:00,0.47600000000000003,0.316,0.245,16.734
2020-03-12 15:00:00-03:00,0.356,0.199,0.216,16.789
2020-03-12 16:00:00-03:00,0.17500000000000002,0.061,0.147,16.393
2020-03-12 17:00:00-03:00,0.107,0.038,0.096,15.858
2020-03-12 18:00:00-03:00,0.085,0.047,0.062,14.87
2020-03-12 19:00:00-03:00,0.051000000000000004,0.048,0.023,12.778
2020-03-12 20:00:00-03:00,0.0,0.0,0.0,11.071
2020-03-12 21:00:00-03:00,0.0,0.0,0.0,10.791
2020-03-12 22:00:00-03:00,0.0,0.0,0.0,9.984
2020-03-12 23:00:00-03:00,0.0,0.0,0.0,9.448
2020-03-13 00:00:00-03:00,0.0,0.0,0.0,8.779
2020-03-13 01:00:00-03:00,0.0,0.0,0.0,8.085
2020-03-13 02:00:00-03:00,0.0,0.0,0.0,7.453
2020-03-13 03:00:00-03:00,0.0,0.0,0.0,6.91
2020-03-13 04:00:00-03:00,0.0,0.0,0.0,6.443
2020-03-13 05:00:00-03:00,0.0,0.0,0.0,5.9350000000000005
2020-03-13 06:00:00-03:00,0.0,0.0,0.0,5.436
2020-03-13 07:00:00-03:00,0.006,0.012,0.004,5.031
2020-03-13 08:00:00-03:00,0.193,0.17200000000000001,0.045,5.82
2020-03-13 09:00:00-03:00,0.5730000000000001,0.5670000000000001,0.084,7.028
2020-03-13 10:00:00-03:00,0.779,0.837,0.1,8.9
2020-03-13 11:00:00-03:00,0.84,0.932,0.109,11.033
2020-03-13 12:00:00-03:00,0.847,0.9560000000000001,0.107,12.693
2020-03-13 13:00:00-03:00,0.8240000000000001,0.9500000000000001,0.083,13.848
2020-03-13 14:00:00-03:00,0.8150000000000001,0.934,0.091,14.627
2020-03-13 15:00:00-03:00,0.805,0.904,0.108,15.052
2020-03-13 16:00:00-03:00,0.776,0.865,0.10200000000000001,15.067
2020-03-13 17:00:00-03:00,0.708,0.78,0.084,14.588
2020-03-13 18:00:00-03:00,0.5640000000000001,0.603,0.059000000000000004,13.33
2020-03-13 19:00:00-03:00,0.221,0.229,0.023,10.226
2020-03-13 20:00:00-03:00,0.0,0.0,0.0,8.0
2020-03-13 21:00:00-03:00,0.0,0.0,0.0,7.404
2020-03-13 22:00:00-03:00,0.0,0.0,0.0,6.299
2020-03-13 23:00:00-03:00,0.0,0.0,0.0,6.014
2020-03-14 00:00:00-03:00,0.0,0.0,0.0,6.367
2020-03-14 01:00:00-03:00,0.0,0.0,0.0,7.062
2020-03-14 02:00:00-03:00,0.0,0.0,0.0,7.014
2020-03-14 03:00:00-03:00,0.0,0.0,0.0,6.9190000000000005
2020-03-14 04:00:00-03:00,0.0,0.0,0.0,7.132
2020-03-14 05:00:00-03:00,0.0,0.0,0.0,7.665
2020-03-14 06:00:00-03:00,0.0,0.0,0.0,8.204
2020-03-14 07:00:00-03:00,0.0,0.003,0.003,8.495
2020-03-14 08:00:00-03:00,0.033,0.017,0.033,9.218
2020-03-14 09:00:00-03:00,0.038,0.007,0.048,9.929
2020-03-14 10:00:00-03:00,0.047,0.005,0.061,10.438
2020-03-14 11:00:00-03:00,0.078,0.006,0.093,11.035
2020-03-14 12:00:00-03:00,0.128,0.011,0.14200000000000002,11.929
2020-03-14 13:00:00-03:00,0.22,0.024,0.231,13.122
2020-03-14 14:00:00-03:00,0.163,0.013000000000000001,0.179,13.592
2020-03-14 15:00:00-03:00,0.109,0.009000000000000001,0.125,13.431
2020-03-14 16:00:00-03:00,0.113,0.016,0.122,13.569
2020-03-14 17:00:00-03:00,0.05,0.007,0.063,13.445
2020-03-14 18:00:00-03:00,0.014,0.002,0.024,12.822
2020-03-14 19:00:00-03:00,0.001,0.001,0.006,11.961
2020-03-14 20:00:00-03:00,0.0,0.0,0.0,11.272
2020-03-14 21:00:00-03:00,0.0,0.0,0.0,10.852
2020-03-14 22:00:00-03:00,0.0,0.0,0.0,10.512
2020-03-14 23:00:00-03:00,0.0,0.0,0.0,10.229
2020-03-15 00:00:00-03:00,0.0,0.0,0.0,10.051
2020-03-15 01:00:00-03:00,0.0,0.0,0.0,10.005
2020-03-15 02:00:00-03:00,0.0,0.0,0.0,10.003
2020-03-15 03:00:00-03:00,0.0,0.0,0.0,10.058
2020-03-15 04:00:00-03:00,0.0,0.0,0.0,10.168
2020-03-15 05:00:00-03:00,0.0,0.0,0.0,10.264
2020-03-15 06:00:00-03:00,0.0,0.0,0.0,10.459
2020-03-15 07:00:00-03:00,0.0,0.002,0.003,10.8
2020-03-15 08:00:00-03:00,0.044,0.028,0.034,11.568
2020-03-15 09:00:00-03:00,0.128,0.065,0.09,12.833
2020-03-15 10:00:00-03:00,0.195,0.08700000000000001,0.14100000000000001,14.087
2020-03-15 11:00:00-03:00,0.23600000000000002,0.08700000000000001,0.187,15.034
2020-03-15 12:00:00-03:00,0.183,0.033,0.183,15.347
2020-03-15 13:00:00-03:00,0.245,0.041,0.244,15.725
2020-03-15 14:00:00-03:00,0.267,0.061,0.25,16.239
2020-03-15 15:00:00-03:00,0.269,0.093,0.22,16.648
2020-03-15 16:00:00-03:00,0.133,0.029,0.133,16.267
2020-03-15 17:00:00-03:00,0.06,0.011,0.07100000000000001,15.572
2020-03-15 18:00:00-03:00,0.027,0.007,0.036000000000000004,14.838
2020-03-15 19:00:00-03:00,0.002,0.003,0.007,13.972
2020-03-15 20:00:00-03:00,0.0,0.0,0.0,13.223
2020-03-15 21:00:00-03:00,0.0,0.0,0.0,12.696
2020-03-15 22:00:00-03:00,0.0,0.0,0.0,12.289
2020-03-15 23:00:00-03:00,0.0,0.0,0.0,11.904
2020-03-16 00:00:00-03:00,0.0,0.0,0.0,11.592
2020-03-16 01:00:00-03:00,0.0,0.0,0.0,11.391
2020-03-16 02:00:00-03:00,0.0,0.0,0.0,11.166
2020-03-16 03:00:00-03:00,0.0,0.0,0.0,10.768
2020-03-16 04:00:00-03:00,0.0,0.0,0.0,10.355
2020-03-16 05:00:00-03:00,0.0,0.0,0.0,10.134
2020-03-16 06:00:00-03:00,0.0,0.0,0.0,9.793
2020-03-16 07:00:00-03:00,0.012,0.021,0.003,9.182
2020-03-16 08:00:00-03:00,0.399,0.40700000000000003,0.042,9.499
2020-03-16 09:00:00-03:00,0.591,0.609,0.077,10.493
2020-03-16 10:00:00-03:00,0.7030000000000001,0.74,0.101,11.243
2020-03-16 11:00:00-03:00,0.756,0.804,0.115,11.866
2020-03-16 12:00:00-03:00,0.759,0.805,0.121,12.5
2020-03-16 13:00:00-03:00,0.754,0.8140000000000001,0.108,12.75
2020-03-16 14:00:00-03:00,0.772,0.845,0.10300000000000001,12.749
2020-03-16 15:00:00-03:00,0.79,0.867,0.107,12.757
2020-03-16 16:00:00-03:00,0.771,0.847,0.099,12.617
2020-03-16 17:00:00-03:00,0.6890000000000001,0.743,0.082,12.038
2020-03-16 18:00:00-03:00,0.491,0.503,0.059000000000000004,10.909
2020-03-16 19:00:00-03:00,0.055,0.06,0.014,9.456
2020-03-16 20:00:00-03:00,0.0,0.0,0.0,8.291
2020-03-16 21:00:00-03:00,0.0,0.0,0.0,7.22
2020-03-16 22:00:00-03:00,0.0,0.0,0.0,6.49
2020-03-16 23:00:00-03:00,0.0,0.0,0.0,6.022
2020-03-17 00:00:00-03:00,0.0,0.0,0.0,5.713
2020-03-17 01:00:00-03:00,0.0,0.0,0.0,5.547
2020-03-17 02:00:00-03:00,0.0,0.0,0.0,5.462
2020-03-17 03:00:00-03:00,0.0,0.0,0.0,5.433
2020-03-17 04:00:00-03:00,0.0,0.0,0.0,5.419
2020-03-17 05:00:00-03:00,0.0,0.0,0.0,5.366
2020-03-17 06:00:00-03:00,0.0,0.0,0.0,5.449
2020-03-17 07:00:00-03:00,0.007,0.014,0.003,5.493
2020-03-17 08:00:00-03:00,0.228,0.213,0.042,6.46
2020-03-17 09:00:00-03:00,0.361,0.316,0.08700000000000001,8.375
2020-03-17 10:00:00-03:00,0.592,0.5750000000000001,0.115,10.757
2020-03-17 11:00:00-03:00,0.739,0.781,0.11900000000000001,12.82
2020-03-17 12:00:00-03:00,0.799,0.886,0.112,14.284
2020-03-17 13:00:00-03:00,0.792,0.9,0.093,15.105
2020-03-17 14:00:00-03:00,0.743,0.806,0.115,15.485
2020-03-17 15:00:00-03:00,0.638,0.626,0.14300000000000002,15.275
2020-03-17 16:00:00-03:00,0.541,0.505,0.133,14.759
2020-03-17 17:00:00-03:00,0.508,0.492,0.1,14.002
2020-03-17 18:00:00-03:00,0.291,0.268,0.065,12.632
2020-03-17 19:00:00-03:00,0.059000000000000004,0.065,0.014,10.907
2020-03-17 20:00:00-03:00,0.0,0.0,0.0,9.706
2020-03-17 21:00:00-03:00,0.0,0.0,0.0,9.21
2020-03-17 22:00:00-03:00,0.0,0.0,0.0,8.927
2020-03-17 23:00:00-03:00,0.0,0.0,0.0,8.766
2020-03-18 00:00:00-03:00,0.0,0.0,0.0,8.883
2020-03-18 01:00:00-03:00,0.0,0.0,0.0,9.203
2020-03-18 02:00:00-03:00,0.0,0.0,0.0,9.528
2020-03-18 03:00:00-03:00,0.0,0.0,0.0,9.737
2020-03-18 04:00:00-03:00,0.0,0.0,0.0,9.929
2020-03-18 05:00:00-03:00,0.0,0.0,0.0,10.225
2020-03-18 06:00:00-03:00,0.0,0.0,0.0,10.483
2020-03-18 07:00:00-03:00,0.002,0.007,0.002,10.676
2020-03-18 08:00:00-03:00,0.14300000000000002,0.129,0.04,11.355
2020-03-18 09:00:00-03:00,0.17,0.113,0.08600000000000001,12.298
2020-03-18 10:00:00-03:00,0.185,0.09,0.126,12.628
2020-03-18 11:00:00-03:00,0.278,0.14,0.178,12.004
2020-03-18 12:00:00-03:00,0.41200000000000003,0.251,0.219,11.745
2020-03-18 13:00:00-03:00,0.5740000000000001,0.456,0.215,12.298
2020-03-18 14:00:00-03:00,0.678,0.65,0.163,12.856
2020-03-18 15:00:00-03:00,0.631,0.589,0.159,12.802
2020-03-18 16:00:00-03:00,0.397,0.294,0.159,12.26
2020-03-18 17:00:00-03:00,0.181,0.10300000000000001,0.108,11.552
2020-03-18 18:00:00-03:00,0.167,0.129,0.065,10.64
2020-03-18 19:00:00-03:00,0.1,0.107,0.016,8.86
2020-03-18 20:00:00-03:00,0.0,0.0,0.0,7.161
2020-03-18 21:00:00-03:00,0.0,0.0,0.0,6.288
2020-03-18 22:00:00-03:00,0.0,0.0,0.0,5.589
2020-03-18 23:00:00-03:00,0.0,0.0,0.0,5.303
2020-03-19 00:00:00-03:00,0.0,0.0,0.0,4.937
2020-03-19 01:00:00-03:00,0.0,0.0,0.0,4.741
2020-03-19 02:00:00-03:00,0.0,0.0,0.0,4.7059999999999995
2020-03-19 03:00:00-03:00,0.0,0.0,0.0,5.038
2020-03-19 04:00:00-03:00,0.0,0.0,0.0,5.627
2020-03-19 05:00:00-03:00,0.0,0.0,0.0,6.072
2020-03-19 06:00:00-03:00,0.0,0.0,0.0,6.153
2020-03-19 07:00:00-03:00,0.0,0.001,0.001,6.259
2020-03-19 08:00:00-03:00,0.016,0.009000000000000001,0.02,6.641
2020-03-19 09:00:00-03:00,0.078,0.031,0.068,7.425
2020-03-19 10:00:00-03:00,0.404,0.304,0.149,8.977
2020-03-19 11:00:00-03:00,0.515,0.406,0.183,10.302
2020-03-19 12:00:00-03:00,0.382,0.193,0.23900000000000002,10.805
2020-03-19 13:00:00-03:00,0.229,0.036000000000000004,0.225,10.514
2020-03-19 14:00:00-03:00,0.176,0.02,0.184,10.269
2020-03-19 15:00:00-03:00,0.122,0.014,0.132,10.045
2020-03-19 16:00:00-03:00,0.089,0.012,0.098,9.701
2020-03-19 17:00:00-03:00,0.081,0.02,0.082,9.426
2020-03-19 18:00:00-03:00,0.041,0.015,0.043000000000000003,8.945
2020-03-19 19:00:00-03:00,0.004,0.006,0.008,8.172
2020-03-19 20:00:00-03:00,0.0,0.0,0.0,7.65
2020-03-19 21:00:00-03:00,0.0,0.0,0.0,7.32
2020-03-19 22:00:00-03:00,0.0,0.0,0.0,7.118
2020-03-19 23:00:00-03:00,0.0,0.0,0.0,6.842
2020-03-20 00:00:00-03:00,0.0,0.0,0.0,6.464
2020-03-20 01:00:00-03:00,0.0,0.0,0.0,6.084
2020-03-20 02:00:00-03:00,0.0,0.0,0.0,5.843
2020-03-20 03:00:00-03:00,0.0,0.0,0.0,5.736
2020-03-20 04:00:00-03:00,0.0,0.0,0.0,5.647
2020-03-20 05:00:00-03:00,0.0,0.0,0.0,5.601
2020-03-20 06:00:00-03:00,0.0,0.0,0.0,5.885
2020-03-20 07:00:00-03:00,0.0,0.001,0.001,6.298
2020-03-20 08:00:00-03:00,0.021,0.015,0.021,6.861
2020-03-20 09:00:00-03:00,0.09,0.042,0.069,7.662
2020-03-20 10:00:00-03:00,0.332,0.232,0.14,8.786
2020-03-20 11:00:00-03:00,0.517,0.421,0.17,9.837
2020-03-20 12:00:00-03:00,0.506,0.374,0.20500000000000002,10.12
2020-03-20 13:00:00-03:00,0.537,0.383,0.233,10.163
2020-03-20 14:00:00-03:00,0.525,0.378,0.224,10.143
2020-03-20 15:00:00-03:00,0.488,0.363,0.193,9.914
2020-03-20 16:00:00-03:00,0.384,0.271,0.16,9.426
2020-03-20 17:00:00-03:00,0.249,0.166,0.115,8.684
2020-03-20 18:00:00-03:00,0.111,0.075,0.058,7.723
2020-03-20 19:00:00-03:00,0.016,0.02,0.01,6.369
2020-03-20 20:00:00-03:00,0.0,0.0,0.0,5.073
2020-03-20 21:00:00-03:00,0.0,0.0,0.0,4.583
2020-03-20 22:00:00-03:00,0.0,0.0,0.0,4.027
2020-03-20 23:00:00-03:00,0.0,0.0,0.0,3.613
2020-03-21 00:00:00-03:00,0.0,0.0,0.0,3.641
2020-03-21 01:00:00-03:00,0.0,0.0,0.0,3.492
2020-03-21 02:00:00-03:00,0.0,0.0,0.0,3.303
2020-03-21 03:00:00-03:00,0.0,0.0,0.0,3.06
2020-03-21 04:00:00-03:00,0.0,0.0,0.0,2.813
2020-03-21 05:00:00-03:00,0.0,0.0,0.0,2.279
2020-03-21 06:00:00-03:00,0.0,0.0,0.0,2.096
2020-03-21 07:00:00-03:00,0.0,0.0,0.0,1.979
2020-03-21 08:00:00-03:00,0.01,0.006,0.015,2.406
2020-03-21 09:00:00-03:00,0.05,0.013000000000000001,0.053,3.99
2020-03-21 10:00:00-03:00,0.049,0.006,0.06,6.45
2020-03-21 11:00:00-03:00,0.075,0.007,0.089,8.644
2020-03-21 12:00:00-03:00,0.109,0.009000000000000001,0.123,10.024
2020-03-21 13:00:00-03:00,0.17,0.017,0.18,10.309
2020-03-21 14:00:00-03:00,0.30000000000000004,0.08600000000000001,0.254,10.773
2020-03-21 15:00:00-03:00,0.385,0.223,0.214,11.13
2020-03-21 16:00:00-03:00,0.582,0.532,0.146,11.082
2020-03-21 17:00:00-03:00,0.486,0.443,0.111,10.283
2020-03-21 18:00:00-03:00,0.124,0.08600000000000001,0.061,8.922
2020-03-21 19:00:00-03:00,0.004,0.006,0.007,7.467
2020-03-21 20:00:00-03:00,0.0,0.0,0.0,6.647
2020-03-21 21:00:00-03:00,0.0,0.0,0.0,6.293
2020-03-21 22:00:00-03:00,0.0,0.0,0.0,5.831
2020-03-21 23:00:00-03:00,0.0,0.0,0.0,5.555
2020-03-22 00:00:00-03:00,0.0,0.0,0.0,5.295
2020-03-22 01:00:00-03:00,0.0,0.0,0.0,5.103
2020-03-22 02:00:00-03:00,0.0,0.0,0.0,4.987
2020-03-22 03:00:00-03:00,0.0,0.0,0.0,4.962
2020-03-22 04:00:00-03:00,0.0,0.0,0.0,5.001
2020-03-22 05:00:00-03:00,0.0,0.0,0.0,5.094
2020-03-22 06:00:00-03:00,0.0,0.0,0.0,5.214
2020-03-22 07:00:00-03:00,0.0,0.0,0.0,5.193
2020-03-22 08:00:00-03:00,0.03,0.022,0.024,6.081
2020-03-22 09:00:00-03:00,0.126,0.069,0.081,8.129
2020-03-22 10:00:00-03:00,0.223,0.116,0.138,9.628
2020-03-22 11:00:00-03:00,0.28700000000000003,0.138,0.188,11.233
2020-03-22 12:00:00-03:00,0.289,0.10400000000000001,0.225,12.693
2020-03-22 13:00:00-03:00,0.316,0.095,0.268,13.994
2020-03-22 14:00:00-03:00,0.293,0.085,0.253,15.046
2020-03-22 15:00:00-03:00,0.18,0.038,0.17400000000000002,15.348
2020-03-22 16:00:00-03:00,0.08700000000000001,0.013000000000000001,0.098,14.718
2020-03-22 17:00:00-03:00,0.037,0.006,0.049,13.647
2020-03-22 18:00:00-03:00,0.015,0.004,0.024,12.651
2020-03-22 19:00:00-03:00,0.001,0.002,0.004,11.672
2020-03-22 20:00:00-03:00,0.0,0.0,0.0,11.137
2020-03-22 21:00:00-03:00,0.0,0.0,0.0,11.079
2020-03-22 22:00:00-03:00,0.0,0.0,0.0,11.026
2020-03-22 23:00:00-03:00,0.0,0.0,0.0,10.748
2020-03-23 00:00:00-03:00,0.0,0.0,0.0,10.232
2020-03-23 01:00:00-03:00,0.0,0.0,0.0,9.66
2020-03-23 02:00:00-03:00,0.0,0.0,0.0,9.098
2020-03-23 03:00:00-03:00,0.0,0.0,0.0,8.92
2020-03-23 04:00:00-03:00,0.0,0.0,0.0,9.478
2020-03-23 05:00:00-03:00,0.0,0.0,0.0,9.557
2020-03-23 06:00:00-03:00,0.0,0.0,0.0,9.411
2020-03-23 07:00:00-03:00,0.0,0.001,0.0,9.19
2020-03-23 08:00:00-03:00,0.078,0.069,0.031,9.332
2020-03-23 09:00:00-03:00,0.10300000000000001,0.054,0.073,10.507
2020-03-23 10:00:00-03:00,0.097,0.028,0.093,11.871
2020-03-23 11:00:00-03:00,0.304,0.168,0.181,13.847
2020-03-23 12:00:00-03:00,0.664,0.645,0.166,16.355
2020-03-23 13:00:00-03:00,0.621,0.557,0.199,17.46
2020-03-23 14:00:00-03:00,0.279,0.088,0.23700000000000002,16.767
2020-03-23 15:00:00-03:00,0.14100000000000001,0.025,0.145,15.61
2020-03-23 16:00:00-03:00,0.134,0.035,0.128,15.027
2020-03-23 17:00:00-03:00,0.067,0.018000000000000002,0.07100000000000001,13.975
2020-03-23 18:00:00-03:00,0.051000000000000004,0.027,0.044,13.104
2020-03-23 19:00:00-03:00,0.013000000000000001,0.017,0.008,12.161
2020-03-23 20:00:00-03:00,0.0,0.0,0.0,10.959
2020-03-23 21:00:00-03:00,0.0,0.0,0.0,9.156
2020-03-23 22:00:00-03:00,0.0,0.0,0.0,7.307
2020-03-23 23:00:00-03:00,0.0,0.0,0.0,6.24
2020-03-24 00:00:00-03:00,0.0,0.0,0.0,5.666
2020-03-24 01:00:00-03:00,0.0,0.0,0.0,4.793
2020-03-24 02:00:00-03:00,0.0,0.0,0.0,3.673
2020-03-24 03:00:00-03:00,0.0,0.0,0.0,2.726
2020-03-24 04:00:00-03:00,0.0,0.0,0.0,1.963
2020-03-24 05:00:00-03:00,0.0,0.0,0.0,1.384
2020-03-24 06:00:00-03:00,0.0,0.0,0.0,1.027
2020-03-24 07:00:00-03:00,0.0,0.004,0.0,0.747
2020-03-24 08:00:00-03:00,0.47400000000000003,0.489,0.029,1.8479999999999999
2020-03-24 09:00:00-03:00,0.678,0.716,0.059000000000000004,4.29
2020-03-24 10:00:00-03:00,0.8160000000000001,0.898,0.077,6.173
2020-03-24 11:00:00-03:00,0.857,0.9590000000000001,0.08600000000000001,7.49
2020-03-24 12:00:00-03:00,0.858,0.971,0.082,8.559
2020-03-24 13:00:00-03:00,0.853,0.99,0.059000000000000004,9.413
2020-03-24 14:00:00-03:00,0.847,0.979,0.067,10.045
2020-03-24 15:00:00-03:00,0.838,0.9510000000000001,0.083,10.387
2020-03-24 16:00:00-03:00,0.801,0.897,0.081,10.412
2020-03-24 17:00:00-03:00,0.722,0.794,0.067,10.064
2020-03-24 18:00:00-03:00,0.54,0.5730000000000001,0.043000000000000003,8.795
2020-03-24 19:00:00-03:00,0.10400000000000001,0.117,0.008,5.82
2020-03-24 20:00:00-03:00,0.0,0.0,0.0,4.6530000000000005
2020-03-24 21:00:00-03:00,0.0,0.0,0.0,3.412
2020-03-24 22:00:00-03:00,0.0,0.0,0.0,2.8609999999999998
2020-03-24 23:00:00-03:00,0.0,0.0,0.0,3.707
2020-03-25 00:00:00-03:00,0.0,0.0,0.0,4.541
2020-03-25 01:00:00-03:00,0.0,0.0,0.0,4.823
2020-03-25 02:00:00-03:00,0.0,0.0,0.0,5.296
2020-03-25 03:00:00-03:00,0.0,0.0,0.0,5.557
2020-03-25 04:00:00-03:00,0.0,0.0,0.0,5.657
2020-03-25 05:00:00-03:00,0.0,0.0,0.0,5.773
2020-03-25 06:00:00-03:00,0.0,0.0,0.0,6.006
2020-03-25 07:00:00-03:00,0.0,0.0,0.0,6.43
2020-03-25 08:00:00-03:00,0.015,0.01,0.018000000000000002,7.302
2020-03-25 09:00:00-03:00,0.041,0.01,0.049,8.83
2020-03-25 10:00:00-03:00,0.052000000000000005,0.006,0.065,10.142
2020-03-25 11:00:00-03:00,0.073,0.006,0.088,11.404
2020-03-25 12:00:00-03:00,0.083,0.005,0.101,12.585
2020-03-25 13:00:00-03:00,0.063,0.002,0.082,13.098
2020-03-25 14:00:00-03:00,0.041,0.001,0.059000000000000004,12.977
2020-03-25 15:00:00-03:00,0.032,0.001,0.048,12.898
2020-03-25 16:00:00-03:00,0.028,0.002,0.043000000000000003,12.886
2020-03-25 17:00:00-03:00,0.041,0.006,0.053,12.936
2020-03-25 18:00:00-03:00,0.058,0.029,0.049,12.594
2020-03-25 19:00:00-03:00,0.003,0.006,0.006,11.295
2020-03-25 20:00:00-03:00,0.0,0.0,0.0,10.325
2020-03-25 21:00:00-03:00,0.0,0.0,0.0,9.76
2020-03-25 22:00:00-03:00,0.0,0.0,0.0,9.487
2020-03-25 23:00:00-03:00,0.0,0.0,0.0,9.46
2020-03-26 00:00:00-03:00,0.0,0.0,0.0,9.51
2020-03-26 01:00:00-03:00,0.0,0.0,0.0,9.37
2020-03-26 02:00:00-03:00,0.0,0.0,0.0,9.081
2020-03-26 03:00:00-03:00,0.0,0.0,0.0,8.878
2020-03-26 04:00:00-03:00,0.0,0.0,0.0,8.755
2020-03-26 05:00:00-03:00,0.0,0.0,0.0,8.719
2020-03-26 06:00:00-03:00,0.0,0.0,0.0,8.725999999999999
2020-03-26 07:00:00-03:00,0.0,0.0,0.0,8.698
2020-03-26 08:00:00-03:00,0.029,0.025,0.021,8.886
2020-03-26 09:00:00-03:00,0.067,0.028,0.059000000000000004,9.559
2020-03-26 10:00:00-03:00,0.147,0.056,0.117,10.453
2020-03-26 11:00:00-03:00,0.20600000000000002,0.07,0.166,11.247
2020-03-26 12:00:00-03:00,0.20500000000000002,0.045,0.191,11.757
2020-03-26 13:00:00-03:00,0.189,0.025,0.194,12.009
2020-03-26 14:00:00-03:00,0.183,0.025,0.188,12.24
2020-03-26 15:00:00-03:00,0.16,0.03,0.159,12.109
2020-03-26 16:00:00-03:00,0.132,0.034,0.124,11.454
2020-03-26 17:00:00-03:00,0.131,0.059000000000000004,0.097,10.606
2020-03-26 18:00:00-03:00,0.138,0.106,0.056,9.498
2020-03-26 19:00:00-03:00,0.006,0.01,0.005,8.023
2020-03-26 20:00:00-03:00,0.0,0.0,0.0,7.197
2020-03-26 21:00:00-03:00,0.0,0.0,0.0,6.76
2020-03-26 22:00:00-03:00,0.0,0.0,0.0,6.593
2020-03-26 23:00:00-03:00,0.0,0.0,0.0,6.407
2020-03-27 00:00:00-03:00,0.0,0.0,0.0,6.177
2020-03-27 01:00:00-03:00,0.0,0.0,0.0,5.9719999999999995
2020-03-27 02:00:00-03:00,0.0,0.0,0.0,5.821
2020-03-27 03:00:00-03:00,0.0,0.0,0.0,5.668
2020-03-27 04:00:00-03:00,0.0,0.0,0.0,5.45
2020-03-27 05:00:00-03:00,0.0,0.0,0.0,5.306
2020-03-27 06:00:00-03:00,0.0,0.0,0.0,5.092
2020-03-27 07:00:00-03:00,0.0,0.0,0.0,4.788
2020-03-27 08:00:00-03:00,0.049,0.043000000000000003,0.023,5.028
2020-03-27 09:00:00-03:00,0.203,0.146,0.082,6.251
2020-03-27 10:00:00-03:00,0.389,0.299,0.136,7.795
2020-03-27 11:00:00-03:00,0.327,0.183,0.184,8.903
2020-03-27 12:00:00-03:00,0.20400000000000001,0.045,0.187,9.184
2020-03-27 13:00:00-03:00,0.22,0.035,0.215,9.374
2020-03-27 14:00:00-03:00,0.198,0.03,0.197,9.452
2020-03-27 15:00:00-03:00,0.133,0.019,0.138,9.263
2020-03-27 16:00:00-03:00,0.093,0.015,0.1,9.004
2020-03-27 17:00:00-03:00,0.05,0.01,0.059000000000000004,8.568
2020-03-27 18:00:00-03:00,0.014,0.004,0.022,7.714
2020-03-27 19:00:00-03:00,0.0,0.001,0.002,6.521
2020-03-27 20:00:00-03:00,0.0,0.0,0.0,5.983
2020-03-27 21:00:00-03:00,0.0,0.0,0.0,5.621
2020-03-27 22:00:00-03:00,0.0,0.0,0.0,5.307
2020-03-27 23:00:00-03:00,0.0,0.0,0.0,5.075
2020-03-28 00:00:00-03:00,0.0,0.0,0.0,4.896
2020-03-28 01:00:00-03:00,0.0,0.0,0.0,4.677
2020-03-28 02:00:00-03:00,0.0,0.0,0.0,4.417
2020-03-28 03:00:00-03:00,0.0,0.0,0.0,4.144
2020-03-28 04:00:00-03:00,0.0,0.0,0.0,3.98
2020-03-28 05:00:00-03:00,0.0,0.0,0.0,3.761
2020-03-28 06:00:00-03:00,0.0,0.0,0.0,3.359
2020-03-28 07:00:00-03:00,0.0,0.0,0.0,2.644
2020-03-28 08:00:00-03:00,0.075,0.07200000000000001,0.021,2.8040000000000003
2020-03-28 09:00:00-03:00,0.25,0.202,0.074,4.21
2020-03-28 10:00:00-03:00,0.435,0.369,0.113,5.494
2020-03-28 11:00:00-03:00,0.6970000000000001,0.6990000000000001,0.114,7.11
2020-03-28 12:00:00-03:00,0.765,0.806,0.108,8.546
2020-03-28 13:00:00-03:00,0.759,0.81,0.101,9.5
2020-03-28 14:00:00-03:00,0.719,0.741,0.116,10.068
2020-03-28 15:00:00-03:00,0.668,0.665,0.123,10.258
2020-03-28 16:00:00-03:00,0.623,0.619,0.108,10.209
2020-03-28 17:00:00-03:00,0.496,0.47900000000000004,0.085,9.715
2020-03-28 18:00:00-03:00,0.279,0.265,0.048,8.344
2020-03-28 19:00:00-03:00,0.01,0.018000000000000002,0.004,5.777
2020-03-28 20:00:00-03:00,0.0,0.0,0.0,4.812
2020-03-28 21:00:00-03:00,0.0,0.0,0.0,3.787
2020-03-28 22:00:00-03:00,0.0,0.0,0.0,3.144
2020-03-28 23:00:00-03:00,0.0,0.0,0.0,2.737
2020-03-29 00:00:00-03:00,0.0,0.0,0.0,2.444
2020-03-29 01:00:00-03:00,0.0,0.0,0.0,2.197
2020-03-29 02:00:00-03:00,0.0,0.0,0.0,2.062
2020-03-29 03:00:00-03:00,0.0,0.0,0.0,2.033
2020-03-29 04:00:00-03:00,0.0,0.0,0.0,1.853
2020-03-29 05:00:00-03:00,0.0,0.0,0.0,1.687
2020-03-29 06:00:00-03:00,0.0,0.0,0.0,1.732
2020-03-29 07:00:00-03:00,0.0,0.0,0.0,1.806
2020-03-29 08:00:00-03:00,0.1,0.098,0.021,2.253
2020-03-29 09:00:00-03:00,0.262,0.214,0.074,3.697
2020-03-29 10:00:00-03:00,0.467,0.40700000000000003,0.113,6.039
2020-03-29 11:00:00-03:00,0.599,0.555,0.133,8.101
2020-03-29 12:00:00-03:00,0.668,0.646,0.138,9.677
2020-03-29 13:00:00-03:00,0.686,0.679,0.136,10.831
2020-03-29 14:00:00-03:00,0.678,0.669,0.138,11.529
2020-03-29 15:00:00-03:00,0.5640000000000001,0.505,0.151,11.676
2020-03-29 16:00:00-03:00,0.44,0.367,0.136,11.491
2020-03-29 17:00:00-03:00,0.226,0.16,0.098,10.811
2020-03-29 18:00:00-03:00,0.04,0.025,0.033,9.439
2020-03-29 19:00:00-03:00,0.0,0.002,0.002,8.032
2020-03-29 20:00:00-03:00,0.0,0.0,0.0,7.389
2020-03-29 21:00:00-03:00,0.0,0.0,0.0,7.03
2020-03-29 22:00:00-03:00,0.0,0.0,0.0,6.795
2020-03-29 23:00:00-03:00,0.0,0.0,0.0,6.518
2020-03-30 00:00:00-03:00,0.0,0.0,0.0,6.24
2020-03-30 01:00:00-03:00,0.0,0.0,0.0,6.036
2020-03-30 02:00:00-03:00,0.0,0.0,0.0,6.345
2020-03-30 03:00:00-03:00,0.0,0.0,0.0,6.509
2020-03-30 04:00:00-03:00,0.0,0.0,0.0,6.499
2020-03-30 05:00:00-03:00,0.0,0.0,0.0,6.294
2020-03-30 06:00:00-03:00,0.0,0.0,0.0,6.082
2020-03-30 07:00:00-03:00,0.0,0.0,0.0,5.925
2020-03-30 08:00:00-03:00,0.047,0.047,0.018000000000000002,6.013
2020-03-30 09:00:00-03:00,0.158,0.111,0.07,6.908
2020-03-30 10:00:00-03:00,0.232,0.14100000000000001,0.12,7.96
2020-03-30 11:00:00-03:00,0.291,0.161,0.165,8.932
2020-03-30 12:00:00-03:00,0.362,0.203,0.20500000000000002,9.999
2020-03-30 13:00:00-03:00,0.47400000000000003,0.317,0.226,11.223
2020-03-30 14:00:00-03:00,0.47100000000000003,0.329,0.212,12.065
2020-03-30 15:00:00-03:00,0.448,0.338,0.176,12.472
2020-03-30 16:00:00-03:00,0.465,0.403,0.132,12.567
2020-03-30 17:00:00-03:00,0.486,0.47100000000000003,0.088,12.219
2020-03-30 18:00:00-03:00,0.228,0.213,0.047,10.984
2020-03-30 19:00:00-03:00,0.002,0.007,0.003,9.346
2020-03-30 20:00:00-03:00,0.0,0.0,0.0,8.096
2020-03-30 21:00:00-03:00,0.0,0.0,0.0,7.215
2020-03-30 22:00:00-03:00,0.0,0.0,0.0,6.645
2020-03-30 23:00:00-03:00,0.0,0.0,0.0,6.268
2020-03-31 00:00:00-03:00,0.0,0.0,0.0,6.037
2020-03-31 01:00:00-03:00,0.0,0.0,0.0,5.868
2020-03-31 02:00:00-03:00,0.0,0.0,0.0,5.713
2020-03-31 03:00:00-03:00,0.0,0.0,0.0,5.666
2020-03-31 04:00:00-03:00,0.0,0.0,0.0,5.493
2020-03-31 05:00:00-03:00,0.0,0.0,0.0,5.345
2020-03-31 06:00:00-03:00,0.0,0.0,0.0,5.258
2020-03-31 07:00:00-03:00,0.0,0.0,0.0,4.894
2020-03-31 08:00:00-03:00,0.158,0.161,0.02,4.95
2020-03-31 09:00:00-03:00,0.279,0.242,0.069,6.883
2020-03-31 10:00:00-03:00,0.28600000000000003,0.20800000000000002,0.112,8.365
2020-03-31 11:00:00-03:00,0.528,0.467,0.137,9.651
2020-03-31 12:00:00-03:00,0.632,0.602,0.14,10.762
2020-03-31 13:00:00-03:00,0.593,0.533,0.16,11.533
2020-03-31 14:00:00-03:00,0.635,0.61,0.14100000000000001,12.049
2020-03-31 15:00:00-03:00,0.648,0.648,0.122,12.246
2020-03-31 16:00:00-03:00,0.596,0.593,0.106,12.162
2020-03-31 17:00:00-03:00,0.444,0.424,0.084,11.732
2020-03-31 18:00:00-03:00,0.226,0.214,0.043000000000000003,10.322
2020-03-31 19:00:00-03:00,0.004,0.01,0.003,7.326
2020-03-31 20:00:00-03:00,0.0,0.0,0.0,6.71
2020-03-31 21:00:00-03:00,0.0,0.0,0.0,6.933
2020-03-31 22:00:00-03:00,0.0,0.0,0.0,6.901
2020-03-31 23:00:00-03:00,0.0,0.0,0.0,6.724
2020-04-01 00:00:00-03:00,0.0,0.0,0.0,6.373
2020-04-01 01:00:00-03:00,0.0,0.0,0.0,5.783
2020-04-01 02:00:00-03:00,0.0,0.0,0.0,4.973
2020-04-01 03:00:00-03:00,0.0,0.0,0.0,4.206
2020-04-01 04:00:00-03:00,0.0,0.0,0.0,4.108
2020-04-01 05:00:00-03:00,0.0,0.0,0.0,4.605
2020-04-01 06:00:00-03:00,0.0,0.0,0.0,4.885
2020-04-01 07:00:00-03:00,0.0,0.0,0.0,4.846
2020-04-01 08:00:00-03:00,0.078,0.08,0.017,5.228
2020-04-01 09:00:00-03:00,0.253,0.212,0.07,6.793
2020-04-01 10:00:00-03:00,0.399,0.335,0.114,8.919
2020-04-01 11:00:00-03:00,0.534,0.481,0.137,11.537
2020-04-01 12:00:00-03:00,0.713,0.745,0.12,13.175
2020-04-01 13:00:00-03:00,0.713,0.748,0.12,14.137
2020-04-01 14:00:00-03:00,0.527,0.434,0.185,14.438
2020-04-01 15:00:00-03:00,0.354,0.224,0.183,14.312
2020-04-01 16:00:00-03:00,0.202,0.1,0.135,13.811
2020-04-01 17:00:00-03:00,0.076,0.03,0.069,12.86
2020-04-01 18:00:00-03:00,0.015,0.008,0.02,11.501
2020-04-01 19:00:00-03:00,0.0,0.0,0.001,10.318
2020-04-01 20:00:00-03:00,0.0,0.0,0.0,9.595
2020-04-01 21:00:00-03:00,0.0,0.0,0.0,8.972
2020-04-01 22:00:00-03:00,0.0,0.0,0.0,8.23
2020-04-01 23:00:00-03:00,0.0,0.0,0.0,7.713
2020-04-02 00:00:00-03:00,0.0,0.0,0.0,7.649
2020-04-02 01:00:00-03:00,0.0,0.0,0.0,7.868
2020-04-02 02:00:00-03:00,0.0,0.0,0.0,7.998
2020-04-02 03:00:00-03:00,0.0,0.0,0.0,8.001
2020-04-02 04:00:00-03:00,0.0,0.0,0.0,7.967
2020-04-02 05:00:00-03:00,0.0,0.0,0.0,7.998
2020-04-02 06:00:00-03:00,0.0,0.0,0.0,8.09
2020-04-02 07:00:00-03:00,0.0,0.0,0.0,8.195
2020-04-02 08:00:00-03:00,0.029,0.031,0.014,8.37
2020-04-02 09:00:00-03:00,0.178,0.136,0.069,9.606
2020-04-02 10:00:00-03:00,0.27,0.187,0.12,11.238
2020-04-02 11:00:00-03:00,0.323,0.203,0.166,13.048
2020-04-02 12:00:00-03:00,0.34700000000000003,0.196,0.203,14.498
2020-04-02 13:00:00-03:00,0.541,0.44,0.2,15.703
2020-04-02 14:00:00-03:00,0.561,0.47900000000000004,0.189,16.272
2020-04-02 15:00:00-03:00,0.214,0.079,0.17,15.54
2020-04-02 16:00:00-03:00,0.127,0.04,0.116,15.19
2020-04-02 17:00:00-03:00,0.06,0.019,0.062,14.828
2020-04-02 18:00:00-03:00,0.016,0.009000000000000001,0.022,14.09
2020-04-02 19:00:00-03:00,0.0,0.0,0.001,13.157
2020-04-02 20:00:00-03:00,0.0,0.0,0.0,12.053
2020-04-02 21:00:00-03:00,0.0,0.0,0.0,10.47
2020-04-02 22:00:00-03:00,0.0,0.0,0.0,9.055
2020-04-02 23:00:00-03:00,0.0,0.0,0.0,8.039
2020-04-03 00:00:00-03:00,0.0,0.0,0.0,7.226
2020-04-03 01:00:00-03:00,0.0,0.0,0.0,6.595
2020-04-03 02:00:00-03:00,0.0,0.0,0.0,6.24
2020-04-03 03:00:00-03:00,0.0,0.0,0.0,6.14
2020-04-03 04:00:00-03:00,0.0,0.0,0.0,6.121
2020-04-03 05:00:00-03:00,0.0,0.0,0.0,5.775
2020-04-03 06:00:00-03:00,0.0,0.0,0.0,5.273
2020-04-03 07:00:00-03:00,0.0,0.0,0.0,4.455
2020-04-03 08:00:00-03:00,0.046,0.049,0.014,4.313
2020-04-03 09:00:00-03:00,0.245,0.20500000000000002,0.068,5.98
2020-04-03 10:00:00-03:00,0.445,0.387,0.11,7.313
2020-04-03 11:00:00-03:00,0.558,0.501,0.136,8.323
2020-04-03 12:00:00-03:00,0.5690000000000001,0.484,0.169,9.076
2020-04-03 13:00:00-03:00,0.367,0.179,0.233,9.041
2020-04-03 14:00:00-03:00,0.249,0.074,0.20600000000000002,8.663
2020-04-03 15:00:00-03:00,0.187,0.054,0.16,8.185
2020-04-03 16:00:00-03:00,0.133,0.042,0.114,7.467
2020-04-03 17:00:00-03:00,0.099,0.044,0.076,6.598
2020-04-03 18:00:00-03:00,0.049,0.034,0.032,5.538
2020-04-03 19:00:00-03:00,0.0,0.001,0.001,4.392
2020-04-03 20:00:00-03:00,0.0,0.0,0.0,3.83
2020-04-03 21:00:00-03:00,0.0,0.0,0.0,3.469
2020-04-03 22:00:00-03:00,0.0,0.0,0.0,3.062
2020-04-03 23:00:00-03:00,0.0,0.0,0.0,2.809
2020-04-04 00:00:00-03:00,0.0,0.0,0.0,2.946
2020-04-04 01:00:00-03:00,0.0,0.0,0.0,3.154
2020-04-04 02:00:00-03:00,0.0,0.0,0.0,3.186
2020-04-04 03:00:00-03:00,0.0,0.0,0.0,3.258
2020-04-04 04:00:00-03:00,0.0,0.0,0.0,3.544
2020-04-04 05:00:00-03:00,0.0,0.0,0.0,3.888
2020-04-04 06:00:00-03:00,0.0,0.0,0.0,4.091
2020-04-04 07:00:00-03:00,0.0,0.0,0.0,4.2780000000000005
2020-04-04 08:00:00-03:00,0.011,0.013000000000000001,0.01,4.78
2020-04-04 09:00:00-03:00,0.085,0.047,0.058,5.727
2020-04-04 10:00:00-03:00,0.179,0.08700000000000001,0.117,6.772
2020-04-04 11:00:00-03:00,0.17200000000000001,0.051000000000000004,0.146,7.495
2020-04-04 12:00:00-03:00,0.177,0.032,0.17,7.894
2020-04-04 13:00:00-03:00,0.159,0.018000000000000002,0.167,8.019
2020-04-04 14:00:00-03:00,0.157,0.019,0.163,8.142
2020-04-04 15:00:00-03:00,0.127,0.018000000000000002,0.132,8.091
2020-04-04 16:00:00-03:00,0.08,0.013000000000000001,0.088,7.732
2020-04-04 17:00:00-03:00,0.036000000000000004,0.007,0.045,7.174
2020-04-04 18:00:00-03:00,0.007,0.003,0.014,6.457
2020-04-04 19:00:00-03:00,0.0,0.0,0.0,5.679
2020-04-04 20:00:00-03:00,0.0,0.0,0.0,5.037
2020-04-04 21:00:00-03:00,0.0,0.0,0.0,4.3870000000000005
2020-04-04 22:00:00-03:00,0.0,0.0,0.0,3.779
2020-04-04 23:00:00-03:00,0.0,0.0,0.0,3.348
2020-04-05 00:00:00-03:00,0.0,0.0,0.0,2.999
2020-04-05 01:00:00-03:00,0.0,0.0,0.0,2.8369999999999997
2020-04-05 02:00:00-03:00,0.0,0.0,0.0,2.779
2020-04-05 03:00:00-03:00,0.0,0.0,0.0,2.692
2020-04-05 04:00:00-03:00,0.0,0.0,0.0,2.6029999999999998
2020-04-05 05:00:00-03:00,0.0,0.0,0.0,2.531
2020-04-05 06:00:00-03:00,0.0,0.0,0.0,2.323
2020-04-05 07:00:00-03:00,0.0,0.0,0.0,2.029
2020-04-05 08:00:00-03:00,0.029,0.033,0.011,1.842
2020-04-05 09:00:00-03:00,0.154,0.115,0.06,2.4
2020-04-05 10:00:00-03:00,0.251,0.168,0.108,3.338
2020-04-05 11:00:00-03:00,0.41100000000000003,0.303,0.148,4.404
2020-04-05 12:00:00-03:00,0.498,0.386,0.169,5.416
2020-04-05 13:00:00-03:00,0.626,0.561,0.155,6.375
2020-04-05 14:00:00-03:00,0.543,0.443,0.17,6.651
2020-04-05 15:00:00-03:00,0.55,0.47900000000000004,0.14300000000000002,6.6370000000000005
2020-04-05 16:00:00-03:00,0.561,0.526,0.108,6.439
2020-04-05 17:00:00-03:00,0.445,0.41500000000000004,0.079,5.837
2020-04-05 18:00:00-03:00,0.136,0.122,0.035,4.775
2020-04-05 19:00:00-03:00,0.0,0.001,0.001,3.701
2020-04-05 20:00:00-03:00,0.0,0.0,0.0,3.322
2020-04-05 21:00:00-03:00,0.0,0.0,0.0,3.04
2020-04-05 22:00:00-03:00,0.0,0.0,0.0,2.829
2020-04-05 23:00:00-03:00,0.0,0.0,0.0,2.568
2020-04-06 00:00:00-03:00,0.0,0.0,0.0,2.402
2020-04-06 01:00:00-03:00,0.0,0.0,0.0,2.396
2020-04-06 02:00:00-03:00,0.0,0.0,0.0,2.5460000000000003
2020-04-06 03:00:00-03:00,0.0,0.0,0.0,3.105
2020-04-06 04:00:00-03:00,0.0,0.0,0.0,3.336
2020-04-06 05:00:00-03:00,0.0,0.0,0.0,3.052
2020-04-06 06:00:00-03:00,0.0,0.0,0.0,2.841
2020-04-06 07:00:00-03:00,0.0,0.0,0.0,2.948
2020-04-06 08:00:00-03:00,0.046,0.052000000000000005,0.011,3.133
2020-04-06 09:00:00-03:00,0.28400000000000003,0.253,0.06,4.3
2020-04-06 10:00:00-03:00,0.583,0.5740000000000001,0.088,6.382
2020-04-06 11:00:00-03:00,0.672,0.683,0.10200000000000001,8.405
2020-04-06 12:00:00-03:00,0.722,0.757,0.10400000000000001,10.019
2020-04-06 13:00:00-03:00,0.679,0.684,0.123,11.219
2020-04-06 14:00:00-03:00,0.488,0.381,0.179,11.535
2020-04-06 15:00:00-03:00,0.378,0.265,0.165,11.471
2020-04-06 16:00:00-03:00,0.4,0.329,0.126,11.551
2020-04-06 17:00:00-03:00,0.201,0.148,0.083,11.158
2020-04-06 18:00:00-03:00,0.033,0.026000000000000002,0.024,10.186
2020-04-06 19:00:00-03:00,0.0,0.0,0.0,9.311
2020-04-06 20:00:00-03:00,0.0,0.0,0.0,9.065
2020-04-06 21:00:00-03:00,0.0,0.0,0.0,8.969
2020-04-06 22:00:00-03:00,0.0,0.0,0.0,8.908
2020-04-06 23:00:00-03:00,0.0,0.0,0.0,8.936
2020-04-07 00:00:00-03:00,0.0,0.0,0.0,8.905
2020-04-07 01:00:00-03:00,0.0,0.0,0.0,8.643
2020-04-07 02:00:00-03:00,0.0,0.0,0.0,8.094
2020-04-07 03:00:00-03:00,0.0,0.0,0.0,7.28
2020-04-07 04:00:00-03:00,0.0,0.0,0.0,6.187
2020-04-07 05:00:00-03:00,0.0,0.0,0.0,5.5760000000000005
2020-04-07 06:00:00-03:00,0.0,0.0,0.0,5.442
2020-04-07 07:00:00-03:00,0.0,0.0,0.0,5.805
2020-04-07 08:00:00-03:00,0.003,0.005,0.006,6.819
2020-04-07 09:00:00-03:00,0.047,0.022,0.043000000000000003,8.827
2020-04-07 10:00:00-03:00,0.108,0.039,0.093,10.487
2020-04-07 11:00:00-03:00,0.152,0.043000000000000003,0.136,11.917
2020-04-07 12:00:00-03:00,0.163,0.031,0.161,13.248
2020-04-07 13:00:00-03:00,0.17400000000000002,0.026000000000000002,0.179,14.063
2020-04-07 14:00:00-03:00,0.152,0.021,0.16,14.47
2020-04-07 15:00:00-03:00,0.09,0.011,0.10300000000000001,14.224
2020-04-07 16:00:00-03:00,0.088,0.02,0.092,13.937
2020-04-07 17:00:00-03:00,0.201,0.14200000000000002,0.092,13.898
2020-04-07 18:00:00-03:00,0.083,0.073,0.032,12.746
2020-04-07 19:00:00-03:00,0.0,0.0,0.0,11.41
2020-04-07 20:00:00-03:00,0.0,0.0,0.0,10.875
2020-04-07 21:00:00-03:00,0.0,0.0,0.0,10.379
2020-04-07 22:00:00-03:00,0.0,0.0,0.0,10.104
2020-04-07 23:00:00-03:00,0.0,0.0,0.0,9.738
2020-04-08 00:00:00-03:00,0.0,0.0,0.0,9.016
2020-04-08 01:00:00-03:00,0.0,0.0,0.0,8.209
2020-04-08 02:00:00-03:00,0.0,0.0,0.0,7.709
2020-04-08 03:00:00-03:00,0.0,0.0,0.0,7.372
2020-04-08 04:00:00-03:00,0.0,0.0,0.0,6.925
2020-04-08 05:00:00-03:00,0.0,0.0,0.0,6.421
2020-04-08 06:00:00-03:00,0.0,0.0,0.0,6.169
2020-04-08 07:00:00-03:00,0.0,0.0,0.0,5.994
2020-04-08 08:00:00-03:00,0.113,0.125,0.009000000000000001,6.181
2020-04-08 09:00:00-03:00,0.528,0.556,0.045,8.585
2020-04-08 10:00:00-03:00,0.683,0.744,0.066,10.71
2020-04-08 11:00:00-03:00,0.737,0.8240000000000001,0.076,13.5
2020-04-08 12:00:00-03:00,0.752,0.86,0.076,15.949
2020-04-08 13:00:00-03:00,0.748,0.872,0.068,17.64
2020-04-08 14:00:00-03:00,0.74,0.862,0.07200000000000001,18.897
2020-04-08 15:00:00-03:00,0.721,0.8310000000000001,0.078,19.609
2020-04-08 16:00:00-03:00,0.673,0.765,0.073,19.548000000000002
2020-04-08 17:00:00-03:00,0.5670000000000001,0.626,0.058,18.193
2020-04-08 18:00:00-03:00,0.302,0.32,0.028,14.909
2020-04-08 19:00:00-03:00,0.0,0.001,0.0,12.092
2020-04-08 20:00:00-03:00,0.0,0.0,0.0,11.024
2020-04-08 21:00:00-03:00,0.0,0.0,0.0,10.238
2020-04-08 22:00:00-03:00,0.0,0.0,0.0,9.654
2020-04-08 23:00:00-03:00,0.0,0.0,0.0,9.531
2020-04-09 00:00:00-03:00,0.0,0.0,0.0,9.274000000000001
2020-04-09 01:00:00-03:00,0.0,0.0,0.0,9.035
2020-04-09 02:00:00-03:00,0.0,0.0,0.0,8.891
2020-04-09 03:00:00-03:00,0.0,0.0,0.0,8.843
2020-04-09 04:00:00-03:00,0.0,0.0,0.0,8.877
2020-04-09 05:00:00-03:00,0.0,0.0,0.0,8.57
2020-04-09 06:00:00-03:00,0.0,0.0,0.0,7.693
2020-04-09 07:00:00-03:00,0.0,0.0,0.0,7.027
2020-04-09 08:00:00-03:00,0.049,0.058,0.009000000000000001,6.884
2020-04-09 09:00:00-03:00,0.258,0.23600000000000002,0.055,9.392
2020-04-09 10:00:00-03:00,0.401,0.36,0.096,11.501
2020-04-09 11:00:00-03:00,0.484,0.435,0.126,13.266
2020-04-09 12:00:00-03:00,0.542,0.496,0.14400000000000002,15.222
2020-04-09 13:00:00-03:00,0.536,0.47500000000000003,0.161,16.303
2020-04-09 14:00:00-03:00,0.517,0.454,0.159,16.808
2020-04-09 15:00:00-03:00,0.508,0.467,0.135,16.901
2020-04-09 16:00:00-03:00,0.517,0.511,0.10200000000000001,16.654
2020-04-09 17:00:00-03:00,0.443,0.446,0.07100000000000001,15.766
2020-04-09 18:00:00-03:00,0.13,0.129,0.028,13.541
2020-04-09 19:00:00-03:00,0.0,0.0,0.0,11.921
2020-04-09 20:00:00-03:00,0.0,0.0,0.0,11.197
2020-04-09 21:00:00-03:00,0.0,0.0,0.0,10.297
2020-04-09 22:00:00-03:00,0.0,0.0,0.0,9.237
2020-04-09 23:00:00-03:00,0.0,0.0,0.0,8.048
2020-04-10 00:00:00-03:00,0.0,0.0,0.0,7.087
2020-04-10 01:00:00-03:00,0.0,0.0,0.0,6.452
2020-04-10 02:00:00-03:00,0.0,0.0,0.0,6.047
2020-04-10 03:00:00-03:00,0.0,0.0,0.0,5.882
2020-04-10 04:00:00-03:00,0.0,0.0,0.0,6.296
2020-04-10 05:00:00-03:00,0.0,0.0,0.0,6.497
2020-04-10 06:00:00-03:00,0.0,0.0,0.0,6.098
2020-04-10 07:00:00-03:00,0.0,0.0,0.0,5.707
2020-04-10 08:00:00-03:00,0.019,0.026000000000000002,0.007,5.334
2020-04-10 09:00:00-03:00,0.228,0.201,0.054,5.787
2020-04-10 10:00:00-03:00,0.382,0.328,0.096,6.691
2020-04-10 11:00:00-03:00,0.605,0.586,0.109,7.666
2020-04-10 12:00:00-03:00,0.638,0.619,0.122,8.392
2020-04-10 13:00:00-03:00,0.586,0.525,0.149,8.777
2020-04-10 14:00:00-03:00,0.537,0.455,0.159,9.043
2020-04-10 15:00:00-03:00,0.455,0.366,0.148,9.127
2020-04-10 16:00:00-03:00,0.395,0.327,0.117,8.952
2020-04-10 17:00:00-03:00,0.28800000000000003,0.247,0.076,8.367
2020-04-10 18:00:00-03:00,0.131,0.126,0.027,6.773
2020-04-10 19:00:00-03:00,0.0,0.0,0.0,4.55
2020-04-10 20:00:00-03:00,0.0,0.0,0.0,3.992
2020-04-10 21:00:00-03:00,0.0,0.0,0.0,3.447
2020-04-10 22:00:00-03:00,0.0,0.0,0.0,2.868
2020-04-10 23:00:00-03:00,0.0,0.0,0.0,2.429
2020-04-11 00:00:00-03:00,0.0,0.0,0.0,2.122
2020-04-11 01:00:00-03:00,0.0,0.0,0.0,1.892
2020-04-11 02:00:00-03:00,0.0,0.0,0.0,1.699
2020-04-11 03:00:00-03:00,0.0,0.0,0.0,1.509
2020-04-11 04:00:00-03:00,0.0,0.0,0.0,1.6099999999999999
2020-04-11 05:00:00-03:00,0.0,0.0,0.0,1.892
2020-04-11 06:00:00-03:00,0.0,0.0,0.0,2.041
2020-04-11 07:00:00-03:00,0.0,0.0,0.0,2.103
2020-04-11 08:00:00-03:00,0.0,0.001,0.003,2.208
2020-04-11 09:00:00-03:00,0.019,0.007,0.026000000000000002,2.707
2020-04-11 10:00:00-03:00,0.057,0.013000000000000001,0.062,3.614
2020-04-11 11:00:00-03:00,0.117,0.026000000000000002,0.112,4.922
2020-04-11 12:00:00-03:00,0.197,0.051000000000000004,0.171,6.293
2020-04-11 13:00:00-03:00,0.276,0.092,0.215,7.134
2020-04-11 14:00:00-03:00,0.365,0.194,0.212,7.604
2020-04-11 15:00:00-03:00,0.43,0.313,0.169,7.994
2020-04-11 16:00:00-03:00,0.304,0.20700000000000002,0.132,7.936
2020-04-11 17:00:00-03:00,0.116,0.067,0.07200000000000001,7.402
2020-04-11 18:00:00-03:00,0.036000000000000004,0.032,0.021,6.32
2020-04-11 19:00:00-03:00,0.0,0.0,0.0,5.253
2020-04-11 20:00:00-03:00,0.0,0.0,0.0,4.813
2020-04-11 21:00:00-03:00,0.0,0.0,0.0,4.519
2020-04-11 22:00:00-03:00,0.0,0.0,0.0,4.382
2020-04-11 23:00:00-03:00,0.0,0.0,0.0,4.353
2020-04-12 00:00:00-03:00,0.0,0.0,0.0,4.431
2020-04-12 01:00:00-03:00,0.0,0.0,0.0,4.521
2020-04-12 02:00:00-03:00,0.0,0.0,0.0,4.513
2020-04-12 03:00:00-03:00,0.0,0.0,0.0,4.562
2020-04-12 04:00:00-03:00,0.0,0.0,0.0,4.72
2020-04-12 05:00:00-03:00,0.0,0.0,0.0,4.874
2020-04-12 06:00:00-03:00,0.0,0.0,0.0,5.019
2020-04-12 07:00:00-03:00,0.0,0.0,0.0,5.254
2020-04-12 08:00:00-03:00,0.002,0.005,0.004,5.282
2020-04-12 09:00:00-03:00,0.054,0.032,0.04,6.029
2020-04-12 10:00:00-03:00,0.116,0.051000000000000004,0.08700000000000001,7.057
2020-04-12 11:00:00-03:00,0.17300000000000001,0.068,0.131,7.884
2020-04-12 12:00:00-03:00,0.373,0.231,0.187,8.921
2020-04-12 13:00:00-03:00,0.484,0.36,0.191,9.759
2020-04-12 14:00:00-03:00,0.508,0.402,0.178,10.188
2020-04-12 15:00:00-03:00,0.328,0.20400000000000001,0.165,10.095
2020-04-12 16:00:00-03:00,0.291,0.202,0.126,9.932
2020-04-12 17:00:00-03:00,0.179,0.131,0.076,9.476
2020-04-12 18:00:00-03:00,0.043000000000000003,0.04,0.02,8.555
2020-04-12 19:00:00-03:00,0.0,0.0,0.0,7.75
2020-04-12 20:00:00-03:00,0.0,0.0,0.0,7.557
2020-04-12 21:00:00-03:00,0.0,0.0,0.0,7.407
2020-04-12 22:00:00-03:00,0.0,0.0,0.0,7.18
2020-04-12 23:00:00-03:00,0.0,0.0,0.0,6.97
2020-04-13 00:00:00-03:00,0.0,0.0,0.0,6.942
2020-04-13 01:00:00-03:00,0.0,0.0,0.0,7.025
2020-04-13 02:00:00-03:00,0.0,0.0,0.0,6.984
2020-04-13 03:00:00-03:00,0.0,0.0,0.0,6.825
2020-04-13 04:00:00-03:00,0.0,0.0,0.0,6.688
2020-04-13 05:00:00-03:00,0.0,0.0,0.0,6.553
2020-04-13 06:00:00-03:00,0.0,0.0,0.0,6.5600000000000005
2020-04-13 07:00:00-03:00,0.0,0.0,0.0,6.689
2020-04-13 08:00:00-03:00,0.003,0.008,0.004,6.711
2020-04-13 09:00:00-03:00,0.112,0.084,0.05,7.306
2020-04-13 10:00:00-03:00,0.139,0.07,0.094,8.23
2020-04-13 11:00:00-03:00,0.17400000000000002,0.065,0.135,8.968
2020-04-13 12:00:00-03:00,0.248,0.093,0.186,9.595
2020-04-13 13:00:00-03:00,0.265,0.08600000000000001,0.214,9.933
2020-04-13 14:00:00-03:00,0.166,0.031,0.162,9.865
2020-04-13 15:00:00-03:00,0.098,0.015,0.106,9.665
2020-04-13 16:00:00-03:00,0.076,0.016,0.081,9.512
2020-04-13 17:00:00-03:00,0.047,0.016,0.05,9.115
2020-04-13 18:00:00-03:00,0.009000000000000001,0.008,0.012,8.428
2020-04-13 19:00:00-03:00,0.0,0.0,0.0,7.888
2020-04-13 20:00:00-03:00,0.0,0.0,0.0,7.559
2020-04-13 21:00:00-03:00,0.0,0.0,0.0,7.199
2020-04-13 22:00:00-03:00,0.0,0.0,0.0,6.884
2020-04-13 23:00:00-03:00,0.0,0.0,0.0,6.549
2020-04-14 00:00:00-03:00,0.0,0.0,0.0,6.324
2020-04-14 01:00:00-03:00,0.0,0.0,0.0,6.015
2020-04-14 02:00:00-03:00,0.0,0.0,0.0,5.741
2020-04-14 03:00:00-03:00,0.0,0.0,0.0,5.622
2020-04-14 04:00:00-03:00,0.0,0.0,0.0,5.493
2020-04-14 05:00:00-03:00,0.0,0.0,0.0,5.407
2020-04-14 06:00:00-03:00,0.0,0.0,0.0,5.367
2020-04-14 07:00:00-03:00,0.0,0.0,0.0,5.376
2020-04-14 08:00:00-03:00,0.004,0.009000000000000001,0.004,5.449
2020-04-14 09:00:00-03:00,0.14200000000000002,0.11900000000000001,0.046,6.51
2020-04-14 10:00:00-03:00,0.28700000000000003,0.226,0.095,7.955
2020-04-14 11:00:00-03:00,0.377,0.292,0.132,9.534
2020-04-14 12:00:00-03:00,0.519,0.451,0.146,10.77
2020-04-14 13:00:00-03:00,0.513,0.429,0.162,11.627
2020-04-14 14:00:00-03:00,0.531,0.464,0.152,12.279
2020-04-14 15:00:00-03:00,0.434,0.353,0.14400000000000002,12.535
2020-04-14 16:00:00-03:00,0.327,0.258,0.115,12.432
2020-04-14 17:00:00-03:00,0.203,0.163,0.07,11.525
2020-04-14 18:00:00-03:00,0.074,0.076,0.018000000000000002,8.933
2020-04-14 19:00:00-03:00,0.0,0.0,0.0,7.091
2020-04-14 20:00:00-03:00,0.0,0.0,0.0,6.386
2020-04-14 21:00:00-03:00,0.0,0.0,0.0,6.027
2020-04-14 22:00:00-03:00,0.0,0.0,0.0,5.786
2020-04-14 23:00:00-03:00,0.0,0.0,0.0,5.656
2020-04-15 00:00:00-03:00,0.0,0.0,0.0,5.559
2020-04-15 01:00:00-03:00,0.0,0.0,0.0,5.665
2020-04-15 02:00:00-03:00,0.0,0.0,0.0,5.571
2020-04-15 03:00:00-03:00,0.0,0.0,0.0,5.197
2020-04-15 04:00:00-03:00,0.0,0.0,0.0,4.69
2020-04-15 05:00:00-03:00,0.0,0.0,0.0,4.266
2020-04-15 06:00:00-03:00,0.0,0.0,0.0,4.234
2020-04-15 07:00:00-03:00,0.0,0.0,0.0,4.214
2020-04-15 08:00:00-03:00,0.001,0.005,0.003,4.143
2020-04-15 09:00:00-03:00,0.115,0.092,0.044,5.358
2020-04-15 10:00:00-03:00,0.203,0.136,0.093,6.9879999999999995
2020-04-15 11:00:00-03:00,0.315,0.215,0.137,8.439
2020-04-15 12:00:00-03:00,0.426,0.32,0.164,11.074
2020-04-15 13:00:00-03:00,0.504,0.418,0.167,13.33
2020-04-15 14:00:00-03:00,0.489,0.403,0.165,14.008
2020-04-15 15:00:00-03:00,0.319,0.21,0.155,13.971
2020-04-15 16:00:00-03:00,0.227,0.148,0.115,13.663
2020-04-15 17:00:00-03:00,0.185,0.146,0.07,12.805
2020-04-15 18:00:00-03:00,0.073,0.076,0.018000000000000002,10.221
2020-04-15 19:00:00-03:00,0.0,0.0,0.0,8.208
2020-04-15 20:00:00-03:00,0.0,0.0,0.0,7.589
2020-04-15 21:00:00-03:00,0.0,0.0,0.0,7.254
2020-04-15 22:00:00-03:00,0.0,0.0,0.0,6.924
2020-04-15 23:00:00-03:00,0.0,0.0,0.0,6.598
2020-04-16 00:00:00-03:00,0.0,0.0,0.0,6.163
2020-04-16 01:00:00-03:00,0.0,0.0,0.0,5.73
2020-04-16 02:00:00-03:00,0.0,0.0,0.0,5.523
2020-04-16 03:00:00-03:00,0.0,0.0,0.0,5.411
2020-04-16 04:00:00-03:00,0.0,0.0,0.0,5.303
2020-04-16 05:00:00-03:00,0.0,0.0,0.0,5.214
2020-04-16 06:00:00-03:00,0.0,0.0,0.0,5.234
2020-04-16 07:00:00-03:00,0.0,0.0,0.0,5.075
2020-04-16 08:00:00-03:00,0.002,0.006,0.003,4.858
2020-04-16 09:00:00-03:00,0.07100000000000001,0.051000000000000004,0.04,6.537
2020-04-16 10:00:00-03:00,0.116,0.056,0.083,7.928
2020-04-16 11:00:00-03:00,0.20400000000000001,0.098,0.134,9.092
2020-04-16 12:00:00-03:00,0.467,0.371,0.164,11.644
2020-04-16 13:00:00-03:00,0.584,0.534,0.157,14.081
2020-04-16 14:00:00-03:00,0.23,0.08700000000000001,0.18,14.96
2020-04-16 15:00:00-03:00,0.20700000000000002,0.089,0.154,15.53
2020-04-16 16:00:00-03:00,0.202,0.115,0.122,16.038
2020-04-16 17:00:00-03:00,0.013000000000000001,0.004,0.023,14.9
2020-04-16 18:00:00-03:00,0.001,0.002,0.006,14.261
2020-04-16 19:00:00-03:00,0.0,0.0,0.0,13.416
2020-04-16 20:00:00-03:00,0.0,0.0,0.0,12.902
2020-04-16 21:00:00-03:00,0.0,0.0,0.0,11.056
2020-04-16 22:00:00-03:00,0.0,0.0,0.0,8.622
2020-04-16 23:00:00-03:00,0.0,0.0,0.0,7.475
2020-04-17 00:00:00-03:00,0.0,0.0,0.0,6.775
2020-04-17 01:00:00-03:00,0.0,0.0,0.0,5.493
2020-04-17 02:00:00-03:00,0.0,0.0,0.0,3.6630000000000003
2020-04-17 03:00:00-03:00,0.0,0.0,0.0,2.552
2020-04-17 04:00:00-03:00,0.0,0.0,0.0,1.772
2020-04-17 05:00:00-03:00,0.0,0.0,0.0,1.2
2020-04-17 06:00:00-03:00,0.0,0.0,0.0,1.075
2020-04-17 07:00:00-03:00,0.0,0.0,0.0,0.906
2020-04-17 08:00:00-03:00,0.009000000000000001,0.017,0.003,0.676
2020-04-17 09:00:00-03:00,0.382,0.378,0.037,2.333
2020-04-17 10:00:00-03:00,0.704,0.756,0.053,4.255
2020-04-17 11:00:00-03:00,0.777,0.863,0.061,7.112
2020-04-17 12:00:00-03:00,0.79,0.902,0.059000000000000004,10.293
2020-04-17 13:00:00-03:00,0.784,0.907,0.054,11.966
2020-04-17 14:00:00-03:00,0.77,0.885,0.06,12.878
2020-04-17 15:00:00-03:00,0.727,0.8150000000000001,0.07100000000000001,13.379
2020-04-17 16:00:00-03:00,0.58,0.604,0.078,13.304
2020-04-17 17:00:00-03:00,0.17400000000000002,0.14300000000000002,0.06,11.967
2020-04-17 18:00:00-03:00,0.017,0.02,0.01,10.129
2020-04-17 19:00:00-03:00,0.0,0.0,0.0,9.223
2020-04-17 20:00:00-03:00,0.0,0.0,0.0,8.597
2020-04-17 21:00:00-03:00,0.0,0.0,0.0,7.99
2020-04-17 22:00:00-03:00,0.0,0.0,0.0,7.351
2020-04-17 23:00:00-03:00,0.0,0.0,0.0,6.705
2020-04-18 00:00:00-03:00,0.0,0.0,0.0,6.166
2020-04-18 01:00:00-03:00,0.0,0.0,0.0,5.681
2020-04-18 02:00:00-03:00,0.0,0.0,0.0,5.691
2020-04-18 03:00:00-03:00,0.0,0.0,0.0,5.042
2020-04-18 04:00:00-03:00,0.0,0.0,0.0,4.326
2020-04-18 05:00:00-03:00,0.0,0.0,0.0,3.729
2020-04-18 06:00:00-03:00,0.0,0.0,0.0,3.21
2020-04-18 07:00:00-03:00,0.0,0.0,0.0,2.566
2020-04-18 08:00:00-03:00,0.003,0.009000000000000001,0.002,1.944
2020-04-18 09:00:00-03:00,0.272,0.255,0.042,3.414
2020-04-18 10:00:00-03:00,0.419,0.379,0.083,5.041
2020-04-18 11:00:00-03:00,0.56,0.521,0.115,7.548
2020-04-18 12:00:00-03:00,0.105,0.019,0.109,7.775
2020-04-18 13:00:00-03:00,0.094,0.01,0.105,7.164
2020-04-18 14:00:00-03:00,0.19,0.053,0.165,8.514
2020-04-18 15:00:00-03:00,0.376,0.267,0.157,10.105
2020-04-18 16:00:00-03:00,0.209,0.128,0.111,10.233
2020-04-18 17:00:00-03:00,0.111,0.074,0.06,9.419
2020-04-18 18:00:00-03:00,0.028,0.031,0.013000000000000001,7.563
2020-04-18 19:00:00-03:00,0.0,0.0,0.0,6.5
2020-04-18 20:00:00-03:00,0.0,0.0,0.0,6.429
2020-04-18 21:00:00-03:00,0.0,0.0,0.0,5.989
2020-04-18 22:00:00-03:00,0.0,0.0,0.0,5.116
2020-04-18 23:00:00-03:00,0.0,0.0,0.0,4.041
2020-04-19 00:00:00-03:00,0.0,0.0,0.0,3.341
2020-04-19 01:00:00-03:00,0.0,0.0,0.0,3.003
2020-04-19 02:00:00-03:00,0.0,0.0,0.0,3.02
2020-04-19 03:00:00-03:00,0.0,0.0,0.0,3.263
2020-04-19 04:00:00-03:00,0.0,0.0,0.0,3.51
2020-04-19 05:00:00-03:00,0.0,0.0,0.0,3.665
2020-04-19 06:00:00-03:00,0.0,0.0,0.0,3.773
2020-04-19 07:00:00-03:00,0.0,0.0,0.0,3.922
2020-04-19 08:00:00-03:00,0.0,0.001,0.001,4.044
2020-04-19 09:00:00-03:00,0.035,0.023,0.028,4.267
2020-04-19 10:00:00-03:00,0.117,0.06,0.077,4.667
2020-04-19 11:00:00-03:00,0.36,0.267,0.13,5.395
2020-04-19 12:00:00-03:00,0.545,0.47800000000000004,0.136,6.215
2020-04-19 13:00:00-03:00,0.519,0.423,0.161,6.589
2020-04-19 14:00:00-03:00,0.306,0.159,0.18,6.427
2020-04-19 15:00:00-03:00,0.247,0.13,0.146,6.333
2020-04-19 16:00:00-03:00,0.41000000000000003,0.34900000000000003,0.106,6.334
2020-04-19 17:00:00-03:00,0.272,0.23700000000000002,0.063,5.661
2020-04-19 18:00:00-03:00,0.051000000000000004,0.056,0.013000000000000001,4.463
2020-04-19 19:00:00-03:00,0.0,0.0,0.0,3.615
2020-04-19 20:00:00-03:00,0.0,0.0,0.0,3.347
2020-04-19 21:00:00-03:00,0.0,0.0,0.0,3.25
2020-04-19 22:00:00-03:00,0.0,0.0,0.0,2.996
2020-04-19 23:00:00-03:00,0.0,0.0,0.0,2.832
2020-04-20 00:00:00-03:00,0.0,0.0,0.0,2.8
2020-04-20 01:00:00-03:00,0.0,0.0,0.0,2.875
2020-04-20 02:00:00-03:00,0.0,0.0,0.0,3.07
2020-04-20 03:00:00-03:00,0.0,0.0,0.0,3.329
2020-04-20 04:00:00-03:00,0.0,0.0,0.0,3.642
2020-04-20 05:00:00-03:00,0.0,0.0,0.0,4.153
2020-04-20 06:00:00-03:00,0.0,0.0,0.0,4.672
2020-04-20 07:00:00-03:00,0.0,0.0,0.0,5.161
2020-04-20 08:00:00-03:00,0.0,0.0,0.001,5.526
2020-04-20 09:00:00-03:00,0.026000000000000002,0.016,0.025,6.014
2020-04-20 10:00:00-03:00,0.10300000000000001,0.047,0.077,6.874
2020-04-20 11:00:00-03:00,0.216,0.11,0.134,7.914
2020-04-20 12:00:00-03:00,0.321,0.181,0.178,8.766
2020-04-20 13:00:00-03:00,0.311,0.147,0.202,9.147
2020-04-20 14:00:00-03:00,0.213,0.068,0.17400000000000002,9.174
2020-04-20 15:00:00-03:00,0.17400000000000002,0.061,0.14,9.213
2020-04-20 16:00:00-03:00,0.157,0.075,0.108,8.989
2020-04-20 17:00:00-03:00,0.047,0.021,0.044,8.317
2020-04-20 18:00:00-03:00,0.0,0.002,0.004,7.769
2020-04-20 19:00:00-03:00,0.0,0.0,0.0,7.626
2020-04-20 20:00:00-03:00,0.0,0.0,0.0,7.646
2020-04-20 21:00:00-03:00,0.0,0.0,0.0,7.518
2020-04-20 22:00:00-03:00,0.0,0.0,0.0,7.32
2020-04-20 23:00:00-03:00,0.0,0.0,0.0,7.042
2020-04-21 00:00:00-03:00,0.0,0.0,0.0,6.704
2020-04-21 01:00:00-03:00,0.0,0.0,0.0,6.451
2020-04-21 02:00:00-03:00,0.0,0.0,0.0,6.273
2020-04-21 03:00:00-03:00,0.0,0.0,0.0,6.147
2020-04-21 04:00:00-03:00,0.0,0.0,0.0,6.032
2020-04-21 05:00:00-03:00,0.0,0.0,0.0,5.832
2020-04-21 06:00:00-03:00,0.0,0.0,0.0,5.5440000000000005
2020-04-21 07:00:00-03:00,0.0,0.0,0.0,5.312
2020-04-21 08:00:00-03:00,0.0,0.001,0.001,5.22
2020-04-21 09:00:00-03:00,0.052000000000000005,0.039,0.031,5.603
2020-04-21 10:00:00-03:00,0.131,0.07200000000000001,0.081,6.521
2020-04-21 11:00:00-03:00,0.219,0.117,0.129,7.462
2020-04-21 12:00:00-03:00,0.44,0.331,0.164,8.52
2020-04-21 13:00:00-03:00,0.34900000000000003,0.196,0.195,8.987
2020-04-21 14:00:00-03:00,0.229,0.083,0.176,8.904
2020-04-21 15:00:00-03:00,0.157,0.05,0.132,8.684
2020-04-21 16:00:00-03:00,0.1,0.034,0.088,8.395
2020-04-21 17:00:00-03:00,0.032,0.013000000000000001,0.035,7.886
2020-04-21 18:00:00-03:00,0.004,0.006,0.007,7.317
2020-04-21 19:00:00-03:00,0.0,0.0,0.0,7.048
2020-04-21 20:00:00-03:00,0.0,0.0,0.0,7.126
2020-04-21 21:00:00-03:00,0.0,0.0,0.0,6.901
2020-04-21 22:00:00-03:00,0.0,0.0,0.0,6.471
2020-04-21 23:00:00-03:00,0.0,0.0,0.0,6.154
2020-04-22 00:00:00-03:00,0.0,0.0,0.0,6.079
2020-04-22 01:00:00-03:00,0.0,0.0,0.0,6.389
2020-04-22 02:00:00-03:00,0.0,0.0,0.0,6.7620000000000005
2020-04-22 03:00:00-03:00,0.0,0.0,0.0,6.815
2020-04-22 04:00:00-03:00,0.0,0.0,0.0,6.776
2020-04-22 05:00:00-03:00,0.0,0.0,0.0,6.776
2020-04-22 06:00:00-03:00,0.0,0.0,0.0,6.776
2020-04-22 07:00:00-03:00,0.0,0.0,0.0,6.797
2020-04-22 08:00:00-03:00,0.0,0.0,0.0,6.555
2020-04-22 09:00:00-03:00,0.024,0.014,0.024,6.68
2020-04-22 10:00:00-03:00,0.08700000000000001,0.035,0.073,7.446
2020-04-22 11:00:00-03:00,0.148,0.051000000000000004,0.121,8.417
2020-04-22 12:00:00-03:00,0.192,0.058,0.162,9.18
2020-04-22 13:00:00-03:00,0.212,0.057,0.185,9.722
2020-04-22 14:00:00-03:00,0.151,0.027,0.149,9.813
2020-04-22 15:00:00-03:00,0.075,0.01,0.08700000000000001,9.557
2020-04-22 16:00:00-03:00,0.032,0.004,0.045,9.157
2020-04-22 17:00:00-03:00,0.01,0.002,0.019,8.616
2020-04-22 18:00:00-03:00,0.0,0.001,0.003,7.769
2020-04-22 19:00:00-03:00,0.0,0.0,0.0,7.327
2020-04-22 20:00:00-03:00,0.0,0.0,0.0,6.963
2020-04-22 21:00:00-03:00,0.0,0.0,0.0,6.596
2020-04-22 22:00:00-03:00,0.0,0.0,0.0,6.328
2020-04-22 23:00:00-03:00,0.0,0.0,0.0,6.046
2020-04-23 00:00:00-03:00,0.0,0.0,0.0,5.852
2020-04-23 01:00:00-03:00,0.0,0.0,0.0,5.721
2020-04-23 02:00:00-03:00,0.0,0.0,0.0,5.696
2020-04-23 03:00:00-03:00,0.0,0.0,0.0,5.639
2020-04-23 04:00:00-03:00,0.0,0.0,0.0,5.568
2020-04-23 05:00:00-03:00,0.0,0.0,0.0,5.451
2020-04-23 06:00:00-03:00,0.0,0.0,0.0,5.314
2020-04-23 07:00:00-03:00,0.0,0.0,0.0,5.084
2020-04-23 08:00:00-03:00,0.0,0.0,0.0,4.86
2020-04-23 09:00:00-03:00,0.012,0.007,0.017,5.197
2020-04-23 10:00:00-03:00,0.054,0.017,0.055,5.848
2020-04-23 11:00:00-03:00,0.135,0.045,0.112,6.842
2020-04-23 12:00:00-03:00,0.23900000000000002,0.10300000000000001,0.166,7.909
2020-04-23 13:00:00-03:00,0.381,0.23700000000000002,0.19,8.842
2020-04-23 14:00:00-03:00,0.418,0.292,0.179,9.512
2020-04-23 15:00:00-03:00,0.189,0.076,0.14,9.404
2020-04-23 16:00:00-03:00,0.082,0.025,0.077,8.854
2020-04-23 17:00:00-03:00,0.055,0.029,0.045,8.045
2020-04-23 18:00:00-03:00,0.005,0.008,0.007,6.358
2020-04-23 19:00:00-03:00,0.0,0.0,0.0,5.265
2020-04-23 20:00:00-03:00,0.0,0.0,0.0,4.584
2020-04-23 21:00:00-03:00,0.0,0.0,0.0,3.821
2020-04-23 22:00:00-03:00,0.0,0.0,0.0,3.054
2020-04-23 23:00:00-03:00,0.0,0.0,0.0,2.29
2020-04-24 00:00:00-03:00,0.0,0.0,0.0,1.5030000000000001
2020-04-24 01:00:00-03:00,0.0,0.0,0.0,0.8280000000000001
2020-04-24 02:00:00-03:00,0.0,0.0,0.0,0.108
2020-04-24 03:00:00-03:00,0.0,0.0,0.0,-0.391
2020-04-24 04:00:00-03:00,0.0,0.0,0.0,-0.673
2020-04-24 05:00:00-03:00,0.0,0.0,0.0,-0.846
2020-04-24 06:00:00-03:00,0.0,0.0,0.0,-0.909
2020-04-24 07:00:00-03:00,0.0,0.0,0.0,-0.981
2020-04-24 08:00:00-03:00,0.0,0.001,0.0,-0.871
2020-04-24 09:00:00-03:00,0.077,0.066,0.028,0.553
2020-04-24 10:00:00-03:00,0.178,0.122,0.077,2.289
2020-04-24 11:00:00-03:00,0.263,0.17,0.11900000000000001,3.668
2020-04-24 12:00:00-03:00,0.393,0.28700000000000003,0.146,4.814
2020-04-24 13:00:00-03:00,0.604,0.5690000000000001,0.117,5.883
2020-04-24 14:00:00-03:00,0.644,0.64,0.1,6.622
2020-04-24 15:00:00-03:00,0.634,0.64,0.09,6.898
2020-04-24 16:00:00-03:00,0.52,0.504,0.08,6.672
2020-04-24 17:00:00-03:00,0.298,0.277,0.053,5.673
2020-04-24 18:00:00-03:00,0.031,0.038,0.008,2.774
2020-04-24 19:00:00-03:00,0.0,0.0,0.0,1.5430000000000001
2020-04-24 20:00:00-03:00,0.0,0.0,0.0,0.9570000000000001
2020-04-24 21:00:00-03:00,0.0,0.0,0.0,0.383
2020-04-24 22:00:00-03:00,0.0,0.0,0.0,-0.107
2020-04-24 23:00:00-03:00,0.0,0.0,0.0,-0.45
2020-04-25 00:00:00-03:00,0.0,0.0,0.0,-0.64
2020-04-25 01:00:00-03:00,0.0,0.0,0.0,-0.452
2020-04-25 02:00:00-03:00,0.0,0.0,0.0,-0.094
2020-04-25 03:00:00-03:00,0.0,0.0,0.0,-0.241
2020-04-25 04:00:00-03:00,0.0,0.0,0.0,-0.63
2020-04-25 05:00:00-03:00,0.0,0.0,0.0,-0.887
2020-04-25 06:00:00-03:00,0.0,0.0,0.0,-0.9490000000000001
2020-04-25 07:00:00-03:00,0.0,0.0,0.0,-1.003
2020-04-25 08:00:00-03:00,0.0,0.0,0.0,-1.064
2020-04-25 09:00:00-03:00,0.064,0.056,0.025,-0.583
2020-04-25 10:00:00-03:00,0.265,0.214,0.074,0.8210000000000001
2020-04-25 11:00:00-03:00,0.537,0.503,0.091,2.844
2020-04-25 12:00:00-03:00,0.629,0.622,0.092,4.688
2020-04-25 13:00:00-03:00,0.6890000000000001,0.715,0.082,5.931
2020-04-25 14:00:00-03:00,0.73,0.786,0.07100000000000001,6.899
2020-04-25 15:00:00-03:00,0.6910000000000001,0.732,0.074,7.377
2020-04-25 16:00:00-03:00,0.5750000000000001,0.585,0.07,7.384
2020-04-25 17:00:00-03:00,0.387,0.382,0.047,6.27
2020-04-25 18:00:00-03:00,0.057,0.067,0.007,2.794
2020-04-25 19:00:00-03:00,0.0,0.0,0.0,1.658
2020-04-25 20:00:00-03:00,0.0,0.0,0.0,1.289
2020-04-25 21:00:00-03:00,0.0,0.0,0.0,0.653
2020-04-25 22:00:00-03:00,0.0,0.0,0.0,0.002
2020-04-25 23:00:00-03:00,0.0,0.0,0.0,-0.635
2020-04-26 00:00:00-03:00,0.0,0.0,0.0,-1.29
2020-04-26 01:00:00-03:00,0.0,0.0,0.0,-1.742
2020-04-26 02:00:00-03:00,0.0,0.0,0.0,-1.849
2020-04-26 03:00:00-03:00,0.0,0.0,0.0,-1.768
2020-04-26 04:00:00-03:00,0.0,0.0,0.0,-1.745
2020-04-26 05:00:00-03:00,0.0,0.0,0.0,-1.83
2020-04-26 06:00:00-03:00,0.0,0.0,0.0,-2.002
2020-04-26 07:00:00-03:00,0.0,0.0,0.0,-2.223
2020-04-26 08:00:00-03:00,0.0,0.0,0.0,-2.216
2020-04-26 09:00:00-03:00,0.11900000000000001,0.109,0.029,-0.359
2020-04-26 10:00:00-03:00,0.121,0.07100000000000001,0.069,1.544
2020-04-26 11:00:00-03:00,0.213,0.11800000000000001,0.117,2.686
2020-04-26 12:00:00-03:00,0.34,0.22,0.153,4.519
2020-04-26 13:00:00-03:00,0.514,0.43,0.146,6.205
2020-04-26 14:00:00-03:00,0.435,0.337,0.149,7.338
2020-04-26 15:00:00-03:00,0.47700000000000004,0.41600000000000004,0.12,8.006
2020-04-26 16:00:00-03:00,0.296,0.233,0.097,8.019
2020-04-26 17:00:00-03:00,0.113,0.08700000000000001,0.048,6.961
2020-04-26 18:00:00-03:00,0.003,0.007,0.004,5.116
2020-04-26 19:00:00-03:00,0.0,0.0,0.0,4.708
2020-04-26 20:00:00-03:00,0.0,0.0,0.0,4.489
2020-04-26 21:00:00-03:00,0.0,0.0,0.0,4.209
2020-04-26 22:00:00-03:00,0.0,0.0,0.0,3.9210000000000003
2020-04-26 23:00:00-03:00,0.0,0.0,0.0,3.758
2020-04-27 00:00:00-03:00,0.0,0.0,0.0,3.709
2020-04-27 01:00:00-03:00,0.0,0.0,0.0,3.5380000000000003
2020-04-27 02:00:00-03:00,0.0,0.0,0.0,3.4050000000000002
2020-04-27 03:00:00-03:00,0.0,0.0,0.0,3.286
2020-04-27 04:00:00-03:00,0.0,0.0,0.0,3.2
2020-04-27 05:00:00-03:00,0.0,0.0,0.0,3.079
2020-04-27 06:00:00-03:00,0.0,0.0,0.0,3.12
2020-04-27 07:00:00-03:00,0.0,0.0,0.0,3.152
2020-04-27 08:00:00-03:00,0.0,0.0,0.0,3.133
2020-04-27 09:00:00-03:00,0.014,0.01,0.016,3.31
2020-04-27 10:00:00-03:00,0.062,0.024,0.056,4.039
2020-04-27 11:00:00-03:00,0.123,0.043000000000000003,0.101,5.147
2020-04-27 12:00:00-03:00,0.28600000000000003,0.156,0.161,6.558
2020-04-27 13:00:00-03:00,0.34400000000000003,0.20500000000000002,0.178,7.519
2020-04-27 14:00:00-03:00,0.369,0.245,0.167,8.181
2020-04-27 15:00:00-03:00,0.354,0.258,0.138,8.406
2020-04-27 16:00:00-03:00,0.241,0.17200000000000001,0.099,8.065
2020-04-27 17:00:00-03:00,0.122,0.095,0.049,6.888
2020-04-27 18:00:00-03:00,0.006,0.011,0.005,4.479
2020-04-27 19:00:00-03:00,0.0,0.0,0.0,3.376
2020-04-27 20:00:00-03:00,0.0,0.0,0.0,2.186
2020-04-27 21:00:00-03:00,0.0,0.0,0.0,1.263
2020-04-27 22:00:00-03:00,0.0,0.0,0.0,0.9390000000000001
2020-04-27 23:00:00-03:00,0.0,0.0,0.0,1.064
2020-04-28 00:00:00-03:00,0.0,0.0,0.0,1.486
2020-04-28 01:00:00-03:00,0.0,0.0,0.0,1.6640000000000001
2020-04-28 02:00:00-03:00,0.0,0.0,0.0,1.908
2020-04-28 03:00:00-03:00,0.0,0.0,0.0,1.75
2020-04-28 04:00:00-03:00,0.0,0.0,0.0,1.807
2020-04-28 05:00:00-03:00,0.0,0.0,0.0,1.915
2020-04-28 06:00:00-03:00,0.0,0.0,0.0,1.788
2020-04-28 07:00:00-03:00,0.0,0.0,0.0,1.631
2020-04-28 08:00:00-03:00,0.0,0.0,0.0,1.486
2020-04-28 09:00:00-03:00,0.01,0.008,0.013000000000000001,1.572
2020-04-28 10:00:00-03:00,0.054,0.02,0.05,2.181
2020-04-28 11:00:00-03:00,0.128,0.048,0.1,3.087
2020-04-28 12:00:00-03:00,0.28,0.153,0.155,4.247
2020-04-28 13:00:00-03:00,0.354,0.219,0.17,5.058
2020-04-28 14:00:00-03:00,0.427,0.323,0.15,5.884
2020-04-28 15:00:00-03:00,0.551,0.518,0.10400000000000001,6.451
2020-04-28 16:00:00-03:00,0.544,0.539,0.075,6.522
2020-04-28 17:00:00-03:00,0.355,0.34500000000000003,0.047,5.556
2020-04-28 18:00:00-03:00,0.02,0.029,0.005,3.07
2020-04-28 19:00:00-03:00,0.0,0.0,0.0,1.863
2020-04-28 20:00:00-03:00,0.0,0.0,0.0,0.985
2020-04-28 21:00:00-03:00,0.0,0.0,0.0,0.272
2020-04-28 22:00:00-03:00,0.0,0.0,0.0,-0.23600000000000002
2020-04-28 23:00:00-03:00,0.0,0.0,0.0,-0.6930000000000001
2020-04-29 00:00:00-03:00,0.0,0.0,0.0,-1.127
2020-04-29 01:00:00-03:00,0.0,0.0,0.0,-0.963
2020-04-29 02:00:00-03:00,0.0,0.0,0.0,-0.395
2020-04-29 03:00:00-03:00,0.0,0.0,0.0,0.098
2020-04-29 04:00:00-03:00,0.0,0.0,0.0,0.28800000000000003
2020-04-29 05:00:00-03:00,0.0,0.0,0.0,0.21
2020-04-29 06:00:00-03:00,0.0,0.0,0.0,0.002
2020-04-29 07:00:00-03:00,0.0,0.0,0.0,-0.257
2020-04-29 08:00:00-03:00,0.0,0.0,0.0,-0.421
2020-04-29 09:00:00-03:00,0.02,0.016,0.017,0.011
2020-04-29 10:00:00-03:00,0.091,0.044,0.065,1.284
2020-04-29 11:00:00-03:00,0.251,0.151,0.124,3.046
2020-04-29 12:00:00-03:00,0.399,0.279,0.161,5.281
2020-04-29 13:00:00-03:00,0.19,0.054,0.162,6.773
2020-04-29 14:00:00-03:00,0.113,0.017,0.11800000000000001,7.383
2020-04-29 15:00:00-03:00,0.065,0.009000000000000001,0.076,7.349
2020-04-29 16:00:00-03:00,0.025,0.004,0.036000000000000004,6.6370000000000005
2020-04-29 17:00:00-03:00,0.006,0.002,0.014,5.781
2020-04-29 18:00:00-03:00,0.0,0.0,0.001,5.061
2020-04-29 19:00:00-03:00,0.0,0.0,0.0,4.844
2020-04-29 20:00:00-03:00,0.0,0.0,0.0,4.779
2020-04-29 21:00:00-03:00,0.0,0.0,0.0,4.611
2020-04-29 22:00:00-03:00,0.0,0.0,0.0,4.401
2020-04-29 23:00:00-03:00,0.0,0.0,0.0,4.3870000000000005
2020-04-30 00:00:00-03:00,0.0,0.0,0.0,4.267
2020-04-30 01:00:00-03:00,0.0,0.0,0.0,4.132
2020-04-30 02:00:00-03:00,0.0,0.0,0.0,4.009
2020-04-30 03:00:00-03:00,0.0,0.0,0.0,3.911
2020-04-30 04:00:00-03:00,0.0,0.0,0.0,3.629
2020-04-30 05:00:00-03:00,0.0,0.0,0.0,3.515
2020-04-30 06:00:00-03:00,0.0,0.0,0.0,3.55
2020-04-30 07:00:00-03:00,0.0,0.0,0.0,3.529
2020-04-30 08:00:00-03:00,0.0,0.0,0.0,3.4939999999999998
2020-04-30 09:00:00-03:00,0.043000000000000003,0.041,0.019,4.005
2020-04-30 10:00:00-03:00,0.134,0.088,0.068,5.142
2020-04-30 11:00:00-03:00,0.217,0.13,0.114,6.36
2020-04-30 12:00:00-03:00,0.28,0.164,0.148,7.407
2020-04-30 13:00:00-03:00,0.453,0.358,0.152,8.329
2020-04-30 14:00:00-03:00,0.436,0.34400000000000003,0.147,8.93
2020-04-30 15:00:00-03:00,0.28600000000000003,0.191,0.131,9.075
2020-04-30 16:00:00-03:00,0.202,0.139,0.091,8.904
2020-04-30 17:00:00-03:00,0.10300000000000001,0.083,0.043000000000000003,8.129
2020-04-30 18:00:00-03:00,0.002,0.006,0.003,6.732
2020-04-30 19:00:00-03:00,0.0,0.0,0.0,5.453
2020-04-30 20:00:00-03:00,0.0,0.0,0.0,4.588
2020-04-30 21:00:00-03:00,0.0,0.0,0.0,4.02
2020-04-30 22:00:00-03:00,0.0,0.0,0.0,3.5700000000000003
2020-04-30 23:00:00-03:00,0.0,0.0,0.0,3.088
2020-05-01 00:00:00-03:00,0.0,0.0,0.0,2.568
2020-05-01 01:00:00-03:00,0.0,0.0,0.0,2.449
2020-05-01 02:00:00-03:00,0.0,0.0,0.0,2.461
2020-05-01 03:00:00-03:00,0.0,0.0,0.0,2.102
2020-05-01 04:00:00-03:00,0.0,0.0,0.0,1.423
2020-05-01 05:00:00-03:00,0.0,0.0,0.0,0.933
2020-05-01 06:00:00-03:00,0.0,0.0,0.0,1.252
2020-05-01 07:00:00-03:00,0.0,0.0,0.0,1.8559999999999999
2020-05-01 08:00:00-03:00,0.0,0.0,0.0,1.7890000000000001
2020-05-01 09:00:00-03:00,0.021,0.02,0.015,1.9849999999999999
2020-05-01 10:00:00-03:00,0.107,0.062,0.065,3.708
2020-05-01 11:00:00-03:00,0.116,0.041,0.096,4.446
2020-05-01 12:00:00-03:00,0.13,0.034,0.117,5.201
2020-05-01 13:00:00-03:00,0.378,0.252,0.167,6.977
2020-05-01 14:00:00-03:00,0.581,0.548,0.12,8.888
2020-05-01 15:00:00-03:00,0.338,0.251,0.13,9.629
2020-05-01 16:00:00-03:00,0.138,0.076,0.08700000000000001,9.27
2020-05-01 17:00:00-03:00,0.008,0.004,0.015,7.764
2020-05-01 18:00:00-03:00,0.0,0.0,0.001,6.765
2020-05-01 19:00:00-03:00,0.0,0.0,0.0,6.025
2020-05-01 20:00:00-03:00,0.0,0.0,0.0,5.346
2020-05-01 21:00:00-03:00,0.0,0.0,0.0,4.93
2020-05-01 22:00:00-03:00,0.0,0.0,0.0,4.803
2020-05-01 23:00:00-03:00,0.0,0.0,0.0,4.547
2020-05-02 00:00:00-03:00,0.0,0.0,0.0,4.315
2020-05-02 01:00:00-03:00,0.0,0.0,0.0,4.031
2020-05-02 02:00:00-03:00,0.0,0.0,0.0,3.743
2020-05-02 03:00:00-03:00,0.0,0.0,0.0,3.332
2020-05-02 04:00:00-03:00,0.0,0.0,0.0,2.707
2020-05-02 05:00:00-03:00,0.0,0.0,0.0,2.098
2020-05-02 06:00:00-03:00,0.0,0.0,0.0,1.214
2020-05-02 07:00:00-03:00,0.0,0.0,0.0,0.6000000000000001
2020-05-02 08:00:00-03:00,0.0,0.0,0.0,0.41500000000000004
2020-05-02 09:00:00-03:00,0.069,0.07,0.017,0.74
2020-05-02 10:00:00-03:00,0.219,0.177,0.064,2.237
2020-05-02 11:00:00-03:00,0.405,0.34900000000000003,0.095,3.843
2020-05-02 12:00:00-03:00,0.62,0.623,0.085,6.022
2020-05-02 13:00:00-03:00,0.669,0.704,0.077,8.422
2020-05-02 14:00:00-03:00,0.651,0.681,0.08,9.671
2020-05-02 15:00:00-03:00,0.594,0.608,0.081,10.122
2020-05-02 16:00:00-03:00,0.446,0.43,0.075,9.736
2020-05-02 17:00:00-03:00,0.083,0.068,0.036000000000000004,7.866
2020-05-02 18:00:00-03:00,0.0,0.001,0.001,5.996
2020-05-02 19:00:00-03:00,0.0,0.0,0.0,5.424
2020-05-02 20:00:00-03:00,0.0,0.0,0.0,5.214
2020-05-02 21:00:00-03:00,0.0,0.0,0.0,5.115
2020-05-02 22:00:00-03:00,0.0,0.0,0.0,5.09
2020-05-02 23:00:00-03:00,0.0,0.0,0.0,5.023
2020-05-03 00:00:00-03:00,0.0,0.0,0.0,4.831
2020-05-03 01:00:00-03:00,0.0,0.0,0.0,4.655
2020-05-03 02:00:00-03:00,0.0,0.0,0.0,4.526
2020-05-03 03:00:00-03:00,0.0,0.0,0.0,4.396
2020-05-03 04:00:00-03:00,0.0,0.0,0.0,4.248
2020-05-03 05:00:00-03:00,0.0,0.0,0.0,4.104
2020-05-03 06:00:00-03:00,0.0,0.0,0.0,4.038
2020-05-03 07:00:00-03:00,0.0,0.0,0.0,3.866
2020-05-03 08:00:00-03:00,0.0,0.0,0.0,3.504
2020-05-03 09:00:00-03:00,0.014,0.014,0.012,3.566
2020-05-03 10:00:00-03:00,0.074,0.036000000000000004,0.057,4.784
2020-05-03 11:00:00-03:00,0.139,0.057,0.10400000000000001,5.797
2020-05-03 12:00:00-03:00,0.169,0.056,0.138,6.5760000000000005
2020-05-03 13:00:00-03:00,0.171,0.045,0.151,6.9879999999999995
2020-05-03 14:00:00-03:00,0.14100000000000001,0.033,0.132,7.117
2020-05-03 15:00:00-03:00,0.115,0.031,0.106,7.054
2020-05-03 16:00:00-03:00,0.058,0.016,0.06,6.695
2020-05-03 17:00:00-03:00,0.011,0.005,0.018000000000000002,6.062
2020-05-03 18:00:00-03:00,0.0,0.0,0.001,5.193
2020-05-03 19:00:00-03:00,0.0,0.0,0.0,4.689
2020-05-03 20:00:00-03:00,0.0,0.0,0.0,4.163
2020-05-03 21:00:00-03:00,0.0,0.0,0.0,3.572
2020-05-03 22:00:00-03:00,0.0,0.0,0.0,3.059
2020-05-03 23:00:00-03:00,0.0,0.0,0.0,2.806
2020-05-04 00:00:00-03:00,0.0,0.0,0.0,2.899
2020-05-04 01:00:00-03:00,0.0,0.0,0.0,2.882
2020-05-04 02:00:00-03:00,0.0,0.0,0.0,2.574
2020-05-04 03:00:00-03:00,0.0,0.0,0.0,2.117
2020-05-04 04:00:00-03:00,0.0,0.0,0.0,1.857
2020-05-04 05:00:00-03:00,0.0,0.0,0.0,2.007
2020-05-04 06:00:00-03:00,0.0,0.0,0.0,2.008
2020-05-04 07:00:00-03:00,0.0,0.0,0.0,1.847
2020-05-04 08:00:00-03:00,0.0,0.0,0.0,1.533
2020-05-04 09:00:00-03:00,0.004,0.005,0.007,1.337
2020-05-04 10:00:00-03:00,0.034,0.012,0.038,1.597
2020-05-04 11:00:00-03:00,0.055,0.012,0.06,2.1310000000000002
2020-05-04 12:00:00-03:00,0.156,0.053,0.125,3.42
2020-05-04 13:00:00-03:00,0.387,0.271,0.156,5.269
2020-05-04 14:00:00-03:00,0.47100000000000003,0.397,0.13,6.647
2020-05-04 15:00:00-03:00,0.468,0.42,0.105,7.312
2020-05-04 16:00:00-03:00,0.495,0.486,0.07100000000000001,7.352
2020-05-04 17:00:00-03:00,0.321,0.315,0.038,5.399
2020-05-04 18:00:00-03:00,0.002,0.008,0.002,2.477
2020-05-04 19:00:00-03:00,0.0,0.0,0.0,1.5390000000000001
2020-05-04 20:00:00-03:00,0.0,0.0,0.0,0.897
2020-05-04 21:00:00-03:00,0.0,0.0,0.0,0.4
2020-05-04 22:00:00-03:00,0.0,0.0,0.0,0.098
2020-05-04 23:00:00-03:00,0.0,0.0,0.0,-0.197
2020-05-05 00:00:00-03:00,0.0,0.0,0.0,-0.525
2020-05-05 01:00:00-03:00,0.0,0.0,0.0,-0.303
2020-05-05 02:00:00-03:00,0.0,0.0,0.0,0.661
2020-05-05 03:00:00-03:00,0.0,0.0,0.0,1.355
2020-05-05 04:00:00-03:00,0.0,0.0,0.0,1.328
2020-05-05 05:00:00-03:00,0.0,0.0,0.0,0.769
2020-05-05 06:00:00-03:00,0.0,0.0,0.0,0.507
2020-05-05 07:00:00-03:00,0.0,0.0,0.0,0.79
2020-05-05 08:00:00-03:00,0.0,0.0,0.0,1.244
2020-05-05 09:00:00-03:00,0.003,0.004,0.007,1.787
2020-05-05 10:00:00-03:00,0.038,0.013000000000000001,0.041,2.971
2020-05-05 11:00:00-03:00,0.09,0.027,0.083,3.841
2020-05-05 12:00:00-03:00,0.212,0.092,0.145,5.042
2020-05-05 13:00:00-03:00,0.252,0.113,0.167,6.261
2020-05-05 14:00:00-03:00,0.19,0.068,0.147,6.955
2020-05-05 15:00:00-03:00,0.139,0.05,0.112,7.113
2020-05-05 16:00:00-03:00,0.091,0.04,0.073,6.937
2020-05-05 17:00:00-03:00,0.03,0.019,0.026000000000000002,5.891
2020-05-05 18:00:00-03:00,0.0,0.001,0.001,5.168
2020-05-05 19:00:00-03:00,0.0,0.0,0.0,5.07
2020-05-05 20:00:00-03:00,0.0,0.0,0.0,4.725
2020-05-05 21:00:00-03:00,0.0,0.0,0.0,4.656
2020-05-05 22:00:00-03:00,0.0,0.0,0.0,4.41
2020-05-05 23:00:00-03:00,0.0,0.0,0.0,3.404
2020-05-06 00:00:00-03:00,0.0,0.0,0.0,2.683
2020-05-06 01:00:00-03:00,0.0,0.0,0.0,2.75
2020-05-06 02:00:00-03:00,0.0,0.0,0.0,2.898
2020-05-06 03:00:00-03:00,0.0,0.0,0.0,2.852
2020-05-06 04:00:00-03:00,0.0,0.0,0.0,2.597
2020-05-06 05:00:00-03:00,0.0,0.0,0.0,2.463
2020-05-06 06:00:00-03:00,0.0,0.0,0.0,2.443
2020-05-06 07:00:00-03:00,0.0,0.0,0.0,2.435
2020-05-06 08:00:00-03:00,0.0,0.0,0.0,2.339
2020-05-06 09:00:00-03:00,0.001,0.002,0.005,2.2880000000000003
2020-05-06 10:00:00-03:00,0.016,0.003,0.026000000000000002,2.7560000000000002
2020-05-06 11:00:00-03:00,0.026000000000000002,0.002,0.038,2.496
2020-05-06 12:00:00-03:00,0.032,0.002,0.046,2.798
2020-05-06 13:00:00-03:00,0.037,0.002,0.051000000000000004,3.651
2020-05-06 14:00:00-03:00,0.034,0.002,0.048,4.9
2020-05-06 15:00:00-03:00,0.036000000000000004,0.003,0.05,6.438
2020-05-06 16:00:00-03:00,0.031,0.005,0.042,7.815
2020-05-06 17:00:00-03:00,0.013000000000000001,0.006,0.019,8.531
2020-05-06 18:00:00-03:00,0.0,0.0,0.001,8.154
2020-05-06 19:00:00-03:00,0.0,0.0,0.0,7.867
2020-05-06 20:00:00-03:00,0.0,0.0,0.0,7.181
2020-05-06 21:00:00-03:00,0.0,0.0,0.0,6.608
2020-05-06 22:00:00-03:00,0.0,0.0,0.0,6.222
2020-05-06 23:00:00-03:00,0.0,0.0,0.0,6.045
2020-05-07 00:00:00-03:00,0.0,0.0,0.0,6.292
2020-05-07 01:00:00-03:00,0.0,0.0,0.0,5.75
2020-05-07 02:00:00-03:00,0.0,0.0,0.0,5.055
2020-05-07 03:00:00-03:00,0.0,0.0,0.0,4.821
2020-05-07 04:00:00-03:00,0.0,0.0,0.0,4.873
2020-05-07 05:00:00-03:00,0.0,0.0,0.0,4.969
2020-05-07 06:00:00-03:00,0.0,0.0,0.0,5.055
2020-05-07 07:00:00-03:00,0.0,0.0,0.0,5.253
2020-05-07 08:00:00-03:00,0.0,0.0,0.0,5.432
2020-05-07 09:00:00-03:00,0.0,0.001,0.004,5.406
2020-05-07 10:00:00-03:00,0.012,0.002,0.022,5.725
2020-05-07 11:00:00-03:00,0.051000000000000004,0.007,0.061,6.399
2020-05-07 12:00:00-03:00,0.054,0.005,0.068,6.833
2020-05-07 13:00:00-03:00,0.046,0.003,0.061,7.375
2020-05-07 14:00:00-03:00,0.043000000000000003,0.003,0.058,7.974
2020-05-07 15:00:00-03:00,0.03,0.002,0.044,8.441
2020-05-07 16:00:00-03:00,0.017,0.002,0.028,8.708
2020-05-07 17:00:00-03:00,0.009000000000000001,0.004,0.016,8.625
2020-05-07 18:00:00-03:00,0.0,0.0,0.0,8.117
2020-05-07 19:00:00-03:00,0.0,0.0,0.0,8.243
2020-05-07 20:00:00-03:00,0.0,0.0,0.0,8.158
2020-05-07 21:00:00-03:00,0.0,0.0,0.0,7.282
2020-05-07 22:00:00-03:00,0.0,0.0,0.0,6.562
2020-05-07 23:00:00-03:00,0.0,0.0,0.0,6.267
2020-05-08 00:00:00-03:00,0.0,0.0,0.0,5.518
2020-05-08 01:00:00-03:00,0.0,0.0,0.0,4.367
2020-05-08 02:00:00-03:00,0.0,0.0,0.0,3.385
2020-05-08 03:00:00-03:00,0.0,0.0,0.0,2.759
2020-05-08 04:00:00-03:00,0.0,0.0,0.0,2.307
2020-05-08 05:00:00-03:00,0.0,0.0,0.0,1.936
2020-05-08 06:00:00-03:00,0.0,0.0,0.0,1.6139999999999999
2020-05-08 07:00:00-03:00,0.0,0.0,0.0,1.6880000000000002
2020-05-08 08:00:00-03:00,0.0,0.0,0.0,2.138
2020-05-08 09:00:00-03:00,0.04,0.046,0.01,2.383
2020-05-08 10:00:00-03:00,0.275,0.249,0.054,4.424
2020-05-08 11:00:00-03:00,0.47900000000000004,0.46,0.075,6.037
2020-05-08 12:00:00-03:00,0.588,0.594,0.079,7.582
2020-05-08 13:00:00-03:00,0.629,0.656,0.076,9.471
2020-05-08 14:00:00-03:00,0.626,0.658,0.075,10.589
2020-05-08 15:00:00-03:00,0.583,0.606,0.07200000000000001,10.794
2020-05-08 16:00:00-03:00,0.466,0.46900000000000003,0.061,10.09
2020-05-08 17:00:00-03:00,0.252,0.25,0.031,7.38
2020-05-08 18:00:00-03:00,0.0,0.002,0.001,5.066
2020-05-08 19:00:00-03:00,0.0,0.0,0.0,4.25
2020-05-08 20:00:00-03:00,0.0,0.0,0.0,3.735
2020-05-08 21:00:00-03:00,0.0,0.0,0.0,3.44
2020-05-08 22:00:00-03:00,0.0,0.0,0.0,3.073
2020-05-08 23:00:00-03:00,0.0,0.0,0.0,2.808
2020-05-09 00:00:00-03:00,0.0,0.0,0.0,2.991
2020-05-09 01:00:00-03:00,0.0,0.0,0.0,3.106
2020-05-09 02:00:00-03:00,0.0,0.0,0.0,3.457
2020-05-09 03:00:00-03:00,0.0,0.0,0.0,3.608
2020-05-09 04:00:00-03:00,0.0,0.0,0.0,3.449
2020-05-09 05:00:00-03:00,0.0,0.0,0.0,3.469
2020-05-09 06:00:00-03:00,0.0,0.0,0.0,3.227
2020-05-09 07:00:00-03:00,0.0,0.0,0.0,2.485
2020-05-09 08:00:00-03:00,0.0,0.0,0.0,1.887
2020-05-09 09:00:00-03:00,0.014,0.017,0.009000000000000001,1.542
2020-05-09 10:00:00-03:00,0.053,0.026000000000000002,0.044,3.078
2020-05-09 11:00:00-03:00,0.089,0.03,0.079,4.242
2020-05-09 12:00:00-03:00,0.156,0.056,0.122,5.354
2020-05-09 13:00:00-03:00,0.243,0.11800000000000001,0.154,6.72
2020-05-09 14:00:00-03:00,0.274,0.16,0.146,7.725
2020-05-09 15:00:00-03:00,0.321,0.24,0.11800000000000001,8.235
2020-05-09 16:00:00-03:00,0.2,0.148,0.079,8.009
2020-05-09 17:00:00-03:00,0.07,0.061,0.029,6.742
2020-05-09 18:00:00-03:00,0.0,0.0,0.0,5.992
2020-05-09 19:00:00-03:00,0.0,0.0,0.0,5.934
2020-05-09 20:00:00-03:00,0.0,0.0,0.0,5.523
2020-05-09 21:00:00-03:00,0.0,0.0,0.0,4.938
2020-05-09 22:00:00-03:00,0.0,0.0,0.0,4.217
2020-05-09 23:00:00-03:00,0.0,0.0,0.0,3.525
2020-05-10 00:00:00-03:00,0.0,0.0,0.0,3.116
2020-05-10 01:00:00-03:00,0.0,0.0,0.0,2.863
2020-05-10 02:00:00-03:00,0.0,0.0,0.0,2.686
2020-05-10 03:00:00-03:00,0.0,0.0,0.0,2.459
2020-05-10 04:00:00-03:00,0.0,0.0,0.0,2.456
2020-05-10 05:00:00-03:00,0.0,0.0,0.0,2.443
2020-05-10 06:00:00-03:00,0.0,0.0,0.0,2.33
2020-05-10 07:00:00-03:00,0.0,0.0,0.0,2.2560000000000002
2020-05-10 08:00:00-03:00,0.0,0.0,0.0,2.186
2020-05-10 09:00:00-03:00,0.0,0.001,0.003,2.053
2020-05-10 10:00:00-03:00,0.016,0.005,0.024,2.005
2020-05-10 11:00:00-03:00,0.047,0.009000000000000001,0.054,2.214
2020-05-10 12:00:00-03:00,0.105,0.023,0.101,3.048
2020-05-10 13:00:00-03:00,0.222,0.094,0.153,4.505
2020-05-10 14:00:00-03:00,0.363,0.256,0.145,5.923
2020-05-10 15:00:00-03:00,0.376,0.302,0.116,6.884
2020-05-10 16:00:00-03:00,0.152,0.098,0.077,6.764
2020-05-10 17:00:00-03:00,0.018000000000000002,0.013000000000000001,0.019,5.71
2020-05-10 18:00:00-03:00,0.0,0.0,0.0,5.095
2020-05-10 19:00:00-03:00,0.0,0.0,0.0,5.11
2020-05-10 20:00:00-03:00,0.0,0.0,0.0,5.107
2020-05-10 21:00:00-03:00,0.0,0.0,0.0,4.758
2020-05-10 22:00:00-03:00,0.0,0.0,0.0,4.415
2020-05-10 23:00:00-03:00,0.0,0.0,0.0,4.128
2020-05-11 00:00:00-03:00,0.0,0.0,0.0,4.007
2020-05-11 01:00:00-03:00,0.0,0.0,0.0,3.891
2020-05-11 02:00:00-03:00,0.0,0.0,0.0,3.7359999999999998
2020-05-11 03:00:00-03:00,0.0,0.0,0.0,3.386
2020-05-11 04:00:00-03:00,0.0,0.0,0.0,3.006
2020-05-11 05:00:00-03:00,0.0,0.0,0.0,2.797
2020-05-11 06:00:00-03:00,0.0,0.0,0.0,2.734
2020-05-11 07:00:00-03:00,0.0,0.0,0.0,2.789
2020-05-11 08:00:00-03:00,0.0,0.0,0.0,3.054
2020-05-11 09:00:00-03:00,0.0,0.002,0.004,3.586
2020-05-11 10:00:00-03:00,0.022,0.007,0.03,4.053
2020-05-11 11:00:00-03:00,0.08,0.023,0.077,4.629
2020-05-11 12:00:00-03:00,0.198,0.081,0.14100000000000001,5.315
2020-05-11 13:00:00-03:00,0.125,0.024,0.122,5.345
2020-05-11 14:00:00-03:00,0.077,0.009000000000000001,0.08700000000000001,4.943
2020-05-11 15:00:00-03:00,0.035,0.004,0.048,4.533
2020-05-11 16:00:00-03:00,0.014,0.002,0.024,4.103
2020-05-11 17:00:00-03:00,0.001,0.001,0.007,3.578
2020-05-11 18:00:00-03:00,0.0,0.0,0.0,3.149
2020-05-11 19:00:00-03:00,0.0,0.0,0.0,2.9699999999999998
2020-05-11 20:00:00-03:00,0.0,0.0,0.0,2.824
2020-05-11 21:00:00-03:00,0.0,0.0,0.0,2.634
2020-05-11 22:00:00-03:00,0.0,0.0,0.0,2.127
2020-05-11 23:00:00-03:00,0.0,0.0,0.0,1.949
2020-05-12 00:00:00-03:00,0.0,0.0,0.0,1.362
2020-05-12 01:00:00-03:00,0.0,0.0,0.0,0.6950000000000001
2020-05-12 02:00:00-03:00,0.0,0.0,0.0,0.307
2020-05-12 03:00:00-03:00,0.0,0.0,0.0,0.079
2020-05-12 04:00:00-03:00,0.0,0.0,0.0,0.044
2020-05-12 05:00:00-03:00,0.0,0.0,0.0,-0.03
2020-05-12 06:00:00-03:00,0.0,0.0,0.0,0.096
2020-05-12 07:00:00-03:00,0.0,0.0,0.0,-0.026000000000000002
2020-05-12 08:00:00-03:00,0.0,0.0,0.0,0.008
2020-05-12 09:00:00-03:00,0.012,0.016,0.007,0.222
2020-05-12 10:00:00-03:00,0.14200000000000002,0.111,0.051000000000000004,1.103
2020-05-12 11:00:00-03:00,0.21,0.14200000000000002,0.09,2.276
2020-05-12 12:00:00-03:00,0.39,0.315,0.112,3.567
2020-05-12 13:00:00-03:00,0.5720000000000001,0.549,0.093,4.747
2020-05-12 14:00:00-03:00,0.613,0.616,0.08,5.417
2020-05-12 15:00:00-03:00,0.579,0.582,0.073,5.592
2020-05-12 16:00:00-03:00,0.438,0.423,0.061,5.19
2020-05-12 17:00:00-03:00,0.196,0.191,0.027,3.714
2020-05-12 18:00:00-03:00,0.0,0.0,0.0,2.199
2020-05-12 19:00:00-03:00,0.0,0.0,0.0,2.302
2020-05-12 20:00:00-03:00,0.0,0.0,0.0,1.963
2020-05-12 21:00:00-03:00,0.0,0.0,0.0,1.349
2020-05-12 22:00:00-03:00,0.0,0.0,0.0,1.038
2020-05-12 23:00:00-03:00,0.0,0.0,0.0,0.8130000000000001
2020-05-13 00:00:00-03:00,0.0,0.0,0.0,1.173
2020-05-13 01:00:00-03:00,0.0,0.0,0.0,1.244
2020-05-13 02:00:00-03:00,0.0,0.0,0.0,1.1280000000000001
2020-05-13 03:00:00-03:00,0.0,0.0,0.0,1.111
2020-05-13 04:00:00-03:00,0.0,0.0,0.0,1.129
2020-05-13 05:00:00-03:00,0.0,0.0,0.0,1.328
2020-05-13 06:00:00-03:00,0.0,0.0,0.0,1.482
2020-05-13 07:00:00-03:00,0.0,0.0,0.0,1.514
2020-05-13 08:00:00-03:00,0.0,0.0,0.0,1.418
2020-05-13 09:00:00-03:00,0.003,0.006,0.005,1.325
2020-05-13 10:00:00-03:00,0.069,0.042,0.045,2.338
2020-05-13 11:00:00-03:00,0.188,0.114,0.096,3.512
2020-05-13 12:00:00-03:00,0.25,0.145,0.132,4.776
2020-05-13 13:00:00-03:00,0.222,0.10300000000000001,0.145,5.572
2020-05-13 14:00:00-03:00,0.192,0.082,0.135,5.944
2020-05-13 15:00:00-03:00,0.165,0.08,0.108,6.059
2020-05-13 16:00:00-03:00,0.095,0.05,0.065,5.631
2020-05-13 17:00:00-03:00,0.017,0.014,0.016,4.04
2020-05-13 18:00:00-03:00,0.0,0.0,0.0,3.259
2020-05-13 19:00:00-03:00,0.0,0.0,0.0,3.277
2020-05-13 20:00:00-03:00,0.0,0.0,0.0,2.931
2020-05-13 21:00:00-03:00,0.0,0.0,0.0,2.533
2020-05-13 22:00:00-03:00,0.0,0.0,0.0,2.145
2020-05-13 23:00:00-03:00,0.0,0.0,0.0,1.78
2020-05-14 00:00:00-03:00,0.0,0.0,0.0,1.468
2020-05-14 01:00:00-03:00,0.0,0.0,0.0,1.22
2020-05-14 02:00:00-03:00,0.0,0.0,0.0,1.058
2020-05-14 03:00:00-03:00,0.0,0.0,0.0,0.963
2020-05-14 04:00:00-03:00,0.0,0.0,0.0,0.971
2020-05-14 05:00:00-03:00,0.0,0.0,0.0,1.078
2020-05-14 06:00:00-03:00,0.0,0.0,0.0,1.098
2020-05-14 07:00:00-03:00,0.0,0.0,0.0,1.351
2020-05-14 08:00:00-03:00,0.0,0.0,0.0,1.97
2020-05-14 09:00:00-03:00,0.0,0.001,0.002,3.187
2020-05-14 10:00:00-03:00,0.029,0.014,0.031,4.9350000000000005
2020-05-14 11:00:00-03:00,0.139,0.075,0.08700000000000001,6.505
2020-05-14 12:00:00-03:00,0.259,0.166,0.124,7.335
2020-05-14 13:00:00-03:00,0.45,0.384,0.121,7.889
2020-05-14 14:00:00-03:00,0.501,0.46,0.106,8.216
2020-05-14 15:00:00-03:00,0.328,0.263,0.10300000000000001,8.146
2020-05-14 16:00:00-03:00,0.233,0.192,0.07,7.645
2020-05-14 17:00:00-03:00,0.14400000000000002,0.14200000000000002,0.026000000000000002,6.082
2020-05-14 18:00:00-03:00,0.0,0.0,0.0,3.992
2020-05-14 19:00:00-03:00,0.0,0.0,0.0,3.446
2020-05-14 20:00:00-03:00,0.0,0.0,0.0,3.056
2020-05-14 21:00:00-03:00,0.0,0.0,0.0,2.673
2020-05-14 22:00:00-03:00,0.0,0.0,0.0,2.322
2020-05-14 23:00:00-03:00,0.0,0.0,0.0,2.055
2020-05-15 00:00:00-03:00,0.0,0.0,0.0,1.9929999999999999
2020-05-15 01:00:00-03:00,0.0,0.0,0.0,2.066
2020-05-15 02:00:00-03:00,0.0,0.0,0.0,2.011
2020-05-15 03:00:00-03:00,0.0,0.0,0.0,1.803
2020-05-15 04:00:00-03:00,0.0,0.0,0.0,1.513
2020-05-15 05:00:00-03:00,0.0,0.0,0.0,1.466
2020-05-15 06:00:00-03:00,0.0,0.0,0.0,1.3679999999999999
2020-05-15 07:00:00-03:00,0.0,0.0,0.0,1.238
2020-05-15 08:00:00-03:00,0.0,0.0,0.0,0.73
2020-05-15 09:00:00-03:00,0.005,0.009000000000000001,0.005,0.289
2020-05-15 10:00:00-03:00,0.049,0.025,0.041,1.767
2020-05-15 11:00:00-03:00,0.047,0.009000000000000001,0.055,2.42
2020-05-15 12:00:00-03:00,0.044,0.004,0.056,2.674
2020-05-15 13:00:00-03:00,0.075,0.008,0.085,3.003
2020-05-15 14:00:00-03:00,0.078,0.01,0.08600000000000001,3.278
2020-05-15 15:00:00-03:00,0.045,0.006,0.055,2.8810000000000002
2020-05-15 16:00:00-03:00,0.028,0.007,0.037,2.586
2020-05-15 17:00:00-03:00,0.009000000000000001,0.007,0.013000000000000001,2.6189999999999998
2020-05-15 18:00:00-03:00,0.0,0.0,0.0,2.924
2020-05-15 19:00:00-03:00,0.0,0.0,0.0,4.17
2020-05-15 20:00:00-03:00,0.0,0.0,0.0,5.184
2020-05-15 21:00:00-03:00,0.0,0.0,0.0,5.361
2020-05-15 22:00:00-03:00,0.0,0.0,0.0,4.024
2020-05-15 23:00:00-03:00,0.0,0.0,0.0,2.35
2020-05-16 00:00:00-03:00,0.0,0.0,0.0,1.8940000000000001
2020-05-16 01:00:00-03:00,0.0,0.0,0.0,2.077
2020-05-16 02:00:00-03:00,0.0,0.0,0.0,2.238
2020-05-16 03:00:00-03:00,0.0,0.0,0.0,2.27
2020-05-16 04:00:00-03:00,0.0,0.0,0.0,1.895
2020-05-16 05:00:00-03:00,0.0,0.0,0.0,1.428
2020-05-16 06:00:00-03:00,0.0,0.0,0.0,1.697
2020-05-16 07:00:00-03:00,0.0,0.0,0.0,2.072
2020-05-16 08:00:00-03:00,0.0,0.0,0.0,2.3810000000000002
2020-05-16 09:00:00-03:00,0.0,0.0,0.001,2.536
2020-05-16 10:00:00-03:00,0.002,0.001,0.009000000000000001,3.068
2020-05-16 11:00:00-03:00,0.017,0.002,0.029,3.805
2020-05-16 12:00:00-03:00,0.027,0.002,0.04,4.15
2020-05-16 13:00:00-03:00,0.039,0.003,0.053,4.381
2020-05-16 14:00:00-03:00,0.059000000000000004,0.006,0.07100000000000001,4.775
2020-05-16 15:00:00-03:00,0.055,0.008,0.065,5.348
2020-05-16 16:00:00-03:00,0.018000000000000002,0.003,0.028,4.827
2020-05-16 17:00:00-03:00,0.0,0.001,0.005,4.072
2020-05-16 18:00:00-03:00,0.0,0.0,0.0,4.13
2020-05-16 19:00:00-03:00,0.0,0.0,0.0,4.445
2020-05-16 20:00:00-03:00,0.0,0.0,0.0,4.44
2020-05-16 21:00:00-03:00,0.0,0.0,0.0,4.057
2020-05-16 22:00:00-03:00,0.0,0.0,0.0,3.581
2020-05-16 23:00:00-03:00,0.0,0.0,0.0,2.9370000000000003
2020-05-17 00:00:00-03:00,0.0,0.0,0.0,1.866
2020-05-17 01:00:00-03:00,0.0,0.0,0.0,1.7069999999999999
2020-05-17 02:00:00-03:00,0.0,0.0,0.0,2.075
2020-05-17 03:00:00-03:00,0.0,0.0,0.0,2.357
2020-05-17 04:00:00-03:00,0.0,0.0,0.0,2.532
2020-05-17 05:00:00-03:00,0.0,0.0,0.0,2.68
2020-05-17 06:00:00-03:00,0.0,0.0,0.0,2.642
2020-05-17 07:00:00-03:00,0.0,0.0,0.0,2.824
2020-05-17 08:00:00-03:00,0.0,0.0,0.0,2.669
2020-05-17 09:00:00-03:00,0.001,0.003,0.003,2.468
2020-05-17 10:00:00-03:00,0.051000000000000004,0.029,0.039,2.958
2020-05-17 11:00:00-03:00,0.097,0.04,0.077,3.735
2020-05-17 12:00:00-03:00,0.183,0.083,0.123,4.742
2020-05-17 13:00:00-03:00,0.214,0.096,0.14400000000000002,5.836
2020-05-17 14:00:00-03:00,0.15,0.05,0.123,6.366
2020-05-17 15:00:00-03:00,0.069,0.016,0.07200000000000001,6.386
2020-05-17 16:00:00-03:00,0.02,0.005,0.029,5.755
2020-05-17 17:00:00-03:00,0.012,0.011,0.013000000000000001,4.679
2020-05-17 18:00:00-03:00,0.0,0.0,0.0,3.8609999999999998
2020-05-17 19:00:00-03:00,0.0,0.0,0.0,3.501
2020-05-17 20:00:00-03:00,0.0,0.0,0.0,2.642
2020-05-17 21:00:00-03:00,0.0,0.0,0.0,2.253
2020-05-17 22:00:00-03:00,0.0,0.0,0.0,1.768
2020-05-17 23:00:00-03:00,0.0,0.0,0.0,1.5750000000000002
2020-05-18 00:00:00-03:00,0.0,0.0,0.0,1.549
2020-05-18 01:00:00-03:00,0.0,0.0,0.0,1.339
2020-05-18 02:00:00-03:00,0.0,0.0,0.0,1.71
2020-05-18 03:00:00-03:00,0.0,0.0,0.0,2.133
2020-05-18 04:00:00-03:00,0.0,0.0,0.0,2.064
2020-05-18 05:00:00-03:00,0.0,0.0,0.0,1.9580000000000002
2020-05-18 06:00:00-03:00,0.0,0.0,0.0,1.937
2020-05-18 07:00:00-03:00,0.0,0.0,0.0,1.917
2020-05-18 08:00:00-03:00,0.0,0.0,0.0,1.603
2020-05-18 09:00:00-03:00,0.0,0.0,0.001,1.6880000000000002
2020-05-18 10:00:00-03:00,0.001,0.0,0.007,2.084
2020-05-18 11:00:00-03:00,0.008,0.001,0.018000000000000002,2.3609999999999998
2020-05-18 12:00:00-03:00,0.019,0.001,0.031,2.653
2020-05-18 13:00:00-03:00,0.03,0.002,0.044,3.017
2020-05-18 14:00:00-03:00,0.036000000000000004,0.002,0.049,3.314
2020-05-18 15:00:00-03:00,0.022,0.002,0.034,3.396
2020-05-18 16:00:00-03:00,0.008,0.001,0.017,3.316
2020-05-18 17:00:00-03:00,0.0,0.001,0.005,3.124
2020-05-18 18:00:00-03:00,0.0,0.0,0.0,2.896
2020-05-18 19:00:00-03:00,0.0,0.0,0.0,2.7560000000000002
2020-05-18 20:00:00-03:00,0.0,0.0,0.0,2.5700000000000003
2020-05-18 21:00:00-03:00,0.0,0.0,0.0,2.301
2020-05-18 22:00:00-03:00,0.0,0.0,0.0,2.099
2020-05-18 23:00:00-03:00,0.0,0.0,0.0,2.144
2020-05-19 00:00:00-03:00,0.0,0.0,0.0,2.384
2020-05-19 01:00:00-03:00,0.0,0.0,0.0,2.623
2020-05-19 02:00:00-03:00,0.0,0.0,0.0,2.865
2020-05-19 03:00:00-03:00,0.0,0.0,0.0,3.105
2020-05-19 04:00:00-03:00,0.0,0.0,0.0,3.076
2020-05-19 05:00:00-03:00,0.0,0.0,0.0,2.815
2020-05-19 06:00:00-03:00,0.0,0.0,0.0,2.4859999999999998
2020-05-19 07:00:00-03:00,0.0,0.0,0.0,2.111
2020-05-19 08:00:00-03:00,0.0,0.0,0.0,1.935
2020-05-19 09:00:00-03:00,0.005,0.01,0.003,1.818
2020-05-19 10:00:00-03:00,0.14300000000000002,0.121,0.042,2.249
2020-05-19 11:00:00-03:00,0.294,0.242,0.079,3.167
2020-05-19 12:00:00-03:00,0.436,0.384,0.095,4.198
2020-05-19 13:00:00-03:00,0.496,0.454,0.097,4.967
2020-05-19 14:00:00-03:00,0.47200000000000003,0.427,0.097,5.313
2020-05-19 15:00:00-03:00,0.434,0.397,0.083,5.342
2020-05-19 16:00:00-03:00,0.269,0.23600000000000002,0.061,4.842
2020-05-19 17:00:00-03:00,0.069,0.07100000000000001,0.016,2.999
2020-05-19 18:00:00-03:00,0.0,0.0,0.0,1.647
2020-05-19 19:00:00-03:00,0.0,0.0,0.0,1.442
2020-05-19 20:00:00-03:00,0.0,0.0,0.0,1.353
2020-05-19 21:00:00-03:00,0.0,0.0,0.0,1.3900000000000001
2020-05-19 22:00:00-03:00,0.0,0.0,0.0,1.548
2020-05-19 23:00:00-03:00,0.0,0.0,0.0,1.5190000000000001
2020-05-20 00:00:00-03:00,0.0,0.0,0.0,1.572
2020-05-20 01:00:00-03:00,0.0,0.0,0.0,1.329
2020-05-20 02:00:00-03:00,0.0,0.0,0.0,0.969
2020-05-20 03:00:00-03:00,0.0,0.0,0.0,0.724
2020-05-20 04:00:00-03:00,0.0,0.0,0.0,0.417
2020-05-20 05:00:00-03:00,0.0,0.0,0.0,-0.198
2020-05-20 06:00:00-03:00,0.0,0.0,0.0,-0.214
2020-05-20 07:00:00-03:00,0.0,0.0,0.0,-0.001
2020-05-20 08:00:00-03:00,0.0,0.0,0.0,0.129
2020-05-20 09:00:00-03:00,0.002,0.006,0.003,-0.096
2020-05-20 10:00:00-03:00,0.091,0.068,0.041,1.28
2020-05-20 11:00:00-03:00,0.158,0.093,0.085,2.6029999999999998
2020-05-20 12:00:00-03:00,0.114,0.036000000000000004,0.098,3.2800000000000002
2020-05-20 13:00:00-03:00,0.101,0.022,0.099,3.852
2020-05-20 14:00:00-03:00,0.127,0.039,0.109,4.527
2020-05-20 15:00:00-03:00,0.14300000000000002,0.068,0.097,5.153
2020-05-20 16:00:00-03:00,0.094,0.056,0.058,4.9350000000000005
2020-05-20 17:00:00-03:00,0.019,0.019,0.013000000000000001,3.859
2020-05-20 18:00:00-03:00,0.0,0.0,0.0,3.305
2020-05-20 19:00:00-03:00,0.0,0.0,0.0,3.215
2020-05-20 20:00:00-03:00,0.0,0.0,0.0,3.171
2020-05-20 21:00:00-03:00,0.0,0.0,0.0,2.753
2020-05-20 22:00:00-03:00,0.0,0.0,0.0,2.446
2020-05-20 23:00:00-03:00,0.0,0.0,0.0,2.604
2020-05-21 00:00:00-03:00,0.0,0.0,0.0,2.609
2020-05-21 01:00:00-03:00,0.0,0.0,0.0,2.527
2020-05-21 02:00:00-03:00,0.0,0.0,0.0,2.394
2020-05-21 03:00:00-03:00,0.0,0.0,0.0,2.232
2020-05-21 04:00:00-03:00,0.0,0.0,0.0,2.178
2020-05-21 05:00:00-03:00,0.0,0.0,0.0,1.9220000000000002
2020-05-21 06:00:00-03:00,0.0,0.0,0.0,1.536
2020-05-21 07:00:00-03:00,0.0,0.0,0.0,1.776
2020-05-21 08:00:00-03:00,0.0,0.0,0.0,1.9500000000000002
2020-05-21 09:00:00-03:00,0.0,0.001,0.001,2.358
2020-05-21 10:00:00-03:00,0.047,0.031,0.033,2.919
2020-05-21 11:00:00-03:00,0.166,0.107,0.081,3.995
2020-05-21 12:00:00-03:00,0.327,0.249,0.111,5.247
2020-05-21 13:00:00-03:00,0.379,0.30000000000000004,0.11900000000000001,6.226
2020-05-21 14:00:00-03:00,0.402,0.336,0.11,6.689
2020-05-21 15:00:00-03:00,0.358,0.303,0.094,6.699
2020-05-21 16:00:00-03:00,0.11,0.075,0.056,5.878
2020-05-21 17:00:00-03:00,0.02,0.022,0.012,4.175
2020-05-21 18:00:00-03:00,0.0,0.0,0.0,3.214
2020-05-21 19:00:00-03:00,0.0,0.0,0.0,2.814
2020-05-21 20:00:00-03:00,0.0,0.0,0.0,2.795
2020-05-21 21:00:00-03:00,0.0,0.0,0.0,2.5949999999999998
2020-05-21 22:00:00-03:00,0.0,0.0,0.0,2.286
2020-05-21 23:00:00-03:00,0.0,0.0,0.0,2.01
2020-05-22 00:00:00-03:00,0.0,0.0,0.0,1.8010000000000002
2020-05-22 01:00:00-03:00,0.0,0.0,0.0,1.5899999999999999
2020-05-22 02:00:00-03:00,0.0,0.0,0.0,1.45
2020-05-22 03:00:00-03:00,0.0,0.0,0.0,1.401
2020-05-22 04:00:00-03:00,0.0,0.0,0.0,1.2530000000000001
2020-05-22 05:00:00-03:00,0.0,0.0,0.0,0.893
2020-05-22 06:00:00-03:00,0.0,0.0,0.0,1.027
2020-05-22 07:00:00-03:00,0.0,0.0,0.0,1.488
2020-05-22 08:00:00-03:00,0.0,0.0,0.0,1.7970000000000002
2020-05-22 09:00:00-03:00,0.0,0.001,0.001,1.9340000000000002
2020-05-22 10:00:00-03:00,0.005,0.002,0.012,2.348
2020-05-22 11:00:00-03:00,0.016,0.002,0.027,2.954
2020-05-22 12:00:00-03:00,0.031,0.003,0.044,3.69
2020-05-22 13:00:00-03:00,0.075,0.01,0.084,4.596
2020-05-22 14:00:00-03:00,0.139,0.043000000000000003,0.11900000000000001,6.035
2020-05-22 15:00:00-03:00,0.112,0.041,0.093,7.242
2020-05-22 16:00:00-03:00,0.026000000000000002,0.008,0.034,7.43
2020-05-22 17:00:00-03:00,0.001,0.002,0.006,7.372
2020-05-22 18:00:00-03:00,0.0,0.0,0.0,7.397
2020-05-22 19:00:00-03:00,0.0,0.0,0.0,7.274
2020-05-22 20:00:00-03:00,0.0,0.0,0.0,7.193
2020-05-22 21:00:00-03:00,0.0,0.0,0.0,7.238
2020-05-22 22:00:00-03:00,0.0,0.0,0.0,7.227
2020-05-22 23:00:00-03:00,0.0,0.0,0.0,6.96
2020-05-23 00:00:00-03:00,0.0,0.0,0.0,6.594
2020-05-23 01:00:00-03:00,0.0,0.0,0.0,6.534
2020-05-23 02:00:00-03:00,0.0,0.0,0.0,6.546
2020-05-23 03:00:00-03:00,0.0,0.0,0.0,6.357
2020-05-23 04:00:00-03:00,0.0,0.0,0.0,6.06
2020-05-23 05:00:00-03:00,0.0,0.0,0.0,5.734
2020-05-23 06:00:00-03:00,0.0,0.0,0.0,5.5760000000000005
2020-05-23 07:00:00-03:00,0.0,0.0,0.0,5.6690000000000005
2020-05-23 08:00:00-03:00,0.0,0.0,0.0,5.896
2020-05-23 09:00:00-03:00,0.0,0.0,0.001,6.283
2020-05-23 10:00:00-03:00,0.01,0.004,0.017,7.1370000000000005
2020-05-23 11:00:00-03:00,0.038,0.008,0.048,8.493
2020-05-23 12:00:00-03:00,0.089,0.02,0.091,9.951
2020-05-23 13:00:00-03:00,0.099,0.019,0.10300000000000001,10.927
2020-05-23 14:00:00-03:00,0.048,0.005,0.062,11.02
2020-05-23 15:00:00-03:00,0.018000000000000002,0.002,0.03,10.648
2020-05-23 16:00:00-03:00,0.01,0.002,0.019,10.234
2020-05-23 17:00:00-03:00,0.001,0.002,0.005,9.65
2020-05-23 18:00:00-03:00,0.0,0.0,0.0,8.98
2020-05-23 19:00:00-03:00,0.0,0.0,0.0,8.649000000000001
2020-05-23 20:00:00-03:00,0.0,0.0,0.0,8.457
2020-05-23 21:00:00-03:00,0.0,0.0,0.0,8.494
2020-05-23 22:00:00-03:00,0.0,0.0,0.0,8.473
2020-05-23 23:00:00-03:00,0.0,0.0,0.0,8.242
2020-05-24 00:00:00-03:00,0.0,0.0,0.0,7.879
2020-05-24 01:00:00-03:00,0.0,0.0,0.0,7.522
2020-05-24 02:00:00-03:00,0.0,0.0,0.0,7.247
2020-05-24 03:00:00-03:00,0.0,0.0,0.0,6.798
2020-05-24 04:00:00-03:00,0.0,0.0,0.0,6.286
2020-05-24 05:00:00-03:00,0.0,0.0,0.0,6.007
2020-05-24 06:00:00-03:00,0.0,0.0,0.0,5.868
2020-05-24 07:00:00-03:00,0.0,0.0,0.0,5.618
2020-05-24 08:00:00-03:00,0.0,0.0,0.0,5.234
2020-05-24 09:00:00-03:00,0.0,0.0,0.0,5.042
2020-05-24 10:00:00-03:00,0.004,0.002,0.011,5.229
2020-05-24 11:00:00-03:00,0.019,0.003,0.03,5.554
2020-05-24 12:00:00-03:00,0.042,0.005,0.054,5.911
2020-05-24 13:00:00-03:00,0.075,0.01,0.084,6.41
2020-05-24 14:00:00-03:00,0.08,0.013000000000000001,0.08600000000000001,6.721
2020-05-24 15:00:00-03:00,0.054,0.01,0.062,6.583
2020-05-24 16:00:00-03:00,0.023,0.006,0.031,6.151
2020-05-24 17:00:00-03:00,0.001,0.002,0.005,5.618
2020-05-24 18:00:00-03:00,0.0,0.0,0.0,5.334
2020-05-24 19:00:00-03:00,0.0,0.0,0.0,5.295
2020-05-24 20:00:00-03:00,0.0,0.0,0.0,5.252
2020-05-24 21:00:00-03:00,0.0,0.0,0.0,5.082
2020-05-24 22:00:00-03:00,0.0,0.0,0.0,4.824
2020-05-24 23:00:00-03:00,0.0,0.0,0.0,4.446
2020-05-25 00:00:00-03:00,0.0,0.0,0.0,3.914
2020-05-25 01:00:00-03:00,0.0,0.0,0.0,3.533
2020-05-25 02:00:00-03:00,0.0,0.0,0.0,2.755
2020-05-25 03:00:00-03:00,0.0,0.0,0.0,1.434
2020-05-25 04:00:00-03:00,0.0,0.0,0.0,0.79
2020-05-25 05:00:00-03:00,0.0,0.0,0.0,0.718
2020-05-25 06:00:00-03:00,0.0,0.0,0.0,0.985
2020-05-25 07:00:00-03:00,0.0,0.0,0.0,1.045
2020-05-25 08:00:00-03:00,0.0,0.0,0.0,1.163
2020-05-25 09:00:00-03:00,0.0,0.0,0.001,1.417
2020-05-25 10:00:00-03:00,0.006,0.002,0.013000000000000001,1.678
2020-05-25 11:00:00-03:00,0.026000000000000002,0.004,0.036000000000000004,2.31
2020-05-25 12:00:00-03:00,0.058,0.008,0.068,2.789
2020-05-25 13:00:00-03:00,0.056,0.006,0.068,2.871
2020-05-25 14:00:00-03:00,0.033,0.003,0.046,2.642
2020-05-25 15:00:00-03:00,0.017,0.002,0.029,2.144
2020-05-25 16:00:00-03:00,0.007,0.001,0.016,1.5350000000000001
2020-05-25 17:00:00-03:00,0.0,0.001,0.003,1.228
2020-05-25 18:00:00-03:00,0.0,0.0,0.0,1.188
2020-05-25 19:00:00-03:00,0.0,0.0,0.0,1.209
2020-05-25 20:00:00-03:00,0.0,0.0,0.0,1.255
2020-05-25 21:00:00-03:00,0.0,0.0,0.0,1.5390000000000001
2020-05-25 22:00:00-03:00,0.0,0.0,0.0,1.8679999999999999
2020-05-25 23:00:00-03:00,0.0,0.0,0.0,2.162
2020-05-26 00:00:00-03:00,0.0,0.0,0.0,2.33
2020-05-26 01:00:00-03:00,0.0,0.0,0.0,2.706
2020-05-26 02:00:00-03:00,0.0,0.0,0.0,2.61
2020-05-26 03:00:00-03:00,0.0,0.0,0.0,2.899
2020-05-26 04:00:00-03:00,0.0,0.0,0.0,3.815
2020-05-26 05:00:00-03:00,0.0,0.0,0.0,4.496
2020-05-26 06:00:00-03:00,0.0,0.0,0.0,4.521
2020-05-26 07:00:00-03:00,0.0,0.0,0.0,4.769
2020-05-26 08:00:00-03:00,0.0,0.0,0.0,4.317
2020-05-26 09:00:00-03:00,0.0,0.002,0.001,3.337
2020-05-26 10:00:00-03:00,0.021,0.011,0.023,4.135
2020-05-26 11:00:00-03:00,0.045,0.013000000000000001,0.049,5.236
2020-05-26 12:00:00-03:00,0.114,0.038,0.097,6.224
2020-05-26 13:00:00-03:00,0.17400000000000002,0.073,0.127,7.327
2020-05-26 14:00:00-03:00,0.132,0.046,0.11,7.992
2020-05-26 15:00:00-03:00,0.063,0.017,0.066,7.91
2020-05-26 16:00:00-03:00,0.021,0.007,0.029,7.27
2020-05-26 17:00:00-03:00,0.003,0.004,0.006,6.469
2020-05-26 18:00:00-03:00,0.0,0.0,0.0,5.539
2020-05-26 19:00:00-03:00,0.0,0.0,0.0,5.132
2020-05-26 20:00:00-03:00,0.0,0.0,0.0,4.734
2020-05-26 21:00:00-03:00,0.0,0.0,0.0,4.36
2020-05-26 22:00:00-03:00,0.0,0.0,0.0,4.153
2020-05-26 23:00:00-03:00,0.0,0.0,0.0,4.075
2020-05-27 00:00:00-03:00,0.0,0.0,0.0,3.9699999999999998
2020-05-27 01:00:00-03:00,0.0,0.0,0.0,3.698
2020-05-27 02:00:00-03:00,0.0,0.0,0.0,2.9779999999999998
2020-05-27 03:00:00-03:00,0.0,0.0,0.0,1.889
2020-05-27 04:00:00-03:00,0.0,0.0,0.0,1.091
2020-05-27 05:00:00-03:00,0.0,0.0,0.0,0.613
2020-05-27 06:00:00-03:00,0.0,0.0,0.0,0.341
2020-05-27 07:00:00-03:00,0.0,0.0,0.0,0.081
2020-05-27 08:00:00-03:00,0.0,0.0,0.0,-0.123
2020-05-27 09:00:00-03:00,0.0,0.003,0.001,-0.201
2020-05-27 10:00:00-03:00,0.127,0.111,0.036000000000000004,1.295
2020-05-27 11:00:00-03:00,0.214,0.16,0.077,3.24
2020-05-27 12:00:00-03:00,0.243,0.16,0.109,4.302
2020-05-27 13:00:00-03:00,0.244,0.145,0.125,5.121
2020-05-27 14:00:00-03:00,0.194,0.10200000000000001,0.117,5.632
2020-05-27 15:00:00-03:00,0.108,0.047,0.082,5.5969999999999995
2020-05-27 16:00:00-03:00,0.032,0.014,0.034,4.761
2020-05-27 17:00:00-03:00,0.002,0.004,0.006,3.84
2020-05-27 18:00:00-03:00,0.0,0.0,0.0,3.525
2020-05-27 19:00:00-03:00,0.0,0.0,0.0,3.365
2020-05-27 20:00:00-03:00,0.0,0.0,0.0,3.048
2020-05-27 21:00:00-03:00,0.0,0.0,0.0,2.8120000000000003
2020-05-27 22:00:00-03:00,0.0,0.0,0.0,2.637
2020-05-27 23:00:00-03:00,0.0,0.0,0.0,2.43
2020-05-28 00:00:00-03:00,0.0,0.0,0.0,2.257
2020-05-28 01:00:00-03:00,0.0,0.0,0.0,2.322
2020-05-28 02:00:00-03:00,0.0,0.0,0.0,2.6950000000000003
2020-05-28 03:00:00-03:00,0.0,0.0,0.0,2.884
2020-05-28 04:00:00-03:00,0.0,0.0,0.0,2.6870000000000003
2020-05-28 05:00:00-03:00,0.0,0.0,0.0,2.146
2020-05-28 06:00:00-03:00,0.0,0.0,0.0,1.225
2020-05-28 07:00:00-03:00,0.0,0.0,0.0,0.358
2020-05-28 08:00:00-03:00,0.0,0.0,0.0,-0.352
2020-05-28 09:00:00-03:00,0.0,0.002,0.001,-1.056
2020-05-28 10:00:00-03:00,0.134,0.11900000000000001,0.033,-0.6920000000000001
2020-05-28 11:00:00-03:00,0.423,0.396,0.061,0.745
2020-05-28 12:00:00-03:00,0.597,0.602,0.062,2.116
2020-05-28 13:00:00-03:00,0.5680000000000001,0.557,0.075,2.993
2020-05-28 14:00:00-03:00,0.395,0.331,0.1,3.172
2020-05-28 15:00:00-03:00,0.183,0.11800000000000001,0.08700000000000001,2.933
2020-05-28 16:00:00-03:00,0.068,0.042,0.044,2.286
2020-05-28 17:00:00-03:00,0.01,0.014,0.008,0.859
2020-05-28 18:00:00-03:00,0.0,0.0,0.0,0.158
2020-05-28 19:00:00-03:00,0.0,0.0,0.0,-0.116
2020-05-28 20:00:00-03:00,0.0,0.0,0.0,-0.396
2020-05-28 21:00:00-03:00,0.0,0.0,0.0,-0.47800000000000004
2020-05-28 22:00:00-03:00,0.0,0.0,0.0,-0.394
2020-05-28 23:00:00-03:00,0.0,0.0,0.0,-0.40800000000000003
2020-05-29 00:00:00-03:00,0.0,0.0,0.0,-0.34400000000000003
2020-05-29 01:00:00-03:00,0.0,0.0,0.0,-0.1
2020-05-29 02:00:00-03:00,0.0,0.0,0.0,-0.012
2020-05-29 03:00:00-03:00,0.0,0.0,0.0,-0.221
2020-05-29 04:00:00-03:00,0.0,0.0,0.0,-0.734
2020-05-29 05:00:00-03:00,0.0,0.0,0.0,-1.215
2020-05-29 06:00:00-03:00,0.0,0.0,0.0,-1.22
2020-05-29 07:00:00-03:00,0.0,0.0,0.0,-0.984
2020-05-29 08:00:00-03:00,0.0,0.0,0.0,-0.778
2020-05-29 09:00:00-03:00,0.0,0.001,0.001,-0.515
2020-05-29 10:00:00-03:00,0.029,0.019,0.025,0.234
2020-05-29 11:00:00-03:00,0.099,0.049,0.069,1.312
2020-05-29 12:00:00-03:00,0.152,0.068,0.10400000000000001,2.323
2020-05-29 13:00:00-03:00,0.17,0.07,0.121,3.108
2020-05-29 14:00:00-03:00,0.11900000000000001,0.038,0.101,3.407
2020-05-29 15:00:00-03:00,0.069,0.02,0.067,3.354
2020-05-29 16:00:00-03:00,0.027,0.01,0.032,2.987
2020-05-29 17:00:00-03:00,0.001,0.003,0.005,2.388
2020-05-29 18:00:00-03:00,0.0,0.0,0.0,2.079
2020-05-29 19:00:00-03:00,0.0,0.0,0.0,1.94
2020-05-29 20:00:00-03:00,0.0,0.0,0.0,1.842
2020-05-29 21:00:00-03:00,0.0,0.0,0.0,1.788
2020-05-29 22:00:00-03:00,0.0,0.0,0.0,1.701
2020-05-29 23:00:00-03:00,0.0,0.0,0.0,1.6440000000000001
2020-05-30 00:00:00-03:00,0.0,0.0,0.0,1.617
2020-05-30 01:00:00-03:00,0.0,0.0,0.0,1.4060000000000001
2020-05-30 02:00:00-03:00,0.0,0.0,0.0,0.9410000000000001
2020-05-30 03:00:00-03:00,0.0,0.0,0.0,0.709
2020-05-30 04:00:00-03:00,0.0,0.0,0.0,0.533
2020-05-30 05:00:00-03:00,0.0,0.0,0.0,0.399
2020-05-30 06:00:00-03:00,0.0,0.0,0.0,0.264
2020-05-30 07:00:00-03:00,0.0,0.0,0.0,0.20700000000000002
2020-05-30 08:00:00-03:00,0.0,0.0,0.0,0.184
2020-05-30 09:00:00-03:00,0.0,0.001,0.001,0.329
2020-05-30 10:00:00-03:00,0.06,0.047,0.03,1.558
2020-05-30 11:00:00-03:00,0.161,0.106,0.076,3.221
2020-05-30 12:00:00-03:00,0.184,0.099,0.107,4.126
2020-05-30 13:00:00-03:00,0.152,0.059000000000000004,0.115,4.788
2020-05-30 14:00:00-03:00,0.11800000000000001,0.038,0.101,5.235
2020-05-30 15:00:00-03:00,0.047,0.01,0.054,5.109
2020-05-30 16:00:00-03:00,0.013000000000000001,0.004,0.021,4.634
2020-05-30 17:00:00-03:00,0.0,0.001,0.003,4.178
2020-05-30 18:00:00-03:00,0.0,0.0,0.0,3.975
2020-05-30 19:00:00-03:00,0.0,0.0,0.0,3.904
2020-05-30 20:00:00-03:00,0.0,0.0,0.0,3.852
2020-05-30 21:00:00-03:00,0.0,0.0,0.0,3.807
2020-05-30 22:00:00-03:00,0.0,0.0,0.0,3.912
2020-05-30 23:00:00-03:00,0.0,0.0,0.0,4.273
2020-05-31 00:00:00-03:00,0.0,0.0,0.0,4.383
2020-05-31 01:00:00-03:00,0.0,0.0,0.0,3.614
2020-05-31 02:00:00-03:00,0.0,0.0,0.0,3.5380000000000003
2020-05-31 03:00:00-03:00,0.0,0.0,0.0,3.808
2020-05-31 04:00:00-03:00,0.0,0.0,0.0,3.373
2020-05-31 05:00:00-03:00,0.0,0.0,0.0,3.359
2020-05-31 06:00:00-03:00,0.0,0.0,0.0,3.565
2020-05-31 07:00:00-03:00,0.0,0.0,0.0,3.677
2020-05-31 08:00:00-03:00,0.0,0.0,0.0,3.653
2020-05-31 09:00:00-03:00,0.0,0.0,0.0,3.317
2020-05-31 10:00:00-03:00,0.029,0.02,0.024,3.509
2020-05-31 11:00:00-03:00,0.089,0.045,0.064,4.735
2020-05-31 12:00:00-03:00,0.177,0.096,0.105,5.515
2020-05-31 13:00:00-03:00,0.201,0.10400000000000001,0.122,6.217
2020-05-31 14:00:00-03:00,0.139,0.056,0.106,6.611
2020-05-31 15:00:00-03:00,0.088,0.034,0.074,6.635
2020-05-31 16:00:00-03:00,0.06,0.035,0.044,6.099
2020-05-31 17:00:00-03:00,0.003,0.005,0.006,4.796
2020-05-31 18:00:00-03:00,0.0,0.0,0.0,4.352
2020-05-31 19:00:00-03:00,0.0,0.0,0.0,3.7960000000000003
2020-05-31 20:00:00-03:00,0.0,0.0,0.0,3.06
2020-05-31 21:00:00-03:00,0.0,0.0,0.0,2.807
2020-05-31 22:00:00-03:00,0.0,0.0,0.0,2.648
2020-05-31 23:00:00-03:00,0.0,0.0,0.0,2.42
2020-06-01 00:00:00-03:00,0.0,0.0,0.0,2.392
2020-06-01 01:00:00-03:00,0.0,0.0,0.0,2.421
2020-06-01 02:00:00-03:00,0.0,0.0,0.0,2.437
2020-06-01 03:00:00-03:00,0.0,0.0,0.0,2.521
2020-06-01 04:00:00-03:00,0.0,0.0,0.0,2.76
2020-06-01 05:00:00-03:00,0.0,0.0,0.0,3.006
2020-06-01 06:00:00-03:00,0.0,0.0,0.0,3.289
2020-06-01 07:00:00-03:00,0.0,0.0,0.0,3.347
2020-06-01 08:00:00-03:00,0.0,0.0,0.0,3.306
2020-06-01 09:00:00-03:00,0.0,0.001,0.001,3.186
2020-06-01 10:00:00-03:00,0.13,0.12,0.031,3.891
2020-06-01 11:00:00-03:00,0.32,0.28600000000000003,0.067,5.291
2020-06-01 12:00:00-03:00,0.41000000000000003,0.369,0.08700000000000001,6.652
2020-06-01 13:00:00-03:00,0.359,0.291,0.109,7.626
2020-06-01 14:00:00-03:00,0.196,0.112,0.11,7.692
2020-06-01 15:00:00-03:00,0.066,0.023,0.062,6.257
2020-06-01 16:00:00-03:00,0.045,0.025,0.037,4.566
2020-06-01 17:00:00-03:00,0.016,0.02,0.008,3.2720000000000002
2020-06-01 18:00:00-03:00,0.0,0.0,0.0,2.449
2020-06-01 19:00:00-03:00,0.0,0.0,0.0,2.02
2020-06-01 20:00:00-03:00,0.0,0.0,0.0,1.646
2020-06-01 21:00:00-03:00,0.0,0.0,0.0,1.439
2020-06-01 22:00:00-03:00,0.0,0.0,0.0,1.396
2020-06-01 23:00:00-03:00,0.0,0.0,0.0,1.395
2020-06-02 00:00:00-03:00,0.0,0.0,0.0,1.326
2020-06-02 01:00:00-03:00,0.0,0.0,0.0,1.262
2020-06-02 02:00:00-03:00,0.0,0.0,0.0,1.305
2020-06-02 03:00:00-03:00,0.0,0.0,0.0,1.384
2020-06-02 04:00:00-03:00,0.0,0.0,0.0,1.383
2020-06-02 05:00:00-03:00,0.0,0.0,0.0,1.318
2020-06-02 06:00:00-03:00,0.0,0.0,0.0,1.237
2020-06-02 07:00:00-03:00,0.0,0.0,0.0,1.11
2020-06-02 08:00:00-03:00,0.0,0.0,0.0,1.017
2020-06-02 09:00:00-03:00,0.0,0.0,0.0,0.881
2020-06-02 10:00:00-03:00,0.063,0.053,0.027,1.014
2020-06-02 11:00:00-03:00,0.19,0.14200000000000002,0.069,1.808
2020-06-02 12:00:00-03:00,0.311,0.243,0.095,2.811
2020-06-02 13:00:00-03:00,0.37,0.30000000000000004,0.10400000000000001,3.6189999999999998
2020-06-02 14:00:00-03:00,0.356,0.291,0.099,3.98
2020-06-02 15:00:00-03:00,0.359,0.315,0.078,3.917
2020-06-02 16:00:00-03:00,0.212,0.186,0.049,3.252
2020-06-02 17:00:00-03:00,0.021,0.027,0.008,1.964
2020-06-02 18:00:00-03:00,0.0,0.0,0.0,1.164
2020-06-02 19:00:00-03:00,0.0,0.0,0.0,1.081
2020-06-02 20:00:00-03:00,0.0,0.0,0.0,1.2850000000000001
2020-06-02 21:00:00-03:00,0.0,0.0,0.0,1.335
2020-06-02 22:00:00-03:00,0.0,0.0,0.0,1.096
2020-06-02 23:00:00-03:00,0.0,0.0,0.0,0.739
2020-06-03 00:00:00-03:00,0.0,0.0,0.0,0.752
2020-06-03 01:00:00-03:00,0.0,0.0,0.0,0.784
2020-06-03 02:00:00-03:00,0.0,0.0,0.0,0.904
2020-06-03 03:00:00-03:00,0.0,0.0,0.0,1.1
2020-06-03 04:00:00-03:00,0.0,0.0,0.0,1.317
2020-06-03 05:00:00-03:00,0.0,0.0,0.0,1.432
2020-06-03 06:00:00-03:00,0.0,0.0,0.0,1.556
2020-06-03 07:00:00-03:00,0.0,0.0,0.0,1.609
2020-06-03 08:00:00-03:00,0.0,0.0,0.0,1.5510000000000002
2020-06-03 09:00:00-03:00,0.0,0.0,0.0,1.5430000000000001
2020-06-03 10:00:00-03:00,0.002,0.001,0.008,1.737
2020-06-03 11:00:00-03:00,0.018000000000000002,0.003,0.028,2.391
2020-06-03 12:00:00-03:00,0.03,0.003,0.042,3.297
2020-06-03 13:00:00-03:00,0.036000000000000004,0.003,0.049,4.202
2020-06-03 14:00:00-03:00,0.039,0.004,0.052000000000000005,5.159
2020-06-03 15:00:00-03:00,0.021,0.002,0.032,5.7780000000000005
2020-06-03 16:00:00-03:00,0.01,0.003,0.019,6.104
2020-06-03 17:00:00-03:00,0.0,0.001,0.003,6.474
2020-06-03 18:00:00-03:00,0.0,0.0,0.0,6.32
2020-06-03 19:00:00-03:00,0.0,0.0,0.0,6.011
2020-06-03 20:00:00-03:00,0.0,0.0,0.0,5.957
2020-06-03 21:00:00-03:00,0.0,0.0,0.0,6.021
2020-06-03 22:00:00-03:00,0.0,0.0,0.0,6.15
2020-06-03 23:00:00-03:00,0.0,0.0,0.0,6.202
2020-06-04 00:00:00-03:00,0.0,0.0,0.0,5.97
2020-06-04 01:00:00-03:00,0.0,0.0,0.0,5.527
2020-06-04 02:00:00-03:00,0.0,0.0,0.0,5.209
2020-06-04 03:00:00-03:00,0.0,0.0,0.0,5.085
2020-06-04 04:00:00-03:00,0.0,0.0,0.0,5.11
2020-06-04 05:00:00-03:00,0.0,0.0,0.0,5.165
2020-06-04 06:00:00-03:00,0.0,0.0,0.0,5.257
2020-06-04 07:00:00-03:00,0.0,0.0,0.0,5.372
2020-06-04 08:00:00-03:00,0.0,0.0,0.0,5.368
2020-06-04 09:00:00-03:00,0.0,0.0,0.0,5.173
2020-06-04 10:00:00-03:00,0.059000000000000004,0.052000000000000005,0.026000000000000002,5.234
2020-06-04 11:00:00-03:00,0.215,0.17200000000000001,0.069,6.026
2020-06-04 12:00:00-03:00,0.326,0.268,0.094,6.954
2020-06-04 13:00:00-03:00,0.34600000000000003,0.278,0.106,7.508
2020-06-04 14:00:00-03:00,0.322,0.255,0.10400000000000001,7.676
2020-06-04 15:00:00-03:00,0.25,0.194,0.085,7.51
2020-06-04 16:00:00-03:00,0.059000000000000004,0.038,0.04,6.892
2020-06-04 17:00:00-03:00,0.001,0.004,0.004,6.103
2020-06-04 18:00:00-03:00,0.0,0.0,0.0,5.384
2020-06-04 19:00:00-03:00,0.0,0.0,0.0,5.004
2020-06-04 20:00:00-03:00,0.0,0.0,0.0,4.955
2020-06-04 21:00:00-03:00,0.0,0.0,0.0,4.896
2020-06-04 22:00:00-03:00,0.0,0.0,0.0,4.72
2020-06-04 23:00:00-03:00,0.0,0.0,0.0,4.365
2020-06-05 00:00:00-03:00,0.0,0.0,0.0,3.951
2020-06-05 01:00:00-03:00,0.0,0.0,0.0,3.999
2020-06-05 02:00:00-03:00,0.0,0.0,0.0,3.807
2020-06-05 03:00:00-03:00,0.0,0.0,0.0,3.635
2020-06-05 04:00:00-03:00,0.0,0.0,0.0,3.375
2020-06-05 05:00:00-03:00,0.0,0.0,0.0,2.906
2020-06-05 06:00:00-03:00,0.0,0.0,0.0,2.806
2020-06-05 07:00:00-03:00,0.0,0.0,0.0,2.903
2020-06-05 08:00:00-03:00,0.0,0.0,0.0,2.8810000000000002
2020-06-05 09:00:00-03:00,0.0,0.001,0.0,2.776
2020-06-05 10:00:00-03:00,0.057,0.05,0.025,3.267
2020-06-05 11:00:00-03:00,0.15,0.105,0.067,4.349
2020-06-05 12:00:00-03:00,0.196,0.124,0.097,5.766
2020-06-05 13:00:00-03:00,0.27,0.188,0.113,7.147
2020-06-05 14:00:00-03:00,0.25,0.17400000000000002,0.106,7.832
2020-06-05 15:00:00-03:00,0.23900000000000002,0.186,0.083,7.983
2020-06-05 16:00:00-03:00,0.165,0.14200000000000002,0.048,7.518
2020-06-05 17:00:00-03:00,0.019,0.026000000000000002,0.007,6.525
2020-06-05 18:00:00-03:00,0.0,0.0,0.0,5.715
2020-06-05 19:00:00-03:00,0.0,0.0,0.0,5.18
2020-06-05 20:00:00-03:00,0.0,0.0,0.0,4.799
2020-06-05 21:00:00-03:00,0.0,0.0,0.0,4.444
2020-06-05 22:00:00-03:00,0.0,0.0,0.0,3.94
2020-06-05 23:00:00-03:00,0.0,0.0,0.0,3.338
2020-06-06 00:00:00-03:00,0.0,0.0,0.0,2.778
2020-06-06 01:00:00-03:00,0.0,0.0,0.0,2.298
2020-06-06 02:00:00-03:00,0.0,0.0,0.0,1.887
2020-06-06 03:00:00-03:00,0.0,0.0,0.0,1.639
2020-06-06 04:00:00-03:00,0.0,0.0,0.0,1.361
2020-06-06 05:00:00-03:00,0.0,0.0,0.0,0.88
2020-06-06 06:00:00-03:00,0.0,0.0,0.0,0.637
2020-06-06 07:00:00-03:00,0.0,0.0,0.0,0.578
2020-06-06 08:00:00-03:00,0.0,0.0,0.0,0.588
2020-06-06 09:00:00-03:00,0.0,0.0,0.0,0.49
2020-06-06 10:00:00-03:00,0.036000000000000004,0.028,0.023,1.152
2020-06-06 11:00:00-03:00,0.092,0.048,0.063,2.275
2020-06-06 12:00:00-03:00,0.097,0.033,0.083,2.977
2020-06-06 13:00:00-03:00,0.11900000000000001,0.038,0.101,3.669
2020-06-06 14:00:00-03:00,0.11800000000000001,0.04,0.099,4.01
2020-06-06 15:00:00-03:00,0.047,0.012,0.052000000000000005,3.517
2020-06-06 16:00:00-03:00,0.018000000000000002,0.007,0.025,2.814
2020-06-06 17:00:00-03:00,0.002,0.004,0.005,1.923
2020-06-06 18:00:00-03:00,0.0,0.0,0.0,0.6990000000000001
2020-06-06 19:00:00-03:00,0.0,0.0,0.0,-0.431
2020-06-06 20:00:00-03:00,0.0,0.0,0.0,-0.839
2020-06-06 21:00:00-03:00,0.0,0.0,0.0,-0.907
2020-06-06 22:00:00-03:00,0.0,0.0,0.0,-0.499
2020-06-06 23:00:00-03:00,0.0,0.0,0.0,-0.733
2020-06-07 00:00:00-03:00,0.0,0.0,0.0,-0.656
2020-06-07 01:00:00-03:00,0.0,0.0,0.0,-0.19
2020-06-07 02:00:00-03:00,0.0,0.0,0.0,0.371
2020-06-07 03:00:00-03:00,0.0,0.0,0.0,0.334
2020-06-07 04:00:00-03:00,0.0,0.0,0.0,0.45
2020-06-07 05:00:00-03:00,0.0,0.0,0.0,0.519
2020-06-07 06:00:00-03:00,0.0,0.0,0.0,0.467
2020-06-07 07:00:00-03:00,0.0,0.0,0.0,0.9
2020-06-07 08:00:00-03:00,0.0,0.0,0.0,1.6360000000000001
2020-06-07 09:00:00-03:00,0.0,0.0,0.0,2.865
2020-06-07 10:00:00-03:00,0.017,0.013000000000000001,0.017,4.092
2020-06-07 11:00:00-03:00,0.158,0.113,0.068,5.514
2020-06-07 12:00:00-03:00,0.254,0.186,0.097,6.511
2020-06-07 13:00:00-03:00,0.311,0.23500000000000001,0.11,6.911
2020-06-07 14:00:00-03:00,0.28600000000000003,0.213,0.105,6.866
2020-06-07 15:00:00-03:00,0.245,0.189,0.084,6.392
2020-06-07 16:00:00-03:00,0.091,0.067,0.044,5.45
2020-06-07 17:00:00-03:00,0.002,0.006,0.004,4.345
2020-06-07 18:00:00-03:00,0.0,0.0,0.0,3.665
2020-06-07 19:00:00-03:00,0.0,0.0,0.0,3.279
2020-06-07 20:00:00-03:00,0.0,0.0,0.0,2.785
2020-06-07 21:00:00-03:00,0.0,0.0,0.0,2.226
2020-06-07 22:00:00-03:00,0.0,0.0,0.0,1.685
2020-06-07 23:00:00-03:00,0.0,0.0,0.0,1.028
2020-06-08 00:00:00-03:00,0.0,0.0,0.0,0.48
2020-06-08 01:00:00-03:00,0.0,0.0,0.0,-0.10400000000000001
2020-06-08 02:00:00-03:00,0.0,0.0,0.0,-0.38
2020-06-08 03:00:00-03:00,0.0,0.0,0.0,-0.47600000000000003
2020-06-08 04:00:00-03:00,0.0,0.0,0.0,-0.552
2020-06-08 05:00:00-03:00,0.0,0.0,0.0,-0.579
2020-06-08 06:00:00-03:00,0.0,0.0,0.0,-0.09
2020-06-08 07:00:00-03:00,0.0,0.0,0.0,0.845
2020-06-08 08:00:00-03:00,0.0,0.0,0.0,1.716
2020-06-08 09:00:00-03:00,0.0,0.0,0.0,2.326
2020-06-08 10:00:00-03:00,0.034,0.027,0.022,2.809
2020-06-08 11:00:00-03:00,0.1,0.057,0.063,3.699
2020-06-08 12:00:00-03:00,0.153,0.078,0.097,4.435
2020-06-08 13:00:00-03:00,0.167,0.077,0.113,4.694
2020-06-08 14:00:00-03:00,0.108,0.036000000000000004,0.092,4.523
2020-06-08 15:00:00-03:00,0.07,0.024,0.065,4.193
2020-06-08 16:00:00-03:00,0.028,0.013000000000000001,0.03,3.664
2020-06-08 17:00:00-03:00,0.0,0.002,0.003,2.484
2020-06-08 18:00:00-03:00,0.0,0.0,0.0,2.042
2020-06-08 19:00:00-03:00,0.0,0.0,0.0,2.168
2020-06-08 20:00:00-03:00,0.0,0.0,0.0,2.515
2020-06-08 21:00:00-03:00,0.0,0.0,0.0,2.442
2020-06-08 22:00:00-03:00,0.0,0.0,0.0,2.441
2020-06-08 23:00:00-03:00,0.0,0.0,0.0,2.424
2020-06-09 00:00:00-03:00,0.0,0.0,0.0,2.402
2020-06-09 01:00:00-03:00,0.0,0.0,0.0,2.81
2020-06-09 02:00:00-03:00,0.0,0.0,0.0,2.824
2020-06-09 03:00:00-03:00,0.0,0.0,0.0,2.4050000000000002
2020-06-09 04:00:00-03:00,0.0,0.0,0.0,2.415
2020-06-09 05:00:00-03:00,0.0,0.0,0.0,2.643
2020-06-09 06:00:00-03:00,0.0,0.0,0.0,2.8040000000000003
2020-06-09 07:00:00-03:00,0.0,0.0,0.0,2.856
2020-06-09 08:00:00-03:00,0.0,0.0,0.0,3.034
2020-06-09 09:00:00-03:00,0.0,0.0,0.0,2.754
2020-06-09 10:00:00-03:00,0.015,0.011,0.016,2.489
2020-06-09 11:00:00-03:00,0.116,0.07,0.065,2.871
2020-06-09 12:00:00-03:00,0.19,0.112,0.101,3.463
2020-06-09 13:00:00-03:00,0.152,0.064,0.109,3.669
2020-06-09 14:00:00-03:00,0.08700000000000001,0.024,0.082,3.142
2020-06-09 15:00:00-03:00,0.055,0.016,0.056,2.466
2020-06-09 16:00:00-03:00,0.046,0.026000000000000002,0.037,1.968
2020-06-09 17:00:00-03:00,0.002,0.005,0.004,0.844
2020-06-09 18:00:00-03:00,0.0,0.0,0.0,-0.015
2020-06-09 19:00:00-03:00,0.0,0.0,0.0,-0.163
2020-06-09 20:00:00-03:00,0.0,0.0,0.0,0.122
2020-06-09 21:00:00-03:00,0.0,0.0,0.0,0.153
2020-06-09 22:00:00-03:00,0.0,0.0,0.0,0.062
2020-06-09 23:00:00-03:00,0.0,0.0,0.0,0.046
2020-06-10 00:00:00-03:00,0.0,0.0,0.0,0.361
2020-06-10 01:00:00-03:00,0.0,0.0,0.0,0.803
2020-06-10 02:00:00-03:00,0.0,0.0,0.0,1.08
2020-06-10 03:00:00-03:00,0.0,0.0,0.0,1.214
2020-06-10 04:00:00-03:00,0.0,0.0,0.0,0.848
2020-06-10 05:00:00-03:00,0.0,0.0,0.0,0.555
2020-06-10 06:00:00-03:00,0.0,0.0,0.0,0.291
2020-06-10 07:00:00-03:00,0.0,0.0,0.0,-0.2
2020-06-10 08:00:00-03:00,0.0,0.0,0.0,-0.584
2020-06-10 09:00:00-03:00,0.0,0.0,0.0,-0.842
2020-06-10 10:00:00-03:00,0.091,0.085,0.024,-0.6900000000000001
2020-06-10 11:00:00-03:00,0.277,0.23700000000000002,0.062,0.244
2020-06-10 12:00:00-03:00,0.429,0.387,0.078,1.2850000000000001
2020-06-10 13:00:00-03:00,0.406,0.34800000000000003,0.093,1.911
2020-06-10 14:00:00-03:00,0.328,0.26,0.096,2.091
2020-06-10 15:00:00-03:00,0.261,0.20600000000000002,0.078,1.9580000000000002
2020-06-10 16:00:00-03:00,0.134,0.11,0.043000000000000003,1.361
2020-06-10 17:00:00-03:00,0.009000000000000001,0.015,0.005,0.23600000000000002
2020-06-10 18:00:00-03:00,0.0,0.0,0.0,-0.737
2020-06-10 19:00:00-03:00,0.0,0.0,0.0,-1.433
2020-06-10 20:00:00-03:00,0.0,0.0,0.0,-1.795
2020-06-10 21:00:00-03:00,0.0,0.0,0.0,-1.907
2020-06-10 22:00:00-03:00,0.0,0.0,0.0,-2.035
2020-06-10 23:00:00-03:00,0.0,0.0,0.0,-2.177
2020-06-11 00:00:00-03:00,0.0,0.0,0.0,-2.419
2020-06-11 01:00:00-03:00,0.0,0.0,0.0,-2.825
2020-06-11 02:00:00-03:00,0.0,0.0,0.0,-3.42
2020-06-11 03:00:00-03:00,0.0,0.0,0.0,-3.991
2020-06-11 04:00:00-03:00,0.0,0.0,0.0,-4.159
2020-06-11 05:00:00-03:00,0.0,0.0,0.0,-4.223
2020-06-11 06:00:00-03:00,0.0,0.0,0.0,-4.167
2020-06-11 07:00:00-03:00,0.0,0.0,0.0,-3.979
2020-06-11 08:00:00-03:00,0.0,0.0,0.0,-3.698
2020-06-11 09:00:00-03:00,0.0,0.0,0.0,-3.398
2020-06-11 10:00:00-03:00,0.114,0.107,0.024,-2.715
2020-06-11 11:00:00-03:00,0.312,0.275,0.059000000000000004,-1.4140000000000001
2020-06-11 12:00:00-03:00,0.449,0.41200000000000003,0.073,-0.14200000000000002
2020-06-11 13:00:00-03:00,0.489,0.453,0.078,0.6980000000000001
2020-06-11 14:00:00-03:00,0.454,0.41300000000000003,0.079,0.978
2020-06-11 15:00:00-03:00,0.378,0.339,0.069,0.789
2020-06-11 16:00:00-03:00,0.20700000000000002,0.183,0.043000000000000003,-0.139
2020-06-11 17:00:00-03:00,0.011,0.018000000000000002,0.005,-1.835
2020-06-11 18:00:00-03:00,0.0,0.0,0.0,-1.978
2020-06-11 19:00:00-03:00,0.0,0.0,0.0,-1.774
2020-06-11 20:00:00-03:00,0.0,0.0,0.0,-1.5979999999999999
2020-06-11 21:00:00-03:00,0.0,0.0,0.0,-1.488
2020-06-11 22:00:00-03:00,0.0,0.0,0.0,-1.409
2020-06-11 23:00:00-03:00,0.0,0.0,0.0,-1.453
2020-06-12 00:00:00-03:00,0.0,0.0,0.0,-1.5150000000000001
2020-06-12 01:00:00-03:00,0.0,0.0,0.0,-1.554
2020-06-12 02:00:00-03:00,0.0,0.0,0.0,-1.78
2020-06-12 03:00:00-03:00,0.0,0.0,0.0,-2.092
2020-06-12 04:00:00-03:00,0.0,0.0,0.0,-2.209
2020-06-12 05:00:00-03:00,0.0,0.0,0.0,-2.233
2020-06-12 06:00:00-03:00,0.0,0.0,0.0,-2.221
2020-06-12 07:00:00-03:00,0.0,0.0,0.0,-2.192
2020-06-12 08:00:00-03:00,0.0,0.0,0.0,-2.117
2020-06-12 09:00:00-03:00,0.0,0.0,0.0,-2.006
2020-06-12 10:00:00-03:00,0.037,0.032,0.02,-1.6139999999999999
2020-06-12 11:00:00-03:00,0.12,0.077,0.061,-0.6990000000000001
2020-06-12 12:00:00-03:00,0.211,0.136,0.095,0.324
2020-06-12 13:00:00-03:00,0.278,0.192,0.109,1.089
2020-06-12 14:00:00-03:00,0.272,0.193,0.10300000000000001,1.381
2020-06-12 15:00:00-03:00,0.234,0.176,0.08,1.211
2020-06-12 16:00:00-03:00,0.131,0.105,0.044,0.406
2020-06-12 17:00:00-03:00,0.006,0.011,0.005,-0.915
2020-06-12 18:00:00-03:00,0.0,0.0,0.0,-1.231
2020-06-12 19:00:00-03:00,0.0,0.0,0.0,-1.5670000000000002
2020-06-12 20:00:00-03:00,0.0,0.0,0.0,-1.734
2020-06-12 21:00:00-03:00,0.0,0.0,0.0,-1.699
2020-06-12 22:00:00-03:00,0.0,0.0,0.0,-1.712
2020-06-12 23:00:00-03:00,0.0,0.0,0.0,-1.717
2020-06-13 00:00:00-03:00,0.0,0.0,0.0,-1.6640000000000001
2020-06-13 01:00:00-03:00,0.0,0.0,0.0,-1.6480000000000001
2020-06-13 02:00:00-03:00,0.0,0.0,0.0,-1.631
2020-06-13 03:00:00-03:00,0.0,0.0,0.0,-1.5750000000000002
2020-06-13 04:00:00-03:00,0.0,0.0,0.0,-1.521
2020-06-13 05:00:00-03:00,0.0,0.0,0.0,-1.464
2020-06-13 06:00:00-03:00,0.0,0.0,0.0,-1.5190000000000001
2020-06-13 07:00:00-03:00,0.0,0.0,0.0,-1.477
2020-06-13 08:00:00-03:00,0.0,0.0,0.0,-1.546
2020-06-13 09:00:00-03:00,0.0,0.0,0.0,-1.592
2020-06-13 10:00:00-03:00,0.014,0.011,0.014,-1.482
2020-06-13 11:00:00-03:00,0.062,0.029,0.05,-1.145
2020-06-13 12:00:00-03:00,0.139,0.069,0.08700000000000001,-0.53
2020-06-13 13:00:00-03:00,0.343,0.265,0.10400000000000001,0.59
2020-06-13 14:00:00-03:00,0.442,0.394,0.08600000000000001,1.237
2020-06-13 15:00:00-03:00,0.371,0.329,0.07200000000000001,1.164
2020-06-13 16:00:00-03:00,0.177,0.152,0.044,0.016
2020-06-13 17:00:00-03:00,0.009000000000000001,0.015,0.005,-1.476
2020-06-13 18:00:00-03:00,0.0,0.0,0.0,-1.8210000000000002
2020-06-13 19:00:00-03:00,0.0,0.0,0.0,-1.841
2020-06-13 20:00:00-03:00,0.0,0.0,0.0,-2.048
2020-06-13 21:00:00-03:00,0.0,0.0,0.0,-2.45
2020-06-13 22:00:00-03:00,0.0,0.0,0.0,-2.4859999999999998
2020-06-13 23:00:00-03:00,0.0,0.0,0.0,-2.602
2020-06-14 00:00:00-03:00,0.0,0.0,0.0,-2.774
2020-06-14 01:00:00-03:00,0.0,0.0,0.0,-2.924
2020-06-14 02:00:00-03:00,0.0,0.0,0.0,-2.76
2020-06-14 03:00:00-03:00,0.0,0.0,0.0,-2.4050000000000002
2020-06-14 04:00:00-03:00,0.0,0.0,0.0,-2.049
2020-06-14 05:00:00-03:00,0.0,0.0,0.0,-1.704
2020-06-14 06:00:00-03:00,0.0,0.0,0.0,-1.3639999999999999
2020-06-14 07:00:00-03:00,0.0,0.0,0.0,-1.08
2020-06-14 08:00:00-03:00,0.0,0.0,0.0,-0.898
2020-06-14 09:00:00-03:00,0.0,0.0,0.0,-0.8170000000000001
2020-06-14 10:00:00-03:00,0.0,0.001,0.005,-0.777
2020-06-14 11:00:00-03:00,0.012,0.002,0.021,-0.606
2020-06-14 12:00:00-03:00,0.038,0.006,0.048,-0.264
2020-06-14 13:00:00-03:00,0.083,0.017,0.083,0.257
2020-06-14 14:00:00-03:00,0.11,0.034,0.094,0.6980000000000001
2020-06-14 15:00:00-03:00,0.091,0.037,0.073,0.865
2020-06-14 16:00:00-03:00,0.046,0.025,0.037,0.40800000000000003
2020-06-14 17:00:00-03:00,0.0,0.003,0.003,-0.66
2020-06-14 18:00:00-03:00,0.0,0.0,0.0,-1.089
2020-06-14 19:00:00-03:00,0.0,0.0,0.0,-0.8
2020-06-14 20:00:00-03:00,0.0,0.0,0.0,-0.5760000000000001
2020-06-14 21:00:00-03:00,0.0,0.0,0.0,-0.431
2020-06-14 22:00:00-03:00,0.0,0.0,0.0,-0.329
2020-06-14 23:00:00-03:00,0.0,0.0,0.0,-0.229
2020-06-15 00:00:00-03:00,0.0,0.0,0.0,-0.441
2020-06-15 01:00:00-03:00,0.0,0.0,0.0,-0.442
2020-06-15 02:00:00-03:00,0.0,0.0,0.0,-0.14200000000000002
2020-06-15 03:00:00-03:00,0.0,0.0,0.0,0.129
2020-06-15 04:00:00-03:00,0.0,0.0,0.0,0.136
2020-06-15 05:00:00-03:00,0.0,0.0,0.0,-0.114
2020-06-15 06:00:00-03:00,0.0,0.0,0.0,-0.553
2020-06-15 07:00:00-03:00,0.0,0.0,0.0,-1.105
2020-06-15 08:00:00-03:00,0.0,0.0,0.0,-1.079
2020-06-15 09:00:00-03:00,0.0,0.0,0.0,-0.789
2020-06-15 10:00:00-03:00,0.096,0.091,0.022,-0.391
2020-06-15 11:00:00-03:00,0.305,0.272,0.058,1.078
2020-06-15 12:00:00-03:00,0.443,0.40900000000000003,0.073,1.992
2020-06-15 13:00:00-03:00,0.467,0.429,0.081,2.425
2020-06-15 14:00:00-03:00,0.425,0.379,0.084,2.652
2020-06-15 15:00:00-03:00,0.23700000000000002,0.183,0.077,2.284
2020-06-15 16:00:00-03:00,0.088,0.067,0.039,1.059
2020-06-15 17:00:00-03:00,0.004,0.009000000000000001,0.004,-0.254
2020-06-15 18:00:00-03:00,0.0,0.0,0.0,-0.442
2020-06-15 19:00:00-03:00,0.0,0.0,0.0,-0.214
2020-06-15 20:00:00-03:00,0.0,0.0,0.0,-0.011
2020-06-15 21:00:00-03:00,0.0,0.0,0.0,-0.041
2020-06-15 22:00:00-03:00,0.0,0.0,0.0,-0.111
2020-06-15 23:00:00-03:00,0.0,0.0,0.0,0.019
2020-06-16 00:00:00-03:00,0.0,0.0,0.0,0.079
2020-06-16 01:00:00-03:00,0.0,0.0,0.0,-0.371
2020-06-16 02:00:00-03:00,0.0,0.0,0.0,-1.267
2020-06-16 03:00:00-03:00,0.0,0.0,0.0,-1.373
2020-06-16 04:00:00-03:00,0.0,0.0,0.0,-0.5630000000000001
2020-06-16 05:00:00-03:00,0.0,0.0,0.0,0.23600000000000002
2020-06-16 06:00:00-03:00,0.0,0.0,0.0,0.405
2020-06-16 07:00:00-03:00,0.0,0.0,0.0,0.394
2020-06-16 08:00:00-03:00,0.0,0.0,0.0,0.229
2020-06-16 09:00:00-03:00,0.0,0.0,0.0,-0.10300000000000001
2020-06-16 10:00:00-03:00,0.013000000000000001,0.011,0.014,-0.258
2020-06-16 11:00:00-03:00,0.085,0.047,0.055,-0.004
2020-06-16 12:00:00-03:00,0.194,0.122,0.092,0.321
2020-06-16 13:00:00-03:00,0.354,0.281,0.1,0.876
2020-06-16 14:00:00-03:00,0.425,0.374,0.08600000000000001,1.204
2020-06-16 15:00:00-03:00,0.353,0.309,0.07200000000000001,1.12
2020-06-16 16:00:00-03:00,0.183,0.158,0.043000000000000003,-0.091
2020-06-16 17:00:00-03:00,0.008,0.014,0.004,-1.846
2020-06-16 18:00:00-03:00,0.0,0.0,0.0,-2.17
2020-06-16 19:00:00-03:00,0.0,0.0,0.0,-2.224
2020-06-16 20:00:00-03:00,0.0,0.0,0.0,-2.21
2020-06-16 21:00:00-03:00,0.0,0.0,0.0,-1.99
2020-06-16 22:00:00-03:00,0.0,0.0,0.0,-1.7069999999999999
2020-06-16 23:00:00-03:00,0.0,0.0,0.0,-1.6
2020-06-17 00:00:00-03:00,0.0,0.0,0.0,-1.359
2020-06-17 01:00:00-03:00,0.0,0.0,0.0,-1.043
2020-06-17 02:00:00-03:00,0.0,0.0,0.0,-0.892
2020-06-17 03:00:00-03:00,0.0,0.0,0.0,-0.909
2020-06-17 04:00:00-03:00,0.0,0.0,0.0,-1.197
2020-06-17 05:00:00-03:00,0.0,0.0,0.0,-1.596
2020-06-17 06:00:00-03:00,0.0,0.0,0.0,-1.9729999999999999
2020-06-17 07:00:00-03:00,0.0,0.0,0.0,-2.39
2020-06-17 08:00:00-03:00,0.0,0.0,0.0,-2.758
2020-06-17 09:00:00-03:00,0.0,0.0,0.0,-3.079
2020-06-17 10:00:00-03:00,0.059000000000000004,0.055,0.02,-2.965
2020-06-17 11:00:00-03:00,0.201,0.158,0.061,-2.031
2020-06-17 12:00:00-03:00,0.328,0.267,0.084,-1.082
2020-06-17 13:00:00-03:00,0.418,0.363,0.08700000000000001,-0.17
2020-06-17 14:00:00-03:00,0.526,0.507,0.068,0.753
2020-06-17 15:00:00-03:00,0.46,0.441,0.059000000000000004,0.884
2020-06-17 16:00:00-03:00,0.303,0.28600000000000003,0.039,-0.547
2020-06-17 17:00:00-03:00,0.023,0.032,0.005,-2.646
2020-06-17 18:00:00-03:00,0.0,0.0,0.0,-3.3890000000000002
2020-06-17 19:00:00-03:00,0.0,0.0,0.0,-3.592
2020-06-17 20:00:00-03:00,0.0,0.0,0.0,-3.874
2020-06-17 21:00:00-03:00,0.0,0.0,0.0,-3.91
2020-06-17 22:00:00-03:00,0.0,0.0,0.0,-3.8970000000000002
2020-06-17 23:00:00-03:00,0.0,0.0,0.0,-3.9619999999999997
2020-06-18 00:00:00-03:00,0.0,0.0,0.0,-4.092
2020-06-18 01:00:00-03:00,0.0,0.0,0.0,-4.091
2020-06-18 02:00:00-03:00,0.0,0.0,0.0,-4.111
2020-06-18 03:00:00-03:00,0.0,0.0,0.0,-4.225
2020-06-18 04:00:00-03:00,0.0,0.0,0.0,-4.418
2020-06-18 05:00:00-03:00,0.0,0.0,0.0,-4.704
2020-06-18 06:00:00-03:00,0.0,0.0,0.0,-4.771
2020-06-18 07:00:00-03:00,0.0,0.0,0.0,-4.652
2020-06-18 08:00:00-03:00,0.0,0.0,0.0,-4.491
2020-06-18 09:00:00-03:00,0.0,0.0,0.0,-4.18
2020-06-18 10:00:00-03:00,0.007,0.005,0.012,-3.613
2020-06-18 11:00:00-03:00,0.031,0.008,0.037,-2.688
2020-06-18 12:00:00-03:00,0.058,0.011,0.063,-1.6179999999999999
2020-06-18 13:00:00-03:00,0.08,0.016,0.082,-0.65
2020-06-18 14:00:00-03:00,0.07100000000000001,0.013000000000000001,0.075,-0.067
2020-06-18 15:00:00-03:00,0.029,0.005,0.038,0.023
2020-06-18 16:00:00-03:00,0.006,0.002,0.014,-0.113
2020-06-18 17:00:00-03:00,0.0,0.0,0.001,-0.359
2020-06-18 18:00:00-03:00,0.0,0.0,0.0,-0.578
2020-06-18 19:00:00-03:00,0.0,0.0,0.0,-0.8250000000000001
2020-06-18 20:00:00-03:00,0.0,0.0,0.0,-1.107
2020-06-18 21:00:00-03:00,0.0,0.0,0.0,-1.5
2020-06-18 22:00:00-03:00,0.0,0.0,0.0,-1.949
2020-06-18 23:00:00-03:00,0.0,0.0,0.0,-2.242
2020-06-19 00:00:00-03:00,0.0,0.0,0.0,-2.4
2020-06-19 01:00:00-03:00,0.0,0.0,0.0,-2.544
2020-06-19 02:00:00-03:00,0.0,0.0,0.0,-2.61
2020-06-19 03:00:00-03:00,0.0,0.0,0.0,-2.497
2020-06-19 04:00:00-03:00,0.0,0.0,0.0,-2.326
2020-06-19 05:00:00-03:00,0.0,0.0,0.0,-2.39
2020-06-19 06:00:00-03:00,0.0,0.0,0.0,-2.175
2020-06-19 07:00:00-03:00,0.0,0.0,0.0,-1.71
2020-06-19 08:00:00-03:00,0.0,0.0,0.0,-1.566
2020-06-19 09:00:00-03:00,0.0,0.0,0.0,-1.639
2020-06-19 10:00:00-03:00,0.024,0.02,0.017,-0.613
2020-06-19 11:00:00-03:00,0.07200000000000001,0.036000000000000004,0.054,1.135
2020-06-19 12:00:00-03:00,0.12,0.053,0.08700000000000001,1.897
2020-06-19 13:00:00-03:00,0.14300000000000002,0.06,0.10300000000000001,2.329
2020-06-19 14:00:00-03:00,0.153,0.07100000000000001,0.10200000000000001,2.425
2020-06-19 15:00:00-03:00,0.091,0.04,0.07,2.21
2020-06-19 16:00:00-03:00,0.034,0.019,0.031,1.742
2020-06-19 17:00:00-03:00,0.001,0.004,0.003,0.871
2020-06-19 18:00:00-03:00,0.0,0.0,0.0,0.083
2020-06-19 19:00:00-03:00,0.0,0.0,0.0,-0.495
2020-06-19 20:00:00-03:00,0.0,0.0,0.0,-0.579
2020-06-19 21:00:00-03:00,0.0,0.0,0.0,-0.5720000000000001
2020-06-19 22:00:00-03:00,0.0,0.0,0.0,-0.64
2020-06-19 23:00:00-03:00,0.0,0.0,0.0,-0.845
2020-06-20 00:00:00-03:00,0.0,0.0,0.0,-1.071
2020-06-20 01:00:00-03:00,0.0,0.0,0.0,-1.389
2020-06-20 02:00:00-03:00,0.0,0.0,0.0,-1.325
2020-06-20 03:00:00-03:00,0.0,0.0,0.0,-0.983
2020-06-20 04:00:00-03:00,0.0,0.0,0.0,-0.973
2020-06-20 05:00:00-03:00,0.0,0.0,0.0,-1.544
2020-06-20 06:00:00-03:00,0.0,0.0,0.0,-1.6960000000000002
2020-06-20 07:00:00-03:00,0.0,0.0,0.0,-1.509
2020-06-20 08:00:00-03:00,0.0,0.0,0.0,-1.186
2020-06-20 09:00:00-03:00,0.0,0.0,0.0,-1.17
2020-06-20 10:00:00-03:00,0.008,0.007,0.012,-1.11
2020-06-20 11:00:00-03:00,0.06,0.025,0.051000000000000004,-0.491
2020-06-20 12:00:00-03:00,0.098,0.034,0.082,0.40800000000000003
2020-06-20 13:00:00-03:00,0.098,0.027,0.09,0.9420000000000001
2020-06-20 14:00:00-03:00,0.078,0.018000000000000002,0.078,1.211
2020-06-20 15:00:00-03:00,0.042,0.01,0.048,1.203
2020-06-20 16:00:00-03:00,0.026000000000000002,0.012,0.029,0.81
2020-06-20 17:00:00-03:00,0.001,0.004,0.003,0.14400000000000002
2020-06-20 18:00:00-03:00,0.0,0.0,0.0,0.886
2020-06-20 19:00:00-03:00,0.0,0.0,0.0,1.548
2020-06-20 20:00:00-03:00,0.0,0.0,0.0,1.441
2020-06-20 21:00:00-03:00,0.0,0.0,0.0,0.918
2020-06-20 22:00:00-03:00,0.0,0.0,0.0,0.677
2020-06-20 23:00:00-03:00,0.0,0.0,0.0,0.895
2020-06-21 00:00:00-03:00,0.0,0.0,0.0,1.158
2020-06-21 01:00:00-03:00,0.0,0.0,0.0,1.533
2020-06-21 02:00:00-03:00,0.0,0.0,0.0,1.354
2020-06-21 03:00:00-03:00,0.0,0.0,0.0,1.163
2020-06-21 04:00:00-03:00,0.0,0.0,0.0,1.1440000000000001
2020-06-21 05:00:00-03:00,0.0,0.0,0.0,1.118
2020-06-21 06:00:00-03:00,0.0,0.0,0.0,1.043
2020-06-21 07:00:00-03:00,0.0,0.0,0.0,1.015
2020-06-21 08:00:00-03:00,0.0,0.0,0.0,1.031
2020-06-21 09:00:00-03:00,0.0,0.0,0.0,1.057
2020-06-21 10:00:00-03:00,0.004,0.004,0.009000000000000001,1.221
2020-06-21 11:00:00-03:00,0.044,0.016,0.044,1.7149999999999999
2020-06-21 12:00:00-03:00,0.10300000000000001,0.04,0.082,2.257
2020-06-21 13:00:00-03:00,0.152,0.067,0.106,2.625
2020-06-21 14:00:00-03:00,0.164,0.082,0.10200000000000001,2.765
2020-06-21 15:00:00-03:00,0.168,0.108,0.081,2.482
2020-06-21 16:00:00-03:00,0.10300000000000001,0.079,0.043000000000000003,1.308
2020-06-21 17:00:00-03:00,0.003,0.008,0.004,-0.232
2020-06-21 18:00:00-03:00,0.0,0.0,0.0,-0.547
2020-06-21 19:00:00-03:00,0.0,0.0,0.0,-0.458
2020-06-21 20:00:00-03:00,0.0,0.0,0.0,-0.457
2020-06-21 21:00:00-03:00,0.0,0.0,0.0,-0.519
2020-06-21 22:00:00-03:00,0.0,0.0,0.0,-0.616
2020-06-21 23:00:00-03:00,0.0,0.0,0.0,-0.845
2020-06-22 00:00:00-03:00,0.0,0.0,0.0,-1.24
2020-06-22 01:00:00-03:00,0.0,0.0,0.0,-1.526
2020-06-22 02:00:00-03:00,0.0,0.0,0.0,-0.919
2020-06-22 03:00:00-03:00,0.0,0.0,0.0,-0.503
2020-06-22 04:00:00-03:00,0.0,0.0,0.0,-0.626
2020-06-22 05:00:00-03:00,0.0,0.0,0.0,-0.908
2020-06-22 06:00:00-03:00,0.0,0.0,0.0,-1.156
2020-06-22 07:00:00-03:00,0.0,0.0,0.0,-1.4100000000000001
2020-06-22 08:00:00-03:00,0.0,0.0,0.0,-1.126
2020-06-22 09:00:00-03:00,0.0,0.0,0.0,-0.634
2020-06-22 10:00:00-03:00,0.002,0.002,0.008,0.08
2020-06-22 11:00:00-03:00,0.015,0.002,0.024,0.857
2020-06-22 12:00:00-03:00,0.018000000000000002,0.002,0.029,1.45
2020-06-22 13:00:00-03:00,0.017,0.001,0.028,1.811
2020-06-22 14:00:00-03:00,0.014,0.001,0.026000000000000002,1.9340000000000002
2020-06-22 15:00:00-03:00,0.007,0.001,0.016,1.959
2020-06-22 16:00:00-03:00,0.0,0.0,0.006,1.786
2020-06-22 17:00:00-03:00,0.0,0.0,0.0,1.475
2020-06-22 18:00:00-03:00,0.0,0.0,0.0,1.369
2020-06-22 19:00:00-03:00,0.0,0.0,0.0,1.08
2020-06-22 20:00:00-03:00,0.0,0.0,0.0,0.9430000000000001
2020-06-22 21:00:00-03:00,0.0,0.0,0.0,0.962
2020-06-22 22:00:00-03:00,0.0,0.0,0.0,1.005
2020-06-22 23:00:00-03:00,0.0,0.0,0.0,1.063
2020-06-23 00:00:00-03:00,0.0,0.0,0.0,1.061
2020-06-23 01:00:00-03:00,0.0,0.0,0.0,0.988
2020-06-23 02:00:00-03:00,0.0,0.0,0.0,0.984
2020-06-23 03:00:00-03:00,0.0,0.0,0.0,0.99
2020-06-23 04:00:00-03:00,0.0,0.0,0.0,1.032
2020-06-23 05:00:00-03:00,0.0,0.0,0.0,1.103
2020-06-23 06:00:00-03:00,0.0,0.0,0.0,1.178
2020-06-23 07:00:00-03:00,0.0,0.0,0.0,1.208
2020-06-23 08:00:00-03:00,0.0,0.0,0.0,1.112
2020-06-23 09:00:00-03:00,0.0,0.0,0.0,0.965
2020-06-23 10:00:00-03:00,0.007,0.006,0.011,0.863
2020-06-23 11:00:00-03:00,0.054,0.023,0.047,1.074
2020-06-23 12:00:00-03:00,0.108,0.045,0.082,1.483
2020-06-23 13:00:00-03:00,0.199,0.111,0.109,1.806
2020-06-23 14:00:00-03:00,0.265,0.184,0.10400000000000001,1.861
2020-06-23 15:00:00-03:00,0.253,0.196,0.079,1.5939999999999999
2020-06-23 16:00:00-03:00,0.191,0.167,0.044,0.804
2020-06-23 17:00:00-03:00,0.011,0.017,0.005,-0.724
2020-06-23 18:00:00-03:00,0.0,0.0,0.0,-1.703
2020-06-23 19:00:00-03:00,0.0,0.0,0.0,-2.143
2020-06-23 20:00:00-03:00,0.0,0.0,0.0,-2.2439999999999998
2020-06-23 21:00:00-03:00,0.0,0.0,0.0,-2.192
2020-06-23 22:00:00-03:00,0.0,0.0,0.0,-2.0
2020-06-23 23:00:00-03:00,0.0,0.0,0.0,-1.8
2020-06-24 00:00:00-03:00,0.0,0.0,0.0,-1.453
2020-06-24 01:00:00-03:00,0.0,0.0,0.0,-1.395
2020-06-24 02:00:00-03:00,0.0,0.0,0.0,-1.466
2020-06-24 03:00:00-03:00,0.0,0.0,0.0,-1.596
2020-06-24 04:00:00-03:00,0.0,0.0,0.0,-1.76
2020-06-24 05:00:00-03:00,0.0,0.0,0.0,-1.8719999999999999
2020-06-24 06:00:00-03:00,0.0,0.0,0.0,-1.7730000000000001
2020-06-24 07:00:00-03:00,0.0,0.0,0.0,-1.779
2020-06-24 08:00:00-03:00,0.0,0.0,0.0,-1.593
2020-06-24 09:00:00-03:00,0.0,0.0,0.0,-1.388
2020-06-24 10:00:00-03:00,0.015,0.011,0.016,-1.036
2020-06-24 11:00:00-03:00,0.024,0.006,0.032,-0.462
2020-06-24 12:00:00-03:00,0.038,0.005,0.048,-0.047
2020-06-24 13:00:00-03:00,0.048,0.006,0.059000000000000004,0.305
2020-06-24 14:00:00-03:00,0.041,0.005,0.052000000000000005,0.443
2020-06-24 15:00:00-03:00,0.023,0.003,0.034,0.47600000000000003
2020-06-24 16:00:00-03:00,0.006,0.002,0.014,0.47900000000000004
2020-06-24 17:00:00-03:00,0.0,0.0,0.001,0.61
2020-06-24 18:00:00-03:00,0.0,0.0,0.0,0.71
2020-06-24 19:00:00-03:00,0.0,0.0,0.0,0.662
2020-06-24 20:00:00-03:00,0.0,0.0,0.0,0.546
2020-06-24 21:00:00-03:00,0.0,0.0,0.0,0.366
2020-06-24 22:00:00-03:00,0.0,0.0,0.0,0.179
2020-06-24 23:00:00-03:00,0.0,0.0,0.0,-0.062
2020-06-25 00:00:00-03:00,0.0,0.0,0.0,-0.422
2020-06-25 01:00:00-03:00,0.0,0.0,0.0,-0.926
2020-06-25 02:00:00-03:00,0.0,0.0,0.0,-1.5
2020-06-25 03:00:00-03:00,0.0,0.0,0.0,-1.874
2020-06-25 04:00:00-03:00,0.0,0.0,0.0,-2.159
2020-06-25 05:00:00-03:00,0.0,0.0,0.0,-2.355
2020-06-25 06:00:00-03:00,0.0,0.0,0.0,-2.455
2020-06-25 07:00:00-03:00,0.0,0.0,0.0,-2.526
2020-06-25 08:00:00-03:00,0.0,0.0,0.0,-2.604
2020-06-25 09:00:00-03:00,0.0,0.0,0.0,-2.726
2020-06-25 10:00:00-03:00,0.025,0.022,0.017,-2.555
2020-06-25 11:00:00-03:00,0.1,0.059000000000000004,0.058,-1.778
2020-06-25 12:00:00-03:00,0.179,0.10400000000000001,0.093,-0.969
2020-06-25 13:00:00-03:00,0.228,0.14,0.108,-0.017
2020-06-25 14:00:00-03:00,0.315,0.23800000000000002,0.10200000000000001,0.596
2020-06-25 15:00:00-03:00,0.202,0.14200000000000002,0.08,0.725
2020-06-25 16:00:00-03:00,0.093,0.069,0.041,-0.15
2020-06-25 17:00:00-03:00,0.003,0.007,0.004,-1.681
2020-06-25 18:00:00-03:00,0.0,0.0,0.0,-2.259
2020-06-25 19:00:00-03:00,0.0,0.0,0.0,-2.573
2020-06-25 20:00:00-03:00,0.0,0.0,0.0,-2.784
2020-06-25 21:00:00-03:00,0.0,0.0,0.0,-3.012
2020-06-25 22:00:00-03:00,0.0,0.0,0.0,-3.212
2020-06-25 23:00:00-03:00,0.0,0.0,0.0,-3.421
2020-06-26 00:00:00-03:00,0.0,0.0,0.0,-3.4939999999999998
2020-06-26 01:00:00-03:00,0.0,0.0,0.0,-3.536
2020-06-26 02:00:00-03:00,0.0,0.0,0.0,-3.52
2020-06-26 03:00:00-03:00,0.0,0.0,0.0,-3.469
2020-06-26 04:00:00-03:00,0.0,0.0,0.0,-3.489
2020-06-26 05:00:00-03:00,0.0,0.0,0.0,-3.719
2020-06-26 06:00:00-03:00,0.0,0.0,0.0,-3.964
2020-06-26 07:00:00-03:00,0.0,0.0,0.0,-4.203
2020-06-26 08:00:00-03:00,0.0,0.0,0.0,-4.337
2020-06-26 09:00:00-03:00,0.0,0.0,0.0,-4.469
2020-06-26 10:00:00-03:00,0.058,0.054,0.02,-4.344
2020-06-26 11:00:00-03:00,0.214,0.171,0.06,-3.378
2020-06-26 12:00:00-03:00,0.382,0.329,0.078,-2.129
2020-06-26 13:00:00-03:00,0.541,0.52,0.068,-0.961
2020-06-26 14:00:00-03:00,0.578,0.5760000000000001,0.058,-0.198
2020-06-26 15:00:00-03:00,0.508,0.498,0.053,-0.197
2020-06-26 16:00:00-03:00,0.325,0.31,0.038,-1.514
2020-06-26 17:00:00-03:00,0.026000000000000002,0.034,0.005,-3.664
2020-06-26 18:00:00-03:00,0.0,0.0,0.0,-4.779
2020-06-26 19:00:00-03:00,0.0,0.0,0.0,-5.418
2020-06-26 20:00:00-03:00,0.0,0.0,0.0,-5.819
2020-06-26 21:00:00-03:00,0.0,0.0,0.0,-6.09
2020-06-26 22:00:00-03:00,0.0,0.0,0.0,-6.244
2020-06-26 23:00:00-03:00,0.0,0.0,0.0,-6.027
2020-06-27 00:00:00-03:00,0.0,0.0,0.0,-5.22
2020-06-27 01:00:00-03:00,0.0,0.0,0.0,-4.725
2020-06-27 02:00:00-03:00,0.0,0.0,0.0,-4.418
2020-06-27 03:00:00-03:00,0.0,0.0,0.0,-3.882
2020-06-27 04:00:00-03:00,0.0,0.0,0.0,-3.283
2020-06-27 05:00:00-03:00,0.0,0.0,0.0,-2.844
2020-06-27 06:00:00-03:00,0.0,0.0,0.0,-2.623
2020-06-27 07:00:00-03:00,0.0,0.0,0.0,-2.784
2020-06-27 08:00:00-03:00,0.0,0.0,0.0,-3.172
2020-06-27 09:00:00-03:00,0.0,0.0,0.0,-3.532
2020-06-27 10:00:00-03:00,0.099,0.093,0.022,-3.192
2020-06-27 11:00:00-03:00,0.264,0.225,0.058,-1.819
2020-06-27 12:00:00-03:00,0.489,0.463,0.066,-0.47200000000000003
2020-06-27 13:00:00-03:00,0.5740000000000001,0.5700000000000001,0.061,0.5
2020-06-27 14:00:00-03:00,0.561,0.558,0.059000000000000004,1.108
2020-06-27 15:00:00-03:00,0.47900000000000004,0.466,0.055,1.046
2020-06-27 16:00:00-03:00,0.295,0.278,0.039,-0.453
2020-06-27 17:00:00-03:00,0.022,0.03,0.005,-2.411
2020-06-27 18:00:00-03:00,0.0,0.0,0.0,-3.326
2020-06-27 19:00:00-03:00,0.0,0.0,0.0,-3.786
2020-06-27 20:00:00-03:00,0.0,0.0,0.0,-3.737
2020-06-27 21:00:00-03:00,0.0,0.0,0.0,-3.5140000000000002
2020-06-27 22:00:00-03:00,0.0,0.0,0.0,-3.6
2020-06-27 23:00:00-03:00,0.0,0.0,0.0,-4.046
2020-06-28 00:00:00-03:00,0.0,0.0,0.0,-4.525
2020-06-28 01:00:00-03:00,0.0,0.0,0.0,-4.933
2020-06-28 02:00:00-03:00,0.0,0.0,0.0,-5.311
2020-06-28 03:00:00-03:00,0.0,0.0,0.0,-5.656
2020-06-28 04:00:00-03:00,0.0,0.0,0.0,-5.961
2020-06-28 05:00:00-03:00,0.0,0.0,0.0,-6.28
2020-06-28 06:00:00-03:00,0.0,0.0,0.0,-6.596
2020-06-28 07:00:00-03:00,0.0,0.0,0.0,-6.96
2020-06-28 08:00:00-03:00,0.0,0.0,0.0,-7.442
2020-06-28 09:00:00-03:00,0.0,0.0,0.0,-8.073
2020-06-28 10:00:00-03:00,0.131,0.122,0.022,-8.482
2020-06-28 11:00:00-03:00,0.376,0.337,0.052000000000000005,-7.812
2020-06-28 12:00:00-03:00,0.598,0.585,0.052000000000000005,-6.536
2020-06-28 13:00:00-03:00,0.661,0.668,0.048,-5.322
2020-06-28 14:00:00-03:00,0.642,0.65,0.047,-4.225
2020-06-28 15:00:00-03:00,0.5650000000000001,0.561,0.046,-3.883
2020-06-28 16:00:00-03:00,0.381,0.366,0.035,-4.668
2020-06-28 17:00:00-03:00,0.038,0.047,0.005,-6.7059999999999995
2020-06-28 18:00:00-03:00,0.0,0.0,0.0,-7.91
2020-06-28 19:00:00-03:00,0.0,0.0,0.0,-8.605
2020-06-28 20:00:00-03:00,0.0,0.0,0.0,-9.283
2020-06-28 21:00:00-03:00,0.0,0.0,0.0,-9.932
2020-06-28 22:00:00-03:00,0.0,0.0,0.0,-10.489
2020-06-28 23:00:00-03:00,0.0,0.0,0.0,-10.94
2020-06-29 00:00:00-03:00,0.0,0.0,0.0,-11.32
2020-06-29 01:00:00-03:00,0.0,0.0,0.0,-11.633
2020-06-29 02:00:00-03:00,0.0,0.0,0.0,-11.939
2020-06-29 03:00:00-03:00,0.0,0.0,0.0,-12.058
2020-06-29 04:00:00-03:00,0.0,0.0,0.0,-11.974
2020-06-29 05:00:00-03:00,0.0,0.0,0.0,-11.816
2020-06-29 06:00:00-03:00,0.0,0.0,0.0,-11.586
2020-06-29 07:00:00-03:00,0.0,0.0,0.0,-11.525
2020-06-29 08:00:00-03:00,0.0,0.0,0.0,-11.517
2020-06-29 09:00:00-03:00,0.0,0.0,0.0,-11.543
2020-06-29 10:00:00-03:00,0.181,0.168,0.022,-11.284
2020-06-29 11:00:00-03:00,0.463,0.43,0.047,-9.858
2020-06-29 12:00:00-03:00,0.635,0.628,0.047,-8.031
2020-06-29 13:00:00-03:00,0.672,0.679,0.046,-6.521
2020-06-29 14:00:00-03:00,0.659,0.671,0.044,-5.011
2020-06-29 15:00:00-03:00,0.589,0.59,0.043000000000000003,-4.409
2020-06-29 16:00:00-03:00,0.40900000000000003,0.396,0.033,-5.195
2020-06-29 17:00:00-03:00,0.046,0.055,0.005,-7.329
2020-06-29 18:00:00-03:00,0.0,0.0,0.0,-8.377
2020-06-29 19:00:00-03:00,0.0,0.0,0.0,-8.755
2020-06-29 20:00:00-03:00,0.0,0.0,0.0,-8.969
2020-06-29 21:00:00-03:00,0.0,0.0,0.0,-9.117
2020-06-29 22:00:00-03:00,0.0,0.0,0.0,-9.178
2020-06-29 23:00:00-03:00,0.0,0.0,0.0,-9.027
2020-06-30 00:00:00-03:00,0.0,0.0,0.0,-8.8
2020-06-30 01:00:00-03:00,0.0,0.0,0.0,-8.618
2020-06-30 02:00:00-03:00,0.0,0.0,0.0,-8.613
2020-06-30 03:00:00-03:00,0.0,0.0,0.0,-8.713
2020-06-30 04:00:00-03:00,0.0,0.0,0.0,-8.734
2020-06-30 05:00:00-03:00,0.0,0.0,0.0,-8.733
2020-06-30 06:00:00-03:00,0.0,0.0,0.0,-8.598
2020-06-30 07:00:00-03:00,0.0,0.0,0.0,-8.571
2020-06-30 08:00:00-03:00,0.0,0.0,0.0,-8.605
2020-06-30 09:00:00-03:00,0.0,0.0,0.0,-8.585
2020-06-30 10:00:00-03:00,0.16,0.15,0.023,-8.085
2020-06-30 11:00:00-03:00,0.421,0.39,0.05,-6.338
2020-06-30 12:00:00-03:00,0.612,0.609,0.05,-4.79
2020-06-30 13:00:00-03:00,0.641,0.649,0.05,-3.236
2020-06-30 14:00:00-03:00,0.62,0.628,0.05,-2.146
2020-06-30 15:00:00-03:00,0.545,0.541,0.048,-1.816
2020-06-30 16:00:00-03:00,0.366,0.353,0.036000000000000004,-2.598
2020-06-30 17:00:00-03:00,0.04,0.049,0.006,-4.849
2020-06-30 18:00:00-03:00,0.0,0.0,0.0,-5.946
2020-06-30 19:00:00-03:00,0.0,0.0,0.0,-5.92
2020-06-30 20:00:00-03:00,0.0,0.0,0.0,-5.636
2020-06-30 21:00:00-03:00,0.0,0.0,0.0,-5.646
2020-06-30 22:00:00-03:00,0.0,0.0,0.0,-5.9510000000000005
2020-06-30 23:00:00-03:00,0.0,0.0,0.0,-6.303
2020-07-01 00:00:00-03:00,0.0,0.0,0.0,-6.57
2020-07-01 01:00:00-03:00,0.0,0.0,0.0,-6.632
2020-07-01 02:00:00-03:00,0.0,0.0,0.0,-6.625
2020-07-01 03:00:00-03:00,0.0,0.0,0.0,-6.6129999999999995
2020-07-01 04:00:00-03:00,0.0,0.0,0.0,-6.61
2020-07-01 05:00:00-03:00,0.0,0.0,0.0,-6.636
2020-07-01 06:00:00-03:00,0.0,0.0,0.0,-6.611
2020-07-01 07:00:00-03:00,0.0,0.0,0.0,-6.558
2020-07-01 08:00:00-03:00,0.0,0.0,0.0,-6.494
2020-07-01 09:00:00-03:00,0.0,0.0,0.0,-6.338
2020-07-01 10:00:00-03:00,0.069,0.062,0.022,-5.849
2020-07-01 11:00:00-03:00,0.198,0.151,0.062,-4.78
2020-07-01 12:00:00-03:00,0.318,0.249,0.088,-3.731
2020-07-01 13:00:00-03:00,0.383,0.311,0.095,-2.721
2020-07-01 14:00:00-03:00,0.422,0.366,0.085,-1.824
2020-07-01 15:00:00-03:00,0.40700000000000003,0.369,0.066,-1.338
2020-07-01 16:00:00-03:00,0.298,0.277,0.041,-1.8
2020-07-01 17:00:00-03:00,0.03,0.038,0.006,-3.5
2020-07-01 18:00:00-03:00,0.0,0.0,0.0,-4.224
2020-07-01 19:00:00-03:00,0.0,0.0,0.0,-4.237
2020-07-01 20:00:00-03:00,0.0,0.0,0.0,-4.271
2020-07-01 21:00:00-03:00,0.0,0.0,0.0,-4.484
2020-07-01 22:00:00-03:00,0.0,0.0,0.0,-4.713
2020-07-01 23:00:00-03:00,0.0,0.0,0.0,-4.822
2020-07-02 00:00:00-03:00,0.0,0.0,0.0,-4.786
2020-07-02 01:00:00-03:00,0.0,0.0,0.0,-4.769
2020-07-02 02:00:00-03:00,0.0,0.0,0.0,-4.793
2020-07-02 03:00:00-03:00,0.0,0.0,0.0,-4.827
2020-07-02 04:00:00-03:00,0.0,0.0,0.0,-4.854
2020-07-02 05:00:00-03:00,0.0,0.0,0.0,-4.9030000000000005
2020-07-02 06:00:00-03:00,0.0,0.0,0.0,-4.97
2020-07-02 07:00:00-03:00,0.0,0.0,0.0,-5.025
2020-07-02 08:00:00-03:00,0.0,0.0,0.0,-5.09
2020-07-02 09:00:00-03:00,0.0,0.0,0.0,-5.149
2020-07-02 10:00:00-03:00,0.022,0.017,0.018000000000000002,-4.894
2020-07-02 11:00:00-03:00,0.067,0.029,0.053,-4.156
2020-07-02 12:00:00-03:00,0.108,0.04,0.084,-3.484
2020-07-02 13:00:00-03:00,0.13,0.045,0.101,-2.856
2020-07-02 14:00:00-03:00,0.125,0.045,0.097,-2.308
2020-07-02 15:00:00-03:00,0.094,0.039,0.07200000000000001,-1.935
2020-07-02 16:00:00-03:00,0.051000000000000004,0.029,0.038,-2.129
2020-07-02 17:00:00-03:00,0.004,0.007,0.005,-2.839
2020-07-02 18:00:00-03:00,0.0,0.0,0.0,-3.309
2020-07-02 19:00:00-03:00,0.0,0.0,0.0,-3.357
2020-07-02 20:00:00-03:00,0.0,0.0,0.0,-3.322
2020-07-02 21:00:00-03:00,0.0,0.0,0.0,-3.374
2020-07-02 22:00:00-03:00,0.0,0.0,0.0,-3.588
2020-07-02 23:00:00-03:00,0.0,0.0,0.0,-3.819
2020-07-03 00:00:00-03:00,0.0,0.0,0.0,-3.858
2020-07-03 01:00:00-03:00,0.0,0.0,0.0,-3.834
2020-07-03 02:00:00-03:00,0.0,0.0,0.0,-3.855
2020-07-03 03:00:00-03:00,0.0,0.0,0.0,-3.883
2020-07-03 04:00:00-03:00,0.0,0.0,0.0,-3.802
2020-07-03 05:00:00-03:00,0.0,0.0,0.0,-3.716
2020-07-03 06:00:00-03:00,0.0,0.0,0.0,-3.565
2020-07-03 07:00:00-03:00,0.0,0.0,0.0,-3.505
2020-07-03 08:00:00-03:00,0.0,0.0,0.0,-3.475
2020-07-03 09:00:00-03:00,0.0,0.0,0.0,-3.425
2020-07-03 10:00:00-03:00,0.01,0.007,0.014,-3.192
2020-07-03 11:00:00-03:00,0.049,0.017,0.047,-2.541
2020-07-03 12:00:00-03:00,0.096,0.03,0.082,-1.794
2020-07-03 13:00:00-03:00,0.113,0.033,0.098,-1.259
2020-07-03 14:00:00-03:00,0.10300000000000001,0.03,0.091,-0.738
2020-07-03 15:00:00-03:00,0.073,0.023,0.066,-0.47600000000000003
2020-07-03 16:00:00-03:00,0.03,0.013000000000000001,0.032,-0.636
2020-07-03 17:00:00-03:00,0.0,0.002,0.003,-1.168
2020-07-03 18:00:00-03:00,0.0,0.0,0.0,-1.263
2020-07-03 19:00:00-03:00,0.0,0.0,0.0,-1.2469999999999999
2020-07-03 20:00:00-03:00,0.0,0.0,0.0,-1.385
2020-07-03 21:00:00-03:00,0.0,0.0,0.0,-1.501
2020-07-03 22:00:00-03:00,0.0,0.0,0.0,-1.671
2020-07-03 23:00:00-03:00,0.0,0.0,0.0,-1.8980000000000001
2020-07-04 00:00:00-03:00,0.0,0.0,0.0,-2.133
2020-07-04 01:00:00-03:00,0.0,0.0,0.0,-2.351
2020-07-04 02:00:00-03:00,0.0,0.0,0.0,-2.55
2020-07-04 03:00:00-03:00,0.0,0.0,0.0,-2.727
2020-07-04 04:00:00-03:00,0.0,0.0,0.0,-2.935
2020-07-04 05:00:00-03:00,0.0,0.0,0.0,-3.137
2020-07-04 06:00:00-03:00,0.0,0.0,0.0,-3.25
2020-07-04 07:00:00-03:00,0.0,0.0,0.0,-3.333
2020-07-04 08:00:00-03:00,0.0,0.0,0.0,-3.422
2020-07-04 09:00:00-03:00,0.0,0.0,0.0,-3.528
2020-07-04 10:00:00-03:00,0.035,0.029,0.02,-3.282
2020-07-04 11:00:00-03:00,0.12,0.074,0.063,-2.203
2020-07-04 12:00:00-03:00,0.211,0.132,0.097,-1.334
2020-07-04 13:00:00-03:00,0.25,0.157,0.113,-0.47400000000000003
2020-07-04 14:00:00-03:00,0.229,0.14100000000000001,0.108,0.032
2020-07-04 15:00:00-03:00,0.177,0.113,0.083,0.054
2020-07-04 16:00:00-03:00,0.08700000000000001,0.061,0.044,-0.41500000000000004
2020-07-04 17:00:00-03:00,0.006,0.01,0.005,-1.679
2020-07-04 18:00:00-03:00,0.0,0.0,0.0,-2.589
2020-07-04 19:00:00-03:00,0.0,0.0,0.0,-3.03
2020-07-04 20:00:00-03:00,0.0,0.0,0.0,-3.429
2020-07-04 21:00:00-03:00,0.0,0.0,0.0,-3.883
2020-07-04 22:00:00-03:00,0.0,0.0,0.0,-4.493
2020-07-04 23:00:00-03:00,0.0,0.0,0.0,-5.082
2020-07-05 00:00:00-03:00,0.0,0.0,0.0,-5.591
2020-07-05 01:00:00-03:00,0.0,0.0,0.0,-6.236
2020-07-05 02:00:00-03:00,0.0,0.0,0.0,-6.896
2020-07-05 03:00:00-03:00,0.0,0.0,0.0,-7.495
2020-07-05 04:00:00-03:00,0.0,0.0,0.0,-7.904
2020-07-05 05:00:00-03:00,0.0,0.0,0.0,-8.172
2020-07-05 06:00:00-03:00,0.0,0.0,0.0,-8.332
2020-07-05 07:00:00-03:00,0.0,0.0,0.0,-8.478
2020-07-05 08:00:00-03:00,0.0,0.0,0.0,-8.664
2020-07-05 09:00:00-03:00,0.0,0.001,0.0,-8.835
2020-07-05 10:00:00-03:00,0.138,0.126,0.025,-8.478
2020-07-05 11:00:00-03:00,0.36,0.319,0.056,-6.781
2020-07-05 12:00:00-03:00,0.562,0.541,0.059000000000000004,-5.067
2020-07-05 13:00:00-03:00,0.657,0.665,0.05,-3.928
2020-07-05 14:00:00-03:00,0.639,0.649,0.049,-2.856
2020-07-05 15:00:00-03:00,0.5650000000000001,0.5630000000000001,0.048,-2.533
2020-07-05 16:00:00-03:00,0.387,0.372,0.037,-3.787
2020-07-05 17:00:00-03:00,0.053,0.062,0.007,-6.376
2020-07-05 18:00:00-03:00,0.0,0.0,0.0,-7.8469999999999995
2020-07-05 19:00:00-03:00,0.0,0.0,0.0,-8.512
2020-07-05 20:00:00-03:00,0.0,0.0,0.0,-9.023
2020-07-05 21:00:00-03:00,0.0,0.0,0.0,-9.333
2020-07-05 22:00:00-03:00,0.0,0.0,0.0,-9.491
2020-07-05 23:00:00-03:00,0.0,0.0,0.0,-9.381
2020-07-06 00:00:00-03:00,0.0,0.0,0.0,-9.347
2020-07-06 01:00:00-03:00,0.0,0.0,0.0,-9.506
2020-07-06 02:00:00-03:00,0.0,0.0,0.0,-9.707
2020-07-06 03:00:00-03:00,0.0,0.0,0.0,-9.895
2020-07-06 04:00:00-03:00,0.0,0.0,0.0,-10.011
2020-07-06 05:00:00-03:00,0.0,0.0,0.0,-10.083
2020-07-06 06:00:00-03:00,0.0,0.0,0.0,-10.139
2020-07-06 07:00:00-03:00,0.0,0.0,0.0,-10.226
2020-07-06 08:00:00-03:00,0.0,0.0,0.0,-10.336
2020-07-06 09:00:00-03:00,0.0,0.001,0.0,-10.443
2020-07-06 10:00:00-03:00,0.135,0.121,0.025,-9.981
2020-07-06 11:00:00-03:00,0.34600000000000003,0.299,0.059000000000000004,-8.254
2020-07-06 12:00:00-03:00,0.526,0.488,0.066,-6.9
2020-07-06 13:00:00-03:00,0.608,0.591,0.06,-5.5809999999999995
2020-07-06 14:00:00-03:00,0.627,0.624,0.054,-4.438
2020-07-06 15:00:00-03:00,0.527,0.508,0.054,-4.302
2020-07-06 16:00:00-03:00,0.317,0.292,0.041,-5.042
2020-07-06 17:00:00-03:00,0.033,0.04,0.007,-6.609
2020-07-06 18:00:00-03:00,0.0,0.0,0.0,-7.348
2020-07-06 19:00:00-03:00,0.0,0.0,0.0,-7.456
2020-07-06 20:00:00-03:00,0.0,0.0,0.0,-7.841
2020-07-06 21:00:00-03:00,0.0,0.0,0.0,-8.361
2020-07-06 22:00:00-03:00,0.0,0.0,0.0,-8.913
2020-07-06 23:00:00-03:00,0.0,0.0,0.0,-9.491
2020-07-07 00:00:00-03:00,0.0,0.0,0.0,-9.96
2020-07-07 01:00:00-03:00,0.0,0.0,0.0,-10.204
2020-07-07 02:00:00-03:00,0.0,0.0,0.0,-10.223
2020-07-07 03:00:00-03:00,0.0,0.0,0.0,-10.246
2020-07-07 04:00:00-03:00,0.0,0.0,0.0,-10.396
2020-07-07 05:00:00-03:00,0.0,0.0,0.0,-10.506
2020-07-07 06:00:00-03:00,0.0,0.0,0.0,-10.355
2020-07-07 07:00:00-03:00,0.0,0.0,0.0,-10.057
2020-07-07 08:00:00-03:00,0.0,0.0,0.0,-9.585
2020-07-07 09:00:00-03:00,0.0,0.0,0.0,-9.351
2020-07-07 10:00:00-03:00,0.058,0.047,0.024,-9.214
2020-07-07 11:00:00-03:00,0.159,0.10400000000000001,0.067,-8.643
2020-07-07 12:00:00-03:00,0.275,0.187,0.1,-7.86
2020-07-07 13:00:00-03:00,0.28,0.177,0.116,-6.841
2020-07-07 14:00:00-03:00,0.177,0.083,0.107,-6.124
2020-07-07 15:00:00-03:00,0.078,0.027,0.066,-5.779
2020-07-07 16:00:00-03:00,0.031,0.013000000000000001,0.031,-5.764
2020-07-07 17:00:00-03:00,0.004,0.007,0.006,-5.973
2020-07-07 18:00:00-03:00,0.0,0.0,0.0,-6.37
2020-07-07 19:00:00-03:00,0.0,0.0,0.0,-6.385
2020-07-07 20:00:00-03:00,0.0,0.0,0.0,-5.995
2020-07-07 21:00:00-03:00,0.0,0.0,0.0,-5.611
2020-07-07 22:00:00-03:00,0.0,0.0,0.0,-5.273
2020-07-07 23:00:00-03:00,0.0,0.0,0.0,-4.982
2020-07-08 00:00:00-03:00,0.0,0.0,0.0,-4.7059999999999995
2020-07-08 01:00:00-03:00,0.0,0.0,0.0,-4.511
2020-07-08 02:00:00-03:00,0.0,0.0,0.0,-4.482
2020-07-08 03:00:00-03:00,0.0,0.0,0.0,-4.787
2020-07-08 04:00:00-03:00,0.0,0.0,0.0,-4.984
2020-07-08 05:00:00-03:00,0.0,0.0,0.0,-5.317
2020-07-08 06:00:00-03:00,0.0,0.0,0.0,-6.631
2020-07-08 07:00:00-03:00,0.0,0.0,0.0,-7.359
2020-07-08 08:00:00-03:00,0.0,0.0,0.0,-7.235
2020-07-08 09:00:00-03:00,0.0,0.001,0.0,-7.468
2020-07-08 10:00:00-03:00,0.125,0.111,0.027,-7.195
2020-07-08 11:00:00-03:00,0.30000000000000004,0.251,0.064,-5.508
2020-07-08 12:00:00-03:00,0.452,0.398,0.081,-3.763
2020-07-08 13:00:00-03:00,0.376,0.298,0.10200000000000001,-1.996
2020-07-08 14:00:00-03:00,0.225,0.139,0.105,-0.708
2020-07-08 15:00:00-03:00,0.2,0.137,0.083,-0.13
2020-07-08 16:00:00-03:00,0.164,0.134,0.048,-0.544
2020-07-08 17:00:00-03:00,0.022,0.028,0.007,-2.216
2020-07-08 18:00:00-03:00,0.0,0.0,0.0,-3.037
2020-07-08 19:00:00-03:00,0.0,0.0,0.0,-3.069
2020-07-08 20:00:00-03:00,0.0,0.0,0.0,-2.774
2020-07-08 21:00:00-03:00,0.0,0.0,0.0,-2.607
2020-07-08 22:00:00-03:00,0.0,0.0,0.0,-3.015
2020-07-08 23:00:00-03:00,0.0,0.0,0.0,-3.5620000000000003
2020-07-09 00:00:00-03:00,0.0,0.0,0.0,-3.8609999999999998
2020-07-09 01:00:00-03:00,0.0,0.0,0.0,-3.961
2020-07-09 02:00:00-03:00,0.0,0.0,0.0,-3.9130000000000003
2020-07-09 03:00:00-03:00,0.0,0.0,0.0,-3.458
2020-07-09 04:00:00-03:00,0.0,0.0,0.0,-2.661
2020-07-09 05:00:00-03:00,0.0,0.0,0.0,-1.6
2020-07-09 06:00:00-03:00,0.0,0.0,0.0,-0.936
2020-07-09 07:00:00-03:00,0.0,0.0,0.0,-0.668
2020-07-09 08:00:00-03:00,0.0,0.0,0.0,-0.598
2020-07-09 09:00:00-03:00,0.0,0.0,0.0,-0.667
2020-07-09 10:00:00-03:00,0.017,0.012,0.018000000000000002,-0.548
2020-07-09 11:00:00-03:00,0.047,0.016,0.047,-0.138
2020-07-09 12:00:00-03:00,0.08600000000000001,0.025,0.079,0.257
2020-07-09 13:00:00-03:00,0.136,0.048,0.107,0.491
2020-07-09 14:00:00-03:00,0.164,0.074,0.109,0.558
2020-07-09 15:00:00-03:00,0.17,0.1,0.089,0.389
2020-07-09 16:00:00-03:00,0.099,0.068,0.049,-0.29
2020-07-09 17:00:00-03:00,0.01,0.014,0.007,-1.4889999999999999
2020-07-09 18:00:00-03:00,0.0,0.0,0.0,-2.225
2020-07-09 19:00:00-03:00,0.0,0.0,0.0,-2.584
2020-07-09 20:00:00-03:00,0.0,0.0,0.0,-2.865
2020-07-09 21:00:00-03:00,0.0,0.0,0.0,-3.027
2020-07-09 22:00:00-03:00,0.0,0.0,0.0,-3.217
2020-07-09 23:00:00-03:00,0.0,0.0,0.0,-3.052
2020-07-10 00:00:00-03:00,0.0,0.0,0.0,-2.783
2020-07-10 01:00:00-03:00,0.0,0.0,0.0,-2.541
2020-07-10 02:00:00-03:00,0.0,0.0,0.0,-2.654
2020-07-10 03:00:00-03:00,0.0,0.0,0.0,-3.061
2020-07-10 04:00:00-03:00,0.0,0.0,0.0,-3.447
2020-07-10 05:00:00-03:00,0.0,0.0,0.0,-3.688
2020-07-10 06:00:00-03:00,0.0,0.0,0.0,-3.988
2020-07-10 07:00:00-03:00,0.0,0.0,0.0,-4.227
2020-07-10 08:00:00-03:00,0.0,0.0,0.0,-4.498
2020-07-10 09:00:00-03:00,0.0,0.0,0.0,-4.627
2020-07-10 10:00:00-03:00,0.03,0.022,0.022,-3.963
2020-07-10 11:00:00-03:00,0.073,0.032,0.058,-2.9779999999999998
2020-07-10 12:00:00-03:00,0.11900000000000001,0.044,0.092,-2.39
2020-07-10 13:00:00-03:00,0.112,0.03,0.099,-2.269
2020-07-10 14:00:00-03:00,0.07100000000000001,0.014,0.074,-2.094
2020-07-10 15:00:00-03:00,0.081,0.027,0.07100000000000001,-1.328
2020-07-10 16:00:00-03:00,0.077,0.046,0.048,-1.111
2020-07-10 17:00:00-03:00,0.007,0.01,0.007,-1.883
2020-07-10 18:00:00-03:00,0.0,0.0,0.0,-2.013
2020-07-10 19:00:00-03:00,0.0,0.0,0.0,-1.867
2020-07-10 20:00:00-03:00,0.0,0.0,0.0,-2.163
2020-07-10 21:00:00-03:00,0.0,0.0,0.0,-2.6470000000000002
2020-07-10 22:00:00-03:00,0.0,0.0,0.0,-3.034
2020-07-10 23:00:00-03:00,0.0,0.0,0.0,-3.078
2020-07-11 00:00:00-03:00,0.0,0.0,0.0,-3.199
2020-07-11 01:00:00-03:00,0.0,0.0,0.0,-3.329
2020-07-11 02:00:00-03:00,0.0,0.0,0.0,-3.263
2020-07-11 03:00:00-03:00,0.0,0.0,0.0,-3.055
2020-07-11 04:00:00-03:00,0.0,0.0,0.0,-2.836
2020-07-11 05:00:00-03:00,0.0,0.0,0.0,-2.501
2020-07-11 06:00:00-03:00,0.0,0.0,0.0,-1.924
2020-07-11 07:00:00-03:00,0.0,0.0,0.0,-1.8780000000000001
2020-07-11 08:00:00-03:00,0.0,0.0,0.0,-1.635
2020-07-11 09:00:00-03:00,0.0,0.001,0.0,-1.524
2020-07-11 10:00:00-03:00,0.057,0.048,0.025,-1.171
2020-07-11 11:00:00-03:00,0.187,0.138,0.068,-0.436
2020-07-11 12:00:00-03:00,0.367,0.305,0.09,0.224
2020-07-11 13:00:00-03:00,0.494,0.453,0.084,0.677
2020-07-11 14:00:00-03:00,0.529,0.505,0.074,0.895
2020-07-11 15:00:00-03:00,0.441,0.41000000000000003,0.068,0.833
2020-07-11 16:00:00-03:00,0.23700000000000002,0.209,0.049,0.289
2020-07-11 17:00:00-03:00,0.019,0.024,0.008,-0.643
2020-07-11 18:00:00-03:00,0.0,0.0,0.0,-0.978
2020-07-11 19:00:00-03:00,0.0,0.0,0.0,-1.062
2020-07-11 20:00:00-03:00,0.0,0.0,0.0,-1.1400000000000001
2020-07-11 21:00:00-03:00,0.0,0.0,0.0,-1.091
2020-07-11 22:00:00-03:00,0.0,0.0,0.0,-1.179
2020-07-11 23:00:00-03:00,0.0,0.0,0.0,-1.23
2020-07-12 00:00:00-03:00,0.0,0.0,0.0,-1.459
2020-07-12 01:00:00-03:00,0.0,0.0,0.0,-1.615
2020-07-12 02:00:00-03:00,0.0,0.0,0.0,-1.585
2020-07-12 03:00:00-03:00,0.0,0.0,0.0,-1.413
2020-07-12 04:00:00-03:00,0.0,0.0,0.0,-1.369
2020-07-12 05:00:00-03:00,0.0,0.0,0.0,-1.341
2020-07-12 06:00:00-03:00,0.0,0.0,0.0,-1.3900000000000001
2020-07-12 07:00:00-03:00,0.0,0.0,0.0,-1.45
2020-07-12 08:00:00-03:00,0.0,0.0,0.0,-1.483
2020-07-12 09:00:00-03:00,0.0,0.0,0.0,-1.482
2020-07-12 10:00:00-03:00,0.034,0.025,0.023,-1.2429999999999999
2020-07-12 11:00:00-03:00,0.109,0.061,0.065,-0.623
2020-07-12 12:00:00-03:00,0.215,0.132,0.10300000000000001,0.188
2020-07-12 13:00:00-03:00,0.309,0.217,0.117,0.751
2020-07-12 14:00:00-03:00,0.32,0.23600000000000002,0.11,0.997
2020-07-12 15:00:00-03:00,0.22,0.152,0.089,0.979
2020-07-12 16:00:00-03:00,0.097,0.066,0.049,0.777
2020-07-12 17:00:00-03:00,0.009000000000000001,0.012,0.007,0.297
2020-07-12 18:00:00-03:00,0.0,0.0,0.0,0.14100000000000001
2020-07-12 19:00:00-03:00,0.0,0.0,0.0,0.14200000000000002
2020-07-12 20:00:00-03:00,0.0,0.0,0.0,0.46900000000000003
2020-07-12 21:00:00-03:00,0.0,0.0,0.0,0.444
2020-07-12 22:00:00-03:00,0.0,0.0,0.0,-0.10400000000000001
2020-07-12 23:00:00-03:00,0.0,0.0,0.0,-0.908
2020-07-13 00:00:00-03:00,0.0,0.0,0.0,-1.49
2020-07-13 01:00:00-03:00,0.0,0.0,0.0,-2.093
2020-07-13 02:00:00-03:00,0.0,0.0,0.0,-2.686
2020-07-13 03:00:00-03:00,0.0,0.0,0.0,-3.213
2020-07-13 04:00:00-03:00,0.0,0.0,0.0,-3.539
2020-07-13 05:00:00-03:00,0.0,0.0,0.0,-3.7439999999999998
2020-07-13 06:00:00-03:00,0.0,0.0,0.0,-3.951
2020-07-13 07:00:00-03:00,0.0,0.0,0.0,-4.327
2020-07-13 08:00:00-03:00,0.0,0.0,0.0,-4.427
2020-07-13 09:00:00-03:00,0.0,0.001,0.001,-4.141
2020-07-13 10:00:00-03:00,0.053,0.041,0.028,-3.225
2020-07-13 11:00:00-03:00,0.091,0.043000000000000003,0.065,-1.833
2020-07-13 12:00:00-03:00,0.113,0.039,0.092,-0.901
2020-07-13 13:00:00-03:00,0.12,0.034,0.10400000000000001,-0.149
2020-07-13 14:00:00-03:00,0.095,0.023,0.09,0.396
2020-07-13 15:00:00-03:00,0.07,0.019,0.068,0.5630000000000001
2020-07-13 16:00:00-03:00,0.035,0.014,0.037,0.496
2020-07-13 17:00:00-03:00,0.002,0.003,0.005,0.26
2020-07-13 18:00:00-03:00,0.0,0.0,0.0,0.16
2020-07-13 19:00:00-03:00,0.0,0.0,0.0,0.1
2020-07-13 20:00:00-03:00,0.0,0.0,0.0,0.081
2020-07-13 21:00:00-03:00,0.0,0.0,0.0,0.0
2020-07-13 22:00:00-03:00,0.0,0.0,0.0,-0.083
2020-07-13 23:00:00-03:00,0.0,0.0,0.0,-0.324
2020-07-14 00:00:00-03:00,0.0,0.0,0.0,-0.553
2020-07-14 01:00:00-03:00,0.0,0.0,0.0,-0.801
2020-07-14 02:00:00-03:00,0.0,0.0,0.0,-0.936
2020-07-14 03:00:00-03:00,0.0,0.0,0.0,-0.9590000000000001
2020-07-14 04:00:00-03:00,0.0,0.0,0.0,-0.865
2020-07-14 05:00:00-03:00,0.0,0.0,0.0,-0.805
2020-07-14 06:00:00-03:00,0.0,0.0,0.0,-0.707
2020-07-14 07:00:00-03:00,0.0,0.0,0.0,-0.5750000000000001
2020-07-14 08:00:00-03:00,0.0,0.0,0.0,-0.462
2020-07-14 09:00:00-03:00,0.0,0.0,0.001,-0.463
2020-07-14 10:00:00-03:00,0.042,0.031,0.027,-0.20500000000000002
2020-07-14 11:00:00-03:00,0.121,0.068,0.07200000000000001,0.456
2020-07-14 12:00:00-03:00,0.163,0.077,0.105,0.779
2020-07-14 13:00:00-03:00,0.14300000000000002,0.049,0.112,0.892
2020-07-14 14:00:00-03:00,0.115,0.033,0.1,0.88
2020-07-14 15:00:00-03:00,0.068,0.018000000000000002,0.067,0.768
2020-07-14 16:00:00-03:00,0.024,0.008,0.03,0.5700000000000001
2020-07-14 17:00:00-03:00,0.001,0.002,0.005,0.202
2020-07-14 18:00:00-03:00,0.0,0.0,0.0,-0.179
2020-07-14 19:00:00-03:00,0.0,0.0,0.0,-0.525
2020-07-14 20:00:00-03:00,0.0,0.0,0.0,-0.765
2020-07-14 21:00:00-03:00,0.0,0.0,0.0,-1.057
2020-07-14 22:00:00-03:00,0.0,0.0,0.0,-1.304
2020-07-14 23:00:00-03:00,0.0,0.0,0.0,-1.395
2020-07-15 00:00:00-03:00,0.0,0.0,0.0,-1.5070000000000001
2020-07-15 01:00:00-03:00,0.0,0.0,0.0,-1.638
2020-07-15 02:00:00-03:00,0.0,0.0,0.0,-1.744
2020-07-15 03:00:00-03:00,0.0,0.0,0.0,-1.834
2020-07-15 04:00:00-03:00,0.0,0.0,0.0,-2.007
2020-07-15 05:00:00-03:00,0.0,0.0,0.0,-2.211
2020-07-15 06:00:00-03:00,0.0,0.0,0.0,-2.42
2020-07-15 07:00:00-03:00,0.0,0.0,0.0,-2.58
2020-07-15 08:00:00-03:00,0.0,0.0,0.0,-2.899
2020-07-15 09:00:00-03:00,0.0,0.001,0.001,-3.257
2020-07-15 10:00:00-03:00,0.045,0.034,0.027,-3.114
2020-07-15 11:00:00-03:00,0.126,0.073,0.069,-2.181
2020-07-15 12:00:00-03:00,0.20500000000000002,0.11900000000000001,0.10400000000000001,-1.2770000000000001
2020-07-15 13:00:00-03:00,0.269,0.168,0.122,-0.516
2020-07-15 14:00:00-03:00,0.26,0.166,0.115,-0.097
2020-07-15 15:00:00-03:00,0.308,0.241,0.09,-0.156
2020-07-15 16:00:00-03:00,0.135,0.099,0.054,-0.884
2020-07-15 17:00:00-03:00,0.025,0.028,0.01,-2.235
2020-07-15 18:00:00-03:00,0.0,0.0,0.0,-3.126
2020-07-15 19:00:00-03:00,0.0,0.0,0.0,-3.5220000000000002
2020-07-15 20:00:00-03:00,0.0,0.0,0.0,-3.6470000000000002
2020-07-15 21:00:00-03:00,0.0,0.0,0.0,-3.781
2020-07-15 22:00:00-03:00,0.0,0.0,0.0,-3.989
2020-07-15 23:00:00-03:00,0.0,0.0,0.0,-4.268
2020-07-16 00:00:00-03:00,0.0,0.0,0.0,-4.515
2020-07-16 01:00:00-03:00,0.0,0.0,0.0,-4.893
2020-07-16 02:00:00-03:00,0.0,0.0,0.0,-5.381
2020-07-16 03:00:00-03:00,0.0,0.0,0.0,-5.94
2020-07-16 04:00:00-03:00,0.0,0.0,0.0,-6.59
2020-07-16 05:00:00-03:00,0.0,0.0,0.0,-7.142
2020-07-16 06:00:00-03:00,0.0,0.0,0.0,-7.51
2020-07-16 07:00:00-03:00,0.0,0.0,0.0,-7.7940000000000005
2020-07-16 08:00:00-03:00,0.0,0.0,0.0,-8.042
2020-07-16 09:00:00-03:00,0.0,0.003,0.001,-8.291
2020-07-16 10:00:00-03:00,0.12,0.10200000000000001,0.032,-8.186
2020-07-16 11:00:00-03:00,0.28300000000000003,0.226,0.07,-7.18
2020-07-16 12:00:00-03:00,0.447,0.384,0.085,-5.89
2020-07-16 13:00:00-03:00,0.498,0.442,0.08600000000000001,-4.777
2020-07-16 14:00:00-03:00,0.64,0.637,0.059000000000000004,-3.566
2020-07-16 15:00:00-03:00,0.521,0.496,0.061,-3.395
2020-07-16 16:00:00-03:00,0.316,0.28500000000000003,0.049,-4.151
2020-07-16 17:00:00-03:00,0.067,0.07,0.011,-5.969
2020-07-16 18:00:00-03:00,0.0,0.0,0.0,-7.373
2020-07-16 19:00:00-03:00,0.0,0.0,0.0,-8.062
2020-07-16 20:00:00-03:00,0.0,0.0,0.0,-8.451
2020-07-16 21:00:00-03:00,0.0,0.0,0.0,-8.648
2020-07-16 22:00:00-03:00,0.0,0.0,0.0,-8.924
2020-07-16 23:00:00-03:00,0.0,0.0,0.0,-9.183
2020-07-17 00:00:00-03:00,0.0,0.0,0.0,-9.242
2020-07-17 01:00:00-03:00,0.0,0.0,0.0,-9.1
2020-07-17 02:00:00-03:00,0.0,0.0,0.0,-8.804
2020-07-17 03:00:00-03:00,0.0,0.0,0.0,-8.294
2020-07-17 04:00:00-03:00,0.0,0.0,0.0,-7.8100000000000005
2020-07-17 05:00:00-03:00,0.0,0.0,0.0,-7.227
2020-07-17 06:00:00-03:00,0.0,0.0,0.0,-6.765
2020-07-17 07:00:00-03:00,0.0,0.0,0.0,-6.519
2020-07-17 08:00:00-03:00,0.0,0.0,0.0,-6.274
2020-07-17 09:00:00-03:00,0.0,0.001,0.001,-5.953
2020-07-17 10:00:00-03:00,0.018000000000000002,0.009000000000000001,0.021,-4.957
2020-07-17 11:00:00-03:00,0.037,0.008,0.044,-3.8369999999999997
2020-07-17 12:00:00-03:00,0.051000000000000004,0.007,0.06,-2.799
2020-07-17 13:00:00-03:00,0.06,0.007,0.07,-2.001
2020-07-17 14:00:00-03:00,0.048,0.005,0.059000000000000004,-1.4929999999999999
2020-07-17 15:00:00-03:00,0.032,0.004,0.043000000000000003,-1.222
2020-07-17 16:00:00-03:00,0.014,0.003,0.023,-1.152
2020-07-17 17:00:00-03:00,0.0,0.001,0.004,-1.2570000000000001
2020-07-17 18:00:00-03:00,0.0,0.0,0.0,-1.343
2020-07-17 19:00:00-03:00,0.0,0.0,0.0,-1.363
2020-07-17 20:00:00-03:00,0.0,0.0,0.0,-1.375
2020-07-17 21:00:00-03:00,0.0,0.0,0.0,-1.3940000000000001
2020-07-17 22:00:00-03:00,0.0,0.0,0.0,-1.401
2020-07-17 23:00:00-03:00,0.0,0.0,0.0,-1.379
2020-07-18 00:00:00-03:00,0.0,0.0,0.0,-1.337
2020-07-18 01:00:00-03:00,0.0,0.0,0.0,-1.283
2020-07-18 02:00:00-03:00,0.0,0.0,0.0,-1.231
2020-07-18 03:00:00-03:00,0.0,0.0,0.0,-1.192
2020-07-18 04:00:00-03:00,0.0,0.0,0.0,-1.17
2020-07-18 05:00:00-03:00,0.0,0.0,0.0,-1.154
2020-07-18 06:00:00-03:00,0.0,0.0,0.0,-1.155
2020-07-18 07:00:00-03:00,0.0,0.0,0.0,-1.203
2020-07-18 08:00:00-03:00,0.0,0.0,0.0,-1.262
2020-07-18 09:00:00-03:00,0.0,0.0,0.001,-1.374
2020-07-18 10:00:00-03:00,0.022,0.013000000000000001,0.023,-1.307
2020-07-18 11:00:00-03:00,0.066,0.023,0.059000000000000004,-0.921
2020-07-18 12:00:00-03:00,0.114,0.037,0.095,-0.482
2020-07-18 13:00:00-03:00,0.15,0.05,0.11800000000000001,-0.115
2020-07-18 14:00:00-03:00,0.145,0.05,0.113,0.042
2020-07-18 15:00:00-03:00,0.10300000000000001,0.037,0.084,0.062
2020-07-18 16:00:00-03:00,0.054,0.024,0.046,-0.121
2020-07-18 17:00:00-03:00,0.01,0.011,0.01,-0.739
2020-07-18 18:00:00-03:00,0.0,0.0,0.0,-1.444
2020-07-18 19:00:00-03:00,0.0,0.0,0.0,-1.9809999999999999
2020-07-18 20:00:00-03:00,0.0,0.0,0.0,-2.345
2020-07-18 21:00:00-03:00,0.0,0.0,0.0,-2.5140000000000002
2020-07-18 22:00:00-03:00,0.0,0.0,0.0,-2.598
2020-07-18 23:00:00-03:00,0.0,0.0,0.0,-2.675
2020-07-19 00:00:00-03:00,0.0,0.0,0.0,-2.714
2020-07-19 01:00:00-03:00,0.0,0.0,0.0,-2.779
2020-07-19 02:00:00-03:00,0.0,0.0,0.0,-2.769
2020-07-19 03:00:00-03:00,0.0,0.0,0.0,-2.758
2020-07-19 04:00:00-03:00,0.0,0.0,0.0,-2.766
2020-07-19 05:00:00-03:00,0.0,0.0,0.0,-2.699
2020-07-19 06:00:00-03:00,0.0,0.0,0.0,-2.597
2020-07-19 07:00:00-03:00,0.0,0.0,0.0,-2.543
2020-07-19 08:00:00-03:00,0.0,0.0,0.0,-2.571
2020-07-19 09:00:00-03:00,0.0,0.002,0.001,-2.7199999999999998
2020-07-19 10:00:00-03:00,0.047,0.033,0.03,-2.423
2020-07-19 11:00:00-03:00,0.13,0.074,0.074,-1.5899999999999999
2020-07-19 12:00:00-03:00,0.224,0.133,0.111,-0.836
2020-07-19 13:00:00-03:00,0.28200000000000003,0.176,0.128,-0.305
2020-07-19 14:00:00-03:00,0.259,0.158,0.122,-0.039
2020-07-19 15:00:00-03:00,0.189,0.112,0.096,-0.01
2020-07-19 16:00:00-03:00,0.099,0.061,0.055,-0.42
2020-07-19 17:00:00-03:00,0.015,0.016,0.011,-1.379
2020-07-19 18:00:00-03:00,0.0,0.0,0.0,-2.319
2020-07-19 19:00:00-03:00,0.0,0.0,0.0,-2.637
2020-07-19 20:00:00-03:00,0.0,0.0,0.0,-2.8890000000000002
2020-07-19 21:00:00-03:00,0.0,0.0,0.0,-3.19
2020-07-19 22:00:00-03:00,0.0,0.0,0.0,-3.481
2020-07-19 23:00:00-03:00,0.0,0.0,0.0,-3.751
2020-07-20 00:00:00-03:00,0.0,0.0,0.0,-3.884
2020-07-20 01:00:00-03:00,0.0,0.0,0.0,-4.08
2020-07-20 02:00:00-03:00,0.0,0.0,0.0,-4.362
2020-07-20 03:00:00-03:00,0.0,0.0,0.0,-4.575
2020-07-20 04:00:00-03:00,0.0,0.0,0.0,-4.6690000000000005
2020-07-20 05:00:00-03:00,0.0,0.0,0.0,-4.729
2020-07-20 06:00:00-03:00,0.0,0.0,0.0,-4.801
2020-07-20 07:00:00-03:00,0.0,0.0,0.0,-4.799
2020-07-20 08:00:00-03:00,0.0,0.0,0.0,-4.8
2020-07-20 09:00:00-03:00,0.0,0.003,0.002,-4.834
2020-07-20 10:00:00-03:00,0.10200000000000001,0.082,0.036000000000000004,-4.366
2020-07-20 11:00:00-03:00,0.255,0.194,0.078,-2.979
2020-07-20 12:00:00-03:00,0.363,0.28400000000000003,0.10300000000000001,-1.857
2020-07-20 13:00:00-03:00,0.382,0.293,0.116,-1.11
2020-07-20 14:00:00-03:00,0.337,0.245,0.116,-0.54
2020-07-20 15:00:00-03:00,0.224,0.148,0.095,-0.494
2020-07-20 16:00:00-03:00,0.121,0.082,0.057,-0.891
2020-07-20 17:00:00-03:00,0.024,0.026000000000000002,0.012,-2.03
2020-07-20 18:00:00-03:00,0.0,0.0,0.0,-3.326
2020-07-20 19:00:00-03:00,0.0,0.0,0.0,-4.082
2020-07-20 20:00:00-03:00,0.0,0.0,0.0,-4.808
2020-07-20 21:00:00-03:00,0.0,0.0,0.0,-5.297
2020-07-20 22:00:00-03:00,0.0,0.0,0.0,-5.662
2020-07-20 23:00:00-03:00,0.0,0.0,0.0,-6.074
2020-07-21 00:00:00-03:00,0.0,0.0,0.0,-6.579
2020-07-21 01:00:00-03:00,0.0,0.0,0.0,-7.335
2020-07-21 02:00:00-03:00,0.0,0.0,0.0,-8.27
2020-07-21 03:00:00-03:00,0.0,0.0,0.0,-9.169
2020-07-21 04:00:00-03:00,0.0,0.0,0.0,-9.962
2020-07-21 05:00:00-03:00,0.0,0.0,0.0,-10.614
2020-07-21 06:00:00-03:00,0.0,0.0,0.0,-11.024
2020-07-21 07:00:00-03:00,0.0,0.0,0.0,-11.244
2020-07-21 08:00:00-03:00,0.0,0.0,0.0,-11.336
2020-07-21 09:00:00-03:00,0.003,0.008,0.002,-11.283
2020-07-21 10:00:00-03:00,0.19,0.163,0.037,-10.339
2020-07-21 11:00:00-03:00,0.365,0.309,0.069,-8.267
2020-07-21 12:00:00-03:00,0.555,0.517,0.07200000000000001,-6.146
2020-07-21 13:00:00-03:00,0.686,0.6930000000000001,0.055,-4.865
2020-07-21 14:00:00-03:00,0.687,0.7020000000000001,0.051000000000000004,-4.155
2020-07-21 15:00:00-03:00,0.626,0.628,0.05,-3.9859999999999998
2020-07-21 16:00:00-03:00,0.46900000000000003,0.453,0.043000000000000003,-4.6129999999999995
2020-07-21 17:00:00-03:00,0.154,0.153,0.015,-6.529
2020-07-21 18:00:00-03:00,0.0,0.0,0.0,-8.299
2020-07-21 19:00:00-03:00,0.0,0.0,0.0,-8.524000000000001
2020-07-21 20:00:00-03:00,0.0,0.0,0.0,-8.622
2020-07-21 21:00:00-03:00,0.0,0.0,0.0,-9.066
2020-07-21 22:00:00-03:00,0.0,0.0,0.0,-9.53
2020-07-21 23:00:00-03:00,0.0,0.0,0.0,-9.871
2020-07-22 00:00:00-03:00,0.0,0.0,0.0,-10.256
2020-07-22 01:00:00-03:00,0.0,0.0,0.0,-10.722
2020-07-22 02:00:00-03:00,0.0,0.0,0.0,-11.083
2020-07-22 03:00:00-03:00,0.0,0.0,0.0,-11.464
2020-07-22 04:00:00-03:00,0.0,0.0,0.0,-11.849
2020-07-22 05:00:00-03:00,0.0,0.0,0.0,-11.929
2020-07-22 06:00:00-03:00,0.0,0.0,0.0,-11.763
2020-07-22 07:00:00-03:00,0.0,0.0,0.0,-11.533
2020-07-22 08:00:00-03:00,0.0,0.0,0.0,-11.086
2020-07-22 09:00:00-03:00,0.006,0.012,0.003,-10.371
2020-07-22 10:00:00-03:00,0.224,0.196,0.039,-8.724
2020-07-22 11:00:00-03:00,0.419,0.372,0.067,-5.918
2020-07-22 12:00:00-03:00,0.625,0.614,0.064,-3.711
2020-07-22 13:00:00-03:00,0.64,0.636,0.065,-2.49
2020-07-22 14:00:00-03:00,0.578,0.555,0.074,-1.44
2020-07-22 15:00:00-03:00,0.385,0.328,0.084,-0.888
2020-07-22 16:00:00-03:00,0.166,0.125,0.058,-0.902
2020-07-22 17:00:00-03:00,0.029,0.03,0.013000000000000001,-1.65
2020-07-22 18:00:00-03:00,0.0,0.0,0.0,-2.552
2020-07-22 19:00:00-03:00,0.0,0.0,0.0,-2.674
2020-07-22 20:00:00-03:00,0.0,0.0,0.0,-2.755
2020-07-22 21:00:00-03:00,0.0,0.0,0.0,-3.058
2020-07-22 22:00:00-03:00,0.0,0.0,0.0,-3.537
2020-07-22 23:00:00-03:00,0.0,0.0,0.0,-3.575
2020-07-23 00:00:00-03:00,0.0,0.0,0.0,-3.069
2020-07-23 01:00:00-03:00,0.0,0.0,0.0,-2.867
2020-07-23 02:00:00-03:00,0.0,0.0,0.0,-2.852
2020-07-23 03:00:00-03:00,0.0,0.0,0.0,-2.762
2020-07-23 04:00:00-03:00,0.0,0.0,0.0,-2.681
2020-07-23 05:00:00-03:00,0.0,0.0,0.0,-2.474
2020-07-23 06:00:00-03:00,0.0,0.0,0.0,-2.138
2020-07-23 07:00:00-03:00,0.0,0.0,0.0,-1.646
2020-07-23 08:00:00-03:00,0.0,0.0,0.0,-0.8160000000000001
2020-07-23 09:00:00-03:00,0.0,0.004,0.002,-0.47500000000000003
2020-07-23 10:00:00-03:00,0.155,0.13,0.044,-0.432
2020-07-23 11:00:00-03:00,0.268,0.20500000000000002,0.084,0.067
2020-07-23 12:00:00-03:00,0.42,0.343,0.11,0.493
2020-07-23 13:00:00-03:00,0.158,0.057,0.121,0.673
2020-07-23 14:00:00-03:00,0.108,0.027,0.1,0.74
2020-07-23 15:00:00-03:00,0.096,0.029,0.085,0.78
2020-07-23 16:00:00-03:00,0.014,0.003,0.023,0.6970000000000001
2020-07-23 17:00:00-03:00,0.002,0.002,0.006,0.63
2020-07-23 18:00:00-03:00,0.0,0.0,0.0,0.5720000000000001
2020-07-23 19:00:00-03:00,0.0,0.0,0.0,0.555
2020-07-23 20:00:00-03:00,0.0,0.0,0.0,0.622
2020-07-23 21:00:00-03:00,0.0,0.0,0.0,0.705
2020-07-23 22:00:00-03:00,0.0,0.0,0.0,0.732
2020-07-23 23:00:00-03:00,0.0,0.0,0.0,0.733
2020-07-24 00:00:00-03:00,0.0,0.0,0.0,0.772
2020-07-24 01:00:00-03:00,0.0,0.0,0.0,0.81
2020-07-24 02:00:00-03:00,0.0,0.0,0.0,0.871
2020-07-24 03:00:00-03:00,0.0,0.0,0.0,0.9410000000000001
2020-07-24 04:00:00-03:00,0.0,0.0,0.0,0.983
2020-07-24 05:00:00-03:00,0.0,0.0,0.0,0.933
2020-07-24 06:00:00-03:00,0.0,0.0,0.0,0.883
2020-07-24 07:00:00-03:00,0.0,0.0,0.0,0.8140000000000001
2020-07-24 08:00:00-03:00,0.0,0.0,0.0,0.835
2020-07-24 09:00:00-03:00,0.0,0.003,0.002,0.966
2020-07-24 10:00:00-03:00,0.029,0.016,0.028,1.207
2020-07-24 11:00:00-03:00,0.079,0.03,0.066,1.415
2020-07-24 12:00:00-03:00,0.154,0.065,0.109,1.612
2020-07-24 13:00:00-03:00,0.20700000000000002,0.096,0.132,1.701
2020-07-24 14:00:00-03:00,0.233,0.126,0.129,1.7469999999999999
2020-07-24 15:00:00-03:00,0.227,0.145,0.10400000000000001,1.694
2020-07-24 16:00:00-03:00,0.17400000000000002,0.129,0.066,1.3820000000000001
2020-07-24 17:00:00-03:00,0.063,0.062,0.019,0.093
2020-07-24 18:00:00-03:00,0.0,0.0,0.0,-1.429
2020-07-24 19:00:00-03:00,0.0,0.0,0.0,-1.538
2020-07-24 20:00:00-03:00,0.0,0.0,0.0,-1.42
2020-07-24 21:00:00-03:00,0.0,0.0,0.0,-0.988
2020-07-24 22:00:00-03:00,0.0,0.0,0.0,-0.35000000000000003
2020-07-24 23:00:00-03:00,0.0,0.0,0.0,-0.02
2020-07-25 00:00:00-03:00,0.0,0.0,0.0,-0.065
2020-07-25 01:00:00-03:00,0.0,0.0,0.0,-0.195
2020-07-25 02:00:00-03:00,0.0,0.0,0.0,-0.41600000000000004
2020-07-25 03:00:00-03:00,0.0,0.0,0.0,-1.159
2020-07-25 04:00:00-03:00,0.0,0.0,0.0,-2.33
2020-07-25 05:00:00-03:00,0.0,0.0,0.0,-3.219
2020-07-25 06:00:00-03:00,0.0,0.0,0.0,-3.722
2020-07-25 07:00:00-03:00,0.0,0.0,0.0,-4.271
2020-07-25 08:00:00-03:00,0.0,0.0,0.0,-5.176
2020-07-25 09:00:00-03:00,0.005,0.01,0.003,-6.366
2020-07-25 10:00:00-03:00,0.248,0.22,0.042,-6.531
2020-07-25 11:00:00-03:00,0.555,0.532,0.06,-4.946
2020-07-25 12:00:00-03:00,0.603,0.584,0.07,-3.069
2020-07-25 13:00:00-03:00,0.547,0.504,0.08700000000000001,-2.138
2020-07-25 14:00:00-03:00,0.497,0.441,0.093,-1.875
2020-07-25 15:00:00-03:00,0.388,0.326,0.08700000000000001,-2.109
2020-07-25 16:00:00-03:00,0.261,0.217,0.061,-2.979
2020-07-25 17:00:00-03:00,0.076,0.073,0.018000000000000002,-4.87
2020-07-25 18:00:00-03:00,0.0,0.0,0.0,-6.541
2020-07-25 19:00:00-03:00,0.0,0.0,0.0,-6.939
2020-07-25 20:00:00-03:00,0.0,0.0,0.0,-7.13
2020-07-25 21:00:00-03:00,0.0,0.0,0.0,-7.35
2020-07-25 22:00:00-03:00,0.0,0.0,0.0,-7.422
2020-07-25 23:00:00-03:00,0.0,0.0,0.0,-7.397
2020-07-26 00:00:00-03:00,0.0,0.0,0.0,-7.2620000000000005
2020-07-26 01:00:00-03:00,0.0,0.0,0.0,-7.003
2020-07-26 02:00:00-03:00,0.0,0.0,0.0,-6.195
2020-07-26 03:00:00-03:00,0.0,0.0,0.0,-5.588
2020-07-26 04:00:00-03:00,0.0,0.0,0.0,-5.601
2020-07-26 05:00:00-03:00,0.0,0.0,0.0,-5.675
2020-07-26 06:00:00-03:00,0.0,0.0,0.0,-5.416
2020-07-26 07:00:00-03:00,0.0,0.0,0.0,-4.859
2020-07-26 08:00:00-03:00,0.0,0.0,0.0,-4.15
2020-07-26 09:00:00-03:00,0.0,0.001,0.002,-3.414
2020-07-26 10:00:00-03:00,0.031,0.016,0.029,-2.44
2020-07-26 11:00:00-03:00,0.116,0.053,0.08,-1.121
2020-07-26 12:00:00-03:00,0.157,0.063,0.113,0.009000000000000001
2020-07-26 13:00:00-03:00,0.177,0.067,0.13,0.756
2020-07-26 14:00:00-03:00,0.247,0.132,0.137,1.079
2020-07-26 15:00:00-03:00,0.213,0.125,0.109,1.13
2020-07-26 16:00:00-03:00,0.115,0.069,0.065,0.921
2020-07-26 17:00:00-03:00,0.029,0.025,0.018000000000000002,0.274
2020-07-26 18:00:00-03:00,0.0,0.0,0.0,-0.47700000000000004
2020-07-26 19:00:00-03:00,0.0,0.0,0.0,-0.776
2020-07-26 20:00:00-03:00,0.0,0.0,0.0,-1.056
2020-07-26 21:00:00-03:00,0.0,0.0,0.0,-1.158
2020-07-26 22:00:00-03:00,0.0,0.0,0.0,-1.135
2020-07-26 23:00:00-03:00,0.0,0.0,0.0,-1.194
2020-07-27 00:00:00-03:00,0.0,0.0,0.0,-1.076
2020-07-27 01:00:00-03:00,0.0,0.0,0.0,-1.212
2020-07-27 02:00:00-03:00,0.0,0.0,0.0,-1.446
2020-07-27 03:00:00-03:00,0.0,0.0,0.0,-1.3559999999999999
2020-07-27 04:00:00-03:00,0.0,0.0,0.0,-1.439
2020-07-27 05:00:00-03:00,0.0,0.0,0.0,-1.439
2020-07-27 06:00:00-03:00,0.0,0.0,0.0,-0.98
2020-07-27 07:00:00-03:00,0.0,0.0,0.0,0.131
2020-07-27 08:00:00-03:00,0.0,0.0,0.0,0.678
2020-07-27 09:00:00-03:00,0.003,0.006,0.004,0.789
2020-07-27 10:00:00-03:00,0.073,0.049,0.041,1.059
2020-07-27 11:00:00-03:00,0.125,0.063,0.082,1.458
2020-07-27 12:00:00-03:00,0.195,0.095,0.121,1.819
2020-07-27 13:00:00-03:00,0.224,0.106,0.14,2.06
2020-07-27 14:00:00-03:00,0.229,0.115,0.137,2.163
2020-07-27 15:00:00-03:00,0.147,0.066,0.101,2.019
2020-07-27 16:00:00-03:00,0.097,0.051000000000000004,0.064,1.601
2020-07-27 17:00:00-03:00,0.018000000000000002,0.015,0.017,0.961
2020-07-27 18:00:00-03:00,0.0,0.0,0.0,0.297
2020-07-27 19:00:00-03:00,0.0,0.0,0.0,-0.276
2020-07-27 20:00:00-03:00,0.0,0.0,0.0,-0.805
2020-07-27 21:00:00-03:00,0.0,0.0,0.0,-1.131
2020-07-27 22:00:00-03:00,0.0,0.0,0.0,-1.09
2020-07-27 23:00:00-03:00,0.0,0.0,0.0,-0.843
2020-07-28 00:00:00-03:00,0.0,0.0,0.0,-0.8140000000000001
2020-07-28 01:00:00-03:00,0.0,0.0,0.0,-0.619
2020-07-28 02:00:00-03:00,0.0,0.0,0.0,-0.453
2020-07-28 03:00:00-03:00,0.0,0.0,0.0,-0.327
2020-07-28 04:00:00-03:00,0.0,0.0,0.0,-0.009000000000000001
2020-07-28 05:00:00-03:00,0.0,0.0,0.0,0.309
2020-07-28 06:00:00-03:00,0.0,0.0,0.0,0.616
2020-07-28 07:00:00-03:00,0.0,0.0,0.0,0.661
2020-07-28 08:00:00-03:00,0.0,0.0,0.0,0.604
2020-07-28 09:00:00-03:00,0.008,0.013000000000000001,0.005,0.401
2020-07-28 10:00:00-03:00,0.146,0.11800000000000001,0.047,0.875
2020-07-28 11:00:00-03:00,0.247,0.181,0.088,1.525
2020-07-28 12:00:00-03:00,0.308,0.216,0.11800000000000001,2.074
2020-07-28 13:00:00-03:00,0.397,0.305,0.127,2.511
2020-07-28 14:00:00-03:00,0.384,0.295,0.122,2.71
2020-07-28 15:00:00-03:00,0.311,0.23500000000000001,0.10400000000000001,2.598
2020-07-28 16:00:00-03:00,0.166,0.11800000000000001,0.069,2.183
2020-07-28 17:00:00-03:00,0.033,0.028,0.02,1.385
2020-07-28 18:00:00-03:00,0.0,0.0,0.0,0.562
2020-07-28 19:00:00-03:00,0.0,0.0,0.0,0.362
2020-07-28 20:00:00-03:00,0.0,0.0,0.0,0.35100000000000003
2020-07-28 21:00:00-03:00,0.0,0.0,0.0,0.28600000000000003
2020-07-28 22:00:00-03:00,0.0,0.0,0.0,0.15
2020-07-28 23:00:00-03:00,0.0,0.0,0.0,0.094
2020-07-29 00:00:00-03:00,0.0,0.0,0.0,0.13
2020-07-29 01:00:00-03:00,0.0,0.0,0.0,-0.084
2020-07-29 02:00:00-03:00,0.0,0.0,0.0,-0.101
2020-07-29 03:00:00-03:00,0.0,0.0,0.0,0.23500000000000001
2020-07-29 04:00:00-03:00,0.0,0.0,0.0,0.456
2020-07-29 05:00:00-03:00,0.0,0.0,0.0,0.7030000000000001
2020-07-29 06:00:00-03:00,0.0,0.0,0.0,0.855
2020-07-29 07:00:00-03:00,0.0,0.0,0.0,0.797
2020-07-29 08:00:00-03:00,0.0,0.0,0.0,0.6880000000000001
2020-07-29 09:00:00-03:00,0.001,0.004,0.004,0.717
2020-07-29 10:00:00-03:00,0.034,0.017,0.033,1.071
2020-07-29 11:00:00-03:00,0.083,0.03,0.07200000000000001,1.561
2020-07-29 12:00:00-03:00,0.149,0.055,0.114,2.099
2020-07-29 13:00:00-03:00,0.215,0.095,0.14300000000000002,2.575
2020-07-29 14:00:00-03:00,0.232,0.116,0.139,2.799
2020-07-29 15:00:00-03:00,0.218,0.128,0.113,2.755
2020-07-29 16:00:00-03:00,0.139,0.088,0.07100000000000001,2.31
2020-07-29 17:00:00-03:00,0.034,0.027,0.021,1.034
2020-07-29 18:00:00-03:00,0.0,0.0,0.0,-0.155
2020-07-29 19:00:00-03:00,0.0,0.0,0.0,-0.302
2020-07-29 20:00:00-03:00,0.0,0.0,0.0,-0.316
2020-07-29 21:00:00-03:00,0.0,0.0,0.0,-0.089
2020-07-29 22:00:00-03:00,0.0,0.0,0.0,0.069
2020-07-29 23:00:00-03:00,0.0,0.0,0.0,0.109
2020-07-30 00:00:00-03:00,0.0,0.0,0.0,0.065
2020-07-30 01:00:00-03:00,0.0,0.0,0.0,-0.126
2020-07-30 02:00:00-03:00,0.0,0.0,0.0,-0.359
2020-07-30 03:00:00-03:00,0.0,0.0,0.0,-0.504
2020-07-30 04:00:00-03:00,0.0,0.0,0.0,-0.6890000000000001
2020-07-30 05:00:00-03:00,0.0,0.0,0.0,-1.062
2020-07-30 06:00:00-03:00,0.0,0.0,0.0,-1.338
2020-07-30 07:00:00-03:00,0.0,0.0,0.0,-1.45
2020-07-30 08:00:00-03:00,0.0,0.0,0.0,-1.7109999999999999
2020-07-30 09:00:00-03:00,0.032,0.039,0.007,-2.33
2020-07-30 10:00:00-03:00,0.28700000000000003,0.261,0.046,-1.6019999999999999
2020-07-30 11:00:00-03:00,0.47100000000000003,0.438,0.07,-0.522
2020-07-30 12:00:00-03:00,0.603,0.594,0.07200000000000001,0.34
2020-07-30 13:00:00-03:00,0.6880000000000001,0.716,0.059000000000000004,1.2810000000000001
2020-07-30 14:00:00-03:00,0.674,0.7010000000000001,0.058,1.663
2020-07-30 15:00:00-03:00,0.619,0.631,0.058,1.699
2020-07-30 16:00:00-03:00,0.483,0.47500000000000003,0.051000000000000004,1.157
2020-07-30 17:00:00-03:00,0.171,0.164,0.025,-0.428
2020-07-30 18:00:00-03:00,0.0,0.0,0.0,-1.542
2020-07-30 19:00:00-03:00,0.0,0.0,0.0,-1.4140000000000001
2020-07-30 20:00:00-03:00,0.0,0.0,0.0,-1.432
2020-07-30 21:00:00-03:00,0.0,0.0,0.0,-1.556
2020-07-30 22:00:00-03:00,0.0,0.0,0.0,-1.71
2020-07-30 23:00:00-03:00,0.0,0.0,0.0,-1.816
2020-07-31 00:00:00-03:00,0.0,0.0,0.0,-1.846
2020-07-31 01:00:00-03:00,0.0,0.0,0.0,-1.8399999999999999
2020-07-31 02:00:00-03:00,0.0,0.0,0.0,-1.7890000000000001
2020-07-31 03:00:00-03:00,0.0,0.0,0.0,-1.703
2020-07-31 04:00:00-03:00,0.0,0.0,0.0,-1.722
2020-07-31 05:00:00-03:00,0.0,0.0,0.0,-1.957
2020-07-31 06:00:00-03:00,0.0,0.0,0.0,-2.316
2020-07-31 07:00:00-03:00,0.0,0.0,0.0,-2.757
2020-07-31 08:00:00-03:00,0.0,0.0,0.0,-3.098
2020-07-31 09:00:00-03:00,0.008,0.012,0.006,-3.307
2020-07-31 10:00:00-03:00,0.10200000000000001,0.069,0.049,-3.117
2020-07-31 11:00:00-03:00,0.196,0.11800000000000001,0.095,-2.378
2020-07-31 12:00:00-03:00,0.247,0.136,0.13,-1.358
2020-07-31 13:00:00-03:00,0.277,0.149,0.15,-0.313
2020-07-31 14:00:00-03:00,0.246,0.124,0.14300000000000002,0.516
2020-07-31 15:00:00-03:00,0.162,0.07100000000000001,0.11,0.875
2020-07-31 16:00:00-03:00,0.048,0.015,0.049,0.667
2020-07-31 17:00:00-03:00,0.004,0.003,0.01,0.164
2020-07-31 18:00:00-03:00,0.0,0.0,0.0,-0.17400000000000002
2020-07-31 19:00:00-03:00,0.0,0.0,0.0,-0.358
2020-07-31 20:00:00-03:00,0.0,0.0,0.0,-0.441
2020-07-31 21:00:00-03:00,0.0,0.0,0.0,-0.323
2020-07-31 22:00:00-03:00,0.0,0.0,0.0,-0.082
2020-07-31 23:00:00-03:00,0.0,0.0,0.0,0.09
2020-08-01 00:00:00-03:00,0.0,0.0,0.0,-0.016
2020-08-01 01:00:00-03:00,0.0,0.0,0.0,0.14
2020-08-01 02:00:00-03:00,0.0,0.0,0.0,0.263
2020-08-01 03:00:00-03:00,0.0,0.0,0.0,0.316
2020-08-01 04:00:00-03:00,0.0,0.0,0.0,0.297
2020-08-01 05:00:00-03:00,0.0,0.0,0.0,0.14300000000000002
2020-08-01 06:00:00-03:00,0.0,0.0,0.0,-0.14400000000000002
2020-08-01 07:00:00-03:00,0.0,0.0,0.0,-0.448
2020-08-01 08:00:00-03:00,0.0,0.0,0.0,-0.736
2020-08-01 09:00:00-03:00,0.001,0.003,0.005,-0.978
2020-08-01 10:00:00-03:00,0.032,0.013000000000000001,0.034,-0.627
2020-08-01 11:00:00-03:00,0.096,0.033,0.081,0.051000000000000004
2020-08-01 12:00:00-03:00,0.161,0.057,0.124,0.871
2020-08-01 13:00:00-03:00,0.165,0.048,0.137,1.5590000000000002
2020-08-01 14:00:00-03:00,0.154,0.043000000000000003,0.131,1.988
2020-08-01 15:00:00-03:00,0.096,0.024,0.091,1.9380000000000002
2020-08-01 16:00:00-03:00,0.05,0.014,0.052000000000000005,1.441
2020-08-01 17:00:00-03:00,0.007,0.004,0.013000000000000001,0.805
2020-08-01 18:00:00-03:00,0.0,0.0,0.0,0.457
2020-08-01 19:00:00-03:00,0.0,0.0,0.0,0.095
2020-08-01 20:00:00-03:00,0.0,0.0,0.0,-0.17500000000000002
2020-08-01 21:00:00-03:00,0.0,0.0,0.0,-0.076
2020-08-01 22:00:00-03:00,0.0,0.0,0.0,0.47700000000000004
2020-08-01 23:00:00-03:00,0.0,0.0,0.0,1.121
2020-08-02 00:00:00-03:00,0.0,0.0,0.0,1.206
2020-08-02 01:00:00-03:00,0.0,0.0,0.0,1.354
2020-08-02 02:00:00-03:00,0.0,0.0,0.0,1.502
2020-08-02 03:00:00-03:00,0.0,0.0,0.0,1.307
2020-08-02 04:00:00-03:00,0.0,0.0,0.0,1.1280000000000001
2020-08-02 05:00:00-03:00,0.0,0.0,0.0,1.127
2020-08-02 06:00:00-03:00,0.0,0.0,0.0,1.148
2020-08-02 07:00:00-03:00,0.0,0.0,0.0,1.161
2020-08-02 08:00:00-03:00,0.0,0.0,0.0,1.084
2020-08-02 09:00:00-03:00,0.026000000000000002,0.032,0.008,0.975
2020-08-02 10:00:00-03:00,0.233,0.203,0.052000000000000005,1.441
2020-08-02 11:00:00-03:00,0.448,0.41000000000000003,0.078,2.168
2020-08-02 12:00:00-03:00,0.582,0.5680000000000001,0.082,3.059
2020-08-02 13:00:00-03:00,0.613,0.61,0.081,3.923
2020-08-02 14:00:00-03:00,0.592,0.584,0.082,4.353
2020-08-02 15:00:00-03:00,0.533,0.517,0.078,4.303
2020-08-02 16:00:00-03:00,0.369,0.336,0.067,3.317
2020-08-02 17:00:00-03:00,0.056,0.046,0.026000000000000002,0.798
2020-08-02 18:00:00-03:00,0.0,0.0,0.0,0.192
2020-08-02 19:00:00-03:00,0.0,0.0,0.0,0.774
2020-08-02 20:00:00-03:00,0.0,0.0,0.0,0.628
2020-08-02 21:00:00-03:00,0.0,0.0,0.0,0.668
2020-08-02 22:00:00-03:00,0.0,0.0,0.0,0.778
2020-08-02 23:00:00-03:00,0.0,0.0,0.0,1.054
2020-08-03 00:00:00-03:00,0.0,0.0,0.0,1.294
2020-08-03 01:00:00-03:00,0.0,0.0,0.0,1.336
2020-08-03 02:00:00-03:00,0.0,0.0,0.0,1.1360000000000001
2020-08-03 03:00:00-03:00,0.0,0.0,0.0,0.843
2020-08-03 04:00:00-03:00,0.0,0.0,0.0,0.757
2020-08-03 05:00:00-03:00,0.0,0.0,0.0,0.89
2020-08-03 06:00:00-03:00,0.0,0.0,0.0,1.238
2020-08-03 07:00:00-03:00,0.0,0.0,0.0,1.6219999999999999
2020-08-03 08:00:00-03:00,0.0,0.0,0.0,1.921
2020-08-03 09:00:00-03:00,0.07,0.078,0.01,2.075
2020-08-03 10:00:00-03:00,0.40900000000000003,0.4,0.047,3.023
2020-08-03 11:00:00-03:00,0.5740000000000001,0.58,0.063,3.983
2020-08-03 12:00:00-03:00,0.652,0.679,0.065,4.853
2020-08-03 13:00:00-03:00,0.674,0.712,0.063,5.46
2020-08-03 14:00:00-03:00,0.642,0.665,0.069,5.521
2020-08-03 15:00:00-03:00,0.46900000000000003,0.435,0.085,5.162
2020-08-03 16:00:00-03:00,0.342,0.307,0.067,4.273
2020-08-03 17:00:00-03:00,0.14200000000000002,0.131,0.031,2.151
2020-08-03 18:00:00-03:00,0.0,0.001,0.0,0.084
2020-08-03 19:00:00-03:00,0.0,0.0,0.0,-0.133
2020-08-03 20:00:00-03:00,0.0,0.0,0.0,-0.25
2020-08-03 21:00:00-03:00,0.0,0.0,0.0,-0.527
2020-08-03 22:00:00-03:00,0.0,0.0,0.0,-0.633
2020-08-03 23:00:00-03:00,0.0,0.0,0.0,-0.705
2020-08-04 00:00:00-03:00,0.0,0.0,0.0,-0.68
2020-08-04 01:00:00-03:00,0.0,0.0,0.0,-0.633
2020-08-04 02:00:00-03:00,0.0,0.0,0.0,-0.611
2020-08-04 03:00:00-03:00,0.0,0.0,0.0,-0.578
2020-08-04 04:00:00-03:00,0.0,0.0,0.0,-0.624
2020-08-04 05:00:00-03:00,0.0,0.0,0.0,-0.53
2020-08-04 06:00:00-03:00,0.0,0.0,0.0,-0.326
2020-08-04 07:00:00-03:00,0.0,0.0,0.0,-0.038
2020-08-04 08:00:00-03:00,0.0,0.0,0.0,0.23500000000000001
2020-08-04 09:00:00-03:00,0.038,0.043000000000000003,0.011,0.681
2020-08-04 10:00:00-03:00,0.2,0.164,0.058,2.21
2020-08-04 11:00:00-03:00,0.307,0.23800000000000002,0.098,3.481
2020-08-04 12:00:00-03:00,0.39,0.304,0.125,4.539
2020-08-04 13:00:00-03:00,0.327,0.209,0.151,5.203
2020-08-04 14:00:00-03:00,0.192,0.077,0.139,5.142
2020-08-04 15:00:00-03:00,0.114,0.037,0.098,4.421
2020-08-04 16:00:00-03:00,0.065,0.024,0.059000000000000004,3.437
2020-08-04 17:00:00-03:00,0.038,0.026000000000000002,0.027,2.1
2020-08-04 18:00:00-03:00,0.0,0.001,0.001,0.511
2020-08-04 19:00:00-03:00,0.0,0.0,0.0,0.223
2020-08-04 20:00:00-03:00,0.0,0.0,0.0,-0.025
2020-08-04 21:00:00-03:00,0.0,0.0,0.0,-0.255
2020-08-04 22:00:00-03:00,0.0,0.0,0.0,-0.594
2020-08-04 23:00:00-03:00,0.0,0.0,0.0,-0.717
2020-08-05 00:00:00-03:00,0.0,0.0,0.0,-0.592
2020-08-05 01:00:00-03:00,0.0,0.0,0.0,-0.513
2020-08-05 02:00:00-03:00,0.0,0.0,0.0,-0.578
2020-08-05 03:00:00-03:00,0.0,0.0,0.0,-0.6950000000000001
2020-08-05 04:00:00-03:00,0.0,0.0,0.0,-0.889
2020-08-05 05:00:00-03:00,0.0,0.0,0.0,-1.016
2020-08-05 06:00:00-03:00,0.0,0.0,0.0,-0.835
2020-08-05 07:00:00-03:00,0.0,0.0,0.0,-0.625
2020-08-05 08:00:00-03:00,0.0,0.0,0.0,-0.315
2020-08-05 09:00:00-03:00,0.0,0.002,0.004,-0.018000000000000002
2020-08-05 10:00:00-03:00,0.018000000000000002,0.005,0.026000000000000002,0.626
2020-08-05 11:00:00-03:00,0.061,0.012,0.066,1.331
2020-08-05 12:00:00-03:00,0.108,0.021,0.107,2.055
2020-08-05 13:00:00-03:00,0.111,0.016,0.114,2.535
2020-08-05 14:00:00-03:00,0.08700000000000001,0.01,0.095,2.623
2020-08-05 15:00:00-03:00,0.058,0.007,0.068,2.539
2020-08-05 16:00:00-03:00,0.039,0.008,0.047,2.396
2020-08-05 17:00:00-03:00,0.015,0.007,0.021,1.901
2020-08-05 18:00:00-03:00,0.0,0.0,0.001,1.193
2020-08-05 19:00:00-03:00,0.0,0.0,0.0,0.555
2020-08-05 20:00:00-03:00,0.0,0.0,0.0,-0.073
2020-08-05 21:00:00-03:00,0.0,0.0,0.0,-0.65
2020-08-05 22:00:00-03:00,0.0,0.0,0.0,-1.126
2020-08-05 23:00:00-03:00,0.0,0.0,0.0,-1.325
2020-08-06 00:00:00-03:00,0.0,0.0,0.0,-1.319
2020-08-06 01:00:00-03:00,0.0,0.0,0.0,-1.227
2020-08-06 02:00:00-03:00,0.0,0.0,0.0,-1.115
2020-08-06 03:00:00-03:00,0.0,0.0,0.0,-0.97
2020-08-06 04:00:00-03:00,0.0,0.0,0.0,-0.685
2020-08-06 05:00:00-03:00,0.0,0.0,0.0,-0.521
2020-08-06 06:00:00-03:00,0.0,0.0,0.0,-0.711
2020-08-06 07:00:00-03:00,0.0,0.0,0.0,-0.852
2020-08-06 08:00:00-03:00,0.0,0.0,0.0,-0.649
2020-08-06 09:00:00-03:00,0.007,0.009000000000000001,0.009000000000000001,-0.536
2020-08-06 10:00:00-03:00,0.064,0.031,0.05,0.006
2020-08-06 11:00:00-03:00,0.066,0.016,0.068,1.111
2020-08-06 12:00:00-03:00,0.109,0.023,0.10400000000000001,2.004
2020-08-06 13:00:00-03:00,0.191,0.062,0.151,2.802
2020-08-06 14:00:00-03:00,0.28700000000000003,0.154,0.161,3.644
2020-08-06 15:00:00-03:00,0.197,0.094,0.126,3.843
2020-08-06 16:00:00-03:00,0.06,0.019,0.059000000000000004,3.191
2020-08-06 17:00:00-03:00,0.015,0.007,0.02,2.184
2020-08-06 18:00:00-03:00,0.0,0.0,0.001,1.452
2020-08-06 19:00:00-03:00,0.0,0.0,0.0,1.351
2020-08-06 20:00:00-03:00,0.0,0.0,0.0,1.3599999999999999
2020-08-06 21:00:00-03:00,0.0,0.0,0.0,0.931
2020-08-06 22:00:00-03:00,0.0,0.0,0.0,0.14200000000000002
2020-08-06 23:00:00-03:00,0.0,0.0,0.0,-0.533
2020-08-07 00:00:00-03:00,0.0,0.0,0.0,-0.812
2020-08-07 01:00:00-03:00,0.0,0.0,0.0,-0.742
2020-08-07 02:00:00-03:00,0.0,0.0,0.0,-0.795
2020-08-07 03:00:00-03:00,0.0,0.0,0.0,-0.801
2020-08-07 04:00:00-03:00,0.0,0.0,0.0,-0.727
2020-08-07 05:00:00-03:00,0.0,0.0,0.0,-0.319
2020-08-07 06:00:00-03:00,0.0,0.0,0.0,-0.051000000000000004
2020-08-07 07:00:00-03:00,0.0,0.0,0.0,0.165
2020-08-07 08:00:00-03:00,0.0,0.0,0.0,0.422
2020-08-07 09:00:00-03:00,0.11800000000000001,0.123,0.014,0.8230000000000001
2020-08-07 10:00:00-03:00,0.41600000000000004,0.399,0.052000000000000005,1.915
2020-08-07 11:00:00-03:00,0.54,0.526,0.073,3.146
2020-08-07 12:00:00-03:00,0.559,0.535,0.09,4.034
2020-08-07 13:00:00-03:00,0.536,0.493,0.105,4.44
2020-08-07 14:00:00-03:00,0.507,0.456,0.107,4.492
2020-08-07 15:00:00-03:00,0.47500000000000003,0.433,0.092,4.299
2020-08-07 16:00:00-03:00,0.40900000000000003,0.379,0.069,3.7279999999999998
2020-08-07 17:00:00-03:00,0.195,0.18,0.036000000000000004,2.371
2020-08-07 18:00:00-03:00,0.0,0.004,0.001,0.251
2020-08-07 19:00:00-03:00,0.0,0.0,0.0,-0.762
2020-08-07 20:00:00-03:00,0.0,0.0,0.0,-1.461
2020-08-07 21:00:00-03:00,0.0,0.0,0.0,-2.061
2020-08-07 22:00:00-03:00,0.0,0.0,0.0,-2.273
2020-08-07 23:00:00-03:00,0.0,0.0,0.0,-2.014
2020-08-08 00:00:00-03:00,0.0,0.0,0.0,-1.718
2020-08-08 01:00:00-03:00,0.0,0.0,0.0,-1.4809999999999999
2020-08-08 02:00:00-03:00,0.0,0.0,0.0,-1.26
2020-08-08 03:00:00-03:00,0.0,0.0,0.0,-0.9390000000000001
2020-08-08 04:00:00-03:00,0.0,0.0,0.0,-1.168
2020-08-08 05:00:00-03:00,0.0,0.0,0.0,-1.658
2020-08-08 06:00:00-03:00,0.0,0.0,0.0,-1.9100000000000001
2020-08-08 07:00:00-03:00,0.0,0.0,0.0,-2.053
2020-08-08 08:00:00-03:00,0.0,0.0,0.0,-1.751
2020-08-08 09:00:00-03:00,0.051000000000000004,0.053,0.015,-0.9430000000000001
2020-08-08 10:00:00-03:00,0.111,0.073,0.057,0.456
2020-08-08 11:00:00-03:00,0.139,0.067,0.092,1.3940000000000001
2020-08-08 12:00:00-03:00,0.28800000000000003,0.177,0.136,2.141
2020-08-08 13:00:00-03:00,0.47100000000000003,0.383,0.133,2.6630000000000003
2020-08-08 14:00:00-03:00,0.482,0.406,0.123,2.975
2020-08-08 15:00:00-03:00,0.388,0.311,0.112,2.988
2020-08-08 16:00:00-03:00,0.307,0.253,0.081,2.572
2020-08-08 17:00:00-03:00,0.155,0.135,0.039,1.5430000000000001
2020-08-08 18:00:00-03:00,0.0,0.004,0.002,0.04
2020-08-08 19:00:00-03:00,0.0,0.0,0.0,-0.931
2020-08-08 20:00:00-03:00,0.0,0.0,0.0,-1.349
2020-08-08 21:00:00-03:00,0.0,0.0,0.0,-1.4929999999999999
2020-08-08 22:00:00-03:00,0.0,0.0,0.0,-1.459
2020-08-08 23:00:00-03:00,0.0,0.0,0.0,-1.336
2020-08-09 00:00:00-03:00,0.0,0.0,0.0,-1.303
2020-08-09 01:00:00-03:00,0.0,0.0,0.0,-1.3900000000000001
2020-08-09 02:00:00-03:00,0.0,0.0,0.0,-1.491
2020-08-09 03:00:00-03:00,0.0,0.0,0.0,-1.6640000000000001
2020-08-09 04:00:00-03:00,0.0,0.0,0.0,-1.831
2020-08-09 05:00:00-03:00,0.0,0.0,0.0,-1.931
2020-08-09 06:00:00-03:00,0.0,0.0,0.0,-1.956
2020-08-09 07:00:00-03:00,0.0,0.0,0.0,-1.833
2020-08-09 08:00:00-03:00,0.0,0.0,0.0,-1.729
2020-08-09 09:00:00-03:00,0.027,0.027,0.014,-1.496
2020-08-09 10:00:00-03:00,0.10300000000000001,0.059000000000000004,0.062,-0.737
2020-08-09 11:00:00-03:00,0.162,0.075,0.107,0.45
2020-08-09 12:00:00-03:00,0.185,0.065,0.14,1.577
2020-08-09 13:00:00-03:00,0.162,0.037,0.145,2.265
2020-08-09 14:00:00-03:00,0.098,0.013000000000000001,0.10400000000000001,2.286
2020-08-09 15:00:00-03:00,0.047,0.005,0.059000000000000004,1.662
2020-08-09 16:00:00-03:00,0.021,0.003,0.032,0.963
2020-08-09 17:00:00-03:00,0.008,0.003,0.015,0.6900000000000001
2020-08-09 18:00:00-03:00,0.0,0.0,0.001,0.17300000000000001
2020-08-09 19:00:00-03:00,0.0,0.0,0.0,-0.092
2020-08-09 20:00:00-03:00,0.0,0.0,0.0,-0.593
2020-08-09 21:00:00-03:00,0.0,0.0,0.0,-1.116
2020-08-09 22:00:00-03:00,0.0,0.0,0.0,-1.642
2020-08-09 23:00:00-03:00,0.0,0.0,0.0,-1.9929999999999999
2020-08-10 00:00:00-03:00,0.0,0.0,0.0,-2.177
2020-08-10 01:00:00-03:00,0.0,0.0,0.0,-2.281
2020-08-10 02:00:00-03:00,0.0,0.0,0.0,-2.207
2020-08-10 03:00:00-03:00,0.0,0.0,0.0,-1.999
2020-08-10 04:00:00-03:00,0.0,0.0,0.0,-1.724
2020-08-10 05:00:00-03:00,0.0,0.0,0.0,-1.498
2020-08-10 06:00:00-03:00,0.0,0.0,0.0,-1.326
2020-08-10 07:00:00-03:00,0.0,0.0,0.0,-1.179
2020-08-10 08:00:00-03:00,0.0,0.0,0.0,-0.861
2020-08-10 09:00:00-03:00,0.006,0.007,0.009000000000000001,-0.436
2020-08-10 10:00:00-03:00,0.056,0.024,0.049,0.008
2020-08-10 11:00:00-03:00,0.124,0.048,0.095,0.327
2020-08-10 12:00:00-03:00,0.20400000000000001,0.084,0.14,0.553
2020-08-10 13:00:00-03:00,0.28300000000000003,0.14,0.167,0.708
2020-08-10 14:00:00-03:00,0.343,0.211,0.159,0.795
2020-08-10 15:00:00-03:00,0.30000000000000004,0.193,0.131,0.635
2020-08-10 16:00:00-03:00,0.188,0.11800000000000001,0.09,0.241
2020-08-10 17:00:00-03:00,0.07,0.048,0.039,-0.373
2020-08-10 18:00:00-03:00,0.0,0.002,0.002,-0.91
2020-08-10 19:00:00-03:00,0.0,0.0,0.0,-0.8130000000000001
2020-08-10 20:00:00-03:00,0.0,0.0,0.0,-0.6950000000000001
2020-08-10 21:00:00-03:00,0.0,0.0,0.0,-0.505
2020-08-10 22:00:00-03:00,0.0,0.0,0.0,-0.217
2020-08-10 23:00:00-03:00,0.0,0.0,0.0,0.1
2020-08-11 00:00:00-03:00,0.0,0.0,0.0,0.338
2020-08-11 01:00:00-03:00,0.0,0.0,0.0,0.587
2020-08-11 02:00:00-03:00,0.0,0.0,0.0,0.758
2020-08-11 03:00:00-03:00,0.0,0.0,0.0,0.889
2020-08-11 04:00:00-03:00,0.0,0.0,0.0,1.158
2020-08-11 05:00:00-03:00,0.0,0.0,0.0,1.5110000000000001
2020-08-11 06:00:00-03:00,0.0,0.0,0.0,1.827
2020-08-11 07:00:00-03:00,0.0,0.0,0.0,1.862
2020-08-11 08:00:00-03:00,0.0,0.0,0.0,1.726
2020-08-11 09:00:00-03:00,0.038,0.037,0.016,1.634
2020-08-11 10:00:00-03:00,0.126,0.081,0.065,1.9500000000000002
2020-08-11 11:00:00-03:00,0.273,0.183,0.115,2.504
2020-08-11 12:00:00-03:00,0.298,0.176,0.15,3.013
2020-08-11 13:00:00-03:00,0.271,0.126,0.171,3.222
2020-08-11 14:00:00-03:00,0.198,0.069,0.151,3.16
2020-08-11 15:00:00-03:00,0.217,0.10300000000000001,0.137,3.071
2020-08-11 16:00:00-03:00,0.036000000000000004,0.007,0.044,2.35
2020-08-11 17:00:00-03:00,0.017,0.007,0.023,2.026
2020-08-11 18:00:00-03:00,0.0,0.001,0.001,1.6640000000000001
2020-08-11 19:00:00-03:00,0.0,0.0,0.0,1.239
2020-08-11 20:00:00-03:00,0.0,0.0,0.0,0.888
2020-08-11 21:00:00-03:00,0.0,0.0,0.0,0.728
2020-08-11 22:00:00-03:00,0.0,0.0,0.0,0.599
2020-08-11 23:00:00-03:00,0.0,0.0,0.0,0.309
2020-08-12 00:00:00-03:00,0.0,0.0,0.0,-0.101
2020-08-12 01:00:00-03:00,0.0,0.0,0.0,-0.491
2020-08-12 02:00:00-03:00,0.0,0.0,0.0,-0.739
2020-08-12 03:00:00-03:00,0.0,0.0,0.0,-0.788
2020-08-12 04:00:00-03:00,0.0,0.0,0.0,-0.803
2020-08-12 05:00:00-03:00,0.0,0.0,0.0,-1.007
2020-08-12 06:00:00-03:00,0.0,0.0,0.0,-1.187
2020-08-12 07:00:00-03:00,0.0,0.0,0.0,-1.474
2020-08-12 08:00:00-03:00,0.0,0.0,0.0,-1.916
2020-08-12 09:00:00-03:00,0.122,0.11900000000000001,0.02,-1.845
2020-08-12 10:00:00-03:00,0.309,0.265,0.067,-0.552
2020-08-12 11:00:00-03:00,0.432,0.369,0.098,0.848
2020-08-12 12:00:00-03:00,0.516,0.45,0.116,1.78
2020-08-12 13:00:00-03:00,0.466,0.369,0.14,2.185
2020-08-12 14:00:00-03:00,0.45,0.352,0.139,2.364
2020-08-12 15:00:00-03:00,0.338,0.24,0.126,2.251
2020-08-12 16:00:00-03:00,0.189,0.12,0.089,1.764
2020-08-12 17:00:00-03:00,0.073,0.051000000000000004,0.04,0.586
2020-08-12 18:00:00-03:00,0.0,0.004,0.003,-0.9570000000000001
2020-08-12 19:00:00-03:00,0.0,0.0,0.0,-1.208
2020-08-12 20:00:00-03:00,0.0,0.0,0.0,-1.417
2020-08-12 21:00:00-03:00,0.0,0.0,0.0,-1.641
2020-08-12 22:00:00-03:00,0.0,0.0,0.0,-1.782
2020-08-12 23:00:00-03:00,0.0,0.0,0.0,-1.758
2020-08-13 00:00:00-03:00,0.0,0.0,0.0,-1.657
2020-08-13 01:00:00-03:00,0.0,0.0,0.0,-1.63
2020-08-13 02:00:00-03:00,0.0,0.0,0.0,-1.638
2020-08-13 03:00:00-03:00,0.0,0.0,0.0,-1.549
2020-08-13 04:00:00-03:00,0.0,0.0,0.0,-1.5750000000000002
2020-08-13 05:00:00-03:00,0.0,0.0,0.0,-1.702
2020-08-13 06:00:00-03:00,0.0,0.0,0.0,-1.863
2020-08-13 07:00:00-03:00,0.0,0.0,0.0,-2.049
2020-08-13 08:00:00-03:00,0.0,0.0,0.0,-2.315
2020-08-13 09:00:00-03:00,0.03,0.027,0.017,-2.03
2020-08-13 10:00:00-03:00,0.115,0.068,0.064,-0.645
2020-08-13 11:00:00-03:00,0.20500000000000002,0.114,0.111,0.371
2020-08-13 12:00:00-03:00,0.298,0.17400000000000002,0.148,1.014
2020-08-13 13:00:00-03:00,0.371,0.23700000000000002,0.164,1.427
2020-08-13 14:00:00-03:00,0.382,0.258,0.156,1.637
2020-08-13 15:00:00-03:00,0.353,0.255,0.128,1.645
2020-08-13 16:00:00-03:00,0.325,0.261,0.091,1.341
2020-08-13 17:00:00-03:00,0.213,0.185,0.048,-0.091
2020-08-13 18:00:00-03:00,0.01,0.017,0.004,-2.355
2020-08-13 19:00:00-03:00,0.0,0.0,0.0,-2.877
2020-08-13 20:00:00-03:00,0.0,0.0,0.0,-3.183
2020-08-13 21:00:00-03:00,0.0,0.0,0.0,-3.737
2020-08-13 22:00:00-03:00,0.0,0.0,0.0,-3.93
2020-08-13 23:00:00-03:00,0.0,0.0,0.0,-4.193
2020-08-14 00:00:00-03:00,0.0,0.0,0.0,-4.63
2020-08-14 01:00:00-03:00,0.0,0.0,0.0,-5.201
2020-08-14 02:00:00-03:00,0.0,0.0,0.0,-5.369
2020-08-14 03:00:00-03:00,0.0,0.0,0.0,-5.191
2020-08-14 04:00:00-03:00,0.0,0.0,0.0,-4.799
2020-08-14 05:00:00-03:00,0.0,0.0,0.0,-4.511
2020-08-14 06:00:00-03:00,0.0,0.0,0.0,-4.443
2020-08-14 07:00:00-03:00,0.0,0.0,0.0,-4.419
2020-08-14 08:00:00-03:00,0.0,0.0,0.0,-4.391
2020-08-14 09:00:00-03:00,0.005,0.004,0.01,-4.257
2020-08-14 10:00:00-03:00,0.028,0.006,0.035,-3.5300000000000002
2020-08-14 11:00:00-03:00,0.062,0.01,0.068,-2.653
2020-08-14 12:00:00-03:00,0.107,0.017,0.108,-1.556
2020-08-14 13:00:00-03:00,0.187,0.045,0.161,-0.203
2020-08-14 14:00:00-03:00,0.248,0.094,0.176,1.076
2020-08-14 15:00:00-03:00,0.185,0.069,0.137,1.626
2020-08-14 16:00:00-03:00,0.078,0.022,0.074,1.404
2020-08-14 17:00:00-03:00,0.022,0.008,0.027,0.47200000000000003
2020-08-14 18:00:00-03:00,0.0,0.001,0.002,-0.76
2020-08-14 19:00:00-03:00,0.0,0.0,0.0,-1.355
2020-08-14 20:00:00-03:00,0.0,0.0,0.0,-1.425
2020-08-14 21:00:00-03:00,0.0,0.0,0.0,-0.922
2020-08-14 22:00:00-03:00,0.0,0.0,0.0,-0.364
2020-08-14 23:00:00-03:00,0.0,0.0,0.0,-0.417
2020-08-15 00:00:00-03:00,0.0,0.0,0.0,-0.837
2020-08-15 01:00:00-03:00,0.0,0.0,0.0,-1.611
2020-08-15 02:00:00-03:00,0.0,0.0,0.0,-2.359
2020-08-15 03:00:00-03:00,0.0,0.0,0.0,-2.899
2020-08-15 04:00:00-03:00,0.0,0.0,0.0,-3.302
2020-08-15 05:00:00-03:00,0.0,0.0,0.0,-3.252
2020-08-15 06:00:00-03:00,0.0,0.0,0.0,-2.841
2020-08-15 07:00:00-03:00,0.0,0.0,0.0,-2.501
2020-08-15 08:00:00-03:00,0.0,0.0,0.0,-2.208
2020-08-15 09:00:00-03:00,0.001,0.001,0.007,-1.9
2020-08-15 10:00:00-03:00,0.018000000000000002,0.003,0.028,-1.27
2020-08-15 11:00:00-03:00,0.046,0.005,0.057,-0.23500000000000001
2020-08-15 12:00:00-03:00,0.11,0.016,0.113,0.9450000000000001
2020-08-15 13:00:00-03:00,0.14200000000000002,0.021,0.14100000000000001,1.788
2020-08-15 14:00:00-03:00,0.099,0.01,0.107,2.128
2020-08-15 15:00:00-03:00,0.083,0.011,0.09,1.979
2020-08-15 16:00:00-03:00,0.056,0.01,0.062,1.3820000000000001
2020-08-15 17:00:00-03:00,0.029,0.01,0.033,0.5
2020-08-15 18:00:00-03:00,0.0,0.002,0.003,-0.281
2020-08-15 19:00:00-03:00,0.0,0.0,0.0,-0.644
2020-08-15 20:00:00-03:00,0.0,0.0,0.0,-0.749
2020-08-15 21:00:00-03:00,0.0,0.0,0.0,-0.657
2020-08-15 22:00:00-03:00,0.0,0.0,0.0,-0.372
2020-08-15 23:00:00-03:00,0.0,0.0,0.0,0.127
2020-08-16 00:00:00-03:00,0.0,0.0,0.0,0.49
2020-08-16 01:00:00-03:00,0.0,0.0,0.0,0.587
2020-08-16 02:00:00-03:00,0.0,0.0,0.0,0.745
2020-08-16 03:00:00-03:00,0.0,0.0,0.0,1.114
2020-08-16 04:00:00-03:00,0.0,0.0,0.0,1.529
2020-08-16 05:00:00-03:00,0.0,0.0,0.0,1.704
2020-08-16 06:00:00-03:00,0.0,0.0,0.0,1.553
2020-08-16 07:00:00-03:00,0.0,0.0,0.0,1.2530000000000001
2020-08-16 08:00:00-03:00,0.0,0.0,0.0,1.026
2020-08-16 09:00:00-03:00,0.064,0.057,0.024,0.965
2020-08-16 10:00:00-03:00,0.192,0.138,0.075,1.362
2020-08-16 11:00:00-03:00,0.34600000000000003,0.258,0.117,1.822
2020-08-16 12:00:00-03:00,0.443,0.342,0.14100000000000001,2.205
2020-08-16 13:00:00-03:00,0.454,0.339,0.158,2.504
2020-08-16 14:00:00-03:00,0.439,0.326,0.154,2.686
2020-08-16 15:00:00-03:00,0.372,0.268,0.137,2.625
2020-08-16 16:00:00-03:00,0.125,0.057,0.088,2.11
2020-08-16 17:00:00-03:00,0.02,0.008,0.026000000000000002,1.312
2020-08-16 18:00:00-03:00,0.0,0.001,0.003,0.562
2020-08-16 19:00:00-03:00,0.0,0.0,0.0,0.036000000000000004
2020-08-16 20:00:00-03:00,0.0,0.0,0.0,-0.34500000000000003
2020-08-16 21:00:00-03:00,0.0,0.0,0.0,-0.59
2020-08-16 22:00:00-03:00,0.0,0.0,0.0,-0.28800000000000003
2020-08-16 23:00:00-03:00,0.0,0.0,0.0,0.383
2020-08-17 00:00:00-03:00,0.0,0.0,0.0,1.034
2020-08-17 01:00:00-03:00,0.0,0.0,0.0,1.09
2020-08-17 02:00:00-03:00,0.0,0.0,0.0,1.034
2020-08-17 03:00:00-03:00,0.0,0.0,0.0,0.974
2020-08-17 04:00:00-03:00,0.0,0.0,0.0,0.861
2020-08-17 05:00:00-03:00,0.0,0.0,0.0,0.77
2020-08-17 06:00:00-03:00,0.0,0.0,0.0,0.6940000000000001
2020-08-17 07:00:00-03:00,0.0,0.0,0.0,0.498
2020-08-17 08:00:00-03:00,0.0,0.0,0.0,0.251
2020-08-17 09:00:00-03:00,0.015,0.01,0.017,0.23700000000000002
2020-08-17 10:00:00-03:00,0.078,0.032,0.065,0.847
2020-08-17 11:00:00-03:00,0.148,0.053,0.115,1.7069999999999999
2020-08-17 12:00:00-03:00,0.164,0.041,0.14400000000000002,2.367
2020-08-17 13:00:00-03:00,0.108,0.012,0.115,2.173
2020-08-17 14:00:00-03:00,0.08600000000000001,0.008,0.096,1.896
2020-08-17 15:00:00-03:00,0.093,0.015,0.097,2.118
2020-08-17 16:00:00-03:00,0.094,0.029,0.085,1.991
2020-08-17 17:00:00-03:00,0.041,0.017,0.04,1.2530000000000001
2020-08-17 18:00:00-03:00,0.0,0.002,0.003,0.583
2020-08-17 19:00:00-03:00,0.0,0.0,0.0,0.487
2020-08-17 20:00:00-03:00,0.0,0.0,0.0,0.497
2020-08-17 21:00:00-03:00,0.0,0.0,0.0,0.391
2020-08-17 22:00:00-03:00,0.0,0.0,0.0,0.262
2020-08-17 23:00:00-03:00,0.0,0.0,0.0,0.107
2020-08-18 00:00:00-03:00,0.0,0.0,0.0,-0.162
2020-08-18 01:00:00-03:00,0.0,0.0,0.0,-0.553
2020-08-18 02:00:00-03:00,0.0,0.0,0.0,-0.979
2020-08-18 03:00:00-03:00,0.0,0.0,0.0,-1.425
2020-08-18 04:00:00-03:00,0.0,0.0,0.0,-1.861
2020-08-18 05:00:00-03:00,0.0,0.0,0.0,-2.295
2020-08-18 06:00:00-03:00,0.0,0.0,0.0,-2.62
2020-08-18 07:00:00-03:00,0.0,0.0,0.0,-2.819
2020-08-18 08:00:00-03:00,0.0,0.0,0.0,-3.048
2020-08-18 09:00:00-03:00,0.13,0.117,0.03,-2.868
2020-08-18 10:00:00-03:00,0.28200000000000003,0.224,0.077,-1.77
2020-08-18 11:00:00-03:00,0.342,0.25,0.116,-0.629
2020-08-18 12:00:00-03:00,0.401,0.28400000000000003,0.147,0.192
2020-08-18 13:00:00-03:00,0.40800000000000003,0.273,0.167,0.6880000000000001
2020-08-18 14:00:00-03:00,0.392,0.263,0.161,0.979
2020-08-18 15:00:00-03:00,0.386,0.28400000000000003,0.132,1.116
2020-08-18 16:00:00-03:00,0.34,0.269,0.097,0.961
2020-08-18 17:00:00-03:00,0.197,0.162,0.054,0.123
2020-08-18 18:00:00-03:00,0.024,0.029,0.008,-2.091
2020-08-18 19:00:00-03:00,0.0,0.0,0.0,-3.055
2020-08-18 20:00:00-03:00,0.0,0.0,0.0,-3.412
2020-08-18 21:00:00-03:00,0.0,0.0,0.0,-3.419
2020-08-18 22:00:00-03:00,0.0,0.0,0.0,-3.319
2020-08-18 23:00:00-03:00,0.0,0.0,0.0,-3.738
2020-08-19 00:00:00-03:00,0.0,0.0,0.0,-3.832
2020-08-19 01:00:00-03:00,0.0,0.0,0.0,-3.622
2020-08-19 02:00:00-03:00,0.0,0.0,0.0,-3.478
2020-08-19 03:00:00-03:00,0.0,0.0,0.0,-3.529
2020-08-19 04:00:00-03:00,0.0,0.0,0.0,-3.472
2020-08-19 05:00:00-03:00,0.0,0.0,0.0,-3.161
2020-08-19 06:00:00-03:00,0.0,0.0,0.0,-2.476
2020-08-19 07:00:00-03:00,0.0,0.0,0.0,-1.338
2020-08-19 08:00:00-03:00,0.0,0.0,0.0,-0.251
2020-08-19 09:00:00-03:00,0.005,0.003,0.011,1.089
2020-08-19 10:00:00-03:00,0.032,0.007,0.041,2.442
2020-08-19 11:00:00-03:00,0.063,0.009000000000000001,0.07200000000000001,3.444
2020-08-19 12:00:00-03:00,0.094,0.012,0.10200000000000001,4.077
2020-08-19 13:00:00-03:00,0.164,0.03,0.156,4.707
2020-08-19 14:00:00-03:00,0.224,0.07100000000000001,0.178,5.29
2020-08-19 15:00:00-03:00,0.223,0.097,0.152,5.602
2020-08-19 16:00:00-03:00,0.139,0.06,0.10200000000000001,5.425
2020-08-19 17:00:00-03:00,0.033,0.013000000000000001,0.037,4.901
2020-08-19 18:00:00-03:00,0.001,0.003,0.005,4.377
2020-08-19 19:00:00-03:00,0.0,0.0,0.0,3.96
2020-08-19 20:00:00-03:00,0.0,0.0,0.0,3.721
2020-08-19 21:00:00-03:00,0.0,0.0,0.0,3.634
2020-08-19 22:00:00-03:00,0.0,0.0,0.0,3.56
2020-08-19 23:00:00-03:00,0.0,0.0,0.0,3.614
2020-08-20 00:00:00-03:00,0.0,0.0,0.0,3.7439999999999998
2020-08-20 01:00:00-03:00,0.0,0.0,0.0,3.835
2020-08-20 02:00:00-03:00,0.0,0.0,0.0,3.758
2020-08-20 03:00:00-03:00,0.0,0.0,0.0,3.458
2020-08-20 04:00:00-03:00,0.0,0.0,0.0,3.092
2020-08-20 05:00:00-03:00,0.0,0.0,0.0,2.875
2020-08-20 06:00:00-03:00,0.0,0.0,0.0,2.835
2020-08-20 07:00:00-03:00,0.0,0.0,0.0,2.983
2020-08-20 08:00:00-03:00,0.0,0.0,0.0,3.221
2020-08-20 09:00:00-03:00,0.003,0.002,0.01,3.465
2020-08-20 10:00:00-03:00,0.035,0.008,0.043000000000000003,3.866
2020-08-20 11:00:00-03:00,0.121,0.033,0.108,4.542
2020-08-20 12:00:00-03:00,0.218,0.076,0.167,5.351
2020-08-20 13:00:00-03:00,0.243,0.079,0.191,5.929
2020-08-20 14:00:00-03:00,0.20700000000000002,0.058,0.17500000000000002,6.099
2020-08-20 15:00:00-03:00,0.13,0.029,0.123,5.964
2020-08-20 16:00:00-03:00,0.064,0.013000000000000001,0.07,5.615
2020-08-20 17:00:00-03:00,0.017,0.004,0.026000000000000002,5.119
2020-08-20 18:00:00-03:00,0.0,0.001,0.003,4.6370000000000005
2020-08-20 19:00:00-03:00,0.0,0.0,0.0,4.283
2020-08-20 20:00:00-03:00,0.0,0.0,0.0,4.168
2020-08-20 21:00:00-03:00,0.0,0.0,0.0,4.232
2020-08-20 22:00:00-03:00,0.0,0.0,0.0,4.555
2020-08-20 23:00:00-03:00,0.0,0.0,0.0,4.7059999999999995
2020-08-21 00:00:00-03:00,0.0,0.0,0.0,4.627
2020-08-21 01:00:00-03:00,0.0,0.0,0.0,4.535
2020-08-21 02:00:00-03:00,0.0,0.0,0.0,4.369
2020-08-21 03:00:00-03:00,0.0,0.0,0.0,4.163
2020-08-21 04:00:00-03:00,0.0,0.0,0.0,3.9050000000000002
2020-08-21 05:00:00-03:00,0.0,0.0,0.0,3.521
2020-08-21 06:00:00-03:00,0.0,0.0,0.0,3.493
2020-08-21 07:00:00-03:00,0.0,0.0,0.0,3.596
2020-08-21 08:00:00-03:00,0.0,0.002,0.001,3.6310000000000002
2020-08-21 09:00:00-03:00,0.081,0.069,0.032,4.26
2020-08-21 10:00:00-03:00,0.332,0.28200000000000003,0.084,5.671
2020-08-21 11:00:00-03:00,0.444,0.381,0.115,7.242
2020-08-21 12:00:00-03:00,0.47700000000000004,0.395,0.14300000000000002,8.384
2020-08-21 13:00:00-03:00,0.434,0.313,0.17500000000000002,8.76
2020-08-21 14:00:00-03:00,0.278,0.13,0.182,8.449
2020-08-21 15:00:00-03:00,0.101,0.021,0.10200000000000001,7.427
2020-08-21 16:00:00-03:00,0.063,0.015,0.067,6.473
2020-08-21 17:00:00-03:00,0.052000000000000005,0.024,0.045,5.697
2020-08-21 18:00:00-03:00,0.004,0.006,0.006,4.656
2020-08-21 19:00:00-03:00,0.0,0.0,0.0,3.5869999999999997
2020-08-21 20:00:00-03:00,0.0,0.0,0.0,2.9210000000000003
2020-08-21 21:00:00-03:00,0.0,0.0,0.0,2.324
2020-08-21 22:00:00-03:00,0.0,0.0,0.0,1.816
2020-08-21 23:00:00-03:00,0.0,0.0,0.0,1.67
2020-08-22 00:00:00-03:00,0.0,0.0,0.0,1.54
2020-08-22 01:00:00-03:00,0.0,0.0,0.0,1.387
2020-08-22 02:00:00-03:00,0.0,0.0,0.0,1.3639999999999999
2020-08-22 03:00:00-03:00,0.0,0.0,0.0,1.3639999999999999
2020-08-22 04:00:00-03:00,0.0,0.0,0.0,1.242
2020-08-22 05:00:00-03:00,0.0,0.0,0.0,1.08
2020-08-22 06:00:00-03:00,0.0,0.0,0.0,1.184
2020-08-22 07:00:00-03:00,0.0,0.0,0.0,1.297
2020-08-22 08:00:00-03:00,0.0,0.0,0.001,1.428
2020-08-22 09:00:00-03:00,0.015,0.008,0.02,2.444
2020-08-22 10:00:00-03:00,0.052000000000000005,0.013000000000000001,0.056,4.067
2020-08-22 11:00:00-03:00,0.09,0.017,0.092,5.53
2020-08-22 12:00:00-03:00,0.127,0.021,0.128,6.333
2020-08-22 13:00:00-03:00,0.157,0.026000000000000002,0.155,6.485
2020-08-22 14:00:00-03:00,0.182,0.04,0.167,6.354
2020-08-22 15:00:00-03:00,0.133,0.029,0.125,5.7219999999999995
2020-08-22 16:00:00-03:00,0.08,0.019,0.08,4.759
2020-08-22 17:00:00-03:00,0.035,0.011,0.039,3.564
2020-08-22 18:00:00-03:00,0.004,0.005,0.007,2.294
2020-08-22 19:00:00-03:00,0.0,0.0,0.0,1.323
2020-08-22 20:00:00-03:00,0.0,0.0,0.0,0.728
2020-08-22 21:00:00-03:00,0.0,0.0,0.0,0.231
2020-08-22 22:00:00-03:00,0.0,0.0,0.0,-0.159
2020-08-22 23:00:00-03:00,0.0,0.0,0.0,-0.47800000000000004
2020-08-23 00:00:00-03:00,0.0,0.0,0.0,-0.8230000000000001
2020-08-23 01:00:00-03:00,0.0,0.0,0.0,-1.222
2020-08-23 02:00:00-03:00,0.0,0.0,0.0,-1.699
2020-08-23 03:00:00-03:00,0.0,0.0,0.0,-1.873
2020-08-23 04:00:00-03:00,0.0,0.0,0.0,-1.937
2020-08-23 05:00:00-03:00,0.0,0.0,0.0,-1.992
2020-08-23 06:00:00-03:00,0.0,0.0,0.0,-2.007
2020-08-23 07:00:00-03:00,0.0,0.0,0.0,-2.055
2020-08-23 08:00:00-03:00,0.0,0.002,0.001,-2.128
2020-08-23 09:00:00-03:00,0.10300000000000001,0.083,0.037,-1.361
2020-08-23 10:00:00-03:00,0.229,0.16,0.089,-0.20400000000000001
2020-08-23 11:00:00-03:00,0.245,0.136,0.13,0.783
2020-08-23 12:00:00-03:00,0.31,0.165,0.171,1.468
2020-08-23 13:00:00-03:00,0.341,0.17400000000000002,0.196,1.99
2020-08-23 14:00:00-03:00,0.278,0.11900000000000001,0.184,2.162
2020-08-23 15:00:00-03:00,0.222,0.096,0.149,2.077
2020-08-23 16:00:00-03:00,0.14400000000000002,0.063,0.1,1.7389999999999999
2020-08-23 17:00:00-03:00,0.08700000000000001,0.049,0.056,1.016
2020-08-23 18:00:00-03:00,0.013000000000000001,0.015,0.01,-0.067
2020-08-23 19:00:00-03:00,0.0,0.0,0.0,-0.652
2020-08-23 20:00:00-03:00,0.0,0.0,0.0,-0.9390000000000001
2020-08-23 21:00:00-03:00,0.0,0.0,0.0,-1.244
2020-08-23 22:00:00-03:00,0.0,0.0,0.0,-1.446
2020-08-23 23:00:00-03:00,0.0,0.0,0.0,-1.58
2020-08-24 00:00:00-03:00,0.0,0.0,0.0,-1.6280000000000001
2020-08-24 01:00:00-03:00,0.0,0.0,0.0,-1.681
2020-08-24 02:00:00-03:00,0.0,0.0,0.0,-1.558
2020-08-24 03:00:00-03:00,0.0,0.0,0.0,-1.195
2020-08-24 04:00:00-03:00,0.0,0.0,0.0,-0.6930000000000001
2020-08-24 05:00:00-03:00,0.0,0.0,0.0,-0.706
2020-08-24 06:00:00-03:00,0.0,0.0,0.0,-0.903
2020-08-24 07:00:00-03:00,0.0,0.0,0.0,-1.202
2020-08-24 08:00:00-03:00,0.0,0.002,0.001,-1.258
2020-08-24 09:00:00-03:00,0.078,0.061,0.035,-0.727
2020-08-24 10:00:00-03:00,0.23900000000000002,0.17300000000000001,0.08700000000000001,0.593
2020-08-24 11:00:00-03:00,0.406,0.318,0.122,1.9220000000000002
2020-08-24 12:00:00-03:00,0.484,0.387,0.145,2.75
2020-08-24 13:00:00-03:00,0.47400000000000003,0.355,0.166,3.166
2020-08-24 14:00:00-03:00,0.428,0.302,0.167,3.334
2020-08-24 15:00:00-03:00,0.436,0.341,0.137,3.399
2020-08-24 16:00:00-03:00,0.388,0.32,0.10400000000000001,3.186
2020-08-24 17:00:00-03:00,0.21,0.168,0.063,2.077
2020-08-24 18:00:00-03:00,0.06,0.063,0.014,-0.67
2020-08-24 19:00:00-03:00,0.0,0.0,0.0,-1.7850000000000001
2020-08-24 20:00:00-03:00,0.0,0.0,0.0,-2.327
2020-08-24 21:00:00-03:00,0.0,0.0,0.0,-2.6870000000000003
2020-08-24 22:00:00-03:00,0.0,0.0,0.0,-2.954
2020-08-24 23:00:00-03:00,0.0,0.0,0.0,-3.164
2020-08-25 00:00:00-03:00,0.0,0.0,0.0,-3.612
2020-08-25 01:00:00-03:00,0.0,0.0,0.0,-3.827
2020-08-25 02:00:00-03:00,0.0,0.0,0.0,-3.88
2020-08-25 03:00:00-03:00,0.0,0.0,0.0,-3.954
2020-08-25 04:00:00-03:00,0.0,0.0,0.0,-4.08
2020-08-25 05:00:00-03:00,0.0,0.0,0.0,-4.192
2020-08-25 06:00:00-03:00,0.0,0.0,0.0,-4.291
2020-08-25 07:00:00-03:00,0.0,0.0,0.0,-4.35
2020-08-25 08:00:00-03:00,0.014,0.024,0.002,-4.357
2020-08-25 09:00:00-03:00,0.504,0.507,0.032,-3.083
2020-08-25 10:00:00-03:00,0.707,0.738,0.05,-1.315
2020-08-25 11:00:00-03:00,0.775,0.8320000000000001,0.059000000000000004,1.461
2020-08-25 12:00:00-03:00,0.793,0.87,0.058,3.458
2020-08-25 13:00:00-03:00,0.794,0.885,0.05,4.602
2020-08-25 14:00:00-03:00,0.788,0.876,0.054,5.329
2020-08-25 15:00:00-03:00,0.766,0.84,0.06,5.624
2020-08-25 16:00:00-03:00,0.7030000000000001,0.755,0.058,5.337
2020-08-25 17:00:00-03:00,0.5760000000000001,0.599,0.044,3.315
2020-08-25 18:00:00-03:00,0.272,0.279,0.014,-0.211
2020-08-25 19:00:00-03:00,0.0,0.0,0.0,-1.741
2020-08-25 20:00:00-03:00,0.0,0.0,0.0,-2.162
2020-08-25 21:00:00-03:00,0.0,0.0,0.0,-2.535
2020-08-25 22:00:00-03:00,0.0,0.0,0.0,-2.874
2020-08-25 23:00:00-03:00,0.0,0.0,0.0,-3.16
2020-08-26 00:00:00-03:00,0.0,0.0,0.0,-3.362
2020-08-26 01:00:00-03:00,0.0,0.0,0.0,-3.382
2020-08-26 02:00:00-03:00,0.0,0.0,0.0,-3.291
2020-08-26 03:00:00-03:00,0.0,0.0,0.0,-3.275
2020-08-26 04:00:00-03:00,0.0,0.0,0.0,-3.2720000000000002
2020-08-26 05:00:00-03:00,0.0,0.0,0.0,-3.206
2020-08-26 06:00:00-03:00,0.0,0.0,0.0,-3.064
2020-08-26 07:00:00-03:00,0.0,0.0,0.0,-2.946
2020-08-26 08:00:00-03:00,0.002,0.007,0.003,-2.774
2020-08-26 09:00:00-03:00,0.108,0.083,0.042,-1.772
2020-08-26 10:00:00-03:00,0.189,0.115,0.093,-0.379
2020-08-26 11:00:00-03:00,0.214,0.099,0.136,1.284
2020-08-26 12:00:00-03:00,0.211,0.067,0.165,2.314
2020-08-26 13:00:00-03:00,0.20500000000000002,0.048,0.179,2.707
2020-08-26 14:00:00-03:00,0.186,0.042,0.166,2.909
2020-08-26 15:00:00-03:00,0.163,0.046,0.138,3.009
2020-08-26 16:00:00-03:00,0.134,0.051000000000000004,0.10300000000000001,2.854
2020-08-26 17:00:00-03:00,0.074,0.035,0.056,2.035
2020-08-26 18:00:00-03:00,0.016,0.016,0.012,0.433
2020-08-26 19:00:00-03:00,0.0,0.0,0.0,-0.23500000000000001
2020-08-26 20:00:00-03:00,0.0,0.0,0.0,0.169
2020-08-26 21:00:00-03:00,0.0,0.0,0.0,0.23800000000000002
2020-08-26 22:00:00-03:00,0.0,0.0,0.0,0.046
2020-08-26 23:00:00-03:00,0.0,0.0,0.0,-0.127
2020-08-27 00:00:00-03:00,0.0,0.0,0.0,-0.368
2020-08-27 01:00:00-03:00,0.0,0.0,0.0,-0.65
2020-08-27 02:00:00-03:00,0.0,0.0,0.0,-0.9490000000000001
2020-08-27 03:00:00-03:00,0.0,0.0,0.0,-1.086
2020-08-27 04:00:00-03:00,0.0,0.0,0.0,-1.227
2020-08-27 05:00:00-03:00,0.0,0.0,0.0,-1.317
2020-08-27 06:00:00-03:00,0.0,0.0,0.0,-1.353
2020-08-27 07:00:00-03:00,0.0,0.0,0.0,-1.334
2020-08-27 08:00:00-03:00,0.003,0.007,0.003,-1.106
2020-08-27 09:00:00-03:00,0.09,0.066,0.042,0.042
2020-08-27 10:00:00-03:00,0.116,0.052000000000000005,0.083,1.362
2020-08-27 11:00:00-03:00,0.14400000000000002,0.045,0.11800000000000001,1.9460000000000002
2020-08-27 12:00:00-03:00,0.218,0.07200000000000001,0.169,2.08
2020-08-27 13:00:00-03:00,0.28200000000000003,0.10400000000000001,0.203,2.146
2020-08-27 14:00:00-03:00,0.302,0.13,0.197,2.22
2020-08-27 15:00:00-03:00,0.249,0.113,0.16,2.278
2020-08-27 16:00:00-03:00,0.161,0.07100000000000001,0.11,2.143
2020-08-27 17:00:00-03:00,0.073,0.034,0.057,1.5859999999999999
2020-08-27 18:00:00-03:00,0.017,0.017,0.013000000000000001,0.404
2020-08-27 19:00:00-03:00,0.0,0.0,0.0,-0.8300000000000001
2020-08-27 20:00:00-03:00,0.0,0.0,0.0,-1.631
2020-08-27 21:00:00-03:00,0.0,0.0,0.0,-1.967
2020-08-27 22:00:00-03:00,0.0,0.0,0.0,-2.239
2020-08-27 23:00:00-03:00,0.0,0.0,0.0,-2.52
2020-08-28 00:00:00-03:00,0.0,0.0,0.0,-2.694
2020-08-28 01:00:00-03:00,0.0,0.0,0.0,-2.806
2020-08-28 02:00:00-03:00,0.0,0.0,0.0,-2.872
2020-08-28 03:00:00-03:00,0.0,0.0,0.0,-2.658
2020-08-28 04:00:00-03:00,0.0,0.0,0.0,-2.504
2020-08-28 05:00:00-03:00,0.0,0.0,0.0,-2.66
2020-08-28 06:00:00-03:00,0.0,0.0,0.0,-2.793
2020-08-28 07:00:00-03:00,0.0,0.0,0.0,-2.649
2020-08-28 08:00:00-03:00,0.0,0.001,0.002,-2.498
2020-08-28 09:00:00-03:00,0.041,0.023,0.032,-2.284
2020-08-28 10:00:00-03:00,0.24,0.162,0.097,-1.725
2020-08-28 11:00:00-03:00,0.361,0.249,0.137,-1.09
2020-08-28 12:00:00-03:00,0.406,0.264,0.17200000000000001,-0.584
2020-08-28 13:00:00-03:00,0.403,0.23600000000000002,0.197,-0.211
2020-08-28 14:00:00-03:00,0.388,0.228,0.189,0.067
2020-08-28 15:00:00-03:00,0.398,0.271,0.157,0.266
2020-08-28 16:00:00-03:00,0.241,0.145,0.117,0.107
2020-08-28 17:00:00-03:00,0.111,0.066,0.063,-0.296
2020-08-28 18:00:00-03:00,0.095,0.091,0.021,-1.026
2020-08-28 19:00:00-03:00,0.0,0.0,0.0,-1.749
2020-08-28 20:00:00-03:00,0.0,0.0,0.0,-1.998
2020-08-28 21:00:00-03:00,0.0,0.0,0.0,-2.215
2020-08-28 22:00:00-03:00,0.0,0.0,0.0,-2.323
2020-08-28 23:00:00-03:00,0.0,0.0,0.0,-2.502
2020-08-29 00:00:00-03:00,0.0,0.0,0.0,-2.6390000000000002
2020-08-29 01:00:00-03:00,0.0,0.0,0.0,-2.779
2020-08-29 02:00:00-03:00,0.0,0.0,0.0,-2.848
2020-08-29 03:00:00-03:00,0.0,0.0,0.0,-2.783
2020-08-29 04:00:00-03:00,0.0,0.0,0.0,-2.6550000000000002
2020-08-29 05:00:00-03:00,0.0,0.0,0.0,-2.477
2020-08-29 06:00:00-03:00,0.0,0.0,0.0,-1.772
2020-08-29 07:00:00-03:00,0.0,0.0,0.0,-1.02
2020-08-29 08:00:00-03:00,0.001,0.004,0.004,-0.185
2020-08-29 09:00:00-03:00,0.033,0.015,0.033,0.8180000000000001
2020-08-29 10:00:00-03:00,0.062,0.014,0.065,1.867
2020-08-29 11:00:00-03:00,0.061,0.007,0.07200000000000001,2.544
2020-08-29 12:00:00-03:00,0.105,0.011,0.113,3.183
2020-08-29 13:00:00-03:00,0.13,0.013000000000000001,0.138,3.668
2020-08-29 14:00:00-03:00,0.195,0.039,0.179,4.173
2020-08-29 15:00:00-03:00,0.168,0.041,0.149,4.337
2020-08-29 16:00:00-03:00,0.076,0.015,0.08,3.992
2020-08-29 17:00:00-03:00,0.055,0.018000000000000002,0.054,3.536
2020-08-29 18:00:00-03:00,0.009000000000000001,0.008,0.012,2.8369999999999997
2020-08-29 19:00:00-03:00,0.0,0.0,0.0,2.284
2020-08-29 20:00:00-03:00,0.0,0.0,0.0,2.235
2020-08-29 21:00:00-03:00,0.0,0.0,0.0,2.143
2020-08-29 22:00:00-03:00,0.0,0.0,0.0,2.036
2020-08-29 23:00:00-03:00,0.0,0.0,0.0,1.919
2020-08-30 00:00:00-03:00,0.0,0.0,0.0,1.734
2020-08-30 01:00:00-03:00,0.0,0.0,0.0,1.42
2020-08-30 02:00:00-03:00,0.0,0.0,0.0,0.795
2020-08-30 03:00:00-03:00,0.0,0.0,0.0,0.037
2020-08-30 04:00:00-03:00,0.0,0.0,0.0,-0.626
2020-08-30 05:00:00-03:00,0.0,0.0,0.0,-1.13
2020-08-30 06:00:00-03:00,0.0,0.0,0.0,-1.5270000000000001
2020-08-30 07:00:00-03:00,0.0,0.0,0.0,-1.986
2020-08-30 08:00:00-03:00,0.011,0.017,0.005,-2.074
2020-08-30 09:00:00-03:00,0.158,0.128,0.048,-1.158
2020-08-30 10:00:00-03:00,0.375,0.31,0.093,-0.121
2020-08-30 11:00:00-03:00,0.499,0.423,0.12,0.664
2020-08-30 12:00:00-03:00,0.613,0.553,0.128,1.221
2020-08-30 13:00:00-03:00,0.5650000000000001,0.47000000000000003,0.154,1.428
2020-08-30 14:00:00-03:00,0.538,0.434,0.158,1.5310000000000001
2020-08-30 15:00:00-03:00,0.436,0.326,0.148,1.453
2020-08-30 16:00:00-03:00,0.308,0.216,0.11800000000000001,1.198
2020-08-30 17:00:00-03:00,0.20400000000000001,0.151,0.073,0.676
2020-08-30 18:00:00-03:00,0.055,0.051000000000000004,0.021,-0.464
2020-08-30 19:00:00-03:00,0.0,0.0,0.0,-2.253
2020-08-30 20:00:00-03:00,0.0,0.0,0.0,-2.605
2020-08-30 21:00:00-03:00,0.0,0.0,0.0,-2.733
2020-08-30 22:00:00-03:00,0.0,0.0,0.0,-2.771
2020-08-30 23:00:00-03:00,0.0,0.0,0.0,-2.7
2020-08-31 00:00:00-03:00,0.0,0.0,0.0,-2.475
2020-08-31 01:00:00-03:00,0.0,0.0,0.0,-2.051
2020-08-31 02:00:00-03:00,0.0,0.0,0.0,-1.849
2020-08-31 03:00:00-03:00,0.0,0.0,0.0,-1.744
2020-08-31 04:00:00-03:00,0.0,0.0,0.0,-1.573
2020-08-31 05:00:00-03:00,0.0,0.0,0.0,-1.373
2020-08-31 06:00:00-03:00,0.0,0.0,0.0,-1.146
2020-08-31 07:00:00-03:00,0.0,0.0,0.0,-0.886
2020-08-31 08:00:00-03:00,0.0,0.003,0.003,-0.326
2020-08-31 09:00:00-03:00,0.033,0.016,0.032,0.5630000000000001
2020-08-31 10:00:00-03:00,0.099,0.037,0.08,1.595
2020-08-31 11:00:00-03:00,0.259,0.139,0.145,2.9779999999999998
2020-08-31 12:00:00-03:00,0.487,0.367,0.17200000000000001,4.175
2020-08-31 13:00:00-03:00,0.40900000000000003,0.241,0.209,4.539
2020-08-31 14:00:00-03:00,0.265,0.1,0.193,4.404
2020-08-31 15:00:00-03:00,0.28300000000000003,0.14300000000000002,0.167,4.37
2020-08-31 16:00:00-03:00,0.277,0.179,0.125,4.122
2020-08-31 17:00:00-03:00,0.251,0.197,0.078,3.375
2020-08-31 18:00:00-03:00,0.11,0.10200000000000001,0.026000000000000002,1.166
2020-08-31 19:00:00-03:00,0.0,0.0,0.0,-0.23
2020-08-31 20:00:00-03:00,0.0,0.0,0.0,0.192
2020-08-31 21:00:00-03:00,0.0,0.0,0.0,0.27
2020-08-31 22:00:00-03:00,0.0,0.0,0.0,-0.393
2020-08-31 23:00:00-03:00,0.0,0.0,0.0,-1.169
2020-09-01 00:00:00-03:00,0.0,0.0,0.0,-1.9340000000000002
2020-09-01 01:00:00-03:00,0.0,0.0,0.0,-1.9300000000000002
2020-09-01 02:00:00-03:00,0.0,0.0,0.0,-1.603
2020-09-01 03:00:00-03:00,0.0,0.0,0.0,-1.186
2020-09-01 04:00:00-03:00,0.0,0.0,0.0,-1.049
2020-09-01 05:00:00-03:00,0.0,0.0,0.0,-1.211
2020-09-01 06:00:00-03:00,0.0,0.0,0.0,-1.436
2020-09-01 07:00:00-03:00,0.0,0.0,0.0,-1.451
2020-09-01 08:00:00-03:00,0.01,0.014,0.006,-1.349
2020-09-01 09:00:00-03:00,0.114,0.083,0.05,-0.404
2020-09-01 10:00:00-03:00,0.302,0.224,0.10200000000000001,0.928
2020-09-01 11:00:00-03:00,0.47700000000000004,0.388,0.135,2.774
2020-09-01 12:00:00-03:00,0.404,0.265,0.178,4.152
2020-09-01 13:00:00-03:00,0.423,0.263,0.203,5.118
2020-09-01 14:00:00-03:00,0.481,0.353,0.183,6.124
2020-09-01 15:00:00-03:00,0.424,0.31,0.162,6.616
2020-09-01 16:00:00-03:00,0.183,0.089,0.11800000000000001,5.931
2020-09-01 17:00:00-03:00,0.066,0.027,0.057,4.376
2020-09-01 18:00:00-03:00,0.016,0.013000000000000001,0.016,3.517
2020-09-01 19:00:00-03:00,0.0,0.0,0.0,2.93
2020-09-01 20:00:00-03:00,0.0,0.0,0.0,2.511
2020-09-01 21:00:00-03:00,0.0,0.0,0.0,2.035
2020-09-01 22:00:00-03:00,0.0,0.0,0.0,1.536
2020-09-01 23:00:00-03:00,0.0,0.0,0.0,1.1219999999999999
2020-09-02 00:00:00-03:00,0.0,0.0,0.0,0.936
2020-09-02 01:00:00-03:00,0.0,0.0,0.0,1.029
2020-09-02 02:00:00-03:00,0.0,0.0,0.0,1.26
2020-09-02 03:00:00-03:00,0.0,0.0,0.0,1.472
2020-09-02 04:00:00-03:00,0.0,0.0,0.0,1.5310000000000001
2020-09-02 05:00:00-03:00,0.0,0.0,0.0,1.584
2020-09-02 06:00:00-03:00,0.0,0.0,0.0,1.361
2020-09-02 07:00:00-03:00,0.0,0.0,0.0,0.97
2020-09-02 08:00:00-03:00,0.001,0.003,0.004,0.683
2020-09-02 09:00:00-03:00,0.024,0.008,0.03,1.3519999999999999
2020-09-02 10:00:00-03:00,0.048,0.008,0.056,2.499
2020-09-02 11:00:00-03:00,0.062,0.006,0.073,3.128
2020-09-02 12:00:00-03:00,0.079,0.006,0.092,3.414
2020-09-02 13:00:00-03:00,0.14,0.015,0.147,4.136
2020-09-02 14:00:00-03:00,0.224,0.054,0.196,5.397
2020-09-02 15:00:00-03:00,0.244,0.098,0.17300000000000001,6.41
2020-09-02 16:00:00-03:00,0.267,0.161,0.136,6.604
2020-09-02 17:00:00-03:00,0.167,0.108,0.083,5.492
2020-09-02 18:00:00-03:00,0.038,0.03,0.024,3.033
2020-09-02 19:00:00-03:00,0.0,0.0,0.0,1.308
2020-09-02 20:00:00-03:00,0.0,0.0,0.0,0.708
2020-09-02 21:00:00-03:00,0.0,0.0,0.0,0.338
2020-09-02 22:00:00-03:00,0.0,0.0,0.0,0.312
2020-09-02 23:00:00-03:00,0.0,0.0,0.0,0.278
2020-09-03 00:00:00-03:00,0.0,0.0,0.0,0.194
2020-09-03 01:00:00-03:00,0.0,0.0,0.0,0.11800000000000001
2020-09-03 02:00:00-03:00,0.0,0.0,0.0,0.004
2020-09-03 03:00:00-03:00,0.0,0.0,0.0,-0.028
2020-09-03 04:00:00-03:00,0.0,0.0,0.0,-0.084
2020-09-03 05:00:00-03:00,0.0,0.0,0.0,-0.212
2020-09-03 06:00:00-03:00,0.0,0.0,0.0,-0.435
2020-09-03 07:00:00-03:00,0.0,0.0,0.0,-0.546
2020-09-03 08:00:00-03:00,0.001,0.003,0.005,0.0
2020-09-03 09:00:00-03:00,0.017,0.005,0.025,0.92
2020-09-03 10:00:00-03:00,0.047,0.008,0.056,1.4889999999999999
2020-09-03 11:00:00-03:00,0.082,0.011,0.09,2.424
2020-09-03 12:00:00-03:00,0.132,0.017,0.136,3.446
2020-09-03 13:00:00-03:00,0.171,0.022,0.171,4.154
2020-09-03 14:00:00-03:00,0.18,0.029,0.17400000000000002,4.611
2020-09-03 15:00:00-03:00,0.154,0.032,0.14400000000000002,4.811
2020-09-03 16:00:00-03:00,0.135,0.042,0.114,4.868
2020-09-03 17:00:00-03:00,0.115,0.058,0.078,4.405
2020-09-03 18:00:00-03:00,0.051000000000000004,0.041,0.028,2.293
2020-09-03 19:00:00-03:00,0.0,0.0,0.0,0.621
2020-09-03 20:00:00-03:00,0.0,0.0,0.0,0.34
2020-09-03 21:00:00-03:00,0.0,0.0,0.0,0.139
2020-09-03 22:00:00-03:00,0.0,0.0,0.0,-0.134
2020-09-03 23:00:00-03:00,0.0,0.0,0.0,-0.305
2020-09-04 00:00:00-03:00,0.0,0.0,0.0,-0.47800000000000004
2020-09-04 01:00:00-03:00,0.0,0.0,0.0,-0.315
2020-09-04 02:00:00-03:00,0.0,0.0,0.0,-0.081
2020-09-04 03:00:00-03:00,0.0,0.0,0.0,0.132
2020-09-04 04:00:00-03:00,0.0,0.0,0.0,0.406
2020-09-04 05:00:00-03:00,0.0,0.0,0.0,0.6960000000000001
2020-09-04 06:00:00-03:00,0.0,0.0,0.0,0.759
2020-09-04 07:00:00-03:00,0.0,0.0,0.0,0.778
2020-09-04 08:00:00-03:00,0.0,0.001,0.003,0.808
2020-09-04 09:00:00-03:00,0.016,0.005,0.024,1.323
2020-09-04 10:00:00-03:00,0.056,0.012,0.061,1.795
2020-09-04 11:00:00-03:00,0.198,0.075,0.145,2.717
2020-09-04 12:00:00-03:00,0.318,0.153,0.196,3.992
2020-09-04 13:00:00-03:00,0.452,0.29,0.211,5.192
2020-09-04 14:00:00-03:00,0.601,0.522,0.161,6.119
2020-09-04 15:00:00-03:00,0.496,0.397,0.159,6.442
2020-09-04 16:00:00-03:00,0.2,0.10200000000000001,0.124,6.047
2020-09-04 17:00:00-03:00,0.163,0.10400000000000001,0.082,5.343
2020-09-04 18:00:00-03:00,0.084,0.07200000000000001,0.031,3.5300000000000002
2020-09-04 19:00:00-03:00,0.0,0.0,0.0,1.412
2020-09-04 20:00:00-03:00,0.0,0.0,0.0,0.179
2020-09-04 21:00:00-03:00,0.0,0.0,0.0,-0.005
2020-09-04 22:00:00-03:00,0.0,0.0,0.0,0.262
2020-09-04 23:00:00-03:00,0.0,0.0,0.0,0.391
2020-09-05 00:00:00-03:00,0.0,0.0,0.0,0.053
2020-09-05 01:00:00-03:00,0.0,0.0,0.0,-0.385
2020-09-05 02:00:00-03:00,0.0,0.0,0.0,-0.871
2020-09-05 03:00:00-03:00,0.0,0.0,0.0,-1.227
2020-09-05 04:00:00-03:00,0.0,0.0,0.0,-1.436
2020-09-05 05:00:00-03:00,0.0,0.0,0.0,-1.544
2020-09-05 06:00:00-03:00,0.0,0.0,0.0,-1.5630000000000002
2020-09-05 07:00:00-03:00,0.0,0.0,0.0,-1.577
2020-09-05 08:00:00-03:00,0.0,0.002,0.003,-1.308
2020-09-05 09:00:00-03:00,0.021,0.007,0.027,-0.556
2020-09-05 10:00:00-03:00,0.075,0.02,0.07200000000000001,0.5730000000000001
2020-09-05 11:00:00-03:00,0.20700000000000002,0.084,0.14400000000000002,2.5949999999999998
2020-09-05 12:00:00-03:00,0.387,0.23500000000000001,0.191,5.0
2020-09-05 13:00:00-03:00,0.536,0.423,0.183,6.953
2020-09-05 14:00:00-03:00,0.64,0.601,0.14,7.812
2020-09-05 15:00:00-03:00,0.603,0.562,0.13,7.754
2020-09-05 16:00:00-03:00,0.482,0.424,0.117,7.223
2020-09-05 17:00:00-03:00,0.336,0.289,0.084,6.351
2020-09-05 18:00:00-03:00,0.129,0.116,0.034,4.101
2020-09-05 19:00:00-03:00,0.0,0.001,0.0,1.7650000000000001
2020-09-05 20:00:00-03:00,0.0,0.0,0.0,1.694
2020-09-05 21:00:00-03:00,0.0,0.0,0.0,1.674
2020-09-05 22:00:00-03:00,0.0,0.0,0.0,1.068
2020-09-05 23:00:00-03:00,0.0,0.0,0.0,0.801
2020-09-06 00:00:00-03:00,0.0,0.0,0.0,0.741
2020-09-06 01:00:00-03:00,0.0,0.0,0.0,0.578
2020-09-06 02:00:00-03:00,0.0,0.0,0.0,0.611
2020-09-06 03:00:00-03:00,0.0,0.0,0.0,0.709
2020-09-06 04:00:00-03:00,0.0,0.0,0.0,0.779
2020-09-06 05:00:00-03:00,0.0,0.0,0.0,1.0
2020-09-06 06:00:00-03:00,0.0,0.0,0.0,1.138
2020-09-06 07:00:00-03:00,0.0,0.0,0.0,1.119
2020-09-06 08:00:00-03:00,0.001,0.002,0.005,1.205
2020-09-06 09:00:00-03:00,0.032,0.011,0.037,1.87
2020-09-06 10:00:00-03:00,0.096,0.027,0.089,3.359
2020-09-06 11:00:00-03:00,0.112,0.019,0.113,4.615
2020-09-06 12:00:00-03:00,0.113,0.012,0.123,5.298
2020-09-06 13:00:00-03:00,0.149,0.015,0.157,5.892
2020-09-06 14:00:00-03:00,0.20500000000000002,0.039,0.192,6.803
2020-09-06 15:00:00-03:00,0.17,0.04,0.155,7.296
2020-09-06 16:00:00-03:00,0.138,0.043000000000000003,0.11900000000000001,7.299
2020-09-06 17:00:00-03:00,0.08700000000000001,0.035,0.073,6.765
2020-09-06 18:00:00-03:00,0.027,0.017,0.025,5.332
2020-09-06 19:00:00-03:00,0.0,0.0,0.0,3.124
2020-09-06 20:00:00-03:00,0.0,0.0,0.0,2.058
2020-09-06 21:00:00-03:00,0.0,0.0,0.0,1.147
2020-09-06 22:00:00-03:00,0.0,0.0,0.0,0.374
2020-09-06 23:00:00-03:00,0.0,0.0,0.0,0.061
2020-09-07 00:00:00-03:00,0.0,0.0,0.0,-0.219
2020-09-07 01:00:00-03:00,0.0,0.0,0.0,-0.608
2020-09-07 02:00:00-03:00,0.0,0.0,0.0,-0.802
2020-09-07 03:00:00-03:00,0.0,0.0,0.0,-0.895
2020-09-07 04:00:00-03:00,0.0,0.0,0.0,-1.072
2020-09-07 05:00:00-03:00,0.0,0.0,0.0,-1.272
2020-09-07 06:00:00-03:00,0.0,0.0,0.0,-1.411
2020-09-07 07:00:00-03:00,0.0,0.0,0.0,-1.453
2020-09-07 08:00:00-03:00,0.016,0.019,0.01,-1.142
2020-09-07 09:00:00-03:00,0.107,0.067,0.058,0.29
2020-09-07 10:00:00-03:00,0.222,0.131,0.113,1.645
2020-09-07 11:00:00-03:00,0.297,0.166,0.159,3.492
2020-09-07 12:00:00-03:00,0.354,0.188,0.202,5.577
2020-09-07 13:00:00-03:00,0.322,0.124,0.232,6.677
2020-09-07 14:00:00-03:00,0.19,0.038,0.177,7.029
2020-09-07 15:00:00-03:00,0.111,0.018000000000000002,0.115,6.857
2020-09-07 16:00:00-03:00,0.123,0.038,0.107,6.904
2020-09-07 17:00:00-03:00,0.308,0.251,0.091,7.306
2020-09-07 18:00:00-03:00,0.275,0.264,0.039,4.977
2020-09-07 19:00:00-03:00,0.0,0.004,0.001,2.294
2020-09-07 20:00:00-03:00,0.0,0.0,0.0,1.471
2020-09-07 21:00:00-03:00,0.0,0.0,0.0,0.766
2020-09-07 22:00:00-03:00,0.0,0.0,0.0,1.02
2020-09-07 23:00:00-03:00,0.0,0.0,0.0,1.649
2020-09-08 00:00:00-03:00,0.0,0.0,0.0,1.2570000000000001
2020-09-08 01:00:00-03:00,0.0,0.0,0.0,0.614
2020-09-08 02:00:00-03:00,0.0,0.0,0.0,0.13
2020-09-08 03:00:00-03:00,0.0,0.0,0.0,0.489
2020-09-08 04:00:00-03:00,0.0,0.0,0.0,0.78
2020-09-08 05:00:00-03:00,0.0,0.0,0.0,0.441
2020-09-08 06:00:00-03:00,0.0,0.0,0.0,0.128
2020-09-08 07:00:00-03:00,0.0,0.0,0.0,-0.076
2020-09-08 08:00:00-03:00,0.012,0.014,0.009000000000000001,-0.185
2020-09-08 09:00:00-03:00,0.125,0.085,0.059000000000000004,1.393
2020-09-08 10:00:00-03:00,0.439,0.377,0.10400000000000001,3.319
2020-09-08 11:00:00-03:00,0.665,0.655,0.107,5.417
2020-09-08 12:00:00-03:00,0.6930000000000001,0.6920000000000001,0.115,6.739
2020-09-08 13:00:00-03:00,0.685,0.677,0.122,7.6850000000000005
2020-09-08 14:00:00-03:00,0.639,0.603,0.138,8.215
2020-09-08 15:00:00-03:00,0.549,0.484,0.14300000000000002,8.391
2020-09-08 16:00:00-03:00,0.42,0.342,0.128,8.227
2020-09-08 17:00:00-03:00,0.133,0.076,0.08,7.32
2020-09-08 18:00:00-03:00,0.014,0.009000000000000001,0.018000000000000002,5.781
2020-09-08 19:00:00-03:00,0.0,0.0,0.001,4.812
2020-09-08 20:00:00-03:00,0.0,0.0,0.0,4.158
2020-09-08 21:00:00-03:00,0.0,0.0,0.0,3.379
2020-09-08 22:00:00-03:00,0.0,0.0,0.0,2.551
2020-09-08 23:00:00-03:00,0.0,0.0,0.0,2.134
2020-09-09 00:00:00-03:00,0.0,0.0,0.0,2.034
2020-09-09 01:00:00-03:00,0.0,0.0,0.0,1.9340000000000002
2020-09-09 02:00:00-03:00,0.0,0.0,0.0,1.85
2020-09-09 03:00:00-03:00,0.0,0.0,0.0,1.866
2020-09-09 04:00:00-03:00,0.0,0.0,0.0,1.9969999999999999
2020-09-09 05:00:00-03:00,0.0,0.0,0.0,2.075
2020-09-09 06:00:00-03:00,0.0,0.0,0.0,2.028
2020-09-09 07:00:00-03:00,0.0,0.0,0.0,1.919
2020-09-09 08:00:00-03:00,0.062,0.066,0.013000000000000001,1.718
2020-09-09 09:00:00-03:00,0.379,0.354,0.059000000000000004,2.667
2020-09-09 10:00:00-03:00,0.625,0.629,0.079,4.388
2020-09-09 11:00:00-03:00,0.717,0.746,0.089,5.956
2020-09-09 12:00:00-03:00,0.734,0.772,0.092,7.12
2020-09-09 13:00:00-03:00,0.77,0.844,0.075,7.996
2020-09-09 14:00:00-03:00,0.778,0.855,0.079,8.591
2020-09-09 15:00:00-03:00,0.775,0.847,0.084,8.91
2020-09-09 16:00:00-03:00,0.71,0.758,0.082,8.925
2020-09-09 17:00:00-03:00,0.599,0.624,0.066,8.509
2020-09-09 18:00:00-03:00,0.36,0.361,0.037,5.889
2020-09-09 19:00:00-03:00,0.002,0.008,0.002,2.7359999999999998
2020-09-09 20:00:00-03:00,0.0,0.0,0.0,2.227
2020-09-09 21:00:00-03:00,0.0,0.0,0.0,2.225
2020-09-09 22:00:00-03:00,0.0,0.0,0.0,2.213
2020-09-09 23:00:00-03:00,0.0,0.0,0.0,2.047
2020-09-10 00:00:00-03:00,0.0,0.0,0.0,1.6099999999999999
2020-09-10 01:00:00-03:00,0.0,0.0,0.0,1.307
2020-09-10 02:00:00-03:00,0.0,0.0,0.0,1.18
2020-09-10 03:00:00-03:00,0.0,0.0,0.0,1.163
2020-09-10 04:00:00-03:00,0.0,0.0,0.0,1.141
2020-09-10 05:00:00-03:00,0.0,0.0,0.0,1.015
2020-09-10 06:00:00-03:00,0.0,0.0,0.0,0.873
2020-09-10 07:00:00-03:00,0.0,0.0,0.0,0.441
2020-09-10 08:00:00-03:00,0.051000000000000004,0.05,0.017,0.07200000000000001
2020-09-10 09:00:00-03:00,0.138,0.09,0.067,1.054
2020-09-10 10:00:00-03:00,0.422,0.338,0.123,2.996
2020-09-10 11:00:00-03:00,0.226,0.093,0.159,4.846
2020-09-10 12:00:00-03:00,0.23500000000000001,0.066,0.197,6.226
2020-09-10 13:00:00-03:00,0.243,0.052000000000000005,0.22,7.085
2020-09-10 14:00:00-03:00,0.202,0.037,0.191,7.555
2020-09-10 15:00:00-03:00,0.138,0.024,0.137,7.579
2020-09-10 16:00:00-03:00,0.084,0.014,0.09,6.989
2020-09-10 17:00:00-03:00,0.033,0.006,0.043000000000000003,5.822
2020-09-10 18:00:00-03:00,0.005,0.002,0.013000000000000001,4.621
2020-09-10 19:00:00-03:00,0.0,0.0,0.001,3.723
2020-09-10 20:00:00-03:00,0.0,0.0,0.0,3.249
2020-09-10 21:00:00-03:00,0.0,0.0,0.0,2.863
2020-09-10 22:00:00-03:00,0.0,0.0,0.0,2.366
2020-09-10 23:00:00-03:00,0.0,0.0,0.0,1.751
2020-09-11 00:00:00-03:00,0.0,0.0,0.0,1.103
2020-09-11 01:00:00-03:00,0.0,0.0,0.0,0.403
2020-09-11 02:00:00-03:00,0.0,0.0,0.0,-0.212
2020-09-11 03:00:00-03:00,0.0,0.0,0.0,-0.593
2020-09-11 04:00:00-03:00,0.0,0.0,0.0,-0.646
2020-09-11 05:00:00-03:00,0.0,0.0,0.0,-0.624
2020-09-11 06:00:00-03:00,0.0,0.0,0.0,-0.452
2020-09-11 07:00:00-03:00,0.0,0.0,0.0,-0.761
2020-09-11 08:00:00-03:00,0.042,0.041,0.016,-0.657
2020-09-11 09:00:00-03:00,0.181,0.133,0.068,0.838
2020-09-11 10:00:00-03:00,0.548,0.506,0.10200000000000001,3.034
2020-09-11 11:00:00-03:00,0.65,0.624,0.11800000000000001,5.175
2020-09-11 12:00:00-03:00,0.673,0.646,0.132,6.6850000000000005
2020-09-11 13:00:00-03:00,0.68,0.652,0.14100000000000001,7.914
2020-09-11 14:00:00-03:00,0.539,0.423,0.192,8.545
2020-09-11 15:00:00-03:00,0.22,0.079,0.17,8.159
2020-09-11 16:00:00-03:00,0.07,0.012,0.078,7.129
2020-09-11 17:00:00-03:00,0.03,0.006,0.04,6.181
2020-09-11 18:00:00-03:00,0.008,0.004,0.015,5.207
2020-09-11 19:00:00-03:00,0.0,0.0,0.001,4.055
2020-09-11 20:00:00-03:00,0.0,0.0,0.0,3.227
2020-09-11 21:00:00-03:00,0.0,0.0,0.0,2.548
2020-09-11 22:00:00-03:00,0.0,0.0,0.0,1.8980000000000001
2020-09-11 23:00:00-03:00,0.0,0.0,0.0,1.584
2020-09-12 00:00:00-03:00,0.0,0.0,0.0,1.223
2020-09-12 01:00:00-03:00,0.0,0.0,0.0,0.797
2020-09-12 02:00:00-03:00,0.0,0.0,0.0,0.17300000000000001
2020-09-12 03:00:00-03:00,0.0,0.0,0.0,-0.114
2020-09-12 04:00:00-03:00,0.0,0.0,0.0,-0.171
2020-09-12 05:00:00-03:00,0.0,0.0,0.0,-0.505
2020-09-12 06:00:00-03:00,0.0,0.0,0.0,-0.906
2020-09-12 07:00:00-03:00,0.0,0.0,0.0,-0.8250000000000001
2020-09-12 08:00:00-03:00,0.004,0.004,0.009000000000000001,-0.419
2020-09-12 09:00:00-03:00,0.034,0.009000000000000001,0.04,0.5720000000000001
2020-09-12 10:00:00-03:00,0.067,0.012,0.073,1.737
2020-09-12 11:00:00-03:00,0.12,0.02,0.12,3.0
2020-09-12 12:00:00-03:00,0.248,0.068,0.20700000000000002,4.815
2020-09-12 13:00:00-03:00,0.362,0.135,0.265,5.93
2020-09-12 14:00:00-03:00,0.253,0.062,0.219,5.897
2020-09-12 15:00:00-03:00,0.153,0.028,0.148,5.709
2020-09-12 16:00:00-03:00,0.096,0.017,0.099,5.425
2020-09-12 17:00:00-03:00,0.05,0.011,0.057,4.719
2020-09-12 18:00:00-03:00,0.013000000000000001,0.005,0.02,3.714
2020-09-12 19:00:00-03:00,0.0,0.0,0.001,2.901
2020-09-12 20:00:00-03:00,0.0,0.0,0.0,2.561
2020-09-12 21:00:00-03:00,0.0,0.0,0.0,2.475
2020-09-12 22:00:00-03:00,0.0,0.0,0.0,2.367
2020-09-12 23:00:00-03:00,0.0,0.0,0.0,2.18
2020-09-13 00:00:00-03:00,0.0,0.0,0.0,2.207
2020-09-13 01:00:00-03:00,0.0,0.0,0.0,2.2560000000000002
2020-09-13 02:00:00-03:00,0.0,0.0,0.0,2.257
2020-09-13 03:00:00-03:00,0.0,0.0,0.0,2.237
2020-09-13 04:00:00-03:00,0.0,0.0,0.0,2.135
2020-09-13 05:00:00-03:00,0.0,0.0,0.0,1.833
2020-09-13 06:00:00-03:00,0.0,0.0,0.0,1.486
2020-09-13 07:00:00-03:00,0.0,0.0,0.0,1.187
2020-09-13 08:00:00-03:00,0.124,0.12,0.023,1.327
2020-09-13 09:00:00-03:00,0.426,0.395,0.07,2.801
2020-09-13 10:00:00-03:00,0.5760000000000001,0.546,0.10200000000000001,4.655
2020-09-13 11:00:00-03:00,0.585,0.526,0.137,6.004
2020-09-13 12:00:00-03:00,0.535,0.422,0.182,6.83
2020-09-13 13:00:00-03:00,0.492,0.327,0.227,7.214
2020-09-13 14:00:00-03:00,0.37,0.18,0.232,7.19
2020-09-13 15:00:00-03:00,0.178,0.046,0.157,6.5760000000000005
2020-09-13 16:00:00-03:00,0.08600000000000001,0.016,0.09,5.574
2020-09-13 17:00:00-03:00,0.03,0.006,0.04,4.306
2020-09-13 18:00:00-03:00,0.005,0.002,0.012,3.336
2020-09-13 19:00:00-03:00,0.0,0.001,0.001,2.88
2020-09-13 20:00:00-03:00,0.0,0.0,0.0,2.795
2020-09-13 21:00:00-03:00,0.0,0.0,0.0,2.852
2020-09-13 22:00:00-03:00,0.0,0.0,0.0,2.999
2020-09-13 23:00:00-03:00,0.0,0.0,0.0,3.5460000000000003
2020-09-14 00:00:00-03:00,0.0,0.0,0.0,4.491
2020-09-14 01:00:00-03:00,0.0,0.0,0.0,4.833
2020-09-14 02:00:00-03:00,0.0,0.0,0.0,4.79
2020-09-14 03:00:00-03:00,0.0,0.0,0.0,4.641
2020-09-14 04:00:00-03:00,0.0,0.0,0.0,4.456
2020-09-14 05:00:00-03:00,0.0,0.0,0.0,4.263
2020-09-14 06:00:00-03:00,0.0,0.0,0.0,4.271
2020-09-14 07:00:00-03:00,0.0,0.0,0.0,4.266
2020-09-14 08:00:00-03:00,0.048,0.044,0.021,4.331
2020-09-14 09:00:00-03:00,0.115,0.07,0.065,5.121
2020-09-14 10:00:00-03:00,0.23900000000000002,0.149,0.117,6.118
2020-09-14 11:00:00-03:00,0.578,0.524,0.134,7.093
2020-09-14 12:00:00-03:00,0.714,0.72,0.12,7.76
2020-09-14 13:00:00-03:00,0.6940000000000001,0.684,0.128,7.879
2020-09-14 14:00:00-03:00,0.671,0.641,0.139,7.627
2020-09-14 15:00:00-03:00,0.636,0.598,0.136,7.365
2020-09-14 16:00:00-03:00,0.546,0.495,0.122,6.961
2020-09-14 17:00:00-03:00,0.372,0.315,0.096,6.211
2020-09-14 18:00:00-03:00,0.11800000000000001,0.094,0.045,5.081
2020-09-14 19:00:00-03:00,0.001,0.004,0.003,3.989
2020-09-14 20:00:00-03:00,0.0,0.0,0.0,3.468
2020-09-14 21:00:00-03:00,0.0,0.0,0.0,3.152
2020-09-14 22:00:00-03:00,0.0,0.0,0.0,2.741
2020-09-14 23:00:00-03:00,0.0,0.0,0.0,2.38
2020-09-15 00:00:00-03:00,0.0,0.0,0.0,1.8940000000000001
2020-09-15 01:00:00-03:00,0.0,0.0,0.0,1.5390000000000001
2020-09-15 02:00:00-03:00,0.0,0.0,0.0,1.416
2020-09-15 03:00:00-03:00,0.0,0.0,0.0,1.177
2020-09-15 04:00:00-03:00,0.0,0.0,0.0,0.731
2020-09-15 05:00:00-03:00,0.0,0.0,0.0,0.156
2020-09-15 06:00:00-03:00,0.0,0.0,0.0,-0.301
2020-09-15 07:00:00-03:00,0.0,0.0,0.0,-0.618
2020-09-15 08:00:00-03:00,0.07,0.063,0.024,-0.503
2020-09-15 09:00:00-03:00,0.272,0.218,0.077,0.68
2020-09-15 10:00:00-03:00,0.395,0.308,0.121,2.055
2020-09-15 11:00:00-03:00,0.377,0.247,0.164,2.852
2020-09-15 12:00:00-03:00,0.47100000000000003,0.318,0.201,3.7359999999999998
2020-09-15 13:00:00-03:00,0.418,0.221,0.23800000000000002,4.177
2020-09-15 14:00:00-03:00,0.449,0.276,0.219,4.429
2020-09-15 15:00:00-03:00,0.426,0.28500000000000003,0.183,4.399
2020-09-15 16:00:00-03:00,0.318,0.203,0.145,4.078
2020-09-15 17:00:00-03:00,0.23900000000000002,0.165,0.099,3.576
2020-09-15 18:00:00-03:00,0.17500000000000002,0.146,0.05,2.623
2020-09-15 19:00:00-03:00,0.009000000000000001,0.015,0.005,0.491
2020-09-15 20:00:00-03:00,0.0,0.0,0.0,-0.861
2020-09-15 21:00:00-03:00,0.0,0.0,0.0,-1.532
2020-09-15 22:00:00-03:00,0.0,0.0,0.0,-2.068
2020-09-15 23:00:00-03:00,0.0,0.0,0.0,-2.263
2020-09-16 00:00:00-03:00,0.0,0.0,0.0,-2.348
2020-09-16 01:00:00-03:00,0.0,0.0,0.0,-2.6870000000000003
2020-09-16 02:00:00-03:00,0.0,0.0,0.0,-3.001
2020-09-16 03:00:00-03:00,0.0,0.0,0.0,-3.098
2020-09-16 04:00:00-03:00,0.0,0.0,0.0,-3.128
2020-09-16 05:00:00-03:00,0.0,0.0,0.0,-2.854
2020-09-16 06:00:00-03:00,0.0,0.0,0.0,-2.719
2020-09-16 07:00:00-03:00,0.0,0.0,0.0,-2.574
2020-09-16 08:00:00-03:00,0.004,0.002,0.01,-2.268
2020-09-16 09:00:00-03:00,0.023,0.004,0.032,-1.624
2020-09-16 10:00:00-03:00,0.089,0.016,0.091,-0.333
2020-09-16 11:00:00-03:00,0.08700000000000001,0.008,0.097,0.664
2020-09-16 12:00:00-03:00,0.082,0.005,0.095,0.741
2020-09-16 13:00:00-03:00,0.148,0.011,0.157,1.275
2020-09-16 14:00:00-03:00,0.309,0.08600000000000001,0.251,3.269
2020-09-16 15:00:00-03:00,0.215,0.054,0.186,5.234
2020-09-16 16:00:00-03:00,0.057,0.006,0.069,5.47
2020-09-16 17:00:00-03:00,0.045,0.008,0.055,5.371
2020-09-16 18:00:00-03:00,0.019,0.006,0.026000000000000002,5.231
2020-09-16 19:00:00-03:00,0.0,0.002,0.003,4.801
2020-09-16 20:00:00-03:00,0.0,0.0,0.0,4.266
2020-09-16 21:00:00-03:00,0.0,0.0,0.0,3.88
2020-09-16 22:00:00-03:00,0.0,0.0,0.0,3.709
2020-09-16 23:00:00-03:00,0.0,0.0,0.0,4.082
2020-09-17 00:00:00-03:00,0.0,0.0,0.0,3.833
2020-09-17 01:00:00-03:00,0.0,0.0,0.0,3.556
2020-09-17 02:00:00-03:00,0.0,0.0,0.0,3.656
2020-09-17 03:00:00-03:00,0.0,0.0,0.0,3.444
2020-09-17 04:00:00-03:00,0.0,0.0,0.0,3.058
2020-09-17 05:00:00-03:00,0.0,0.0,0.0,2.7560000000000002
2020-09-17 06:00:00-03:00,0.0,0.0,0.0,2.316
2020-09-17 07:00:00-03:00,0.0,0.0,0.0,1.7530000000000001
2020-09-17 08:00:00-03:00,0.07100000000000001,0.063,0.026000000000000002,1.5899999999999999
2020-09-17 09:00:00-03:00,0.178,0.123,0.076,2.283
2020-09-17 10:00:00-03:00,0.333,0.23800000000000002,0.126,3.279
2020-09-17 11:00:00-03:00,0.449,0.335,0.16,4.285
2020-09-17 12:00:00-03:00,0.5700000000000001,0.468,0.17300000000000001,5.119
2020-09-17 13:00:00-03:00,0.654,0.585,0.165,5.748
2020-09-17 14:00:00-03:00,0.559,0.442,0.189,6.018
2020-09-17 15:00:00-03:00,0.47700000000000004,0.355,0.176,5.861
2020-09-17 16:00:00-03:00,0.375,0.268,0.146,5.295
2020-09-17 17:00:00-03:00,0.274,0.199,0.10300000000000001,4.3870000000000005
2020-09-17 18:00:00-03:00,0.151,0.12,0.052000000000000005,3.071
2020-09-17 19:00:00-03:00,0.007,0.012,0.005,1.5350000000000001
2020-09-17 20:00:00-03:00,0.0,0.0,0.0,0.611
2020-09-17 21:00:00-03:00,0.0,0.0,0.0,0.091
2020-09-17 22:00:00-03:00,0.0,0.0,0.0,-0.242
2020-09-17 23:00:00-03:00,0.0,0.0,0.0,-0.631
2020-09-18 00:00:00-03:00,0.0,0.0,0.0,-0.9400000000000001
2020-09-18 01:00:00-03:00,0.0,0.0,0.0,-1.088
2020-09-18 02:00:00-03:00,0.0,0.0,0.0,-1.131
2020-09-18 03:00:00-03:00,0.0,0.0,0.0,-1.153
2020-09-18 04:00:00-03:00,0.0,0.0,0.0,-1.166
2020-09-18 05:00:00-03:00,0.0,0.0,0.0,-1.152
2020-09-18 06:00:00-03:00,0.0,0.0,0.0,-1.188
2020-09-18 07:00:00-03:00,0.0,0.0,0.0,-1.1360000000000001
2020-09-18 08:00:00-03:00,0.069,0.059000000000000004,0.027,-0.764
2020-09-18 09:00:00-03:00,0.28500000000000003,0.225,0.083,0.291
2020-09-18 10:00:00-03:00,0.278,0.17400000000000002,0.127,1.161
2020-09-18 11:00:00-03:00,0.336,0.192,0.17300000000000001,1.913
2020-09-18 12:00:00-03:00,0.386,0.20700000000000002,0.214,2.841
2020-09-18 13:00:00-03:00,0.453,0.254,0.244,3.755
2020-09-18 14:00:00-03:00,0.501,0.34,0.215,4.345
2020-09-18 15:00:00-03:00,0.445,0.308,0.183,4.652
2020-09-18 16:00:00-03:00,0.443,0.343,0.146,4.788
2020-09-18 17:00:00-03:00,0.289,0.214,0.10400000000000001,4.453
2020-09-18 18:00:00-03:00,0.199,0.166,0.056,3.709
2020-09-18 19:00:00-03:00,0.017,0.022,0.007,2.558
2020-09-18 20:00:00-03:00,0.0,0.0,0.0,2.016
2020-09-18 21:00:00-03:00,0.0,0.0,0.0,1.879
2020-09-18 22:00:00-03:00,0.0,0.0,0.0,1.738
2020-09-18 23:00:00-03:00,0.0,0.0,0.0,1.615
2020-09-19 00:00:00-03:00,0.0,0.0,0.0,1.596
2020-09-19 01:00:00-03:00,0.0,0.0,0.0,1.608
2020-09-19 02:00:00-03:00,0.0,0.0,0.0,1.687
2020-09-19 03:00:00-03:00,0.0,0.0,0.0,1.851
2020-09-19 04:00:00-03:00,0.0,0.0,0.0,1.928
2020-09-19 05:00:00-03:00,0.0,0.0,0.0,1.964
2020-09-19 06:00:00-03:00,0.0,0.0,0.0,2.031
2020-09-19 07:00:00-03:00,0.0,0.0,0.0,2.073
2020-09-19 08:00:00-03:00,0.05,0.04,0.026000000000000002,2.364
2020-09-19 09:00:00-03:00,0.145,0.09,0.076,3.168
2020-09-19 10:00:00-03:00,0.267,0.168,0.125,4.192
2020-09-19 11:00:00-03:00,0.532,0.445,0.151,5.418
2020-09-19 12:00:00-03:00,0.612,0.537,0.161,6.475
2020-09-19 13:00:00-03:00,0.636,0.5630000000000001,0.169,7.118
2020-09-19 14:00:00-03:00,0.605,0.521,0.17200000000000001,7.364
2020-09-19 15:00:00-03:00,0.642,0.598,0.14300000000000002,7.552
2020-09-19 16:00:00-03:00,0.673,0.668,0.114,7.465
2020-09-19 17:00:00-03:00,0.537,0.512,0.094,6.841
2020-09-19 18:00:00-03:00,0.195,0.164,0.055,5.7059999999999995
2020-09-19 19:00:00-03:00,0.007,0.011,0.006,4.479
2020-09-19 20:00:00-03:00,0.0,0.0,0.0,3.645
2020-09-19 21:00:00-03:00,0.0,0.0,0.0,2.975
2020-09-19 22:00:00-03:00,0.0,0.0,0.0,2.508
2020-09-19 23:00:00-03:00,0.0,0.0,0.0,2.282
2020-09-20 00:00:00-03:00,0.0,0.0,0.0,2.066
2020-09-20 01:00:00-03:00,0.0,0.0,0.0,1.746
2020-09-20 02:00:00-03:00,0.0,0.0,0.0,1.308
2020-09-20 03:00:00-03:00,0.0,0.0,0.0,0.314
2020-09-20 04:00:00-03:00,0.0,0.0,0.0,-0.686
2020-09-20 05:00:00-03:00,0.0,0.0,0.0,-0.908
2020-09-20 06:00:00-03:00,0.0,0.0,0.0,-0.5640000000000001
2020-09-20 07:00:00-03:00,0.0,0.001,0.0,-0.093
2020-09-20 08:00:00-03:00,0.046,0.035,0.027,1.031
2020-09-20 09:00:00-03:00,0.157,0.097,0.081,2.793
2020-09-20 10:00:00-03:00,0.241,0.137,0.13,4.805
2020-09-20 11:00:00-03:00,0.358,0.221,0.176,6.861
2020-09-20 12:00:00-03:00,0.489,0.35000000000000003,0.20400000000000001,8.671
2020-09-20 13:00:00-03:00,0.5660000000000001,0.445,0.20700000000000002,9.682
2020-09-20 14:00:00-03:00,0.684,0.656,0.154,10.398
2020-09-20 15:00:00-03:00,0.629,0.584,0.154,10.706
2020-09-20 16:00:00-03:00,0.381,0.276,0.154,10.408
2020-09-20 17:00:00-03:00,0.101,0.04,0.083,9.464
2020-09-20 18:00:00-03:00,0.036000000000000004,0.017,0.035,7.983
2020-09-20 19:00:00-03:00,0.003,0.006,0.006,5.818
2020-09-20 20:00:00-03:00,0.0,0.0,0.0,4.499
2020-09-20 21:00:00-03:00,0.0,0.0,0.0,3.856
2020-09-20 22:00:00-03:00,0.0,0.0,0.0,3.628
2020-09-20 23:00:00-03:00,0.0,0.0,0.0,3.358
2020-09-21 00:00:00-03:00,0.0,0.0,0.0,3.083
2020-09-21 01:00:00-03:00,0.0,0.0,0.0,2.926
2020-09-21 02:00:00-03:00,0.0,0.0,0.0,2.825
2020-09-21 03:00:00-03:00,0.0,0.0,0.0,2.707
2020-09-21 04:00:00-03:00,0.0,0.0,0.0,2.604
2020-09-21 05:00:00-03:00,0.0,0.0,0.0,2.551
2020-09-21 06:00:00-03:00,0.0,0.0,0.0,2.65
2020-09-21 07:00:00-03:00,0.0,0.0,0.0,2.9530000000000003
2020-09-21 08:00:00-03:00,0.006,0.003,0.012,3.713
2020-09-21 09:00:00-03:00,0.029,0.006,0.039,4.854
2020-09-21 10:00:00-03:00,0.067,0.01,0.076,6.079
2020-09-21 11:00:00-03:00,0.137,0.026000000000000002,0.135,7.207
2020-09-21 12:00:00-03:00,0.365,0.168,0.241,9.471
2020-09-21 13:00:00-03:00,0.422,0.20400000000000001,0.277,11.802
2020-09-21 14:00:00-03:00,0.365,0.161,0.254,12.105
2020-09-21 15:00:00-03:00,0.209,0.06,0.181,11.393
2020-09-21 16:00:00-03:00,0.164,0.053,0.138,10.651
2020-09-21 17:00:00-03:00,0.17200000000000001,0.091,0.109,10.217
2020-09-21 18:00:00-03:00,0.088,0.055,0.054,9.25
2020-09-21 19:00:00-03:00,0.005,0.008,0.007,7.191
2020-09-21 20:00:00-03:00,0.0,0.0,0.0,6.157
2020-09-21 21:00:00-03:00,0.0,0.0,0.0,5.527
2020-09-21 22:00:00-03:00,0.0,0.0,0.0,4.911
2020-09-21 23:00:00-03:00,0.0,0.0,0.0,4.665
2020-09-22 00:00:00-03:00,0.0,0.0,0.0,4.617
2020-09-22 01:00:00-03:00,0.0,0.0,0.0,4.043
2020-09-22 02:00:00-03:00,0.0,0.0,0.0,3.2560000000000002
2020-09-22 03:00:00-03:00,0.0,0.0,0.0,2.959
2020-09-22 04:00:00-03:00,0.0,0.0,0.0,3.422
2020-09-22 05:00:00-03:00,0.0,0.0,0.0,3.5700000000000003
2020-09-22 06:00:00-03:00,0.0,0.0,0.0,3.13
2020-09-22 07:00:00-03:00,0.0,0.002,0.001,2.66
2020-09-22 08:00:00-03:00,0.084,0.069,0.033,2.988
2020-09-22 09:00:00-03:00,0.215,0.154,0.085,3.951
2020-09-22 10:00:00-03:00,0.324,0.226,0.13,5.053
2020-09-22 11:00:00-03:00,0.499,0.398,0.161,5.998
2020-09-22 12:00:00-03:00,0.542,0.426,0.185,6.666
2020-09-22 13:00:00-03:00,0.601,0.499,0.19,7.455
2020-09-22 14:00:00-03:00,0.656,0.603,0.16,8.259
2020-09-22 15:00:00-03:00,0.714,0.712,0.132,8.748
2020-09-22 16:00:00-03:00,0.653,0.64,0.12,8.595
2020-09-22 17:00:00-03:00,0.541,0.515,0.1,8.025
2020-09-22 18:00:00-03:00,0.113,0.082,0.053,6.99
2020-09-22 19:00:00-03:00,0.005,0.008,0.006,6.016
2020-09-22 20:00:00-03:00,0.0,0.0,0.0,5.353
2020-09-22 21:00:00-03:00,0.0,0.0,0.0,4.896
2020-09-22 22:00:00-03:00,0.0,0.0,0.0,4.67
2020-09-22 23:00:00-03:00,0.0,0.0,0.0,4.73
2020-09-23 00:00:00-03:00,0.0,0.0,0.0,4.704
2020-09-23 01:00:00-03:00,0.0,0.0,0.0,4.774
2020-09-23 02:00:00-03:00,0.0,0.0,0.0,4.867
2020-09-23 03:00:00-03:00,0.0,0.0,0.0,4.83
2020-09-23 04:00:00-03:00,0.0,0.0,0.0,4.75
2020-09-23 05:00:00-03:00,0.0,0.0,0.0,4.743
2020-09-23 06:00:00-03:00,0.0,0.0,0.0,4.82
2020-09-23 07:00:00-03:00,0.0,0.001,0.001,4.899
2020-09-23 08:00:00-03:00,0.028,0.017,0.025,5.327
2020-09-23 09:00:00-03:00,0.08700000000000001,0.037,0.07,6.309
2020-09-23 10:00:00-03:00,0.157,0.062,0.12,7.533
2020-09-23 11:00:00-03:00,0.275,0.13,0.179,8.716
2020-09-23 12:00:00-03:00,0.391,0.216,0.224,9.631
2020-09-23 13:00:00-03:00,0.523,0.362,0.23800000000000002,10.342
2020-09-23 14:00:00-03:00,0.547,0.421,0.21,10.795
2020-09-23 15:00:00-03:00,0.47300000000000003,0.354,0.186,10.797
2020-09-23 16:00:00-03:00,0.502,0.425,0.149,10.491
2020-09-23 17:00:00-03:00,0.331,0.259,0.113,9.655
2020-09-23 18:00:00-03:00,0.215,0.179,0.064,8.57
2020-09-23 19:00:00-03:00,0.032,0.037,0.012,7.295
2020-09-23 20:00:00-03:00,0.0,0.0,0.0,6.384
2020-09-23 21:00:00-03:00,0.0,0.0,0.0,5.852
2020-09-23 22:00:00-03:00,0.0,0.0,0.0,5.583
2020-09-23 23:00:00-03:00,0.0,0.0,0.0,5.42
2020-09-24 00:00:00-03:00,0.0,0.0,0.0,5.2620000000000005
2020-09-24 01:00:00-03:00,0.0,0.0,0.0,5.138
2020-09-24 02:00:00-03:00,0.0,0.0,0.0,5.058
2020-09-24 03:00:00-03:00,0.0,0.0,0.0,5.005
2020-09-24 04:00:00-03:00,0.0,0.0,0.0,5.002
2020-09-24 05:00:00-03:00,0.0,0.0,0.0,5.037
2020-09-24 06:00:00-03:00,0.0,0.0,0.0,5.14
2020-09-24 07:00:00-03:00,0.0,0.001,0.001,5.246
2020-09-24 08:00:00-03:00,0.017,0.01,0.021,5.654
2020-09-24 09:00:00-03:00,0.111,0.056,0.077,6.623
2020-09-24 10:00:00-03:00,0.219,0.117,0.13,7.784
2020-09-24 11:00:00-03:00,0.47200000000000003,0.368,0.166,8.981
2020-09-24 12:00:00-03:00,0.728,0.735,0.135,10.002
2020-09-24 13:00:00-03:00,0.671,0.636,0.157,10.328
2020-09-24 14:00:00-03:00,0.616,0.541,0.177,10.2
2020-09-24 15:00:00-03:00,0.599,0.532,0.163,9.859
2020-09-24 16:00:00-03:00,0.491,0.41200000000000003,0.145,9.195
2020-09-24 17:00:00-03:00,0.406,0.34600000000000003,0.109,8.316
2020-09-24 18:00:00-03:00,0.358,0.333,0.065,7.33
2020-09-24 19:00:00-03:00,0.05,0.055,0.013000000000000001,6.251
2020-09-24 20:00:00-03:00,0.0,0.0,0.0,5.6370000000000005
2020-09-24 21:00:00-03:00,0.0,0.0,0.0,5.36
2020-09-24 22:00:00-03:00,0.0,0.0,0.0,5.156
2020-09-24 23:00:00-03:00,0.0,0.0,0.0,4.91
2020-09-25 00:00:00-03:00,0.0,0.0,0.0,4.687
2020-09-25 01:00:00-03:00,0.0,0.0,0.0,4.551
2020-09-25 02:00:00-03:00,0.0,0.0,0.0,4.467
2020-09-25 03:00:00-03:00,0.0,0.0,0.0,4.405
2020-09-25 04:00:00-03:00,0.0,0.0,0.0,4.342
2020-09-25 05:00:00-03:00,0.0,0.0,0.0,4.259
2020-09-25 06:00:00-03:00,0.0,0.0,0.0,4.166
2020-09-25 07:00:00-03:00,0.0,0.003,0.002,4.067
2020-09-25 08:00:00-03:00,0.092,0.075,0.037,4.482
2020-09-25 09:00:00-03:00,0.278,0.22,0.088,5.641
2020-09-25 10:00:00-03:00,0.461,0.392,0.125,7.146
2020-09-25 11:00:00-03:00,0.498,0.40800000000000003,0.156,8.435
2020-09-25 12:00:00-03:00,0.609,0.546,0.16,9.714
2020-09-25 13:00:00-03:00,0.759,0.81,0.107,10.817
2020-09-25 14:00:00-03:00,0.727,0.745,0.129,11.112
2020-09-25 15:00:00-03:00,0.7020000000000001,0.706,0.131,10.971
2020-09-25 16:00:00-03:00,0.724,0.756,0.111,10.6
2020-09-25 17:00:00-03:00,0.599,0.601,0.094,9.77
2020-09-25 18:00:00-03:00,0.43,0.421,0.062,8.459
2020-09-25 19:00:00-03:00,0.13,0.136,0.016,6.646
2020-09-25 20:00:00-03:00,0.0,0.0,0.0,5.328
2020-09-25 21:00:00-03:00,0.0,0.0,0.0,4.683
2020-09-25 22:00:00-03:00,0.0,0.0,0.0,4.24
2020-09-25 23:00:00-03:00,0.0,0.0,0.0,3.834
2020-09-26 00:00:00-03:00,0.0,0.0,0.0,3.63
2020-09-26 01:00:00-03:00,0.0,0.0,0.0,3.642
2020-09-26 02:00:00-03:00,0.0,0.0,0.0,3.722
2020-09-26 03:00:00-03:00,0.0,0.0,0.0,3.842
2020-09-26 04:00:00-03:00,0.0,0.0,0.0,3.982
2020-09-26 05:00:00-03:00,0.0,0.0,0.0,4.198
2020-09-26 06:00:00-03:00,0.0,0.0,0.0,4.24
2020-09-26 07:00:00-03:00,0.0,0.004,0.002,4.066
2020-09-26 08:00:00-03:00,0.049,0.033,0.033,4.3629999999999995
2020-09-26 09:00:00-03:00,0.122,0.063,0.08,5.089
2020-09-26 10:00:00-03:00,0.243,0.136,0.135,5.859
2020-09-26 11:00:00-03:00,0.455,0.333,0.17500000000000002,6.584
2020-09-26 12:00:00-03:00,0.516,0.382,0.2,7.113
2020-09-26 13:00:00-03:00,0.609,0.499,0.2,7.471
2020-09-26 14:00:00-03:00,0.621,0.531,0.183,7.382
2020-09-26 15:00:00-03:00,0.607,0.531,0.164,7.158
2020-09-26 16:00:00-03:00,0.555,0.488,0.14100000000000001,6.9879999999999995
2020-09-26 17:00:00-03:00,0.492,0.443,0.108,6.563
2020-09-26 18:00:00-03:00,0.363,0.334,0.067,5.551
2020-09-26 19:00:00-03:00,0.11,0.113,0.017,3.938
2020-09-26 20:00:00-03:00,0.0,0.0,0.0,2.6189999999999998
2020-09-26 21:00:00-03:00,0.0,0.0,0.0,1.9849999999999999
2020-09-26 22:00:00-03:00,0.0,0.0,0.0,1.475
2020-09-26 23:00:00-03:00,0.0,0.0,0.0,1.013
2020-09-27 00:00:00-03:00,0.0,0.0,0.0,0.495
2020-09-27 01:00:00-03:00,0.0,0.0,0.0,-0.012
2020-09-27 02:00:00-03:00,0.0,0.0,0.0,-0.52
2020-09-27 03:00:00-03:00,0.0,0.0,0.0,-1.097
2020-09-27 04:00:00-03:00,0.0,0.0,0.0,-1.3940000000000001
2020-09-27 05:00:00-03:00,0.0,0.0,0.0,-1.223
2020-09-27 06:00:00-03:00,0.0,0.0,0.0,-0.47500000000000003
2020-09-27 07:00:00-03:00,0.0,0.002,0.002,-0.036000000000000004
2020-09-27 08:00:00-03:00,0.03,0.015,0.03,1.192
2020-09-27 09:00:00-03:00,0.08700000000000001,0.03,0.076,2.843
2020-09-27 10:00:00-03:00,0.137,0.038,0.12,4.664
2020-09-27 11:00:00-03:00,0.178,0.041,0.161,6.322
2020-09-27 12:00:00-03:00,0.221,0.043000000000000003,0.20600000000000002,7.824
2020-09-27 13:00:00-03:00,0.23900000000000002,0.034,0.23500000000000001,9.06
2020-09-27 14:00:00-03:00,0.246,0.053,0.226,10.009
2020-09-27 15:00:00-03:00,0.271,0.098,0.20800000000000002,10.4
2020-09-27 16:00:00-03:00,0.18,0.059000000000000004,0.149,10.288
2020-09-27 17:00:00-03:00,0.121,0.044,0.101,9.989
2020-09-27 18:00:00-03:00,0.062,0.029,0.053,9.423
2020-09-27 19:00:00-03:00,0.009000000000000001,0.009000000000000001,0.011,8.382
2020-09-27 20:00:00-03:00,0.0,0.0,0.0,7.344
2020-09-27 21:00:00-03:00,0.0,0.0,0.0,6.321
2020-09-27 22:00:00-03:00,0.0,0.0,0.0,5.22
2020-09-27 23:00:00-03:00,0.0,0.0,0.0,4.4030000000000005
2020-09-28 00:00:00-03:00,0.0,0.0,0.0,3.768
2020-09-28 01:00:00-03:00,0.0,0.0,0.0,3.377
2020-09-28 02:00:00-03:00,0.0,0.0,0.0,3.076
2020-09-28 03:00:00-03:00,0.0,0.0,0.0,2.775
2020-09-28 04:00:00-03:00,0.0,0.0,0.0,2.366
2020-09-28 05:00:00-03:00,0.0,0.0,0.0,1.713
2020-09-28 06:00:00-03:00,0.0,0.0,0.0,0.906
2020-09-28 07:00:00-03:00,0.002,0.006,0.003,0.369
2020-09-28 08:00:00-03:00,0.09,0.065,0.043000000000000003,0.9380000000000001
2020-09-28 09:00:00-03:00,0.166,0.093,0.093,1.896
2020-09-28 10:00:00-03:00,0.186,0.075,0.132,2.531
2020-09-28 11:00:00-03:00,0.23800000000000002,0.085,0.177,3.123
2020-09-28 12:00:00-03:00,0.343,0.14,0.23500000000000001,3.8609999999999998
2020-09-28 13:00:00-03:00,0.45,0.212,0.28400000000000003,4.342
2020-09-28 14:00:00-03:00,0.394,0.182,0.251,4.243
2020-09-28 15:00:00-03:00,0.311,0.136,0.20400000000000001,3.919
2020-09-28 16:00:00-03:00,0.251,0.116,0.161,3.65
2020-09-28 17:00:00-03:00,0.2,0.107,0.116,3.328
2020-09-28 18:00:00-03:00,0.122,0.077,0.064,2.699
2020-09-28 19:00:00-03:00,0.053,0.052000000000000005,0.018000000000000002,1.2610000000000001
2020-09-28 20:00:00-03:00,0.0,0.0,0.0,-0.47100000000000003
2020-09-28 21:00:00-03:00,0.0,0.0,0.0,-1.037
2020-09-28 22:00:00-03:00,0.0,0.0,0.0,-1.667
2020-09-28 23:00:00-03:00,0.0,0.0,0.0,-2.252
2020-09-29 00:00:00-03:00,0.0,0.0,0.0,-2.778
2020-09-29 01:00:00-03:00,0.0,0.0,0.0,-3.004
2020-09-29 02:00:00-03:00,0.0,0.0,0.0,-3.069
2020-09-29 03:00:00-03:00,0.0,0.0,0.0,-3.02
2020-09-29 04:00:00-03:00,0.0,0.0,0.0,-2.971
2020-09-29 05:00:00-03:00,0.0,0.0,0.0,-3.049
2020-09-29 06:00:00-03:00,0.0,0.0,0.0,-3.087
2020-09-29 07:00:00-03:00,0.003,0.006,0.004,-2.758
2020-09-29 08:00:00-03:00,0.032,0.015,0.032,-1.698
2020-09-29 09:00:00-03:00,0.057,0.013000000000000001,0.061,-0.522
2020-09-29 10:00:00-03:00,0.101,0.018000000000000002,0.101,0.734
2020-09-29 11:00:00-03:00,0.155,0.026000000000000002,0.149,1.859
2020-09-29 12:00:00-03:00,0.161,0.017,0.164,2.317
2020-09-29 13:00:00-03:00,0.182,0.014,0.189,2.251
2020-09-29 14:00:00-03:00,0.164,0.016,0.168,2.078
2020-09-29 15:00:00-03:00,0.178,0.031,0.167,2.113
2020-09-29 16:00:00-03:00,0.19,0.058,0.153,2.08
2020-09-29 17:00:00-03:00,0.19,0.091,0.12,1.953
2020-09-29 18:00:00-03:00,0.156,0.10300000000000001,0.073,1.48
2020-09-29 19:00:00-03:00,0.055,0.051000000000000004,0.02,0.521
2020-09-29 20:00:00-03:00,0.0,0.0,0.0,-0.332
2020-09-29 21:00:00-03:00,0.0,0.0,0.0,-0.742
2020-09-29 22:00:00-03:00,0.0,0.0,0.0,-1.1
2020-09-29 23:00:00-03:00,0.0,0.0,0.0,-1.4060000000000001
2020-09-30 00:00:00-03:00,0.0,0.0,0.0,-1.5670000000000002
2020-09-30 01:00:00-03:00,0.0,0.0,0.0,-1.4100000000000001
2020-09-30 02:00:00-03:00,0.0,0.0,0.0,-1.089
2020-09-30 03:00:00-03:00,0.0,0.0,0.0,-0.519
2020-09-30 04:00:00-03:00,0.0,0.0,0.0,0.171
2020-09-30 05:00:00-03:00,0.0,0.0,0.0,0.719
2020-09-30 06:00:00-03:00,0.0,0.0,0.0,0.981
2020-09-30 07:00:00-03:00,0.0,0.003,0.003,1.103
2020-09-30 08:00:00-03:00,0.03,0.014,0.031,1.326
2020-09-30 09:00:00-03:00,0.10400000000000001,0.039,0.084,1.7810000000000001
2020-09-30 10:00:00-03:00,0.167,0.055,0.132,2.132
2020-09-30 11:00:00-03:00,0.23900000000000002,0.078,0.183,1.667
2020-09-30 12:00:00-03:00,0.34800000000000003,0.132,0.244,1.065
2020-09-30 13:00:00-03:00,0.47500000000000003,0.218,0.299,1.293
2020-09-30 14:00:00-03:00,0.401,0.17500000000000002,0.259,1.587
2020-09-30 15:00:00-03:00,0.32,0.131,0.216,2.056
2020-09-30 16:00:00-03:00,0.139,0.031,0.128,1.948
2020-09-30 17:00:00-03:00,0.081,0.019,0.08,1.4020000000000001
2020-09-30 18:00:00-03:00,0.063,0.026000000000000002,0.054,0.396
2020-09-30 19:00:00-03:00,0.027,0.024,0.017,-0.485
2020-09-30 20:00:00-03:00,0.0,0.0,0.0,-1.155
2020-09-30 21:00:00-03:00,0.0,0.0,0.0,-1.683
2020-09-30 22:00:00-03:00,0.0,0.0,0.0,-1.992
2020-09-30 23:00:00-03:00,0.0,0.0,0.0,-2.08
2020-10-01 00:00:00-03:00,0.0,0.0,0.0,-2.097
2020-10-01 01:00:00-03:00,0.0,0.0,0.0,-2.267
2020-10-01 02:00:00-03:00,0.0,0.0,0.0,-2.677
2020-10-01 03:00:00-03:00,0.0,0.0,0.0,-3.043
2020-10-01 04:00:00-03:00,0.0,0.0,0.0,-3.233
2020-10-01 05:00:00-03:00,0.0,0.0,0.0,-3.32
2020-10-01 06:00:00-03:00,0.0,0.0,0.0,-3.217
2020-10-01 07:00:00-03:00,0.005,0.009000000000000001,0.005,-2.95
2020-10-01 08:00:00-03:00,0.08600000000000001,0.056,0.046,-2.302
2020-10-01 09:00:00-03:00,0.201,0.11900000000000001,0.1,-1.371
2020-10-01 10:00:00-03:00,0.319,0.19,0.153,-0.378
2020-10-01 11:00:00-03:00,0.34900000000000003,0.181,0.195,0.556
2020-10-01 12:00:00-03:00,0.384,0.17200000000000001,0.243,1.206
2020-10-01 13:00:00-03:00,0.358,0.10200000000000001,0.28500000000000003,1.439
2020-10-01 14:00:00-03:00,0.28400000000000003,0.076,0.232,1.67
2020-10-01 15:00:00-03:00,0.297,0.115,0.20700000000000002,2.0
2020-10-01 16:00:00-03:00,0.24,0.10200000000000001,0.161,1.9380000000000002
2020-10-01 17:00:00-03:00,0.217,0.117,0.121,1.744
2020-10-01 18:00:00-03:00,0.163,0.109,0.073,1.159
2020-10-01 19:00:00-03:00,0.093,0.08600000000000001,0.024,-0.329
2020-10-01 20:00:00-03:00,0.0,0.0,0.0,-2.342
2020-10-01 21:00:00-03:00,0.0,0.0,0.0,-2.964
2020-10-01 22:00:00-03:00,0.0,0.0,0.0,-3.182
2020-10-01 23:00:00-03:00,0.0,0.0,0.0,-2.998
2020-10-02 00:00:00-03:00,0.0,0.0,0.0,-2.992
2020-10-02 01:00:00-03:00,0.0,0.0,0.0,-2.875
2020-10-02 02:00:00-03:00,0.0,0.0,0.0,-2.829
2020-10-02 03:00:00-03:00,0.0,0.0,0.0,-3.026
2020-10-02 04:00:00-03:00,0.0,0.0,0.0,-3.376
2020-10-02 05:00:00-03:00,0.0,0.0,0.0,-3.457
2020-10-02 06:00:00-03:00,0.0,0.0,0.0,-3.605
2020-10-02 07:00:00-03:00,0.067,0.075,0.008,-3.717
2020-10-02 08:00:00-03:00,0.45,0.434,0.047,-2.188
2020-10-02 09:00:00-03:00,0.664,0.661,0.078,-0.243
2020-10-02 10:00:00-03:00,0.637,0.595,0.115,1.081
2020-10-02 11:00:00-03:00,0.578,0.488,0.153,2.046
2020-10-02 12:00:00-03:00,0.72,0.678,0.147,3.155
2020-10-02 13:00:00-03:00,0.75,0.739,0.131,4.034
2020-10-02 14:00:00-03:00,0.6960000000000001,0.634,0.166,4.41
2020-10-02 15:00:00-03:00,0.432,0.28300000000000003,0.192,4.13
2020-10-02 16:00:00-03:00,0.293,0.167,0.154,3.748
2020-10-02 17:00:00-03:00,0.47600000000000003,0.41000000000000003,0.115,3.767
2020-10-02 18:00:00-03:00,0.6890000000000001,0.722,0.065,3.384
2020-10-02 19:00:00-03:00,0.46,0.47500000000000003,0.026000000000000002,1.397
2020-10-02 20:00:00-03:00,0.0,0.0,0.0,-0.919
2020-10-02 21:00:00-03:00,0.0,0.0,0.0,-1.637
2020-10-02 22:00:00-03:00,0.0,0.0,0.0,-2.061
2020-10-02 23:00:00-03:00,0.0,0.0,0.0,-1.953
2020-10-03 00:00:00-03:00,0.0,0.0,0.0,-1.779
2020-10-03 01:00:00-03:00,0.0,0.0,0.0,-1.545
2020-10-03 02:00:00-03:00,0.0,0.0,0.0,-1.37
2020-10-03 03:00:00-03:00,0.0,0.0,0.0,-1.2730000000000001
2020-10-03 04:00:00-03:00,0.0,0.0,0.0,-1.166
2020-10-03 05:00:00-03:00,0.0,0.0,0.0,-1.013
2020-10-03 06:00:00-03:00,0.0,0.0,0.0,-0.753
2020-10-03 07:00:00-03:00,0.0,0.002,0.003,-0.41000000000000003
2020-10-03 08:00:00-03:00,0.017,0.006,0.024,0.195
2020-10-03 09:00:00-03:00,0.077,0.022,0.073,1.315
2020-10-03 10:00:00-03:00,0.197,0.077,0.14200000000000002,3.163
2020-10-03 11:00:00-03:00,0.324,0.158,0.199,5.232
2020-10-03 12:00:00-03:00,0.433,0.241,0.242,6.848
2020-10-03 13:00:00-03:00,0.543,0.338,0.28,8.119
2020-10-03 14:00:00-03:00,0.353,0.14200000000000002,0.253,8.243
2020-10-03 15:00:00-03:00,0.227,0.069,0.186,7.8260000000000005
2020-10-03 16:00:00-03:00,0.34700000000000003,0.20800000000000002,0.179,7.934
2020-10-03 17:00:00-03:00,0.321,0.226,0.132,7.767
2020-10-03 18:00:00-03:00,0.18,0.127,0.078,6.864
2020-10-03 19:00:00-03:00,0.083,0.075,0.027,5.482
2020-10-03 20:00:00-03:00,0.0,0.0,0.0,4.268
2020-10-03 21:00:00-03:00,0.0,0.0,0.0,3.7030000000000003
2020-10-03 22:00:00-03:00,0.0,0.0,0.0,3.254
2020-10-03 23:00:00-03:00,0.0,0.0,0.0,2.807
2020-10-04 00:00:00-03:00,0.0,0.0,0.0,2.598
2020-10-04 01:00:00-03:00,0.0,0.0,0.0,2.437
2020-10-04 02:00:00-03:00,0.0,0.0,0.0,2.299
2020-10-04 03:00:00-03:00,0.0,0.0,0.0,2.457
2020-10-04 04:00:00-03:00,0.0,0.0,0.0,2.762
2020-10-04 05:00:00-03:00,0.0,0.0,0.0,3.007
2020-10-04 06:00:00-03:00,0.0,0.0,0.0,3.3
2020-10-04 07:00:00-03:00,0.001,0.003,0.004,3.634
2020-10-04 08:00:00-03:00,0.045,0.022,0.04,4.408
2020-10-04 09:00:00-03:00,0.145,0.07100000000000001,0.097,5.8469999999999995
2020-10-04 10:00:00-03:00,0.25,0.129,0.151,7.626
2020-10-04 11:00:00-03:00,0.335,0.177,0.198,9.096
2020-10-04 12:00:00-03:00,0.383,0.191,0.241,9.943
2020-10-04 13:00:00-03:00,0.484,0.265,0.28700000000000003,10.28
2020-10-04 14:00:00-03:00,0.522,0.364,0.23500000000000001,10.488
2020-10-04 15:00:00-03:00,0.561,0.454,0.194,10.567
2020-10-04 16:00:00-03:00,0.523,0.432,0.168,10.347
2020-10-04 17:00:00-03:00,0.232,0.137,0.126,9.524000000000001
2020-10-04 18:00:00-03:00,0.076,0.036000000000000004,0.06,8.437
2020-10-04 19:00:00-03:00,0.038,0.031,0.023,7.242
2020-10-04 20:00:00-03:00,0.0,0.0,0.0,5.932
2020-10-04 21:00:00-03:00,0.0,0.0,0.0,5.087
2020-10-04 22:00:00-03:00,0.0,0.0,0.0,4.367
2020-10-04 23:00:00-03:00,0.0,0.0,0.0,3.757
2020-10-05 00:00:00-03:00,0.0,0.0,0.0,3.316
2020-10-05 01:00:00-03:00,0.0,0.0,0.0,2.847
2020-10-05 02:00:00-03:00,0.0,0.0,0.0,2.93
2020-10-05 03:00:00-03:00,0.0,0.0,0.0,3.101
2020-10-05 04:00:00-03:00,0.0,0.0,0.0,3.263
2020-10-05 05:00:00-03:00,0.0,0.0,0.0,3.357
2020-10-05 06:00:00-03:00,0.0,0.0,0.0,3.3810000000000002
2020-10-05 07:00:00-03:00,0.012,0.016,0.008,3.3890000000000002
2020-10-05 08:00:00-03:00,0.123,0.09,0.054,4.557
2020-10-05 09:00:00-03:00,0.367,0.302,0.10400000000000001,6.467
2020-10-05 10:00:00-03:00,0.594,0.555,0.129,8.642
2020-10-05 11:00:00-03:00,0.726,0.728,0.139,10.247
2020-10-05 12:00:00-03:00,0.678,0.633,0.17,10.565
2020-10-05 13:00:00-03:00,0.497,0.292,0.274,9.576
2020-10-05 14:00:00-03:00,0.294,0.097,0.231,8.08
2020-10-05 15:00:00-03:00,0.242,0.082,0.189,7.251
2020-10-05 16:00:00-03:00,0.262,0.128,0.164,6.981
2020-10-05 17:00:00-03:00,0.364,0.275,0.129,6.652
2020-10-05 18:00:00-03:00,0.387,0.34400000000000003,0.084,5.891
2020-10-05 19:00:00-03:00,0.146,0.135,0.032,4.616
2020-10-05 20:00:00-03:00,0.0,0.005,0.0,3.375
2020-10-05 21:00:00-03:00,0.0,0.0,0.0,2.719
2020-10-05 22:00:00-03:00,0.0,0.0,0.0,2.3
2020-10-05 23:00:00-03:00,0.0,0.0,0.0,2.111
2020-10-06 00:00:00-03:00,0.0,0.0,0.0,2.079
2020-10-06 01:00:00-03:00,0.0,0.0,0.0,2.048
2020-10-06 02:00:00-03:00,0.0,0.0,0.0,1.892
2020-10-06 03:00:00-03:00,0.0,0.0,0.0,1.778
2020-10-06 04:00:00-03:00,0.0,0.0,0.0,1.724
2020-10-06 05:00:00-03:00,0.0,0.0,0.0,1.784
2020-10-06 06:00:00-03:00,0.0,0.0,0.0,2.045
2020-10-06 07:00:00-03:00,0.01,0.013000000000000001,0.008,2.418
2020-10-06 08:00:00-03:00,0.109,0.073,0.055,3.021
2020-10-06 09:00:00-03:00,0.254,0.17200000000000001,0.107,4.041
2020-10-06 10:00:00-03:00,0.361,0.246,0.151,5.146
2020-10-06 11:00:00-03:00,0.522,0.406,0.18,6.198
2020-10-06 12:00:00-03:00,0.609,0.502,0.195,7.045
2020-10-06 13:00:00-03:00,0.645,0.538,0.20800000000000002,7.729
2020-10-06 14:00:00-03:00,0.618,0.508,0.20500000000000002,8.122
2020-10-06 15:00:00-03:00,0.509,0.379,0.198,8.048
2020-10-06 16:00:00-03:00,0.428,0.309,0.17,7.751
2020-10-06 17:00:00-03:00,0.362,0.272,0.13,7.18
2020-10-06 18:00:00-03:00,0.216,0.159,0.083,6.093
2020-10-06 19:00:00-03:00,0.079,0.068,0.03,4.591
2020-10-06 20:00:00-03:00,0.0,0.001,0.0,3.081
2020-10-06 21:00:00-03:00,0.0,0.0,0.0,2.275
2020-10-06 22:00:00-03:00,0.0,0.0,0.0,1.6680000000000001
2020-10-06 23:00:00-03:00,0.0,0.0,0.0,1.105
2020-10-07 00:00:00-03:00,0.0,0.0,0.0,0.771
2020-10-07 01:00:00-03:00,0.0,0.0,0.0,0.47700000000000004
2020-10-07 02:00:00-03:00,0.0,0.0,0.0,0.28600000000000003
2020-10-07 03:00:00-03:00,0.0,0.0,0.0,0.17500000000000002
2020-10-07 04:00:00-03:00,0.0,0.0,0.0,0.068
2020-10-07 05:00:00-03:00,0.0,0.0,0.0,-0.006
2020-10-07 06:00:00-03:00,0.0,0.0,0.0,-0.10400000000000001
2020-10-07 07:00:00-03:00,0.013000000000000001,0.015,0.009000000000000001,-0.067
2020-10-07 08:00:00-03:00,0.10300000000000001,0.066,0.055,0.852
2020-10-07 09:00:00-03:00,0.308,0.228,0.108,2.498
2020-10-07 10:00:00-03:00,0.636,0.59,0.131,4.391
2020-10-07 11:00:00-03:00,0.602,0.518,0.166,5.793
2020-10-07 12:00:00-03:00,0.601,0.488,0.198,6.846
2020-10-07 13:00:00-03:00,0.61,0.47100000000000003,0.229,7.704
2020-10-07 14:00:00-03:00,0.577,0.445,0.215,8.313
2020-10-07 15:00:00-03:00,0.558,0.446,0.191,8.724
2020-10-07 16:00:00-03:00,0.541,0.455,0.163,9.004
2020-10-07 17:00:00-03:00,0.334,0.241,0.133,8.761
2020-10-07 18:00:00-03:00,0.07100000000000001,0.032,0.059000000000000004,7.6129999999999995
2020-10-07 19:00:00-03:00,0.04,0.031,0.026000000000000002,6.163
2020-10-07 20:00:00-03:00,0.0,0.001,0.001,4.475
2020-10-07 21:00:00-03:00,0.0,0.0,0.0,3.878
2020-10-07 22:00:00-03:00,0.0,0.0,0.0,3.549
2020-10-07 23:00:00-03:00,0.0,0.0,0.0,3.717
2020-10-08 00:00:00-03:00,0.0,0.0,0.0,3.777
2020-10-08 01:00:00-03:00,0.0,0.0,0.0,3.566
2020-10-08 02:00:00-03:00,0.0,0.0,0.0,3.329
2020-10-08 03:00:00-03:00,0.0,0.0,0.0,3.038
2020-10-08 04:00:00-03:00,0.0,0.0,0.0,2.711
2020-10-08 05:00:00-03:00,0.0,0.0,0.0,2.606
2020-10-08 06:00:00-03:00,0.0,0.0,0.0,2.891
2020-10-08 07:00:00-03:00,0.006,0.007,0.008,3.299
2020-10-08 08:00:00-03:00,0.048,0.022,0.043000000000000003,4.005
2020-10-08 09:00:00-03:00,0.135,0.061,0.095,4.98
2020-10-08 10:00:00-03:00,0.234,0.113,0.149,6.205
2020-10-08 11:00:00-03:00,0.328,0.17400000000000002,0.191,7.46
2020-10-08 12:00:00-03:00,0.613,0.513,0.197,8.89
2020-10-08 13:00:00-03:00,0.733,0.721,0.154,9.857
2020-10-08 14:00:00-03:00,0.716,0.683,0.17,10.28
2020-10-08 15:00:00-03:00,0.687,0.648,0.167,10.635
2020-10-08 16:00:00-03:00,0.619,0.5710000000000001,0.153,10.613
2020-10-08 17:00:00-03:00,0.456,0.39,0.128,10.097
2020-10-08 18:00:00-03:00,0.30000000000000004,0.248,0.088,9.075
2020-10-08 19:00:00-03:00,0.131,0.117,0.037,7.4879999999999995
2020-10-08 20:00:00-03:00,0.0,0.003,0.001,5.694
2020-10-08 21:00:00-03:00,0.0,0.0,0.0,4.566
2020-10-08 22:00:00-03:00,0.0,0.0,0.0,3.979
2020-10-08 23:00:00-03:00,0.0,0.0,0.0,3.843
2020-10-09 00:00:00-03:00,0.0,0.0,0.0,3.809
2020-10-09 01:00:00-03:00,0.0,0.0,0.0,3.676
2020-10-09 02:00:00-03:00,0.0,0.0,0.0,3.492
2020-10-09 03:00:00-03:00,0.0,0.0,0.0,3.65
2020-10-09 04:00:00-03:00,0.0,0.0,0.0,4.222
2020-10-09 05:00:00-03:00,0.0,0.0,0.0,4.5280000000000005
2020-10-09 06:00:00-03:00,0.0,0.0,0.0,4.737
2020-10-09 07:00:00-03:00,0.007,0.008,0.009000000000000001,5.133
2020-10-09 08:00:00-03:00,0.075,0.041,0.054,6.216
2020-10-09 09:00:00-03:00,0.291,0.209,0.116,8.109
2020-10-09 10:00:00-03:00,0.419,0.318,0.156,10.122
2020-10-09 11:00:00-03:00,0.583,0.503,0.178,11.739
2020-10-09 12:00:00-03:00,0.64,0.5670000000000001,0.194,12.929
2020-10-09 13:00:00-03:00,0.598,0.462,0.244,13.375
2020-10-09 14:00:00-03:00,0.518,0.359,0.243,13.334
2020-10-09 15:00:00-03:00,0.302,0.133,0.211,12.565
2020-10-09 16:00:00-03:00,0.17200000000000001,0.052000000000000005,0.149,11.422
2020-10-09 17:00:00-03:00,0.09,0.023,0.09,10.03
2020-10-09 18:00:00-03:00,0.036000000000000004,0.009000000000000001,0.043000000000000003,8.621
2020-10-09 19:00:00-03:00,0.016,0.01,0.02,7.46
2020-10-09 20:00:00-03:00,0.0,0.001,0.001,6.242
2020-10-09 21:00:00-03:00,0.0,0.0,0.0,4.995
2020-10-09 22:00:00-03:00,0.0,0.0,0.0,3.646
2020-10-09 23:00:00-03:00,0.0,0.0,0.0,2.721
2020-10-10 00:00:00-03:00,0.0,0.0,0.0,1.9849999999999999
2020-10-10 01:00:00-03:00,0.0,0.0,0.0,1.502
2020-10-10 02:00:00-03:00,0.0,0.0,0.0,1.208
2020-10-10 03:00:00-03:00,0.0,0.0,0.0,0.93
2020-10-10 04:00:00-03:00,0.0,0.0,0.0,1.105
2020-10-10 05:00:00-03:00,0.0,0.0,0.0,1.317
2020-10-10 06:00:00-03:00,0.0,0.0,0.0,1.4140000000000001
2020-10-10 07:00:00-03:00,0.031,0.032,0.013000000000000001,1.6560000000000001
2020-10-10 08:00:00-03:00,0.357,0.326,0.063,2.989
2020-10-10 09:00:00-03:00,0.639,0.637,0.091,5.105
2020-10-10 10:00:00-03:00,0.675,0.659,0.122,6.692
2020-10-10 11:00:00-03:00,0.608,0.539,0.159,7.7219999999999995
2020-10-10 12:00:00-03:00,0.674,0.618,0.17200000000000001,8.893
2020-10-10 13:00:00-03:00,0.615,0.508,0.20700000000000002,9.718
2020-10-10 14:00:00-03:00,0.706,0.668,0.17200000000000001,10.476
2020-10-10 15:00:00-03:00,0.663,0.616,0.167,10.681000000000001
2020-10-10 16:00:00-03:00,0.599,0.544,0.152,10.355
2020-10-10 17:00:00-03:00,0.497,0.441,0.125,9.621
2020-10-10 18:00:00-03:00,0.352,0.305,0.089,8.394
2020-10-10 19:00:00-03:00,0.17400000000000002,0.158,0.041,7.035
2020-10-10 20:00:00-03:00,0.0,0.003,0.001,6.142
2020-10-10 21:00:00-03:00,0.0,0.0,0.0,5.946
2020-10-10 22:00:00-03:00,0.0,0.0,0.0,5.924
2020-10-10 23:00:00-03:00,0.0,0.0,0.0,5.914
2020-10-11 00:00:00-03:00,0.0,0.0,0.0,5.886
2020-10-11 01:00:00-03:00,0.0,0.0,0.0,5.832
2020-10-11 02:00:00-03:00,0.0,0.0,0.0,5.791
2020-10-11 03:00:00-03:00,0.0,0.0,0.0,5.748
2020-10-11 04:00:00-03:00,0.0,0.0,0.0,5.7219999999999995
2020-10-11 05:00:00-03:00,0.0,0.0,0.0,5.633
2020-10-11 06:00:00-03:00,0.0,0.0,0.0,5.575
2020-10-11 07:00:00-03:00,0.016,0.016,0.012,5.681
2020-10-11 08:00:00-03:00,0.129,0.088,0.063,6.45
2020-10-11 09:00:00-03:00,0.314,0.23900000000000002,0.112,7.747
2020-10-11 10:00:00-03:00,0.499,0.422,0.14400000000000002,9.21
2020-10-11 11:00:00-03:00,0.648,0.604,0.158,10.522
2020-10-11 12:00:00-03:00,0.677,0.634,0.17200000000000001,11.429
2020-10-11 13:00:00-03:00,0.655,0.582,0.195,11.795
2020-10-11 14:00:00-03:00,0.5730000000000001,0.456,0.211,11.684
2020-10-11 15:00:00-03:00,0.497,0.375,0.196,11.401
2020-10-11 16:00:00-03:00,0.562,0.491,0.16,11.153
2020-10-11 17:00:00-03:00,0.599,0.578,0.12,10.731
2020-10-11 18:00:00-03:00,0.5630000000000001,0.5630000000000001,0.085,9.742
2020-10-11 19:00:00-03:00,0.217,0.202,0.043000000000000003,8.159
2020-10-11 20:00:00-03:00,0.001,0.005,0.002,6.617
2020-10-11 21:00:00-03:00,0.0,0.0,0.0,5.878
2020-10-11 22:00:00-03:00,0.0,0.0,0.0,5.604
2020-10-11 23:00:00-03:00,0.0,0.0,0.0,5.452
2020-10-12 00:00:00-03:00,0.0,0.0,0.0,5.297
2020-10-12 01:00:00-03:00,0.0,0.0,0.0,5.193
2020-10-12 02:00:00-03:00,0.0,0.0,0.0,5.079
2020-10-12 03:00:00-03:00,0.0,0.0,0.0,4.909
2020-10-12 04:00:00-03:00,0.0,0.0,0.0,4.693
2020-10-12 05:00:00-03:00,0.0,0.0,0.0,4.639
2020-10-12 06:00:00-03:00,0.0,0.0,0.0,4.8469999999999995
2020-10-12 07:00:00-03:00,0.003,0.003,0.009000000000000001,5.213
2020-10-12 08:00:00-03:00,0.017,0.003,0.027,5.703
2020-10-12 09:00:00-03:00,0.038,0.005,0.05,6.097
2020-10-12 10:00:00-03:00,0.092,0.012,0.101,6.486
2020-10-12 11:00:00-03:00,0.134,0.016,0.14100000000000001,7.313
2020-10-12 12:00:00-03:00,0.164,0.016,0.17400000000000002,9.06
2020-10-12 13:00:00-03:00,0.14200000000000002,0.006,0.161,9.807
2020-10-12 14:00:00-03:00,0.135,0.01,0.15,10.075
2020-10-12 15:00:00-03:00,0.133,0.014,0.14300000000000002,10.224
2020-10-12 16:00:00-03:00,0.12,0.018000000000000002,0.126,10.365
2020-10-12 17:00:00-03:00,0.091,0.018000000000000002,0.095,10.423
2020-10-12 18:00:00-03:00,0.077,0.025,0.073,10.094
2020-10-12 19:00:00-03:00,0.041,0.024,0.035,9.247
2020-10-12 20:00:00-03:00,0.0,0.001,0.001,8.186
2020-10-12 21:00:00-03:00,0.0,0.0,0.0,7.364
2020-10-12 22:00:00-03:00,0.0,0.0,0.0,6.535
2020-10-12 23:00:00-03:00,0.0,0.0,0.0,5.932
2020-10-13 00:00:00-03:00,0.0,0.0,0.0,5.69
2020-10-13 01:00:00-03:00,0.0,0.0,0.0,5.518
2020-10-13 02:00:00-03:00,0.0,0.0,0.0,5.132
2020-10-13 03:00:00-03:00,0.0,0.0,0.0,4.501
2020-10-13 04:00:00-03:00,0.0,0.0,0.0,4.04
2020-10-13 05:00:00-03:00,0.0,0.0,0.0,3.834
2020-10-13 06:00:00-03:00,0.0,0.0,0.0,3.746
2020-10-13 07:00:00-03:00,0.11,0.107,0.024,3.846
2020-10-13 08:00:00-03:00,0.34600000000000003,0.308,0.073,5.082
2020-10-13 09:00:00-03:00,0.359,0.277,0.12,6.407
2020-10-13 10:00:00-03:00,0.341,0.214,0.165,7.062
2020-10-13 11:00:00-03:00,0.30000000000000004,0.132,0.201,7.158
2020-10-13 12:00:00-03:00,0.258,0.069,0.22,6.807
2020-10-13 13:00:00-03:00,0.336,0.075,0.298,6.842
2020-10-13 14:00:00-03:00,0.315,0.106,0.244,6.858
2020-10-13 15:00:00-03:00,0.32,0.14,0.215,6.832
2020-10-13 16:00:00-03:00,0.317,0.169,0.183,6.924
2020-10-13 17:00:00-03:00,0.243,0.133,0.138,6.712
2020-10-13 18:00:00-03:00,0.191,0.12,0.096,6.331
2020-10-13 19:00:00-03:00,0.067,0.048,0.039,5.797
2020-10-13 20:00:00-03:00,0.001,0.004,0.003,5.192
2020-10-13 21:00:00-03:00,0.0,0.0,0.0,4.926
2020-10-13 22:00:00-03:00,0.0,0.0,0.0,4.759
2020-10-13 23:00:00-03:00,0.0,0.0,0.0,4.475
2020-10-14 00:00:00-03:00,0.0,0.0,0.0,4.071
2020-10-14 01:00:00-03:00,0.0,0.0,0.0,3.648
2020-10-14 02:00:00-03:00,0.0,0.0,0.0,3.234
2020-10-14 03:00:00-03:00,0.0,0.0,0.0,2.906
2020-10-14 04:00:00-03:00,0.0,0.0,0.0,2.714
2020-10-14 05:00:00-03:00,0.0,0.0,0.0,2.67
2020-10-14 06:00:00-03:00,0.0,0.0,0.0,2.6390000000000002
2020-10-14 07:00:00-03:00,0.059000000000000004,0.053,0.023,2.84
2020-10-14 08:00:00-03:00,0.303,0.256,0.076,4.016
2020-10-14 09:00:00-03:00,0.503,0.449,0.113,5.7620000000000005
2020-10-14 10:00:00-03:00,0.601,0.544,0.14400000000000002,7.368
2020-10-14 11:00:00-03:00,0.687,0.642,0.164,8.725999999999999
2020-10-14 12:00:00-03:00,0.735,0.704,0.17500000000000002,9.909
2020-10-14 13:00:00-03:00,0.652,0.535,0.232,10.498
2020-10-14 14:00:00-03:00,0.375,0.17400000000000002,0.249,10.27
2020-10-14 15:00:00-03:00,0.276,0.10300000000000001,0.209,10.129
2020-10-14 16:00:00-03:00,0.145,0.034,0.136,9.672
2020-10-14 17:00:00-03:00,0.054,0.008,0.065,8.46
2020-10-14 18:00:00-03:00,0.025,0.005,0.035,7.279
2020-10-14 19:00:00-03:00,0.012,0.006,0.018000000000000002,6.91
2020-10-14 20:00:00-03:00,0.001,0.004,0.003,6.671
2020-10-14 21:00:00-03:00,0.0,0.0,0.0,6.395
2020-10-14 22:00:00-03:00,0.0,0.0,0.0,5.904
2020-10-14 23:00:00-03:00,0.0,0.0,0.0,5.757
2020-10-15 00:00:00-03:00,0.0,0.0,0.0,6.022
2020-10-15 01:00:00-03:00,0.0,0.0,0.0,6.527
2020-10-15 02:00:00-03:00,0.0,0.0,0.0,6.852
2020-10-15 03:00:00-03:00,0.0,0.0,0.0,6.796
2020-10-15 04:00:00-03:00,0.0,0.0,0.0,6.519
2020-10-15 05:00:00-03:00,0.0,0.0,0.0,6.218
2020-10-15 06:00:00-03:00,0.0,0.0,0.0,5.828
2020-10-15 07:00:00-03:00,0.145,0.14200000000000002,0.025,5.783
2020-10-15 08:00:00-03:00,0.47400000000000003,0.467,0.063,6.812
2020-10-15 09:00:00-03:00,0.653,0.668,0.091,8.247
2020-10-15 10:00:00-03:00,0.771,0.8140000000000001,0.115,9.686
2020-10-15 11:00:00-03:00,0.8240000000000001,0.886,0.129,10.955
2020-10-15 12:00:00-03:00,0.845,0.927,0.128,11.954
2020-10-15 13:00:00-03:00,0.8250000000000001,0.9490000000000001,0.079,12.663
2020-10-15 14:00:00-03:00,0.857,0.9490000000000001,0.133,13.086
2020-10-15 15:00:00-03:00,0.834,0.903,0.14200000000000002,13.021
2020-10-15 16:00:00-03:00,0.6970000000000001,0.6960000000000001,0.14200000000000002,12.382
2020-10-15 17:00:00-03:00,0.516,0.466,0.128,11.425
2020-10-15 18:00:00-03:00,0.34600000000000003,0.295,0.095,10.32
2020-10-15 19:00:00-03:00,0.2,0.18,0.048,8.94
2020-10-15 20:00:00-03:00,0.01,0.017,0.005,7.527
2020-10-15 21:00:00-03:00,0.0,0.0,0.0,6.7
2020-10-15 22:00:00-03:00,0.0,0.0,0.0,6.308
2020-10-15 23:00:00-03:00,0.0,0.0,0.0,6.054
2020-10-16 00:00:00-03:00,0.0,0.0,0.0,5.948
2020-10-16 01:00:00-03:00,0.0,0.0,0.0,5.98
2020-10-16 02:00:00-03:00,0.0,0.0,0.0,5.926
2020-10-16 03:00:00-03:00,0.0,0.0,0.0,5.811
2020-10-16 04:00:00-03:00,0.0,0.0,0.0,5.633
2020-10-16 05:00:00-03:00,0.0,0.0,0.0,5.351
2020-10-16 06:00:00-03:00,0.0,0.0,0.0,4.83
2020-10-16 07:00:00-03:00,0.034,0.026000000000000002,0.024,4.799
2020-10-16 08:00:00-03:00,0.057,0.02,0.055,5.731
2020-10-16 09:00:00-03:00,0.106,0.031,0.097,6.74
2020-10-16 10:00:00-03:00,0.148,0.038,0.135,7.937
2020-10-16 11:00:00-03:00,0.182,0.04,0.169,9.007
2020-10-16 12:00:00-03:00,0.22,0.042,0.20800000000000002,9.638
2020-10-16 13:00:00-03:00,0.266,0.033,0.267,9.657
2020-10-16 14:00:00-03:00,0.189,0.028,0.188,9.244
2020-10-16 15:00:00-03:00,0.219,0.056,0.193,8.937
2020-10-16 16:00:00-03:00,0.258,0.11,0.18,8.638
2020-10-16 17:00:00-03:00,0.357,0.244,0.155,8.25
2020-10-16 18:00:00-03:00,0.382,0.317,0.109,7.602
2020-10-16 19:00:00-03:00,0.242,0.213,0.057,6.476
2020-10-16 20:00:00-03:00,0.011,0.017,0.006,4.65
2020-10-16 21:00:00-03:00,0.0,0.0,0.0,2.993
2020-10-16 22:00:00-03:00,0.0,0.0,0.0,2.142
2020-10-16 23:00:00-03:00,0.0,0.0,0.0,1.449
2020-10-17 00:00:00-03:00,0.0,0.0,0.0,1.341
2020-10-17 01:00:00-03:00,0.0,0.0,0.0,1.512
2020-10-17 02:00:00-03:00,0.0,0.0,0.0,1.491
2020-10-17 03:00:00-03:00,0.0,0.0,0.0,1.365
2020-10-17 04:00:00-03:00,0.0,0.0,0.0,1.191
2020-10-17 05:00:00-03:00,0.0,0.0,0.0,0.983
2020-10-17 06:00:00-03:00,0.0,0.0,0.0,1.095
2020-10-17 07:00:00-03:00,0.002,0.001,0.008,1.412
2020-10-17 08:00:00-03:00,0.022,0.004,0.032,1.824
2020-10-17 09:00:00-03:00,0.05,0.006,0.061,2.976
2020-10-17 10:00:00-03:00,0.075,0.008,0.08600000000000001,5.065
2020-10-17 11:00:00-03:00,0.11900000000000001,0.013000000000000001,0.129,7.928
2020-10-17 12:00:00-03:00,0.155,0.017,0.164,10.501
2020-10-17 13:00:00-03:00,0.36,0.081,0.331,12.987
2020-10-17 14:00:00-03:00,0.429,0.214,0.28300000000000003,14.847
2020-10-17 15:00:00-03:00,0.126,0.016,0.136,13.866
2020-10-17 16:00:00-03:00,0.117,0.019,0.123,13.13
2020-10-17 17:00:00-03:00,0.219,0.10200000000000001,0.152,13.093
2020-10-17 18:00:00-03:00,0.266,0.189,0.116,12.784
2020-10-17 19:00:00-03:00,0.11800000000000001,0.088,0.054,11.008
2020-10-17 20:00:00-03:00,0.008,0.012,0.006,8.468
2020-10-17 21:00:00-03:00,0.0,0.0,0.0,7.934
2020-10-17 22:00:00-03:00,0.0,0.0,0.0,7.502
2020-10-17 23:00:00-03:00,0.0,0.0,0.0,6.046
2020-10-18 00:00:00-03:00,0.0,0.0,0.0,4.924
2020-10-18 01:00:00-03:00,0.0,0.0,0.0,4.08
2020-10-18 02:00:00-03:00,0.0,0.0,0.0,3.6630000000000003
2020-10-18 03:00:00-03:00,0.0,0.0,0.0,4.014
2020-10-18 04:00:00-03:00,0.0,0.0,0.0,3.993
2020-10-18 05:00:00-03:00,0.0,0.0,0.0,4.02
2020-10-18 06:00:00-03:00,0.0,0.0,0.0,3.807
2020-10-18 07:00:00-03:00,0.013000000000000001,0.007,0.018000000000000002,3.5789999999999997
2020-10-18 08:00:00-03:00,0.075,0.029,0.065,3.842
2020-10-18 09:00:00-03:00,0.185,0.084,0.124,4.5600000000000005
2020-10-18 10:00:00-03:00,0.397,0.261,0.178,5.84
2020-10-18 11:00:00-03:00,0.434,0.267,0.217,6.857
2020-10-18 12:00:00-03:00,0.361,0.15,0.251,7.139
2020-10-18 13:00:00-03:00,0.389,0.099,0.334,7.019
2020-10-18 14:00:00-03:00,0.224,0.043000000000000003,0.20800000000000002,6.58
2020-10-18 15:00:00-03:00,0.222,0.056,0.193,6.493
2020-10-18 16:00:00-03:00,0.23900000000000002,0.08600000000000001,0.18,6.398
2020-10-18 17:00:00-03:00,0.14400000000000002,0.042,0.124,5.813
2020-10-18 18:00:00-03:00,0.078,0.023,0.074,4.971
2020-10-18 19:00:00-03:00,0.037,0.017,0.036000000000000004,3.966
2020-10-18 20:00:00-03:00,0.002,0.005,0.005,2.8040000000000003
2020-10-18 21:00:00-03:00,0.0,0.0,0.0,1.8399999999999999
2020-10-18 22:00:00-03:00,0.0,0.0,0.0,1.087
2020-10-18 23:00:00-03:00,0.0,0.0,0.0,0.589
2020-10-19 00:00:00-03:00,0.0,0.0,0.0,0.368
2020-10-19 01:00:00-03:00,0.0,0.0,0.0,0.371
2020-10-19 02:00:00-03:00,0.0,0.0,0.0,0.418
2020-10-19 03:00:00-03:00,0.0,0.0,0.0,0.362
2020-10-19 04:00:00-03:00,0.0,0.0,0.0,0.256
2020-10-19 05:00:00-03:00,0.0,0.0,0.0,0.138
2020-10-19 06:00:00-03:00,0.0,0.0,0.0,0.167
2020-10-19 07:00:00-03:00,0.048,0.038,0.027,0.58
2020-10-19 08:00:00-03:00,0.20800000000000002,0.149,0.08,1.663
2020-10-19 09:00:00-03:00,0.501,0.437,0.116,3.121
2020-10-19 10:00:00-03:00,0.68,0.644,0.136,4.663
2020-10-19 11:00:00-03:00,0.729,0.6940000000000001,0.157,5.872
2020-10-19 12:00:00-03:00,0.745,0.707,0.17,6.737
2020-10-19 13:00:00-03:00,0.725,0.686,0.165,7.311
2020-10-19 14:00:00-03:00,0.748,0.708,0.178,7.808
2020-10-19 15:00:00-03:00,0.727,0.686,0.17200000000000001,7.98
2020-10-19 16:00:00-03:00,0.734,0.716,0.151,7.7620000000000005
2020-10-19 17:00:00-03:00,0.582,0.527,0.136,6.968
2020-10-19 18:00:00-03:00,0.281,0.20700000000000002,0.10400000000000001,5.835
2020-10-19 19:00:00-03:00,0.153,0.121,0.054,4.749
2020-10-19 20:00:00-03:00,0.025,0.031,0.008,3.56
2020-10-19 21:00:00-03:00,0.0,0.0,0.0,2.762
2020-10-19 22:00:00-03:00,0.0,0.0,0.0,2.2720000000000002
2020-10-19 23:00:00-03:00,0.0,0.0,0.0,1.9340000000000002
2020-10-20 00:00:00-03:00,0.0,0.0,0.0,1.8559999999999999
2020-10-20 01:00:00-03:00,0.0,0.0,0.0,1.875
2020-10-20 02:00:00-03:00,0.0,0.0,0.0,1.728
2020-10-20 03:00:00-03:00,0.0,0.0,0.0,1.4
2020-10-20 04:00:00-03:00,0.0,0.0,0.0,1.032
2020-10-20 05:00:00-03:00,0.0,0.0,0.0,0.873
2020-10-20 06:00:00-03:00,0.0,0.001,0.0,0.763
2020-10-20 07:00:00-03:00,0.10200000000000001,0.08700000000000001,0.033,1.214
2020-10-20 08:00:00-03:00,0.28800000000000003,0.231,0.083,2.79
2020-10-20 09:00:00-03:00,0.396,0.311,0.125,4.606
2020-10-20 10:00:00-03:00,0.485,0.383,0.158,5.898
2020-10-20 11:00:00-03:00,0.593,0.498,0.179,7.146
2020-10-20 12:00:00-03:00,0.73,0.6880000000000001,0.176,8.263
2020-10-20 13:00:00-03:00,0.77,0.785,0.138,9.08
2020-10-20 14:00:00-03:00,0.764,0.742,0.176,9.519
2020-10-20 15:00:00-03:00,0.727,0.6910000000000001,0.176,9.759
2020-10-20 16:00:00-03:00,0.5700000000000001,0.484,0.17300000000000001,9.65
2020-10-20 17:00:00-03:00,0.28500000000000003,0.17300000000000001,0.147,9.062
2020-10-20 18:00:00-03:00,0.181,0.107,0.099,8.321
2020-10-20 19:00:00-03:00,0.199,0.166,0.059000000000000004,7.04
2020-10-20 20:00:00-03:00,0.043000000000000003,0.049,0.01,4.362
2020-10-20 21:00:00-03:00,0.0,0.0,0.0,2.665
2020-10-20 22:00:00-03:00,0.0,0.0,0.0,1.616
2020-10-20 23:00:00-03:00,0.0,0.0,0.0,1.239
2020-10-21 00:00:00-03:00,0.0,0.0,0.0,1.286
2020-10-21 01:00:00-03:00,0.0,0.0,0.0,1.284
2020-10-21 02:00:00-03:00,0.0,0.0,0.0,0.9520000000000001
2020-10-21 03:00:00-03:00,0.0,0.0,0.0,0.423
2020-10-21 04:00:00-03:00,0.0,0.0,0.0,-0.215
2020-10-21 05:00:00-03:00,0.0,0.0,0.0,-0.774
2020-10-21 06:00:00-03:00,0.0,0.001,0.001,-0.81
2020-10-21 07:00:00-03:00,0.034,0.023,0.026000000000000002,0.294
2020-10-21 08:00:00-03:00,0.128,0.07100000000000001,0.076,2.238
2020-10-21 09:00:00-03:00,0.247,0.146,0.126,4.279
2020-10-21 10:00:00-03:00,0.362,0.23800000000000002,0.164,7.061
2020-10-21 11:00:00-03:00,0.548,0.446,0.183,9.304
2020-10-21 12:00:00-03:00,0.763,0.762,0.166,11.504
2020-10-21 13:00:00-03:00,0.793,0.875,0.108,13.389
2020-10-21 14:00:00-03:00,0.8140000000000001,0.865,0.16,14.728
2020-10-21 15:00:00-03:00,0.802,0.854,0.157,15.504
2020-10-21 16:00:00-03:00,0.8290000000000001,0.918,0.136,15.76
2020-10-21 17:00:00-03:00,0.785,0.871,0.111,15.153
2020-10-21 18:00:00-03:00,0.6890000000000001,0.746,0.08700000000000001,13.579
2020-10-21 19:00:00-03:00,0.444,0.448,0.059000000000000004,11.077
2020-10-21 20:00:00-03:00,0.034,0.041,0.01,8.138
2020-10-21 21:00:00-03:00,0.0,0.0,0.0,6.868
2020-10-21 22:00:00-03:00,0.0,0.0,0.0,6.53
2020-10-21 23:00:00-03:00,0.0,0.0,0.0,6.143
2020-10-22 00:00:00-03:00,0.0,0.0,0.0,5.67
2020-10-22 01:00:00-03:00,0.0,0.0,0.0,5.337
2020-10-22 02:00:00-03:00,0.0,0.0,0.0,5.049
2020-10-22 03:00:00-03:00,0.0,0.0,0.0,4.75
2020-10-22 04:00:00-03:00,0.0,0.0,0.0,4.286
2020-10-22 05:00:00-03:00,0.0,0.0,0.0,3.822
2020-10-22 06:00:00-03:00,0.0,0.001,0.001,3.903
2020-10-22 07:00:00-03:00,0.038,0.024,0.031,4.645
2020-10-22 08:00:00-03:00,0.126,0.063,0.085,6.149
2020-10-22 09:00:00-03:00,0.248,0.138,0.14,7.925
2020-10-22 10:00:00-03:00,0.483,0.365,0.184,9.533
2020-10-22 11:00:00-03:00,0.371,0.198,0.221,10.4
2020-10-22 12:00:00-03:00,0.23500000000000001,0.054,0.213,10.389
2020-10-22 13:00:00-03:00,0.321,0.052000000000000005,0.311,10.562
2020-10-22 14:00:00-03:00,0.231,0.047,0.217,10.667
2020-10-22 15:00:00-03:00,0.17,0.029,0.169,10.489
2020-10-22 16:00:00-03:00,0.12,0.017,0.126,10.195
2020-10-22 17:00:00-03:00,0.077,0.01,0.08700000000000001,9.728
2020-10-22 18:00:00-03:00,0.045,0.008,0.056,9.007
2020-10-22 19:00:00-03:00,0.017,0.005,0.025,8.007
2020-10-22 20:00:00-03:00,0.0,0.001,0.004,6.816
2020-10-22 21:00:00-03:00,0.0,0.0,0.0,6.165
2020-10-22 22:00:00-03:00,0.0,0.0,0.0,5.864
2020-10-22 23:00:00-03:00,0.0,0.0,0.0,5.608
2020-10-23 00:00:00-03:00,0.0,0.0,0.0,5.291
2020-10-23 01:00:00-03:00,0.0,0.0,0.0,5.049
2020-10-23 02:00:00-03:00,0.0,0.0,0.0,4.876
2020-10-23 03:00:00-03:00,0.0,0.0,0.0,4.783
2020-10-23 04:00:00-03:00,0.0,0.0,0.0,4.735
2020-10-23 05:00:00-03:00,0.0,0.0,0.0,4.657
2020-10-23 06:00:00-03:00,0.0,0.0,0.0,4.656
2020-10-23 07:00:00-03:00,0.005,0.002,0.013000000000000001,4.981
2020-10-23 08:00:00-03:00,0.036000000000000004,0.006,0.046,5.744
2020-10-23 09:00:00-03:00,0.068,0.009000000000000001,0.078,6.479
2020-10-23 10:00:00-03:00,0.133,0.023,0.133,7.77
2020-10-23 11:00:00-03:00,0.197,0.043000000000000003,0.182,9.14
2020-10-23 12:00:00-03:00,0.247,0.055,0.224,9.991
2020-10-23 13:00:00-03:00,0.32,0.048,0.313,10.449
2020-10-23 14:00:00-03:00,0.246,0.054,0.226,10.871
2020-10-23 15:00:00-03:00,0.216,0.05,0.198,11.143
2020-10-23 16:00:00-03:00,0.157,0.03,0.154,11.059
2020-10-23 17:00:00-03:00,0.115,0.023,0.117,10.69
2020-10-23 18:00:00-03:00,0.084,0.022,0.083,10.143
2020-10-23 19:00:00-03:00,0.06,0.029,0.051000000000000004,9.301
2020-10-23 20:00:00-03:00,0.008,0.009000000000000001,0.009000000000000001,7.949
2020-10-23 21:00:00-03:00,0.0,0.0,0.0,6.891
2020-10-23 22:00:00-03:00,0.0,0.0,0.0,6.184
2020-10-23 23:00:00-03:00,0.0,0.0,0.0,5.694
2020-10-24 00:00:00-03:00,0.0,0.0,0.0,5.298
2020-10-24 01:00:00-03:00,0.0,0.0,0.0,4.9879999999999995
2020-10-24 02:00:00-03:00,0.0,0.0,0.0,4.789
2020-10-24 03:00:00-03:00,0.0,0.0,0.0,4.538
2020-10-24 04:00:00-03:00,0.0,0.0,0.0,4.31
2020-10-24 05:00:00-03:00,0.0,0.0,0.0,4.125
2020-10-24 06:00:00-03:00,0.0,0.0,0.0,3.972
2020-10-24 07:00:00-03:00,0.004,0.001,0.011,3.841
2020-10-24 08:00:00-03:00,0.013000000000000001,0.002,0.023,3.752
2020-10-24 09:00:00-03:00,0.034,0.003,0.047,3.757
2020-10-24 10:00:00-03:00,0.078,0.007,0.09,4.085
2020-10-24 11:00:00-03:00,0.113,0.011,0.123,4.879
2020-10-24 12:00:00-03:00,0.139,0.013000000000000001,0.148,5.569
2020-10-24 13:00:00-03:00,0.241,0.019,0.249,6.244
2020-10-24 14:00:00-03:00,0.225,0.041,0.212,7.152
2020-10-24 15:00:00-03:00,0.259,0.077,0.213,8.027
2020-10-24 16:00:00-03:00,0.315,0.14300000000000002,0.21,8.694
2020-10-24 17:00:00-03:00,0.299,0.162,0.17300000000000001,8.911
2020-10-24 18:00:00-03:00,0.268,0.17200000000000001,0.129,8.754
2020-10-24 19:00:00-03:00,0.107,0.066,0.063,8.002
2020-10-24 20:00:00-03:00,0.019,0.02,0.013000000000000001,6.099
2020-10-24 21:00:00-03:00,0.0,0.0,0.0,4.515
2020-10-24 22:00:00-03:00,0.0,0.0,0.0,3.662
2020-10-24 23:00:00-03:00,0.0,0.0,0.0,3.485
2020-10-25 00:00:00-03:00,0.0,0.0,0.0,3.436
2020-10-25 01:00:00-03:00,0.0,0.0,0.0,3.285
2020-10-25 02:00:00-03:00,0.0,0.0,0.0,3.44
2020-10-25 03:00:00-03:00,0.0,0.0,0.0,3.393
2020-10-25 04:00:00-03:00,0.0,0.0,0.0,3.193
2020-10-25 05:00:00-03:00,0.0,0.0,0.0,2.931
2020-10-25 06:00:00-03:00,0.0,0.0,0.001,2.731
2020-10-25 07:00:00-03:00,0.014,0.006,0.02,2.787
2020-10-25 08:00:00-03:00,0.067,0.021,0.063,3.11
2020-10-25 09:00:00-03:00,0.145,0.05,0.116,3.8369999999999997
2020-10-25 10:00:00-03:00,0.265,0.124,0.169,5.099
2020-10-25 11:00:00-03:00,0.605,0.506,0.19,8.324
2020-10-25 12:00:00-03:00,0.798,0.802,0.17500000000000002,11.094
2020-10-25 13:00:00-03:00,0.768,0.796,0.14300000000000002,12.346
2020-10-25 14:00:00-03:00,0.762,0.747,0.187,13.05
2020-10-25 15:00:00-03:00,0.72,0.6910000000000001,0.184,13.395
2020-10-25 16:00:00-03:00,0.631,0.578,0.17300000000000001,13.262
2020-10-25 17:00:00-03:00,0.518,0.449,0.152,12.747
2020-10-25 18:00:00-03:00,0.421,0.363,0.11800000000000001,11.831
2020-10-25 19:00:00-03:00,0.191,0.153,0.068,10.309
2020-10-25 20:00:00-03:00,0.033,0.035,0.014,7.967
2020-10-25 21:00:00-03:00,0.0,0.0,0.0,6.253
2020-10-25 22:00:00-03:00,0.0,0.0,0.0,6.072
2020-10-25 23:00:00-03:00,0.0,0.0,0.0,6.105
2020-10-26 00:00:00-03:00,0.0,0.0,0.0,5.72
2020-10-26 01:00:00-03:00,0.0,0.0,0.0,5.539
2020-10-26 02:00:00-03:00,0.0,0.0,0.0,5.089
2020-10-26 03:00:00-03:00,0.0,0.0,0.0,4.399
2020-10-26 04:00:00-03:00,0.0,0.0,0.0,3.794
2020-10-26 05:00:00-03:00,0.0,0.0,0.0,3.45
2020-10-26 06:00:00-03:00,0.002,0.007,0.002,3.208
2020-10-26 07:00:00-03:00,0.176,0.155,0.043000000000000003,4.142
2020-10-26 08:00:00-03:00,0.40700000000000003,0.366,0.08600000000000001,6.366
2020-10-26 09:00:00-03:00,0.505,0.451,0.12,8.49
2020-10-26 10:00:00-03:00,0.728,0.733,0.134,9.718
2020-10-26 11:00:00-03:00,0.789,0.807,0.154,10.524000000000001
2020-10-26 12:00:00-03:00,0.8180000000000001,0.841,0.165,10.966
2020-10-26 13:00:00-03:00,0.795,0.854,0.11900000000000001,11.173
2020-10-26 14:00:00-03:00,0.812,0.8230000000000001,0.176,11.114
2020-10-26 15:00:00-03:00,0.731,0.6970000000000001,0.18,10.779
2020-10-26 16:00:00-03:00,0.455,0.329,0.188,9.963
2020-10-26 17:00:00-03:00,0.317,0.2,0.157,9.339
2020-10-26 18:00:00-03:00,0.307,0.227,0.11800000000000001,9.007
2020-10-26 19:00:00-03:00,0.223,0.182,0.07,8.284
2020-10-26 20:00:00-03:00,0.019,0.022,0.012,6.8260000000000005
2020-10-26 21:00:00-03:00,0.0,0.0,0.0,5.602
2020-10-26 22:00:00-03:00,0.0,0.0,0.0,4.315
2020-10-26 23:00:00-03:00,0.0,0.0,0.0,3.194
2020-10-27 00:00:00-03:00,0.0,0.0,0.0,2.402
2020-10-27 01:00:00-03:00,0.0,0.0,0.0,1.972
2020-10-27 02:00:00-03:00,0.0,0.0,0.0,1.565
2020-10-27 03:00:00-03:00,0.0,0.0,0.0,1.169
2020-10-27 04:00:00-03:00,0.0,0.0,0.0,1.011
2020-10-27 05:00:00-03:00,0.0,0.0,0.0,1.286
2020-10-27 06:00:00-03:00,0.0,0.003,0.002,1.077
2020-10-27 07:00:00-03:00,0.095,0.069,0.045,1.6440000000000001
2020-10-27 08:00:00-03:00,0.251,0.17400000000000002,0.1,2.9290000000000003
2020-10-27 09:00:00-03:00,0.257,0.14,0.14400000000000002,4.044
2020-10-27 10:00:00-03:00,0.28500000000000003,0.133,0.181,4.829
2020-10-27 11:00:00-03:00,0.374,0.194,0.219,5.617
2020-10-27 12:00:00-03:00,0.353,0.158,0.232,6.176
2020-10-27 13:00:00-03:00,0.557,0.325,0.307,7.271
2020-10-27 14:00:00-03:00,0.588,0.441,0.234,8.224
2020-10-27 15:00:00-03:00,0.5750000000000001,0.442,0.218,8.846
2020-10-27 16:00:00-03:00,0.511,0.379,0.203,9.031
2020-10-27 17:00:00-03:00,0.277,0.146,0.165,8.641
2020-10-27 18:00:00-03:00,0.167,0.079,0.114,8.164
2020-10-27 19:00:00-03:00,0.05,0.021,0.047,7.175
2020-10-27 20:00:00-03:00,0.005,0.006,0.008,5.816
2020-10-27 21:00:00-03:00,0.0,0.0,0.0,4.812
2020-10-27 22:00:00-03:00,0.0,0.0,0.0,4.325
2020-10-27 23:00:00-03:00,0.0,0.0,0.0,3.865
2020-10-28 00:00:00-03:00,0.0,0.0,0.0,3.449
2020-10-28 01:00:00-03:00,0.0,0.0,0.0,3.122
2020-10-28 02:00:00-03:00,0.0,0.0,0.0,2.876
2020-10-28 03:00:00-03:00,0.0,0.0,0.0,2.633
2020-10-28 04:00:00-03:00,0.0,0.0,0.0,2.357
2020-10-28 05:00:00-03:00,0.0,0.0,0.0,2.2439999999999998
2020-10-28 06:00:00-03:00,0.0,0.004,0.003,2.213
2020-10-28 07:00:00-03:00,0.091,0.066,0.043000000000000003,2.5700000000000003
2020-10-28 08:00:00-03:00,0.327,0.264,0.094,3.55
2020-10-28 09:00:00-03:00,0.53,0.465,0.126,4.739
2020-10-28 10:00:00-03:00,0.553,0.463,0.16,5.715
2020-10-28 11:00:00-03:00,0.67,0.599,0.177,6.882
2020-10-28 12:00:00-03:00,0.716,0.651,0.191,7.86
2020-10-28 13:00:00-03:00,0.672,0.5760000000000001,0.20700000000000002,8.16
2020-10-28 14:00:00-03:00,0.72,0.653,0.198,8.435
2020-10-28 15:00:00-03:00,0.6900000000000001,0.624,0.186,8.662
2020-10-28 16:00:00-03:00,0.747,0.732,0.159,8.906
2020-10-28 17:00:00-03:00,0.592,0.538,0.14300000000000002,8.653
2020-10-28 18:00:00-03:00,0.5630000000000001,0.533,0.11,8.154
2020-10-28 19:00:00-03:00,0.323,0.28600000000000003,0.073,7.194
2020-10-28 20:00:00-03:00,0.046,0.047,0.016,6.172
2020-10-28 21:00:00-03:00,0.0,0.0,0.0,5.502
2020-10-28 22:00:00-03:00,0.0,0.0,0.0,5.269
2020-10-28 23:00:00-03:00,0.0,0.0,0.0,5.103
2020-10-29 00:00:00-03:00,0.0,0.0,0.0,4.87
2020-10-29 01:00:00-03:00,0.0,0.0,0.0,4.678
2020-10-29 02:00:00-03:00,0.0,0.0,0.0,4.564
2020-10-29 03:00:00-03:00,0.0,0.0,0.0,4.498
2020-10-29 04:00:00-03:00,0.0,0.0,0.0,4.409
2020-10-29 05:00:00-03:00,0.0,0.0,0.0,4.285
2020-10-29 06:00:00-03:00,0.0,0.002,0.002,4.199
2020-10-29 07:00:00-03:00,0.03,0.015,0.03,4.476
2020-10-29 08:00:00-03:00,0.162,0.093,0.091,5.202
2020-10-29 09:00:00-03:00,0.55,0.491,0.13,6.5
2020-10-29 10:00:00-03:00,0.498,0.39,0.171,7.619
2020-10-29 11:00:00-03:00,0.485,0.34700000000000003,0.201,8.608
2020-10-29 12:00:00-03:00,0.684,0.61,0.197,9.844
2020-10-29 13:00:00-03:00,0.811,0.833,0.163,10.99
2020-10-29 14:00:00-03:00,0.8310000000000001,0.851,0.18,11.735
2020-10-29 15:00:00-03:00,0.769,0.766,0.17300000000000001,11.857
2020-10-29 16:00:00-03:00,0.8160000000000001,0.862,0.146,11.850999999999999
2020-10-29 17:00:00-03:00,0.784,0.836,0.123,11.491
2020-10-29 18:00:00-03:00,0.52,0.482,0.115,10.438
2020-10-29 19:00:00-03:00,0.139,0.095,0.068,8.912
2020-10-29 20:00:00-03:00,0.007,0.008,0.009000000000000001,7.503
2020-10-29 21:00:00-03:00,0.0,0.0,0.0,6.628
2020-10-29 22:00:00-03:00,0.0,0.0,0.0,5.9030000000000005
2020-10-29 23:00:00-03:00,0.0,0.0,0.0,5.309
2020-10-30 00:00:00-03:00,0.0,0.0,0.0,5.216
2020-10-30 01:00:00-03:00,0.0,0.0,0.0,5.067
2020-10-30 02:00:00-03:00,0.0,0.0,0.0,4.91
2020-10-30 03:00:00-03:00,0.0,0.0,0.0,4.84
2020-10-30 04:00:00-03:00,0.0,0.0,0.0,4.902
2020-10-30 05:00:00-03:00,0.0,0.0,0.0,5.111
2020-10-30 06:00:00-03:00,0.0,0.001,0.002,5.367
2020-10-30 07:00:00-03:00,0.016,0.006,0.023,5.786
2020-10-30 08:00:00-03:00,0.063,0.016,0.066,6.422
2020-10-30 09:00:00-03:00,0.10200000000000001,0.022,0.101,7.191
2020-10-30 10:00:00-03:00,0.211,0.068,0.17200000000000001,8.341
2020-10-30 11:00:00-03:00,0.334,0.153,0.222,9.668
2020-10-30 12:00:00-03:00,0.421,0.23,0.248,10.82
2020-10-30 13:00:00-03:00,0.365,0.153,0.261,11.242
2020-10-30 14:00:00-03:00,0.338,0.14100000000000001,0.242,11.38
2020-10-30 15:00:00-03:00,0.436,0.26,0.23800000000000002,11.763
2020-10-30 16:00:00-03:00,0.537,0.421,0.202,12.023
2020-10-30 17:00:00-03:00,0.61,0.562,0.155,11.947
2020-10-30 18:00:00-03:00,0.5660000000000001,0.54,0.117,11.439
2020-10-30 19:00:00-03:00,0.439,0.421,0.077,10.424
2020-10-30 20:00:00-03:00,0.17400000000000002,0.176,0.025,8.826
2020-10-30 21:00:00-03:00,0.0,0.0,0.0,7.283
2020-10-30 22:00:00-03:00,0.0,0.0,0.0,6.451
2020-10-30 23:00:00-03:00,0.0,0.0,0.0,5.57
2020-10-31 00:00:00-03:00,0.0,0.0,0.0,4.818
2020-10-31 01:00:00-03:00,0.0,0.0,0.0,4.564
2020-10-31 02:00:00-03:00,0.0,0.0,0.0,4.302
2020-10-31 03:00:00-03:00,0.0,0.0,0.0,3.614
2020-10-31 04:00:00-03:00,0.0,0.0,0.0,2.876
2020-10-31 05:00:00-03:00,0.0,0.0,0.0,2.604
2020-10-31 06:00:00-03:00,0.027,0.036000000000000004,0.006,2.5460000000000003
2020-10-31 07:00:00-03:00,0.331,0.317,0.048,5.315
2020-10-31 08:00:00-03:00,0.585,0.592,0.078,7.931
2020-10-31 09:00:00-03:00,0.705,0.737,0.105,10.956
2020-10-31 10:00:00-03:00,0.739,0.767,0.134,12.994
2020-10-31 11:00:00-03:00,0.79,0.8300000000000001,0.156,14.575
2020-10-31 12:00:00-03:00,0.72,0.6970000000000001,0.189,15.427
2020-10-31 13:00:00-03:00,0.54,0.376,0.262,15.444
2020-10-31 14:00:00-03:00,0.405,0.227,0.242,15.124
2020-10-31 15:00:00-03:00,0.353,0.18,0.227,14.715
2020-10-31 16:00:00-03:00,0.34900000000000003,0.199,0.203,14.377
2020-10-31 17:00:00-03:00,0.428,0.325,0.169,14.188
2020-10-31 18:00:00-03:00,0.386,0.317,0.126,13.562
2020-10-31 19:00:00-03:00,0.279,0.24,0.079,12.452
2020-10-31 20:00:00-03:00,0.10200000000000001,0.101,0.023,10.295
2020-10-31 21:00:00-03:00,0.0,0.0,0.0,7.713
2020-10-31 22:00:00-03:00,0.0,0.0,0.0,7.157
2020-10-31 23:00:00-03:00,0.0,0.0,0.0,7.291
2020-11-01 00:00:00-03:00,0.0,0.0,0.0,7.412
2020-11-01 01:00:00-03:00,0.0,0.0,0.0,7.606
2020-11-01 02:00:00-03:00,0.0,0.0,0.0,7.316
2020-11-01 03:00:00-03:00,0.0,0.0,0.0,6.907
2020-11-01 04:00:00-03:00,0.0,0.0,0.0,6.282
2020-11-01 05:00:00-03:00,0.0,0.0,0.0,5.537
2020-11-01 06:00:00-03:00,0.016,0.023,0.006,5.585
2020-11-01 07:00:00-03:00,0.17400000000000002,0.147,0.052000000000000005,7.465
2020-11-01 08:00:00-03:00,0.369,0.32,0.095,9.286
2020-11-01 09:00:00-03:00,0.5630000000000001,0.535,0.121,11.967
2020-11-01 10:00:00-03:00,0.712,0.733,0.135,14.348
2020-11-01 11:00:00-03:00,0.792,0.85,0.15,16.471
2020-11-01 12:00:00-03:00,0.804,0.866,0.165,18.408
2020-11-01 13:00:00-03:00,0.749,0.8180000000000001,0.137,20.032
2020-11-01 14:00:00-03:00,0.771,0.8210000000000001,0.176,21.27
2020-11-01 15:00:00-03:00,0.776,0.845,0.164,21.934
2020-11-01 16:00:00-03:00,0.757,0.8310000000000001,0.146,21.6
2020-11-01 17:00:00-03:00,0.726,0.796,0.125,20.312
2020-11-01 18:00:00-03:00,0.504,0.485,0.115,18.014
2020-11-01 19:00:00-03:00,0.233,0.194,0.077,15.445
2020-11-01 20:00:00-03:00,0.08700000000000001,0.08700000000000001,0.023,12.914
2020-11-01 21:00:00-03:00,0.0,0.0,0.0,10.862
2020-11-01 22:00:00-03:00,0.0,0.0,0.0,10.061
2020-11-01 23:00:00-03:00,0.0,0.0,0.0,9.75
2020-11-02 00:00:00-03:00,0.0,0.0,0.0,9.319
2020-11-02 01:00:00-03:00,0.0,0.0,0.0,8.996
2020-11-02 02:00:00-03:00,0.0,0.0,0.0,8.644
2020-11-02 03:00:00-03:00,0.0,0.0,0.0,8.288
2020-11-02 04:00:00-03:00,0.0,0.0,0.0,7.719
2020-11-02 05:00:00-03:00,0.0,0.0,0.0,7.007
2020-11-02 06:00:00-03:00,0.006,0.01,0.006,6.378
2020-11-02 07:00:00-03:00,0.123,0.091,0.055,7.97
2020-11-02 08:00:00-03:00,0.363,0.301,0.108,9.62
2020-11-02 09:00:00-03:00,0.319,0.20500000000000002,0.155,10.602
2020-11-02 10:00:00-03:00,0.314,0.163,0.193,11.358
2020-11-02 11:00:00-03:00,0.41400000000000003,0.244,0.23,12.485
2020-11-02 12:00:00-03:00,0.468,0.291,0.25,13.499
2020-11-02 13:00:00-03:00,0.535,0.312,0.315,14.216
2020-11-02 14:00:00-03:00,0.514,0.352,0.251,14.831
2020-11-02 15:00:00-03:00,0.577,0.458,0.229,15.386
2020-11-02 16:00:00-03:00,0.453,0.313,0.214,15.386
2020-11-02 17:00:00-03:00,0.301,0.168,0.179,14.98
2020-11-02 18:00:00-03:00,0.179,0.088,0.123,14.303
2020-11-02 19:00:00-03:00,0.108,0.062,0.07100000000000001,13.255
2020-11-02 20:00:00-03:00,0.059000000000000004,0.055,0.024,11.283
2020-11-02 21:00:00-03:00,0.0,0.0,0.0,9.850999999999999
2020-11-02 22:00:00-03:00,0.0,0.0,0.0,9.262
2020-11-02 23:00:00-03:00,0.0,0.0,0.0,8.787
2020-11-03 00:00:00-03:00,0.0,0.0,0.0,8.293
2020-11-03 01:00:00-03:00,0.0,0.0,0.0,7.5809999999999995
2020-11-03 02:00:00-03:00,0.0,0.0,0.0,7.147
2020-11-03 03:00:00-03:00,0.0,0.0,0.0,6.521
2020-11-03 04:00:00-03:00,0.0,0.0,0.0,5.808
2020-11-03 05:00:00-03:00,0.0,0.0,0.0,5.645
2020-11-03 06:00:00-03:00,0.043000000000000003,0.051000000000000004,0.009000000000000001,5.369
2020-11-03 07:00:00-03:00,0.331,0.313,0.054,6.493
2020-11-03 08:00:00-03:00,0.531,0.514,0.09,8.379
2020-11-03 09:00:00-03:00,0.512,0.449,0.139,10.951
2020-11-03 10:00:00-03:00,0.42,0.29,0.19,12.172
2020-11-03 11:00:00-03:00,0.455,0.304,0.221,13.185
2020-11-03 12:00:00-03:00,0.614,0.511,0.222,14.476
2020-11-03 13:00:00-03:00,0.705,0.666,0.199,15.704
2020-11-03 14:00:00-03:00,0.663,0.588,0.221,16.457
2020-11-03 15:00:00-03:00,0.443,0.28,0.23900000000000002,16.521
2020-11-03 16:00:00-03:00,0.28400000000000003,0.124,0.20600000000000002,16.337
2020-11-03 17:00:00-03:00,0.213,0.08600000000000001,0.164,16.141
2020-11-03 18:00:00-03:00,0.137,0.054,0.112,15.572
2020-11-03 19:00:00-03:00,0.074,0.034,0.062,14.371
2020-11-03 20:00:00-03:00,0.02,0.018000000000000002,0.017,12.499
2020-11-03 21:00:00-03:00,0.0,0.0,0.0,10.838
2020-11-03 22:00:00-03:00,0.0,0.0,0.0,9.183
2020-11-03 23:00:00-03:00,0.0,0.0,0.0,7.402
2020-11-04 00:00:00-03:00,0.0,0.0,0.0,6.02
2020-11-04 01:00:00-03:00,0.0,0.0,0.0,5.071
2020-11-04 02:00:00-03:00,0.0,0.0,0.0,4.446
2020-11-04 03:00:00-03:00,0.0,0.0,0.0,4.067
2020-11-04 04:00:00-03:00,0.0,0.0,0.0,3.761
2020-11-04 05:00:00-03:00,0.0,0.0,0.0,3.517
2020-11-04 06:00:00-03:00,0.0,0.001,0.003,3.461
2020-11-04 07:00:00-03:00,0.009000000000000001,0.002,0.018000000000000002,3.697
2020-11-04 08:00:00-03:00,0.038,0.005,0.05,4.168
2020-11-04 09:00:00-03:00,0.091,0.011,0.099,4.89
2020-11-04 10:00:00-03:00,0.164,0.027,0.16,5.915
2020-11-04 11:00:00-03:00,0.254,0.062,0.222,7.342
2020-11-04 12:00:00-03:00,0.39,0.159,0.279,9.044
2020-11-04 13:00:00-03:00,0.562,0.272,0.378,10.648
2020-11-04 14:00:00-03:00,0.30000000000000004,0.076,0.264,10.936
2020-11-04 15:00:00-03:00,0.10400000000000001,0.007,0.11900000000000001,9.491
2020-11-04 16:00:00-03:00,0.079,0.005,0.095,8.001
2020-11-04 17:00:00-03:00,0.062,0.005,0.077,7.14
2020-11-04 18:00:00-03:00,0.05,0.006,0.062,6.8260000000000005
2020-11-04 19:00:00-03:00,0.056,0.016,0.058,6.712
2020-11-04 20:00:00-03:00,0.021,0.015,0.02,6.266
2020-11-04 21:00:00-03:00,0.0,0.0,0.0,5.859
2020-11-04 22:00:00-03:00,0.0,0.0,0.0,6.049
2020-11-04 23:00:00-03:00,0.0,0.0,0.0,6.459
2020-11-05 00:00:00-03:00,0.0,0.0,0.0,6.971
2020-11-05 01:00:00-03:00,0.0,0.0,0.0,7.371
2020-11-05 02:00:00-03:00,0.0,0.0,0.0,7.424
2020-11-05 03:00:00-03:00,0.0,0.0,0.0,7.304
2020-11-05 04:00:00-03:00,0.0,0.0,0.0,7.147
2020-11-05 05:00:00-03:00,0.0,0.0,0.0,6.9879999999999995
2020-11-05 06:00:00-03:00,0.003,0.004,0.007,6.893
2020-11-05 07:00:00-03:00,0.091,0.049,0.062,7.251
2020-11-05 08:00:00-03:00,0.229,0.127,0.13,7.861
2020-11-05 09:00:00-03:00,0.352,0.20400000000000001,0.19,8.704
2020-11-05 10:00:00-03:00,0.339,0.146,0.234,9.587
2020-11-05 11:00:00-03:00,0.276,0.069,0.243,10.033
2020-11-05 12:00:00-03:00,0.262,0.047,0.249,10.148
2020-11-05 13:00:00-03:00,0.298,0.028,0.308,10.044
2020-11-05 14:00:00-03:00,0.189,0.019,0.198,10.02
2020-11-05 15:00:00-03:00,0.18,0.021,0.187,10.16
2020-11-05 16:00:00-03:00,0.188,0.031,0.186,10.363
2020-11-05 17:00:00-03:00,0.2,0.052000000000000005,0.177,10.474
2020-11-05 18:00:00-03:00,0.281,0.156,0.162,10.421
2020-11-05 19:00:00-03:00,0.28700000000000003,0.218,0.105,9.617
2020-11-05 20:00:00-03:00,0.07200000000000001,0.06,0.033,8.053
2020-11-05 21:00:00-03:00,0.0,0.0,0.0,6.7379999999999995
2020-11-05 22:00:00-03:00,0.0,0.0,0.0,5.833
2020-11-05 23:00:00-03:00,0.0,0.0,0.0,4.445
2020-11-06 00:00:00-03:00,0.0,0.0,0.0,3.228
2020-11-06 01:00:00-03:00,0.0,0.0,0.0,2.834
2020-11-06 02:00:00-03:00,0.0,0.0,0.0,2.823
2020-11-06 03:00:00-03:00,0.0,0.0,0.0,2.786
2020-11-06 04:00:00-03:00,0.0,0.0,0.0,2.497
2020-11-06 05:00:00-03:00,0.0,0.0,0.0,2.2800000000000002
2020-11-06 06:00:00-03:00,0.019,0.021,0.011,2.157
2020-11-06 07:00:00-03:00,0.157,0.114,0.065,3.403
2020-11-06 08:00:00-03:00,0.28700000000000003,0.194,0.121,4.875
2020-11-06 09:00:00-03:00,0.594,0.525,0.151,6.7
2020-11-06 10:00:00-03:00,0.6930000000000001,0.635,0.179,8.389
2020-11-06 11:00:00-03:00,0.783,0.753,0.195,9.869
2020-11-06 12:00:00-03:00,0.8310000000000001,0.8240000000000001,0.20400000000000001,11.239
2020-11-06 13:00:00-03:00,0.8320000000000001,0.871,0.166,12.418
2020-11-06 14:00:00-03:00,0.861,0.883,0.20500000000000002,13.229
2020-11-06 15:00:00-03:00,0.834,0.846,0.201,13.539
2020-11-06 16:00:00-03:00,0.764,0.749,0.191,13.433
2020-11-06 17:00:00-03:00,0.682,0.649,0.169,12.999
2020-11-06 18:00:00-03:00,0.595,0.5630000000000001,0.135,12.199
2020-11-06 19:00:00-03:00,0.449,0.418,0.094,10.961
2020-11-06 20:00:00-03:00,0.221,0.212,0.038,8.833
2020-11-06 21:00:00-03:00,0.0,0.0,0.001,6.521
2020-11-06 22:00:00-03:00,0.0,0.0,0.0,5.999
2020-11-06 23:00:00-03:00,0.0,0.0,0.0,5.969
2020-11-07 00:00:00-03:00,0.0,0.0,0.0,5.625
2020-11-07 01:00:00-03:00,0.0,0.0,0.0,5.199
2020-11-07 02:00:00-03:00,0.0,0.0,0.0,5.164
2020-11-07 03:00:00-03:00,0.0,0.0,0.0,4.771
2020-11-07 04:00:00-03:00,0.0,0.0,0.0,4.01
2020-11-07 05:00:00-03:00,0.0,0.0,0.0,3.464
2020-11-07 06:00:00-03:00,0.038,0.039,0.015,3.585
2020-11-07 07:00:00-03:00,0.112,0.065,0.068,5.192
2020-11-07 08:00:00-03:00,0.14200000000000002,0.051000000000000004,0.114,6.924
2020-11-07 09:00:00-03:00,0.20400000000000001,0.065,0.168,9.163
2020-11-07 10:00:00-03:00,0.249,0.07,0.213,11.076
2020-11-07 11:00:00-03:00,0.305,0.09,0.258,12.713
2020-11-07 12:00:00-03:00,0.355,0.11,0.298,13.945
2020-11-07 13:00:00-03:00,0.484,0.146,0.419,14.789
2020-11-07 14:00:00-03:00,0.402,0.151,0.316,15.394
2020-11-07 15:00:00-03:00,0.262,0.056,0.247,15.028
2020-11-07 16:00:00-03:00,0.215,0.044,0.20700000000000002,14.452
2020-11-07 17:00:00-03:00,0.202,0.054,0.181,14.153
2020-11-07 18:00:00-03:00,0.195,0.079,0.149,13.619
2020-11-07 19:00:00-03:00,0.089,0.034,0.078,12.424
2020-11-07 20:00:00-03:00,0.031,0.021,0.026000000000000002,11.006
2020-11-07 21:00:00-03:00,0.0,0.0,0.001,9.733
2020-11-07 22:00:00-03:00,0.0,0.0,0.0,9.0
2020-11-07 23:00:00-03:00,0.0,0.0,0.0,8.728
2020-11-08 00:00:00-03:00,0.0,0.0,0.0,8.624
2020-11-08 01:00:00-03:00,0.0,0.0,0.0,8.563
2020-11-08 02:00:00-03:00,0.0,0.0,0.0,8.581
2020-11-08 03:00:00-03:00,0.0,0.0,0.0,8.598
2020-11-08 04:00:00-03:00,0.0,0.0,0.0,8.519
2020-11-08 05:00:00-03:00,0.0,0.0,0.0,8.425
2020-11-08 06:00:00-03:00,0.001,0.002,0.006,8.398
2020-11-08 07:00:00-03:00,0.049,0.016,0.051000000000000004,8.731
2020-11-08 08:00:00-03:00,0.154,0.057,0.123,9.569
2020-11-08 09:00:00-03:00,0.379,0.228,0.2,10.846
2020-11-08 10:00:00-03:00,0.368,0.169,0.249,11.844
2020-11-08 11:00:00-03:00,0.281,0.066,0.254,12.284
2020-11-08 12:00:00-03:00,0.331,0.081,0.297,12.71
2020-11-08 13:00:00-03:00,0.40800000000000003,0.069,0.398,12.823
2020-11-08 14:00:00-03:00,0.23500000000000001,0.03,0.241,12.371
2020-11-08 15:00:00-03:00,0.195,0.023,0.203,11.816
2020-11-08 16:00:00-03:00,0.162,0.019,0.17,11.14
2020-11-08 17:00:00-03:00,0.105,0.011,0.117,10.13
2020-11-08 18:00:00-03:00,0.074,0.01,0.084,9.018
2020-11-08 19:00:00-03:00,0.051000000000000004,0.012,0.058,7.948
2020-11-08 20:00:00-03:00,0.016,0.009000000000000001,0.02,6.618
2020-11-08 21:00:00-03:00,0.0,0.001,0.0,5.189
2020-11-08 22:00:00-03:00,0.0,0.0,0.0,4.1
2020-11-08 23:00:00-03:00,0.0,0.0,0.0,3.418
2020-11-09 00:00:00-03:00,0.0,0.0,0.0,2.984
2020-11-09 01:00:00-03:00,0.0,0.0,0.0,2.521
2020-11-09 02:00:00-03:00,0.0,0.0,0.0,2.162
2020-11-09 03:00:00-03:00,0.0,0.0,0.0,1.744
2020-11-09 04:00:00-03:00,0.0,0.0,0.0,1.572
2020-11-09 05:00:00-03:00,0.0,0.0,0.0,1.788
2020-11-09 06:00:00-03:00,0.002,0.002,0.008,1.979
2020-11-09 07:00:00-03:00,0.025,0.004,0.035,2.342
2020-11-09 08:00:00-03:00,0.055,0.006,0.067,2.911
2020-11-09 09:00:00-03:00,0.081,0.006,0.093,3.893
2020-11-09 10:00:00-03:00,0.077,0.004,0.093,5.111
2020-11-09 11:00:00-03:00,0.085,0.003,0.10200000000000001,6.51
2020-11-09 12:00:00-03:00,0.17300000000000001,0.011,0.188,8.563
2020-11-09 13:00:00-03:00,0.321,0.025,0.337,10.417
2020-11-09 14:00:00-03:00,0.19,0.014,0.20600000000000002,10.944
2020-11-09 15:00:00-03:00,0.147,0.009000000000000001,0.164,10.82
2020-11-09 16:00:00-03:00,0.164,0.016,0.17500000000000002,10.721
2020-11-09 17:00:00-03:00,0.083,0.006,0.099,10.061
2020-11-09 18:00:00-03:00,0.065,0.006,0.079,9.457
2020-11-09 19:00:00-03:00,0.026000000000000002,0.003,0.038,8.733
2020-11-09 20:00:00-03:00,0.009000000000000001,0.004,0.017,8.073
2020-11-09 21:00:00-03:00,0.0,0.001,0.001,7.33
2020-11-09 22:00:00-03:00,0.0,0.0,0.0,6.601
2020-11-09 23:00:00-03:00,0.0,0.0,0.0,5.8100000000000005
2020-11-10 00:00:00-03:00,0.0,0.0,0.0,4.993
2020-11-10 01:00:00-03:00,0.0,0.0,0.0,4.326
2020-11-10 02:00:00-03:00,0.0,0.0,0.0,3.972
2020-11-10 03:00:00-03:00,0.0,0.0,0.0,3.745
2020-11-10 04:00:00-03:00,0.0,0.0,0.0,3.5380000000000003
2020-11-10 05:00:00-03:00,0.0,0.0,0.0,3.257
2020-11-10 06:00:00-03:00,0.012,0.011,0.013000000000000001,3.249
2020-11-10 07:00:00-03:00,0.139,0.08600000000000001,0.074,4.639
2020-11-10 08:00:00-03:00,0.325,0.223,0.137,6.541
2020-11-10 09:00:00-03:00,0.445,0.313,0.189,8.848
2020-11-10 10:00:00-03:00,0.445,0.268,0.24,11.072
2020-11-10 11:00:00-03:00,0.447,0.234,0.28,13.039
2020-11-10 12:00:00-03:00,0.489,0.255,0.315,14.57
2020-11-10 13:00:00-03:00,0.446,0.115,0.404,15.216
2020-11-10 14:00:00-03:00,0.311,0.074,0.28600000000000003,15.624
2020-11-10 15:00:00-03:00,0.32,0.098,0.273,16.13
2020-11-10 16:00:00-03:00,0.291,0.096,0.242,16.342
2020-11-10 17:00:00-03:00,0.269,0.107,0.20500000000000002,16.251
2020-11-10 18:00:00-03:00,0.293,0.17300000000000001,0.166,15.915
2020-11-10 19:00:00-03:00,0.30000000000000004,0.23600000000000002,0.111,15.127
2020-11-10 20:00:00-03:00,0.185,0.169,0.048,13.249
2020-11-10 21:00:00-03:00,0.001,0.007,0.002,10.535
2020-11-10 22:00:00-03:00,0.0,0.0,0.0,9.604
2020-11-10 23:00:00-03:00,0.0,0.0,0.0,8.992
2020-11-11 00:00:00-03:00,0.0,0.0,0.0,8.496
2020-11-11 01:00:00-03:00,0.0,0.0,0.0,8.058
2020-11-11 02:00:00-03:00,0.0,0.0,0.0,7.679
2020-11-11 03:00:00-03:00,0.0,0.0,0.0,7.241
2020-11-11 04:00:00-03:00,0.0,0.0,0.0,6.886
2020-11-11 05:00:00-03:00,0.0,0.0,0.0,6.862
2020-11-11 06:00:00-03:00,0.024,0.022,0.017,7.603
2020-11-11 07:00:00-03:00,0.121,0.07100000000000001,0.074,9.752
2020-11-11 08:00:00-03:00,0.267,0.164,0.14,11.532
2020-11-11 09:00:00-03:00,0.291,0.14200000000000002,0.192,14.016
2020-11-11 10:00:00-03:00,0.271,0.089,0.225,15.437
2020-11-11 11:00:00-03:00,0.23800000000000002,0.048,0.23,15.633
2020-11-11 12:00:00-03:00,0.217,0.028,0.226,15.02
2020-11-11 13:00:00-03:00,0.265,0.021,0.28400000000000003,14.358
2020-11-11 14:00:00-03:00,0.23,0.031,0.23700000000000002,14.389
2020-11-11 15:00:00-03:00,0.28400000000000003,0.067,0.26,14.783
2020-11-11 16:00:00-03:00,0.461,0.269,0.268,15.106
2020-11-11 17:00:00-03:00,0.586,0.487,0.209,14.75
2020-11-11 18:00:00-03:00,0.556,0.493,0.16,13.794
2020-11-11 19:00:00-03:00,0.34600000000000003,0.28,0.113,12.512
2020-11-11 20:00:00-03:00,0.126,0.10400000000000001,0.046,11.031
2020-11-11 21:00:00-03:00,0.003,0.009000000000000001,0.002,9.343
2020-11-11 22:00:00-03:00,0.0,0.0,0.0,8.192
2020-11-11 23:00:00-03:00,0.0,0.0,0.0,7.44
2020-11-12 00:00:00-03:00,0.0,0.0,0.0,6.75
2020-11-12 01:00:00-03:00,0.0,0.0,0.0,6.169
2020-11-12 02:00:00-03:00,0.0,0.0,0.0,5.36
2020-11-12 03:00:00-03:00,0.0,0.0,0.0,4.878
2020-11-12 04:00:00-03:00,0.0,0.0,0.0,4.952
2020-11-12 05:00:00-03:00,0.0,0.0,0.0,5.117
2020-11-12 06:00:00-03:00,0.026000000000000002,0.023,0.018000000000000002,5.241
2020-11-12 07:00:00-03:00,0.10300000000000001,0.054,0.07100000000000001,6.94
2020-11-12 08:00:00-03:00,0.177,0.075,0.128,8.48
2020-11-12 09:00:00-03:00,0.303,0.149,0.194,10.461
2020-11-12 10:00:00-03:00,0.446,0.267,0.244,12.181
2020-11-12 11:00:00-03:00,0.5730000000000001,0.402,0.272,13.648
2020-11-12 12:00:00-03:00,0.487,0.244,0.323,14.175
2020-11-12 13:00:00-03:00,0.523,0.192,0.42,14.376
2020-11-12 14:00:00-03:00,0.38,0.12,0.317,14.168
2020-11-12 15:00:00-03:00,0.244,0.045,0.23700000000000002,13.581
2020-11-12 16:00:00-03:00,0.182,0.028,0.184,13.138
2020-11-12 17:00:00-03:00,0.196,0.049,0.179,13.01
2020-11-12 18:00:00-03:00,0.242,0.115,0.163,12.422
2020-11-12 19:00:00-03:00,0.309,0.23600000000000002,0.114,11.149
2020-11-12 20:00:00-03:00,0.246,0.226,0.053,9.337
2020-11-12 21:00:00-03:00,0.001,0.006,0.003,7.348
2020-11-12 22:00:00-03:00,0.0,0.0,0.0,5.983
2020-11-12 23:00:00-03:00,0.0,0.0,0.0,5.002
2020-11-13 00:00:00-03:00,0.0,0.0,0.0,4.242
2020-11-13 01:00:00-03:00,0.0,0.0,0.0,3.7
2020-11-13 02:00:00-03:00,0.0,0.0,0.0,3.252
2020-11-13 03:00:00-03:00,0.0,0.0,0.0,2.852
2020-11-13 04:00:00-03:00,0.0,0.0,0.0,2.414
2020-11-13 05:00:00-03:00,0.0,0.0,0.0,1.9769999999999999
2020-11-13 06:00:00-03:00,0.08,0.073,0.024,1.962
2020-11-13 07:00:00-03:00,0.333,0.278,0.08600000000000001,3.533
2020-11-13 08:00:00-03:00,0.308,0.191,0.149,5.964
2020-11-13 09:00:00-03:00,0.273,0.108,0.197,7.933
2020-11-13 10:00:00-03:00,0.254,0.063,0.224,9.329
2020-11-13 11:00:00-03:00,0.243,0.041,0.23600000000000002,10.24
2020-11-13 12:00:00-03:00,0.221,0.023,0.23,10.483
2020-11-13 13:00:00-03:00,0.245,0.014,0.264,10.178
2020-11-13 14:00:00-03:00,0.177,0.013000000000000001,0.192,9.914
2020-11-13 15:00:00-03:00,0.159,0.013000000000000001,0.17300000000000001,9.759
2020-11-13 16:00:00-03:00,0.154,0.015,0.164,9.534
2020-11-13 17:00:00-03:00,0.14300000000000002,0.019,0.148,8.865
2020-11-13 18:00:00-03:00,0.112,0.02,0.114,7.658
2020-11-13 19:00:00-03:00,0.08,0.022,0.078,6.744
2020-11-13 20:00:00-03:00,0.036000000000000004,0.019,0.033,5.775
2020-11-13 21:00:00-03:00,0.0,0.002,0.002,4.53
2020-11-13 22:00:00-03:00,0.0,0.0,0.0,3.609
2020-11-13 23:00:00-03:00,0.0,0.0,0.0,2.959
2020-11-14 00:00:00-03:00,0.0,0.0,0.0,2.573
2020-11-14 01:00:00-03:00,0.0,0.0,0.0,2.287
2020-11-14 02:00:00-03:00,0.0,0.0,0.0,1.968
2020-11-14 03:00:00-03:00,0.0,0.0,0.0,1.576
2020-11-14 04:00:00-03:00,0.0,0.0,0.0,1.223
2020-11-14 05:00:00-03:00,0.0,0.0,0.0,0.9550000000000001
2020-11-14 06:00:00-03:00,0.028,0.023,0.02,1.054
2020-11-14 07:00:00-03:00,0.14200000000000002,0.081,0.081,1.992
2020-11-14 08:00:00-03:00,0.272,0.152,0.146,3.208
2020-11-14 09:00:00-03:00,0.334,0.164,0.202,4.216
2020-11-14 10:00:00-03:00,0.401,0.189,0.253,5.3629999999999995
2020-11-14 11:00:00-03:00,0.498,0.264,0.295,6.651
2020-11-14 12:00:00-03:00,0.584,0.341,0.326,7.717
2020-11-14 13:00:00-03:00,0.631,0.322,0.40800000000000003,8.372
2020-11-14 14:00:00-03:00,0.542,0.277,0.342,8.652
2020-11-14 15:00:00-03:00,0.311,0.073,0.275,8.06
2020-11-14 16:00:00-03:00,0.184,0.024,0.185,7.086
2020-11-14 17:00:00-03:00,0.162,0.027,0.159,6.716
2020-11-14 18:00:00-03:00,0.092,0.014,0.099,6.508
2020-11-14 19:00:00-03:00,0.047,0.009000000000000001,0.055,5.952
2020-11-14 20:00:00-03:00,0.019,0.009000000000000001,0.024,5.298
2020-11-14 21:00:00-03:00,0.0,0.003,0.002,4.9030000000000005
2020-11-14 22:00:00-03:00,0.0,0.0,0.0,4.851
2020-11-14 23:00:00-03:00,0.0,0.0,0.0,5.159
2020-11-15 00:00:00-03:00,0.0,0.0,0.0,5.568
2020-11-15 01:00:00-03:00,0.0,0.0,0.0,5.996
2020-11-15 02:00:00-03:00,0.0,0.0,0.0,6.472
2020-11-15 03:00:00-03:00,0.0,0.0,0.0,6.858
2020-11-15 04:00:00-03:00,0.0,0.0,0.0,6.994
2020-11-15 05:00:00-03:00,0.0,0.0,0.0,6.658
2020-11-15 06:00:00-03:00,0.009000000000000001,0.007,0.013000000000000001,6.338
2020-11-15 07:00:00-03:00,0.10400000000000001,0.055,0.07,6.915
2020-11-15 08:00:00-03:00,0.196,0.095,0.129,7.775
2020-11-15 09:00:00-03:00,0.586,0.508,0.166,8.812
2020-11-15 10:00:00-03:00,0.78,0.773,0.17200000000000001,9.975999999999999
2020-11-15 11:00:00-03:00,0.8300000000000001,0.835,0.191,11.241
2020-11-15 12:00:00-03:00,0.853,0.871,0.198,12.221
2020-11-15 13:00:00-03:00,0.842,0.89,0.165,12.845
2020-11-15 14:00:00-03:00,0.868,0.895,0.20400000000000001,13.153
2020-11-15 15:00:00-03:00,0.86,0.885,0.201,13.166
2020-11-15 16:00:00-03:00,0.8300000000000001,0.851,0.186,12.856
2020-11-15 17:00:00-03:00,0.792,0.8140000000000001,0.161,12.193
2020-11-15 18:00:00-03:00,0.655,0.632,0.14200000000000002,11.074
2020-11-15 19:00:00-03:00,0.397,0.336,0.111,9.657
2020-11-15 20:00:00-03:00,0.084,0.061,0.044,8.163
2020-11-15 21:00:00-03:00,0.0,0.003,0.003,6.862
2020-11-15 22:00:00-03:00,0.0,0.0,0.0,6.101
2020-11-15 23:00:00-03:00,0.0,0.0,0.0,5.731
2020-11-16 00:00:00-03:00,0.0,0.0,0.0,5.429
2020-11-16 01:00:00-03:00,0.0,0.0,0.0,5.379
2020-11-16 02:00:00-03:00,0.0,0.0,0.0,5.561
2020-11-16 03:00:00-03:00,0.0,0.0,0.0,5.902
2020-11-16 04:00:00-03:00,0.0,0.0,0.0,6.249
2020-11-16 05:00:00-03:00,0.0,0.0,0.0,6.609
2020-11-16 06:00:00-03:00,0.0,0.001,0.005,6.966
2020-11-16 07:00:00-03:00,0.029,0.006,0.038,7.309
2020-11-16 08:00:00-03:00,0.089,0.017,0.093,7.71
2020-11-16 09:00:00-03:00,0.243,0.08600000000000001,0.188,8.565
2020-11-16 10:00:00-03:00,0.452,0.258,0.253,9.737
2020-11-16 11:00:00-03:00,0.685,0.561,0.255,11.171
2020-11-16 12:00:00-03:00,0.68,0.519,0.293,11.967
2020-11-16 13:00:00-03:00,0.6990000000000001,0.494,0.34700000000000003,12.344
2020-11-16 14:00:00-03:00,0.606,0.383,0.33,12.373
2020-11-16 15:00:00-03:00,0.493,0.255,0.313,11.979
2020-11-16 16:00:00-03:00,0.443,0.228,0.278,11.471
2020-11-16 17:00:00-03:00,0.36,0.177,0.231,10.773
2020-11-16 18:00:00-03:00,0.34800000000000003,0.211,0.18,10.083
2020-11-16 19:00:00-03:00,0.168,0.08600000000000001,0.109,9.069
2020-11-16 20:00:00-03:00,0.054,0.032,0.041,8.017
2020-11-16 21:00:00-03:00,0.001,0.003,0.003,7.02
2020-11-16 22:00:00-03:00,0.0,0.0,0.0,6.562
2020-11-16 23:00:00-03:00,0.0,0.0,0.0,6.471
2020-11-17 00:00:00-03:00,0.0,0.0,0.0,6.337
2020-11-17 01:00:00-03:00,0.0,0.0,0.0,6.143
2020-11-17 02:00:00-03:00,0.0,0.0,0.0,6.109
2020-11-17 03:00:00-03:00,0.0,0.0,0.0,6.226
2020-11-17 04:00:00-03:00,0.0,0.0,0.0,6.418
2020-11-17 05:00:00-03:00,0.0,0.0,0.0,6.587
2020-11-17 06:00:00-03:00,0.007,0.004,0.013000000000000001,6.82
2020-11-17 07:00:00-03:00,0.045,0.011,0.051000000000000004,7.396
2020-11-17 08:00:00-03:00,0.09,0.017,0.094,7.94
2020-11-17 09:00:00-03:00,0.222,0.067,0.185,8.731
2020-11-17 10:00:00-03:00,0.684,0.593,0.218,10.462
2020-11-17 11:00:00-03:00,0.751,0.672,0.24,11.801
2020-11-17 12:00:00-03:00,0.802,0.746,0.247,12.692
2020-11-17 13:00:00-03:00,0.809,0.763,0.245,13.35
2020-11-17 14:00:00-03:00,0.668,0.484,0.319,13.355
2020-11-17 15:00:00-03:00,0.256,0.042,0.25,11.729
2020-11-17 16:00:00-03:00,0.187,0.025,0.191,10.47
2020-11-17 17:00:00-03:00,0.123,0.014,0.133,9.612
2020-11-17 18:00:00-03:00,0.092,0.013000000000000001,0.1,9.007
2020-11-17 19:00:00-03:00,0.052000000000000005,0.01,0.061,8.426
2020-11-17 20:00:00-03:00,0.028,0.012,0.031,7.892
2020-11-17 21:00:00-03:00,0.0,0.002,0.002,7.321
2020-11-17 22:00:00-03:00,0.0,0.0,0.0,7.029
2020-11-17 23:00:00-03:00,0.0,0.0,0.0,6.872
2020-11-18 00:00:00-03:00,0.0,0.0,0.0,6.717
2020-11-18 01:00:00-03:00,0.0,0.0,0.0,6.6530000000000005
2020-11-18 02:00:00-03:00,0.0,0.0,0.0,6.687
2020-11-18 03:00:00-03:00,0.0,0.0,0.0,6.689
2020-11-18 04:00:00-03:00,0.0,0.0,0.0,6.648
2020-11-18 05:00:00-03:00,0.0,0.0,0.0,6.587
2020-11-18 06:00:00-03:00,0.006,0.004,0.012,6.703
2020-11-18 07:00:00-03:00,0.11800000000000001,0.063,0.078,7.5760000000000005
2020-11-18 08:00:00-03:00,0.358,0.258,0.14400000000000002,9.411
2020-11-18 09:00:00-03:00,0.526,0.425,0.184,11.812
2020-11-18 10:00:00-03:00,0.646,0.5650000000000001,0.209,14.121
2020-11-18 11:00:00-03:00,0.729,0.68,0.223,16.067
2020-11-18 12:00:00-03:00,0.77,0.742,0.231,17.469
2020-11-18 13:00:00-03:00,0.769,0.749,0.227,18.318
2020-11-18 14:00:00-03:00,0.715,0.628,0.267,18.627
2020-11-18 15:00:00-03:00,0.717,0.651,0.247,18.682
2020-11-18 16:00:00-03:00,0.668,0.593,0.231,18.272
2020-11-18 17:00:00-03:00,0.5650000000000001,0.468,0.21,17.369
2020-11-18 18:00:00-03:00,0.41200000000000003,0.306,0.17400000000000002,16.096
2020-11-18 19:00:00-03:00,0.248,0.171,0.117,14.727
2020-11-18 20:00:00-03:00,0.105,0.078,0.051000000000000004,13.357
2020-11-18 21:00:00-03:00,0.008,0.014,0.005,11.931000000000001
2020-11-18 22:00:00-03:00,0.0,0.0,0.0,10.951
2020-11-18 23:00:00-03:00,0.0,0.0,0.0,10.221
2020-11-19 00:00:00-03:00,0.0,0.0,0.0,9.794
2020-11-19 01:00:00-03:00,0.0,0.0,0.0,9.562
2020-11-19 02:00:00-03:00,0.0,0.0,0.0,9.427
2020-11-19 03:00:00-03:00,0.0,0.0,0.0,9.35
2020-11-19 04:00:00-03:00,0.0,0.0,0.0,9.26
2020-11-19 05:00:00-03:00,0.0,0.0,0.0,8.971
2020-11-19 06:00:00-03:00,0.025,0.018000000000000002,0.022,8.921
2020-11-19 07:00:00-03:00,0.11,0.054,0.079,9.578
2020-11-19 08:00:00-03:00,0.223,0.11,0.14400000000000002,10.599
2020-11-19 09:00:00-03:00,0.308,0.148,0.202,11.805
2020-11-19 10:00:00-03:00,0.36,0.161,0.251,12.877
2020-11-19 11:00:00-03:00,0.363,0.13,0.28700000000000003,13.611
2020-11-19 12:00:00-03:00,0.383,0.115,0.325,14.022
2020-11-19 13:00:00-03:00,0.493,0.152,0.423,14.529
2020-11-19 14:00:00-03:00,0.518,0.265,0.34500000000000003,15.323
2020-11-19 15:00:00-03:00,0.55,0.34800000000000003,0.305,15.927
2020-11-19 16:00:00-03:00,0.533,0.361,0.27,15.984
2020-11-19 17:00:00-03:00,0.44,0.28,0.233,15.451
2020-11-19 18:00:00-03:00,0.47500000000000003,0.378,0.176,14.805
2020-11-19 19:00:00-03:00,0.556,0.542,0.111,13.869
2020-11-19 20:00:00-03:00,0.34700000000000003,0.332,0.063,12.299
2020-11-19 21:00:00-03:00,0.029,0.038,0.007,10.225
2020-11-19 22:00:00-03:00,0.0,0.0,0.0,8.95
2020-11-19 23:00:00-03:00,0.0,0.0,0.0,8.206
2020-11-20 00:00:00-03:00,0.0,0.0,0.0,7.259
2020-11-20 01:00:00-03:00,0.0,0.0,0.0,6.338
2020-11-20 02:00:00-03:00,0.0,0.0,0.0,5.885
2020-11-20 03:00:00-03:00,0.0,0.0,0.0,5.723
2020-11-20 04:00:00-03:00,0.0,0.0,0.0,5.832
2020-11-20 05:00:00-03:00,0.0,0.0,0.0,5.83
2020-11-20 06:00:00-03:00,0.042,0.033,0.026000000000000002,6.409
2020-11-20 07:00:00-03:00,0.211,0.151,0.088,7.911
2020-11-20 08:00:00-03:00,0.395,0.303,0.14200000000000002,9.557
2020-11-20 09:00:00-03:00,0.507,0.395,0.186,10.961
2020-11-20 10:00:00-03:00,0.596,0.48,0.22,12.362
2020-11-20 11:00:00-03:00,0.67,0.5640000000000001,0.242,13.736
2020-11-20 12:00:00-03:00,0.754,0.6950000000000001,0.23800000000000002,14.975999999999999
2020-11-20 13:00:00-03:00,0.776,0.75,0.222,15.962
2020-11-20 14:00:00-03:00,0.777,0.74,0.23800000000000002,16.665
2020-11-20 15:00:00-03:00,0.755,0.713,0.233,17.003
2020-11-20 16:00:00-03:00,0.6950000000000001,0.634,0.223,16.892
2020-11-20 17:00:00-03:00,0.5730000000000001,0.47700000000000004,0.20800000000000002,16.388
2020-11-20 18:00:00-03:00,0.389,0.276,0.17500000000000002,15.612
2020-11-20 19:00:00-03:00,0.216,0.137,0.115,14.622
2020-11-20 20:00:00-03:00,0.09,0.063,0.051000000000000004,13.096
2020-11-20 21:00:00-03:00,0.006,0.01,0.006,10.846
2020-11-20 22:00:00-03:00,0.0,0.0,0.0,10.333
2020-11-20 23:00:00-03:00,0.0,0.0,0.0,10.482
2020-11-21 00:00:00-03:00,0.0,0.0,0.0,9.28
2020-11-21 01:00:00-03:00,0.0,0.0,0.0,8.704
2020-11-21 02:00:00-03:00,0.0,0.0,0.0,8.642
2020-11-21 03:00:00-03:00,0.0,0.0,0.0,8.366
2020-11-21 04:00:00-03:00,0.0,0.0,0.0,8.011
2020-11-21 05:00:00-03:00,0.0,0.0,0.0,7.612
2020-11-21 06:00:00-03:00,0.041,0.029,0.029,8.186
2020-11-21 07:00:00-03:00,0.117,0.056,0.085,10.08
2020-11-21 08:00:00-03:00,0.262,0.14300000000000002,0.156,11.919
2020-11-21 09:00:00-03:00,0.425,0.277,0.213,13.7
2020-11-21 10:00:00-03:00,0.512,0.343,0.258,14.866
2020-11-21 11:00:00-03:00,0.533,0.328,0.303,15.689
2020-11-21 12:00:00-03:00,0.558,0.319,0.34600000000000003,16.276
2020-11-21 13:00:00-03:00,0.607,0.31,0.421,16.576
2020-11-21 14:00:00-03:00,0.381,0.099,0.34400000000000003,16.03
2020-11-21 15:00:00-03:00,0.196,0.02,0.209,14.952
2020-11-21 16:00:00-03:00,0.132,0.011,0.148,14.284
2020-11-21 17:00:00-03:00,0.114,0.012,0.128,13.868
2020-11-21 18:00:00-03:00,0.107,0.018000000000000002,0.114,13.323
2020-11-21 19:00:00-03:00,0.089,0.025,0.08700000000000001,12.256
2020-11-21 20:00:00-03:00,0.065,0.036000000000000004,0.049,10.682
2020-11-21 21:00:00-03:00,0.011,0.015,0.008,8.641
2020-11-21 22:00:00-03:00,0.0,0.0,0.0,6.9510000000000005
2020-11-21 23:00:00-03:00,0.0,0.0,0.0,5.89
2020-11-22 00:00:00-03:00,0.0,0.0,0.0,5.426
2020-11-22 01:00:00-03:00,0.0,0.0,0.0,5.321
2020-11-22 02:00:00-03:00,0.0,0.0,0.0,5.174
2020-11-22 03:00:00-03:00,0.0,0.0,0.0,4.873
2020-11-22 04:00:00-03:00,0.0,0.0,0.0,4.691
2020-11-22 05:00:00-03:00,0.0,0.0,0.0,4.604
2020-11-22 06:00:00-03:00,0.021,0.012,0.024,5.2620000000000005
2020-11-22 07:00:00-03:00,0.081,0.027,0.074,6.386
2020-11-22 08:00:00-03:00,0.25,0.123,0.158,8.425
2020-11-22 09:00:00-03:00,0.373,0.2,0.221,10.26
2020-11-22 10:00:00-03:00,0.35000000000000003,0.13,0.265,10.83
2020-11-22 11:00:00-03:00,0.31,0.069,0.28200000000000003,11.048
2020-11-22 12:00:00-03:00,0.34500000000000003,0.067,0.324,11.355
2020-11-22 13:00:00-03:00,0.401,0.057,0.399,11.617
2020-11-22 14:00:00-03:00,0.309,0.045,0.306,11.775
2020-11-22 15:00:00-03:00,0.245,0.032,0.247,11.737
2020-11-22 16:00:00-03:00,0.20400000000000001,0.027,0.20800000000000002,11.515
2020-11-22 17:00:00-03:00,0.226,0.052000000000000005,0.20600000000000002,11.494
2020-11-22 18:00:00-03:00,0.184,0.052000000000000005,0.161,11.006
2020-11-22 19:00:00-03:00,0.063,0.012,0.07100000000000001,9.686
2020-11-22 20:00:00-03:00,0.023,0.008,0.03,8.491
2020-11-22 21:00:00-03:00,0.002,0.005,0.005,7.012
2020-11-22 22:00:00-03:00,0.0,0.0,0.0,5.888
2020-11-22 23:00:00-03:00,0.0,0.0,0.0,5.622
2020-11-23 00:00:00-03:00,0.0,0.0,0.0,5.315
2020-11-23 01:00:00-03:00,0.0,0.0,0.0,4.843
2020-11-23 02:00:00-03:00,0.0,0.0,0.0,4.058
2020-11-23 03:00:00-03:00,0.0,0.0,0.0,3.235
2020-11-23 04:00:00-03:00,0.0,0.0,0.0,3.479
2020-11-23 05:00:00-03:00,0.0,0.001,0.0,4.105
2020-11-23 06:00:00-03:00,0.041,0.028,0.03,4.796
2020-11-23 07:00:00-03:00,0.148,0.08,0.092,6.266
2020-11-23 08:00:00-03:00,0.277,0.153,0.157,8.306
2020-11-23 09:00:00-03:00,0.511,0.379,0.20400000000000001,10.054
2020-11-23 10:00:00-03:00,0.562,0.399,0.251,10.343
2020-11-23 11:00:00-03:00,0.517,0.28500000000000003,0.306,10.053
2020-11-23 12:00:00-03:00,0.357,0.078,0.323,9.126
2020-11-23 13:00:00-03:00,0.422,0.07200000000000001,0.402,8.658
2020-11-23 14:00:00-03:00,0.383,0.09,0.339,8.783
2020-11-23 15:00:00-03:00,0.373,0.109,0.309,9.136
2020-11-23 16:00:00-03:00,0.355,0.122,0.277,9.302
2020-11-23 17:00:00-03:00,0.308,0.114,0.231,9.067
2020-11-23 18:00:00-03:00,0.234,0.09,0.17400000000000002,8.481
2020-11-23 19:00:00-03:00,0.151,0.064,0.112,7.573
2020-11-23 20:00:00-03:00,0.073,0.041,0.052000000000000005,6.4030000000000005
2020-11-23 21:00:00-03:00,0.006,0.009000000000000001,0.007,4.963
2020-11-23 22:00:00-03:00,0.0,0.0,0.0,3.9939999999999998
2020-11-23 23:00:00-03:00,0.0,0.0,0.0,3.3890000000000002
2020-11-24 00:00:00-03:00,0.0,0.0,0.0,2.946
2020-11-24 01:00:00-03:00,0.0,0.0,0.0,2.527
2020-11-24 02:00:00-03:00,0.0,0.0,0.0,2.123
2020-11-24 03:00:00-03:00,0.0,0.0,0.0,1.828
2020-11-24 04:00:00-03:00,0.0,0.0,0.0,1.6520000000000001
2020-11-24 05:00:00-03:00,0.0,0.001,0.0,1.691
2020-11-24 06:00:00-03:00,0.062,0.045,0.035,2.24
2020-11-24 07:00:00-03:00,0.244,0.168,0.101,3.681
2020-11-24 08:00:00-03:00,0.40700000000000003,0.29,0.159,5.294
2020-11-24 09:00:00-03:00,0.47300000000000003,0.314,0.214,6.645
2020-11-24 10:00:00-03:00,0.495,0.292,0.267,7.789
2020-11-24 11:00:00-03:00,0.601,0.398,0.297,9.085
2020-11-24 12:00:00-03:00,0.629,0.399,0.336,10.28
2020-11-24 13:00:00-03:00,0.593,0.253,0.437,10.657
2020-11-24 14:00:00-03:00,0.336,0.059000000000000004,0.32,10.155
2020-11-24 15:00:00-03:00,0.255,0.037,0.252,9.78
2020-11-24 16:00:00-03:00,0.152,0.014,0.164,9.136
2020-11-24 17:00:00-03:00,0.10400000000000001,0.009000000000000001,0.11800000000000001,8.531
2020-11-24 18:00:00-03:00,0.07100000000000001,0.007,0.083,8.0
2020-11-24 19:00:00-03:00,0.061,0.011,0.068,7.807
2020-11-24 20:00:00-03:00,0.044,0.019,0.043000000000000003,7.37
2020-11-24 21:00:00-03:00,0.008,0.012,0.007,5.865
2020-11-24 22:00:00-03:00,0.0,0.0,0.0,4.753
2020-11-24 23:00:00-03:00,0.0,0.0,0.0,4.393
2020-11-25 00:00:00-03:00,0.0,0.0,0.0,4.587
2020-11-25 01:00:00-03:00,0.0,0.0,0.0,4.746
2020-11-25 02:00:00-03:00,0.0,0.0,0.0,4.535
2020-11-25 03:00:00-03:00,0.0,0.0,0.0,4.183
2020-11-25 04:00:00-03:00,0.0,0.0,0.0,3.795
2020-11-25 05:00:00-03:00,0.0,0.001,0.0,3.598
2020-11-25 06:00:00-03:00,0.029,0.018000000000000002,0.026000000000000002,4.284
2020-11-25 07:00:00-03:00,0.127,0.063,0.08600000000000001,5.839
2020-11-25 08:00:00-03:00,0.34900000000000003,0.234,0.155,7.688
2020-11-25 09:00:00-03:00,0.555,0.444,0.191,9.217
2020-11-25 10:00:00-03:00,0.628,0.506,0.228,10.076
2020-11-25 11:00:00-03:00,0.5680000000000001,0.369,0.28800000000000003,10.522
2020-11-25 12:00:00-03:00,0.5650000000000001,0.319,0.336,10.696
2020-11-25 13:00:00-03:00,0.613,0.315,0.401,10.756
2020-11-25 14:00:00-03:00,0.577,0.324,0.34600000000000003,10.729
2020-11-25 15:00:00-03:00,0.523,0.28400000000000003,0.316,10.457
2020-11-25 16:00:00-03:00,0.504,0.297,0.279,10.187
2020-11-25 17:00:00-03:00,0.47000000000000003,0.298,0.23600000000000002,9.818
2020-11-25 18:00:00-03:00,0.47500000000000003,0.357,0.182,9.177
2020-11-25 19:00:00-03:00,0.428,0.353,0.127,7.995
2020-11-25 20:00:00-03:00,0.229,0.187,0.069,6.344
2020-11-25 21:00:00-03:00,0.029,0.033,0.011,4.5809999999999995
2020-11-25 22:00:00-03:00,0.0,0.0,0.0,3.395
2020-11-25 23:00:00-03:00,0.0,0.0,0.0,2.8449999999999998
2020-11-26 00:00:00-03:00,0.0,0.0,0.0,2.48
2020-11-26 01:00:00-03:00,0.0,0.0,0.0,2.243
2020-11-26 02:00:00-03:00,0.0,0.0,0.0,2.227
2020-11-26 03:00:00-03:00,0.0,0.0,0.0,2.33
2020-11-26 04:00:00-03:00,0.0,0.0,0.0,2.529
2020-11-26 05:00:00-03:00,0.0,0.001,0.001,2.602
2020-11-26 06:00:00-03:00,0.056,0.038,0.035,2.982
2020-11-26 07:00:00-03:00,0.254,0.179,0.10200000000000001,4.388
2020-11-26 08:00:00-03:00,0.40700000000000003,0.293,0.158,6.251
2020-11-26 09:00:00-03:00,0.547,0.422,0.201,8.117
2020-11-26 10:00:00-03:00,0.627,0.493,0.23800000000000002,9.832
2020-11-26 11:00:00-03:00,0.612,0.427,0.289,11.104
2020-11-26 12:00:00-03:00,0.6890000000000001,0.522,0.303,12.141
2020-11-26 13:00:00-03:00,0.716,0.529,0.338,12.859
2020-11-26 14:00:00-03:00,0.529,0.247,0.368,12.888
2020-11-26 15:00:00-03:00,0.28200000000000003,0.05,0.27,11.979
2020-11-26 16:00:00-03:00,0.14400000000000002,0.013000000000000001,0.157,10.447
2020-11-26 17:00:00-03:00,0.084,0.006,0.099,8.937
2020-11-26 18:00:00-03:00,0.125,0.023,0.126,8.868
2020-11-26 19:00:00-03:00,0.08600000000000001,0.021,0.085,9.089
2020-11-26 20:00:00-03:00,0.07,0.037,0.054,8.921
2020-11-26 21:00:00-03:00,0.006,0.009000000000000001,0.007,8.139
2020-11-26 22:00:00-03:00,0.0,0.0,0.0,7.33
2020-11-26 23:00:00-03:00,0.0,0.0,0.0,7.034
2020-11-27 00:00:00-03:00,0.0,0.0,0.0,7.217
2020-11-27 01:00:00-03:00,0.0,0.0,0.0,7.102
2020-11-27 02:00:00-03:00,0.0,0.0,0.0,6.588
2020-11-27 03:00:00-03:00,0.0,0.0,0.0,5.959
2020-11-27 04:00:00-03:00,0.0,0.0,0.0,5.328
2020-11-27 05:00:00-03:00,0.0,0.002,0.001,4.649
2020-11-27 06:00:00-03:00,0.134,0.113,0.042,4.375
2020-11-27 07:00:00-03:00,0.362,0.299,0.099,4.91
2020-11-27 08:00:00-03:00,0.429,0.319,0.156,5.731
2020-11-27 09:00:00-03:00,0.384,0.209,0.216,6.345
2020-11-27 10:00:00-03:00,0.422,0.20400000000000001,0.266,6.801
2020-11-27 11:00:00-03:00,0.402,0.14300000000000002,0.304,6.9510000000000005
2020-11-27 12:00:00-03:00,0.40800000000000003,0.112,0.342,7.124
2020-11-27 13:00:00-03:00,0.482,0.117,0.425,7.543
2020-11-27 14:00:00-03:00,0.47000000000000003,0.164,0.366,8.016
2020-11-27 15:00:00-03:00,0.461,0.192,0.326,8.104
2020-11-27 16:00:00-03:00,0.454,0.221,0.29,7.975
2020-11-27 17:00:00-03:00,0.4,0.202,0.244,7.502
2020-11-27 18:00:00-03:00,0.341,0.187,0.191,6.831
2020-11-27 19:00:00-03:00,0.227,0.126,0.128,5.9510000000000005
2020-11-27 20:00:00-03:00,0.105,0.063,0.062,4.899
2020-11-27 21:00:00-03:00,0.014,0.016,0.01,3.838
2020-11-27 22:00:00-03:00,0.0,0.0,0.0,3.129
2020-11-27 23:00:00-03:00,0.0,0.0,0.0,2.849
2020-11-28 00:00:00-03:00,0.0,0.0,0.0,2.7359999999999998
2020-11-28 01:00:00-03:00,0.0,0.0,0.0,2.498
2020-11-28 02:00:00-03:00,0.0,0.0,0.0,2.305
2020-11-28 03:00:00-03:00,0.0,0.0,0.0,2.194
2020-11-28 04:00:00-03:00,0.0,0.0,0.0,2.078
2020-11-28 05:00:00-03:00,0.0,0.001,0.001,1.944
2020-11-28 06:00:00-03:00,0.067,0.046,0.039,2.16
2020-11-28 07:00:00-03:00,0.227,0.145,0.105,3.012
2020-11-28 08:00:00-03:00,0.385,0.256,0.166,4.05
2020-11-28 09:00:00-03:00,0.44,0.263,0.223,4.985
2020-11-28 10:00:00-03:00,0.441,0.213,0.276,5.77
2020-11-28 11:00:00-03:00,0.451,0.182,0.32,6.542
2020-11-28 12:00:00-03:00,0.44,0.13,0.362,7.225
2020-11-28 13:00:00-03:00,0.433,0.07100000000000001,0.41300000000000003,7.509
2020-11-28 14:00:00-03:00,0.331,0.05,0.319,7.42
2020-11-28 15:00:00-03:00,0.309,0.057,0.28700000000000003,7.467
2020-11-28 16:00:00-03:00,0.215,0.029,0.213,7.149
2020-11-28 17:00:00-03:00,0.17,0.024,0.17,6.909
2020-11-28 18:00:00-03:00,0.164,0.037,0.151,6.849
2020-11-28 19:00:00-03:00,0.10300000000000001,0.027,0.096,6.184
2020-11-28 20:00:00-03:00,0.053,0.022,0.049,5.312
2020-11-28 21:00:00-03:00,0.015,0.018000000000000002,0.01,4.417
2020-11-28 22:00:00-03:00,0.0,0.0,0.0,3.819
2020-11-28 23:00:00-03:00,0.0,0.0,0.0,3.517
2020-11-29 00:00:00-03:00,0.0,0.0,0.0,3.356
2020-11-29 01:00:00-03:00,0.0,0.0,0.0,3.227
2020-11-29 02:00:00-03:00,0.0,0.0,0.0,3.055
2020-11-29 03:00:00-03:00,0.0,0.0,0.0,3.039
2020-11-29 04:00:00-03:00,0.0,0.0,0.0,3.144
2020-11-29 05:00:00-03:00,0.0,0.001,0.001,3.338
2020-11-29 06:00:00-03:00,0.04,0.024,0.032,3.705
2020-11-29 07:00:00-03:00,0.157,0.084,0.096,4.538
2020-11-29 08:00:00-03:00,0.275,0.145,0.159,5.717
2020-11-29 09:00:00-03:00,0.47800000000000004,0.326,0.21,7.247
2020-11-29 10:00:00-03:00,0.545,0.367,0.254,8.618
2020-11-29 11:00:00-03:00,0.629,0.453,0.281,9.725
2020-11-29 12:00:00-03:00,0.7010000000000001,0.542,0.294,10.835
2020-11-29 13:00:00-03:00,0.707,0.511,0.338,11.691
2020-11-29 14:00:00-03:00,0.56,0.289,0.362,11.891
2020-11-29 15:00:00-03:00,0.494,0.242,0.327,11.9
2020-11-29 16:00:00-03:00,0.653,0.52,0.257,12.343
2020-11-29 17:00:00-03:00,0.597,0.47600000000000003,0.224,12.132
2020-11-29 18:00:00-03:00,0.157,0.038,0.145,10.62
2020-11-29 19:00:00-03:00,0.152,0.063,0.115,9.512
2020-11-29 20:00:00-03:00,0.064,0.031,0.052000000000000005,8.337
2020-11-29 21:00:00-03:00,0.007,0.009000000000000001,0.009000000000000001,7.26
2020-11-29 22:00:00-03:00,0.0,0.0,0.0,6.593
2020-11-29 23:00:00-03:00,0.0,0.0,0.0,6.157
2020-11-30 00:00:00-03:00,0.0,0.0,0.0,5.814
2020-11-30 01:00:00-03:00,0.0,0.0,0.0,5.631
2020-11-30 02:00:00-03:00,0.0,0.0,0.0,5.5440000000000005
2020-11-30 03:00:00-03:00,0.0,0.0,0.0,5.298
2020-11-30 04:00:00-03:00,0.0,0.0,0.0,5.085
2020-11-30 05:00:00-03:00,0.0,0.002,0.001,4.978
2020-11-30 06:00:00-03:00,0.066,0.045,0.039,5.271
2020-11-30 07:00:00-03:00,0.185,0.108,0.101,6.27
2020-11-30 08:00:00-03:00,0.268,0.138,0.161,7.464
2020-11-30 09:00:00-03:00,0.41300000000000003,0.244,0.219,8.738
2020-11-30 10:00:00-03:00,0.5630000000000001,0.395,0.254,10.048
2020-11-30 11:00:00-03:00,0.659,0.504,0.275,11.197
2020-11-30 12:00:00-03:00,0.722,0.586,0.28600000000000003,12.08
2020-11-30 13:00:00-03:00,0.625,0.328,0.41000000000000003,12.154
2020-11-30 14:00:00-03:00,0.432,0.128,0.365,11.739
2020-11-30 15:00:00-03:00,0.619,0.421,0.31,12.317
2020-11-30 16:00:00-03:00,0.549,0.353,0.28500000000000003,12.128
2020-11-30 17:00:00-03:00,0.313,0.117,0.23700000000000002,11.124
2020-11-30 18:00:00-03:00,0.189,0.055,0.162,10.088
2020-11-30 19:00:00-03:00,0.105,0.03,0.097,9.133
2020-11-30 20:00:00-03:00,0.029,0.01,0.036000000000000004,8.068
2020-11-30 21:00:00-03:00,0.002,0.004,0.006,6.946
2020-11-30 22:00:00-03:00,0.0,0.0,0.0,5.986
2020-11-30 23:00:00-03:00,0.0,0.0,0.0,5.429
2020-12-01 00:00:00-03:00,0.0,0.0,0.0,5.032
2020-12-01 01:00:00-03:00,0.0,0.0,0.0,4.501
2020-12-01 02:00:00-03:00,0.0,0.0,0.0,4.035
2020-12-01 03:00:00-03:00,0.0,0.0,0.0,3.707
2020-12-01 04:00:00-03:00,0.0,0.0,0.0,3.559
2020-12-01 05:00:00-03:00,0.0,0.002,0.002,3.339
2020-12-01 06:00:00-03:00,0.075,0.052000000000000005,0.041,3.518
2020-12-01 07:00:00-03:00,0.188,0.108,0.10300000000000001,4.338
2020-12-01 08:00:00-03:00,0.339,0.20600000000000002,0.167,5.186
2020-12-01 09:00:00-03:00,0.323,0.139,0.218,5.75
2020-12-01 10:00:00-03:00,0.335,0.11,0.26,6.359
2020-12-01 11:00:00-03:00,0.363,0.10200000000000001,0.301,6.975
2020-12-01 12:00:00-03:00,0.428,0.123,0.356,7.623
2020-12-01 13:00:00-03:00,0.533,0.164,0.442,8.276
2020-12-01 14:00:00-03:00,0.46900000000000003,0.152,0.376,8.342
2020-12-01 15:00:00-03:00,0.47600000000000003,0.201,0.336,8.306
2020-12-01 16:00:00-03:00,0.47700000000000004,0.24,0.297,8.22
2020-12-01 17:00:00-03:00,0.387,0.182,0.25,7.859
2020-12-01 18:00:00-03:00,0.352,0.193,0.197,7.239
2020-12-01 19:00:00-03:00,0.322,0.217,0.139,6.123
2020-12-01 20:00:00-03:00,0.129,0.081,0.07,4.742
2020-12-01 21:00:00-03:00,0.038,0.04,0.014,3.471
2020-12-01 22:00:00-03:00,0.0,0.0,0.0,2.572
2020-12-01 23:00:00-03:00,0.0,0.0,0.0,1.998
2020-12-02 00:00:00-03:00,0.0,0.0,0.0,1.908
2020-12-02 01:00:00-03:00,0.0,0.0,0.0,1.945
2020-12-02 02:00:00-03:00,0.0,0.0,0.0,1.737
2020-12-02 03:00:00-03:00,0.0,0.0,0.0,1.444
2020-12-02 04:00:00-03:00,0.0,0.0,0.0,1.283
2020-12-02 05:00:00-03:00,0.0,0.002,0.002,1.34
2020-12-02 06:00:00-03:00,0.036000000000000004,0.018000000000000002,0.033,1.8519999999999999
2020-12-02 07:00:00-03:00,0.116,0.045,0.09,2.785
2020-12-02 08:00:00-03:00,0.30000000000000004,0.16,0.169,4.185
2020-12-02 09:00:00-03:00,0.365,0.176,0.226,5.511
2020-12-02 10:00:00-03:00,0.399,0.166,0.276,6.456
2020-12-02 11:00:00-03:00,0.464,0.197,0.324,7.49
2020-12-02 12:00:00-03:00,0.41300000000000003,0.105,0.357,8.142
2020-12-02 13:00:00-03:00,0.453,0.085,0.425,8.661
2020-12-02 14:00:00-03:00,0.448,0.127,0.379,9.167
2020-12-02 15:00:00-03:00,0.395,0.115,0.328,9.021
2020-12-02 16:00:00-03:00,0.294,0.065,0.263,8.249
2020-12-02 17:00:00-03:00,0.209,0.039,0.197,7.296
2020-12-02 18:00:00-03:00,0.219,0.069,0.177,6.712
2020-12-02 19:00:00-03:00,0.213,0.105,0.134,6.147
2020-12-02 20:00:00-03:00,0.108,0.06,0.068,5.289
2020-12-02 21:00:00-03:00,0.018000000000000002,0.019,0.012,4.169
2020-12-02 22:00:00-03:00,0.0,0.0,0.0,3.505
2020-12-02 23:00:00-03:00,0.0,0.0,0.0,3.056
2020-12-03 00:00:00-03:00,0.0,0.0,0.0,2.61
2020-12-03 01:00:00-03:00,0.0,0.0,0.0,2.076
2020-12-03 02:00:00-03:00,0.0,0.0,0.0,1.5859999999999999
2020-12-03 03:00:00-03:00,0.0,0.0,0.0,1.189
2020-12-03 04:00:00-03:00,0.0,0.0,0.0,0.914
2020-12-03 05:00:00-03:00,0.0,0.003,0.002,0.769
2020-12-03 06:00:00-03:00,0.064,0.04,0.041,1.093
2020-12-03 07:00:00-03:00,0.17300000000000001,0.09,0.10300000000000001,2.145
2020-12-03 08:00:00-03:00,0.279,0.139,0.166,3.431
2020-12-03 09:00:00-03:00,0.368,0.179,0.225,4.716
2020-12-03 10:00:00-03:00,0.456,0.231,0.277,6.049
2020-12-03 11:00:00-03:00,0.481,0.218,0.322,7.136
2020-12-03 12:00:00-03:00,0.47200000000000003,0.162,0.368,7.856
2020-12-03 13:00:00-03:00,0.543,0.17300000000000001,0.446,8.581
2020-12-03 14:00:00-03:00,0.423,0.106,0.369,8.89
2020-12-03 15:00:00-03:00,0.342,0.077,0.307,8.978
2020-12-03 16:00:00-03:00,0.365,0.121,0.289,9.284
2020-12-03 17:00:00-03:00,0.324,0.11900000000000001,0.244,9.315
2020-12-03 18:00:00-03:00,0.273,0.116,0.192,8.895
2020-12-03 19:00:00-03:00,0.181,0.08,0.128,8.039
2020-12-03 20:00:00-03:00,0.109,0.062,0.068,7.156
2020-12-03 21:00:00-03:00,0.028,0.031,0.013000000000000001,6.129
2020-12-03 22:00:00-03:00,0.0,0.0,0.0,5.341
2020-12-03 23:00:00-03:00,0.0,0.0,0.0,4.969
2020-12-04 00:00:00-03:00,0.0,0.0,0.0,4.689
2020-12-04 01:00:00-03:00,0.0,0.0,0.0,4.547
2020-12-04 02:00:00-03:00,0.0,0.0,0.0,4.489
2020-12-04 03:00:00-03:00,0.0,0.0,0.0,4.417
2020-12-04 04:00:00-03:00,0.0,0.0,0.0,4.33
2020-12-04 05:00:00-03:00,0.0,0.001,0.001,4.2620000000000005
2020-12-04 06:00:00-03:00,0.014,0.006,0.02,4.429
2020-12-04 07:00:00-03:00,0.07200000000000001,0.022,0.069,5.017
2020-12-04 08:00:00-03:00,0.341,0.217,0.16,6.279
2020-12-04 09:00:00-03:00,0.582,0.47600000000000003,0.189,8.033
2020-12-04 10:00:00-03:00,0.644,0.528,0.224,9.667
2020-12-04 11:00:00-03:00,0.719,0.622,0.24,11.182
2020-12-04 12:00:00-03:00,0.776,0.713,0.23900000000000002,12.431
2020-12-04 13:00:00-03:00,0.8,0.781,0.213,13.408
2020-12-04 14:00:00-03:00,0.801,0.766,0.232,13.885
2020-12-04 15:00:00-03:00,0.803,0.78,0.223,14.116
2020-12-04 16:00:00-03:00,0.787,0.775,0.20400000000000001,14.139
2020-12-04 17:00:00-03:00,0.744,0.731,0.181,13.876
2020-12-04 18:00:00-03:00,0.636,0.598,0.159,13.279
2020-12-04 19:00:00-03:00,0.423,0.354,0.131,12.286
2020-12-04 20:00:00-03:00,0.139,0.095,0.07,10.943
2020-12-04 21:00:00-03:00,0.023,0.024,0.014,9.491
2020-12-04 22:00:00-03:00,0.0,0.0,0.0,8.546
2020-12-04 23:00:00-03:00,0.0,0.0,0.0,7.984
2020-12-05 00:00:00-03:00,0.0,0.0,0.0,7.525
2020-12-05 01:00:00-03:00,0.0,0.0,0.0,7.344
2020-12-05 02:00:00-03:00,0.0,0.0,0.0,7.302
2020-12-05 03:00:00-03:00,0.0,0.0,0.0,7.32
2020-12-05 04:00:00-03:00,0.0,0.0,0.0,7.37
2020-12-05 05:00:00-03:00,0.0,0.0,0.001,7.441
2020-12-05 06:00:00-03:00,0.004,0.001,0.011,7.57
2020-12-05 07:00:00-03:00,0.03,0.004,0.042,7.955
2020-12-05 08:00:00-03:00,0.082,0.01,0.092,8.72
2020-12-05 09:00:00-03:00,0.13,0.015,0.139,9.689
2020-12-05 10:00:00-03:00,0.189,0.023,0.195,10.83
2020-12-05 11:00:00-03:00,0.295,0.054,0.28300000000000003,12.325
2020-12-05 12:00:00-03:00,0.49,0.186,0.385,14.137
2020-12-05 13:00:00-03:00,0.561,0.203,0.462,15.227
2020-12-05 14:00:00-03:00,0.393,0.083,0.372,15.134
2020-12-05 15:00:00-03:00,0.296,0.049,0.292,14.811
2020-12-05 16:00:00-03:00,0.405,0.161,0.309,15.514
2020-12-05 17:00:00-03:00,0.484,0.307,0.261,16.023
2020-12-05 18:00:00-03:00,0.313,0.155,0.20600000000000002,15.285
2020-12-05 19:00:00-03:00,0.294,0.19,0.148,14.37
2020-12-05 20:00:00-03:00,0.098,0.052000000000000005,0.07,13.244
2020-12-05 21:00:00-03:00,0.018000000000000002,0.019,0.014,12.009
2020-12-05 22:00:00-03:00,0.0,0.0,0.0,11.318
2020-12-05 23:00:00-03:00,0.0,0.0,0.0,11.149
2020-12-06 00:00:00-03:00,0.0,0.0,0.0,10.956
2020-12-06 01:00:00-03:00,0.0,0.0,0.0,10.724
2020-12-06 02:00:00-03:00,0.0,0.0,0.0,10.533
2020-12-06 03:00:00-03:00,0.0,0.0,0.0,10.356
2020-12-06 04:00:00-03:00,0.0,0.0,0.0,10.156
2020-12-06 05:00:00-03:00,0.001,0.005,0.003,10.031
2020-12-06 06:00:00-03:00,0.061,0.037,0.044,10.36
2020-12-06 07:00:00-03:00,0.121,0.048,0.098,11.225
2020-12-06 08:00:00-03:00,0.154,0.04,0.14200000000000002,12.224
2020-12-06 09:00:00-03:00,0.184,0.034,0.181,13.145
2020-12-06 10:00:00-03:00,0.20500000000000002,0.029,0.21,13.839
2020-12-06 11:00:00-03:00,0.28300000000000003,0.047,0.278,14.68
2020-12-06 12:00:00-03:00,0.34900000000000003,0.062,0.342,15.637
2020-12-06 13:00:00-03:00,0.367,0.041,0.384,15.939
2020-12-06 14:00:00-03:00,0.242,0.019,0.263,15.433
2020-12-06 15:00:00-03:00,0.309,0.055,0.303,15.917
2020-12-06 16:00:00-03:00,0.297,0.068,0.278,16.548000000000002
2020-12-06 17:00:00-03:00,0.222,0.045,0.215,16.562
2020-12-06 18:00:00-03:00,0.18,0.044,0.169,16.134
2020-12-06 19:00:00-03:00,0.133,0.042,0.11900000000000001,15.371
2020-12-06 20:00:00-03:00,0.06,0.023,0.058,14.379
2020-12-06 21:00:00-03:00,0.01,0.01,0.011,13.331
2020-12-06 22:00:00-03:00,0.0,0.0,0.0,12.586
2020-12-06 23:00:00-03:00,0.0,0.0,0.0,12.07
2020-12-07 00:00:00-03:00,0.0,0.0,0.0,11.73
2020-12-07 01:00:00-03:00,0.0,0.0,0.0,11.581
2020-12-07 02:00:00-03:00,0.0,0.0,0.0,11.378
2020-12-07 03:00:00-03:00,0.0,0.0,0.0,11.138
2020-12-07 04:00:00-03:00,0.0,0.0,0.0,10.822
2020-12-07 05:00:00-03:00,0.0,0.001,0.002,10.492
2020-12-07 06:00:00-03:00,0.018000000000000002,0.006,0.025,10.569
2020-12-07 07:00:00-03:00,0.051000000000000004,0.009000000000000001,0.061,11.069
2020-12-07 08:00:00-03:00,0.135,0.029,0.133,12.102
2020-12-07 09:00:00-03:00,0.191,0.036000000000000004,0.187,13.321
2020-12-07 10:00:00-03:00,0.331,0.10200000000000001,0.279,14.85
2020-12-07 11:00:00-03:00,0.5740000000000001,0.359,0.328,16.799
2020-12-07 12:00:00-03:00,0.6000000000000001,0.355,0.374,18.166
2020-12-07 13:00:00-03:00,0.358,0.038,0.381,17.956
2020-12-07 14:00:00-03:00,0.158,0.007,0.183,17.177
2020-12-07 15:00:00-03:00,0.125,0.006,0.148,16.699
2020-12-07 16:00:00-03:00,0.132,0.008,0.153,16.611
2020-12-07 17:00:00-03:00,0.17200000000000001,0.023,0.182,16.927
2020-12-07 18:00:00-03:00,0.193,0.051000000000000004,0.178,17.087
2020-12-07 19:00:00-03:00,0.107,0.027,0.107,16.68
2020-12-07 20:00:00-03:00,0.063,0.025,0.06,15.908
2020-12-07 21:00:00-03:00,0.016,0.016,0.014,13.943
2020-12-07 22:00:00-03:00,0.0,0.0,0.0,12.898
2020-12-07 23:00:00-03:00,0.0,0.0,0.0,12.658
2020-12-08 00:00:00-03:00,0.0,0.0,0.0,12.229
2020-12-08 01:00:00-03:00,0.0,0.0,0.0,11.656
2020-12-08 02:00:00-03:00,0.0,0.0,0.0,11.103
2020-12-08 03:00:00-03:00,0.0,0.0,0.0,10.578
2020-12-08 04:00:00-03:00,0.0,0.0,0.0,10.147
2020-12-08 05:00:00-03:00,0.0,0.001,0.001,9.901
2020-12-08 06:00:00-03:00,0.008,0.002,0.017,10.014
2020-12-08 07:00:00-03:00,0.03,0.004,0.042,10.322
2020-12-08 08:00:00-03:00,0.053,0.004,0.068,10.818
2020-12-08 09:00:00-03:00,0.07,0.004,0.08700000000000001,11.31
2020-12-08 10:00:00-03:00,0.096,0.005,0.114,11.803
2020-12-08 11:00:00-03:00,0.094,0.003,0.114,12.0
2020-12-08 12:00:00-03:00,0.111,0.003,0.133,12.062
2020-12-08 13:00:00-03:00,0.21,0.007,0.23500000000000001,12.356
2020-12-08 14:00:00-03:00,0.31,0.031,0.323,13.169
2020-12-08 15:00:00-03:00,0.429,0.132,0.364,14.319
2020-12-08 16:00:00-03:00,0.313,0.069,0.291,14.472
2020-12-08 17:00:00-03:00,0.274,0.069,0.247,14.467
2020-12-08 18:00:00-03:00,0.27,0.10300000000000001,0.20800000000000002,14.316
2020-12-08 19:00:00-03:00,0.113,0.027,0.112,13.366
2020-12-08 20:00:00-03:00,0.065,0.024,0.062,12.065
2020-12-08 21:00:00-03:00,0.014,0.015,0.012,10.444
2020-12-08 22:00:00-03:00,0.0,0.0,0.0,9.002
2020-12-08 23:00:00-03:00,0.0,0.0,0.0,7.818
2020-12-09 00:00:00-03:00,0.0,0.0,0.0,6.902
2020-12-09 01:00:00-03:00,0.0,0.0,0.0,6.381
2020-12-09 02:00:00-03:00,0.0,0.0,0.0,6.141
2020-12-09 03:00:00-03:00,0.0,0.0,0.0,5.98
2020-12-09 04:00:00-03:00,0.0,0.0,0.0,5.821
2020-12-09 05:00:00-03:00,0.0,0.002,0.002,5.698
2020-12-09 06:00:00-03:00,0.034,0.016,0.035,5.918
2020-12-09 07:00:00-03:00,0.113,0.041,0.094,6.51
2020-12-09 08:00:00-03:00,0.246,0.106,0.169,7.51
2020-12-09 09:00:00-03:00,0.313,0.123,0.228,8.65
2020-12-09 10:00:00-03:00,0.337,0.106,0.273,9.562
2020-12-09 11:00:00-03:00,0.35100000000000003,0.08700000000000001,0.309,10.295
2020-12-09 12:00:00-03:00,0.375,0.076,0.34900000000000003,10.922
2020-12-09 13:00:00-03:00,0.419,0.065,0.41300000000000003,11.491
2020-12-09 14:00:00-03:00,0.358,0.058,0.34900000000000003,11.994
2020-12-09 15:00:00-03:00,0.318,0.058,0.303,12.419
2020-12-09 16:00:00-03:00,0.289,0.061,0.269,12.712
2020-12-09 17:00:00-03:00,0.263,0.069,0.233,12.857
2020-12-09 18:00:00-03:00,0.268,0.109,0.199,12.912
2020-12-09 19:00:00-03:00,0.309,0.20400000000000001,0.149,12.792
2020-12-09 20:00:00-03:00,0.179,0.125,0.083,12.106
2020-12-09 21:00:00-03:00,0.041,0.04,0.019,10.676
2020-12-09 22:00:00-03:00,0.0,0.0,0.0,9.293
2020-12-09 23:00:00-03:00,0.0,0.0,0.0,8.553
2020-12-10 00:00:00-03:00,0.0,0.0,0.0,8.397
2020-12-10 01:00:00-03:00,0.0,0.0,0.0,7.807
2020-12-10 02:00:00-03:00,0.0,0.0,0.0,7.26
2020-12-10 03:00:00-03:00,0.0,0.0,0.0,6.994
2020-12-10 04:00:00-03:00,0.0,0.0,0.0,6.789
2020-12-10 05:00:00-03:00,0.0,0.003,0.003,6.725
2020-12-10 06:00:00-03:00,0.045,0.022,0.041,7.765
2020-12-10 07:00:00-03:00,0.107,0.035,0.095,8.873
2020-12-10 08:00:00-03:00,0.185,0.054,0.159,10.488
2020-12-10 09:00:00-03:00,0.224,0.051000000000000004,0.20700000000000002,12.084
2020-12-10 10:00:00-03:00,0.223,0.032,0.225,13.201
2020-12-10 11:00:00-03:00,0.211,0.019,0.226,13.56
2020-12-10 12:00:00-03:00,0.194,0.01,0.216,13.503
2020-12-10 13:00:00-03:00,0.202,0.007,0.227,13.263
2020-12-10 14:00:00-03:00,0.154,0.006,0.177,12.948
2020-12-10 15:00:00-03:00,0.136,0.006,0.157,12.706
2020-12-10 16:00:00-03:00,0.131,0.007,0.15,12.608
2020-12-10 17:00:00-03:00,0.14400000000000002,0.013000000000000001,0.158,12.666
2020-12-10 18:00:00-03:00,0.132,0.019,0.14,12.539
2020-12-10 19:00:00-03:00,0.124,0.033,0.117,12.195
2020-12-10 20:00:00-03:00,0.084,0.036000000000000004,0.07,11.332
2020-12-10 21:00:00-03:00,0.043000000000000003,0.041,0.019,9.216
2020-12-10 22:00:00-03:00,0.0,0.0,0.0,7.334
2020-12-10 23:00:00-03:00,0.0,0.0,0.0,6.432
2020-12-11 00:00:00-03:00,0.0,0.0,0.0,5.683
2020-12-11 01:00:00-03:00,0.0,0.0,0.0,5.085
2020-12-11 02:00:00-03:00,0.0,0.0,0.0,4.674
2020-12-11 03:00:00-03:00,0.0,0.0,0.0,4.347
2020-12-11 04:00:00-03:00,0.0,0.0,0.0,4.338
2020-12-11 05:00:00-03:00,0.0,0.002,0.002,4.727
2020-12-11 06:00:00-03:00,0.017,0.006,0.025,5.3870000000000005
2020-12-11 07:00:00-03:00,0.069,0.015,0.073,6.247
2020-12-11 08:00:00-03:00,0.20500000000000002,0.068,0.164,7.832
2020-12-11 09:00:00-03:00,0.312,0.116,0.234,9.637
2020-12-11 10:00:00-03:00,0.339,0.10200000000000001,0.281,10.827
2020-12-11 11:00:00-03:00,0.269,0.037,0.268,11.113
2020-12-11 12:00:00-03:00,0.23800000000000002,0.018000000000000002,0.254,11.088
2020-12-11 13:00:00-03:00,0.297,0.019,0.318,11.37
2020-12-11 14:00:00-03:00,0.342,0.045,0.34400000000000003,12.181
2020-12-11 15:00:00-03:00,0.38,0.093,0.342,12.914
2020-12-11 16:00:00-03:00,0.366,0.111,0.308,12.909
2020-12-11 17:00:00-03:00,0.146,0.014,0.158,11.37
2020-12-11 18:00:00-03:00,0.106,0.012,0.117,10.101
2020-12-11 19:00:00-03:00,0.08600000000000001,0.015,0.092,9.154
2020-12-11 20:00:00-03:00,0.064,0.023,0.06,7.832
2020-12-11 21:00:00-03:00,0.038,0.037,0.018000000000000002,6.039
2020-12-11 22:00:00-03:00,0.0,0.0,0.0,4.479
2020-12-11 23:00:00-03:00,0.0,0.0,0.0,3.724
2020-12-12 00:00:00-03:00,0.0,0.0,0.0,3.394
2020-12-12 01:00:00-03:00,0.0,0.0,0.0,3.061
2020-12-12 02:00:00-03:00,0.0,0.0,0.0,2.972
2020-12-12 03:00:00-03:00,0.0,0.0,0.0,3.2720000000000002
2020-12-12 04:00:00-03:00,0.0,0.0,0.0,3.549
2020-12-12 05:00:00-03:00,0.003,0.007,0.003,3.652
2020-12-12 06:00:00-03:00,0.09,0.062,0.048,4.138
2020-12-12 07:00:00-03:00,0.218,0.134,0.109,5.127
2020-12-12 08:00:00-03:00,0.431,0.314,0.165,6.286
2020-12-12 09:00:00-03:00,0.526,0.384,0.211,7.409
2020-12-12 10:00:00-03:00,0.588,0.423,0.252,8.478
2020-12-12 11:00:00-03:00,0.656,0.489,0.279,9.532
2020-12-12 12:00:00-03:00,0.67,0.47500000000000003,0.315,10.189
2020-12-12 13:00:00-03:00,0.706,0.501,0.341,10.751
2020-12-12 14:00:00-03:00,0.734,0.589,0.294,11.219
2020-12-12 15:00:00-03:00,0.7030000000000001,0.56,0.281,11.248
2020-12-12 16:00:00-03:00,0.604,0.43,0.275,10.894
2020-12-12 17:00:00-03:00,0.527,0.363,0.242,10.467
2020-12-12 18:00:00-03:00,0.305,0.147,0.196,9.391
2020-12-12 19:00:00-03:00,0.08700000000000001,0.019,0.089,7.776
2020-12-12 20:00:00-03:00,0.026000000000000002,0.007,0.034,6.523
2020-12-12 21:00:00-03:00,0.002,0.003,0.007,5.602
2020-12-12 22:00:00-03:00,0.0,0.0,0.0,4.938
2020-12-12 23:00:00-03:00,0.0,0.0,0.0,4.372
2020-12-13 00:00:00-03:00,0.0,0.0,0.0,4.044
2020-12-13 01:00:00-03:00,0.0,0.0,0.0,4.08
2020-12-13 02:00:00-03:00,0.0,0.0,0.0,4.057
2020-12-13 03:00:00-03:00,0.0,0.0,0.0,3.96
2020-12-13 04:00:00-03:00,0.0,0.0,0.0,3.882
2020-12-13 05:00:00-03:00,0.0,0.002,0.002,3.747
2020-12-13 06:00:00-03:00,0.042,0.019,0.039,3.846
2020-12-13 07:00:00-03:00,0.137,0.054,0.10400000000000001,4.516
2020-12-13 08:00:00-03:00,0.31,0.159,0.183,5.6530000000000005
2020-12-13 09:00:00-03:00,0.37,0.169,0.242,6.864
2020-12-13 10:00:00-03:00,0.335,0.095,0.279,7.769
2020-12-13 11:00:00-03:00,0.32,0.059000000000000004,0.298,8.254
2020-12-13 12:00:00-03:00,0.273,0.025,0.28,8.172
2020-12-13 13:00:00-03:00,0.352,0.031,0.362,8.295
2020-12-13 14:00:00-03:00,0.362,0.05,0.355,8.654
2020-12-13 15:00:00-03:00,0.361,0.074,0.331,8.947
2020-12-13 16:00:00-03:00,0.28400000000000003,0.05,0.268,8.716
2020-12-13 17:00:00-03:00,0.193,0.027,0.193,8.115
2020-12-13 18:00:00-03:00,0.11800000000000001,0.014,0.126,7.373
2020-12-13 19:00:00-03:00,0.055,0.007,0.067,6.514
2020-12-13 20:00:00-03:00,0.026000000000000002,0.005,0.035,5.686
2020-12-13 21:00:00-03:00,0.006,0.007,0.009000000000000001,4.92
2020-12-13 22:00:00-03:00,0.0,0.0,0.0,4.291
2020-12-13 23:00:00-03:00,0.0,0.0,0.0,3.7039999999999997
2020-12-14 00:00:00-03:00,0.0,0.0,0.0,3.266
2020-12-14 01:00:00-03:00,0.0,0.0,0.0,3.022
2020-12-14 02:00:00-03:00,0.0,0.0,0.0,2.642
2020-12-14 03:00:00-03:00,0.0,0.0,0.0,2.228
2020-12-14 04:00:00-03:00,0.0,0.0,0.0,1.881
2020-12-14 05:00:00-03:00,0.002,0.006,0.003,1.526
2020-12-14 06:00:00-03:00,0.108,0.075,0.051000000000000004,1.576
2020-12-14 07:00:00-03:00,0.271,0.181,0.115,2.284
2020-12-14 08:00:00-03:00,0.372,0.232,0.17400000000000002,3.209
2020-12-14 09:00:00-03:00,0.43,0.243,0.23,4.16
2020-12-14 10:00:00-03:00,0.47500000000000003,0.246,0.28,5.0
2020-12-14 11:00:00-03:00,0.527,0.268,0.324,5.824
2020-12-14 12:00:00-03:00,0.54,0.23700000000000002,0.372,6.65
2020-12-14 13:00:00-03:00,0.618,0.28,0.43,7.442
2020-12-14 14:00:00-03:00,0.624,0.343,0.376,7.889
2020-12-14 15:00:00-03:00,0.602,0.359,0.332,7.756
2020-12-14 16:00:00-03:00,0.501,0.26,0.304,7.274
2020-12-14 17:00:00-03:00,0.42,0.209,0.259,6.864
2020-12-14 18:00:00-03:00,0.298,0.13,0.199,6.19
2020-12-14 19:00:00-03:00,0.16,0.058,0.125,5.23
2020-12-14 20:00:00-03:00,0.09,0.042,0.068,4.413
2020-12-14 21:00:00-03:00,0.012,0.01,0.014,3.561
2020-12-14 22:00:00-03:00,0.0,0.0,0.0,2.935
2020-12-14 23:00:00-03:00,0.0,0.0,0.0,2.669
2020-12-15 00:00:00-03:00,0.0,0.0,0.0,2.767
2020-12-15 01:00:00-03:00,0.0,0.0,0.0,2.995
2020-12-15 02:00:00-03:00,0.0,0.0,0.0,3.187
2020-12-15 03:00:00-03:00,0.0,0.0,0.0,3.393
2020-12-15 04:00:00-03:00,0.0,0.0,0.0,3.6109999999999998
2020-12-15 05:00:00-03:00,0.0,0.002,0.003,3.801
2020-12-15 06:00:00-03:00,0.029,0.012,0.032,4.26
2020-12-15 07:00:00-03:00,0.047,0.008,0.056,4.852
2020-12-15 08:00:00-03:00,0.117,0.021,0.117,5.747
2020-12-15 09:00:00-03:00,0.256,0.073,0.212,7.084
2020-12-15 10:00:00-03:00,0.338,0.10300000000000001,0.273,7.872
2020-12-15 11:00:00-03:00,0.355,0.08700000000000001,0.31,8.408
2020-12-15 12:00:00-03:00,0.5720000000000001,0.28200000000000003,0.377,9.664
2020-12-15 13:00:00-03:00,0.5670000000000001,0.199,0.456,10.141
2020-12-15 14:00:00-03:00,0.511,0.178,0.40700000000000003,10.452
2020-12-15 15:00:00-03:00,0.435,0.14300000000000002,0.35100000000000003,10.459
2020-12-15 16:00:00-03:00,0.41200000000000003,0.157,0.31,10.426
2020-12-15 17:00:00-03:00,0.495,0.305,0.262,10.459
2020-12-15 18:00:00-03:00,0.449,0.301,0.20800000000000002,9.977
2020-12-15 19:00:00-03:00,0.32,0.20800000000000002,0.151,8.991
2020-12-15 20:00:00-03:00,0.145,0.08700000000000001,0.082,7.716
2020-12-15 21:00:00-03:00,0.008,0.007,0.012,6.605
2020-12-15 22:00:00-03:00,0.0,0.0,0.0,5.964
2020-12-15 23:00:00-03:00,0.0,0.0,0.0,5.636
2020-12-16 00:00:00-03:00,0.0,0.0,0.0,5.406
2020-12-16 01:00:00-03:00,0.0,0.0,0.0,5.229
2020-12-16 02:00:00-03:00,0.0,0.0,0.0,5.121
2020-12-16 03:00:00-03:00,0.0,0.0,0.0,5.032
2020-12-16 04:00:00-03:00,0.0,0.0,0.0,4.984
2020-12-16 05:00:00-03:00,0.0,0.002,0.002,5.006
2020-12-16 06:00:00-03:00,0.026000000000000002,0.01,0.031,5.412
2020-12-16 07:00:00-03:00,0.062,0.013000000000000001,0.068,6.23
2020-12-16 08:00:00-03:00,0.177,0.051000000000000004,0.151,7.374
2020-12-16 09:00:00-03:00,0.261,0.077,0.215,8.418
2020-12-16 10:00:00-03:00,0.406,0.169,0.28800000000000003,9.548
2020-12-16 11:00:00-03:00,0.37,0.099,0.318,10.196
2020-12-16 12:00:00-03:00,0.314,0.042,0.311,10.107
2020-12-16 13:00:00-03:00,0.365,0.039,0.372,10.09
2020-12-16 14:00:00-03:00,0.373,0.061,0.361,10.538
2020-12-16 15:00:00-03:00,0.494,0.209,0.359,11.452
2020-12-16 16:00:00-03:00,0.5680000000000001,0.357,0.304,11.629
2020-12-16 17:00:00-03:00,0.47900000000000004,0.28300000000000003,0.265,11.154
2020-12-16 18:00:00-03:00,0.516,0.391,0.201,10.571
2020-12-16 19:00:00-03:00,0.454,0.368,0.146,9.471
2020-12-16 20:00:00-03:00,0.114,0.059000000000000004,0.077,7.96
2020-12-16 21:00:00-03:00,0.023,0.021,0.017,6.7010000000000005
2020-12-16 22:00:00-03:00,0.0,0.0,0.0,5.807
2020-12-16 23:00:00-03:00,0.0,0.0,0.0,5.174
2020-12-17 00:00:00-03:00,0.0,0.0,0.0,4.559
2020-12-17 01:00:00-03:00,0.0,0.0,0.0,4.045
2020-12-17 02:00:00-03:00,0.0,0.0,0.0,3.654
2020-12-17 03:00:00-03:00,0.0,0.0,0.0,3.289
2020-12-17 04:00:00-03:00,0.0,0.0,0.0,3.027
2020-12-17 05:00:00-03:00,0.002,0.006,0.004,2.927
2020-12-17 06:00:00-03:00,0.07100000000000001,0.044,0.045,3.349
2020-12-17 07:00:00-03:00,0.221,0.134,0.111,4.375
2020-12-17 08:00:00-03:00,0.47500000000000003,0.367,0.162,5.825
2020-12-17 09:00:00-03:00,0.606,0.496,0.198,7.366
2020-12-17 10:00:00-03:00,0.6890000000000001,0.584,0.226,8.827
2020-12-17 11:00:00-03:00,0.771,0.6980000000000001,0.234,10.24
2020-12-17 12:00:00-03:00,0.786,0.712,0.249,11.241
2020-12-17 13:00:00-03:00,0.795,0.736,0.242,11.925
2020-12-17 14:00:00-03:00,0.772,0.681,0.265,12.435
2020-12-17 15:00:00-03:00,0.663,0.494,0.296,12.488
2020-12-17 16:00:00-03:00,0.6950000000000001,0.589,0.246,12.616
2020-12-17 17:00:00-03:00,0.675,0.6000000000000001,0.20800000000000002,12.43
2020-12-17 18:00:00-03:00,0.352,0.199,0.2,11.514
2020-12-17 19:00:00-03:00,0.093,0.022,0.093,10.067
2020-12-17 20:00:00-03:00,0.023,0.006,0.033,8.681000000000001
2020-12-17 21:00:00-03:00,0.002,0.003,0.008,7.529
2020-12-17 22:00:00-03:00,0.0,0.0,0.0,6.698
2020-12-17 23:00:00-03:00,0.0,0.0,0.0,6.026
2020-12-18 00:00:00-03:00,0.0,0.0,0.0,5.491
2020-12-18 01:00:00-03:00,0.0,0.0,0.0,5.109
2020-12-18 02:00:00-03:00,0.0,0.0,0.0,4.837
2020-12-18 03:00:00-03:00,0.0,0.0,0.0,4.684
2020-12-18 04:00:00-03:00,0.0,0.0,0.0,4.6370000000000005
2020-12-18 05:00:00-03:00,0.0,0.001,0.002,4.647
2020-12-18 06:00:00-03:00,0.016,0.005,0.023,4.973
2020-12-18 07:00:00-03:00,0.05,0.009000000000000001,0.058,5.504
2020-12-18 08:00:00-03:00,0.132,0.028,0.127,6.334
2020-12-18 09:00:00-03:00,0.361,0.169,0.234,7.956
2020-12-18 10:00:00-03:00,0.6940000000000001,0.584,0.23800000000000002,9.987
2020-12-18 11:00:00-03:00,0.707,0.5710000000000001,0.276,11.482
2020-12-18 12:00:00-03:00,0.705,0.533,0.316,12.433
2020-12-18 13:00:00-03:00,0.667,0.395,0.402,12.822
2020-12-18 14:00:00-03:00,0.601,0.317,0.391,13.038
2020-12-18 15:00:00-03:00,0.509,0.23600000000000002,0.355,13.064
2020-12-18 16:00:00-03:00,0.47700000000000004,0.23900000000000002,0.312,12.992
2020-12-18 17:00:00-03:00,0.429,0.227,0.265,12.717
2020-12-18 18:00:00-03:00,0.28800000000000003,0.124,0.203,11.896
2020-12-18 19:00:00-03:00,0.115,0.03,0.109,10.555
2020-12-18 20:00:00-03:00,0.056,0.019,0.056,9.269
2020-12-18 21:00:00-03:00,0.011,0.009000000000000001,0.014,7.923
2020-12-18 22:00:00-03:00,0.0,0.0,0.0,6.793
2020-12-18 23:00:00-03:00,0.0,0.0,0.0,5.943
2020-12-19 00:00:00-03:00,0.0,0.0,0.0,5.407
2020-12-19 01:00:00-03:00,0.0,0.0,0.0,5.135
2020-12-19 02:00:00-03:00,0.0,0.0,0.0,4.867
2020-12-19 03:00:00-03:00,0.0,0.0,0.0,4.604
2020-12-19 04:00:00-03:00,0.0,0.0,0.0,4.354
2020-12-19 05:00:00-03:00,0.001,0.005,0.004,4.148
2020-12-19 06:00:00-03:00,0.065,0.038,0.046,4.54
2020-12-19 07:00:00-03:00,0.215,0.125,0.115,5.5
2020-12-19 08:00:00-03:00,0.279,0.136,0.17400000000000002,6.695
2020-12-19 09:00:00-03:00,0.483,0.315,0.23,8.451
2020-12-19 10:00:00-03:00,0.653,0.52,0.249,10.526
2020-12-19 11:00:00-03:00,0.671,0.513,0.28800000000000003,12.231
2020-12-19 12:00:00-03:00,0.56,0.28300000000000003,0.373,13.097
2020-12-19 13:00:00-03:00,0.592,0.259,0.441,13.749
2020-12-19 14:00:00-03:00,0.679,0.47500000000000003,0.34800000000000003,14.653
2020-12-19 15:00:00-03:00,0.548,0.298,0.34800000000000003,14.644
2020-12-19 16:00:00-03:00,0.293,0.065,0.271,13.398
2020-12-19 17:00:00-03:00,0.177,0.025,0.181,11.996
2020-12-19 18:00:00-03:00,0.162,0.033,0.156,11.35
2020-12-19 19:00:00-03:00,0.108,0.026000000000000002,0.105,10.815
2020-12-19 20:00:00-03:00,0.054,0.018000000000000002,0.055,9.977
2020-12-19 21:00:00-03:00,0.009000000000000001,0.008,0.012,8.84
2020-12-19 22:00:00-03:00,0.0,0.0,0.0,7.99
2020-12-19 23:00:00-03:00,0.0,0.0,0.0,7.526
2020-12-20 00:00:00-03:00,0.0,0.0,0.0,7.248
2020-12-20 01:00:00-03:00,0.0,0.0,0.0,7.042
2020-12-20 02:00:00-03:00,0.0,0.0,0.0,6.815
2020-12-20 03:00:00-03:00,0.0,0.0,0.0,6.73
2020-12-20 04:00:00-03:00,0.0,0.0,0.0,6.809
2020-12-20 05:00:00-03:00,0.002,0.006,0.004,6.995
2020-12-20 06:00:00-03:00,0.111,0.081,0.052000000000000005,7.808
2020-12-20 07:00:00-03:00,0.199,0.116,0.111,9.266
2020-12-20 08:00:00-03:00,0.28800000000000003,0.154,0.17200000000000001,10.902
2020-12-20 09:00:00-03:00,0.316,0.136,0.224,12.219
2020-12-20 10:00:00-03:00,0.446,0.23500000000000001,0.279,13.382
2020-12-20 11:00:00-03:00,0.667,0.53,0.277,14.837
2020-12-20 12:00:00-03:00,0.678,0.515,0.311,15.719
2020-12-20 13:00:00-03:00,0.598,0.294,0.421,15.469
2020-12-20 14:00:00-03:00,0.541,0.245,0.393,14.935
2020-12-20 15:00:00-03:00,0.514,0.257,0.343,14.351
2020-12-20 16:00:00-03:00,0.497,0.277,0.301,13.689
2020-12-20 17:00:00-03:00,0.44,0.249,0.257,12.883
2020-12-20 18:00:00-03:00,0.436,0.297,0.202,11.868
2020-12-20 19:00:00-03:00,0.396,0.304,0.14400000000000002,10.425
2020-12-20 20:00:00-03:00,0.34900000000000003,0.306,0.085,8.832
2020-12-20 21:00:00-03:00,0.098,0.094,0.025,7.125
2020-12-20 22:00:00-03:00,0.0,0.0,0.0,5.689
2020-12-20 23:00:00-03:00,0.0,0.0,0.0,4.858
2020-12-21 00:00:00-03:00,0.0,0.0,0.0,4.349
2020-12-21 01:00:00-03:00,0.0,0.0,0.0,4.065
2020-12-21 02:00:00-03:00,0.0,0.0,0.0,3.866
2020-12-21 03:00:00-03:00,0.0,0.0,0.0,3.7279999999999998
2020-12-21 04:00:00-03:00,0.0,0.0,0.0,3.625
2020-12-21 05:00:00-03:00,0.013000000000000001,0.021,0.005,3.5700000000000003
2020-12-21 06:00:00-03:00,0.191,0.16,0.054,4.216
2020-12-21 07:00:00-03:00,0.383,0.315,0.108,5.533
2020-12-21 08:00:00-03:00,0.493,0.397,0.156,6.871
2020-12-21 09:00:00-03:00,0.5690000000000001,0.45,0.2,8.163
2020-12-21 10:00:00-03:00,0.646,0.524,0.232,9.548
2020-12-21 11:00:00-03:00,0.6960000000000001,0.5730000000000001,0.256,10.828
2020-12-21 12:00:00-03:00,0.631,0.424,0.32,11.743
2020-12-21 13:00:00-03:00,0.592,0.292,0.403,12.369
2020-12-21 14:00:00-03:00,0.679,0.503,0.315,13.389
2020-12-21 15:00:00-03:00,0.628,0.449,0.299,13.754
2020-12-21 16:00:00-03:00,0.608,0.456,0.265,13.728
2020-12-21 17:00:00-03:00,0.6880000000000001,0.633,0.197,13.537
2020-12-21 18:00:00-03:00,0.59,0.524,0.17,12.856
2020-12-21 19:00:00-03:00,0.535,0.496,0.124,11.865
2020-12-21 20:00:00-03:00,0.303,0.259,0.083,10.457
2020-12-21 21:00:00-03:00,0.075,0.07100000000000001,0.025,8.62
2020-12-21 22:00:00-03:00,0.0,0.0,0.0,7.272
2020-12-21 23:00:00-03:00,0.0,0.0,0.0,6.605
2020-12-22 00:00:00-03:00,0.0,0.0,0.0,6.173
2020-12-22 01:00:00-03:00,0.0,0.0,0.0,5.808
2020-12-22 02:00:00-03:00,0.0,0.0,0.0,5.47
2020-12-22 03:00:00-03:00,0.0,0.0,0.0,5.249
2020-12-22 04:00:00-03:00,0.0,0.0,0.0,5.001
2020-12-22 05:00:00-03:00,0.0,0.002,0.002,4.9190000000000005
2020-12-22 06:00:00-03:00,0.02,0.008,0.026000000000000002,5.113
2020-12-22 07:00:00-03:00,0.081,0.024,0.077,5.759
2020-12-22 08:00:00-03:00,0.20500000000000002,0.075,0.156,7.2620000000000005
2020-12-22 09:00:00-03:00,0.317,0.133,0.223,9.004
2020-12-22 10:00:00-03:00,0.47300000000000003,0.262,0.277,10.377
2020-12-22 11:00:00-03:00,0.538,0.304,0.317,11.12
2020-12-22 12:00:00-03:00,0.65,0.441,0.33,11.841
2020-12-22 13:00:00-03:00,0.722,0.544,0.329,12.409
2020-12-22 14:00:00-03:00,0.734,0.59,0.301,12.52
2020-12-22 15:00:00-03:00,0.748,0.645,0.265,12.443
2020-12-22 16:00:00-03:00,0.73,0.645,0.23900000000000002,12.222
2020-12-22 17:00:00-03:00,0.708,0.648,0.203,11.893
2020-12-22 18:00:00-03:00,0.618,0.552,0.17300000000000001,11.248
2020-12-22 19:00:00-03:00,0.296,0.188,0.146,10.213
2020-12-22 20:00:00-03:00,0.046,0.014,0.049,8.946
2020-12-22 21:00:00-03:00,0.007,0.006,0.012,7.9350000000000005
2020-12-22 22:00:00-03:00,0.0,0.0,0.0,7.28
2020-12-22 23:00:00-03:00,0.0,0.0,0.0,7.165
2020-12-23 00:00:00-03:00,0.0,0.0,0.0,6.832
2020-12-23 01:00:00-03:00,0.0,0.0,0.0,6.395
2020-12-23 02:00:00-03:00,0.0,0.0,0.0,6.082
2020-12-23 03:00:00-03:00,0.0,0.0,0.0,5.9350000000000005
2020-12-23 04:00:00-03:00,0.0,0.0,0.0,5.983
2020-12-23 05:00:00-03:00,0.0,0.002,0.003,6.152
2020-12-23 06:00:00-03:00,0.016,0.006,0.024,6.5120000000000005
2020-12-23 07:00:00-03:00,0.056,0.011,0.063,7.297
2020-12-23 08:00:00-03:00,0.14400000000000002,0.034,0.135,8.936
2020-12-23 09:00:00-03:00,0.225,0.056,0.201,10.889
2020-12-23 10:00:00-03:00,0.291,0.074,0.258,12.699
2020-12-23 11:00:00-03:00,0.402,0.137,0.327,14.484
2020-12-23 12:00:00-03:00,0.383,0.088,0.355,15.515
2020-12-23 13:00:00-03:00,0.486,0.126,0.446,16.117
2020-12-23 14:00:00-03:00,0.499,0.177,0.41100000000000003,16.199
2020-12-23 15:00:00-03:00,0.382,0.10200000000000001,0.339,15.07
2020-12-23 16:00:00-03:00,0.40700000000000003,0.158,0.31,13.649000000000001
2020-12-23 17:00:00-03:00,0.677,0.591,0.22,12.919
2020-12-23 18:00:00-03:00,0.648,0.592,0.17400000000000002,11.491
2020-12-23 19:00:00-03:00,0.523,0.461,0.137,9.75
2020-12-23 20:00:00-03:00,0.28800000000000003,0.233,0.089,8.158
2020-12-23 21:00:00-03:00,0.065,0.06,0.023,6.766
2020-12-23 22:00:00-03:00,0.0,0.0,0.0,5.745
2020-12-23 23:00:00-03:00,0.0,0.0,0.0,5.167
2020-12-24 00:00:00-03:00,0.0,0.0,0.0,4.879
2020-12-24 01:00:00-03:00,0.0,0.0,0.0,4.757
2020-12-24 02:00:00-03:00,0.0,0.0,0.0,4.62
2020-12-24 03:00:00-03:00,0.0,0.0,0.0,4.494
2020-12-24 04:00:00-03:00,0.0,0.0,0.0,4.362
2020-12-24 05:00:00-03:00,0.006,0.011,0.004,4.252
2020-12-24 06:00:00-03:00,0.133,0.10200000000000001,0.053,4.61
2020-12-24 07:00:00-03:00,0.34,0.263,0.112,5.577
2020-12-24 08:00:00-03:00,0.448,0.335,0.165,6.731
2020-12-24 09:00:00-03:00,0.448,0.28,0.222,7.747
2020-12-24 10:00:00-03:00,0.5740000000000001,0.402,0.257,8.856
2020-12-24 11:00:00-03:00,0.636,0.457,0.28600000000000003,9.852
2020-12-24 12:00:00-03:00,0.6950000000000001,0.527,0.301,10.789
2020-12-24 13:00:00-03:00,0.739,0.59,0.302,11.629
2020-12-24 14:00:00-03:00,0.727,0.583,0.296,12.21
2020-12-24 15:00:00-03:00,0.713,0.586,0.274,12.459
2020-12-24 16:00:00-03:00,0.652,0.516,0.259,12.396
2020-12-24 17:00:00-03:00,0.395,0.198,0.252,11.789
2020-12-24 18:00:00-03:00,0.23,0.081,0.181,11.032
2020-12-24 19:00:00-03:00,0.298,0.194,0.14300000000000002,10.527
2020-12-24 20:00:00-03:00,0.17400000000000002,0.12,0.082,9.614
2020-12-24 21:00:00-03:00,0.018000000000000002,0.015,0.017,8.491
2020-12-24 22:00:00-03:00,0.0,0.0,0.0,7.607
2020-12-24 23:00:00-03:00,0.0,0.0,0.0,6.837
2020-12-25 00:00:00-03:00,0.0,0.0,0.0,6.378
2020-12-25 01:00:00-03:00,0.0,0.0,0.0,6.288
2020-12-25 02:00:00-03:00,0.0,0.0,0.0,6.069
2020-12-25 03:00:00-03:00,0.0,0.0,0.0,5.9
2020-12-25 04:00:00-03:00,0.0,0.0,0.0,5.824
2020-12-25 05:00:00-03:00,0.004,0.008,0.004,5.746
2020-12-25 06:00:00-03:00,0.088,0.058,0.05,6.254
2020-12-25 07:00:00-03:00,0.212,0.124,0.115,7.455
2020-12-25 08:00:00-03:00,0.293,0.152,0.176,8.786
2020-12-25 09:00:00-03:00,0.361,0.17200000000000001,0.234,9.939
2020-12-25 10:00:00-03:00,0.40900000000000003,0.179,0.28500000000000003,10.96
2020-12-25 11:00:00-03:00,0.467,0.20400000000000001,0.332,11.945
2020-12-25 12:00:00-03:00,0.555,0.276,0.373,12.977
2020-12-25 13:00:00-03:00,0.56,0.21,0.447,13.591
2020-12-25 14:00:00-03:00,0.507,0.182,0.41000000000000003,14.049
2020-12-25 15:00:00-03:00,0.417,0.134,0.34800000000000003,14.351
2020-12-25 16:00:00-03:00,0.335,0.095,0.291,14.542
2020-12-25 17:00:00-03:00,0.352,0.146,0.26,14.869
2020-12-25 18:00:00-03:00,0.312,0.153,0.20700000000000002,14.95
2020-12-25 19:00:00-03:00,0.112,0.029,0.108,14.035
2020-12-25 20:00:00-03:00,0.041,0.012,0.048,12.541
2020-12-25 21:00:00-03:00,0.003,0.004,0.008,11.181
2020-12-25 22:00:00-03:00,0.0,0.0,0.0,10.1
2020-12-25 23:00:00-03:00,0.0,0.0,0.0,9.719
2020-12-26 00:00:00-03:00,0.0,0.0,0.0,9.515
2020-12-26 01:00:00-03:00,0.0,0.0,0.0,9.269
2020-12-26 02:00:00-03:00,0.0,0.0,0.0,8.83
2020-12-26 03:00:00-03:00,0.0,0.0,0.0,8.531
2020-12-26 04:00:00-03:00,0.0,0.0,0.0,8.404
2020-12-26 05:00:00-03:00,0.006,0.011,0.004,8.52
2020-12-26 06:00:00-03:00,0.123,0.096,0.051000000000000004,9.76
2020-12-26 07:00:00-03:00,0.266,0.192,0.111,11.534
2020-12-26 08:00:00-03:00,0.382,0.272,0.166,13.474
2020-12-26 09:00:00-03:00,0.543,0.438,0.203,14.895
2020-12-26 10:00:00-03:00,0.722,0.6880000000000001,0.20400000000000001,15.925
2020-12-26 11:00:00-03:00,0.767,0.742,0.221,16.711
2020-12-26 12:00:00-03:00,0.773,0.739,0.23700000000000002,17.32
2020-12-26 13:00:00-03:00,0.783,0.774,0.222,17.782
2020-12-26 14:00:00-03:00,0.791,0.784,0.225,18.021
2020-12-26 15:00:00-03:00,0.781,0.767,0.226,17.972
2020-12-26 16:00:00-03:00,0.762,0.754,0.20800000000000002,17.796
2020-12-26 17:00:00-03:00,0.732,0.734,0.18,17.512
2020-12-26 18:00:00-03:00,0.614,0.579,0.163,16.752
2020-12-26 19:00:00-03:00,0.264,0.166,0.14,15.365
2020-12-26 20:00:00-03:00,0.061,0.025,0.057,13.637
2020-12-26 21:00:00-03:00,0.006,0.006,0.011,11.742
2020-12-26 22:00:00-03:00,0.0,0.0,0.0,10.859
2020-12-26 23:00:00-03:00,0.0,0.0,0.0,10.544
2020-12-27 00:00:00-03:00,0.0,0.0,0.0,10.482
2020-12-27 01:00:00-03:00,0.0,0.0,0.0,10.078
2020-12-27 02:00:00-03:00,0.0,0.0,0.0,9.779
2020-12-27 03:00:00-03:00,0.0,0.0,0.0,9.901
2020-12-27 04:00:00-03:00,0.0,0.0,0.0,10.093
2020-12-27 05:00:00-03:00,0.001,0.005,0.003,10.655
2020-12-27 06:00:00-03:00,0.065,0.041,0.044,11.768
2020-12-27 07:00:00-03:00,0.152,0.076,0.10300000000000001,12.91
2020-12-27 08:00:00-03:00,0.149,0.042,0.136,13.899000000000001
2020-12-27 09:00:00-03:00,0.41200000000000003,0.252,0.228,16.382
2020-12-27 10:00:00-03:00,0.53,0.372,0.267,19.253
2020-12-27 11:00:00-03:00,0.604,0.451,0.294,20.616
2020-12-27 12:00:00-03:00,0.682,0.558,0.299,20.652
2020-12-27 13:00:00-03:00,0.739,0.651,0.28600000000000003,19.65
2020-12-27 14:00:00-03:00,0.75,0.674,0.274,18.482
2020-12-27 15:00:00-03:00,0.7000000000000001,0.587,0.28,17.433
2020-12-27 16:00:00-03:00,0.553,0.368,0.29,16.475
2020-12-27 17:00:00-03:00,0.388,0.193,0.257,15.484
2020-12-27 18:00:00-03:00,0.277,0.122,0.197,14.418
2020-12-27 19:00:00-03:00,0.225,0.11900000000000001,0.14100000000000001,13.305
2020-12-27 20:00:00-03:00,0.137,0.084,0.079,11.966
2020-12-27 21:00:00-03:00,0.06,0.057,0.023,10.255
2020-12-27 22:00:00-03:00,0.0,0.0,0.0,8.443
2020-12-27 23:00:00-03:00,0.0,0.0,0.0,7.145
2020-12-28 00:00:00-03:00,0.0,0.0,0.0,6.007
2020-12-28 01:00:00-03:00,0.0,0.0,0.0,5.264
2020-12-28 02:00:00-03:00,0.0,0.0,0.0,4.78
2020-12-28 03:00:00-03:00,0.0,0.0,0.0,4.733
2020-12-28 04:00:00-03:00,0.0,0.0,0.0,4.427
2020-12-28 05:00:00-03:00,0.002,0.006,0.004,4.374
2020-12-28 06:00:00-03:00,0.036000000000000004,0.018000000000000002,0.034,5.11
2020-12-28 07:00:00-03:00,0.066,0.017,0.068,5.996
2020-12-28 08:00:00-03:00,0.122,0.026000000000000002,0.11800000000000001,7.108
2020-12-28 09:00:00-03:00,0.219,0.056,0.191,8.387
2020-12-28 10:00:00-03:00,0.299,0.084,0.252,9.704
2020-12-28 11:00:00-03:00,0.402,0.14200000000000002,0.314,11.174
2020-12-28 12:00:00-03:00,0.529,0.253,0.362,12.599
2020-12-28 13:00:00-03:00,0.681,0.464,0.359,14.039
2020-12-28 14:00:00-03:00,0.797,0.758,0.243,15.448
2020-12-28 15:00:00-03:00,0.791,0.762,0.23500000000000001,16.226
2020-12-28 16:00:00-03:00,0.759,0.73,0.22,16.502
2020-12-28 17:00:00-03:00,0.7030000000000001,0.668,0.197,16.347
2020-12-28 18:00:00-03:00,0.558,0.482,0.18,15.74
2020-12-28 19:00:00-03:00,0.441,0.375,0.137,14.748
2020-12-28 20:00:00-03:00,0.28500000000000003,0.242,0.085,13.02
2020-12-28 21:00:00-03:00,0.043000000000000003,0.041,0.02,10.399000000000001
2020-12-28 22:00:00-03:00,0.0,0.0,0.0,9.015
2020-12-28 23:00:00-03:00,0.0,0.0,0.0,8.262
2020-12-29 00:00:00-03:00,0.0,0.0,0.0,7.448
2020-12-29 01:00:00-03:00,0.0,0.0,0.0,6.734
2020-12-29 02:00:00-03:00,0.0,0.0,0.0,5.908
2020-12-29 03:00:00-03:00,0.0,0.0,0.0,5.268
2020-12-29 04:00:00-03:00,0.0,0.0,0.0,4.907
2020-12-29 05:00:00-03:00,0.006,0.012,0.004,4.579
2020-12-29 06:00:00-03:00,0.124,0.095,0.05,5.555
2020-12-29 07:00:00-03:00,0.262,0.183,0.109,6.942
2020-12-29 08:00:00-03:00,0.44,0.333,0.161,8.395
2020-12-29 09:00:00-03:00,0.64,0.5630000000000001,0.185,9.88
2020-12-29 10:00:00-03:00,0.738,0.687,0.203,11.271
2020-12-29 11:00:00-03:00,0.782,0.739,0.221,12.47
2020-12-29 12:00:00-03:00,0.808,0.782,0.225,13.431
2020-12-29 13:00:00-03:00,0.8170000000000001,0.8240000000000001,0.201,14.165
2020-12-29 14:00:00-03:00,0.807,0.79,0.221,14.363
2020-12-29 15:00:00-03:00,0.748,0.672,0.247,13.928
2020-12-29 16:00:00-03:00,0.607,0.454,0.264,12.97
2020-12-29 17:00:00-03:00,0.513,0.357,0.23600000000000002,12.226
2020-12-29 18:00:00-03:00,0.374,0.229,0.195,11.496
2020-12-29 19:00:00-03:00,0.373,0.28400000000000003,0.137,10.742
2020-12-29 20:00:00-03:00,0.246,0.197,0.082,9.454
2020-12-29 21:00:00-03:00,0.042,0.038,0.021,7.767
2020-12-29 22:00:00-03:00,0.0,0.0,0.0,6.121
2020-12-29 23:00:00-03:00,0.0,0.0,0.0,5.007
2020-12-30 00:00:00-03:00,0.0,0.0,0.0,4.24
2020-12-30 01:00:00-03:00,0.0,0.0,0.0,3.6710000000000003
2020-12-30 02:00:00-03:00,0.0,0.0,0.0,3.133
2020-12-30 03:00:00-03:00,0.0,0.0,0.0,2.7119999999999997
2020-12-30 04:00:00-03:00,0.0,0.0,0.0,2.648
2020-12-30 05:00:00-03:00,0.0,0.003,0.003,2.83
2020-12-30 06:00:00-03:00,0.029,0.014,0.03,3.3609999999999998
2020-12-30 07:00:00-03:00,0.158,0.078,0.10200000000000001,4.48
2020-12-30 08:00:00-03:00,0.28200000000000003,0.14400000000000002,0.169,6.036
2020-12-30 09:00:00-03:00,0.513,0.362,0.219,7.898
2020-12-30 10:00:00-03:00,0.658,0.531,0.24,9.629
2020-12-30 11:00:00-03:00,0.6980000000000001,0.5650000000000001,0.269,11.171
2020-12-30 12:00:00-03:00,0.655,0.455,0.324,12.267
2020-12-30 13:00:00-03:00,0.652,0.393,0.385,12.97
2020-12-30 14:00:00-03:00,0.614,0.357,0.372,13.544
2020-12-30 15:00:00-03:00,0.58,0.356,0.329,13.95
2020-12-30 16:00:00-03:00,0.509,0.296,0.297,13.924
2020-12-30 17:00:00-03:00,0.35000000000000003,0.149,0.251,13.33
2020-12-30 18:00:00-03:00,0.265,0.11,0.193,12.654
2020-12-30 19:00:00-03:00,0.158,0.061,0.125,11.82
2020-12-30 20:00:00-03:00,0.084,0.04,0.067,10.815
2020-12-30 21:00:00-03:00,0.015,0.012,0.016,9.453
2020-12-30 22:00:00-03:00,0.0,0.0,0.0,8.261
2020-12-30 23:00:00-03:00,0.0,0.0,0.0,7.643
2020-12-31 00:00:00-03:00,0.0,0.0,0.0,7.58
2020-12-31 01:00:00-03:00,0.0,0.0,0.0,7.635
2020-12-31 02:00:00-03:00,0.0,0.0,0.0,7.657
2020-12-31 03:00:00-03:00,0.0,0.0,0.0,7.559
2020-12-31 04:00:00-03:00,0.0,0.0,0.0,7.394
2020-12-31 05:00:00-03:00,0.0,0.002,0.003,7.384
2020-12-31 06:00:00-03:00,0.039,0.019,0.037,7.917
2020-12-31 07:00:00-03:00,0.1,0.032,0.09,8.916
2020-12-31 08:00:00-03:00,0.169,0.046,0.15,10.148
2020-12-31 09:00:00-03:00,0.181,0.031,0.179,11.162
2020-12-31 10:00:00-03:00,0.221,0.033,0.221,12.112
2020-12-31 11:00:00-03:00,0.28700000000000003,0.047,0.281,13.147
2020-12-31 12:00:00-03:00,0.336,0.054,0.332,14.19
2020-12-31 13:00:00-03:00,0.465,0.098,0.445,15.349
2020-12-31 14:00:00-03:00,0.449,0.111,0.41400000000000003,15.995
2020-12-31 15:00:00-03:00,0.391,0.10400000000000001,0.35100000000000003,16.286
2020-12-31 16:00:00-03:00,0.34,0.093,0.302,16.474
2020-12-31 17:00:00-03:00,0.20800000000000002,0.035,0.209,15.936
2020-12-31 18:00:00-03:00,0.114,0.014,0.126,14.936
2020-12-31 19:00:00-03:00,0.062,0.008,0.075,13.848
2020-12-31 20:00:00-03:00,0.017,0.003,0.028,12.691
