local_time,electricity,wind_speed
2021-12-31 21:00:00-03:00,0.738,10.147
2021-12-31 22:00:00-03:00,0.558,8.671
2021-12-31 23:00:00-03:00,0.499,8.252
2022-01-01 00:00:00-03:00,0.457,7.95
2022-01-01 01:00:00-03:00,0.431,7.758
2022-01-01 02:00:00-03:00,0.542,8.555
2022-01-01 03:00:00-03:00,0.686,9.678
2022-01-01 04:00:00-03:00,0.794,10.735
2022-01-01 05:00:00-03:00,0.841,11.343
2022-01-01 06:00:00-03:00,0.843,11.383
2022-01-01 07:00:00-03:00,0.811,10.952
2022-01-01 08:00:00-03:00,0.772,10.493
2022-01-01 09:00:00-03:00,0.833,11.235
2022-01-01 10:00:00-03:00,0.811,10.948
2022-01-01 11:00:00-03:00,0.744,10.206
2022-01-01 12:00:00-03:00,0.704,9.828
2022-01-01 13:00:00-03:00,0.783,10.616
2022-01-01 14:00:00-03:00,0.909,12.653
2022-01-01 15:00:00-03:00,0.9410000000000001,14.603
2022-01-01 16:00:00-03:00,0.933,15.405
2022-01-01 17:00:00-03:00,0.927,15.735
2022-01-01 18:00:00-03:00,0.929,15.597
2022-01-01 19:00:00-03:00,0.937,15.088
2022-01-01 20:00:00-03:00,0.9400000000000001,14.778
2022-01-01 21:00:00-03:00,0.9410000000000001,14.507
2022-01-01 22:00:00-03:00,0.936,13.737
2022-01-01 23:00:00-03:00,0.917,12.882
2022-01-02 00:00:00-03:00,0.905,12.559
2022-01-02 01:00:00-03:00,0.903,12.503
2022-01-02 02:00:00-03:00,0.906,12.567
2022-01-02 03:00:00-03:00,0.91,12.696
2022-01-02 04:00:00-03:00,0.915,12.841
2022-01-02 05:00:00-03:00,0.902,12.475
2022-01-02 06:00:00-03:00,0.884,12.081
2022-01-02 07:00:00-03:00,0.914,12.792
2022-01-02 08:00:00-03:00,0.9390000000000001,13.955
2022-01-02 09:00:00-03:00,0.9410000000000001,14.627
2022-01-02 10:00:00-03:00,0.936,15.187
2022-01-02 11:00:00-03:00,0.929,15.607
2022-01-02 12:00:00-03:00,0.924,15.868
2022-01-02 13:00:00-03:00,0.92,15.992
2022-01-02 14:00:00-03:00,0.914,16.223
2022-01-02 15:00:00-03:00,0.887,17.003
2022-01-02 16:00:00-03:00,0.856,17.681
2022-01-02 17:00:00-03:00,0.881,17.131
2022-01-02 18:00:00-03:00,0.919,16.048
2022-01-02 19:00:00-03:00,0.926,15.762
2022-01-02 20:00:00-03:00,0.9410000000000001,14.642
2022-01-02 21:00:00-03:00,0.9,12.414
2022-01-02 22:00:00-03:00,0.779,10.572
2022-01-02 23:00:00-03:00,0.643,9.323
2022-01-03 00:00:00-03:00,0.482,8.134
2022-01-03 01:00:00-03:00,0.273,6.57
2022-01-03 02:00:00-03:00,0.14,5.266
2022-01-03 03:00:00-03:00,0.111,4.89
2022-01-03 04:00:00-03:00,0.136,5.217
2022-01-03 05:00:00-03:00,0.215,6.047
2022-01-03 06:00:00-03:00,0.243,6.31
2022-01-03 07:00:00-03:00,0.20700000000000002,5.97
2022-01-03 08:00:00-03:00,0.41500000000000004,7.643
2022-01-03 09:00:00-03:00,0.485,8.146
2022-01-03 10:00:00-03:00,0.406,7.5809999999999995
2022-01-03 11:00:00-03:00,0.278,6.599
2022-01-03 12:00:00-03:00,0.132,5.161
2022-01-03 13:00:00-03:00,0.026000000000000002,3.201
2022-01-03 14:00:00-03:00,0.0,1.153
2022-01-03 15:00:00-03:00,0.001,1.545
2022-01-03 16:00:00-03:00,0.053,3.909
2022-01-03 17:00:00-03:00,0.28300000000000003,6.651
2022-01-03 18:00:00-03:00,0.586,8.884
2022-01-03 19:00:00-03:00,0.717,9.953
2022-01-03 20:00:00-03:00,0.712,9.908
2022-01-03 21:00:00-03:00,0.721,9.999
2022-01-03 22:00:00-03:00,0.733,10.097
2022-01-03 23:00:00-03:00,0.704,9.833
2022-01-04 00:00:00-03:00,0.6900000000000001,9.717
2022-01-04 01:00:00-03:00,0.658,9.445
2022-01-04 02:00:00-03:00,0.623,9.165
2022-01-04 03:00:00-03:00,0.624,9.168
2022-01-04 04:00:00-03:00,0.641,9.313
2022-01-04 05:00:00-03:00,0.668,9.534
2022-01-04 06:00:00-03:00,0.639,9.293
2022-01-04 07:00:00-03:00,0.872,11.854
2022-01-04 08:00:00-03:00,0.925,13.156
2022-01-04 09:00:00-03:00,0.923,13.119
2022-01-04 10:00:00-03:00,0.927,13.257
2022-01-04 11:00:00-03:00,0.934,13.583
2022-01-04 12:00:00-03:00,0.936,13.774000000000001
2022-01-04 13:00:00-03:00,0.935,13.671
2022-01-04 14:00:00-03:00,0.933,13.564
2022-01-04 15:00:00-03:00,0.931,13.45
2022-01-04 16:00:00-03:00,0.923,13.12
2022-01-04 17:00:00-03:00,0.904,12.521
2022-01-04 18:00:00-03:00,0.869,11.798
2022-01-04 19:00:00-03:00,0.791,10.712
2022-01-04 20:00:00-03:00,0.5640000000000001,8.72
2022-01-04 21:00:00-03:00,0.371,7.328
2022-01-04 22:00:00-03:00,0.535,8.505
2022-01-04 23:00:00-03:00,0.8170000000000001,11.025
2022-01-05 00:00:00-03:00,0.908,12.632
2022-01-05 01:00:00-03:00,0.928,13.295
2022-01-05 02:00:00-03:00,0.931,13.465
2022-01-05 03:00:00-03:00,0.93,13.408
2022-01-05 04:00:00-03:00,0.933,13.579
2022-01-05 05:00:00-03:00,0.936,13.767
2022-01-05 06:00:00-03:00,0.936,13.765
2022-01-05 07:00:00-03:00,0.933,13.547
2022-01-05 08:00:00-03:00,0.9410000000000001,14.376
2022-01-05 09:00:00-03:00,0.9410000000000001,14.633
2022-01-05 10:00:00-03:00,0.9410000000000001,14.602
2022-01-05 11:00:00-03:00,0.9410000000000001,14.291
2022-01-05 12:00:00-03:00,0.9400000000000001,14.086
2022-01-05 13:00:00-03:00,0.9380000000000001,13.938
2022-01-05 14:00:00-03:00,0.936,13.76
2022-01-05 15:00:00-03:00,0.932,13.479
2022-01-05 16:00:00-03:00,0.915,12.827
2022-01-05 17:00:00-03:00,0.869,11.806000000000001
2022-01-05 18:00:00-03:00,0.8240000000000001,11.116
2022-01-05 19:00:00-03:00,0.75,10.272
2022-01-05 20:00:00-03:00,0.552,8.639
2022-01-05 21:00:00-03:00,0.367,7.301
2022-01-05 22:00:00-03:00,0.281,6.639
2022-01-05 23:00:00-03:00,0.28,6.623
2022-01-06 00:00:00-03:00,0.35000000000000003,7.169
2022-01-06 01:00:00-03:00,0.489,8.183
2022-01-06 02:00:00-03:00,0.5640000000000001,8.724
2022-01-06 03:00:00-03:00,0.628,9.209
2022-01-06 04:00:00-03:00,0.843,11.379
2022-01-06 05:00:00-03:00,0.896,12.323
2022-01-06 06:00:00-03:00,0.928,13.281
2022-01-06 07:00:00-03:00,0.9400000000000001,14.231
2022-01-06 08:00:00-03:00,0.9380000000000001,15.053
2022-01-06 09:00:00-03:00,0.934,15.311
2022-01-06 10:00:00-03:00,0.919,16.036
2022-01-06 11:00:00-03:00,0.916,16.141
2022-01-06 12:00:00-03:00,0.918,16.104
2022-01-06 13:00:00-03:00,0.912,16.281
2022-01-06 14:00:00-03:00,0.92,16.022
2022-01-06 15:00:00-03:00,0.932,15.472
2022-01-06 16:00:00-03:00,0.9400000000000001,14.771
2022-01-06 17:00:00-03:00,0.9390000000000001,13.998
2022-01-06 18:00:00-03:00,0.93,13.397
2022-01-06 19:00:00-03:00,0.912,12.751
2022-01-06 20:00:00-03:00,0.863,11.695
2022-01-06 21:00:00-03:00,0.743,10.204
2022-01-06 22:00:00-03:00,0.5760000000000001,8.805
2022-01-06 23:00:00-03:00,0.399,7.539
2022-01-07 00:00:00-03:00,0.29,6.705
2022-01-07 01:00:00-03:00,0.219,6.092
2022-01-07 02:00:00-03:00,0.17400000000000002,5.65
2022-01-07 03:00:00-03:00,0.155,5.437
2022-01-07 04:00:00-03:00,0.125,5.082
2022-01-07 05:00:00-03:00,0.098,4.697
2022-01-07 06:00:00-03:00,0.056,3.9619999999999997
2022-01-07 07:00:00-03:00,0.042,3.6310000000000002
2022-01-07 08:00:00-03:00,0.136,5.208
2022-01-07 09:00:00-03:00,0.311,6.874
2022-01-07 10:00:00-03:00,0.47900000000000004,8.107
2022-01-07 11:00:00-03:00,0.486,8.151
2022-01-07 12:00:00-03:00,0.445,7.864
2022-01-07 13:00:00-03:00,0.458,7.958
2022-01-07 14:00:00-03:00,0.428,7.7379999999999995
2022-01-07 15:00:00-03:00,0.375,7.36
2022-01-07 16:00:00-03:00,0.337,7.072
2022-01-07 17:00:00-03:00,0.327,6.993
2022-01-07 18:00:00-03:00,0.493,8.21
2022-01-07 19:00:00-03:00,0.842,11.351
2022-01-07 20:00:00-03:00,0.9380000000000001,13.935
2022-01-07 21:00:00-03:00,0.93,15.577
2022-01-07 22:00:00-03:00,0.924,15.831
2022-01-07 23:00:00-03:00,0.923,15.902
2022-01-08 00:00:00-03:00,0.908,16.408
2022-01-08 01:00:00-03:00,0.849,17.825
2022-01-08 02:00:00-03:00,0.791,18.823
2022-01-08 03:00:00-03:00,0.783,18.956
2022-01-08 04:00:00-03:00,0.805,18.596
2022-01-08 05:00:00-03:00,0.8260000000000001,18.255
2022-01-08 06:00:00-03:00,0.849,17.819
2022-01-08 07:00:00-03:00,0.84,17.995
2022-01-08 08:00:00-03:00,0.802,18.645
2022-01-08 09:00:00-03:00,0.779,19.015
2022-01-08 10:00:00-03:00,0.802,18.652
2022-01-08 11:00:00-03:00,0.838,18.038
2022-01-08 12:00:00-03:00,0.871,17.355
2022-01-08 13:00:00-03:00,0.902,16.612
2022-01-08 14:00:00-03:00,0.923,15.889
2022-01-08 15:00:00-03:00,0.935,15.235
2022-01-08 16:00:00-03:00,0.9410000000000001,14.615
2022-01-08 17:00:00-03:00,0.9400000000000001,14.111
2022-01-08 18:00:00-03:00,0.932,13.49
2022-01-08 19:00:00-03:00,0.911,12.71
2022-01-08 20:00:00-03:00,0.855,11.57
2022-01-08 21:00:00-03:00,0.771,10.487
2022-01-08 22:00:00-03:00,0.737,10.145
2022-01-08 23:00:00-03:00,0.72,9.988
2022-01-09 00:00:00-03:00,0.628,9.208
2022-01-09 01:00:00-03:00,0.581,8.848
2022-01-09 02:00:00-03:00,0.586,8.887
2022-01-09 03:00:00-03:00,0.592,8.919
2022-01-09 04:00:00-03:00,0.581,8.85
2022-01-09 05:00:00-03:00,0.5680000000000001,8.749
2022-01-09 06:00:00-03:00,0.522,8.413
2022-01-09 07:00:00-03:00,0.747,10.246
2022-01-09 08:00:00-03:00,0.864,11.716
2022-01-09 09:00:00-03:00,0.88,12.003
2022-01-09 10:00:00-03:00,0.895,12.314
2022-01-09 11:00:00-03:00,0.91,12.681000000000001
2022-01-09 12:00:00-03:00,0.921,13.039
2022-01-09 13:00:00-03:00,0.935,13.69
2022-01-09 14:00:00-03:00,0.9410000000000001,14.503
2022-01-09 15:00:00-03:00,0.936,15.228
2022-01-09 16:00:00-03:00,0.929,15.621
2022-01-09 17:00:00-03:00,0.936,15.223
2022-01-09 18:00:00-03:00,0.934,15.355
2022-01-09 19:00:00-03:00,0.932,15.455
2022-01-09 20:00:00-03:00,0.9390000000000001,14.882
2022-01-09 21:00:00-03:00,0.9380000000000001,13.867
2022-01-09 22:00:00-03:00,0.936,13.72
2022-01-09 23:00:00-03:00,0.9410000000000001,14.526
2022-01-10 00:00:00-03:00,0.932,15.453
2022-01-10 01:00:00-03:00,0.908,16.424
2022-01-10 02:00:00-03:00,0.855,17.694
2022-01-10 03:00:00-03:00,0.78,19.003
2022-01-10 04:00:00-03:00,0.709,20.005
2022-01-10 05:00:00-03:00,0.637,20.924
2022-01-10 06:00:00-03:00,0.544,21.983
2022-01-10 07:00:00-03:00,0.452,22.973
2022-01-10 08:00:00-03:00,0.428,23.239
2022-01-10 09:00:00-03:00,0.47900000000000004,22.689
2022-01-10 10:00:00-03:00,0.449,23.009
2022-01-10 11:00:00-03:00,0.444,23.062
2022-01-10 12:00:00-03:00,0.5,22.471
2022-01-10 13:00:00-03:00,0.5750000000000001,21.639
2022-01-10 14:00:00-03:00,0.626,21.046
2022-01-10 15:00:00-03:00,0.648,20.788
2022-01-10 16:00:00-03:00,0.648,20.792
2022-01-10 17:00:00-03:00,0.62,21.124
2022-01-10 18:00:00-03:00,0.603,21.318
2022-01-10 19:00:00-03:00,0.619,21.137
2022-01-10 20:00:00-03:00,0.72,19.86
2022-01-10 21:00:00-03:00,0.837,18.046
2022-01-10 22:00:00-03:00,0.856,17.669
2022-01-10 23:00:00-03:00,0.843,17.92
2022-01-11 00:00:00-03:00,0.8280000000000001,18.22
2022-01-11 01:00:00-03:00,0.8130000000000001,18.47
2022-01-11 02:00:00-03:00,0.81,18.524
2022-01-11 03:00:00-03:00,0.799,18.692
2022-01-11 04:00:00-03:00,0.788,18.875
2022-01-11 05:00:00-03:00,0.789,18.849
2022-01-11 06:00:00-03:00,0.801,18.677
2022-01-11 07:00:00-03:00,0.769,19.168
2022-01-11 08:00:00-03:00,0.677,20.418
2022-01-11 09:00:00-03:00,0.667,20.545
2022-01-11 10:00:00-03:00,0.7020000000000001,20.104
2022-01-11 11:00:00-03:00,0.733,19.688
2022-01-11 12:00:00-03:00,0.741,19.58
2022-01-11 13:00:00-03:00,0.776,19.068
2022-01-11 14:00:00-03:00,0.834,18.094
2022-01-11 15:00:00-03:00,0.878,17.209
2022-01-11 16:00:00-03:00,0.885,17.033
2022-01-11 17:00:00-03:00,0.872,17.34
2022-01-11 18:00:00-03:00,0.884,17.061
2022-01-11 19:00:00-03:00,0.924,15.850999999999999
2022-01-11 20:00:00-03:00,0.9410000000000001,14.412
2022-01-11 21:00:00-03:00,0.922,13.065
2022-01-11 22:00:00-03:00,0.909,12.661
2022-01-11 23:00:00-03:00,0.924,13.138
2022-01-12 00:00:00-03:00,0.935,13.66
2022-01-12 01:00:00-03:00,0.9400000000000001,14.222
2022-01-12 02:00:00-03:00,0.937,15.076
2022-01-12 03:00:00-03:00,0.93,15.568
2022-01-12 04:00:00-03:00,0.927,15.717
2022-01-12 05:00:00-03:00,0.935,15.269
2022-01-12 06:00:00-03:00,0.9400000000000001,14.734
2022-01-12 07:00:00-03:00,0.9380000000000001,15.034
2022-01-12 08:00:00-03:00,0.916,16.166
2022-01-12 09:00:00-03:00,0.907,16.438
2022-01-12 10:00:00-03:00,0.9,16.644
2022-01-12 11:00:00-03:00,0.903,16.56
2022-01-12 12:00:00-03:00,0.919,16.059
2022-01-12 13:00:00-03:00,0.932,15.458
2022-01-12 14:00:00-03:00,0.9380000000000001,14.996
2022-01-12 15:00:00-03:00,0.9410000000000001,14.548
2022-01-12 16:00:00-03:00,0.9390000000000001,14.034
2022-01-12 17:00:00-03:00,0.934,13.621
2022-01-12 18:00:00-03:00,0.923,13.077
2022-01-12 19:00:00-03:00,0.901,12.465
2022-01-12 20:00:00-03:00,0.847,11.447
2022-01-12 21:00:00-03:00,0.719,9.981
2022-01-12 22:00:00-03:00,0.514,8.348
2022-01-12 23:00:00-03:00,0.33,7.02
2022-01-13 00:00:00-03:00,0.28600000000000003,6.6690000000000005
2022-01-13 01:00:00-03:00,0.275,6.586
2022-01-13 02:00:00-03:00,0.28800000000000003,6.684
2022-01-13 03:00:00-03:00,0.306,6.829
2022-01-13 04:00:00-03:00,0.318,6.928
2022-01-13 05:00:00-03:00,0.328,7.006
2022-01-13 06:00:00-03:00,0.28,6.619
2022-01-13 07:00:00-03:00,0.166,5.558
2022-01-13 08:00:00-03:00,0.273,6.569
2022-01-13 09:00:00-03:00,0.353,7.191
2022-01-13 10:00:00-03:00,0.419,7.679
2022-01-13 11:00:00-03:00,0.485,8.147
2022-01-13 12:00:00-03:00,0.556,8.661
2022-01-13 13:00:00-03:00,0.644,9.338
2022-01-13 14:00:00-03:00,0.734,10.116
2022-01-13 15:00:00-03:00,0.802,10.842
2022-01-13 16:00:00-03:00,0.839,11.319
2022-01-13 17:00:00-03:00,0.85,11.479
2022-01-13 18:00:00-03:00,0.841,11.345
2022-01-13 19:00:00-03:00,0.802,10.84
2022-01-13 20:00:00-03:00,0.733,10.103
2022-01-13 21:00:00-03:00,0.659,9.452
2022-01-13 22:00:00-03:00,0.577,8.821
2022-01-13 23:00:00-03:00,0.451,7.911
2022-01-14 00:00:00-03:00,0.41200000000000003,7.63
2022-01-14 01:00:00-03:00,0.42,7.6850000000000005
2022-01-14 02:00:00-03:00,0.444,7.858
2022-01-14 03:00:00-03:00,0.47900000000000004,8.111
2022-01-14 04:00:00-03:00,0.498,8.238
2022-01-14 05:00:00-03:00,0.501,8.26
2022-01-14 06:00:00-03:00,0.384,7.418
2022-01-14 07:00:00-03:00,0.32,6.946
2022-01-14 08:00:00-03:00,0.507,8.304
2022-01-14 09:00:00-03:00,0.554,8.643
2022-01-14 10:00:00-03:00,0.604,9.011
2022-01-14 11:00:00-03:00,0.636,9.265
2022-01-14 12:00:00-03:00,0.674,9.576
2022-01-14 13:00:00-03:00,0.705,9.853
2022-01-14 14:00:00-03:00,0.736,10.136
2022-01-14 15:00:00-03:00,0.74,10.18
2022-01-14 16:00:00-03:00,0.6970000000000001,9.78
2022-01-14 17:00:00-03:00,0.622,9.158
2022-01-14 18:00:00-03:00,0.514,8.35
2022-01-14 19:00:00-03:00,0.393,7.487
2022-01-14 20:00:00-03:00,0.259,6.448
2022-01-14 21:00:00-03:00,0.20500000000000002,5.949
2022-01-14 22:00:00-03:00,0.24,6.289
2022-01-14 23:00:00-03:00,0.353,7.199
2022-01-15 00:00:00-03:00,0.47200000000000003,8.051
2022-01-15 01:00:00-03:00,0.554,8.643
2022-01-15 02:00:00-03:00,0.609,9.064
2022-01-15 03:00:00-03:00,0.638,9.288
2022-01-15 04:00:00-03:00,0.622,9.149
2022-01-15 05:00:00-03:00,0.583,8.861
2022-01-15 06:00:00-03:00,0.539,8.53
2022-01-15 07:00:00-03:00,0.681,9.642
2022-01-15 08:00:00-03:00,0.891,12.23
2022-01-15 09:00:00-03:00,0.932,13.471
2022-01-15 10:00:00-03:00,0.932,13.517
2022-01-15 11:00:00-03:00,0.924,13.135
2022-01-15 12:00:00-03:00,0.913,12.755
2022-01-15 13:00:00-03:00,0.905,12.56
2022-01-15 14:00:00-03:00,0.888,12.152
2022-01-15 15:00:00-03:00,0.857,11.593
2022-01-15 16:00:00-03:00,0.811,10.951
2022-01-15 17:00:00-03:00,0.79,10.703
2022-01-15 18:00:00-03:00,0.811,10.955
2022-01-15 19:00:00-03:00,0.843,11.378
2022-01-15 20:00:00-03:00,0.8150000000000001,10.995
2022-01-15 21:00:00-03:00,0.793,10.73
2022-01-15 22:00:00-03:00,0.784,10.623
2022-01-15 23:00:00-03:00,0.8130000000000001,10.97
2022-01-16 00:00:00-03:00,0.854,11.539
2022-01-16 01:00:00-03:00,0.868,11.775
2022-01-16 02:00:00-03:00,0.8280000000000001,11.17
2022-01-16 03:00:00-03:00,0.765,10.428
2022-01-16 04:00:00-03:00,0.791,10.708
2022-01-16 05:00:00-03:00,0.8280000000000001,11.165
2022-01-16 06:00:00-03:00,0.892,12.251
2022-01-16 07:00:00-03:00,0.931,13.446
2022-01-16 08:00:00-03:00,0.9380000000000001,15.013
2022-01-16 09:00:00-03:00,0.927,15.718
2022-01-16 10:00:00-03:00,0.925,15.796
2022-01-16 11:00:00-03:00,0.937,15.089
2022-01-16 12:00:00-03:00,0.9390000000000001,13.982
2022-01-16 13:00:00-03:00,0.92,12.995
2022-01-16 14:00:00-03:00,0.897,12.349
2022-01-16 15:00:00-03:00,0.896,12.343
2022-01-16 16:00:00-03:00,0.905,12.564
2022-01-16 17:00:00-03:00,0.907,12.606
2022-01-16 18:00:00-03:00,0.894,12.295
2022-01-16 19:00:00-03:00,0.869,11.792
2022-01-16 20:00:00-03:00,0.8150000000000001,10.999
2022-01-16 21:00:00-03:00,0.716,9.944
2022-01-16 22:00:00-03:00,0.618,9.133
2022-01-16 23:00:00-03:00,0.558,8.672
2022-01-17 00:00:00-03:00,0.514,8.352
2022-01-17 01:00:00-03:00,0.464,7.999
2022-01-17 02:00:00-03:00,0.455,7.938
2022-01-17 03:00:00-03:00,0.46900000000000003,8.037
2022-01-17 04:00:00-03:00,0.514,8.353
2022-01-17 05:00:00-03:00,0.593,8.939
2022-01-17 06:00:00-03:00,0.5700000000000001,8.763
2022-01-17 07:00:00-03:00,0.636,9.268
2022-01-17 08:00:00-03:00,0.745,10.21
2022-01-17 09:00:00-03:00,0.733,10.106
2022-01-17 10:00:00-03:00,0.704,9.845
2022-01-17 11:00:00-03:00,0.681,9.64
2022-01-17 12:00:00-03:00,0.675,9.592
2022-01-17 13:00:00-03:00,0.6880000000000001,9.691
2022-01-17 14:00:00-03:00,0.707,9.863
2022-01-17 15:00:00-03:00,0.739,10.163
2022-01-17 16:00:00-03:00,0.775,10.536
2022-01-17 17:00:00-03:00,0.805,10.879
2022-01-17 18:00:00-03:00,0.8270000000000001,11.147
2022-01-17 19:00:00-03:00,0.85,11.486
2022-01-17 20:00:00-03:00,0.863,11.687
2022-01-17 21:00:00-03:00,0.853,11.525
2022-01-17 22:00:00-03:00,0.848,11.451
2022-01-17 23:00:00-03:00,0.848,11.46
2022-01-18 00:00:00-03:00,0.843,11.375
2022-01-18 01:00:00-03:00,0.834,11.251
2022-01-18 02:00:00-03:00,0.8290000000000001,11.178
2022-01-18 03:00:00-03:00,0.8220000000000001,11.093
2022-01-18 04:00:00-03:00,0.8190000000000001,11.05
2022-01-18 05:00:00-03:00,0.8300000000000001,11.199
2022-01-18 06:00:00-03:00,0.802,10.839
2022-01-18 07:00:00-03:00,0.798,10.787
2022-01-18 08:00:00-03:00,0.85,11.485
2022-01-18 09:00:00-03:00,0.857,11.59
2022-01-18 10:00:00-03:00,0.85,11.479
2022-01-18 11:00:00-03:00,0.854,11.554
2022-01-18 12:00:00-03:00,0.857,11.586
2022-01-18 13:00:00-03:00,0.858,11.604
2022-01-18 14:00:00-03:00,0.864,11.711
2022-01-18 15:00:00-03:00,0.869,11.802
2022-01-18 16:00:00-03:00,0.878,11.968
2022-01-18 17:00:00-03:00,0.889,12.181
2022-01-18 18:00:00-03:00,0.896,12.325
2022-01-18 19:00:00-03:00,0.89,12.187
2022-01-18 20:00:00-03:00,0.843,11.384
2022-01-18 21:00:00-03:00,0.78,10.591
2022-01-18 22:00:00-03:00,0.749,10.262
2022-01-18 23:00:00-03:00,0.752,10.295
2022-01-19 00:00:00-03:00,0.679,9.627
2022-01-19 01:00:00-03:00,0.581,8.847
2022-01-19 02:00:00-03:00,0.534,8.502
2022-01-19 03:00:00-03:00,0.462,7.983
2022-01-19 04:00:00-03:00,0.421,7.699
2022-01-19 05:00:00-03:00,0.388,7.454
2022-01-19 06:00:00-03:00,0.291,6.716
2022-01-19 07:00:00-03:00,0.273,6.566
2022-01-19 08:00:00-03:00,0.198,5.889
2022-01-19 09:00:00-03:00,0.105,4.801
2022-01-19 10:00:00-03:00,0.052000000000000005,3.8810000000000002
2022-01-19 11:00:00-03:00,0.028,3.277
2022-01-19 12:00:00-03:00,0.024,3.123
2022-01-19 13:00:00-03:00,0.022,3.049
2022-01-19 14:00:00-03:00,0.02,2.981
2022-01-19 15:00:00-03:00,0.024,3.133
2022-01-19 16:00:00-03:00,0.029,3.302
2022-01-19 17:00:00-03:00,0.031,3.352
2022-01-19 18:00:00-03:00,0.027,3.234
2022-01-19 19:00:00-03:00,0.024,3.138
2022-01-19 20:00:00-03:00,0.056,3.949
2022-01-19 21:00:00-03:00,0.127,5.095
2022-01-19 22:00:00-03:00,0.178,5.69
2022-01-19 23:00:00-03:00,0.253,6.4
2022-01-20 00:00:00-03:00,0.331,7.033
2022-01-20 01:00:00-03:00,0.358,7.234
2022-01-20 02:00:00-03:00,0.355,7.211
2022-01-20 03:00:00-03:00,0.339,7.091
2022-01-20 04:00:00-03:00,0.323,6.959
2022-01-20 05:00:00-03:00,0.332,7.04
2022-01-20 06:00:00-03:00,0.325,6.983
2022-01-20 07:00:00-03:00,0.145,5.309
2022-01-20 08:00:00-03:00,0.06,4.044
2022-01-20 09:00:00-03:00,0.075,4.338
2022-01-20 10:00:00-03:00,0.158,5.465
2022-01-20 11:00:00-03:00,0.196,5.875
2022-01-20 12:00:00-03:00,0.164,5.531
2022-01-20 13:00:00-03:00,0.116,4.961
2022-01-20 14:00:00-03:00,0.078,4.371
2022-01-20 15:00:00-03:00,0.048,3.792
2022-01-20 16:00:00-03:00,0.028,3.254
2022-01-20 17:00:00-03:00,0.018000000000000002,2.896
2022-01-20 18:00:00-03:00,0.02,2.984
2022-01-20 19:00:00-03:00,0.041,3.627
2022-01-20 20:00:00-03:00,0.089,4.555
2022-01-20 21:00:00-03:00,0.121,5.024
2022-01-20 22:00:00-03:00,0.114,4.928
2022-01-20 23:00:00-03:00,0.099,4.712
2022-01-21 00:00:00-03:00,0.076,4.342
2022-01-21 01:00:00-03:00,0.073,4.293
2022-01-21 02:00:00-03:00,0.101,4.743
2022-01-21 03:00:00-03:00,0.149,5.37
2022-01-21 04:00:00-03:00,0.194,5.855
2022-01-21 05:00:00-03:00,0.231,6.203
2022-01-21 06:00:00-03:00,0.252,6.393
2022-01-21 07:00:00-03:00,0.228,6.173
2022-01-21 08:00:00-03:00,0.259,6.45
2022-01-21 09:00:00-03:00,0.368,7.31
2022-01-21 10:00:00-03:00,0.421,7.695
2022-01-21 11:00:00-03:00,0.4,7.546
2022-01-21 12:00:00-03:00,0.34700000000000003,7.146
2022-01-21 13:00:00-03:00,0.311,6.878
2022-01-21 14:00:00-03:00,0.305,6.823
2022-01-21 15:00:00-03:00,0.32,6.949
2022-01-21 16:00:00-03:00,0.389,7.462
2022-01-21 17:00:00-03:00,0.524,8.428
2022-01-21 18:00:00-03:00,0.671,9.554
2022-01-21 19:00:00-03:00,0.71,9.894
2022-01-21 20:00:00-03:00,0.626,9.184
2022-01-21 21:00:00-03:00,0.548,8.605
2022-01-21 22:00:00-03:00,0.49,8.187
2022-01-21 23:00:00-03:00,0.462,7.984
2022-01-22 00:00:00-03:00,0.443,7.8469999999999995
2022-01-22 01:00:00-03:00,0.384,7.422
2022-01-22 02:00:00-03:00,0.297,6.752
2022-01-22 03:00:00-03:00,0.225,6.15
2022-01-22 04:00:00-03:00,0.191,5.825
2022-01-22 05:00:00-03:00,0.163,5.527
2022-01-22 06:00:00-03:00,0.14400000000000002,5.302
2022-01-22 07:00:00-03:00,0.105,4.788
2022-01-22 08:00:00-03:00,0.112,4.901
2022-01-22 09:00:00-03:00,0.089,4.567
2022-01-22 10:00:00-03:00,0.055,3.939
2022-01-22 11:00:00-03:00,0.028,3.249
2022-01-22 12:00:00-03:00,0.005,2.196
2022-01-22 13:00:00-03:00,0.0,1.187
2022-01-22 14:00:00-03:00,0.0,1.017
2022-01-22 15:00:00-03:00,0.0,0.968
2022-01-22 16:00:00-03:00,0.0,1.222
2022-01-22 17:00:00-03:00,0.001,1.634
2022-01-22 18:00:00-03:00,0.005,2.147
2022-01-22 19:00:00-03:00,0.008,2.386
2022-01-22 20:00:00-03:00,0.007,2.3529999999999998
2022-01-22 21:00:00-03:00,0.006,2.218
2022-01-22 22:00:00-03:00,0.003,2.004
2022-01-22 23:00:00-03:00,0.005,2.126
2022-01-23 00:00:00-03:00,0.01,2.52
2022-01-23 01:00:00-03:00,0.021,3.01
2022-01-23 02:00:00-03:00,0.056,3.957
2022-01-23 03:00:00-03:00,0.125,5.06
2022-01-23 04:00:00-03:00,0.202,5.934
2022-01-23 05:00:00-03:00,0.259,6.452
2022-01-23 06:00:00-03:00,0.23800000000000002,6.257
2022-01-23 07:00:00-03:00,0.161,5.508
2022-01-23 08:00:00-03:00,0.323,6.964
2022-01-23 09:00:00-03:00,0.585,8.881
2022-01-23 10:00:00-03:00,0.787,10.666
2022-01-23 11:00:00-03:00,0.903,12.487
2022-01-23 12:00:00-03:00,0.936,13.768
2022-01-23 13:00:00-03:00,0.9410000000000001,14.294
2022-01-23 14:00:00-03:00,0.9410000000000001,14.55
2022-01-23 15:00:00-03:00,0.937,15.128
2022-01-23 16:00:00-03:00,0.93,15.581
2022-01-23 17:00:00-03:00,0.919,16.047
2022-01-23 18:00:00-03:00,0.905,16.526
2022-01-23 19:00:00-03:00,0.907,16.441
2022-01-23 20:00:00-03:00,0.934,15.362
2022-01-23 21:00:00-03:00,0.9400000000000001,14.847
2022-01-23 22:00:00-03:00,0.937,15.11
2022-01-23 23:00:00-03:00,0.9390000000000001,14.909
2022-01-24 00:00:00-03:00,0.9410000000000001,14.599
2022-01-24 01:00:00-03:00,0.9410000000000001,14.438
2022-01-24 02:00:00-03:00,0.9410000000000001,14.541
2022-01-24 03:00:00-03:00,0.9410000000000001,14.651
2022-01-24 04:00:00-03:00,0.9400000000000001,14.755
2022-01-24 05:00:00-03:00,0.937,15.13
2022-01-24 06:00:00-03:00,0.9390000000000001,14.904
2022-01-24 07:00:00-03:00,0.936,15.18
2022-01-24 08:00:00-03:00,0.917,16.139
2022-01-24 09:00:00-03:00,0.89,16.922
2022-01-24 10:00:00-03:00,0.871,17.358
2022-01-24 11:00:00-03:00,0.844,17.905
2022-01-24 12:00:00-03:00,0.776,19.058
2022-01-24 13:00:00-03:00,0.683,20.347
2022-01-24 14:00:00-03:00,0.611,21.225
2022-01-24 15:00:00-03:00,0.582,21.557
2022-01-24 16:00:00-03:00,0.594,21.419
2022-01-24 17:00:00-03:00,0.626,21.046
2022-01-24 18:00:00-03:00,0.675,20.448
2022-01-24 19:00:00-03:00,0.754,19.387
2022-01-24 20:00:00-03:00,0.862,17.569
2022-01-24 21:00:00-03:00,0.931,15.536
2022-01-24 22:00:00-03:00,0.9410000000000001,14.374
2022-01-24 23:00:00-03:00,0.9400000000000001,14.081
2022-01-25 00:00:00-03:00,0.9390000000000001,14.028
2022-01-25 01:00:00-03:00,0.9390000000000001,13.955
2022-01-25 02:00:00-03:00,0.937,13.787
2022-01-25 03:00:00-03:00,0.932,13.513
2022-01-25 04:00:00-03:00,0.93,13.415
2022-01-25 05:00:00-03:00,0.93,13.379
2022-01-25 06:00:00-03:00,0.93,13.384
2022-01-25 07:00:00-03:00,0.936,13.732
2022-01-25 08:00:00-03:00,0.928,15.649000000000001
2022-01-25 09:00:00-03:00,0.896,16.77
2022-01-25 10:00:00-03:00,0.868,17.417
2022-01-25 11:00:00-03:00,0.853,17.75
2022-01-25 12:00:00-03:00,0.842,17.949
2022-01-25 13:00:00-03:00,0.843,17.935
2022-01-25 14:00:00-03:00,0.846,17.885
2022-01-25 15:00:00-03:00,0.844,17.917
2022-01-25 16:00:00-03:00,0.848,17.845
2022-01-25 17:00:00-03:00,0.862,17.563
2022-01-25 18:00:00-03:00,0.884,17.069
2022-01-25 19:00:00-03:00,0.919,16.045
2022-01-25 20:00:00-03:00,0.9400000000000001,14.681000000000001
2022-01-25 21:00:00-03:00,0.929,13.353
2022-01-25 22:00:00-03:00,0.889,12.167
2022-01-25 23:00:00-03:00,0.84,11.34
2022-01-26 00:00:00-03:00,0.779,10.574
2022-01-26 01:00:00-03:00,0.718,9.972
2022-01-26 02:00:00-03:00,0.682,9.643
2022-01-26 03:00:00-03:00,0.643,9.331
2022-01-26 04:00:00-03:00,0.606,9.031
2022-01-26 05:00:00-03:00,0.586,8.883
2022-01-26 06:00:00-03:00,0.659,9.453
2022-01-26 07:00:00-03:00,0.75,10.276
2022-01-26 08:00:00-03:00,0.893,12.264
2022-01-26 09:00:00-03:00,0.923,13.111
2022-01-26 10:00:00-03:00,0.935,13.676
2022-01-26 11:00:00-03:00,0.9390000000000001,14.057
2022-01-26 12:00:00-03:00,0.9400000000000001,14.266
2022-01-26 13:00:00-03:00,0.9400000000000001,14.198
2022-01-26 14:00:00-03:00,0.9390000000000001,13.957
2022-01-26 15:00:00-03:00,0.935,13.644
2022-01-26 16:00:00-03:00,0.932,13.478
2022-01-26 17:00:00-03:00,0.93,13.407
2022-01-26 18:00:00-03:00,0.928,13.32
2022-01-26 19:00:00-03:00,0.919,12.951
2022-01-26 20:00:00-03:00,0.891,12.23
2022-01-26 21:00:00-03:00,0.837,11.283
2022-01-26 22:00:00-03:00,0.79,10.7
2022-01-26 23:00:00-03:00,0.772,10.502
2022-01-27 00:00:00-03:00,0.733,10.108
2022-01-27 01:00:00-03:00,0.708,9.873
2022-01-27 02:00:00-03:00,0.6920000000000001,9.732
2022-01-27 03:00:00-03:00,0.667,9.522
2022-01-27 04:00:00-03:00,0.637,9.28
2022-01-27 05:00:00-03:00,0.618,9.128
2022-01-27 06:00:00-03:00,0.553,8.64
2022-01-27 07:00:00-03:00,0.581,8.85
2022-01-27 08:00:00-03:00,0.604,9.016
2022-01-27 09:00:00-03:00,0.549,8.612
2022-01-27 10:00:00-03:00,0.489,8.17
2022-01-27 11:00:00-03:00,0.437,7.812
2022-01-27 12:00:00-03:00,0.375,7.354
2022-01-27 13:00:00-03:00,0.323,6.966
2022-01-27 14:00:00-03:00,0.295,6.737
2022-01-27 15:00:00-03:00,0.278,6.611
2022-01-27 16:00:00-03:00,0.265,6.503
2022-01-27 17:00:00-03:00,0.243,6.313
2022-01-27 18:00:00-03:00,0.23600000000000002,6.247
2022-01-27 19:00:00-03:00,0.231,6.201
2022-01-27 20:00:00-03:00,0.215,6.055
2022-01-27 21:00:00-03:00,0.234,6.225
2022-01-27 22:00:00-03:00,0.17400000000000002,5.648
2022-01-27 23:00:00-03:00,0.096,4.667
2022-01-28 00:00:00-03:00,0.038,3.542
2022-01-28 01:00:00-03:00,0.007,2.336
2022-01-28 02:00:00-03:00,0.003,1.951
2022-01-28 03:00:00-03:00,0.021,3.041
2022-01-28 04:00:00-03:00,0.075,4.329
2022-01-28 05:00:00-03:00,0.145,5.309
2022-01-28 06:00:00-03:00,0.17200000000000001,5.631
2022-01-28 07:00:00-03:00,0.123,5.035
2022-01-28 08:00:00-03:00,0.17200000000000001,5.627
2022-01-28 09:00:00-03:00,0.22,6.097
2022-01-28 10:00:00-03:00,0.234,6.227
2022-01-28 11:00:00-03:00,0.272,6.564
2022-01-28 12:00:00-03:00,0.278,6.61
2022-01-28 13:00:00-03:00,0.257,6.424
2022-01-28 14:00:00-03:00,0.241,6.296
2022-01-28 15:00:00-03:00,0.225,6.154
2022-01-28 16:00:00-03:00,0.19,5.803
2022-01-28 17:00:00-03:00,0.14,5.258
2022-01-28 18:00:00-03:00,0.136,5.201
2022-01-28 19:00:00-03:00,0.202,5.931
2022-01-28 20:00:00-03:00,0.306,6.835
2022-01-28 21:00:00-03:00,0.333,7.05
2022-01-28 22:00:00-03:00,0.256,6.416
2022-01-28 23:00:00-03:00,0.197,5.886
2022-01-29 00:00:00-03:00,0.19,5.806
2022-01-29 01:00:00-03:00,0.17500000000000002,5.657
2022-01-29 02:00:00-03:00,0.197,5.884
2022-01-29 03:00:00-03:00,0.267,6.521
2022-01-29 04:00:00-03:00,0.332,7.036
2022-01-29 05:00:00-03:00,0.388,7.457
2022-01-29 06:00:00-03:00,0.382,7.407
2022-01-29 07:00:00-03:00,0.246,6.328
2022-01-29 08:00:00-03:00,0.193,5.843
2022-01-29 09:00:00-03:00,0.399,7.539
2022-01-29 10:00:00-03:00,0.672,9.565
2022-01-29 11:00:00-03:00,0.6960000000000001,9.767
2022-01-29 12:00:00-03:00,0.608,9.048
2022-01-29 13:00:00-03:00,0.5730000000000001,8.789
2022-01-29 14:00:00-03:00,0.602,9.005
2022-01-29 15:00:00-03:00,0.661,9.47
2022-01-29 16:00:00-03:00,0.672,9.568
2022-01-29 17:00:00-03:00,0.664,9.497
2022-01-29 18:00:00-03:00,0.676,9.597
2022-01-29 19:00:00-03:00,0.6920000000000001,9.734
2022-01-29 20:00:00-03:00,0.667,9.509
2022-01-29 21:00:00-03:00,0.584,8.873
2022-01-29 22:00:00-03:00,0.544,8.569
2022-01-29 23:00:00-03:00,0.5700000000000001,8.769
2022-01-30 00:00:00-03:00,0.609,9.054
2022-01-30 01:00:00-03:00,0.614,9.099
2022-01-30 02:00:00-03:00,0.627,9.194
2022-01-30 03:00:00-03:00,0.632,9.234
2022-01-30 04:00:00-03:00,0.605,9.024
2022-01-30 05:00:00-03:00,0.636,9.274000000000001
2022-01-30 06:00:00-03:00,0.622,9.157
2022-01-30 07:00:00-03:00,0.75,10.278
2022-01-30 08:00:00-03:00,0.876,11.921
2022-01-30 09:00:00-03:00,0.912,12.747
2022-01-30 10:00:00-03:00,0.932,13.519
2022-01-30 11:00:00-03:00,0.9400000000000001,14.175
2022-01-30 12:00:00-03:00,0.9380000000000001,15.028
2022-01-30 13:00:00-03:00,0.926,15.775
2022-01-30 14:00:00-03:00,0.909,16.38
2022-01-30 15:00:00-03:00,0.896,16.757
2022-01-30 16:00:00-03:00,0.894,16.808
2022-01-30 17:00:00-03:00,0.884,17.055
2022-01-30 18:00:00-03:00,0.885,17.037
2022-01-30 19:00:00-03:00,0.896,16.777
2022-01-30 20:00:00-03:00,0.918,16.099
2022-01-30 21:00:00-03:00,0.9390000000000001,14.912
2022-01-30 22:00:00-03:00,0.9410000000000001,14.495
2022-01-30 23:00:00-03:00,0.9400000000000001,14.665
2022-01-31 00:00:00-03:00,0.935,15.237
2022-01-31 01:00:00-03:00,0.927,15.701
2022-01-31 02:00:00-03:00,0.914,16.234
2022-01-31 03:00:00-03:00,0.891,16.888
2022-01-31 04:00:00-03:00,0.869,17.402
2022-01-31 05:00:00-03:00,0.8300000000000001,18.184
2022-01-31 06:00:00-03:00,0.8220000000000001,18.314
2022-01-31 07:00:00-03:00,0.852,17.773
2022-01-31 08:00:00-03:00,0.88,17.151
2022-01-31 09:00:00-03:00,0.888,16.977
2022-01-31 10:00:00-03:00,0.869,17.398
2022-01-31 11:00:00-03:00,0.836,18.057
2022-01-31 12:00:00-03:00,0.8170000000000001,18.406
2022-01-31 13:00:00-03:00,0.799,18.705
2022-01-31 14:00:00-03:00,0.749,19.466
2022-01-31 15:00:00-03:00,0.6910000000000001,20.24
2022-01-31 16:00:00-03:00,0.7000000000000001,20.136
2022-01-31 17:00:00-03:00,0.737,19.635
2022-01-31 18:00:00-03:00,0.773,19.112
2022-01-31 19:00:00-03:00,0.8200000000000001,18.343
2022-01-31 20:00:00-03:00,0.909,16.39
2022-01-31 21:00:00-03:00,0.93,15.584
2022-01-31 22:00:00-03:00,0.918,16.071
2022-01-31 23:00:00-03:00,0.902,16.58
2022-02-01 00:00:00-03:00,0.876,17.245
2022-02-01 01:00:00-03:00,0.8180000000000001,18.373
2022-02-01 02:00:00-03:00,0.753,19.399
2022-02-01 03:00:00-03:00,0.743,19.542
2022-02-01 04:00:00-03:00,0.783,18.954
2022-02-01 05:00:00-03:00,0.797,18.725
2022-02-01 06:00:00-03:00,0.798,18.714
2022-02-01 07:00:00-03:00,0.786,18.897
2022-02-01 08:00:00-03:00,0.685,20.322
2022-02-01 09:00:00-03:00,0.607,21.275
2022-02-01 10:00:00-03:00,0.5740000000000001,21.646
2022-02-01 11:00:00-03:00,0.5670000000000001,21.734
2022-02-01 12:00:00-03:00,0.5630000000000001,21.777
2022-02-01 13:00:00-03:00,0.5660000000000001,21.742
2022-02-01 14:00:00-03:00,0.589,21.482
2022-02-01 15:00:00-03:00,0.616,21.173
2022-02-01 16:00:00-03:00,0.651,20.747
2022-02-01 17:00:00-03:00,0.6980000000000001,20.161
2022-02-01 18:00:00-03:00,0.746,19.51
2022-02-01 19:00:00-03:00,0.805,18.605
2022-02-01 20:00:00-03:00,0.89,16.916
2022-02-01 21:00:00-03:00,0.937,15.098
2022-02-01 22:00:00-03:00,0.9380000000000001,13.921
2022-02-01 23:00:00-03:00,0.93,13.378
2022-02-02 00:00:00-03:00,0.921,13.036
2022-02-02 01:00:00-03:00,0.904,12.509
2022-02-02 02:00:00-03:00,0.867,11.769
2022-02-02 03:00:00-03:00,0.8270000000000001,11.159
2022-02-02 04:00:00-03:00,0.79,10.697
2022-02-02 05:00:00-03:00,0.718,9.97
2022-02-02 06:00:00-03:00,0.609,9.053
2022-02-02 07:00:00-03:00,0.503,8.277
2022-02-02 08:00:00-03:00,0.387,7.451
2022-02-02 09:00:00-03:00,0.41400000000000003,7.6370000000000005
2022-02-02 10:00:00-03:00,0.451,7.91
2022-02-02 11:00:00-03:00,0.512,8.342
2022-02-02 12:00:00-03:00,0.627,9.204
2022-02-02 13:00:00-03:00,0.704,9.831
2022-02-02 14:00:00-03:00,0.778,10.569
2022-02-02 15:00:00-03:00,0.8240000000000001,11.114
2022-02-02 16:00:00-03:00,0.8170000000000001,11.012
2022-02-02 17:00:00-03:00,0.767,10.443
2022-02-02 18:00:00-03:00,0.68,9.634
2022-02-02 19:00:00-03:00,0.528,8.459
2022-02-02 20:00:00-03:00,0.366,7.297
2022-02-02 21:00:00-03:00,0.258,6.436
2022-02-02 22:00:00-03:00,0.161,5.504
2022-02-02 23:00:00-03:00,0.07,4.241
2022-02-03 00:00:00-03:00,0.034,3.444
2022-02-03 01:00:00-03:00,0.022,3.059
2022-02-03 02:00:00-03:00,0.017,2.858
2022-02-03 03:00:00-03:00,0.012,2.623
2022-02-03 04:00:00-03:00,0.008,2.382
2022-02-03 05:00:00-03:00,0.005,2.191
2022-02-03 06:00:00-03:00,0.003,1.936
2022-02-03 07:00:00-03:00,0.001,1.661
2022-02-03 08:00:00-03:00,0.001,1.6
2022-02-03 09:00:00-03:00,0.004,2.11
2022-02-03 10:00:00-03:00,0.021,3.02
2022-02-03 11:00:00-03:00,0.044,3.691
2022-02-03 12:00:00-03:00,0.063,4.107
2022-02-03 13:00:00-03:00,0.079,4.397
2022-02-03 14:00:00-03:00,0.107,4.837
2022-02-03 15:00:00-03:00,0.161,5.506
2022-02-03 16:00:00-03:00,0.233,6.218
2022-02-03 17:00:00-03:00,0.278,6.606
2022-02-03 18:00:00-03:00,0.309,6.852
2022-02-03 19:00:00-03:00,0.335,7.062
2022-02-03 20:00:00-03:00,0.329,7.008
2022-02-03 21:00:00-03:00,0.396,7.508
2022-02-03 22:00:00-03:00,0.456,7.948
2022-02-03 23:00:00-03:00,0.45,7.896
2022-02-04 00:00:00-03:00,0.399,7.534
2022-02-04 01:00:00-03:00,0.311,6.879
2022-02-04 02:00:00-03:00,0.248,6.349
2022-02-04 03:00:00-03:00,0.218,6.079
2022-02-04 04:00:00-03:00,0.191,5.823
2022-02-04 05:00:00-03:00,0.177,5.677
2022-02-04 06:00:00-03:00,0.161,5.503
2022-02-04 07:00:00-03:00,0.096,4.666
2022-02-04 08:00:00-03:00,0.1,4.727
2022-02-04 09:00:00-03:00,0.076,4.345
2022-02-04 10:00:00-03:00,0.059000000000000004,4.021
2022-02-04 11:00:00-03:00,0.046,3.737
2022-02-04 12:00:00-03:00,0.029,3.3
2022-02-04 13:00:00-03:00,0.017,2.854
2022-02-04 14:00:00-03:00,0.011,2.558
2022-02-04 15:00:00-03:00,0.008,2.409
2022-02-04 16:00:00-03:00,0.009000000000000001,2.464
2022-02-04 17:00:00-03:00,0.012,2.642
2022-02-04 18:00:00-03:00,0.015,2.761
2022-02-04 19:00:00-03:00,0.015,2.791
2022-02-04 20:00:00-03:00,0.01,2.527
2022-02-04 21:00:00-03:00,0.003,1.92
2022-02-04 22:00:00-03:00,0.004,2.084
2022-02-04 23:00:00-03:00,0.026000000000000002,3.201
2022-02-05 00:00:00-03:00,0.107,4.832
2022-02-05 01:00:00-03:00,0.193,5.839
2022-02-05 02:00:00-03:00,0.221,6.113
2022-02-05 03:00:00-03:00,0.228,6.178
2022-02-05 04:00:00-03:00,0.28200000000000003,6.642
2022-02-05 05:00:00-03:00,0.397,7.517
2022-02-05 06:00:00-03:00,0.537,8.524000000000001
2022-02-05 07:00:00-03:00,0.538,8.527
2022-02-05 08:00:00-03:00,0.545,8.576
2022-02-05 09:00:00-03:00,0.633,9.242
2022-02-05 10:00:00-03:00,0.763,10.404
2022-02-05 11:00:00-03:00,0.911,12.715
2022-02-05 12:00:00-03:00,0.931,15.51
2022-02-05 13:00:00-03:00,0.871,17.371
2022-02-05 14:00:00-03:00,0.873,17.321
2022-02-05 15:00:00-03:00,0.916,16.141
2022-02-05 16:00:00-03:00,0.9380000000000001,15.01
2022-02-05 17:00:00-03:00,0.9400000000000001,14.26
2022-02-05 18:00:00-03:00,0.933,13.558
2022-02-05 19:00:00-03:00,0.88,11.993
2022-02-05 20:00:00-03:00,0.711,9.897
2022-02-05 21:00:00-03:00,0.5670000000000001,8.737
2022-02-05 22:00:00-03:00,0.47600000000000003,8.079
2022-02-05 23:00:00-03:00,0.399,7.541
2022-02-06 00:00:00-03:00,0.315,6.91
2022-02-06 01:00:00-03:00,0.295,6.743
2022-02-06 02:00:00-03:00,0.28200000000000003,6.643
2022-02-06 03:00:00-03:00,0.303,6.814
2022-02-06 04:00:00-03:00,0.314,6.896
2022-02-06 05:00:00-03:00,0.34400000000000003,7.132
2022-02-06 06:00:00-03:00,0.382,7.41
2022-02-06 07:00:00-03:00,0.366,7.293
2022-02-06 08:00:00-03:00,0.335,7.061
2022-02-06 09:00:00-03:00,0.444,7.855
2022-02-06 10:00:00-03:00,0.558,8.668
2022-02-06 11:00:00-03:00,0.633,9.248
2022-02-06 12:00:00-03:00,0.649,9.374
2022-02-06 13:00:00-03:00,0.598,8.98
2022-02-06 14:00:00-03:00,0.466,8.017
2022-02-06 15:00:00-03:00,0.34600000000000003,7.139
2022-02-06 16:00:00-03:00,0.241,6.29
2022-02-06 17:00:00-03:00,0.136,5.219
2022-02-06 18:00:00-03:00,0.084,4.487
2022-02-06 19:00:00-03:00,0.065,4.144
2022-02-06 20:00:00-03:00,0.06,4.051
2022-02-06 21:00:00-03:00,0.038,3.5540000000000003
2022-02-06 22:00:00-03:00,0.008,2.384
2022-02-06 23:00:00-03:00,0.002,1.716
2022-02-07 00:00:00-03:00,0.005,2.121
2022-02-07 01:00:00-03:00,0.012,2.654
2022-02-07 02:00:00-03:00,0.058,4.001
2022-02-07 03:00:00-03:00,0.19,5.814
2022-02-07 04:00:00-03:00,0.334,7.057
2022-02-07 05:00:00-03:00,0.394,7.495
2022-02-07 06:00:00-03:00,0.355,7.214
2022-02-07 07:00:00-03:00,0.255,6.412
2022-02-07 08:00:00-03:00,0.127,5.103
2022-02-07 09:00:00-03:00,0.198,5.891
2022-02-07 10:00:00-03:00,0.317,6.916
2022-02-07 11:00:00-03:00,0.46900000000000003,8.034
2022-02-07 12:00:00-03:00,0.616,9.113
2022-02-07 13:00:00-03:00,0.741,10.172
2022-02-07 14:00:00-03:00,0.81,10.939
2022-02-07 15:00:00-03:00,0.861,11.647
2022-02-07 16:00:00-03:00,0.861,11.662
2022-02-07 17:00:00-03:00,0.8270000000000001,11.153
2022-02-07 18:00:00-03:00,0.728,10.059
2022-02-07 19:00:00-03:00,0.637,9.279
2022-02-07 20:00:00-03:00,0.652,9.394
2022-02-07 21:00:00-03:00,0.763,10.4
2022-02-07 22:00:00-03:00,0.712,9.912
2022-02-07 23:00:00-03:00,0.749,10.264
2022-02-08 00:00:00-03:00,0.797,10.785
2022-02-08 01:00:00-03:00,0.852,11.514
2022-02-08 02:00:00-03:00,0.913,12.756
2022-02-08 03:00:00-03:00,0.932,13.505
2022-02-08 04:00:00-03:00,0.925,13.183
2022-02-08 05:00:00-03:00,0.911,12.704
2022-02-08 06:00:00-03:00,0.897,12.362
2022-02-08 07:00:00-03:00,0.9,12.414
2022-02-08 08:00:00-03:00,0.9410000000000001,14.304
2022-02-08 09:00:00-03:00,0.937,15.129
2022-02-08 10:00:00-03:00,0.936,15.208
2022-02-08 11:00:00-03:00,0.9380000000000001,14.975
2022-02-08 12:00:00-03:00,0.9400000000000001,14.66
2022-02-08 13:00:00-03:00,0.936,13.72
2022-02-08 14:00:00-03:00,0.91,12.671
2022-02-08 15:00:00-03:00,0.862,11.685
2022-02-08 16:00:00-03:00,0.789,10.693
2022-02-08 17:00:00-03:00,0.662,9.478
2022-02-08 18:00:00-03:00,0.505,8.294
2022-02-08 19:00:00-03:00,0.34800000000000003,7.16
2022-02-08 20:00:00-03:00,0.15,5.384
2022-02-08 21:00:00-03:00,0.068,4.205
2022-02-08 22:00:00-03:00,0.113,4.918
2022-02-08 23:00:00-03:00,0.47600000000000003,8.09
2022-02-09 00:00:00-03:00,0.784,10.625
2022-02-09 01:00:00-03:00,0.897,12.361
2022-02-09 02:00:00-03:00,0.93,13.365
2022-02-09 03:00:00-03:00,0.929,13.341
2022-02-09 04:00:00-03:00,0.937,13.819
2022-02-09 05:00:00-03:00,0.915,16.196
2022-02-09 06:00:00-03:00,0.906,16.494
2022-02-09 07:00:00-03:00,0.866,17.482
2022-02-09 08:00:00-03:00,0.781,18.993
2022-02-09 09:00:00-03:00,0.682,20.351
2022-02-09 10:00:00-03:00,0.614,21.187
2022-02-09 11:00:00-03:00,0.5750000000000001,21.644
2022-02-09 12:00:00-03:00,0.596,21.4
2022-02-09 13:00:00-03:00,0.621,21.116
2022-02-09 14:00:00-03:00,0.655,20.699
2022-02-09 15:00:00-03:00,0.712,19.976
2022-02-09 16:00:00-03:00,0.783,18.958
2022-02-09 17:00:00-03:00,0.852,17.754
2022-02-09 18:00:00-03:00,0.904,16.553
2022-02-09 19:00:00-03:00,0.937,15.079
2022-02-09 20:00:00-03:00,0.929,13.337
2022-02-09 21:00:00-03:00,0.892,12.25
2022-02-09 22:00:00-03:00,0.892,12.237
2022-02-09 23:00:00-03:00,0.907,12.6
2022-02-10 00:00:00-03:00,0.919,12.959
2022-02-10 01:00:00-03:00,0.929,13.345
2022-02-10 02:00:00-03:00,0.935,13.688
2022-02-10 03:00:00-03:00,0.9380000000000001,13.914
2022-02-10 04:00:00-03:00,0.9390000000000001,14.06
2022-02-10 05:00:00-03:00,0.9410000000000001,14.378
2022-02-10 06:00:00-03:00,0.9410000000000001,14.471
2022-02-10 07:00:00-03:00,0.9410000000000001,14.446
2022-02-10 08:00:00-03:00,0.9410000000000001,14.496
2022-02-10 09:00:00-03:00,0.9380000000000001,15.068
2022-02-10 10:00:00-03:00,0.918,16.091
2022-02-10 11:00:00-03:00,0.895,16.799
2022-02-10 12:00:00-03:00,0.885,17.043
2022-02-10 13:00:00-03:00,0.885,17.046
2022-02-10 14:00:00-03:00,0.889,16.95
2022-02-10 15:00:00-03:00,0.891,16.894
2022-02-10 16:00:00-03:00,0.89,16.902
2022-02-10 17:00:00-03:00,0.897,16.73
2022-02-10 18:00:00-03:00,0.915,16.179
2022-02-10 19:00:00-03:00,0.937,15.137
2022-02-10 20:00:00-03:00,0.93,13.387
2022-02-10 21:00:00-03:00,0.883,12.06
2022-02-10 22:00:00-03:00,0.802,10.837
2022-02-10 23:00:00-03:00,0.65,9.38
2022-02-11 00:00:00-03:00,0.624,9.171
2022-02-11 01:00:00-03:00,0.632,9.234
2022-02-11 02:00:00-03:00,0.668,9.533
2022-02-11 03:00:00-03:00,0.682,9.645
2022-02-11 04:00:00-03:00,0.686,9.674
2022-02-11 05:00:00-03:00,0.658,9.444
2022-02-11 06:00:00-03:00,0.7000000000000001,9.805
2022-02-11 07:00:00-03:00,0.625,9.182
2022-02-11 08:00:00-03:00,0.84,11.325
2022-02-11 09:00:00-03:00,0.9400000000000001,14.245
2022-02-11 10:00:00-03:00,0.928,15.679
2022-02-11 11:00:00-03:00,0.902,16.596
2022-02-11 12:00:00-03:00,0.901,16.629
2022-02-11 13:00:00-03:00,0.906,16.469
2022-02-11 14:00:00-03:00,0.892,16.857
2022-02-11 15:00:00-03:00,0.885,17.044
2022-02-11 16:00:00-03:00,0.892,16.86
2022-02-11 17:00:00-03:00,0.899,16.676
2022-02-11 18:00:00-03:00,0.854,17.713
2022-02-11 19:00:00-03:00,0.808,18.551
2022-02-11 20:00:00-03:00,0.799,18.701
2022-02-11 21:00:00-03:00,0.798,18.723
2022-02-11 22:00:00-03:00,0.783,18.952
2022-02-11 23:00:00-03:00,0.782,18.97
2022-02-12 00:00:00-03:00,0.806,18.576999999999998
2022-02-12 01:00:00-03:00,0.8240000000000001,18.278
2022-02-12 02:00:00-03:00,0.8160000000000001,18.415
2022-02-12 03:00:00-03:00,0.806,18.588
2022-02-12 04:00:00-03:00,0.78,19.003
2022-02-12 05:00:00-03:00,0.782,18.969
2022-02-12 06:00:00-03:00,0.834,18.11
2022-02-12 07:00:00-03:00,0.856,17.669
2022-02-12 08:00:00-03:00,0.857,17.647
2022-02-12 09:00:00-03:00,0.838,18.03
2022-02-12 10:00:00-03:00,0.841,17.973
2022-02-12 11:00:00-03:00,0.85,17.804
2022-02-12 12:00:00-03:00,0.857,17.648
2022-02-12 13:00:00-03:00,0.864,17.505
2022-02-12 14:00:00-03:00,0.877,17.237
2022-02-12 15:00:00-03:00,0.901,16.622
2022-02-12 16:00:00-03:00,0.927,15.701
2022-02-12 17:00:00-03:00,0.9410000000000001,14.553
2022-02-12 18:00:00-03:00,0.93,13.381
2022-02-12 19:00:00-03:00,0.861,11.657
2022-02-12 20:00:00-03:00,0.771,10.487
2022-02-12 21:00:00-03:00,0.8180000000000001,11.044
2022-02-12 22:00:00-03:00,0.9,12.421
2022-02-12 23:00:00-03:00,0.9380000000000001,13.954
2022-02-13 00:00:00-03:00,0.934,15.336
2022-02-13 01:00:00-03:00,0.912,16.282
2022-02-13 02:00:00-03:00,0.891,16.897
2022-02-13 03:00:00-03:00,0.86,17.603
2022-02-13 04:00:00-03:00,0.775,19.077
2022-02-13 05:00:00-03:00,0.529,22.147
2022-02-13 06:00:00-03:00,0.253,25.169
2022-02-13 07:00:00-03:00,0.159,26.416
2022-02-13 08:00:00-03:00,0.106,27.321
2022-02-13 09:00:00-03:00,0.08600000000000001,27.726
2022-02-13 10:00:00-03:00,0.096,27.53
2022-02-13 11:00:00-03:00,0.13,26.885
2022-02-13 12:00:00-03:00,0.227,25.489
2022-02-13 13:00:00-03:00,0.372,23.833
2022-02-13 14:00:00-03:00,0.519,22.256
2022-02-13 15:00:00-03:00,0.65,20.766
2022-02-13 16:00:00-03:00,0.765,19.227
2022-02-13 17:00:00-03:00,0.858,17.641
2022-02-13 18:00:00-03:00,0.919,16.032
2022-02-13 19:00:00-03:00,0.9390000000000001,14.066
2022-02-13 20:00:00-03:00,0.858,11.61
2022-02-13 21:00:00-03:00,0.671,9.558
2022-02-13 22:00:00-03:00,0.503,8.275
2022-02-13 23:00:00-03:00,0.371,7.324
2022-02-14 00:00:00-03:00,0.248,6.356
2022-02-14 01:00:00-03:00,0.146,5.337
2022-02-14 02:00:00-03:00,0.127,5.101
2022-02-14 03:00:00-03:00,0.17300000000000001,5.642
2022-02-14 04:00:00-03:00,0.23,6.198
2022-02-14 05:00:00-03:00,0.309,6.86
2022-02-14 06:00:00-03:00,0.39,7.472
2022-02-14 07:00:00-03:00,0.327,6.998
2022-02-14 08:00:00-03:00,0.329,7.01
2022-02-14 09:00:00-03:00,0.49,8.188
2022-02-14 10:00:00-03:00,0.51,8.321
2022-02-14 11:00:00-03:00,0.606,9.035
2022-02-14 12:00:00-03:00,0.716,9.94
2022-02-14 13:00:00-03:00,0.748,10.254
2022-02-14 14:00:00-03:00,0.81,10.936
2022-02-14 15:00:00-03:00,0.885,12.099
2022-02-14 16:00:00-03:00,0.931,13.456
2022-02-14 17:00:00-03:00,0.9380000000000001,15.06
2022-02-14 18:00:00-03:00,0.912,16.305
2022-02-14 19:00:00-03:00,0.921,15.986
2022-02-14 20:00:00-03:00,0.9410000000000001,14.321
2022-02-14 21:00:00-03:00,0.917,12.894
2022-02-14 22:00:00-03:00,0.904,12.534
2022-02-14 23:00:00-03:00,0.904,12.515
2022-02-15 00:00:00-03:00,0.901,12.442
2022-02-15 01:00:00-03:00,0.895,12.312
2022-02-15 02:00:00-03:00,0.888,12.159
2022-02-15 03:00:00-03:00,0.881,12.012
2022-02-15 04:00:00-03:00,0.869,11.788
2022-02-15 05:00:00-03:00,0.87,11.814
2022-02-15 06:00:00-03:00,0.873,11.864
2022-02-15 07:00:00-03:00,0.867,11.759
2022-02-15 08:00:00-03:00,0.913,12.77
2022-02-15 09:00:00-03:00,0.9390000000000001,14.019
2022-02-15 10:00:00-03:00,0.9400000000000001,14.74
2022-02-15 11:00:00-03:00,0.935,15.28
2022-02-15 12:00:00-03:00,0.929,15.615
2022-02-15 13:00:00-03:00,0.924,15.838
2022-02-15 14:00:00-03:00,0.924,15.858
2022-02-15 15:00:00-03:00,0.93,15.57
2022-02-15 16:00:00-03:00,0.936,15.204
2022-02-15 17:00:00-03:00,0.9390000000000001,14.946
2022-02-15 18:00:00-03:00,0.9410000000000001,14.445
2022-02-15 19:00:00-03:00,0.922,13.054
2022-02-15 20:00:00-03:00,0.884,12.088
2022-02-15 21:00:00-03:00,0.875,11.903
2022-02-15 22:00:00-03:00,0.8260000000000001,11.136
2022-02-15 23:00:00-03:00,0.65,9.38
2022-02-16 00:00:00-03:00,0.5760000000000001,8.812
2022-02-16 01:00:00-03:00,0.658,9.44
2022-02-16 02:00:00-03:00,0.686,9.672
2022-02-16 03:00:00-03:00,0.6990000000000001,9.795
2022-02-16 04:00:00-03:00,0.675,9.592
2022-02-16 05:00:00-03:00,0.58,8.841
2022-02-16 06:00:00-03:00,0.501,8.257
2022-02-16 07:00:00-03:00,0.47600000000000003,8.09
2022-02-16 08:00:00-03:00,0.683,9.647
2022-02-16 09:00:00-03:00,0.8290000000000001,11.189
2022-02-16 10:00:00-03:00,0.892,12.238
2022-02-16 11:00:00-03:00,0.927,13.267
2022-02-16 12:00:00-03:00,0.9410000000000001,14.583
2022-02-16 13:00:00-03:00,0.892,16.867
2022-02-16 14:00:00-03:00,0.795,18.753
2022-02-16 15:00:00-03:00,0.755,19.371
2022-02-16 16:00:00-03:00,0.723,19.829
2022-02-16 17:00:00-03:00,0.7000000000000001,20.128
2022-02-16 18:00:00-03:00,0.727,19.765
2022-02-16 19:00:00-03:00,0.769,19.174
2022-02-16 20:00:00-03:00,0.8140000000000001,18.453
2022-02-16 21:00:00-03:00,0.851,17.786
2022-02-16 22:00:00-03:00,0.854,17.715
2022-02-16 23:00:00-03:00,0.842,17.955
2022-02-17 00:00:00-03:00,0.8230000000000001,18.294
2022-02-17 01:00:00-03:00,0.804,18.615
2022-02-17 02:00:00-03:00,0.779,19.022
2022-02-17 03:00:00-03:00,0.766,19.217
2022-02-17 04:00:00-03:00,0.79,18.844
2022-02-17 05:00:00-03:00,0.804,18.626
2022-02-17 06:00:00-03:00,0.802,18.647
2022-02-17 07:00:00-03:00,0.8140000000000001,18.459
2022-02-17 08:00:00-03:00,0.8200000000000001,18.355
2022-02-17 09:00:00-03:00,0.801,18.662
2022-02-17 10:00:00-03:00,0.793,18.801
2022-02-17 11:00:00-03:00,0.8230000000000001,18.296
2022-02-17 12:00:00-03:00,0.873,17.312
2022-02-17 13:00:00-03:00,0.894,16.818
2022-02-17 14:00:00-03:00,0.913,16.239
2022-02-17 15:00:00-03:00,0.929,15.597
2022-02-17 16:00:00-03:00,0.935,15.26
2022-02-17 17:00:00-03:00,0.9400000000000001,14.745
2022-02-17 18:00:00-03:00,0.936,13.719
2022-02-17 19:00:00-03:00,0.892,12.257
2022-02-17 20:00:00-03:00,0.797,10.777
2022-02-17 21:00:00-03:00,0.6970000000000001,9.778
2022-02-17 22:00:00-03:00,0.665,9.501
2022-02-17 23:00:00-03:00,0.623,9.164
2022-02-18 00:00:00-03:00,0.617,9.12
2022-02-18 01:00:00-03:00,0.598,8.979
2022-02-18 02:00:00-03:00,0.579,8.825
2022-02-18 03:00:00-03:00,0.543,8.565
2022-02-18 04:00:00-03:00,0.501,8.262
2022-02-18 05:00:00-03:00,0.447,7.885
2022-02-18 06:00:00-03:00,0.387,7.441
2022-02-18 07:00:00-03:00,0.299,6.785
2022-02-18 08:00:00-03:00,0.149,5.371
2022-02-18 09:00:00-03:00,0.177,5.677
2022-02-18 10:00:00-03:00,0.20800000000000002,5.993
2022-02-18 11:00:00-03:00,0.215,6.055
2022-02-18 12:00:00-03:00,0.221,6.11
2022-02-18 13:00:00-03:00,0.243,6.309
2022-02-18 14:00:00-03:00,0.244,6.323
2022-02-18 15:00:00-03:00,0.241,6.292
2022-02-18 16:00:00-03:00,0.265,6.492
2022-02-18 17:00:00-03:00,0.312,6.884
2022-02-18 18:00:00-03:00,0.364,7.274
2022-02-18 19:00:00-03:00,0.386,7.438
2022-02-18 20:00:00-03:00,0.329,7.009
2022-02-18 21:00:00-03:00,0.298,6.774
2022-02-18 22:00:00-03:00,0.311,6.876
2022-02-18 23:00:00-03:00,0.36,7.246
2022-02-19 00:00:00-03:00,0.384,7.43
2022-02-19 01:00:00-03:00,0.381,7.397
2022-02-19 02:00:00-03:00,0.368,7.314
2022-02-19 03:00:00-03:00,0.34,7.095
2022-02-19 04:00:00-03:00,0.33,7.023
2022-02-19 05:00:00-03:00,0.295,6.736
2022-02-19 06:00:00-03:00,0.298,6.775
2022-02-19 07:00:00-03:00,0.334,7.055
2022-02-19 08:00:00-03:00,0.366,7.297
2022-02-19 09:00:00-03:00,0.371,7.327
2022-02-19 10:00:00-03:00,0.314,6.902
2022-02-19 11:00:00-03:00,0.281,6.633
2022-02-19 12:00:00-03:00,0.243,6.311
2022-02-19 13:00:00-03:00,0.201,5.921
2022-02-19 14:00:00-03:00,0.17300000000000001,5.638
2022-02-19 15:00:00-03:00,0.159,5.489
2022-02-19 16:00:00-03:00,0.164,5.531
2022-02-19 17:00:00-03:00,0.169,5.584
2022-02-19 18:00:00-03:00,0.185,5.767
2022-02-19 19:00:00-03:00,0.217,6.072
2022-02-19 20:00:00-03:00,0.297,6.752
2022-02-19 21:00:00-03:00,0.394,7.492
2022-02-19 22:00:00-03:00,0.451,7.911
2022-02-19 23:00:00-03:00,0.47200000000000003,8.059
2022-02-20 00:00:00-03:00,0.402,7.561
2022-02-20 01:00:00-03:00,0.357,7.23
2022-02-20 02:00:00-03:00,0.353,7.189
2022-02-20 03:00:00-03:00,0.363,7.263
2022-02-20 04:00:00-03:00,0.336,7.067
2022-02-20 05:00:00-03:00,0.278,6.61
2022-02-20 06:00:00-03:00,0.243,6.308
2022-02-20 07:00:00-03:00,0.219,6.09
2022-02-20 08:00:00-03:00,0.306,6.828
2022-02-20 09:00:00-03:00,0.318,6.922
2022-02-20 10:00:00-03:00,0.257,6.427
2022-02-20 11:00:00-03:00,0.257,6.432
2022-02-20 12:00:00-03:00,0.278,6.599
2022-02-20 13:00:00-03:00,0.257,6.433
2022-02-20 14:00:00-03:00,0.241,6.296
2022-02-20 15:00:00-03:00,0.196,5.878
2022-02-20 16:00:00-03:00,0.158,5.461
2022-02-20 17:00:00-03:00,0.156,5.445
2022-02-20 18:00:00-03:00,0.196,5.877
2022-02-20 19:00:00-03:00,0.232,6.206
2022-02-20 20:00:00-03:00,0.455,7.936
2022-02-20 21:00:00-03:00,0.6970000000000001,9.782
2022-02-20 22:00:00-03:00,0.719,9.975999999999999
2022-02-20 23:00:00-03:00,0.727,10.047
2022-02-21 00:00:00-03:00,0.73,10.076
2022-02-21 01:00:00-03:00,0.725,10.03
2022-02-21 02:00:00-03:00,0.712,9.908
2022-02-21 03:00:00-03:00,0.6990000000000001,9.801
2022-02-21 04:00:00-03:00,0.68,9.631
2022-02-21 05:00:00-03:00,0.62,9.143
2022-02-21 06:00:00-03:00,0.5680000000000001,8.752
2022-02-21 07:00:00-03:00,0.436,7.804
2022-02-21 08:00:00-03:00,0.179,5.693
2022-02-21 09:00:00-03:00,0.076,4.348
2022-02-21 10:00:00-03:00,0.132,5.16
2022-02-21 11:00:00-03:00,0.136,5.213
2022-02-21 12:00:00-03:00,0.14,5.268
2022-02-21 13:00:00-03:00,0.155,5.438
2022-02-21 14:00:00-03:00,0.17,5.609
2022-02-21 15:00:00-03:00,0.191,5.828
2022-02-21 16:00:00-03:00,0.223,6.136
2022-02-21 17:00:00-03:00,0.257,6.427
2022-02-21 18:00:00-03:00,0.298,6.775
2022-02-21 19:00:00-03:00,0.369,7.319
2022-02-21 20:00:00-03:00,0.588,8.895
2022-02-21 21:00:00-03:00,0.706,9.858
2022-02-21 22:00:00-03:00,0.647,9.357
2022-02-21 23:00:00-03:00,0.5680000000000001,8.741
2022-02-22 00:00:00-03:00,0.536,8.516
2022-02-22 01:00:00-03:00,0.551,8.626
2022-02-22 02:00:00-03:00,0.5710000000000001,8.772
2022-02-22 03:00:00-03:00,0.58,8.838
2022-02-22 04:00:00-03:00,0.584,8.87
2022-02-22 05:00:00-03:00,0.58,8.838
2022-02-22 06:00:00-03:00,0.609,9.049
2022-02-22 07:00:00-03:00,0.584,8.872
2022-02-22 08:00:00-03:00,0.482,8.132
2022-02-22 09:00:00-03:00,0.648,9.369
2022-02-22 10:00:00-03:00,0.8250000000000001,11.129
2022-02-22 11:00:00-03:00,0.891,12.234
2022-02-22 12:00:00-03:00,0.906,12.572
2022-02-22 13:00:00-03:00,0.911,12.71
2022-02-22 14:00:00-03:00,0.915,12.824
2022-02-22 15:00:00-03:00,0.911,12.704
2022-02-22 16:00:00-03:00,0.904,12.532
2022-02-22 17:00:00-03:00,0.9,12.419
2022-02-22 18:00:00-03:00,0.88,11.989
2022-02-22 19:00:00-03:00,0.8160000000000001,11.007
2022-02-22 20:00:00-03:00,0.709,9.884
2022-02-22 21:00:00-03:00,0.5730000000000001,8.786
2022-02-22 22:00:00-03:00,0.521,8.411
2022-02-22 23:00:00-03:00,0.518,8.39
2022-02-23 00:00:00-03:00,0.47800000000000004,8.096
2022-02-23 01:00:00-03:00,0.388,7.456
2022-02-23 02:00:00-03:00,0.314,6.892
2022-02-23 03:00:00-03:00,0.303,6.816
2022-02-23 04:00:00-03:00,0.253,6.401
2022-02-23 05:00:00-03:00,0.168,5.573
2022-02-23 06:00:00-03:00,0.075,4.328
2022-02-23 07:00:00-03:00,0.012,2.646
2022-02-23 08:00:00-03:00,0.001,1.651
2022-02-23 09:00:00-03:00,0.0,1.361
2022-02-23 10:00:00-03:00,0.008,2.4
2022-02-23 11:00:00-03:00,0.037,3.505
2022-02-23 12:00:00-03:00,0.056,3.955
2022-02-23 13:00:00-03:00,0.061,4.064
2022-02-23 14:00:00-03:00,0.07100000000000001,4.249
2022-02-23 15:00:00-03:00,0.091,4.5969999999999995
2022-02-23 16:00:00-03:00,0.124,5.047
2022-02-23 17:00:00-03:00,0.187,5.7780000000000005
2022-02-23 18:00:00-03:00,0.268,6.525
2022-02-23 19:00:00-03:00,0.503,8.274000000000001
2022-02-23 20:00:00-03:00,0.79,10.698
2022-02-23 21:00:00-03:00,0.8270000000000001,11.156
2022-02-23 22:00:00-03:00,0.735,10.127
2022-02-23 23:00:00-03:00,0.543,8.564
2022-02-24 00:00:00-03:00,0.309,6.858
2022-02-24 01:00:00-03:00,0.166,5.554
2022-02-24 02:00:00-03:00,0.11800000000000001,4.985
2022-02-24 03:00:00-03:00,0.088,4.54
2022-02-24 04:00:00-03:00,0.079,4.382
2022-02-24 05:00:00-03:00,0.155,5.436
2022-02-24 06:00:00-03:00,0.394,7.5
2022-02-24 07:00:00-03:00,0.511,8.34
2022-02-24 08:00:00-03:00,0.541,8.549
2022-02-24 09:00:00-03:00,0.6900000000000001,9.717
2022-02-24 10:00:00-03:00,0.746,10.231
2022-02-24 11:00:00-03:00,0.749,10.264
2022-02-24 12:00:00-03:00,0.676,9.598
2022-02-24 13:00:00-03:00,0.542,8.552
2022-02-24 14:00:00-03:00,0.46,7.973
2022-02-24 15:00:00-03:00,0.47300000000000003,8.067
2022-02-24 16:00:00-03:00,0.517,8.384
2022-02-24 17:00:00-03:00,0.551,8.631
2022-02-24 18:00:00-03:00,0.589,8.911
2022-02-24 19:00:00-03:00,0.587,8.893
2022-02-24 20:00:00-03:00,0.592,8.929
2022-02-24 21:00:00-03:00,0.604,9.023
2022-02-24 22:00:00-03:00,0.611,9.075
2022-02-24 23:00:00-03:00,0.58,8.836
2022-02-25 00:00:00-03:00,0.539,8.536
2022-02-25 01:00:00-03:00,0.492,8.202
2022-02-25 02:00:00-03:00,0.561,8.69
2022-02-25 03:00:00-03:00,0.538,8.528
2022-02-25 04:00:00-03:00,0.46900000000000003,8.035
2022-02-25 05:00:00-03:00,0.466,8.016
2022-02-25 06:00:00-03:00,0.501,8.269
2022-02-25 07:00:00-03:00,0.527,8.444
2022-02-25 08:00:00-03:00,0.597,8.972
2022-02-25 09:00:00-03:00,0.759,10.359
2022-02-25 10:00:00-03:00,0.811,10.947
2022-02-25 11:00:00-03:00,0.835,11.256
2022-02-25 12:00:00-03:00,0.864,11.72
2022-02-25 13:00:00-03:00,0.896,12.338
2022-02-25 14:00:00-03:00,0.92,12.989
2022-02-25 15:00:00-03:00,0.933,13.543
2022-02-25 16:00:00-03:00,0.9380000000000001,13.937
2022-02-25 17:00:00-03:00,0.9380000000000001,13.945
2022-02-25 18:00:00-03:00,0.928,13.31
2022-02-25 19:00:00-03:00,0.854,11.541
2022-02-25 20:00:00-03:00,0.655,9.415
2022-02-25 21:00:00-03:00,0.46,7.977
2022-02-25 22:00:00-03:00,0.382,7.4030000000000005
2022-02-25 23:00:00-03:00,0.37,7.323
2022-02-26 00:00:00-03:00,0.381,7.399
2022-02-26 01:00:00-03:00,0.387,7.45
2022-02-26 02:00:00-03:00,0.381,7.397
2022-02-26 03:00:00-03:00,0.372,7.334
2022-02-26 04:00:00-03:00,0.369,7.316
2022-02-26 05:00:00-03:00,0.388,7.458
2022-02-26 06:00:00-03:00,0.406,7.588
2022-02-26 07:00:00-03:00,0.377,7.369
2022-02-26 08:00:00-03:00,0.241,6.297
2022-02-26 09:00:00-03:00,0.399,7.538
2022-02-26 10:00:00-03:00,0.462,7.985
2022-02-26 11:00:00-03:00,0.536,8.509
2022-02-26 12:00:00-03:00,0.646,9.35
2022-02-26 13:00:00-03:00,0.746,10.233
2022-02-26 14:00:00-03:00,0.811,10.947
2022-02-26 15:00:00-03:00,0.846,11.423
2022-02-26 16:00:00-03:00,0.854,11.551
2022-02-26 17:00:00-03:00,0.846,11.419
2022-02-26 18:00:00-03:00,0.767,10.449
2022-02-26 19:00:00-03:00,0.5640000000000001,8.713
2022-02-26 20:00:00-03:00,0.39,7.469
2022-02-26 21:00:00-03:00,0.298,6.776
2022-02-26 22:00:00-03:00,0.267,6.521
2022-02-26 23:00:00-03:00,0.271,6.553
2022-02-27 00:00:00-03:00,0.295,6.741
2022-02-27 01:00:00-03:00,0.291,6.707
2022-02-27 02:00:00-03:00,0.298,6.774
2022-02-27 03:00:00-03:00,0.269,6.532
2022-02-27 04:00:00-03:00,0.304,6.82
2022-02-27 05:00:00-03:00,0.367,7.303
2022-02-27 06:00:00-03:00,0.446,7.869
2022-02-27 07:00:00-03:00,0.52,8.397
2022-02-27 08:00:00-03:00,0.5760000000000001,8.806000000000001
2022-02-27 09:00:00-03:00,0.536,8.518
2022-02-27 10:00:00-03:00,0.601,8.989
2022-02-27 11:00:00-03:00,0.712,9.905
2022-02-27 12:00:00-03:00,0.76,10.367
2022-02-27 13:00:00-03:00,0.763,10.407
2022-02-27 14:00:00-03:00,0.787,10.662
2022-02-27 15:00:00-03:00,0.785,10.638
2022-02-27 16:00:00-03:00,0.75,10.276
2022-02-27 17:00:00-03:00,0.804,10.858
2022-02-27 18:00:00-03:00,0.868,11.777
2022-02-27 19:00:00-03:00,0.865,11.729
2022-02-27 20:00:00-03:00,0.841,11.348
2022-02-27 21:00:00-03:00,0.87,11.813
2022-02-27 22:00:00-03:00,0.899,12.402
2022-02-27 23:00:00-03:00,0.911,12.701
2022-02-28 00:00:00-03:00,0.914,12.799
2022-02-28 01:00:00-03:00,0.919,12.938
2022-02-28 02:00:00-03:00,0.925,13.164
2022-02-28 03:00:00-03:00,0.924,13.146
2022-02-28 04:00:00-03:00,0.923,13.119
2022-02-28 05:00:00-03:00,0.923,13.11
2022-02-28 06:00:00-03:00,0.921,13.026
2022-02-28 07:00:00-03:00,0.915,12.83
2022-02-28 08:00:00-03:00,0.918,12.915
2022-02-28 09:00:00-03:00,0.9400000000000001,14.21
2022-02-28 10:00:00-03:00,0.9410000000000001,14.499
2022-02-28 11:00:00-03:00,0.9410000000000001,14.322
2022-02-28 12:00:00-03:00,0.9390000000000001,13.983
2022-02-28 13:00:00-03:00,0.928,13.294
2022-02-28 14:00:00-03:00,0.915,12.842
2022-02-28 15:00:00-03:00,0.896,12.339
2022-02-28 16:00:00-03:00,0.835,11.268
2022-02-28 17:00:00-03:00,0.721,9.999
2022-02-28 18:00:00-03:00,0.462,7.983
2022-02-28 19:00:00-03:00,0.301,6.795
2022-02-28 20:00:00-03:00,0.425,7.726
2022-02-28 21:00:00-03:00,0.5690000000000001,8.756
2022-02-28 22:00:00-03:00,0.65,9.38
2022-02-28 23:00:00-03:00,0.6940000000000001,9.753
2022-03-01 00:00:00-03:00,0.727,10.047
2022-03-01 01:00:00-03:00,0.718,9.959
2022-03-01 02:00:00-03:00,0.732,10.093
2022-03-01 03:00:00-03:00,0.721,9.997
2022-03-01 04:00:00-03:00,0.805,10.872
2022-03-01 05:00:00-03:00,0.937,13.83
2022-03-01 06:00:00-03:00,0.919,16.035
2022-03-01 07:00:00-03:00,0.918,16.098
2022-03-01 08:00:00-03:00,0.908,16.402
2022-03-01 09:00:00-03:00,0.8260000000000001,18.25
2022-03-01 10:00:00-03:00,0.75,19.453
2022-03-01 11:00:00-03:00,0.657,20.681
2022-03-01 12:00:00-03:00,0.501,22.452
2022-03-01 13:00:00-03:00,0.391,23.625
2022-03-01 14:00:00-03:00,0.331,24.274
2022-03-01 15:00:00-03:00,0.328,24.304
2022-03-01 16:00:00-03:00,0.422,23.3
2022-03-01 17:00:00-03:00,0.5700000000000001,21.702
2022-03-01 18:00:00-03:00,0.72,19.86
2022-03-01 19:00:00-03:00,0.865,17.493
2022-03-01 20:00:00-03:00,0.933,15.38
2022-03-01 21:00:00-03:00,0.929,13.325
2022-03-01 22:00:00-03:00,0.881,12.007
2022-03-01 23:00:00-03:00,0.8170000000000001,11.03
2022-03-02 00:00:00-03:00,0.705,9.847
2022-03-02 01:00:00-03:00,0.51,8.325
2022-03-02 02:00:00-03:00,0.34800000000000003,7.156
2022-03-02 03:00:00-03:00,0.27,6.547
2022-03-02 04:00:00-03:00,0.211,6.019
2022-03-02 05:00:00-03:00,0.169,5.5809999999999995
2022-03-02 06:00:00-03:00,0.16,5.497
2022-03-02 07:00:00-03:00,0.269,6.532
2022-03-02 08:00:00-03:00,0.403,7.569
2022-03-02 09:00:00-03:00,0.601,8.991
2022-03-02 10:00:00-03:00,0.746,10.231
2022-03-02 11:00:00-03:00,0.8290000000000001,11.177
2022-03-02 12:00:00-03:00,0.8310000000000001,11.216
2022-03-02 13:00:00-03:00,0.722,10.007
2022-03-02 14:00:00-03:00,0.551,8.626
2022-03-02 15:00:00-03:00,0.424,7.718
2022-03-02 16:00:00-03:00,0.34600000000000003,7.1370000000000005
2022-03-02 17:00:00-03:00,0.256,6.422
2022-03-02 18:00:00-03:00,0.198,5.898
2022-03-02 19:00:00-03:00,0.216,6.07
2022-03-02 20:00:00-03:00,0.298,6.771
2022-03-02 21:00:00-03:00,0.394,7.499
2022-03-02 22:00:00-03:00,0.436,7.805
2022-03-02 23:00:00-03:00,0.423,7.71
2022-03-03 00:00:00-03:00,0.41500000000000004,7.646
2022-03-03 01:00:00-03:00,0.431,7.757
2022-03-03 02:00:00-03:00,0.451,7.904
2022-03-03 03:00:00-03:00,0.494,8.214
2022-03-03 04:00:00-03:00,0.561,8.694
2022-03-03 05:00:00-03:00,0.604,9.017
2022-03-03 06:00:00-03:00,0.608,9.048
2022-03-03 07:00:00-03:00,0.58,8.835
2022-03-03 08:00:00-03:00,0.39,7.471
2022-03-03 09:00:00-03:00,0.519,8.392
2022-03-03 10:00:00-03:00,0.8180000000000001,11.041
2022-03-03 11:00:00-03:00,0.897,12.35
2022-03-03 12:00:00-03:00,0.93,13.415
2022-03-03 13:00:00-03:00,0.9400000000000001,14.099
2022-03-03 14:00:00-03:00,0.9410000000000001,14.403
2022-03-03 15:00:00-03:00,0.9410000000000001,14.495
2022-03-03 16:00:00-03:00,0.9410000000000001,14.526
2022-03-03 17:00:00-03:00,0.9410000000000001,14.276
2022-03-03 18:00:00-03:00,0.933,13.567
2022-03-03 19:00:00-03:00,0.914,12.804
2022-03-03 20:00:00-03:00,0.903,12.503
2022-03-03 21:00:00-03:00,0.905,12.556000000000001
2022-03-03 22:00:00-03:00,0.907,12.602
2022-03-03 23:00:00-03:00,0.901,12.453
2022-03-04 00:00:00-03:00,0.898,12.38
2022-03-04 01:00:00-03:00,0.906,12.574
2022-03-04 02:00:00-03:00,0.914,12.813
2022-03-04 03:00:00-03:00,0.92,12.978
2022-03-04 04:00:00-03:00,0.923,13.098
2022-03-04 05:00:00-03:00,0.927,13.234
2022-03-04 06:00:00-03:00,0.931,13.456
2022-03-04 07:00:00-03:00,0.935,13.66
2022-03-04 08:00:00-03:00,0.935,13.682
2022-03-04 09:00:00-03:00,0.9390000000000001,14.008
2022-03-04 10:00:00-03:00,0.929,15.606
2022-03-04 11:00:00-03:00,0.911,16.329
2022-03-04 12:00:00-03:00,0.887,16.999
2022-03-04 13:00:00-03:00,0.85,17.794
2022-03-04 14:00:00-03:00,0.8210000000000001,18.333
2022-03-04 15:00:00-03:00,0.804,18.613
2022-03-04 16:00:00-03:00,0.799,18.701
2022-03-04 17:00:00-03:00,0.793,18.793
2022-03-04 18:00:00-03:00,0.836,18.07
2022-03-04 19:00:00-03:00,0.907,16.44
2022-03-04 20:00:00-03:00,0.925,15.789
2022-03-04 21:00:00-03:00,0.931,15.536
2022-03-04 22:00:00-03:00,0.9390000000000001,14.947
2022-03-04 23:00:00-03:00,0.9410000000000001,14.487
2022-03-05 00:00:00-03:00,0.9400000000000001,14.189
2022-03-05 01:00:00-03:00,0.9390000000000001,13.997
2022-03-05 02:00:00-03:00,0.937,13.833
2022-03-05 03:00:00-03:00,0.9390000000000001,13.994
2022-03-05 04:00:00-03:00,0.9380000000000001,13.925
2022-03-05 05:00:00-03:00,0.9390000000000001,14.051
2022-03-05 06:00:00-03:00,0.9410000000000001,14.477
2022-03-05 07:00:00-03:00,0.9400000000000001,14.82
2022-03-05 08:00:00-03:00,0.936,15.231
2022-03-05 09:00:00-03:00,0.892,16.88
2022-03-05 10:00:00-03:00,0.865,17.502
2022-03-05 11:00:00-03:00,0.864,17.511
2022-03-05 12:00:00-03:00,0.876,17.252
2022-03-05 13:00:00-03:00,0.892,16.857
2022-03-05 14:00:00-03:00,0.912,16.288
2022-03-05 15:00:00-03:00,0.931,15.535
2022-03-05 16:00:00-03:00,0.9400000000000001,14.673
2022-03-05 17:00:00-03:00,0.937,13.811
2022-03-05 18:00:00-03:00,0.911,12.715
2022-03-05 19:00:00-03:00,0.8,10.819
2022-03-05 20:00:00-03:00,0.636,9.262
2022-03-05 21:00:00-03:00,0.535,8.504
2022-03-05 22:00:00-03:00,0.497,8.234
2022-03-05 23:00:00-03:00,0.47900000000000004,8.105
2022-03-06 00:00:00-03:00,0.454,7.933
2022-03-06 01:00:00-03:00,0.425,7.7219999999999995
2022-03-06 02:00:00-03:00,0.399,7.533
2022-03-06 03:00:00-03:00,0.395,7.504
2022-03-06 04:00:00-03:00,0.382,7.408
2022-03-06 05:00:00-03:00,0.353,7.19
2022-03-06 06:00:00-03:00,0.327,6.998
2022-03-06 07:00:00-03:00,0.289,6.695
2022-03-06 08:00:00-03:00,0.159,5.48
2022-03-06 09:00:00-03:00,0.161,5.504
2022-03-06 10:00:00-03:00,0.125,5.081
2022-03-06 11:00:00-03:00,0.108,4.844
2022-03-06 12:00:00-03:00,0.098,4.7010000000000005
2022-03-06 13:00:00-03:00,0.096,4.671
2022-03-06 14:00:00-03:00,0.106,4.823
2022-03-06 15:00:00-03:00,0.126,5.09
2022-03-06 16:00:00-03:00,0.149,5.374
2022-03-06 17:00:00-03:00,0.159,5.484
2022-03-06 18:00:00-03:00,0.153,5.412
2022-03-06 19:00:00-03:00,0.162,5.518
2022-03-06 20:00:00-03:00,0.181,5.715
2022-03-06 21:00:00-03:00,0.153,5.413
2022-03-06 22:00:00-03:00,0.11800000000000001,4.979
2022-03-06 23:00:00-03:00,0.093,4.622
2022-03-07 00:00:00-03:00,0.085,4.491
2022-03-07 01:00:00-03:00,0.1,4.7379999999999995
2022-03-07 02:00:00-03:00,0.126,5.092
2022-03-07 03:00:00-03:00,0.113,4.915
2022-03-07 04:00:00-03:00,0.069,4.217
2022-03-07 05:00:00-03:00,0.037,3.521
2022-03-07 06:00:00-03:00,0.025,3.169
2022-03-07 07:00:00-03:00,0.03,3.327
2022-03-07 08:00:00-03:00,0.037,3.5220000000000002
2022-03-07 09:00:00-03:00,0.059000000000000004,4.019
2022-03-07 10:00:00-03:00,0.20700000000000002,5.971
2022-03-07 11:00:00-03:00,0.308,6.848
2022-03-07 12:00:00-03:00,0.334,7.058
2022-03-07 13:00:00-03:00,0.329,7.015
2022-03-07 14:00:00-03:00,0.34,7.096
2022-03-07 15:00:00-03:00,0.377,7.376
2022-03-07 16:00:00-03:00,0.429,7.744
2022-03-07 17:00:00-03:00,0.486,8.155
2022-03-07 18:00:00-03:00,0.536,8.514
2022-03-07 19:00:00-03:00,0.674,9.577
2022-03-07 20:00:00-03:00,0.791,10.709
2022-03-07 21:00:00-03:00,0.835,11.267
2022-03-07 22:00:00-03:00,0.855,11.565
2022-03-07 23:00:00-03:00,0.887,12.132
2022-03-08 00:00:00-03:00,0.926,13.202
2022-03-08 01:00:00-03:00,0.9380000000000001,13.866
2022-03-08 02:00:00-03:00,0.9380000000000001,13.918
2022-03-08 03:00:00-03:00,0.936,13.739
2022-03-08 04:00:00-03:00,0.907,12.604
2022-03-08 05:00:00-03:00,0.837,11.288
2022-03-08 06:00:00-03:00,0.716,9.941
2022-03-08 07:00:00-03:00,0.59,8.912
2022-03-08 08:00:00-03:00,0.392,7.483
2022-03-08 09:00:00-03:00,0.169,5.59
2022-03-08 10:00:00-03:00,0.157,5.45
2022-03-08 11:00:00-03:00,0.298,6.7620000000000005
2022-03-08 12:00:00-03:00,0.482,8.126
2022-03-08 13:00:00-03:00,0.644,9.333
2022-03-08 14:00:00-03:00,0.77,10.475
2022-03-08 15:00:00-03:00,0.859,11.621
2022-03-08 16:00:00-03:00,0.912,12.748
2022-03-08 17:00:00-03:00,0.912,12.745
2022-03-08 18:00:00-03:00,0.863,11.694
2022-03-08 19:00:00-03:00,0.861,11.655
2022-03-08 20:00:00-03:00,0.891,12.223
2022-03-08 21:00:00-03:00,0.919,12.95
2022-03-08 22:00:00-03:00,0.932,13.489
2022-03-08 23:00:00-03:00,0.93,13.369
2022-03-09 00:00:00-03:00,0.928,13.304
2022-03-09 01:00:00-03:00,0.931,13.436
2022-03-09 02:00:00-03:00,0.932,13.508
2022-03-09 03:00:00-03:00,0.929,13.339
2022-03-09 04:00:00-03:00,0.924,13.147
2022-03-09 05:00:00-03:00,0.927,13.248
2022-03-09 06:00:00-03:00,0.935,13.678
2022-03-09 07:00:00-03:00,0.9380000000000001,13.887
2022-03-09 08:00:00-03:00,0.9390000000000001,14.04
2022-03-09 09:00:00-03:00,0.926,15.772
2022-03-09 10:00:00-03:00,0.917,16.133
2022-03-09 11:00:00-03:00,0.928,15.666
2022-03-09 12:00:00-03:00,0.9400000000000001,14.816
2022-03-09 13:00:00-03:00,0.936,13.771
2022-03-09 14:00:00-03:00,0.919,12.957
2022-03-09 15:00:00-03:00,0.907,12.613
2022-03-09 16:00:00-03:00,0.892,12.254
2022-03-09 17:00:00-03:00,0.854,11.549
2022-03-09 18:00:00-03:00,0.78,10.581
2022-03-09 19:00:00-03:00,0.65,9.381
2022-03-09 20:00:00-03:00,0.601,8.999
2022-03-09 21:00:00-03:00,0.5710000000000001,8.771
2022-03-09 22:00:00-03:00,0.542,8.55
2022-03-09 23:00:00-03:00,0.492,8.201
2022-03-10 00:00:00-03:00,0.482,8.128
2022-03-10 01:00:00-03:00,0.455,7.942
2022-03-10 02:00:00-03:00,0.40800000000000003,7.598
2022-03-10 03:00:00-03:00,0.358,7.232
2022-03-10 04:00:00-03:00,0.32,6.949
2022-03-10 05:00:00-03:00,0.258,6.436
2022-03-10 06:00:00-03:00,0.215,6.051
2022-03-10 07:00:00-03:00,0.168,5.572
2022-03-10 08:00:00-03:00,0.085,4.491
2022-03-10 09:00:00-03:00,0.028,3.245
2022-03-10 10:00:00-03:00,0.005,2.162
2022-03-10 11:00:00-03:00,0.01,2.54
2022-03-10 12:00:00-03:00,0.021,3.009
2022-03-10 13:00:00-03:00,0.039,3.581
2022-03-10 14:00:00-03:00,0.089,4.566
2022-03-10 15:00:00-03:00,0.163,5.523
2022-03-10 16:00:00-03:00,0.23,6.199
2022-03-10 17:00:00-03:00,0.251,6.379
2022-03-10 18:00:00-03:00,0.218,6.085
2022-03-10 19:00:00-03:00,0.197,5.879
2022-03-10 20:00:00-03:00,0.314,6.9
2022-03-10 21:00:00-03:00,0.40900000000000003,7.606
2022-03-10 22:00:00-03:00,0.435,7.799
2022-03-10 23:00:00-03:00,0.454,7.9350000000000005
2022-03-11 00:00:00-03:00,0.51,8.321
2022-03-11 01:00:00-03:00,0.606,9.04
2022-03-11 02:00:00-03:00,0.669,9.536
2022-03-11 03:00:00-03:00,0.683,9.651
2022-03-11 04:00:00-03:00,0.686,9.672
2022-03-11 05:00:00-03:00,0.7010000000000001,9.811
2022-03-11 06:00:00-03:00,0.639,9.292
2022-03-11 07:00:00-03:00,0.5640000000000001,8.719
2022-03-11 08:00:00-03:00,0.551,8.63
2022-03-11 09:00:00-03:00,0.579,8.826
2022-03-11 10:00:00-03:00,0.631,9.231
2022-03-11 11:00:00-03:00,0.527,8.451
2022-03-11 12:00:00-03:00,0.41500000000000004,7.645
2022-03-11 13:00:00-03:00,0.375,7.361
2022-03-11 14:00:00-03:00,0.397,7.511
2022-03-11 15:00:00-03:00,0.455,7.942
2022-03-11 16:00:00-03:00,0.518,8.386
2022-03-11 17:00:00-03:00,0.542,8.556000000000001
2022-03-11 18:00:00-03:00,0.485,8.148
2022-03-11 19:00:00-03:00,0.39,7.47
2022-03-11 20:00:00-03:00,0.455,7.937
2022-03-11 21:00:00-03:00,0.525,8.434
2022-03-11 22:00:00-03:00,0.592,8.929
2022-03-11 23:00:00-03:00,0.589,8.901
2022-03-12 00:00:00-03:00,0.546,8.588
2022-03-12 01:00:00-03:00,0.524,8.428
2022-03-12 02:00:00-03:00,0.546,8.584
2022-03-12 03:00:00-03:00,0.5630000000000001,8.708
2022-03-12 04:00:00-03:00,0.638,9.285
2022-03-12 05:00:00-03:00,0.671,9.555
2022-03-12 06:00:00-03:00,0.639,9.298
2022-03-12 07:00:00-03:00,0.608,9.048
2022-03-12 08:00:00-03:00,0.595,8.954
2022-03-12 09:00:00-03:00,0.724,10.024
2022-03-12 10:00:00-03:00,0.724,10.025
2022-03-12 11:00:00-03:00,0.759,10.365
2022-03-12 12:00:00-03:00,0.782,10.611
2022-03-12 13:00:00-03:00,0.782,10.61
2022-03-12 14:00:00-03:00,0.79,10.696
2022-03-12 15:00:00-03:00,0.794,10.746
2022-03-12 16:00:00-03:00,0.806,10.884
2022-03-12 17:00:00-03:00,0.778,10.568
2022-03-12 18:00:00-03:00,0.7000000000000001,9.807
2022-03-12 19:00:00-03:00,0.708,9.875
2022-03-12 20:00:00-03:00,0.753,10.302
2022-03-12 21:00:00-03:00,0.798,10.793
2022-03-12 22:00:00-03:00,0.858,11.617
2022-03-12 23:00:00-03:00,0.896,12.338
2022-03-13 00:00:00-03:00,0.934,13.597
2022-03-13 01:00:00-03:00,0.925,15.788
2022-03-13 02:00:00-03:00,0.838,18.034
2022-03-13 03:00:00-03:00,0.762,19.276
2022-03-13 04:00:00-03:00,0.675,20.447
2022-03-13 05:00:00-03:00,0.632,20.98
2022-03-13 06:00:00-03:00,0.631,20.997
2022-03-13 07:00:00-03:00,0.624,21.071
2022-03-13 08:00:00-03:00,0.619,21.136
2022-03-13 09:00:00-03:00,0.609,21.252
2022-03-13 10:00:00-03:00,0.597,21.393
2022-03-13 11:00:00-03:00,0.623,21.087
2022-03-13 12:00:00-03:00,0.658,20.655
2022-03-13 13:00:00-03:00,0.7000000000000001,20.123
2022-03-13 14:00:00-03:00,0.742,19.556
2022-03-13 15:00:00-03:00,0.73,19.73
2022-03-13 16:00:00-03:00,0.7000000000000001,20.138
2022-03-13 17:00:00-03:00,0.673,20.474
2022-03-13 18:00:00-03:00,0.7030000000000001,20.089
2022-03-13 19:00:00-03:00,0.752,19.413
2022-03-13 20:00:00-03:00,0.783,18.963
2022-03-13 21:00:00-03:00,0.8280000000000001,18.207
2022-03-13 22:00:00-03:00,0.871,17.377
2022-03-13 23:00:00-03:00,0.902,16.58
2022-03-14 00:00:00-03:00,0.923,15.902
2022-03-14 01:00:00-03:00,0.933,15.376
2022-03-14 02:00:00-03:00,0.9400000000000001,14.722
2022-03-14 03:00:00-03:00,0.9390000000000001,14.067
2022-03-14 04:00:00-03:00,0.93,13.408
2022-03-14 05:00:00-03:00,0.913,12.782
2022-03-14 06:00:00-03:00,0.903,12.5
2022-03-14 07:00:00-03:00,0.884,12.075
2022-03-14 08:00:00-03:00,0.846,11.426
2022-03-14 09:00:00-03:00,0.802,10.831
2022-03-14 10:00:00-03:00,0.845,11.407
2022-03-14 11:00:00-03:00,0.863,11.702
2022-03-14 12:00:00-03:00,0.857,11.587
2022-03-14 13:00:00-03:00,0.772,10.504
2022-03-14 14:00:00-03:00,0.669,9.54
2022-03-14 15:00:00-03:00,0.546,8.592
2022-03-14 16:00:00-03:00,0.30000000000000004,6.787
2022-03-14 17:00:00-03:00,0.107,4.829
2022-03-14 18:00:00-03:00,0.127,5.098
2022-03-14 19:00:00-03:00,0.247,6.344
2022-03-14 20:00:00-03:00,0.466,8.009
2022-03-14 21:00:00-03:00,0.716,9.95
2022-03-14 22:00:00-03:00,0.936,13.728
2022-03-14 23:00:00-03:00,0.916,16.144
2022-03-15 00:00:00-03:00,0.805,18.595
2022-03-15 01:00:00-03:00,0.776,19.066
2022-03-15 02:00:00-03:00,0.786,18.898
2022-03-15 03:00:00-03:00,0.785,18.927
2022-03-15 04:00:00-03:00,0.756,19.369
2022-03-15 05:00:00-03:00,0.731,19.715
2022-03-15 06:00:00-03:00,0.744,19.538
2022-03-15 07:00:00-03:00,0.772,19.129
2022-03-15 08:00:00-03:00,0.8200000000000001,18.353
2022-03-15 09:00:00-03:00,0.843,17.938
2022-03-15 10:00:00-03:00,0.756,19.366
2022-03-15 11:00:00-03:00,0.632,20.985
2022-03-15 12:00:00-03:00,0.545,21.975
2022-03-15 13:00:00-03:00,0.506,22.402
2022-03-15 14:00:00-03:00,0.548,21.946
2022-03-15 15:00:00-03:00,0.553,21.891
2022-03-15 16:00:00-03:00,0.5670000000000001,21.736
2022-03-15 17:00:00-03:00,0.618,21.142
2022-03-15 18:00:00-03:00,0.713,19.956
2022-03-15 19:00:00-03:00,0.785,18.923000000000002
2022-03-15 20:00:00-03:00,0.87,17.39
2022-03-15 21:00:00-03:00,0.93,15.568
2022-03-15 22:00:00-03:00,0.9410000000000001,14.36
2022-03-15 23:00:00-03:00,0.933,13.563
2022-03-16 00:00:00-03:00,0.928,13.294
2022-03-16 01:00:00-03:00,0.928,13.311
2022-03-16 02:00:00-03:00,0.921,13.034
2022-03-16 03:00:00-03:00,0.909,12.644
2022-03-16 04:00:00-03:00,0.901,12.459
2022-03-16 05:00:00-03:00,0.885,12.1
2022-03-16 06:00:00-03:00,0.848,11.452
2022-03-16 07:00:00-03:00,0.763,10.407
2022-03-16 08:00:00-03:00,0.606,9.034
2022-03-16 09:00:00-03:00,0.614,9.097
2022-03-16 10:00:00-03:00,0.6980000000000001,9.784
2022-03-16 11:00:00-03:00,0.74,10.17
2022-03-16 12:00:00-03:00,0.8290000000000001,11.182
2022-03-16 13:00:00-03:00,0.881,12.02
2022-03-16 14:00:00-03:00,0.885,12.093
2022-03-16 15:00:00-03:00,0.859,11.635
2022-03-16 16:00:00-03:00,0.856,11.572
2022-03-16 17:00:00-03:00,0.906,12.574
2022-03-16 18:00:00-03:00,0.928,13.289
2022-03-16 19:00:00-03:00,0.905,12.54
2022-03-16 20:00:00-03:00,0.853,11.522
2022-03-16 21:00:00-03:00,0.791,10.71
2022-03-16 22:00:00-03:00,0.718,9.96
2022-03-16 23:00:00-03:00,0.585,8.878
2022-03-17 00:00:00-03:00,0.524,8.42
2022-03-17 01:00:00-03:00,0.503,8.274000000000001
2022-03-17 02:00:00-03:00,0.504,8.28
2022-03-17 03:00:00-03:00,0.486,8.154
2022-03-17 04:00:00-03:00,0.497,8.234
2022-03-17 05:00:00-03:00,0.524,8.43
2022-03-17 06:00:00-03:00,0.5700000000000001,8.758
2022-03-17 07:00:00-03:00,0.616,9.114
2022-03-17 08:00:00-03:00,0.587,8.892
2022-03-17 09:00:00-03:00,0.8,10.812
2022-03-17 10:00:00-03:00,0.87,11.814
2022-03-17 11:00:00-03:00,0.893,12.27
2022-03-17 12:00:00-03:00,0.919,12.967
2022-03-17 13:00:00-03:00,0.9390000000000001,13.957
2022-03-17 14:00:00-03:00,0.9380000000000001,15.028
2022-03-17 15:00:00-03:00,0.918,16.065
2022-03-17 16:00:00-03:00,0.903,16.557
2022-03-17 17:00:00-03:00,0.92,16.01
2022-03-17 18:00:00-03:00,0.9410000000000001,14.517
2022-03-17 19:00:00-03:00,0.908,12.627
2022-03-17 20:00:00-03:00,0.8150000000000001,11.003
2022-03-17 21:00:00-03:00,0.775,10.533
2022-03-17 22:00:00-03:00,0.8200000000000001,11.061
2022-03-17 23:00:00-03:00,0.793,10.731
2022-03-18 00:00:00-03:00,0.721,9.992
2022-03-18 01:00:00-03:00,0.632,9.236
2022-03-18 02:00:00-03:00,0.536,8.52
2022-03-18 03:00:00-03:00,0.462,7.983
2022-03-18 04:00:00-03:00,0.451,7.901
2022-03-18 05:00:00-03:00,0.447,7.88
2022-03-18 06:00:00-03:00,0.455,7.938
2022-03-18 07:00:00-03:00,0.419,7.674
2022-03-18 08:00:00-03:00,0.306,6.833
2022-03-18 09:00:00-03:00,0.295,6.741
2022-03-18 10:00:00-03:00,0.419,7.684
2022-03-18 11:00:00-03:00,0.46900000000000003,8.032
2022-03-18 12:00:00-03:00,0.47600000000000003,8.086
2022-03-18 13:00:00-03:00,0.491,8.197
2022-03-18 14:00:00-03:00,0.498,8.238
2022-03-18 15:00:00-03:00,0.459,7.969
2022-03-18 16:00:00-03:00,0.387,7.439
2022-03-18 17:00:00-03:00,0.298,6.773
2022-03-18 18:00:00-03:00,0.189,5.79
2022-03-18 19:00:00-03:00,0.099,4.7219999999999995
2022-03-18 20:00:00-03:00,0.038,3.55
2022-03-18 21:00:00-03:00,0.006,2.237
2022-03-18 22:00:00-03:00,0.003,1.9580000000000002
2022-03-18 23:00:00-03:00,0.032,3.373
2022-03-19 00:00:00-03:00,0.121,5.021
2022-03-19 01:00:00-03:00,0.23,6.188
2022-03-19 02:00:00-03:00,0.294,6.729
2022-03-19 03:00:00-03:00,0.337,7.074
2022-03-19 04:00:00-03:00,0.354,7.209
2022-03-19 05:00:00-03:00,0.401,7.551
2022-03-19 06:00:00-03:00,0.41600000000000004,7.649
2022-03-19 07:00:00-03:00,0.439,7.823
2022-03-19 08:00:00-03:00,0.389,7.466
2022-03-19 09:00:00-03:00,0.495,8.221
2022-03-19 10:00:00-03:00,0.677,9.606
2022-03-19 11:00:00-03:00,0.784,10.621
2022-03-19 12:00:00-03:00,0.796,10.761
2022-03-19 13:00:00-03:00,0.776,10.546
2022-03-19 14:00:00-03:00,0.743,10.19
2022-03-19 15:00:00-03:00,0.683,9.647
2022-03-19 16:00:00-03:00,0.577,8.819
2022-03-19 17:00:00-03:00,0.444,7.853
2022-03-19 18:00:00-03:00,0.431,7.769
2022-03-19 19:00:00-03:00,0.5640000000000001,8.725
2022-03-19 20:00:00-03:00,0.678,9.613
2022-03-19 21:00:00-03:00,0.706,9.861
2022-03-19 22:00:00-03:00,0.643,9.328
2022-03-19 23:00:00-03:00,0.582,8.854
2022-03-20 00:00:00-03:00,0.536,8.515
2022-03-20 01:00:00-03:00,0.512,8.342
2022-03-20 02:00:00-03:00,0.499,8.252
2022-03-20 03:00:00-03:00,0.493,8.211
2022-03-20 04:00:00-03:00,0.521,8.398
2022-03-20 05:00:00-03:00,0.501,8.264
2022-03-20 06:00:00-03:00,0.396,7.506
2022-03-20 07:00:00-03:00,0.315,6.91
2022-03-20 08:00:00-03:00,0.265,6.503
2022-03-20 09:00:00-03:00,0.136,5.212
2022-03-20 10:00:00-03:00,0.127,5.106
2022-03-20 11:00:00-03:00,0.251,6.375
2022-03-20 12:00:00-03:00,0.265,6.497
2022-03-20 13:00:00-03:00,0.26,6.453
2022-03-20 14:00:00-03:00,0.265,6.494
2022-03-20 15:00:00-03:00,0.306,6.837
2022-03-20 16:00:00-03:00,0.372,7.329
2022-03-20 17:00:00-03:00,0.40800000000000003,7.5969999999999995
2022-03-20 18:00:00-03:00,0.354,7.206
2022-03-20 19:00:00-03:00,0.307,6.844
2022-03-20 20:00:00-03:00,0.334,7.055
2022-03-20 21:00:00-03:00,0.341,7.108
2022-03-20 22:00:00-03:00,0.382,7.406
2022-03-20 23:00:00-03:00,0.441,7.838
2022-03-21 00:00:00-03:00,0.41000000000000003,7.614
2022-03-21 01:00:00-03:00,0.354,7.204
2022-03-21 02:00:00-03:00,0.337,7.074
2022-03-21 03:00:00-03:00,0.41600000000000004,7.648
2022-03-21 04:00:00-03:00,0.531,8.481
2022-03-21 05:00:00-03:00,0.648,9.364
2022-03-21 06:00:00-03:00,0.738,10.153
2022-03-21 07:00:00-03:00,0.797,10.784
2022-03-21 08:00:00-03:00,0.787,10.662
2022-03-21 09:00:00-03:00,0.882,12.033
2022-03-21 10:00:00-03:00,0.932,13.476
2022-03-21 11:00:00-03:00,0.9400000000000001,14.151
2022-03-21 12:00:00-03:00,0.9410000000000001,14.584
2022-03-21 13:00:00-03:00,0.93,15.591
2022-03-21 14:00:00-03:00,0.88,17.163
2022-03-21 15:00:00-03:00,0.8170000000000001,18.406
2022-03-21 16:00:00-03:00,0.789,18.867
2022-03-21 17:00:00-03:00,0.81,18.522
2022-03-21 18:00:00-03:00,0.909,16.381
2022-03-21 19:00:00-03:00,0.9400000000000001,14.755
2022-03-21 20:00:00-03:00,0.9400000000000001,14.736
2022-03-21 21:00:00-03:00,0.9410000000000001,14.562
2022-03-21 22:00:00-03:00,0.9400000000000001,14.262
2022-03-21 23:00:00-03:00,0.9390000000000001,14.067
2022-03-22 00:00:00-03:00,0.9400000000000001,14.173
2022-03-22 01:00:00-03:00,0.9380000000000001,13.949
2022-03-22 02:00:00-03:00,0.9400000000000001,14.233
2022-03-22 03:00:00-03:00,0.9390000000000001,14.025
2022-03-22 04:00:00-03:00,0.934,13.6
2022-03-22 05:00:00-03:00,0.918,12.916
2022-03-22 06:00:00-03:00,0.916,12.868
2022-03-22 07:00:00-03:00,0.925,13.156
2022-03-22 08:00:00-03:00,0.922,13.061
2022-03-22 09:00:00-03:00,0.903,12.496
2022-03-22 10:00:00-03:00,0.868,11.775
2022-03-22 11:00:00-03:00,0.848,11.454
2022-03-22 12:00:00-03:00,0.867,11.768
2022-03-22 13:00:00-03:00,0.8310000000000001,11.205
2022-03-22 14:00:00-03:00,0.784,10.62
2022-03-22 15:00:00-03:00,0.714,9.923
2022-03-22 16:00:00-03:00,0.614,9.097
2022-03-22 17:00:00-03:00,0.549,8.615
2022-03-22 18:00:00-03:00,0.522,8.415
2022-03-22 19:00:00-03:00,0.497,8.235
2022-03-22 20:00:00-03:00,0.464,7.992
2022-03-22 21:00:00-03:00,0.47000000000000003,8.042
2022-03-22 22:00:00-03:00,0.501,8.263
2022-03-22 23:00:00-03:00,0.524,8.432
2022-03-23 00:00:00-03:00,0.585,8.882
2022-03-23 01:00:00-03:00,0.7010000000000001,9.813
2022-03-23 02:00:00-03:00,0.774,10.525
2022-03-23 03:00:00-03:00,0.75,10.276
2022-03-23 04:00:00-03:00,0.679,9.623
2022-03-23 05:00:00-03:00,0.636,9.268
2022-03-23 06:00:00-03:00,0.58,8.842
2022-03-23 07:00:00-03:00,0.524,8.429
2022-03-23 08:00:00-03:00,0.34900000000000003,7.163
2022-03-23 09:00:00-03:00,0.169,5.582
2022-03-23 10:00:00-03:00,0.042,3.65
2022-03-23 11:00:00-03:00,0.009000000000000001,2.463
2022-03-23 12:00:00-03:00,0.011,2.564
2022-03-23 13:00:00-03:00,0.032,3.385
2022-03-23 14:00:00-03:00,0.068,4.207
2022-03-23 15:00:00-03:00,0.098,4.7059999999999995
2022-03-23 16:00:00-03:00,0.16,5.498
2022-03-23 17:00:00-03:00,0.261,6.468
2022-03-23 18:00:00-03:00,0.34700000000000003,7.145
2022-03-23 19:00:00-03:00,0.421,7.693
2022-03-23 20:00:00-03:00,0.47900000000000004,8.102
2022-03-23 21:00:00-03:00,0.511,8.326
2022-03-23 22:00:00-03:00,0.619,9.135
2022-03-23 23:00:00-03:00,0.747,10.248
2022-03-24 00:00:00-03:00,0.87,11.824
2022-03-24 01:00:00-03:00,0.918,12.901
2022-03-24 02:00:00-03:00,0.93,13.407
2022-03-24 03:00:00-03:00,0.935,13.656
2022-03-24 04:00:00-03:00,0.933,13.528
2022-03-24 05:00:00-03:00,0.936,13.774000000000001
2022-03-24 06:00:00-03:00,0.919,12.942
2022-03-24 07:00:00-03:00,0.884,12.077
2022-03-24 08:00:00-03:00,0.807,10.889
2022-03-24 09:00:00-03:00,0.81,10.943
2022-03-24 10:00:00-03:00,0.9,12.415
2022-03-24 11:00:00-03:00,0.911,12.722
2022-03-24 12:00:00-03:00,0.923,13.104
2022-03-24 13:00:00-03:00,0.928,13.284
2022-03-24 14:00:00-03:00,0.928,13.303
2022-03-24 15:00:00-03:00,0.928,13.298
2022-03-24 16:00:00-03:00,0.921,13.033
2022-03-24 17:00:00-03:00,0.904,12.536
2022-03-24 18:00:00-03:00,0.862,11.668
2022-03-24 19:00:00-03:00,0.812,10.965
2022-03-24 20:00:00-03:00,0.778,10.563
2022-03-24 21:00:00-03:00,0.725,10.03
2022-03-24 22:00:00-03:00,0.6920000000000001,9.731
2022-03-24 23:00:00-03:00,0.675,9.588
2022-03-25 00:00:00-03:00,0.664,9.49
2022-03-25 01:00:00-03:00,0.668,9.531
2022-03-25 02:00:00-03:00,0.672,9.568
2022-03-25 03:00:00-03:00,0.683,9.656
2022-03-25 04:00:00-03:00,0.675,9.591
2022-03-25 05:00:00-03:00,0.6920000000000001,9.732
2022-03-25 06:00:00-03:00,0.714,9.921
2022-03-25 07:00:00-03:00,0.74,10.179
2022-03-25 08:00:00-03:00,0.726,10.046
2022-03-25 09:00:00-03:00,0.594,8.944
2022-03-25 10:00:00-03:00,0.615,9.105
2022-03-25 11:00:00-03:00,0.706,9.862
2022-03-25 12:00:00-03:00,0.761,10.374
2022-03-25 13:00:00-03:00,0.843,11.385
2022-03-25 14:00:00-03:00,0.933,13.529
2022-03-25 15:00:00-03:00,0.932,15.47
2022-03-25 16:00:00-03:00,0.92,15.996
2022-03-25 17:00:00-03:00,0.923,15.904
2022-03-25 18:00:00-03:00,0.937,15.108
2022-03-25 19:00:00-03:00,0.9400000000000001,14.111
2022-03-25 20:00:00-03:00,0.936,13.779
2022-03-25 21:00:00-03:00,0.931,13.432
2022-03-25 22:00:00-03:00,0.91,12.679
2022-03-25 23:00:00-03:00,0.881,12.02
2022-03-26 00:00:00-03:00,0.846,11.418
2022-03-26 01:00:00-03:00,0.8,10.813
2022-03-26 02:00:00-03:00,0.743,10.203
2022-03-26 03:00:00-03:00,0.641,9.311
2022-03-26 04:00:00-03:00,0.542,8.56
2022-03-26 05:00:00-03:00,0.537,8.523
2022-03-26 06:00:00-03:00,0.553,8.639
2022-03-26 07:00:00-03:00,0.581,8.850999999999999
2022-03-26 08:00:00-03:00,0.5700000000000001,8.764
2022-03-26 09:00:00-03:00,0.4,7.547
2022-03-26 10:00:00-03:00,0.246,6.328
2022-03-26 11:00:00-03:00,0.215,6.05
2022-03-26 12:00:00-03:00,0.377,7.376
2022-03-26 13:00:00-03:00,0.542,8.552
2022-03-26 14:00:00-03:00,0.561,8.689
2022-03-26 15:00:00-03:00,0.5700000000000001,8.767
2022-03-26 16:00:00-03:00,0.63,9.223
2022-03-26 17:00:00-03:00,0.765,10.418
2022-03-26 18:00:00-03:00,0.835,11.264
2022-03-26 19:00:00-03:00,0.8150000000000001,10.994
2022-03-26 20:00:00-03:00,0.846,11.426
2022-03-26 21:00:00-03:00,0.845,11.408
2022-03-26 22:00:00-03:00,0.812,10.962
2022-03-26 23:00:00-03:00,0.776,10.548
2022-03-27 00:00:00-03:00,0.775,10.535
2022-03-27 01:00:00-03:00,0.749,10.261
2022-03-27 02:00:00-03:00,0.671,9.56
2022-03-27 03:00:00-03:00,0.492,8.202
2022-03-27 04:00:00-03:00,0.289,6.7010000000000005
2022-03-27 05:00:00-03:00,0.319,6.936
2022-03-27 06:00:00-03:00,0.493,8.209
2022-03-27 07:00:00-03:00,0.5730000000000001,8.79
2022-03-27 08:00:00-03:00,0.58,8.837
2022-03-27 09:00:00-03:00,0.524,8.419
2022-03-27 10:00:00-03:00,0.514,8.353
2022-03-27 11:00:00-03:00,0.738,10.154
2022-03-27 12:00:00-03:00,0.897,12.355
2022-03-27 13:00:00-03:00,0.923,13.097
2022-03-27 14:00:00-03:00,0.937,13.823
2022-03-27 15:00:00-03:00,0.9410000000000001,14.404
2022-03-27 16:00:00-03:00,0.9400000000000001,14.199
2022-03-27 17:00:00-03:00,0.928,13.317
2022-03-27 18:00:00-03:00,0.838,11.314
2022-03-27 19:00:00-03:00,0.6990000000000001,9.798
2022-03-27 20:00:00-03:00,0.591,8.916
2022-03-27 21:00:00-03:00,0.504,8.286
2022-03-27 22:00:00-03:00,0.466,8.009
2022-03-27 23:00:00-03:00,0.448,7.886
2022-03-28 00:00:00-03:00,0.453,7.918
2022-03-28 01:00:00-03:00,0.455,7.936
2022-03-28 02:00:00-03:00,0.401,7.553
2022-03-28 03:00:00-03:00,0.309,6.859
2022-03-28 04:00:00-03:00,0.289,6.696
2022-03-28 05:00:00-03:00,0.306,6.838
2022-03-28 06:00:00-03:00,0.233,6.218
2022-03-28 07:00:00-03:00,0.125,5.075
2022-03-28 08:00:00-03:00,0.069,4.23
2022-03-28 09:00:00-03:00,0.043000000000000003,3.668
2022-03-28 10:00:00-03:00,0.11800000000000001,4.981
2022-03-28 11:00:00-03:00,0.47300000000000003,8.065
2022-03-28 12:00:00-03:00,0.772,10.505
2022-03-28 13:00:00-03:00,0.89,12.193
2022-03-28 14:00:00-03:00,0.927,13.24
2022-03-28 15:00:00-03:00,0.9380000000000001,13.886
2022-03-28 16:00:00-03:00,0.9400000000000001,14.091
2022-03-28 17:00:00-03:00,0.934,13.625
2022-03-28 18:00:00-03:00,0.891,12.22
2022-03-28 19:00:00-03:00,0.772,10.488
2022-03-28 20:00:00-03:00,0.739,10.162
2022-03-28 21:00:00-03:00,0.773,10.51
2022-03-28 22:00:00-03:00,0.804,10.864
2022-03-28 23:00:00-03:00,0.851,11.495
2022-03-29 00:00:00-03:00,0.891,12.225
2022-03-29 01:00:00-03:00,0.893,12.257
2022-03-29 02:00:00-03:00,0.936,13.776
2022-03-29 03:00:00-03:00,0.9400000000000001,14.11
2022-03-29 04:00:00-03:00,0.9390000000000001,14.032
2022-03-29 05:00:00-03:00,0.934,13.64
2022-03-29 06:00:00-03:00,0.921,13.035
2022-03-29 07:00:00-03:00,0.876,11.928
2022-03-29 08:00:00-03:00,0.809,10.924
2022-03-29 09:00:00-03:00,0.727,10.049
2022-03-29 10:00:00-03:00,0.851,11.49
2022-03-29 11:00:00-03:00,0.877,11.951
2022-03-29 12:00:00-03:00,0.885,12.105
2022-03-29 13:00:00-03:00,0.895,12.316
2022-03-29 14:00:00-03:00,0.919,12.949
2022-03-29 15:00:00-03:00,0.934,13.639
2022-03-29 16:00:00-03:00,0.9390000000000001,14.045
2022-03-29 17:00:00-03:00,0.937,13.835
2022-03-29 18:00:00-03:00,0.907,12.594
2022-03-29 19:00:00-03:00,0.858,11.618
2022-03-29 20:00:00-03:00,0.81,10.934
2022-03-29 21:00:00-03:00,0.803,10.845
2022-03-29 22:00:00-03:00,0.8320000000000001,11.226
2022-03-29 23:00:00-03:00,0.797,10.782
2022-03-30 00:00:00-03:00,0.761,10.39
2022-03-30 01:00:00-03:00,0.745,10.21
2022-03-30 02:00:00-03:00,0.718,9.963
2022-03-30 03:00:00-03:00,0.7000000000000001,9.809
2022-03-30 04:00:00-03:00,0.636,9.264
2022-03-30 05:00:00-03:00,0.583,8.861
2022-03-30 06:00:00-03:00,0.548,8.606
2022-03-30 07:00:00-03:00,0.546,8.583
2022-03-30 08:00:00-03:00,0.507,8.301
2022-03-30 09:00:00-03:00,0.584,8.87
2022-03-30 10:00:00-03:00,0.765,10.42
2022-03-30 11:00:00-03:00,0.865,11.733
2022-03-30 12:00:00-03:00,0.883,12.063
2022-03-30 13:00:00-03:00,0.887,12.141
2022-03-30 14:00:00-03:00,0.893,12.264
2022-03-30 15:00:00-03:00,0.898,12.388
2022-03-30 16:00:00-03:00,0.901,12.444
2022-03-30 17:00:00-03:00,0.901,12.456
2022-03-30 18:00:00-03:00,0.872,11.859
2022-03-30 19:00:00-03:00,0.842,11.372
2022-03-30 20:00:00-03:00,0.8220000000000001,11.091
2022-03-30 21:00:00-03:00,0.8250000000000001,11.118
2022-03-30 22:00:00-03:00,0.837,11.293
2022-03-30 23:00:00-03:00,0.873,11.871
2022-03-31 00:00:00-03:00,0.915,12.827
2022-03-31 01:00:00-03:00,0.93,13.417
2022-03-31 02:00:00-03:00,0.927,13.238
2022-03-31 03:00:00-03:00,0.928,13.299
2022-03-31 04:00:00-03:00,0.93,13.382
2022-03-31 05:00:00-03:00,0.921,13.006
2022-03-31 06:00:00-03:00,0.893,12.26
2022-03-31 07:00:00-03:00,0.857,11.584
2022-03-31 08:00:00-03:00,0.808,10.898
2022-03-31 09:00:00-03:00,0.81,10.932
2022-03-31 10:00:00-03:00,0.892,12.255
2022-03-31 11:00:00-03:00,0.919,12.966
2022-03-31 12:00:00-03:00,0.9390000000000001,14.058
2022-03-31 13:00:00-03:00,0.936,15.231
2022-03-31 14:00:00-03:00,0.922,15.943
2022-03-31 15:00:00-03:00,0.908,16.417
2022-03-31 16:00:00-03:00,0.896,16.764
2022-03-31 17:00:00-03:00,0.905,16.52
2022-03-31 18:00:00-03:00,0.92,16.025
2022-03-31 19:00:00-03:00,0.933,15.415
2022-03-31 20:00:00-03:00,0.934,15.308
2022-03-31 21:00:00-03:00,0.935,15.299
2022-03-31 22:00:00-03:00,0.937,15.104
2022-03-31 23:00:00-03:00,0.9390000000000001,14.88
2022-04-01 00:00:00-03:00,0.9410000000000001,14.614
2022-04-01 01:00:00-03:00,0.9410000000000001,14.331
2022-04-01 02:00:00-03:00,0.9390000000000001,14.044
2022-04-01 03:00:00-03:00,0.937,13.834
2022-04-01 04:00:00-03:00,0.935,13.659
2022-04-01 05:00:00-03:00,0.932,13.507
2022-04-01 06:00:00-03:00,0.935,13.683
2022-04-01 07:00:00-03:00,0.9390000000000001,14.03
2022-04-01 08:00:00-03:00,0.9410000000000001,14.307
2022-04-01 09:00:00-03:00,0.9400000000000001,14.712
2022-04-01 10:00:00-03:00,0.934,15.309
2022-04-01 11:00:00-03:00,0.918,16.076
2022-04-01 12:00:00-03:00,0.904,16.536
2022-04-01 13:00:00-03:00,0.905,16.505
2022-04-01 14:00:00-03:00,0.919,16.058
2022-04-01 15:00:00-03:00,0.9400000000000001,14.774000000000001
2022-04-01 16:00:00-03:00,0.926,13.229
2022-04-01 17:00:00-03:00,0.855,11.557
2022-04-01 18:00:00-03:00,0.626,9.185
2022-04-01 19:00:00-03:00,0.328,7.006
2022-04-01 20:00:00-03:00,0.11800000000000001,4.985
2022-04-01 21:00:00-03:00,0.032,3.38
2022-04-01 22:00:00-03:00,0.022,3.069
2022-04-01 23:00:00-03:00,0.066,4.15
2022-04-02 00:00:00-03:00,0.177,5.683
2022-04-02 01:00:00-03:00,0.308,6.846
2022-04-02 02:00:00-03:00,0.366,7.296
2022-04-02 03:00:00-03:00,0.367,7.3
2022-04-02 04:00:00-03:00,0.336,7.066
2022-04-02 05:00:00-03:00,0.278,6.611
2022-04-02 06:00:00-03:00,0.2,5.913
2022-04-02 07:00:00-03:00,0.114,4.9350000000000005
2022-04-02 08:00:00-03:00,0.048,3.786
2022-04-02 09:00:00-03:00,0.031,3.364
2022-04-02 10:00:00-03:00,0.124,5.055
2022-04-02 11:00:00-03:00,0.34700000000000003,7.146
2022-04-02 12:00:00-03:00,0.5660000000000001,8.732
2022-04-02 13:00:00-03:00,0.705,9.849
2022-04-02 14:00:00-03:00,0.764,10.412
2022-04-02 15:00:00-03:00,0.8130000000000001,10.974
2022-04-02 16:00:00-03:00,0.855,11.568
2022-04-02 17:00:00-03:00,0.853,11.528
2022-04-02 18:00:00-03:00,0.789,10.692
2022-04-02 19:00:00-03:00,0.802,10.84
2022-04-02 20:00:00-03:00,0.787,10.658
2022-04-02 21:00:00-03:00,0.812,10.96
2022-04-02 22:00:00-03:00,0.857,11.594
2022-04-02 23:00:00-03:00,0.911,12.709
2022-04-03 00:00:00-03:00,0.934,13.613
2022-04-03 01:00:00-03:00,0.9400000000000001,14.694
2022-04-03 02:00:00-03:00,0.931,15.509
2022-04-03 03:00:00-03:00,0.918,16.084
2022-04-03 04:00:00-03:00,0.897,16.736
2022-04-03 05:00:00-03:00,0.883,17.105
2022-04-03 06:00:00-03:00,0.895,16.789
2022-04-03 07:00:00-03:00,0.9,16.661
2022-04-03 08:00:00-03:00,0.897,16.741
2022-04-03 09:00:00-03:00,0.905,16.502
2022-04-03 10:00:00-03:00,0.884,17.058
2022-04-03 11:00:00-03:00,0.847,17.865
2022-04-03 12:00:00-03:00,0.8270000000000001,18.227
2022-04-03 13:00:00-03:00,0.799,18.705
2022-04-03 14:00:00-03:00,0.789,18.869
2022-04-03 15:00:00-03:00,0.793,18.793
2022-04-03 16:00:00-03:00,0.8160000000000001,18.43
2022-04-03 17:00:00-03:00,0.882,17.113
2022-04-03 18:00:00-03:00,0.936,15.175
2022-04-03 19:00:00-03:00,0.9410000000000001,14.292
2022-04-03 20:00:00-03:00,0.9400000000000001,14.18
2022-04-03 21:00:00-03:00,0.9390000000000001,13.977
2022-04-03 22:00:00-03:00,0.9390000000000001,13.985
2022-04-03 23:00:00-03:00,0.9400000000000001,14.234
2022-04-04 00:00:00-03:00,0.9410000000000001,14.548
2022-04-04 01:00:00-03:00,0.9390000000000001,14.947
2022-04-04 02:00:00-03:00,0.9380000000000001,15.067
2022-04-04 03:00:00-03:00,0.9380000000000001,15.018
2022-04-04 04:00:00-03:00,0.9390000000000001,14.97
2022-04-04 05:00:00-03:00,0.9390000000000001,14.879
2022-04-04 06:00:00-03:00,0.9410000000000001,14.347
2022-04-04 07:00:00-03:00,0.935,13.643
2022-04-04 08:00:00-03:00,0.918,12.905
2022-04-04 09:00:00-03:00,0.889,12.177
2022-04-04 10:00:00-03:00,0.932,13.483
2022-04-04 11:00:00-03:00,0.9400000000000001,14.774000000000001
2022-04-04 12:00:00-03:00,0.931,15.527
2022-04-04 13:00:00-03:00,0.913,16.264
2022-04-04 14:00:00-03:00,0.895,16.781
2022-04-04 15:00:00-03:00,0.886,17.008
2022-04-04 16:00:00-03:00,0.897,16.743
2022-04-04 17:00:00-03:00,0.929,15.632
2022-04-04 18:00:00-03:00,0.936,13.719
2022-04-04 19:00:00-03:00,0.919,12.975999999999999
2022-04-04 20:00:00-03:00,0.923,13.086
2022-04-04 21:00:00-03:00,0.924,13.133
2022-04-04 22:00:00-03:00,0.926,13.219
2022-04-04 23:00:00-03:00,0.921,13.011
2022-04-05 00:00:00-03:00,0.91,12.667
2022-04-05 01:00:00-03:00,0.899,12.398
2022-04-05 02:00:00-03:00,0.873,11.875
2022-04-05 03:00:00-03:00,0.842,11.366
2022-04-05 04:00:00-03:00,0.8180000000000001,11.033
2022-04-05 05:00:00-03:00,0.778,10.562
2022-04-05 06:00:00-03:00,0.6980000000000001,9.785
2022-04-05 07:00:00-03:00,0.613,9.095
2022-04-05 08:00:00-03:00,0.5670000000000001,8.737
2022-04-05 09:00:00-03:00,0.427,7.733
2022-04-05 10:00:00-03:00,0.535,8.504
2022-04-05 11:00:00-03:00,0.5670000000000001,8.737
2022-04-05 12:00:00-03:00,0.47400000000000003,8.071
2022-04-05 13:00:00-03:00,0.397,7.511
2022-04-05 14:00:00-03:00,0.34900000000000003,7.165
2022-04-05 15:00:00-03:00,0.316,6.912
2022-04-05 16:00:00-03:00,0.28,6.628
2022-04-05 17:00:00-03:00,0.24,6.289
2022-04-05 18:00:00-03:00,0.231,6.204
2022-04-05 19:00:00-03:00,0.308,6.845
2022-04-05 20:00:00-03:00,0.366,7.295
2022-04-05 21:00:00-03:00,0.39,7.471
2022-04-05 22:00:00-03:00,0.388,7.459
2022-04-05 23:00:00-03:00,0.383,7.416
2022-04-06 00:00:00-03:00,0.34700000000000003,7.142
2022-04-06 01:00:00-03:00,0.289,6.69
2022-04-06 02:00:00-03:00,0.233,6.212
2022-04-06 03:00:00-03:00,0.198,5.897
2022-04-06 04:00:00-03:00,0.196,5.874
2022-04-06 05:00:00-03:00,0.215,6.058
2022-04-06 06:00:00-03:00,0.232,6.209
2022-04-06 07:00:00-03:00,0.23600000000000002,6.249
2022-04-06 08:00:00-03:00,0.231,6.204
2022-04-06 09:00:00-03:00,0.135,5.194
2022-04-06 10:00:00-03:00,0.106,4.821
2022-04-06 11:00:00-03:00,0.085,4.491
2022-04-06 12:00:00-03:00,0.08,4.423
2022-04-06 13:00:00-03:00,0.088,4.546
2022-04-06 14:00:00-03:00,0.10200000000000001,4.758
2022-04-06 15:00:00-03:00,0.124,5.05
2022-04-06 16:00:00-03:00,0.14400000000000002,5.305
2022-04-06 17:00:00-03:00,0.153,5.422
2022-04-06 18:00:00-03:00,0.154,5.43
2022-04-06 19:00:00-03:00,0.161,5.504
2022-04-06 20:00:00-03:00,0.145,5.313
2022-04-06 21:00:00-03:00,0.105,4.799
2022-04-06 22:00:00-03:00,0.054,3.934
2022-04-06 23:00:00-03:00,0.015,2.763
2022-04-07 00:00:00-03:00,0.002,1.803
2022-04-07 01:00:00-03:00,0.0,1.315
2022-04-07 02:00:00-03:00,0.0,1.058
2022-04-07 03:00:00-03:00,0.0,0.865
2022-04-07 04:00:00-03:00,0.0,0.756
2022-04-07 05:00:00-03:00,0.0,0.869
2022-04-07 06:00:00-03:00,0.0,0.91
2022-04-07 07:00:00-03:00,0.0,0.838
2022-04-07 08:00:00-03:00,0.0,0.858
2022-04-07 09:00:00-03:00,0.0,1.039
2022-04-07 10:00:00-03:00,0.0,1.347
2022-04-07 11:00:00-03:00,0.003,1.9929999999999999
2022-04-07 12:00:00-03:00,0.003,2.0
2022-04-07 13:00:00-03:00,0.002,1.867
2022-04-07 14:00:00-03:00,0.005,2.137
2022-04-07 15:00:00-03:00,0.01,2.516
2022-04-07 16:00:00-03:00,0.016,2.831
2022-04-07 17:00:00-03:00,0.022,3.06
2022-04-07 18:00:00-03:00,0.027,3.226
2022-04-07 19:00:00-03:00,0.016,2.83
2022-04-07 20:00:00-03:00,0.004,2.027
2022-04-07 21:00:00-03:00,0.0,1.037
2022-04-07 22:00:00-03:00,0.001,1.588
2022-04-07 23:00:00-03:00,0.014,2.74
2022-04-08 00:00:00-03:00,0.04,3.593
2022-04-08 01:00:00-03:00,0.064,4.122
2022-04-08 02:00:00-03:00,0.091,4.593
2022-04-08 03:00:00-03:00,0.125,5.069
2022-04-08 04:00:00-03:00,0.158,5.467
2022-04-08 05:00:00-03:00,0.181,5.707
2022-04-08 06:00:00-03:00,0.183,5.7379999999999995
2022-04-08 07:00:00-03:00,0.17300000000000001,5.641
2022-04-08 08:00:00-03:00,0.153,5.416
2022-04-08 09:00:00-03:00,0.114,4.933
2022-04-08 10:00:00-03:00,0.033,3.415
2022-04-08 11:00:00-03:00,0.017,2.882
2022-04-08 12:00:00-03:00,0.028,3.2720000000000002
2022-04-08 13:00:00-03:00,0.035,3.466
2022-04-08 14:00:00-03:00,0.03,3.325
2022-04-08 15:00:00-03:00,0.022,3.081
2022-04-08 16:00:00-03:00,0.013000000000000001,2.69
2022-04-08 17:00:00-03:00,0.004,2.055
2022-04-08 18:00:00-03:00,0.008,2.38
2022-04-08 19:00:00-03:00,0.053,3.884
2022-04-08 20:00:00-03:00,0.136,5.2
2022-04-08 21:00:00-03:00,0.193,5.843
2022-04-08 22:00:00-03:00,0.158,5.464
2022-04-08 23:00:00-03:00,0.068,4.206
2022-04-09 00:00:00-03:00,0.011,2.609
2022-04-09 01:00:00-03:00,0.0,1.192
2022-04-09 02:00:00-03:00,0.0,0.861
2022-04-09 03:00:00-03:00,0.0,1.138
2022-04-09 04:00:00-03:00,0.001,1.616
2022-04-09 05:00:00-03:00,0.006,2.273
2022-04-09 06:00:00-03:00,0.017,2.884
2022-04-09 07:00:00-03:00,0.03,3.325
2022-04-09 08:00:00-03:00,0.037,3.512
2022-04-09 09:00:00-03:00,0.025,3.164
2022-04-09 10:00:00-03:00,0.007,2.337
2022-04-09 11:00:00-03:00,0.004,2.058
2022-04-09 12:00:00-03:00,0.019,2.947
2022-04-09 13:00:00-03:00,0.055,3.946
2022-04-09 14:00:00-03:00,0.123,5.042
2022-04-09 15:00:00-03:00,0.224,6.1370000000000005
2022-04-09 16:00:00-03:00,0.337,7.072
2022-04-09 17:00:00-03:00,0.388,7.455
2022-04-09 18:00:00-03:00,0.422,7.704
2022-04-09 19:00:00-03:00,0.514,8.353
2022-04-09 20:00:00-03:00,0.524,8.428
2022-04-09 21:00:00-03:00,0.522,8.416
2022-04-09 22:00:00-03:00,0.493,8.207
2022-04-09 23:00:00-03:00,0.511,8.332
2022-04-10 00:00:00-03:00,0.536,8.517
2022-04-10 01:00:00-03:00,0.514,8.36
2022-04-10 02:00:00-03:00,0.504,8.282
2022-04-10 03:00:00-03:00,0.489,8.182
2022-04-10 04:00:00-03:00,0.47600000000000003,8.086
2022-04-10 05:00:00-03:00,0.406,7.585
2022-04-10 06:00:00-03:00,0.422,7.7010000000000005
2022-04-10 07:00:00-03:00,0.421,7.695
2022-04-10 08:00:00-03:00,0.421,7.699
2022-04-10 09:00:00-03:00,0.41400000000000003,7.639
2022-04-10 10:00:00-03:00,0.443,7.846
2022-04-10 11:00:00-03:00,0.542,8.552
2022-04-10 12:00:00-03:00,0.561,8.695
2022-04-10 13:00:00-03:00,0.527,8.453
2022-04-10 14:00:00-03:00,0.459,7.967
2022-04-10 15:00:00-03:00,0.454,7.922
2022-04-10 16:00:00-03:00,0.444,7.859
2022-04-10 17:00:00-03:00,0.40800000000000003,7.596
2022-04-10 18:00:00-03:00,0.323,6.966
2022-04-10 19:00:00-03:00,0.31,6.864
2022-04-10 20:00:00-03:00,0.339,7.086
2022-04-10 21:00:00-03:00,0.377,7.37
2022-04-10 22:00:00-03:00,0.421,7.699
2022-04-10 23:00:00-03:00,0.495,8.224
2022-04-11 00:00:00-03:00,0.5630000000000001,8.709
2022-04-11 01:00:00-03:00,0.626,9.188
2022-04-11 02:00:00-03:00,0.675,9.579
2022-04-11 03:00:00-03:00,0.666,9.508
2022-04-11 04:00:00-03:00,0.647,9.361
2022-04-11 05:00:00-03:00,0.616,9.114
2022-04-11 06:00:00-03:00,0.608,9.045
2022-04-11 07:00:00-03:00,0.592,8.927
2022-04-11 08:00:00-03:00,0.667,9.521
2022-04-11 09:00:00-03:00,0.6940000000000001,9.757
2022-04-11 10:00:00-03:00,0.801,10.822
2022-04-11 11:00:00-03:00,0.912,12.732
2022-04-11 12:00:00-03:00,0.936,13.776
2022-04-11 13:00:00-03:00,0.9390000000000001,14.039
2022-04-11 14:00:00-03:00,0.929,13.347
2022-04-11 15:00:00-03:00,0.903,12.488
2022-04-11 16:00:00-03:00,0.879,11.979
2022-04-11 17:00:00-03:00,0.837,11.293
2022-04-11 18:00:00-03:00,0.793,10.733
2022-04-11 19:00:00-03:00,0.788,10.677
2022-04-11 20:00:00-03:00,0.783,10.613
2022-04-11 21:00:00-03:00,0.809,10.92
2022-04-11 22:00:00-03:00,0.843,11.378
2022-04-11 23:00:00-03:00,0.919,12.944
2022-04-12 00:00:00-03:00,0.928,13.297
2022-04-12 01:00:00-03:00,0.932,13.516
2022-04-12 02:00:00-03:00,0.9380000000000001,13.944
2022-04-12 03:00:00-03:00,0.9410000000000001,14.394
2022-04-12 04:00:00-03:00,0.935,15.24
2022-04-12 05:00:00-03:00,0.926,15.769
2022-04-12 06:00:00-03:00,0.915,16.206
2022-04-12 07:00:00-03:00,0.89,16.919
2022-04-12 08:00:00-03:00,0.848,17.847
2022-04-12 09:00:00-03:00,0.809,18.539
2022-04-12 10:00:00-03:00,0.788,18.878
2022-04-12 11:00:00-03:00,0.714,19.943
2022-04-12 12:00:00-03:00,0.662,20.601
2022-04-12 13:00:00-03:00,0.652,20.742
2022-04-12 14:00:00-03:00,0.669,20.522
2022-04-12 15:00:00-03:00,0.6980000000000001,20.161
2022-04-12 16:00:00-03:00,0.779,19.017
2022-04-12 17:00:00-03:00,0.885,17.046
2022-04-12 18:00:00-03:00,0.9400000000000001,14.813
2022-04-12 19:00:00-03:00,0.9380000000000001,13.95
2022-04-12 20:00:00-03:00,0.9390000000000001,14.003
2022-04-12 21:00:00-03:00,0.936,13.73
2022-04-12 22:00:00-03:00,0.933,13.533
2022-04-12 23:00:00-03:00,0.927,13.268
2022-04-13 00:00:00-03:00,0.927,13.238
2022-04-13 01:00:00-03:00,0.931,13.443
2022-04-13 02:00:00-03:00,0.923,13.098
2022-04-13 03:00:00-03:00,0.931,13.431
2022-04-13 04:00:00-03:00,0.9390000000000001,14.027
2022-04-13 05:00:00-03:00,0.9400000000000001,14.707
2022-04-13 06:00:00-03:00,0.9400000000000001,14.724
2022-04-13 07:00:00-03:00,0.9410000000000001,14.468
2022-04-13 08:00:00-03:00,0.9410000000000001,14.45
2022-04-13 09:00:00-03:00,0.9380000000000001,14.979
2022-04-13 10:00:00-03:00,0.921,15.967
2022-04-13 11:00:00-03:00,0.893,16.834
2022-04-13 12:00:00-03:00,0.849,17.808
2022-04-13 13:00:00-03:00,0.729,19.745
2022-04-13 14:00:00-03:00,0.666,20.557
2022-04-13 15:00:00-03:00,0.727,19.777
2022-04-13 16:00:00-03:00,0.739,19.602
2022-04-13 17:00:00-03:00,0.666,20.561
2022-04-13 18:00:00-03:00,0.62,21.127
2022-04-13 19:00:00-03:00,0.649,20.772
2022-04-13 20:00:00-03:00,0.717,19.896
2022-04-13 21:00:00-03:00,0.801,18.659
2022-04-13 22:00:00-03:00,0.88,17.169
2022-04-13 23:00:00-03:00,0.922,15.915
2022-04-14 00:00:00-03:00,0.935,15.273
2022-04-14 01:00:00-03:00,0.9390000000000001,14.867
2022-04-14 02:00:00-03:00,0.9400000000000001,14.728
2022-04-14 03:00:00-03:00,0.9400000000000001,14.744
2022-04-14 04:00:00-03:00,0.9410000000000001,14.344
2022-04-14 05:00:00-03:00,0.9410000000000001,14.282
2022-04-14 06:00:00-03:00,0.9380000000000001,13.941
2022-04-14 07:00:00-03:00,0.935,13.656
2022-04-14 08:00:00-03:00,0.925,13.154
2022-04-14 09:00:00-03:00,0.894,12.289
2022-04-14 10:00:00-03:00,0.862,11.676
2022-04-14 11:00:00-03:00,0.854,11.551
2022-04-14 12:00:00-03:00,0.88,12.001
2022-04-14 13:00:00-03:00,0.896,12.333
2022-04-14 14:00:00-03:00,0.887,12.133
2022-04-14 15:00:00-03:00,0.834,11.242
2022-04-14 16:00:00-03:00,0.6890000000000001,9.706
2022-04-14 17:00:00-03:00,0.518,8.387
2022-04-14 18:00:00-03:00,0.447,7.876
2022-04-14 19:00:00-03:00,0.451,7.9
2022-04-14 20:00:00-03:00,0.533,8.489
2022-04-14 21:00:00-03:00,0.623,9.164
2022-04-14 22:00:00-03:00,0.6940000000000001,9.741
2022-04-14 23:00:00-03:00,0.749,10.26
2022-04-15 00:00:00-03:00,0.767,10.45
2022-04-15 01:00:00-03:00,0.787,10.664
2022-04-15 02:00:00-03:00,0.789,10.684
2022-04-15 03:00:00-03:00,0.725,10.03
2022-04-15 04:00:00-03:00,0.667,9.52
2022-04-15 05:00:00-03:00,0.623,9.166
2022-04-15 06:00:00-03:00,0.6900000000000001,9.713
2022-04-15 07:00:00-03:00,0.65,9.38
2022-04-15 08:00:00-03:00,0.528,8.459
2022-04-15 09:00:00-03:00,0.371,7.327
2022-04-15 10:00:00-03:00,0.316,6.914
2022-04-15 11:00:00-03:00,0.384,7.424
2022-04-15 12:00:00-03:00,0.647,9.356
2022-04-15 13:00:00-03:00,0.788,10.68
2022-04-15 14:00:00-03:00,0.866,11.742
2022-04-15 15:00:00-03:00,0.919,12.947
2022-04-15 16:00:00-03:00,0.926,13.198
2022-04-15 17:00:00-03:00,0.898,12.371
2022-04-15 18:00:00-03:00,0.875,11.902
2022-04-15 19:00:00-03:00,0.857,11.592
2022-04-15 20:00:00-03:00,0.84,11.334
2022-04-15 21:00:00-03:00,0.8290000000000001,11.177
2022-04-15 22:00:00-03:00,0.746,10.231
2022-04-15 23:00:00-03:00,0.664,9.488
2022-04-16 00:00:00-03:00,0.541,8.548
2022-04-16 01:00:00-03:00,0.402,7.558
2022-04-16 02:00:00-03:00,0.341,7.103
2022-04-16 03:00:00-03:00,0.27,6.546
2022-04-16 04:00:00-03:00,0.197,5.881
2022-04-16 05:00:00-03:00,0.126,5.091
2022-04-16 06:00:00-03:00,0.088,4.541
2022-04-16 07:00:00-03:00,0.056,3.955
2022-04-16 08:00:00-03:00,0.022,3.045
2022-04-16 09:00:00-03:00,0.006,2.276
2022-04-16 10:00:00-03:00,0.004,2.057
2022-04-16 11:00:00-03:00,0.023,3.097
2022-04-16 12:00:00-03:00,0.043000000000000003,3.665
2022-04-16 13:00:00-03:00,0.035,3.463
2022-04-16 14:00:00-03:00,0.029,3.308
2022-04-16 15:00:00-03:00,0.037,3.535
2022-04-16 16:00:00-03:00,0.055,3.938
2022-04-16 17:00:00-03:00,0.139,5.249
2022-04-16 18:00:00-03:00,0.451,7.906
2022-04-16 19:00:00-03:00,0.653,9.41
2022-04-16 20:00:00-03:00,0.683,9.659
2022-04-16 21:00:00-03:00,0.624,9.175
2022-04-16 22:00:00-03:00,0.632,9.237
2022-04-16 23:00:00-03:00,0.675,9.579
2022-04-17 00:00:00-03:00,0.718,9.958
2022-04-17 01:00:00-03:00,0.729,10.068
2022-04-17 02:00:00-03:00,0.673,9.572
2022-04-17 03:00:00-03:00,0.555,8.659
2022-04-17 04:00:00-03:00,0.494,8.22
2022-04-17 05:00:00-03:00,0.431,7.7620000000000005
2022-04-17 06:00:00-03:00,0.429,7.743
2022-04-17 07:00:00-03:00,0.452,7.914
2022-04-17 08:00:00-03:00,0.489,8.17
2022-04-17 09:00:00-03:00,0.47200000000000003,8.061
2022-04-17 10:00:00-03:00,0.372,7.329
2022-04-17 11:00:00-03:00,0.291,6.707
2022-04-17 12:00:00-03:00,0.265,6.494
2022-04-17 13:00:00-03:00,0.375,7.36
2022-04-17 14:00:00-03:00,0.419,7.683
2022-04-17 15:00:00-03:00,0.444,7.852
2022-04-17 16:00:00-03:00,0.499,8.241
2022-04-17 17:00:00-03:00,0.582,8.858
2022-04-17 18:00:00-03:00,0.721,9.993
2022-04-17 19:00:00-03:00,0.673,9.573
2022-04-17 20:00:00-03:00,0.65,9.382
2022-04-17 21:00:00-03:00,0.643,9.329
2022-04-17 22:00:00-03:00,0.637,9.283
2022-04-17 23:00:00-03:00,0.637,9.279
2022-04-18 00:00:00-03:00,0.615,9.109
2022-04-18 01:00:00-03:00,0.629,9.213
2022-04-18 02:00:00-03:00,0.627,9.189
2022-04-18 03:00:00-03:00,0.5760000000000001,8.809
2022-04-18 04:00:00-03:00,0.499,8.243
2022-04-18 05:00:00-03:00,0.426,7.73
2022-04-18 06:00:00-03:00,0.374,7.349
2022-04-18 07:00:00-03:00,0.375,7.359
2022-04-18 08:00:00-03:00,0.434,7.783
2022-04-18 09:00:00-03:00,0.394,7.494
2022-04-18 10:00:00-03:00,0.176,5.665
2022-04-18 11:00:00-03:00,0.191,5.8260000000000005
2022-04-18 12:00:00-03:00,0.419,7.68
2022-04-18 13:00:00-03:00,0.449,7.892
2022-04-18 14:00:00-03:00,0.419,7.675
2022-04-18 15:00:00-03:00,0.387,7.443
2022-04-18 16:00:00-03:00,0.339,7.08
2022-04-18 17:00:00-03:00,0.28600000000000003,6.676
2022-04-18 18:00:00-03:00,0.372,7.333
2022-04-18 19:00:00-03:00,0.517,8.382
2022-04-18 20:00:00-03:00,0.625,9.182
2022-04-18 21:00:00-03:00,0.671,9.557
2022-04-18 22:00:00-03:00,0.664,9.5
2022-04-18 23:00:00-03:00,0.61,9.067
2022-04-19 00:00:00-03:00,0.58,8.842
2022-04-19 01:00:00-03:00,0.5760000000000001,8.809
2022-04-19 02:00:00-03:00,0.494,8.216
2022-04-19 03:00:00-03:00,0.428,7.74
2022-04-19 04:00:00-03:00,0.341,7.101
2022-04-19 05:00:00-03:00,0.273,6.571
2022-04-19 06:00:00-03:00,0.256,6.418
2022-04-19 07:00:00-03:00,0.225,6.148
2022-04-19 08:00:00-03:00,0.256,6.419
2022-04-19 09:00:00-03:00,0.209,6.001
2022-04-19 10:00:00-03:00,0.11800000000000001,4.9879999999999995
2022-04-19 11:00:00-03:00,0.17,5.608
2022-04-19 12:00:00-03:00,0.524,8.43
2022-04-19 13:00:00-03:00,0.8280000000000001,11.166
2022-04-19 14:00:00-03:00,0.907,12.602
2022-04-19 15:00:00-03:00,0.923,13.118
2022-04-19 16:00:00-03:00,0.922,13.058
2022-04-19 17:00:00-03:00,0.901,12.457
2022-04-19 18:00:00-03:00,0.899,12.402
2022-04-19 19:00:00-03:00,0.912,12.75
2022-04-19 20:00:00-03:00,0.914,12.81
2022-04-19 21:00:00-03:00,0.913,12.754
2022-04-19 22:00:00-03:00,0.906,12.573
2022-04-19 23:00:00-03:00,0.881,12.011
2022-04-20 00:00:00-03:00,0.834,11.238
2022-04-20 01:00:00-03:00,0.764,10.412
2022-04-20 02:00:00-03:00,0.704,9.842
2022-04-20 03:00:00-03:00,0.608,9.048
2022-04-20 04:00:00-03:00,0.599,8.984
2022-04-20 05:00:00-03:00,0.615,9.105
2022-04-20 06:00:00-03:00,0.658,9.45
2022-04-20 07:00:00-03:00,0.708,9.873
2022-04-20 08:00:00-03:00,0.878,11.965
2022-04-20 09:00:00-03:00,0.883,12.063
2022-04-20 10:00:00-03:00,0.895,12.316
2022-04-20 11:00:00-03:00,0.913,12.781
2022-04-20 12:00:00-03:00,0.9400000000000001,14.208
2022-04-20 13:00:00-03:00,0.917,16.125
2022-04-20 14:00:00-03:00,0.899,16.677
2022-04-20 15:00:00-03:00,0.91,16.358
2022-04-20 16:00:00-03:00,0.9400000000000001,14.765
2022-04-20 17:00:00-03:00,0.928,13.284
2022-04-20 18:00:00-03:00,0.882,12.04
2022-04-20 19:00:00-03:00,0.8280000000000001,11.169
2022-04-20 20:00:00-03:00,0.733,10.106
2022-04-20 21:00:00-03:00,0.539,8.531
2022-04-20 22:00:00-03:00,0.387,7.446
2022-04-20 23:00:00-03:00,0.377,7.367
2022-04-21 00:00:00-03:00,0.388,7.458
2022-04-21 01:00:00-03:00,0.401,7.549
2022-04-21 02:00:00-03:00,0.405,7.5760000000000005
2022-04-21 03:00:00-03:00,0.419,7.684
2022-04-21 04:00:00-03:00,0.434,7.779
2022-04-21 05:00:00-03:00,0.442,7.842
2022-04-21 06:00:00-03:00,0.46,7.973
2022-04-21 07:00:00-03:00,0.49,8.19
2022-04-21 08:00:00-03:00,0.545,8.575
2022-04-21 09:00:00-03:00,0.501,8.266
2022-04-21 10:00:00-03:00,0.495,8.223
2022-04-21 11:00:00-03:00,0.623,9.164
2022-04-21 12:00:00-03:00,0.622,9.149
2022-04-21 13:00:00-03:00,0.604,9.013
2022-04-21 14:00:00-03:00,0.64,9.304
2022-04-21 15:00:00-03:00,0.719,9.975
2022-04-21 16:00:00-03:00,0.748,10.257
2022-04-21 17:00:00-03:00,0.649,9.377
2022-04-21 18:00:00-03:00,0.552,8.633
2022-04-21 19:00:00-03:00,0.525,8.436
2022-04-21 20:00:00-03:00,0.526,8.439
2022-04-21 21:00:00-03:00,0.502,8.273
2022-04-21 22:00:00-03:00,0.497,8.235
2022-04-21 23:00:00-03:00,0.447,7.878
2022-04-22 00:00:00-03:00,0.441,7.83
2022-04-22 01:00:00-03:00,0.515,8.367
2022-04-22 02:00:00-03:00,0.553,8.642
2022-04-22 03:00:00-03:00,0.527,8.446
2022-04-22 04:00:00-03:00,0.466,8.016
2022-04-22 05:00:00-03:00,0.426,7.73
2022-04-22 06:00:00-03:00,0.421,7.699
2022-04-22 07:00:00-03:00,0.489,8.173
2022-04-22 08:00:00-03:00,0.535,8.505
2022-04-22 09:00:00-03:00,0.524,8.425
2022-04-22 10:00:00-03:00,0.47200000000000003,8.063
2022-04-22 11:00:00-03:00,0.549,8.61
2022-04-22 12:00:00-03:00,0.672,9.561
2022-04-22 13:00:00-03:00,0.641,9.314
2022-04-22 14:00:00-03:00,0.47500000000000003,8.076
2022-04-22 15:00:00-03:00,0.268,6.529
2022-04-22 16:00:00-03:00,0.199,5.902
2022-04-22 17:00:00-03:00,0.306,6.831
2022-04-22 18:00:00-03:00,0.441,7.832
2022-04-22 19:00:00-03:00,0.658,9.446
2022-04-22 20:00:00-03:00,0.804,10.849
2022-04-22 21:00:00-03:00,0.811,10.945
2022-04-22 22:00:00-03:00,0.796,10.766
2022-04-22 23:00:00-03:00,0.75,10.277
2022-04-23 00:00:00-03:00,0.68,9.631
2022-04-23 01:00:00-03:00,0.606,9.028
2022-04-23 02:00:00-03:00,0.546,8.578
2022-04-23 03:00:00-03:00,0.466,8.018
2022-04-23 04:00:00-03:00,0.39,7.474
2022-04-23 05:00:00-03:00,0.339,7.084
2022-04-23 06:00:00-03:00,0.303,6.8100000000000005
2022-04-23 07:00:00-03:00,0.247,6.343
2022-04-23 08:00:00-03:00,0.223,6.128
2022-04-23 09:00:00-03:00,0.17,5.601
2022-04-23 10:00:00-03:00,0.114,4.928
2022-04-23 11:00:00-03:00,0.111,4.876
2022-04-23 12:00:00-03:00,0.113,4.917
2022-04-23 13:00:00-03:00,0.107,4.835
2022-04-23 14:00:00-03:00,0.07,4.246
2022-04-23 15:00:00-03:00,0.039,3.584
2022-04-23 16:00:00-03:00,0.018000000000000002,2.89
2022-04-23 17:00:00-03:00,0.009000000000000001,2.487
2022-04-23 18:00:00-03:00,0.01,2.5300000000000002
2022-04-23 19:00:00-03:00,0.015,2.778
2022-04-23 20:00:00-03:00,0.026000000000000002,3.186
2022-04-23 21:00:00-03:00,0.037,3.528
2022-04-23 22:00:00-03:00,0.044,3.698
2022-04-23 23:00:00-03:00,0.046,3.757
2022-04-24 00:00:00-03:00,0.049,3.807
2022-04-24 01:00:00-03:00,0.043000000000000003,3.667
2022-04-24 02:00:00-03:00,0.036000000000000004,3.49
2022-04-24 03:00:00-03:00,0.025,3.169
2022-04-24 04:00:00-03:00,0.01,2.523
2022-04-24 05:00:00-03:00,0.001,1.5979999999999999
2022-04-24 06:00:00-03:00,0.0,0.905
2022-04-24 07:00:00-03:00,0.0,1.154
2022-04-24 08:00:00-03:00,0.003,1.9500000000000002
2022-04-24 09:00:00-03:00,0.012,2.634
2022-04-24 10:00:00-03:00,0.021,3.036
2022-04-24 11:00:00-03:00,0.055,3.944
2022-04-24 12:00:00-03:00,0.083,4.465
2022-04-24 13:00:00-03:00,0.123,5.035
2022-04-24 14:00:00-03:00,0.107,4.8260000000000005
2022-04-24 15:00:00-03:00,0.062,4.088
2022-04-24 16:00:00-03:00,0.056,3.955
2022-04-24 17:00:00-03:00,0.063,4.11
2022-04-24 18:00:00-03:00,0.073,4.302
2022-04-24 19:00:00-03:00,0.081,4.425
2022-04-24 20:00:00-03:00,0.084,4.486
2022-04-24 21:00:00-03:00,0.08,4.404
2022-04-24 22:00:00-03:00,0.074,4.319
2022-04-24 23:00:00-03:00,0.077,4.364
2022-04-25 00:00:00-03:00,0.084,4.486
2022-04-25 01:00:00-03:00,0.099,4.717
2022-04-25 02:00:00-03:00,0.128,5.112
2022-04-25 03:00:00-03:00,0.17300000000000001,5.642
2022-04-25 04:00:00-03:00,0.228,6.173
2022-04-25 05:00:00-03:00,0.254,6.41
2022-04-25 06:00:00-03:00,0.266,6.507
2022-04-25 07:00:00-03:00,0.337,7.073
2022-04-25 08:00:00-03:00,0.394,7.495
2022-04-25 09:00:00-03:00,0.451,7.907
2022-04-25 10:00:00-03:00,0.429,7.742
2022-04-25 11:00:00-03:00,0.517,8.381
2022-04-25 12:00:00-03:00,0.549,8.61
2022-04-25 13:00:00-03:00,0.513,8.345
2022-04-25 14:00:00-03:00,0.501,8.266
2022-04-25 15:00:00-03:00,0.489,8.171
2022-04-25 16:00:00-03:00,0.47100000000000003,8.048
2022-04-25 17:00:00-03:00,0.355,7.216
2022-04-25 18:00:00-03:00,0.377,7.375
2022-04-25 19:00:00-03:00,0.45,7.897
2022-04-25 20:00:00-03:00,0.451,7.908
2022-04-25 21:00:00-03:00,0.44,7.827
2022-04-25 22:00:00-03:00,0.381,7.396
2022-04-25 23:00:00-03:00,0.302,6.801
2022-04-26 00:00:00-03:00,0.265,6.496
2022-04-26 01:00:00-03:00,0.259,6.452
2022-04-26 02:00:00-03:00,0.261,6.468
2022-04-26 03:00:00-03:00,0.259,6.442
2022-04-26 04:00:00-03:00,0.248,6.357
2022-04-26 05:00:00-03:00,0.23,6.195
2022-04-26 06:00:00-03:00,0.182,5.728
2022-04-26 07:00:00-03:00,0.121,5.022
2022-04-26 08:00:00-03:00,0.084,4.479
2022-04-26 09:00:00-03:00,0.062,4.079
2022-04-26 10:00:00-03:00,0.043000000000000003,3.668
2022-04-26 11:00:00-03:00,0.048,3.8
2022-04-26 12:00:00-03:00,0.054,3.923
2022-04-26 13:00:00-03:00,0.063,4.108
2022-04-26 14:00:00-03:00,0.081,4.439
2022-04-26 15:00:00-03:00,0.106,4.806
2022-04-26 16:00:00-03:00,0.132,5.169
2022-04-26 17:00:00-03:00,0.182,5.733
2022-04-26 18:00:00-03:00,0.252,6.394
2022-04-26 19:00:00-03:00,0.293,6.726
2022-04-26 20:00:00-03:00,0.311,6.873
2022-04-26 21:00:00-03:00,0.333,7.044
2022-04-26 22:00:00-03:00,0.355,7.215
2022-04-26 23:00:00-03:00,0.389,7.467
2022-04-27 00:00:00-03:00,0.429,7.752
2022-04-27 01:00:00-03:00,0.47700000000000004,8.094
2022-04-27 02:00:00-03:00,0.5640000000000001,8.71
2022-04-27 03:00:00-03:00,0.647,9.356
2022-04-27 04:00:00-03:00,0.678,9.614
2022-04-27 05:00:00-03:00,0.6880000000000001,9.696
2022-04-27 06:00:00-03:00,0.685,9.665
2022-04-27 07:00:00-03:00,0.733,10.105
2022-04-27 08:00:00-03:00,0.769,10.469
2022-04-27 09:00:00-03:00,0.757,10.343
2022-04-27 10:00:00-03:00,0.672,9.565
2022-04-27 11:00:00-03:00,0.721,9.998
2022-04-27 12:00:00-03:00,0.743,10.194
2022-04-27 13:00:00-03:00,0.755,10.323
2022-04-27 14:00:00-03:00,0.793,10.732
2022-04-27 15:00:00-03:00,0.8240000000000001,11.115
2022-04-27 16:00:00-03:00,0.834,11.246
2022-04-27 17:00:00-03:00,0.774,10.524000000000001
2022-04-27 18:00:00-03:00,0.768,10.462
2022-04-27 19:00:00-03:00,0.781,10.597
2022-04-27 20:00:00-03:00,0.734,10.119
2022-04-27 21:00:00-03:00,0.685,9.668
2022-04-27 22:00:00-03:00,0.677,9.609
2022-04-27 23:00:00-03:00,0.709,9.884
2022-04-28 00:00:00-03:00,0.712,9.905
2022-04-28 01:00:00-03:00,0.715,9.934
2022-04-28 02:00:00-03:00,0.681,9.642
2022-04-28 03:00:00-03:00,0.733,10.107
2022-04-28 04:00:00-03:00,0.736,10.141
2022-04-28 05:00:00-03:00,0.725,10.03
2022-04-28 06:00:00-03:00,0.733,10.102
2022-04-28 07:00:00-03:00,0.709,9.887
2022-04-28 08:00:00-03:00,0.721,9.998
2022-04-28 09:00:00-03:00,0.772,10.492
2022-04-28 10:00:00-03:00,0.761,10.374
2022-04-28 11:00:00-03:00,0.908,12.637
2022-04-28 12:00:00-03:00,0.9410000000000001,14.501
2022-04-28 13:00:00-03:00,0.934,15.332
2022-04-28 14:00:00-03:00,0.931,15.509
2022-04-28 15:00:00-03:00,0.9400000000000001,14.728
2022-04-28 16:00:00-03:00,0.931,13.452
2022-04-28 17:00:00-03:00,0.906,12.576
2022-04-28 18:00:00-03:00,0.887,12.142
2022-04-28 19:00:00-03:00,0.89,12.202
2022-04-28 20:00:00-03:00,0.883,12.066
2022-04-28 21:00:00-03:00,0.876,11.928
2022-04-28 22:00:00-03:00,0.849,11.471
2022-04-28 23:00:00-03:00,0.8150000000000001,10.987
2022-04-29 00:00:00-03:00,0.733,10.111
2022-04-29 01:00:00-03:00,0.682,9.643
2022-04-29 02:00:00-03:00,0.632,9.234
2022-04-29 03:00:00-03:00,0.523,8.416
2022-04-29 04:00:00-03:00,0.389,7.465
2022-04-29 05:00:00-03:00,0.30000000000000004,6.791
2022-04-29 06:00:00-03:00,0.265,6.494
2022-04-29 07:00:00-03:00,0.223,6.13
2022-04-29 08:00:00-03:00,0.181,5.725
2022-04-29 09:00:00-03:00,0.165,5.54
2022-04-29 10:00:00-03:00,0.11800000000000001,4.989
2022-04-29 11:00:00-03:00,0.158,5.464
2022-04-29 12:00:00-03:00,0.15,5.384
2022-04-29 13:00:00-03:00,0.128,5.114
2022-04-29 14:00:00-03:00,0.105,4.801
2022-04-29 15:00:00-03:00,0.08,4.41
2022-04-29 16:00:00-03:00,0.057,3.983
2022-04-29 17:00:00-03:00,0.039,3.573
2022-04-29 18:00:00-03:00,0.022,3.046
2022-04-29 19:00:00-03:00,0.011,2.594
2022-04-29 20:00:00-03:00,0.005,2.177
2022-04-29 21:00:00-03:00,0.004,2.018
2022-04-29 22:00:00-03:00,0.007,2.282
2022-04-29 23:00:00-03:00,0.012,2.658
2022-04-30 00:00:00-03:00,0.017,2.865
2022-04-30 01:00:00-03:00,0.02,2.964
2022-04-30 02:00:00-03:00,0.022,3.073
2022-04-30 03:00:00-03:00,0.027,3.236
2022-04-30 04:00:00-03:00,0.036000000000000004,3.499
2022-04-30 05:00:00-03:00,0.045,3.71
2022-04-30 06:00:00-03:00,0.048,3.802
2022-04-30 07:00:00-03:00,0.06,4.037
2022-04-30 08:00:00-03:00,0.085,4.492
2022-04-30 09:00:00-03:00,0.111,4.895
2022-04-30 10:00:00-03:00,0.076,4.339
2022-04-30 11:00:00-03:00,0.028,3.2640000000000002
2022-04-30 12:00:00-03:00,0.043000000000000003,3.6790000000000003
2022-04-30 13:00:00-03:00,0.06,4.045
2022-04-30 14:00:00-03:00,0.053,3.908
2022-04-30 15:00:00-03:00,0.043000000000000003,3.666
2022-04-30 16:00:00-03:00,0.032,3.3890000000000002
2022-04-30 17:00:00-03:00,0.027,3.236
2022-04-30 18:00:00-03:00,0.049,3.816
2022-04-30 19:00:00-03:00,0.137,5.224
2022-04-30 20:00:00-03:00,0.34500000000000003,7.135
2022-04-30 21:00:00-03:00,0.58,8.837
2022-04-30 22:00:00-03:00,0.638,9.286
2022-04-30 23:00:00-03:00,0.597,8.972
2022-05-01 00:00:00-03:00,0.539,8.532
2022-05-01 01:00:00-03:00,0.515,8.368
2022-05-01 02:00:00-03:00,0.504,8.279
2022-05-01 03:00:00-03:00,0.466,8.01
2022-05-01 04:00:00-03:00,0.421,7.693
2022-05-01 05:00:00-03:00,0.389,7.464
2022-05-01 06:00:00-03:00,0.373,7.342
2022-05-01 07:00:00-03:00,0.382,7.407
2022-05-01 08:00:00-03:00,0.402,7.556
2022-05-01 09:00:00-03:00,0.40700000000000003,7.594
2022-05-01 10:00:00-03:00,0.337,7.074
2022-05-01 11:00:00-03:00,0.24,6.285
2022-05-01 12:00:00-03:00,0.271,6.554
2022-05-01 13:00:00-03:00,0.35100000000000003,7.181
2022-05-01 14:00:00-03:00,0.387,7.448
2022-05-01 15:00:00-03:00,0.34800000000000003,7.155
2022-05-01 16:00:00-03:00,0.279,6.6129999999999995
2022-05-01 17:00:00-03:00,0.305,6.823
2022-05-01 18:00:00-03:00,0.389,7.462
2022-05-01 19:00:00-03:00,0.363,7.272
2022-05-01 20:00:00-03:00,0.28400000000000003,6.658
2022-05-01 21:00:00-03:00,0.321,6.954
2022-05-01 22:00:00-03:00,0.49,8.187
2022-05-01 23:00:00-03:00,0.601,9.0
2022-05-02 00:00:00-03:00,0.58,8.845
2022-05-02 01:00:00-03:00,0.47300000000000003,8.067
2022-05-02 02:00:00-03:00,0.425,7.7219999999999995
2022-05-02 03:00:00-03:00,0.454,7.924
2022-05-02 04:00:00-03:00,0.396,7.508
2022-05-02 05:00:00-03:00,0.298,6.774
2022-05-02 06:00:00-03:00,0.335,7.063
2022-05-02 07:00:00-03:00,0.458,7.959
2022-05-02 08:00:00-03:00,0.616,9.115
2022-05-02 09:00:00-03:00,0.717,9.955
2022-05-02 10:00:00-03:00,0.6950000000000001,9.763
2022-05-02 11:00:00-03:00,0.837,11.293
2022-05-02 12:00:00-03:00,0.928,15.677
2022-05-02 13:00:00-03:00,0.895,16.792
2022-05-02 14:00:00-03:00,0.9,16.655
2022-05-02 15:00:00-03:00,0.923,15.877
2022-05-02 16:00:00-03:00,0.9390000000000001,14.871
2022-05-02 17:00:00-03:00,0.925,13.177
2022-05-02 18:00:00-03:00,0.873,11.868
2022-05-02 19:00:00-03:00,0.655,9.415
2022-05-02 20:00:00-03:00,0.511,8.336
2022-05-02 21:00:00-03:00,0.515,8.369
2022-05-02 22:00:00-03:00,0.5650000000000001,8.731
2022-05-02 23:00:00-03:00,0.622,9.161
2022-05-03 00:00:00-03:00,0.7020000000000001,9.819
2022-05-03 01:00:00-03:00,0.762,10.394
2022-05-03 02:00:00-03:00,0.851,11.499
2022-05-03 03:00:00-03:00,0.919,12.971
2022-05-03 04:00:00-03:00,0.9390000000000001,14.007
2022-05-03 05:00:00-03:00,0.9380000000000001,15.058
2022-05-03 06:00:00-03:00,0.901,16.624
2022-05-03 07:00:00-03:00,0.81,18.523
2022-05-03 08:00:00-03:00,0.733,19.684
2022-05-03 09:00:00-03:00,0.759,19.307
2022-05-03 10:00:00-03:00,0.759,19.314
2022-05-03 11:00:00-03:00,0.729,19.746
2022-05-03 12:00:00-03:00,0.658,20.665
2022-05-03 13:00:00-03:00,0.559,21.816
2022-05-03 14:00:00-03:00,0.52,22.249
2022-05-03 15:00:00-03:00,0.543,21.997
2022-05-03 16:00:00-03:00,0.611,21.219
2022-05-03 17:00:00-03:00,0.66,20.642
2022-05-03 18:00:00-03:00,0.6950000000000001,20.193
2022-05-03 19:00:00-03:00,0.6990000000000001,20.143
2022-05-03 20:00:00-03:00,0.6950000000000001,20.199
2022-05-03 21:00:00-03:00,0.715,19.919
2022-05-03 22:00:00-03:00,0.742,19.561
2022-05-03 23:00:00-03:00,0.754,19.388
2022-05-04 00:00:00-03:00,0.749,19.463
2022-05-04 01:00:00-03:00,0.752,19.418
2022-05-04 02:00:00-03:00,0.81,18.519
2022-05-04 03:00:00-03:00,0.863,17.545
2022-05-04 04:00:00-03:00,0.892,16.882
2022-05-04 05:00:00-03:00,0.911,16.333
2022-05-04 06:00:00-03:00,0.918,16.097
2022-05-04 07:00:00-03:00,0.922,15.948
2022-05-04 08:00:00-03:00,0.933,15.385
2022-05-04 09:00:00-03:00,0.9400000000000001,14.701
2022-05-04 10:00:00-03:00,0.936,13.762
2022-05-04 11:00:00-03:00,0.93,13.37
2022-05-04 12:00:00-03:00,0.937,13.852
2022-05-04 13:00:00-03:00,0.9400000000000001,14.207
2022-05-04 14:00:00-03:00,0.9410000000000001,14.272
2022-05-04 15:00:00-03:00,0.9380000000000001,13.937
2022-05-04 16:00:00-03:00,0.914,12.816
2022-05-04 17:00:00-03:00,0.895,12.303
2022-05-04 18:00:00-03:00,0.9,12.433
2022-05-04 19:00:00-03:00,0.879,11.978
2022-05-04 20:00:00-03:00,0.843,11.385
2022-05-04 21:00:00-03:00,0.844,11.395
2022-05-04 22:00:00-03:00,0.852,11.513
2022-05-04 23:00:00-03:00,0.863,11.703
2022-05-05 00:00:00-03:00,0.899,12.398
2022-05-05 01:00:00-03:00,0.923,13.116
2022-05-05 02:00:00-03:00,0.9400000000000001,14.17
2022-05-05 03:00:00-03:00,0.9400000000000001,14.685
2022-05-05 04:00:00-03:00,0.9400000000000001,14.842
2022-05-05 05:00:00-03:00,0.9390000000000001,14.927
2022-05-05 06:00:00-03:00,0.9390000000000001,14.856
2022-05-05 07:00:00-03:00,0.9410000000000001,14.605
2022-05-05 08:00:00-03:00,0.9410000000000001,14.478
2022-05-05 09:00:00-03:00,0.9410000000000001,14.355
2022-05-05 10:00:00-03:00,0.9400000000000001,14.135
2022-05-05 11:00:00-03:00,0.9410000000000001,14.444
2022-05-05 12:00:00-03:00,0.93,15.586
2022-05-05 13:00:00-03:00,0.881,17.142
2022-05-05 14:00:00-03:00,0.796,18.74
2022-05-05 15:00:00-03:00,0.6950000000000001,20.188
2022-05-05 16:00:00-03:00,0.67,20.521
2022-05-05 17:00:00-03:00,0.617,21.154
2022-05-05 18:00:00-03:00,0.5710000000000001,21.685
2022-05-05 19:00:00-03:00,0.645,20.825
2022-05-05 20:00:00-03:00,0.737,19.633
2022-05-05 21:00:00-03:00,0.807,18.571
2022-05-05 22:00:00-03:00,0.915,16.185
2022-05-05 23:00:00-03:00,0.9400000000000001,14.716
2022-05-06 00:00:00-03:00,0.9390000000000001,13.984
2022-05-06 01:00:00-03:00,0.933,13.568
2022-05-06 02:00:00-03:00,0.927,13.266
2022-05-06 03:00:00-03:00,0.921,13.016
2022-05-06 04:00:00-03:00,0.902,12.479
2022-05-06 05:00:00-03:00,0.863,11.696
2022-05-06 06:00:00-03:00,0.755,10.324
2022-05-06 07:00:00-03:00,0.612,9.081
2022-05-06 08:00:00-03:00,0.402,7.559
2022-05-06 09:00:00-03:00,0.189,5.796
2022-05-06 10:00:00-03:00,0.171,5.611
2022-05-06 11:00:00-03:00,0.278,6.602
2022-05-06 12:00:00-03:00,0.403,7.566
2022-05-06 13:00:00-03:00,0.46900000000000003,8.03
2022-05-06 14:00:00-03:00,0.451,7.907
2022-05-06 15:00:00-03:00,0.464,8.001
2022-05-06 16:00:00-03:00,0.55,8.618
2022-05-06 17:00:00-03:00,0.636,9.274000000000001
2022-05-06 18:00:00-03:00,0.678,9.618
2022-05-06 19:00:00-03:00,0.7030000000000001,9.825
2022-05-06 20:00:00-03:00,0.718,9.962
2022-05-06 21:00:00-03:00,0.743,10.195
2022-05-06 22:00:00-03:00,0.789,10.693
2022-05-06 23:00:00-03:00,0.8240000000000001,11.101
2022-05-07 00:00:00-03:00,0.8180000000000001,11.033
2022-05-07 01:00:00-03:00,0.782,10.607
2022-05-07 02:00:00-03:00,0.759,10.36
2022-05-07 03:00:00-03:00,0.77,10.48
2022-05-07 04:00:00-03:00,0.848,11.449
2022-05-07 05:00:00-03:00,0.933,15.382
2022-05-07 06:00:00-03:00,0.8270000000000001,18.232
2022-05-07 07:00:00-03:00,0.6950000000000001,20.19
2022-05-07 08:00:00-03:00,0.617,21.159
2022-05-07 09:00:00-03:00,0.633,20.966
2022-05-07 10:00:00-03:00,0.652,20.739
2022-05-07 11:00:00-03:00,0.589,21.479
2022-05-07 12:00:00-03:00,0.588,21.494
2022-05-07 13:00:00-03:00,0.648,20.792
2022-05-07 14:00:00-03:00,0.707,20.037
2022-05-07 15:00:00-03:00,0.789,18.863
2022-05-07 16:00:00-03:00,0.879,17.191
2022-05-07 17:00:00-03:00,0.932,15.46
2022-05-07 18:00:00-03:00,0.9400000000000001,14.18
2022-05-07 19:00:00-03:00,0.914,12.805
2022-05-07 20:00:00-03:00,0.849,11.472
2022-05-07 21:00:00-03:00,0.757,10.336
2022-05-07 22:00:00-03:00,0.747,10.245
2022-05-07 23:00:00-03:00,0.627,9.19
2022-05-08 00:00:00-03:00,0.504,8.282
2022-05-08 01:00:00-03:00,0.47100000000000003,8.048
2022-05-08 02:00:00-03:00,0.488,8.168
2022-05-08 03:00:00-03:00,0.599,8.983
2022-05-08 04:00:00-03:00,0.761,10.375
2022-05-08 05:00:00-03:00,0.892,12.236
2022-05-08 06:00:00-03:00,0.935,13.707
2022-05-08 07:00:00-03:00,0.9400000000000001,14.249
2022-05-08 08:00:00-03:00,0.9400000000000001,14.788
2022-05-08 09:00:00-03:00,0.929,15.602
2022-05-08 10:00:00-03:00,0.911,16.327
2022-05-08 11:00:00-03:00,0.869,17.402
2022-05-08 12:00:00-03:00,0.8160000000000001,18.414
2022-05-08 13:00:00-03:00,0.759,19.311
2022-05-08 14:00:00-03:00,0.705,20.069
2022-05-08 15:00:00-03:00,0.72,19.867
2022-05-08 16:00:00-03:00,0.734,19.67
2022-05-08 17:00:00-03:00,0.736,19.642
2022-05-08 18:00:00-03:00,0.75,19.443
2022-05-08 19:00:00-03:00,0.758,19.33
2022-05-08 20:00:00-03:00,0.767,19.204
2022-05-08 21:00:00-03:00,0.795,18.776
2022-05-08 22:00:00-03:00,0.835,18.09
2022-05-08 23:00:00-03:00,0.89,16.917
2022-05-09 00:00:00-03:00,0.925,15.79
2022-05-09 01:00:00-03:00,0.9390000000000001,14.909
2022-05-09 02:00:00-03:00,0.9410000000000001,14.587
2022-05-09 03:00:00-03:00,0.9400000000000001,14.841
2022-05-09 04:00:00-03:00,0.928,15.659
2022-05-09 05:00:00-03:00,0.907,16.467
2022-05-09 06:00:00-03:00,0.891,16.889
2022-05-09 07:00:00-03:00,0.888,16.963
2022-05-09 08:00:00-03:00,0.846,17.885
2022-05-09 09:00:00-03:00,0.849,17.831
2022-05-09 10:00:00-03:00,0.891,16.884
2022-05-09 11:00:00-03:00,0.918,16.06
2022-05-09 12:00:00-03:00,0.922,15.928
2022-05-09 13:00:00-03:00,0.928,15.649000000000001
2022-05-09 14:00:00-03:00,0.934,15.352
2022-05-09 15:00:00-03:00,0.9390000000000001,14.932
2022-05-09 16:00:00-03:00,0.936,13.71
2022-05-09 17:00:00-03:00,0.888,12.15
2022-05-09 18:00:00-03:00,0.8290000000000001,11.183
2022-05-09 19:00:00-03:00,0.751,10.283
2022-05-09 20:00:00-03:00,0.707,9.863
2022-05-09 21:00:00-03:00,0.68,9.63
2022-05-09 22:00:00-03:00,0.669,9.538
2022-05-09 23:00:00-03:00,0.658,9.446
2022-05-10 00:00:00-03:00,0.638,9.288
2022-05-10 01:00:00-03:00,0.613,9.095
2022-05-10 02:00:00-03:00,0.577,8.818
2022-05-10 03:00:00-03:00,0.507,8.303
2022-05-10 04:00:00-03:00,0.47200000000000003,8.054
2022-05-10 05:00:00-03:00,0.47900000000000004,8.106
2022-05-10 06:00:00-03:00,0.47800000000000004,8.097
2022-05-10 07:00:00-03:00,0.498,8.238
2022-05-10 08:00:00-03:00,0.527,8.443
2022-05-10 09:00:00-03:00,0.515,8.369
2022-05-10 10:00:00-03:00,0.354,7.206
2022-05-10 11:00:00-03:00,0.221,6.116
2022-05-10 12:00:00-03:00,0.432,7.771
2022-05-10 13:00:00-03:00,0.5700000000000001,8.761
2022-05-10 14:00:00-03:00,0.579,8.827
2022-05-10 15:00:00-03:00,0.511,8.335
2022-05-10 16:00:00-03:00,0.431,7.768
2022-05-10 17:00:00-03:00,0.49,8.191
2022-05-10 18:00:00-03:00,0.637,9.276
2022-05-10 19:00:00-03:00,0.686,9.683
2022-05-10 20:00:00-03:00,0.6960000000000001,9.772
2022-05-10 21:00:00-03:00,0.704,9.838
2022-05-10 22:00:00-03:00,0.721,9.995
2022-05-10 23:00:00-03:00,0.756,10.325
2022-05-11 00:00:00-03:00,0.716,9.946
2022-05-11 01:00:00-03:00,0.7000000000000001,9.802
2022-05-11 02:00:00-03:00,0.6990000000000001,9.793
2022-05-11 03:00:00-03:00,0.704,9.829
2022-05-11 04:00:00-03:00,0.7000000000000001,9.804
2022-05-11 05:00:00-03:00,0.684,9.662
2022-05-11 06:00:00-03:00,0.648,9.368
2022-05-11 07:00:00-03:00,0.604,9.021
2022-05-11 08:00:00-03:00,0.539,8.537
2022-05-11 09:00:00-03:00,0.454,7.932
2022-05-11 10:00:00-03:00,0.303,6.812
2022-05-11 11:00:00-03:00,0.099,4.723
2022-05-11 12:00:00-03:00,0.025,3.164
2022-05-11 13:00:00-03:00,0.008,2.428
2022-05-11 14:00:00-03:00,0.008,2.4130000000000003
2022-05-11 15:00:00-03:00,0.006,2.267
2022-05-11 16:00:00-03:00,0.009000000000000001,2.452
2022-05-11 17:00:00-03:00,0.018000000000000002,2.8970000000000002
2022-05-11 18:00:00-03:00,0.025,3.16
2022-05-11 19:00:00-03:00,0.034,3.443
2022-05-11 20:00:00-03:00,0.061,4.072
2022-05-11 21:00:00-03:00,0.106,4.805
2022-05-11 22:00:00-03:00,0.162,5.515
2022-05-11 23:00:00-03:00,0.201,5.922
2022-05-12 00:00:00-03:00,0.218,6.086
2022-05-12 01:00:00-03:00,0.222,6.122
2022-05-12 02:00:00-03:00,0.2,5.916
2022-05-12 03:00:00-03:00,0.17300000000000001,5.64
2022-05-12 04:00:00-03:00,0.17400000000000002,5.643
2022-05-12 05:00:00-03:00,0.192,5.829
2022-05-12 06:00:00-03:00,0.193,5.842
2022-05-12 07:00:00-03:00,0.19,5.817
2022-05-12 08:00:00-03:00,0.185,5.767
2022-05-12 09:00:00-03:00,0.154,5.429
2022-05-12 10:00:00-03:00,0.099,4.721
2022-05-12 11:00:00-03:00,0.05,3.83
2022-05-12 12:00:00-03:00,0.046,3.754
2022-05-12 13:00:00-03:00,0.06,4.056
2022-05-12 14:00:00-03:00,0.091,4.586
2022-05-12 15:00:00-03:00,0.122,5.029
2022-05-12 16:00:00-03:00,0.129,5.128
2022-05-12 17:00:00-03:00,0.106,4.805
2022-05-12 18:00:00-03:00,0.082,4.442
2022-05-12 19:00:00-03:00,0.083,4.459
2022-05-12 20:00:00-03:00,0.083,4.471
2022-05-12 21:00:00-03:00,0.08,4.406
2022-05-12 22:00:00-03:00,0.066,4.174
2022-05-12 23:00:00-03:00,0.05,3.847
2022-05-13 00:00:00-03:00,0.046,3.749
2022-05-13 01:00:00-03:00,0.075,4.328
2022-05-13 02:00:00-03:00,0.125,5.071
2022-05-13 03:00:00-03:00,0.17,5.603
2022-05-13 04:00:00-03:00,0.21,6.003
2022-05-13 05:00:00-03:00,0.269,6.532
2022-05-13 06:00:00-03:00,0.28,6.629
2022-05-13 07:00:00-03:00,0.296,6.751
2022-05-13 08:00:00-03:00,0.32,6.94
2022-05-13 09:00:00-03:00,0.292,6.724
2022-05-13 10:00:00-03:00,0.184,5.749
2022-05-13 11:00:00-03:00,0.11900000000000001,4.991
2022-05-13 12:00:00-03:00,0.16,5.492
2022-05-13 13:00:00-03:00,0.211,6.018
2022-05-13 14:00:00-03:00,0.257,6.425
2022-05-13 15:00:00-03:00,0.269,6.54
2022-05-13 16:00:00-03:00,0.248,6.352
2022-05-13 17:00:00-03:00,0.296,6.749
2022-05-13 18:00:00-03:00,0.431,7.7620000000000005
2022-05-13 19:00:00-03:00,0.644,9.338
2022-05-13 20:00:00-03:00,0.753,10.307
2022-05-13 21:00:00-03:00,0.805,10.869
2022-05-13 22:00:00-03:00,0.805,10.88
2022-05-13 23:00:00-03:00,0.78,10.589
2022-05-14 00:00:00-03:00,0.743,10.204
2022-05-14 01:00:00-03:00,0.6940000000000001,9.751
2022-05-14 02:00:00-03:00,0.646,9.348
2022-05-14 03:00:00-03:00,0.67,9.546
2022-05-14 04:00:00-03:00,0.729,10.066
2022-05-14 05:00:00-03:00,0.717,9.956
2022-05-14 06:00:00-03:00,0.676,9.6
2022-05-14 07:00:00-03:00,0.687,9.685
2022-05-14 08:00:00-03:00,0.7010000000000001,9.817
2022-05-14 09:00:00-03:00,0.704,9.842
2022-05-14 10:00:00-03:00,0.713,9.916
2022-05-14 11:00:00-03:00,0.68,9.635
2022-05-14 12:00:00-03:00,0.799,10.805
2022-05-14 13:00:00-03:00,0.91,12.692
2022-05-14 14:00:00-03:00,0.901,12.447
2022-05-14 15:00:00-03:00,0.854,11.541
2022-05-14 16:00:00-03:00,0.767,10.45
2022-05-14 17:00:00-03:00,0.733,10.098
2022-05-14 18:00:00-03:00,0.718,9.971
2022-05-14 19:00:00-03:00,0.668,9.529
2022-05-14 20:00:00-03:00,0.592,8.925
2022-05-14 21:00:00-03:00,0.511,8.325
2022-05-14 22:00:00-03:00,0.444,7.858
2022-05-14 23:00:00-03:00,0.464,7.997
2022-05-15 00:00:00-03:00,0.504,8.28
2022-05-15 01:00:00-03:00,0.41500000000000004,7.644
2022-05-15 02:00:00-03:00,0.309,6.859
2022-05-15 03:00:00-03:00,0.259,6.451
2022-05-15 04:00:00-03:00,0.233,6.213
2022-05-15 05:00:00-03:00,0.23,6.191
2022-05-15 06:00:00-03:00,0.32,6.945
2022-05-15 07:00:00-03:00,0.533,8.49
2022-05-15 08:00:00-03:00,0.718,9.971
2022-05-15 09:00:00-03:00,0.741,10.181
2022-05-15 10:00:00-03:00,0.639,9.299
2022-05-15 11:00:00-03:00,0.546,8.583
2022-05-15 12:00:00-03:00,0.447,7.878
2022-05-15 13:00:00-03:00,0.521,8.411
2022-05-15 14:00:00-03:00,0.609,9.051
2022-05-15 15:00:00-03:00,0.5760000000000001,8.806000000000001
2022-05-15 16:00:00-03:00,0.613,9.088
2022-05-15 17:00:00-03:00,0.6880000000000001,9.694
2022-05-15 18:00:00-03:00,0.742,10.185
2022-05-15 19:00:00-03:00,0.745,10.225
2022-05-15 20:00:00-03:00,0.6980000000000001,9.786
2022-05-15 21:00:00-03:00,0.606,9.035
2022-05-15 22:00:00-03:00,0.482,8.135
2022-05-15 23:00:00-03:00,0.34800000000000003,7.149
2022-05-16 00:00:00-03:00,0.228,6.171
2022-05-16 01:00:00-03:00,0.146,5.328
2022-05-16 02:00:00-03:00,0.093,4.614
2022-05-16 03:00:00-03:00,0.085,4.498
2022-05-16 04:00:00-03:00,0.125,5.072
2022-05-16 05:00:00-03:00,0.17400000000000002,5.645
2022-05-16 06:00:00-03:00,0.23600000000000002,6.244
2022-05-16 07:00:00-03:00,0.269,6.533
2022-05-16 08:00:00-03:00,0.229,6.181
2022-05-16 09:00:00-03:00,0.179,5.697
2022-05-16 10:00:00-03:00,0.161,5.51
2022-05-16 11:00:00-03:00,0.137,5.224
2022-05-16 12:00:00-03:00,0.1,4.726
2022-05-16 13:00:00-03:00,0.059000000000000004,4.023
2022-05-16 14:00:00-03:00,0.057,3.993
2022-05-16 15:00:00-03:00,0.078,4.373
2022-05-16 16:00:00-03:00,0.126,5.089
2022-05-16 17:00:00-03:00,0.117,4.965
2022-05-16 18:00:00-03:00,0.084,4.484
2022-05-16 19:00:00-03:00,0.079,4.384
2022-05-16 20:00:00-03:00,0.07100000000000001,4.263
2022-05-16 21:00:00-03:00,0.07,4.246
2022-05-16 22:00:00-03:00,0.04,3.593
2022-05-16 23:00:00-03:00,0.032,3.366
2022-05-17 00:00:00-03:00,0.035,3.465
2022-05-17 01:00:00-03:00,0.036000000000000004,3.49
2022-05-17 02:00:00-03:00,0.043000000000000003,3.664
2022-05-17 03:00:00-03:00,0.055,3.947
2022-05-17 04:00:00-03:00,0.079,4.382
2022-05-17 05:00:00-03:00,0.101,4.75
2022-05-17 06:00:00-03:00,0.146,5.336
2022-05-17 07:00:00-03:00,0.17200000000000001,5.63
2022-05-17 08:00:00-03:00,0.199,5.907
2022-05-17 09:00:00-03:00,0.23800000000000002,6.257
2022-05-17 10:00:00-03:00,0.309,6.852
2022-05-17 11:00:00-03:00,0.325,6.982
2022-05-17 12:00:00-03:00,0.499,8.251
2022-05-17 13:00:00-03:00,0.59,8.913
2022-05-17 14:00:00-03:00,0.616,9.118
2022-05-17 15:00:00-03:00,0.524,8.431
2022-05-17 16:00:00-03:00,0.388,7.459
2022-05-17 17:00:00-03:00,0.433,7.777
2022-05-17 18:00:00-03:00,0.482,8.132
2022-05-17 19:00:00-03:00,0.41500000000000004,7.646
2022-05-17 20:00:00-03:00,0.331,7.032
2022-05-17 21:00:00-03:00,0.267,6.519
2022-05-17 22:00:00-03:00,0.20500000000000002,5.9510000000000005
2022-05-17 23:00:00-03:00,0.179,5.695
2022-05-18 00:00:00-03:00,0.193,5.844
2022-05-18 01:00:00-03:00,0.222,6.119
2022-05-18 02:00:00-03:00,0.259,6.452
2022-05-18 03:00:00-03:00,0.323,6.962
2022-05-18 04:00:00-03:00,0.387,7.448
2022-05-18 05:00:00-03:00,0.423,7.71
2022-05-18 06:00:00-03:00,0.452,7.914
2022-05-18 07:00:00-03:00,0.47600000000000003,8.087
2022-05-18 08:00:00-03:00,0.458,7.957
2022-05-18 09:00:00-03:00,0.436,7.805
2022-05-18 10:00:00-03:00,0.423,7.71
2022-05-18 11:00:00-03:00,0.32,6.941
2022-05-18 12:00:00-03:00,0.14400000000000002,5.303
2022-05-18 13:00:00-03:00,0.07,4.232
2022-05-18 14:00:00-03:00,0.037,3.512
2022-05-18 15:00:00-03:00,0.018000000000000002,2.918
2022-05-18 16:00:00-03:00,0.011,2.602
2022-05-18 17:00:00-03:00,0.009000000000000001,2.437
2022-05-18 18:00:00-03:00,0.008,2.37
2022-05-18 19:00:00-03:00,0.014,2.718
2022-05-18 20:00:00-03:00,0.04,3.601
2022-05-18 21:00:00-03:00,0.10400000000000001,4.784
2022-05-18 22:00:00-03:00,0.20800000000000002,5.989
2022-05-18 23:00:00-03:00,0.327,7.0
2022-05-19 00:00:00-03:00,0.418,7.668
2022-05-19 01:00:00-03:00,0.47400000000000003,8.073
2022-05-19 02:00:00-03:00,0.491,8.195
2022-05-19 03:00:00-03:00,0.514,8.348
2022-05-19 04:00:00-03:00,0.541,8.547
2022-05-19 05:00:00-03:00,0.5700000000000001,8.758
2022-05-19 06:00:00-03:00,0.5640000000000001,8.72
2022-05-19 07:00:00-03:00,0.552,8.634
2022-05-19 08:00:00-03:00,0.546,8.589
2022-05-19 09:00:00-03:00,0.545,8.577
2022-05-19 10:00:00-03:00,0.47200000000000003,8.057
2022-05-19 11:00:00-03:00,0.28,6.627
2022-05-19 12:00:00-03:00,0.219,6.089
2022-05-19 13:00:00-03:00,0.256,6.417
2022-05-19 14:00:00-03:00,0.225,6.146
2022-05-19 15:00:00-03:00,0.19,5.807
2022-05-19 16:00:00-03:00,0.218,6.082
2022-05-19 17:00:00-03:00,0.384,7.418
2022-05-19 18:00:00-03:00,0.53,8.476
2022-05-19 19:00:00-03:00,0.561,8.7
2022-05-19 20:00:00-03:00,0.495,8.224
2022-05-19 21:00:00-03:00,0.439,7.821
2022-05-19 22:00:00-03:00,0.45,7.898
2022-05-19 23:00:00-03:00,0.523,8.419
2022-05-20 00:00:00-03:00,0.539,8.535
2022-05-20 01:00:00-03:00,0.528,8.461
2022-05-20 02:00:00-03:00,0.555,8.656
2022-05-20 03:00:00-03:00,0.5750000000000001,8.796
2022-05-20 04:00:00-03:00,0.579,8.827
2022-05-20 05:00:00-03:00,0.548,8.608
2022-05-20 06:00:00-03:00,0.519,8.392
2022-05-20 07:00:00-03:00,0.49,8.19
2022-05-20 08:00:00-03:00,0.516,8.375
2022-05-20 09:00:00-03:00,0.496,8.229
2022-05-20 10:00:00-03:00,0.482,8.132
2022-05-20 11:00:00-03:00,0.446,7.867
2022-05-20 12:00:00-03:00,0.365,7.287
2022-05-20 13:00:00-03:00,0.28400000000000003,6.659
2022-05-20 14:00:00-03:00,0.228,6.172
2022-05-20 15:00:00-03:00,0.181,5.725
2022-05-20 16:00:00-03:00,0.151,5.389
2022-05-20 17:00:00-03:00,0.201,5.9190000000000005
2022-05-20 18:00:00-03:00,0.221,6.104
2022-05-20 19:00:00-03:00,0.34400000000000003,7.124
2022-05-20 20:00:00-03:00,0.47600000000000003,8.088
2022-05-20 21:00:00-03:00,0.662,9.482
2022-05-20 22:00:00-03:00,0.78,10.589
2022-05-20 23:00:00-03:00,0.793,10.728
2022-05-21 00:00:00-03:00,0.748,10.257
2022-05-21 01:00:00-03:00,0.718,9.958
2022-05-21 02:00:00-03:00,0.7000000000000001,9.806000000000001
2022-05-21 03:00:00-03:00,0.6930000000000001,9.736
2022-05-21 04:00:00-03:00,0.7030000000000001,9.824
2022-05-21 05:00:00-03:00,0.683,9.655
2022-05-21 06:00:00-03:00,0.658,9.44
2022-05-21 07:00:00-03:00,0.641,9.308
2022-05-21 08:00:00-03:00,0.608,9.048
2022-05-21 09:00:00-03:00,0.5760000000000001,8.8
2022-05-21 10:00:00-03:00,0.464,7.994
2022-05-21 11:00:00-03:00,0.265,6.489
2022-05-21 12:00:00-03:00,0.255,6.414
2022-05-21 13:00:00-03:00,0.398,7.524
2022-05-21 14:00:00-03:00,0.371,7.325
2022-05-21 15:00:00-03:00,0.23,6.186
2022-05-21 16:00:00-03:00,0.152,5.409
2022-05-21 17:00:00-03:00,0.252,6.392
2022-05-21 18:00:00-03:00,0.493,8.211
2022-05-21 19:00:00-03:00,0.656,9.43
2022-05-21 20:00:00-03:00,0.5760000000000001,8.802
2022-05-21 21:00:00-03:00,0.494,8.215
2022-05-21 22:00:00-03:00,0.447,7.881
2022-05-21 23:00:00-03:00,0.46,7.9719999999999995
2022-05-22 00:00:00-03:00,0.595,8.956
2022-05-22 01:00:00-03:00,0.658,9.451
2022-05-22 02:00:00-03:00,0.684,9.663
2022-05-22 03:00:00-03:00,0.677,9.604
2022-05-22 04:00:00-03:00,0.654,9.414
2022-05-22 05:00:00-03:00,0.599,8.983
2022-05-22 06:00:00-03:00,0.492,8.205
2022-05-22 07:00:00-03:00,0.419,7.671
2022-05-22 08:00:00-03:00,0.382,7.413
2022-05-22 09:00:00-03:00,0.377,7.378
2022-05-22 10:00:00-03:00,0.387,7.441
2022-05-22 11:00:00-03:00,0.397,7.519
2022-05-22 12:00:00-03:00,0.641,9.308
2022-05-22 13:00:00-03:00,0.778,10.568
2022-05-22 14:00:00-03:00,0.799,10.807
2022-05-22 15:00:00-03:00,0.743,10.196
2022-05-22 16:00:00-03:00,0.539,8.529
2022-05-22 17:00:00-03:00,0.371,7.327
2022-05-22 18:00:00-03:00,0.429,7.743
2022-05-22 19:00:00-03:00,0.656,9.422
2022-05-22 20:00:00-03:00,0.731,10.079
2022-05-22 21:00:00-03:00,0.652,9.393
2022-05-22 22:00:00-03:00,0.597,8.966
2022-05-22 23:00:00-03:00,0.661,9.462
2022-05-23 00:00:00-03:00,0.716,9.938
2022-05-23 01:00:00-03:00,0.6880000000000001,9.692
2022-05-23 02:00:00-03:00,0.652,9.394
2022-05-23 03:00:00-03:00,0.635,9.257
2022-05-23 04:00:00-03:00,0.526,8.437
2022-05-23 05:00:00-03:00,0.49,8.19
2022-05-23 06:00:00-03:00,0.53,8.476
2022-05-23 07:00:00-03:00,0.52,8.396
2022-05-23 08:00:00-03:00,0.592,8.92
2022-05-23 09:00:00-03:00,0.501,8.261
2022-05-23 10:00:00-03:00,0.434,7.786
2022-05-23 11:00:00-03:00,0.41000000000000003,7.615
2022-05-23 12:00:00-03:00,0.527,8.446
2022-05-23 13:00:00-03:00,0.562,8.703
2022-05-23 14:00:00-03:00,0.577,8.817
2022-05-23 15:00:00-03:00,0.625,9.182
2022-05-23 16:00:00-03:00,0.627,9.192
2022-05-23 17:00:00-03:00,0.681,9.641
2022-05-23 18:00:00-03:00,0.759,10.353
2022-05-23 19:00:00-03:00,0.793,10.734
2022-05-23 20:00:00-03:00,0.8170000000000001,11.029
2022-05-23 21:00:00-03:00,0.804,10.862
2022-05-23 22:00:00-03:00,0.785,10.639
2022-05-23 23:00:00-03:00,0.808,10.906
2022-05-24 00:00:00-03:00,0.8210000000000001,11.073
2022-05-24 01:00:00-03:00,0.869,11.797
2022-05-24 02:00:00-03:00,0.876,11.925
2022-05-24 03:00:00-03:00,0.862,11.668
2022-05-24 04:00:00-03:00,0.868,11.777
2022-05-24 05:00:00-03:00,0.879,11.985
2022-05-24 06:00:00-03:00,0.857,11.591
2022-05-24 07:00:00-03:00,0.79,10.696
2022-05-24 08:00:00-03:00,0.6880000000000001,9.694
2022-05-24 09:00:00-03:00,0.635,9.256
2022-05-24 10:00:00-03:00,0.603,9.009
2022-05-24 11:00:00-03:00,0.561,8.692
2022-05-24 12:00:00-03:00,0.642,9.321
2022-05-24 13:00:00-03:00,0.717,9.953
2022-05-24 14:00:00-03:00,0.755,10.319
2022-05-24 15:00:00-03:00,0.761,10.381
2022-05-24 16:00:00-03:00,0.721,9.994
2022-05-24 17:00:00-03:00,0.782,10.605
2022-05-24 18:00:00-03:00,0.8240000000000001,11.112
2022-05-24 19:00:00-03:00,0.761,10.376
2022-05-24 20:00:00-03:00,0.732,10.093
2022-05-24 21:00:00-03:00,0.745,10.227
2022-05-24 22:00:00-03:00,0.762,10.391
2022-05-24 23:00:00-03:00,0.803,10.845
2022-05-25 00:00:00-03:00,0.872,11.849
2022-05-25 01:00:00-03:00,0.874,11.882
2022-05-25 02:00:00-03:00,0.889,12.174
2022-05-25 03:00:00-03:00,0.902,12.468
2022-05-25 04:00:00-03:00,0.91,12.679
2022-05-25 05:00:00-03:00,0.916,12.85
2022-05-25 06:00:00-03:00,0.931,13.46
2022-05-25 07:00:00-03:00,0.9400000000000001,14.84
2022-05-25 08:00:00-03:00,0.934,15.329
2022-05-25 09:00:00-03:00,0.93,15.592
2022-05-25 10:00:00-03:00,0.925,15.792
2022-05-25 11:00:00-03:00,0.921,15.978
2022-05-25 12:00:00-03:00,0.9,16.665
2022-05-25 13:00:00-03:00,0.882,17.109
2022-05-25 14:00:00-03:00,0.898,16.71
2022-05-25 15:00:00-03:00,0.924,15.826
2022-05-25 16:00:00-03:00,0.9400000000000001,14.7
2022-05-25 17:00:00-03:00,0.9410000000000001,14.373
2022-05-25 18:00:00-03:00,0.9400000000000001,14.187
2022-05-25 19:00:00-03:00,0.9400000000000001,14.235
2022-05-25 20:00:00-03:00,0.9410000000000001,14.37
2022-05-25 21:00:00-03:00,0.9410000000000001,14.498
2022-05-25 22:00:00-03:00,0.9410000000000001,14.457
2022-05-25 23:00:00-03:00,0.9410000000000001,14.576
2022-05-26 00:00:00-03:00,0.9390000000000001,14.871
2022-05-26 01:00:00-03:00,0.9400000000000001,14.845
2022-05-26 02:00:00-03:00,0.9410000000000001,14.654
2022-05-26 03:00:00-03:00,0.9410000000000001,14.487
2022-05-26 04:00:00-03:00,0.9410000000000001,14.567
2022-05-26 05:00:00-03:00,0.9400000000000001,14.811
2022-05-26 06:00:00-03:00,0.9390000000000001,14.909
2022-05-26 07:00:00-03:00,0.9390000000000001,14.894
2022-05-26 08:00:00-03:00,0.9390000000000001,14.887
2022-05-26 09:00:00-03:00,0.9400000000000001,14.673
2022-05-26 10:00:00-03:00,0.9410000000000001,14.453
2022-05-26 11:00:00-03:00,0.9410000000000001,14.437
2022-05-26 12:00:00-03:00,0.937,15.153
2022-05-26 13:00:00-03:00,0.928,15.67
2022-05-26 14:00:00-03:00,0.925,15.789
2022-05-26 15:00:00-03:00,0.936,15.16
2022-05-26 16:00:00-03:00,0.9410000000000001,14.358
2022-05-26 17:00:00-03:00,0.9410000000000001,14.353
2022-05-26 18:00:00-03:00,0.9400000000000001,14.123
2022-05-26 19:00:00-03:00,0.9380000000000001,13.891
2022-05-26 20:00:00-03:00,0.934,13.639
2022-05-26 21:00:00-03:00,0.932,13.492
2022-05-26 22:00:00-03:00,0.929,13.341
2022-05-26 23:00:00-03:00,0.93,13.371
2022-05-27 00:00:00-03:00,0.932,13.475
2022-05-27 01:00:00-03:00,0.934,13.586
2022-05-27 02:00:00-03:00,0.934,13.592
2022-05-27 03:00:00-03:00,0.9400000000000001,14.097
2022-05-27 04:00:00-03:00,0.9400000000000001,14.168
2022-05-27 05:00:00-03:00,0.9410000000000001,14.438
2022-05-27 06:00:00-03:00,0.9410000000000001,14.613
2022-05-27 07:00:00-03:00,0.935,13.69
2022-05-27 08:00:00-03:00,0.9410000000000001,14.353
2022-05-27 09:00:00-03:00,0.937,15.109
2022-05-27 10:00:00-03:00,0.931,15.52
2022-05-27 11:00:00-03:00,0.928,15.652
2022-05-27 12:00:00-03:00,0.93,15.573
2022-05-27 13:00:00-03:00,0.933,15.405
2022-05-27 14:00:00-03:00,0.923,15.889
2022-05-27 15:00:00-03:00,0.926,15.776
2022-05-27 16:00:00-03:00,0.9400000000000001,14.686
2022-05-27 17:00:00-03:00,0.9400000000000001,14.165
2022-05-27 18:00:00-03:00,0.9380000000000001,13.881
2022-05-27 19:00:00-03:00,0.926,13.228
2022-05-27 20:00:00-03:00,0.926,13.207
2022-05-27 21:00:00-03:00,0.924,13.14
2022-05-27 22:00:00-03:00,0.902,12.484
2022-05-27 23:00:00-03:00,0.908,12.63
2022-05-28 00:00:00-03:00,0.92,12.994
2022-05-28 01:00:00-03:00,0.923,13.088
2022-05-28 02:00:00-03:00,0.921,13.046
2022-05-28 03:00:00-03:00,0.928,13.307
2022-05-28 04:00:00-03:00,0.933,13.573
2022-05-28 05:00:00-03:00,0.934,13.598
2022-05-28 06:00:00-03:00,0.933,13.535
2022-05-28 07:00:00-03:00,0.928,13.292
2022-05-28 08:00:00-03:00,0.923,13.079
2022-05-28 09:00:00-03:00,0.918,12.904
2022-05-28 10:00:00-03:00,0.913,12.783
2022-05-28 11:00:00-03:00,0.901,12.442
2022-05-28 12:00:00-03:00,0.884,12.08
2022-05-28 13:00:00-03:00,0.911,12.706
2022-05-28 14:00:00-03:00,0.904,12.533
2022-05-28 15:00:00-03:00,0.856,11.578
2022-05-28 16:00:00-03:00,0.8280000000000001,11.169
2022-05-28 17:00:00-03:00,0.846,11.418
2022-05-28 18:00:00-03:00,0.8230000000000001,11.099
2022-05-28 19:00:00-03:00,0.758,10.349
2022-05-28 20:00:00-03:00,0.767,10.45
2022-05-28 21:00:00-03:00,0.749,10.267
2022-05-28 22:00:00-03:00,0.763,10.402
2022-05-28 23:00:00-03:00,0.859,11.623
2022-05-29 00:00:00-03:00,0.874,11.887
2022-05-29 01:00:00-03:00,0.84,11.327
2022-05-29 02:00:00-03:00,0.811,10.95
2022-05-29 03:00:00-03:00,0.8220000000000001,11.081
2022-05-29 04:00:00-03:00,0.848,11.455
2022-05-29 05:00:00-03:00,0.851,11.487
2022-05-29 06:00:00-03:00,0.8280000000000001,11.172
2022-05-29 07:00:00-03:00,0.845,11.417
2022-05-29 08:00:00-03:00,0.8150000000000001,10.991
2022-05-29 09:00:00-03:00,0.792,10.717
2022-05-29 10:00:00-03:00,0.736,10.136
2022-05-29 11:00:00-03:00,0.667,9.522
2022-05-29 12:00:00-03:00,0.714,9.927
2022-05-29 13:00:00-03:00,0.798,10.79
2022-05-29 14:00:00-03:00,0.753,10.304
2022-05-29 15:00:00-03:00,0.589,8.904
2022-05-29 16:00:00-03:00,0.485,8.148
2022-05-29 17:00:00-03:00,0.5680000000000001,8.742
2022-05-29 18:00:00-03:00,0.592,8.93
2022-05-29 19:00:00-03:00,0.626,9.184
2022-05-29 20:00:00-03:00,0.654,9.411
2022-05-29 21:00:00-03:00,0.663,9.484
2022-05-29 22:00:00-03:00,0.662,9.478
2022-05-29 23:00:00-03:00,0.652,9.394
2022-05-30 00:00:00-03:00,0.64,9.3
2022-05-30 01:00:00-03:00,0.623,9.163
2022-05-30 02:00:00-03:00,0.675,9.581
2022-05-30 03:00:00-03:00,0.7000000000000001,9.803
2022-05-30 04:00:00-03:00,0.673,9.573
2022-05-30 05:00:00-03:00,0.722,10.008
2022-05-30 06:00:00-03:00,0.6880000000000001,9.689
2022-05-30 07:00:00-03:00,0.726,10.043
2022-05-30 08:00:00-03:00,0.765,10.417
2022-05-30 09:00:00-03:00,0.78,10.589
2022-05-30 10:00:00-03:00,0.769,10.471
2022-05-30 11:00:00-03:00,0.765,10.429
2022-05-30 12:00:00-03:00,0.767,10.437
2022-05-30 13:00:00-03:00,0.775,10.529
2022-05-30 14:00:00-03:00,0.775,10.533
2022-05-30 15:00:00-03:00,0.764,10.411
2022-05-30 16:00:00-03:00,0.794,10.735
2022-05-30 17:00:00-03:00,0.803,10.845
2022-05-30 18:00:00-03:00,0.776,10.539
2022-05-30 19:00:00-03:00,0.712,9.908
2022-05-30 20:00:00-03:00,0.668,9.527
2022-05-30 21:00:00-03:00,0.615,9.107
2022-05-30 22:00:00-03:00,0.61,9.069
2022-05-30 23:00:00-03:00,0.607,9.042
2022-05-31 00:00:00-03:00,0.63,9.227
2022-05-31 01:00:00-03:00,0.606,9.039
2022-05-31 02:00:00-03:00,0.542,8.561
2022-05-31 03:00:00-03:00,0.514,8.36
2022-05-31 04:00:00-03:00,0.517,8.384
2022-05-31 05:00:00-03:00,0.482,8.127
2022-05-31 06:00:00-03:00,0.419,7.674
2022-05-31 07:00:00-03:00,0.377,7.375
2022-05-31 08:00:00-03:00,0.34600000000000003,7.138
2022-05-31 09:00:00-03:00,0.318,6.928
2022-05-31 10:00:00-03:00,0.259,6.44
2022-05-31 11:00:00-03:00,0.176,5.671
2022-05-31 12:00:00-03:00,0.126,5.086
2022-05-31 13:00:00-03:00,0.079,4.391
2022-05-31 14:00:00-03:00,0.06,4.053
2022-05-31 15:00:00-03:00,0.045,3.724
2022-05-31 16:00:00-03:00,0.046,3.739
2022-05-31 17:00:00-03:00,0.065,4.132
2022-05-31 18:00:00-03:00,0.081,4.436
2022-05-31 19:00:00-03:00,0.091,4.599
2022-05-31 20:00:00-03:00,0.095,4.645
2022-05-31 21:00:00-03:00,0.097,4.683
2022-05-31 22:00:00-03:00,0.098,4.7059999999999995
2022-05-31 23:00:00-03:00,0.097,4.687
2022-06-01 00:00:00-03:00,0.081,4.424
2022-06-01 01:00:00-03:00,0.057,3.9779999999999998
2022-06-01 02:00:00-03:00,0.05,3.843
2022-06-01 03:00:00-03:00,0.062,4.096
2022-06-01 04:00:00-03:00,0.084,4.477
2022-06-01 05:00:00-03:00,0.10400000000000001,4.784
2022-06-01 06:00:00-03:00,0.111,4.893
2022-06-01 07:00:00-03:00,0.1,4.735
2022-06-01 08:00:00-03:00,0.082,4.443
2022-06-01 09:00:00-03:00,0.07100000000000001,4.264
2022-06-01 10:00:00-03:00,0.062,4.091
2022-06-01 11:00:00-03:00,0.061,4.061
2022-06-01 12:00:00-03:00,0.077,4.359
2022-06-01 13:00:00-03:00,0.099,4.713
2022-06-01 14:00:00-03:00,0.10300000000000001,4.774
2022-06-01 15:00:00-03:00,0.094,4.635
2022-06-01 16:00:00-03:00,0.084,4.483
2022-06-01 17:00:00-03:00,0.107,4.837
2022-06-01 18:00:00-03:00,0.185,5.758
2022-06-01 19:00:00-03:00,0.253,6.4
2022-06-01 20:00:00-03:00,0.307,6.844
2022-06-01 21:00:00-03:00,0.326,6.987
2022-06-01 22:00:00-03:00,0.337,7.075
2022-06-01 23:00:00-03:00,0.355,7.213
2022-06-02 00:00:00-03:00,0.34400000000000003,7.126
2022-06-02 01:00:00-03:00,0.337,7.073
2022-06-02 02:00:00-03:00,0.32,6.941
2022-06-02 03:00:00-03:00,0.301,6.797
2022-06-02 04:00:00-03:00,0.28,6.618
2022-06-02 05:00:00-03:00,0.269,6.535
2022-06-02 06:00:00-03:00,0.221,6.106
2022-06-02 07:00:00-03:00,0.214,6.043
2022-06-02 08:00:00-03:00,0.201,5.926
2022-06-02 09:00:00-03:00,0.20500000000000002,5.955
2022-06-02 10:00:00-03:00,0.187,5.775
2022-06-02 11:00:00-03:00,0.154,5.432
2022-06-02 12:00:00-03:00,0.167,5.566
2022-06-02 13:00:00-03:00,0.23,6.2
2022-06-02 14:00:00-03:00,0.298,6.776
2022-06-02 15:00:00-03:00,0.311,6.868
2022-06-02 16:00:00-03:00,0.296,6.75
2022-06-02 17:00:00-03:00,0.444,7.853
2022-06-02 18:00:00-03:00,0.5760000000000001,8.807
2022-06-02 19:00:00-03:00,0.638,9.285
2022-06-02 20:00:00-03:00,0.659,9.454
2022-06-02 21:00:00-03:00,0.658,9.45
2022-06-02 22:00:00-03:00,0.661,9.477
2022-06-02 23:00:00-03:00,0.661,9.462
2022-06-03 00:00:00-03:00,0.651,9.391
2022-06-03 01:00:00-03:00,0.661,9.47
2022-06-03 02:00:00-03:00,0.656,9.426
2022-06-03 03:00:00-03:00,0.658,9.444
2022-06-03 04:00:00-03:00,0.661,9.473
2022-06-03 05:00:00-03:00,0.667,9.514
2022-06-03 06:00:00-03:00,0.6900000000000001,9.711
2022-06-03 07:00:00-03:00,0.6940000000000001,9.748
2022-06-03 08:00:00-03:00,0.687,9.688
2022-06-03 09:00:00-03:00,0.6940000000000001,9.743
2022-06-03 10:00:00-03:00,0.645,9.34
2022-06-03 11:00:00-03:00,0.528,8.461
2022-06-03 12:00:00-03:00,0.555,8.658
2022-06-03 13:00:00-03:00,0.772,10.503
2022-06-03 14:00:00-03:00,0.796,10.763
2022-06-03 15:00:00-03:00,0.766,10.433
2022-06-03 16:00:00-03:00,0.78,10.587
2022-06-03 17:00:00-03:00,0.8310000000000001,11.217
2022-06-03 18:00:00-03:00,0.87,11.82
2022-06-03 19:00:00-03:00,0.887,12.136
2022-06-03 20:00:00-03:00,0.901,12.447
2022-06-03 21:00:00-03:00,0.914,12.812
2022-06-03 22:00:00-03:00,0.926,13.217
2022-06-03 23:00:00-03:00,0.937,13.81
2022-06-04 00:00:00-03:00,0.9400000000000001,14.112
2022-06-04 01:00:00-03:00,0.93,13.38
2022-06-04 02:00:00-03:00,0.913,12.757
2022-06-04 03:00:00-03:00,0.899,12.399000000000001
2022-06-04 04:00:00-03:00,0.851,11.492
2022-06-04 05:00:00-03:00,0.84,11.328
2022-06-04 06:00:00-03:00,0.8130000000000001,10.979
2022-06-04 07:00:00-03:00,0.786,10.645
2022-06-04 08:00:00-03:00,0.775,10.538
2022-06-04 09:00:00-03:00,0.759,10.352
2022-06-04 10:00:00-03:00,0.709,9.884
2022-06-04 11:00:00-03:00,0.622,9.151
2022-06-04 12:00:00-03:00,0.718,9.965
2022-06-04 13:00:00-03:00,0.853,11.539
2022-06-04 14:00:00-03:00,0.858,11.611
2022-06-04 15:00:00-03:00,0.858,11.607
2022-06-04 16:00:00-03:00,0.876,11.916
2022-06-04 17:00:00-03:00,0.884,12.075
2022-06-04 18:00:00-03:00,0.874,11.885
2022-06-04 19:00:00-03:00,0.875,11.912
2022-06-04 20:00:00-03:00,0.88,12.003
2022-06-04 21:00:00-03:00,0.873,11.87
2022-06-04 22:00:00-03:00,0.849,11.478
2022-06-04 23:00:00-03:00,0.834,11.251
2022-06-05 00:00:00-03:00,0.8150000000000001,11.001
2022-06-05 01:00:00-03:00,0.79,10.704
2022-06-05 02:00:00-03:00,0.767,10.439
2022-06-05 03:00:00-03:00,0.735,10.131
2022-06-05 04:00:00-03:00,0.735,10.125
2022-06-05 05:00:00-03:00,0.75,10.272
2022-06-05 06:00:00-03:00,0.769,10.467
2022-06-05 07:00:00-03:00,0.791,10.715
2022-06-05 08:00:00-03:00,0.81,10.941
2022-06-05 09:00:00-03:00,0.789,10.686
2022-06-05 10:00:00-03:00,0.788,10.678
2022-06-05 11:00:00-03:00,0.8,10.813
2022-06-05 12:00:00-03:00,0.789,10.687
2022-06-05 13:00:00-03:00,0.744,10.208
2022-06-05 14:00:00-03:00,0.795,10.752
2022-06-05 15:00:00-03:00,0.842,11.373
2022-06-05 16:00:00-03:00,0.868,11.776
2022-06-05 17:00:00-03:00,0.89,12.205
2022-06-05 18:00:00-03:00,0.907,12.603
2022-06-05 19:00:00-03:00,0.916,12.855
2022-06-05 20:00:00-03:00,0.915,12.824
2022-06-05 21:00:00-03:00,0.903,12.496
2022-06-05 22:00:00-03:00,0.931,13.424
2022-06-05 23:00:00-03:00,0.903,16.578
2022-06-06 00:00:00-03:00,0.88,17.168
2022-06-06 01:00:00-03:00,0.772,19.127
2022-06-06 02:00:00-03:00,0.5650000000000001,21.751
2022-06-06 03:00:00-03:00,0.681,20.37
2022-06-06 04:00:00-03:00,0.834,18.101
2022-06-06 05:00:00-03:00,0.908,16.43
2022-06-06 06:00:00-03:00,0.9380000000000001,15.036
2022-06-06 07:00:00-03:00,0.9410000000000001,14.419
2022-06-06 08:00:00-03:00,0.9410000000000001,14.529
2022-06-06 09:00:00-03:00,0.9390000000000001,14.922
2022-06-06 10:00:00-03:00,0.937,15.105
2022-06-06 11:00:00-03:00,0.9380000000000001,14.984
2022-06-06 12:00:00-03:00,0.9400000000000001,14.756
2022-06-06 13:00:00-03:00,0.9410000000000001,14.311
2022-06-06 14:00:00-03:00,0.934,13.598
2022-06-06 15:00:00-03:00,0.909,12.665
2022-06-06 16:00:00-03:00,0.869,11.794
2022-06-06 17:00:00-03:00,0.847,11.439
2022-06-06 18:00:00-03:00,0.765,10.417
2022-06-06 19:00:00-03:00,0.747,10.243
2022-06-06 20:00:00-03:00,0.783,10.614
2022-06-06 21:00:00-03:00,0.738,10.155
2022-06-06 22:00:00-03:00,0.714,9.93
2022-06-06 23:00:00-03:00,0.71,9.892
2022-06-07 00:00:00-03:00,0.728,10.057
2022-06-07 01:00:00-03:00,0.75,10.271
2022-06-07 02:00:00-03:00,0.757,10.33
2022-06-07 03:00:00-03:00,0.748,10.25
2022-06-07 04:00:00-03:00,0.731,10.086
2022-06-07 05:00:00-03:00,0.726,10.04
2022-06-07 06:00:00-03:00,0.731,10.083
2022-06-07 07:00:00-03:00,0.737,10.144
2022-06-07 08:00:00-03:00,0.736,10.139
2022-06-07 09:00:00-03:00,0.737,10.143
2022-06-07 10:00:00-03:00,0.711,9.896
2022-06-07 11:00:00-03:00,0.598,8.978
2022-06-07 12:00:00-03:00,0.375,7.358
2022-06-07 13:00:00-03:00,0.249,6.3629999999999995
2022-06-07 14:00:00-03:00,0.253,6.402
2022-06-07 15:00:00-03:00,0.406,7.585
2022-06-07 16:00:00-03:00,0.647,9.361
2022-06-07 17:00:00-03:00,0.802,10.831
2022-06-07 18:00:00-03:00,0.835,11.263
2022-06-07 19:00:00-03:00,0.812,10.962
2022-06-07 20:00:00-03:00,0.799,10.802
2022-06-07 21:00:00-03:00,0.798,10.796
2022-06-07 22:00:00-03:00,0.796,10.76
2022-06-07 23:00:00-03:00,0.78,10.584
2022-06-08 00:00:00-03:00,0.772,10.496
2022-06-08 01:00:00-03:00,0.765,10.417
2022-06-08 02:00:00-03:00,0.73,10.077
2022-06-08 03:00:00-03:00,0.675,9.592
2022-06-08 04:00:00-03:00,0.609,9.057
2022-06-08 05:00:00-03:00,0.511,8.332
2022-06-08 06:00:00-03:00,0.447,7.872
2022-06-08 07:00:00-03:00,0.395,7.505
2022-06-08 08:00:00-03:00,0.43,7.755
2022-06-08 09:00:00-03:00,0.499,8.248
2022-06-08 10:00:00-03:00,0.541,8.548
2022-06-08 11:00:00-03:00,0.615,9.107
2022-06-08 12:00:00-03:00,0.761,10.384
2022-06-08 13:00:00-03:00,0.866,11.748
2022-06-08 14:00:00-03:00,0.918,12.927
2022-06-08 15:00:00-03:00,0.93,13.416
2022-06-08 16:00:00-03:00,0.929,13.363
2022-06-08 17:00:00-03:00,0.928,13.291
2022-06-08 18:00:00-03:00,0.914,12.796
2022-06-08 19:00:00-03:00,0.891,12.217
2022-06-08 20:00:00-03:00,0.878,11.959
2022-06-08 21:00:00-03:00,0.873,11.865
2022-06-08 22:00:00-03:00,0.859,11.621
2022-06-08 23:00:00-03:00,0.862,11.67
2022-06-09 00:00:00-03:00,0.86,11.639
2022-06-09 01:00:00-03:00,0.862,11.671
2022-06-09 02:00:00-03:00,0.8290000000000001,11.184
2022-06-09 03:00:00-03:00,0.799,10.803
2022-06-09 04:00:00-03:00,0.786,10.647
2022-06-09 05:00:00-03:00,0.77,10.481
2022-06-09 06:00:00-03:00,0.759,10.363
2022-06-09 07:00:00-03:00,0.732,10.094
2022-06-09 08:00:00-03:00,0.725,10.037
2022-06-09 09:00:00-03:00,0.738,10.151
2022-06-09 10:00:00-03:00,0.7020000000000001,9.822
2022-06-09 11:00:00-03:00,0.58,8.838
2022-06-09 12:00:00-03:00,0.577,8.818
2022-06-09 13:00:00-03:00,0.756,10.327
2022-06-09 14:00:00-03:00,0.733,10.11
2022-06-09 15:00:00-03:00,0.604,9.011
2022-06-09 16:00:00-03:00,0.377,7.371
2022-06-09 17:00:00-03:00,0.272,6.558
2022-06-09 18:00:00-03:00,0.233,6.219
2022-06-09 19:00:00-03:00,0.159,5.48
2022-06-09 20:00:00-03:00,0.152,5.399
2022-06-09 21:00:00-03:00,0.24,6.287
2022-06-09 22:00:00-03:00,0.35000000000000003,7.167
2022-06-09 23:00:00-03:00,0.401,7.553
2022-06-10 00:00:00-03:00,0.454,7.928
2022-06-10 01:00:00-03:00,0.533,8.489
2022-06-10 02:00:00-03:00,0.615,9.104
2022-06-10 03:00:00-03:00,0.653,9.408
2022-06-10 04:00:00-03:00,0.683,9.654
2022-06-10 05:00:00-03:00,0.682,9.643
2022-06-10 06:00:00-03:00,0.676,9.595
2022-06-10 07:00:00-03:00,0.659,9.454
2022-06-10 08:00:00-03:00,0.7010000000000001,9.813
2022-06-10 09:00:00-03:00,0.777,10.552
2022-06-10 10:00:00-03:00,0.787,10.67
2022-06-10 11:00:00-03:00,0.889,12.171
2022-06-10 12:00:00-03:00,0.937,13.864
2022-06-10 13:00:00-03:00,0.935,15.298
2022-06-10 14:00:00-03:00,0.905,16.518
2022-06-10 15:00:00-03:00,0.902,16.583
2022-06-10 16:00:00-03:00,0.931,15.515
2022-06-10 17:00:00-03:00,0.9400000000000001,14.129
2022-06-10 18:00:00-03:00,0.901,12.458
2022-06-10 19:00:00-03:00,0.798,10.791
2022-06-10 20:00:00-03:00,0.741,10.184
2022-06-10 21:00:00-03:00,0.746,10.23
2022-06-10 22:00:00-03:00,0.722,10.002
2022-06-10 23:00:00-03:00,0.6900000000000001,9.711
2022-06-11 00:00:00-03:00,0.635,9.257
2022-06-11 01:00:00-03:00,0.633,9.24
2022-06-11 02:00:00-03:00,0.627,9.201
2022-06-11 03:00:00-03:00,0.592,8.932
2022-06-11 04:00:00-03:00,0.639,9.292
2022-06-11 05:00:00-03:00,0.584,8.871
2022-06-11 06:00:00-03:00,0.561,8.691
2022-06-11 07:00:00-03:00,0.56,8.689
2022-06-11 08:00:00-03:00,0.55,8.62
2022-06-11 09:00:00-03:00,0.604,9.014
2022-06-11 10:00:00-03:00,0.5730000000000001,8.783
2022-06-11 11:00:00-03:00,0.527,8.451
2022-06-11 12:00:00-03:00,0.327,7.002
2022-06-11 13:00:00-03:00,0.251,6.386
2022-06-11 14:00:00-03:00,0.267,6.521
2022-06-11 15:00:00-03:00,0.309,6.857
2022-06-11 16:00:00-03:00,0.431,7.763
2022-06-11 17:00:00-03:00,0.561,8.695
2022-06-11 18:00:00-03:00,0.602,9.004
2022-06-11 19:00:00-03:00,0.596,8.965
2022-06-11 20:00:00-03:00,0.5700000000000001,8.761
2022-06-11 21:00:00-03:00,0.629,9.214
2022-06-11 22:00:00-03:00,0.675,9.583
2022-06-11 23:00:00-03:00,0.6900000000000001,9.713
2022-06-12 00:00:00-03:00,0.704,9.835
2022-06-12 01:00:00-03:00,0.718,9.965
2022-06-12 02:00:00-03:00,0.772,10.49
2022-06-12 03:00:00-03:00,0.855,11.565
2022-06-12 04:00:00-03:00,0.792,10.727
2022-06-12 05:00:00-03:00,0.6950000000000001,9.764
2022-06-12 06:00:00-03:00,0.705,9.85
2022-06-12 07:00:00-03:00,0.6940000000000001,9.754
2022-06-12 08:00:00-03:00,0.764,10.414
2022-06-12 09:00:00-03:00,0.74,10.178
2022-06-12 10:00:00-03:00,0.726,10.042
2022-06-12 11:00:00-03:00,0.617,9.122
2022-06-12 12:00:00-03:00,0.454,7.929
2022-06-12 13:00:00-03:00,0.353,7.196
2022-06-12 14:00:00-03:00,0.358,7.232
2022-06-12 15:00:00-03:00,0.508,8.315
2022-06-12 16:00:00-03:00,0.608,9.048
2022-06-12 17:00:00-03:00,0.624,9.176
2022-06-12 18:00:00-03:00,0.589,8.905
2022-06-12 19:00:00-03:00,0.58,8.832
2022-06-12 20:00:00-03:00,0.606,9.032
2022-06-12 21:00:00-03:00,0.629,9.22
2022-06-12 22:00:00-03:00,0.671,9.554
2022-06-12 23:00:00-03:00,0.6940000000000001,9.748
2022-06-13 00:00:00-03:00,0.729,10.067
2022-06-13 01:00:00-03:00,0.765,10.417
2022-06-13 02:00:00-03:00,0.791,10.716
2022-06-13 03:00:00-03:00,0.796,10.759
2022-06-13 04:00:00-03:00,0.802,10.836
2022-06-13 05:00:00-03:00,0.803,10.844
2022-06-13 06:00:00-03:00,0.789,10.691
2022-06-13 07:00:00-03:00,0.779,10.574
2022-06-13 08:00:00-03:00,0.777,10.551
2022-06-13 09:00:00-03:00,0.749,10.259
2022-06-13 10:00:00-03:00,0.6970000000000001,9.783
2022-06-13 11:00:00-03:00,0.598,8.974
2022-06-13 12:00:00-03:00,0.466,8.011
2022-06-13 13:00:00-03:00,0.533,8.495
2022-06-13 14:00:00-03:00,0.589,8.899000000000001
2022-06-13 15:00:00-03:00,0.546,8.592
2022-06-13 16:00:00-03:00,0.501,8.267
2022-06-13 17:00:00-03:00,0.51,8.322
2022-06-13 18:00:00-03:00,0.505,8.293
2022-06-13 19:00:00-03:00,0.456,7.949
2022-06-13 20:00:00-03:00,0.462,7.983
2022-06-13 21:00:00-03:00,0.454,7.927
2022-06-13 22:00:00-03:00,0.429,7.742
2022-06-13 23:00:00-03:00,0.386,7.436
2022-06-14 00:00:00-03:00,0.399,7.535
2022-06-14 01:00:00-03:00,0.435,7.798
2022-06-14 02:00:00-03:00,0.429,7.741
2022-06-14 03:00:00-03:00,0.402,7.558
2022-06-14 04:00:00-03:00,0.406,7.58
2022-06-14 05:00:00-03:00,0.42,7.687
2022-06-14 06:00:00-03:00,0.41200000000000003,7.627
2022-06-14 07:00:00-03:00,0.396,7.509
2022-06-14 08:00:00-03:00,0.375,7.352
2022-06-14 09:00:00-03:00,0.371,7.327
2022-06-14 10:00:00-03:00,0.387,7.443
2022-06-14 11:00:00-03:00,0.314,6.898
2022-06-14 12:00:00-03:00,0.275,6.583
2022-06-14 13:00:00-03:00,0.309,6.856
2022-06-14 14:00:00-03:00,0.333,7.044
2022-06-14 15:00:00-03:00,0.329,7.011
2022-06-14 16:00:00-03:00,0.319,6.934
2022-06-14 17:00:00-03:00,0.466,8.018
2022-06-14 18:00:00-03:00,0.598,8.975
2022-06-14 19:00:00-03:00,0.645,9.346
2022-06-14 20:00:00-03:00,0.617,9.121
2022-06-14 21:00:00-03:00,0.548,8.607
2022-06-14 22:00:00-03:00,0.484,8.141
2022-06-14 23:00:00-03:00,0.558,8.67
2022-06-15 00:00:00-03:00,0.66,9.459
2022-06-15 01:00:00-03:00,0.751,10.283
2022-06-15 02:00:00-03:00,0.8290000000000001,11.185
2022-06-15 03:00:00-03:00,0.9,12.435
2022-06-15 04:00:00-03:00,0.924,13.125
2022-06-15 05:00:00-03:00,0.932,13.516
2022-06-15 06:00:00-03:00,0.935,13.672
2022-06-15 07:00:00-03:00,0.935,13.649000000000001
2022-06-15 08:00:00-03:00,0.934,13.617
2022-06-15 09:00:00-03:00,0.936,13.769
2022-06-15 10:00:00-03:00,0.937,13.836
2022-06-15 11:00:00-03:00,0.9400000000000001,14.142
2022-06-15 12:00:00-03:00,0.9410000000000001,14.594
2022-06-15 13:00:00-03:00,0.9380000000000001,14.996
2022-06-15 14:00:00-03:00,0.937,15.111
2022-06-15 15:00:00-03:00,0.937,15.109
2022-06-15 16:00:00-03:00,0.9380000000000001,15.07
2022-06-15 17:00:00-03:00,0.9390000000000001,14.898
2022-06-15 18:00:00-03:00,0.9410000000000001,14.634
2022-06-15 19:00:00-03:00,0.9410000000000001,14.444
2022-06-15 20:00:00-03:00,0.9410000000000001,14.269
2022-06-15 21:00:00-03:00,0.9410000000000001,14.308
2022-06-15 22:00:00-03:00,0.9410000000000001,14.594
2022-06-15 23:00:00-03:00,0.9410000000000001,14.606
2022-06-16 00:00:00-03:00,0.9390000000000001,14.914
2022-06-16 01:00:00-03:00,0.932,15.436
2022-06-16 02:00:00-03:00,0.929,15.619
2022-06-16 03:00:00-03:00,0.932,15.455
2022-06-16 04:00:00-03:00,0.9390000000000001,14.908
2022-06-16 05:00:00-03:00,0.937,13.813
2022-06-16 06:00:00-03:00,0.874,11.885
2022-06-16 07:00:00-03:00,0.787,10.66
2022-06-16 08:00:00-03:00,0.77,10.475
2022-06-16 09:00:00-03:00,0.8130000000000001,10.977
2022-06-16 10:00:00-03:00,0.842,11.365
2022-06-16 11:00:00-03:00,0.8280000000000001,11.172
2022-06-16 12:00:00-03:00,0.876,11.927
2022-06-16 13:00:00-03:00,0.934,13.64
2022-06-16 14:00:00-03:00,0.9400000000000001,14.753
2022-06-16 15:00:00-03:00,0.9400000000000001,14.846
2022-06-16 16:00:00-03:00,0.936,13.741
2022-06-16 17:00:00-03:00,0.92,12.981
2022-06-16 18:00:00-03:00,0.902,12.479
2022-06-16 19:00:00-03:00,0.872,11.855
2022-06-16 20:00:00-03:00,0.837,11.291
2022-06-16 21:00:00-03:00,0.784,10.636
2022-06-16 22:00:00-03:00,0.743,10.19
2022-06-16 23:00:00-03:00,0.785,10.638
2022-06-17 00:00:00-03:00,0.834,11.245
2022-06-17 01:00:00-03:00,0.895,12.309
2022-06-17 02:00:00-03:00,0.934,13.627
2022-06-17 03:00:00-03:00,0.935,15.25
2022-06-17 04:00:00-03:00,0.889,16.955
2022-06-17 05:00:00-03:00,0.894,16.808
2022-06-17 06:00:00-03:00,0.892,16.86
2022-06-17 07:00:00-03:00,0.849,17.808
2022-06-17 08:00:00-03:00,0.84,17.991
2022-06-17 09:00:00-03:00,0.858,17.643
2022-06-17 10:00:00-03:00,0.891,16.895
2022-06-17 11:00:00-03:00,0.92,15.987
2022-06-17 12:00:00-03:00,0.932,15.448
2022-06-17 13:00:00-03:00,0.935,15.27
2022-06-17 14:00:00-03:00,0.9410000000000001,14.616
2022-06-17 15:00:00-03:00,0.924,13.121
2022-06-17 16:00:00-03:00,0.868,11.771
2022-06-17 17:00:00-03:00,0.791,10.713
2022-06-17 18:00:00-03:00,0.633,9.25
2022-06-17 19:00:00-03:00,0.547,8.602
2022-06-17 20:00:00-03:00,0.501,8.261
2022-06-17 21:00:00-03:00,0.394,7.493
2022-06-17 22:00:00-03:00,0.309,6.851
2022-06-17 23:00:00-03:00,0.296,6.747
2022-06-18 00:00:00-03:00,0.306,6.839
2022-06-18 01:00:00-03:00,0.34400000000000003,7.123
2022-06-18 02:00:00-03:00,0.398,7.525
2022-06-18 03:00:00-03:00,0.399,7.5280000000000005
2022-06-18 04:00:00-03:00,0.419,7.6850000000000005
2022-06-18 05:00:00-03:00,0.445,7.864
2022-06-18 06:00:00-03:00,0.444,7.862
2022-06-18 07:00:00-03:00,0.419,7.675
2022-06-18 08:00:00-03:00,0.432,7.771
2022-06-18 09:00:00-03:00,0.47500000000000003,8.075
2022-06-18 10:00:00-03:00,0.47300000000000003,8.069
2022-06-18 11:00:00-03:00,0.505,8.292
2022-06-18 12:00:00-03:00,0.622,9.151
2022-06-18 13:00:00-03:00,0.735,10.13
2022-06-18 14:00:00-03:00,0.763,10.399000000000001
2022-06-18 15:00:00-03:00,0.714,9.926
2022-06-18 16:00:00-03:00,0.599,8.98
2022-06-18 17:00:00-03:00,0.5740000000000001,8.795
2022-06-18 18:00:00-03:00,0.544,8.567
2022-06-18 19:00:00-03:00,0.549,8.612
2022-06-18 20:00:00-03:00,0.511,8.327
2022-06-18 21:00:00-03:00,0.495,8.224
2022-06-18 22:00:00-03:00,0.47600000000000003,8.086
2022-06-18 23:00:00-03:00,0.464,7.992
2022-06-19 00:00:00-03:00,0.46,7.975
2022-06-19 01:00:00-03:00,0.509,8.316
2022-06-19 02:00:00-03:00,0.517,8.384
2022-06-19 03:00:00-03:00,0.524,8.425
2022-06-19 04:00:00-03:00,0.539,8.53
2022-06-19 05:00:00-03:00,0.555,8.648
2022-06-19 06:00:00-03:00,0.5670000000000001,8.739
2022-06-19 07:00:00-03:00,0.633,9.247
2022-06-19 08:00:00-03:00,0.746,10.238
2022-06-19 09:00:00-03:00,0.835,11.262
2022-06-19 10:00:00-03:00,0.914,12.789
2022-06-19 11:00:00-03:00,0.925,13.184
2022-06-19 12:00:00-03:00,0.906,12.586
2022-06-19 13:00:00-03:00,0.916,12.872
2022-06-19 14:00:00-03:00,0.916,12.847
2022-06-19 15:00:00-03:00,0.905,12.55
2022-06-19 16:00:00-03:00,0.879,11.975999999999999
2022-06-19 17:00:00-03:00,0.8320000000000001,11.223
2022-06-19 18:00:00-03:00,0.749,10.259
2022-06-19 19:00:00-03:00,0.723,10.012
2022-06-19 20:00:00-03:00,0.716,9.943
2022-06-19 21:00:00-03:00,0.704,9.842
2022-06-19 22:00:00-03:00,0.6940000000000001,9.756
2022-06-19 23:00:00-03:00,0.685,9.669
2022-06-20 00:00:00-03:00,0.642,9.321
2022-06-20 01:00:00-03:00,0.613,9.092
2022-06-20 02:00:00-03:00,0.63,9.228
2022-06-20 03:00:00-03:00,0.671,9.554
2022-06-20 04:00:00-03:00,0.771,10.483
2022-06-20 05:00:00-03:00,0.79,10.703
2022-06-20 06:00:00-03:00,0.842,11.366
2022-06-20 07:00:00-03:00,0.8270000000000001,11.148
2022-06-20 08:00:00-03:00,0.8130000000000001,10.97
2022-06-20 09:00:00-03:00,0.772,10.503
2022-06-20 10:00:00-03:00,0.667,9.514
2022-06-20 11:00:00-03:00,0.561,8.691
2022-06-20 12:00:00-03:00,0.591,8.916
2022-06-20 13:00:00-03:00,0.5700000000000001,8.76
2022-06-20 14:00:00-03:00,0.501,8.259
2022-06-20 15:00:00-03:00,0.372,7.33
2022-06-20 16:00:00-03:00,0.298,6.76
2022-06-20 17:00:00-03:00,0.34400000000000003,7.125
2022-06-20 18:00:00-03:00,0.378,7.383
2022-06-20 19:00:00-03:00,0.399,7.539
2022-06-20 20:00:00-03:00,0.428,7.74
2022-06-20 21:00:00-03:00,0.464,8.003
2022-06-20 22:00:00-03:00,0.499,8.243
2022-06-20 23:00:00-03:00,0.533,8.5
2022-06-21 00:00:00-03:00,0.5640000000000001,8.715
2022-06-21 01:00:00-03:00,0.587,8.89
2022-06-21 02:00:00-03:00,0.585,8.878
2022-06-21 03:00:00-03:00,0.5640000000000001,8.716
2022-06-21 04:00:00-03:00,0.547,8.600999999999999
2022-06-21 05:00:00-03:00,0.5630000000000001,8.709
2022-06-21 06:00:00-03:00,0.581,8.85
2022-06-21 07:00:00-03:00,0.618,9.134
2022-06-21 08:00:00-03:00,0.652,9.397
2022-06-21 09:00:00-03:00,0.635,9.256
2022-06-21 10:00:00-03:00,0.589,8.907
2022-06-21 11:00:00-03:00,0.507,8.31
2022-06-21 12:00:00-03:00,0.442,7.843
2022-06-21 13:00:00-03:00,0.583,8.867
2022-06-21 14:00:00-03:00,0.661,9.461
2022-06-21 15:00:00-03:00,0.662,9.478
2022-06-21 16:00:00-03:00,0.733,10.104
2022-06-21 17:00:00-03:00,0.772,10.49
2022-06-21 18:00:00-03:00,0.784,10.633
2022-06-21 19:00:00-03:00,0.782,10.602
2022-06-21 20:00:00-03:00,0.772,10.495
2022-06-21 21:00:00-03:00,0.745,10.213
2022-06-21 22:00:00-03:00,0.72,9.985
2022-06-21 23:00:00-03:00,0.725,10.029
2022-06-22 00:00:00-03:00,0.75,10.275
2022-06-22 01:00:00-03:00,0.756,10.325
2022-06-22 02:00:00-03:00,0.719,9.975999999999999
2022-06-22 03:00:00-03:00,0.674,9.575
2022-06-22 04:00:00-03:00,0.614,9.102
2022-06-22 05:00:00-03:00,0.599,8.982
2022-06-22 06:00:00-03:00,0.5650000000000001,8.729
2022-06-22 07:00:00-03:00,0.561,8.689
2022-06-22 08:00:00-03:00,0.542,8.552
2022-06-22 09:00:00-03:00,0.51,8.325
2022-06-22 10:00:00-03:00,0.504,8.28
2022-06-22 11:00:00-03:00,0.491,8.194
2022-06-22 12:00:00-03:00,0.492,8.205
2022-06-22 13:00:00-03:00,0.614,9.097
2022-06-22 14:00:00-03:00,0.663,9.486
2022-06-22 15:00:00-03:00,0.646,9.355
2022-06-22 16:00:00-03:00,0.6960000000000001,9.772
2022-06-22 17:00:00-03:00,0.791,10.706
2022-06-22 18:00:00-03:00,0.798,10.795
2022-06-22 19:00:00-03:00,0.853,11.523
2022-06-22 20:00:00-03:00,0.864,11.716
2022-06-22 21:00:00-03:00,0.848,11.453
2022-06-22 22:00:00-03:00,0.834,11.254
2022-06-22 23:00:00-03:00,0.807,10.894
2022-06-23 00:00:00-03:00,0.8240000000000001,11.105
2022-06-23 01:00:00-03:00,0.8310000000000001,11.207
2022-06-23 02:00:00-03:00,0.8160000000000001,11.004
2022-06-23 03:00:00-03:00,0.796,10.767
2022-06-23 04:00:00-03:00,0.752,10.294
2022-06-23 05:00:00-03:00,0.74,10.18
2022-06-23 06:00:00-03:00,0.782,10.600999999999999
2022-06-23 07:00:00-03:00,0.782,10.602
2022-06-23 08:00:00-03:00,0.768,10.459
2022-06-23 09:00:00-03:00,0.791,10.716
2022-06-23 10:00:00-03:00,0.778,10.561
2022-06-23 11:00:00-03:00,0.736,10.136
2022-06-23 12:00:00-03:00,0.6900000000000001,9.71
2022-06-23 13:00:00-03:00,0.668,9.535
2022-06-23 14:00:00-03:00,0.745,10.222
2022-06-23 15:00:00-03:00,0.722,10.008
2022-06-23 16:00:00-03:00,0.722,10.004
2022-06-23 17:00:00-03:00,0.755,10.319
2022-06-23 18:00:00-03:00,0.745,10.22
2022-06-23 19:00:00-03:00,0.686,9.67
2022-06-23 20:00:00-03:00,0.609,9.063
2022-06-23 21:00:00-03:00,0.552,8.637
2022-06-23 22:00:00-03:00,0.466,8.019
2022-06-23 23:00:00-03:00,0.39,7.472
2022-06-24 00:00:00-03:00,0.365,7.28
2022-06-24 01:00:00-03:00,0.356,7.223
2022-06-24 02:00:00-03:00,0.366,7.297
2022-06-24 03:00:00-03:00,0.387,7.452
2022-06-24 04:00:00-03:00,0.41300000000000003,7.633
2022-06-24 05:00:00-03:00,0.434,7.792
2022-06-24 06:00:00-03:00,0.47900000000000004,8.099
2022-06-24 07:00:00-03:00,0.506,8.297
2022-06-24 08:00:00-03:00,0.508,8.314
2022-06-24 09:00:00-03:00,0.508,8.314
2022-06-24 10:00:00-03:00,0.514,8.359
2022-06-24 11:00:00-03:00,0.46,7.977
2022-06-24 12:00:00-03:00,0.521,8.407
2022-06-24 13:00:00-03:00,0.686,9.682
2022-06-24 14:00:00-03:00,0.803,10.847
2022-06-24 15:00:00-03:00,0.8240000000000001,11.106
2022-06-24 16:00:00-03:00,0.865,11.731
2022-06-24 17:00:00-03:00,0.909,12.642
2022-06-24 18:00:00-03:00,0.915,12.835
2022-06-24 19:00:00-03:00,0.9,12.431
2022-06-24 20:00:00-03:00,0.8180000000000001,11.035
2022-06-24 21:00:00-03:00,0.771,10.484
2022-06-24 22:00:00-03:00,0.773,10.515
2022-06-24 23:00:00-03:00,0.765,10.423
2022-06-25 00:00:00-03:00,0.748,10.259
2022-06-25 01:00:00-03:00,0.745,10.213
2022-06-25 02:00:00-03:00,0.754,10.309
2022-06-25 03:00:00-03:00,0.767,10.445
2022-06-25 04:00:00-03:00,0.793,10.732
2022-06-25 05:00:00-03:00,0.794,10.749
2022-06-25 06:00:00-03:00,0.77,10.48
2022-06-25 07:00:00-03:00,0.76,10.369
2022-06-25 08:00:00-03:00,0.767,10.442
2022-06-25 09:00:00-03:00,0.725,10.029
2022-06-25 10:00:00-03:00,0.718,9.966
2022-06-25 11:00:00-03:00,0.797,10.782
2022-06-25 12:00:00-03:00,0.878,11.972
2022-06-25 13:00:00-03:00,0.915,12.836
2022-06-25 14:00:00-03:00,0.912,12.74
2022-06-25 15:00:00-03:00,0.914,12.8
2022-06-25 16:00:00-03:00,0.914,12.789
2022-06-25 17:00:00-03:00,0.916,12.876
2022-06-25 18:00:00-03:00,0.923,13.097
2022-06-25 19:00:00-03:00,0.93,13.395
2022-06-25 20:00:00-03:00,0.9390000000000001,13.96
2022-06-25 21:00:00-03:00,0.9410000000000001,14.617
2022-06-25 22:00:00-03:00,0.931,15.514
2022-06-25 23:00:00-03:00,0.907,16.435
2022-06-26 00:00:00-03:00,0.869,17.416
2022-06-26 01:00:00-03:00,0.858,17.639
2022-06-26 02:00:00-03:00,0.875,17.269
2022-06-26 03:00:00-03:00,0.872,17.343
2022-06-26 04:00:00-03:00,0.854,17.709
2022-06-26 05:00:00-03:00,0.836,18.066
2022-06-26 06:00:00-03:00,0.812,18.484
2022-06-26 07:00:00-03:00,0.796,18.747
2022-06-26 08:00:00-03:00,0.806,18.576999999999998
2022-06-26 09:00:00-03:00,0.8170000000000001,18.406
2022-06-26 10:00:00-03:00,0.8210000000000001,18.326
2022-06-26 11:00:00-03:00,0.8270000000000001,18.225
2022-06-26 12:00:00-03:00,0.836,18.054
2022-06-26 13:00:00-03:00,0.8260000000000001,18.24
2022-06-26 14:00:00-03:00,0.8250000000000001,18.266
2022-06-26 15:00:00-03:00,0.721,19.852
2022-06-26 16:00:00-03:00,0.806,18.576999999999998
2022-06-26 17:00:00-03:00,0.871,17.37
2022-06-26 18:00:00-03:00,0.928,15.686
2022-06-26 19:00:00-03:00,0.9380000000000001,13.882
2022-06-26 20:00:00-03:00,0.916,12.866
2022-06-26 21:00:00-03:00,0.857,11.579
2022-06-26 22:00:00-03:00,0.779,10.573
2022-06-26 23:00:00-03:00,0.776,10.547
2022-06-27 00:00:00-03:00,0.8150000000000001,10.991
2022-06-27 01:00:00-03:00,0.779,10.576
2022-06-27 02:00:00-03:00,0.759,10.352
2022-06-27 03:00:00-03:00,0.753,10.304
2022-06-27 04:00:00-03:00,0.79,10.698
2022-06-27 05:00:00-03:00,0.8130000000000001,10.974
2022-06-27 06:00:00-03:00,0.8190000000000001,11.056
2022-06-27 07:00:00-03:00,0.8220000000000001,11.088
2022-06-27 08:00:00-03:00,0.798,10.789
2022-06-27 09:00:00-03:00,0.763,10.395
2022-06-27 10:00:00-03:00,0.667,9.512
2022-06-27 11:00:00-03:00,0.48,8.114
2022-06-27 12:00:00-03:00,0.376,7.364
2022-06-27 13:00:00-03:00,0.515,8.367
2022-06-27 14:00:00-03:00,0.599,8.98
2022-06-27 15:00:00-03:00,0.5680000000000001,8.749
2022-06-27 16:00:00-03:00,0.51,8.325
2022-06-27 17:00:00-03:00,0.47600000000000003,8.079
2022-06-27 18:00:00-03:00,0.379,7.384
2022-06-27 19:00:00-03:00,0.311,6.876
2022-06-27 20:00:00-03:00,0.321,6.953
2022-06-27 21:00:00-03:00,0.294,6.735
2022-06-27 22:00:00-03:00,0.161,5.511
2022-06-27 23:00:00-03:00,0.07100000000000001,4.254
2022-06-28 00:00:00-03:00,0.073,4.285
2022-06-28 01:00:00-03:00,0.112,4.9030000000000005
2022-06-28 02:00:00-03:00,0.132,5.163
2022-06-28 03:00:00-03:00,0.121,5.019
2022-06-28 04:00:00-03:00,0.111,4.875
2022-06-28 05:00:00-03:00,0.099,4.714
2022-06-28 06:00:00-03:00,0.10300000000000001,4.768
2022-06-28 07:00:00-03:00,0.108,4.852
2022-06-28 08:00:00-03:00,0.106,4.802
2022-06-28 09:00:00-03:00,0.183,5.737
2022-06-28 10:00:00-03:00,0.383,7.414
2022-06-28 11:00:00-03:00,0.447,7.884
2022-06-28 12:00:00-03:00,0.323,6.969
2022-06-28 13:00:00-03:00,0.234,6.225
2022-06-28 14:00:00-03:00,0.399,7.53
2022-06-28 15:00:00-03:00,0.549,8.614
2022-06-28 16:00:00-03:00,0.664,9.498
2022-06-28 17:00:00-03:00,0.758,10.349
2022-06-28 18:00:00-03:00,0.806,10.886
2022-06-28 19:00:00-03:00,0.79,10.696
2022-06-28 20:00:00-03:00,0.752,10.289
2022-06-28 21:00:00-03:00,0.733,10.109
2022-06-28 22:00:00-03:00,0.675,9.593
2022-06-28 23:00:00-03:00,0.657,9.435
2022-06-29 00:00:00-03:00,0.609,9.052
2022-06-29 01:00:00-03:00,0.58,8.843
2022-06-29 02:00:00-03:00,0.524,8.429
2022-06-29 03:00:00-03:00,0.499,8.243
2022-06-29 04:00:00-03:00,0.541,8.548
2022-06-29 05:00:00-03:00,0.5680000000000001,8.743
2022-06-29 06:00:00-03:00,0.609,9.056
2022-06-29 07:00:00-03:00,0.58,8.844
2022-06-29 08:00:00-03:00,0.5730000000000001,8.784
2022-06-29 09:00:00-03:00,0.558,8.676
2022-06-29 10:00:00-03:00,0.558,8.679
2022-06-29 11:00:00-03:00,0.557,8.667
2022-06-29 12:00:00-03:00,0.5630000000000001,8.708
2022-06-29 13:00:00-03:00,0.678,9.614
2022-06-29 14:00:00-03:00,0.709,9.882
2022-06-29 15:00:00-03:00,0.622,9.161
2022-06-29 16:00:00-03:00,0.606,9.031
2022-06-29 17:00:00-03:00,0.667,9.521
2022-06-29 18:00:00-03:00,0.558,8.675
2022-06-29 19:00:00-03:00,0.584,8.875
2022-06-29 20:00:00-03:00,0.524,8.426
2022-06-29 21:00:00-03:00,0.394,7.5
2022-06-29 22:00:00-03:00,0.355,7.217
2022-06-29 23:00:00-03:00,0.36,7.24
2022-06-30 00:00:00-03:00,0.372,7.33
2022-06-30 01:00:00-03:00,0.391,7.479
2022-06-30 02:00:00-03:00,0.385,7.431
2022-06-30 03:00:00-03:00,0.422,7.7010000000000005
2022-06-30 04:00:00-03:00,0.47300000000000003,8.064
2022-06-30 05:00:00-03:00,0.519,8.392
2022-06-30 06:00:00-03:00,0.521,8.4
2022-06-30 07:00:00-03:00,0.487,8.165
2022-06-30 08:00:00-03:00,0.447,7.88
2022-06-30 09:00:00-03:00,0.418,7.663
2022-06-30 10:00:00-03:00,0.358,7.231
2022-06-30 11:00:00-03:00,0.211,6.017
2022-06-30 12:00:00-03:00,0.152,5.405
2022-06-30 13:00:00-03:00,0.19,5.802
2022-06-30 14:00:00-03:00,0.20400000000000001,5.948
2022-06-30 15:00:00-03:00,0.179,5.696
2022-06-30 16:00:00-03:00,0.215,6.053
2022-06-30 17:00:00-03:00,0.333,7.045
2022-06-30 18:00:00-03:00,0.41400000000000003,7.638
2022-06-30 19:00:00-03:00,0.438,7.819
2022-06-30 20:00:00-03:00,0.431,7.7620000000000005
2022-06-30 21:00:00-03:00,0.423,7.713
2022-06-30 22:00:00-03:00,0.426,7.732
2022-06-30 23:00:00-03:00,0.419,7.6690000000000005
2022-07-01 00:00:00-03:00,0.379,7.385
2022-07-01 01:00:00-03:00,0.336,7.069
2022-07-01 02:00:00-03:00,0.301,6.8
2022-07-01 03:00:00-03:00,0.269,6.532
2022-07-01 04:00:00-03:00,0.23800000000000002,6.257
2022-07-01 05:00:00-03:00,0.215,6.061
2022-07-01 06:00:00-03:00,0.203,5.943
2022-07-01 07:00:00-03:00,0.188,5.783
2022-07-01 08:00:00-03:00,0.185,5.767
2022-07-01 09:00:00-03:00,0.2,5.914
2022-07-01 10:00:00-03:00,0.181,5.716
2022-07-01 11:00:00-03:00,0.115,4.947
2022-07-01 12:00:00-03:00,0.081,4.435
2022-07-01 13:00:00-03:00,0.083,4.457
2022-07-01 14:00:00-03:00,0.107,4.834
2022-07-01 15:00:00-03:00,0.116,4.953
2022-07-01 16:00:00-03:00,0.179,5.693
2022-07-01 17:00:00-03:00,0.304,6.821
2022-07-01 18:00:00-03:00,0.384,7.423
2022-07-01 19:00:00-03:00,0.389,7.464
2022-07-01 20:00:00-03:00,0.366,7.298
2022-07-01 21:00:00-03:00,0.36,7.249
2022-07-01 22:00:00-03:00,0.365,7.28
2022-07-01 23:00:00-03:00,0.374,7.347
2022-07-02 00:00:00-03:00,0.388,7.458
2022-07-02 01:00:00-03:00,0.41200000000000003,7.621
2022-07-02 02:00:00-03:00,0.443,7.8469999999999995
2022-07-02 03:00:00-03:00,0.46900000000000003,8.028
2022-07-02 04:00:00-03:00,0.482,8.124
2022-07-02 05:00:00-03:00,0.47100000000000003,8.048
2022-07-02 06:00:00-03:00,0.41500000000000004,7.645
2022-07-02 07:00:00-03:00,0.376,7.3629999999999995
2022-07-02 08:00:00-03:00,0.372,7.342
2022-07-02 09:00:00-03:00,0.384,7.422
2022-07-02 10:00:00-03:00,0.365,7.287
2022-07-02 11:00:00-03:00,0.28,6.624
2022-07-02 12:00:00-03:00,0.214,6.044
2022-07-02 13:00:00-03:00,0.253,6.4
2022-07-02 14:00:00-03:00,0.356,7.221
2022-07-02 15:00:00-03:00,0.295,6.74
2022-07-02 16:00:00-03:00,0.17200000000000001,5.624
2022-07-02 17:00:00-03:00,0.15,5.38
2022-07-02 18:00:00-03:00,0.135,5.195
2022-07-02 19:00:00-03:00,0.195,5.86
2022-07-02 20:00:00-03:00,0.334,7.053
2022-07-02 21:00:00-03:00,0.433,7.7780000000000005
2022-07-02 22:00:00-03:00,0.47900000000000004,8.109
2022-07-02 23:00:00-03:00,0.456,7.945
2022-07-03 00:00:00-03:00,0.394,7.489
2022-07-03 01:00:00-03:00,0.341,7.11
2022-07-03 02:00:00-03:00,0.302,6.806
2022-07-03 03:00:00-03:00,0.193,5.848
2022-07-03 04:00:00-03:00,0.094,4.625
2022-07-03 05:00:00-03:00,0.056,3.949
2022-07-03 06:00:00-03:00,0.085,4.501
2022-07-03 07:00:00-03:00,0.158,5.463
2022-07-03 08:00:00-03:00,0.252,6.388
2022-07-03 09:00:00-03:00,0.356,7.224
2022-07-03 10:00:00-03:00,0.447,7.885
2022-07-03 11:00:00-03:00,0.372,7.334
2022-07-03 12:00:00-03:00,0.341,7.109
2022-07-03 13:00:00-03:00,0.181,5.726
2022-07-03 14:00:00-03:00,0.052000000000000005,3.867
2022-07-03 15:00:00-03:00,0.034,3.448
2022-07-03 16:00:00-03:00,0.062,4.088
2022-07-03 17:00:00-03:00,0.108,4.853
2022-07-03 18:00:00-03:00,0.096,4.659
2022-07-03 19:00:00-03:00,0.056,3.956
2022-07-03 20:00:00-03:00,0.026000000000000002,3.205
2022-07-03 21:00:00-03:00,0.018000000000000002,2.917
2022-07-03 22:00:00-03:00,0.049,3.815
2022-07-03 23:00:00-03:00,0.161,5.503
2022-07-04 00:00:00-03:00,0.28600000000000003,6.672
2022-07-04 01:00:00-03:00,0.339,7.087
2022-07-04 02:00:00-03:00,0.336,7.07
2022-07-04 03:00:00-03:00,0.316,6.912
2022-07-04 04:00:00-03:00,0.28800000000000003,6.6850000000000005
2022-07-04 05:00:00-03:00,0.245,6.326
2022-07-04 06:00:00-03:00,0.222,6.119
2022-07-04 07:00:00-03:00,0.198,5.897
2022-07-04 08:00:00-03:00,0.18,5.704
2022-07-04 09:00:00-03:00,0.184,5.753
2022-07-04 10:00:00-03:00,0.201,5.925
2022-07-04 11:00:00-03:00,0.189,5.795
2022-07-04 12:00:00-03:00,0.212,6.022
2022-07-04 13:00:00-03:00,0.256,6.416
2022-07-04 14:00:00-03:00,0.227,6.163
2022-07-04 15:00:00-03:00,0.182,5.729
2022-07-04 16:00:00-03:00,0.17500000000000002,5.66
2022-07-04 17:00:00-03:00,0.211,6.021
2022-07-04 18:00:00-03:00,0.217,6.072
2022-07-04 19:00:00-03:00,0.181,5.715
2022-07-04 20:00:00-03:00,0.11800000000000001,4.979
2022-07-04 21:00:00-03:00,0.062,4.092
2022-07-04 22:00:00-03:00,0.028,3.27
2022-07-04 23:00:00-03:00,0.015,2.7720000000000002
2022-07-05 00:00:00-03:00,0.017,2.8529999999999998
2022-07-05 01:00:00-03:00,0.025,3.153
2022-07-05 02:00:00-03:00,0.026000000000000002,3.184
2022-07-05 03:00:00-03:00,0.017,2.8689999999999998
2022-07-05 04:00:00-03:00,0.021,3.009
2022-07-05 05:00:00-03:00,0.037,3.525
2022-07-05 06:00:00-03:00,0.063,4.098
2022-07-05 07:00:00-03:00,0.084,4.489
2022-07-05 08:00:00-03:00,0.08700000000000001,4.525
2022-07-05 09:00:00-03:00,0.073,4.301
2022-07-05 10:00:00-03:00,0.057,3.974
2022-07-05 11:00:00-03:00,0.026000000000000002,3.2
2022-07-05 12:00:00-03:00,0.015,2.792
2022-07-05 13:00:00-03:00,0.01,2.544
2022-07-05 14:00:00-03:00,0.006,2.255
2022-07-05 15:00:00-03:00,0.004,2.106
2022-07-05 16:00:00-03:00,0.006,2.221
2022-07-05 17:00:00-03:00,0.009000000000000001,2.45
2022-07-05 18:00:00-03:00,0.011,2.548
2022-07-05 19:00:00-03:00,0.008,2.411
2022-07-05 20:00:00-03:00,0.006,2.214
2022-07-05 21:00:00-03:00,0.004,2.054
2022-07-05 22:00:00-03:00,0.003,1.913
2022-07-05 23:00:00-03:00,0.001,1.639
2022-07-06 00:00:00-03:00,0.0,1.173
2022-07-06 01:00:00-03:00,0.0,0.781
2022-07-06 02:00:00-03:00,0.0,0.877
2022-07-06 03:00:00-03:00,0.0,1.328
2022-07-06 04:00:00-03:00,0.002,1.855
2022-07-06 05:00:00-03:00,0.011,2.597
2022-07-06 06:00:00-03:00,0.029,3.298
2022-07-06 07:00:00-03:00,0.052000000000000005,3.866
2022-07-06 08:00:00-03:00,0.075,4.331
2022-07-06 09:00:00-03:00,0.095,4.646
2022-07-06 10:00:00-03:00,0.107,4.838
2022-07-06 11:00:00-03:00,0.107,4.839
2022-07-06 12:00:00-03:00,0.136,5.208
2022-07-06 13:00:00-03:00,0.191,5.821
2022-07-06 14:00:00-03:00,0.23900000000000002,6.276
2022-07-06 15:00:00-03:00,0.276,6.592
2022-07-06 16:00:00-03:00,0.324,6.976
2022-07-06 17:00:00-03:00,0.466,8.009
2022-07-06 18:00:00-03:00,0.593,8.939
2022-07-06 19:00:00-03:00,0.606,9.035
2022-07-06 20:00:00-03:00,0.558,8.668
2022-07-06 21:00:00-03:00,0.526,8.441
2022-07-06 22:00:00-03:00,0.501,8.267
2022-07-06 23:00:00-03:00,0.499,8.247
2022-07-07 00:00:00-03:00,0.488,8.166
2022-07-07 01:00:00-03:00,0.508,8.315
2022-07-07 02:00:00-03:00,0.527,8.45
2022-07-07 03:00:00-03:00,0.55,8.624
2022-07-07 04:00:00-03:00,0.555,8.658
2022-07-07 05:00:00-03:00,0.548,8.605
2022-07-07 06:00:00-03:00,0.539,8.53
2022-07-07 07:00:00-03:00,0.561,8.696
2022-07-07 08:00:00-03:00,0.592,8.931000000000001
2022-07-07 09:00:00-03:00,0.549,8.612
2022-07-07 10:00:00-03:00,0.47200000000000003,8.062
2022-07-07 11:00:00-03:00,0.331,7.031
2022-07-07 12:00:00-03:00,0.215,6.053
2022-07-07 13:00:00-03:00,0.146,5.332
2022-07-07 14:00:00-03:00,0.097,4.682
2022-07-07 15:00:00-03:00,0.056,3.952
2022-07-07 16:00:00-03:00,0.028,3.241
2022-07-07 17:00:00-03:00,0.017,2.86
2022-07-07 18:00:00-03:00,0.03,3.319
2022-07-07 19:00:00-03:00,0.088,4.551
2022-07-07 20:00:00-03:00,0.189,5.798
2022-07-07 21:00:00-03:00,0.322,6.956
2022-07-07 22:00:00-03:00,0.439,7.821
2022-07-07 23:00:00-03:00,0.487,8.163
2022-07-08 00:00:00-03:00,0.499,8.243
2022-07-08 01:00:00-03:00,0.554,8.644
2022-07-08 02:00:00-03:00,0.611,9.076
2022-07-08 03:00:00-03:00,0.641,9.312
2022-07-08 04:00:00-03:00,0.5670000000000001,8.738
2022-07-08 05:00:00-03:00,0.487,8.162
2022-07-08 06:00:00-03:00,0.459,7.965
2022-07-08 07:00:00-03:00,0.449,7.891
2022-07-08 08:00:00-03:00,0.406,7.582
2022-07-08 09:00:00-03:00,0.327,6.997
2022-07-08 10:00:00-03:00,0.257,6.428
2022-07-08 11:00:00-03:00,0.158,5.471
2022-07-08 12:00:00-03:00,0.07100000000000001,4.264
2022-07-08 13:00:00-03:00,0.028,3.268
2022-07-08 14:00:00-03:00,0.067,4.184
2022-07-08 15:00:00-03:00,0.17,5.605
2022-07-08 16:00:00-03:00,0.295,6.742
2022-07-08 17:00:00-03:00,0.5,8.255
2022-07-08 18:00:00-03:00,0.622,9.155
2022-07-08 19:00:00-03:00,0.6960000000000001,9.77
2022-07-08 20:00:00-03:00,0.721,9.993
2022-07-08 21:00:00-03:00,0.673,9.569
2022-07-08 22:00:00-03:00,0.548,8.606
2022-07-08 23:00:00-03:00,0.444,7.849
2022-07-09 00:00:00-03:00,0.335,7.059
2022-07-09 01:00:00-03:00,0.31,6.864
2022-07-09 02:00:00-03:00,0.40700000000000003,7.592
2022-07-09 03:00:00-03:00,0.5700000000000001,8.763
2022-07-09 04:00:00-03:00,0.46900000000000003,8.034
2022-07-09 05:00:00-03:00,0.406,7.5809999999999995
2022-07-09 06:00:00-03:00,0.456,7.946
2022-07-09 07:00:00-03:00,0.561,8.699
2022-07-09 08:00:00-03:00,0.66,9.457
2022-07-09 09:00:00-03:00,0.704,9.834
2022-07-09 10:00:00-03:00,0.75,10.276
2022-07-09 11:00:00-03:00,0.661,9.474
2022-07-09 12:00:00-03:00,0.497,8.234
2022-07-09 13:00:00-03:00,0.643,9.328
2022-07-09 14:00:00-03:00,0.641,9.313
2022-07-09 15:00:00-03:00,0.517,8.384
2022-07-09 16:00:00-03:00,0.388,7.46
2022-07-09 17:00:00-03:00,0.382,7.41
2022-07-09 18:00:00-03:00,0.458,7.961
2022-07-09 19:00:00-03:00,0.491,8.195
2022-07-09 20:00:00-03:00,0.47100000000000003,8.046
2022-07-09 21:00:00-03:00,0.425,7.724
2022-07-09 22:00:00-03:00,0.368,7.313
2022-07-09 23:00:00-03:00,0.32,6.938
2022-07-10 00:00:00-03:00,0.292,6.723
2022-07-10 01:00:00-03:00,0.279,6.614
2022-07-10 02:00:00-03:00,0.259,6.445
2022-07-10 03:00:00-03:00,0.20700000000000002,5.968
2022-07-10 04:00:00-03:00,0.14200000000000002,5.281
2022-07-10 05:00:00-03:00,0.096,4.658
2022-07-10 06:00:00-03:00,0.07100000000000001,4.259
2022-07-10 07:00:00-03:00,0.061,4.073
2022-07-10 08:00:00-03:00,0.048,3.797
2022-07-10 09:00:00-03:00,0.037,3.531
2022-07-10 10:00:00-03:00,0.024,3.128
2022-07-10 11:00:00-03:00,0.006,2.232
2022-07-10 12:00:00-03:00,0.0,0.834
2022-07-10 13:00:00-03:00,0.0,0.853
2022-07-10 14:00:00-03:00,0.002,1.8479999999999999
2022-07-10 15:00:00-03:00,0.014,2.758
2022-07-10 16:00:00-03:00,0.05,3.84
2022-07-10 17:00:00-03:00,0.134,5.192
2022-07-10 18:00:00-03:00,0.23500000000000001,6.231
2022-07-10 19:00:00-03:00,0.31,6.865
2022-07-10 20:00:00-03:00,0.377,7.37
2022-07-10 21:00:00-03:00,0.431,7.759
2022-07-10 22:00:00-03:00,0.457,7.952
2022-07-10 23:00:00-03:00,0.47900000000000004,8.111
2022-07-11 00:00:00-03:00,0.527,8.444
2022-07-11 01:00:00-03:00,0.582,8.854
2022-07-11 02:00:00-03:00,0.604,9.013
2022-07-11 03:00:00-03:00,0.604,9.023
2022-07-11 04:00:00-03:00,0.609,9.053
2022-07-11 05:00:00-03:00,0.611,9.078
2022-07-11 06:00:00-03:00,0.622,9.153
2022-07-11 07:00:00-03:00,0.645,9.347
2022-07-11 08:00:00-03:00,0.647,9.357
2022-07-11 09:00:00-03:00,0.636,9.275
2022-07-11 10:00:00-03:00,0.639,9.296
2022-07-11 11:00:00-03:00,0.598,8.979
2022-07-11 12:00:00-03:00,0.672,9.567
2022-07-11 13:00:00-03:00,0.622,9.151
2022-07-11 14:00:00-03:00,0.55,8.621
2022-07-11 15:00:00-03:00,0.519,8.394
2022-07-11 16:00:00-03:00,0.514,8.349
2022-07-11 17:00:00-03:00,0.583,8.867
2022-07-11 18:00:00-03:00,0.661,9.46
2022-07-11 19:00:00-03:00,0.661,9.466
2022-07-11 20:00:00-03:00,0.634,9.254
2022-07-11 21:00:00-03:00,0.606,9.04
2022-07-11 22:00:00-03:00,0.589,8.905
2022-07-11 23:00:00-03:00,0.546,8.591
2022-07-12 00:00:00-03:00,0.47300000000000003,8.065
2022-07-12 01:00:00-03:00,0.382,7.41
2022-07-12 02:00:00-03:00,0.269,6.533
2022-07-12 03:00:00-03:00,0.17200000000000001,5.627
2022-07-12 04:00:00-03:00,0.091,4.596
2022-07-12 05:00:00-03:00,0.032,3.382
2022-07-12 06:00:00-03:00,0.009000000000000001,2.446
2022-07-12 07:00:00-03:00,0.002,1.763
2022-07-12 08:00:00-03:00,0.001,1.5859999999999999
2022-07-12 09:00:00-03:00,0.007,2.348
2022-07-12 10:00:00-03:00,0.036000000000000004,3.473
2022-07-12 11:00:00-03:00,0.068,4.2
2022-07-12 12:00:00-03:00,0.074,4.31
2022-07-12 13:00:00-03:00,0.088,4.547
2022-07-12 14:00:00-03:00,0.124,5.05
2022-07-12 15:00:00-03:00,0.152,5.402
2022-07-12 16:00:00-03:00,0.17200000000000001,5.629
2022-07-12 17:00:00-03:00,0.20800000000000002,5.994
2022-07-12 18:00:00-03:00,0.216,6.069
2022-07-12 19:00:00-03:00,0.199,5.9030000000000005
2022-07-12 20:00:00-03:00,0.181,5.711
2022-07-12 21:00:00-03:00,0.164,5.53
2022-07-12 22:00:00-03:00,0.152,5.409
2022-07-12 23:00:00-03:00,0.14200000000000002,5.276
2022-07-13 00:00:00-03:00,0.125,5.061
2022-07-13 01:00:00-03:00,0.092,4.606
2022-07-13 02:00:00-03:00,0.052000000000000005,3.868
2022-07-13 03:00:00-03:00,0.021,3.029
2022-07-13 04:00:00-03:00,0.008,2.403
2022-07-13 05:00:00-03:00,0.011,2.602
2022-07-13 06:00:00-03:00,0.049,3.823
2022-07-13 07:00:00-03:00,0.114,4.927
2022-07-13 08:00:00-03:00,0.198,5.895
2022-07-13 09:00:00-03:00,0.231,6.205
2022-07-13 10:00:00-03:00,0.34400000000000003,7.12
2022-07-13 11:00:00-03:00,0.451,7.905
2022-07-13 12:00:00-03:00,0.47900000000000004,8.109
2022-07-13 13:00:00-03:00,0.499,8.252
2022-07-13 14:00:00-03:00,0.7000000000000001,9.804
2022-07-13 15:00:00-03:00,0.674,9.575
2022-07-13 16:00:00-03:00,0.651,9.391
2022-07-13 17:00:00-03:00,0.651,9.392
2022-07-13 18:00:00-03:00,0.653,9.403
2022-07-13 19:00:00-03:00,0.64,9.306
2022-07-13 20:00:00-03:00,0.648,9.369
2022-07-13 21:00:00-03:00,0.651,9.391
2022-07-13 22:00:00-03:00,0.58,8.843
2022-07-13 23:00:00-03:00,0.5720000000000001,8.776
2022-07-14 00:00:00-03:00,0.489,8.175
2022-07-14 01:00:00-03:00,0.425,7.721
2022-07-14 02:00:00-03:00,0.382,7.412
2022-07-14 03:00:00-03:00,0.303,6.809
2022-07-14 04:00:00-03:00,0.23,6.191
2022-07-14 05:00:00-03:00,0.169,5.586
2022-07-14 06:00:00-03:00,0.146,5.33
2022-07-14 07:00:00-03:00,0.139,5.245
2022-07-14 08:00:00-03:00,0.125,5.074
2022-07-14 09:00:00-03:00,0.117,4.977
2022-07-14 10:00:00-03:00,0.117,4.977
2022-07-14 11:00:00-03:00,0.097,4.6850000000000005
2022-07-14 12:00:00-03:00,0.063,4.113
2022-07-14 13:00:00-03:00,0.068,4.196
2022-07-14 14:00:00-03:00,0.057,3.979
2022-07-14 15:00:00-03:00,0.054,3.924
2022-07-14 16:00:00-03:00,0.058,4.015
2022-07-14 17:00:00-03:00,0.077,4.3629999999999995
2022-07-14 18:00:00-03:00,0.116,4.9510000000000005
2022-07-14 19:00:00-03:00,0.155,5.436
2022-07-14 20:00:00-03:00,0.196,5.871
2022-07-14 21:00:00-03:00,0.23,6.186
2022-07-14 22:00:00-03:00,0.276,6.592
2022-07-14 23:00:00-03:00,0.34700000000000003,7.145
2022-07-15 00:00:00-03:00,0.378,7.38
2022-07-15 01:00:00-03:00,0.35100000000000003,7.171
2022-07-15 02:00:00-03:00,0.327,6.998
2022-07-15 03:00:00-03:00,0.306,6.827
2022-07-15 04:00:00-03:00,0.303,6.813
2022-07-15 05:00:00-03:00,0.338,7.078
2022-07-15 06:00:00-03:00,0.372,7.34
2022-07-15 07:00:00-03:00,0.434,7.789
2022-07-15 08:00:00-03:00,0.483,8.136
2022-07-15 09:00:00-03:00,0.504,8.279
2022-07-15 10:00:00-03:00,0.542,8.56
2022-07-15 11:00:00-03:00,0.458,7.959
2022-07-15 12:00:00-03:00,0.4,7.545
2022-07-15 13:00:00-03:00,0.324,6.976
2022-07-15 14:00:00-03:00,0.291,6.716
2022-07-15 15:00:00-03:00,0.273,6.569
2022-07-15 16:00:00-03:00,0.275,6.577
2022-07-15 17:00:00-03:00,0.434,7.78
2022-07-15 18:00:00-03:00,0.5720000000000001,8.775
2022-07-15 19:00:00-03:00,0.555,8.652
2022-07-15 20:00:00-03:00,0.545,8.577
2022-07-15 21:00:00-03:00,0.5680000000000001,8.753
2022-07-15 22:00:00-03:00,0.5730000000000001,8.785
2022-07-15 23:00:00-03:00,0.58,8.837
2022-07-16 00:00:00-03:00,0.595,8.953
2022-07-16 01:00:00-03:00,0.598,8.98
2022-07-16 02:00:00-03:00,0.595,8.958
2022-07-16 03:00:00-03:00,0.5630000000000001,8.707
2022-07-16 04:00:00-03:00,0.499,8.24
2022-07-16 05:00:00-03:00,0.441,7.837
2022-07-16 06:00:00-03:00,0.397,7.518
2022-07-16 07:00:00-03:00,0.395,7.505
2022-07-16 08:00:00-03:00,0.443,7.848
2022-07-16 09:00:00-03:00,0.498,8.238
2022-07-16 10:00:00-03:00,0.516,8.375
2022-07-16 11:00:00-03:00,0.482,8.124
2022-07-16 12:00:00-03:00,0.40900000000000003,7.6
2022-07-16 13:00:00-03:00,0.339,7.081
2022-07-16 14:00:00-03:00,0.298,6.777
2022-07-16 15:00:00-03:00,0.289,6.702
2022-07-16 16:00:00-03:00,0.318,6.925
2022-07-16 17:00:00-03:00,0.399,7.539
2022-07-16 18:00:00-03:00,0.501,8.257
2022-07-16 19:00:00-03:00,0.531,8.48
2022-07-16 20:00:00-03:00,0.539,8.541
2022-07-16 21:00:00-03:00,0.53,8.477
2022-07-16 22:00:00-03:00,0.521,8.411
2022-07-16 23:00:00-03:00,0.521,8.411
2022-07-17 00:00:00-03:00,0.507,8.309
2022-07-17 01:00:00-03:00,0.489,8.174
2022-07-17 02:00:00-03:00,0.505,8.294
2022-07-17 03:00:00-03:00,0.559,8.682
2022-07-17 04:00:00-03:00,0.601,9.0
2022-07-17 05:00:00-03:00,0.617,9.119
2022-07-17 06:00:00-03:00,0.655,9.415
2022-07-17 07:00:00-03:00,0.708,9.874
2022-07-17 08:00:00-03:00,0.725,10.03
2022-07-17 09:00:00-03:00,0.725,10.031
2022-07-17 10:00:00-03:00,0.6940000000000001,9.756
2022-07-17 11:00:00-03:00,0.636,9.266
2022-07-17 12:00:00-03:00,0.561,8.702
2022-07-17 13:00:00-03:00,0.606,9.04
2022-07-17 14:00:00-03:00,0.71,9.89
2022-07-17 15:00:00-03:00,0.835,11.255
2022-07-17 16:00:00-03:00,0.872,11.856
2022-07-17 17:00:00-03:00,0.925,13.173
2022-07-17 18:00:00-03:00,0.9390000000000001,14.03
2022-07-17 19:00:00-03:00,0.9400000000000001,14.108
2022-07-17 20:00:00-03:00,0.937,13.82
2022-07-17 21:00:00-03:00,0.925,13.182
2022-07-17 22:00:00-03:00,0.909,12.662
2022-07-17 23:00:00-03:00,0.899,12.394
2022-07-18 00:00:00-03:00,0.884,12.077
2022-07-18 01:00:00-03:00,0.895,12.305
2022-07-18 02:00:00-03:00,0.915,12.833
2022-07-18 03:00:00-03:00,0.934,13.608
2022-07-18 04:00:00-03:00,0.9380000000000001,13.918
2022-07-18 05:00:00-03:00,0.919,12.966
2022-07-18 06:00:00-03:00,0.859,11.621
2022-07-18 07:00:00-03:00,0.839,11.32
2022-07-18 08:00:00-03:00,0.847,11.447
2022-07-18 09:00:00-03:00,0.875,11.901
2022-07-18 10:00:00-03:00,0.921,13.031
2022-07-18 11:00:00-03:00,0.935,15.271
2022-07-18 12:00:00-03:00,0.911,16.341
2022-07-18 13:00:00-03:00,0.882,17.11
2022-07-18 14:00:00-03:00,0.854,17.732
2022-07-18 15:00:00-03:00,0.835,18.084
2022-07-18 16:00:00-03:00,0.8310000000000001,18.16
2022-07-18 17:00:00-03:00,0.839,18.009
2022-07-18 18:00:00-03:00,0.8310000000000001,18.147
2022-07-18 19:00:00-03:00,0.8210000000000001,18.318
2022-07-18 20:00:00-03:00,0.809,18.542
2022-07-18 21:00:00-03:00,0.808,18.552
2022-07-18 22:00:00-03:00,0.851,17.782
2022-07-18 23:00:00-03:00,0.903,16.572
2022-07-19 00:00:00-03:00,0.9380000000000001,15.005
2022-07-19 01:00:00-03:00,0.922,13.062
2022-07-19 02:00:00-03:00,0.8180000000000001,11.039
2022-07-19 03:00:00-03:00,0.8210000000000001,11.073
2022-07-19 04:00:00-03:00,0.8250000000000001,11.117
2022-07-19 05:00:00-03:00,0.857,11.592
2022-07-19 06:00:00-03:00,0.858,11.616
2022-07-19 07:00:00-03:00,0.8300000000000001,11.191
2022-07-19 08:00:00-03:00,0.8300000000000001,11.2
2022-07-19 09:00:00-03:00,0.918,12.903
2022-07-19 10:00:00-03:00,0.9380000000000001,13.892
2022-07-19 11:00:00-03:00,0.9410000000000001,14.318
2022-07-19 12:00:00-03:00,0.937,15.148
2022-07-19 13:00:00-03:00,0.93,15.546
2022-07-19 14:00:00-03:00,0.915,16.208
2022-07-19 15:00:00-03:00,0.729,19.746
2022-07-19 16:00:00-03:00,0.396,23.576
2022-07-19 17:00:00-03:00,0.184,26.047
2022-07-19 18:00:00-03:00,0.094,27.551
2022-07-19 19:00:00-03:00,0.14300000000000002,26.662
2022-07-19 20:00:00-03:00,0.183,26.08
2022-07-19 21:00:00-03:00,0.186,26.028
2022-07-19 22:00:00-03:00,0.188,26.007
2022-07-19 23:00:00-03:00,0.186,26.036
2022-07-20 00:00:00-03:00,0.15,26.56
2022-07-20 01:00:00-03:00,0.096,27.512
2022-07-20 02:00:00-03:00,0.062,28.332
2022-07-20 03:00:00-03:00,0.045,28.864
2022-07-20 04:00:00-03:00,0.054,28.576
2022-07-20 05:00:00-03:00,0.092,27.617
2022-07-20 06:00:00-03:00,0.147,26.612
2022-07-20 07:00:00-03:00,0.259,25.094
2022-07-20 08:00:00-03:00,0.393,23.604
2022-07-20 09:00:00-03:00,0.511,22.34
2022-07-20 10:00:00-03:00,0.641,20.87
2022-07-20 11:00:00-03:00,0.749,19.458
2022-07-20 12:00:00-03:00,0.8140000000000001,18.459
2022-07-20 13:00:00-03:00,0.869,17.413
2022-07-20 14:00:00-03:00,0.911,16.327
2022-07-20 15:00:00-03:00,0.937,15.15
2022-07-20 16:00:00-03:00,0.936,13.724
2022-07-20 17:00:00-03:00,0.913,12.757
2022-07-20 18:00:00-03:00,0.887,12.14
2022-07-20 19:00:00-03:00,0.85,11.478
2022-07-20 20:00:00-03:00,0.801,10.823
2022-07-20 21:00:00-03:00,0.765,10.417
2022-07-20 22:00:00-03:00,0.745,10.225
2022-07-20 23:00:00-03:00,0.725,10.037
2022-07-21 00:00:00-03:00,0.734,10.117
2022-07-21 01:00:00-03:00,0.775,10.537
2022-07-21 02:00:00-03:00,0.794,10.736
2022-07-21 03:00:00-03:00,0.8150000000000001,10.997
2022-07-21 04:00:00-03:00,0.852,11.518
2022-07-21 05:00:00-03:00,0.882,12.031
2022-07-21 06:00:00-03:00,0.905,12.547
2022-07-21 07:00:00-03:00,0.915,12.817
2022-07-21 08:00:00-03:00,0.919,12.963
2022-07-21 09:00:00-03:00,0.919,12.956
2022-07-21 10:00:00-03:00,0.918,12.924
2022-07-21 11:00:00-03:00,0.925,13.163
2022-07-21 12:00:00-03:00,0.931,13.456
2022-07-21 13:00:00-03:00,0.9400000000000001,14.197
2022-07-21 14:00:00-03:00,0.9390000000000001,14.046
2022-07-21 15:00:00-03:00,0.927,13.276
2022-07-21 16:00:00-03:00,0.909,12.655
2022-07-21 17:00:00-03:00,0.914,12.794
2022-07-21 18:00:00-03:00,0.902,12.479
2022-07-21 19:00:00-03:00,0.882,12.041
2022-07-21 20:00:00-03:00,0.869,11.779
2022-07-21 21:00:00-03:00,0.84,11.337
2022-07-21 22:00:00-03:00,0.846,11.427
2022-07-21 23:00:00-03:00,0.847,11.444
2022-07-22 00:00:00-03:00,0.8160000000000001,11.007
2022-07-22 01:00:00-03:00,0.81,10.941
2022-07-22 02:00:00-03:00,0.8250000000000001,11.136
2022-07-22 03:00:00-03:00,0.843,11.387
2022-07-22 04:00:00-03:00,0.853,11.528
2022-07-22 05:00:00-03:00,0.858,11.619
2022-07-22 06:00:00-03:00,0.862,11.679
2022-07-22 07:00:00-03:00,0.868,11.772
2022-07-22 08:00:00-03:00,0.877,11.939
2022-07-22 09:00:00-03:00,0.913,12.765
2022-07-22 10:00:00-03:00,0.91,12.696
2022-07-22 11:00:00-03:00,0.885,12.094
2022-07-22 12:00:00-03:00,0.881,12.02
2022-07-22 13:00:00-03:00,0.912,12.732
2022-07-22 14:00:00-03:00,0.912,12.731
2022-07-22 15:00:00-03:00,0.891,12.232
2022-07-22 16:00:00-03:00,0.863,11.701
2022-07-22 17:00:00-03:00,0.837,11.298
2022-07-22 18:00:00-03:00,0.8250000000000001,11.121
2022-07-22 19:00:00-03:00,0.784,10.637
2022-07-22 20:00:00-03:00,0.716,9.948
2022-07-22 21:00:00-03:00,0.614,9.096
2022-07-22 22:00:00-03:00,0.531,8.482
2022-07-22 23:00:00-03:00,0.458,7.96
2022-07-23 00:00:00-03:00,0.399,7.537
2022-07-23 01:00:00-03:00,0.363,7.268
2022-07-23 02:00:00-03:00,0.341,7.107
2022-07-23 03:00:00-03:00,0.318,6.927
2022-07-23 04:00:00-03:00,0.301,6.799
2022-07-23 05:00:00-03:00,0.28600000000000003,6.67
2022-07-23 06:00:00-03:00,0.258,6.436
2022-07-23 07:00:00-03:00,0.214,6.045
2022-07-23 08:00:00-03:00,0.182,5.737
2022-07-23 09:00:00-03:00,0.16,5.494
2022-07-23 10:00:00-03:00,0.11800000000000001,4.979
2022-07-23 11:00:00-03:00,0.078,4.373
2022-07-23 12:00:00-03:00,0.075,4.335
2022-07-23 13:00:00-03:00,0.105,4.796
2022-07-23 14:00:00-03:00,0.17500000000000002,5.655
2022-07-23 15:00:00-03:00,0.28,6.623
2022-07-23 16:00:00-03:00,0.298,6.7620000000000005
2022-07-23 17:00:00-03:00,0.34500000000000003,7.135
2022-07-23 18:00:00-03:00,0.454,7.933
2022-07-23 19:00:00-03:00,0.492,8.206
2022-07-23 20:00:00-03:00,0.484,8.141
2022-07-23 21:00:00-03:00,0.546,8.595
2022-07-23 22:00:00-03:00,0.616,9.115
2022-07-23 23:00:00-03:00,0.667,9.52
2022-07-24 00:00:00-03:00,0.671,9.556000000000001
2022-07-24 01:00:00-03:00,0.653,9.402
2022-07-24 02:00:00-03:00,0.615,9.111
2022-07-24 03:00:00-03:00,0.584,8.871
2022-07-24 04:00:00-03:00,0.55,8.622
2022-07-24 05:00:00-03:00,0.455,7.94
2022-07-24 06:00:00-03:00,0.375,7.359
2022-07-24 07:00:00-03:00,0.301,6.797
2022-07-24 08:00:00-03:00,0.248,6.359
2022-07-24 09:00:00-03:00,0.244,6.32
2022-07-24 10:00:00-03:00,0.26,6.453
2022-07-24 11:00:00-03:00,0.261,6.466
2022-07-24 12:00:00-03:00,0.278,6.608
2022-07-24 13:00:00-03:00,0.34800000000000003,7.151
2022-07-24 14:00:00-03:00,0.41400000000000003,7.6370000000000005
2022-07-24 15:00:00-03:00,0.448,7.886
2022-07-24 16:00:00-03:00,0.392,7.484
2022-07-24 17:00:00-03:00,0.436,7.805
2022-07-24 18:00:00-03:00,0.615,9.107
2022-07-24 19:00:00-03:00,0.725,10.036
2022-07-24 20:00:00-03:00,0.773,10.509
2022-07-24 21:00:00-03:00,0.791,10.711
2022-07-24 22:00:00-03:00,0.8300000000000001,11.191
2022-07-24 23:00:00-03:00,0.868,11.777
2022-07-25 00:00:00-03:00,0.88,11.998
2022-07-25 01:00:00-03:00,0.885,12.098
2022-07-25 02:00:00-03:00,0.882,12.04
2022-07-25 03:00:00-03:00,0.856,11.578
2022-07-25 04:00:00-03:00,0.779,10.572
2022-07-25 05:00:00-03:00,0.767,10.452
2022-07-25 06:00:00-03:00,0.804,10.86
2022-07-25 07:00:00-03:00,0.845,11.399000000000001
2022-07-25 08:00:00-03:00,0.868,11.76
2022-07-25 09:00:00-03:00,0.871,11.833
2022-07-25 10:00:00-03:00,0.858,11.603
2022-07-25 11:00:00-03:00,0.8,10.814
2022-07-25 12:00:00-03:00,0.675,9.587
2022-07-25 13:00:00-03:00,0.654,9.414
2022-07-25 14:00:00-03:00,0.723,10.015
2022-07-25 15:00:00-03:00,0.765,10.417
2022-07-25 16:00:00-03:00,0.706,9.859
2022-07-25 17:00:00-03:00,0.642,9.317
2022-07-25 18:00:00-03:00,0.635,9.256
2022-07-25 19:00:00-03:00,0.629,9.213
2022-07-25 20:00:00-03:00,0.586,8.884
2022-07-25 21:00:00-03:00,0.555,8.658
2022-07-25 22:00:00-03:00,0.529,8.469
2022-07-25 23:00:00-03:00,0.521,8.403
2022-07-26 00:00:00-03:00,0.498,8.239
2022-07-26 01:00:00-03:00,0.489,8.17
2022-07-26 02:00:00-03:00,0.504,8.28
2022-07-26 03:00:00-03:00,0.504,8.29
2022-07-26 04:00:00-03:00,0.526,8.44
2022-07-26 05:00:00-03:00,0.549,8.616
2022-07-26 06:00:00-03:00,0.534,8.502
2022-07-26 07:00:00-03:00,0.499,8.245
2022-07-26 08:00:00-03:00,0.482,8.134
2022-07-26 09:00:00-03:00,0.449,7.893
2022-07-26 10:00:00-03:00,0.265,6.494
2022-07-26 11:00:00-03:00,0.117,4.966
2022-07-26 12:00:00-03:00,0.06,4.045
2022-07-26 13:00:00-03:00,0.054,3.917
2022-07-26 14:00:00-03:00,0.047,3.778
2022-07-26 15:00:00-03:00,0.053,3.888
2022-07-26 16:00:00-03:00,0.073,4.284
2022-07-26 17:00:00-03:00,0.111,4.8870000000000005
2022-07-26 18:00:00-03:00,0.128,5.118
2022-07-26 19:00:00-03:00,0.181,5.725
2022-07-26 20:00:00-03:00,0.338,7.078
2022-07-26 21:00:00-03:00,0.467,8.023
2022-07-26 22:00:00-03:00,0.489,8.173
2022-07-26 23:00:00-03:00,0.586,8.886
2022-07-27 00:00:00-03:00,0.638,9.289
2022-07-27 01:00:00-03:00,0.58,8.832
2022-07-27 02:00:00-03:00,0.577,8.816
2022-07-27 03:00:00-03:00,0.546,8.579
2022-07-27 04:00:00-03:00,0.524,8.424
2022-07-27 05:00:00-03:00,0.617,9.121
2022-07-27 06:00:00-03:00,0.704,9.84
2022-07-27 07:00:00-03:00,0.728,10.062
2022-07-27 08:00:00-03:00,0.751,10.28
2022-07-27 09:00:00-03:00,0.796,10.763
2022-07-27 10:00:00-03:00,0.805,10.865
2022-07-27 11:00:00-03:00,0.8310000000000001,11.217
2022-07-27 12:00:00-03:00,0.871,11.836
2022-07-27 13:00:00-03:00,0.93,13.416
2022-07-27 14:00:00-03:00,0.934,13.59
2022-07-27 15:00:00-03:00,0.9410000000000001,14.393
2022-07-27 16:00:00-03:00,0.932,15.447
2022-07-27 17:00:00-03:00,0.931,15.517
2022-07-27 18:00:00-03:00,0.91,16.359
2022-07-27 19:00:00-03:00,0.872,17.345
2022-07-27 20:00:00-03:00,0.855,17.696
2022-07-27 21:00:00-03:00,0.857,17.649
2022-07-27 22:00:00-03:00,0.875,17.285
2022-07-27 23:00:00-03:00,0.898,16.712
2022-07-28 00:00:00-03:00,0.924,15.837
2022-07-28 01:00:00-03:00,0.9410000000000001,14.581
2022-07-28 02:00:00-03:00,0.935,13.691
2022-07-28 03:00:00-03:00,0.93,13.373
2022-07-28 04:00:00-03:00,0.919,12.973
2022-07-28 05:00:00-03:00,0.909,12.662
2022-07-28 06:00:00-03:00,0.9,12.431
2022-07-28 07:00:00-03:00,0.908,12.631
2022-07-28 08:00:00-03:00,0.9400000000000001,14.253
2022-07-28 09:00:00-03:00,0.919,16.048
2022-07-28 10:00:00-03:00,0.789,18.855
2022-07-28 11:00:00-03:00,0.678,20.402
2022-07-28 12:00:00-03:00,0.658,20.664
2022-07-28 13:00:00-03:00,0.607,21.269
2022-07-28 14:00:00-03:00,0.595,21.417
2022-07-28 15:00:00-03:00,0.62,21.127
2022-07-28 16:00:00-03:00,0.685,20.314
2022-07-28 17:00:00-03:00,0.759,19.317
2022-07-28 18:00:00-03:00,0.8250000000000001,18.266
2022-07-28 19:00:00-03:00,0.881,17.133
2022-07-28 20:00:00-03:00,0.913,16.266
2022-07-28 21:00:00-03:00,0.93,15.549
2022-07-28 22:00:00-03:00,0.9380000000000001,15.007
2022-07-28 23:00:00-03:00,0.9410000000000001,14.549
2022-07-29 00:00:00-03:00,0.9400000000000001,14.711
2022-07-29 01:00:00-03:00,0.934,15.335
2022-07-29 02:00:00-03:00,0.919,16.032
2022-07-29 03:00:00-03:00,0.921,15.979
2022-07-29 04:00:00-03:00,0.924,15.856
2022-07-29 05:00:00-03:00,0.927,15.728
2022-07-29 06:00:00-03:00,0.922,15.932
2022-07-29 07:00:00-03:00,0.899,16.682
2022-07-29 08:00:00-03:00,0.848,17.848
2022-07-29 09:00:00-03:00,0.836,18.073
2022-07-29 10:00:00-03:00,0.859,17.612
2022-07-29 11:00:00-03:00,0.836,18.064
2022-07-29 12:00:00-03:00,0.738,19.612
2022-07-29 13:00:00-03:00,0.604,21.303
2022-07-29 14:00:00-03:00,0.539,22.04
2022-07-29 15:00:00-03:00,0.543,21.995
2022-07-29 16:00:00-03:00,0.543,21.993
2022-07-29 17:00:00-03:00,0.53,22.144
2022-07-29 18:00:00-03:00,0.543,21.996
2022-07-29 19:00:00-03:00,0.554,21.872
2022-07-29 20:00:00-03:00,0.585,21.532
2022-07-29 21:00:00-03:00,0.626,21.048
2022-07-29 22:00:00-03:00,0.66,20.642
2022-07-29 23:00:00-03:00,0.684,20.328
2022-07-30 00:00:00-03:00,0.709,20.009
2022-07-30 01:00:00-03:00,0.73,19.731
2022-07-30 02:00:00-03:00,0.748,19.475
2022-07-30 03:00:00-03:00,0.769,19.175
2022-07-30 04:00:00-03:00,0.779,19.024
2022-07-30 05:00:00-03:00,0.774,19.096
2022-07-30 06:00:00-03:00,0.775,19.077
2022-07-30 07:00:00-03:00,0.806,18.581
2022-07-30 08:00:00-03:00,0.8300000000000001,18.176
2022-07-30 09:00:00-03:00,0.849,17.827
2022-07-30 10:00:00-03:00,0.872,17.337
2022-07-30 11:00:00-03:00,0.859,17.623
2022-07-30 12:00:00-03:00,0.807,18.562
2022-07-30 13:00:00-03:00,0.756,19.363
2022-07-30 14:00:00-03:00,0.727,19.767
2022-07-30 15:00:00-03:00,0.723,19.829
2022-07-30 16:00:00-03:00,0.751,19.429
2022-07-30 17:00:00-03:00,0.776,19.07
2022-07-30 18:00:00-03:00,0.776,19.068
2022-07-30 19:00:00-03:00,0.749,19.462
2022-07-30 20:00:00-03:00,0.746,19.51
2022-07-30 21:00:00-03:00,0.747,19.488
2022-07-30 22:00:00-03:00,0.75,19.455
2022-07-30 23:00:00-03:00,0.764,19.241
2022-07-31 00:00:00-03:00,0.776,19.064
2022-07-31 01:00:00-03:00,0.798,18.719
2022-07-31 02:00:00-03:00,0.8260000000000001,18.249
2022-07-31 03:00:00-03:00,0.856,17.687
2022-07-31 04:00:00-03:00,0.886,17.024
2022-07-31 05:00:00-03:00,0.91,16.36
2022-07-31 06:00:00-03:00,0.933,15.413
2022-07-31 07:00:00-03:00,0.9410000000000001,14.319
2022-07-31 08:00:00-03:00,0.929,13.324
2022-07-31 09:00:00-03:00,0.903,12.502
2022-07-31 10:00:00-03:00,0.857,11.596
2022-07-31 11:00:00-03:00,0.78,10.579
2022-07-31 12:00:00-03:00,0.714,9.929
2022-07-31 13:00:00-03:00,0.678,9.617
2022-07-31 14:00:00-03:00,0.648,9.368
2022-07-31 15:00:00-03:00,0.683,9.658
2022-07-31 16:00:00-03:00,0.761,10.37
2022-07-31 17:00:00-03:00,0.764,10.412
2022-07-31 18:00:00-03:00,0.771,10.486
2022-07-31 19:00:00-03:00,0.769,10.467
2022-07-31 20:00:00-03:00,0.6960000000000001,9.766
2022-07-31 21:00:00-03:00,0.637,9.276
2022-07-31 22:00:00-03:00,0.637,9.282
2022-07-31 23:00:00-03:00,0.636,9.261
2022-08-01 00:00:00-03:00,0.642,9.323
2022-08-01 01:00:00-03:00,0.667,9.519
2022-08-01 02:00:00-03:00,0.734,10.121
2022-08-01 03:00:00-03:00,0.745,10.22
2022-08-01 04:00:00-03:00,0.746,10.233
2022-08-01 05:00:00-03:00,0.708,9.881
2022-08-01 06:00:00-03:00,0.745,10.211
2022-08-01 07:00:00-03:00,0.784,10.626
2022-08-01 08:00:00-03:00,0.795,10.751
2022-08-01 09:00:00-03:00,0.8170000000000001,11.024
2022-08-01 10:00:00-03:00,0.769,10.471
2022-08-01 11:00:00-03:00,0.718,9.962
2022-08-01 12:00:00-03:00,0.8270000000000001,11.15
2022-08-01 13:00:00-03:00,0.88,11.991
2022-08-01 14:00:00-03:00,0.898,12.371
2022-08-01 15:00:00-03:00,0.904,12.521
2022-08-01 16:00:00-03:00,0.895,12.303
2022-08-01 17:00:00-03:00,0.88,11.997
2022-08-01 18:00:00-03:00,0.864,11.72
2022-08-01 19:00:00-03:00,0.8190000000000001,11.048
2022-08-01 20:00:00-03:00,0.787,10.661
2022-08-01 21:00:00-03:00,0.78,10.591
2022-08-01 22:00:00-03:00,0.767,10.446
2022-08-01 23:00:00-03:00,0.723,10.016
2022-08-02 00:00:00-03:00,0.667,9.514
2022-08-02 01:00:00-03:00,0.646,9.35
2022-08-02 02:00:00-03:00,0.625,9.183
2022-08-02 03:00:00-03:00,0.606,9.028
2022-08-02 04:00:00-03:00,0.584,8.871
2022-08-02 05:00:00-03:00,0.5670000000000001,8.739
2022-08-02 06:00:00-03:00,0.558,8.672
2022-08-02 07:00:00-03:00,0.5730000000000001,8.778
2022-08-02 08:00:00-03:00,0.581,8.848
2022-08-02 09:00:00-03:00,0.58,8.829
2022-08-02 10:00:00-03:00,0.542,8.556000000000001
2022-08-02 11:00:00-03:00,0.464,7.994
2022-08-02 12:00:00-03:00,0.353,7.196
2022-08-02 13:00:00-03:00,0.261,6.467
2022-08-02 14:00:00-03:00,0.20800000000000002,5.977
2022-08-02 15:00:00-03:00,0.18,5.702
2022-08-02 16:00:00-03:00,0.211,6.018
2022-08-02 17:00:00-03:00,0.218,6.083
2022-08-02 18:00:00-03:00,0.19,5.804
2022-08-02 19:00:00-03:00,0.131,5.147
2022-08-02 20:00:00-03:00,0.056,3.961
2022-08-02 21:00:00-03:00,0.018000000000000002,2.894
2022-08-02 22:00:00-03:00,0.008,2.407
2022-08-02 23:00:00-03:00,0.014,2.747
2022-08-03 00:00:00-03:00,0.032,3.3689999999999998
2022-08-03 01:00:00-03:00,0.051000000000000004,3.854
2022-08-03 02:00:00-03:00,0.082,4.442
2022-08-03 03:00:00-03:00,0.133,5.172
2022-08-03 04:00:00-03:00,0.191,5.824
2022-08-03 05:00:00-03:00,0.242,6.303
2022-08-03 06:00:00-03:00,0.267,6.52
2022-08-03 07:00:00-03:00,0.242,6.304
2022-08-03 08:00:00-03:00,0.20700000000000002,5.968
2022-08-03 09:00:00-03:00,0.177,5.678
2022-08-03 10:00:00-03:00,0.154,5.433
2022-08-03 11:00:00-03:00,0.152,5.408
2022-08-03 12:00:00-03:00,0.154,5.432
2022-08-03 13:00:00-03:00,0.218,6.076
2022-08-03 14:00:00-03:00,0.227,6.164
2022-08-03 15:00:00-03:00,0.216,6.062
2022-08-03 16:00:00-03:00,0.203,5.94
2022-08-03 17:00:00-03:00,0.211,6.02
2022-08-03 18:00:00-03:00,0.264,6.487
2022-08-03 19:00:00-03:00,0.273,6.571
2022-08-03 20:00:00-03:00,0.243,6.311
2022-08-03 21:00:00-03:00,0.209,5.996
2022-08-03 22:00:00-03:00,0.178,5.686
2022-08-03 23:00:00-03:00,0.147,5.352
2022-08-04 00:00:00-03:00,0.115,4.948
2022-08-04 01:00:00-03:00,0.088,4.553
2022-08-04 02:00:00-03:00,0.068,4.203
2022-08-04 03:00:00-03:00,0.054,3.916
2022-08-04 04:00:00-03:00,0.041,3.626
2022-08-04 05:00:00-03:00,0.034,3.446
2022-08-04 06:00:00-03:00,0.034,3.445
2022-08-04 07:00:00-03:00,0.035,3.456
2022-08-04 08:00:00-03:00,0.037,3.523
2022-08-04 09:00:00-03:00,0.04,3.605
2022-08-04 10:00:00-03:00,0.036000000000000004,3.49
2022-08-04 11:00:00-03:00,0.043000000000000003,3.672
2022-08-04 12:00:00-03:00,0.058,4.005
2022-08-04 13:00:00-03:00,0.09,4.58
2022-08-04 14:00:00-03:00,0.11800000000000001,4.984
2022-08-04 15:00:00-03:00,0.136,5.207
2022-08-04 16:00:00-03:00,0.133,5.172
2022-08-04 17:00:00-03:00,0.171,5.617
2022-08-04 18:00:00-03:00,0.265,6.503
2022-08-04 19:00:00-03:00,0.364,7.274
2022-08-04 20:00:00-03:00,0.451,7.9
2022-08-04 21:00:00-03:00,0.526,8.438
2022-08-04 22:00:00-03:00,0.529,8.469
2022-08-04 23:00:00-03:00,0.542,8.558
2022-08-05 00:00:00-03:00,0.557,8.666
2022-08-05 01:00:00-03:00,0.521,8.401
2022-08-05 02:00:00-03:00,0.561,8.697
2022-08-05 03:00:00-03:00,0.529,8.465
2022-08-05 04:00:00-03:00,0.521,8.403
2022-08-05 05:00:00-03:00,0.468,8.025
2022-08-05 06:00:00-03:00,0.431,7.766
2022-08-05 07:00:00-03:00,0.41500000000000004,7.643
2022-08-05 08:00:00-03:00,0.399,7.54
2022-08-05 09:00:00-03:00,0.365,7.287
2022-08-05 10:00:00-03:00,0.252,6.388
2022-08-05 11:00:00-03:00,0.156,5.446
2022-08-05 12:00:00-03:00,0.127,5.1
2022-08-05 13:00:00-03:00,0.094,4.629
2022-08-05 14:00:00-03:00,0.066,4.156
2022-08-05 15:00:00-03:00,0.048,3.781
2022-08-05 16:00:00-03:00,0.037,3.52
2022-08-05 17:00:00-03:00,0.039,3.58
2022-08-05 18:00:00-03:00,0.045,3.715
2022-08-05 19:00:00-03:00,0.054,3.93
2022-08-05 20:00:00-03:00,0.057,3.972
2022-08-05 21:00:00-03:00,0.05,3.842
2022-08-05 22:00:00-03:00,0.045,3.708
2022-08-05 23:00:00-03:00,0.043000000000000003,3.676
2022-08-06 00:00:00-03:00,0.042,3.6390000000000002
2022-08-06 01:00:00-03:00,0.036000000000000004,3.482
2022-08-06 02:00:00-03:00,0.026000000000000002,3.199
2022-08-06 03:00:00-03:00,0.015,2.782
2022-08-06 04:00:00-03:00,0.008,2.416
2022-08-06 05:00:00-03:00,0.006,2.236
2022-08-06 06:00:00-03:00,0.008,2.396
2022-08-06 07:00:00-03:00,0.017,2.882
2022-08-06 08:00:00-03:00,0.035,3.47
2022-08-06 09:00:00-03:00,0.051000000000000004,3.8609999999999998
2022-08-06 10:00:00-03:00,0.041,3.626
2022-08-06 11:00:00-03:00,0.052000000000000005,3.874
2022-08-06 12:00:00-03:00,0.066,4.155
2022-08-06 13:00:00-03:00,0.085,4.503
2022-08-06 14:00:00-03:00,0.10400000000000001,4.777
2022-08-06 15:00:00-03:00,0.126,5.094
2022-08-06 16:00:00-03:00,0.157,5.453
2022-08-06 17:00:00-03:00,0.22,6.098
2022-08-06 18:00:00-03:00,0.34400000000000003,7.12
2022-08-06 19:00:00-03:00,0.40800000000000003,7.596
2022-08-06 20:00:00-03:00,0.41200000000000003,7.628
2022-08-06 21:00:00-03:00,0.366,7.297
2022-08-06 22:00:00-03:00,0.28300000000000003,6.655
2022-08-06 23:00:00-03:00,0.221,6.117
2022-08-07 00:00:00-03:00,0.184,5.757
2022-08-07 01:00:00-03:00,0.181,5.721
2022-08-07 02:00:00-03:00,0.184,5.754
2022-08-07 03:00:00-03:00,0.179,5.696
2022-08-07 04:00:00-03:00,0.184,5.755
2022-08-07 05:00:00-03:00,0.192,5.829
2022-08-07 06:00:00-03:00,0.20600000000000002,5.962
2022-08-07 07:00:00-03:00,0.228,6.181
2022-08-07 08:00:00-03:00,0.26,6.453
2022-08-07 09:00:00-03:00,0.265,6.492
2022-08-07 10:00:00-03:00,0.301,6.798
2022-08-07 11:00:00-03:00,0.41500000000000004,7.642
2022-08-07 12:00:00-03:00,0.47200000000000003,8.059
2022-08-07 13:00:00-03:00,0.538,8.527
2022-08-07 14:00:00-03:00,0.562,8.704
2022-08-07 15:00:00-03:00,0.544,8.568
2022-08-07 16:00:00-03:00,0.446,7.869
2022-08-07 17:00:00-03:00,0.41200000000000003,7.632
2022-08-07 18:00:00-03:00,0.592,8.922
2022-08-07 19:00:00-03:00,0.672,9.565
2022-08-07 20:00:00-03:00,0.654,9.414
2022-08-07 21:00:00-03:00,0.599,8.981
2022-08-07 22:00:00-03:00,0.523,8.417
2022-08-07 23:00:00-03:00,0.391,7.476
2022-08-08 00:00:00-03:00,0.291,6.707
2022-08-08 01:00:00-03:00,0.201,5.926
2022-08-08 02:00:00-03:00,0.136,5.217
2022-08-08 03:00:00-03:00,0.10400000000000001,4.786
2022-08-08 04:00:00-03:00,0.084,4.481
2022-08-08 05:00:00-03:00,0.075,4.322
2022-08-08 06:00:00-03:00,0.069,4.221
2022-08-08 07:00:00-03:00,0.074,4.31
2022-08-08 08:00:00-03:00,0.095,4.652
2022-08-08 09:00:00-03:00,0.115,4.95
2022-08-08 10:00:00-03:00,0.094,4.639
2022-08-08 11:00:00-03:00,0.082,4.446
2022-08-08 12:00:00-03:00,0.094,4.63
2022-08-08 13:00:00-03:00,0.147,5.347
2022-08-08 14:00:00-03:00,0.223,6.136
2022-08-08 15:00:00-03:00,0.268,6.53
2022-08-08 16:00:00-03:00,0.318,6.9190000000000005
2022-08-08 17:00:00-03:00,0.489,8.172
2022-08-08 18:00:00-03:00,0.627,9.199
2022-08-08 19:00:00-03:00,0.653,9.41
2022-08-08 20:00:00-03:00,0.622,9.162
2022-08-08 21:00:00-03:00,0.579,8.826
2022-08-08 22:00:00-03:00,0.555,8.66
2022-08-08 23:00:00-03:00,0.533,8.499
2022-08-09 00:00:00-03:00,0.513,8.347
2022-08-09 01:00:00-03:00,0.49,8.189
2022-08-09 02:00:00-03:00,0.466,8.012
2022-08-09 03:00:00-03:00,0.447,7.87
2022-08-09 04:00:00-03:00,0.446,7.869
2022-08-09 05:00:00-03:00,0.46900000000000003,8.034
2022-08-09 06:00:00-03:00,0.504,8.291
2022-08-09 07:00:00-03:00,0.47200000000000003,8.05
2022-08-09 08:00:00-03:00,0.394,7.49
2022-08-09 09:00:00-03:00,0.307,6.842
2022-08-09 10:00:00-03:00,0.181,5.721
2022-08-09 11:00:00-03:00,0.077,4.36
2022-08-09 12:00:00-03:00,0.07,4.246
2022-08-09 13:00:00-03:00,0.126,5.083
2022-08-09 14:00:00-03:00,0.22,6.097
2022-08-09 15:00:00-03:00,0.298,6.773
2022-08-09 16:00:00-03:00,0.417,7.654
2022-08-09 17:00:00-03:00,0.611,9.078
2022-08-09 18:00:00-03:00,0.712,9.908
2022-08-09 19:00:00-03:00,0.76,10.378
2022-08-09 20:00:00-03:00,0.745,10.221
2022-08-09 21:00:00-03:00,0.712,9.911
2022-08-09 22:00:00-03:00,0.675,9.586
2022-08-09 23:00:00-03:00,0.623,9.164
2022-08-10 00:00:00-03:00,0.556,8.662
2022-08-10 01:00:00-03:00,0.482,8.13
2022-08-10 02:00:00-03:00,0.397,7.513
2022-08-10 03:00:00-03:00,0.295,6.737
2022-08-10 04:00:00-03:00,0.226,6.161
2022-08-10 05:00:00-03:00,0.216,6.067
2022-08-10 06:00:00-03:00,0.254,6.41
2022-08-10 07:00:00-03:00,0.339,7.086
2022-08-10 08:00:00-03:00,0.446,7.866
2022-08-10 09:00:00-03:00,0.556,8.664
2022-08-10 10:00:00-03:00,0.494,8.215
2022-08-10 11:00:00-03:00,0.315,6.905
2022-08-10 12:00:00-03:00,0.274,6.572
2022-08-10 13:00:00-03:00,0.327,6.996
2022-08-10 14:00:00-03:00,0.367,7.302
2022-08-10 15:00:00-03:00,0.36,7.24
2022-08-10 16:00:00-03:00,0.354,7.205
2022-08-10 17:00:00-03:00,0.429,7.75
2022-08-10 18:00:00-03:00,0.426,7.732
2022-08-10 19:00:00-03:00,0.381,7.394
2022-08-10 20:00:00-03:00,0.34900000000000003,7.166
2022-08-10 21:00:00-03:00,0.308,6.845
2022-08-10 22:00:00-03:00,0.265,6.498
2022-08-10 23:00:00-03:00,0.253,6.402
2022-08-11 00:00:00-03:00,0.23800000000000002,6.271
2022-08-11 01:00:00-03:00,0.199,5.905
2022-08-11 02:00:00-03:00,0.164,5.531
2022-08-11 03:00:00-03:00,0.145,5.316
2022-08-11 04:00:00-03:00,0.14100000000000001,5.274
2022-08-11 05:00:00-03:00,0.146,5.329
2022-08-11 06:00:00-03:00,0.151,5.397
2022-08-11 07:00:00-03:00,0.148,5.36
2022-08-11 08:00:00-03:00,0.123,5.043
2022-08-11 09:00:00-03:00,0.08,4.416
2022-08-11 10:00:00-03:00,0.039,3.5700000000000003
2022-08-11 11:00:00-03:00,0.036000000000000004,3.4859999999999998
2022-08-11 12:00:00-03:00,0.056,3.949
2022-08-11 13:00:00-03:00,0.096,4.677
2022-08-11 14:00:00-03:00,0.14200000000000002,5.281
2022-08-11 15:00:00-03:00,0.177,5.683
2022-08-11 16:00:00-03:00,0.20800000000000002,5.983
2022-08-11 17:00:00-03:00,0.248,6.358
2022-08-11 18:00:00-03:00,0.247,6.345
2022-08-11 19:00:00-03:00,0.185,5.761
2022-08-11 20:00:00-03:00,0.128,5.115
2022-08-11 21:00:00-03:00,0.113,4.912
2022-08-11 22:00:00-03:00,0.159,5.482
2022-08-11 23:00:00-03:00,0.274,6.575
2022-08-12 00:00:00-03:00,0.391,7.479
2022-08-12 01:00:00-03:00,0.438,7.818
2022-08-12 02:00:00-03:00,0.444,7.853
2022-08-12 03:00:00-03:00,0.45,7.895
2022-08-12 04:00:00-03:00,0.421,7.694
2022-08-12 05:00:00-03:00,0.35100000000000003,7.179
2022-08-12 06:00:00-03:00,0.255,6.415
2022-08-12 07:00:00-03:00,0.17500000000000002,5.654
2022-08-12 08:00:00-03:00,0.123,5.042
2022-08-12 09:00:00-03:00,0.053,3.885
2022-08-12 10:00:00-03:00,0.001,1.687
2022-08-12 11:00:00-03:00,0.001,1.451
2022-08-12 12:00:00-03:00,0.042,3.654
2022-08-12 13:00:00-03:00,0.189,5.793
2022-08-12 14:00:00-03:00,0.46900000000000003,8.029
2022-08-12 15:00:00-03:00,0.6930000000000001,9.735
2022-08-12 16:00:00-03:00,0.725,10.032
2022-08-12 17:00:00-03:00,0.778,10.561
2022-08-12 18:00:00-03:00,0.868,11.777
2022-08-12 19:00:00-03:00,0.906,12.574
2022-08-12 20:00:00-03:00,0.911,12.707
2022-08-12 21:00:00-03:00,0.9,12.414
2022-08-12 22:00:00-03:00,0.846,11.419
2022-08-12 23:00:00-03:00,0.806,10.886
2022-08-13 00:00:00-03:00,0.653,9.4
2022-08-13 01:00:00-03:00,0.498,8.239
2022-08-13 02:00:00-03:00,0.41000000000000003,7.614
2022-08-13 03:00:00-03:00,0.337,7.074
2022-08-13 04:00:00-03:00,0.265,6.505
2022-08-13 05:00:00-03:00,0.298,6.761
2022-08-13 06:00:00-03:00,0.434,7.779
2022-08-13 07:00:00-03:00,0.548,8.602
2022-08-13 08:00:00-03:00,0.653,9.411
2022-08-13 09:00:00-03:00,0.75,10.272
2022-08-13 10:00:00-03:00,0.765,10.418
2022-08-13 11:00:00-03:00,0.794,10.746
2022-08-13 12:00:00-03:00,0.889,12.167
2022-08-13 13:00:00-03:00,0.928,13.322
2022-08-13 14:00:00-03:00,0.933,13.564
2022-08-13 15:00:00-03:00,0.929,13.323
2022-08-13 16:00:00-03:00,0.894,12.295
2022-08-13 17:00:00-03:00,0.746,10.237
2022-08-13 18:00:00-03:00,0.516,8.375
2022-08-13 19:00:00-03:00,0.334,7.056
2022-08-13 20:00:00-03:00,0.41200000000000003,7.619
2022-08-13 21:00:00-03:00,0.598,8.975999999999999
2022-08-13 22:00:00-03:00,0.745,10.218
2022-08-13 23:00:00-03:00,0.807,10.894
2022-08-14 00:00:00-03:00,0.805,10.876
2022-08-14 01:00:00-03:00,0.765,10.431
2022-08-14 02:00:00-03:00,0.706,9.858
2022-08-14 03:00:00-03:00,0.643,9.326
2022-08-14 04:00:00-03:00,0.643,9.33
2022-08-14 05:00:00-03:00,0.539,8.537
2022-08-14 06:00:00-03:00,0.546,8.578
2022-08-14 07:00:00-03:00,0.533,8.493
2022-08-14 08:00:00-03:00,0.537,8.524000000000001
2022-08-14 09:00:00-03:00,0.519,8.393
2022-08-14 10:00:00-03:00,0.40900000000000003,7.603
2022-08-14 11:00:00-03:00,0.41600000000000004,7.651
2022-08-14 12:00:00-03:00,0.615,9.11
2022-08-14 13:00:00-03:00,0.767,10.45
2022-08-14 14:00:00-03:00,0.838,11.314
2022-08-14 15:00:00-03:00,0.869,11.78
2022-08-14 16:00:00-03:00,0.8160000000000001,11.003
2022-08-14 17:00:00-03:00,0.805,10.869
2022-08-14 18:00:00-03:00,0.875,11.893
2022-08-14 19:00:00-03:00,0.871,11.835
2022-08-14 20:00:00-03:00,0.868,11.775
2022-08-14 21:00:00-03:00,0.841,11.347
2022-08-14 22:00:00-03:00,0.801,10.823
2022-08-14 23:00:00-03:00,0.765,10.426
2022-08-15 00:00:00-03:00,0.72,9.989
2022-08-15 01:00:00-03:00,0.651,9.39
2022-08-15 02:00:00-03:00,0.577,8.819
2022-08-15 03:00:00-03:00,0.547,8.595
2022-08-15 04:00:00-03:00,0.531,8.481
2022-08-15 05:00:00-03:00,0.5650000000000001,8.728
2022-08-15 06:00:00-03:00,0.527,8.457
2022-08-15 07:00:00-03:00,0.47500000000000003,8.074
2022-08-15 08:00:00-03:00,0.458,7.958
2022-08-15 09:00:00-03:00,0.465,8.006
2022-08-15 10:00:00-03:00,0.453,7.917
2022-08-15 11:00:00-03:00,0.467,8.022
2022-08-15 12:00:00-03:00,0.493,8.21
2022-08-15 13:00:00-03:00,0.489,8.18
2022-08-15 14:00:00-03:00,0.458,7.959
2022-08-15 15:00:00-03:00,0.418,7.662
2022-08-15 16:00:00-03:00,0.5710000000000001,8.773
2022-08-15 17:00:00-03:00,0.834,11.238
2022-08-15 18:00:00-03:00,0.914,12.794
2022-08-15 19:00:00-03:00,0.911,12.725999999999999
2022-08-15 20:00:00-03:00,0.903,12.487
2022-08-15 21:00:00-03:00,0.887,12.132
2022-08-15 22:00:00-03:00,0.912,12.747
2022-08-15 23:00:00-03:00,0.936,13.772
2022-08-16 00:00:00-03:00,0.926,13.227
2022-08-16 01:00:00-03:00,0.911,12.725999999999999
2022-08-16 02:00:00-03:00,0.914,12.79
2022-08-16 03:00:00-03:00,0.902,12.466
2022-08-16 04:00:00-03:00,0.907,12.597
2022-08-16 05:00:00-03:00,0.901,12.45
2022-08-16 06:00:00-03:00,0.884,12.08
2022-08-16 07:00:00-03:00,0.866,11.735
2022-08-16 08:00:00-03:00,0.841,11.346
2022-08-16 09:00:00-03:00,0.6980000000000001,9.791
2022-08-16 10:00:00-03:00,0.61,9.068
2022-08-16 11:00:00-03:00,0.803,10.847
2022-08-16 12:00:00-03:00,0.847,11.447
2022-08-16 13:00:00-03:00,0.8260000000000001,11.14
2022-08-16 14:00:00-03:00,0.789,10.686
2022-08-16 15:00:00-03:00,0.749,10.261
2022-08-16 16:00:00-03:00,0.618,9.128
2022-08-16 17:00:00-03:00,0.504,8.289
2022-08-16 18:00:00-03:00,0.561,8.693
2022-08-16 19:00:00-03:00,0.551,8.625
2022-08-16 20:00:00-03:00,0.51,8.322
2022-08-16 21:00:00-03:00,0.47900000000000004,8.102
2022-08-16 22:00:00-03:00,0.422,7.7
2022-08-16 23:00:00-03:00,0.376,7.365
2022-08-17 00:00:00-03:00,0.354,7.206
2022-08-17 01:00:00-03:00,0.319,6.933
2022-08-17 02:00:00-03:00,0.278,6.608
2022-08-17 03:00:00-03:00,0.265,6.503
2022-08-17 04:00:00-03:00,0.233,6.216
2022-08-17 05:00:00-03:00,0.217,6.075
2022-08-17 06:00:00-03:00,0.233,6.211
2022-08-17 07:00:00-03:00,0.251,6.373
2022-08-17 08:00:00-03:00,0.257,6.431
2022-08-17 09:00:00-03:00,0.23700000000000002,6.256
2022-08-17 10:00:00-03:00,0.167,5.563
2022-08-17 11:00:00-03:00,0.169,5.59
2022-08-17 12:00:00-03:00,0.17400000000000002,5.65
2022-08-17 13:00:00-03:00,0.176,5.674
2022-08-17 14:00:00-03:00,0.194,5.856
2022-08-17 15:00:00-03:00,0.23700000000000002,6.255
2022-08-17 16:00:00-03:00,0.311,6.872
2022-08-17 17:00:00-03:00,0.327,7.002
2022-08-17 18:00:00-03:00,0.375,7.356
2022-08-17 19:00:00-03:00,0.445,7.864
2022-08-17 20:00:00-03:00,0.47900000000000004,8.099
2022-08-17 21:00:00-03:00,0.584,8.872
2022-08-17 22:00:00-03:00,0.664,9.501
2022-08-17 23:00:00-03:00,0.721,9.993
2022-08-18 00:00:00-03:00,0.734,10.119
2022-08-18 01:00:00-03:00,0.763,10.403
2022-08-18 02:00:00-03:00,0.78,10.591
2022-08-18 03:00:00-03:00,0.862,11.682
2022-08-18 04:00:00-03:00,0.891,12.218
2022-08-18 05:00:00-03:00,0.886,12.123
2022-08-18 06:00:00-03:00,0.89,12.186
2022-08-18 07:00:00-03:00,0.919,12.975
2022-08-18 08:00:00-03:00,0.924,13.147
2022-08-18 09:00:00-03:00,0.888,12.147
2022-08-18 10:00:00-03:00,0.81,10.942
2022-08-18 11:00:00-03:00,0.772,10.494
2022-08-18 12:00:00-03:00,0.743,10.202
2022-08-18 13:00:00-03:00,0.629,9.218
2022-08-18 14:00:00-03:00,0.593,8.943
2022-08-18 15:00:00-03:00,0.545,8.577
2022-08-18 16:00:00-03:00,0.489,8.171
2022-08-18 17:00:00-03:00,0.648,9.371
2022-08-18 18:00:00-03:00,0.755,10.322
2022-08-18 19:00:00-03:00,0.801,10.822
2022-08-18 20:00:00-03:00,0.837,11.29
2022-08-18 21:00:00-03:00,0.908,12.625
2022-08-18 22:00:00-03:00,0.9410000000000001,14.492
2022-08-18 23:00:00-03:00,0.774,19.091
2022-08-19 00:00:00-03:00,0.739,19.604
2022-08-19 01:00:00-03:00,0.799,18.705
2022-08-19 02:00:00-03:00,0.882,17.116
2022-08-19 03:00:00-03:00,0.926,15.776
2022-08-19 04:00:00-03:00,0.9400000000000001,14.801
2022-08-19 05:00:00-03:00,0.9400000000000001,14.216
2022-08-19 06:00:00-03:00,0.916,12.874
2022-08-19 07:00:00-03:00,0.887,12.134
2022-08-19 08:00:00-03:00,0.888,12.154
2022-08-19 09:00:00-03:00,0.888,12.165
2022-08-19 10:00:00-03:00,0.891,12.212
2022-08-19 11:00:00-03:00,0.931,13.468
2022-08-19 12:00:00-03:00,0.9400000000000001,14.752
2022-08-19 13:00:00-03:00,0.932,15.451
2022-08-19 14:00:00-03:00,0.932,15.482
2022-08-19 15:00:00-03:00,0.9400000000000001,14.775
2022-08-19 16:00:00-03:00,0.927,13.275
2022-08-19 17:00:00-03:00,0.863,11.686
2022-08-19 18:00:00-03:00,0.808,10.9
2022-08-19 19:00:00-03:00,0.738,10.16
2022-08-19 20:00:00-03:00,0.709,9.882
2022-08-19 21:00:00-03:00,0.6880000000000001,9.696
2022-08-19 22:00:00-03:00,0.658,9.447
2022-08-19 23:00:00-03:00,0.624,9.175
2022-08-20 00:00:00-03:00,0.582,8.857
2022-08-20 01:00:00-03:00,0.5730000000000001,8.779
2022-08-20 02:00:00-03:00,0.544,8.569
2022-08-20 03:00:00-03:00,0.524,8.424
2022-08-20 04:00:00-03:00,0.527,8.454
2022-08-20 05:00:00-03:00,0.504,8.287
2022-08-20 06:00:00-03:00,0.45,7.896
2022-08-20 07:00:00-03:00,0.371,7.327
2022-08-20 08:00:00-03:00,0.31,6.8629999999999995
2022-08-20 09:00:00-03:00,0.259,6.451
2022-08-20 10:00:00-03:00,0.182,5.735
2022-08-20 11:00:00-03:00,0.21,6.006
2022-08-20 12:00:00-03:00,0.19,5.8
2022-08-20 13:00:00-03:00,0.146,5.332
2022-08-20 14:00:00-03:00,0.171,5.621
2022-08-20 15:00:00-03:00,0.188,5.78
2022-08-20 16:00:00-03:00,0.146,5.331
2022-08-20 17:00:00-03:00,0.10200000000000001,4.759
2022-08-20 18:00:00-03:00,0.076,4.338
2022-08-20 19:00:00-03:00,0.101,4.748
2022-08-20 20:00:00-03:00,0.223,6.131
2022-08-20 21:00:00-03:00,0.422,7.7
2022-08-20 22:00:00-03:00,0.628,9.207
2022-08-20 23:00:00-03:00,0.74,10.178
2022-08-21 00:00:00-03:00,0.732,10.094
2022-08-21 01:00:00-03:00,0.669,9.538
2022-08-21 02:00:00-03:00,0.636,9.261
2022-08-21 03:00:00-03:00,0.607,9.042
2022-08-21 04:00:00-03:00,0.595,8.953
2022-08-21 05:00:00-03:00,0.638,9.291
2022-08-21 06:00:00-03:00,0.838,11.31
2022-08-21 07:00:00-03:00,0.855,11.559
2022-08-21 08:00:00-03:00,0.788,10.674
2022-08-21 09:00:00-03:00,0.752,10.295
2022-08-21 10:00:00-03:00,0.716,9.946
2022-08-21 11:00:00-03:00,0.664,9.492
2022-08-21 12:00:00-03:00,0.677,9.606
2022-08-21 13:00:00-03:00,0.722,10.005
2022-08-21 14:00:00-03:00,0.805,10.872
2022-08-21 15:00:00-03:00,0.8150000000000001,10.989
2022-08-21 16:00:00-03:00,0.777,10.555
2022-08-21 17:00:00-03:00,0.745,10.225
2022-08-21 18:00:00-03:00,0.788,10.673
2022-08-21 19:00:00-03:00,0.726,10.039
2022-08-21 20:00:00-03:00,0.658,9.438
2022-08-21 21:00:00-03:00,0.589,8.902
2022-08-21 22:00:00-03:00,0.539,8.534
2022-08-21 23:00:00-03:00,0.513,8.348
2022-08-22 00:00:00-03:00,0.509,8.317
2022-08-22 01:00:00-03:00,0.486,8.16
2022-08-22 02:00:00-03:00,0.432,7.771
2022-08-22 03:00:00-03:00,0.375,7.358
2022-08-22 04:00:00-03:00,0.359,7.238
2022-08-22 05:00:00-03:00,0.298,6.773
2022-08-22 06:00:00-03:00,0.269,6.533
2022-08-22 07:00:00-03:00,0.20500000000000002,5.955
2022-08-22 08:00:00-03:00,0.183,5.744
2022-08-22 09:00:00-03:00,0.148,5.354
2022-08-22 10:00:00-03:00,0.083,4.461
2022-08-22 11:00:00-03:00,0.088,4.536
2022-08-22 12:00:00-03:00,0.123,5.035
2022-08-22 13:00:00-03:00,0.196,5.878
2022-08-22 14:00:00-03:00,0.316,6.914
2022-08-22 15:00:00-03:00,0.425,7.726
2022-08-22 16:00:00-03:00,0.507,8.309
2022-08-22 17:00:00-03:00,0.501,8.262
2022-08-22 18:00:00-03:00,0.549,8.614
2022-08-22 19:00:00-03:00,0.641,9.313
2022-08-22 20:00:00-03:00,0.728,10.063
2022-08-22 21:00:00-03:00,0.729,10.071
2022-08-22 22:00:00-03:00,0.764,10.412
2022-08-22 23:00:00-03:00,0.779,10.572
2022-08-23 00:00:00-03:00,0.777,10.553
2022-08-23 01:00:00-03:00,0.787,10.656
2022-08-23 02:00:00-03:00,0.802,10.841
2022-08-23 03:00:00-03:00,0.8200000000000001,11.06
2022-08-23 04:00:00-03:00,0.839,11.317
2022-08-23 05:00:00-03:00,0.85,11.479
2022-08-23 06:00:00-03:00,0.863,11.695
2022-08-23 07:00:00-03:00,0.889,12.181
2022-08-23 08:00:00-03:00,0.909,12.655
2022-08-23 09:00:00-03:00,0.915,12.826
2022-08-23 10:00:00-03:00,0.916,12.872
2022-08-23 11:00:00-03:00,0.9400000000000001,14.075
2022-08-23 12:00:00-03:00,0.866,17.47
2022-08-23 13:00:00-03:00,0.794,18.792
2022-08-23 14:00:00-03:00,0.8290000000000001,18.193
2022-08-23 15:00:00-03:00,0.879,17.186
2022-08-23 16:00:00-03:00,0.911,16.311
2022-08-23 17:00:00-03:00,0.927,15.73
2022-08-23 18:00:00-03:00,0.934,15.325
2022-08-23 19:00:00-03:00,0.9380000000000001,15.015
2022-08-23 20:00:00-03:00,0.9390000000000001,14.89
2022-08-23 21:00:00-03:00,0.9390000000000001,14.923
2022-08-23 22:00:00-03:00,0.936,15.195
2022-08-23 23:00:00-03:00,0.93,15.584
2022-08-24 00:00:00-03:00,0.921,15.981
2022-08-24 01:00:00-03:00,0.916,16.141
2022-08-24 02:00:00-03:00,0.917,16.11
2022-08-24 03:00:00-03:00,0.918,16.091
2022-08-24 04:00:00-03:00,0.923,15.892
2022-08-24 05:00:00-03:00,0.937,15.122
2022-08-24 06:00:00-03:00,0.9380000000000001,13.947
2022-08-24 07:00:00-03:00,0.907,12.605
2022-08-24 08:00:00-03:00,0.804,10.85
2022-08-24 09:00:00-03:00,0.6900000000000001,9.718
2022-08-24 10:00:00-03:00,0.675,9.591
2022-08-24 11:00:00-03:00,0.891,12.221
2022-08-24 12:00:00-03:00,0.934,13.618
2022-08-24 13:00:00-03:00,0.9400000000000001,14.172
2022-08-24 14:00:00-03:00,0.9410000000000001,14.481
2022-08-24 15:00:00-03:00,0.9380000000000001,14.994
2022-08-24 16:00:00-03:00,0.935,15.237
2022-08-24 17:00:00-03:00,0.935,15.251
2022-08-24 18:00:00-03:00,0.928,15.655
2022-08-24 19:00:00-03:00,0.905,16.502
2022-08-24 20:00:00-03:00,0.869,17.414
2022-08-24 21:00:00-03:00,0.802,18.646
2022-08-24 22:00:00-03:00,0.72,19.86
2022-08-24 23:00:00-03:00,0.7020000000000001,20.096
2022-08-25 00:00:00-03:00,0.792,18.809
2022-08-25 01:00:00-03:00,0.847,17.852
2022-08-25 02:00:00-03:00,0.862,17.558
2022-08-25 03:00:00-03:00,0.9,16.655
2022-08-25 04:00:00-03:00,0.919,16.044
2022-08-25 05:00:00-03:00,0.926,15.736
2022-08-25 06:00:00-03:00,0.914,16.221
2022-08-25 07:00:00-03:00,0.883,17.087
2022-08-25 08:00:00-03:00,0.8310000000000001,18.15
2022-08-25 09:00:00-03:00,0.753,19.404
2022-08-25 10:00:00-03:00,0.616,21.165
2022-08-25 11:00:00-03:00,0.454,22.948
2022-08-25 12:00:00-03:00,0.376,23.787
2022-08-25 13:00:00-03:00,0.353,24.036
2022-08-25 14:00:00-03:00,0.34400000000000003,24.136
2022-08-25 15:00:00-03:00,0.34700000000000003,24.108
2022-08-25 16:00:00-03:00,0.35000000000000003,24.062
2022-08-25 17:00:00-03:00,0.334,24.246
2022-08-25 18:00:00-03:00,0.445,23.051
2022-08-25 19:00:00-03:00,0.653,20.723
2022-08-25 20:00:00-03:00,0.751,19.423
2022-08-25 21:00:00-03:00,0.8250000000000001,18.273
2022-08-25 22:00:00-03:00,0.923,15.88
2022-08-25 23:00:00-03:00,0.9380000000000001,13.922
2022-08-26 00:00:00-03:00,0.933,13.547
2022-08-26 01:00:00-03:00,0.923,13.115
2022-08-26 02:00:00-03:00,0.928,13.287
2022-08-26 03:00:00-03:00,0.934,13.588
2022-08-26 04:00:00-03:00,0.932,13.521
2022-08-26 05:00:00-03:00,0.933,13.525
2022-08-26 06:00:00-03:00,0.9400000000000001,14.259
2022-08-26 07:00:00-03:00,0.933,15.411
2022-08-26 08:00:00-03:00,0.935,15.294
2022-08-26 09:00:00-03:00,0.936,15.166
2022-08-26 10:00:00-03:00,0.926,15.74
2022-08-26 11:00:00-03:00,0.899,16.681
2022-08-26 12:00:00-03:00,0.867,17.452
2022-08-26 13:00:00-03:00,0.857,17.659
2022-08-26 14:00:00-03:00,0.868,17.426
2022-08-26 15:00:00-03:00,0.884,17.059
2022-08-26 16:00:00-03:00,0.897,16.749
2022-08-26 17:00:00-03:00,0.915,16.209
2022-08-26 18:00:00-03:00,0.932,15.445
2022-08-26 19:00:00-03:00,0.9400000000000001,14.802
2022-08-26 20:00:00-03:00,0.9410000000000001,14.476
2022-08-26 21:00:00-03:00,0.9410000000000001,14.312
2022-08-26 22:00:00-03:00,0.9400000000000001,14.105
2022-08-26 23:00:00-03:00,0.937,13.804
2022-08-27 00:00:00-03:00,0.931,13.465
2022-08-27 01:00:00-03:00,0.929,13.336
2022-08-27 02:00:00-03:00,0.93,13.387
2022-08-27 03:00:00-03:00,0.932,13.488
2022-08-27 04:00:00-03:00,0.933,13.567
2022-08-27 05:00:00-03:00,0.936,13.759
2022-08-27 06:00:00-03:00,0.936,13.78
2022-08-27 07:00:00-03:00,0.936,13.768
2022-08-27 08:00:00-03:00,0.935,13.687
2022-08-27 09:00:00-03:00,0.928,13.322
2022-08-27 10:00:00-03:00,0.9380000000000001,13.892
2022-08-27 11:00:00-03:00,0.931,15.53
2022-08-27 12:00:00-03:00,0.921,15.953
2022-08-27 13:00:00-03:00,0.922,15.913
2022-08-27 14:00:00-03:00,0.935,15.276
2022-08-27 15:00:00-03:00,0.9390000000000001,14.853
2022-08-27 16:00:00-03:00,0.9400000000000001,14.146
2022-08-27 17:00:00-03:00,0.917,12.893
2022-08-27 18:00:00-03:00,0.919,12.937
2022-08-27 19:00:00-03:00,0.93,13.407
2022-08-27 20:00:00-03:00,0.933,13.551
2022-08-27 21:00:00-03:00,0.934,13.629
2022-08-27 22:00:00-03:00,0.936,13.765
2022-08-27 23:00:00-03:00,0.9400000000000001,14.113
2022-08-28 00:00:00-03:00,0.9390000000000001,14.019
2022-08-28 01:00:00-03:00,0.932,13.478
2022-08-28 02:00:00-03:00,0.923,13.107
2022-08-28 03:00:00-03:00,0.906,12.576
2022-08-28 04:00:00-03:00,0.904,12.512
2022-08-28 05:00:00-03:00,0.898,12.382
2022-08-28 06:00:00-03:00,0.867,11.762
2022-08-28 07:00:00-03:00,0.844,11.396
2022-08-28 08:00:00-03:00,0.854,11.53
2022-08-28 09:00:00-03:00,0.875,11.897
2022-08-28 10:00:00-03:00,0.866,11.751
2022-08-28 11:00:00-03:00,0.893,12.276
2022-08-28 12:00:00-03:00,0.914,12.811
2022-08-28 13:00:00-03:00,0.9400000000000001,14.2
2022-08-28 14:00:00-03:00,0.933,15.414
2022-08-28 15:00:00-03:00,0.918,16.06
2022-08-28 16:00:00-03:00,0.913,16.274
2022-08-28 17:00:00-03:00,0.923,15.889
2022-08-28 18:00:00-03:00,0.935,15.266
2022-08-28 19:00:00-03:00,0.9410000000000001,14.54
2022-08-28 20:00:00-03:00,0.9400000000000001,14.076
2022-08-28 21:00:00-03:00,0.937,13.783
2022-08-28 22:00:00-03:00,0.935,13.688
2022-08-28 23:00:00-03:00,0.933,13.557
2022-08-29 00:00:00-03:00,0.931,13.469
2022-08-29 01:00:00-03:00,0.925,13.196
2022-08-29 02:00:00-03:00,0.898,12.382
2022-08-29 03:00:00-03:00,0.837,11.301
2022-08-29 04:00:00-03:00,0.764,10.412
2022-08-29 05:00:00-03:00,0.6960000000000001,9.768
2022-08-29 06:00:00-03:00,0.628,9.209
2022-08-29 07:00:00-03:00,0.47600000000000003,8.086
2022-08-29 08:00:00-03:00,0.394,7.491
2022-08-29 09:00:00-03:00,0.335,7.059
2022-08-29 10:00:00-03:00,0.23600000000000002,6.242
2022-08-29 11:00:00-03:00,0.253,6.398
2022-08-29 12:00:00-03:00,0.336,7.069
2022-08-29 13:00:00-03:00,0.324,6.978
2022-08-29 14:00:00-03:00,0.302,6.804
2022-08-29 15:00:00-03:00,0.267,6.52
2022-08-29 16:00:00-03:00,0.23500000000000001,6.229
2022-08-29 17:00:00-03:00,0.20600000000000002,5.963
2022-08-29 18:00:00-03:00,0.291,6.719
2022-08-29 19:00:00-03:00,0.455,7.942
2022-08-29 20:00:00-03:00,0.556,8.662
2022-08-29 21:00:00-03:00,0.555,8.659
2022-08-29 22:00:00-03:00,0.549,8.616
2022-08-29 23:00:00-03:00,0.546,8.583
2022-08-30 00:00:00-03:00,0.499,8.243
2022-08-30 01:00:00-03:00,0.466,8.014
2022-08-30 02:00:00-03:00,0.486,8.151
2022-08-30 03:00:00-03:00,0.524,8.432
2022-08-30 04:00:00-03:00,0.5700000000000001,8.769
2022-08-30 05:00:00-03:00,0.618,9.129
2022-08-30 06:00:00-03:00,0.667,9.526
2022-08-30 07:00:00-03:00,0.6990000000000001,9.798
2022-08-30 08:00:00-03:00,0.729,10.071
2022-08-30 09:00:00-03:00,0.653,9.406
2022-08-30 10:00:00-03:00,0.431,7.758
2022-08-30 11:00:00-03:00,0.6900000000000001,9.716
2022-08-30 12:00:00-03:00,0.8260000000000001,11.139
2022-08-30 13:00:00-03:00,0.847,11.438
2022-08-30 14:00:00-03:00,0.848,11.456
2022-08-30 15:00:00-03:00,0.845,11.412
2022-08-30 16:00:00-03:00,0.842,11.35
2022-08-30 17:00:00-03:00,0.799,10.809
2022-08-30 18:00:00-03:00,0.758,10.346
2022-08-30 19:00:00-03:00,0.756,10.326
2022-08-30 20:00:00-03:00,0.744,10.205
2022-08-30 21:00:00-03:00,0.739,10.161
2022-08-30 22:00:00-03:00,0.741,10.182
2022-08-30 23:00:00-03:00,0.728,10.063
2022-08-31 00:00:00-03:00,0.7000000000000001,9.804
2022-08-31 01:00:00-03:00,0.6940000000000001,9.748
2022-08-31 02:00:00-03:00,0.682,9.646
2022-08-31 03:00:00-03:00,0.6880000000000001,9.698
2022-08-31 04:00:00-03:00,0.6980000000000001,9.788
2022-08-31 05:00:00-03:00,0.672,9.564
2022-08-31 06:00:00-03:00,0.641,9.311
2022-08-31 07:00:00-03:00,0.644,9.339
2022-08-31 08:00:00-03:00,0.656,9.431
2022-08-31 09:00:00-03:00,0.581,8.846
2022-08-31 10:00:00-03:00,0.47500000000000003,8.075
2022-08-31 11:00:00-03:00,0.434,7.791
2022-08-31 12:00:00-03:00,0.459,7.97
2022-08-31 13:00:00-03:00,0.521,8.402
2022-08-31 14:00:00-03:00,0.522,8.415
2022-08-31 15:00:00-03:00,0.40800000000000003,7.5969999999999995
2022-08-31 16:00:00-03:00,0.403,7.565
2022-08-31 17:00:00-03:00,0.606,9.037
2022-08-31 18:00:00-03:00,0.792,10.725999999999999
2022-08-31 19:00:00-03:00,0.833,11.235
2022-08-31 20:00:00-03:00,0.8260000000000001,11.137
2022-08-31 21:00:00-03:00,0.857,11.584
2022-08-31 22:00:00-03:00,0.904,12.512
2022-08-31 23:00:00-03:00,0.92,12.98
2022-09-01 00:00:00-03:00,0.926,13.207
2022-09-01 01:00:00-03:00,0.924,13.147
2022-09-01 02:00:00-03:00,0.931,13.427
2022-09-01 03:00:00-03:00,0.9380000000000001,13.916
2022-09-01 04:00:00-03:00,0.9400000000000001,14.668
2022-09-01 05:00:00-03:00,0.9400000000000001,14.657
2022-09-01 06:00:00-03:00,0.926,13.201
2022-09-01 07:00:00-03:00,0.869,11.8
2022-09-01 08:00:00-03:00,0.873,11.863
2022-09-01 09:00:00-03:00,0.885,12.092
2022-09-01 10:00:00-03:00,0.895,12.312
2022-09-01 11:00:00-03:00,0.9380000000000001,13.873
2022-09-01 12:00:00-03:00,0.93,15.551
2022-09-01 13:00:00-03:00,0.914,16.237
2022-09-01 14:00:00-03:00,0.911,16.313
2022-09-01 15:00:00-03:00,0.917,16.133
2022-09-01 16:00:00-03:00,0.9,16.651
2022-09-01 17:00:00-03:00,0.867,17.448
2022-09-01 18:00:00-03:00,0.886,17.023
2022-09-01 19:00:00-03:00,0.913,16.255
2022-09-01 20:00:00-03:00,0.93,15.571
2022-09-01 21:00:00-03:00,0.9400000000000001,14.826
2022-09-01 22:00:00-03:00,0.937,13.799
2022-09-01 23:00:00-03:00,0.901,12.449
2022-09-02 00:00:00-03:00,0.789,10.693
2022-09-02 01:00:00-03:00,0.593,8.942
2022-09-02 02:00:00-03:00,0.442,7.843
2022-09-02 03:00:00-03:00,0.379,7.386
2022-09-02 04:00:00-03:00,0.406,7.582
2022-09-02 05:00:00-03:00,0.40900000000000003,7.608
2022-09-02 06:00:00-03:00,0.372,7.329
2022-09-02 07:00:00-03:00,0.377,7.377
2022-09-02 08:00:00-03:00,0.452,7.914
2022-09-02 09:00:00-03:00,0.525,8.435
2022-09-02 10:00:00-03:00,0.5760000000000001,8.81
2022-09-02 11:00:00-03:00,0.658,9.446
2022-09-02 12:00:00-03:00,0.925,13.168
2022-09-02 13:00:00-03:00,0.9410000000000001,14.425
2022-09-02 14:00:00-03:00,0.932,15.441
2022-09-02 15:00:00-03:00,0.89,16.918
2022-09-02 16:00:00-03:00,0.777,19.05
2022-09-02 17:00:00-03:00,0.756,19.359
2022-09-02 18:00:00-03:00,0.756,19.36
2022-09-02 19:00:00-03:00,0.73,19.725
2022-09-02 20:00:00-03:00,0.6950000000000001,20.198
2022-09-02 21:00:00-03:00,0.6980000000000001,20.153
2022-09-02 22:00:00-03:00,0.724,19.807
2022-09-02 23:00:00-03:00,0.776,19.067
2022-09-03 00:00:00-03:00,0.84,17.987
2022-09-03 01:00:00-03:00,0.898,16.707
2022-09-03 02:00:00-03:00,0.933,15.412
2022-09-03 03:00:00-03:00,0.9410000000000001,14.516
2022-09-03 04:00:00-03:00,0.9390000000000001,13.967
2022-09-03 05:00:00-03:00,0.933,13.549
2022-09-03 06:00:00-03:00,0.936,13.741
2022-09-03 07:00:00-03:00,0.9410000000000001,14.381
2022-09-03 08:00:00-03:00,0.937,15.095
2022-09-03 09:00:00-03:00,0.923,15.878
2022-09-03 10:00:00-03:00,0.882,17.129
2022-09-03 11:00:00-03:00,0.86,17.593
2022-09-03 12:00:00-03:00,0.872,17.341
2022-09-03 13:00:00-03:00,0.914,16.22
2022-09-03 14:00:00-03:00,0.9390000000000001,14.871
2022-09-03 15:00:00-03:00,0.936,13.733
2022-09-03 16:00:00-03:00,0.915,12.843
2022-09-03 17:00:00-03:00,0.863,11.689
2022-09-03 18:00:00-03:00,0.722,10.008
2022-09-03 19:00:00-03:00,0.646,9.35
2022-09-03 20:00:00-03:00,0.528,8.463
2022-09-03 21:00:00-03:00,0.40700000000000003,7.594
2022-09-03 22:00:00-03:00,0.353,7.202
2022-09-03 23:00:00-03:00,0.355,7.211
2022-09-04 00:00:00-03:00,0.41200000000000003,7.627
2022-09-04 01:00:00-03:00,0.508,8.312
2022-09-04 02:00:00-03:00,0.5710000000000001,8.774000000000001
2022-09-04 03:00:00-03:00,0.597,8.97
2022-09-04 04:00:00-03:00,0.544,8.567
2022-09-04 05:00:00-03:00,0.492,8.201
2022-09-04 06:00:00-03:00,0.468,8.026
2022-09-04 07:00:00-03:00,0.459,7.964
2022-09-04 08:00:00-03:00,0.548,8.604
2022-09-04 09:00:00-03:00,0.536,8.509
2022-09-04 10:00:00-03:00,0.587,8.892
2022-09-04 11:00:00-03:00,0.682,9.646
2022-09-04 12:00:00-03:00,0.775,10.532
2022-09-04 13:00:00-03:00,0.889,12.17
2022-09-04 14:00:00-03:00,0.918,12.9
2022-09-04 15:00:00-03:00,0.887,12.137
2022-09-04 16:00:00-03:00,0.805,10.873
2022-09-04 17:00:00-03:00,0.745,10.217
2022-09-04 18:00:00-03:00,0.809,10.931000000000001
2022-09-04 19:00:00-03:00,0.921,13.032
2022-09-04 20:00:00-03:00,0.9410000000000001,14.458
2022-09-04 21:00:00-03:00,0.926,15.754
2022-09-04 22:00:00-03:00,0.918,16.087
2022-09-04 23:00:00-03:00,0.927,15.735
2022-09-05 00:00:00-03:00,0.9380000000000001,15.037
2022-09-05 01:00:00-03:00,0.9400000000000001,14.178
2022-09-05 02:00:00-03:00,0.932,13.489
2022-09-05 03:00:00-03:00,0.928,13.313
2022-09-05 04:00:00-03:00,0.929,13.353
2022-09-05 05:00:00-03:00,0.928,13.286
2022-09-05 06:00:00-03:00,0.916,12.874
2022-09-05 07:00:00-03:00,0.885,12.106
2022-09-05 08:00:00-03:00,0.8,10.812
2022-09-05 09:00:00-03:00,0.606,9.032
2022-09-05 10:00:00-03:00,0.623,9.164
2022-09-05 11:00:00-03:00,0.845,11.404
2022-09-05 12:00:00-03:00,0.921,13.021
2022-09-05 13:00:00-03:00,0.9410000000000001,14.301
2022-09-05 14:00:00-03:00,0.936,15.176
2022-09-05 15:00:00-03:00,0.92,16.015
2022-09-05 16:00:00-03:00,0.917,16.135
2022-09-05 17:00:00-03:00,0.9390000000000001,14.949
2022-09-05 18:00:00-03:00,0.935,13.692
2022-09-05 19:00:00-03:00,0.925,13.174
2022-09-05 20:00:00-03:00,0.928,13.282
2022-09-05 21:00:00-03:00,0.933,13.534
2022-09-05 22:00:00-03:00,0.937,13.843
2022-09-05 23:00:00-03:00,0.9400000000000001,14.109
2022-09-06 00:00:00-03:00,0.9390000000000001,14.045
2022-09-06 01:00:00-03:00,0.9380000000000001,13.926
2022-09-06 02:00:00-03:00,0.934,13.635
2022-09-06 03:00:00-03:00,0.921,13.04
2022-09-06 04:00:00-03:00,0.902,12.469
2022-09-06 05:00:00-03:00,0.88,12.001
2022-09-06 06:00:00-03:00,0.863,11.687
2022-09-06 07:00:00-03:00,0.843,11.383
2022-09-06 08:00:00-03:00,0.8200000000000001,11.069
2022-09-06 09:00:00-03:00,0.731,10.088
2022-09-06 10:00:00-03:00,0.869,11.785
2022-09-06 11:00:00-03:00,0.874,11.883
2022-09-06 12:00:00-03:00,0.869,11.804
2022-09-06 13:00:00-03:00,0.875,11.901
2022-09-06 14:00:00-03:00,0.873,11.868
2022-09-06 15:00:00-03:00,0.865,11.73
2022-09-06 16:00:00-03:00,0.854,11.542
2022-09-06 17:00:00-03:00,0.8180000000000001,11.044
2022-09-06 18:00:00-03:00,0.678,9.615
2022-09-06 19:00:00-03:00,0.614,9.102
2022-09-06 20:00:00-03:00,0.646,9.349
2022-09-06 21:00:00-03:00,0.658,9.443
2022-09-06 22:00:00-03:00,0.653,9.407
2022-09-06 23:00:00-03:00,0.646,9.348
2022-09-07 00:00:00-03:00,0.637,9.278
2022-09-07 01:00:00-03:00,0.613,9.095
2022-09-07 02:00:00-03:00,0.59,8.914
2022-09-07 03:00:00-03:00,0.5680000000000001,8.753
2022-09-07 04:00:00-03:00,0.541,8.547
2022-09-07 05:00:00-03:00,0.527,8.444
2022-09-07 06:00:00-03:00,0.501,8.26
2022-09-07 07:00:00-03:00,0.504,8.284
2022-09-07 08:00:00-03:00,0.466,8.016
2022-09-07 09:00:00-03:00,0.311,6.875
2022-09-07 10:00:00-03:00,0.292,6.724
2022-09-07 11:00:00-03:00,0.261,6.46
2022-09-07 12:00:00-03:00,0.27,6.541
2022-09-07 13:00:00-03:00,0.291,6.717
2022-09-07 14:00:00-03:00,0.32,6.947
2022-09-07 15:00:00-03:00,0.34800000000000003,7.149
2022-09-07 16:00:00-03:00,0.361,7.254
2022-09-07 17:00:00-03:00,0.34400000000000003,7.121
2022-09-07 18:00:00-03:00,0.359,7.236
2022-09-07 19:00:00-03:00,0.40900000000000003,7.608
2022-09-07 20:00:00-03:00,0.399,7.533
2022-09-07 21:00:00-03:00,0.385,7.433
2022-09-07 22:00:00-03:00,0.385,7.433
2022-09-07 23:00:00-03:00,0.437,7.814
2022-09-08 00:00:00-03:00,0.546,8.588
2022-09-08 01:00:00-03:00,0.588,8.896
2022-09-08 02:00:00-03:00,0.5700000000000001,8.764
2022-09-08 03:00:00-03:00,0.546,8.587
2022-09-08 04:00:00-03:00,0.501,8.258
2022-09-08 05:00:00-03:00,0.435,7.793
2022-09-08 06:00:00-03:00,0.366,7.297
2022-09-08 07:00:00-03:00,0.401,7.554
2022-09-08 08:00:00-03:00,0.397,7.513
2022-09-08 09:00:00-03:00,0.384,7.43
2022-09-08 10:00:00-03:00,0.656,9.429
2022-09-08 11:00:00-03:00,0.752,10.295
2022-09-08 12:00:00-03:00,0.796,10.768
2022-09-08 13:00:00-03:00,0.834,11.25
2022-09-08 14:00:00-03:00,0.868,11.775
2022-09-08 15:00:00-03:00,0.889,12.179
2022-09-08 16:00:00-03:00,0.892,12.252
2022-09-08 17:00:00-03:00,0.859,11.621
2022-09-08 18:00:00-03:00,0.843,11.38
2022-09-08 19:00:00-03:00,0.861,11.649000000000001
2022-09-08 20:00:00-03:00,0.877,11.947
2022-09-08 21:00:00-03:00,0.891,12.218
2022-09-08 22:00:00-03:00,0.909,12.644
2022-09-08 23:00:00-03:00,0.93,13.373
2022-09-09 00:00:00-03:00,0.9390000000000001,14.07
2022-09-09 01:00:00-03:00,0.9400000000000001,14.83
2022-09-09 02:00:00-03:00,0.936,15.183
2022-09-09 03:00:00-03:00,0.931,15.508
2022-09-09 04:00:00-03:00,0.925,15.814
2022-09-09 05:00:00-03:00,0.913,16.262
2022-09-09 06:00:00-03:00,0.905,16.524
2022-09-09 07:00:00-03:00,0.904,16.542
2022-09-09 08:00:00-03:00,0.915,16.19
2022-09-09 09:00:00-03:00,0.926,15.756
2022-09-09 10:00:00-03:00,0.919,16.052
2022-09-09 11:00:00-03:00,0.889,16.95
2022-09-09 12:00:00-03:00,0.849,17.807
2022-09-09 13:00:00-03:00,0.8280000000000001,18.213
2022-09-09 14:00:00-03:00,0.8270000000000001,18.238
2022-09-09 15:00:00-03:00,0.844,17.902
2022-09-09 16:00:00-03:00,0.867,17.438
2022-09-09 17:00:00-03:00,0.879,17.18
2022-09-09 18:00:00-03:00,0.885,17.044
2022-09-09 19:00:00-03:00,0.879,17.182
2022-09-09 20:00:00-03:00,0.876,17.267
2022-09-09 21:00:00-03:00,0.865,17.484
2022-09-09 22:00:00-03:00,0.847,17.867
2022-09-09 23:00:00-03:00,0.8300000000000001,18.176
2022-09-10 00:00:00-03:00,0.8240000000000001,18.282
2022-09-10 01:00:00-03:00,0.8210000000000001,18.336
2022-09-10 02:00:00-03:00,0.836,18.062
2022-09-10 03:00:00-03:00,0.874,17.299
2022-09-10 04:00:00-03:00,0.901,16.638
2022-09-10 05:00:00-03:00,0.919,16.037
2022-09-10 06:00:00-03:00,0.9410000000000001,14.643
2022-09-10 07:00:00-03:00,0.928,13.282
2022-09-10 08:00:00-03:00,0.874,11.885
2022-09-10 09:00:00-03:00,0.784,10.623
2022-09-10 10:00:00-03:00,0.8180000000000001,11.036
2022-09-10 11:00:00-03:00,0.86,11.642
2022-09-10 12:00:00-03:00,0.872,11.849
2022-09-10 13:00:00-03:00,0.882,12.047
2022-09-10 14:00:00-03:00,0.888,12.161
2022-09-10 15:00:00-03:00,0.891,12.231
2022-09-10 16:00:00-03:00,0.876,11.914
2022-09-10 17:00:00-03:00,0.8130000000000001,10.98
2022-09-10 18:00:00-03:00,0.674,9.574
2022-09-10 19:00:00-03:00,0.614,9.096
2022-09-10 20:00:00-03:00,0.604,9.02
2022-09-10 21:00:00-03:00,0.629,9.219
2022-09-10 22:00:00-03:00,0.67,9.547
2022-09-10 23:00:00-03:00,0.66,9.458
2022-09-11 00:00:00-03:00,0.585,8.88
2022-09-11 01:00:00-03:00,0.606,9.034
2022-09-11 02:00:00-03:00,0.628,9.208
2022-09-11 03:00:00-03:00,0.669,9.542
2022-09-11 04:00:00-03:00,0.704,9.841
2022-09-11 05:00:00-03:00,0.712,9.908
2022-09-11 06:00:00-03:00,0.757,10.341
2022-09-11 07:00:00-03:00,0.8250000000000001,11.133
2022-09-11 08:00:00-03:00,0.846,11.425
2022-09-11 09:00:00-03:00,0.838,11.305
2022-09-11 10:00:00-03:00,0.936,13.749
2022-09-11 11:00:00-03:00,0.937,15.082
2022-09-11 12:00:00-03:00,0.931,15.52
2022-09-11 13:00:00-03:00,0.932,15.476
2022-09-11 14:00:00-03:00,0.937,15.078
2022-09-11 15:00:00-03:00,0.9410000000000001,14.48
2022-09-11 16:00:00-03:00,0.9390000000000001,14.003
2022-09-11 17:00:00-03:00,0.928,13.314
2022-09-11 18:00:00-03:00,0.867,11.757
2022-09-11 19:00:00-03:00,0.784,10.629
2022-09-11 20:00:00-03:00,0.712,9.908
2022-09-11 21:00:00-03:00,0.661,9.463
2022-09-11 22:00:00-03:00,0.636,9.264
2022-09-11 23:00:00-03:00,0.624,9.177
2022-09-12 00:00:00-03:00,0.612,9.087
2022-09-12 01:00:00-03:00,0.5690000000000001,8.754
2022-09-12 02:00:00-03:00,0.549,8.613
2022-09-12 03:00:00-03:00,0.558,8.677
2022-09-12 04:00:00-03:00,0.539,8.54
2022-09-12 05:00:00-03:00,0.466,8.019
2022-09-12 06:00:00-03:00,0.365,7.2780000000000005
2022-09-12 07:00:00-03:00,0.26,6.453
2022-09-12 08:00:00-03:00,0.22,6.099
2022-09-12 09:00:00-03:00,0.14300000000000002,5.289
2022-09-12 10:00:00-03:00,0.17500000000000002,5.658
2022-09-12 11:00:00-03:00,0.17500000000000002,5.663
2022-09-12 12:00:00-03:00,0.139,5.246
2022-09-12 13:00:00-03:00,0.111,4.882
2022-09-12 14:00:00-03:00,0.094,4.627
2022-09-12 15:00:00-03:00,0.07100000000000001,4.25
2022-09-12 16:00:00-03:00,0.044,3.7
2022-09-12 17:00:00-03:00,0.024,3.118
2022-09-12 18:00:00-03:00,0.011,2.566
2022-09-12 19:00:00-03:00,0.017,2.862
2022-09-12 20:00:00-03:00,0.096,4.666
2022-09-12 21:00:00-03:00,0.259,6.45
2022-09-12 22:00:00-03:00,0.387,7.446
2022-09-12 23:00:00-03:00,0.495,8.228
2022-09-13 00:00:00-03:00,0.583,8.86
2022-09-13 01:00:00-03:00,0.654,9.411
2022-09-13 02:00:00-03:00,0.677,9.608
2022-09-13 03:00:00-03:00,0.682,9.643
2022-09-13 04:00:00-03:00,0.67,9.549
2022-09-13 05:00:00-03:00,0.627,9.201
2022-09-13 06:00:00-03:00,0.552,8.637
2022-09-13 07:00:00-03:00,0.5680000000000001,8.751
2022-09-13 08:00:00-03:00,0.638,9.286
2022-09-13 09:00:00-03:00,0.656,9.425
2022-09-13 10:00:00-03:00,0.622,9.155
2022-09-13 11:00:00-03:00,0.72,9.982
2022-09-13 12:00:00-03:00,0.877,11.951
2022-09-13 13:00:00-03:00,0.914,12.802
2022-09-13 14:00:00-03:00,0.898,12.375
2022-09-13 15:00:00-03:00,0.852,11.508
2022-09-13 16:00:00-03:00,0.924,13.123
2022-09-13 17:00:00-03:00,0.937,15.087
2022-09-13 18:00:00-03:00,0.9400000000000001,14.161
2022-09-13 19:00:00-03:00,0.9400000000000001,14.236
2022-09-13 20:00:00-03:00,0.934,13.589
2022-09-13 21:00:00-03:00,0.9,12.431
2022-09-13 22:00:00-03:00,0.798,10.788
2022-09-13 23:00:00-03:00,0.644,9.339
2022-09-14 00:00:00-03:00,0.52,8.395
2022-09-14 01:00:00-03:00,0.334,7.057
2022-09-14 02:00:00-03:00,0.114,4.93
2022-09-14 03:00:00-03:00,0.14300000000000002,5.286
2022-09-14 04:00:00-03:00,0.338,7.079
2022-09-14 05:00:00-03:00,0.514,8.355
2022-09-14 06:00:00-03:00,0.604,9.022
2022-09-14 07:00:00-03:00,0.624,9.17
2022-09-14 08:00:00-03:00,0.5690000000000001,8.753
2022-09-14 09:00:00-03:00,0.425,7.723
2022-09-14 10:00:00-03:00,0.671,9.556000000000001
2022-09-14 11:00:00-03:00,0.68,9.628
2022-09-14 12:00:00-03:00,0.542,8.55
2022-09-14 13:00:00-03:00,0.41100000000000003,7.618
2022-09-14 14:00:00-03:00,0.366,7.294
2022-09-14 15:00:00-03:00,0.427,7.735
2022-09-14 16:00:00-03:00,0.527,8.455
2022-09-14 17:00:00-03:00,0.606,9.035
2022-09-14 18:00:00-03:00,0.65,9.383
2022-09-14 19:00:00-03:00,0.762,10.393
2022-09-14 20:00:00-03:00,0.838,11.314
2022-09-14 21:00:00-03:00,0.857,11.594
2022-09-14 22:00:00-03:00,0.862,11.683
2022-09-14 23:00:00-03:00,0.852,11.506
2022-09-15 00:00:00-03:00,0.835,11.264
2022-09-15 01:00:00-03:00,0.794,10.748
2022-09-15 02:00:00-03:00,0.742,10.187
2022-09-15 03:00:00-03:00,0.632,9.234
2022-09-15 04:00:00-03:00,0.591,8.917
2022-09-15 05:00:00-03:00,0.581,8.85
2022-09-15 06:00:00-03:00,0.586,8.884
2022-09-15 07:00:00-03:00,0.5730000000000001,8.791
2022-09-15 08:00:00-03:00,0.504,8.279
2022-09-15 09:00:00-03:00,0.327,7.002
2022-09-15 10:00:00-03:00,0.276,6.588
2022-09-15 11:00:00-03:00,0.34900000000000003,7.163
2022-09-15 12:00:00-03:00,0.261,6.468
2022-09-15 13:00:00-03:00,0.19,5.817
2022-09-15 14:00:00-03:00,0.2,5.911
2022-09-15 15:00:00-03:00,0.17500000000000002,5.657
2022-09-15 16:00:00-03:00,0.19,5.813
2022-09-15 17:00:00-03:00,0.216,6.07
2022-09-15 18:00:00-03:00,0.301,6.798
2022-09-15 19:00:00-03:00,0.558,8.668
2022-09-15 20:00:00-03:00,0.7030000000000001,9.828
2022-09-15 21:00:00-03:00,0.752,10.298
2022-09-15 22:00:00-03:00,0.783,10.614
2022-09-15 23:00:00-03:00,0.797,10.786
2022-09-16 00:00:00-03:00,0.792,10.725999999999999
2022-09-16 01:00:00-03:00,0.73,10.077
2022-09-16 02:00:00-03:00,0.669,9.539
2022-09-16 03:00:00-03:00,0.636,9.264
2022-09-16 04:00:00-03:00,0.653,9.407
2022-09-16 05:00:00-03:00,0.706,9.857
2022-09-16 06:00:00-03:00,0.6970000000000001,9.779
2022-09-16 07:00:00-03:00,0.686,9.674
2022-09-16 08:00:00-03:00,0.649,9.379
2022-09-16 09:00:00-03:00,0.543,8.565
2022-09-16 10:00:00-03:00,0.745,10.221
2022-09-16 11:00:00-03:00,0.858,11.597
2022-09-16 12:00:00-03:00,0.886,12.114
2022-09-16 13:00:00-03:00,0.903,12.487
2022-09-16 14:00:00-03:00,0.919,12.972
2022-09-16 15:00:00-03:00,0.929,13.329
2022-09-16 16:00:00-03:00,0.93,13.403
2022-09-16 17:00:00-03:00,0.919,12.946
2022-09-16 18:00:00-03:00,0.898,12.37
2022-09-16 19:00:00-03:00,0.904,12.508
2022-09-16 20:00:00-03:00,0.91,12.695
2022-09-16 21:00:00-03:00,0.915,12.835
2022-09-16 22:00:00-03:00,0.918,12.932
2022-09-16 23:00:00-03:00,0.909,12.659
2022-09-17 00:00:00-03:00,0.898,12.365
2022-09-17 01:00:00-03:00,0.89,12.196
2022-09-17 02:00:00-03:00,0.886,12.123
2022-09-17 03:00:00-03:00,0.8320000000000001,11.221
2022-09-17 04:00:00-03:00,0.8170000000000001,11.03
2022-09-17 05:00:00-03:00,0.781,10.594
2022-09-17 06:00:00-03:00,0.6900000000000001,9.713
2022-09-17 07:00:00-03:00,0.663,9.486
2022-09-17 08:00:00-03:00,0.597,8.972
2022-09-17 09:00:00-03:00,0.466,8.014
2022-09-17 10:00:00-03:00,0.613,9.092
2022-09-17 11:00:00-03:00,0.586,8.888
2022-09-17 12:00:00-03:00,0.594,8.944
2022-09-17 13:00:00-03:00,0.601,8.99
2022-09-17 14:00:00-03:00,0.589,8.91
2022-09-17 15:00:00-03:00,0.587,8.89
2022-09-17 16:00:00-03:00,0.584,8.874
2022-09-17 17:00:00-03:00,0.5680000000000001,8.745
2022-09-17 18:00:00-03:00,0.497,8.235
2022-09-17 19:00:00-03:00,0.47900000000000004,8.102
2022-09-17 20:00:00-03:00,0.499,8.252
2022-09-17 21:00:00-03:00,0.453,7.9190000000000005
2022-09-17 22:00:00-03:00,0.397,7.522
2022-09-17 23:00:00-03:00,0.357,7.229
2022-09-18 00:00:00-03:00,0.319,6.936
2022-09-18 01:00:00-03:00,0.268,6.524
2022-09-18 02:00:00-03:00,0.211,6.013
2022-09-18 03:00:00-03:00,0.162,5.515
2022-09-18 04:00:00-03:00,0.125,5.072
2022-09-18 05:00:00-03:00,0.092,4.6129999999999995
2022-09-18 06:00:00-03:00,0.057,3.976
2022-09-18 07:00:00-03:00,0.035,3.455
2022-09-18 08:00:00-03:00,0.021,3.023
2022-09-18 09:00:00-03:00,0.004,2.112
2022-09-18 10:00:00-03:00,0.002,1.822
2022-09-18 11:00:00-03:00,0.003,1.92
2022-09-18 12:00:00-03:00,0.002,1.81
2022-09-18 13:00:00-03:00,0.001,1.592
2022-09-18 14:00:00-03:00,0.002,1.8130000000000002
2022-09-18 15:00:00-03:00,0.009000000000000001,2.4939999999999998
2022-09-18 16:00:00-03:00,0.018000000000000002,2.892
2022-09-18 17:00:00-03:00,0.018000000000000002,2.89
2022-09-18 18:00:00-03:00,0.021,3.032
2022-09-18 19:00:00-03:00,0.094,4.635
2022-09-18 20:00:00-03:00,0.265,6.494
2022-09-18 21:00:00-03:00,0.421,7.694
2022-09-18 22:00:00-03:00,0.504,8.29
2022-09-18 23:00:00-03:00,0.595,8.951
2022-09-19 00:00:00-03:00,0.616,9.117
2022-09-19 01:00:00-03:00,0.5750000000000001,8.798
2022-09-19 02:00:00-03:00,0.514,8.359
2022-09-19 03:00:00-03:00,0.454,7.928
2022-09-19 04:00:00-03:00,0.381,7.398
2022-09-19 05:00:00-03:00,0.318,6.922
2022-09-19 06:00:00-03:00,0.269,6.54
2022-09-19 07:00:00-03:00,0.218,6.085
2022-09-19 08:00:00-03:00,0.14400000000000002,5.302
2022-09-19 09:00:00-03:00,0.028,3.269
2022-09-19 10:00:00-03:00,0.001,1.479
2022-09-19 11:00:00-03:00,0.019,2.96
2022-09-19 12:00:00-03:00,0.067,4.176
2022-09-19 13:00:00-03:00,0.084,4.474
2022-09-19 14:00:00-03:00,0.108,4.851
2022-09-19 15:00:00-03:00,0.116,4.963
2022-09-19 16:00:00-03:00,0.116,4.961
2022-09-19 17:00:00-03:00,0.113,4.912
2022-09-19 18:00:00-03:00,0.15,5.381
2022-09-19 19:00:00-03:00,0.296,6.75
2022-09-19 20:00:00-03:00,0.486,8.156
2022-09-19 21:00:00-03:00,0.592,8.927
2022-09-19 22:00:00-03:00,0.601,9.0
2022-09-19 23:00:00-03:00,0.582,8.855
2022-09-20 00:00:00-03:00,0.538,8.526
2022-09-20 01:00:00-03:00,0.487,8.165
2022-09-20 02:00:00-03:00,0.444,7.857
2022-09-20 03:00:00-03:00,0.405,7.5760000000000005
2022-09-20 04:00:00-03:00,0.372,7.339
2022-09-20 05:00:00-03:00,0.34800000000000003,7.15
2022-09-20 06:00:00-03:00,0.352,7.184
2022-09-20 07:00:00-03:00,0.377,7.368
2022-09-20 08:00:00-03:00,0.331,7.032
2022-09-20 09:00:00-03:00,0.193,5.843
2022-09-20 10:00:00-03:00,0.191,5.828
2022-09-20 11:00:00-03:00,0.406,7.589
2022-09-20 12:00:00-03:00,0.539,8.531
2022-09-20 13:00:00-03:00,0.5760000000000001,8.806000000000001
2022-09-20 14:00:00-03:00,0.594,8.945
2022-09-20 15:00:00-03:00,0.589,8.898
2022-09-20 16:00:00-03:00,0.5670000000000001,8.739
2022-09-20 17:00:00-03:00,0.511,8.328
2022-09-20 18:00:00-03:00,0.369,7.315
2022-09-20 19:00:00-03:00,0.362,7.26
2022-09-20 20:00:00-03:00,0.384,7.43
2022-09-20 21:00:00-03:00,0.367,7.305
2022-09-20 22:00:00-03:00,0.333,7.049
2022-09-20 23:00:00-03:00,0.272,6.561
2022-09-21 00:00:00-03:00,0.23800000000000002,6.261
2022-09-21 01:00:00-03:00,0.255,6.416
2022-09-21 02:00:00-03:00,0.309,6.856
2022-09-21 03:00:00-03:00,0.354,7.205
2022-09-21 04:00:00-03:00,0.433,7.776
2022-09-21 05:00:00-03:00,0.456,7.943
2022-09-21 06:00:00-03:00,0.435,7.796
2022-09-21 07:00:00-03:00,0.418,7.666
2022-09-21 08:00:00-03:00,0.384,7.427
2022-09-21 09:00:00-03:00,0.252,6.3870000000000005
2022-09-21 10:00:00-03:00,0.248,6.359
2022-09-21 11:00:00-03:00,0.47100000000000003,8.046
2022-09-21 12:00:00-03:00,0.649,9.374
2022-09-21 13:00:00-03:00,0.769,10.473
2022-09-21 14:00:00-03:00,0.848,11.451
2022-09-21 15:00:00-03:00,0.885,12.093
2022-09-21 16:00:00-03:00,0.895,12.317
2022-09-21 17:00:00-03:00,0.893,12.279
2022-09-21 18:00:00-03:00,0.875,11.895
2022-09-21 19:00:00-03:00,0.877,11.95
2022-09-21 20:00:00-03:00,0.857,11.593
2022-09-21 21:00:00-03:00,0.799,10.801
2022-09-21 22:00:00-03:00,0.7000000000000001,9.806000000000001
2022-09-21 23:00:00-03:00,0.596,8.961
2022-09-22 00:00:00-03:00,0.555,8.658
2022-09-22 01:00:00-03:00,0.647,9.359
2022-09-22 02:00:00-03:00,0.833,11.235
2022-09-22 03:00:00-03:00,0.895,12.305
2022-09-22 04:00:00-03:00,0.916,12.862
2022-09-22 05:00:00-03:00,0.92,12.998
2022-09-22 06:00:00-03:00,0.902,12.468
2022-09-22 07:00:00-03:00,0.847,11.44
2022-09-22 08:00:00-03:00,0.743,10.204
2022-09-22 09:00:00-03:00,0.629,9.218
2022-09-22 10:00:00-03:00,0.896,12.327
2022-09-22 11:00:00-03:00,0.936,13.736
2022-09-22 12:00:00-03:00,0.9380000000000001,13.92
2022-09-22 13:00:00-03:00,0.937,13.852
2022-09-22 14:00:00-03:00,0.936,13.751
2022-09-22 15:00:00-03:00,0.919,12.96
2022-09-22 16:00:00-03:00,0.855,11.563
2022-09-22 17:00:00-03:00,0.745,10.212
2022-09-22 18:00:00-03:00,0.639,9.297
2022-09-22 19:00:00-03:00,0.581,8.852
2022-09-22 20:00:00-03:00,0.49,8.189
2022-09-22 21:00:00-03:00,0.434,7.789
2022-09-22 22:00:00-03:00,0.437,7.813
2022-09-22 23:00:00-03:00,0.457,7.957
2022-09-23 00:00:00-03:00,0.47700000000000004,8.092
2022-09-23 01:00:00-03:00,0.514,8.357
2022-09-23 02:00:00-03:00,0.552,8.634
2022-09-23 03:00:00-03:00,0.5640000000000001,8.723
2022-09-23 04:00:00-03:00,0.536,8.516
2022-09-23 05:00:00-03:00,0.5,8.254
2022-09-23 06:00:00-03:00,0.533,8.495
2022-09-23 07:00:00-03:00,0.585,8.879
2022-09-23 08:00:00-03:00,0.506,8.296
2022-09-23 09:00:00-03:00,0.339,7.083
2022-09-23 10:00:00-03:00,0.41300000000000003,7.633
2022-09-23 11:00:00-03:00,0.686,9.671
2022-09-23 12:00:00-03:00,0.8250000000000001,11.13
2022-09-23 13:00:00-03:00,0.869,11.786
2022-09-23 14:00:00-03:00,0.854,11.536
2022-09-23 15:00:00-03:00,0.8240000000000001,11.1
2022-09-23 16:00:00-03:00,0.853,11.525
2022-09-23 17:00:00-03:00,0.874,11.886
2022-09-23 18:00:00-03:00,0.8,10.815
2022-09-23 19:00:00-03:00,0.768,10.459
2022-09-23 20:00:00-03:00,0.778,10.562
2022-09-23 21:00:00-03:00,0.801,10.822
2022-09-23 22:00:00-03:00,0.775,10.533
2022-09-23 23:00:00-03:00,0.754,10.314
2022-09-24 00:00:00-03:00,0.808,10.913
2022-09-24 01:00:00-03:00,0.8210000000000001,11.075
2022-09-24 02:00:00-03:00,0.837,11.283
2022-09-24 03:00:00-03:00,0.8240000000000001,11.102
2022-09-24 04:00:00-03:00,0.8270000000000001,11.148
2022-09-24 05:00:00-03:00,0.869,11.797
2022-09-24 06:00:00-03:00,0.903,12.503
2022-09-24 07:00:00-03:00,0.9,12.439
2022-09-24 08:00:00-03:00,0.875,11.895
2022-09-24 09:00:00-03:00,0.929,13.341
2022-09-24 10:00:00-03:00,0.9400000000000001,14.756
2022-09-24 11:00:00-03:00,0.9380000000000001,15.006
2022-09-24 12:00:00-03:00,0.9410000000000001,14.627
2022-09-24 13:00:00-03:00,0.9390000000000001,14.0
2022-09-24 14:00:00-03:00,0.934,13.584
2022-09-24 15:00:00-03:00,0.927,13.252
2022-09-24 16:00:00-03:00,0.911,12.703
2022-09-24 17:00:00-03:00,0.873,11.876
2022-09-24 18:00:00-03:00,0.787,10.668
2022-09-24 19:00:00-03:00,0.616,9.115
2022-09-24 20:00:00-03:00,0.482,8.131
2022-09-24 21:00:00-03:00,0.41400000000000003,7.6370000000000005
2022-09-24 22:00:00-03:00,0.43,7.756
2022-09-24 23:00:00-03:00,0.501,8.27
2022-09-25 00:00:00-03:00,0.5640000000000001,8.715
2022-09-25 01:00:00-03:00,0.601,8.991
2022-09-25 02:00:00-03:00,0.613,9.095
2022-09-25 03:00:00-03:00,0.618,9.127
2022-09-25 04:00:00-03:00,0.627,9.204
2022-09-25 05:00:00-03:00,0.648,9.369
2022-09-25 06:00:00-03:00,0.679,9.626
2022-09-25 07:00:00-03:00,0.6960000000000001,9.773
2022-09-25 08:00:00-03:00,0.655,9.416
2022-09-25 09:00:00-03:00,0.514,8.357
2022-09-25 10:00:00-03:00,0.733,10.097
2022-09-25 11:00:00-03:00,0.899,12.4
2022-09-25 12:00:00-03:00,0.915,12.826
2022-09-25 13:00:00-03:00,0.914,12.787
2022-09-25 14:00:00-03:00,0.9,12.43
2022-09-25 15:00:00-03:00,0.878,11.953
2022-09-25 16:00:00-03:00,0.789,10.688
2022-09-25 17:00:00-03:00,0.537,8.523
2022-09-25 18:00:00-03:00,0.431,7.77
2022-09-25 19:00:00-03:00,0.653,9.408
2022-09-25 20:00:00-03:00,0.8220000000000001,11.077
2022-09-25 21:00:00-03:00,0.8230000000000001,11.097
2022-09-25 22:00:00-03:00,0.788,10.68
2022-09-25 23:00:00-03:00,0.811,10.945
2022-09-26 00:00:00-03:00,0.75,10.276
2022-09-26 01:00:00-03:00,0.669,9.541
2022-09-26 02:00:00-03:00,0.6910000000000001,9.725999999999999
2022-09-26 03:00:00-03:00,0.633,9.249
2022-09-26 04:00:00-03:00,0.639,9.293
2022-09-26 05:00:00-03:00,0.63,9.226
2022-09-26 06:00:00-03:00,0.687,9.684
2022-09-26 07:00:00-03:00,0.741,10.171
2022-09-26 08:00:00-03:00,0.77,10.482
2022-09-26 09:00:00-03:00,0.926,13.213
2022-09-26 10:00:00-03:00,0.937,15.117
2022-09-26 11:00:00-03:00,0.899,16.667
2022-09-26 12:00:00-03:00,0.845,17.897
2022-09-26 13:00:00-03:00,0.797,18.734
2022-09-26 14:00:00-03:00,0.772,19.126
2022-09-26 15:00:00-03:00,0.773,19.115
2022-09-26 16:00:00-03:00,0.781,18.99
2022-09-26 17:00:00-03:00,0.8210000000000001,18.318
2022-09-26 18:00:00-03:00,0.897,16.739
2022-09-26 19:00:00-03:00,0.935,15.252
2022-09-26 20:00:00-03:00,0.9390000000000001,14.963
2022-09-26 21:00:00-03:00,0.9380000000000001,14.987
2022-09-26 22:00:00-03:00,0.937,15.128
2022-09-26 23:00:00-03:00,0.933,15.415
2022-09-27 00:00:00-03:00,0.925,15.813
2022-09-27 01:00:00-03:00,0.913,16.263
2022-09-27 02:00:00-03:00,0.897,16.727
2022-09-27 03:00:00-03:00,0.864,17.516
2022-09-27 04:00:00-03:00,0.8270000000000001,18.229
2022-09-27 05:00:00-03:00,0.794,18.787
2022-09-27 06:00:00-03:00,0.744,19.531
2022-09-27 07:00:00-03:00,0.6890000000000001,20.264
2022-09-27 08:00:00-03:00,0.661,20.627
2022-09-27 09:00:00-03:00,0.622,21.098
2022-09-27 10:00:00-03:00,0.558,21.828
2022-09-27 11:00:00-03:00,0.485,22.622
2022-09-27 12:00:00-03:00,0.47300000000000003,22.76
2022-09-27 13:00:00-03:00,0.494,22.527
2022-09-27 14:00:00-03:00,0.538,22.051
2022-09-27 15:00:00-03:00,0.599,21.365
2022-09-27 16:00:00-03:00,0.677,20.429
2022-09-27 17:00:00-03:00,0.761,19.289
2022-09-27 18:00:00-03:00,0.838,18.034
2022-09-27 19:00:00-03:00,0.887,16.983
2022-09-27 20:00:00-03:00,0.918,16.07
2022-09-27 21:00:00-03:00,0.931,15.494
2022-09-27 22:00:00-03:00,0.934,15.358
2022-09-27 23:00:00-03:00,0.935,15.249
2022-09-28 00:00:00-03:00,0.9380000000000001,14.998
2022-09-28 01:00:00-03:00,0.9400000000000001,14.761
2022-09-28 02:00:00-03:00,0.9410000000000001,14.576
2022-09-28 03:00:00-03:00,0.9400000000000001,14.267
2022-09-28 04:00:00-03:00,0.9390000000000001,13.956
2022-09-28 05:00:00-03:00,0.927,13.27
2022-09-28 06:00:00-03:00,0.899,12.405
2022-09-28 07:00:00-03:00,0.869,11.788
2022-09-28 08:00:00-03:00,0.842,11.355
2022-09-28 09:00:00-03:00,0.808,10.899000000000001
2022-09-28 10:00:00-03:00,0.8320000000000001,11.218
2022-09-28 11:00:00-03:00,0.893,12.268
2022-09-28 12:00:00-03:00,0.9390000000000001,14.062
2022-09-28 13:00:00-03:00,0.931,15.538
2022-09-28 14:00:00-03:00,0.909,16.388
2022-09-28 15:00:00-03:00,0.897,16.734
2022-09-28 16:00:00-03:00,0.896,16.752
2022-09-28 17:00:00-03:00,0.913,16.274
2022-09-28 18:00:00-03:00,0.9390000000000001,14.967
2022-09-28 19:00:00-03:00,0.923,13.11
2022-09-28 20:00:00-03:00,0.845,11.397
2022-09-28 21:00:00-03:00,0.743,10.201
2022-09-28 22:00:00-03:00,0.5760000000000001,8.805
2022-09-28 23:00:00-03:00,0.536,8.509
2022-09-29 00:00:00-03:00,0.529,8.47
2022-09-29 01:00:00-03:00,0.481,8.118
2022-09-29 02:00:00-03:00,0.422,7.7
2022-09-29 03:00:00-03:00,0.388,7.458
2022-09-29 04:00:00-03:00,0.423,7.713
2022-09-29 05:00:00-03:00,0.441,7.828
2022-09-29 06:00:00-03:00,0.464,8.002
2022-09-29 07:00:00-03:00,0.46900000000000003,8.031
2022-09-29 08:00:00-03:00,0.436,7.802
2022-09-29 09:00:00-03:00,0.309,6.854
2022-09-29 10:00:00-03:00,0.221,6.112
2022-09-29 11:00:00-03:00,0.221,6.115
2022-09-29 12:00:00-03:00,0.431,7.758
2022-09-29 13:00:00-03:00,0.682,9.646
2022-09-29 14:00:00-03:00,0.8270000000000001,11.157
2022-09-29 15:00:00-03:00,0.889,12.176
2022-09-29 16:00:00-03:00,0.913,12.785
2022-09-29 17:00:00-03:00,0.919,12.946
2022-09-29 18:00:00-03:00,0.887,12.136
2022-09-29 19:00:00-03:00,0.8270000000000001,11.156
2022-09-29 20:00:00-03:00,0.8290000000000001,11.178
2022-09-29 21:00:00-03:00,0.838,11.305
2022-09-29 22:00:00-03:00,0.843,11.388
2022-09-29 23:00:00-03:00,0.838,11.312
2022-09-30 00:00:00-03:00,0.812,10.962
2022-09-30 01:00:00-03:00,0.807,10.893
2022-09-30 02:00:00-03:00,0.8130000000000001,10.968
2022-09-30 03:00:00-03:00,0.804,10.849
2022-09-30 04:00:00-03:00,0.789,10.687
2022-09-30 05:00:00-03:00,0.769,10.469
2022-09-30 06:00:00-03:00,0.728,10.063
2022-09-30 07:00:00-03:00,0.656,9.432
2022-09-30 08:00:00-03:00,0.499,8.24
2022-09-30 09:00:00-03:00,0.5720000000000001,8.776
2022-09-30 10:00:00-03:00,0.781,10.596
2022-09-30 11:00:00-03:00,0.835,11.254
2022-09-30 12:00:00-03:00,0.866,11.75
2022-09-30 13:00:00-03:00,0.905,12.545
2022-09-30 14:00:00-03:00,0.927,13.277
2022-09-30 15:00:00-03:00,0.937,13.8
2022-09-30 16:00:00-03:00,0.9400000000000001,14.263
2022-09-30 17:00:00-03:00,0.9410000000000001,14.405
2022-09-30 18:00:00-03:00,0.9400000000000001,14.267
2022-09-30 19:00:00-03:00,0.9400000000000001,14.7
2022-09-30 20:00:00-03:00,0.936,15.232
2022-09-30 21:00:00-03:00,0.931,15.492
2022-09-30 22:00:00-03:00,0.927,15.712
2022-09-30 23:00:00-03:00,0.92,16.002
2022-10-01 00:00:00-03:00,0.921,15.957
2022-10-01 01:00:00-03:00,0.924,15.826
2022-10-01 02:00:00-03:00,0.934,15.319
2022-10-01 03:00:00-03:00,0.9390000000000001,13.992
2022-10-01 04:00:00-03:00,0.913,12.775
2022-10-01 05:00:00-03:00,0.877,11.942
2022-10-01 06:00:00-03:00,0.8300000000000001,11.203
2022-10-01 07:00:00-03:00,0.749,10.259
2022-10-01 08:00:00-03:00,0.619,9.141
2022-10-01 09:00:00-03:00,0.809,10.927
2022-10-01 10:00:00-03:00,0.8,10.812
2022-10-01 11:00:00-03:00,0.747,10.246
2022-10-01 12:00:00-03:00,0.6940000000000001,9.756
2022-10-01 13:00:00-03:00,0.65,9.381
2022-10-01 14:00:00-03:00,0.612,9.084
2022-10-01 15:00:00-03:00,0.591,8.917
2022-10-01 16:00:00-03:00,0.5700000000000001,8.767
2022-10-01 17:00:00-03:00,0.536,8.52
2022-10-01 18:00:00-03:00,0.466,8.02
2022-10-01 19:00:00-03:00,0.384,7.42
2022-10-01 20:00:00-03:00,0.341,7.101
2022-10-01 21:00:00-03:00,0.248,6.353
2022-10-01 22:00:00-03:00,0.167,5.564
2022-10-01 23:00:00-03:00,0.106,4.818
2022-10-02 00:00:00-03:00,0.068,4.199
2022-10-02 01:00:00-03:00,0.056,3.95
2022-10-02 02:00:00-03:00,0.079,4.394
2022-10-02 03:00:00-03:00,0.147,5.345
2022-10-02 04:00:00-03:00,0.233,6.219
2022-10-02 05:00:00-03:00,0.279,6.615
2022-10-02 06:00:00-03:00,0.278,6.608
2022-10-02 07:00:00-03:00,0.27,6.545
2022-10-02 08:00:00-03:00,0.188,5.789
2022-10-02 09:00:00-03:00,0.048,3.803
2022-10-02 10:00:00-03:00,0.19,5.813
2022-10-02 11:00:00-03:00,0.225,6.15
2022-10-02 12:00:00-03:00,0.234,6.227
2022-10-02 13:00:00-03:00,0.215,6.049
2022-10-02 14:00:00-03:00,0.171,5.616
2022-10-02 15:00:00-03:00,0.12,5.004
2022-10-02 16:00:00-03:00,0.073,4.279
2022-10-02 17:00:00-03:00,0.036000000000000004,3.481
2022-10-02 18:00:00-03:00,0.005,2.19
2022-10-02 19:00:00-03:00,0.009000000000000001,2.471
2022-10-02 20:00:00-03:00,0.067,4.187
2022-10-02 21:00:00-03:00,0.139,5.252
2022-10-02 22:00:00-03:00,0.165,5.54
2022-10-02 23:00:00-03:00,0.162,5.518
2022-10-03 00:00:00-03:00,0.135,5.198
2022-10-03 01:00:00-03:00,0.117,4.977
2022-10-03 02:00:00-03:00,0.135,5.196
2022-10-03 03:00:00-03:00,0.182,5.735
2022-10-03 04:00:00-03:00,0.126,5.092
2022-10-03 05:00:00-03:00,0.042,3.646
2022-10-03 06:00:00-03:00,0.008,2.382
2022-10-03 07:00:00-03:00,0.002,1.745
2022-10-03 08:00:00-03:00,0.0,1.278
2022-10-03 09:00:00-03:00,0.001,1.5270000000000001
2022-10-03 10:00:00-03:00,0.001,1.532
2022-10-03 11:00:00-03:00,0.001,1.403
2022-10-03 12:00:00-03:00,0.0,0.9450000000000001
2022-10-03 13:00:00-03:00,0.0,0.759
2022-10-03 14:00:00-03:00,0.0,1.1360000000000001
2022-10-03 15:00:00-03:00,0.001,1.5899999999999999
2022-10-03 16:00:00-03:00,0.001,1.569
2022-10-03 17:00:00-03:00,0.0,1.246
2022-10-03 18:00:00-03:00,0.0,0.899
2022-10-03 19:00:00-03:00,0.0,1.302
2022-10-03 20:00:00-03:00,0.017,2.852
2022-10-03 21:00:00-03:00,0.084,4.481
2022-10-03 22:00:00-03:00,0.182,5.735
2022-10-03 23:00:00-03:00,0.28,6.627
2022-10-04 00:00:00-03:00,0.339,7.081
2022-10-04 01:00:00-03:00,0.353,7.194
2022-10-04 02:00:00-03:00,0.394,7.494
2022-10-04 03:00:00-03:00,0.435,7.7940000000000005
2022-10-04 04:00:00-03:00,0.422,7.7010000000000005
2022-10-04 05:00:00-03:00,0.337,7.075
2022-10-04 06:00:00-03:00,0.248,6.354
2022-10-04 07:00:00-03:00,0.185,5.758
2022-10-04 08:00:00-03:00,0.136,5.215
2022-10-04 09:00:00-03:00,0.12,5.005
2022-10-04 10:00:00-03:00,0.377,7.377
2022-10-04 11:00:00-03:00,0.637,9.281
2022-10-04 12:00:00-03:00,0.774,10.52
2022-10-04 13:00:00-03:00,0.849,11.475
2022-10-04 14:00:00-03:00,0.886,12.116
2022-10-04 15:00:00-03:00,0.917,12.884
2022-10-04 16:00:00-03:00,0.936,13.778
2022-10-04 17:00:00-03:00,0.9400000000000001,14.225
2022-10-04 18:00:00-03:00,0.9390000000000001,14.049
2022-10-04 19:00:00-03:00,0.925,13.189
2022-10-04 20:00:00-03:00,0.901,12.459
2022-10-04 21:00:00-03:00,0.884,12.082
2022-10-04 22:00:00-03:00,0.857,11.596
2022-10-04 23:00:00-03:00,0.81,10.939
2022-10-05 00:00:00-03:00,0.738,10.155
2022-10-05 01:00:00-03:00,0.681,9.639
2022-10-05 02:00:00-03:00,0.624,9.172
2022-10-05 03:00:00-03:00,0.588,8.896
2022-10-05 04:00:00-03:00,0.512,8.343
2022-10-05 05:00:00-03:00,0.386,7.435
2022-10-05 06:00:00-03:00,0.36,7.246
2022-10-05 07:00:00-03:00,0.404,7.571
2022-10-05 08:00:00-03:00,0.434,7.782
2022-10-05 09:00:00-03:00,0.423,7.709
2022-10-05 10:00:00-03:00,0.47200000000000003,8.051
2022-10-05 11:00:00-03:00,0.489,8.175
2022-10-05 12:00:00-03:00,0.526,8.442
2022-10-05 13:00:00-03:00,0.485,8.145
2022-10-05 14:00:00-03:00,0.389,7.464
2022-10-05 15:00:00-03:00,0.275,6.58
2022-10-05 16:00:00-03:00,0.17200000000000001,5.629
2022-10-05 17:00:00-03:00,0.096,4.656
2022-10-05 18:00:00-03:00,0.054,3.93
2022-10-05 19:00:00-03:00,0.058,4.012
2022-10-05 20:00:00-03:00,0.057,3.969
2022-10-05 21:00:00-03:00,0.094,4.627
2022-10-05 22:00:00-03:00,0.226,6.158
2022-10-05 23:00:00-03:00,0.384,7.429
2022-10-06 00:00:00-03:00,0.444,7.861
2022-10-06 01:00:00-03:00,0.501,8.268
2022-10-06 02:00:00-03:00,0.504,8.282
2022-10-06 03:00:00-03:00,0.531,8.479
2022-10-06 04:00:00-03:00,0.558,8.671
2022-10-06 05:00:00-03:00,0.589,8.901
2022-10-06 06:00:00-03:00,0.586,8.887
2022-10-06 07:00:00-03:00,0.5730000000000001,8.779
2022-10-06 08:00:00-03:00,0.547,8.596
2022-10-06 09:00:00-03:00,0.782,10.604
2022-10-06 10:00:00-03:00,0.855,11.563
2022-10-06 11:00:00-03:00,0.873,11.871
2022-10-06 12:00:00-03:00,0.878,11.965
2022-10-06 13:00:00-03:00,0.869,11.786
2022-10-06 14:00:00-03:00,0.863,11.69
2022-10-06 15:00:00-03:00,0.863,11.695
2022-10-06 16:00:00-03:00,0.855,11.57
2022-10-06 17:00:00-03:00,0.806,10.886
2022-10-06 18:00:00-03:00,0.622,9.156
2022-10-06 19:00:00-03:00,0.40800000000000003,7.598
2022-10-06 20:00:00-03:00,0.34700000000000003,7.147
2022-10-06 21:00:00-03:00,0.333,7.05
2022-10-06 22:00:00-03:00,0.384,7.419
2022-10-06 23:00:00-03:00,0.435,7.793
2022-10-07 00:00:00-03:00,0.456,7.944
2022-10-07 01:00:00-03:00,0.46,7.971
2022-10-07 02:00:00-03:00,0.454,7.922
2022-10-07 03:00:00-03:00,0.47100000000000003,8.047
2022-10-07 04:00:00-03:00,0.47200000000000003,8.057
2022-10-07 05:00:00-03:00,0.462,7.984
2022-10-07 06:00:00-03:00,0.46,7.976
2022-10-07 07:00:00-03:00,0.489,8.177
2022-10-07 08:00:00-03:00,0.5650000000000001,8.73
2022-10-07 09:00:00-03:00,0.837,11.299
2022-10-07 10:00:00-03:00,0.908,12.63
2022-10-07 11:00:00-03:00,0.917,12.886
2022-10-07 12:00:00-03:00,0.925,13.162
2022-10-07 13:00:00-03:00,0.929,13.345
2022-10-07 14:00:00-03:00,0.936,13.751
2022-10-07 15:00:00-03:00,0.9410000000000001,14.298
2022-10-07 16:00:00-03:00,0.9400000000000001,14.801
2022-10-07 17:00:00-03:00,0.9390000000000001,14.903
2022-10-07 18:00:00-03:00,0.9400000000000001,14.678
2022-10-07 19:00:00-03:00,0.935,13.661
2022-10-07 20:00:00-03:00,0.912,12.747
2022-10-07 21:00:00-03:00,0.91,12.69
2022-10-07 22:00:00-03:00,0.92,12.998
2022-10-07 23:00:00-03:00,0.928,13.284
2022-10-08 00:00:00-03:00,0.933,13.541
2022-10-08 01:00:00-03:00,0.937,13.859
2022-10-08 02:00:00-03:00,0.9410000000000001,14.624
2022-10-08 03:00:00-03:00,0.933,15.39
2022-10-08 04:00:00-03:00,0.918,16.088
2022-10-08 05:00:00-03:00,0.896,16.766
2022-10-08 06:00:00-03:00,0.886,17.027
2022-10-08 07:00:00-03:00,0.88,17.148
2022-10-08 08:00:00-03:00,0.879,17.197
2022-10-08 09:00:00-03:00,0.871,17.356
2022-10-08 10:00:00-03:00,0.8200000000000001,18.345
2022-10-08 11:00:00-03:00,0.764,19.236
2022-10-08 12:00:00-03:00,0.73,19.728
2022-10-08 13:00:00-03:00,0.73,19.732
2022-10-08 14:00:00-03:00,0.732,19.705
2022-10-08 15:00:00-03:00,0.736,19.653
2022-10-08 16:00:00-03:00,0.755,19.372
2022-10-08 17:00:00-03:00,0.791,18.833
2022-10-08 18:00:00-03:00,0.833,18.124
2022-10-08 19:00:00-03:00,0.847,17.865
2022-10-08 20:00:00-03:00,0.85,17.802
2022-10-08 21:00:00-03:00,0.844,17.915
2022-10-08 22:00:00-03:00,0.807,18.573
2022-10-08 23:00:00-03:00,0.772,19.122
2022-10-09 00:00:00-03:00,0.7020000000000001,20.103
2022-10-09 01:00:00-03:00,0.579,21.596
2022-10-09 02:00:00-03:00,0.458,22.913
2022-10-09 03:00:00-03:00,0.393,23.606
2022-10-09 04:00:00-03:00,0.379,23.756
2022-10-09 05:00:00-03:00,0.4,23.527
2022-10-09 06:00:00-03:00,0.455,22.945
2022-10-09 07:00:00-03:00,0.531,22.124
2022-10-09 08:00:00-03:00,0.581,21.563
2022-10-09 09:00:00-03:00,0.615,21.181
2022-10-09 10:00:00-03:00,0.592,21.447
2022-10-09 11:00:00-03:00,0.536,22.08
2022-10-09 12:00:00-03:00,0.47600000000000003,22.72
2022-10-09 13:00:00-03:00,0.47000000000000003,22.789
2022-10-09 14:00:00-03:00,0.47700000000000004,22.701
2022-10-09 15:00:00-03:00,0.483,22.648
2022-10-09 16:00:00-03:00,0.481,22.676
2022-10-09 17:00:00-03:00,0.503,22.432
2022-10-09 18:00:00-03:00,0.531,22.122
2022-10-09 19:00:00-03:00,0.581,21.576
2022-10-09 20:00:00-03:00,0.64,20.881
2022-10-09 21:00:00-03:00,0.653,20.73
2022-10-09 22:00:00-03:00,0.666,20.559
2022-10-09 23:00:00-03:00,0.678,20.412
2022-10-10 00:00:00-03:00,0.715,19.923000000000002
2022-10-10 01:00:00-03:00,0.756,19.367
2022-10-10 02:00:00-03:00,0.779,19.024
2022-10-10 03:00:00-03:00,0.796,18.747
2022-10-10 04:00:00-03:00,0.798,18.713
2022-10-10 05:00:00-03:00,0.789,18.867
2022-10-10 06:00:00-03:00,0.777,19.047
2022-10-10 07:00:00-03:00,0.805,18.601
2022-10-10 08:00:00-03:00,0.848,17.848
2022-10-10 09:00:00-03:00,0.854,17.726
2022-10-10 10:00:00-03:00,0.8270000000000001,18.229
2022-10-10 11:00:00-03:00,0.794,18.79
2022-10-10 12:00:00-03:00,0.8320000000000001,18.137
2022-10-10 13:00:00-03:00,0.849,17.826
2022-10-10 14:00:00-03:00,0.85,17.794
2022-10-10 15:00:00-03:00,0.874,17.293
2022-10-10 16:00:00-03:00,0.902,16.613
2022-10-10 17:00:00-03:00,0.923,15.889
2022-10-10 18:00:00-03:00,0.9410000000000001,14.526
2022-10-10 19:00:00-03:00,0.877,11.941
2022-10-10 20:00:00-03:00,0.731,10.079
2022-10-10 21:00:00-03:00,0.714,9.919
2022-10-10 22:00:00-03:00,0.712,9.912
2022-10-10 23:00:00-03:00,0.706,9.857
2022-10-11 00:00:00-03:00,0.68,9.628
2022-10-11 01:00:00-03:00,0.624,9.175
2022-10-11 02:00:00-03:00,0.5680000000000001,8.746
2022-10-11 03:00:00-03:00,0.504,8.29
2022-10-11 04:00:00-03:00,0.462,7.986
2022-10-11 05:00:00-03:00,0.458,7.96
2022-10-11 06:00:00-03:00,0.502,8.273
2022-10-11 07:00:00-03:00,0.5640000000000001,8.724
2022-10-11 08:00:00-03:00,0.55,8.618
2022-10-11 09:00:00-03:00,0.604,9.012
2022-10-11 10:00:00-03:00,0.845,11.406
2022-10-11 11:00:00-03:00,0.925,13.176
2022-10-11 12:00:00-03:00,0.9400000000000001,14.728
2022-10-11 13:00:00-03:00,0.927,15.723
2022-10-11 14:00:00-03:00,0.907,16.459
2022-10-11 15:00:00-03:00,0.899,16.682
2022-10-11 16:00:00-03:00,0.918,16.067
2022-10-11 17:00:00-03:00,0.937,15.099
2022-10-11 18:00:00-03:00,0.9410000000000001,14.504
2022-10-11 19:00:00-03:00,0.9380000000000001,13.926
2022-10-11 20:00:00-03:00,0.931,13.443
2022-10-11 21:00:00-03:00,0.934,13.609
2022-10-11 22:00:00-03:00,0.9410000000000001,14.431
2022-10-11 23:00:00-03:00,0.9410000000000001,14.441
2022-10-12 00:00:00-03:00,0.936,13.744
2022-10-12 01:00:00-03:00,0.933,13.534
2022-10-12 02:00:00-03:00,0.9400000000000001,14.095
2022-10-12 03:00:00-03:00,0.9400000000000001,14.701
2022-10-12 04:00:00-03:00,0.936,15.222
2022-10-12 05:00:00-03:00,0.923,15.898
2022-10-12 06:00:00-03:00,0.903,16.57
2022-10-12 07:00:00-03:00,0.895,16.795
2022-10-12 08:00:00-03:00,0.874,17.292
2022-10-12 09:00:00-03:00,0.753,19.398
2022-10-12 10:00:00-03:00,0.677,20.424
2022-10-12 11:00:00-03:00,0.632,20.969
2022-10-12 12:00:00-03:00,0.5730000000000001,21.659
2022-10-12 13:00:00-03:00,0.562,21.788
2022-10-12 14:00:00-03:00,0.583,21.545
2022-10-12 15:00:00-03:00,0.624,21.073
2022-10-12 16:00:00-03:00,0.671,20.504
2022-10-12 17:00:00-03:00,0.73,19.73
2022-10-12 18:00:00-03:00,0.784,18.936
2022-10-12 19:00:00-03:00,0.874,17.303
2022-10-12 20:00:00-03:00,0.928,15.672
2022-10-12 21:00:00-03:00,0.9400000000000001,14.714
2022-10-12 22:00:00-03:00,0.9400000000000001,14.131
2022-10-12 23:00:00-03:00,0.932,13.485
2022-10-13 00:00:00-03:00,0.893,12.271
2022-10-13 01:00:00-03:00,0.867,11.755
2022-10-13 02:00:00-03:00,0.845,11.413
2022-10-13 03:00:00-03:00,0.8200000000000001,11.065
2022-10-13 04:00:00-03:00,0.787,10.662
2022-10-13 05:00:00-03:00,0.749,10.261
2022-10-13 06:00:00-03:00,0.707,9.868
2022-10-13 07:00:00-03:00,0.611,9.077
2022-10-13 08:00:00-03:00,0.555,8.659
2022-10-13 09:00:00-03:00,0.8160000000000001,11.004
2022-10-13 10:00:00-03:00,0.8160000000000001,11.003
2022-10-13 11:00:00-03:00,0.746,10.231
2022-10-13 12:00:00-03:00,0.664,9.5
2022-10-13 13:00:00-03:00,0.617,9.119
2022-10-13 14:00:00-03:00,0.613,9.091
2022-10-13 15:00:00-03:00,0.635,9.257
2022-10-13 16:00:00-03:00,0.681,9.638
2022-10-13 17:00:00-03:00,0.74,10.177
2022-10-13 18:00:00-03:00,0.796,10.764
2022-10-13 19:00:00-03:00,0.808,10.911
2022-10-13 20:00:00-03:00,0.808,10.911
2022-10-13 21:00:00-03:00,0.767,10.44
2022-10-13 22:00:00-03:00,0.782,10.599
2022-10-13 23:00:00-03:00,0.799,10.8
2022-10-14 00:00:00-03:00,0.8170000000000001,11.01
2022-10-14 01:00:00-03:00,0.87,11.814
2022-10-14 02:00:00-03:00,0.904,12.51
2022-10-14 03:00:00-03:00,0.92,12.977
2022-10-14 04:00:00-03:00,0.929,13.323
2022-10-14 05:00:00-03:00,0.933,13.55
2022-10-14 06:00:00-03:00,0.9400000000000001,14.164
2022-10-14 07:00:00-03:00,0.9400000000000001,14.756
2022-10-14 08:00:00-03:00,0.9390000000000001,14.943
2022-10-14 09:00:00-03:00,0.927,15.708
2022-10-14 10:00:00-03:00,0.922,15.915
2022-10-14 11:00:00-03:00,0.936,15.218
2022-10-14 12:00:00-03:00,0.9400000000000001,14.749
2022-10-14 13:00:00-03:00,0.936,15.229
2022-10-14 14:00:00-03:00,0.917,16.14
2022-10-14 15:00:00-03:00,0.896,16.756
2022-10-14 16:00:00-03:00,0.868,17.428
2022-10-14 17:00:00-03:00,0.846,17.878
2022-10-14 18:00:00-03:00,0.835,18.083
2022-10-14 19:00:00-03:00,0.8190000000000001,18.369
2022-10-14 20:00:00-03:00,0.8240000000000001,18.282
2022-10-14 21:00:00-03:00,0.8210000000000001,18.336
2022-10-14 22:00:00-03:00,0.8270000000000001,18.234
2022-10-14 23:00:00-03:00,0.8200000000000001,18.351
2022-10-15 00:00:00-03:00,0.8200000000000001,18.359
2022-10-15 01:00:00-03:00,0.867,17.452
2022-10-15 02:00:00-03:00,0.909,16.37
2022-10-15 03:00:00-03:00,0.921,15.961
2022-10-15 04:00:00-03:00,0.931,15.506
2022-10-15 05:00:00-03:00,0.9390000000000001,14.961
2022-10-15 06:00:00-03:00,0.9390000000000001,14.02
2022-10-15 07:00:00-03:00,0.906,12.576
2022-10-15 08:00:00-03:00,0.869,11.797
2022-10-15 09:00:00-03:00,0.805,10.869
2022-10-15 10:00:00-03:00,0.592,8.928
2022-10-15 11:00:00-03:00,0.334,7.055
2022-10-15 12:00:00-03:00,0.183,5.74
2022-10-15 13:00:00-03:00,0.171,5.619
2022-10-15 14:00:00-03:00,0.267,6.519
2022-10-15 15:00:00-03:00,0.429,7.745
2022-10-15 16:00:00-03:00,0.561,8.69
2022-10-15 17:00:00-03:00,0.62,9.142
2022-10-15 18:00:00-03:00,0.582,8.857
2022-10-15 19:00:00-03:00,0.451,7.912
2022-10-15 20:00:00-03:00,0.423,7.712
2022-10-15 21:00:00-03:00,0.389,7.467
2022-10-15 22:00:00-03:00,0.338,7.077
2022-10-15 23:00:00-03:00,0.314,6.9030000000000005
2022-10-16 00:00:00-03:00,0.343,7.115
2022-10-16 01:00:00-03:00,0.397,7.517
2022-10-16 02:00:00-03:00,0.439,7.822
2022-10-16 03:00:00-03:00,0.464,7.996
2022-10-16 04:00:00-03:00,0.457,7.954
2022-10-16 05:00:00-03:00,0.444,7.858
2022-10-16 06:00:00-03:00,0.431,7.761
2022-10-16 07:00:00-03:00,0.375,7.353
2022-10-16 08:00:00-03:00,0.197,5.888
2022-10-16 09:00:00-03:00,0.179,5.695
2022-10-16 10:00:00-03:00,0.417,7.659
2022-10-16 11:00:00-03:00,0.547,8.6
2022-10-16 12:00:00-03:00,0.514,8.35
2022-10-16 13:00:00-03:00,0.481,8.115
2022-10-16 14:00:00-03:00,0.482,8.134
2022-10-16 15:00:00-03:00,0.511,8.338
2022-10-16 16:00:00-03:00,0.555,8.654
2022-10-16 17:00:00-03:00,0.58,8.844
2022-10-16 18:00:00-03:00,0.5730000000000001,8.78
2022-10-16 19:00:00-03:00,0.505,8.292
2022-10-16 20:00:00-03:00,0.549,8.616
2022-10-16 21:00:00-03:00,0.592,8.924
2022-10-16 22:00:00-03:00,0.558,8.671
2022-10-16 23:00:00-03:00,0.539,8.53
2022-10-17 00:00:00-03:00,0.581,8.852
2022-10-17 01:00:00-03:00,0.635,9.256
2022-10-17 02:00:00-03:00,0.676,9.594
2022-10-17 03:00:00-03:00,0.733,10.102
2022-10-17 04:00:00-03:00,0.77,10.482
2022-10-17 05:00:00-03:00,0.795,10.754
2022-10-17 06:00:00-03:00,0.808,10.918
2022-10-17 07:00:00-03:00,0.784,10.63
2022-10-17 08:00:00-03:00,0.8230000000000001,11.095
2022-10-17 09:00:00-03:00,0.907,12.6
2022-10-17 10:00:00-03:00,0.934,13.582
2022-10-17 11:00:00-03:00,0.9410000000000001,14.49
2022-10-17 12:00:00-03:00,0.936,15.224
2022-10-17 13:00:00-03:00,0.923,15.899000000000001
2022-10-17 14:00:00-03:00,0.911,16.324
2022-10-17 15:00:00-03:00,0.905,16.51
2022-10-17 16:00:00-03:00,0.912,16.305
2022-10-17 17:00:00-03:00,0.928,15.674
2022-10-17 18:00:00-03:00,0.9410000000000001,14.589
2022-10-17 19:00:00-03:00,0.93,13.419
2022-10-17 20:00:00-03:00,0.891,12.208
2022-10-17 21:00:00-03:00,0.843,11.383
2022-10-17 22:00:00-03:00,0.835,11.255
2022-10-17 23:00:00-03:00,0.853,11.525
2022-10-18 00:00:00-03:00,0.883,12.065
2022-10-18 01:00:00-03:00,0.91,12.689
2022-10-18 02:00:00-03:00,0.925,13.165
2022-10-18 03:00:00-03:00,0.934,13.636
2022-10-18 04:00:00-03:00,0.9410000000000001,14.413
2022-10-18 05:00:00-03:00,0.931,15.508
2022-10-18 06:00:00-03:00,0.896,16.767
2022-10-18 07:00:00-03:00,0.856,17.685
2022-10-18 08:00:00-03:00,0.8130000000000001,18.478
2022-10-18 09:00:00-03:00,0.772,19.121
2022-10-18 10:00:00-03:00,0.745,19.518
2022-10-18 11:00:00-03:00,0.729,19.74
2022-10-18 12:00:00-03:00,0.769,19.163
2022-10-18 13:00:00-03:00,0.867,17.444
2022-10-18 14:00:00-03:00,0.918,16.069
2022-10-18 15:00:00-03:00,0.933,15.406
2022-10-18 16:00:00-03:00,0.936,15.172
2022-10-18 17:00:00-03:00,0.9410000000000001,14.634
2022-10-18 18:00:00-03:00,0.9400000000000001,14.129
2022-10-18 19:00:00-03:00,0.925,13.191
2022-10-18 20:00:00-03:00,0.874,11.89
2022-10-18 21:00:00-03:00,0.808,10.917
2022-10-18 22:00:00-03:00,0.785,10.639
2022-10-18 23:00:00-03:00,0.763,10.398
2022-10-19 00:00:00-03:00,0.746,10.235
2022-10-19 01:00:00-03:00,0.754,10.316
2022-10-19 02:00:00-03:00,0.796,10.774000000000001
2022-10-19 03:00:00-03:00,0.812,10.965
2022-10-19 04:00:00-03:00,0.811,10.951
2022-10-19 05:00:00-03:00,0.794,10.743
2022-10-19 06:00:00-03:00,0.784,10.637
2022-10-19 07:00:00-03:00,0.773,10.511
2022-10-19 08:00:00-03:00,0.781,10.593
2022-10-19 09:00:00-03:00,0.925,13.178
2022-10-19 10:00:00-03:00,0.9410000000000001,14.271
2022-10-19 11:00:00-03:00,0.9410000000000001,14.459
2022-10-19 12:00:00-03:00,0.9410000000000001,14.37
2022-10-19 13:00:00-03:00,0.9410000000000001,14.394
2022-10-19 14:00:00-03:00,0.9410000000000001,14.513
2022-10-19 15:00:00-03:00,0.9400000000000001,14.769
2022-10-19 16:00:00-03:00,0.9380000000000001,14.999
2022-10-19 17:00:00-03:00,0.9380000000000001,14.975
2022-10-19 18:00:00-03:00,0.9410000000000001,14.341
2022-10-19 19:00:00-03:00,0.909,12.661
2022-10-19 20:00:00-03:00,0.753,10.302
2022-10-19 21:00:00-03:00,0.615,9.11
2022-10-19 22:00:00-03:00,0.709,9.889
2022-10-19 23:00:00-03:00,0.763,10.401
2022-10-20 00:00:00-03:00,0.808,10.914
2022-10-20 01:00:00-03:00,0.8290000000000001,11.189
2022-10-20 02:00:00-03:00,0.833,11.234
2022-10-20 03:00:00-03:00,0.8160000000000001,11.005
2022-10-20 04:00:00-03:00,0.788,10.68
2022-10-20 05:00:00-03:00,0.776,10.543
2022-10-20 06:00:00-03:00,0.784,10.637
2022-10-20 07:00:00-03:00,0.86,11.637
2022-10-20 08:00:00-03:00,0.918,12.92
2022-10-20 09:00:00-03:00,0.9390000000000001,13.993
2022-10-20 10:00:00-03:00,0.9410000000000001,14.471
2022-10-20 11:00:00-03:00,0.936,15.172
2022-10-20 12:00:00-03:00,0.926,15.749
2022-10-20 13:00:00-03:00,0.918,16.075
2022-10-20 14:00:00-03:00,0.914,16.221
2022-10-20 15:00:00-03:00,0.907,16.443
2022-10-20 16:00:00-03:00,0.906,16.47
2022-10-20 17:00:00-03:00,0.911,16.314
2022-10-20 18:00:00-03:00,0.912,16.303
2022-10-20 19:00:00-03:00,0.928,15.655
2022-10-20 20:00:00-03:00,0.9380000000000001,14.986
2022-10-20 21:00:00-03:00,0.9390000000000001,14.887
2022-10-20 22:00:00-03:00,0.937,15.074
2022-10-20 23:00:00-03:00,0.933,15.431
2022-10-21 00:00:00-03:00,0.929,15.619
2022-10-21 01:00:00-03:00,0.926,15.766
2022-10-21 02:00:00-03:00,0.923,15.908
2022-10-21 03:00:00-03:00,0.912,16.281
2022-10-21 04:00:00-03:00,0.905,16.523
2022-10-21 05:00:00-03:00,0.906,16.485
2022-10-21 06:00:00-03:00,0.914,16.215
2022-10-21 07:00:00-03:00,0.924,15.87
2022-10-21 08:00:00-03:00,0.913,16.253
2022-10-21 09:00:00-03:00,0.839,18.008
2022-10-21 10:00:00-03:00,0.795,18.775
2022-10-21 11:00:00-03:00,0.761,19.292
2022-10-21 12:00:00-03:00,0.729,19.749
2022-10-21 13:00:00-03:00,0.726,19.783
2022-10-21 14:00:00-03:00,0.736,19.648
2022-10-21 15:00:00-03:00,0.729,19.75
2022-10-21 16:00:00-03:00,0.714,19.939
2022-10-21 17:00:00-03:00,0.727,19.77
2022-10-21 18:00:00-03:00,0.761,19.277
2022-10-21 19:00:00-03:00,0.81,18.526
2022-10-21 20:00:00-03:00,0.86,17.605
2022-10-21 21:00:00-03:00,0.891,16.893
2022-10-21 22:00:00-03:00,0.895,16.789
2022-10-21 23:00:00-03:00,0.89,16.913
2022-10-22 00:00:00-03:00,0.881,17.134
2022-10-22 01:00:00-03:00,0.873,17.307
2022-10-22 02:00:00-03:00,0.876,17.251
2022-10-22 03:00:00-03:00,0.882,17.109
2022-10-22 04:00:00-03:00,0.893,16.832
2022-10-22 05:00:00-03:00,0.905,16.509
2022-10-22 06:00:00-03:00,0.921,15.986
2022-10-22 07:00:00-03:00,0.937,15.09
2022-10-22 08:00:00-03:00,0.9410000000000001,14.357
2022-10-22 09:00:00-03:00,0.9400000000000001,14.753
2022-10-22 10:00:00-03:00,0.9410000000000001,14.415
2022-10-22 11:00:00-03:00,0.934,13.582
2022-10-22 12:00:00-03:00,0.932,13.501
2022-10-22 13:00:00-03:00,0.924,13.143
2022-10-22 14:00:00-03:00,0.904,12.534
2022-10-22 15:00:00-03:00,0.855,11.569
2022-10-22 16:00:00-03:00,0.808,10.904
2022-10-22 17:00:00-03:00,0.8300000000000001,11.192
2022-10-22 18:00:00-03:00,0.84,11.335
2022-10-22 19:00:00-03:00,0.837,11.298
2022-10-22 20:00:00-03:00,0.8310000000000001,11.209
2022-10-22 21:00:00-03:00,0.806,10.883
2022-10-22 22:00:00-03:00,0.711,9.898
2022-10-22 23:00:00-03:00,0.645,9.346
2022-10-23 00:00:00-03:00,0.585,8.879
2022-10-23 01:00:00-03:00,0.558,8.673
2022-10-23 02:00:00-03:00,0.561,8.693
2022-10-23 03:00:00-03:00,0.586,8.886
2022-10-23 04:00:00-03:00,0.598,8.98
2022-10-23 05:00:00-03:00,0.645,9.342
2022-10-23 06:00:00-03:00,0.678,9.612
2022-10-23 07:00:00-03:00,0.667,9.525
2022-10-23 08:00:00-03:00,0.545,8.571
2022-10-23 09:00:00-03:00,0.67,9.548
2022-10-23 10:00:00-03:00,0.87,11.818
2022-10-23 11:00:00-03:00,0.911,12.708
2022-10-23 12:00:00-03:00,0.924,13.124
2022-10-23 13:00:00-03:00,0.926,13.211
2022-10-23 14:00:00-03:00,0.928,13.286
2022-10-23 15:00:00-03:00,0.928,13.296
2022-10-23 16:00:00-03:00,0.919,12.959
2022-10-23 17:00:00-03:00,0.898,12.377
2022-10-23 18:00:00-03:00,0.853,11.526
2022-10-23 19:00:00-03:00,0.714,9.925
2022-10-23 20:00:00-03:00,0.527,8.45
2022-10-23 21:00:00-03:00,0.466,8.015
2022-10-23 22:00:00-03:00,0.444,7.849
2022-10-23 23:00:00-03:00,0.444,7.853
2022-10-24 00:00:00-03:00,0.504,8.29
2022-10-24 01:00:00-03:00,0.546,8.594
2022-10-24 02:00:00-03:00,0.551,8.626
2022-10-24 03:00:00-03:00,0.529,8.471
2022-10-24 04:00:00-03:00,0.47200000000000003,8.051
2022-10-24 05:00:00-03:00,0.447,7.88
2022-10-24 06:00:00-03:00,0.384,7.425
2022-10-24 07:00:00-03:00,0.318,6.921
2022-10-24 08:00:00-03:00,0.341,7.101
2022-10-24 09:00:00-03:00,0.617,9.126
2022-10-24 10:00:00-03:00,0.784,10.628
2022-10-24 11:00:00-03:00,0.86,11.641
2022-10-24 12:00:00-03:00,0.906,12.586
2022-10-24 13:00:00-03:00,0.927,13.262
2022-10-24 14:00:00-03:00,0.936,13.775
2022-10-24 15:00:00-03:00,0.9400000000000001,14.167
2022-10-24 16:00:00-03:00,0.9410000000000001,14.305
2022-10-24 17:00:00-03:00,0.9400000000000001,14.72
2022-10-24 18:00:00-03:00,0.935,15.281
2022-10-24 19:00:00-03:00,0.9400000000000001,14.779
2022-10-24 20:00:00-03:00,0.929,13.346
2022-10-24 21:00:00-03:00,0.889,12.185
2022-10-24 22:00:00-03:00,0.844,11.392
2022-10-24 23:00:00-03:00,0.777,10.55
2022-10-25 00:00:00-03:00,0.667,9.522
2022-10-25 01:00:00-03:00,0.451,7.908
2022-10-25 02:00:00-03:00,0.34800000000000003,7.148
2022-10-25 03:00:00-03:00,0.266,6.507
2022-10-25 04:00:00-03:00,0.167,5.567
2022-10-25 05:00:00-03:00,0.096,4.668
2022-10-25 06:00:00-03:00,0.09,4.571
2022-10-25 07:00:00-03:00,0.106,4.812
2022-10-25 08:00:00-03:00,0.089,4.57
2022-10-25 09:00:00-03:00,0.169,5.599
2022-10-25 10:00:00-03:00,0.342,7.112
2022-10-25 11:00:00-03:00,0.546,8.586
2022-10-25 12:00:00-03:00,0.6880000000000001,9.698
2022-10-25 13:00:00-03:00,0.772,10.502
2022-10-25 14:00:00-03:00,0.8270000000000001,11.156
2022-10-25 15:00:00-03:00,0.865,11.722
2022-10-25 16:00:00-03:00,0.902,12.466
2022-10-25 17:00:00-03:00,0.904,12.507
2022-10-25 18:00:00-03:00,0.882,12.032
2022-10-25 19:00:00-03:00,0.896,12.331
2022-10-25 20:00:00-03:00,0.846,11.419
2022-10-25 21:00:00-03:00,0.706,9.858
2022-10-25 22:00:00-03:00,0.707,9.871
2022-10-25 23:00:00-03:00,0.788,10.681000000000001
2022-10-26 00:00:00-03:00,0.864,11.72
2022-10-26 01:00:00-03:00,0.903,12.488
2022-10-26 02:00:00-03:00,0.912,12.747
2022-10-26 03:00:00-03:00,0.91,12.694
2022-10-26 04:00:00-03:00,0.906,12.585
2022-10-26 05:00:00-03:00,0.908,12.639
2022-10-26 06:00:00-03:00,0.911,12.702
2022-10-26 07:00:00-03:00,0.927,13.246
2022-10-26 08:00:00-03:00,0.9400000000000001,14.684
2022-10-26 09:00:00-03:00,0.833,18.123
2022-10-26 10:00:00-03:00,0.6880000000000001,20.276
2022-10-26 11:00:00-03:00,0.659,20.644
2022-10-26 12:00:00-03:00,0.648,20.79
2022-10-26 13:00:00-03:00,0.6880000000000001,20.291
2022-10-26 14:00:00-03:00,0.767,19.201
2022-10-26 15:00:00-03:00,0.835,18.085
2022-10-26 16:00:00-03:00,0.867,17.461
2022-10-26 17:00:00-03:00,0.836,18.066
2022-10-26 18:00:00-03:00,0.778,19.029
2022-10-26 19:00:00-03:00,0.763,19.258
2022-10-26 20:00:00-03:00,0.782,18.975
2022-10-26 21:00:00-03:00,0.8170000000000001,18.397
2022-10-26 22:00:00-03:00,0.852,17.76
2022-10-26 23:00:00-03:00,0.887,16.99
2022-10-27 00:00:00-03:00,0.921,15.974
2022-10-27 01:00:00-03:00,0.9410000000000001,14.554
2022-10-27 02:00:00-03:00,0.918,12.906
2022-10-27 03:00:00-03:00,0.838,11.31
2022-10-27 04:00:00-03:00,0.6900000000000001,9.712
2022-10-27 05:00:00-03:00,0.519,8.395
2022-10-27 06:00:00-03:00,0.389,7.463
2022-10-27 07:00:00-03:00,0.272,6.558
2022-10-27 08:00:00-03:00,0.259,6.451
2022-10-27 09:00:00-03:00,0.35100000000000003,7.181
2022-10-27 10:00:00-03:00,0.451,7.905
2022-10-27 11:00:00-03:00,0.557,8.667
2022-10-27 12:00:00-03:00,0.629,9.218
2022-10-27 13:00:00-03:00,0.65,9.386
2022-10-27 14:00:00-03:00,0.633,9.24
2022-10-27 15:00:00-03:00,0.601,8.99
2022-10-27 16:00:00-03:00,0.618,9.129
2022-10-27 17:00:00-03:00,0.6950000000000001,9.765
2022-10-27 18:00:00-03:00,0.754,10.314
2022-10-27 19:00:00-03:00,0.8140000000000001,10.984
2022-10-27 20:00:00-03:00,0.804,10.852
2022-10-27 21:00:00-03:00,0.8320000000000001,11.221
2022-10-27 22:00:00-03:00,0.861,11.654
2022-10-27 23:00:00-03:00,0.8280000000000001,11.164
2022-10-28 00:00:00-03:00,0.764,10.413
2022-10-28 01:00:00-03:00,0.726,10.044
2022-10-28 02:00:00-03:00,0.725,10.029
2022-10-28 03:00:00-03:00,0.803,10.844
2022-10-28 04:00:00-03:00,0.871,11.829
2022-10-28 05:00:00-03:00,0.847,11.444
2022-10-28 06:00:00-03:00,0.773,10.514
2022-10-28 07:00:00-03:00,0.6960000000000001,9.774000000000001
2022-10-28 08:00:00-03:00,0.802,10.832
2022-10-28 09:00:00-03:00,0.9410000000000001,14.408
2022-10-28 10:00:00-03:00,0.88,17.149
2022-10-28 11:00:00-03:00,0.852,17.755
2022-10-28 12:00:00-03:00,0.836,18.07
2022-10-28 13:00:00-03:00,0.8310000000000001,18.164
2022-10-28 14:00:00-03:00,0.836,18.052
2022-10-28 15:00:00-03:00,0.8320000000000001,18.14
2022-10-28 16:00:00-03:00,0.8150000000000001,18.437
2022-10-28 17:00:00-03:00,0.8260000000000001,18.25
2022-10-28 18:00:00-03:00,0.837,18.043
2022-10-28 19:00:00-03:00,0.898,16.703
2022-10-28 20:00:00-03:00,0.929,15.594
2022-10-28 21:00:00-03:00,0.9390000000000001,14.896
2022-10-28 22:00:00-03:00,0.9400000000000001,14.197
2022-10-28 23:00:00-03:00,0.927,13.273
2022-10-29 00:00:00-03:00,0.872,11.849
2022-10-29 01:00:00-03:00,0.842,11.367
2022-10-29 02:00:00-03:00,0.882,12.047
2022-10-29 03:00:00-03:00,0.919,12.968
2022-10-29 04:00:00-03:00,0.9400000000000001,14.229
2022-10-29 05:00:00-03:00,0.9410000000000001,14.402
2022-10-29 06:00:00-03:00,0.9400000000000001,14.141
2022-10-29 07:00:00-03:00,0.9390000000000001,13.981
2022-10-29 08:00:00-03:00,0.934,15.355
2022-10-29 09:00:00-03:00,0.856,17.676
2022-10-29 10:00:00-03:00,0.78,18.997
2022-10-29 11:00:00-03:00,0.733,19.691
2022-10-29 12:00:00-03:00,0.708,20.02
2022-10-29 13:00:00-03:00,0.7020000000000001,20.105
2022-10-29 14:00:00-03:00,0.712,19.966
2022-10-29 15:00:00-03:00,0.705,20.071
2022-10-29 16:00:00-03:00,0.6960000000000001,20.174
2022-10-29 17:00:00-03:00,0.755,19.38
2022-10-29 18:00:00-03:00,0.81,18.525
2022-10-29 19:00:00-03:00,0.854,17.724
2022-10-29 20:00:00-03:00,0.909,16.395
2022-10-29 21:00:00-03:00,0.9400000000000001,14.663
2022-10-29 22:00:00-03:00,0.9380000000000001,13.867
2022-10-29 23:00:00-03:00,0.932,13.514
2022-10-30 00:00:00-03:00,0.927,13.255
2022-10-30 01:00:00-03:00,0.921,13.016
2022-10-30 02:00:00-03:00,0.912,12.737
2022-10-30 03:00:00-03:00,0.914,12.789
2022-10-30 04:00:00-03:00,0.906,12.571
2022-10-30 05:00:00-03:00,0.895,12.31
2022-10-30 06:00:00-03:00,0.895,12.302
2022-10-30 07:00:00-03:00,0.9,12.439
2022-10-30 08:00:00-03:00,0.932,15.47
2022-10-30 09:00:00-03:00,0.88,17.16
2022-10-30 10:00:00-03:00,0.867,17.454
2022-10-30 11:00:00-03:00,0.8260000000000001,18.241
2022-10-30 12:00:00-03:00,0.78,19.001
2022-10-30 13:00:00-03:00,0.754,19.39
2022-10-30 14:00:00-03:00,0.752,19.416
2022-10-30 15:00:00-03:00,0.757,19.342
2022-10-30 16:00:00-03:00,0.769,19.168
2022-10-30 17:00:00-03:00,0.792,18.813
2022-10-30 18:00:00-03:00,0.8210000000000001,18.332
2022-10-30 19:00:00-03:00,0.872,17.348
2022-10-30 20:00:00-03:00,0.928,15.674
2022-10-30 21:00:00-03:00,0.9400000000000001,14.766
2022-10-30 22:00:00-03:00,0.9410000000000001,14.577
2022-10-30 23:00:00-03:00,0.9390000000000001,14.069
2022-10-31 00:00:00-03:00,0.926,13.214
2022-10-31 01:00:00-03:00,0.918,12.925
2022-10-31 02:00:00-03:00,0.929,13.364
2022-10-31 03:00:00-03:00,0.9390000000000001,13.959
2022-10-31 04:00:00-03:00,0.9410000000000001,14.349
2022-10-31 05:00:00-03:00,0.9400000000000001,14.845
2022-10-31 06:00:00-03:00,0.935,15.294
2022-10-31 07:00:00-03:00,0.922,15.951
2022-10-31 08:00:00-03:00,0.88,17.168
2022-10-31 09:00:00-03:00,0.776,19.063
2022-10-31 10:00:00-03:00,0.619,21.128
2022-10-31 11:00:00-03:00,0.505,22.404
2022-10-31 12:00:00-03:00,0.439,23.12
2022-10-31 13:00:00-03:00,0.445,23.052
2022-10-31 14:00:00-03:00,0.487,22.61
2022-10-31 15:00:00-03:00,0.516,22.298
2022-10-31 16:00:00-03:00,0.542,22.012
2022-10-31 17:00:00-03:00,0.577,21.623
2022-10-31 18:00:00-03:00,0.648,20.788
2022-10-31 19:00:00-03:00,0.734,19.668
2022-10-31 20:00:00-03:00,0.801,18.657
2022-10-31 21:00:00-03:00,0.85,17.803
2022-10-31 22:00:00-03:00,0.881,17.13
2022-10-31 23:00:00-03:00,0.886,17.025
2022-11-01 00:00:00-03:00,0.871,17.351
2022-11-01 01:00:00-03:00,0.876,17.266
2022-11-01 02:00:00-03:00,0.888,16.972
2022-11-01 03:00:00-03:00,0.899,16.667
2022-11-01 04:00:00-03:00,0.916,16.156
2022-11-01 05:00:00-03:00,0.93,15.578
2022-11-01 06:00:00-03:00,0.9380000000000001,15.012
2022-11-01 07:00:00-03:00,0.9410000000000001,14.546
2022-11-01 08:00:00-03:00,0.9400000000000001,14.698
2022-11-01 09:00:00-03:00,0.93,15.582
2022-11-01 10:00:00-03:00,0.916,16.157
2022-11-01 11:00:00-03:00,0.917,16.128
2022-11-01 12:00:00-03:00,0.929,15.621
2022-11-01 13:00:00-03:00,0.936,15.183
2022-11-01 14:00:00-03:00,0.9400000000000001,14.732
2022-11-01 15:00:00-03:00,0.9410000000000001,14.4
2022-11-01 16:00:00-03:00,0.9390000000000001,14.074
2022-11-01 17:00:00-03:00,0.937,13.797
2022-11-01 18:00:00-03:00,0.931,13.425
2022-11-01 19:00:00-03:00,0.916,12.855
2022-11-01 20:00:00-03:00,0.889,12.185
2022-11-01 21:00:00-03:00,0.851,11.499
2022-11-01 22:00:00-03:00,0.802,10.831
2022-11-01 23:00:00-03:00,0.749,10.264
2022-11-02 00:00:00-03:00,0.65,9.386
2022-11-02 01:00:00-03:00,0.498,8.239
2022-11-02 02:00:00-03:00,0.365,7.289
2022-11-02 03:00:00-03:00,0.41200000000000003,7.631
2022-11-02 04:00:00-03:00,0.513,8.347
2022-11-02 05:00:00-03:00,0.731,10.078
2022-11-02 06:00:00-03:00,0.72,9.986
2022-11-02 07:00:00-03:00,0.521,8.402
2022-11-02 08:00:00-03:00,0.5710000000000001,8.772
2022-11-02 09:00:00-03:00,0.759,10.363
2022-11-02 10:00:00-03:00,0.8130000000000001,10.973
2022-11-02 11:00:00-03:00,0.853,11.526
2022-11-02 12:00:00-03:00,0.878,11.97
2022-11-02 13:00:00-03:00,0.893,12.275
2022-11-02 14:00:00-03:00,0.915,12.843
2022-11-02 15:00:00-03:00,0.937,13.796
2022-11-02 16:00:00-03:00,0.9390000000000001,14.972
2022-11-02 17:00:00-03:00,0.931,15.542
2022-11-02 18:00:00-03:00,0.926,15.747
2022-11-02 19:00:00-03:00,0.937,15.149
2022-11-02 20:00:00-03:00,0.934,13.597
2022-11-02 21:00:00-03:00,0.893,12.262
2022-11-02 22:00:00-03:00,0.847,11.438
2022-11-02 23:00:00-03:00,0.81,10.943
2022-11-03 00:00:00-03:00,0.799,10.806000000000001
2022-11-03 01:00:00-03:00,0.802,10.835
2022-11-03 02:00:00-03:00,0.765,10.417
2022-11-03 03:00:00-03:00,0.765,10.429
2022-11-03 04:00:00-03:00,0.78,10.582
2022-11-03 05:00:00-03:00,0.809,10.93
2022-11-03 06:00:00-03:00,0.794,10.747
2022-11-03 07:00:00-03:00,0.671,9.553
2022-11-03 08:00:00-03:00,0.592,8.931000000000001
2022-11-03 09:00:00-03:00,0.656,9.431
2022-11-03 10:00:00-03:00,0.751,10.283
2022-11-03 11:00:00-03:00,0.8200000000000001,11.065
2022-11-03 12:00:00-03:00,0.841,11.347
2022-11-03 13:00:00-03:00,0.843,11.374
2022-11-03 14:00:00-03:00,0.837,11.292
2022-11-03 15:00:00-03:00,0.839,11.317
2022-11-03 16:00:00-03:00,0.852,11.512
2022-11-03 17:00:00-03:00,0.865,11.721
2022-11-03 18:00:00-03:00,0.873,11.862
2022-11-03 19:00:00-03:00,0.849,11.466
2022-11-03 20:00:00-03:00,0.78,10.59
2022-11-03 21:00:00-03:00,0.716,9.94
2022-11-03 22:00:00-03:00,0.658,9.44
2022-11-03 23:00:00-03:00,0.668,9.529
2022-11-04 00:00:00-03:00,0.677,9.604
2022-11-04 01:00:00-03:00,0.677,9.608
2022-11-04 02:00:00-03:00,0.67,9.545
2022-11-04 03:00:00-03:00,0.646,9.35
2022-11-04 04:00:00-03:00,0.636,9.264
2022-11-04 05:00:00-03:00,0.661,9.475
2022-11-04 06:00:00-03:00,0.661,9.473
2022-11-04 07:00:00-03:00,0.561,8.699
2022-11-04 08:00:00-03:00,0.763,10.407
2022-11-04 09:00:00-03:00,0.917,12.889
2022-11-04 10:00:00-03:00,0.936,13.737
2022-11-04 11:00:00-03:00,0.936,13.757
2022-11-04 12:00:00-03:00,0.931,13.434
2022-11-04 13:00:00-03:00,0.918,12.906
2022-11-04 14:00:00-03:00,0.884,12.081
2022-11-04 15:00:00-03:00,0.834,11.245
2022-11-04 16:00:00-03:00,0.761,10.382
2022-11-04 17:00:00-03:00,0.668,9.532
2022-11-04 18:00:00-03:00,0.598,8.977
2022-11-04 19:00:00-03:00,0.549,8.614
2022-11-04 20:00:00-03:00,0.506,8.296
2022-11-04 21:00:00-03:00,0.501,8.257
2022-11-04 22:00:00-03:00,0.493,8.207
2022-11-04 23:00:00-03:00,0.465,8.004
2022-11-05 00:00:00-03:00,0.448,7.888
2022-11-05 01:00:00-03:00,0.447,7.883
2022-11-05 02:00:00-03:00,0.44,7.8260000000000005
2022-11-05 03:00:00-03:00,0.399,7.537
2022-11-05 04:00:00-03:00,0.34600000000000003,7.1370000000000005
2022-11-05 05:00:00-03:00,0.253,6.398
2022-11-05 06:00:00-03:00,0.193,5.842
2022-11-05 07:00:00-03:00,0.136,5.205
2022-11-05 08:00:00-03:00,0.111,4.884
2022-11-05 09:00:00-03:00,0.089,4.558
2022-11-05 10:00:00-03:00,0.10200000000000001,4.754
2022-11-05 11:00:00-03:00,0.117,4.969
2022-11-05 12:00:00-03:00,0.11800000000000001,4.985
2022-11-05 13:00:00-03:00,0.108,4.843
2022-11-05 14:00:00-03:00,0.096,4.659
2022-11-05 15:00:00-03:00,0.083,4.471
2022-11-05 16:00:00-03:00,0.075,4.33
2022-11-05 17:00:00-03:00,0.085,4.499
2022-11-05 18:00:00-03:00,0.194,5.858
2022-11-05 19:00:00-03:00,0.371,7.327
2022-11-05 20:00:00-03:00,0.464,7.991
2022-11-05 21:00:00-03:00,0.482,8.132
2022-11-05 22:00:00-03:00,0.429,7.741
2022-11-05 23:00:00-03:00,0.371,7.326
2022-11-06 00:00:00-03:00,0.336,7.067
2022-11-06 01:00:00-03:00,0.318,6.92
2022-11-06 02:00:00-03:00,0.296,6.75
2022-11-06 03:00:00-03:00,0.279,6.616
2022-11-06 04:00:00-03:00,0.273,6.57
2022-11-06 05:00:00-03:00,0.252,6.392
2022-11-06 06:00:00-03:00,0.23800000000000002,6.26
2022-11-06 07:00:00-03:00,0.17,5.607
2022-11-06 08:00:00-03:00,0.095,4.643
2022-11-06 09:00:00-03:00,0.252,6.394
2022-11-06 10:00:00-03:00,0.47200000000000003,8.05
2022-11-06 11:00:00-03:00,0.545,8.576
2022-11-06 12:00:00-03:00,0.583,8.86
2022-11-06 13:00:00-03:00,0.618,9.129
2022-11-06 14:00:00-03:00,0.6880000000000001,9.691
2022-11-06 15:00:00-03:00,0.759,10.358
2022-11-06 16:00:00-03:00,0.798,10.798
2022-11-06 17:00:00-03:00,0.798,10.788
2022-11-06 18:00:00-03:00,0.794,10.738
2022-11-06 19:00:00-03:00,0.776,10.539
2022-11-06 20:00:00-03:00,0.6960000000000001,9.77
2022-11-06 21:00:00-03:00,0.644,9.334
2022-11-06 22:00:00-03:00,0.562,8.703
2022-11-06 23:00:00-03:00,0.451,7.909
2022-11-07 00:00:00-03:00,0.40900000000000003,7.599
2022-11-07 01:00:00-03:00,0.394,7.497
2022-11-07 02:00:00-03:00,0.383,7.417
2022-11-07 03:00:00-03:00,0.361,7.256
2022-11-07 04:00:00-03:00,0.353,7.194
2022-11-07 05:00:00-03:00,0.32,6.945
2022-11-07 06:00:00-03:00,0.29,6.704
2022-11-07 07:00:00-03:00,0.23700000000000002,6.255
2022-11-07 08:00:00-03:00,0.189,5.795
2022-11-07 09:00:00-03:00,0.28200000000000003,6.647
2022-11-07 10:00:00-03:00,0.417,7.659
2022-11-07 11:00:00-03:00,0.61,9.068
2022-11-07 12:00:00-03:00,0.791,10.709
2022-11-07 13:00:00-03:00,0.858,11.613
2022-11-07 14:00:00-03:00,0.865,11.725999999999999
2022-11-07 15:00:00-03:00,0.871,11.833
2022-11-07 16:00:00-03:00,0.904,12.515
2022-11-07 17:00:00-03:00,0.919,12.973
2022-11-07 18:00:00-03:00,0.923,13.108
2022-11-07 19:00:00-03:00,0.923,13.098
2022-11-07 20:00:00-03:00,0.911,12.701
2022-11-07 21:00:00-03:00,0.897,12.36
2022-11-07 22:00:00-03:00,0.896,12.322
2022-11-07 23:00:00-03:00,0.909,12.658
2022-11-08 00:00:00-03:00,0.91,12.677
2022-11-08 01:00:00-03:00,0.907,12.609
2022-11-08 02:00:00-03:00,0.904,12.528
2022-11-08 03:00:00-03:00,0.893,12.258
2022-11-08 04:00:00-03:00,0.888,12.156
2022-11-08 05:00:00-03:00,0.884,12.087
2022-11-08 06:00:00-03:00,0.867,11.752
2022-11-08 07:00:00-03:00,0.86,11.639
2022-11-08 08:00:00-03:00,0.895,12.315
2022-11-08 09:00:00-03:00,0.908,12.623
2022-11-08 10:00:00-03:00,0.911,12.702
2022-11-08 11:00:00-03:00,0.913,12.756
2022-11-08 12:00:00-03:00,0.923,13.103
2022-11-08 13:00:00-03:00,0.93,13.402
2022-11-08 14:00:00-03:00,0.933,13.549
2022-11-08 15:00:00-03:00,0.936,13.745
2022-11-08 16:00:00-03:00,0.9400000000000001,14.239
2022-11-08 17:00:00-03:00,0.9400000000000001,14.696
2022-11-08 18:00:00-03:00,0.9400000000000001,14.754
2022-11-08 19:00:00-03:00,0.9410000000000001,14.383
2022-11-08 20:00:00-03:00,0.9390000000000001,13.991
2022-11-08 21:00:00-03:00,0.933,13.578
2022-11-08 22:00:00-03:00,0.923,13.108
2022-11-08 23:00:00-03:00,0.915,12.823
2022-11-09 00:00:00-03:00,0.899,12.404
2022-11-09 01:00:00-03:00,0.864,11.713
2022-11-09 02:00:00-03:00,0.8210000000000001,11.072
2022-11-09 03:00:00-03:00,0.781,10.595
2022-11-09 04:00:00-03:00,0.725,10.029
2022-11-09 05:00:00-03:00,0.707,9.868
2022-11-09 06:00:00-03:00,0.667,9.512
2022-11-09 07:00:00-03:00,0.678,9.612
2022-11-09 08:00:00-03:00,0.807,10.895
2022-11-09 09:00:00-03:00,0.812,10.965
2022-11-09 10:00:00-03:00,0.8180000000000001,11.041
2022-11-09 11:00:00-03:00,0.8240000000000001,11.11
2022-11-09 12:00:00-03:00,0.81,10.931000000000001
2022-11-09 13:00:00-03:00,0.796,10.757
2022-11-09 14:00:00-03:00,0.798,10.787
2022-11-09 15:00:00-03:00,0.799,10.8
2022-11-09 16:00:00-03:00,0.797,10.782
2022-11-09 17:00:00-03:00,0.789,10.685
2022-11-09 18:00:00-03:00,0.781,10.594
2022-11-09 19:00:00-03:00,0.76,10.366
2022-11-09 20:00:00-03:00,0.675,9.578
2022-11-09 21:00:00-03:00,0.584,8.869
2022-11-09 22:00:00-03:00,0.527,8.445
2022-11-09 23:00:00-03:00,0.435,7.797
2022-11-10 00:00:00-03:00,0.338,7.076
2022-11-10 01:00:00-03:00,0.257,6.424
2022-11-10 02:00:00-03:00,0.17500000000000002,5.661
2022-11-10 03:00:00-03:00,0.117,4.964
2022-11-10 04:00:00-03:00,0.089,4.567
2022-11-10 05:00:00-03:00,0.083,4.46
2022-11-10 06:00:00-03:00,0.079,4.394
2022-11-10 07:00:00-03:00,0.052000000000000005,3.866
2022-11-10 08:00:00-03:00,0.108,4.84
2022-11-10 09:00:00-03:00,0.168,5.579
2022-11-10 10:00:00-03:00,0.223,6.13
2022-11-10 11:00:00-03:00,0.256,6.422
2022-11-10 12:00:00-03:00,0.24,6.284
2022-11-10 13:00:00-03:00,0.20800000000000002,5.979
2022-11-10 14:00:00-03:00,0.17,5.6
2022-11-10 15:00:00-03:00,0.132,5.159
2022-11-10 16:00:00-03:00,0.094,4.625
2022-11-10 17:00:00-03:00,0.059000000000000004,4.028
2022-11-10 18:00:00-03:00,0.031,3.359
2022-11-10 19:00:00-03:00,0.02,2.998
2022-11-10 20:00:00-03:00,0.029,3.294
2022-11-10 21:00:00-03:00,0.1,4.729
2022-11-10 22:00:00-03:00,0.225,6.153
2022-11-10 23:00:00-03:00,0.327,7.0
2022-11-11 00:00:00-03:00,0.39,7.471
2022-11-11 01:00:00-03:00,0.426,7.73
2022-11-11 02:00:00-03:00,0.422,7.7
2022-11-11 03:00:00-03:00,0.387,7.447
2022-11-11 04:00:00-03:00,0.353,7.192
2022-11-11 05:00:00-03:00,0.339,7.083
2022-11-11 06:00:00-03:00,0.314,6.893
2022-11-11 07:00:00-03:00,0.28600000000000003,6.666
2022-11-11 08:00:00-03:00,0.339,7.083
2022-11-11 09:00:00-03:00,0.274,6.575
2022-11-11 10:00:00-03:00,0.20800000000000002,5.994
2022-11-11 11:00:00-03:00,0.198,5.895
2022-11-11 12:00:00-03:00,0.196,5.878
2022-11-11 13:00:00-03:00,0.178,5.686
2022-11-11 14:00:00-03:00,0.159,5.484
2022-11-11 15:00:00-03:00,0.148,5.358
2022-11-11 16:00:00-03:00,0.13,5.139
2022-11-11 17:00:00-03:00,0.108,4.842
2022-11-11 18:00:00-03:00,0.095,4.6530000000000005
2022-11-11 19:00:00-03:00,0.085,4.504
2022-11-11 20:00:00-03:00,0.083,4.469
2022-11-11 21:00:00-03:00,0.08,4.399
2022-11-11 22:00:00-03:00,0.049,3.8040000000000003
2022-11-11 23:00:00-03:00,0.03,3.327
2022-11-12 00:00:00-03:00,0.028,3.245
2022-11-12 01:00:00-03:00,0.047,3.77
2022-11-12 02:00:00-03:00,0.108,4.84
2022-11-12 03:00:00-03:00,0.215,6.054
2022-11-12 04:00:00-03:00,0.327,7.0
2022-11-12 05:00:00-03:00,0.399,7.536
2022-11-12 06:00:00-03:00,0.388,7.458
2022-11-12 07:00:00-03:00,0.18,5.7010000000000005
2022-11-12 08:00:00-03:00,0.211,6.011
2022-11-12 09:00:00-03:00,0.32,6.948
2022-11-12 10:00:00-03:00,0.273,6.568
2022-11-12 11:00:00-03:00,0.246,6.337
2022-11-12 12:00:00-03:00,0.222,6.12
2022-11-12 13:00:00-03:00,0.182,5.729
2022-11-12 14:00:00-03:00,0.13,5.143
2022-11-12 15:00:00-03:00,0.084,4.486
2022-11-12 16:00:00-03:00,0.049,3.816
2022-11-12 17:00:00-03:00,0.027,3.221
2022-11-12 18:00:00-03:00,0.018000000000000002,2.92
2022-11-12 19:00:00-03:00,0.016,2.839
2022-11-12 20:00:00-03:00,0.031,3.344
2022-11-12 21:00:00-03:00,0.06,4.051
2022-11-12 22:00:00-03:00,0.055,3.944
2022-11-12 23:00:00-03:00,0.033,3.4
2022-11-13 00:00:00-03:00,0.02,2.995
2022-11-13 01:00:00-03:00,0.017,2.873
2022-11-13 02:00:00-03:00,0.026000000000000002,3.206
2022-11-13 03:00:00-03:00,0.073,4.301
2022-11-13 04:00:00-03:00,0.14200000000000002,5.282
2022-11-13 05:00:00-03:00,0.184,5.748
2022-11-13 06:00:00-03:00,0.203,5.937
2022-11-13 07:00:00-03:00,0.158,5.469
2022-11-13 08:00:00-03:00,0.246,6.331
2022-11-13 09:00:00-03:00,0.336,7.067
2022-11-13 10:00:00-03:00,0.363,7.268
2022-11-13 11:00:00-03:00,0.353,7.189
2022-11-13 12:00:00-03:00,0.341,7.106
2022-11-13 13:00:00-03:00,0.338,7.078
2022-11-13 14:00:00-03:00,0.34900000000000003,7.166
2022-11-13 15:00:00-03:00,0.365,7.289
2022-11-13 16:00:00-03:00,0.376,7.366
2022-11-13 17:00:00-03:00,0.376,7.366
2022-11-13 18:00:00-03:00,0.364,7.274
2022-11-13 19:00:00-03:00,0.31,6.864
2022-11-13 20:00:00-03:00,0.23800000000000002,6.26
2022-11-13 21:00:00-03:00,0.166,5.548
2022-11-13 22:00:00-03:00,0.07,4.235
2022-11-13 23:00:00-03:00,0.022,3.061
2022-11-14 00:00:00-03:00,0.004,2.024
2022-11-14 01:00:00-03:00,0.004,2.105
2022-11-14 02:00:00-03:00,0.028,3.254
2022-11-14 03:00:00-03:00,0.054,3.9290000000000003
2022-11-14 04:00:00-03:00,0.081,4.424
2022-11-14 05:00:00-03:00,0.125,5.066
2022-11-14 06:00:00-03:00,0.148,5.361
2022-11-14 07:00:00-03:00,0.066,4.157
2022-11-14 08:00:00-03:00,0.012,2.658
2022-11-14 09:00:00-03:00,0.002,1.828
2022-11-14 10:00:00-03:00,0.002,1.767
2022-11-14 11:00:00-03:00,0.008,2.3890000000000002
2022-11-14 12:00:00-03:00,0.022,3.061
2022-11-14 13:00:00-03:00,0.08600000000000001,4.517
2022-11-14 14:00:00-03:00,0.252,6.395
2022-11-14 15:00:00-03:00,0.384,7.429
2022-11-14 16:00:00-03:00,0.387,7.448
2022-11-14 17:00:00-03:00,0.36,7.249
2022-11-14 18:00:00-03:00,0.527,8.446
2022-11-14 19:00:00-03:00,0.8310000000000001,11.213
2022-11-14 20:00:00-03:00,0.9400000000000001,14.127
2022-11-14 21:00:00-03:00,0.9380000000000001,15.047
2022-11-14 22:00:00-03:00,0.9400000000000001,14.76
2022-11-14 23:00:00-03:00,0.9400000000000001,14.248
2022-11-15 00:00:00-03:00,0.93,13.398
2022-11-15 01:00:00-03:00,0.9,12.437
2022-11-15 02:00:00-03:00,0.805,10.872
2022-11-15 03:00:00-03:00,0.648,9.364
2022-11-15 04:00:00-03:00,0.485,8.147
2022-11-15 05:00:00-03:00,0.391,7.476
2022-11-15 06:00:00-03:00,0.342,7.112
2022-11-15 07:00:00-03:00,0.219,6.092
2022-11-15 08:00:00-03:00,0.34500000000000003,7.132
2022-11-15 09:00:00-03:00,0.598,8.98
2022-11-15 10:00:00-03:00,0.72,9.983
2022-11-15 11:00:00-03:00,0.804,10.856
2022-11-15 12:00:00-03:00,0.874,11.889
2022-11-15 13:00:00-03:00,0.921,13.018
2022-11-15 14:00:00-03:00,0.9400000000000001,14.244
2022-11-15 15:00:00-03:00,0.9400000000000001,14.778
2022-11-15 16:00:00-03:00,0.9390000000000001,14.923
2022-11-15 17:00:00-03:00,0.928,15.677
2022-11-15 18:00:00-03:00,0.898,16.721
2022-11-15 19:00:00-03:00,0.893,16.844
2022-11-15 20:00:00-03:00,0.905,16.512
2022-11-15 21:00:00-03:00,0.918,16.068
2022-11-15 22:00:00-03:00,0.922,15.924
2022-11-15 23:00:00-03:00,0.934,15.325
2022-11-16 00:00:00-03:00,0.9410000000000001,14.65
2022-11-16 01:00:00-03:00,0.9410000000000001,14.336
2022-11-16 02:00:00-03:00,0.9390000000000001,14.043
2022-11-16 03:00:00-03:00,0.935,13.701
2022-11-16 04:00:00-03:00,0.928,13.296
2022-11-16 05:00:00-03:00,0.918,12.914
2022-11-16 06:00:00-03:00,0.885,12.09
2022-11-16 07:00:00-03:00,0.8160000000000001,11.008
2022-11-16 08:00:00-03:00,0.857,11.59
2022-11-16 09:00:00-03:00,0.852,11.512
2022-11-16 10:00:00-03:00,0.803,10.845
2022-11-16 11:00:00-03:00,0.75,10.269
2022-11-16 12:00:00-03:00,0.725,10.029
2022-11-16 13:00:00-03:00,0.6890000000000001,9.705
2022-11-16 14:00:00-03:00,0.617,9.123
2022-11-16 15:00:00-03:00,0.526,8.438
2022-11-16 16:00:00-03:00,0.417,7.66
2022-11-16 17:00:00-03:00,0.318,6.922
2022-11-16 18:00:00-03:00,0.244,6.319
2022-11-16 19:00:00-03:00,0.181,5.714
2022-11-16 20:00:00-03:00,0.23,6.2
2022-11-16 21:00:00-03:00,0.434,7.792
2022-11-16 22:00:00-03:00,0.5730000000000001,8.787
2022-11-16 23:00:00-03:00,0.539,8.54
2022-11-17 00:00:00-03:00,0.535,8.506
2022-11-17 01:00:00-03:00,0.642,9.317
2022-11-17 02:00:00-03:00,0.728,10.06
2022-11-17 03:00:00-03:00,0.778,10.565
2022-11-17 04:00:00-03:00,0.8190000000000001,11.057
2022-11-17 05:00:00-03:00,0.848,11.45
2022-11-17 06:00:00-03:00,0.838,11.308
2022-11-17 07:00:00-03:00,0.916,12.855
2022-11-17 08:00:00-03:00,0.923,15.91
2022-11-17 09:00:00-03:00,0.8290000000000001,18.196
2022-11-17 10:00:00-03:00,0.794,18.785
2022-11-17 11:00:00-03:00,0.799,18.706
2022-11-17 12:00:00-03:00,0.798,18.718
2022-11-17 13:00:00-03:00,0.799,18.696
2022-11-17 14:00:00-03:00,0.842,17.956
2022-11-17 15:00:00-03:00,0.889,16.935
2022-11-17 16:00:00-03:00,0.92,16.018
2022-11-17 17:00:00-03:00,0.937,15.154
2022-11-17 18:00:00-03:00,0.9410000000000001,14.385
2022-11-17 19:00:00-03:00,0.934,13.6
2022-11-17 20:00:00-03:00,0.899,12.408
2022-11-17 21:00:00-03:00,0.854,11.532
2022-11-17 22:00:00-03:00,0.8230000000000001,11.093
2022-11-17 23:00:00-03:00,0.761,10.381
2022-11-18 00:00:00-03:00,0.728,10.062
2022-11-18 01:00:00-03:00,0.7010000000000001,9.812
2022-11-18 02:00:00-03:00,0.704,9.829
2022-11-18 03:00:00-03:00,0.731,10.085
2022-11-18 04:00:00-03:00,0.756,10.325
2022-11-18 05:00:00-03:00,0.769,10.467
2022-11-18 06:00:00-03:00,0.741,10.183
2022-11-18 07:00:00-03:00,0.671,9.552
2022-11-18 08:00:00-03:00,0.878,11.964
2022-11-18 09:00:00-03:00,0.9380000000000001,13.915
2022-11-18 10:00:00-03:00,0.9390000000000001,14.961
2022-11-18 11:00:00-03:00,0.927,15.725999999999999
2022-11-18 12:00:00-03:00,0.913,16.242
2022-11-18 13:00:00-03:00,0.901,16.62
2022-11-18 14:00:00-03:00,0.892,16.862
2022-11-18 15:00:00-03:00,0.879,17.198
2022-11-18 16:00:00-03:00,0.87,17.39
2022-11-18 17:00:00-03:00,0.883,17.097
2022-11-18 18:00:00-03:00,0.913,16.247
2022-11-18 19:00:00-03:00,0.935,15.241
2022-11-18 20:00:00-03:00,0.9400000000000001,14.709
2022-11-18 21:00:00-03:00,0.9380000000000001,13.9
2022-11-18 22:00:00-03:00,0.93,13.398
2022-11-18 23:00:00-03:00,0.925,13.161
2022-11-19 00:00:00-03:00,0.92,13.001
2022-11-19 01:00:00-03:00,0.907,12.599
2022-11-19 02:00:00-03:00,0.874,11.882
2022-11-19 03:00:00-03:00,0.843,11.377
2022-11-19 04:00:00-03:00,0.843,11.381
2022-11-19 05:00:00-03:00,0.8320000000000001,11.218
2022-11-19 06:00:00-03:00,0.844,11.392
2022-11-19 07:00:00-03:00,0.898,12.376
2022-11-19 08:00:00-03:00,0.9410000000000001,14.585
2022-11-19 09:00:00-03:00,0.921,15.955
2022-11-19 10:00:00-03:00,0.89,16.926
2022-11-19 11:00:00-03:00,0.874,17.304
2022-11-19 12:00:00-03:00,0.879,17.195
2022-11-19 13:00:00-03:00,0.892,16.86
2022-11-19 14:00:00-03:00,0.903,16.564
2022-11-19 15:00:00-03:00,0.911,16.32
2022-11-19 16:00:00-03:00,0.911,16.311
2022-11-19 17:00:00-03:00,0.912,16.293
2022-11-19 18:00:00-03:00,0.913,16.266
2022-11-19 19:00:00-03:00,0.916,16.173
2022-11-19 20:00:00-03:00,0.934,15.323
2022-11-19 21:00:00-03:00,0.9400000000000001,14.203
2022-11-19 22:00:00-03:00,0.932,13.501
2022-11-19 23:00:00-03:00,0.934,13.64
2022-11-20 00:00:00-03:00,0.934,13.638
2022-11-20 01:00:00-03:00,0.934,13.605
2022-11-20 02:00:00-03:00,0.936,13.747
2022-11-20 03:00:00-03:00,0.9390000000000001,13.994
2022-11-20 04:00:00-03:00,0.9400000000000001,14.229
2022-11-20 05:00:00-03:00,0.9400000000000001,14.237
2022-11-20 06:00:00-03:00,0.9390000000000001,14.063
2022-11-20 07:00:00-03:00,0.9400000000000001,14.168
2022-11-20 08:00:00-03:00,0.934,15.309
2022-11-20 09:00:00-03:00,0.922,15.918
2022-11-20 10:00:00-03:00,0.919,16.056
2022-11-20 11:00:00-03:00,0.924,15.849
2022-11-20 12:00:00-03:00,0.93,15.562
2022-11-20 13:00:00-03:00,0.934,15.321
2022-11-20 14:00:00-03:00,0.936,15.174
2022-11-20 15:00:00-03:00,0.9380000000000001,15.048
2022-11-20 16:00:00-03:00,0.9390000000000001,14.947
2022-11-20 17:00:00-03:00,0.9400000000000001,14.847
2022-11-20 18:00:00-03:00,0.9410000000000001,14.412
2022-11-20 19:00:00-03:00,0.928,13.311
2022-11-20 20:00:00-03:00,0.878,11.964
2022-11-20 21:00:00-03:00,0.808,10.918
2022-11-20 22:00:00-03:00,0.745,10.227
2022-11-20 23:00:00-03:00,0.6950000000000001,9.765
2022-11-21 00:00:00-03:00,0.622,9.159
2022-11-21 01:00:00-03:00,0.545,8.571
2022-11-21 02:00:00-03:00,0.464,7.998
2022-11-21 03:00:00-03:00,0.40900000000000003,7.611
2022-11-21 04:00:00-03:00,0.371,7.327
2022-11-21 05:00:00-03:00,0.399,7.537
2022-11-21 06:00:00-03:00,0.384,7.428
2022-11-21 07:00:00-03:00,0.242,6.307
2022-11-21 08:00:00-03:00,0.253,6.399
2022-11-21 09:00:00-03:00,0.387,7.442
2022-11-21 10:00:00-03:00,0.533,8.491
2022-11-21 11:00:00-03:00,0.675,9.584
2022-11-21 12:00:00-03:00,0.796,10.765
2022-11-21 13:00:00-03:00,0.909,12.657
2022-11-21 14:00:00-03:00,0.932,13.477
2022-11-21 15:00:00-03:00,0.936,13.74
2022-11-21 16:00:00-03:00,0.9390000000000001,14.94
2022-11-21 17:00:00-03:00,0.925,15.824
2022-11-21 18:00:00-03:00,0.924,15.859
2022-11-21 19:00:00-03:00,0.929,15.63
2022-11-21 20:00:00-03:00,0.927,15.698
2022-11-21 21:00:00-03:00,0.9400000000000001,14.662
2022-11-21 22:00:00-03:00,0.927,13.251
2022-11-21 23:00:00-03:00,0.9,12.433
2022-11-22 00:00:00-03:00,0.882,12.035
2022-11-22 01:00:00-03:00,0.856,11.575
2022-11-22 02:00:00-03:00,0.8,10.816
2022-11-22 03:00:00-03:00,0.747,10.242
2022-11-22 04:00:00-03:00,0.68,9.63
2022-11-22 05:00:00-03:00,0.5690000000000001,8.754
2022-11-22 06:00:00-03:00,0.444,7.859
2022-11-22 07:00:00-03:00,0.333,7.049
2022-11-22 08:00:00-03:00,0.588,8.896
2022-11-22 09:00:00-03:00,0.731,10.087
2022-11-22 10:00:00-03:00,0.763,10.406
2022-11-22 11:00:00-03:00,0.789,10.683
2022-11-22 12:00:00-03:00,0.834,11.245
2022-11-22 13:00:00-03:00,0.882,12.046
2022-11-22 14:00:00-03:00,0.919,12.936
2022-11-22 15:00:00-03:00,0.9410000000000001,14.432
2022-11-22 16:00:00-03:00,0.912,16.28
2022-11-22 17:00:00-03:00,0.854,17.726
2022-11-22 18:00:00-03:00,0.8210000000000001,18.334
2022-11-22 19:00:00-03:00,0.8320000000000001,18.138
2022-11-22 20:00:00-03:00,0.88,17.173
2022-11-22 21:00:00-03:00,0.929,15.609
2022-11-22 22:00:00-03:00,0.9410000000000001,14.432
2022-11-22 23:00:00-03:00,0.9390000000000001,13.978
2022-11-23 00:00:00-03:00,0.9400000000000001,14.188
2022-11-23 01:00:00-03:00,0.9400000000000001,14.756
2022-11-23 02:00:00-03:00,0.927,15.729
2022-11-23 03:00:00-03:00,0.9,16.655
2022-11-23 04:00:00-03:00,0.899,16.695
2022-11-23 05:00:00-03:00,0.896,16.766
2022-11-23 06:00:00-03:00,0.884,17.056
2022-11-23 07:00:00-03:00,0.843,17.937
2022-11-23 08:00:00-03:00,0.764,19.244
2022-11-23 09:00:00-03:00,0.68,20.384
2022-11-23 10:00:00-03:00,0.643,20.843
2022-11-23 11:00:00-03:00,0.64,20.882
2022-11-23 12:00:00-03:00,0.7010000000000001,20.117
2022-11-23 13:00:00-03:00,0.762,19.269
2022-11-23 14:00:00-03:00,0.785,18.925
2022-11-23 15:00:00-03:00,0.807,18.561
2022-11-23 16:00:00-03:00,0.807,18.571
2022-11-23 17:00:00-03:00,0.811,18.504
2022-11-23 18:00:00-03:00,0.837,18.046
2022-11-23 19:00:00-03:00,0.86,17.599
2022-11-23 20:00:00-03:00,0.915,16.182
2022-11-23 21:00:00-03:00,0.9410000000000001,14.576
2022-11-23 22:00:00-03:00,0.937,13.832
2022-11-23 23:00:00-03:00,0.932,13.49
2022-11-24 00:00:00-03:00,0.926,13.212
2022-11-24 01:00:00-03:00,0.924,13.123
2022-11-24 02:00:00-03:00,0.927,13.269
2022-11-24 03:00:00-03:00,0.937,13.801
2022-11-24 04:00:00-03:00,0.9410000000000001,14.637
2022-11-24 05:00:00-03:00,0.931,15.522
2022-11-24 06:00:00-03:00,0.908,16.405
2022-11-24 07:00:00-03:00,0.865,17.497
2022-11-24 08:00:00-03:00,0.783,18.956
2022-11-24 09:00:00-03:00,0.6910000000000001,20.244
2022-11-24 10:00:00-03:00,0.635,20.944
2022-11-24 11:00:00-03:00,0.609,21.246
2022-11-24 12:00:00-03:00,0.639,20.9
2022-11-24 13:00:00-03:00,0.65,20.767
2022-11-24 14:00:00-03:00,0.675,20.442
2022-11-24 15:00:00-03:00,0.6990000000000001,20.139
2022-11-24 16:00:00-03:00,0.6910000000000001,20.239
2022-11-24 17:00:00-03:00,0.687,20.297
2022-11-24 18:00:00-03:00,0.6940000000000001,20.202
2022-11-24 19:00:00-03:00,0.704,20.077
2022-11-24 20:00:00-03:00,0.801,18.66
2022-11-24 21:00:00-03:00,0.884,17.07
2022-11-24 22:00:00-03:00,0.907,16.463
2022-11-24 23:00:00-03:00,0.908,16.415
2022-11-25 00:00:00-03:00,0.913,16.264
2022-11-25 01:00:00-03:00,0.924,15.842
2022-11-25 02:00:00-03:00,0.931,15.494
2022-11-25 03:00:00-03:00,0.936,15.212
2022-11-25 04:00:00-03:00,0.9390000000000001,14.867
2022-11-25 05:00:00-03:00,0.9410000000000001,14.494
2022-11-25 06:00:00-03:00,0.9400000000000001,14.218
2022-11-25 07:00:00-03:00,0.9400000000000001,14.808
2022-11-25 08:00:00-03:00,0.891,16.885
2022-11-25 09:00:00-03:00,0.791,18.829
2022-11-25 10:00:00-03:00,0.6950000000000001,20.189
2022-11-25 11:00:00-03:00,0.7020000000000001,20.096
2022-11-25 12:00:00-03:00,0.786,18.897
2022-11-25 13:00:00-03:00,0.851,17.779
2022-11-25 14:00:00-03:00,0.843,17.941
2022-11-25 15:00:00-03:00,0.786,18.913
2022-11-25 16:00:00-03:00,0.7020000000000001,20.097
2022-11-25 17:00:00-03:00,0.661,20.632
2022-11-25 18:00:00-03:00,0.684,20.327
2022-11-25 19:00:00-03:00,0.73,19.732
2022-11-25 20:00:00-03:00,0.811,18.491
2022-11-25 21:00:00-03:00,0.882,17.12
2022-11-25 22:00:00-03:00,0.92,15.987
2022-11-25 23:00:00-03:00,0.928,15.647
2022-11-26 00:00:00-03:00,0.932,15.463
2022-11-26 01:00:00-03:00,0.936,15.229
2022-11-26 02:00:00-03:00,0.935,15.252
2022-11-26 03:00:00-03:00,0.933,15.407
2022-11-26 04:00:00-03:00,0.934,15.333
2022-11-26 05:00:00-03:00,0.9390000000000001,14.956
2022-11-26 06:00:00-03:00,0.9410000000000001,14.4
2022-11-26 07:00:00-03:00,0.9400000000000001,14.169
2022-11-26 08:00:00-03:00,0.937,15.115
2022-11-26 09:00:00-03:00,0.927,15.725999999999999
2022-11-26 10:00:00-03:00,0.932,15.477
2022-11-26 11:00:00-03:00,0.9390000000000001,14.855
2022-11-26 12:00:00-03:00,0.9410000000000001,14.514
2022-11-26 13:00:00-03:00,0.9410000000000001,14.304
2022-11-26 14:00:00-03:00,0.9390000000000001,13.998
2022-11-26 15:00:00-03:00,0.937,13.811
2022-11-26 16:00:00-03:00,0.934,13.624
2022-11-26 17:00:00-03:00,0.927,13.263
2022-11-26 18:00:00-03:00,0.913,12.76
2022-11-26 19:00:00-03:00,0.879,11.975
2022-11-26 20:00:00-03:00,0.792,10.723
2022-11-26 21:00:00-03:00,0.667,9.521
2022-11-26 22:00:00-03:00,0.601,9.001
2022-11-26 23:00:00-03:00,0.546,8.583
2022-11-27 00:00:00-03:00,0.47600000000000003,8.08
2022-11-27 01:00:00-03:00,0.431,7.769
2022-11-27 02:00:00-03:00,0.403,7.563
2022-11-27 03:00:00-03:00,0.377,7.38
2022-11-27 04:00:00-03:00,0.371,7.325
2022-11-27 05:00:00-03:00,0.375,7.36
2022-11-27 06:00:00-03:00,0.334,7.051
2022-11-27 07:00:00-03:00,0.233,6.216
2022-11-27 08:00:00-03:00,0.387,7.444
2022-11-27 09:00:00-03:00,0.385,7.432
2022-11-27 10:00:00-03:00,0.34600000000000003,7.136
2022-11-27 11:00:00-03:00,0.299,6.784
2022-11-27 12:00:00-03:00,0.314,6.892
2022-11-27 13:00:00-03:00,0.363,7.267
2022-11-27 14:00:00-03:00,0.433,7.775
2022-11-27 15:00:00-03:00,0.533,8.489
2022-11-27 16:00:00-03:00,0.645,9.342
2022-11-27 17:00:00-03:00,0.737,10.142
2022-11-27 18:00:00-03:00,0.772,10.498
2022-11-27 19:00:00-03:00,0.751,10.285
2022-11-27 20:00:00-03:00,0.638,9.29
2022-11-27 21:00:00-03:00,0.455,7.939
2022-11-27 22:00:00-03:00,0.382,7.402
2022-11-27 23:00:00-03:00,0.34700000000000003,7.145
2022-11-28 00:00:00-03:00,0.353,7.193
2022-11-28 01:00:00-03:00,0.361,7.256
2022-11-28 02:00:00-03:00,0.434,7.792
2022-11-28 03:00:00-03:00,0.501,8.26
2022-11-28 04:00:00-03:00,0.531,8.48
2022-11-28 05:00:00-03:00,0.551,8.63
2022-11-28 06:00:00-03:00,0.489,8.181
2022-11-28 07:00:00-03:00,0.403,7.564
2022-11-28 08:00:00-03:00,0.307,6.842
2022-11-28 09:00:00-03:00,0.434,7.782
2022-11-28 10:00:00-03:00,0.633,9.245
2022-11-28 11:00:00-03:00,0.724,10.026
2022-11-28 12:00:00-03:00,0.768,10.463
2022-11-28 13:00:00-03:00,0.787,10.662
2022-11-28 14:00:00-03:00,0.8240000000000001,11.104
2022-11-28 15:00:00-03:00,0.883,12.051
2022-11-28 16:00:00-03:00,0.907,12.612
2022-11-28 17:00:00-03:00,0.933,13.547
2022-11-28 18:00:00-03:00,0.933,13.564
2022-11-28 19:00:00-03:00,0.9390000000000001,14.026
2022-11-28 20:00:00-03:00,0.9400000000000001,14.186
2022-11-28 21:00:00-03:00,0.932,13.489
2022-11-28 22:00:00-03:00,0.929,13.354
2022-11-28 23:00:00-03:00,0.927,13.234
2022-11-29 00:00:00-03:00,0.926,13.202
2022-11-29 01:00:00-03:00,0.929,13.345
2022-11-29 02:00:00-03:00,0.933,13.54
2022-11-29 03:00:00-03:00,0.9380000000000001,13.894
2022-11-29 04:00:00-03:00,0.9400000000000001,14.198
2022-11-29 05:00:00-03:00,0.9410000000000001,14.505
2022-11-29 06:00:00-03:00,0.9400000000000001,14.836
2022-11-29 07:00:00-03:00,0.924,15.844
2022-11-29 08:00:00-03:00,0.849,17.811
2022-11-29 09:00:00-03:00,0.81,18.528
2022-11-29 10:00:00-03:00,0.806,18.589
2022-11-29 11:00:00-03:00,0.8160000000000001,18.421
2022-11-29 12:00:00-03:00,0.8290000000000001,18.189
2022-11-29 13:00:00-03:00,0.8320000000000001,18.137
2022-11-29 14:00:00-03:00,0.8180000000000001,18.384
2022-11-29 15:00:00-03:00,0.795,18.768
2022-11-29 16:00:00-03:00,0.776,19.069
2022-11-29 17:00:00-03:00,0.765,19.232
2022-11-29 18:00:00-03:00,0.765,19.227
2022-11-29 19:00:00-03:00,0.777,19.048
2022-11-29 20:00:00-03:00,0.807,18.574
2022-11-29 21:00:00-03:00,0.8310000000000001,18.147
2022-11-29 22:00:00-03:00,0.833,18.127
2022-11-29 23:00:00-03:00,0.8280000000000001,18.213
2022-11-30 00:00:00-03:00,0.8240000000000001,18.286
2022-11-30 01:00:00-03:00,0.8130000000000001,18.465
2022-11-30 02:00:00-03:00,0.804,18.621
2022-11-30 03:00:00-03:00,0.791,18.828
2022-11-30 04:00:00-03:00,0.791,18.829
2022-11-30 05:00:00-03:00,0.804,18.614
2022-11-30 06:00:00-03:00,0.836,18.06
2022-11-30 07:00:00-03:00,0.8300000000000001,18.175
2022-11-30 08:00:00-03:00,0.762,19.263
2022-11-30 09:00:00-03:00,0.739,19.61
2022-11-30 10:00:00-03:00,0.721,19.852
2022-11-30 11:00:00-03:00,0.707,20.043
2022-11-30 12:00:00-03:00,0.674,20.456
2022-11-30 13:00:00-03:00,0.62,21.122
2022-11-30 14:00:00-03:00,0.5720000000000001,21.672
2022-11-30 15:00:00-03:00,0.527,22.172
2022-11-30 16:00:00-03:00,0.49,22.561
2022-11-30 17:00:00-03:00,0.46900000000000003,22.798000000000002
2022-11-30 18:00:00-03:00,0.489,22.583
2022-11-30 19:00:00-03:00,0.548,21.942
2022-11-30 20:00:00-03:00,0.618,21.146
2022-11-30 21:00:00-03:00,0.733,19.69
2022-11-30 22:00:00-03:00,0.854,17.708
2022-11-30 23:00:00-03:00,0.905,16.521
2022-12-01 00:00:00-03:00,0.913,16.249
2022-12-01 01:00:00-03:00,0.897,16.736
2022-12-01 02:00:00-03:00,0.862,17.552
2022-12-01 03:00:00-03:00,0.8300000000000001,18.171
2022-12-01 04:00:00-03:00,0.8160000000000001,18.424
2022-12-01 05:00:00-03:00,0.8180000000000001,18.38
2022-12-01 06:00:00-03:00,0.844,17.917
2022-12-01 07:00:00-03:00,0.836,18.058
2022-12-01 08:00:00-03:00,0.8170000000000001,18.4
2022-12-01 09:00:00-03:00,0.811,18.507
2022-12-01 10:00:00-03:00,0.789,18.862
2022-12-01 11:00:00-03:00,0.8,18.686
2022-12-01 12:00:00-03:00,0.867,17.457
2022-12-01 13:00:00-03:00,0.925,15.804
2022-12-01 14:00:00-03:00,0.9410000000000001,14.515
2022-12-01 15:00:00-03:00,0.936,13.764
2022-12-01 16:00:00-03:00,0.9410000000000001,14.476
2022-12-01 17:00:00-03:00,0.9380000000000001,15.06
2022-12-01 18:00:00-03:00,0.9400000000000001,14.685
2022-12-01 19:00:00-03:00,0.9410000000000001,14.38
2022-12-01 20:00:00-03:00,0.9400000000000001,14.243
2022-12-01 21:00:00-03:00,0.9380000000000001,13.896
2022-12-01 22:00:00-03:00,0.923,13.105
2022-12-01 23:00:00-03:00,0.913,12.766
2022-12-02 00:00:00-03:00,0.919,12.97
2022-12-02 01:00:00-03:00,0.934,13.618
2022-12-02 02:00:00-03:00,0.9390000000000001,13.998
2022-12-02 03:00:00-03:00,0.937,13.839
2022-12-02 04:00:00-03:00,0.933,13.55
2022-12-02 05:00:00-03:00,0.916,12.848
2022-12-02 06:00:00-03:00,0.863,11.687
2022-12-02 07:00:00-03:00,0.8170000000000001,11.009
2022-12-02 08:00:00-03:00,0.915,12.828
2022-12-02 09:00:00-03:00,0.937,15.078
2022-12-02 10:00:00-03:00,0.889,16.953
2022-12-02 11:00:00-03:00,0.793,18.794
2022-12-02 12:00:00-03:00,0.644,20.834
2022-12-02 13:00:00-03:00,0.484,22.637
2022-12-02 14:00:00-03:00,0.377,23.782
2022-12-02 15:00:00-03:00,0.34,24.176
2022-12-02 16:00:00-03:00,0.362,23.943
2022-12-02 17:00:00-03:00,0.437,23.132
2022-12-02 18:00:00-03:00,0.549,21.933
2022-12-02 19:00:00-03:00,0.6930000000000001,20.218
2022-12-02 20:00:00-03:00,0.837,18.042
2022-12-02 21:00:00-03:00,0.93,15.583
2022-12-02 22:00:00-03:00,0.922,13.048
2022-12-02 23:00:00-03:00,0.845,11.411
2022-12-03 00:00:00-03:00,0.768,10.454
2022-12-03 01:00:00-03:00,0.706,9.862
2022-12-03 02:00:00-03:00,0.648,9.367
2022-12-03 03:00:00-03:00,0.622,9.159
2022-12-03 04:00:00-03:00,0.626,9.185
2022-12-03 05:00:00-03:00,0.651,9.389
2022-12-03 06:00:00-03:00,0.646,9.353
2022-12-03 07:00:00-03:00,0.779,10.573
2022-12-03 08:00:00-03:00,0.888,12.151
2022-12-03 09:00:00-03:00,0.935,13.679
2022-12-03 10:00:00-03:00,0.9410000000000001,14.567
2022-12-03 11:00:00-03:00,0.936,15.219
2022-12-03 12:00:00-03:00,0.913,16.274
2022-12-03 13:00:00-03:00,0.872,17.345
2022-12-03 14:00:00-03:00,0.84,17.995
2022-12-03 15:00:00-03:00,0.833,18.126
2022-12-03 16:00:00-03:00,0.853,17.746
2022-12-03 17:00:00-03:00,0.879,17.193
2022-12-03 18:00:00-03:00,0.901,16.632
2022-12-03 19:00:00-03:00,0.927,15.714
2022-12-03 20:00:00-03:00,0.9400000000000001,14.22
2022-12-03 21:00:00-03:00,0.903,12.506
2022-12-03 22:00:00-03:00,0.859,11.627
2022-12-03 23:00:00-03:00,0.839,11.323
2022-12-04 00:00:00-03:00,0.8270000000000001,11.162
2022-12-04 01:00:00-03:00,0.812,10.957
2022-12-04 02:00:00-03:00,0.798,10.792
2022-12-04 03:00:00-03:00,0.81,10.94
2022-12-04 04:00:00-03:00,0.8240000000000001,11.112
2022-12-04 05:00:00-03:00,0.848,11.456
2022-12-04 06:00:00-03:00,0.869,11.806000000000001
2022-12-04 07:00:00-03:00,0.908,12.623
2022-12-04 08:00:00-03:00,0.9380000000000001,15.071
2022-12-04 09:00:00-03:00,0.865,17.499
2022-12-04 10:00:00-03:00,0.806,18.582
2022-12-04 11:00:00-03:00,0.783,18.959
2022-12-04 12:00:00-03:00,0.759,19.32
2022-12-04 13:00:00-03:00,0.723,19.82
2022-12-04 14:00:00-03:00,0.685,20.315
2022-12-04 15:00:00-03:00,0.658,20.649
2022-12-04 16:00:00-03:00,0.662,20.613
2022-12-04 17:00:00-03:00,0.687,20.293
2022-12-04 18:00:00-03:00,0.726,19.783
2022-12-04 19:00:00-03:00,0.789,18.849
2022-12-04 20:00:00-03:00,0.868,17.425
2022-12-04 21:00:00-03:00,0.925,15.806000000000001
2022-12-04 22:00:00-03:00,0.9410000000000001,14.526
2022-12-04 23:00:00-03:00,0.936,13.717
2022-12-05 00:00:00-03:00,0.921,13.016
2022-12-05 01:00:00-03:00,0.899,12.412
2022-12-05 02:00:00-03:00,0.879,11.978
2022-12-05 03:00:00-03:00,0.851,11.491
2022-12-05 04:00:00-03:00,0.805,10.865
2022-12-05 05:00:00-03:00,0.753,10.302
2022-12-05 06:00:00-03:00,0.674,9.575
2022-12-05 07:00:00-03:00,0.728,10.062
2022-12-05 08:00:00-03:00,0.787,10.668
2022-12-05 09:00:00-03:00,0.811,10.951
2022-12-05 10:00:00-03:00,0.854,11.551
2022-12-05 11:00:00-03:00,0.88,11.989
2022-12-05 12:00:00-03:00,0.9,12.43
2022-12-05 13:00:00-03:00,0.913,12.765
2022-12-05 14:00:00-03:00,0.921,13.04
2022-12-05 15:00:00-03:00,0.926,13.234
2022-12-05 16:00:00-03:00,0.929,13.348
2022-12-05 17:00:00-03:00,0.927,13.278
2022-12-05 18:00:00-03:00,0.914,12.796
2022-12-05 19:00:00-03:00,0.882,12.046
2022-12-05 20:00:00-03:00,0.796,10.771
2022-12-05 21:00:00-03:00,0.628,9.211
2022-12-05 22:00:00-03:00,0.507,8.304
2022-12-05 23:00:00-03:00,0.424,7.717
2022-12-06 00:00:00-03:00,0.373,7.345
2022-12-06 01:00:00-03:00,0.364,7.275
2022-12-06 02:00:00-03:00,0.397,7.516
2022-12-06 03:00:00-03:00,0.437,7.8100000000000005
2022-12-06 04:00:00-03:00,0.47600000000000003,8.083
2022-12-06 05:00:00-03:00,0.508,8.313
2022-12-06 06:00:00-03:00,0.521,8.399000000000001
2022-12-06 07:00:00-03:00,0.791,10.715
2022-12-06 08:00:00-03:00,0.9,12.43
2022-12-06 09:00:00-03:00,0.925,13.176
2022-12-06 10:00:00-03:00,0.937,13.787
2022-12-06 11:00:00-03:00,0.9400000000000001,14.158
2022-12-06 12:00:00-03:00,0.9410000000000001,14.406
2022-12-06 13:00:00-03:00,0.9410000000000001,14.522
2022-12-06 14:00:00-03:00,0.9400000000000001,14.234
2022-12-06 15:00:00-03:00,0.937,13.855
2022-12-06 16:00:00-03:00,0.93,13.415
2022-12-06 17:00:00-03:00,0.913,12.78
2022-12-06 18:00:00-03:00,0.881,12.023
2022-12-06 19:00:00-03:00,0.8220000000000001,11.091
2022-12-06 20:00:00-03:00,0.718,9.961
2022-12-06 21:00:00-03:00,0.527,8.451
2022-12-06 22:00:00-03:00,0.391,7.481
2022-12-06 23:00:00-03:00,0.312,6.88
2022-12-07 00:00:00-03:00,0.248,6.353
2022-12-07 01:00:00-03:00,0.197,5.88
2022-12-07 02:00:00-03:00,0.16,5.495
2022-12-07 03:00:00-03:00,0.125,5.071
2022-12-07 04:00:00-03:00,0.08600000000000001,4.519
2022-12-07 05:00:00-03:00,0.047,3.779
2022-12-07 06:00:00-03:00,0.02,2.982
2022-12-07 07:00:00-03:00,0.01,2.507
2022-12-07 08:00:00-03:00,0.027,3.237
2022-12-07 09:00:00-03:00,0.05,3.846
2022-12-07 10:00:00-03:00,0.055,3.947
2022-12-07 11:00:00-03:00,0.039,3.5789999999999997
2022-12-07 12:00:00-03:00,0.018000000000000002,2.909
2022-12-07 13:00:00-03:00,0.005,2.165
2022-12-07 14:00:00-03:00,0.002,1.7149999999999999
2022-12-07 15:00:00-03:00,0.003,1.9649999999999999
2022-12-07 16:00:00-03:00,0.013000000000000001,2.693
2022-12-07 17:00:00-03:00,0.035,3.45
2022-12-07 18:00:00-03:00,0.07200000000000001,4.267
2022-12-07 19:00:00-03:00,0.14300000000000002,5.288
2022-12-07 20:00:00-03:00,0.262,6.473
2022-12-07 21:00:00-03:00,0.406,7.583
2022-12-07 22:00:00-03:00,0.434,7.78
2022-12-07 23:00:00-03:00,0.386,7.437
2022-12-08 00:00:00-03:00,0.327,6.99
2022-12-08 01:00:00-03:00,0.309,6.862
2022-12-08 02:00:00-03:00,0.304,6.822
2022-12-08 03:00:00-03:00,0.293,6.727
2022-12-08 04:00:00-03:00,0.268,6.524
2022-12-08 05:00:00-03:00,0.23600000000000002,6.239
2022-12-08 06:00:00-03:00,0.248,6.347
2022-12-08 07:00:00-03:00,0.22,6.097
2022-12-08 08:00:00-03:00,0.11900000000000001,4.997
2022-12-08 09:00:00-03:00,0.038,3.56
2022-12-08 10:00:00-03:00,0.005,2.153
2022-12-08 11:00:00-03:00,0.0,1.101
2022-12-08 12:00:00-03:00,0.0,0.681
2022-12-08 13:00:00-03:00,0.0,0.983
2022-12-08 14:00:00-03:00,0.002,1.695
2022-12-08 15:00:00-03:00,0.011,2.563
2022-12-08 16:00:00-03:00,0.028,3.266
2022-12-08 17:00:00-03:00,0.057,3.993
2022-12-08 18:00:00-03:00,0.091,4.589
2022-12-08 19:00:00-03:00,0.128,5.114
2022-12-08 20:00:00-03:00,0.188,5.788
2022-12-08 21:00:00-03:00,0.302,6.803
2022-12-08 22:00:00-03:00,0.372,7.329
2022-12-08 23:00:00-03:00,0.32,6.949
2022-12-09 00:00:00-03:00,0.274,6.575
2022-12-09 01:00:00-03:00,0.247,6.342
2022-12-09 02:00:00-03:00,0.229,6.185
2022-12-09 03:00:00-03:00,0.221,6.117
2022-12-09 04:00:00-03:00,0.203,5.943
2022-12-09 05:00:00-03:00,0.152,5.402
2022-12-09 06:00:00-03:00,0.1,4.732
2022-12-09 07:00:00-03:00,0.092,4.612
2022-12-09 08:00:00-03:00,0.105,4.791
2022-12-09 09:00:00-03:00,0.14300000000000002,5.289
2022-12-09 10:00:00-03:00,0.232,6.207
2022-12-09 11:00:00-03:00,0.365,7.289
2022-12-09 12:00:00-03:00,0.502,8.272
2022-12-09 13:00:00-03:00,0.604,9.013
2022-12-09 14:00:00-03:00,0.675,9.584
2022-12-09 15:00:00-03:00,0.735,10.129
2022-12-09 16:00:00-03:00,0.788,10.675
2022-12-09 17:00:00-03:00,0.8280000000000001,11.17
2022-12-09 18:00:00-03:00,0.84,11.331
2022-12-09 19:00:00-03:00,0.8280000000000001,11.176
2022-12-09 20:00:00-03:00,0.787,10.666
2022-12-09 21:00:00-03:00,0.675,9.578
2022-12-09 22:00:00-03:00,0.527,8.448
2022-12-09 23:00:00-03:00,0.387,7.451
2022-12-10 00:00:00-03:00,0.314,6.898
2022-12-10 01:00:00-03:00,0.308,6.8469999999999995
2022-12-10 02:00:00-03:00,0.339,7.091
2022-12-10 03:00:00-03:00,0.36,7.246
2022-12-10 04:00:00-03:00,0.35100000000000003,7.183
2022-12-10 05:00:00-03:00,0.313,6.886
2022-12-10 06:00:00-03:00,0.28600000000000003,6.676
2022-12-10 07:00:00-03:00,0.401,7.555
2022-12-10 08:00:00-03:00,0.448,7.89
2022-12-10 09:00:00-03:00,0.47400000000000003,8.073
2022-12-10 10:00:00-03:00,0.485,8.145
2022-12-10 11:00:00-03:00,0.514,8.35
2022-12-10 12:00:00-03:00,0.555,8.659
2022-12-10 13:00:00-03:00,0.614,9.1
2022-12-10 14:00:00-03:00,0.683,9.655
2022-12-10 15:00:00-03:00,0.734,10.113
2022-12-10 16:00:00-03:00,0.767,10.445
2022-12-10 17:00:00-03:00,0.779,10.572
2022-12-10 18:00:00-03:00,0.754,10.311
2022-12-10 19:00:00-03:00,0.6940000000000001,9.742
2022-12-10 20:00:00-03:00,0.587,8.892
2022-12-10 21:00:00-03:00,0.424,7.715
2022-12-10 22:00:00-03:00,0.366,7.296
2022-12-10 23:00:00-03:00,0.28700000000000003,6.68
2022-12-11 00:00:00-03:00,0.23,6.187
2022-12-11 01:00:00-03:00,0.213,6.028
2022-12-11 02:00:00-03:00,0.20700000000000002,5.973
2022-12-11 03:00:00-03:00,0.201,5.922
2022-12-11 04:00:00-03:00,0.20500000000000002,5.953
2022-12-11 05:00:00-03:00,0.209,6.001
2022-12-11 06:00:00-03:00,0.136,5.205
2022-12-11 07:00:00-03:00,0.177,5.68
2022-12-11 08:00:00-03:00,0.233,6.218
2022-12-11 09:00:00-03:00,0.253,6.395
2022-12-11 10:00:00-03:00,0.28500000000000003,6.664
2022-12-11 11:00:00-03:00,0.303,6.813
2022-12-11 12:00:00-03:00,0.318,6.924
2022-12-11 13:00:00-03:00,0.34900000000000003,7.163
2022-12-11 14:00:00-03:00,0.422,7.7059999999999995
2022-12-11 15:00:00-03:00,0.506,8.295
2022-12-11 16:00:00-03:00,0.546,8.578
2022-12-11 17:00:00-03:00,0.5730000000000001,8.779
2022-12-11 18:00:00-03:00,0.642,9.315
2022-12-11 19:00:00-03:00,0.667,9.526
2022-12-11 20:00:00-03:00,0.606,9.034
2022-12-11 21:00:00-03:00,0.524,8.421
2022-12-11 22:00:00-03:00,0.51,8.322
2022-12-11 23:00:00-03:00,0.529,8.466
2022-12-12 00:00:00-03:00,0.579,8.826
2022-12-12 01:00:00-03:00,0.642,9.318
2022-12-12 02:00:00-03:00,0.658,9.449
2022-12-12 03:00:00-03:00,0.5640000000000001,8.723
2022-12-12 04:00:00-03:00,0.527,8.444
2022-12-12 05:00:00-03:00,0.536,8.509
2022-12-12 06:00:00-03:00,0.47200000000000003,8.06
2022-12-12 07:00:00-03:00,0.47200000000000003,8.061
2022-12-12 08:00:00-03:00,0.604,9.01
2022-12-12 09:00:00-03:00,0.776,10.541
2022-12-12 10:00:00-03:00,0.875,11.911
2022-12-12 11:00:00-03:00,0.918,12.913
2022-12-12 12:00:00-03:00,0.911,12.716
2022-12-12 13:00:00-03:00,0.886,12.126
2022-12-12 14:00:00-03:00,0.862,11.676
2022-12-12 15:00:00-03:00,0.876,11.925
2022-12-12 16:00:00-03:00,0.918,12.92
2022-12-12 17:00:00-03:00,0.9400000000000001,14.139
2022-12-12 18:00:00-03:00,0.927,15.727
2022-12-12 19:00:00-03:00,0.892,16.868
2022-12-12 20:00:00-03:00,0.882,17.125
2022-12-12 21:00:00-03:00,0.889,16.949
2022-12-12 22:00:00-03:00,0.908,16.432
2022-12-12 23:00:00-03:00,0.922,15.915
2022-12-13 00:00:00-03:00,0.929,15.6
2022-12-13 01:00:00-03:00,0.935,15.266
2022-12-13 02:00:00-03:00,0.935,15.241
2022-12-13 03:00:00-03:00,0.93,15.55
2022-12-13 04:00:00-03:00,0.924,15.87
2022-12-13 05:00:00-03:00,0.931,15.495
2022-12-13 06:00:00-03:00,0.93,15.586
2022-12-13 07:00:00-03:00,0.904,16.538
2022-12-13 08:00:00-03:00,0.853,17.744
2022-12-13 09:00:00-03:00,0.792,18.819
2022-12-13 10:00:00-03:00,0.751,19.419
2022-12-13 11:00:00-03:00,0.757,19.346
2022-12-13 12:00:00-03:00,0.807,18.573
2022-12-13 13:00:00-03:00,0.858,17.636
2022-12-13 14:00:00-03:00,0.89,16.919
2022-12-13 15:00:00-03:00,0.908,16.432
2022-12-13 16:00:00-03:00,0.919,16.027
2022-12-13 17:00:00-03:00,0.929,15.629
2022-12-13 18:00:00-03:00,0.937,15.097
2022-12-13 19:00:00-03:00,0.9400000000000001,14.257
2022-12-13 20:00:00-03:00,0.915,12.842
2022-12-13 21:00:00-03:00,0.804,10.853
2022-12-13 22:00:00-03:00,0.656,9.423
2022-12-13 23:00:00-03:00,0.5740000000000001,8.794
2022-12-14 00:00:00-03:00,0.533,8.489
2022-12-14 01:00:00-03:00,0.451,7.906
2022-12-14 02:00:00-03:00,0.40700000000000003,7.594
2022-12-14 03:00:00-03:00,0.406,7.589
2022-12-14 04:00:00-03:00,0.437,7.809
2022-12-14 05:00:00-03:00,0.457,7.9510000000000005
2022-12-14 06:00:00-03:00,0.41000000000000003,7.614
2022-12-14 07:00:00-03:00,0.5680000000000001,8.74
2022-12-14 08:00:00-03:00,0.798,10.788
2022-12-14 09:00:00-03:00,0.867,11.76
2022-12-14 10:00:00-03:00,0.91,12.668
2022-12-14 11:00:00-03:00,0.937,13.793
2022-12-14 12:00:00-03:00,0.9380000000000001,15.031
2022-12-14 13:00:00-03:00,0.914,16.219
2022-12-14 14:00:00-03:00,0.889,16.943
2022-12-14 15:00:00-03:00,0.863,17.548000000000002
2022-12-14 16:00:00-03:00,0.836,18.056
2022-12-14 17:00:00-03:00,0.842,17.959
2022-12-14 18:00:00-03:00,0.867,17.466
2022-12-14 19:00:00-03:00,0.901,16.614
2022-12-14 20:00:00-03:00,0.9380000000000001,15.032
2022-12-14 21:00:00-03:00,0.922,13.049
2022-12-14 22:00:00-03:00,0.881,12.006
2022-12-14 23:00:00-03:00,0.87,11.823
2022-12-15 00:00:00-03:00,0.86,11.642
2022-12-15 01:00:00-03:00,0.844,11.393
2022-12-15 02:00:00-03:00,0.8250000000000001,11.123
2022-12-15 03:00:00-03:00,0.8170000000000001,11.022
2022-12-15 04:00:00-03:00,0.8150000000000001,10.988
2022-12-15 05:00:00-03:00,0.8250000000000001,11.136
2022-12-15 06:00:00-03:00,0.796,10.774000000000001
2022-12-15 07:00:00-03:00,0.804,10.86
2022-12-15 08:00:00-03:00,0.895,12.305
2022-12-15 09:00:00-03:00,0.9400000000000001,14.121
2022-12-15 10:00:00-03:00,0.935,15.243
2022-12-15 11:00:00-03:00,0.929,15.631
2022-12-15 12:00:00-03:00,0.926,15.762
2022-12-15 13:00:00-03:00,0.924,15.839
2022-12-15 14:00:00-03:00,0.923,15.875
2022-12-15 15:00:00-03:00,0.922,15.916
2022-12-15 16:00:00-03:00,0.923,15.874
2022-12-15 17:00:00-03:00,0.928,15.651
2022-12-15 18:00:00-03:00,0.9380000000000001,14.975999999999999
2022-12-15 19:00:00-03:00,0.937,13.825
2022-12-15 20:00:00-03:00,0.916,12.846
2022-12-15 21:00:00-03:00,0.884,12.072
2022-12-15 22:00:00-03:00,0.873,11.861
2022-12-15 23:00:00-03:00,0.87,11.817
2022-12-16 00:00:00-03:00,0.856,11.572
2022-12-16 01:00:00-03:00,0.788,10.672
2022-12-16 02:00:00-03:00,0.708,9.88
2022-12-16 03:00:00-03:00,0.675,9.578
2022-12-16 04:00:00-03:00,0.622,9.158
2022-12-16 05:00:00-03:00,0.59,8.913
2022-12-16 06:00:00-03:00,0.417,7.656
2022-12-16 07:00:00-03:00,0.318,6.929
2022-12-16 08:00:00-03:00,0.433,7.777
2022-12-16 09:00:00-03:00,0.529,8.47
2022-12-16 10:00:00-03:00,0.661,9.464
2022-12-16 11:00:00-03:00,0.734,10.114
2022-12-16 12:00:00-03:00,0.85,11.483
2022-12-16 13:00:00-03:00,0.919,12.975
2022-12-16 14:00:00-03:00,0.929,13.346
2022-12-16 15:00:00-03:00,0.932,13.506
2022-12-16 16:00:00-03:00,0.923,13.118
2022-12-16 17:00:00-03:00,0.909,12.658
2022-12-16 18:00:00-03:00,0.896,12.331
2022-12-16 19:00:00-03:00,0.896,12.323
2022-12-16 20:00:00-03:00,0.903,12.502
2022-12-16 21:00:00-03:00,0.914,12.815
2022-12-16 22:00:00-03:00,0.932,13.475
2022-12-16 23:00:00-03:00,0.934,13.604
2022-12-17 00:00:00-03:00,0.9400000000000001,14.103
2022-12-17 01:00:00-03:00,0.9380000000000001,15.057
2022-12-17 02:00:00-03:00,0.9380000000000001,14.983
2022-12-17 03:00:00-03:00,0.918,16.089
2022-12-17 04:00:00-03:00,0.88,17.164
2022-12-17 05:00:00-03:00,0.875,17.278
2022-12-17 06:00:00-03:00,0.913,16.254
2022-12-17 07:00:00-03:00,0.931,15.499
2022-12-17 08:00:00-03:00,0.9380000000000001,15.0
2022-12-17 09:00:00-03:00,0.936,15.189
2022-12-17 10:00:00-03:00,0.937,15.082
2022-12-17 11:00:00-03:00,0.9400000000000001,14.763
2022-12-17 12:00:00-03:00,0.9400000000000001,14.774000000000001
2022-12-17 13:00:00-03:00,0.9400000000000001,14.723
2022-12-17 14:00:00-03:00,0.9410000000000001,14.488
2022-12-17 15:00:00-03:00,0.9410000000000001,14.46
2022-12-17 16:00:00-03:00,0.9410000000000001,14.385
2022-12-17 17:00:00-03:00,0.9410000000000001,14.302
2022-12-17 18:00:00-03:00,0.9400000000000001,14.115
2022-12-17 19:00:00-03:00,0.936,13.721
2022-12-17 20:00:00-03:00,0.929,13.332
2022-12-17 21:00:00-03:00,0.917,12.883
2022-12-17 22:00:00-03:00,0.902,12.468
2022-12-17 23:00:00-03:00,0.886,12.129
2022-12-18 00:00:00-03:00,0.861,11.654
2022-12-18 01:00:00-03:00,0.8270000000000001,11.151
2022-12-18 02:00:00-03:00,0.798,10.795
2022-12-18 03:00:00-03:00,0.764,10.413
2022-12-18 04:00:00-03:00,0.74,10.167
2022-12-18 05:00:00-03:00,0.708,9.88
2022-12-18 06:00:00-03:00,0.634,9.254
2022-12-18 07:00:00-03:00,0.714,9.925
2022-12-18 08:00:00-03:00,0.763,10.405
2022-12-18 09:00:00-03:00,0.799,10.809
2022-12-18 10:00:00-03:00,0.8200000000000001,11.062
2022-12-18 11:00:00-03:00,0.8150000000000001,10.998
2022-12-18 12:00:00-03:00,0.8210000000000001,11.073
2022-12-18 13:00:00-03:00,0.837,11.295
2022-12-18 14:00:00-03:00,0.862,11.67
2022-12-18 15:00:00-03:00,0.886,12.118
2022-12-18 16:00:00-03:00,0.895,12.321
2022-12-18 17:00:00-03:00,0.902,12.474
2022-12-18 18:00:00-03:00,0.91,12.672
2022-12-18 19:00:00-03:00,0.914,12.813
2022-12-18 20:00:00-03:00,0.899,12.411
2022-12-18 21:00:00-03:00,0.863,11.702
2022-12-18 22:00:00-03:00,0.8150000000000001,10.989
2022-12-18 23:00:00-03:00,0.754,10.319
2022-12-19 00:00:00-03:00,0.745,10.221
2022-12-19 01:00:00-03:00,0.767,10.449
2022-12-19 02:00:00-03:00,0.788,10.682
2022-12-19 03:00:00-03:00,0.794,10.745
2022-12-19 04:00:00-03:00,0.782,10.598
2022-12-19 05:00:00-03:00,0.753,10.299
2022-12-19 06:00:00-03:00,0.686,9.67
2022-12-19 07:00:00-03:00,0.654,9.413
2022-12-19 08:00:00-03:00,0.784,10.63
2022-12-19 09:00:00-03:00,0.808,10.915
2022-12-19 10:00:00-03:00,0.751,10.286
2022-12-19 11:00:00-03:00,0.654,9.413
2022-12-19 12:00:00-03:00,0.548,8.604
2022-12-19 13:00:00-03:00,0.451,7.909
2022-12-19 14:00:00-03:00,0.36,7.246
2022-12-19 15:00:00-03:00,0.271,6.554
2022-12-19 16:00:00-03:00,0.192,5.83
2022-12-19 17:00:00-03:00,0.124,5.06
2022-12-19 18:00:00-03:00,0.078,4.375
2022-12-19 19:00:00-03:00,0.066,4.166
2022-12-19 20:00:00-03:00,0.116,4.963
2022-12-19 21:00:00-03:00,0.17200000000000001,5.631
2022-12-19 22:00:00-03:00,0.198,5.897
2022-12-19 23:00:00-03:00,0.292,6.723
2022-12-20 00:00:00-03:00,0.421,7.696
2022-12-20 01:00:00-03:00,0.429,7.747
2022-12-20 02:00:00-03:00,0.329,7.016
2022-12-20 03:00:00-03:00,0.278,6.611
2022-12-20 04:00:00-03:00,0.275,6.584
2022-12-20 05:00:00-03:00,0.29,6.705
2022-12-20 06:00:00-03:00,0.258,6.438
2022-12-20 07:00:00-03:00,0.335,7.065
2022-12-20 08:00:00-03:00,0.327,6.992
2022-12-20 09:00:00-03:00,0.291,6.716
2022-12-20 10:00:00-03:00,0.269,6.533
2022-12-20 11:00:00-03:00,0.266,6.5120000000000005
2022-12-20 12:00:00-03:00,0.295,6.743
2022-12-20 13:00:00-03:00,0.326,6.986
2022-12-20 14:00:00-03:00,0.32,6.939
2022-12-20 15:00:00-03:00,0.28600000000000003,6.672
2022-12-20 16:00:00-03:00,0.248,6.358
2022-12-20 17:00:00-03:00,0.216,6.069
2022-12-20 18:00:00-03:00,0.176,5.671
2022-12-20 19:00:00-03:00,0.116,4.958
2022-12-20 20:00:00-03:00,0.062,4.097
2022-12-20 21:00:00-03:00,0.033,3.42
2022-12-20 22:00:00-03:00,0.004,2.103
2022-12-20 23:00:00-03:00,0.009000000000000001,2.454
2022-12-21 00:00:00-03:00,0.078,4.38
2022-12-21 01:00:00-03:00,0.171,5.614
2022-12-21 02:00:00-03:00,0.248,6.349
2022-12-21 03:00:00-03:00,0.28600000000000003,6.678
2022-12-21 04:00:00-03:00,0.392,7.483
2022-12-21 05:00:00-03:00,0.514,8.363
2022-12-21 06:00:00-03:00,0.419,7.673
2022-12-21 07:00:00-03:00,0.194,5.852
2022-12-21 08:00:00-03:00,0.223,6.133
2022-12-21 09:00:00-03:00,0.456,7.948
2022-12-21 10:00:00-03:00,0.58,8.837
2022-12-21 11:00:00-03:00,0.65,9.385
2022-12-21 12:00:00-03:00,0.656,9.423
2022-12-21 13:00:00-03:00,0.598,8.975
2022-12-21 14:00:00-03:00,0.523,8.417
2022-12-21 15:00:00-03:00,0.441,7.837
2022-12-21 16:00:00-03:00,0.4,7.542
2022-12-21 17:00:00-03:00,0.377,7.373
2022-12-21 18:00:00-03:00,0.333,7.045
2022-12-21 19:00:00-03:00,0.20800000000000002,5.994
2022-12-21 20:00:00-03:00,0.082,4.454
2022-12-21 21:00:00-03:00,0.012,2.64
2022-12-21 22:00:00-03:00,0.016,2.846
2022-12-21 23:00:00-03:00,0.188,5.783
2022-12-22 00:00:00-03:00,0.457,7.957
2022-12-22 01:00:00-03:00,0.624,9.172
2022-12-22 02:00:00-03:00,0.716,9.947
2022-12-22 03:00:00-03:00,0.772,10.503
2022-12-22 04:00:00-03:00,0.799,10.806000000000001
2022-12-22 05:00:00-03:00,0.787,10.659
2022-12-22 06:00:00-03:00,0.81,10.932
2022-12-22 07:00:00-03:00,0.848,11.451
2022-12-22 08:00:00-03:00,0.87,11.822
2022-12-22 09:00:00-03:00,0.86,11.645
2022-12-22 10:00:00-03:00,0.754,10.317
2022-12-22 11:00:00-03:00,0.641,9.315
2022-12-22 12:00:00-03:00,0.862,11.677
2022-12-22 13:00:00-03:00,0.927,15.704
2022-12-22 14:00:00-03:00,0.893,16.835
2022-12-22 15:00:00-03:00,0.907,16.46
2022-12-22 16:00:00-03:00,0.888,16.971
2022-12-22 17:00:00-03:00,0.865,17.489
2022-12-22 18:00:00-03:00,0.836,18.061
2022-12-22 19:00:00-03:00,0.789,18.868
2022-12-22 20:00:00-03:00,0.788,18.88
2022-12-22 21:00:00-03:00,0.857,17.661
2022-12-22 22:00:00-03:00,0.907,16.461
2022-12-22 23:00:00-03:00,0.895,16.801
2022-12-23 00:00:00-03:00,0.833,18.113
2022-12-23 01:00:00-03:00,0.769,19.169
2022-12-23 02:00:00-03:00,0.71,19.993
2022-12-23 03:00:00-03:00,0.613,21.199
2022-12-23 04:00:00-03:00,0.587,21.502
2022-12-23 05:00:00-03:00,0.623,21.084
2022-12-23 06:00:00-03:00,0.673,20.474
2022-12-23 07:00:00-03:00,0.671,20.503
2022-12-23 08:00:00-03:00,0.673,20.473
2022-12-23 09:00:00-03:00,0.709,20.016
2022-12-23 10:00:00-03:00,0.758,19.33
2022-12-23 11:00:00-03:00,0.809,18.538
2022-12-23 12:00:00-03:00,0.847,17.868
2022-12-23 13:00:00-03:00,0.871,17.358
2022-12-23 14:00:00-03:00,0.893,16.836
2022-12-23 15:00:00-03:00,0.913,16.239
2022-12-23 16:00:00-03:00,0.926,15.757
2022-12-23 17:00:00-03:00,0.934,15.335
2022-12-23 18:00:00-03:00,0.9390000000000001,14.883
2022-12-23 19:00:00-03:00,0.9410000000000001,14.278
2022-12-23 20:00:00-03:00,0.925,13.157
2022-12-23 21:00:00-03:00,0.87,11.823
2022-12-23 22:00:00-03:00,0.84,11.332
2022-12-23 23:00:00-03:00,0.857,11.596
2022-12-24 00:00:00-03:00,0.876,11.925
2022-12-24 01:00:00-03:00,0.895,12.31
2022-12-24 02:00:00-03:00,0.909,12.644
2022-12-24 03:00:00-03:00,0.911,12.719
2022-12-24 04:00:00-03:00,0.911,12.716
2022-12-24 05:00:00-03:00,0.911,12.725999999999999
2022-12-24 06:00:00-03:00,0.912,12.753
2022-12-24 07:00:00-03:00,0.923,13.112
2022-12-24 08:00:00-03:00,0.936,13.74
2022-12-24 09:00:00-03:00,0.9400000000000001,14.18
2022-12-24 10:00:00-03:00,0.937,15.095
2022-12-24 11:00:00-03:00,0.923,15.899000000000001
2022-12-24 12:00:00-03:00,0.918,16.061
2022-12-24 13:00:00-03:00,0.927,15.71
2022-12-24 14:00:00-03:00,0.93,15.556000000000001
2022-12-24 15:00:00-03:00,0.916,16.146
2022-12-24 16:00:00-03:00,0.902,16.58
2022-12-24 17:00:00-03:00,0.918,16.072
2022-12-24 18:00:00-03:00,0.933,15.394
2022-12-24 19:00:00-03:00,0.9400000000000001,14.791
2022-12-24 20:00:00-03:00,0.9400000000000001,14.222
2022-12-24 21:00:00-03:00,0.928,13.318
2022-12-24 22:00:00-03:00,0.892,12.237
2022-12-24 23:00:00-03:00,0.865,11.721
2022-12-25 00:00:00-03:00,0.862,11.675
2022-12-25 01:00:00-03:00,0.875,11.911
2022-12-25 02:00:00-03:00,0.876,11.928
2022-12-25 03:00:00-03:00,0.863,11.697
2022-12-25 04:00:00-03:00,0.842,11.35
2022-12-25 05:00:00-03:00,0.8170000000000001,11.02
2022-12-25 06:00:00-03:00,0.81,10.938
2022-12-25 07:00:00-03:00,0.881,12.02
2022-12-25 08:00:00-03:00,0.873,11.876
2022-12-25 09:00:00-03:00,0.842,11.361
2022-12-25 10:00:00-03:00,0.808,10.917
2022-12-25 11:00:00-03:00,0.777,10.558
2022-12-25 12:00:00-03:00,0.705,9.848
2022-12-25 13:00:00-03:00,0.61,9.067
2022-12-25 14:00:00-03:00,0.511,8.332
2022-12-25 15:00:00-03:00,0.384,7.424
2022-12-25 16:00:00-03:00,0.28600000000000003,6.668
2022-12-25 17:00:00-03:00,0.196,5.875
2022-12-25 18:00:00-03:00,0.11800000000000001,4.987
2022-12-25 19:00:00-03:00,0.06,4.034
2022-12-25 20:00:00-03:00,0.053,3.887
2022-12-25 21:00:00-03:00,0.06,4.035
2022-12-25 22:00:00-03:00,0.042,3.643
2022-12-25 23:00:00-03:00,0.064,4.116
2022-12-26 00:00:00-03:00,0.169,5.586
2022-12-26 01:00:00-03:00,0.46,7.974
2022-12-26 02:00:00-03:00,0.756,10.327
2022-12-26 03:00:00-03:00,0.929,13.364
2022-12-26 04:00:00-03:00,0.936,15.173
2022-12-26 05:00:00-03:00,0.922,15.944
2022-12-26 06:00:00-03:00,0.91,16.363
2022-12-26 07:00:00-03:00,0.836,18.054
2022-12-26 08:00:00-03:00,0.682,20.358
2022-12-26 09:00:00-03:00,0.47700000000000004,22.703
2022-12-26 10:00:00-03:00,0.297,24.657
2022-12-26 11:00:00-03:00,0.274,24.911
2022-12-26 12:00:00-03:00,0.341,24.16
2022-12-26 13:00:00-03:00,0.41400000000000003,23.377
2022-12-26 14:00:00-03:00,0.482,22.653
2022-12-26 15:00:00-03:00,0.559,21.824
2022-12-26 16:00:00-03:00,0.633,20.967
2022-12-26 17:00:00-03:00,0.681,20.37
2022-12-26 18:00:00-03:00,0.715,19.922
2022-12-26 19:00:00-03:00,0.776,19.058
2022-12-26 20:00:00-03:00,0.852,17.768
2022-12-26 21:00:00-03:00,0.92,15.988
2022-12-26 22:00:00-03:00,0.9390000000000001,14.942
2022-12-26 23:00:00-03:00,0.9410000000000001,14.617
2022-12-27 00:00:00-03:00,0.9410000000000001,14.285
2022-12-27 01:00:00-03:00,0.9410000000000001,14.4
2022-12-27 02:00:00-03:00,0.9410000000000001,14.449
2022-12-27 03:00:00-03:00,0.9410000000000001,14.351
2022-12-27 04:00:00-03:00,0.9400000000000001,14.199
2022-12-27 05:00:00-03:00,0.9400000000000001,14.1
2022-12-27 06:00:00-03:00,0.9400000000000001,14.166
2022-12-27 07:00:00-03:00,0.9400000000000001,14.688
2022-12-27 08:00:00-03:00,0.921,15.979
2022-12-27 09:00:00-03:00,0.889,16.946
2022-12-27 10:00:00-03:00,0.867,17.45
2022-12-27 11:00:00-03:00,0.843,17.943
2022-12-27 12:00:00-03:00,0.799,18.697
2022-12-27 13:00:00-03:00,0.764,19.251
2022-12-27 14:00:00-03:00,0.742,19.563
2022-12-27 15:00:00-03:00,0.729,19.748
2022-12-27 16:00:00-03:00,0.724,19.805
2022-12-27 17:00:00-03:00,0.734,19.68
2022-12-27 18:00:00-03:00,0.74,19.584
2022-12-27 19:00:00-03:00,0.794,18.792
2022-12-27 20:00:00-03:00,0.903,16.558
2022-12-27 21:00:00-03:00,0.9400000000000001,14.807
2022-12-27 22:00:00-03:00,0.934,13.632
2022-12-27 23:00:00-03:00,0.922,13.074
2022-12-28 00:00:00-03:00,0.91,12.668
2022-12-28 01:00:00-03:00,0.903,12.506
2022-12-28 02:00:00-03:00,0.91,12.698
2022-12-28 03:00:00-03:00,0.905,12.54
2022-12-28 04:00:00-03:00,0.886,12.122
2022-12-28 05:00:00-03:00,0.861,11.661
2022-12-28 06:00:00-03:00,0.867,11.764
2022-12-28 07:00:00-03:00,0.907,12.611
2022-12-28 08:00:00-03:00,0.937,13.805
2022-12-28 09:00:00-03:00,0.92,15.989
2022-12-28 10:00:00-03:00,0.868,17.429
2022-12-28 11:00:00-03:00,0.804,18.619
2022-12-28 12:00:00-03:00,0.735,19.666
2022-12-28 13:00:00-03:00,0.655,20.696
2022-12-28 14:00:00-03:00,0.614,21.19
2022-12-28 15:00:00-03:00,0.5700000000000001,21.695
2022-12-28 16:00:00-03:00,0.552,21.903
2022-12-28 17:00:00-03:00,0.533,22.112
2022-12-28 18:00:00-03:00,0.501,22.446
2022-12-28 19:00:00-03:00,0.5710000000000001,21.683
2022-12-28 20:00:00-03:00,0.665,20.576
2022-12-28 21:00:00-03:00,0.6980000000000001,20.155
2022-12-28 22:00:00-03:00,0.656,20.689
2022-12-28 23:00:00-03:00,0.67,20.511
2022-12-29 00:00:00-03:00,0.679,20.397
2022-12-29 01:00:00-03:00,0.6930000000000001,20.215
2022-12-29 02:00:00-03:00,0.684,20.34
2022-12-29 03:00:00-03:00,0.684,20.329
2022-12-29 04:00:00-03:00,0.6900000000000001,20.255
2022-12-29 05:00:00-03:00,0.7030000000000001,20.089
2022-12-29 06:00:00-03:00,0.655,20.702
2022-12-29 07:00:00-03:00,0.521,22.235
2022-12-29 08:00:00-03:00,0.41200000000000003,23.404
2022-12-29 09:00:00-03:00,0.34700000000000003,24.102
2022-12-29 10:00:00-03:00,0.296,24.676
2022-12-29 11:00:00-03:00,0.277,24.891
2022-12-29 12:00:00-03:00,0.315,24.448
2022-12-29 13:00:00-03:00,0.377,23.778
2022-12-29 14:00:00-03:00,0.424,23.281
2022-12-29 15:00:00-03:00,0.463,22.867
2022-12-29 16:00:00-03:00,0.504,22.415
2022-12-29 17:00:00-03:00,0.55,21.924
2022-12-29 18:00:00-03:00,0.6000000000000001,21.359
2022-12-29 19:00:00-03:00,0.676,20.437
2022-12-29 20:00:00-03:00,0.803,18.637
2022-12-29 21:00:00-03:00,0.893,16.829
2022-12-29 22:00:00-03:00,0.917,16.12
2022-12-29 23:00:00-03:00,0.923,15.872
2022-12-30 00:00:00-03:00,0.93,15.581
2022-12-30 01:00:00-03:00,0.924,15.838
2022-12-30 02:00:00-03:00,0.917,16.109
2022-12-30 03:00:00-03:00,0.918,16.069
2022-12-30 04:00:00-03:00,0.918,16.076
2022-12-30 05:00:00-03:00,0.917,16.137
2022-12-30 06:00:00-03:00,0.92,16.021
2022-12-30 07:00:00-03:00,0.905,16.503
2022-12-30 08:00:00-03:00,0.857,17.659
2022-12-30 09:00:00-03:00,0.808,18.554
2022-12-30 10:00:00-03:00,0.789,18.867
2022-12-30 11:00:00-03:00,0.805,18.61
2022-12-30 12:00:00-03:00,0.792,18.819
2022-12-30 13:00:00-03:00,0.77,19.161
2022-12-30 14:00:00-03:00,0.774,19.097
2022-12-30 15:00:00-03:00,0.8230000000000001,18.293
2022-12-30 16:00:00-03:00,0.886,17.018
2022-12-30 17:00:00-03:00,0.926,15.757
2022-12-30 18:00:00-03:00,0.9410000000000001,14.428
2022-12-30 19:00:00-03:00,0.923,13.087
2022-12-30 20:00:00-03:00,0.864,11.713
2022-12-30 21:00:00-03:00,0.714,9.926
2022-12-30 22:00:00-03:00,0.46,7.973
2022-12-30 23:00:00-03:00,0.278,6.607
2022-12-31 00:00:00-03:00,0.195,5.866
2022-12-31 01:00:00-03:00,0.139,5.25
2022-12-31 02:00:00-03:00,0.108,4.849
2022-12-31 03:00:00-03:00,0.094,4.627
2022-12-31 04:00:00-03:00,0.111,4.877
2022-12-31 05:00:00-03:00,0.245,6.324
2022-12-31 06:00:00-03:00,0.42,7.687
2022-12-31 07:00:00-03:00,0.521,8.405
2022-12-31 08:00:00-03:00,0.7010000000000001,9.811
2022-12-31 09:00:00-03:00,0.857,11.585
2022-12-31 10:00:00-03:00,0.903,12.494
2022-12-31 11:00:00-03:00,0.914,12.789
2022-12-31 12:00:00-03:00,0.874,11.885
2022-12-31 13:00:00-03:00,0.799,10.807
2022-12-31 14:00:00-03:00,0.896,12.335
2022-12-31 15:00:00-03:00,0.937,15.149
2022-12-31 16:00:00-03:00,0.902,16.594
2022-12-31 17:00:00-03:00,0.849,17.825
2022-12-31 18:00:00-03:00,0.787,18.892
2022-12-31 19:00:00-03:00,0.776,19.065
2022-12-31 20:00:00-03:00,0.833,18.125
