local_time,electricity,wind_speed
2019-12-31 21:00:00-03:00,0.002,1.806
2019-12-31 22:00:00-03:00,0.0,1.319
2019-12-31 23:00:00-03:00,0.0,1.298
2020-01-01 00:00:00-03:00,0.009000000000000001,2.456
2020-01-01 01:00:00-03:00,0.041,3.613
2020-01-01 02:00:00-03:00,0.099,4.709
2020-01-01 03:00:00-03:00,0.189,5.796
2020-01-01 04:00:00-03:00,0.301,6.798
2020-01-01 05:00:00-03:00,0.41300000000000003,7.636
2020-01-01 06:00:00-03:00,0.429,7.741
2020-01-01 07:00:00-03:00,0.289,6.702
2020-01-01 08:00:00-03:00,0.5760000000000001,8.805
2020-01-01 09:00:00-03:00,0.6960000000000001,9.767
2020-01-01 10:00:00-03:00,0.731,10.081
2020-01-01 11:00:00-03:00,0.705,9.849
2020-01-01 12:00:00-03:00,0.675,9.593
2020-01-01 13:00:00-03:00,0.684,9.662
2020-01-01 14:00:00-03:00,0.672,9.563
2020-01-01 15:00:00-03:00,0.655,9.416
2020-01-01 16:00:00-03:00,0.5750000000000001,8.797
2020-01-01 17:00:00-03:00,0.446,7.868
2020-01-01 18:00:00-03:00,0.355,7.211
2020-01-01 19:00:00-03:00,0.311,6.866
2020-01-01 20:00:00-03:00,0.438,7.814
2020-01-01 21:00:00-03:00,0.53,8.475
2020-01-01 22:00:00-03:00,0.431,7.77
2020-01-01 23:00:00-03:00,0.32,6.937
2020-01-02 00:00:00-03:00,0.298,6.763
2020-01-02 01:00:00-03:00,0.394,7.495
2020-01-02 02:00:00-03:00,0.646,9.351
2020-01-02 03:00:00-03:00,0.789,10.692
2020-01-02 04:00:00-03:00,0.8310000000000001,11.209
2020-01-02 05:00:00-03:00,0.745,10.211
2020-01-02 06:00:00-03:00,0.611,9.076
2020-01-02 07:00:00-03:00,0.493,8.208
2020-01-02 08:00:00-03:00,0.63,9.226
2020-01-02 09:00:00-03:00,0.661,9.475
2020-01-02 10:00:00-03:00,0.5760000000000001,8.811
2020-01-02 11:00:00-03:00,0.61,9.069
2020-01-02 12:00:00-03:00,0.622,9.152
2020-01-02 13:00:00-03:00,0.588,8.897
2020-01-02 14:00:00-03:00,0.51,8.32
2020-01-02 15:00:00-03:00,0.436,7.803
2020-01-02 16:00:00-03:00,0.399,7.53
2020-01-02 17:00:00-03:00,0.386,7.437
2020-01-02 18:00:00-03:00,0.371,7.326
2020-01-02 19:00:00-03:00,0.33,7.022
2020-01-02 20:00:00-03:00,0.28400000000000003,6.662
2020-01-02 21:00:00-03:00,0.359,7.237
2020-01-02 22:00:00-03:00,0.406,7.577
2020-01-02 23:00:00-03:00,0.363,7.263
2020-01-03 00:00:00-03:00,0.33,7.019
2020-01-03 01:00:00-03:00,0.302,6.804
2020-01-03 02:00:00-03:00,0.266,6.507
2020-01-03 03:00:00-03:00,0.213,6.028
2020-01-03 04:00:00-03:00,0.14200000000000002,5.281
2020-01-03 05:00:00-03:00,0.085,4.499
2020-01-03 06:00:00-03:00,0.053,3.8970000000000002
2020-01-03 07:00:00-03:00,0.019,2.946
2020-01-03 08:00:00-03:00,0.007,2.33
2020-01-03 09:00:00-03:00,0.002,1.705
2020-01-03 10:00:00-03:00,0.0,1.145
2020-01-03 11:00:00-03:00,0.0,1.158
2020-01-03 12:00:00-03:00,0.001,1.661
2020-01-03 13:00:00-03:00,0.004,2.098
2020-01-03 14:00:00-03:00,0.011,2.605
2020-01-03 15:00:00-03:00,0.026000000000000002,3.189
2020-01-03 16:00:00-03:00,0.053,3.885
2020-01-03 17:00:00-03:00,0.096,4.666
2020-01-03 18:00:00-03:00,0.17200000000000001,5.627
2020-01-03 19:00:00-03:00,0.279,6.6129999999999995
2020-01-03 20:00:00-03:00,0.32,6.95
2020-01-03 21:00:00-03:00,0.332,7.039
2020-01-03 22:00:00-03:00,0.29,6.705
2020-01-03 23:00:00-03:00,0.261,6.458
2020-01-04 00:00:00-03:00,0.281,6.635
2020-01-04 01:00:00-03:00,0.318,6.921
2020-01-04 02:00:00-03:00,0.353,7.194
2020-01-04 03:00:00-03:00,0.466,8.012
2020-01-04 04:00:00-03:00,0.658,9.446
2020-01-04 05:00:00-03:00,0.704,9.829
2020-01-04 06:00:00-03:00,0.719,9.973
2020-01-04 07:00:00-03:00,0.735,10.132
2020-01-04 08:00:00-03:00,0.706,9.86
2020-01-04 09:00:00-03:00,0.661,9.464
2020-01-04 10:00:00-03:00,0.636,9.275
2020-01-04 11:00:00-03:00,0.627,9.195
2020-01-04 12:00:00-03:00,0.637,9.276
2020-01-04 13:00:00-03:00,0.634,9.254
2020-01-04 14:00:00-03:00,0.607,9.043
2020-01-04 15:00:00-03:00,0.5650000000000001,8.729
2020-01-04 16:00:00-03:00,0.529,8.469
2020-01-04 17:00:00-03:00,0.489,8.183
2020-01-04 18:00:00-03:00,0.435,7.799
2020-01-04 19:00:00-03:00,0.357,7.227
2020-01-04 20:00:00-03:00,0.261,6.466
2020-01-04 21:00:00-03:00,0.272,6.559
2020-01-04 22:00:00-03:00,0.374,7.348
2020-01-04 23:00:00-03:00,0.511,8.335
2020-01-05 00:00:00-03:00,0.622,9.15
2020-01-05 01:00:00-03:00,0.638,9.286
2020-01-05 02:00:00-03:00,0.656,9.419
2020-01-05 03:00:00-03:00,0.666,9.508
2020-01-05 04:00:00-03:00,0.658,9.441
2020-01-05 05:00:00-03:00,0.624,9.17
2020-01-05 06:00:00-03:00,0.5680000000000001,8.741
2020-01-05 07:00:00-03:00,0.514,8.358
2020-01-05 08:00:00-03:00,0.616,9.111
2020-01-05 09:00:00-03:00,0.753,10.306
2020-01-05 10:00:00-03:00,0.772,10.505
2020-01-05 11:00:00-03:00,0.773,10.511
2020-01-05 12:00:00-03:00,0.79,10.696
2020-01-05 13:00:00-03:00,0.784,10.635
2020-01-05 14:00:00-03:00,0.762,10.393
2020-01-05 15:00:00-03:00,0.769,10.47
2020-01-05 16:00:00-03:00,0.811,10.944
2020-01-05 17:00:00-03:00,0.852,11.51
2020-01-05 18:00:00-03:00,0.858,11.615
2020-01-05 19:00:00-03:00,0.835,11.26
2020-01-05 20:00:00-03:00,0.765,10.427
2020-01-05 21:00:00-03:00,0.648,9.368
2020-01-05 22:00:00-03:00,0.5680000000000001,8.747
2020-01-05 23:00:00-03:00,0.514,8.357
2020-01-06 00:00:00-03:00,0.431,7.768
2020-01-06 01:00:00-03:00,0.377,7.371
2020-01-06 02:00:00-03:00,0.353,7.199
2020-01-06 03:00:00-03:00,0.337,7.074
2020-01-06 04:00:00-03:00,0.343,7.116
2020-01-06 05:00:00-03:00,0.372,7.329
2020-01-06 06:00:00-03:00,0.339,7.082
2020-01-06 07:00:00-03:00,0.401,7.553
2020-01-06 08:00:00-03:00,0.491,8.193
2020-01-06 09:00:00-03:00,0.604,9.017
2020-01-06 10:00:00-03:00,0.6940000000000001,9.74
2020-01-06 11:00:00-03:00,0.753,10.309
2020-01-06 12:00:00-03:00,0.768,10.461
2020-01-06 13:00:00-03:00,0.741,10.174
2020-01-06 14:00:00-03:00,0.722,10.007
2020-01-06 15:00:00-03:00,0.708,9.878
2020-01-06 16:00:00-03:00,0.686,9.677
2020-01-06 17:00:00-03:00,0.635,9.255
2020-01-06 18:00:00-03:00,0.524,8.428
2020-01-06 19:00:00-03:00,0.457,7.956
2020-01-06 20:00:00-03:00,0.501,8.258
2020-01-06 21:00:00-03:00,0.521,8.404
2020-01-06 22:00:00-03:00,0.54,8.543
2020-01-06 23:00:00-03:00,0.561,8.697
2020-01-07 00:00:00-03:00,0.5680000000000001,8.744
2020-01-07 01:00:00-03:00,0.538,8.525
2020-01-07 02:00:00-03:00,0.504,8.288
2020-01-07 03:00:00-03:00,0.454,7.932
2020-01-07 04:00:00-03:00,0.403,7.565
2020-01-07 05:00:00-03:00,0.39,7.472
2020-01-07 06:00:00-03:00,0.353,7.2
2020-01-07 07:00:00-03:00,0.213,6.032
2020-01-07 08:00:00-03:00,0.171,5.621
2020-01-07 09:00:00-03:00,0.291,6.713
2020-01-07 10:00:00-03:00,0.339,7.087
2020-01-07 11:00:00-03:00,0.28800000000000003,6.686
2020-01-07 12:00:00-03:00,0.242,6.301
2020-01-07 13:00:00-03:00,0.23600000000000002,6.24
2020-01-07 14:00:00-03:00,0.263,6.477
2020-01-07 15:00:00-03:00,0.281,6.635
2020-01-07 16:00:00-03:00,0.28800000000000003,6.686
2020-01-07 17:00:00-03:00,0.305,6.8260000000000005
2020-01-07 18:00:00-03:00,0.383,7.416
2020-01-07 19:00:00-03:00,0.464,7.996
2020-01-07 20:00:00-03:00,0.495,8.226
2020-01-07 21:00:00-03:00,0.466,8.017
2020-01-07 22:00:00-03:00,0.42,7.689
2020-01-07 23:00:00-03:00,0.353,7.196
2020-01-08 00:00:00-03:00,0.299,6.781
2020-01-08 01:00:00-03:00,0.321,6.953
2020-01-08 02:00:00-03:00,0.298,6.766
2020-01-08 03:00:00-03:00,0.276,6.592
2020-01-08 04:00:00-03:00,0.289,6.698
2020-01-08 05:00:00-03:00,0.327,6.999
2020-01-08 06:00:00-03:00,0.304,6.817
2020-01-08 07:00:00-03:00,0.337,7.074
2020-01-08 08:00:00-03:00,0.406,7.583
2020-01-08 09:00:00-03:00,0.384,7.423
2020-01-08 10:00:00-03:00,0.394,7.489
2020-01-08 11:00:00-03:00,0.436,7.802
2020-01-08 12:00:00-03:00,0.444,7.856
2020-01-08 13:00:00-03:00,0.441,7.841
2020-01-08 14:00:00-03:00,0.47600000000000003,8.078
2020-01-08 15:00:00-03:00,0.542,8.563
2020-01-08 16:00:00-03:00,0.641,9.313
2020-01-08 17:00:00-03:00,0.737,10.142
2020-01-08 18:00:00-03:00,0.8220000000000001,11.087
2020-01-08 19:00:00-03:00,0.867,11.767
2020-01-08 20:00:00-03:00,0.888,12.15
2020-01-08 21:00:00-03:00,0.902,12.478
2020-01-08 22:00:00-03:00,0.915,12.834
2020-01-08 23:00:00-03:00,0.921,13.016
2020-01-09 00:00:00-03:00,0.918,12.932
2020-01-09 01:00:00-03:00,0.916,12.866
2020-01-09 02:00:00-03:00,0.924,13.14
2020-01-09 03:00:00-03:00,0.932,13.481
2020-01-09 04:00:00-03:00,0.936,13.763
2020-01-09 05:00:00-03:00,0.937,13.805
2020-01-09 06:00:00-03:00,0.937,13.809
2020-01-09 07:00:00-03:00,0.9410000000000001,14.445
2020-01-09 08:00:00-03:00,0.934,15.304
2020-01-09 09:00:00-03:00,0.917,16.128
2020-01-09 10:00:00-03:00,0.887,16.986
2020-01-09 11:00:00-03:00,0.861,17.575
2020-01-09 12:00:00-03:00,0.843,17.919
2020-01-09 13:00:00-03:00,0.836,18.069
2020-01-09 14:00:00-03:00,0.834,18.104
2020-01-09 15:00:00-03:00,0.839,18.021
2020-01-09 16:00:00-03:00,0.851,17.792
2020-01-09 17:00:00-03:00,0.875,17.268
2020-01-09 18:00:00-03:00,0.907,16.464
2020-01-09 19:00:00-03:00,0.936,15.188
2020-01-09 20:00:00-03:00,0.937,13.843
2020-01-09 21:00:00-03:00,0.915,12.823
2020-01-09 22:00:00-03:00,0.884,12.074
2020-01-09 23:00:00-03:00,0.842,11.369
2020-01-10 00:00:00-03:00,0.743,10.193
2020-01-10 01:00:00-03:00,0.656,9.432
2020-01-10 02:00:00-03:00,0.586,8.89
2020-01-10 03:00:00-03:00,0.441,7.83
2020-01-10 04:00:00-03:00,0.327,6.993
2020-01-10 05:00:00-03:00,0.34700000000000003,7.147
2020-01-10 06:00:00-03:00,0.338,7.077
2020-01-10 07:00:00-03:00,0.314,6.893
2020-01-10 08:00:00-03:00,0.331,7.031
2020-01-10 09:00:00-03:00,0.456,7.944
2020-01-10 10:00:00-03:00,0.553,8.643
2020-01-10 11:00:00-03:00,0.605,9.026
2020-01-10 12:00:00-03:00,0.649,9.377
2020-01-10 13:00:00-03:00,0.706,9.856
2020-01-10 14:00:00-03:00,0.684,9.662
2020-01-10 15:00:00-03:00,0.545,8.576
2020-01-10 16:00:00-03:00,0.378,7.381
2020-01-10 17:00:00-03:00,0.491,8.193
2020-01-10 18:00:00-03:00,0.726,10.042
2020-01-10 19:00:00-03:00,0.873,11.868
2020-01-10 20:00:00-03:00,0.927,13.239
2020-01-10 21:00:00-03:00,0.912,12.747
2020-01-10 22:00:00-03:00,0.923,13.076
2020-01-10 23:00:00-03:00,0.928,13.32
2020-01-11 00:00:00-03:00,0.934,13.617
2020-01-11 01:00:00-03:00,0.9400000000000001,14.101
2020-01-11 02:00:00-03:00,0.9410000000000001,14.48
2020-01-11 03:00:00-03:00,0.9410000000000001,14.512
2020-01-11 04:00:00-03:00,0.9410000000000001,14.375
2020-01-11 05:00:00-03:00,0.936,13.764
2020-01-11 06:00:00-03:00,0.922,13.061
2020-01-11 07:00:00-03:00,0.899,12.412
2020-01-11 08:00:00-03:00,0.929,13.328
2020-01-11 09:00:00-03:00,0.936,13.756
2020-01-11 10:00:00-03:00,0.937,13.819
2020-01-11 11:00:00-03:00,0.93,13.375
2020-01-11 12:00:00-03:00,0.917,12.883
2020-01-11 13:00:00-03:00,0.894,12.299
2020-01-11 14:00:00-03:00,0.869,11.784
2020-01-11 15:00:00-03:00,0.842,11.359
2020-01-11 16:00:00-03:00,0.835,11.27
2020-01-11 17:00:00-03:00,0.8130000000000001,10.978
2020-01-11 18:00:00-03:00,0.721,9.992
2020-01-11 19:00:00-03:00,0.683,9.657
2020-01-11 20:00:00-03:00,0.784,10.636
2020-01-11 21:00:00-03:00,0.863,11.702
2020-01-11 22:00:00-03:00,0.891,12.209
2020-01-11 23:00:00-03:00,0.89,12.204
2020-01-12 00:00:00-03:00,0.893,12.274000000000001
2020-01-12 01:00:00-03:00,0.899,12.41
2020-01-12 02:00:00-03:00,0.904,12.518
2020-01-12 03:00:00-03:00,0.905,12.542
2020-01-12 04:00:00-03:00,0.894,12.286
2020-01-12 05:00:00-03:00,0.871,11.827
2020-01-12 06:00:00-03:00,0.8260000000000001,11.14
2020-01-12 07:00:00-03:00,0.788,10.679
2020-01-12 08:00:00-03:00,0.861,11.659
2020-01-12 09:00:00-03:00,0.896,12.334
2020-01-12 10:00:00-03:00,0.912,12.73
2020-01-12 11:00:00-03:00,0.915,12.831
2020-01-12 12:00:00-03:00,0.899,12.393
2020-01-12 13:00:00-03:00,0.843,11.377
2020-01-12 14:00:00-03:00,0.76,10.37
2020-01-12 15:00:00-03:00,0.668,9.535
2020-01-12 16:00:00-03:00,0.511,8.326
2020-01-12 17:00:00-03:00,0.329,7.017
2020-01-12 18:00:00-03:00,0.372,7.335
2020-01-12 19:00:00-03:00,0.53,8.478
2020-01-12 20:00:00-03:00,0.636,9.261
2020-01-12 21:00:00-03:00,0.709,9.887
2020-01-12 22:00:00-03:00,0.746,10.231
2020-01-12 23:00:00-03:00,0.711,9.898
2020-01-13 00:00:00-03:00,0.6900000000000001,9.715
2020-01-13 01:00:00-03:00,0.671,9.553
2020-01-13 02:00:00-03:00,0.639,9.296
2020-01-13 03:00:00-03:00,0.552,8.637
2020-01-13 04:00:00-03:00,0.458,7.962
2020-01-13 05:00:00-03:00,0.387,7.448
2020-01-13 06:00:00-03:00,0.291,6.709
2020-01-13 07:00:00-03:00,0.228,6.169
2020-01-13 08:00:00-03:00,0.301,6.799
2020-01-13 09:00:00-03:00,0.39,7.473
2020-01-13 10:00:00-03:00,0.48,8.115
2020-01-13 11:00:00-03:00,0.543,8.565
2020-01-13 12:00:00-03:00,0.627,9.202
2020-01-13 13:00:00-03:00,0.708,9.88
2020-01-13 14:00:00-03:00,0.738,10.154
2020-01-13 15:00:00-03:00,0.718,9.97
2020-01-13 16:00:00-03:00,0.639,9.299
2020-01-13 17:00:00-03:00,0.458,7.962
2020-01-13 18:00:00-03:00,0.246,6.333
2020-01-13 19:00:00-03:00,0.152,5.404
2020-01-13 20:00:00-03:00,0.152,5.4030000000000005
2020-01-13 21:00:00-03:00,0.154,5.431
2020-01-13 22:00:00-03:00,0.127,5.105
2020-01-13 23:00:00-03:00,0.073,4.291
2020-01-14 00:00:00-03:00,0.048,3.79
2020-01-14 01:00:00-03:00,0.079,4.391
2020-01-14 02:00:00-03:00,0.158,5.462
2020-01-14 03:00:00-03:00,0.23800000000000002,6.264
2020-01-14 04:00:00-03:00,0.335,7.062
2020-01-14 05:00:00-03:00,0.37,7.323
2020-01-14 06:00:00-03:00,0.47000000000000003,8.042
2020-01-14 07:00:00-03:00,0.594,8.948
2020-01-14 08:00:00-03:00,0.607,9.042
2020-01-14 09:00:00-03:00,0.5690000000000001,8.753
2020-01-14 10:00:00-03:00,0.533,8.49
2020-01-14 11:00:00-03:00,0.527,8.448
2020-01-14 12:00:00-03:00,0.514,8.348
2020-01-14 13:00:00-03:00,0.511,8.326
2020-01-14 14:00:00-03:00,0.527,8.446
2020-01-14 15:00:00-03:00,0.6000000000000001,8.987
2020-01-14 16:00:00-03:00,0.705,9.852
2020-01-14 17:00:00-03:00,0.8,10.821
2020-01-14 18:00:00-03:00,0.868,11.778
2020-01-14 19:00:00-03:00,0.895,12.314
2020-01-14 20:00:00-03:00,0.895,12.314
2020-01-14 21:00:00-03:00,0.895,12.319
2020-01-14 22:00:00-03:00,0.888,12.157
2020-01-14 23:00:00-03:00,0.877,11.934
2020-01-15 00:00:00-03:00,0.864,11.712
2020-01-15 01:00:00-03:00,0.872,11.853
2020-01-15 02:00:00-03:00,0.884,12.079
2020-01-15 03:00:00-03:00,0.898,12.375
2020-01-15 04:00:00-03:00,0.909,12.649000000000001
2020-01-15 05:00:00-03:00,0.915,12.839
2020-01-15 06:00:00-03:00,0.92,12.987
2020-01-15 07:00:00-03:00,0.9390000000000001,14.968
2020-01-15 08:00:00-03:00,0.901,16.625
2020-01-15 09:00:00-03:00,0.872,17.329
2020-01-15 10:00:00-03:00,0.782,18.967
2020-01-15 11:00:00-03:00,0.662,20.601
2020-01-15 12:00:00-03:00,0.631,20.995
2020-01-15 13:00:00-03:00,0.65,20.764
2020-01-15 14:00:00-03:00,0.669,20.524
2020-01-15 15:00:00-03:00,0.673,20.472
2020-01-15 16:00:00-03:00,0.656,20.693
2020-01-15 17:00:00-03:00,0.629,21.019
2020-01-15 18:00:00-03:00,0.617,21.161
2020-01-15 19:00:00-03:00,0.656,20.692
2020-01-15 20:00:00-03:00,0.745,19.514
2020-01-15 21:00:00-03:00,0.8220000000000001,18.31
2020-01-15 22:00:00-03:00,0.878,17.203
2020-01-15 23:00:00-03:00,0.9,16.654
2020-01-16 00:00:00-03:00,0.917,16.111
2020-01-16 01:00:00-03:00,0.932,15.456
2020-01-16 02:00:00-03:00,0.9400000000000001,14.731
2020-01-16 03:00:00-03:00,0.936,13.737
2020-01-16 04:00:00-03:00,0.917,12.895
2020-01-16 05:00:00-03:00,0.864,11.708
2020-01-16 06:00:00-03:00,0.769,10.466
2020-01-16 07:00:00-03:00,0.667,9.512
2020-01-16 08:00:00-03:00,0.716,9.951
2020-01-16 09:00:00-03:00,0.8250000000000001,11.118
2020-01-16 10:00:00-03:00,0.866,11.734
2020-01-16 11:00:00-03:00,0.877,11.933
2020-01-16 12:00:00-03:00,0.883,12.064
2020-01-16 13:00:00-03:00,0.894,12.295
2020-01-16 14:00:00-03:00,0.902,12.472
2020-01-16 15:00:00-03:00,0.907,12.595
2020-01-16 16:00:00-03:00,0.927,13.242
2020-01-16 17:00:00-03:00,0.9410000000000001,14.356
2020-01-16 18:00:00-03:00,0.935,15.286
2020-01-16 19:00:00-03:00,0.9380000000000001,14.975
2020-01-16 20:00:00-03:00,0.9400000000000001,14.121
2020-01-16 21:00:00-03:00,0.93,13.409
2020-01-16 22:00:00-03:00,0.901,12.452
2020-01-16 23:00:00-03:00,0.843,11.375
2020-01-17 00:00:00-03:00,0.797,10.78
2020-01-17 01:00:00-03:00,0.753,10.305
2020-01-17 02:00:00-03:00,0.791,10.707
2020-01-17 03:00:00-03:00,0.78,10.584
2020-01-17 04:00:00-03:00,0.718,9.961
2020-01-17 05:00:00-03:00,0.671,9.559
2020-01-17 06:00:00-03:00,0.685,9.666
2020-01-17 07:00:00-03:00,0.763,10.402
2020-01-17 08:00:00-03:00,0.915,12.836
2020-01-17 09:00:00-03:00,0.927,15.735
2020-01-17 10:00:00-03:00,0.884,17.082
2020-01-17 11:00:00-03:00,0.793,18.798000000000002
2020-01-17 12:00:00-03:00,0.672,20.484
2020-01-17 13:00:00-03:00,0.597,21.388
2020-01-17 14:00:00-03:00,0.559,21.826
2020-01-17 15:00:00-03:00,0.54,22.029
2020-01-17 16:00:00-03:00,0.533,22.109
2020-01-17 17:00:00-03:00,0.555,21.86
2020-01-17 18:00:00-03:00,0.593,21.435
2020-01-17 19:00:00-03:00,0.675,20.443
2020-01-17 20:00:00-03:00,0.791,18.839
2020-01-17 21:00:00-03:00,0.843,17.937
2020-01-17 22:00:00-03:00,0.834,18.103
2020-01-17 23:00:00-03:00,0.8260000000000001,18.245
2020-01-18 00:00:00-03:00,0.847,17.859
2020-01-18 01:00:00-03:00,0.847,17.869
2020-01-18 02:00:00-03:00,0.854,17.723
2020-01-18 03:00:00-03:00,0.886,17.017
2020-01-18 04:00:00-03:00,0.915,16.191
2020-01-18 05:00:00-03:00,0.927,15.725
2020-01-18 06:00:00-03:00,0.9390000000000001,14.932
2020-01-18 07:00:00-03:00,0.9410000000000001,14.428
2020-01-18 08:00:00-03:00,0.928,15.693
2020-01-18 09:00:00-03:00,0.924,15.87
2020-01-18 10:00:00-03:00,0.927,15.721
2020-01-18 11:00:00-03:00,0.922,15.923
2020-01-18 12:00:00-03:00,0.884,17.071
2020-01-18 13:00:00-03:00,0.8210000000000001,18.322
2020-01-18 14:00:00-03:00,0.791,18.823
2020-01-18 15:00:00-03:00,0.785,18.916
2020-01-18 16:00:00-03:00,0.781,18.984
2020-01-18 17:00:00-03:00,0.799,18.7
2020-01-18 18:00:00-03:00,0.8300000000000001,18.182
2020-01-18 19:00:00-03:00,0.876,17.261
2020-01-18 20:00:00-03:00,0.922,15.943
2020-01-18 21:00:00-03:00,0.9390000000000001,14.91
2020-01-18 22:00:00-03:00,0.9410000000000001,14.284
2020-01-18 23:00:00-03:00,0.9380000000000001,13.882
2020-01-19 00:00:00-03:00,0.934,13.603
2020-01-19 01:00:00-03:00,0.935,13.681000000000001
2020-01-19 02:00:00-03:00,0.9380000000000001,13.891
2020-01-19 03:00:00-03:00,0.9400000000000001,14.08
2020-01-19 04:00:00-03:00,0.9400000000000001,14.238
2020-01-19 05:00:00-03:00,0.9400000000000001,14.268
2020-01-19 06:00:00-03:00,0.9410000000000001,14.546
2020-01-19 07:00:00-03:00,0.9380000000000001,15.063
2020-01-19 08:00:00-03:00,0.864,17.517
2020-01-19 09:00:00-03:00,0.769,19.177
2020-01-19 10:00:00-03:00,0.742,19.56
2020-01-19 11:00:00-03:00,0.709,20.014
2020-01-19 12:00:00-03:00,0.687,20.293
2020-01-19 13:00:00-03:00,0.657,20.673000000000002
2020-01-19 14:00:00-03:00,0.639,20.893
2020-01-19 15:00:00-03:00,0.625,21.055
2020-01-19 16:00:00-03:00,0.607,21.273
2020-01-19 17:00:00-03:00,0.611,21.23
2020-01-19 18:00:00-03:00,0.655,20.696
2020-01-19 19:00:00-03:00,0.74,19.59
2020-01-19 20:00:00-03:00,0.8240000000000001,18.286
2020-01-19 21:00:00-03:00,0.898,16.718
2020-01-19 22:00:00-03:00,0.935,15.276
2020-01-19 23:00:00-03:00,0.9410000000000001,14.573
2020-01-20 00:00:00-03:00,0.9400000000000001,14.117
2020-01-20 01:00:00-03:00,0.934,13.584
2020-01-20 02:00:00-03:00,0.916,12.844
2020-01-20 03:00:00-03:00,0.865,11.721
2020-01-20 04:00:00-03:00,0.805,10.874
2020-01-20 05:00:00-03:00,0.704,9.828
2020-01-20 06:00:00-03:00,0.489,8.17
2020-01-20 07:00:00-03:00,0.268,6.5280000000000005
2020-01-20 08:00:00-03:00,0.20700000000000002,5.968
2020-01-20 09:00:00-03:00,0.197,5.882
2020-01-20 10:00:00-03:00,0.182,5.729
2020-01-20 11:00:00-03:00,0.156,5.448
2020-01-20 12:00:00-03:00,0.117,4.976
2020-01-20 13:00:00-03:00,0.105,4.792
2020-01-20 14:00:00-03:00,0.17400000000000002,5.649
2020-01-20 15:00:00-03:00,0.367,7.301
2020-01-20 16:00:00-03:00,0.535,8.507
2020-01-20 17:00:00-03:00,0.683,9.648
2020-01-20 18:00:00-03:00,0.744,10.205
2020-01-20 19:00:00-03:00,0.749,10.268
2020-01-20 20:00:00-03:00,0.725,10.034
2020-01-20 21:00:00-03:00,0.686,9.673
2020-01-20 22:00:00-03:00,0.6990000000000001,9.795
2020-01-20 23:00:00-03:00,0.748,10.25
2020-01-21 00:00:00-03:00,0.767,10.451
2020-01-21 01:00:00-03:00,0.812,10.966
2020-01-21 02:00:00-03:00,0.799,10.804
2020-01-21 03:00:00-03:00,0.772,10.49
2020-01-21 04:00:00-03:00,0.724,10.023
2020-01-21 05:00:00-03:00,0.658,9.438
2020-01-21 06:00:00-03:00,0.667,9.51
2020-01-21 07:00:00-03:00,0.679,9.623
2020-01-21 08:00:00-03:00,0.809,10.931000000000001
2020-01-21 09:00:00-03:00,0.805,10.873
2020-01-21 10:00:00-03:00,0.78,10.581
2020-01-21 11:00:00-03:00,0.796,10.761
2020-01-21 12:00:00-03:00,0.84,11.333
2020-01-21 13:00:00-03:00,0.885,12.092
2020-01-21 14:00:00-03:00,0.924,13.129
2020-01-21 15:00:00-03:00,0.9400000000000001,14.077
2020-01-21 16:00:00-03:00,0.9400000000000001,14.667
2020-01-21 17:00:00-03:00,0.9400000000000001,14.793
2020-01-21 18:00:00-03:00,0.9410000000000001,14.483
2020-01-21 19:00:00-03:00,0.935,13.682
2020-01-21 20:00:00-03:00,0.892,12.249
2020-01-21 21:00:00-03:00,0.804,10.858
2020-01-21 22:00:00-03:00,0.685,9.669
2020-01-21 23:00:00-03:00,0.651,9.388
2020-01-22 00:00:00-03:00,0.617,9.121
2020-01-22 01:00:00-03:00,0.558,8.674
2020-01-22 02:00:00-03:00,0.547,8.6
2020-01-22 03:00:00-03:00,0.535,8.504
2020-01-22 04:00:00-03:00,0.551,8.625
2020-01-22 05:00:00-03:00,0.536,8.516
2020-01-22 06:00:00-03:00,0.46,7.971
2020-01-22 07:00:00-03:00,0.41200000000000003,7.63
2020-01-22 08:00:00-03:00,0.397,7.513
2020-01-22 09:00:00-03:00,0.306,6.839
2020-01-22 10:00:00-03:00,0.23,6.189
2020-01-22 11:00:00-03:00,0.185,5.759
2020-01-22 12:00:00-03:00,0.168,5.577
2020-01-22 13:00:00-03:00,0.137,5.226
2020-01-22 14:00:00-03:00,0.076,4.351
2020-01-22 15:00:00-03:00,0.013000000000000001,2.681
2020-01-22 16:00:00-03:00,0.007,2.304
2020-01-22 17:00:00-03:00,0.024,3.122
2020-01-22 18:00:00-03:00,0.061,4.061
2020-01-22 19:00:00-03:00,0.185,5.767
2020-01-22 20:00:00-03:00,0.355,7.214
2020-01-22 21:00:00-03:00,0.483,8.139
2020-01-22 22:00:00-03:00,0.47800000000000004,8.096
2020-01-22 23:00:00-03:00,0.44,7.825
2020-01-23 00:00:00-03:00,0.34700000000000003,7.145
2020-01-23 01:00:00-03:00,0.28300000000000003,6.65
2020-01-23 02:00:00-03:00,0.299,6.78
2020-01-23 03:00:00-03:00,0.367,7.305
2020-01-23 04:00:00-03:00,0.381,7.398
2020-01-23 05:00:00-03:00,0.343,7.118
2020-01-23 06:00:00-03:00,0.323,6.966
2020-01-23 07:00:00-03:00,0.331,7.034
2020-01-23 08:00:00-03:00,0.549,8.616
2020-01-23 09:00:00-03:00,0.8170000000000001,11.01
2020-01-23 10:00:00-03:00,0.901,12.456
2020-01-23 11:00:00-03:00,0.925,13.189
2020-01-23 12:00:00-03:00,0.93,13.39
2020-01-23 13:00:00-03:00,0.937,13.836
2020-01-23 14:00:00-03:00,0.9400000000000001,14.216
2020-01-23 15:00:00-03:00,0.9410000000000001,14.312
2020-01-23 16:00:00-03:00,0.9410000000000001,14.322
2020-01-23 17:00:00-03:00,0.9410000000000001,14.32
2020-01-23 18:00:00-03:00,0.9410000000000001,14.323
2020-01-23 19:00:00-03:00,0.936,13.782
2020-01-23 20:00:00-03:00,0.905,12.552
2020-01-23 21:00:00-03:00,0.852,11.517
2020-01-23 22:00:00-03:00,0.835,11.257
2020-01-23 23:00:00-03:00,0.8170000000000001,11.012
2020-01-24 00:00:00-03:00,0.738,10.149
2020-01-24 01:00:00-03:00,0.709,9.883
2020-01-24 02:00:00-03:00,0.7010000000000001,9.81
2020-01-24 03:00:00-03:00,0.683,9.65
2020-01-24 04:00:00-03:00,0.629,9.216
2020-01-24 05:00:00-03:00,0.509,8.319
2020-01-24 06:00:00-03:00,0.329,7.01
2020-01-24 07:00:00-03:00,0.214,6.046
2020-01-24 08:00:00-03:00,0.14400000000000002,5.297
2020-01-24 09:00:00-03:00,0.078,4.379
2020-01-24 10:00:00-03:00,0.098,4.704
2020-01-24 11:00:00-03:00,0.35000000000000003,7.169
2020-01-24 12:00:00-03:00,0.621,9.147
2020-01-24 13:00:00-03:00,0.5680000000000001,8.749
2020-01-24 14:00:00-03:00,0.298,6.767
2020-01-24 15:00:00-03:00,0.213,6.037
2020-01-24 16:00:00-03:00,0.374,7.346
2020-01-24 17:00:00-03:00,0.47900000000000004,8.104
2020-01-24 18:00:00-03:00,0.514,8.351
2020-01-24 19:00:00-03:00,0.529,8.47
2020-01-24 20:00:00-03:00,0.488,8.167
2020-01-24 21:00:00-03:00,0.544,8.569
2020-01-24 22:00:00-03:00,0.527,8.443
2020-01-24 23:00:00-03:00,0.537,8.521
2020-01-25 00:00:00-03:00,0.597,8.967
2020-01-25 01:00:00-03:00,0.629,9.217
2020-01-25 02:00:00-03:00,0.59,8.914
2020-01-25 03:00:00-03:00,0.555,8.651
2020-01-25 04:00:00-03:00,0.558,8.671
2020-01-25 05:00:00-03:00,0.5650000000000001,8.731
2020-01-25 06:00:00-03:00,0.615,9.111
2020-01-25 07:00:00-03:00,0.6940000000000001,9.743
2020-01-25 08:00:00-03:00,0.75,10.279
2020-01-25 09:00:00-03:00,0.887,12.144
2020-01-25 10:00:00-03:00,0.9400000000000001,14.187
2020-01-25 11:00:00-03:00,0.937,15.074
2020-01-25 12:00:00-03:00,0.93,15.579
2020-01-25 13:00:00-03:00,0.917,16.11
2020-01-25 14:00:00-03:00,0.894,16.82
2020-01-25 15:00:00-03:00,0.882,17.117
2020-01-25 16:00:00-03:00,0.879,17.187
2020-01-25 17:00:00-03:00,0.866,17.476
2020-01-25 18:00:00-03:00,0.852,17.77
2020-01-25 19:00:00-03:00,0.863,17.526
2020-01-25 20:00:00-03:00,0.911,16.329
2020-01-25 21:00:00-03:00,0.935,15.279
2020-01-25 22:00:00-03:00,0.9380000000000001,15.041
2020-01-25 23:00:00-03:00,0.9380000000000001,15.034
2020-01-26 00:00:00-03:00,0.937,15.125
2020-01-26 01:00:00-03:00,0.936,15.213
2020-01-26 02:00:00-03:00,0.935,15.27
2020-01-26 03:00:00-03:00,0.9390000000000001,14.908
2020-01-26 04:00:00-03:00,0.9410000000000001,14.478
2020-01-26 05:00:00-03:00,0.9410000000000001,14.29
2020-01-26 06:00:00-03:00,0.9410000000000001,14.288
2020-01-26 07:00:00-03:00,0.9400000000000001,14.76
2020-01-26 08:00:00-03:00,0.896,16.754
2020-01-26 09:00:00-03:00,0.841,17.982
2020-01-26 10:00:00-03:00,0.803,18.635
2020-01-26 11:00:00-03:00,0.791,18.826
2020-01-26 12:00:00-03:00,0.8150000000000001,18.448
2020-01-26 13:00:00-03:00,0.843,17.938
2020-01-26 14:00:00-03:00,0.876,17.262
2020-01-26 15:00:00-03:00,0.909,16.385
2020-01-26 16:00:00-03:00,0.933,15.378
2020-01-26 17:00:00-03:00,0.9410000000000001,14.528
2020-01-26 18:00:00-03:00,0.9390000000000001,13.972
2020-01-26 19:00:00-03:00,0.926,13.22
2020-01-26 20:00:00-03:00,0.884,12.076
2020-01-26 21:00:00-03:00,0.737,10.143
2020-01-26 22:00:00-03:00,0.651,9.388
2020-01-26 23:00:00-03:00,0.714,9.93
2020-01-27 00:00:00-03:00,0.766,10.434
2020-01-27 01:00:00-03:00,0.785,10.641
2020-01-27 02:00:00-03:00,0.78,10.579
2020-01-27 03:00:00-03:00,0.753,10.307
2020-01-27 04:00:00-03:00,0.722,10.006
2020-01-27 05:00:00-03:00,0.7010000000000001,9.813
2020-01-27 06:00:00-03:00,0.63,9.226
2020-01-27 07:00:00-03:00,0.518,8.388
2020-01-27 08:00:00-03:00,0.585,8.876
2020-01-27 09:00:00-03:00,0.628,9.211
2020-01-27 10:00:00-03:00,0.668,9.531
2020-01-27 11:00:00-03:00,0.6920000000000001,9.733
2020-01-27 12:00:00-03:00,0.716,9.939
2020-01-27 13:00:00-03:00,0.6900000000000001,9.72
2020-01-27 14:00:00-03:00,0.678,9.616
2020-01-27 15:00:00-03:00,0.672,9.568
2020-01-27 16:00:00-03:00,0.552,8.637
2020-01-27 17:00:00-03:00,0.467,8.021
2020-01-27 18:00:00-03:00,0.435,7.8
2020-01-27 19:00:00-03:00,0.496,8.23
2020-01-27 20:00:00-03:00,0.6880000000000001,9.699
2020-01-27 21:00:00-03:00,0.837,11.3
2020-01-27 22:00:00-03:00,0.834,11.238
2020-01-27 23:00:00-03:00,0.6880000000000001,9.692
2020-01-28 00:00:00-03:00,0.653,9.397
2020-01-28 01:00:00-03:00,0.687,9.684
2020-01-28 02:00:00-03:00,0.719,9.979
2020-01-28 03:00:00-03:00,0.789,10.689
2020-01-28 04:00:00-03:00,0.842,11.369
2020-01-28 05:00:00-03:00,0.849,11.469
2020-01-28 06:00:00-03:00,0.8280000000000001,11.165
2020-01-28 07:00:00-03:00,0.881,12.015
2020-01-28 08:00:00-03:00,0.9400000000000001,14.712
2020-01-28 09:00:00-03:00,0.928,15.675
2020-01-28 10:00:00-03:00,0.911,16.313
2020-01-28 11:00:00-03:00,0.893,16.849
2020-01-28 12:00:00-03:00,0.874,17.299
2020-01-28 13:00:00-03:00,0.868,17.432
2020-01-28 14:00:00-03:00,0.866,17.481
2020-01-28 15:00:00-03:00,0.862,17.567
2020-01-28 16:00:00-03:00,0.855,17.688
2020-01-28 17:00:00-03:00,0.85,17.8
2020-01-28 18:00:00-03:00,0.853,17.739
2020-01-28 19:00:00-03:00,0.893,16.837
2020-01-28 20:00:00-03:00,0.933,15.424
2020-01-28 21:00:00-03:00,0.9400000000000001,14.226
2020-01-28 22:00:00-03:00,0.936,13.728
2020-01-28 23:00:00-03:00,0.933,13.566
2020-01-29 00:00:00-03:00,0.93,13.414
2020-01-29 01:00:00-03:00,0.927,13.252
2020-01-29 02:00:00-03:00,0.92,12.983
2020-01-29 03:00:00-03:00,0.911,12.725
2020-01-29 04:00:00-03:00,0.903,12.495
2020-01-29 05:00:00-03:00,0.901,12.442
2020-01-29 06:00:00-03:00,0.882,12.048
2020-01-29 07:00:00-03:00,0.891,12.222
2020-01-29 08:00:00-03:00,0.9400000000000001,14.237
2020-01-29 09:00:00-03:00,0.933,15.411
2020-01-29 10:00:00-03:00,0.922,15.921
2020-01-29 11:00:00-03:00,0.917,16.118
2020-01-29 12:00:00-03:00,0.922,15.936
2020-01-29 13:00:00-03:00,0.93,15.548
2020-01-29 14:00:00-03:00,0.9390000000000001,14.893
2020-01-29 15:00:00-03:00,0.937,13.804
2020-01-29 16:00:00-03:00,0.9,12.438
2020-01-29 17:00:00-03:00,0.885,12.097
2020-01-29 18:00:00-03:00,0.905,12.544
2020-01-29 19:00:00-03:00,0.921,13.025
2020-01-29 20:00:00-03:00,0.933,13.53
2020-01-29 21:00:00-03:00,0.935,15.241
2020-01-29 22:00:00-03:00,0.921,15.969
2020-01-29 23:00:00-03:00,0.902,16.586
2020-01-30 00:00:00-03:00,0.887,16.997
2020-01-30 01:00:00-03:00,0.871,17.355
2020-01-30 02:00:00-03:00,0.855,17.691
2020-01-30 03:00:00-03:00,0.794,18.788
2020-01-30 04:00:00-03:00,0.731,19.719
2020-01-30 05:00:00-03:00,0.73,19.728
2020-01-30 06:00:00-03:00,0.75,19.438
2020-01-30 07:00:00-03:00,0.713,19.957
2020-01-30 08:00:00-03:00,0.637,20.925
2020-01-30 09:00:00-03:00,0.552,21.895
2020-01-30 10:00:00-03:00,0.481,22.664
2020-01-30 11:00:00-03:00,0.441,23.09
2020-01-30 12:00:00-03:00,0.457,22.927
2020-01-30 13:00:00-03:00,0.494,22.531
2020-01-30 14:00:00-03:00,0.514,22.316
2020-01-30 15:00:00-03:00,0.552,21.902
2020-01-30 16:00:00-03:00,0.585,21.533
2020-01-30 17:00:00-03:00,0.639,20.898
2020-01-30 18:00:00-03:00,0.73,19.724
2020-01-30 19:00:00-03:00,0.8170000000000001,18.393
2020-01-30 20:00:00-03:00,0.884,17.068
2020-01-30 21:00:00-03:00,0.93,15.584
2020-01-30 22:00:00-03:00,0.9410000000000001,14.441
2020-01-30 23:00:00-03:00,0.933,13.58
2020-01-31 00:00:00-03:00,0.913,12.771
2020-01-31 01:00:00-03:00,0.875,11.905
2020-01-31 02:00:00-03:00,0.8170000000000001,11.021
2020-01-31 03:00:00-03:00,0.745,10.214
2020-01-31 04:00:00-03:00,0.671,9.553
2020-01-31 05:00:00-03:00,0.589,8.899000000000001
2020-01-31 06:00:00-03:00,0.511,8.327
2020-01-31 07:00:00-03:00,0.468,8.027
2020-01-31 08:00:00-03:00,0.41100000000000003,7.618
2020-01-31 09:00:00-03:00,0.662,9.479
2020-01-31 10:00:00-03:00,0.85,11.486
2020-01-31 11:00:00-03:00,0.883,12.05
2020-01-31 12:00:00-03:00,0.886,12.112
2020-01-31 13:00:00-03:00,0.882,12.03
2020-01-31 14:00:00-03:00,0.878,11.959
2020-01-31 15:00:00-03:00,0.855,11.57
2020-01-31 16:00:00-03:00,0.8200000000000001,11.058
2020-01-31 17:00:00-03:00,0.792,10.725999999999999
2020-01-31 18:00:00-03:00,0.744,10.205
2020-01-31 19:00:00-03:00,0.713,9.915
2020-01-31 20:00:00-03:00,0.712,9.899000000000001
2020-01-31 21:00:00-03:00,0.718,9.966
2020-01-31 22:00:00-03:00,0.712,9.903
2020-01-31 23:00:00-03:00,0.639,9.295
2020-02-01 00:00:00-03:00,0.536,8.518
2020-02-01 01:00:00-03:00,0.536,8.508
2020-02-01 02:00:00-03:00,0.536,8.52
2020-02-01 03:00:00-03:00,0.489,8.181
2020-02-01 04:00:00-03:00,0.456,7.945
2020-02-01 05:00:00-03:00,0.441,7.839
2020-02-01 06:00:00-03:00,0.41500000000000004,7.642
2020-02-01 07:00:00-03:00,0.315,6.91
2020-02-01 08:00:00-03:00,0.199,5.9030000000000005
2020-02-01 09:00:00-03:00,0.316,6.914
2020-02-01 10:00:00-03:00,0.503,8.277
2020-02-01 11:00:00-03:00,0.6960000000000001,9.771
2020-02-01 12:00:00-03:00,0.792,10.718
2020-02-01 13:00:00-03:00,0.778,10.565
2020-02-01 14:00:00-03:00,0.756,10.324
2020-02-01 15:00:00-03:00,0.768,10.454
2020-02-01 16:00:00-03:00,0.752,10.298
2020-02-01 17:00:00-03:00,0.681,9.642
2020-02-01 18:00:00-03:00,0.583,8.865
2020-02-01 19:00:00-03:00,0.48,8.114
2020-02-01 20:00:00-03:00,0.365,7.284
2020-02-01 21:00:00-03:00,0.28300000000000003,6.654
2020-02-01 22:00:00-03:00,0.505,8.294
2020-02-01 23:00:00-03:00,0.861,11.657
2020-02-02 00:00:00-03:00,0.937,13.805
2020-02-02 01:00:00-03:00,0.934,13.591
2020-02-02 02:00:00-03:00,0.916,12.874
2020-02-02 03:00:00-03:00,0.891,12.219
2020-02-02 04:00:00-03:00,0.796,10.763
2020-02-02 05:00:00-03:00,0.6940000000000001,9.747
2020-02-02 06:00:00-03:00,0.547,8.596
2020-02-02 07:00:00-03:00,0.36,7.249
2020-02-02 08:00:00-03:00,0.401,7.548
2020-02-02 09:00:00-03:00,0.332,7.039
2020-02-02 10:00:00-03:00,0.354,7.203
2020-02-02 11:00:00-03:00,0.466,8.015
2020-02-02 12:00:00-03:00,0.504,8.288
2020-02-02 13:00:00-03:00,0.537,8.522
2020-02-02 14:00:00-03:00,0.608,9.046
2020-02-02 15:00:00-03:00,0.672,9.566
2020-02-02 16:00:00-03:00,0.728,10.061
2020-02-02 17:00:00-03:00,0.74,10.169
2020-02-02 18:00:00-03:00,0.725,10.033
2020-02-02 19:00:00-03:00,0.6950000000000001,9.761
2020-02-02 20:00:00-03:00,0.759,10.357
2020-02-02 21:00:00-03:00,0.846,11.429
2020-02-02 22:00:00-03:00,0.876,11.929
2020-02-02 23:00:00-03:00,0.883,12.055
2020-02-03 00:00:00-03:00,0.878,11.961
2020-02-03 01:00:00-03:00,0.855,11.56
2020-02-03 02:00:00-03:00,0.843,11.375
2020-02-03 03:00:00-03:00,0.845,11.414
2020-02-03 04:00:00-03:00,0.768,10.454
2020-02-03 05:00:00-03:00,0.705,9.847
2020-02-03 06:00:00-03:00,0.545,8.573
2020-02-03 07:00:00-03:00,0.30000000000000004,6.785
2020-02-03 08:00:00-03:00,0.201,5.926
2020-02-03 09:00:00-03:00,0.19,5.812
2020-02-03 10:00:00-03:00,0.08,4.419
2020-02-03 11:00:00-03:00,0.05,3.839
2020-02-03 12:00:00-03:00,0.095,4.654
2020-02-03 13:00:00-03:00,0.24,6.285
2020-02-03 14:00:00-03:00,0.432,7.773
2020-02-03 15:00:00-03:00,0.636,9.261
2020-02-03 16:00:00-03:00,0.784,10.637
2020-02-03 17:00:00-03:00,0.8310000000000001,11.21
2020-02-03 18:00:00-03:00,0.777,10.559
2020-02-03 19:00:00-03:00,0.633,9.248
2020-02-03 20:00:00-03:00,0.539,8.541
2020-02-03 21:00:00-03:00,0.5650000000000001,8.731
2020-02-03 22:00:00-03:00,0.5730000000000001,8.781
2020-02-03 23:00:00-03:00,0.596,8.962
2020-02-04 00:00:00-03:00,0.619,9.136
2020-02-04 01:00:00-03:00,0.652,9.395
2020-02-04 02:00:00-03:00,0.662,9.48
2020-02-04 03:00:00-03:00,0.679,9.628
2020-02-04 04:00:00-03:00,0.6910000000000001,9.724
2020-02-04 05:00:00-03:00,0.761,10.381
2020-02-04 06:00:00-03:00,0.732,10.096
2020-02-04 07:00:00-03:00,0.673,9.573
2020-02-04 08:00:00-03:00,0.8280000000000001,11.174
2020-02-04 09:00:00-03:00,0.8190000000000001,11.053
2020-02-04 10:00:00-03:00,0.798,10.79
2020-02-04 11:00:00-03:00,0.798,10.792
2020-02-04 12:00:00-03:00,0.8200000000000001,11.064
2020-02-04 13:00:00-03:00,0.851,11.491
2020-02-04 14:00:00-03:00,0.868,11.773
2020-02-04 15:00:00-03:00,0.873,11.861
2020-02-04 16:00:00-03:00,0.871,11.826
2020-02-04 17:00:00-03:00,0.865,11.729
2020-02-04 18:00:00-03:00,0.848,11.456
2020-02-04 19:00:00-03:00,0.803,10.843
2020-02-04 20:00:00-03:00,0.73,10.074
2020-02-04 21:00:00-03:00,0.6940000000000001,9.746
2020-02-04 22:00:00-03:00,0.645,9.345
2020-02-04 23:00:00-03:00,0.63,9.224
2020-02-05 00:00:00-03:00,0.589,8.902
2020-02-05 01:00:00-03:00,0.521,8.403
2020-02-05 02:00:00-03:00,0.546,8.578
2020-02-05 03:00:00-03:00,0.5760000000000001,8.805
2020-02-05 04:00:00-03:00,0.595,8.955
2020-02-05 05:00:00-03:00,0.613,9.095
2020-02-05 06:00:00-03:00,0.592,8.932
2020-02-05 07:00:00-03:00,0.516,8.376
2020-02-05 08:00:00-03:00,0.527,8.453
2020-02-05 09:00:00-03:00,0.41400000000000003,7.638
2020-02-05 10:00:00-03:00,0.34800000000000003,7.148
2020-02-05 11:00:00-03:00,0.332,7.042
2020-02-05 12:00:00-03:00,0.334,7.051
2020-02-05 13:00:00-03:00,0.341,7.098
2020-02-05 14:00:00-03:00,0.354,7.208
2020-02-05 15:00:00-03:00,0.35100000000000003,7.181
2020-02-05 16:00:00-03:00,0.309,6.849
2020-02-05 17:00:00-03:00,0.244,6.322
2020-02-05 18:00:00-03:00,0.181,5.712
2020-02-05 19:00:00-03:00,0.124,5.056
2020-02-05 20:00:00-03:00,0.097,4.681
2020-02-05 21:00:00-03:00,0.079,4.391
2020-02-05 22:00:00-03:00,0.033,3.408
2020-02-05 23:00:00-03:00,0.004,2.026
2020-02-06 00:00:00-03:00,0.0,1.114
2020-02-06 01:00:00-03:00,0.001,1.6720000000000002
2020-02-06 02:00:00-03:00,0.011,2.573
2020-02-06 03:00:00-03:00,0.032,3.398
2020-02-06 04:00:00-03:00,0.057,3.991
2020-02-06 05:00:00-03:00,0.088,4.546
2020-02-06 06:00:00-03:00,0.10300000000000001,4.774
2020-02-06 07:00:00-03:00,0.069,4.217
2020-02-06 08:00:00-03:00,0.054,3.925
2020-02-06 09:00:00-03:00,0.115,4.94
2020-02-06 10:00:00-03:00,0.097,4.693
2020-02-06 11:00:00-03:00,0.076,4.355
2020-02-06 12:00:00-03:00,0.066,4.149
2020-02-06 13:00:00-03:00,0.07,4.233
2020-02-06 14:00:00-03:00,0.08,4.422
2020-02-06 15:00:00-03:00,0.089,4.563
2020-02-06 16:00:00-03:00,0.112,4.904
2020-02-06 17:00:00-03:00,0.17400000000000002,5.644
2020-02-06 18:00:00-03:00,0.28500000000000003,6.664
2020-02-06 19:00:00-03:00,0.47900000000000004,8.106
2020-02-06 20:00:00-03:00,0.708,9.879
2020-02-06 21:00:00-03:00,0.769,10.473
2020-02-06 22:00:00-03:00,0.6990000000000001,9.8
2020-02-06 23:00:00-03:00,0.58,8.833
2020-02-07 00:00:00-03:00,0.511,8.335
2020-02-07 01:00:00-03:00,0.481,8.117
2020-02-07 02:00:00-03:00,0.432,7.773
2020-02-07 03:00:00-03:00,0.424,7.716
2020-02-07 04:00:00-03:00,0.403,7.566
2020-02-07 05:00:00-03:00,0.305,6.823
2020-02-07 06:00:00-03:00,0.181,5.723
2020-02-07 07:00:00-03:00,0.084,4.486
2020-02-07 08:00:00-03:00,0.045,3.7279999999999998
2020-02-07 09:00:00-03:00,0.035,3.47
2020-02-07 10:00:00-03:00,0.049,3.808
2020-02-07 11:00:00-03:00,0.042,3.657
2020-02-07 12:00:00-03:00,0.023,3.111
2020-02-07 13:00:00-03:00,0.015,2.76
2020-02-07 14:00:00-03:00,0.009000000000000001,2.459
2020-02-07 15:00:00-03:00,0.005,2.137
2020-02-07 16:00:00-03:00,0.002,1.8250000000000002
2020-02-07 17:00:00-03:00,0.001,1.678
2020-02-07 18:00:00-03:00,0.002,1.704
2020-02-07 19:00:00-03:00,0.009000000000000001,2.448
2020-02-07 20:00:00-03:00,0.082,4.454
2020-02-07 21:00:00-03:00,0.266,6.513
2020-02-07 22:00:00-03:00,0.382,7.408
2020-02-07 23:00:00-03:00,0.399,7.531
2020-02-08 00:00:00-03:00,0.39,7.47
2020-02-08 01:00:00-03:00,0.352,7.187
2020-02-08 02:00:00-03:00,0.281,6.634
2020-02-08 03:00:00-03:00,0.196,5.87
2020-02-08 04:00:00-03:00,0.113,4.916
2020-02-08 05:00:00-03:00,0.051000000000000004,3.8529999999999998
2020-02-08 06:00:00-03:00,0.017,2.867
2020-02-08 07:00:00-03:00,0.006,2.232
2020-02-08 08:00:00-03:00,0.003,1.945
2020-02-08 09:00:00-03:00,0.011,2.55
2020-02-08 10:00:00-03:00,0.035,3.459
2020-02-08 11:00:00-03:00,0.04,3.598
2020-02-08 12:00:00-03:00,0.034,3.446
2020-02-08 13:00:00-03:00,0.031,3.3609999999999998
2020-02-08 14:00:00-03:00,0.037,3.534
2020-02-08 15:00:00-03:00,0.057,3.9779999999999998
2020-02-08 16:00:00-03:00,0.099,4.709
2020-02-08 17:00:00-03:00,0.176,5.672
2020-02-08 18:00:00-03:00,0.33,7.022
2020-02-08 19:00:00-03:00,0.611,9.079
2020-02-08 20:00:00-03:00,0.8210000000000001,11.071
2020-02-08 21:00:00-03:00,0.855,11.562
2020-02-08 22:00:00-03:00,0.788,10.679
2020-02-08 23:00:00-03:00,0.727,10.048
2020-02-09 00:00:00-03:00,0.716,9.943
2020-02-09 01:00:00-03:00,0.72,9.985
2020-02-09 02:00:00-03:00,0.678,9.614
2020-02-09 03:00:00-03:00,0.673,9.569
2020-02-09 04:00:00-03:00,0.686,9.674
2020-02-09 05:00:00-03:00,0.713,9.914
2020-02-09 06:00:00-03:00,0.754,10.309
2020-02-09 07:00:00-03:00,0.706,9.858
2020-02-09 08:00:00-03:00,0.658,9.446
2020-02-09 09:00:00-03:00,0.802,10.832
2020-02-09 10:00:00-03:00,0.85,11.478
2020-02-09 11:00:00-03:00,0.883,12.053
2020-02-09 12:00:00-03:00,0.891,12.217
2020-02-09 13:00:00-03:00,0.854,11.541
2020-02-09 14:00:00-03:00,0.763,10.401
2020-02-09 15:00:00-03:00,0.577,8.817
2020-02-09 16:00:00-03:00,0.321,6.9510000000000005
2020-02-09 17:00:00-03:00,0.125,5.068
2020-02-09 18:00:00-03:00,0.134,5.186
2020-02-09 19:00:00-03:00,0.441,7.831
2020-02-09 20:00:00-03:00,0.677,9.606
2020-02-09 21:00:00-03:00,0.72,9.986
2020-02-09 22:00:00-03:00,0.728,10.058
2020-02-09 23:00:00-03:00,0.6970000000000001,9.781
2020-02-10 00:00:00-03:00,0.645,9.34
2020-02-10 01:00:00-03:00,0.595,8.951
2020-02-10 02:00:00-03:00,0.548,8.608
2020-02-10 03:00:00-03:00,0.525,8.436
2020-02-10 04:00:00-03:00,0.487,8.164
2020-02-10 05:00:00-03:00,0.435,7.798
2020-02-10 06:00:00-03:00,0.376,7.365
2020-02-10 07:00:00-03:00,0.367,7.303
2020-02-10 08:00:00-03:00,0.429,7.741
2020-02-10 09:00:00-03:00,0.40900000000000003,7.611
2020-02-10 10:00:00-03:00,0.331,7.031
2020-02-10 11:00:00-03:00,0.252,6.392
2020-02-10 12:00:00-03:00,0.162,5.521
2020-02-10 13:00:00-03:00,0.096,4.655
2020-02-10 14:00:00-03:00,0.064,4.117
2020-02-10 15:00:00-03:00,0.05,3.84
2020-02-10 16:00:00-03:00,0.043000000000000003,3.669
2020-02-10 17:00:00-03:00,0.024,3.1310000000000002
2020-02-10 18:00:00-03:00,0.003,1.971
2020-02-10 19:00:00-03:00,0.0,1.333
2020-02-10 20:00:00-03:00,0.073,4.285
2020-02-10 21:00:00-03:00,0.383,7.415
2020-02-10 22:00:00-03:00,0.628,9.209
2020-02-10 23:00:00-03:00,0.675,9.592
2020-02-11 00:00:00-03:00,0.649,9.375
2020-02-11 01:00:00-03:00,0.604,9.012
2020-02-11 02:00:00-03:00,0.627,9.192
2020-02-11 03:00:00-03:00,0.645,9.343
2020-02-11 04:00:00-03:00,0.636,9.263
2020-02-11 05:00:00-03:00,0.592,8.929
2020-02-11 06:00:00-03:00,0.502,8.271
2020-02-11 07:00:00-03:00,0.397,7.513
2020-02-11 08:00:00-03:00,0.317,6.917
2020-02-11 09:00:00-03:00,0.195,5.868
2020-02-11 10:00:00-03:00,0.123,5.043
2020-02-11 11:00:00-03:00,0.074,4.307
2020-02-11 12:00:00-03:00,0.064,4.114
2020-02-11 13:00:00-03:00,0.136,5.217
2020-02-11 14:00:00-03:00,0.292,6.721
2020-02-11 15:00:00-03:00,0.322,6.955
2020-02-11 16:00:00-03:00,0.324,6.974
2020-02-11 17:00:00-03:00,0.406,7.583
2020-02-11 18:00:00-03:00,0.383,7.414
2020-02-11 19:00:00-03:00,0.363,7.261
2020-02-11 20:00:00-03:00,0.404,7.573
2020-02-11 21:00:00-03:00,0.501,8.261
2020-02-11 22:00:00-03:00,0.483,8.14
2020-02-11 23:00:00-03:00,0.455,7.936
2020-02-12 00:00:00-03:00,0.486,8.155
2020-02-12 01:00:00-03:00,0.512,8.342
2020-02-12 02:00:00-03:00,0.542,8.556000000000001
2020-02-12 03:00:00-03:00,0.589,8.908
2020-02-12 04:00:00-03:00,0.648,9.366
2020-02-12 05:00:00-03:00,0.608,9.046
2020-02-12 06:00:00-03:00,0.602,9.003
2020-02-12 07:00:00-03:00,0.527,8.452
2020-02-12 08:00:00-03:00,0.5730000000000001,8.782
2020-02-12 09:00:00-03:00,0.521,8.412
2020-02-12 10:00:00-03:00,0.455,7.936
2020-02-12 11:00:00-03:00,0.403,7.565
2020-02-12 12:00:00-03:00,0.41400000000000003,7.638
2020-02-12 13:00:00-03:00,0.484,8.143
2020-02-12 14:00:00-03:00,0.594,8.947
2020-02-12 15:00:00-03:00,0.6900000000000001,9.72
2020-02-12 16:00:00-03:00,0.748,10.255
2020-02-12 17:00:00-03:00,0.773,10.516
2020-02-12 18:00:00-03:00,0.769,10.474
2020-02-12 19:00:00-03:00,0.708,9.88
2020-02-12 20:00:00-03:00,0.613,9.089
2020-02-12 21:00:00-03:00,0.5650000000000001,8.729
2020-02-12 22:00:00-03:00,0.558,8.675
2020-02-12 23:00:00-03:00,0.56,8.685
2020-02-13 00:00:00-03:00,0.55,8.621
2020-02-13 01:00:00-03:00,0.555,8.654
2020-02-13 02:00:00-03:00,0.5680000000000001,8.743
2020-02-13 03:00:00-03:00,0.593,8.941
2020-02-13 04:00:00-03:00,0.612,9.08
2020-02-13 05:00:00-03:00,0.633,9.241
2020-02-13 06:00:00-03:00,0.659,9.453
2020-02-13 07:00:00-03:00,0.627,9.199
2020-02-13 08:00:00-03:00,0.58,8.833
2020-02-13 09:00:00-03:00,0.717,9.955
2020-02-13 10:00:00-03:00,0.883,12.066
2020-02-13 11:00:00-03:00,0.911,12.704
2020-02-13 12:00:00-03:00,0.891,12.235
2020-02-13 13:00:00-03:00,0.873,11.863
2020-02-13 14:00:00-03:00,0.859,11.632
2020-02-13 15:00:00-03:00,0.856,11.576
2020-02-13 16:00:00-03:00,0.841,11.348
2020-02-13 17:00:00-03:00,0.75,10.278
2020-02-13 18:00:00-03:00,0.649,9.375
2020-02-13 19:00:00-03:00,0.709,9.888
2020-02-13 20:00:00-03:00,0.8250000000000001,11.133
2020-02-13 21:00:00-03:00,0.885,12.102
2020-02-13 22:00:00-03:00,0.863,11.697
2020-02-13 23:00:00-03:00,0.84,11.33
2020-02-14 00:00:00-03:00,0.788,10.677
2020-02-14 01:00:00-03:00,0.664,9.496
2020-02-14 02:00:00-03:00,0.671,9.559
2020-02-14 03:00:00-03:00,0.79,10.699
2020-02-14 04:00:00-03:00,0.8150000000000001,10.995
2020-02-14 05:00:00-03:00,0.792,10.721
2020-02-14 06:00:00-03:00,0.6940000000000001,9.754
2020-02-14 07:00:00-03:00,0.606,9.039
2020-02-14 08:00:00-03:00,0.839,11.324
2020-02-14 09:00:00-03:00,0.922,13.058
2020-02-14 10:00:00-03:00,0.935,13.644
2020-02-14 11:00:00-03:00,0.9400000000000001,14.091
2020-02-14 12:00:00-03:00,0.9400000000000001,14.702
2020-02-14 13:00:00-03:00,0.932,15.439
2020-02-14 14:00:00-03:00,0.916,16.146
2020-02-14 15:00:00-03:00,0.901,16.622
2020-02-14 16:00:00-03:00,0.901,16.632
2020-02-14 17:00:00-03:00,0.922,15.944
2020-02-14 18:00:00-03:00,0.9410000000000001,14.614
2020-02-14 19:00:00-03:00,0.898,12.369
2020-02-14 20:00:00-03:00,0.772,10.501
2020-02-14 21:00:00-03:00,0.594,8.95
2020-02-14 22:00:00-03:00,0.294,6.729
2020-02-14 23:00:00-03:00,0.30000000000000004,6.787
2020-02-15 00:00:00-03:00,0.527,8.454
2020-02-15 01:00:00-03:00,0.734,10.118
2020-02-15 02:00:00-03:00,0.869,11.787
2020-02-15 03:00:00-03:00,0.929,13.326
2020-02-15 04:00:00-03:00,0.9400000000000001,14.128
2020-02-15 05:00:00-03:00,0.927,13.245
2020-02-15 06:00:00-03:00,0.796,10.765
2020-02-15 07:00:00-03:00,0.489,8.175
2020-02-15 08:00:00-03:00,0.447,7.881
2020-02-15 09:00:00-03:00,0.87,11.809
2020-02-15 10:00:00-03:00,0.924,15.87
2020-02-15 11:00:00-03:00,0.722,19.841
2020-02-15 12:00:00-03:00,0.5700000000000001,21.7
2020-02-15 13:00:00-03:00,0.632,20.977
2020-02-15 14:00:00-03:00,0.717,19.903
2020-02-15 15:00:00-03:00,0.801,18.664
2020-02-15 16:00:00-03:00,0.883,17.099
2020-02-15 17:00:00-03:00,0.931,15.521
2020-02-15 18:00:00-03:00,0.9390000000000001,14.048
2020-02-15 19:00:00-03:00,0.904,12.539
2020-02-15 20:00:00-03:00,0.862,11.685
2020-02-15 21:00:00-03:00,0.852,11.521
2020-02-15 22:00:00-03:00,0.834,11.248
2020-02-15 23:00:00-03:00,0.8310000000000001,11.207
2020-02-16 00:00:00-03:00,0.841,11.345
2020-02-16 01:00:00-03:00,0.8320000000000001,11.225
2020-02-16 02:00:00-03:00,0.804,10.856
2020-02-16 03:00:00-03:00,0.786,10.646
2020-02-16 04:00:00-03:00,0.787,10.66
2020-02-16 05:00:00-03:00,0.787,10.665
2020-02-16 06:00:00-03:00,0.794,10.744
2020-02-16 07:00:00-03:00,0.8130000000000001,10.975999999999999
2020-02-16 08:00:00-03:00,0.909,12.646
2020-02-16 09:00:00-03:00,0.9380000000000001,13.897
2020-02-16 10:00:00-03:00,0.9400000000000001,14.079
2020-02-16 11:00:00-03:00,0.9400000000000001,14.099
2020-02-16 12:00:00-03:00,0.9400000000000001,14.22
2020-02-16 13:00:00-03:00,0.9400000000000001,14.119
2020-02-16 14:00:00-03:00,0.937,13.806000000000001
2020-02-16 15:00:00-03:00,0.932,13.514
2020-02-16 16:00:00-03:00,0.932,13.514
2020-02-16 17:00:00-03:00,0.932,13.512
2020-02-16 18:00:00-03:00,0.917,12.909
2020-02-16 19:00:00-03:00,0.856,11.577
2020-02-16 20:00:00-03:00,0.8150000000000001,10.988
2020-02-16 21:00:00-03:00,0.8250000000000001,11.123
2020-02-16 22:00:00-03:00,0.844,11.393
2020-02-16 23:00:00-03:00,0.801,10.826
2020-02-17 00:00:00-03:00,0.796,10.77
2020-02-17 01:00:00-03:00,0.786,10.647
2020-02-17 02:00:00-03:00,0.731,10.084
2020-02-17 03:00:00-03:00,0.646,9.349
2020-02-17 04:00:00-03:00,0.608,9.048
2020-02-17 05:00:00-03:00,0.592,8.932
2020-02-17 06:00:00-03:00,0.555,8.659
2020-02-17 07:00:00-03:00,0.542,8.552
2020-02-17 08:00:00-03:00,0.46900000000000003,8.033
2020-02-17 09:00:00-03:00,0.653,9.411
2020-02-17 10:00:00-03:00,0.796,10.772
2020-02-17 11:00:00-03:00,0.8310000000000001,11.21
2020-02-17 12:00:00-03:00,0.837,11.283
2020-02-17 13:00:00-03:00,0.846,11.419
2020-02-17 14:00:00-03:00,0.86,11.643
2020-02-17 15:00:00-03:00,0.878,11.965
2020-02-17 16:00:00-03:00,0.919,12.953
2020-02-17 17:00:00-03:00,0.9400000000000001,14.233
2020-02-17 18:00:00-03:00,0.936,15.22
2020-02-17 19:00:00-03:00,0.937,15.081
2020-02-17 20:00:00-03:00,0.9400000000000001,14.754
2020-02-17 21:00:00-03:00,0.9390000000000001,13.983
2020-02-17 22:00:00-03:00,0.9390000000000001,14.939
2020-02-17 23:00:00-03:00,0.9380000000000001,15.059
2020-02-18 00:00:00-03:00,0.9390000000000001,14.867
2020-02-18 01:00:00-03:00,0.934,15.369
2020-02-18 02:00:00-03:00,0.918,16.095
2020-02-18 03:00:00-03:00,0.89,16.913
2020-02-18 04:00:00-03:00,0.833,18.117
2020-02-18 05:00:00-03:00,0.726,19.79
2020-02-18 06:00:00-03:00,0.611,21.219
2020-02-18 07:00:00-03:00,0.511,22.342
2020-02-18 08:00:00-03:00,0.396,23.576999999999998
2020-02-18 09:00:00-03:00,0.262,25.065
2020-02-18 10:00:00-03:00,0.194,25.928
2020-02-18 11:00:00-03:00,0.162,26.377
2020-02-18 12:00:00-03:00,0.196,25.88
2020-02-18 13:00:00-03:00,0.268,24.988
2020-02-18 14:00:00-03:00,0.335,24.227
2020-02-18 15:00:00-03:00,0.396,23.576999999999998
2020-02-18 16:00:00-03:00,0.453,22.966
2020-02-18 17:00:00-03:00,0.526,22.18
2020-02-18 18:00:00-03:00,0.615,21.178
2020-02-18 19:00:00-03:00,0.6990000000000001,20.139
2020-02-18 20:00:00-03:00,0.752,19.413
2020-02-18 21:00:00-03:00,0.796,18.749
2020-02-18 22:00:00-03:00,0.8170000000000001,18.404
2020-02-18 23:00:00-03:00,0.841,17.974
2020-02-19 00:00:00-03:00,0.856,17.678
2020-02-19 01:00:00-03:00,0.862,17.568
2020-02-19 02:00:00-03:00,0.862,17.567
2020-02-19 03:00:00-03:00,0.865,17.5
2020-02-19 04:00:00-03:00,0.871,17.363
2020-02-19 05:00:00-03:00,0.871,17.374
2020-02-19 06:00:00-03:00,0.854,17.717
2020-02-19 07:00:00-03:00,0.836,18.052
2020-02-19 08:00:00-03:00,0.811,18.514
2020-02-19 09:00:00-03:00,0.76,19.304
2020-02-19 10:00:00-03:00,0.712,19.979
2020-02-19 11:00:00-03:00,0.681,20.383
2020-02-19 12:00:00-03:00,0.6880000000000001,20.29
2020-02-19 13:00:00-03:00,0.709,20.019
2020-02-19 14:00:00-03:00,0.715,19.923000000000002
2020-02-19 15:00:00-03:00,0.738,19.612
2020-02-19 16:00:00-03:00,0.763,19.257
2020-02-19 17:00:00-03:00,0.797,18.731
2020-02-19 18:00:00-03:00,0.836,18.051
2020-02-19 19:00:00-03:00,0.884,17.06
2020-02-19 20:00:00-03:00,0.924,15.848
2020-02-19 21:00:00-03:00,0.9410000000000001,14.631
2020-02-19 22:00:00-03:00,0.9390000000000001,13.956
2020-02-19 23:00:00-03:00,0.93,13.392
2020-02-20 00:00:00-03:00,0.875,11.894
2020-02-20 01:00:00-03:00,0.789,10.688
2020-02-20 02:00:00-03:00,0.748,10.255
2020-02-20 03:00:00-03:00,0.6900000000000001,9.721
2020-02-20 04:00:00-03:00,0.65,9.386
2020-02-20 05:00:00-03:00,0.609,9.055
2020-02-20 06:00:00-03:00,0.561,8.701
2020-02-20 07:00:00-03:00,0.40900000000000003,7.605
2020-02-20 08:00:00-03:00,0.394,7.492
2020-02-20 09:00:00-03:00,0.377,7.378
2020-02-20 10:00:00-03:00,0.291,6.713
2020-02-20 11:00:00-03:00,0.233,6.218
2020-02-20 12:00:00-03:00,0.20600000000000002,5.963
2020-02-20 13:00:00-03:00,0.21,6.007
2020-02-20 14:00:00-03:00,0.219,6.088
2020-02-20 15:00:00-03:00,0.225,6.15
2020-02-20 16:00:00-03:00,0.23800000000000002,6.266
2020-02-20 17:00:00-03:00,0.262,6.472
2020-02-20 18:00:00-03:00,0.337,7.072
2020-02-20 19:00:00-03:00,0.34800000000000003,7.154
2020-02-20 20:00:00-03:00,0.47300000000000003,8.07
2020-02-20 21:00:00-03:00,0.61,9.065
2020-02-20 22:00:00-03:00,0.627,9.204
2020-02-20 23:00:00-03:00,0.601,9.0
2020-02-21 00:00:00-03:00,0.636,9.274000000000001
2020-02-21 01:00:00-03:00,0.669,9.542
2020-02-21 02:00:00-03:00,0.686,9.679
2020-02-21 03:00:00-03:00,0.678,9.616
2020-02-21 04:00:00-03:00,0.68,9.631
2020-02-21 05:00:00-03:00,0.628,9.204
2020-02-21 06:00:00-03:00,0.686,9.672
2020-02-21 07:00:00-03:00,0.719,9.979
2020-02-21 08:00:00-03:00,0.669,9.54
2020-02-21 09:00:00-03:00,0.6920000000000001,9.731
2020-02-21 10:00:00-03:00,0.8320000000000001,11.227
2020-02-21 11:00:00-03:00,0.861,11.656
2020-02-21 12:00:00-03:00,0.86,11.639
2020-02-21 13:00:00-03:00,0.853,11.54
2020-02-21 14:00:00-03:00,0.851,11.491
2020-02-21 15:00:00-03:00,0.845,11.4
2020-02-21 16:00:00-03:00,0.8200000000000001,11.06
2020-02-21 17:00:00-03:00,0.801,10.825
2020-02-21 18:00:00-03:00,0.78,10.589
2020-02-21 19:00:00-03:00,0.669,9.538
2020-02-21 20:00:00-03:00,0.527,8.453
2020-02-21 21:00:00-03:00,0.483,8.136
2020-02-21 22:00:00-03:00,0.49,8.189
2020-02-21 23:00:00-03:00,0.495,8.227
2020-02-22 00:00:00-03:00,0.46900000000000003,8.041
2020-02-22 01:00:00-03:00,0.41500000000000004,7.642
2020-02-22 02:00:00-03:00,0.32,6.947
2020-02-22 03:00:00-03:00,0.226,6.161
2020-02-22 04:00:00-03:00,0.177,5.676
2020-02-22 05:00:00-03:00,0.189,5.796
2020-02-22 06:00:00-03:00,0.253,6.402
2020-02-22 07:00:00-03:00,0.244,6.319
2020-02-22 08:00:00-03:00,0.117,4.968
2020-02-22 09:00:00-03:00,0.124,5.056
2020-02-22 10:00:00-03:00,0.438,7.818
2020-02-22 11:00:00-03:00,0.6910000000000001,9.725
2020-02-22 12:00:00-03:00,0.804,10.862
2020-02-22 13:00:00-03:00,0.8270000000000001,11.162
2020-02-22 14:00:00-03:00,0.84,11.325
2020-02-22 15:00:00-03:00,0.914,12.798
2020-02-22 16:00:00-03:00,0.937,15.102
2020-02-22 17:00:00-03:00,0.894,16.814
2020-02-22 18:00:00-03:00,0.891,16.892
2020-02-22 19:00:00-03:00,0.88,17.157
2020-02-22 20:00:00-03:00,0.879,17.184
2020-02-22 21:00:00-03:00,0.915,16.203
2020-02-22 22:00:00-03:00,0.931,15.493
2020-02-22 23:00:00-03:00,0.9410000000000001,14.362
2020-02-23 00:00:00-03:00,0.9400000000000001,14.095
2020-02-23 01:00:00-03:00,0.9410000000000001,14.285
2020-02-23 02:00:00-03:00,0.9410000000000001,14.372
2020-02-23 03:00:00-03:00,0.9410000000000001,14.29
2020-02-23 04:00:00-03:00,0.9410000000000001,14.371
2020-02-23 05:00:00-03:00,0.9410000000000001,14.385
2020-02-23 06:00:00-03:00,0.9400000000000001,14.177
2020-02-23 07:00:00-03:00,0.935,13.662
2020-02-23 08:00:00-03:00,0.931,13.421
2020-02-23 09:00:00-03:00,0.93,13.413
2020-02-23 10:00:00-03:00,0.9390000000000001,13.98
2020-02-23 11:00:00-03:00,0.935,15.267
2020-02-23 12:00:00-03:00,0.911,16.331
2020-02-23 13:00:00-03:00,0.885,17.027
2020-02-23 14:00:00-03:00,0.858,17.638
2020-02-23 15:00:00-03:00,0.846,17.885
2020-02-23 16:00:00-03:00,0.857,17.663
2020-02-23 17:00:00-03:00,0.887,16.986
2020-02-23 18:00:00-03:00,0.917,16.134
2020-02-23 19:00:00-03:00,0.933,15.416
2020-02-23 20:00:00-03:00,0.9400000000000001,14.799
2020-02-23 21:00:00-03:00,0.9410000000000001,14.48
2020-02-23 22:00:00-03:00,0.9400000000000001,14.261
2020-02-23 23:00:00-03:00,0.9380000000000001,13.942
2020-02-24 00:00:00-03:00,0.937,13.858
2020-02-24 01:00:00-03:00,0.9400000000000001,14.076
2020-02-24 02:00:00-03:00,0.9410000000000001,14.476
2020-02-24 03:00:00-03:00,0.9400000000000001,14.743
2020-02-24 04:00:00-03:00,0.9400000000000001,14.794
2020-02-24 05:00:00-03:00,0.9410000000000001,14.569
2020-02-24 06:00:00-03:00,0.9410000000000001,14.535
2020-02-24 07:00:00-03:00,0.9410000000000001,14.516
2020-02-24 08:00:00-03:00,0.9390000000000001,14.95
2020-02-24 09:00:00-03:00,0.905,16.504
2020-02-24 10:00:00-03:00,0.861,17.575
2020-02-24 11:00:00-03:00,0.837,18.042
2020-02-24 12:00:00-03:00,0.806,18.581
2020-02-24 13:00:00-03:00,0.793,18.799
2020-02-24 14:00:00-03:00,0.801,18.679
2020-02-24 15:00:00-03:00,0.801,18.658
2020-02-24 16:00:00-03:00,0.794,18.791
2020-02-24 17:00:00-03:00,0.812,18.488
2020-02-24 18:00:00-03:00,0.853,17.751
2020-02-24 19:00:00-03:00,0.897,16.737
2020-02-24 20:00:00-03:00,0.931,15.503
2020-02-24 21:00:00-03:00,0.9400000000000001,14.248
2020-02-24 22:00:00-03:00,0.93,13.415
2020-02-24 23:00:00-03:00,0.92,12.991
2020-02-25 00:00:00-03:00,0.913,12.767
2020-02-25 01:00:00-03:00,0.9,12.429
2020-02-25 02:00:00-03:00,0.884,12.075
2020-02-25 03:00:00-03:00,0.851,11.491
2020-02-25 04:00:00-03:00,0.8320000000000001,11.222
2020-02-25 05:00:00-03:00,0.8300000000000001,11.203
2020-02-25 06:00:00-03:00,0.873,11.874
2020-02-25 07:00:00-03:00,0.914,12.791
2020-02-25 08:00:00-03:00,0.9390000000000001,13.995
2020-02-25 09:00:00-03:00,0.9380000000000001,15.023
2020-02-25 10:00:00-03:00,0.928,15.684
2020-02-25 11:00:00-03:00,0.911,16.309
2020-02-25 12:00:00-03:00,0.892,16.883
2020-02-25 13:00:00-03:00,0.857,17.664
2020-02-25 14:00:00-03:00,0.8210000000000001,18.333
2020-02-25 15:00:00-03:00,0.8,18.681
2020-02-25 16:00:00-03:00,0.845,17.899
2020-02-25 17:00:00-03:00,0.865,17.489
2020-02-25 18:00:00-03:00,0.847,17.853
2020-02-25 19:00:00-03:00,0.876,17.262
2020-02-25 20:00:00-03:00,0.912,16.293
2020-02-25 21:00:00-03:00,0.904,16.543
2020-02-25 22:00:00-03:00,0.903,16.574
2020-02-25 23:00:00-03:00,0.931,15.525
2020-02-26 00:00:00-03:00,0.9400000000000001,14.137
2020-02-26 01:00:00-03:00,0.935,13.646
2020-02-26 02:00:00-03:00,0.9380000000000001,13.928
2020-02-26 03:00:00-03:00,0.9400000000000001,14.133
2020-02-26 04:00:00-03:00,0.9400000000000001,14.08
2020-02-26 05:00:00-03:00,0.9380000000000001,13.914
2020-02-26 06:00:00-03:00,0.936,13.737
2020-02-26 07:00:00-03:00,0.932,13.494
2020-02-26 08:00:00-03:00,0.927,13.241
2020-02-26 09:00:00-03:00,0.9400000000000001,14.718
2020-02-26 10:00:00-03:00,0.901,16.632
2020-02-26 11:00:00-03:00,0.8260000000000001,18.248
2020-02-26 12:00:00-03:00,0.768,19.178
2020-02-26 13:00:00-03:00,0.77,19.154
2020-02-26 14:00:00-03:00,0.783,18.961
2020-02-26 15:00:00-03:00,0.778,19.039
2020-02-26 16:00:00-03:00,0.758,19.333
2020-02-26 17:00:00-03:00,0.726,19.789
2020-02-26 18:00:00-03:00,0.739,19.604
2020-02-26 19:00:00-03:00,0.776,19.062
2020-02-26 20:00:00-03:00,0.807,18.564
2020-02-26 21:00:00-03:00,0.838,18.024
2020-02-26 22:00:00-03:00,0.879,17.193
2020-02-26 23:00:00-03:00,0.914,16.223
2020-02-27 00:00:00-03:00,0.906,16.494
2020-02-27 01:00:00-03:00,0.881,17.144
2020-02-27 02:00:00-03:00,0.854,17.717
2020-02-27 03:00:00-03:00,0.8210000000000001,18.326
2020-02-27 04:00:00-03:00,0.804,18.616
2020-02-27 05:00:00-03:00,0.808,18.552
2020-02-27 06:00:00-03:00,0.8180000000000001,18.375
2020-02-27 07:00:00-03:00,0.812,18.484
2020-02-27 08:00:00-03:00,0.772,19.128
2020-02-27 09:00:00-03:00,0.677,20.419
2020-02-27 10:00:00-03:00,0.611,21.223
2020-02-27 11:00:00-03:00,0.59,21.466
2020-02-27 12:00:00-03:00,0.597,21.386
2020-02-27 13:00:00-03:00,0.607,21.275
2020-02-27 14:00:00-03:00,0.614,21.188
2020-02-27 15:00:00-03:00,0.64,20.887
2020-02-27 16:00:00-03:00,0.681,20.379
2020-02-27 17:00:00-03:00,0.733,19.685
2020-02-27 18:00:00-03:00,0.791,18.826
2020-02-27 19:00:00-03:00,0.853,17.736
2020-02-27 20:00:00-03:00,0.903,16.574
2020-02-27 21:00:00-03:00,0.923,15.884
2020-02-27 22:00:00-03:00,0.928,15.678
2020-02-27 23:00:00-03:00,0.932,15.481
2020-02-28 00:00:00-03:00,0.9380000000000001,15.014
2020-02-28 01:00:00-03:00,0.9400000000000001,14.715
2020-02-28 02:00:00-03:00,0.9400000000000001,14.674
2020-02-28 03:00:00-03:00,0.9400000000000001,14.779
2020-02-28 04:00:00-03:00,0.9410000000000001,14.559
2020-02-28 05:00:00-03:00,0.9380000000000001,13.869
2020-02-28 06:00:00-03:00,0.932,13.474
2020-02-28 07:00:00-03:00,0.926,13.222
2020-02-28 08:00:00-03:00,0.929,13.328
2020-02-28 09:00:00-03:00,0.9390000000000001,14.941
2020-02-28 10:00:00-03:00,0.932,15.473
2020-02-28 11:00:00-03:00,0.935,15.25
2020-02-28 12:00:00-03:00,0.9380000000000001,14.974
2020-02-28 13:00:00-03:00,0.9400000000000001,14.696
2020-02-28 14:00:00-03:00,0.9410000000000001,14.489
2020-02-28 15:00:00-03:00,0.9400000000000001,14.199
2020-02-28 16:00:00-03:00,0.929,13.333
2020-02-28 17:00:00-03:00,0.894,12.286
2020-02-28 18:00:00-03:00,0.805,10.879
2020-02-28 19:00:00-03:00,0.5760000000000001,8.804
2020-02-28 20:00:00-03:00,0.419,7.668
2020-02-28 21:00:00-03:00,0.383,7.417
2020-02-28 22:00:00-03:00,0.453,7.916
2020-02-28 23:00:00-03:00,0.546,8.594
2020-02-29 00:00:00-03:00,0.517,8.385
2020-02-29 01:00:00-03:00,0.561,8.691
2020-02-29 02:00:00-03:00,0.667,9.517
2020-02-29 03:00:00-03:00,0.7000000000000001,9.807
2020-02-29 04:00:00-03:00,0.775,10.533
2020-02-29 05:00:00-03:00,0.837,11.298
2020-02-29 06:00:00-03:00,0.937,13.848
2020-02-29 07:00:00-03:00,0.9410000000000001,14.493
2020-02-29 08:00:00-03:00,0.937,15.102
2020-02-29 09:00:00-03:00,0.937,15.127
2020-02-29 10:00:00-03:00,0.924,15.869
2020-02-29 11:00:00-03:00,0.917,16.107
2020-02-29 12:00:00-03:00,0.916,16.174
2020-02-29 13:00:00-03:00,0.913,16.24
2020-02-29 14:00:00-03:00,0.925,15.821
2020-02-29 15:00:00-03:00,0.931,15.529
2020-02-29 16:00:00-03:00,0.927,15.73
2020-02-29 17:00:00-03:00,0.92,16.012
2020-02-29 18:00:00-03:00,0.92,16.018
2020-02-29 19:00:00-03:00,0.921,15.966
2020-02-29 20:00:00-03:00,0.926,15.767
2020-02-29 21:00:00-03:00,0.937,15.088
2020-02-29 22:00:00-03:00,0.9390000000000001,13.989
2020-02-29 23:00:00-03:00,0.915,12.828
2020-03-01 00:00:00-03:00,0.887,12.13
2020-03-01 01:00:00-03:00,0.84,11.335
2020-03-01 02:00:00-03:00,0.788,10.674
2020-03-01 03:00:00-03:00,0.754,10.312
2020-03-01 04:00:00-03:00,0.71,9.894
2020-03-01 05:00:00-03:00,0.7010000000000001,9.818
2020-03-01 06:00:00-03:00,0.661,9.47
2020-03-01 07:00:00-03:00,0.584,8.871
2020-03-01 08:00:00-03:00,0.503,8.275
2020-03-01 09:00:00-03:00,0.648,9.364
2020-03-01 10:00:00-03:00,0.733,10.11
2020-03-01 11:00:00-03:00,0.803,10.846
2020-03-01 12:00:00-03:00,0.843,11.383
2020-03-01 13:00:00-03:00,0.876,11.921
2020-03-01 14:00:00-03:00,0.896,12.337
2020-03-01 15:00:00-03:00,0.904,12.539
2020-03-01 16:00:00-03:00,0.907,12.618
2020-03-01 17:00:00-03:00,0.906,12.566
2020-03-01 18:00:00-03:00,0.888,12.159
2020-03-01 19:00:00-03:00,0.866,11.745
2020-03-01 20:00:00-03:00,0.869,11.784
2020-03-01 21:00:00-03:00,0.837,11.281
2020-03-01 22:00:00-03:00,0.7020000000000001,9.82
2020-03-01 23:00:00-03:00,0.652,9.393
2020-03-02 00:00:00-03:00,0.651,9.388
2020-03-02 01:00:00-03:00,0.611,9.076
2020-03-02 02:00:00-03:00,0.63,9.224
2020-03-02 03:00:00-03:00,0.648,9.371
2020-03-02 04:00:00-03:00,0.619,9.136
2020-03-02 05:00:00-03:00,0.555,8.656
2020-03-02 06:00:00-03:00,0.454,7.925
2020-03-02 07:00:00-03:00,0.318,6.928
2020-03-02 08:00:00-03:00,0.23700000000000002,6.255
2020-03-02 09:00:00-03:00,0.228,6.179
2020-03-02 10:00:00-03:00,0.306,6.83
2020-03-02 11:00:00-03:00,0.434,7.784
2020-03-02 12:00:00-03:00,0.558,8.668
2020-03-02 13:00:00-03:00,0.662,9.479
2020-03-02 14:00:00-03:00,0.76,10.379
2020-03-02 15:00:00-03:00,0.8260000000000001,11.143
2020-03-02 16:00:00-03:00,0.849,11.464
2020-03-02 17:00:00-03:00,0.857,11.583
2020-03-02 18:00:00-03:00,0.871,11.837
2020-03-02 19:00:00-03:00,0.883,12.062
2020-03-02 20:00:00-03:00,0.842,11.355
2020-03-02 21:00:00-03:00,0.744,10.209
2020-03-02 22:00:00-03:00,0.6900000000000001,9.718
2020-03-02 23:00:00-03:00,0.669,9.543
2020-03-03 00:00:00-03:00,0.636,9.274000000000001
2020-03-03 01:00:00-03:00,0.579,8.826
2020-03-03 02:00:00-03:00,0.47800000000000004,8.095
2020-03-03 03:00:00-03:00,0.34400000000000003,7.122
2020-03-03 04:00:00-03:00,0.19,5.806
2020-03-03 05:00:00-03:00,0.068,4.202
2020-03-03 06:00:00-03:00,0.01,2.516
2020-03-03 07:00:00-03:00,0.004,2.046
2020-03-03 08:00:00-03:00,0.022,3.068
2020-03-03 09:00:00-03:00,0.06,4.035
2020-03-03 10:00:00-03:00,0.147,5.352
2020-03-03 11:00:00-03:00,0.28,6.625
2020-03-03 12:00:00-03:00,0.4,7.546
2020-03-03 13:00:00-03:00,0.44,7.828
2020-03-03 14:00:00-03:00,0.41200000000000003,7.626
2020-03-03 15:00:00-03:00,0.419,7.678
2020-03-03 16:00:00-03:00,0.466,8.014
2020-03-03 17:00:00-03:00,0.617,9.119
2020-03-03 18:00:00-03:00,0.751,10.281
2020-03-03 19:00:00-03:00,0.8270000000000001,11.161
2020-03-03 20:00:00-03:00,0.882,12.039
2020-03-03 21:00:00-03:00,0.921,13.005
2020-03-03 22:00:00-03:00,0.917,12.899000000000001
2020-03-03 23:00:00-03:00,0.886,12.119
2020-03-04 00:00:00-03:00,0.918,12.921
2020-03-04 01:00:00-03:00,0.86,11.643
2020-03-04 02:00:00-03:00,0.845,11.396
2020-03-04 03:00:00-03:00,0.8290000000000001,11.182
2020-03-04 04:00:00-03:00,0.797,10.783
2020-03-04 05:00:00-03:00,0.765,10.425
2020-03-04 06:00:00-03:00,0.672,9.567
2020-03-04 07:00:00-03:00,0.547,8.602
2020-03-04 08:00:00-03:00,0.313,6.886
2020-03-04 09:00:00-03:00,0.123,5.044
2020-03-04 10:00:00-03:00,0.034,3.435
2020-03-04 11:00:00-03:00,0.073,4.299
2020-03-04 12:00:00-03:00,0.28700000000000003,6.682
2020-03-04 13:00:00-03:00,0.517,8.381
2020-03-04 14:00:00-03:00,0.768,10.454
2020-03-04 15:00:00-03:00,0.898,12.386
2020-03-04 16:00:00-03:00,0.928,13.308
2020-03-04 17:00:00-03:00,0.923,13.082
2020-03-04 18:00:00-03:00,0.87,11.823
2020-03-04 19:00:00-03:00,0.6900000000000001,9.708
2020-03-04 20:00:00-03:00,0.5720000000000001,8.774000000000001
2020-03-04 21:00:00-03:00,0.499,8.246
2020-03-04 22:00:00-03:00,0.507,8.304
2020-03-04 23:00:00-03:00,0.592,8.93
2020-03-05 00:00:00-03:00,0.667,9.521
2020-03-05 01:00:00-03:00,0.652,9.395
2020-03-05 02:00:00-03:00,0.649,9.372
2020-03-05 03:00:00-03:00,0.672,9.561
2020-03-05 04:00:00-03:00,0.681,9.639
2020-03-05 05:00:00-03:00,0.686,9.681000000000001
2020-03-05 06:00:00-03:00,0.672,9.565
2020-03-05 07:00:00-03:00,0.633,9.246
2020-03-05 08:00:00-03:00,0.423,7.707
2020-03-05 09:00:00-03:00,0.341,7.099
2020-03-05 10:00:00-03:00,0.642,9.323
2020-03-05 11:00:00-03:00,0.676,9.595
2020-03-05 12:00:00-03:00,0.636,9.265
2020-03-05 13:00:00-03:00,0.606,9.034
2020-03-05 14:00:00-03:00,0.5750000000000001,8.796
2020-03-05 15:00:00-03:00,0.5,8.256
2020-03-05 16:00:00-03:00,0.385,7.431
2020-03-05 17:00:00-03:00,0.214,6.045
2020-03-05 18:00:00-03:00,0.069,4.214
2020-03-05 19:00:00-03:00,0.02,2.976
2020-03-05 20:00:00-03:00,0.008,2.396
2020-03-05 21:00:00-03:00,0.01,2.525
2020-03-05 22:00:00-03:00,0.023,3.113
2020-03-05 23:00:00-03:00,0.083,4.473
2020-03-06 00:00:00-03:00,0.246,6.329
2020-03-06 01:00:00-03:00,0.234,6.226
2020-03-06 02:00:00-03:00,0.088,4.543
2020-03-06 03:00:00-03:00,0.039,3.581
2020-03-06 04:00:00-03:00,0.131,5.152
2020-03-06 05:00:00-03:00,0.33,7.026
2020-03-06 06:00:00-03:00,0.4,7.543
2020-03-06 07:00:00-03:00,0.378,7.384
2020-03-06 08:00:00-03:00,0.381,7.395
2020-03-06 09:00:00-03:00,0.319,6.936
2020-03-06 10:00:00-03:00,0.247,6.343
2020-03-06 11:00:00-03:00,0.428,7.737
2020-03-06 12:00:00-03:00,0.592,8.934
2020-03-06 13:00:00-03:00,0.598,8.973
2020-03-06 14:00:00-03:00,0.909,12.658
2020-03-06 15:00:00-03:00,0.929,15.625
2020-03-06 16:00:00-03:00,0.931,15.538
2020-03-06 17:00:00-03:00,0.933,13.541
2020-03-06 18:00:00-03:00,0.867,11.759
2020-03-06 19:00:00-03:00,0.9380000000000001,15.013
2020-03-06 20:00:00-03:00,0.919,12.955
2020-03-06 21:00:00-03:00,0.6910000000000001,9.729
2020-03-06 22:00:00-03:00,0.542,8.562
2020-03-06 23:00:00-03:00,0.502,8.27
2020-03-07 00:00:00-03:00,0.28200000000000003,6.64
2020-03-07 01:00:00-03:00,0.138,5.237
2020-03-07 02:00:00-03:00,0.111,4.882
2020-03-07 03:00:00-03:00,0.20800000000000002,5.982
2020-03-07 04:00:00-03:00,0.401,7.555
2020-03-07 05:00:00-03:00,0.507,8.304
2020-03-07 06:00:00-03:00,0.5700000000000001,8.76
2020-03-07 07:00:00-03:00,0.604,9.009
2020-03-07 08:00:00-03:00,0.47800000000000004,8.098
2020-03-07 09:00:00-03:00,0.754,10.311
2020-03-07 10:00:00-03:00,0.773,10.511
2020-03-07 11:00:00-03:00,0.764,10.411
2020-03-07 12:00:00-03:00,0.838,11.302
2020-03-07 13:00:00-03:00,0.913,12.785
2020-03-07 14:00:00-03:00,0.9390000000000001,14.919
2020-03-07 15:00:00-03:00,0.855,17.703
2020-03-07 16:00:00-03:00,0.75,19.444
2020-03-07 17:00:00-03:00,0.712,19.965
2020-03-07 18:00:00-03:00,0.611,21.226
2020-03-07 19:00:00-03:00,0.379,23.756
2020-03-07 20:00:00-03:00,0.303,24.585
2020-03-07 21:00:00-03:00,0.4,23.539
2020-03-07 22:00:00-03:00,0.502,22.445
2020-03-07 23:00:00-03:00,0.5630000000000001,21.771
2020-03-08 00:00:00-03:00,0.645,20.823
2020-03-08 01:00:00-03:00,0.714,19.937
2020-03-08 02:00:00-03:00,0.781,18.981
2020-03-08 03:00:00-03:00,0.843,17.919
2020-03-08 04:00:00-03:00,0.884,17.074
2020-03-08 05:00:00-03:00,0.905,16.513
2020-03-08 06:00:00-03:00,0.917,16.134
2020-03-08 07:00:00-03:00,0.925,15.793
2020-03-08 08:00:00-03:00,0.926,15.774000000000001
2020-03-08 09:00:00-03:00,0.905,16.513
2020-03-08 10:00:00-03:00,0.901,16.624
2020-03-08 11:00:00-03:00,0.909,16.388
2020-03-08 12:00:00-03:00,0.921,15.975999999999999
2020-03-08 13:00:00-03:00,0.928,15.664
2020-03-08 14:00:00-03:00,0.931,15.498
2020-03-08 15:00:00-03:00,0.933,15.386
2020-03-08 16:00:00-03:00,0.934,15.325
2020-03-08 17:00:00-03:00,0.937,15.079
2020-03-08 18:00:00-03:00,0.9400000000000001,14.087
2020-03-08 19:00:00-03:00,0.909,12.655
2020-03-08 20:00:00-03:00,0.852,11.518
2020-03-08 21:00:00-03:00,0.6990000000000001,9.794
2020-03-08 22:00:00-03:00,0.629,9.214
2020-03-08 23:00:00-03:00,0.596,8.965
2020-03-09 00:00:00-03:00,0.596,8.963
2020-03-09 01:00:00-03:00,0.527,8.45
2020-03-09 02:00:00-03:00,0.433,7.775
2020-03-09 03:00:00-03:00,0.438,7.817
2020-03-09 04:00:00-03:00,0.40900000000000003,7.602
2020-03-09 05:00:00-03:00,0.403,7.568
2020-03-09 06:00:00-03:00,0.399,7.539
2020-03-09 07:00:00-03:00,0.42,7.691
2020-03-09 08:00:00-03:00,0.35100000000000003,7.171
2020-03-09 09:00:00-03:00,0.34,7.094
2020-03-09 10:00:00-03:00,0.489,8.18
2020-03-09 11:00:00-03:00,0.629,9.218
2020-03-09 12:00:00-03:00,0.678,9.617
2020-03-09 13:00:00-03:00,0.723,10.012
2020-03-09 14:00:00-03:00,0.765,10.422
2020-03-09 15:00:00-03:00,0.792,10.727
2020-03-09 16:00:00-03:00,0.792,10.72
2020-03-09 17:00:00-03:00,0.765,10.421
2020-03-09 18:00:00-03:00,0.6920000000000001,9.731
2020-03-09 19:00:00-03:00,0.601,8.999
2020-03-09 20:00:00-03:00,0.609,9.052
2020-03-09 21:00:00-03:00,0.595,8.952
2020-03-09 22:00:00-03:00,0.539,8.538
2020-03-09 23:00:00-03:00,0.463,7.99
2020-03-10 00:00:00-03:00,0.384,7.425
2020-03-10 01:00:00-03:00,0.309,6.852
2020-03-10 02:00:00-03:00,0.243,6.313
2020-03-10 03:00:00-03:00,0.17300000000000001,5.639
2020-03-10 04:00:00-03:00,0.10400000000000001,4.78
2020-03-10 05:00:00-03:00,0.049,3.816
2020-03-10 06:00:00-03:00,0.019,2.942
2020-03-10 07:00:00-03:00,0.006,2.206
2020-03-10 08:00:00-03:00,0.001,1.516
2020-03-10 09:00:00-03:00,0.0,1.126
2020-03-10 10:00:00-03:00,0.0,0.579
2020-03-10 11:00:00-03:00,0.0,0.0
2020-03-10 12:00:00-03:00,0.0,0.747
2020-03-10 13:00:00-03:00,0.0,1.297
2020-03-10 14:00:00-03:00,0.002,1.822
2020-03-10 15:00:00-03:00,0.007,2.35
2020-03-10 16:00:00-03:00,0.018000000000000002,2.9210000000000003
2020-03-10 17:00:00-03:00,0.047,3.76
2020-03-10 18:00:00-03:00,0.099,4.717
2020-03-10 19:00:00-03:00,0.20700000000000002,5.9719999999999995
2020-03-10 20:00:00-03:00,0.361,7.254
2020-03-10 21:00:00-03:00,0.4,7.548
2020-03-10 22:00:00-03:00,0.388,7.46
2020-03-10 23:00:00-03:00,0.406,7.578
2020-03-11 00:00:00-03:00,0.426,7.73
2020-03-11 01:00:00-03:00,0.434,7.779
2020-03-11 02:00:00-03:00,0.403,7.565
2020-03-11 03:00:00-03:00,0.441,7.839
2020-03-11 04:00:00-03:00,0.542,8.554
2020-03-11 05:00:00-03:00,0.64,9.303
2020-03-11 06:00:00-03:00,0.737,10.141
2020-03-11 07:00:00-03:00,0.708,9.873
2020-03-11 08:00:00-03:00,0.731,10.09
2020-03-11 09:00:00-03:00,0.664,9.492
2020-03-11 10:00:00-03:00,0.615,9.108
2020-03-11 11:00:00-03:00,0.648,9.37
2020-03-11 12:00:00-03:00,0.5700000000000001,8.764
2020-03-11 13:00:00-03:00,0.429,7.751
2020-03-11 14:00:00-03:00,0.251,6.38
2020-03-11 15:00:00-03:00,0.14400000000000002,5.298
2020-03-11 16:00:00-03:00,0.196,5.87
2020-03-11 17:00:00-03:00,0.40900000000000003,7.602
2020-03-11 18:00:00-03:00,0.529,8.469
2020-03-11 19:00:00-03:00,0.63,9.222
2020-03-11 20:00:00-03:00,0.627,9.189
2020-03-11 21:00:00-03:00,0.464,7.997
2020-03-11 22:00:00-03:00,0.314,6.889
2020-03-11 23:00:00-03:00,0.18,5.7010000000000005
2020-03-12 00:00:00-03:00,0.098,4.702
2020-03-12 01:00:00-03:00,0.058,4.006
2020-03-12 02:00:00-03:00,0.068,4.206
2020-03-12 03:00:00-03:00,0.114,4.934
2020-03-12 04:00:00-03:00,0.159,5.481
2020-03-12 05:00:00-03:00,0.20400000000000001,5.945
2020-03-12 06:00:00-03:00,0.23900000000000002,6.272
2020-03-12 07:00:00-03:00,0.261,6.471
2020-03-12 08:00:00-03:00,0.232,6.206
2020-03-12 09:00:00-03:00,0.196,5.877
2020-03-12 10:00:00-03:00,0.261,6.462
2020-03-12 11:00:00-03:00,0.454,7.926
2020-03-12 12:00:00-03:00,0.514,8.349
2020-03-12 13:00:00-03:00,0.618,9.127
2020-03-12 14:00:00-03:00,0.709,9.886
2020-03-12 15:00:00-03:00,0.741,10.183
2020-03-12 16:00:00-03:00,0.748,10.256
2020-03-12 17:00:00-03:00,0.6970000000000001,9.781
2020-03-12 18:00:00-03:00,0.657,9.434
2020-03-12 19:00:00-03:00,0.686,9.682
2020-03-12 20:00:00-03:00,0.729,10.067
2020-03-12 21:00:00-03:00,0.603,9.006
2020-03-12 22:00:00-03:00,0.307,6.844
2020-03-12 23:00:00-03:00,0.07,4.236
2020-03-13 00:00:00-03:00,0.059000000000000004,4.021
2020-03-13 01:00:00-03:00,0.181,5.7219999999999995
2020-03-13 02:00:00-03:00,0.372,7.34
2020-03-13 03:00:00-03:00,0.46900000000000003,8.035
2020-03-13 04:00:00-03:00,0.441,7.841
2020-03-13 05:00:00-03:00,0.39,7.473
2020-03-13 06:00:00-03:00,0.35100000000000003,7.173
2020-03-13 07:00:00-03:00,0.322,6.957
2020-03-13 08:00:00-03:00,0.263,6.479
2020-03-13 09:00:00-03:00,0.178,5.687
2020-03-13 10:00:00-03:00,0.11800000000000001,4.98
2020-03-13 11:00:00-03:00,0.083,4.461
2020-03-13 12:00:00-03:00,0.07200000000000001,4.277
2020-03-13 13:00:00-03:00,0.09,4.571
2020-03-13 14:00:00-03:00,0.126,5.093
2020-03-13 15:00:00-03:00,0.184,5.753
2020-03-13 16:00:00-03:00,0.241,6.293
2020-03-13 17:00:00-03:00,0.296,6.75
2020-03-13 18:00:00-03:00,0.295,6.736
2020-03-13 19:00:00-03:00,0.332,7.036
2020-03-13 20:00:00-03:00,0.509,8.318
2020-03-13 21:00:00-03:00,0.5640000000000001,8.717
2020-03-13 22:00:00-03:00,0.527,8.449
2020-03-13 23:00:00-03:00,0.538,8.527
2020-03-14 00:00:00-03:00,0.627,9.203
2020-03-14 01:00:00-03:00,0.737,10.143
2020-03-14 02:00:00-03:00,0.772,10.504
2020-03-14 03:00:00-03:00,0.811,10.95
2020-03-14 04:00:00-03:00,0.838,11.311
2020-03-14 05:00:00-03:00,0.849,11.478
2020-03-14 06:00:00-03:00,0.874,11.884
2020-03-14 07:00:00-03:00,0.899,12.412
2020-03-14 08:00:00-03:00,0.867,11.765
2020-03-14 09:00:00-03:00,0.81,10.942
2020-03-14 10:00:00-03:00,0.811,10.949
2020-03-14 11:00:00-03:00,0.854,11.55
2020-03-14 12:00:00-03:00,0.895,12.304
2020-03-14 13:00:00-03:00,0.93,13.368
2020-03-14 14:00:00-03:00,0.9400000000000001,14.717
2020-03-14 15:00:00-03:00,0.925,15.8
2020-03-14 16:00:00-03:00,0.935,15.296
2020-03-14 17:00:00-03:00,0.9380000000000001,13.895
2020-03-14 18:00:00-03:00,0.931,13.469
2020-03-14 19:00:00-03:00,0.9380000000000001,13.923
2020-03-14 20:00:00-03:00,0.9400000000000001,14.236
2020-03-14 21:00:00-03:00,0.9400000000000001,14.118
2020-03-14 22:00:00-03:00,0.9380000000000001,13.881
2020-03-14 23:00:00-03:00,0.935,13.66
2020-03-15 00:00:00-03:00,0.936,13.75
2020-03-15 01:00:00-03:00,0.9390000000000001,14.061
2020-03-15 02:00:00-03:00,0.9410000000000001,14.303
2020-03-15 03:00:00-03:00,0.9410000000000001,14.369
2020-03-15 04:00:00-03:00,0.9410000000000001,14.474
2020-03-15 05:00:00-03:00,0.9400000000000001,14.678
2020-03-15 06:00:00-03:00,0.9400000000000001,14.672
2020-03-15 07:00:00-03:00,0.9410000000000001,14.511
2020-03-15 08:00:00-03:00,0.9400000000000001,14.242
2020-03-15 09:00:00-03:00,0.9380000000000001,13.901
2020-03-15 10:00:00-03:00,0.9400000000000001,14.229
2020-03-15 11:00:00-03:00,0.9400000000000001,14.799
2020-03-15 12:00:00-03:00,0.936,15.179
2020-03-15 13:00:00-03:00,0.935,15.262
2020-03-15 14:00:00-03:00,0.933,15.38
2020-03-15 15:00:00-03:00,0.931,15.49
2020-03-15 16:00:00-03:00,0.937,15.076
2020-03-15 17:00:00-03:00,0.9410000000000001,14.307
2020-03-15 18:00:00-03:00,0.9390000000000001,14.002
2020-03-15 19:00:00-03:00,0.937,13.801
2020-03-15 20:00:00-03:00,0.931,13.452
2020-03-15 21:00:00-03:00,0.908,12.633
2020-03-15 22:00:00-03:00,0.86,11.644
2020-03-15 23:00:00-03:00,0.805,10.875
2020-03-16 00:00:00-03:00,0.761,10.39
2020-03-16 01:00:00-03:00,0.772,10.492
2020-03-16 02:00:00-03:00,0.8270000000000001,11.154
2020-03-16 03:00:00-03:00,0.889,12.174
2020-03-16 04:00:00-03:00,0.888,12.156
2020-03-16 05:00:00-03:00,0.809,10.925
2020-03-16 06:00:00-03:00,0.75,10.27
2020-03-16 07:00:00-03:00,0.77,10.476
2020-03-16 08:00:00-03:00,0.745,10.226
2020-03-16 09:00:00-03:00,0.862,11.671
2020-03-16 10:00:00-03:00,0.936,15.187
2020-03-16 11:00:00-03:00,0.901,16.641
2020-03-16 12:00:00-03:00,0.88,17.165
2020-03-16 13:00:00-03:00,0.876,17.257
2020-03-16 14:00:00-03:00,0.89,16.916
2020-03-16 15:00:00-03:00,0.903,16.576999999999998
2020-03-16 16:00:00-03:00,0.905,16.521
2020-03-16 17:00:00-03:00,0.913,16.24
2020-03-16 18:00:00-03:00,0.927,15.719
2020-03-16 19:00:00-03:00,0.9390000000000001,14.915
2020-03-16 20:00:00-03:00,0.9400000000000001,14.112
2020-03-16 21:00:00-03:00,0.926,13.208
2020-03-16 22:00:00-03:00,0.911,12.7
2020-03-16 23:00:00-03:00,0.902,12.47
2020-03-17 00:00:00-03:00,0.899,12.402
2020-03-17 01:00:00-03:00,0.904,12.537
2020-03-17 02:00:00-03:00,0.904,12.536
2020-03-17 03:00:00-03:00,0.897,12.35
2020-03-17 04:00:00-03:00,0.892,12.248
2020-03-17 05:00:00-03:00,0.9,12.423
2020-03-17 06:00:00-03:00,0.902,12.474
2020-03-17 07:00:00-03:00,0.885,12.09
2020-03-17 08:00:00-03:00,0.866,11.747
2020-03-17 09:00:00-03:00,0.892,12.255
2020-03-17 10:00:00-03:00,0.9380000000000001,13.943
2020-03-17 11:00:00-03:00,0.93,15.558
2020-03-17 12:00:00-03:00,0.912,16.282
2020-03-17 13:00:00-03:00,0.909,16.388
2020-03-17 14:00:00-03:00,0.916,16.157
2020-03-17 15:00:00-03:00,0.928,15.685
2020-03-17 16:00:00-03:00,0.937,15.072
2020-03-17 17:00:00-03:00,0.9410000000000001,14.638
2020-03-17 18:00:00-03:00,0.9400000000000001,14.245
2020-03-17 19:00:00-03:00,0.9410000000000001,14.317
2020-03-17 20:00:00-03:00,0.9390000000000001,14.882
2020-03-17 21:00:00-03:00,0.928,15.69
2020-03-17 22:00:00-03:00,0.915,16.177
2020-03-17 23:00:00-03:00,0.908,16.41
2020-03-18 00:00:00-03:00,0.915,16.19
2020-03-18 01:00:00-03:00,0.919,16.051
2020-03-18 02:00:00-03:00,0.913,16.24
2020-03-18 03:00:00-03:00,0.908,16.416
2020-03-18 04:00:00-03:00,0.902,16.598
2020-03-18 05:00:00-03:00,0.891,16.893
2020-03-18 06:00:00-03:00,0.841,17.98
2020-03-18 07:00:00-03:00,0.787,18.892
2020-03-18 08:00:00-03:00,0.778,19.028
2020-03-18 09:00:00-03:00,0.8280000000000001,18.215
2020-03-18 10:00:00-03:00,0.872,17.347
2020-03-18 11:00:00-03:00,0.906,16.47
2020-03-18 12:00:00-03:00,0.9380000000000001,14.986
2020-03-18 13:00:00-03:00,0.9410000000000001,14.353
2020-03-18 14:00:00-03:00,0.9410000000000001,14.42
2020-03-18 15:00:00-03:00,0.9400000000000001,14.686
2020-03-18 16:00:00-03:00,0.9400000000000001,14.669
2020-03-18 17:00:00-03:00,0.9400000000000001,14.174
2020-03-18 18:00:00-03:00,0.934,13.608
2020-03-18 19:00:00-03:00,0.918,12.906
2020-03-18 20:00:00-03:00,0.892,12.238
2020-03-18 21:00:00-03:00,0.873,11.862
2020-03-18 22:00:00-03:00,0.805,10.877
2020-03-18 23:00:00-03:00,0.767,10.444
2020-03-19 00:00:00-03:00,0.751,10.288
2020-03-19 01:00:00-03:00,0.745,10.22
2020-03-19 02:00:00-03:00,0.754,10.319
2020-03-19 03:00:00-03:00,0.792,10.721
2020-03-19 04:00:00-03:00,0.87,11.824
2020-03-19 05:00:00-03:00,0.91,12.699
2020-03-19 06:00:00-03:00,0.914,12.79
2020-03-19 07:00:00-03:00,0.906,12.586
2020-03-19 08:00:00-03:00,0.899,12.395
2020-03-19 09:00:00-03:00,0.896,12.337
2020-03-19 10:00:00-03:00,0.9400000000000001,14.128
2020-03-19 11:00:00-03:00,0.933,15.401
2020-03-19 12:00:00-03:00,0.918,16.065
2020-03-19 13:00:00-03:00,0.914,16.218
2020-03-19 14:00:00-03:00,0.892,16.864
2020-03-19 15:00:00-03:00,0.867,17.438
2020-03-19 16:00:00-03:00,0.86,17.594
2020-03-19 17:00:00-03:00,0.867,17.454
2020-03-19 18:00:00-03:00,0.8290000000000001,18.194
2020-03-19 19:00:00-03:00,0.771,19.144
2020-03-19 20:00:00-03:00,0.758,19.337
2020-03-19 21:00:00-03:00,0.767,19.2
2020-03-19 22:00:00-03:00,0.755,19.382
2020-03-19 23:00:00-03:00,0.741,19.581
2020-03-20 00:00:00-03:00,0.744,19.527
2020-03-20 01:00:00-03:00,0.753,19.404
2020-03-20 02:00:00-03:00,0.775,19.086
2020-03-20 03:00:00-03:00,0.793,18.799
2020-03-20 04:00:00-03:00,0.808,18.557
2020-03-20 05:00:00-03:00,0.836,18.056
2020-03-20 06:00:00-03:00,0.858,17.644
2020-03-20 07:00:00-03:00,0.868,17.423
2020-03-20 08:00:00-03:00,0.887,17.002
2020-03-20 09:00:00-03:00,0.887,16.995
2020-03-20 10:00:00-03:00,0.881,17.146
2020-03-20 11:00:00-03:00,0.906,16.479
2020-03-20 12:00:00-03:00,0.928,15.665
2020-03-20 13:00:00-03:00,0.9380000000000001,14.984
2020-03-20 14:00:00-03:00,0.9410000000000001,14.48
2020-03-20 15:00:00-03:00,0.937,13.806000000000001
2020-03-20 16:00:00-03:00,0.932,13.489
2020-03-20 17:00:00-03:00,0.921,13.031
2020-03-20 18:00:00-03:00,0.891,12.226
2020-03-20 19:00:00-03:00,0.834,11.246
2020-03-20 20:00:00-03:00,0.754,10.313
2020-03-20 21:00:00-03:00,0.684,9.664
2020-03-20 22:00:00-03:00,0.578,8.824
2020-03-20 23:00:00-03:00,0.458,7.962
2020-03-21 00:00:00-03:00,0.30000000000000004,6.792
2020-03-21 01:00:00-03:00,0.154,5.426
2020-03-21 02:00:00-03:00,0.056,3.967
2020-03-21 03:00:00-03:00,0.006,2.241
2020-03-21 04:00:00-03:00,0.0,0.763
2020-03-21 05:00:00-03:00,0.003,1.9220000000000002
2020-03-21 06:00:00-03:00,0.033,3.424
2020-03-21 07:00:00-03:00,0.161,5.504
2020-03-21 08:00:00-03:00,0.406,7.59
2020-03-21 09:00:00-03:00,0.629,9.212
2020-03-21 10:00:00-03:00,0.686,9.679
2020-03-21 11:00:00-03:00,0.7000000000000001,9.805
2020-03-21 12:00:00-03:00,0.745,10.226
2020-03-21 13:00:00-03:00,0.784,10.622
2020-03-21 14:00:00-03:00,0.921,13.007
2020-03-21 15:00:00-03:00,0.936,15.203
2020-03-21 16:00:00-03:00,0.924,15.834
2020-03-21 17:00:00-03:00,0.9390000000000001,14.936
2020-03-21 18:00:00-03:00,0.902,12.477
2020-03-21 19:00:00-03:00,0.716,9.947
2020-03-21 20:00:00-03:00,0.485,8.145
2020-03-21 21:00:00-03:00,0.388,7.46
2020-03-21 22:00:00-03:00,0.387,7.448
2020-03-21 23:00:00-03:00,0.399,7.53
2020-03-22 00:00:00-03:00,0.356,7.221
2020-03-22 01:00:00-03:00,0.299,6.785
2020-03-22 02:00:00-03:00,0.293,6.727
2020-03-22 03:00:00-03:00,0.303,6.8100000000000005
2020-03-22 04:00:00-03:00,0.272,6.564
2020-03-22 05:00:00-03:00,0.211,6.013
2020-03-22 06:00:00-03:00,0.167,5.565
2020-03-22 07:00:00-03:00,0.154,5.427
2020-03-22 08:00:00-03:00,0.148,5.354
2020-03-22 09:00:00-03:00,0.159,5.479
2020-03-22 10:00:00-03:00,0.189,5.795
2020-03-22 11:00:00-03:00,0.246,6.338
2020-03-22 12:00:00-03:00,0.324,6.976
2020-03-22 13:00:00-03:00,0.39,7.472
2020-03-22 14:00:00-03:00,0.46900000000000003,8.037
2020-03-22 15:00:00-03:00,0.511,8.337
2020-03-22 16:00:00-03:00,0.483,8.138
2020-03-22 17:00:00-03:00,0.494,8.214
2020-03-22 18:00:00-03:00,0.656,9.419
2020-03-22 19:00:00-03:00,0.805,10.871
2020-03-22 20:00:00-03:00,0.808,10.906
2020-03-22 21:00:00-03:00,0.8,10.812
2020-03-22 22:00:00-03:00,0.844,11.393
2020-03-22 23:00:00-03:00,0.87,11.816
2020-03-23 00:00:00-03:00,0.835,11.265
2020-03-23 01:00:00-03:00,0.7020000000000001,9.823
2020-03-23 02:00:00-03:00,0.633,9.239
2020-03-23 03:00:00-03:00,0.621,9.146
2020-03-23 04:00:00-03:00,0.658,9.444
2020-03-23 05:00:00-03:00,0.713,9.918
2020-03-23 06:00:00-03:00,0.741,10.183
2020-03-23 07:00:00-03:00,0.784,10.634
2020-03-23 08:00:00-03:00,0.8150000000000001,10.999
2020-03-23 09:00:00-03:00,0.8160000000000001,11.007
2020-03-23 10:00:00-03:00,0.8310000000000001,11.214
2020-03-23 11:00:00-03:00,0.783,10.616
2020-03-23 12:00:00-03:00,0.862,11.684
2020-03-23 13:00:00-03:00,0.923,13.117
2020-03-23 14:00:00-03:00,0.9400000000000001,14.798
2020-03-23 15:00:00-03:00,0.9410000000000001,14.397
2020-03-23 16:00:00-03:00,0.918,12.91
2020-03-23 17:00:00-03:00,0.933,13.576
2020-03-23 18:00:00-03:00,0.9410000000000001,14.602
2020-03-23 19:00:00-03:00,0.9410000000000001,14.355
2020-03-23 20:00:00-03:00,0.936,13.776
2020-03-23 21:00:00-03:00,0.9410000000000001,14.575
2020-03-23 22:00:00-03:00,0.935,13.662
2020-03-23 23:00:00-03:00,0.923,13.118
2020-03-24 00:00:00-03:00,0.934,13.637
2020-03-24 01:00:00-03:00,0.9400000000000001,14.102
2020-03-24 02:00:00-03:00,0.912,12.74
2020-03-24 03:00:00-03:00,0.866,11.734
2020-03-24 04:00:00-03:00,0.8310000000000001,11.208
2020-03-24 05:00:00-03:00,0.802,10.842
2020-03-24 06:00:00-03:00,0.772,10.5
2020-03-24 07:00:00-03:00,0.745,10.222
2020-03-24 08:00:00-03:00,0.639,9.298
2020-03-24 09:00:00-03:00,0.642,9.317
2020-03-24 10:00:00-03:00,0.678,9.611
2020-03-24 11:00:00-03:00,0.595,8.951
2020-03-24 12:00:00-03:00,0.492,8.203
2020-03-24 13:00:00-03:00,0.358,7.234
2020-03-24 14:00:00-03:00,0.23800000000000002,6.266
2020-03-24 15:00:00-03:00,0.161,5.509
2020-03-24 16:00:00-03:00,0.111,4.88
2020-03-24 17:00:00-03:00,0.077,4.362
2020-03-24 18:00:00-03:00,0.058,4.007
2020-03-24 19:00:00-03:00,0.04,3.588
2020-03-24 20:00:00-03:00,0.058,3.999
2020-03-24 21:00:00-03:00,0.183,5.739
2020-03-24 22:00:00-03:00,0.467,8.022
2020-03-24 23:00:00-03:00,0.714,9.926
2020-03-25 00:00:00-03:00,0.809,10.929
2020-03-25 01:00:00-03:00,0.8260000000000001,11.143
2020-03-25 02:00:00-03:00,0.8290000000000001,11.179
2020-03-25 03:00:00-03:00,0.807,10.893
2020-03-25 04:00:00-03:00,0.763,10.409
2020-03-25 05:00:00-03:00,0.678,9.611
2020-03-25 06:00:00-03:00,0.735,10.124
2020-03-25 07:00:00-03:00,0.772,10.495
2020-03-25 08:00:00-03:00,0.741,10.184
2020-03-25 09:00:00-03:00,0.718,9.957
2020-03-25 10:00:00-03:00,0.715,9.934
2020-03-25 11:00:00-03:00,0.721,9.998
2020-03-25 12:00:00-03:00,0.676,9.595
2020-03-25 13:00:00-03:00,0.714,9.926
2020-03-25 14:00:00-03:00,0.677,9.604
2020-03-25 15:00:00-03:00,0.619,9.139
2020-03-25 16:00:00-03:00,0.643,9.329
2020-03-25 17:00:00-03:00,0.682,9.646
2020-03-25 18:00:00-03:00,0.748,10.257
2020-03-25 19:00:00-03:00,0.76,10.377
2020-03-25 20:00:00-03:00,0.764,10.416
2020-03-25 21:00:00-03:00,0.707,9.864
2020-03-25 22:00:00-03:00,0.685,9.666
2020-03-25 23:00:00-03:00,0.724,10.027
2020-03-26 00:00:00-03:00,0.787,10.661
2020-03-26 01:00:00-03:00,0.8260000000000001,11.139
2020-03-26 02:00:00-03:00,0.848,11.451
2020-03-26 03:00:00-03:00,0.886,12.122
2020-03-26 04:00:00-03:00,0.914,12.813
2020-03-26 05:00:00-03:00,0.905,12.565
2020-03-26 06:00:00-03:00,0.895,12.303
2020-03-26 07:00:00-03:00,0.87,11.808
2020-03-26 08:00:00-03:00,0.848,11.463
2020-03-26 09:00:00-03:00,0.715,9.936
2020-03-26 10:00:00-03:00,0.618,9.13
2020-03-26 11:00:00-03:00,0.708,9.877
2020-03-26 12:00:00-03:00,0.618,9.128
2020-03-26 13:00:00-03:00,0.466,8.012
2020-03-26 14:00:00-03:00,0.383,7.417
2020-03-26 15:00:00-03:00,0.372,7.335
2020-03-26 16:00:00-03:00,0.41200000000000003,7.62
2020-03-26 17:00:00-03:00,0.426,7.732
2020-03-26 18:00:00-03:00,0.528,8.461
2020-03-26 19:00:00-03:00,0.723,10.011
2020-03-26 20:00:00-03:00,0.833,11.231
2020-03-26 21:00:00-03:00,0.883,12.062
2020-03-26 22:00:00-03:00,0.888,12.147
2020-03-26 23:00:00-03:00,0.902,12.467
2020-03-27 00:00:00-03:00,0.892,12.257
2020-03-27 01:00:00-03:00,0.845,11.397
2020-03-27 02:00:00-03:00,0.716,9.943
2020-03-27 03:00:00-03:00,0.558,8.668
2020-03-27 04:00:00-03:00,0.537,8.525
2020-03-27 05:00:00-03:00,0.44,7.827
2020-03-27 06:00:00-03:00,0.379,7.386
2020-03-27 07:00:00-03:00,0.34400000000000003,7.129
2020-03-27 08:00:00-03:00,0.291,6.72
2020-03-27 09:00:00-03:00,0.226,6.158
2020-03-27 10:00:00-03:00,0.24,6.282
2020-03-27 11:00:00-03:00,0.261,6.471
2020-03-27 12:00:00-03:00,0.273,6.571
2020-03-27 13:00:00-03:00,0.221,6.1
2020-03-27 14:00:00-03:00,0.132,5.164
2020-03-27 15:00:00-03:00,0.088,4.537
2020-03-27 16:00:00-03:00,0.06,4.056
2020-03-27 17:00:00-03:00,0.033,3.411
2020-03-27 18:00:00-03:00,0.027,3.235
2020-03-27 19:00:00-03:00,0.032,3.391
2020-03-27 20:00:00-03:00,0.037,3.507
2020-03-27 21:00:00-03:00,0.049,3.823
2020-03-27 22:00:00-03:00,0.07,4.247
2020-03-27 23:00:00-03:00,0.096,4.655
2020-03-28 00:00:00-03:00,0.124,5.052
2020-03-28 01:00:00-03:00,0.157,5.452
2020-03-28 02:00:00-03:00,0.182,5.733
2020-03-28 03:00:00-03:00,0.203,5.938
2020-03-28 04:00:00-03:00,0.224,6.142
2020-03-28 05:00:00-03:00,0.28500000000000003,6.665
2020-03-28 06:00:00-03:00,0.322,6.955
2020-03-28 07:00:00-03:00,0.323,6.967
2020-03-28 08:00:00-03:00,0.293,6.725
2020-03-28 09:00:00-03:00,0.201,5.921
2020-03-28 10:00:00-03:00,0.2,5.916
2020-03-28 11:00:00-03:00,0.192,5.829
2020-03-28 12:00:00-03:00,0.17,5.607
2020-03-28 13:00:00-03:00,0.152,5.408
2020-03-28 14:00:00-03:00,0.145,5.317
2020-03-28 15:00:00-03:00,0.154,5.431
2020-03-28 16:00:00-03:00,0.177,5.683
2020-03-28 17:00:00-03:00,0.198,5.897
2020-03-28 18:00:00-03:00,0.216,6.067
2020-03-28 19:00:00-03:00,0.306,6.828
2020-03-28 20:00:00-03:00,0.422,7.707
2020-03-28 21:00:00-03:00,0.536,8.511
2020-03-28 22:00:00-03:00,0.592,8.924
2020-03-28 23:00:00-03:00,0.601,8.998
2020-03-29 00:00:00-03:00,0.5640000000000001,8.719
2020-03-29 01:00:00-03:00,0.545,8.577
2020-03-29 02:00:00-03:00,0.536,8.518
2020-03-29 03:00:00-03:00,0.526,8.44
2020-03-29 04:00:00-03:00,0.501,8.264
2020-03-29 05:00:00-03:00,0.47900000000000004,8.11
2020-03-29 06:00:00-03:00,0.517,8.381
2020-03-29 07:00:00-03:00,0.561,8.691
2020-03-29 08:00:00-03:00,0.546,8.587
2020-03-29 09:00:00-03:00,0.454,7.928
2020-03-29 10:00:00-03:00,0.737,10.142
2020-03-29 11:00:00-03:00,0.8240000000000001,11.101
2020-03-29 12:00:00-03:00,0.8210000000000001,11.076
2020-03-29 13:00:00-03:00,0.81,10.936
2020-03-29 14:00:00-03:00,0.81,10.932
2020-03-29 15:00:00-03:00,0.8260000000000001,11.136
2020-03-29 16:00:00-03:00,0.843,11.379
2020-03-29 17:00:00-03:00,0.841,11.349
2020-03-29 18:00:00-03:00,0.8150000000000001,10.99
2020-03-29 19:00:00-03:00,0.805,10.877
2020-03-29 20:00:00-03:00,0.8200000000000001,11.064
2020-03-29 21:00:00-03:00,0.835,11.267
2020-03-29 22:00:00-03:00,0.8130000000000001,10.978
2020-03-29 23:00:00-03:00,0.763,10.396
2020-03-30 00:00:00-03:00,0.777,10.553
2020-03-30 01:00:00-03:00,0.793,10.732
2020-03-30 02:00:00-03:00,0.788,10.677
2020-03-30 03:00:00-03:00,0.787,10.667
2020-03-30 04:00:00-03:00,0.805,10.868
2020-03-30 05:00:00-03:00,0.795,10.755
2020-03-30 06:00:00-03:00,0.784,10.632
2020-03-30 07:00:00-03:00,0.78,10.583
2020-03-30 08:00:00-03:00,0.672,9.565
2020-03-30 09:00:00-03:00,0.5640000000000001,8.723
2020-03-30 10:00:00-03:00,0.834,11.24
2020-03-30 11:00:00-03:00,0.904,12.508
2020-03-30 12:00:00-03:00,0.914,12.815
2020-03-30 13:00:00-03:00,0.917,12.897
2020-03-30 14:00:00-03:00,0.921,13.042
2020-03-30 15:00:00-03:00,0.93,13.383
2020-03-30 16:00:00-03:00,0.935,13.662
2020-03-30 17:00:00-03:00,0.937,13.791
2020-03-30 18:00:00-03:00,0.934,13.606
2020-03-30 19:00:00-03:00,0.928,13.303
2020-03-30 20:00:00-03:00,0.925,13.187
2020-03-30 21:00:00-03:00,0.916,12.864
2020-03-30 22:00:00-03:00,0.914,12.804
2020-03-30 23:00:00-03:00,0.904,12.532
2020-03-31 00:00:00-03:00,0.889,12.165
2020-03-31 01:00:00-03:00,0.869,11.798
2020-03-31 02:00:00-03:00,0.842,11.349
2020-03-31 03:00:00-03:00,0.8170000000000001,11.031
2020-03-31 04:00:00-03:00,0.789,10.683
2020-03-31 05:00:00-03:00,0.748,10.253
2020-03-31 06:00:00-03:00,0.716,9.944
2020-03-31 07:00:00-03:00,0.674,9.577
2020-03-31 08:00:00-03:00,0.618,9.13
2020-03-31 09:00:00-03:00,0.452,7.913
2020-03-31 10:00:00-03:00,0.526,8.438
2020-03-31 11:00:00-03:00,0.5720000000000001,8.777
2020-03-31 12:00:00-03:00,0.562,8.703
2020-03-31 13:00:00-03:00,0.58,8.831
2020-03-31 14:00:00-03:00,0.612,9.087
2020-03-31 15:00:00-03:00,0.63,9.22
2020-03-31 16:00:00-03:00,0.615,9.105
2020-03-31 17:00:00-03:00,0.534,8.502
2020-03-31 18:00:00-03:00,0.434,7.786
2020-03-31 19:00:00-03:00,0.51,8.321
2020-03-31 20:00:00-03:00,0.561,8.699
2020-03-31 21:00:00-03:00,0.597,8.966
2020-03-31 22:00:00-03:00,0.592,8.929
2020-03-31 23:00:00-03:00,0.583,8.864
2020-04-01 00:00:00-03:00,0.562,8.704
2020-04-01 01:00:00-03:00,0.511,8.335
2020-04-01 02:00:00-03:00,0.534,8.503
2020-04-01 03:00:00-03:00,0.581,8.846
2020-04-01 04:00:00-03:00,0.604,9.021
2020-04-01 05:00:00-03:00,0.619,9.135
2020-04-01 06:00:00-03:00,0.598,8.979
2020-04-01 07:00:00-03:00,0.559,8.683
2020-04-01 08:00:00-03:00,0.561,8.698
2020-04-01 09:00:00-03:00,0.514,8.352
2020-04-01 10:00:00-03:00,0.40900000000000003,7.6
2020-04-01 11:00:00-03:00,0.586,8.884
2020-04-01 12:00:00-03:00,0.658,9.44
2020-04-01 13:00:00-03:00,0.664,9.494
2020-04-01 14:00:00-03:00,0.722,10.001
2020-04-01 15:00:00-03:00,0.784,10.619
2020-04-01 16:00:00-03:00,0.793,10.734
2020-04-01 17:00:00-03:00,0.8,10.811
2020-04-01 18:00:00-03:00,0.769,10.471
2020-04-01 19:00:00-03:00,0.743,10.204
2020-04-01 20:00:00-03:00,0.75,10.272
2020-04-01 21:00:00-03:00,0.763,10.405
2020-04-01 22:00:00-03:00,0.76,10.377
2020-04-01 23:00:00-03:00,0.741,10.17
2020-04-02 00:00:00-03:00,0.6980000000000001,9.784
2020-04-02 01:00:00-03:00,0.664,9.488
2020-04-02 02:00:00-03:00,0.658,9.437
2020-04-02 03:00:00-03:00,0.667,9.51
2020-04-02 04:00:00-03:00,0.679,9.622
2020-04-02 05:00:00-03:00,0.6980000000000001,9.785
2020-04-02 06:00:00-03:00,0.711,9.899000000000001
2020-04-02 07:00:00-03:00,0.721,9.994
2020-04-02 08:00:00-03:00,0.746,10.236
2020-04-02 09:00:00-03:00,0.728,10.056
2020-04-02 10:00:00-03:00,0.679,9.628
2020-04-02 11:00:00-03:00,0.8230000000000001,11.093
2020-04-02 12:00:00-03:00,0.9380000000000001,13.909
2020-04-02 13:00:00-03:00,0.937,15.155
2020-04-02 14:00:00-03:00,0.912,16.287
2020-04-02 15:00:00-03:00,0.903,16.572
2020-04-02 16:00:00-03:00,0.925,15.798
2020-04-02 17:00:00-03:00,0.926,15.77
2020-04-02 18:00:00-03:00,0.926,15.782
2020-04-02 19:00:00-03:00,0.9400000000000001,14.805
2020-04-02 20:00:00-03:00,0.93,13.393
2020-04-02 21:00:00-03:00,0.91,12.696
2020-04-02 22:00:00-03:00,0.839,11.318
2020-04-02 23:00:00-03:00,0.647,9.361
2020-04-03 00:00:00-03:00,0.5670000000000001,8.738
2020-04-03 01:00:00-03:00,0.622,9.152
2020-04-03 02:00:00-03:00,0.581,8.852
2020-04-03 03:00:00-03:00,0.527,8.452
2020-04-03 04:00:00-03:00,0.47200000000000003,8.053
2020-04-03 05:00:00-03:00,0.4,7.543
2020-04-03 06:00:00-03:00,0.365,7.288
2020-04-03 07:00:00-03:00,0.382,7.401
2020-04-03 08:00:00-03:00,0.4,7.545
2020-04-03 09:00:00-03:00,0.321,6.952
2020-04-03 10:00:00-03:00,0.48,8.113
2020-04-03 11:00:00-03:00,0.622,9.151
2020-04-03 12:00:00-03:00,0.738,10.147
2020-04-03 13:00:00-03:00,0.8270000000000001,11.156
2020-04-03 14:00:00-03:00,0.877,11.94
2020-04-03 15:00:00-03:00,0.907,12.608
2020-04-03 16:00:00-03:00,0.933,13.528
2020-04-03 17:00:00-03:00,0.9400000000000001,14.091
2020-04-03 18:00:00-03:00,0.936,15.214
2020-04-03 19:00:00-03:00,0.935,15.256
2020-04-03 20:00:00-03:00,0.937,13.833
2020-04-03 21:00:00-03:00,0.912,12.742
2020-04-03 22:00:00-03:00,0.868,11.774000000000001
2020-04-03 23:00:00-03:00,0.842,11.354
2020-04-04 00:00:00-03:00,0.8220000000000001,11.091
2020-04-04 01:00:00-03:00,0.8150000000000001,10.988
2020-04-04 02:00:00-03:00,0.858,11.605
2020-04-04 03:00:00-03:00,0.916,12.875
2020-04-04 04:00:00-03:00,0.9390000000000001,14.045
2020-04-04 05:00:00-03:00,0.936,15.211
2020-04-04 06:00:00-03:00,0.93,15.558
2020-04-04 07:00:00-03:00,0.9390000000000001,14.89
2020-04-04 08:00:00-03:00,0.9410000000000001,14.41
2020-04-04 09:00:00-03:00,0.9400000000000001,14.266
2020-04-04 10:00:00-03:00,0.936,15.228
2020-04-04 11:00:00-03:00,0.91,16.359
2020-04-04 12:00:00-03:00,0.906,16.48
2020-04-04 13:00:00-03:00,0.898,16.717
2020-04-04 14:00:00-03:00,0.884,17.06
2020-04-04 15:00:00-03:00,0.897,16.748
2020-04-04 16:00:00-03:00,0.915,16.19
2020-04-04 17:00:00-03:00,0.935,15.268
2020-04-04 18:00:00-03:00,0.9390000000000001,14.065
2020-04-04 19:00:00-03:00,0.921,13.007
2020-04-04 20:00:00-03:00,0.87,11.822
2020-04-04 21:00:00-03:00,0.6940000000000001,9.74
2020-04-04 22:00:00-03:00,0.493,8.208
2020-04-04 23:00:00-03:00,0.633,9.243
2020-04-05 00:00:00-03:00,0.661,9.469
2020-04-05 01:00:00-03:00,0.6960000000000001,9.768
2020-04-05 02:00:00-03:00,0.78,10.591
2020-04-05 03:00:00-03:00,0.8150000000000001,10.991
2020-04-05 04:00:00-03:00,0.8280000000000001,11.172
2020-04-05 05:00:00-03:00,0.841,11.343
2020-04-05 06:00:00-03:00,0.852,11.515
2020-04-05 07:00:00-03:00,0.862,11.682
2020-04-05 08:00:00-03:00,0.879,11.982
2020-04-05 09:00:00-03:00,0.911,12.708
2020-04-05 10:00:00-03:00,0.932,13.486
2020-04-05 11:00:00-03:00,0.9380000000000001,13.941
2020-04-05 12:00:00-03:00,0.9400000000000001,14.101
2020-04-05 13:00:00-03:00,0.9400000000000001,14.197
2020-04-05 14:00:00-03:00,0.9410000000000001,14.335
2020-04-05 15:00:00-03:00,0.9410000000000001,14.529
2020-04-05 16:00:00-03:00,0.9410000000000001,14.545
2020-04-05 17:00:00-03:00,0.9400000000000001,14.239
2020-04-05 18:00:00-03:00,0.928,13.292
2020-04-05 19:00:00-03:00,0.878,11.96
2020-04-05 20:00:00-03:00,0.759,10.355
2020-04-05 21:00:00-03:00,0.65,9.387
2020-04-05 22:00:00-03:00,0.615,9.105
2020-04-05 23:00:00-03:00,0.58,8.837
2020-04-06 00:00:00-03:00,0.601,8.991
2020-04-06 01:00:00-03:00,0.667,9.527
2020-04-06 02:00:00-03:00,0.707,9.867
2020-04-06 03:00:00-03:00,0.731,10.09
2020-04-06 04:00:00-03:00,0.704,9.831
2020-04-06 05:00:00-03:00,0.671,9.558
2020-04-06 06:00:00-03:00,0.6900000000000001,9.715
2020-04-06 07:00:00-03:00,0.71,9.892
2020-04-06 08:00:00-03:00,0.721,9.997
2020-04-06 09:00:00-03:00,0.761,10.373
2020-04-06 10:00:00-03:00,0.873,11.867
2020-04-06 11:00:00-03:00,0.9390000000000001,13.984
2020-04-06 12:00:00-03:00,0.9380000000000001,15.041
2020-04-06 13:00:00-03:00,0.928,15.677
2020-04-06 14:00:00-03:00,0.922,15.935
2020-04-06 15:00:00-03:00,0.926,15.766
2020-04-06 16:00:00-03:00,0.933,15.38
2020-04-06 17:00:00-03:00,0.9390000000000001,14.868
2020-04-06 18:00:00-03:00,0.9400000000000001,14.203
2020-04-06 19:00:00-03:00,0.937,13.807
2020-04-06 20:00:00-03:00,0.927,13.246
2020-04-06 21:00:00-03:00,0.906,12.589
2020-04-06 22:00:00-03:00,0.875,11.903
2020-04-06 23:00:00-03:00,0.848,11.453
2020-04-07 00:00:00-03:00,0.758,10.346
2020-04-07 01:00:00-03:00,0.767,10.452
2020-04-07 02:00:00-03:00,0.759,10.363
2020-04-07 03:00:00-03:00,0.735,10.127
2020-04-07 04:00:00-03:00,0.673,9.571
2020-04-07 05:00:00-03:00,0.562,8.704
2020-04-07 06:00:00-03:00,0.561,8.691
2020-04-07 07:00:00-03:00,0.593,8.935
2020-04-07 08:00:00-03:00,0.584,8.869
2020-04-07 09:00:00-03:00,0.454,7.925
2020-04-07 10:00:00-03:00,0.329,7.016
2020-04-07 11:00:00-03:00,0.401,7.555
2020-04-07 12:00:00-03:00,0.539,8.542
2020-04-07 13:00:00-03:00,0.667,9.523
2020-04-07 14:00:00-03:00,0.741,10.174
2020-04-07 15:00:00-03:00,0.712,9.906
2020-04-07 16:00:00-03:00,0.711,9.896
2020-04-07 17:00:00-03:00,0.6960000000000001,9.774000000000001
2020-04-07 18:00:00-03:00,0.794,10.739
2020-04-07 19:00:00-03:00,0.869,11.8
2020-04-07 20:00:00-03:00,0.885,12.104
2020-04-07 21:00:00-03:00,0.878,11.953
2020-04-07 22:00:00-03:00,0.835,11.256
2020-04-07 23:00:00-03:00,0.797,10.782
2020-04-08 00:00:00-03:00,0.757,10.341
2020-04-08 01:00:00-03:00,0.73,10.076
2020-04-08 02:00:00-03:00,0.704,9.838
2020-04-08 03:00:00-03:00,0.667,9.526
2020-04-08 04:00:00-03:00,0.667,9.513
2020-04-08 05:00:00-03:00,0.669,9.539
2020-04-08 06:00:00-03:00,0.675,9.593
2020-04-08 07:00:00-03:00,0.6940000000000001,9.749
2020-04-08 08:00:00-03:00,0.6970000000000001,9.783
2020-04-08 09:00:00-03:00,0.552,8.636
2020-04-08 10:00:00-03:00,0.387,7.443
2020-04-08 11:00:00-03:00,0.444,7.849
2020-04-08 12:00:00-03:00,0.667,9.521
2020-04-08 13:00:00-03:00,0.686,9.67
2020-04-08 14:00:00-03:00,0.667,9.511
2020-04-08 15:00:00-03:00,0.636,9.27
2020-04-08 16:00:00-03:00,0.46900000000000003,8.04
2020-04-08 17:00:00-03:00,0.365,7.281
2020-04-08 18:00:00-03:00,0.457,7.954
2020-04-08 19:00:00-03:00,0.622,9.158
2020-04-08 20:00:00-03:00,0.6900000000000001,9.721
2020-04-08 21:00:00-03:00,0.641,9.313
2020-04-08 22:00:00-03:00,0.55,8.617
2020-04-08 23:00:00-03:00,0.48,8.115
2020-04-09 00:00:00-03:00,0.418,7.666
2020-04-09 01:00:00-03:00,0.341,7.099
2020-04-09 02:00:00-03:00,0.278,6.61
2020-04-09 03:00:00-03:00,0.229,6.182
2020-04-09 04:00:00-03:00,0.179,5.695
2020-04-09 05:00:00-03:00,0.16,5.497
2020-04-09 06:00:00-03:00,0.249,6.364
2020-04-09 07:00:00-03:00,0.41000000000000003,7.615
2020-04-09 08:00:00-03:00,0.506,8.295
2020-04-09 09:00:00-03:00,0.429,7.753
2020-04-09 10:00:00-03:00,0.227,6.166
2020-04-09 11:00:00-03:00,0.146,5.33
2020-04-09 12:00:00-03:00,0.28,6.631
2020-04-09 13:00:00-03:00,0.428,7.74
2020-04-09 14:00:00-03:00,0.601,9.001
2020-04-09 15:00:00-03:00,0.731,10.088
2020-04-09 16:00:00-03:00,0.719,9.974
2020-04-09 17:00:00-03:00,0.604,9.012
2020-04-09 18:00:00-03:00,0.653,9.402
2020-04-09 19:00:00-03:00,0.76,10.369
2020-04-09 20:00:00-03:00,0.805,10.876
2020-04-09 21:00:00-03:00,0.789,10.692
2020-04-09 22:00:00-03:00,0.755,10.323
2020-04-09 23:00:00-03:00,0.722,10.009
2020-04-10 00:00:00-03:00,0.738,10.148
2020-04-10 01:00:00-03:00,0.777,10.556000000000001
2020-04-10 02:00:00-03:00,0.81,10.931000000000001
2020-04-10 03:00:00-03:00,0.8230000000000001,11.093
2020-04-10 04:00:00-03:00,0.8280000000000001,11.163
2020-04-10 05:00:00-03:00,0.914,12.805
2020-04-10 06:00:00-03:00,0.9390000000000001,14.044
2020-04-10 07:00:00-03:00,0.9410000000000001,14.633
2020-04-10 08:00:00-03:00,0.9400000000000001,14.71
2020-04-10 09:00:00-03:00,0.9410000000000001,14.529
2020-04-10 10:00:00-03:00,0.924,15.861
2020-04-10 11:00:00-03:00,0.927,15.73
2020-04-10 12:00:00-03:00,0.9390000000000001,14.027
2020-04-10 13:00:00-03:00,0.884,12.071
2020-04-10 14:00:00-03:00,0.788,10.674
2020-04-10 15:00:00-03:00,0.71,9.89
2020-04-10 16:00:00-03:00,0.675,9.578
2020-04-10 17:00:00-03:00,0.644,9.335
2020-04-10 18:00:00-03:00,0.628,9.207
2020-04-10 19:00:00-03:00,0.667,9.511
2020-04-10 20:00:00-03:00,0.641,9.312
2020-04-10 21:00:00-03:00,0.616,9.116
2020-04-10 22:00:00-03:00,0.581,8.85
2020-04-10 23:00:00-03:00,0.589,8.911
2020-04-11 00:00:00-03:00,0.592,8.922
2020-04-11 01:00:00-03:00,0.614,9.098
2020-04-11 02:00:00-03:00,0.6000000000000001,8.986
2020-04-11 03:00:00-03:00,0.609,9.065
2020-04-11 04:00:00-03:00,0.638,9.291
2020-04-11 05:00:00-03:00,0.661,9.461
2020-04-11 06:00:00-03:00,0.661,9.472
2020-04-11 07:00:00-03:00,0.674,9.575
2020-04-11 08:00:00-03:00,0.707,9.865
2020-04-11 09:00:00-03:00,0.75,10.278
2020-04-11 10:00:00-03:00,0.835,11.262
2020-04-11 11:00:00-03:00,0.904,12.511
2020-04-11 12:00:00-03:00,0.907,12.605
2020-04-11 13:00:00-03:00,0.921,13.007
2020-04-11 14:00:00-03:00,0.931,13.469
2020-04-11 15:00:00-03:00,0.933,13.574
2020-04-11 16:00:00-03:00,0.927,13.237
2020-04-11 17:00:00-03:00,0.869,11.803
2020-04-11 18:00:00-03:00,0.784,10.619
2020-04-11 19:00:00-03:00,0.751,10.285
2020-04-11 20:00:00-03:00,0.67,9.545
2020-04-11 21:00:00-03:00,0.675,9.583
2020-04-11 22:00:00-03:00,0.617,9.121
2020-04-11 23:00:00-03:00,0.5690000000000001,8.754
2020-04-12 00:00:00-03:00,0.6000000000000001,8.988
2020-04-12 01:00:00-03:00,0.598,8.979
2020-04-12 02:00:00-03:00,0.5710000000000001,8.774000000000001
2020-04-12 03:00:00-03:00,0.493,8.212
2020-04-12 04:00:00-03:00,0.47100000000000003,8.048
2020-04-12 05:00:00-03:00,0.464,7.999
2020-04-12 06:00:00-03:00,0.492,8.206
2020-04-12 07:00:00-03:00,0.55,8.619
2020-04-12 08:00:00-03:00,0.606,9.037
2020-04-12 09:00:00-03:00,0.668,9.529
2020-04-12 10:00:00-03:00,0.772,10.496
2020-04-12 11:00:00-03:00,0.846,11.433
2020-04-12 12:00:00-03:00,0.936,13.72
2020-04-12 13:00:00-03:00,0.9390000000000001,14.849
2020-04-12 14:00:00-03:00,0.932,15.436
2020-04-12 15:00:00-03:00,0.931,15.486
2020-04-12 16:00:00-03:00,0.937,15.12
2020-04-12 17:00:00-03:00,0.9400000000000001,14.201
2020-04-12 18:00:00-03:00,0.933,13.53
2020-04-12 19:00:00-03:00,0.925,13.155
2020-04-12 20:00:00-03:00,0.923,13.086
2020-04-12 21:00:00-03:00,0.931,13.466
2020-04-12 22:00:00-03:00,0.9400000000000001,14.253
2020-04-12 23:00:00-03:00,0.9400000000000001,14.744
2020-04-13 00:00:00-03:00,0.9410000000000001,14.479
2020-04-13 01:00:00-03:00,0.9400000000000001,14.085
2020-04-13 02:00:00-03:00,0.9380000000000001,13.934
2020-04-13 03:00:00-03:00,0.9390000000000001,14.07
2020-04-13 04:00:00-03:00,0.9400000000000001,14.162
2020-04-13 05:00:00-03:00,0.9390000000000001,14.018
2020-04-13 06:00:00-03:00,0.9390000000000001,13.973
2020-04-13 07:00:00-03:00,0.9400000000000001,14.25
2020-04-13 08:00:00-03:00,0.9410000000000001,14.639
2020-04-13 09:00:00-03:00,0.9380000000000001,14.994
2020-04-13 10:00:00-03:00,0.935,15.29
2020-04-13 11:00:00-03:00,0.913,16.271
2020-04-13 12:00:00-03:00,0.893,16.843
2020-04-13 13:00:00-03:00,0.897,16.746
2020-04-13 14:00:00-03:00,0.926,15.764
2020-04-13 15:00:00-03:00,0.9400000000000001,14.256
2020-04-13 16:00:00-03:00,0.923,13.118
2020-04-13 17:00:00-03:00,0.915,12.825
2020-04-13 18:00:00-03:00,0.918,12.932
2020-04-13 19:00:00-03:00,0.918,12.934
2020-04-13 20:00:00-03:00,0.906,12.578
2020-04-13 21:00:00-03:00,0.88,11.987
2020-04-13 22:00:00-03:00,0.844,11.394
2020-04-13 23:00:00-03:00,0.802,10.833
2020-04-14 00:00:00-03:00,0.72,9.984
2020-04-14 01:00:00-03:00,0.708,9.88
2020-04-14 02:00:00-03:00,0.748,10.251
2020-04-14 03:00:00-03:00,0.762,10.393
2020-04-14 04:00:00-03:00,0.748,10.254
2020-04-14 05:00:00-03:00,0.742,10.186
2020-04-14 06:00:00-03:00,0.711,9.897
2020-04-14 07:00:00-03:00,0.749,10.262
2020-04-14 08:00:00-03:00,0.767,10.453
2020-04-14 09:00:00-03:00,0.707,9.871
2020-04-14 10:00:00-03:00,0.639,9.298
2020-04-14 11:00:00-03:00,0.737,10.142
2020-04-14 12:00:00-03:00,0.8220000000000001,11.082
2020-04-14 13:00:00-03:00,0.8140000000000001,10.985
2020-04-14 14:00:00-03:00,0.772,10.506
2020-04-14 15:00:00-03:00,0.683,9.655
2020-04-14 16:00:00-03:00,0.513,8.347
2020-04-14 17:00:00-03:00,0.381,7.398
2020-04-14 18:00:00-03:00,0.389,7.464
2020-04-14 19:00:00-03:00,0.385,7.434
2020-04-14 20:00:00-03:00,0.363,7.268
2020-04-14 21:00:00-03:00,0.306,6.828
2020-04-14 22:00:00-03:00,0.23800000000000002,6.266
2020-04-14 23:00:00-03:00,0.178,5.692
2020-04-15 00:00:00-03:00,0.13,5.133
2020-04-15 01:00:00-03:00,0.095,4.647
2020-04-15 02:00:00-03:00,0.07,4.234
2020-04-15 03:00:00-03:00,0.051000000000000004,3.86
2020-04-15 04:00:00-03:00,0.036000000000000004,3.491
2020-04-15 05:00:00-03:00,0.025,3.172
2020-04-15 06:00:00-03:00,0.017,2.873
2020-04-15 07:00:00-03:00,0.024,3.129
2020-04-15 08:00:00-03:00,0.037,3.505
2020-04-15 09:00:00-03:00,0.05,3.848
2020-04-15 10:00:00-03:00,0.024,3.134
2020-04-15 11:00:00-03:00,0.014,2.734
2020-04-15 12:00:00-03:00,0.039,3.586
2020-04-15 13:00:00-03:00,0.052000000000000005,3.866
2020-04-15 14:00:00-03:00,0.033,3.426
2020-04-15 15:00:00-03:00,0.016,2.834
2020-04-15 16:00:00-03:00,0.01,2.5300000000000002
2020-04-15 17:00:00-03:00,0.015,2.787
2020-04-15 18:00:00-03:00,0.053,3.908
2020-04-15 19:00:00-03:00,0.149,5.366
2020-04-15 20:00:00-03:00,0.252,6.39
2020-04-15 21:00:00-03:00,0.314,6.898
2020-04-15 22:00:00-03:00,0.331,7.035
2020-04-15 23:00:00-03:00,0.33,7.024
2020-04-16 00:00:00-03:00,0.316,6.912
2020-04-16 01:00:00-03:00,0.28400000000000003,6.659
2020-04-16 02:00:00-03:00,0.244,6.319
2020-04-16 03:00:00-03:00,0.2,5.91
2020-04-16 04:00:00-03:00,0.16,5.492
2020-04-16 05:00:00-03:00,0.129,5.131
2020-04-16 06:00:00-03:00,0.115,4.94
2020-04-16 07:00:00-03:00,0.136,5.208
2020-04-16 08:00:00-03:00,0.181,5.719
2020-04-16 09:00:00-03:00,0.177,5.674
2020-04-16 10:00:00-03:00,0.167,5.564
2020-04-16 11:00:00-03:00,0.241,6.294
2020-04-16 12:00:00-03:00,0.34800000000000003,7.155
2020-04-16 13:00:00-03:00,0.458,7.961
2020-04-16 14:00:00-03:00,0.5630000000000001,8.709
2020-04-16 15:00:00-03:00,0.585,8.876
2020-04-16 16:00:00-03:00,0.629,9.219
2020-04-16 17:00:00-03:00,0.777,10.555
2020-04-16 18:00:00-03:00,0.918,12.914
2020-04-16 19:00:00-03:00,0.926,13.228
2020-04-16 20:00:00-03:00,0.933,13.544
2020-04-16 21:00:00-03:00,0.922,13.063
2020-04-16 22:00:00-03:00,0.936,15.187
2020-04-16 23:00:00-03:00,0.935,13.649000000000001
2020-04-17 00:00:00-03:00,0.893,12.275
2020-04-17 01:00:00-03:00,0.8220000000000001,11.086
2020-04-17 02:00:00-03:00,0.598,8.977
2020-04-17 03:00:00-03:00,0.454,7.9350000000000005
2020-04-17 04:00:00-03:00,0.401,7.551
2020-04-17 05:00:00-03:00,0.356,7.218
2020-04-17 06:00:00-03:00,0.34400000000000003,7.13
2020-04-17 07:00:00-03:00,0.34800000000000003,7.153
2020-04-17 08:00:00-03:00,0.372,7.331
2020-04-17 09:00:00-03:00,0.38,7.392
2020-04-17 10:00:00-03:00,0.36,7.249
2020-04-17 11:00:00-03:00,0.47900000000000004,8.099
2020-04-17 12:00:00-03:00,0.618,9.133
2020-04-17 13:00:00-03:00,0.6990000000000001,9.797
2020-04-17 14:00:00-03:00,0.729,10.066
2020-04-17 15:00:00-03:00,0.733,10.098
2020-04-17 16:00:00-03:00,0.636,9.272
2020-04-17 17:00:00-03:00,0.622,9.162
2020-04-17 18:00:00-03:00,0.762,10.392
2020-04-17 19:00:00-03:00,0.835,11.261
2020-04-17 20:00:00-03:00,0.84,11.33
2020-04-17 21:00:00-03:00,0.864,11.712
2020-04-17 22:00:00-03:00,0.884,12.076
2020-04-17 23:00:00-03:00,0.8300000000000001,11.201
2020-04-18 00:00:00-03:00,0.797,10.777
2020-04-18 01:00:00-03:00,0.835,11.26
2020-04-18 02:00:00-03:00,0.937,13.789
2020-04-18 03:00:00-03:00,0.937,13.792
2020-04-18 04:00:00-03:00,0.913,12.768
2020-04-18 05:00:00-03:00,0.862,11.677
2020-04-18 06:00:00-03:00,0.789,10.684
2020-04-18 07:00:00-03:00,0.7000000000000001,9.808
2020-04-18 08:00:00-03:00,0.658,9.45
2020-04-18 09:00:00-03:00,0.585,8.876
2020-04-18 10:00:00-03:00,0.518,8.389
2020-04-18 11:00:00-03:00,0.737,10.145
2020-04-18 12:00:00-03:00,0.871,11.825
2020-04-18 13:00:00-03:00,0.903,12.505
2020-04-18 14:00:00-03:00,0.804,10.863
2020-04-18 15:00:00-03:00,0.627,9.196
2020-04-18 16:00:00-03:00,0.739,10.162
2020-04-18 17:00:00-03:00,0.767,10.45
2020-04-18 18:00:00-03:00,0.774,10.518
2020-04-18 19:00:00-03:00,0.779,10.573
2020-04-18 20:00:00-03:00,0.777,10.554
2020-04-18 21:00:00-03:00,0.75,10.278
2020-04-18 22:00:00-03:00,0.805,10.874
2020-04-18 23:00:00-03:00,0.909,12.647
2020-04-19 00:00:00-03:00,0.926,13.205
2020-04-19 01:00:00-03:00,0.891,12.212
2020-04-19 02:00:00-03:00,0.886,12.116
2020-04-19 03:00:00-03:00,0.92,12.982
2020-04-19 04:00:00-03:00,0.937,13.809
2020-04-19 05:00:00-03:00,0.9400000000000001,14.173
2020-04-19 06:00:00-03:00,0.9400000000000001,14.253
2020-04-19 07:00:00-03:00,0.9400000000000001,14.224
2020-04-19 08:00:00-03:00,0.9410000000000001,14.477
2020-04-19 09:00:00-03:00,0.936,15.228
2020-04-19 10:00:00-03:00,0.907,16.455
2020-04-19 11:00:00-03:00,0.856,17.669
2020-04-19 12:00:00-03:00,0.777,19.051
2020-04-19 13:00:00-03:00,0.6950000000000001,20.201
2020-04-19 14:00:00-03:00,0.684,20.333
2020-04-19 15:00:00-03:00,0.729,19.746
2020-04-19 16:00:00-03:00,0.766,19.21
2020-04-19 17:00:00-03:00,0.849,17.823
2020-04-19 18:00:00-03:00,0.909,16.379
2020-04-19 19:00:00-03:00,0.933,15.41
2020-04-19 20:00:00-03:00,0.9400000000000001,14.179
2020-04-19 21:00:00-03:00,0.928,13.317
2020-04-19 22:00:00-03:00,0.912,12.733
2020-04-19 23:00:00-03:00,0.889,12.183
2020-04-20 00:00:00-03:00,0.865,11.721
2020-04-20 01:00:00-03:00,0.861,11.662
2020-04-20 02:00:00-03:00,0.863,11.697
2020-04-20 03:00:00-03:00,0.873,11.861
2020-04-20 04:00:00-03:00,0.887,12.133
2020-04-20 05:00:00-03:00,0.896,12.328
2020-04-20 06:00:00-03:00,0.92,12.99
2020-04-20 07:00:00-03:00,0.9400000000000001,14.245
2020-04-20 08:00:00-03:00,0.9400000000000001,14.695
2020-04-20 09:00:00-03:00,0.9400000000000001,14.838
2020-04-20 10:00:00-03:00,0.933,15.383
2020-04-20 11:00:00-03:00,0.893,16.828
2020-04-20 12:00:00-03:00,0.8300000000000001,18.183
2020-04-20 13:00:00-03:00,0.789,18.865
2020-04-20 14:00:00-03:00,0.752,19.418
2020-04-20 15:00:00-03:00,0.74,19.595
2020-04-20 16:00:00-03:00,0.766,19.217
2020-04-20 17:00:00-03:00,0.8200000000000001,18.344
2020-04-20 18:00:00-03:00,0.858,17.641
2020-04-20 19:00:00-03:00,0.88,17.165
2020-04-20 20:00:00-03:00,0.906,16.488
2020-04-20 21:00:00-03:00,0.928,15.673
2020-04-20 22:00:00-03:00,0.9400000000000001,14.791
2020-04-20 23:00:00-03:00,0.9390000000000001,14.037
2020-04-21 00:00:00-03:00,0.93,13.372
2020-04-21 01:00:00-03:00,0.929,13.347
2020-04-21 02:00:00-03:00,0.934,13.622
2020-04-21 03:00:00-03:00,0.933,13.541
2020-04-21 04:00:00-03:00,0.925,13.157
2020-04-21 05:00:00-03:00,0.929,13.359
2020-04-21 06:00:00-03:00,0.927,13.245
2020-04-21 07:00:00-03:00,0.919,12.963
2020-04-21 08:00:00-03:00,0.918,12.933
2020-04-21 09:00:00-03:00,0.912,12.748
2020-04-21 10:00:00-03:00,0.915,12.819
2020-04-21 11:00:00-03:00,0.936,13.77
2020-04-21 12:00:00-03:00,0.9410000000000001,14.411
2020-04-21 13:00:00-03:00,0.9410000000000001,14.534
2020-04-21 14:00:00-03:00,0.9410000000000001,14.519
2020-04-21 15:00:00-03:00,0.9400000000000001,14.194
2020-04-21 16:00:00-03:00,0.937,13.857
2020-04-21 17:00:00-03:00,0.9410000000000001,14.274000000000001
2020-04-21 18:00:00-03:00,0.937,15.126
2020-04-21 19:00:00-03:00,0.927,15.715
2020-04-21 20:00:00-03:00,0.918,16.089
2020-04-21 21:00:00-03:00,0.919,16.054
2020-04-21 22:00:00-03:00,0.928,15.666
2020-04-21 23:00:00-03:00,0.934,15.306
2020-04-22 00:00:00-03:00,0.937,15.08
2020-04-22 01:00:00-03:00,0.9390000000000001,14.955
2020-04-22 02:00:00-03:00,0.9400000000000001,14.159
2020-04-22 03:00:00-03:00,0.904,12.52
2020-04-22 04:00:00-03:00,0.871,11.829
2020-04-22 05:00:00-03:00,0.846,11.423
2020-04-22 06:00:00-03:00,0.801,10.822
2020-04-22 07:00:00-03:00,0.765,10.417
2020-04-22 08:00:00-03:00,0.61,9.066
2020-04-22 09:00:00-03:00,0.482,8.126
2020-04-22 10:00:00-03:00,0.492,8.201
2020-04-22 11:00:00-03:00,0.627,9.197
2020-04-22 12:00:00-03:00,0.58,8.836
2020-04-22 13:00:00-03:00,0.503,8.277
2020-04-22 14:00:00-03:00,0.4,7.546
2020-04-22 15:00:00-03:00,0.277,6.598
2020-04-22 16:00:00-03:00,0.167,5.562
2020-04-22 17:00:00-03:00,0.084,4.48
2020-04-22 18:00:00-03:00,0.048,3.793
2020-04-22 19:00:00-03:00,0.03,3.331
2020-04-22 20:00:00-03:00,0.021,3.026
2020-04-22 21:00:00-03:00,0.023,3.106
2020-04-22 22:00:00-03:00,0.037,3.525
2020-04-22 23:00:00-03:00,0.056,3.9530000000000003
2020-04-23 00:00:00-03:00,0.076,4.341
2020-04-23 01:00:00-03:00,0.107,4.825
2020-04-23 02:00:00-03:00,0.146,5.321
2020-04-23 03:00:00-03:00,0.17400000000000002,5.651
2020-04-23 04:00:00-03:00,0.191,5.827
2020-04-23 05:00:00-03:00,0.195,5.859
2020-04-23 06:00:00-03:00,0.194,5.857
2020-04-23 07:00:00-03:00,0.196,5.875
2020-04-23 08:00:00-03:00,0.202,5.937
2020-04-23 09:00:00-03:00,0.197,5.88
2020-04-23 10:00:00-03:00,0.157,5.455
2020-04-23 11:00:00-03:00,0.153,5.413
2020-04-23 12:00:00-03:00,0.155,5.438
2020-04-23 13:00:00-03:00,0.192,5.834
2020-04-23 14:00:00-03:00,0.267,6.516
2020-04-23 15:00:00-03:00,0.36,7.251
2020-04-23 16:00:00-03:00,0.429,7.752
2020-04-23 17:00:00-03:00,0.454,7.928
2020-04-23 18:00:00-03:00,0.536,8.516
2020-04-23 19:00:00-03:00,0.546,8.588
2020-04-23 20:00:00-03:00,0.597,8.972
2020-04-23 21:00:00-03:00,0.657,9.434
2020-04-23 22:00:00-03:00,0.647,9.363
2020-04-23 23:00:00-03:00,0.622,9.154
2020-04-24 00:00:00-03:00,0.61,9.07
2020-04-24 01:00:00-03:00,0.622,9.151
2020-04-24 02:00:00-03:00,0.616,9.118
2020-04-24 03:00:00-03:00,0.627,9.192
2020-04-24 04:00:00-03:00,0.664,9.501
2020-04-24 05:00:00-03:00,0.678,9.614
2020-04-24 06:00:00-03:00,0.664,9.493
2020-04-24 07:00:00-03:00,0.636,9.274000000000001
2020-04-24 08:00:00-03:00,0.601,8.994
2020-04-24 09:00:00-03:00,0.511,8.326
2020-04-24 10:00:00-03:00,0.386,7.437
2020-04-24 11:00:00-03:00,0.377,7.37
2020-04-24 12:00:00-03:00,0.318,6.931
2020-04-24 13:00:00-03:00,0.291,6.71
2020-04-24 14:00:00-03:00,0.293,6.728
2020-04-24 15:00:00-03:00,0.315,6.905
2020-04-24 16:00:00-03:00,0.322,6.956
2020-04-24 17:00:00-03:00,0.297,6.759
2020-04-24 18:00:00-03:00,0.315,6.905
2020-04-24 19:00:00-03:00,0.301,6.795
2020-04-24 20:00:00-03:00,0.258,6.435
2020-04-24 21:00:00-03:00,0.251,6.381
2020-04-24 22:00:00-03:00,0.291,6.708
2020-04-24 23:00:00-03:00,0.32,6.942
2020-04-25 00:00:00-03:00,0.307,6.844
2020-04-25 01:00:00-03:00,0.251,6.383
2020-04-25 02:00:00-03:00,0.186,5.773
2020-04-25 03:00:00-03:00,0.123,5.039
2020-04-25 04:00:00-03:00,0.076,4.344
2020-04-25 05:00:00-03:00,0.048,3.794
2020-04-25 06:00:00-03:00,0.04,3.608
2020-04-25 07:00:00-03:00,0.053,3.898
2020-04-25 08:00:00-03:00,0.08700000000000001,4.526
2020-04-25 09:00:00-03:00,0.15,5.379
2020-04-25 10:00:00-03:00,0.195,5.862
2020-04-25 11:00:00-03:00,0.304,6.818
2020-04-25 12:00:00-03:00,0.45,7.898
2020-04-25 13:00:00-03:00,0.493,8.211
2020-04-25 14:00:00-03:00,0.517,8.379
2020-04-25 15:00:00-03:00,0.509,8.318
2020-04-25 16:00:00-03:00,0.424,7.72
2020-04-25 17:00:00-03:00,0.34,7.096
2020-04-25 18:00:00-03:00,0.518,8.388
2020-04-25 19:00:00-03:00,0.6880000000000001,9.697
2020-04-25 20:00:00-03:00,0.745,10.214
2020-04-25 21:00:00-03:00,0.726,10.041
2020-04-25 22:00:00-03:00,0.686,9.675
2020-04-25 23:00:00-03:00,0.636,9.27
2020-04-26 00:00:00-03:00,0.5640000000000001,8.717
2020-04-26 01:00:00-03:00,0.501,8.261
2020-04-26 02:00:00-03:00,0.429,7.748
2020-04-26 03:00:00-03:00,0.353,7.194
2020-04-26 04:00:00-03:00,0.291,6.717
2020-04-26 05:00:00-03:00,0.244,6.318
2020-04-26 06:00:00-03:00,0.216,6.07
2020-04-26 07:00:00-03:00,0.182,5.734
2020-04-26 08:00:00-03:00,0.178,5.692
2020-04-26 09:00:00-03:00,0.17400000000000002,5.647
2020-04-26 10:00:00-03:00,0.125,5.078
2020-04-26 11:00:00-03:00,0.125,5.063
2020-04-26 12:00:00-03:00,0.139,5.255
2020-04-26 13:00:00-03:00,0.137,5.23
2020-04-26 14:00:00-03:00,0.14100000000000001,5.274
2020-04-26 15:00:00-03:00,0.158,5.461
2020-04-26 16:00:00-03:00,0.161,5.5120000000000005
2020-04-26 17:00:00-03:00,0.157,5.455
2020-04-26 18:00:00-03:00,0.159,5.479
2020-04-26 19:00:00-03:00,0.15,5.382
2020-04-26 20:00:00-03:00,0.14400000000000002,5.307
2020-04-26 21:00:00-03:00,0.139,5.253
2020-04-26 22:00:00-03:00,0.126,5.083
2020-04-26 23:00:00-03:00,0.1,4.734
2020-04-27 00:00:00-03:00,0.073,4.297
2020-04-27 01:00:00-03:00,0.053,3.901
2020-04-27 02:00:00-03:00,0.039,3.572
2020-04-27 03:00:00-03:00,0.031,3.348
2020-04-27 04:00:00-03:00,0.031,3.351
2020-04-27 05:00:00-03:00,0.033,3.404
2020-04-27 06:00:00-03:00,0.031,3.356
2020-04-27 07:00:00-03:00,0.029,3.308
2020-04-27 08:00:00-03:00,0.03,3.339
2020-04-27 09:00:00-03:00,0.033,3.41
2020-04-27 10:00:00-03:00,0.03,3.311
2020-04-27 11:00:00-03:00,0.027,3.218
2020-04-27 12:00:00-03:00,0.032,3.367
2020-04-27 13:00:00-03:00,0.047,3.76
2020-04-27 14:00:00-03:00,0.067,4.191
2020-04-27 15:00:00-03:00,0.075,4.334
2020-04-27 16:00:00-03:00,0.079,4.394
2020-04-27 17:00:00-03:00,0.1,4.727
2020-04-27 18:00:00-03:00,0.11800000000000001,4.978
2020-04-27 19:00:00-03:00,0.136,5.214
2020-04-27 20:00:00-03:00,0.158,5.472
2020-04-27 21:00:00-03:00,0.19,5.801
2020-04-27 22:00:00-03:00,0.218,6.084
2020-04-27 23:00:00-03:00,0.243,6.308
2020-04-28 00:00:00-03:00,0.261,6.462
2020-04-28 01:00:00-03:00,0.251,6.379
2020-04-28 02:00:00-03:00,0.23600000000000002,6.245
2020-04-28 03:00:00-03:00,0.218,6.08
2020-04-28 04:00:00-03:00,0.18,5.703
2020-04-28 05:00:00-03:00,0.125,5.081
2020-04-28 06:00:00-03:00,0.083,4.458
2020-04-28 07:00:00-03:00,0.054,3.9210000000000003
2020-04-28 08:00:00-03:00,0.032,3.378
2020-04-28 09:00:00-03:00,0.014,2.751
2020-04-28 10:00:00-03:00,0.004,2.097
2020-04-28 11:00:00-03:00,0.001,1.583
2020-04-28 12:00:00-03:00,0.0,1.105
2020-04-28 13:00:00-03:00,0.0,0.907
2020-04-28 14:00:00-03:00,0.0,1.1320000000000001
2020-04-28 15:00:00-03:00,0.001,1.373
2020-04-28 16:00:00-03:00,0.001,1.657
2020-04-28 17:00:00-03:00,0.006,2.217
2020-04-28 18:00:00-03:00,0.018000000000000002,2.908
2020-04-28 19:00:00-03:00,0.035,3.466
2020-04-28 20:00:00-03:00,0.053,3.896
2020-04-28 21:00:00-03:00,0.076,4.346
2020-04-28 22:00:00-03:00,0.109,4.854
2020-04-28 23:00:00-03:00,0.145,5.312
2020-04-29 00:00:00-03:00,0.188,5.788
2020-04-29 01:00:00-03:00,0.261,6.459
2020-04-29 02:00:00-03:00,0.336,7.069
2020-04-29 03:00:00-03:00,0.34800000000000003,7.154
2020-04-29 04:00:00-03:00,0.321,6.9510000000000005
2020-04-29 05:00:00-03:00,0.28,6.623
2020-04-29 06:00:00-03:00,0.245,6.323
2020-04-29 07:00:00-03:00,0.219,6.089
2020-04-29 08:00:00-03:00,0.224,6.145
2020-04-29 09:00:00-03:00,0.306,6.832
2020-04-29 10:00:00-03:00,0.46900000000000003,8.041
2020-04-29 11:00:00-03:00,0.534,8.503
2020-04-29 12:00:00-03:00,0.516,8.375
2020-04-29 13:00:00-03:00,0.498,8.238
2020-04-29 14:00:00-03:00,0.41400000000000003,7.638
2020-04-29 15:00:00-03:00,0.294,6.734
2020-04-29 16:00:00-03:00,0.229,6.184
2020-04-29 17:00:00-03:00,0.275,6.5809999999999995
2020-04-29 18:00:00-03:00,0.382,7.4030000000000005
2020-04-29 19:00:00-03:00,0.463,7.99
2020-04-29 20:00:00-03:00,0.488,8.167
2020-04-29 21:00:00-03:00,0.489,8.181
2020-04-29 22:00:00-03:00,0.456,7.949
2020-04-29 23:00:00-03:00,0.456,7.943
2020-04-30 00:00:00-03:00,0.489,8.18
2020-04-30 01:00:00-03:00,0.53,8.474
2020-04-30 02:00:00-03:00,0.5700000000000001,8.759
2020-04-30 03:00:00-03:00,0.5700000000000001,8.765
2020-04-30 04:00:00-03:00,0.562,8.706
2020-04-30 05:00:00-03:00,0.597,8.972
2020-04-30 06:00:00-03:00,0.633,9.245
2020-04-30 07:00:00-03:00,0.669,9.537
2020-04-30 08:00:00-03:00,0.684,9.665
2020-04-30 09:00:00-03:00,0.644,9.335
2020-04-30 10:00:00-03:00,0.601,8.989
2020-04-30 11:00:00-03:00,0.769,10.474
2020-04-30 12:00:00-03:00,0.888,12.158
2020-04-30 13:00:00-03:00,0.913,12.771
2020-04-30 14:00:00-03:00,0.916,12.873
2020-04-30 15:00:00-03:00,0.89,12.2
2020-04-30 16:00:00-03:00,0.8300000000000001,11.198
2020-04-30 17:00:00-03:00,0.784,10.629
2020-04-30 18:00:00-03:00,0.787,10.67
2020-04-30 19:00:00-03:00,0.715,9.937
2020-04-30 20:00:00-03:00,0.6960000000000001,9.767
2020-04-30 21:00:00-03:00,0.664,9.492
2020-04-30 22:00:00-03:00,0.592,8.922
2020-04-30 23:00:00-03:00,0.46900000000000003,8.04
2020-05-01 00:00:00-03:00,0.36,7.251
2020-05-01 01:00:00-03:00,0.366,7.296
2020-05-01 02:00:00-03:00,0.394,7.498
2020-05-01 03:00:00-03:00,0.4,7.542
2020-05-01 04:00:00-03:00,0.382,7.407
2020-05-01 05:00:00-03:00,0.327,6.993
2020-05-01 06:00:00-03:00,0.222,6.121
2020-05-01 07:00:00-03:00,0.115,4.943
2020-05-01 08:00:00-03:00,0.057,3.971
2020-05-01 09:00:00-03:00,0.077,4.359
2020-05-01 10:00:00-03:00,0.148,5.352
2020-05-01 11:00:00-03:00,0.161,5.506
2020-05-01 12:00:00-03:00,0.26,6.453
2020-05-01 13:00:00-03:00,0.544,8.569
2020-05-01 14:00:00-03:00,0.661,9.462
2020-05-01 15:00:00-03:00,0.737,10.141
2020-05-01 16:00:00-03:00,0.712,9.911
2020-05-01 17:00:00-03:00,0.765,10.42
2020-05-01 18:00:00-03:00,0.8290000000000001,11.183
2020-05-01 19:00:00-03:00,0.8190000000000001,11.052
2020-05-01 20:00:00-03:00,0.809,10.922
2020-05-01 21:00:00-03:00,0.867,11.758
2020-05-01 22:00:00-03:00,0.898,12.37
2020-05-01 23:00:00-03:00,0.912,12.747
2020-05-02 00:00:00-03:00,0.924,13.141
2020-05-02 01:00:00-03:00,0.916,12.865
2020-05-02 02:00:00-03:00,0.885,12.101
2020-05-02 03:00:00-03:00,0.812,10.956
2020-05-02 04:00:00-03:00,0.675,9.586
2020-05-02 05:00:00-03:00,0.528,8.459
2020-05-02 06:00:00-03:00,0.379,7.384
2020-05-02 07:00:00-03:00,0.225,6.154
2020-05-02 08:00:00-03:00,0.134,5.192
2020-05-02 09:00:00-03:00,0.067,4.188
2020-05-02 10:00:00-03:00,0.014,2.738
2020-05-02 11:00:00-03:00,0.001,1.424
2020-05-02 12:00:00-03:00,0.002,1.786
2020-05-02 13:00:00-03:00,0.023,3.089
2020-05-02 14:00:00-03:00,0.077,4.361
2020-05-02 15:00:00-03:00,0.15,5.383
2020-05-02 16:00:00-03:00,0.228,6.176
2020-05-02 17:00:00-03:00,0.331,7.028
2020-05-02 18:00:00-03:00,0.47600000000000003,8.08
2020-05-02 19:00:00-03:00,0.464,8.002
2020-05-02 20:00:00-03:00,0.399,7.539
2020-05-02 21:00:00-03:00,0.358,7.233
2020-05-02 22:00:00-03:00,0.34800000000000003,7.156
2020-05-02 23:00:00-03:00,0.34700000000000003,7.144
2020-05-03 00:00:00-03:00,0.352,7.187
2020-05-03 01:00:00-03:00,0.367,7.302
2020-05-03 02:00:00-03:00,0.375,7.361
2020-05-03 03:00:00-03:00,0.383,7.415
2020-05-03 04:00:00-03:00,0.373,7.343
2020-05-03 05:00:00-03:00,0.388,7.455
2020-05-03 06:00:00-03:00,0.38,7.388
2020-05-03 07:00:00-03:00,0.32,6.943
2020-05-03 08:00:00-03:00,0.303,6.814
2020-05-03 09:00:00-03:00,0.291,6.71
2020-05-03 10:00:00-03:00,0.23500000000000001,6.232
2020-05-03 11:00:00-03:00,0.20500000000000002,5.956
2020-05-03 12:00:00-03:00,0.261,6.471
2020-05-03 13:00:00-03:00,0.28500000000000003,6.663
2020-05-03 14:00:00-03:00,0.25,6.365
2020-05-03 15:00:00-03:00,0.209,5.999
2020-05-03 16:00:00-03:00,0.161,5.502
2020-05-03 17:00:00-03:00,0.161,5.51
2020-05-03 18:00:00-03:00,0.158,5.477
2020-05-03 19:00:00-03:00,0.107,4.828
2020-05-03 20:00:00-03:00,0.065,4.127
2020-05-03 21:00:00-03:00,0.028,3.279
2020-05-03 22:00:00-03:00,0.007,2.355
2020-05-03 23:00:00-03:00,0.001,1.562
2020-05-04 00:00:00-03:00,0.0,1.131
2020-05-04 01:00:00-03:00,0.0,1.339
2020-05-04 02:00:00-03:00,0.004,2.017
2020-05-04 03:00:00-03:00,0.018000000000000002,2.909
2020-05-04 04:00:00-03:00,0.05,3.847
2020-05-04 05:00:00-03:00,0.095,4.644
2020-05-04 06:00:00-03:00,0.123,5.042
2020-05-04 07:00:00-03:00,0.135,5.198
2020-05-04 08:00:00-03:00,0.136,5.21
2020-05-04 09:00:00-03:00,0.126,5.091
2020-05-04 10:00:00-03:00,0.108,4.841
2020-05-04 11:00:00-03:00,0.112,4.897
2020-05-04 12:00:00-03:00,0.134,5.186
2020-05-04 13:00:00-03:00,0.153,5.416
2020-05-04 14:00:00-03:00,0.171,5.621
2020-05-04 15:00:00-03:00,0.211,6.013
2020-05-04 16:00:00-03:00,0.259,6.448
2020-05-04 17:00:00-03:00,0.325,6.982
2020-05-04 18:00:00-03:00,0.444,7.857
2020-05-04 19:00:00-03:00,0.493,8.207
2020-05-04 20:00:00-03:00,0.515,8.366
2020-05-04 21:00:00-03:00,0.551,8.63
2020-05-04 22:00:00-03:00,0.604,9.016
2020-05-04 23:00:00-03:00,0.618,9.133
2020-05-05 00:00:00-03:00,0.599,8.982
2020-05-05 01:00:00-03:00,0.5730000000000001,8.786
2020-05-05 02:00:00-03:00,0.529,8.465
2020-05-05 03:00:00-03:00,0.438,7.819
2020-05-05 04:00:00-03:00,0.38,7.391
2020-05-05 05:00:00-03:00,0.329,7.007
2020-05-05 06:00:00-03:00,0.246,6.331
2020-05-05 07:00:00-03:00,0.224,6.143
2020-05-05 08:00:00-03:00,0.24,6.285
2020-05-05 09:00:00-03:00,0.243,6.314
2020-05-05 10:00:00-03:00,0.26,6.453
2020-05-05 11:00:00-03:00,0.27,6.543
2020-05-05 12:00:00-03:00,0.253,6.398
2020-05-05 13:00:00-03:00,0.20800000000000002,5.98
2020-05-05 14:00:00-03:00,0.136,5.214
2020-05-05 15:00:00-03:00,0.066,4.148
2020-05-05 16:00:00-03:00,0.035,3.463
2020-05-05 17:00:00-03:00,0.042,3.651
2020-05-05 18:00:00-03:00,0.066,4.152
2020-05-05 19:00:00-03:00,0.057,3.997
2020-05-05 20:00:00-03:00,0.037,3.528
2020-05-05 21:00:00-03:00,0.031,3.363
2020-05-05 22:00:00-03:00,0.019,2.931
2020-05-05 23:00:00-03:00,0.012,2.626
2020-05-06 00:00:00-03:00,0.037,3.504
2020-05-06 01:00:00-03:00,0.07,4.231
2020-05-06 02:00:00-03:00,0.089,4.569
2020-05-06 03:00:00-03:00,0.10300000000000001,4.773
2020-05-06 04:00:00-03:00,0.098,4.7010000000000005
2020-05-06 05:00:00-03:00,0.094,4.632
2020-05-06 06:00:00-03:00,0.126,5.083
2020-05-06 07:00:00-03:00,0.169,5.585
2020-05-06 08:00:00-03:00,0.2,5.916
2020-05-06 09:00:00-03:00,0.254,6.406
2020-05-06 10:00:00-03:00,0.35100000000000003,7.177
2020-05-06 11:00:00-03:00,0.29,6.703
2020-05-06 12:00:00-03:00,0.252,6.393
2020-05-06 13:00:00-03:00,0.318,6.92
2020-05-06 14:00:00-03:00,0.28800000000000003,6.686
2020-05-06 15:00:00-03:00,0.225,6.15
2020-05-06 16:00:00-03:00,0.17300000000000001,5.633
2020-05-06 17:00:00-03:00,0.233,6.222
2020-05-06 18:00:00-03:00,0.488,8.168
2020-05-06 19:00:00-03:00,0.747,10.247
2020-05-06 20:00:00-03:00,0.794,10.745
2020-05-06 21:00:00-03:00,0.736,10.133
2020-05-06 22:00:00-03:00,0.683,9.651
2020-05-06 23:00:00-03:00,0.623,9.165
2020-05-07 00:00:00-03:00,0.555,8.654
2020-05-07 01:00:00-03:00,0.434,7.79
2020-05-07 02:00:00-03:00,0.314,6.889
2020-05-07 03:00:00-03:00,0.213,6.04
2020-05-07 04:00:00-03:00,0.16,5.492
2020-05-07 05:00:00-03:00,0.124,5.053
2020-05-07 06:00:00-03:00,0.065,4.13
2020-05-07 07:00:00-03:00,0.079,4.385
2020-05-07 08:00:00-03:00,0.157,5.456
2020-05-07 09:00:00-03:00,0.241,6.295
2020-05-07 10:00:00-03:00,0.401,7.555
2020-05-07 11:00:00-03:00,0.517,8.379
2020-05-07 12:00:00-03:00,0.537,8.522
2020-05-07 13:00:00-03:00,0.708,9.876
2020-05-07 14:00:00-03:00,0.747,10.24
2020-05-07 15:00:00-03:00,0.771,10.486
2020-05-07 16:00:00-03:00,0.749,10.259
2020-05-07 17:00:00-03:00,0.709,9.888
2020-05-07 18:00:00-03:00,0.662,9.481
2020-05-07 19:00:00-03:00,0.626,9.185
2020-05-07 20:00:00-03:00,0.643,9.33
2020-05-07 21:00:00-03:00,0.558,8.672
2020-05-07 22:00:00-03:00,0.545,8.577
2020-05-07 23:00:00-03:00,0.619,9.139
2020-05-08 00:00:00-03:00,0.6940000000000001,9.74
2020-05-08 01:00:00-03:00,0.68,9.631
2020-05-08 02:00:00-03:00,0.616,9.118
2020-05-08 03:00:00-03:00,0.527,8.454
2020-05-08 04:00:00-03:00,0.46900000000000003,8.034
2020-05-08 05:00:00-03:00,0.429,7.753
2020-05-08 06:00:00-03:00,0.382,7.4030000000000005
2020-05-08 07:00:00-03:00,0.329,7.016
2020-05-08 08:00:00-03:00,0.311,6.875
2020-05-08 09:00:00-03:00,0.332,7.042
2020-05-08 10:00:00-03:00,0.32,6.946
2020-05-08 11:00:00-03:00,0.225,6.15
2020-05-08 12:00:00-03:00,0.176,5.664
2020-05-08 13:00:00-03:00,0.213,6.038
2020-05-08 14:00:00-03:00,0.271,6.554
2020-05-08 15:00:00-03:00,0.291,6.713
2020-05-08 16:00:00-03:00,0.28,6.624
2020-05-08 17:00:00-03:00,0.31,6.866
2020-05-08 18:00:00-03:00,0.301,6.8
2020-05-08 19:00:00-03:00,0.317,6.916
2020-05-08 20:00:00-03:00,0.34900000000000003,7.162
2020-05-08 21:00:00-03:00,0.337,7.075
2020-05-08 22:00:00-03:00,0.359,7.238
2020-05-08 23:00:00-03:00,0.384,7.426
2020-05-09 00:00:00-03:00,0.302,6.806
2020-05-09 01:00:00-03:00,0.191,5.827
2020-05-09 02:00:00-03:00,0.115,4.939
2020-05-09 03:00:00-03:00,0.058,4.004
2020-05-09 04:00:00-03:00,0.034,3.435
2020-05-09 05:00:00-03:00,0.02,2.9779999999999998
2020-05-09 06:00:00-03:00,0.008,2.429
2020-05-09 07:00:00-03:00,0.004,2.033
2020-05-09 08:00:00-03:00,0.002,1.745
2020-05-09 09:00:00-03:00,0.001,1.487
2020-05-09 10:00:00-03:00,0.001,1.654
2020-05-09 11:00:00-03:00,0.001,1.638
2020-05-09 12:00:00-03:00,0.0,1.365
2020-05-09 13:00:00-03:00,0.0,1.347
2020-05-09 14:00:00-03:00,0.0,1.341
2020-05-09 15:00:00-03:00,0.0,1.185
2020-05-09 16:00:00-03:00,0.0,0.922
2020-05-09 17:00:00-03:00,0.0,0.58
2020-05-09 18:00:00-03:00,0.0,0.339
2020-05-09 19:00:00-03:00,0.0,0.376
2020-05-09 20:00:00-03:00,0.0,0.403
2020-05-09 21:00:00-03:00,0.0,0.267
2020-05-09 22:00:00-03:00,0.0,0.245
2020-05-09 23:00:00-03:00,0.0,0.29
2020-05-10 00:00:00-03:00,0.0,0.592
2020-05-10 01:00:00-03:00,0.0,0.668
2020-05-10 02:00:00-03:00,0.0,0.646
2020-05-10 03:00:00-03:00,0.0,0.838
2020-05-10 04:00:00-03:00,0.001,1.454
2020-05-10 05:00:00-03:00,0.007,2.351
2020-05-10 06:00:00-03:00,0.02,2.9699999999999998
2020-05-10 07:00:00-03:00,0.026000000000000002,3.19
2020-05-10 08:00:00-03:00,0.028,3.25
2020-05-10 09:00:00-03:00,0.031,3.359
2020-05-10 10:00:00-03:00,0.04,3.608
2020-05-10 11:00:00-03:00,0.055,3.939
2020-05-10 12:00:00-03:00,0.079,4.396
2020-05-10 13:00:00-03:00,0.148,5.356
2020-05-10 14:00:00-03:00,0.188,5.788
2020-05-10 15:00:00-03:00,0.233,6.219
2020-05-10 16:00:00-03:00,0.289,6.69
2020-05-10 17:00:00-03:00,0.358,7.232
2020-05-10 18:00:00-03:00,0.454,7.922
2020-05-10 19:00:00-03:00,0.527,8.457
2020-05-10 20:00:00-03:00,0.5680000000000001,8.746
2020-05-10 21:00:00-03:00,0.618,9.127
2020-05-10 22:00:00-03:00,0.645,9.34
2020-05-10 23:00:00-03:00,0.654,9.411
2020-05-11 00:00:00-03:00,0.6950000000000001,9.765
2020-05-11 01:00:00-03:00,0.729,10.071
2020-05-11 02:00:00-03:00,0.79,10.703
2020-05-11 03:00:00-03:00,0.8260000000000001,11.141
2020-05-11 04:00:00-03:00,0.845,11.403
2020-05-11 05:00:00-03:00,0.862,11.67
2020-05-11 06:00:00-03:00,0.858,11.614
2020-05-11 07:00:00-03:00,0.757,10.33
2020-05-11 08:00:00-03:00,0.754,10.317
2020-05-11 09:00:00-03:00,0.763,10.41
2020-05-11 10:00:00-03:00,0.765,10.419
2020-05-11 11:00:00-03:00,0.771,10.487
2020-05-11 12:00:00-03:00,0.845,11.397
2020-05-11 13:00:00-03:00,0.871,11.828
2020-05-11 14:00:00-03:00,0.841,11.348
2020-05-11 15:00:00-03:00,0.756,10.327
2020-05-11 16:00:00-03:00,0.5670000000000001,8.737
2020-05-11 17:00:00-03:00,0.454,7.934
2020-05-11 18:00:00-03:00,0.429,7.753
2020-05-11 19:00:00-03:00,0.434,7.786
2020-05-11 20:00:00-03:00,0.496,8.232
2020-05-11 21:00:00-03:00,0.5670000000000001,8.738
2020-05-11 22:00:00-03:00,0.622,9.15
2020-05-11 23:00:00-03:00,0.669,9.539
2020-05-12 00:00:00-03:00,0.704,9.836
2020-05-12 01:00:00-03:00,0.734,10.121
2020-05-12 02:00:00-03:00,0.753,10.309
2020-05-12 03:00:00-03:00,0.777,10.554
2020-05-12 04:00:00-03:00,0.784,10.634
2020-05-12 05:00:00-03:00,0.794,10.745
2020-05-12 06:00:00-03:00,0.842,11.362
2020-05-12 07:00:00-03:00,0.8290000000000001,11.186
2020-05-12 08:00:00-03:00,0.794,10.737
2020-05-12 09:00:00-03:00,0.727,10.053
2020-05-12 10:00:00-03:00,0.673,9.569
2020-05-12 11:00:00-03:00,0.707,9.866
2020-05-12 12:00:00-03:00,0.8130000000000001,10.971
2020-05-12 13:00:00-03:00,0.854,11.542
2020-05-12 14:00:00-03:00,0.864,11.715
2020-05-12 15:00:00-03:00,0.86,11.645
2020-05-12 16:00:00-03:00,0.8240000000000001,11.101
2020-05-12 17:00:00-03:00,0.805,10.872
2020-05-12 18:00:00-03:00,0.8320000000000001,11.224
2020-05-12 19:00:00-03:00,0.833,11.232
2020-05-12 20:00:00-03:00,0.8210000000000001,11.071
2020-05-12 21:00:00-03:00,0.8130000000000001,10.972
2020-05-12 22:00:00-03:00,0.805,10.87
2020-05-12 23:00:00-03:00,0.757,10.344
2020-05-13 00:00:00-03:00,0.6910000000000001,9.725999999999999
2020-05-13 01:00:00-03:00,0.558,8.678
2020-05-13 02:00:00-03:00,0.514,8.358
2020-05-13 03:00:00-03:00,0.492,8.2
2020-05-13 04:00:00-03:00,0.47900000000000004,8.109
2020-05-13 05:00:00-03:00,0.503,8.274000000000001
2020-05-13 06:00:00-03:00,0.548,8.605
2020-05-13 07:00:00-03:00,0.543,8.564
2020-05-13 08:00:00-03:00,0.526,8.437
2020-05-13 09:00:00-03:00,0.523,8.418
2020-05-13 10:00:00-03:00,0.492,8.206
2020-05-13 11:00:00-03:00,0.453,7.916
2020-05-13 12:00:00-03:00,0.507,8.308
2020-05-13 13:00:00-03:00,0.544,8.567
2020-05-13 14:00:00-03:00,0.485,8.146
2020-05-13 15:00:00-03:00,0.387,7.452
2020-05-13 16:00:00-03:00,0.23800000000000002,6.271
2020-05-13 17:00:00-03:00,0.307,6.84
2020-05-13 18:00:00-03:00,0.452,7.915
2020-05-13 19:00:00-03:00,0.539,8.533
2020-05-13 20:00:00-03:00,0.603,9.007
2020-05-13 21:00:00-03:00,0.641,9.31
2020-05-13 22:00:00-03:00,0.667,9.523
2020-05-13 23:00:00-03:00,0.6900000000000001,9.719
2020-05-14 00:00:00-03:00,0.7030000000000001,9.828
2020-05-14 01:00:00-03:00,0.726,10.045
2020-05-14 02:00:00-03:00,0.751,10.28
2020-05-14 03:00:00-03:00,0.751,10.283
2020-05-14 04:00:00-03:00,0.728,10.062
2020-05-14 05:00:00-03:00,0.7020000000000001,9.822
2020-05-14 06:00:00-03:00,0.658,9.446
2020-05-14 07:00:00-03:00,0.5760000000000001,8.803
2020-05-14 08:00:00-03:00,0.47100000000000003,8.046
2020-05-14 09:00:00-03:00,0.289,6.699
2020-05-14 10:00:00-03:00,0.214,6.042
2020-05-14 11:00:00-03:00,0.372,7.337
2020-05-14 12:00:00-03:00,0.548,8.605
2020-05-14 13:00:00-03:00,0.667,9.519
2020-05-14 14:00:00-03:00,0.733,10.099
2020-05-14 15:00:00-03:00,0.708,9.88
2020-05-14 16:00:00-03:00,0.67,9.547
2020-05-14 17:00:00-03:00,0.641,9.308
2020-05-14 18:00:00-03:00,0.596,8.964
2020-05-14 19:00:00-03:00,0.606,9.033
2020-05-14 20:00:00-03:00,0.642,9.318
2020-05-14 21:00:00-03:00,0.667,9.521
2020-05-14 22:00:00-03:00,0.657,9.435
2020-05-14 23:00:00-03:00,0.612,9.082
2020-05-15 00:00:00-03:00,0.539,8.538
2020-05-15 01:00:00-03:00,0.444,7.857
2020-05-15 02:00:00-03:00,0.34800000000000003,7.157
2020-05-15 03:00:00-03:00,0.265,6.502
2020-05-15 04:00:00-03:00,0.196,5.876
2020-05-15 05:00:00-03:00,0.126,5.086
2020-05-15 06:00:00-03:00,0.08700000000000001,4.5280000000000005
2020-05-15 07:00:00-03:00,0.07,4.238
2020-05-15 08:00:00-03:00,0.054,3.927
2020-05-15 09:00:00-03:00,0.078,4.37
2020-05-15 10:00:00-03:00,0.136,5.21
2020-05-15 11:00:00-03:00,0.213,6.032
2020-05-15 12:00:00-03:00,0.23500000000000001,6.235
2020-05-15 13:00:00-03:00,0.28200000000000003,6.647
2020-05-15 14:00:00-03:00,0.514,8.355
2020-05-15 15:00:00-03:00,0.714,9.922
2020-05-15 16:00:00-03:00,0.724,10.025
2020-05-15 17:00:00-03:00,0.63,9.225
2020-05-15 18:00:00-03:00,0.683,9.651
2020-05-15 19:00:00-03:00,0.706,9.862
2020-05-15 20:00:00-03:00,0.601,8.994
2020-05-15 21:00:00-03:00,0.261,6.466
2020-05-15 22:00:00-03:00,0.017,2.86
2020-05-15 23:00:00-03:00,0.257,6.428
2020-05-16 00:00:00-03:00,0.681,9.637
2020-05-16 01:00:00-03:00,0.81,10.941
2020-05-16 02:00:00-03:00,0.8130000000000001,10.971
2020-05-16 03:00:00-03:00,0.77,10.476
2020-05-16 04:00:00-03:00,0.6990000000000001,9.793
2020-05-16 05:00:00-03:00,0.537,8.523
2020-05-16 06:00:00-03:00,0.34800000000000003,7.156
2020-05-16 07:00:00-03:00,0.14300000000000002,5.286
2020-05-16 08:00:00-03:00,0.028,3.2560000000000002
2020-05-16 09:00:00-03:00,0.0,1.33
2020-05-16 10:00:00-03:00,0.0,1.138
2020-05-16 11:00:00-03:00,0.011,2.576
2020-05-16 12:00:00-03:00,0.048,3.783
2020-05-16 13:00:00-03:00,0.088,4.55
2020-05-16 14:00:00-03:00,0.106,4.8100000000000005
2020-05-16 15:00:00-03:00,0.112,4.9030000000000005
2020-05-16 16:00:00-03:00,0.14400000000000002,5.307
2020-05-16 17:00:00-03:00,0.162,5.518
2020-05-16 18:00:00-03:00,0.194,5.854
2020-05-16 19:00:00-03:00,0.253,6.4030000000000005
2020-05-16 20:00:00-03:00,0.434,7.787
2020-05-16 21:00:00-03:00,0.675,9.586
2020-05-16 22:00:00-03:00,0.791,10.709
2020-05-16 23:00:00-03:00,0.763,10.407
2020-05-17 00:00:00-03:00,0.629,9.214
2020-05-17 01:00:00-03:00,0.561,8.693
2020-05-17 02:00:00-03:00,0.542,8.553
2020-05-17 03:00:00-03:00,0.539,8.536
2020-05-17 04:00:00-03:00,0.517,8.379
2020-05-17 05:00:00-03:00,0.552,8.632
2020-05-17 06:00:00-03:00,0.5640000000000001,8.724
2020-05-17 07:00:00-03:00,0.5730000000000001,8.782
2020-05-17 08:00:00-03:00,0.5760000000000001,8.815
2020-05-17 09:00:00-03:00,0.5640000000000001,8.71
2020-05-17 10:00:00-03:00,0.483,8.139
2020-05-17 11:00:00-03:00,0.356,7.224
2020-05-17 12:00:00-03:00,0.299,6.777
2020-05-17 13:00:00-03:00,0.323,6.962
2020-05-17 14:00:00-03:00,0.33,7.021
2020-05-17 15:00:00-03:00,0.295,6.736
2020-05-17 16:00:00-03:00,0.298,6.769
2020-05-17 17:00:00-03:00,0.34600000000000003,7.1370000000000005
2020-05-17 18:00:00-03:00,0.392,7.482
2020-05-17 19:00:00-03:00,0.364,7.275
2020-05-17 20:00:00-03:00,0.32,6.946
2020-05-17 21:00:00-03:00,0.213,6.041
2020-05-17 22:00:00-03:00,0.097,4.684
2020-05-17 23:00:00-03:00,0.031,3.356
2020-05-18 00:00:00-03:00,0.022,3.062
2020-05-18 01:00:00-03:00,0.07100000000000001,4.265
2020-05-18 02:00:00-03:00,0.289,6.695
2020-05-18 03:00:00-03:00,0.482,8.125
2020-05-18 04:00:00-03:00,0.512,8.343
2020-05-18 05:00:00-03:00,0.592,8.921
2020-05-18 06:00:00-03:00,0.664,9.495
2020-05-18 07:00:00-03:00,0.771,10.487
2020-05-18 08:00:00-03:00,0.855,11.571
2020-05-18 09:00:00-03:00,0.84,11.339
2020-05-18 10:00:00-03:00,0.8150000000000001,10.997
2020-05-18 11:00:00-03:00,0.743,10.2
2020-05-18 12:00:00-03:00,0.645,9.34
2020-05-18 13:00:00-03:00,0.527,8.452
2020-05-18 14:00:00-03:00,0.401,7.552
2020-05-18 15:00:00-03:00,0.267,6.516
2020-05-18 16:00:00-03:00,0.218,6.075
2020-05-18 17:00:00-03:00,0.311,6.873
2020-05-18 18:00:00-03:00,0.428,7.74
2020-05-18 19:00:00-03:00,0.601,8.991
2020-05-18 20:00:00-03:00,0.782,10.598
2020-05-18 21:00:00-03:00,0.857,11.585
2020-05-18 22:00:00-03:00,0.885,12.091
2020-05-18 23:00:00-03:00,0.922,13.061
2020-05-19 00:00:00-03:00,0.9390000000000001,13.999
2020-05-19 01:00:00-03:00,0.9410000000000001,14.332
2020-05-19 02:00:00-03:00,0.9410000000000001,14.406
2020-05-19 03:00:00-03:00,0.9410000000000001,14.417
2020-05-19 04:00:00-03:00,0.9400000000000001,14.715
2020-05-19 05:00:00-03:00,0.937,15.117
2020-05-19 06:00:00-03:00,0.9380000000000001,14.986
2020-05-19 07:00:00-03:00,0.9410000000000001,14.381
2020-05-19 08:00:00-03:00,0.935,13.664
2020-05-19 09:00:00-03:00,0.919,12.94
2020-05-19 10:00:00-03:00,0.886,12.116
2020-05-19 11:00:00-03:00,0.863,11.697
2020-05-19 12:00:00-03:00,0.881,12.019
2020-05-19 13:00:00-03:00,0.896,12.328
2020-05-19 14:00:00-03:00,0.88,12.0
2020-05-19 15:00:00-03:00,0.8210000000000001,11.072
2020-05-19 16:00:00-03:00,0.671,9.553
2020-05-19 17:00:00-03:00,0.592,8.921
2020-05-19 18:00:00-03:00,0.553,8.639
2020-05-19 19:00:00-03:00,0.504,8.29
2020-05-19 20:00:00-03:00,0.47200000000000003,8.053
2020-05-19 21:00:00-03:00,0.462,7.983
2020-05-19 22:00:00-03:00,0.455,7.942
2020-05-19 23:00:00-03:00,0.447,7.885
2020-05-20 00:00:00-03:00,0.41600000000000004,7.65
2020-05-20 01:00:00-03:00,0.359,7.237
2020-05-20 02:00:00-03:00,0.327,7.002
2020-05-20 03:00:00-03:00,0.323,6.964
2020-05-20 04:00:00-03:00,0.303,6.813
2020-05-20 05:00:00-03:00,0.261,6.462
2020-05-20 06:00:00-03:00,0.23700000000000002,6.256
2020-05-20 07:00:00-03:00,0.251,6.381
2020-05-20 08:00:00-03:00,0.341,7.1
2020-05-20 09:00:00-03:00,0.466,8.013
2020-05-20 10:00:00-03:00,0.489,8.174
2020-05-20 11:00:00-03:00,0.406,7.584
2020-05-20 12:00:00-03:00,0.32,6.938
2020-05-20 13:00:00-03:00,0.353,7.197
2020-05-20 14:00:00-03:00,0.518,8.388
2020-05-20 15:00:00-03:00,0.444,7.849
2020-05-20 16:00:00-03:00,0.329,7.007
2020-05-20 17:00:00-03:00,0.456,7.947
2020-05-20 18:00:00-03:00,0.622,9.154
2020-05-20 19:00:00-03:00,0.663,9.486
2020-05-20 20:00:00-03:00,0.628,9.211
2020-05-20 21:00:00-03:00,0.5670000000000001,8.739
2020-05-20 22:00:00-03:00,0.539,8.539
2020-05-20 23:00:00-03:00,0.522,8.415
2020-05-21 00:00:00-03:00,0.454,7.92
2020-05-21 01:00:00-03:00,0.447,7.88
2020-05-21 02:00:00-03:00,0.515,8.366
2020-05-21 03:00:00-03:00,0.527,8.448
2020-05-21 04:00:00-03:00,0.5630000000000001,8.707
2020-05-21 05:00:00-03:00,0.667,9.52
2020-05-21 06:00:00-03:00,0.664,9.494
2020-05-21 07:00:00-03:00,0.65,9.384
2020-05-21 08:00:00-03:00,0.609,9.065
2020-05-21 09:00:00-03:00,0.598,8.974
2020-05-21 10:00:00-03:00,0.558,8.678
2020-05-21 11:00:00-03:00,0.536,8.518
2020-05-21 12:00:00-03:00,0.5670000000000001,8.739
2020-05-21 13:00:00-03:00,0.643,9.324
2020-05-21 14:00:00-03:00,0.665,9.505
2020-05-21 15:00:00-03:00,0.555,8.648
2020-05-21 16:00:00-03:00,0.494,8.219
2020-05-21 17:00:00-03:00,0.5700000000000001,8.767
2020-05-21 18:00:00-03:00,0.5750000000000001,8.797
2020-05-21 19:00:00-03:00,0.5680000000000001,8.751
2020-05-21 20:00:00-03:00,0.5660000000000001,8.735
2020-05-21 21:00:00-03:00,0.526,8.438
2020-05-21 22:00:00-03:00,0.519,8.394
2020-05-21 23:00:00-03:00,0.539,8.53
2020-05-22 00:00:00-03:00,0.561,8.697
2020-05-22 01:00:00-03:00,0.582,8.855
2020-05-22 02:00:00-03:00,0.596,8.965
2020-05-22 03:00:00-03:00,0.591,8.916
2020-05-22 04:00:00-03:00,0.591,8.917
2020-05-22 05:00:00-03:00,0.6000000000000001,8.987
2020-05-22 06:00:00-03:00,0.619,9.138
2020-05-22 07:00:00-03:00,0.646,9.35
2020-05-22 08:00:00-03:00,0.665,9.505
2020-05-22 09:00:00-03:00,0.687,9.686
2020-05-22 10:00:00-03:00,0.71,9.893
2020-05-22 11:00:00-03:00,0.733,10.107
2020-05-22 12:00:00-03:00,0.864,11.704
2020-05-22 13:00:00-03:00,0.767,10.449
2020-05-22 14:00:00-03:00,0.6880000000000001,9.694
2020-05-22 15:00:00-03:00,0.8130000000000001,10.97
2020-05-22 16:00:00-03:00,0.846,11.431
2020-05-22 17:00:00-03:00,0.851,11.499
2020-05-22 18:00:00-03:00,0.868,11.777
2020-05-22 19:00:00-03:00,0.854,11.544
2020-05-22 20:00:00-03:00,0.837,11.282
2020-05-22 21:00:00-03:00,0.841,11.344
2020-05-22 22:00:00-03:00,0.8170000000000001,11.015
2020-05-22 23:00:00-03:00,0.759,10.362
2020-05-23 00:00:00-03:00,0.705,9.850999999999999
2020-05-23 01:00:00-03:00,0.636,9.265
2020-05-23 02:00:00-03:00,0.597,8.966
2020-05-23 03:00:00-03:00,0.584,8.87
2020-05-23 04:00:00-03:00,0.555,8.658
2020-05-23 05:00:00-03:00,0.51,8.323
2020-05-23 06:00:00-03:00,0.47400000000000003,8.072
2020-05-23 07:00:00-03:00,0.456,7.948
2020-05-23 08:00:00-03:00,0.501,8.261
2020-05-23 09:00:00-03:00,0.492,8.201
2020-05-23 10:00:00-03:00,0.402,7.561
2020-05-23 11:00:00-03:00,0.273,6.566
2020-05-23 12:00:00-03:00,0.121,5.02
2020-05-23 13:00:00-03:00,0.036000000000000004,3.478
2020-05-23 14:00:00-03:00,0.024,3.141
2020-05-23 15:00:00-03:00,0.026000000000000002,3.192
2020-05-23 16:00:00-03:00,0.046,3.7439999999999998
2020-05-23 17:00:00-03:00,0.069,4.221
2020-05-23 18:00:00-03:00,0.085,4.495
2020-05-23 19:00:00-03:00,0.078,4.367
2020-05-23 20:00:00-03:00,0.043000000000000003,3.686
2020-05-23 21:00:00-03:00,0.012,2.6310000000000002
2020-05-23 22:00:00-03:00,0.002,1.7309999999999999
2020-05-23 23:00:00-03:00,0.0,1.005
2020-05-24 00:00:00-03:00,0.0,0.167
2020-05-24 01:00:00-03:00,0.0,0.765
2020-05-24 02:00:00-03:00,0.004,2.054
2020-05-24 03:00:00-03:00,0.022,3.081
2020-05-24 04:00:00-03:00,0.046,3.737
2020-05-24 05:00:00-03:00,0.07100000000000001,4.2620000000000005
2020-05-24 06:00:00-03:00,0.083,4.459
2020-05-24 07:00:00-03:00,0.076,4.346
2020-05-24 08:00:00-03:00,0.067,4.178
2020-05-24 09:00:00-03:00,0.048,3.79
2020-05-24 10:00:00-03:00,0.032,3.374
2020-05-24 11:00:00-03:00,0.015,2.7880000000000003
2020-05-24 12:00:00-03:00,0.025,3.161
2020-05-24 13:00:00-03:00,0.067,4.186
2020-05-24 14:00:00-03:00,0.098,4.702
2020-05-24 15:00:00-03:00,0.093,4.616
2020-05-24 16:00:00-03:00,0.092,4.608
2020-05-24 17:00:00-03:00,0.146,5.334
2020-05-24 18:00:00-03:00,0.22,6.097
2020-05-24 19:00:00-03:00,0.314,6.9030000000000005
2020-05-24 20:00:00-03:00,0.47700000000000004,8.092
2020-05-24 21:00:00-03:00,0.604,9.02
2020-05-24 22:00:00-03:00,0.625,9.184
2020-05-24 23:00:00-03:00,0.592,8.919
2020-05-25 00:00:00-03:00,0.5740000000000001,8.793
2020-05-25 01:00:00-03:00,0.6000000000000001,8.985
2020-05-25 02:00:00-03:00,0.585,8.876
2020-05-25 03:00:00-03:00,0.511,8.328
2020-05-25 04:00:00-03:00,0.28,6.629
2020-05-25 05:00:00-03:00,0.169,5.595
2020-05-25 06:00:00-03:00,0.097,4.687
2020-05-25 07:00:00-03:00,0.031,3.341
2020-05-25 08:00:00-03:00,0.007,2.316
2020-05-25 09:00:00-03:00,0.024,3.1390000000000002
2020-05-25 10:00:00-03:00,0.212,6.022
2020-05-25 11:00:00-03:00,0.402,7.561
2020-05-25 12:00:00-03:00,0.527,8.443
2020-05-25 13:00:00-03:00,0.542,8.558
2020-05-25 14:00:00-03:00,0.7000000000000001,9.802
2020-05-25 15:00:00-03:00,0.858,11.599
2020-05-25 16:00:00-03:00,0.927,13.276
2020-05-25 17:00:00-03:00,0.9400000000000001,14.248
2020-05-25 18:00:00-03:00,0.9390000000000001,14.937
2020-05-25 19:00:00-03:00,0.923,15.906
2020-05-25 20:00:00-03:00,0.898,16.715
2020-05-25 21:00:00-03:00,0.874,17.303
2020-05-25 22:00:00-03:00,0.87,17.383
2020-05-25 23:00:00-03:00,0.9,16.655
2020-05-26 00:00:00-03:00,0.931,15.534
2020-05-26 01:00:00-03:00,0.9400000000000001,14.213
2020-05-26 02:00:00-03:00,0.914,12.808
2020-05-26 03:00:00-03:00,0.877,11.935
2020-05-26 04:00:00-03:00,0.8300000000000001,11.191
2020-05-26 05:00:00-03:00,0.8280000000000001,11.166
2020-05-26 06:00:00-03:00,0.794,10.742
2020-05-26 07:00:00-03:00,0.8260000000000001,11.139
2020-05-26 08:00:00-03:00,0.848,11.452
2020-05-26 09:00:00-03:00,0.8150000000000001,10.996
2020-05-26 10:00:00-03:00,0.642,9.323
2020-05-26 11:00:00-03:00,0.561,8.69
2020-05-26 12:00:00-03:00,0.633,9.239
2020-05-26 13:00:00-03:00,0.6930000000000001,9.739
2020-05-26 14:00:00-03:00,0.741,10.177
2020-05-26 15:00:00-03:00,0.775,10.531
2020-05-26 16:00:00-03:00,0.777,10.553
2020-05-26 17:00:00-03:00,0.744,10.209
2020-05-26 18:00:00-03:00,0.717,9.953
2020-05-26 19:00:00-03:00,0.767,10.445
2020-05-26 20:00:00-03:00,0.731,10.084
2020-05-26 21:00:00-03:00,0.719,9.974
2020-05-26 22:00:00-03:00,0.726,10.046
2020-05-26 23:00:00-03:00,0.722,10.0
2020-05-27 00:00:00-03:00,0.714,9.92
2020-05-27 01:00:00-03:00,0.7010000000000001,9.818
2020-05-27 02:00:00-03:00,0.6880000000000001,9.693
2020-05-27 03:00:00-03:00,0.671,9.558
2020-05-27 04:00:00-03:00,0.656,9.424
2020-05-27 05:00:00-03:00,0.627,9.199
2020-05-27 06:00:00-03:00,0.58,8.837
2020-05-27 07:00:00-03:00,0.5640000000000001,8.712
2020-05-27 08:00:00-03:00,0.5670000000000001,8.738
2020-05-27 09:00:00-03:00,0.58,8.831
2020-05-27 10:00:00-03:00,0.559,8.684
2020-05-27 11:00:00-03:00,0.40900000000000003,7.599
2020-05-27 12:00:00-03:00,0.28700000000000003,6.681
2020-05-27 13:00:00-03:00,0.252,6.391
2020-05-27 14:00:00-03:00,0.26,6.455
2020-05-27 15:00:00-03:00,0.309,6.851
2020-05-27 16:00:00-03:00,0.437,7.809
2020-05-27 17:00:00-03:00,0.589,8.905
2020-05-27 18:00:00-03:00,0.657,9.436
2020-05-27 19:00:00-03:00,0.64,9.304
2020-05-27 20:00:00-03:00,0.589,8.901
2020-05-27 21:00:00-03:00,0.495,8.222
2020-05-27 22:00:00-03:00,0.457,7.954
2020-05-27 23:00:00-03:00,0.383,7.415
2020-05-28 00:00:00-03:00,0.37,7.322
2020-05-28 01:00:00-03:00,0.404,7.571
2020-05-28 02:00:00-03:00,0.464,7.998
2020-05-28 03:00:00-03:00,0.5680000000000001,8.742
2020-05-28 04:00:00-03:00,0.604,9.01
2020-05-28 05:00:00-03:00,0.5700000000000001,8.763
2020-05-28 06:00:00-03:00,0.536,8.511
2020-05-28 07:00:00-03:00,0.489,8.178
2020-05-28 08:00:00-03:00,0.419,7.678
2020-05-28 09:00:00-03:00,0.391,7.477
2020-05-28 10:00:00-03:00,0.368,7.309
2020-05-28 11:00:00-03:00,0.292,6.724
2020-05-28 12:00:00-03:00,0.257,6.424
2020-05-28 13:00:00-03:00,0.314,6.898
2020-05-28 14:00:00-03:00,0.314,6.889
2020-05-28 15:00:00-03:00,0.298,6.765
2020-05-28 16:00:00-03:00,0.306,6.839
2020-05-28 17:00:00-03:00,0.424,7.719
2020-05-28 18:00:00-03:00,0.521,8.404
2020-05-28 19:00:00-03:00,0.5650000000000001,8.727
2020-05-28 20:00:00-03:00,0.586,8.886
2020-05-28 21:00:00-03:00,0.584,8.875
2020-05-28 22:00:00-03:00,0.5680000000000001,8.741
2020-05-28 23:00:00-03:00,0.555,8.65
2020-05-29 00:00:00-03:00,0.546,8.584
2020-05-29 01:00:00-03:00,0.526,8.44
2020-05-29 02:00:00-03:00,0.518,8.386
2020-05-29 03:00:00-03:00,0.543,8.564
2020-05-29 04:00:00-03:00,0.581,8.850999999999999
2020-05-29 05:00:00-03:00,0.601,8.995
2020-05-29 06:00:00-03:00,0.624,9.168
2020-05-29 07:00:00-03:00,0.601,8.99
2020-05-29 08:00:00-03:00,0.587,8.894
2020-05-29 09:00:00-03:00,0.546,8.593
2020-05-29 10:00:00-03:00,0.555,8.65
2020-05-29 11:00:00-03:00,0.47600000000000003,8.088
2020-05-29 12:00:00-03:00,0.444,7.851
2020-05-29 13:00:00-03:00,0.591,8.916
2020-05-29 14:00:00-03:00,0.547,8.597
2020-05-29 15:00:00-03:00,0.432,7.772
2020-05-29 16:00:00-03:00,0.37,7.322
2020-05-29 17:00:00-03:00,0.425,7.721
2020-05-29 18:00:00-03:00,0.493,8.213
2020-05-29 19:00:00-03:00,0.534,8.502
2020-05-29 20:00:00-03:00,0.539,8.538
2020-05-29 21:00:00-03:00,0.532,8.485
2020-05-29 22:00:00-03:00,0.529,8.469
2020-05-29 23:00:00-03:00,0.5710000000000001,8.771
2020-05-30 00:00:00-03:00,0.632,9.236
2020-05-30 01:00:00-03:00,0.609,9.063
2020-05-30 02:00:00-03:00,0.5650000000000001,8.727
2020-05-30 03:00:00-03:00,0.551,8.628
2020-05-30 04:00:00-03:00,0.526,8.441
2020-05-30 05:00:00-03:00,0.507,8.309
2020-05-30 06:00:00-03:00,0.486,8.154
2020-05-30 07:00:00-03:00,0.497,8.235
2020-05-30 08:00:00-03:00,0.429,7.746
2020-05-30 09:00:00-03:00,0.41100000000000003,7.617
2020-05-30 10:00:00-03:00,0.366,7.294
2020-05-30 11:00:00-03:00,0.251,6.379
2020-05-30 12:00:00-03:00,0.162,5.52
2020-05-30 13:00:00-03:00,0.139,5.256
2020-05-30 14:00:00-03:00,0.181,5.721
2020-05-30 15:00:00-03:00,0.261,6.464
2020-05-30 16:00:00-03:00,0.40900000000000003,7.602
2020-05-30 17:00:00-03:00,0.548,8.603
2020-05-30 18:00:00-03:00,0.622,9.159
2020-05-30 19:00:00-03:00,0.6910000000000001,9.727
2020-05-30 20:00:00-03:00,0.677,9.604
2020-05-30 21:00:00-03:00,0.638,9.285
2020-05-30 22:00:00-03:00,0.612,9.085
2020-05-30 23:00:00-03:00,0.6880000000000001,9.693
2020-05-31 00:00:00-03:00,0.738,10.156
2020-05-31 01:00:00-03:00,0.706,9.856
2020-05-31 02:00:00-03:00,0.667,9.517
2020-05-31 03:00:00-03:00,0.656,9.424
2020-05-31 04:00:00-03:00,0.596,8.963
2020-05-31 05:00:00-03:00,0.505,8.294
2020-05-31 06:00:00-03:00,0.493,8.211
2020-05-31 07:00:00-03:00,0.561,8.69
2020-05-31 08:00:00-03:00,0.521,8.409
2020-05-31 09:00:00-03:00,0.423,7.71
2020-05-31 10:00:00-03:00,0.339,7.085
2020-05-31 11:00:00-03:00,0.291,6.712
2020-05-31 12:00:00-03:00,0.243,6.312
2020-05-31 13:00:00-03:00,0.28,6.619
2020-05-31 14:00:00-03:00,0.399,7.532
2020-05-31 15:00:00-03:00,0.502,8.272
2020-05-31 16:00:00-03:00,0.599,8.983
2020-05-31 17:00:00-03:00,0.616,9.116
2020-05-31 18:00:00-03:00,0.624,9.173
2020-05-31 19:00:00-03:00,0.608,9.046
2020-05-31 20:00:00-03:00,0.596,8.961
2020-05-31 21:00:00-03:00,0.5750000000000001,8.798
2020-05-31 22:00:00-03:00,0.511,8.336
2020-05-31 23:00:00-03:00,0.47600000000000003,8.086
2020-06-01 00:00:00-03:00,0.527,8.451
2020-06-01 01:00:00-03:00,0.549,8.615
2020-06-01 02:00:00-03:00,0.608,9.048
2020-06-01 03:00:00-03:00,0.68,9.63
2020-06-01 04:00:00-03:00,0.747,10.242
2020-06-01 05:00:00-03:00,0.787,10.666
2020-06-01 06:00:00-03:00,0.8210000000000001,11.076
2020-06-01 07:00:00-03:00,0.8190000000000001,11.055
2020-06-01 08:00:00-03:00,0.8250000000000001,11.132
2020-06-01 09:00:00-03:00,0.81,10.942
2020-06-01 10:00:00-03:00,0.746,10.235
2020-06-01 11:00:00-03:00,0.653,9.398
2020-06-01 12:00:00-03:00,0.496,8.231
2020-06-01 13:00:00-03:00,0.363,7.265
2020-06-01 14:00:00-03:00,0.323,6.96
2020-06-01 15:00:00-03:00,0.513,8.346
2020-06-01 16:00:00-03:00,0.878,11.962
2020-06-01 17:00:00-03:00,0.912,12.748
2020-06-01 18:00:00-03:00,0.891,12.217
2020-06-01 19:00:00-03:00,0.916,12.844
2020-06-01 20:00:00-03:00,0.926,13.214
2020-06-01 21:00:00-03:00,0.927,13.243
2020-06-01 22:00:00-03:00,0.93,13.394
2020-06-01 23:00:00-03:00,0.935,13.649000000000001
2020-06-02 00:00:00-03:00,0.9400000000000001,14.114
2020-06-02 01:00:00-03:00,0.9400000000000001,14.782
2020-06-02 02:00:00-03:00,0.927,15.697
2020-06-02 03:00:00-03:00,0.899,16.693
2020-06-02 04:00:00-03:00,0.885,17.05
2020-06-02 05:00:00-03:00,0.876,17.263
2020-06-02 06:00:00-03:00,0.895,16.794
2020-06-02 07:00:00-03:00,0.921,15.969
2020-06-02 08:00:00-03:00,0.9390000000000001,14.942
2020-06-02 09:00:00-03:00,0.9380000000000001,13.865
2020-06-02 10:00:00-03:00,0.887,12.142
2020-06-02 11:00:00-03:00,0.8230000000000001,11.099
2020-06-02 12:00:00-03:00,0.8240000000000001,11.1
2020-06-02 13:00:00-03:00,0.845,11.412
2020-06-02 14:00:00-03:00,0.808,10.91
2020-06-02 15:00:00-03:00,0.75,10.278
2020-06-02 16:00:00-03:00,0.752,10.298
2020-06-02 17:00:00-03:00,0.753,10.3
2020-06-02 18:00:00-03:00,0.743,10.191
2020-06-02 19:00:00-03:00,0.757,10.341
2020-06-02 20:00:00-03:00,0.757,10.334
2020-06-02 21:00:00-03:00,0.714,9.927
2020-06-02 22:00:00-03:00,0.6990000000000001,9.794
2020-06-02 23:00:00-03:00,0.72,9.986
2020-06-03 00:00:00-03:00,0.704,9.837
2020-06-03 01:00:00-03:00,0.658,9.445
2020-06-03 02:00:00-03:00,0.656,9.433
2020-06-03 03:00:00-03:00,0.687,9.684
2020-06-03 04:00:00-03:00,0.6910000000000001,9.729
2020-06-03 05:00:00-03:00,0.724,10.024
2020-06-03 06:00:00-03:00,0.775,10.539
2020-06-03 07:00:00-03:00,0.863,11.7
2020-06-03 08:00:00-03:00,0.933,13.544
2020-06-03 09:00:00-03:00,0.9410000000000001,14.449
2020-06-03 10:00:00-03:00,0.927,15.703
2020-06-03 11:00:00-03:00,0.911,16.333
2020-06-03 12:00:00-03:00,0.902,16.614
2020-06-03 13:00:00-03:00,0.9,16.664
2020-06-03 14:00:00-03:00,0.887,16.986
2020-06-03 15:00:00-03:00,0.809,18.543
2020-06-03 16:00:00-03:00,0.615,21.183
2020-06-03 17:00:00-03:00,0.497,22.504
2020-06-03 18:00:00-03:00,0.47000000000000003,22.791
2020-06-03 19:00:00-03:00,0.595,21.41
2020-06-03 20:00:00-03:00,0.759,19.317
2020-06-03 21:00:00-03:00,0.848,17.833
2020-06-03 22:00:00-03:00,0.905,16.523
2020-06-03 23:00:00-03:00,0.918,16.099
2020-06-04 00:00:00-03:00,0.91,16.348
2020-06-04 01:00:00-03:00,0.918,16.078
2020-06-04 02:00:00-03:00,0.928,15.671
2020-06-04 03:00:00-03:00,0.9410000000000001,14.645
2020-06-04 04:00:00-03:00,0.9400000000000001,14.079
2020-06-04 05:00:00-03:00,0.932,13.509
2020-06-04 06:00:00-03:00,0.916,12.857
2020-06-04 07:00:00-03:00,0.905,12.552
2020-06-04 08:00:00-03:00,0.904,12.508
2020-06-04 09:00:00-03:00,0.896,12.333
2020-06-04 10:00:00-03:00,0.862,11.683
2020-06-04 11:00:00-03:00,0.81,10.942
2020-06-04 12:00:00-03:00,0.808,10.913
2020-06-04 13:00:00-03:00,0.886,12.12
2020-06-04 14:00:00-03:00,0.923,13.08
2020-06-04 15:00:00-03:00,0.933,13.551
2020-06-04 16:00:00-03:00,0.93,13.407
2020-06-04 17:00:00-03:00,0.925,13.197
2020-06-04 18:00:00-03:00,0.904,12.519
2020-06-04 19:00:00-03:00,0.862,11.667
2020-06-04 20:00:00-03:00,0.833,11.232
2020-06-04 21:00:00-03:00,0.8310000000000001,11.213
2020-06-04 22:00:00-03:00,0.8290000000000001,11.184
2020-06-04 23:00:00-03:00,0.8150000000000001,11.002
2020-06-05 00:00:00-03:00,0.757,10.337
2020-06-05 01:00:00-03:00,0.677,9.61
2020-06-05 02:00:00-03:00,0.655,9.415
2020-06-05 03:00:00-03:00,0.718,9.971
2020-06-05 04:00:00-03:00,0.765,10.418
2020-06-05 05:00:00-03:00,0.79,10.7
2020-06-05 06:00:00-03:00,0.802,10.836
2020-06-05 07:00:00-03:00,0.808,10.913
2020-06-05 08:00:00-03:00,0.8290000000000001,11.179
2020-06-05 09:00:00-03:00,0.838,11.303
2020-06-05 10:00:00-03:00,0.8300000000000001,11.192
2020-06-05 11:00:00-03:00,0.842,11.372
2020-06-05 12:00:00-03:00,0.862,11.676
2020-06-05 13:00:00-03:00,0.875,11.902
2020-06-05 14:00:00-03:00,0.882,12.026
2020-06-05 15:00:00-03:00,0.9380000000000001,13.9
2020-06-05 16:00:00-03:00,0.9400000000000001,14.81
2020-06-05 17:00:00-03:00,0.9400000000000001,14.666
2020-06-05 18:00:00-03:00,0.9380000000000001,13.899000000000001
2020-06-05 19:00:00-03:00,0.924,13.13
2020-06-05 20:00:00-03:00,0.899,12.395
2020-06-05 21:00:00-03:00,0.859,11.631
2020-06-05 22:00:00-03:00,0.795,10.751
2020-06-05 23:00:00-03:00,0.676,9.597
2020-06-06 00:00:00-03:00,0.521,8.399000000000001
2020-06-06 01:00:00-03:00,0.454,7.926
2020-06-06 02:00:00-03:00,0.4,7.546
2020-06-06 03:00:00-03:00,0.397,7.517
2020-06-06 04:00:00-03:00,0.41600000000000004,7.651
2020-06-06 05:00:00-03:00,0.452,7.913
2020-06-06 06:00:00-03:00,0.511,8.335
2020-06-06 07:00:00-03:00,0.513,8.345
2020-06-06 08:00:00-03:00,0.528,8.461
2020-06-06 09:00:00-03:00,0.533,8.5
2020-06-06 10:00:00-03:00,0.47000000000000003,8.044
2020-06-06 11:00:00-03:00,0.289,6.696
2020-06-06 12:00:00-03:00,0.184,5.752
2020-06-06 13:00:00-03:00,0.158,5.466
2020-06-06 14:00:00-03:00,0.138,5.241
2020-06-06 15:00:00-03:00,0.222,6.123
2020-06-06 16:00:00-03:00,0.507,8.3
2020-06-06 17:00:00-03:00,0.6940000000000001,9.757
2020-06-06 18:00:00-03:00,0.729,10.07
2020-06-06 19:00:00-03:00,0.7020000000000001,9.819
2020-06-06 20:00:00-03:00,0.638,9.286
2020-06-06 21:00:00-03:00,0.586,8.884
2020-06-06 22:00:00-03:00,0.5730000000000001,8.785
2020-06-06 23:00:00-03:00,0.633,9.244
2020-06-07 00:00:00-03:00,0.708,9.88
2020-06-07 01:00:00-03:00,0.778,10.566
2020-06-07 02:00:00-03:00,0.788,10.672
2020-06-07 03:00:00-03:00,0.77,10.478
2020-06-07 04:00:00-03:00,0.772,10.502
2020-06-07 05:00:00-03:00,0.733,10.109
2020-06-07 06:00:00-03:00,0.709,9.881
2020-06-07 07:00:00-03:00,0.6880000000000001,9.697
2020-06-07 08:00:00-03:00,0.6990000000000001,9.794
2020-06-07 09:00:00-03:00,0.804,10.849
2020-06-07 10:00:00-03:00,0.914,12.806000000000001
2020-06-07 11:00:00-03:00,0.936,13.757
2020-06-07 12:00:00-03:00,0.929,13.326
2020-06-07 13:00:00-03:00,0.919,12.949
2020-06-07 14:00:00-03:00,0.927,13.239
2020-06-07 15:00:00-03:00,0.934,13.586
2020-06-07 16:00:00-03:00,0.937,13.844
2020-06-07 17:00:00-03:00,0.9380000000000001,13.948
2020-06-07 18:00:00-03:00,0.9380000000000001,13.881
2020-06-07 19:00:00-03:00,0.911,12.725
2020-06-07 20:00:00-03:00,0.863,11.687
2020-06-07 21:00:00-03:00,0.834,11.24
2020-06-07 22:00:00-03:00,0.797,10.776
2020-06-07 23:00:00-03:00,0.762,10.391
2020-06-08 00:00:00-03:00,0.721,9.999
2020-06-08 01:00:00-03:00,0.685,9.668
2020-06-08 02:00:00-03:00,0.721,10.0
2020-06-08 03:00:00-03:00,0.764,10.411
2020-06-08 04:00:00-03:00,0.788,10.682
2020-06-08 05:00:00-03:00,0.799,10.806000000000001
2020-06-08 06:00:00-03:00,0.8320000000000001,11.222
2020-06-08 07:00:00-03:00,0.862,11.672
2020-06-08 08:00:00-03:00,0.899,12.396
2020-06-08 09:00:00-03:00,0.929,13.338
2020-06-08 10:00:00-03:00,0.9400000000000001,14.105
2020-06-08 11:00:00-03:00,0.9410000000000001,14.456
2020-06-08 12:00:00-03:00,0.921,15.968
2020-06-08 13:00:00-03:00,0.909,16.372
2020-06-08 14:00:00-03:00,0.937,15.088
2020-06-08 15:00:00-03:00,0.936,13.732
2020-06-08 16:00:00-03:00,0.862,11.683
2020-06-08 17:00:00-03:00,0.589,8.901
2020-06-08 18:00:00-03:00,0.186,5.773
2020-06-08 19:00:00-03:00,0.073,4.301
2020-06-08 20:00:00-03:00,0.242,6.305
2020-06-08 21:00:00-03:00,0.511,8.327
2020-06-08 22:00:00-03:00,0.622,9.161
2020-06-08 23:00:00-03:00,0.639,9.297
2020-06-09 00:00:00-03:00,0.658,9.449
2020-06-09 01:00:00-03:00,0.671,9.558
2020-06-09 02:00:00-03:00,0.7000000000000001,9.808
2020-06-09 03:00:00-03:00,0.6940000000000001,9.753
2020-06-09 04:00:00-03:00,0.6940000000000001,9.757
2020-06-09 05:00:00-03:00,0.712,9.908
2020-06-09 06:00:00-03:00,0.779,10.572
2020-06-09 07:00:00-03:00,0.768,10.458
2020-06-09 08:00:00-03:00,0.8300000000000001,11.193
2020-06-09 09:00:00-03:00,0.8180000000000001,11.034
2020-06-09 10:00:00-03:00,0.771,10.485
2020-06-09 11:00:00-03:00,0.636,9.275
2020-06-09 12:00:00-03:00,0.593,8.942
2020-06-09 13:00:00-03:00,0.647,9.358
2020-06-09 14:00:00-03:00,0.805,10.865
2020-06-09 15:00:00-03:00,0.875,11.903
2020-06-09 16:00:00-03:00,0.899,12.411
2020-06-09 17:00:00-03:00,0.861,11.649000000000001
2020-06-09 18:00:00-03:00,0.679,9.624
2020-06-09 19:00:00-03:00,0.562,8.705
2020-06-09 20:00:00-03:00,0.534,8.503
2020-06-09 21:00:00-03:00,0.5730000000000001,8.791
2020-06-09 22:00:00-03:00,0.675,9.582
2020-06-09 23:00:00-03:00,0.719,9.979
2020-06-10 00:00:00-03:00,0.737,10.143
2020-06-10 01:00:00-03:00,0.8210000000000001,11.071
2020-06-10 02:00:00-03:00,0.9380000000000001,13.934
2020-06-10 03:00:00-03:00,0.897,16.735
2020-06-10 04:00:00-03:00,0.801,18.658
2020-06-10 05:00:00-03:00,0.8200000000000001,18.347
2020-06-10 06:00:00-03:00,0.872,17.347
2020-06-10 07:00:00-03:00,0.904,16.546
2020-06-10 08:00:00-03:00,0.921,15.956
2020-06-10 09:00:00-03:00,0.934,15.357
2020-06-10 10:00:00-03:00,0.9400000000000001,14.736
2020-06-10 11:00:00-03:00,0.937,13.85
2020-06-10 12:00:00-03:00,0.93,13.368
2020-06-10 13:00:00-03:00,0.931,13.448
2020-06-10 14:00:00-03:00,0.933,13.527
2020-06-10 15:00:00-03:00,0.929,13.352
2020-06-10 16:00:00-03:00,0.92,12.997
2020-06-10 17:00:00-03:00,0.91,12.667
2020-06-10 18:00:00-03:00,0.897,12.353
2020-06-10 19:00:00-03:00,0.859,11.621
2020-06-10 20:00:00-03:00,0.8,10.812
2020-06-10 21:00:00-03:00,0.774,10.518
2020-06-10 22:00:00-03:00,0.741,10.183
2020-06-10 23:00:00-03:00,0.704,9.842
2020-06-11 00:00:00-03:00,0.676,9.594
2020-06-11 01:00:00-03:00,0.638,9.284
2020-06-11 02:00:00-03:00,0.622,9.154
2020-06-11 03:00:00-03:00,0.64,9.303
2020-06-11 04:00:00-03:00,0.656,9.424
2020-06-11 05:00:00-03:00,0.661,9.46
2020-06-11 06:00:00-03:00,0.664,9.501
2020-06-11 07:00:00-03:00,0.653,9.41
2020-06-11 08:00:00-03:00,0.637,9.281
2020-06-11 09:00:00-03:00,0.647,9.359
2020-06-11 10:00:00-03:00,0.656,9.421
2020-06-11 11:00:00-03:00,0.616,9.111
2020-06-11 12:00:00-03:00,0.719,9.975999999999999
2020-06-11 13:00:00-03:00,0.787,10.664
2020-06-11 14:00:00-03:00,0.765,10.428
2020-06-11 15:00:00-03:00,0.7000000000000001,9.808
2020-06-11 16:00:00-03:00,0.661,9.464
2020-06-11 17:00:00-03:00,0.716,9.942
2020-06-11 18:00:00-03:00,0.774,10.519
2020-06-11 19:00:00-03:00,0.759,10.356
2020-06-11 20:00:00-03:00,0.741,10.171
2020-06-11 21:00:00-03:00,0.726,10.042
2020-06-11 22:00:00-03:00,0.705,9.85
2020-06-11 23:00:00-03:00,0.6960000000000001,9.771
2020-06-12 00:00:00-03:00,0.6950000000000001,9.759
2020-06-12 01:00:00-03:00,0.6980000000000001,9.785
2020-06-12 02:00:00-03:00,0.6980000000000001,9.791
2020-06-12 03:00:00-03:00,0.6940000000000001,9.746
2020-06-12 04:00:00-03:00,0.704,9.831
2020-06-12 05:00:00-03:00,0.716,9.951
2020-06-12 06:00:00-03:00,0.733,10.111
2020-06-12 07:00:00-03:00,0.748,10.257
2020-06-12 08:00:00-03:00,0.761,10.383
2020-06-12 09:00:00-03:00,0.767,10.443
2020-06-12 10:00:00-03:00,0.759,10.363
2020-06-12 11:00:00-03:00,0.78,10.576
2020-06-12 12:00:00-03:00,0.8300000000000001,11.191
2020-06-12 13:00:00-03:00,0.865,11.723
2020-06-12 14:00:00-03:00,0.854,11.551
2020-06-12 15:00:00-03:00,0.8300000000000001,11.192
2020-06-12 16:00:00-03:00,0.784,10.622
2020-06-12 17:00:00-03:00,0.763,10.402
2020-06-12 18:00:00-03:00,0.778,10.562
2020-06-12 19:00:00-03:00,0.765,10.431
2020-06-12 20:00:00-03:00,0.759,10.364
2020-06-12 21:00:00-03:00,0.763,10.408
2020-06-12 22:00:00-03:00,0.798,10.796
2020-06-12 23:00:00-03:00,0.772,10.489
2020-06-13 00:00:00-03:00,0.734,10.118
2020-06-13 01:00:00-03:00,0.738,10.146
2020-06-13 02:00:00-03:00,0.714,9.918
2020-06-13 03:00:00-03:00,0.6920000000000001,9.733
2020-06-13 04:00:00-03:00,0.67,9.545
2020-06-13 05:00:00-03:00,0.66,9.457
2020-06-13 06:00:00-03:00,0.624,9.175
2020-06-13 07:00:00-03:00,0.586,8.887
2020-06-13 08:00:00-03:00,0.507,8.3
2020-06-13 09:00:00-03:00,0.429,7.745
2020-06-13 10:00:00-03:00,0.314,6.894
2020-06-13 11:00:00-03:00,0.2,5.917
2020-06-13 12:00:00-03:00,0.122,5.034
2020-06-13 13:00:00-03:00,0.077,4.355
2020-06-13 14:00:00-03:00,0.04,3.61
2020-06-13 15:00:00-03:00,0.015,2.79
2020-06-13 16:00:00-03:00,0.005,2.185
2020-06-13 17:00:00-03:00,0.006,2.271
2020-06-13 18:00:00-03:00,0.02,2.966
2020-06-13 19:00:00-03:00,0.045,3.724
2020-06-13 20:00:00-03:00,0.083,4.458
2020-06-13 21:00:00-03:00,0.165,5.541
2020-06-13 22:00:00-03:00,0.28500000000000003,6.665
2020-06-13 23:00:00-03:00,0.393,7.487
2020-06-14 00:00:00-03:00,0.47400000000000003,8.071
2020-06-14 01:00:00-03:00,0.58,8.839
2020-06-14 02:00:00-03:00,0.672,9.562
2020-06-14 03:00:00-03:00,0.728,10.057
2020-06-14 04:00:00-03:00,0.775,10.528
2020-06-14 05:00:00-03:00,0.8240000000000001,11.106
2020-06-14 06:00:00-03:00,0.834,11.243
2020-06-14 07:00:00-03:00,0.8210000000000001,11.073
2020-06-14 08:00:00-03:00,0.806,10.883
2020-06-14 09:00:00-03:00,0.786,10.648
2020-06-14 10:00:00-03:00,0.723,10.017
2020-06-14 11:00:00-03:00,0.604,9.02
2020-06-14 12:00:00-03:00,0.5,8.254
2020-06-14 13:00:00-03:00,0.38,7.389
2020-06-14 14:00:00-03:00,0.327,6.993
2020-06-14 15:00:00-03:00,0.32,6.944
2020-06-14 16:00:00-03:00,0.248,6.354
2020-06-14 17:00:00-03:00,0.213,6.032
2020-06-14 18:00:00-03:00,0.189,5.7940000000000005
2020-06-14 19:00:00-03:00,0.163,5.526
2020-06-14 20:00:00-03:00,0.158,5.458
2020-06-14 21:00:00-03:00,0.14400000000000002,5.299
2020-06-14 22:00:00-03:00,0.14,5.259
2020-06-14 23:00:00-03:00,0.16,5.495
2020-06-15 00:00:00-03:00,0.20800000000000002,5.991
2020-06-15 01:00:00-03:00,0.265,6.5
2020-06-15 02:00:00-03:00,0.334,7.055
2020-06-15 03:00:00-03:00,0.42,7.69
2020-06-15 04:00:00-03:00,0.5,8.254
2020-06-15 05:00:00-03:00,0.5640000000000001,8.72
2020-06-15 06:00:00-03:00,0.5720000000000001,8.777
2020-06-15 07:00:00-03:00,0.5700000000000001,8.758
2020-06-15 08:00:00-03:00,0.595,8.951
2020-06-15 09:00:00-03:00,0.655,9.419
2020-06-15 10:00:00-03:00,0.607,9.042
2020-06-15 11:00:00-03:00,0.515,8.369
2020-06-15 12:00:00-03:00,0.418,7.661
2020-06-15 13:00:00-03:00,0.318,6.924
2020-06-15 14:00:00-03:00,0.246,6.337
2020-06-15 15:00:00-03:00,0.233,6.215
2020-06-15 16:00:00-03:00,0.319,6.936
2020-06-15 17:00:00-03:00,0.365,7.291
2020-06-15 18:00:00-03:00,0.334,7.054
2020-06-15 19:00:00-03:00,0.253,6.396
2020-06-15 20:00:00-03:00,0.162,5.515
2020-06-15 21:00:00-03:00,0.127,5.107
2020-06-15 22:00:00-03:00,0.129,5.131
2020-06-15 23:00:00-03:00,0.116,4.953
2020-06-16 00:00:00-03:00,0.077,4.365
2020-06-16 01:00:00-03:00,0.041,3.628
2020-06-16 02:00:00-03:00,0.017,2.885
2020-06-16 03:00:00-03:00,0.008,2.393
2020-06-16 04:00:00-03:00,0.014,2.73
2020-06-16 05:00:00-03:00,0.045,3.723
2020-06-16 06:00:00-03:00,0.089,4.565
2020-06-16 07:00:00-03:00,0.125,5.063
2020-06-16 08:00:00-03:00,0.136,5.211
2020-06-16 09:00:00-03:00,0.158,5.466
2020-06-16 10:00:00-03:00,0.163,5.525
2020-06-16 11:00:00-03:00,0.126,5.091
2020-06-16 12:00:00-03:00,0.094,4.634
2020-06-16 13:00:00-03:00,0.108,4.8469999999999995
2020-06-16 14:00:00-03:00,0.154,5.425
2020-06-16 15:00:00-03:00,0.212,6.024
2020-06-16 16:00:00-03:00,0.321,6.952
2020-06-16 17:00:00-03:00,0.448,7.891
2020-06-16 18:00:00-03:00,0.504,8.288
2020-06-16 19:00:00-03:00,0.502,8.273
2020-06-16 20:00:00-03:00,0.481,8.117
2020-06-16 21:00:00-03:00,0.467,8.021
2020-06-16 22:00:00-03:00,0.453,7.918
2020-06-16 23:00:00-03:00,0.458,7.959
2020-06-17 00:00:00-03:00,0.454,7.931
2020-06-17 01:00:00-03:00,0.431,7.759
2020-06-17 02:00:00-03:00,0.41200000000000003,7.629
2020-06-17 03:00:00-03:00,0.381,7.395
2020-06-17 04:00:00-03:00,0.328,7.006
2020-06-17 05:00:00-03:00,0.264,6.482
2020-06-17 06:00:00-03:00,0.211,6.014
2020-06-17 07:00:00-03:00,0.17200000000000001,5.63
2020-06-17 08:00:00-03:00,0.135,5.195
2020-06-17 09:00:00-03:00,0.106,4.817
2020-06-17 10:00:00-03:00,0.083,4.464
2020-06-17 11:00:00-03:00,0.042,3.635
2020-06-17 12:00:00-03:00,0.017,2.885
2020-06-17 13:00:00-03:00,0.005,2.177
2020-06-17 14:00:00-03:00,0.001,1.625
2020-06-17 15:00:00-03:00,0.001,1.5310000000000001
2020-06-17 16:00:00-03:00,0.007,2.359
2020-06-17 17:00:00-03:00,0.047,3.76
2020-06-17 18:00:00-03:00,0.137,5.233
2020-06-17 19:00:00-03:00,0.23,6.191
2020-06-17 20:00:00-03:00,0.271,6.55
2020-06-17 21:00:00-03:00,0.275,6.579
2020-06-17 22:00:00-03:00,0.266,6.514
2020-06-17 23:00:00-03:00,0.27,6.541
2020-06-18 00:00:00-03:00,0.224,6.143
2020-06-18 01:00:00-03:00,0.17200000000000001,5.625
2020-06-18 02:00:00-03:00,0.14,5.268
2020-06-18 03:00:00-03:00,0.137,5.232
2020-06-18 04:00:00-03:00,0.17,5.609
2020-06-18 05:00:00-03:00,0.218,6.078
2020-06-18 06:00:00-03:00,0.27,6.543
2020-06-18 07:00:00-03:00,0.324,6.978
2020-06-18 08:00:00-03:00,0.35100000000000003,7.175
2020-06-18 09:00:00-03:00,0.455,7.94
2020-06-18 10:00:00-03:00,0.437,7.8100000000000005
2020-06-18 11:00:00-03:00,0.417,7.659
2020-06-18 12:00:00-03:00,0.461,7.98
2020-06-18 13:00:00-03:00,0.45,7.897
2020-06-18 14:00:00-03:00,0.394,7.491
2020-06-18 15:00:00-03:00,0.35000000000000003,7.169
2020-06-18 16:00:00-03:00,0.339,7.092
2020-06-18 17:00:00-03:00,0.34400000000000003,7.128
2020-06-18 18:00:00-03:00,0.281,6.636
2020-06-18 19:00:00-03:00,0.221,6.103
2020-06-18 20:00:00-03:00,0.169,5.598
2020-06-18 21:00:00-03:00,0.11900000000000001,5.001
2020-06-18 22:00:00-03:00,0.088,4.537
2020-06-18 23:00:00-03:00,0.068,4.198
2020-06-19 00:00:00-03:00,0.048,3.794
2020-06-19 01:00:00-03:00,0.023,3.1
2020-06-19 02:00:00-03:00,0.015,2.776
2020-06-19 03:00:00-03:00,0.017,2.87
2020-06-19 04:00:00-03:00,0.016,2.84
2020-06-19 05:00:00-03:00,0.016,2.823
2020-06-19 06:00:00-03:00,0.016,2.818
2020-06-19 07:00:00-03:00,0.014,2.724
2020-06-19 08:00:00-03:00,0.014,2.708
2020-06-19 09:00:00-03:00,0.025,3.167
2020-06-19 10:00:00-03:00,0.074,4.311
2020-06-19 11:00:00-03:00,0.145,5.31
2020-06-19 12:00:00-03:00,0.266,6.514
2020-06-19 13:00:00-03:00,0.377,7.368
2020-06-19 14:00:00-03:00,0.513,8.345
2020-06-19 15:00:00-03:00,0.666,9.509
2020-06-19 16:00:00-03:00,0.674,9.577
2020-06-19 17:00:00-03:00,0.673,9.571
2020-06-19 18:00:00-03:00,0.592,8.934
2020-06-19 19:00:00-03:00,0.47900000000000004,8.112
2020-06-19 20:00:00-03:00,0.387,7.443
2020-06-19 21:00:00-03:00,0.314,6.891
2020-06-19 22:00:00-03:00,0.28400000000000003,6.656
2020-06-19 23:00:00-03:00,0.289,6.694
2020-06-20 00:00:00-03:00,0.265,6.5
2020-06-20 01:00:00-03:00,0.23900000000000002,6.276
2020-06-20 02:00:00-03:00,0.23600000000000002,6.24
2020-06-20 03:00:00-03:00,0.212,6.025
2020-06-20 04:00:00-03:00,0.191,5.827
2020-06-20 05:00:00-03:00,0.211,6.009
2020-06-20 06:00:00-03:00,0.275,6.579
2020-06-20 07:00:00-03:00,0.34800000000000003,7.161
2020-06-20 08:00:00-03:00,0.423,7.712
2020-06-20 09:00:00-03:00,0.511,8.329
2020-06-20 10:00:00-03:00,0.536,8.514
2020-06-20 11:00:00-03:00,0.499,8.244
2020-06-20 12:00:00-03:00,0.383,7.414
2020-06-20 13:00:00-03:00,0.265,6.49
2020-06-20 14:00:00-03:00,0.253,6.401
2020-06-20 15:00:00-03:00,0.261,6.46
2020-06-20 16:00:00-03:00,0.297,6.753
2020-06-20 17:00:00-03:00,0.34400000000000003,7.13
2020-06-20 18:00:00-03:00,0.403,7.565
2020-06-20 19:00:00-03:00,0.562,8.705
2020-06-20 20:00:00-03:00,0.757,10.335
2020-06-20 21:00:00-03:00,0.795,10.752
2020-06-20 22:00:00-03:00,0.766,10.434
2020-06-20 23:00:00-03:00,0.713,9.916
2020-06-21 00:00:00-03:00,0.634,9.252
2020-06-21 01:00:00-03:00,0.683,9.66
2020-06-21 02:00:00-03:00,0.6890000000000001,9.703
2020-06-21 03:00:00-03:00,0.737,10.143
2020-06-21 04:00:00-03:00,0.738,10.148
2020-06-21 05:00:00-03:00,0.724,10.024
2020-06-21 06:00:00-03:00,0.68,9.636
2020-06-21 07:00:00-03:00,0.626,9.186
2020-06-21 08:00:00-03:00,0.531,8.48
2020-06-21 09:00:00-03:00,0.419,7.676
2020-06-21 10:00:00-03:00,0.34800000000000003,7.155
2020-06-21 11:00:00-03:00,0.295,6.743
2020-06-21 12:00:00-03:00,0.23900000000000002,6.272
2020-06-21 13:00:00-03:00,0.211,6.017
2020-06-21 14:00:00-03:00,0.218,6.078
2020-06-21 15:00:00-03:00,0.268,6.529
2020-06-21 16:00:00-03:00,0.333,7.047
2020-06-21 17:00:00-03:00,0.426,7.73
2020-06-21 18:00:00-03:00,0.481,8.116
2020-06-21 19:00:00-03:00,0.443,7.848
2020-06-21 20:00:00-03:00,0.35100000000000003,7.18
2020-06-21 21:00:00-03:00,0.263,6.477
2020-06-21 22:00:00-03:00,0.137,5.227
2020-06-21 23:00:00-03:00,0.085,4.492
2020-06-22 00:00:00-03:00,0.084,4.477
2020-06-22 01:00:00-03:00,0.125,5.068
2020-06-22 02:00:00-03:00,0.264,6.484
2020-06-22 03:00:00-03:00,0.421,7.694
2020-06-22 04:00:00-03:00,0.461,7.981
2020-06-22 05:00:00-03:00,0.47200000000000003,8.059
2020-06-22 06:00:00-03:00,0.41300000000000003,7.635
2020-06-22 07:00:00-03:00,0.439,7.823
2020-06-22 08:00:00-03:00,0.533,8.491
2020-06-22 09:00:00-03:00,0.59,8.912
2020-06-22 10:00:00-03:00,0.601,8.991
2020-06-22 11:00:00-03:00,0.5640000000000001,8.725999999999999
2020-06-22 12:00:00-03:00,0.592,8.93
2020-06-22 13:00:00-03:00,0.675,9.581
2020-06-22 14:00:00-03:00,0.612,9.085
2020-06-22 15:00:00-03:00,0.633,9.248
2020-06-22 16:00:00-03:00,0.603,9.009
2020-06-22 17:00:00-03:00,0.615,9.109
2020-06-22 18:00:00-03:00,0.629,9.216
2020-06-22 19:00:00-03:00,0.624,9.169
2020-06-22 20:00:00-03:00,0.596,8.963
2020-06-22 21:00:00-03:00,0.577,8.818
2020-06-22 22:00:00-03:00,0.582,8.856
2020-06-22 23:00:00-03:00,0.547,8.596
2020-06-23 00:00:00-03:00,0.53,8.477
2020-06-23 01:00:00-03:00,0.529,8.465
2020-06-23 02:00:00-03:00,0.51,8.324
2020-06-23 03:00:00-03:00,0.519,8.392
2020-06-23 04:00:00-03:00,0.548,8.609
2020-06-23 05:00:00-03:00,0.633,9.25
2020-06-23 06:00:00-03:00,0.638,9.289
2020-06-23 07:00:00-03:00,0.594,8.948
2020-06-23 08:00:00-03:00,0.547,8.599
2020-06-23 09:00:00-03:00,0.555,8.653
2020-06-23 10:00:00-03:00,0.546,8.582
2020-06-23 11:00:00-03:00,0.546,8.588
2020-06-23 12:00:00-03:00,0.627,9.201
2020-06-23 13:00:00-03:00,0.727,10.048
2020-06-23 14:00:00-03:00,0.741,10.171
2020-06-23 15:00:00-03:00,0.765,10.426
2020-06-23 16:00:00-03:00,0.774,10.526
2020-06-23 17:00:00-03:00,0.783,10.615
2020-06-23 18:00:00-03:00,0.78,10.585
2020-06-23 19:00:00-03:00,0.77,10.475
2020-06-23 20:00:00-03:00,0.742,10.189
2020-06-23 21:00:00-03:00,0.707,9.871
2020-06-23 22:00:00-03:00,0.6930000000000001,9.739
2020-06-23 23:00:00-03:00,0.672,9.567
2020-06-24 00:00:00-03:00,0.661,9.468
2020-06-24 01:00:00-03:00,0.675,9.59
2020-06-24 02:00:00-03:00,0.681,9.64
2020-06-24 03:00:00-03:00,0.678,9.618
2020-06-24 04:00:00-03:00,0.65,9.384
2020-06-24 05:00:00-03:00,0.656,9.429
2020-06-24 06:00:00-03:00,0.646,9.351
2020-06-24 07:00:00-03:00,0.638,9.283
2020-06-24 08:00:00-03:00,0.61,9.065
2020-06-24 09:00:00-03:00,0.499,8.24
2020-06-24 10:00:00-03:00,0.399,7.529
2020-06-24 11:00:00-03:00,0.298,6.772
2020-06-24 12:00:00-03:00,0.266,6.5120000000000005
2020-06-24 13:00:00-03:00,0.317,6.917
2020-06-24 14:00:00-03:00,0.467,8.022
2020-06-24 15:00:00-03:00,0.642,9.319
2020-06-24 16:00:00-03:00,0.763,10.406
2020-06-24 17:00:00-03:00,0.749,10.262
2020-06-24 18:00:00-03:00,0.728,10.058
2020-06-24 19:00:00-03:00,0.714,9.919
2020-06-24 20:00:00-03:00,0.66,9.458
2020-06-24 21:00:00-03:00,0.592,8.933
2020-06-24 22:00:00-03:00,0.546,8.586
2020-06-24 23:00:00-03:00,0.47200000000000003,8.057
2020-06-25 00:00:00-03:00,0.385,7.432
2020-06-25 01:00:00-03:00,0.293,6.725
2020-06-25 02:00:00-03:00,0.217,6.074
2020-06-25 03:00:00-03:00,0.183,5.744
2020-06-25 04:00:00-03:00,0.169,5.59
2020-06-25 05:00:00-03:00,0.15,5.379
2020-06-25 06:00:00-03:00,0.14200000000000002,5.277
2020-06-25 07:00:00-03:00,0.14200000000000002,5.281
2020-06-25 08:00:00-03:00,0.128,5.119
2020-06-25 09:00:00-03:00,0.096,4.666
2020-06-25 10:00:00-03:00,0.058,4.001
2020-06-25 11:00:00-03:00,0.028,3.275
2020-06-25 12:00:00-03:00,0.017,2.854
2020-06-25 13:00:00-03:00,0.02,2.9619999999999997
2020-06-25 14:00:00-03:00,0.033,3.4050000000000002
2020-06-25 15:00:00-03:00,0.062,4.093
2020-06-25 16:00:00-03:00,0.115,4.946
2020-06-25 17:00:00-03:00,0.158,5.47
2020-06-25 18:00:00-03:00,0.17200000000000001,5.627
2020-06-25 19:00:00-03:00,0.17500000000000002,5.656
2020-06-25 20:00:00-03:00,0.184,5.75
2020-06-25 21:00:00-03:00,0.184,5.757
2020-06-25 22:00:00-03:00,0.167,5.566
2020-06-25 23:00:00-03:00,0.139,5.247
2020-06-26 00:00:00-03:00,0.107,4.833
2020-06-26 01:00:00-03:00,0.082,4.445
2020-06-26 02:00:00-03:00,0.061,4.077
2020-06-26 03:00:00-03:00,0.052000000000000005,3.872
2020-06-26 04:00:00-03:00,0.06,4.031
2020-06-26 05:00:00-03:00,0.082,4.441
2020-06-26 06:00:00-03:00,0.115,4.947
2020-06-26 07:00:00-03:00,0.131,5.151
2020-06-26 08:00:00-03:00,0.127,5.105
2020-06-26 09:00:00-03:00,0.126,5.087
2020-06-26 10:00:00-03:00,0.11900000000000001,4.992
2020-06-26 11:00:00-03:00,0.105,4.793
2020-06-26 12:00:00-03:00,0.069,4.223
2020-06-26 13:00:00-03:00,0.053,3.886
2020-06-26 14:00:00-03:00,0.056,3.951
2020-06-26 15:00:00-03:00,0.088,4.5440000000000005
2020-06-26 16:00:00-03:00,0.152,5.399
2020-06-26 17:00:00-03:00,0.213,6.027
2020-06-26 18:00:00-03:00,0.264,6.483
2020-06-26 19:00:00-03:00,0.304,6.818
2020-06-26 20:00:00-03:00,0.324,6.976
2020-06-26 21:00:00-03:00,0.323,6.9719999999999995
2020-06-26 22:00:00-03:00,0.334,7.053
2020-06-26 23:00:00-03:00,0.354,7.203
2020-06-27 00:00:00-03:00,0.384,7.43
2020-06-27 01:00:00-03:00,0.432,7.773
2020-06-27 02:00:00-03:00,0.48,8.115
2020-06-27 03:00:00-03:00,0.524,8.429
2020-06-27 04:00:00-03:00,0.546,8.591
2020-06-27 05:00:00-03:00,0.5640000000000001,8.71
2020-06-27 06:00:00-03:00,0.592,8.93
2020-06-27 07:00:00-03:00,0.589,8.908
2020-06-27 08:00:00-03:00,0.548,8.609
2020-06-27 09:00:00-03:00,0.504,8.288
2020-06-27 10:00:00-03:00,0.464,7.998
2020-06-27 11:00:00-03:00,0.369,7.316
2020-06-27 12:00:00-03:00,0.242,6.305
2020-06-27 13:00:00-03:00,0.20700000000000002,5.975
2020-06-27 14:00:00-03:00,0.221,6.109
2020-06-27 15:00:00-03:00,0.20800000000000002,5.993
2020-06-27 16:00:00-03:00,0.233,6.215
2020-06-27 17:00:00-03:00,0.225,6.147
2020-06-27 18:00:00-03:00,0.164,5.534
2020-06-27 19:00:00-03:00,0.093,4.622
2020-06-27 20:00:00-03:00,0.046,3.745
2020-06-27 21:00:00-03:00,0.02,2.984
2020-06-27 22:00:00-03:00,0.009000000000000001,2.463
2020-06-27 23:00:00-03:00,0.009000000000000001,2.466
2020-06-28 00:00:00-03:00,0.023,3.086
2020-06-28 01:00:00-03:00,0.06,4.048
2020-06-28 02:00:00-03:00,0.111,4.881
2020-06-28 03:00:00-03:00,0.152,5.409
2020-06-28 04:00:00-03:00,0.151,5.395
2020-06-28 05:00:00-03:00,0.11900000000000001,5.003
2020-06-28 06:00:00-03:00,0.099,4.723
2020-06-28 07:00:00-03:00,0.085,4.492
2020-06-28 08:00:00-03:00,0.08,4.422
2020-06-28 09:00:00-03:00,0.091,4.599
2020-06-28 10:00:00-03:00,0.096,4.667
2020-06-28 11:00:00-03:00,0.069,4.22
2020-06-28 12:00:00-03:00,0.032,3.396
2020-06-28 13:00:00-03:00,0.014,2.7560000000000002
2020-06-28 14:00:00-03:00,0.007,2.319
2020-06-28 15:00:00-03:00,0.006,2.22
2020-06-28 16:00:00-03:00,0.014,2.738
2020-06-28 17:00:00-03:00,0.045,3.705
2020-06-28 18:00:00-03:00,0.073,4.288
2020-06-28 19:00:00-03:00,0.08,4.405
2020-06-28 20:00:00-03:00,0.079,4.385
2020-06-28 21:00:00-03:00,0.084,4.4879999999999995
2020-06-28 22:00:00-03:00,0.093,4.616
2020-06-28 23:00:00-03:00,0.08600000000000001,4.5120000000000005
2020-06-29 00:00:00-03:00,0.07,4.241
2020-06-29 01:00:00-03:00,0.053,3.896
2020-06-29 02:00:00-03:00,0.033,3.411
2020-06-29 03:00:00-03:00,0.023,3.095
2020-06-29 04:00:00-03:00,0.032,3.37
2020-06-29 05:00:00-03:00,0.049,3.817
2020-06-29 06:00:00-03:00,0.053,3.883
2020-06-29 07:00:00-03:00,0.054,3.933
2020-06-29 08:00:00-03:00,0.066,4.173
2020-06-29 09:00:00-03:00,0.076,4.347
2020-06-29 10:00:00-03:00,0.067,4.178
2020-06-29 11:00:00-03:00,0.038,3.545
2020-06-29 12:00:00-03:00,0.028,3.251
2020-06-29 13:00:00-03:00,0.029,3.307
2020-06-29 14:00:00-03:00,0.033,3.401
2020-06-29 15:00:00-03:00,0.033,3.409
2020-06-29 16:00:00-03:00,0.042,3.646
2020-06-29 17:00:00-03:00,0.08,4.404
2020-06-29 18:00:00-03:00,0.129,5.128
2020-06-29 19:00:00-03:00,0.183,5.739
2020-06-29 20:00:00-03:00,0.228,6.174
2020-06-29 21:00:00-03:00,0.24,6.283
2020-06-29 22:00:00-03:00,0.219,6.093
2020-06-29 23:00:00-03:00,0.177,5.675
2020-06-30 00:00:00-03:00,0.147,5.35
2020-06-30 01:00:00-03:00,0.129,5.124
2020-06-30 02:00:00-03:00,0.116,4.9510000000000005
2020-06-30 03:00:00-03:00,0.116,4.952
2020-06-30 04:00:00-03:00,0.108,4.849
2020-06-30 05:00:00-03:00,0.095,4.649
2020-06-30 06:00:00-03:00,0.085,4.498
2020-06-30 07:00:00-03:00,0.083,4.472
2020-06-30 08:00:00-03:00,0.106,4.818
2020-06-30 09:00:00-03:00,0.147,5.342
2020-06-30 10:00:00-03:00,0.195,5.861
2020-06-30 11:00:00-03:00,0.213,6.031
2020-06-30 12:00:00-03:00,0.185,5.76
2020-06-30 13:00:00-03:00,0.18,5.7
2020-06-30 14:00:00-03:00,0.183,5.74
2020-06-30 15:00:00-03:00,0.148,5.354
2020-06-30 16:00:00-03:00,0.117,4.971
2020-06-30 17:00:00-03:00,0.132,5.163
2020-06-30 18:00:00-03:00,0.177,5.675
2020-06-30 19:00:00-03:00,0.225,6.151
2020-06-30 20:00:00-03:00,0.243,6.309
2020-06-30 21:00:00-03:00,0.195,5.864
2020-06-30 22:00:00-03:00,0.136,5.215
2020-06-30 23:00:00-03:00,0.089,4.556
2020-07-01 00:00:00-03:00,0.069,4.22
2020-07-01 01:00:00-03:00,0.06,4.039
2020-07-01 02:00:00-03:00,0.06,4.038
2020-07-01 03:00:00-03:00,0.053,3.8970000000000002
2020-07-01 04:00:00-03:00,0.042,3.658
2020-07-01 05:00:00-03:00,0.046,3.751
2020-07-01 06:00:00-03:00,0.066,4.16
2020-07-01 07:00:00-03:00,0.10300000000000001,4.773
2020-07-01 08:00:00-03:00,0.149,5.364
2020-07-01 09:00:00-03:00,0.195,5.865
2020-07-01 10:00:00-03:00,0.23800000000000002,6.265
2020-07-01 11:00:00-03:00,0.255,6.413
2020-07-01 12:00:00-03:00,0.242,6.306
2020-07-01 13:00:00-03:00,0.234,6.226
2020-07-01 14:00:00-03:00,0.23500000000000001,6.235
2020-07-01 15:00:00-03:00,0.255,6.412
2020-07-01 16:00:00-03:00,0.28800000000000003,6.688
2020-07-01 17:00:00-03:00,0.377,7.375
2020-07-01 18:00:00-03:00,0.47800000000000004,8.095
2020-07-01 19:00:00-03:00,0.561,8.7
2020-07-01 20:00:00-03:00,0.518,8.391
2020-07-01 21:00:00-03:00,0.454,7.926
2020-07-01 22:00:00-03:00,0.368,7.313
2020-07-01 23:00:00-03:00,0.332,7.037
2020-07-02 00:00:00-03:00,0.30000000000000004,6.788
2020-07-02 01:00:00-03:00,0.253,6.402
2020-07-02 02:00:00-03:00,0.221,6.113
2020-07-02 03:00:00-03:00,0.212,6.024
2020-07-02 04:00:00-03:00,0.211,6.008
2020-07-02 05:00:00-03:00,0.2,5.917
2020-07-02 06:00:00-03:00,0.196,5.873
2020-07-02 07:00:00-03:00,0.197,5.884
2020-07-02 08:00:00-03:00,0.195,5.861
2020-07-02 09:00:00-03:00,0.194,5.85
2020-07-02 10:00:00-03:00,0.17200000000000001,5.623
2020-07-02 11:00:00-03:00,0.137,5.226
2020-07-02 12:00:00-03:00,0.145,5.308
2020-07-02 13:00:00-03:00,0.127,5.107
2020-07-02 14:00:00-03:00,0.111,4.8870000000000005
2020-07-02 15:00:00-03:00,0.08,4.421
2020-07-02 16:00:00-03:00,0.066,4.151
2020-07-02 17:00:00-03:00,0.057,3.992
2020-07-02 18:00:00-03:00,0.044,3.691
2020-07-02 19:00:00-03:00,0.027,3.212
2020-07-02 20:00:00-03:00,0.012,2.656
2020-07-02 21:00:00-03:00,0.004,2.059
2020-07-02 22:00:00-03:00,0.001,1.419
2020-07-02 23:00:00-03:00,0.0,0.987
2020-07-03 00:00:00-03:00,0.0,1.108
2020-07-03 01:00:00-03:00,0.0,1.349
2020-07-03 02:00:00-03:00,0.001,1.634
2020-07-03 03:00:00-03:00,0.003,1.964
2020-07-03 04:00:00-03:00,0.007,2.304
2020-07-03 05:00:00-03:00,0.015,2.782
2020-07-03 06:00:00-03:00,0.028,3.251
2020-07-03 07:00:00-03:00,0.038,3.547
2020-07-03 08:00:00-03:00,0.047,3.779
2020-07-03 09:00:00-03:00,0.067,4.177
2020-07-03 10:00:00-03:00,0.089,4.568
2020-07-03 11:00:00-03:00,0.107,4.827
2020-07-03 12:00:00-03:00,0.107,4.828
2020-07-03 13:00:00-03:00,0.094,4.634
2020-07-03 14:00:00-03:00,0.08,4.423
2020-07-03 15:00:00-03:00,0.08,4.418
2020-07-03 16:00:00-03:00,0.10400000000000001,4.7780000000000005
2020-07-03 17:00:00-03:00,0.13,5.139
2020-07-03 18:00:00-03:00,0.152,5.41
2020-07-03 19:00:00-03:00,0.158,5.464
2020-07-03 20:00:00-03:00,0.162,5.517
2020-07-03 21:00:00-03:00,0.147,5.347
2020-07-03 22:00:00-03:00,0.127,5.101
2020-07-03 23:00:00-03:00,0.10200000000000001,4.76
2020-07-04 00:00:00-03:00,0.095,4.648
2020-07-04 01:00:00-03:00,0.1,4.736
2020-07-04 02:00:00-03:00,0.089,4.565
2020-07-04 03:00:00-03:00,0.08,4.412
2020-07-04 04:00:00-03:00,0.078,4.368
2020-07-04 05:00:00-03:00,0.073,4.301
2020-07-04 06:00:00-03:00,0.068,4.195
2020-07-04 07:00:00-03:00,0.066,4.164
2020-07-04 08:00:00-03:00,0.07100000000000001,4.252
2020-07-04 09:00:00-03:00,0.076,4.341
2020-07-04 10:00:00-03:00,0.07,4.236
2020-07-04 11:00:00-03:00,0.05,3.847
2020-07-04 12:00:00-03:00,0.039,3.577
2020-07-04 13:00:00-03:00,0.037,3.524
2020-07-04 14:00:00-03:00,0.034,3.44
2020-07-04 15:00:00-03:00,0.024,3.127
2020-07-04 16:00:00-03:00,0.02,2.972
2020-07-04 17:00:00-03:00,0.023,3.099
2020-07-04 18:00:00-03:00,0.027,3.219
2020-07-04 19:00:00-03:00,0.029,3.307
2020-07-04 20:00:00-03:00,0.035,3.466
2020-07-04 21:00:00-03:00,0.041,3.622
2020-07-04 22:00:00-03:00,0.046,3.757
2020-07-04 23:00:00-03:00,0.054,3.918
2020-07-05 00:00:00-03:00,0.066,4.147
2020-07-05 01:00:00-03:00,0.079,4.39
2020-07-05 02:00:00-03:00,0.094,4.629
2020-07-05 03:00:00-03:00,0.10200000000000001,4.763
2020-07-05 04:00:00-03:00,0.101,4.744
2020-07-05 05:00:00-03:00,0.091,4.6
2020-07-05 06:00:00-03:00,0.08,4.405
2020-07-05 07:00:00-03:00,0.069,4.221
2020-07-05 08:00:00-03:00,0.062,4.094
2020-07-05 09:00:00-03:00,0.06,4.037
2020-07-05 10:00:00-03:00,0.057,3.991
2020-07-05 11:00:00-03:00,0.053,3.885
2020-07-05 12:00:00-03:00,0.05,3.836
2020-07-05 13:00:00-03:00,0.042,3.662
2020-07-05 14:00:00-03:00,0.039,3.568
2020-07-05 15:00:00-03:00,0.039,3.578
2020-07-05 16:00:00-03:00,0.048,3.794
2020-07-05 17:00:00-03:00,0.061,4.074
2020-07-05 18:00:00-03:00,0.076,4.354
2020-07-05 19:00:00-03:00,0.093,4.622
2020-07-05 20:00:00-03:00,0.11,4.865
2020-07-05 21:00:00-03:00,0.125,5.064
2020-07-05 22:00:00-03:00,0.132,5.159
2020-07-05 23:00:00-03:00,0.134,5.188
2020-07-06 00:00:00-03:00,0.125,5.075
2020-07-06 01:00:00-03:00,0.111,4.88
2020-07-06 02:00:00-03:00,0.105,4.793
2020-07-06 03:00:00-03:00,0.098,4.705
2020-07-06 04:00:00-03:00,0.096,4.671
2020-07-06 05:00:00-03:00,0.10300000000000001,4.773
2020-07-06 06:00:00-03:00,0.099,4.719
2020-07-06 07:00:00-03:00,0.098,4.695
2020-07-06 08:00:00-03:00,0.10200000000000001,4.755
2020-07-06 09:00:00-03:00,0.108,4.85
2020-07-06 10:00:00-03:00,0.115,4.937
2020-07-06 11:00:00-03:00,0.106,4.816
2020-07-06 12:00:00-03:00,0.08600000000000001,4.507
2020-07-06 13:00:00-03:00,0.117,4.966
2020-07-06 14:00:00-03:00,0.14400000000000002,5.297
2020-07-06 15:00:00-03:00,0.161,5.511
2020-07-06 16:00:00-03:00,0.202,5.93
2020-07-06 17:00:00-03:00,0.275,6.5809999999999995
2020-07-06 18:00:00-03:00,0.343,7.117
2020-07-06 19:00:00-03:00,0.397,7.517
2020-07-06 20:00:00-03:00,0.423,7.708
2020-07-06 21:00:00-03:00,0.436,7.803
2020-07-06 22:00:00-03:00,0.454,7.921
2020-07-06 23:00:00-03:00,0.482,8.135
2020-07-07 00:00:00-03:00,0.518,8.387
2020-07-07 01:00:00-03:00,0.558,8.669
2020-07-07 02:00:00-03:00,0.595,8.956
2020-07-07 03:00:00-03:00,0.64,9.307
2020-07-07 04:00:00-03:00,0.67,9.55
2020-07-07 05:00:00-03:00,0.6910000000000001,9.729
2020-07-07 06:00:00-03:00,0.709,9.887
2020-07-07 07:00:00-03:00,0.716,9.941
2020-07-07 08:00:00-03:00,0.747,10.246
2020-07-07 09:00:00-03:00,0.784,10.626
2020-07-07 10:00:00-03:00,0.79,10.703
2020-07-07 11:00:00-03:00,0.869,11.794
2020-07-07 12:00:00-03:00,0.91,12.691
2020-07-07 13:00:00-03:00,0.918,12.907
2020-07-07 14:00:00-03:00,0.907,12.599
2020-07-07 15:00:00-03:00,0.88,11.993
2020-07-07 16:00:00-03:00,0.858,11.618
2020-07-07 17:00:00-03:00,0.852,11.515
2020-07-07 18:00:00-03:00,0.869,11.801
2020-07-07 19:00:00-03:00,0.881,12.02
2020-07-07 20:00:00-03:00,0.883,12.063
2020-07-07 21:00:00-03:00,0.889,12.183
2020-07-07 22:00:00-03:00,0.893,12.269
2020-07-07 23:00:00-03:00,0.89,12.202
2020-07-08 00:00:00-03:00,0.879,11.972
2020-07-08 01:00:00-03:00,0.855,11.558
2020-07-08 02:00:00-03:00,0.8170000000000001,11.009
2020-07-08 03:00:00-03:00,0.754,10.31
2020-07-08 04:00:00-03:00,0.673,9.571
2020-07-08 05:00:00-03:00,0.516,8.373
2020-07-08 06:00:00-03:00,0.4,7.545
2020-07-08 07:00:00-03:00,0.431,7.761
2020-07-08 08:00:00-03:00,0.422,7.705
2020-07-08 09:00:00-03:00,0.337,7.075
2020-07-08 10:00:00-03:00,0.311,6.868
2020-07-08 11:00:00-03:00,0.28600000000000003,6.676
2020-07-08 12:00:00-03:00,0.261,6.463
2020-07-08 13:00:00-03:00,0.28200000000000003,6.647
2020-07-08 14:00:00-03:00,0.274,6.572
2020-07-08 15:00:00-03:00,0.248,6.355
2020-07-08 16:00:00-03:00,0.327,6.989
2020-07-08 17:00:00-03:00,0.47400000000000003,8.072
2020-07-08 18:00:00-03:00,0.5660000000000001,8.735
2020-07-08 19:00:00-03:00,0.5700000000000001,8.767
2020-07-08 20:00:00-03:00,0.504,8.278
2020-07-08 21:00:00-03:00,0.437,7.8100000000000005
2020-07-08 22:00:00-03:00,0.401,7.55
2020-07-08 23:00:00-03:00,0.399,7.535
2020-07-09 00:00:00-03:00,0.441,7.84
2020-07-09 01:00:00-03:00,0.47200000000000003,8.057
2020-07-09 02:00:00-03:00,0.482,8.135
2020-07-09 03:00:00-03:00,0.521,8.404
2020-07-09 04:00:00-03:00,0.5700000000000001,8.77
2020-07-09 05:00:00-03:00,0.626,9.187
2020-07-09 06:00:00-03:00,0.67,9.547
2020-07-09 07:00:00-03:00,0.73,10.076
2020-07-09 08:00:00-03:00,0.798,10.797
2020-07-09 09:00:00-03:00,0.837,11.287
2020-07-09 10:00:00-03:00,0.857,11.591
2020-07-09 11:00:00-03:00,0.864,11.706
2020-07-09 12:00:00-03:00,0.857,11.582
2020-07-09 13:00:00-03:00,0.8250000000000001,11.122
2020-07-09 14:00:00-03:00,0.757,10.345
2020-07-09 15:00:00-03:00,0.6910000000000001,9.727
2020-07-09 16:00:00-03:00,0.646,9.348
2020-07-09 17:00:00-03:00,0.633,9.246
2020-07-09 18:00:00-03:00,0.637,9.282
2020-07-09 19:00:00-03:00,0.612,9.086
2020-07-09 20:00:00-03:00,0.613,9.095
2020-07-09 21:00:00-03:00,0.622,9.149
2020-07-09 22:00:00-03:00,0.615,9.104
2020-07-09 23:00:00-03:00,0.609,9.051
2020-07-10 00:00:00-03:00,0.617,9.124
2020-07-10 01:00:00-03:00,0.668,9.53
2020-07-10 02:00:00-03:00,0.745,10.217
2020-07-10 03:00:00-03:00,0.757,10.341
2020-07-10 04:00:00-03:00,0.73,10.074
2020-07-10 05:00:00-03:00,0.631,9.233
2020-07-10 06:00:00-03:00,0.5650000000000001,8.731
2020-07-10 07:00:00-03:00,0.504,8.289
2020-07-10 08:00:00-03:00,0.461,7.981
2020-07-10 09:00:00-03:00,0.47200000000000003,8.061
2020-07-10 10:00:00-03:00,0.516,8.377
2020-07-10 11:00:00-03:00,0.536,8.508
2020-07-10 12:00:00-03:00,0.553,8.642
2020-07-10 13:00:00-03:00,0.555,8.657
2020-07-10 14:00:00-03:00,0.562,8.703
2020-07-10 15:00:00-03:00,0.5740000000000001,8.792
2020-07-10 16:00:00-03:00,0.534,8.502
2020-07-10 17:00:00-03:00,0.5680000000000001,8.749
2020-07-10 18:00:00-03:00,0.611,9.08
2020-07-10 19:00:00-03:00,0.661,9.465
2020-07-10 20:00:00-03:00,0.666,9.508
2020-07-10 21:00:00-03:00,0.627,9.198
2020-07-10 22:00:00-03:00,0.521,8.399000000000001
2020-07-10 23:00:00-03:00,0.443,7.848
2020-07-11 00:00:00-03:00,0.41300000000000003,7.634
2020-07-11 01:00:00-03:00,0.399,7.53
2020-07-11 02:00:00-03:00,0.343,7.116
2020-07-11 03:00:00-03:00,0.28500000000000003,6.662
2020-07-11 04:00:00-03:00,0.248,6.357
2020-07-11 05:00:00-03:00,0.228,6.177
2020-07-11 06:00:00-03:00,0.278,6.604
2020-07-11 07:00:00-03:00,0.354,7.208
2020-07-11 08:00:00-03:00,0.433,7.775
2020-07-11 09:00:00-03:00,0.56,8.685
2020-07-11 10:00:00-03:00,0.594,8.95
2020-07-11 11:00:00-03:00,0.61,9.068
2020-07-11 12:00:00-03:00,0.644,9.337
2020-07-11 13:00:00-03:00,0.6900000000000001,9.708
2020-07-11 14:00:00-03:00,0.6950000000000001,9.762
2020-07-11 15:00:00-03:00,0.733,10.11
2020-07-11 16:00:00-03:00,0.772,10.497
2020-07-11 17:00:00-03:00,0.772,10.491
2020-07-11 18:00:00-03:00,0.726,10.045
2020-07-11 19:00:00-03:00,0.686,9.675
2020-07-11 20:00:00-03:00,0.674,9.578
2020-07-11 21:00:00-03:00,0.658,9.443
2020-07-11 22:00:00-03:00,0.61,9.069
2020-07-11 23:00:00-03:00,0.607,9.042
2020-07-12 00:00:00-03:00,0.609,9.063
2020-07-12 01:00:00-03:00,0.592,8.933
2020-07-12 02:00:00-03:00,0.597,8.973
2020-07-12 03:00:00-03:00,0.609,9.055
2020-07-12 04:00:00-03:00,0.628,9.208
2020-07-12 05:00:00-03:00,0.636,9.263
2020-07-12 06:00:00-03:00,0.617,9.124
2020-07-12 07:00:00-03:00,0.633,9.246
2020-07-12 08:00:00-03:00,0.597,8.972
2020-07-12 09:00:00-03:00,0.579,8.826
2020-07-12 10:00:00-03:00,0.58,8.842
2020-07-12 11:00:00-03:00,0.583,8.861
2020-07-12 12:00:00-03:00,0.555,8.652
2020-07-12 13:00:00-03:00,0.5760000000000001,8.801
2020-07-12 14:00:00-03:00,0.598,8.979
2020-07-12 15:00:00-03:00,0.605,9.025
2020-07-12 16:00:00-03:00,0.733,10.099
2020-07-12 17:00:00-03:00,0.727,10.051
2020-07-12 18:00:00-03:00,0.787,10.655
2020-07-12 19:00:00-03:00,0.862,11.668
2020-07-12 20:00:00-03:00,0.869,11.806000000000001
2020-07-12 21:00:00-03:00,0.917,12.899000000000001
2020-07-12 22:00:00-03:00,0.9410000000000001,14.39
2020-07-12 23:00:00-03:00,0.9380000000000001,15.012
2020-07-13 00:00:00-03:00,0.934,15.369
2020-07-13 01:00:00-03:00,0.937,15.142
2020-07-13 02:00:00-03:00,0.9410000000000001,14.532
2020-07-13 03:00:00-03:00,0.9400000000000001,14.253
2020-07-13 04:00:00-03:00,0.9400000000000001,14.099
2020-07-13 05:00:00-03:00,0.936,13.774000000000001
2020-07-13 06:00:00-03:00,0.928,13.288
2020-07-13 07:00:00-03:00,0.893,12.278
2020-07-13 08:00:00-03:00,0.84,11.339
2020-07-13 09:00:00-03:00,0.775,10.53
2020-07-13 10:00:00-03:00,0.678,9.613
2020-07-13 11:00:00-03:00,0.504,8.288
2020-07-13 12:00:00-03:00,0.335,7.064
2020-07-13 13:00:00-03:00,0.289,6.702
2020-07-13 14:00:00-03:00,0.28600000000000003,6.679
2020-07-13 15:00:00-03:00,0.323,6.966
2020-07-13 16:00:00-03:00,0.399,7.534
2020-07-13 17:00:00-03:00,0.5730000000000001,8.779
2020-07-13 18:00:00-03:00,0.536,8.511
2020-07-13 19:00:00-03:00,0.429,7.748
2020-07-13 20:00:00-03:00,0.375,7.362
2020-07-13 21:00:00-03:00,0.327,6.995
2020-07-13 22:00:00-03:00,0.30000000000000004,6.788
2020-07-13 23:00:00-03:00,0.281,6.632
2020-07-14 00:00:00-03:00,0.242,6.306
2020-07-14 01:00:00-03:00,0.20800000000000002,5.992
2020-07-14 02:00:00-03:00,0.23,6.193
2020-07-14 03:00:00-03:00,0.232,6.207
2020-07-14 04:00:00-03:00,0.215,6.054
2020-07-14 05:00:00-03:00,0.198,5.892
2020-07-14 06:00:00-03:00,0.23500000000000001,6.23
2020-07-14 07:00:00-03:00,0.28700000000000003,6.681
2020-07-14 08:00:00-03:00,0.34500000000000003,7.135
2020-07-14 09:00:00-03:00,0.447,7.877
2020-07-14 10:00:00-03:00,0.46900000000000003,8.028
2020-07-14 11:00:00-03:00,0.526,8.441
2020-07-14 12:00:00-03:00,0.513,8.347
2020-07-14 13:00:00-03:00,0.438,7.816
2020-07-14 14:00:00-03:00,0.406,7.586
2020-07-14 15:00:00-03:00,0.33,7.02
2020-07-14 16:00:00-03:00,0.331,7.029
2020-07-14 17:00:00-03:00,0.322,6.956
2020-07-14 18:00:00-03:00,0.294,6.733
2020-07-14 19:00:00-03:00,0.232,6.207
2020-07-14 20:00:00-03:00,0.151,5.395
2020-07-14 21:00:00-03:00,0.09,4.57
2020-07-14 22:00:00-03:00,0.056,3.966
2020-07-14 23:00:00-03:00,0.037,3.51
2020-07-15 00:00:00-03:00,0.023,3.084
2020-07-15 01:00:00-03:00,0.011,2.5620000000000003
2020-07-15 02:00:00-03:00,0.003,1.8719999999999999
2020-07-15 03:00:00-03:00,0.0,1.254
2020-07-15 04:00:00-03:00,0.001,1.6099999999999999
2020-07-15 05:00:00-03:00,0.016,2.819
2020-07-15 06:00:00-03:00,0.055,3.948
2020-07-15 07:00:00-03:00,0.095,4.652
2020-07-15 08:00:00-03:00,0.11800000000000001,4.983
2020-07-15 09:00:00-03:00,0.11900000000000001,4.99
2020-07-15 10:00:00-03:00,0.092,4.61
2020-07-15 11:00:00-03:00,0.046,3.755
2020-07-15 12:00:00-03:00,0.022,3.054
2020-07-15 13:00:00-03:00,0.024,3.129
2020-07-15 14:00:00-03:00,0.033,3.4050000000000002
2020-07-15 15:00:00-03:00,0.042,3.64
2020-07-15 16:00:00-03:00,0.048,3.801
2020-07-15 17:00:00-03:00,0.053,3.909
2020-07-15 18:00:00-03:00,0.055,3.936
2020-07-15 19:00:00-03:00,0.052000000000000005,3.87
2020-07-15 20:00:00-03:00,0.046,3.739
2020-07-15 21:00:00-03:00,0.037,3.528
2020-07-15 22:00:00-03:00,0.025,3.172
2020-07-15 23:00:00-03:00,0.014,2.7039999999999997
2020-07-16 00:00:00-03:00,0.005,2.179
2020-07-16 01:00:00-03:00,0.001,1.6560000000000001
2020-07-16 02:00:00-03:00,0.0,1.185
2020-07-16 03:00:00-03:00,0.0,0.908
2020-07-16 04:00:00-03:00,0.0,0.652
2020-07-16 05:00:00-03:00,0.0,0.546
2020-07-16 06:00:00-03:00,0.0,0.437
2020-07-16 07:00:00-03:00,0.0,0.28500000000000003
2020-07-16 08:00:00-03:00,0.0,0.0
2020-07-16 09:00:00-03:00,0.0,0.545
2020-07-16 10:00:00-03:00,0.0,1.236
2020-07-16 11:00:00-03:00,0.002,1.835
2020-07-16 12:00:00-03:00,0.011,2.571
2020-07-16 13:00:00-03:00,0.028,3.248
2020-07-16 14:00:00-03:00,0.042,3.6470000000000002
2020-07-16 15:00:00-03:00,0.046,3.739
2020-07-16 16:00:00-03:00,0.044,3.694
2020-07-16 17:00:00-03:00,0.048,3.801
2020-07-16 18:00:00-03:00,0.065,4.142
2020-07-16 19:00:00-03:00,0.098,4.698
2020-07-16 20:00:00-03:00,0.14400000000000002,5.301
2020-07-16 21:00:00-03:00,0.184,5.755
2020-07-16 22:00:00-03:00,0.184,5.748
2020-07-16 23:00:00-03:00,0.166,5.556
2020-07-17 00:00:00-03:00,0.14400000000000002,5.305
2020-07-17 01:00:00-03:00,0.114,4.936
2020-07-17 02:00:00-03:00,0.085,4.49
2020-07-17 03:00:00-03:00,0.061,4.065
2020-07-17 04:00:00-03:00,0.051000000000000004,3.855
2020-07-17 05:00:00-03:00,0.084,4.475
2020-07-17 06:00:00-03:00,0.133,5.179
2020-07-17 07:00:00-03:00,0.186,5.771
2020-07-17 08:00:00-03:00,0.251,6.382
2020-07-17 09:00:00-03:00,0.335,7.063
2020-07-17 10:00:00-03:00,0.387,7.451
2020-07-17 11:00:00-03:00,0.323,6.961
2020-07-17 12:00:00-03:00,0.303,6.8100000000000005
2020-07-17 13:00:00-03:00,0.331,7.034
2020-07-17 14:00:00-03:00,0.368,7.313
2020-07-17 15:00:00-03:00,0.41500000000000004,7.644
2020-07-17 16:00:00-03:00,0.46,7.975
2020-07-17 17:00:00-03:00,0.487,8.164
2020-07-17 18:00:00-03:00,0.493,8.207
2020-07-17 19:00:00-03:00,0.482,8.134
2020-07-17 20:00:00-03:00,0.47900000000000004,8.103
2020-07-17 21:00:00-03:00,0.47900000000000004,8.101
2020-07-17 22:00:00-03:00,0.482,8.122
2020-07-17 23:00:00-03:00,0.493,8.211
2020-07-18 00:00:00-03:00,0.514,8.361
2020-07-18 01:00:00-03:00,0.521,8.406
2020-07-18 02:00:00-03:00,0.507,8.305
2020-07-18 03:00:00-03:00,0.47900000000000004,8.099
2020-07-18 04:00:00-03:00,0.444,7.853
2020-07-18 05:00:00-03:00,0.424,7.721
2020-07-18 06:00:00-03:00,0.434,7.78
2020-07-18 07:00:00-03:00,0.451,7.9030000000000005
2020-07-18 08:00:00-03:00,0.482,8.12
2020-07-18 09:00:00-03:00,0.545,8.573
2020-07-18 10:00:00-03:00,0.487,8.163
2020-07-18 11:00:00-03:00,0.4,7.5440000000000005
2020-07-18 12:00:00-03:00,0.327,6.999
2020-07-18 13:00:00-03:00,0.311,6.873
2020-07-18 14:00:00-03:00,0.323,6.967
2020-07-18 15:00:00-03:00,0.30000000000000004,6.788
2020-07-18 16:00:00-03:00,0.30000000000000004,6.793
2020-07-18 17:00:00-03:00,0.377,7.373
2020-07-18 18:00:00-03:00,0.46900000000000003,8.028
2020-07-18 19:00:00-03:00,0.487,8.162
2020-07-18 20:00:00-03:00,0.483,8.137
2020-07-18 21:00:00-03:00,0.448,7.891
2020-07-18 22:00:00-03:00,0.438,7.816
2020-07-18 23:00:00-03:00,0.41600000000000004,7.6530000000000005
2020-07-19 00:00:00-03:00,0.381,7.394
2020-07-19 01:00:00-03:00,0.357,7.227
2020-07-19 02:00:00-03:00,0.356,7.221
2020-07-19 03:00:00-03:00,0.37,7.323
2020-07-19 04:00:00-03:00,0.391,7.481
2020-07-19 05:00:00-03:00,0.403,7.565
2020-07-19 06:00:00-03:00,0.433,7.777
2020-07-19 07:00:00-03:00,0.486,8.152
2020-07-19 08:00:00-03:00,0.489,8.184
2020-07-19 09:00:00-03:00,0.466,8.019
2020-07-19 10:00:00-03:00,0.444,7.86
2020-07-19 11:00:00-03:00,0.353,7.196
2020-07-19 12:00:00-03:00,0.259,6.45
2020-07-19 13:00:00-03:00,0.229,6.184
2020-07-19 14:00:00-03:00,0.23900000000000002,6.276
2020-07-19 15:00:00-03:00,0.265,6.495
2020-07-19 16:00:00-03:00,0.291,6.714
2020-07-19 17:00:00-03:00,0.361,7.253
2020-07-19 18:00:00-03:00,0.399,7.53
2020-07-19 19:00:00-03:00,0.387,7.449
2020-07-19 20:00:00-03:00,0.353,7.201
2020-07-19 21:00:00-03:00,0.323,6.959
2020-07-19 22:00:00-03:00,0.301,6.797
2020-07-19 23:00:00-03:00,0.28600000000000003,6.667
2020-07-20 00:00:00-03:00,0.257,6.43
2020-07-20 01:00:00-03:00,0.226,6.158
2020-07-20 02:00:00-03:00,0.191,5.82
2020-07-20 03:00:00-03:00,0.154,5.432
2020-07-20 04:00:00-03:00,0.128,5.114
2020-07-20 05:00:00-03:00,0.114,4.926
2020-07-20 06:00:00-03:00,0.124,5.049
2020-07-20 07:00:00-03:00,0.135,5.195
2020-07-20 08:00:00-03:00,0.127,5.097
2020-07-20 09:00:00-03:00,0.11,4.871
2020-07-20 10:00:00-03:00,0.08600000000000001,4.521
2020-07-20 11:00:00-03:00,0.053,3.8970000000000002
2020-07-20 12:00:00-03:00,0.037,3.527
2020-07-20 13:00:00-03:00,0.045,3.714
2020-07-20 14:00:00-03:00,0.054,3.934
2020-07-20 15:00:00-03:00,0.048,3.801
2020-07-20 16:00:00-03:00,0.042,3.661
2020-07-20 17:00:00-03:00,0.055,3.948
2020-07-20 18:00:00-03:00,0.085,4.493
2020-07-20 19:00:00-03:00,0.111,4.878
2020-07-20 20:00:00-03:00,0.129,5.126
2020-07-20 21:00:00-03:00,0.167,5.559
2020-07-20 22:00:00-03:00,0.215,6.055
2020-07-20 23:00:00-03:00,0.267,6.52
2020-07-21 00:00:00-03:00,0.27,6.545
2020-07-21 01:00:00-03:00,0.177,5.681
2020-07-21 02:00:00-03:00,0.129,5.121
2020-07-21 03:00:00-03:00,0.11900000000000001,4.994
2020-07-21 04:00:00-03:00,0.112,4.902
2020-07-21 05:00:00-03:00,0.13,5.139
2020-07-21 06:00:00-03:00,0.155,5.436
2020-07-21 07:00:00-03:00,0.171,5.619
2020-07-21 08:00:00-03:00,0.2,5.913
2020-07-21 09:00:00-03:00,0.246,6.334
2020-07-21 10:00:00-03:00,0.298,6.765
2020-07-21 11:00:00-03:00,0.342,7.111
2020-07-21 12:00:00-03:00,0.41200000000000003,7.631
2020-07-21 13:00:00-03:00,0.47600000000000003,8.078
2020-07-21 14:00:00-03:00,0.562,8.703
2020-07-21 15:00:00-03:00,0.536,8.518
2020-07-21 16:00:00-03:00,0.434,7.79
2020-07-21 17:00:00-03:00,0.429,7.74
2020-07-21 18:00:00-03:00,0.518,8.385
2020-07-21 19:00:00-03:00,0.592,8.935
2020-07-21 20:00:00-03:00,0.589,8.903
2020-07-21 21:00:00-03:00,0.627,9.194
2020-07-21 22:00:00-03:00,0.6940000000000001,9.754
2020-07-21 23:00:00-03:00,0.746,10.234
2020-07-22 00:00:00-03:00,0.718,9.964
2020-07-22 01:00:00-03:00,0.687,9.684
2020-07-22 02:00:00-03:00,0.504,8.284
2020-07-22 03:00:00-03:00,0.35000000000000003,7.169
2020-07-22 04:00:00-03:00,0.323,6.959
2020-07-22 05:00:00-03:00,0.332,7.037
2020-07-22 06:00:00-03:00,0.33,7.025
2020-07-22 07:00:00-03:00,0.311,6.868
2020-07-22 08:00:00-03:00,0.305,6.823
2020-07-22 09:00:00-03:00,0.323,6.965
2020-07-22 10:00:00-03:00,0.34800000000000003,7.155
2020-07-22 11:00:00-03:00,0.32,6.949
2020-07-22 12:00:00-03:00,0.246,6.335
2020-07-22 13:00:00-03:00,0.249,6.3629999999999995
2020-07-22 14:00:00-03:00,0.241,6.29
2020-07-22 15:00:00-03:00,0.228,6.177
2020-07-22 16:00:00-03:00,0.23800000000000002,6.267
2020-07-22 17:00:00-03:00,0.275,6.582
2020-07-22 18:00:00-03:00,0.372,7.337
2020-07-22 19:00:00-03:00,0.457,7.957
2020-07-22 20:00:00-03:00,0.514,8.352
2020-07-22 21:00:00-03:00,0.5660000000000001,8.733
2020-07-22 22:00:00-03:00,0.604,9.015
2020-07-22 23:00:00-03:00,0.601,8.995
2020-07-23 00:00:00-03:00,0.596,8.959
2020-07-23 01:00:00-03:00,0.5730000000000001,8.779
2020-07-23 02:00:00-03:00,0.514,8.352
2020-07-23 03:00:00-03:00,0.425,7.7219999999999995
2020-07-23 04:00:00-03:00,0.388,7.455
2020-07-23 05:00:00-03:00,0.377,7.378
2020-07-23 06:00:00-03:00,0.406,7.578
2020-07-23 07:00:00-03:00,0.538,8.528
2020-07-23 08:00:00-03:00,0.658,9.443
2020-07-23 09:00:00-03:00,0.708,9.881
2020-07-23 10:00:00-03:00,0.728,10.057
2020-07-23 11:00:00-03:00,0.764,10.411
2020-07-23 12:00:00-03:00,0.769,10.474
2020-07-23 13:00:00-03:00,0.835,11.266
2020-07-23 14:00:00-03:00,0.858,11.612
2020-07-23 15:00:00-03:00,0.901,12.445
2020-07-23 16:00:00-03:00,0.916,12.848
2020-07-23 17:00:00-03:00,0.921,13.032
2020-07-23 18:00:00-03:00,0.927,13.274000000000001
2020-07-23 19:00:00-03:00,0.926,13.227
2020-07-23 20:00:00-03:00,0.926,13.232
2020-07-23 21:00:00-03:00,0.93,13.369
2020-07-23 22:00:00-03:00,0.937,13.807
2020-07-23 23:00:00-03:00,0.9400000000000001,14.105
2020-07-24 00:00:00-03:00,0.9380000000000001,13.896
2020-07-24 01:00:00-03:00,0.9390000000000001,13.958
2020-07-24 02:00:00-03:00,0.9390000000000001,14.008
2020-07-24 03:00:00-03:00,0.9400000000000001,14.076
2020-07-24 04:00:00-03:00,0.928,13.311
2020-07-24 05:00:00-03:00,0.889,12.176
2020-07-24 06:00:00-03:00,0.899,12.396
2020-07-24 07:00:00-03:00,0.901,12.447
2020-07-24 08:00:00-03:00,0.916,12.859
2020-07-24 09:00:00-03:00,0.877,11.942
2020-07-24 10:00:00-03:00,0.789,10.683
2020-07-24 11:00:00-03:00,0.649,9.372
2020-07-24 12:00:00-03:00,0.506,8.298
2020-07-24 13:00:00-03:00,0.494,8.22
2020-07-24 14:00:00-03:00,0.616,9.113
2020-07-24 15:00:00-03:00,0.655,9.415
2020-07-24 16:00:00-03:00,0.67,9.549
2020-07-24 17:00:00-03:00,0.675,9.583
2020-07-24 18:00:00-03:00,0.712,9.912
2020-07-24 19:00:00-03:00,0.7010000000000001,9.817
2020-07-24 20:00:00-03:00,0.664,9.5
2020-07-24 21:00:00-03:00,0.616,9.118
2020-07-24 22:00:00-03:00,0.5700000000000001,8.766
2020-07-24 23:00:00-03:00,0.499,8.249
2020-07-25 00:00:00-03:00,0.372,7.336
2020-07-25 01:00:00-03:00,0.306,6.828
2020-07-25 02:00:00-03:00,0.5680000000000001,8.751
2020-07-25 03:00:00-03:00,0.743,10.19
2020-07-25 04:00:00-03:00,0.663,9.485
2020-07-25 05:00:00-03:00,0.5740000000000001,8.793
2020-07-25 06:00:00-03:00,0.555,8.65
2020-07-25 07:00:00-03:00,0.533,8.499
2020-07-25 08:00:00-03:00,0.51,8.319
2020-07-25 09:00:00-03:00,0.47400000000000003,8.073
2020-07-25 10:00:00-03:00,0.439,7.821
2020-07-25 11:00:00-03:00,0.459,7.966
2020-07-25 12:00:00-03:00,0.485,8.147
2020-07-25 13:00:00-03:00,0.399,7.535
2020-07-25 14:00:00-03:00,0.327,7.0
2020-07-25 15:00:00-03:00,0.34800000000000003,7.162
2020-07-25 16:00:00-03:00,0.41500000000000004,7.642
2020-07-25 17:00:00-03:00,0.47600000000000003,8.089
2020-07-25 18:00:00-03:00,0.527,8.455
2020-07-25 19:00:00-03:00,0.482,8.125
2020-07-25 20:00:00-03:00,0.46900000000000003,8.032
2020-07-25 21:00:00-03:00,0.505,8.291
2020-07-25 22:00:00-03:00,0.549,8.612
2020-07-25 23:00:00-03:00,0.583,8.867
2020-07-26 00:00:00-03:00,0.615,9.109
2020-07-26 01:00:00-03:00,0.627,9.197
2020-07-26 02:00:00-03:00,0.624,9.172
2020-07-26 03:00:00-03:00,0.645,9.34
2020-07-26 04:00:00-03:00,0.684,9.665
2020-07-26 05:00:00-03:00,0.746,10.233
2020-07-26 06:00:00-03:00,0.795,10.756
2020-07-26 07:00:00-03:00,0.8300000000000001,11.197
2020-07-26 08:00:00-03:00,0.863,11.702
2020-07-26 09:00:00-03:00,0.898,12.37
2020-07-26 10:00:00-03:00,0.913,12.77
2020-07-26 11:00:00-03:00,0.922,13.065
2020-07-26 12:00:00-03:00,0.932,13.487
2020-07-26 13:00:00-03:00,0.866,11.75
2020-07-26 14:00:00-03:00,0.895,12.314
2020-07-26 15:00:00-03:00,0.89,12.188
2020-07-26 16:00:00-03:00,0.889,12.18
2020-07-26 17:00:00-03:00,0.877,11.949
2020-07-26 18:00:00-03:00,0.859,11.623
2020-07-26 19:00:00-03:00,0.861,11.647
2020-07-26 20:00:00-03:00,0.881,12.016
2020-07-26 21:00:00-03:00,0.867,11.765
2020-07-26 22:00:00-03:00,0.8290000000000001,11.184
2020-07-26 23:00:00-03:00,0.787,10.663
2020-07-27 00:00:00-03:00,0.81,10.933
2020-07-27 01:00:00-03:00,0.8240000000000001,11.109
2020-07-27 02:00:00-03:00,0.8270000000000001,11.158
2020-07-27 03:00:00-03:00,0.858,11.599
2020-07-27 04:00:00-03:00,0.862,11.679
2020-07-27 05:00:00-03:00,0.862,11.676
2020-07-27 06:00:00-03:00,0.918,12.916
2020-07-27 07:00:00-03:00,0.9390000000000001,13.959
2020-07-27 08:00:00-03:00,0.9410000000000001,14.594
2020-07-27 09:00:00-03:00,0.936,15.172
2020-07-27 10:00:00-03:00,0.927,15.699
2020-07-27 11:00:00-03:00,0.931,15.507
2020-07-27 12:00:00-03:00,0.935,15.246
2020-07-27 13:00:00-03:00,0.9380000000000001,15.044
2020-07-27 14:00:00-03:00,0.9400000000000001,14.82
2020-07-27 15:00:00-03:00,0.9410000000000001,14.623
2020-07-27 16:00:00-03:00,0.9380000000000001,13.953
2020-07-27 17:00:00-03:00,0.924,13.148
2020-07-27 18:00:00-03:00,0.9,12.435
2020-07-27 19:00:00-03:00,0.87,11.823
2020-07-27 20:00:00-03:00,0.845,11.403
2020-07-27 21:00:00-03:00,0.846,11.42
2020-07-27 22:00:00-03:00,0.854,11.536
2020-07-27 23:00:00-03:00,0.847,11.447
2020-07-28 00:00:00-03:00,0.844,11.394
2020-07-28 01:00:00-03:00,0.89,12.189
2020-07-28 02:00:00-03:00,0.926,13.232
2020-07-28 03:00:00-03:00,0.937,13.838
2020-07-28 04:00:00-03:00,0.9400000000000001,14.179
2020-07-28 05:00:00-03:00,0.9410000000000001,14.374
2020-07-28 06:00:00-03:00,0.9410000000000001,14.574
2020-07-28 07:00:00-03:00,0.9400000000000001,14.666
2020-07-28 08:00:00-03:00,0.9400000000000001,14.722
2020-07-28 09:00:00-03:00,0.9410000000000001,14.502
2020-07-28 10:00:00-03:00,0.929,13.347
2020-07-28 11:00:00-03:00,0.934,13.617
2020-07-28 12:00:00-03:00,0.921,13.023
2020-07-28 13:00:00-03:00,0.925,13.177
2020-07-28 14:00:00-03:00,0.932,13.478
2020-07-28 15:00:00-03:00,0.913,12.773
2020-07-28 16:00:00-03:00,0.875,11.896
2020-07-28 17:00:00-03:00,0.787,10.655
2020-07-28 18:00:00-03:00,0.731,10.091
2020-07-28 19:00:00-03:00,0.6950000000000001,9.762
2020-07-28 20:00:00-03:00,0.6890000000000001,9.706
2020-07-28 21:00:00-03:00,0.665,9.502
2020-07-28 22:00:00-03:00,0.627,9.197
2020-07-28 23:00:00-03:00,0.641,9.308
2020-07-29 00:00:00-03:00,0.643,9.331
2020-07-29 01:00:00-03:00,0.648,9.364
2020-07-29 02:00:00-03:00,0.645,9.345
2020-07-29 03:00:00-03:00,0.667,9.521
2020-07-29 04:00:00-03:00,0.68,9.63
2020-07-29 05:00:00-03:00,0.667,9.513
2020-07-29 06:00:00-03:00,0.704,9.841
2020-07-29 07:00:00-03:00,0.7000000000000001,9.802
2020-07-29 08:00:00-03:00,0.704,9.837
2020-07-29 09:00:00-03:00,0.71,9.894
2020-07-29 10:00:00-03:00,0.674,9.577
2020-07-29 11:00:00-03:00,0.667,9.525
2020-07-29 12:00:00-03:00,0.585,8.877
2020-07-29 13:00:00-03:00,0.638,9.284
2020-07-29 14:00:00-03:00,0.675,9.584
2020-07-29 15:00:00-03:00,0.646,9.354
2020-07-29 16:00:00-03:00,0.615,9.106
2020-07-29 17:00:00-03:00,0.633,9.247
2020-07-29 18:00:00-03:00,0.68,9.629
2020-07-29 19:00:00-03:00,0.657,9.435
2020-07-29 20:00:00-03:00,0.585,8.881
2020-07-29 21:00:00-03:00,0.47900000000000004,8.106
2020-07-29 22:00:00-03:00,0.34400000000000003,7.131
2020-07-29 23:00:00-03:00,0.221,6.113
2020-07-30 00:00:00-03:00,0.164,5.529
2020-07-30 01:00:00-03:00,0.14,5.259
2020-07-30 02:00:00-03:00,0.117,4.974
2020-07-30 03:00:00-03:00,0.10300000000000001,4.771
2020-07-30 04:00:00-03:00,0.096,4.672
2020-07-30 05:00:00-03:00,0.091,4.599
2020-07-30 06:00:00-03:00,0.08,4.408
2020-07-30 07:00:00-03:00,0.054,3.916
2020-07-30 08:00:00-03:00,0.03,3.33
2020-07-30 09:00:00-03:00,0.013000000000000001,2.6710000000000003
2020-07-30 10:00:00-03:00,0.007,2.293
2020-07-30 11:00:00-03:00,0.011,2.55
2020-07-30 12:00:00-03:00,0.029,3.286
2020-07-30 13:00:00-03:00,0.06,4.049
2020-07-30 14:00:00-03:00,0.11,4.869
2020-07-30 15:00:00-03:00,0.18,5.699
2020-07-30 16:00:00-03:00,0.247,6.342
2020-07-30 17:00:00-03:00,0.40700000000000003,7.591
2020-07-30 18:00:00-03:00,0.597,8.971
2020-07-30 19:00:00-03:00,0.664,9.501
2020-07-30 20:00:00-03:00,0.653,9.405
2020-07-30 21:00:00-03:00,0.601,8.995
2020-07-30 22:00:00-03:00,0.517,8.379
2020-07-30 23:00:00-03:00,0.482,8.122
2020-07-31 00:00:00-03:00,0.486,8.159
2020-07-31 01:00:00-03:00,0.511,8.327
2020-07-31 02:00:00-03:00,0.536,8.513
2020-07-31 03:00:00-03:00,0.585,8.876
2020-07-31 04:00:00-03:00,0.637,9.276
2020-07-31 05:00:00-03:00,0.631,9.229
2020-07-31 06:00:00-03:00,0.595,8.957
2020-07-31 07:00:00-03:00,0.561,8.701
2020-07-31 08:00:00-03:00,0.544,8.569
2020-07-31 09:00:00-03:00,0.582,8.854
2020-07-31 10:00:00-03:00,0.546,8.587
2020-07-31 11:00:00-03:00,0.609,9.051
2020-07-31 12:00:00-03:00,0.67,9.55
2020-07-31 13:00:00-03:00,0.782,10.604
2020-07-31 14:00:00-03:00,0.8310000000000001,11.212
2020-07-31 15:00:00-03:00,0.835,11.267
2020-07-31 16:00:00-03:00,0.876,11.92
2020-07-31 17:00:00-03:00,0.918,12.912
2020-07-31 18:00:00-03:00,0.934,13.631
2020-07-31 19:00:00-03:00,0.9400000000000001,14.168
2020-07-31 20:00:00-03:00,0.9410000000000001,14.563
2020-07-31 21:00:00-03:00,0.9400000000000001,14.7
2020-07-31 22:00:00-03:00,0.9410000000000001,14.585
2020-07-31 23:00:00-03:00,0.9390000000000001,14.049
2020-08-01 00:00:00-03:00,0.913,12.771
2020-08-01 01:00:00-03:00,0.842,11.362
2020-08-01 02:00:00-03:00,0.73,10.073
2020-08-01 03:00:00-03:00,0.644,9.338
2020-08-01 04:00:00-03:00,0.54,8.545
2020-08-01 05:00:00-03:00,0.431,7.766
2020-08-01 06:00:00-03:00,0.331,7.034
2020-08-01 07:00:00-03:00,0.278,6.602
2020-08-01 08:00:00-03:00,0.221,6.114
2020-08-01 09:00:00-03:00,0.169,5.592
2020-08-01 10:00:00-03:00,0.107,4.829
2020-08-01 11:00:00-03:00,0.063,4.107
2020-08-01 12:00:00-03:00,0.05,3.843
2020-08-01 13:00:00-03:00,0.053,3.902
2020-08-01 14:00:00-03:00,0.053,3.887
2020-08-01 15:00:00-03:00,0.038,3.5380000000000003
2020-08-01 16:00:00-03:00,0.037,3.524
2020-08-01 17:00:00-03:00,0.078,4.371
2020-08-01 18:00:00-03:00,0.168,5.5760000000000005
2020-08-01 19:00:00-03:00,0.211,6.009
2020-08-01 20:00:00-03:00,0.20500000000000002,5.954
2020-08-01 21:00:00-03:00,0.269,6.532
2020-08-01 22:00:00-03:00,0.359,7.238
2020-08-01 23:00:00-03:00,0.449,7.894
2020-08-02 00:00:00-03:00,0.606,9.028
2020-08-02 01:00:00-03:00,0.732,10.095
2020-08-02 02:00:00-03:00,0.8,10.819
2020-08-02 03:00:00-03:00,0.8160000000000001,11.005
2020-08-02 04:00:00-03:00,0.811,10.946
2020-08-02 05:00:00-03:00,0.802,10.837
2020-08-02 06:00:00-03:00,0.792,10.724
2020-08-02 07:00:00-03:00,0.8190000000000001,11.053
2020-08-02 08:00:00-03:00,0.846,11.432
2020-08-02 09:00:00-03:00,0.848,11.456
2020-08-02 10:00:00-03:00,0.8320000000000001,11.228
2020-08-02 11:00:00-03:00,0.8170000000000001,11.019
2020-08-02 12:00:00-03:00,0.809,10.929
2020-08-02 13:00:00-03:00,0.869,11.802
2020-08-02 14:00:00-03:00,0.8310000000000001,11.21
2020-08-02 15:00:00-03:00,0.658,9.445
2020-08-02 16:00:00-03:00,0.491,8.196
2020-08-02 17:00:00-03:00,0.423,7.714
2020-08-02 18:00:00-03:00,0.543,8.566
2020-08-02 19:00:00-03:00,0.76,10.38
2020-08-02 20:00:00-03:00,0.778,10.568
2020-08-02 21:00:00-03:00,0.803,10.843
2020-08-02 22:00:00-03:00,0.849,11.47
2020-08-02 23:00:00-03:00,0.891,12.216
2020-08-03 00:00:00-03:00,0.917,12.881
2020-08-03 01:00:00-03:00,0.936,13.78
2020-08-03 02:00:00-03:00,0.9380000000000001,14.98
2020-08-03 03:00:00-03:00,0.926,15.779
2020-08-03 04:00:00-03:00,0.8150000000000001,18.447
2020-08-03 05:00:00-03:00,0.864,17.522
2020-08-03 06:00:00-03:00,0.909,16.385
2020-08-03 07:00:00-03:00,0.937,15.123
2020-08-03 08:00:00-03:00,0.937,13.787
2020-08-03 09:00:00-03:00,0.929,13.365
2020-08-03 10:00:00-03:00,0.911,12.708
2020-08-03 11:00:00-03:00,0.866,11.734
2020-08-03 12:00:00-03:00,0.8250000000000001,11.128
2020-08-03 13:00:00-03:00,0.909,12.665
2020-08-03 14:00:00-03:00,0.92,12.983
2020-08-03 15:00:00-03:00,0.866,11.748
2020-08-03 16:00:00-03:00,0.78,10.584
2020-08-03 17:00:00-03:00,0.75,10.275
2020-08-03 18:00:00-03:00,0.778,10.569
2020-08-03 19:00:00-03:00,0.796,10.762
2020-08-03 20:00:00-03:00,0.808,10.911
2020-08-03 21:00:00-03:00,0.808,10.907
2020-08-03 22:00:00-03:00,0.805,10.87
2020-08-03 23:00:00-03:00,0.803,10.848
2020-08-04 00:00:00-03:00,0.812,10.957
2020-08-04 01:00:00-03:00,0.8280000000000001,11.17
2020-08-04 02:00:00-03:00,0.837,11.291
2020-08-04 03:00:00-03:00,0.837,11.292
2020-08-04 04:00:00-03:00,0.8240000000000001,11.11
2020-08-04 05:00:00-03:00,0.8170000000000001,11.011
2020-08-04 06:00:00-03:00,0.8270000000000001,11.151
2020-08-04 07:00:00-03:00,0.84,11.342
2020-08-04 08:00:00-03:00,0.849,11.463
2020-08-04 09:00:00-03:00,0.854,11.547
2020-08-04 10:00:00-03:00,0.837,11.298
2020-08-04 11:00:00-03:00,0.838,11.312
2020-08-04 12:00:00-03:00,0.8190000000000001,11.056
2020-08-04 13:00:00-03:00,0.784,10.634
2020-08-04 14:00:00-03:00,0.77,10.479
2020-08-04 15:00:00-03:00,0.754,10.318
2020-08-04 16:00:00-03:00,0.758,10.345
2020-08-04 17:00:00-03:00,0.765,10.427
2020-08-04 18:00:00-03:00,0.767,10.44
2020-08-04 19:00:00-03:00,0.769,10.47
2020-08-04 20:00:00-03:00,0.787,10.668
2020-08-04 21:00:00-03:00,0.812,10.957
2020-08-04 22:00:00-03:00,0.798,10.797
2020-08-04 23:00:00-03:00,0.74,10.167
2020-08-05 00:00:00-03:00,0.6920000000000001,9.733
2020-08-05 01:00:00-03:00,0.636,9.273
2020-08-05 02:00:00-03:00,0.592,8.922
2020-08-05 03:00:00-03:00,0.5680000000000001,8.739
2020-08-05 04:00:00-03:00,0.546,8.595
2020-08-05 05:00:00-03:00,0.497,8.235
2020-08-05 06:00:00-03:00,0.41200000000000003,7.628
2020-08-05 07:00:00-03:00,0.309,6.85
2020-08-05 08:00:00-03:00,0.23,6.187
2020-08-05 09:00:00-03:00,0.194,5.852
2020-08-05 10:00:00-03:00,0.16,5.497
2020-08-05 11:00:00-03:00,0.131,5.147
2020-08-05 12:00:00-03:00,0.167,5.562
2020-08-05 13:00:00-03:00,0.353,7.193
2020-08-05 14:00:00-03:00,0.592,8.922
2020-08-05 15:00:00-03:00,0.745,10.223
2020-08-05 16:00:00-03:00,0.8150000000000001,10.999
2020-08-05 17:00:00-03:00,0.805,10.872
2020-08-05 18:00:00-03:00,0.753,10.302
2020-08-05 19:00:00-03:00,0.683,9.654
2020-08-05 20:00:00-03:00,0.661,9.47
2020-08-05 21:00:00-03:00,0.666,9.505
2020-08-05 22:00:00-03:00,0.6990000000000001,9.799
2020-08-05 23:00:00-03:00,0.716,9.94
2020-08-06 00:00:00-03:00,0.7010000000000001,9.818
2020-08-06 01:00:00-03:00,0.666,9.508
2020-08-06 02:00:00-03:00,0.624,9.176
2020-08-06 03:00:00-03:00,0.557,8.667
2020-08-06 04:00:00-03:00,0.533,8.492
2020-08-06 05:00:00-03:00,0.501,8.263
2020-08-06 06:00:00-03:00,0.492,8.2
2020-08-06 07:00:00-03:00,0.549,8.616
2020-08-06 08:00:00-03:00,0.631,9.231
2020-08-06 09:00:00-03:00,0.668,9.53
2020-08-06 10:00:00-03:00,0.67,9.55
2020-08-06 11:00:00-03:00,0.636,9.267
2020-08-06 12:00:00-03:00,0.658,9.441
2020-08-06 13:00:00-03:00,0.609,9.051
2020-08-06 14:00:00-03:00,0.558,8.679
2020-08-06 15:00:00-03:00,0.58,8.836
2020-08-06 16:00:00-03:00,0.604,9.016
2020-08-06 17:00:00-03:00,0.835,11.257
2020-08-06 18:00:00-03:00,0.806,10.886
2020-08-06 19:00:00-03:00,0.8190000000000001,11.047
2020-08-06 20:00:00-03:00,0.875,11.897
2020-08-06 21:00:00-03:00,0.932,13.492
2020-08-06 22:00:00-03:00,0.935,13.68
2020-08-06 23:00:00-03:00,0.882,12.03
2020-08-07 00:00:00-03:00,0.839,11.32
2020-08-07 01:00:00-03:00,0.891,12.227
2020-08-07 02:00:00-03:00,0.891,12.229
2020-08-07 03:00:00-03:00,0.8140000000000001,10.981
2020-08-07 04:00:00-03:00,0.782,10.609
2020-08-07 05:00:00-03:00,0.808,10.902
2020-08-07 06:00:00-03:00,0.837,11.286
2020-08-07 07:00:00-03:00,0.862,11.685
2020-08-07 08:00:00-03:00,0.885,12.1
2020-08-07 09:00:00-03:00,0.904,12.515
2020-08-07 10:00:00-03:00,0.911,12.709
2020-08-07 11:00:00-03:00,0.921,13.025
2020-08-07 12:00:00-03:00,0.925,15.818
2020-08-07 13:00:00-03:00,0.8320000000000001,18.132
2020-08-07 14:00:00-03:00,0.867,17.461
2020-08-07 15:00:00-03:00,0.925,15.793
2020-08-07 16:00:00-03:00,0.9380000000000001,13.914
2020-08-07 17:00:00-03:00,0.905,12.549
2020-08-07 18:00:00-03:00,0.8170000000000001,11.021
2020-08-07 19:00:00-03:00,0.749,10.269
2020-08-07 20:00:00-03:00,0.712,9.905
2020-08-07 21:00:00-03:00,0.672,9.562
2020-08-07 22:00:00-03:00,0.627,9.194
2020-08-07 23:00:00-03:00,0.5660000000000001,8.733
2020-08-08 00:00:00-03:00,0.486,8.151
2020-08-08 01:00:00-03:00,0.365,7.28
2020-08-08 02:00:00-03:00,0.213,6.036
2020-08-08 03:00:00-03:00,0.08,4.406
2020-08-08 04:00:00-03:00,0.016,2.831
2020-08-08 05:00:00-03:00,0.021,3.011
2020-08-08 06:00:00-03:00,0.096,4.667
2020-08-08 07:00:00-03:00,0.225,6.151
2020-08-08 08:00:00-03:00,0.334,7.057
2020-08-08 09:00:00-03:00,0.435,7.799
2020-08-08 10:00:00-03:00,0.528,8.46
2020-08-08 11:00:00-03:00,0.716,9.945
2020-08-08 12:00:00-03:00,0.919,12.972
2020-08-08 13:00:00-03:00,0.9410000000000001,14.431
2020-08-08 14:00:00-03:00,0.9390000000000001,14.96
2020-08-08 15:00:00-03:00,0.9390000000000001,14.932
2020-08-08 16:00:00-03:00,0.9410000000000001,14.556000000000001
2020-08-08 17:00:00-03:00,0.9390000000000001,14.063
2020-08-08 18:00:00-03:00,0.921,13.032
2020-08-08 19:00:00-03:00,0.879,11.981
2020-08-08 20:00:00-03:00,0.795,10.756
2020-08-08 21:00:00-03:00,0.754,10.315
2020-08-08 22:00:00-03:00,0.736,10.137
2020-08-08 23:00:00-03:00,0.733,10.098
2020-08-09 00:00:00-03:00,0.717,9.954
2020-08-09 01:00:00-03:00,0.704,9.831
2020-08-09 02:00:00-03:00,0.6940000000000001,9.746
2020-08-09 03:00:00-03:00,0.6940000000000001,9.742
2020-08-09 04:00:00-03:00,0.6940000000000001,9.743
2020-08-09 05:00:00-03:00,0.6940000000000001,9.755
2020-08-09 06:00:00-03:00,0.714,9.925
2020-08-09 07:00:00-03:00,0.727,10.053
2020-08-09 08:00:00-03:00,0.74,10.167
2020-08-09 09:00:00-03:00,0.745,10.217
2020-08-09 10:00:00-03:00,0.742,10.187
2020-08-09 11:00:00-03:00,0.845,11.411
2020-08-09 12:00:00-03:00,0.884,12.072
2020-08-09 13:00:00-03:00,0.897,12.358
2020-08-09 14:00:00-03:00,0.864,11.718
2020-08-09 15:00:00-03:00,0.867,11.767
2020-08-09 16:00:00-03:00,0.8250000000000001,11.118
2020-08-09 17:00:00-03:00,0.6890000000000001,9.704
2020-08-09 18:00:00-03:00,0.486,8.16
2020-08-09 19:00:00-03:00,0.503,8.276
2020-08-09 20:00:00-03:00,0.663,9.486
2020-08-09 21:00:00-03:00,0.661,9.474
2020-08-09 22:00:00-03:00,0.596,8.964
2020-08-09 23:00:00-03:00,0.5730000000000001,8.789
2020-08-10 00:00:00-03:00,0.577,8.821
2020-08-10 01:00:00-03:00,0.614,9.096
2020-08-10 02:00:00-03:00,0.667,9.519
2020-08-10 03:00:00-03:00,0.728,10.062
2020-08-10 04:00:00-03:00,0.77,10.478
2020-08-10 05:00:00-03:00,0.791,10.716
2020-08-10 06:00:00-03:00,0.8270000000000001,11.16
2020-08-10 07:00:00-03:00,0.897,12.354
2020-08-10 08:00:00-03:00,0.9390000000000001,14.855
2020-08-10 09:00:00-03:00,0.9390000000000001,14.907
2020-08-10 10:00:00-03:00,0.9410000000000001,14.399000000000001
2020-08-10 11:00:00-03:00,0.9400000000000001,14.704
2020-08-10 12:00:00-03:00,0.935,15.254
2020-08-10 13:00:00-03:00,0.932,15.473
2020-08-10 14:00:00-03:00,0.932,15.476
2020-08-10 15:00:00-03:00,0.937,15.136
2020-08-10 16:00:00-03:00,0.9410000000000001,14.442
2020-08-10 17:00:00-03:00,0.931,13.447
2020-08-10 18:00:00-03:00,0.908,12.621
2020-08-10 19:00:00-03:00,0.835,11.257
2020-08-10 20:00:00-03:00,0.598,8.975999999999999
2020-08-10 21:00:00-03:00,0.434,7.787
2020-08-10 22:00:00-03:00,0.384,7.427
2020-08-10 23:00:00-03:00,0.438,7.815
2020-08-11 00:00:00-03:00,0.511,8.33
2020-08-11 01:00:00-03:00,0.555,8.649000000000001
2020-08-11 02:00:00-03:00,0.5710000000000001,8.772
2020-08-11 03:00:00-03:00,0.581,8.853
2020-08-11 04:00:00-03:00,0.683,9.65
2020-08-11 05:00:00-03:00,0.833,11.234
2020-08-11 06:00:00-03:00,0.858,11.607
2020-08-11 07:00:00-03:00,0.935,13.671
2020-08-11 08:00:00-03:00,0.9410000000000001,14.374
2020-08-11 09:00:00-03:00,0.9410000000000001,14.609
2020-08-11 10:00:00-03:00,0.9400000000000001,14.117
2020-08-11 11:00:00-03:00,0.935,13.655
2020-08-11 12:00:00-03:00,0.934,13.581
2020-08-11 13:00:00-03:00,0.936,13.781
2020-08-11 14:00:00-03:00,0.9410000000000001,14.461
2020-08-11 15:00:00-03:00,0.923,15.881
2020-08-11 16:00:00-03:00,0.888,16.96
2020-08-11 17:00:00-03:00,0.851,17.784
2020-08-11 18:00:00-03:00,0.869,17.403
2020-08-11 19:00:00-03:00,0.929,15.622
2020-08-11 20:00:00-03:00,0.9390000000000001,13.981
2020-08-11 21:00:00-03:00,0.919,12.974
2020-08-11 22:00:00-03:00,0.921,13.021
2020-08-11 23:00:00-03:00,0.933,13.568
2020-08-12 00:00:00-03:00,0.9410000000000001,14.338
2020-08-12 01:00:00-03:00,0.9390000000000001,14.881
2020-08-12 02:00:00-03:00,0.9410000000000001,14.63
2020-08-12 03:00:00-03:00,0.936,13.73
2020-08-12 04:00:00-03:00,0.915,12.842
2020-08-12 05:00:00-03:00,0.894,12.294
2020-08-12 06:00:00-03:00,0.855,11.556000000000001
2020-08-12 07:00:00-03:00,0.759,10.361
2020-08-12 08:00:00-03:00,0.67,9.546
2020-08-12 09:00:00-03:00,0.621,9.145
2020-08-12 10:00:00-03:00,0.5680000000000001,8.74
2020-08-12 11:00:00-03:00,0.536,8.509
2020-08-12 12:00:00-03:00,0.499,8.241
2020-08-12 13:00:00-03:00,0.457,7.953
2020-08-12 14:00:00-03:00,0.454,7.92
2020-08-12 15:00:00-03:00,0.461,7.979
2020-08-12 16:00:00-03:00,0.41200000000000003,7.631
2020-08-12 17:00:00-03:00,0.382,7.407
2020-08-12 18:00:00-03:00,0.441,7.838
2020-08-12 19:00:00-03:00,0.456,7.948
2020-08-12 20:00:00-03:00,0.451,7.9030000000000005
2020-08-12 21:00:00-03:00,0.429,7.745
2020-08-12 22:00:00-03:00,0.41400000000000003,7.638
2020-08-12 23:00:00-03:00,0.377,7.371
2020-08-13 00:00:00-03:00,0.333,7.048
2020-08-13 01:00:00-03:00,0.306,6.837
2020-08-13 02:00:00-03:00,0.276,6.588
2020-08-13 03:00:00-03:00,0.256,6.422
2020-08-13 04:00:00-03:00,0.233,6.222
2020-08-13 05:00:00-03:00,0.215,6.06
2020-08-13 06:00:00-03:00,0.19,5.815
2020-08-13 07:00:00-03:00,0.159,5.487
2020-08-13 08:00:00-03:00,0.129,5.124
2020-08-13 09:00:00-03:00,0.109,4.858
2020-08-13 10:00:00-03:00,0.082,4.448
2020-08-13 11:00:00-03:00,0.083,4.457
2020-08-13 12:00:00-03:00,0.091,4.598
2020-08-13 13:00:00-03:00,0.122,5.029
2020-08-13 14:00:00-03:00,0.17,5.607
2020-08-13 15:00:00-03:00,0.23500000000000001,6.229
2020-08-13 16:00:00-03:00,0.265,6.501
2020-08-13 17:00:00-03:00,0.281,6.632
2020-08-13 18:00:00-03:00,0.304,6.818
2020-08-13 19:00:00-03:00,0.28,6.629
2020-08-13 20:00:00-03:00,0.23600000000000002,6.24
2020-08-13 21:00:00-03:00,0.215,6.061
2020-08-13 22:00:00-03:00,0.20500000000000002,5.952
2020-08-13 23:00:00-03:00,0.18,5.7
2020-08-14 00:00:00-03:00,0.138,5.244
2020-08-14 01:00:00-03:00,0.127,5.104
2020-08-14 02:00:00-03:00,0.189,5.795
2020-08-14 03:00:00-03:00,0.266,6.5120000000000005
2020-08-14 04:00:00-03:00,0.323,6.974
2020-08-14 05:00:00-03:00,0.353,7.194
2020-08-14 06:00:00-03:00,0.373,7.345
2020-08-14 07:00:00-03:00,0.355,7.217
2020-08-14 08:00:00-03:00,0.391,7.478
2020-08-14 09:00:00-03:00,0.456,7.945
2020-08-14 10:00:00-03:00,0.47900000000000004,8.102
2020-08-14 11:00:00-03:00,0.596,8.965
2020-08-14 12:00:00-03:00,0.639,9.297
2020-08-14 13:00:00-03:00,0.667,9.526
2020-08-14 14:00:00-03:00,0.683,9.658
2020-08-14 15:00:00-03:00,0.622,9.162
2020-08-14 16:00:00-03:00,0.454,7.927
2020-08-14 17:00:00-03:00,0.335,7.064
2020-08-14 18:00:00-03:00,0.386,7.438
2020-08-14 19:00:00-03:00,0.34800000000000003,7.152
2020-08-14 20:00:00-03:00,0.264,6.487
2020-08-14 21:00:00-03:00,0.246,6.332
2020-08-14 22:00:00-03:00,0.315,6.909
2020-08-14 23:00:00-03:00,0.528,8.459
2020-08-15 00:00:00-03:00,0.773,10.51
2020-08-15 01:00:00-03:00,0.923,13.115
2020-08-15 02:00:00-03:00,0.906,12.568
2020-08-15 03:00:00-03:00,0.859,11.626
2020-08-15 04:00:00-03:00,0.809,10.928
2020-08-15 05:00:00-03:00,0.716,9.952
2020-08-15 06:00:00-03:00,0.622,9.156
2020-08-15 07:00:00-03:00,0.592,8.919
2020-08-15 08:00:00-03:00,0.725,10.03
2020-08-15 09:00:00-03:00,0.8300000000000001,11.202
2020-08-15 10:00:00-03:00,0.904,12.524000000000001
2020-08-15 11:00:00-03:00,0.9410000000000001,14.511
2020-08-15 12:00:00-03:00,0.881,17.133
2020-08-15 13:00:00-03:00,0.859,17.615
2020-08-15 14:00:00-03:00,0.906,16.476
2020-08-15 15:00:00-03:00,0.93,15.558
2020-08-15 16:00:00-03:00,0.928,15.667
2020-08-15 17:00:00-03:00,0.933,15.403
2020-08-15 18:00:00-03:00,0.935,15.239
2020-08-15 19:00:00-03:00,0.932,15.449
2020-08-15 20:00:00-03:00,0.922,15.949
2020-08-15 21:00:00-03:00,0.906,16.472
2020-08-15 22:00:00-03:00,0.866,17.478
2020-08-15 23:00:00-03:00,0.809,18.536
2020-08-16 00:00:00-03:00,0.752,19.416
2020-08-16 01:00:00-03:00,0.645,20.821
2020-08-16 02:00:00-03:00,0.611,21.219
2020-08-16 03:00:00-03:00,0.67,20.506
2020-08-16 04:00:00-03:00,0.678,20.403
2020-08-16 05:00:00-03:00,0.578,21.605
2020-08-16 06:00:00-03:00,0.495,22.515
2020-08-16 07:00:00-03:00,0.5710000000000001,21.683
2020-08-16 08:00:00-03:00,0.67,20.514
2020-08-16 09:00:00-03:00,0.762,19.269
2020-08-16 10:00:00-03:00,0.808,18.553
2020-08-16 11:00:00-03:00,0.795,18.762
2020-08-16 12:00:00-03:00,0.8210000000000001,18.336
2020-08-16 13:00:00-03:00,0.836,18.069
2020-08-16 14:00:00-03:00,0.859,17.627
2020-08-16 15:00:00-03:00,0.899,16.692
2020-08-16 16:00:00-03:00,0.9390000000000001,14.948
2020-08-16 17:00:00-03:00,0.921,13.033
2020-08-16 18:00:00-03:00,0.846,11.428
2020-08-16 19:00:00-03:00,0.682,9.646
2020-08-16 20:00:00-03:00,0.58,8.835
2020-08-16 21:00:00-03:00,0.517,8.385
2020-08-16 22:00:00-03:00,0.675,9.59
2020-08-16 23:00:00-03:00,0.837,11.279
2020-08-17 00:00:00-03:00,0.882,12.035
2020-08-17 01:00:00-03:00,0.8300000000000001,11.195
2020-08-17 02:00:00-03:00,0.834,11.24
2020-08-17 03:00:00-03:00,0.837,11.287
2020-08-17 04:00:00-03:00,0.842,11.361
2020-08-17 05:00:00-03:00,0.872,11.854
2020-08-17 06:00:00-03:00,0.881,12.014
2020-08-17 07:00:00-03:00,0.854,11.554
2020-08-17 08:00:00-03:00,0.853,11.522
2020-08-17 09:00:00-03:00,0.837,11.298
2020-08-17 10:00:00-03:00,0.658,9.44
2020-08-17 11:00:00-03:00,0.591,8.917
2020-08-17 12:00:00-03:00,0.603,9.009
2020-08-17 13:00:00-03:00,0.551,8.627
2020-08-17 14:00:00-03:00,0.5640000000000001,8.724
2020-08-17 15:00:00-03:00,0.643,9.324
2020-08-17 16:00:00-03:00,0.763,10.408
2020-08-17 17:00:00-03:00,0.848,11.458
2020-08-17 18:00:00-03:00,0.897,12.357
2020-08-17 19:00:00-03:00,0.932,13.507
2020-08-17 20:00:00-03:00,0.9400000000000001,14.226
2020-08-17 21:00:00-03:00,0.9390000000000001,13.964
2020-08-17 22:00:00-03:00,0.931,13.439
2020-08-17 23:00:00-03:00,0.931,13.452
2020-08-18 00:00:00-03:00,0.9400000000000001,14.13
2020-08-18 01:00:00-03:00,0.9380000000000001,14.995
2020-08-18 02:00:00-03:00,0.937,15.098
2020-08-18 03:00:00-03:00,0.9410000000000001,14.648
2020-08-18 04:00:00-03:00,0.9410000000000001,14.303
2020-08-18 05:00:00-03:00,0.9380000000000001,13.922
2020-08-18 06:00:00-03:00,0.931,13.457
2020-08-18 07:00:00-03:00,0.92,12.989
2020-08-18 08:00:00-03:00,0.906,12.566
2020-08-18 09:00:00-03:00,0.89,12.19
2020-08-18 10:00:00-03:00,0.893,12.261
2020-08-18 11:00:00-03:00,0.898,12.373
2020-08-18 12:00:00-03:00,0.876,11.912
2020-08-18 13:00:00-03:00,0.8290000000000001,11.185
2020-08-18 14:00:00-03:00,0.782,10.607
2020-08-18 15:00:00-03:00,0.735,10.124
2020-08-18 16:00:00-03:00,0.658,9.447
2020-08-18 17:00:00-03:00,0.547,8.598
2020-08-18 18:00:00-03:00,0.514,8.348
2020-08-18 19:00:00-03:00,0.452,7.915
2020-08-18 20:00:00-03:00,0.431,7.7620000000000005
2020-08-18 21:00:00-03:00,0.459,7.968
2020-08-18 22:00:00-03:00,0.444,7.86
2020-08-18 23:00:00-03:00,0.434,7.789
2020-08-19 00:00:00-03:00,0.424,7.718
2020-08-19 01:00:00-03:00,0.393,7.486
2020-08-19 02:00:00-03:00,0.421,7.694
2020-08-19 03:00:00-03:00,0.47600000000000003,8.086
2020-08-19 04:00:00-03:00,0.5760000000000001,8.813
2020-08-19 05:00:00-03:00,0.648,9.37
2020-08-19 06:00:00-03:00,0.709,9.884
2020-08-19 07:00:00-03:00,0.8320000000000001,11.221
2020-08-19 08:00:00-03:00,0.854,11.532
2020-08-19 09:00:00-03:00,0.927,13.246
2020-08-19 10:00:00-03:00,0.9400000000000001,14.806000000000001
2020-08-19 11:00:00-03:00,0.9410000000000001,14.448
2020-08-19 12:00:00-03:00,0.936,13.769
2020-08-19 13:00:00-03:00,0.937,13.816
2020-08-19 14:00:00-03:00,0.935,13.689
2020-08-19 15:00:00-03:00,0.9400000000000001,14.258
2020-08-19 16:00:00-03:00,0.933,15.414
2020-08-19 17:00:00-03:00,0.909,16.379
2020-08-19 18:00:00-03:00,0.884,17.07
2020-08-19 19:00:00-03:00,0.866,17.472
2020-08-19 20:00:00-03:00,0.867,17.454
2020-08-19 21:00:00-03:00,0.878,17.206
2020-08-19 22:00:00-03:00,0.9,16.655
2020-08-19 23:00:00-03:00,0.907,16.467
2020-08-20 00:00:00-03:00,0.912,16.297
2020-08-20 01:00:00-03:00,0.911,16.308
2020-08-20 02:00:00-03:00,0.916,16.167
2020-08-20 03:00:00-03:00,0.928,15.671
2020-08-20 04:00:00-03:00,0.937,15.108
2020-08-20 05:00:00-03:00,0.9400000000000001,14.774000000000001
2020-08-20 06:00:00-03:00,0.9410000000000001,14.611
2020-08-20 07:00:00-03:00,0.9400000000000001,14.691
2020-08-20 08:00:00-03:00,0.9390000000000001,14.877
2020-08-20 09:00:00-03:00,0.9400000000000001,14.793
2020-08-20 10:00:00-03:00,0.9400000000000001,14.682
2020-08-20 11:00:00-03:00,0.9410000000000001,14.61
2020-08-20 12:00:00-03:00,0.937,15.131
2020-08-20 13:00:00-03:00,0.932,15.462
2020-08-20 14:00:00-03:00,0.934,15.353
2020-08-20 15:00:00-03:00,0.9380000000000001,15.06
2020-08-20 16:00:00-03:00,0.9390000000000001,14.879
2020-08-20 17:00:00-03:00,0.9410000000000001,14.557
2020-08-20 18:00:00-03:00,0.937,13.852
2020-08-20 19:00:00-03:00,0.913,12.776
2020-08-20 20:00:00-03:00,0.854,11.547
2020-08-20 21:00:00-03:00,0.745,10.229
2020-08-20 22:00:00-03:00,0.721,9.993
2020-08-20 23:00:00-03:00,0.8160000000000001,11.005
2020-08-21 00:00:00-03:00,0.887,12.133
2020-08-21 01:00:00-03:00,0.934,13.588
2020-08-21 02:00:00-03:00,0.9400000000000001,14.263
2020-08-21 03:00:00-03:00,0.9400000000000001,14.171
2020-08-21 04:00:00-03:00,0.9410000000000001,14.283
2020-08-21 05:00:00-03:00,0.9390000000000001,14.896
2020-08-21 06:00:00-03:00,0.901,16.636
2020-08-21 07:00:00-03:00,0.869,17.397
2020-08-21 08:00:00-03:00,0.876,17.263
2020-08-21 09:00:00-03:00,0.886,17.024
2020-08-21 10:00:00-03:00,0.897,16.747
2020-08-21 11:00:00-03:00,0.896,16.767
2020-08-21 12:00:00-03:00,0.88,17.154
2020-08-21 13:00:00-03:00,0.896,16.757
2020-08-21 14:00:00-03:00,0.926,15.778
2020-08-21 15:00:00-03:00,0.9400000000000001,14.18
2020-08-21 16:00:00-03:00,0.913,12.774000000000001
2020-08-21 17:00:00-03:00,0.893,12.265
2020-08-21 18:00:00-03:00,0.858,11.597
2020-08-21 19:00:00-03:00,0.737,10.141
2020-08-21 20:00:00-03:00,0.711,9.899000000000001
2020-08-21 21:00:00-03:00,0.714,9.919
2020-08-21 22:00:00-03:00,0.6950000000000001,9.762
2020-08-21 23:00:00-03:00,0.664,9.5
2020-08-22 00:00:00-03:00,0.627,9.199
2020-08-22 01:00:00-03:00,0.595,8.957
2020-08-22 02:00:00-03:00,0.5720000000000001,8.775
2020-08-22 03:00:00-03:00,0.555,8.647
2020-08-22 04:00:00-03:00,0.524,8.42
2020-08-22 05:00:00-03:00,0.499,8.25
2020-08-22 06:00:00-03:00,0.539,8.529
2020-08-22 07:00:00-03:00,0.597,8.971
2020-08-22 08:00:00-03:00,0.663,9.485
2020-08-22 09:00:00-03:00,0.708,9.875
2020-08-22 10:00:00-03:00,0.711,9.898
2020-08-22 11:00:00-03:00,0.721,9.992
2020-08-22 12:00:00-03:00,0.777,10.552
2020-08-22 13:00:00-03:00,0.918,12.9
2020-08-22 14:00:00-03:00,0.9400000000000001,14.119
2020-08-22 15:00:00-03:00,0.9410000000000001,14.549
2020-08-22 16:00:00-03:00,0.9390000000000001,14.96
2020-08-22 17:00:00-03:00,0.93,15.572
2020-08-22 18:00:00-03:00,0.917,16.125
2020-08-22 19:00:00-03:00,0.926,15.781
2020-08-22 20:00:00-03:00,0.9380000000000001,15.029
2020-08-22 21:00:00-03:00,0.936,13.766
2020-08-22 22:00:00-03:00,0.907,12.61
2020-08-22 23:00:00-03:00,0.866,11.745
2020-08-23 00:00:00-03:00,0.8210000000000001,11.07
2020-08-23 01:00:00-03:00,0.752,10.296
2020-08-23 02:00:00-03:00,0.721,9.997
2020-08-23 03:00:00-03:00,0.6880000000000001,9.697
2020-08-23 04:00:00-03:00,0.684,9.664
2020-08-23 05:00:00-03:00,0.686,9.681000000000001
2020-08-23 06:00:00-03:00,0.719,9.981
2020-08-23 07:00:00-03:00,0.744,10.207
2020-08-23 08:00:00-03:00,0.751,10.286
2020-08-23 09:00:00-03:00,0.805,10.866
2020-08-23 10:00:00-03:00,0.8240000000000001,11.103
2020-08-23 11:00:00-03:00,0.913,12.771
2020-08-23 12:00:00-03:00,0.935,13.702
2020-08-23 13:00:00-03:00,0.9410000000000001,14.559
2020-08-23 14:00:00-03:00,0.937,15.109
2020-08-23 15:00:00-03:00,0.9400000000000001,14.748
2020-08-23 16:00:00-03:00,0.926,13.215
2020-08-23 17:00:00-03:00,0.858,11.62
2020-08-23 18:00:00-03:00,0.8150000000000001,10.988
2020-08-23 19:00:00-03:00,0.778,10.569
2020-08-23 20:00:00-03:00,0.778,10.564
2020-08-23 21:00:00-03:00,0.784,10.63
2020-08-23 22:00:00-03:00,0.805,10.874
2020-08-23 23:00:00-03:00,0.8300000000000001,11.199
2020-08-24 00:00:00-03:00,0.84,11.327
2020-08-24 01:00:00-03:00,0.8200000000000001,11.06
2020-08-24 02:00:00-03:00,0.769,10.472
2020-08-24 03:00:00-03:00,0.743,10.205
2020-08-24 04:00:00-03:00,0.728,10.056
2020-08-24 05:00:00-03:00,0.714,9.923
2020-08-24 06:00:00-03:00,0.787,10.65
2020-08-24 07:00:00-03:00,0.804,10.853
2020-08-24 08:00:00-03:00,0.77,10.477
2020-08-24 09:00:00-03:00,0.672,9.565
2020-08-24 10:00:00-03:00,0.5730000000000001,8.783
2020-08-24 11:00:00-03:00,0.558,8.673
2020-08-24 12:00:00-03:00,0.41100000000000003,7.615
2020-08-24 13:00:00-03:00,0.294,6.733
2020-08-24 14:00:00-03:00,0.232,6.207
2020-08-24 15:00:00-03:00,0.21,6.003
2020-08-24 16:00:00-03:00,0.202,5.931
2020-08-24 17:00:00-03:00,0.188,5.783
2020-08-24 18:00:00-03:00,0.201,5.925
2020-08-24 19:00:00-03:00,0.259,6.446
2020-08-24 20:00:00-03:00,0.355,7.216
2020-08-24 21:00:00-03:00,0.454,7.93
2020-08-24 22:00:00-03:00,0.502,8.273
2020-08-24 23:00:00-03:00,0.497,8.235
2020-08-25 00:00:00-03:00,0.465,8.007
2020-08-25 01:00:00-03:00,0.457,7.955
2020-08-25 02:00:00-03:00,0.46900000000000003,8.039
2020-08-25 03:00:00-03:00,0.482,8.13
2020-08-25 04:00:00-03:00,0.47200000000000003,8.054
2020-08-25 05:00:00-03:00,0.432,7.772
2020-08-25 06:00:00-03:00,0.40900000000000003,7.605
2020-08-25 07:00:00-03:00,0.39,7.472
2020-08-25 08:00:00-03:00,0.375,7.36
2020-08-25 09:00:00-03:00,0.263,6.477
2020-08-25 10:00:00-03:00,0.176,5.671
2020-08-25 11:00:00-03:00,0.28300000000000003,6.6530000000000005
2020-08-25 12:00:00-03:00,0.28200000000000003,6.647
2020-08-25 13:00:00-03:00,0.278,6.6
2020-08-25 14:00:00-03:00,0.289,6.696
2020-08-25 15:00:00-03:00,0.294,6.735
2020-08-25 16:00:00-03:00,0.265,6.501
2020-08-25 17:00:00-03:00,0.275,6.5809999999999995
2020-08-25 18:00:00-03:00,0.438,7.82
2020-08-25 19:00:00-03:00,0.604,9.014
2020-08-25 20:00:00-03:00,0.686,9.681000000000001
2020-08-25 21:00:00-03:00,0.6950000000000001,9.758
2020-08-25 22:00:00-03:00,0.672,9.567
2020-08-25 23:00:00-03:00,0.622,9.159
2020-08-26 00:00:00-03:00,0.547,8.600999999999999
2020-08-26 01:00:00-03:00,0.491,8.197
2020-08-26 02:00:00-03:00,0.47200000000000003,8.049
2020-08-26 03:00:00-03:00,0.464,8.002
2020-08-26 04:00:00-03:00,0.468,8.026
2020-08-26 05:00:00-03:00,0.47900000000000004,8.1
2020-08-26 06:00:00-03:00,0.516,8.372
2020-08-26 07:00:00-03:00,0.555,8.648
2020-08-26 08:00:00-03:00,0.5760000000000001,8.807
2020-08-26 09:00:00-03:00,0.493,8.206
2020-08-26 10:00:00-03:00,0.34500000000000003,7.133
2020-08-26 11:00:00-03:00,0.444,7.853
2020-08-26 12:00:00-03:00,0.535,8.507
2020-08-26 13:00:00-03:00,0.51,8.323
2020-08-26 14:00:00-03:00,0.464,7.996
2020-08-26 15:00:00-03:00,0.41500000000000004,7.645
2020-08-26 16:00:00-03:00,0.332,7.041
2020-08-26 17:00:00-03:00,0.316,6.911
2020-08-26 18:00:00-03:00,0.392,7.484
2020-08-26 19:00:00-03:00,0.5680000000000001,8.742
2020-08-26 20:00:00-03:00,0.648,9.364
2020-08-26 21:00:00-03:00,0.68,9.632
2020-08-26 22:00:00-03:00,0.64,9.301
2020-08-26 23:00:00-03:00,0.638,9.285
2020-08-27 00:00:00-03:00,0.633,9.239
2020-08-27 01:00:00-03:00,0.61,9.065
2020-08-27 02:00:00-03:00,0.5720000000000001,8.778
2020-08-27 03:00:00-03:00,0.531,8.482
2020-08-27 04:00:00-03:00,0.47100000000000003,8.047
2020-08-27 05:00:00-03:00,0.403,7.563
2020-08-27 06:00:00-03:00,0.39,7.472
2020-08-27 07:00:00-03:00,0.452,7.914
2020-08-27 08:00:00-03:00,0.643,9.329
2020-08-27 09:00:00-03:00,0.704,9.836
2020-08-27 10:00:00-03:00,0.712,9.902
2020-08-27 11:00:00-03:00,0.8210000000000001,11.071
2020-08-27 12:00:00-03:00,0.933,13.532
2020-08-27 13:00:00-03:00,0.9380000000000001,13.879
2020-08-27 14:00:00-03:00,0.937,15.076
2020-08-27 15:00:00-03:00,0.929,15.623
2020-08-27 16:00:00-03:00,0.925,15.809
2020-08-27 17:00:00-03:00,0.925,15.821
2020-08-27 18:00:00-03:00,0.933,15.384
2020-08-27 19:00:00-03:00,0.935,15.294
2020-08-27 20:00:00-03:00,0.9400000000000001,14.106
2020-08-27 21:00:00-03:00,0.93,13.37
2020-08-27 22:00:00-03:00,0.934,13.598
2020-08-27 23:00:00-03:00,0.9380000000000001,13.913
2020-08-28 00:00:00-03:00,0.9400000000000001,14.259
2020-08-28 01:00:00-03:00,0.9400000000000001,14.721
2020-08-28 02:00:00-03:00,0.9380000000000001,15.024
2020-08-28 03:00:00-03:00,0.935,15.248
2020-08-28 04:00:00-03:00,0.921,15.981
2020-08-28 05:00:00-03:00,0.859,17.626
2020-08-28 06:00:00-03:00,0.744,19.533
2020-08-28 07:00:00-03:00,0.6890000000000001,20.261
2020-08-28 08:00:00-03:00,0.716,19.914
2020-08-28 09:00:00-03:00,0.7000000000000001,20.119
2020-08-28 10:00:00-03:00,0.6910000000000001,20.251
2020-08-28 11:00:00-03:00,0.7000000000000001,20.123
2020-08-28 12:00:00-03:00,0.719,19.876
2020-08-28 13:00:00-03:00,0.741,19.572
2020-08-28 14:00:00-03:00,0.73,19.728
2020-08-28 15:00:00-03:00,0.728,19.753
2020-08-28 16:00:00-03:00,0.766,19.209
2020-08-28 17:00:00-03:00,0.761,19.277
2020-08-28 18:00:00-03:00,0.75,19.437
2020-08-28 19:00:00-03:00,0.778,19.039
2020-08-28 20:00:00-03:00,0.8230000000000001,18.293
2020-08-28 21:00:00-03:00,0.863,17.55
2020-08-28 22:00:00-03:00,0.901,16.629
2020-08-28 23:00:00-03:00,0.931,15.537
2020-08-29 00:00:00-03:00,0.9410000000000001,14.582
2020-08-29 01:00:00-03:00,0.931,13.434
2020-08-29 02:00:00-03:00,0.881,12.01
2020-08-29 03:00:00-03:00,0.863,11.692
2020-08-29 04:00:00-03:00,0.872,11.850999999999999
2020-08-29 05:00:00-03:00,0.837,11.293
2020-08-29 06:00:00-03:00,0.88,12.003
2020-08-29 07:00:00-03:00,0.936,13.749
2020-08-29 08:00:00-03:00,0.919,16.029
2020-08-29 09:00:00-03:00,0.896,16.776
2020-08-29 10:00:00-03:00,0.882,17.121
2020-08-29 11:00:00-03:00,0.911,16.325
2020-08-29 12:00:00-03:00,0.918,16.076
2020-08-29 13:00:00-03:00,0.878,17.211
2020-08-29 14:00:00-03:00,0.811,18.495
2020-08-29 15:00:00-03:00,0.782,18.969
2020-08-29 16:00:00-03:00,0.796,18.741
2020-08-29 17:00:00-03:00,0.81,18.531
2020-08-29 18:00:00-03:00,0.884,17.074
2020-08-29 19:00:00-03:00,0.922,15.917
2020-08-29 20:00:00-03:00,0.929,15.62
2020-08-29 21:00:00-03:00,0.932,15.461
2020-08-29 22:00:00-03:00,0.934,15.33
2020-08-29 23:00:00-03:00,0.9380000000000001,15.061
2020-08-30 00:00:00-03:00,0.9390000000000001,14.881
2020-08-30 01:00:00-03:00,0.9390000000000001,14.854
2020-08-30 02:00:00-03:00,0.9400000000000001,14.738
2020-08-30 03:00:00-03:00,0.9410000000000001,14.461
2020-08-30 04:00:00-03:00,0.9410000000000001,14.62
2020-08-30 05:00:00-03:00,0.936,15.211
2020-08-30 06:00:00-03:00,0.934,15.323
2020-08-30 07:00:00-03:00,0.9380000000000001,14.981
2020-08-30 08:00:00-03:00,0.9400000000000001,14.25
2020-08-30 09:00:00-03:00,0.933,13.549
2020-08-30 10:00:00-03:00,0.934,13.588
2020-08-30 11:00:00-03:00,0.926,13.232
2020-08-30 12:00:00-03:00,0.912,12.75
2020-08-30 13:00:00-03:00,0.888,12.152
2020-08-30 14:00:00-03:00,0.861,11.664
2020-08-30 15:00:00-03:00,0.8260000000000001,11.143
2020-08-30 16:00:00-03:00,0.796,10.757
2020-08-30 17:00:00-03:00,0.741,10.172
2020-08-30 18:00:00-03:00,0.639,9.299
2020-08-30 19:00:00-03:00,0.5640000000000001,8.715
2020-08-30 20:00:00-03:00,0.524,8.43
2020-08-30 21:00:00-03:00,0.501,8.27
2020-08-30 22:00:00-03:00,0.499,8.251
2020-08-30 23:00:00-03:00,0.454,7.934
2020-08-31 00:00:00-03:00,0.41600000000000004,7.652
2020-08-31 01:00:00-03:00,0.394,7.497
2020-08-31 02:00:00-03:00,0.355,7.217
2020-08-31 03:00:00-03:00,0.306,6.836
2020-08-31 04:00:00-03:00,0.266,6.507
2020-08-31 05:00:00-03:00,0.23900000000000002,6.2780000000000005
2020-08-31 06:00:00-03:00,0.265,6.493
2020-08-31 07:00:00-03:00,0.35000000000000003,7.168
2020-08-31 08:00:00-03:00,0.452,7.914
2020-08-31 09:00:00-03:00,0.494,8.22
2020-08-31 10:00:00-03:00,0.428,7.7379999999999995
2020-08-31 11:00:00-03:00,0.627,9.2
2020-08-31 12:00:00-03:00,0.807,10.892
2020-08-31 13:00:00-03:00,0.8320000000000001,11.228
2020-08-31 14:00:00-03:00,0.8280000000000001,11.163
2020-08-31 15:00:00-03:00,0.794,10.739
2020-08-31 16:00:00-03:00,0.6900000000000001,9.709
2020-08-31 17:00:00-03:00,0.609,9.064
2020-08-31 18:00:00-03:00,0.653,9.41
2020-08-31 19:00:00-03:00,0.716,9.939
2020-08-31 20:00:00-03:00,0.727,10.049
2020-08-31 21:00:00-03:00,0.6990000000000001,9.794
2020-08-31 22:00:00-03:00,0.656,9.42
2020-08-31 23:00:00-03:00,0.5660000000000001,8.732
2020-09-01 00:00:00-03:00,0.419,7.676
2020-09-01 01:00:00-03:00,0.328,7.005
2020-09-01 02:00:00-03:00,0.32,6.941
2020-09-01 03:00:00-03:00,0.314,6.897
2020-09-01 04:00:00-03:00,0.23900000000000002,6.275
2020-09-01 05:00:00-03:00,0.193,5.845
2020-09-01 06:00:00-03:00,0.19,5.799
2020-09-01 07:00:00-03:00,0.195,5.867
2020-09-01 08:00:00-03:00,0.181,5.721
2020-09-01 09:00:00-03:00,0.117,4.977
2020-09-01 10:00:00-03:00,0.085,4.494
2020-09-01 11:00:00-03:00,0.09,4.58
2020-09-01 12:00:00-03:00,0.094,4.635
2020-09-01 13:00:00-03:00,0.101,4.747
2020-09-01 14:00:00-03:00,0.11800000000000001,4.9879999999999995
2020-09-01 15:00:00-03:00,0.131,5.157
2020-09-01 16:00:00-03:00,0.109,4.857
2020-09-01 17:00:00-03:00,0.094,4.6370000000000005
2020-09-01 18:00:00-03:00,0.091,4.589
2020-09-01 19:00:00-03:00,0.098,4.708
2020-09-01 20:00:00-03:00,0.114,4.924
2020-09-01 21:00:00-03:00,0.11800000000000001,4.984
2020-09-01 22:00:00-03:00,0.114,4.931
2020-09-01 23:00:00-03:00,0.113,4.91
2020-09-02 00:00:00-03:00,0.107,4.838
2020-09-02 01:00:00-03:00,0.093,4.619
2020-09-02 02:00:00-03:00,0.064,4.125
2020-09-02 03:00:00-03:00,0.036000000000000004,3.473
2020-09-02 04:00:00-03:00,0.012,2.65
2020-09-02 05:00:00-03:00,0.001,1.588
2020-09-02 06:00:00-03:00,0.0,0.8270000000000001
2020-09-02 07:00:00-03:00,0.001,1.38
2020-09-02 08:00:00-03:00,0.009000000000000001,2.487
2020-09-02 09:00:00-03:00,0.043000000000000003,3.676
2020-09-02 10:00:00-03:00,0.088,4.553
2020-09-02 11:00:00-03:00,0.105,4.787
2020-09-02 12:00:00-03:00,0.127,5.107
2020-09-02 13:00:00-03:00,0.202,5.933
2020-09-02 14:00:00-03:00,0.23800000000000002,6.264
2020-09-02 15:00:00-03:00,0.256,6.421
2020-09-02 16:00:00-03:00,0.27,6.541
2020-09-02 17:00:00-03:00,0.362,7.26
2020-09-02 18:00:00-03:00,0.539,8.538
2020-09-02 19:00:00-03:00,0.668,9.533
2020-09-02 20:00:00-03:00,0.6920000000000001,9.731
2020-09-02 21:00:00-03:00,0.67,9.546
2020-09-02 22:00:00-03:00,0.633,9.249
2020-09-02 23:00:00-03:00,0.542,8.561
2020-09-03 00:00:00-03:00,0.429,7.752
2020-09-03 01:00:00-03:00,0.384,7.422
2020-09-03 02:00:00-03:00,0.365,7.283
2020-09-03 03:00:00-03:00,0.34400000000000003,7.131
2020-09-03 04:00:00-03:00,0.319,6.9350000000000005
2020-09-03 05:00:00-03:00,0.291,6.709
2020-09-03 06:00:00-03:00,0.233,6.211
2020-09-03 07:00:00-03:00,0.193,5.842
2020-09-03 08:00:00-03:00,0.17300000000000001,5.64
2020-09-03 09:00:00-03:00,0.14300000000000002,5.29
2020-09-03 10:00:00-03:00,0.10200000000000001,4.76
2020-09-03 11:00:00-03:00,0.084,4.476
2020-09-03 12:00:00-03:00,0.036000000000000004,3.477
2020-09-03 13:00:00-03:00,0.001,1.62
2020-09-03 14:00:00-03:00,0.0,0.712
2020-09-03 15:00:00-03:00,0.004,2.08
2020-09-03 16:00:00-03:00,0.034,3.444
2020-09-03 17:00:00-03:00,0.092,4.612
2020-09-03 18:00:00-03:00,0.17500000000000002,5.658
2020-09-03 19:00:00-03:00,0.241,6.293
2020-09-03 20:00:00-03:00,0.23900000000000002,6.275
2020-09-03 21:00:00-03:00,0.191,5.824
2020-09-03 22:00:00-03:00,0.136,5.214
2020-09-03 23:00:00-03:00,0.098,4.697
2020-09-04 00:00:00-03:00,0.082,4.453
2020-09-04 01:00:00-03:00,0.066,4.163
2020-09-04 02:00:00-03:00,0.041,3.613
2020-09-04 03:00:00-03:00,0.022,3.076
2020-09-04 04:00:00-03:00,0.015,2.792
2020-09-04 05:00:00-03:00,0.009000000000000001,2.4939999999999998
2020-09-04 06:00:00-03:00,0.004,2.094
2020-09-04 07:00:00-03:00,0.002,1.751
2020-09-04 08:00:00-03:00,0.001,1.574
2020-09-04 09:00:00-03:00,0.001,1.451
2020-09-04 10:00:00-03:00,0.001,1.451
2020-09-04 11:00:00-03:00,0.001,1.577
2020-09-04 12:00:00-03:00,0.001,1.518
2020-09-04 13:00:00-03:00,0.002,1.695
2020-09-04 14:00:00-03:00,0.004,2.106
2020-09-04 15:00:00-03:00,0.013000000000000001,2.6630000000000003
2020-09-04 16:00:00-03:00,0.02,3.005
2020-09-04 17:00:00-03:00,0.023,3.104
2020-09-04 18:00:00-03:00,0.062,4.079
2020-09-04 19:00:00-03:00,0.195,5.868
2020-09-04 20:00:00-03:00,0.41000000000000003,7.6129999999999995
2020-09-04 21:00:00-03:00,0.5760000000000001,8.811
2020-09-04 22:00:00-03:00,0.661,9.471
2020-09-04 23:00:00-03:00,0.68,9.63
2020-09-05 00:00:00-03:00,0.687,9.684
2020-09-05 01:00:00-03:00,0.714,9.923
2020-09-05 02:00:00-03:00,0.658,9.439
2020-09-05 03:00:00-03:00,0.742,10.185
2020-09-05 04:00:00-03:00,0.731,10.086
2020-09-05 05:00:00-03:00,0.743,10.199
2020-09-05 06:00:00-03:00,0.705,9.846
2020-09-05 07:00:00-03:00,0.766,10.432
2020-09-05 08:00:00-03:00,0.757,10.334
2020-09-05 09:00:00-03:00,0.754,10.312
2020-09-05 10:00:00-03:00,0.763,10.4
2020-09-05 11:00:00-03:00,0.679,9.622
2020-09-05 12:00:00-03:00,0.561,8.691
2020-09-05 13:00:00-03:00,0.512,8.343
2020-09-05 14:00:00-03:00,0.49,8.191
2020-09-05 15:00:00-03:00,0.517,8.38
2020-09-05 16:00:00-03:00,0.597,8.966
2020-09-05 17:00:00-03:00,0.604,9.015
2020-09-05 18:00:00-03:00,0.601,8.999
2020-09-05 19:00:00-03:00,0.679,9.623
2020-09-05 20:00:00-03:00,0.754,10.316
2020-09-05 21:00:00-03:00,0.799,10.804
2020-09-05 22:00:00-03:00,0.8170000000000001,11.023
2020-09-05 23:00:00-03:00,0.796,10.762
2020-09-06 00:00:00-03:00,0.835,11.259
2020-09-06 01:00:00-03:00,0.792,10.721
2020-09-06 02:00:00-03:00,0.8170000000000001,11.018
2020-09-06 03:00:00-03:00,0.753,10.307
2020-09-06 04:00:00-03:00,0.648,9.367
2020-09-06 05:00:00-03:00,0.647,9.361
2020-09-06 06:00:00-03:00,0.618,9.131
2020-09-06 07:00:00-03:00,0.542,8.556000000000001
2020-09-06 08:00:00-03:00,0.47200000000000003,8.048
2020-09-06 09:00:00-03:00,0.377,7.374
2020-09-06 10:00:00-03:00,0.28200000000000003,6.643
2020-09-06 11:00:00-03:00,0.381,7.397
2020-09-06 12:00:00-03:00,0.515,8.366
2020-09-06 13:00:00-03:00,0.561,8.694
2020-09-06 14:00:00-03:00,0.627,9.198
2020-09-06 15:00:00-03:00,0.6990000000000001,9.792
2020-09-06 16:00:00-03:00,0.731,10.091
2020-09-06 17:00:00-03:00,0.733,10.109
2020-09-06 18:00:00-03:00,0.744,10.209
2020-09-06 19:00:00-03:00,0.73,10.077
2020-09-06 20:00:00-03:00,0.632,9.235
2020-09-06 21:00:00-03:00,0.557,8.667
2020-09-06 22:00:00-03:00,0.521,8.405
2020-09-06 23:00:00-03:00,0.499,8.251
2020-09-07 00:00:00-03:00,0.447,7.874
2020-09-07 01:00:00-03:00,0.34500000000000003,7.134
2020-09-07 02:00:00-03:00,0.261,6.467
2020-09-07 03:00:00-03:00,0.247,6.343
2020-09-07 04:00:00-03:00,0.28700000000000003,6.68
2020-09-07 05:00:00-03:00,0.333,7.047
2020-09-07 06:00:00-03:00,0.354,7.205
2020-09-07 07:00:00-03:00,0.38,7.388
2020-09-07 08:00:00-03:00,0.42,7.687
2020-09-07 09:00:00-03:00,0.36,7.24
2020-09-07 10:00:00-03:00,0.26,6.454
2020-09-07 11:00:00-03:00,0.298,6.773
2020-09-07 12:00:00-03:00,0.387,7.44
2020-09-07 13:00:00-03:00,0.378,7.383
2020-09-07 14:00:00-03:00,0.276,6.593
2020-09-07 15:00:00-03:00,0.178,5.688
2020-09-07 16:00:00-03:00,0.10200000000000001,4.765
2020-09-07 17:00:00-03:00,0.067,4.177
2020-09-07 18:00:00-03:00,0.12,5.014
2020-09-07 19:00:00-03:00,0.222,6.121
2020-09-07 20:00:00-03:00,0.243,6.314
2020-09-07 21:00:00-03:00,0.213,6.041
2020-09-07 22:00:00-03:00,0.318,6.929
2020-09-07 23:00:00-03:00,0.40900000000000003,7.603
2020-09-08 00:00:00-03:00,0.438,7.819
2020-09-08 01:00:00-03:00,0.465,8.005
2020-09-08 02:00:00-03:00,0.501,8.266
2020-09-08 03:00:00-03:00,0.516,8.375
2020-09-08 04:00:00-03:00,0.449,7.894
2020-09-08 05:00:00-03:00,0.38,7.389
2020-09-08 06:00:00-03:00,0.366,7.294
2020-09-08 07:00:00-03:00,0.377,7.372
2020-09-08 08:00:00-03:00,0.361,7.253
2020-09-08 09:00:00-03:00,0.34,7.094
2020-09-08 10:00:00-03:00,0.259,6.451
2020-09-08 11:00:00-03:00,0.542,8.56
2020-09-08 12:00:00-03:00,0.738,10.16
2020-09-08 13:00:00-03:00,0.78,10.578
2020-09-08 14:00:00-03:00,0.804,10.854
2020-09-08 15:00:00-03:00,0.8320000000000001,11.218
2020-09-08 16:00:00-03:00,0.875,11.906
2020-09-08 17:00:00-03:00,0.871,11.83
2020-09-08 18:00:00-03:00,0.855,11.562
2020-09-08 19:00:00-03:00,0.863,11.69
2020-09-08 20:00:00-03:00,0.874,11.88
2020-09-08 21:00:00-03:00,0.905,12.549
2020-09-08 22:00:00-03:00,0.881,12.021
2020-09-08 23:00:00-03:00,0.851,11.501
2020-09-09 00:00:00-03:00,0.858,11.612
2020-09-09 01:00:00-03:00,0.872,11.852
2020-09-09 02:00:00-03:00,0.876,11.927
2020-09-09 03:00:00-03:00,0.877,11.942
2020-09-09 04:00:00-03:00,0.875,11.901
2020-09-09 05:00:00-03:00,0.875,11.894
2020-09-09 06:00:00-03:00,0.855,11.57
2020-09-09 07:00:00-03:00,0.787,10.666
2020-09-09 08:00:00-03:00,0.731,10.091
2020-09-09 09:00:00-03:00,0.65,9.382
2020-09-09 10:00:00-03:00,0.776,10.541
2020-09-09 11:00:00-03:00,0.88,11.998
2020-09-09 12:00:00-03:00,0.886,12.117
2020-09-09 13:00:00-03:00,0.862,11.675
2020-09-09 14:00:00-03:00,0.811,10.945
2020-09-09 15:00:00-03:00,0.752,10.293
2020-09-09 16:00:00-03:00,0.6880000000000001,9.694
2020-09-09 17:00:00-03:00,0.539,8.53
2020-09-09 18:00:00-03:00,0.353,7.195
2020-09-09 19:00:00-03:00,0.353,7.19
2020-09-09 20:00:00-03:00,0.709,9.884
2020-09-09 21:00:00-03:00,0.866,11.743
2020-09-09 22:00:00-03:00,0.842,11.357
2020-09-09 23:00:00-03:00,0.834,11.247
2020-09-10 00:00:00-03:00,0.8260000000000001,11.142
2020-09-10 01:00:00-03:00,0.8200000000000001,11.058
2020-09-10 02:00:00-03:00,0.842,11.351
2020-09-10 03:00:00-03:00,0.852,11.516
2020-09-10 04:00:00-03:00,0.848,11.452
2020-09-10 05:00:00-03:00,0.839,11.319
2020-09-10 06:00:00-03:00,0.8320000000000001,11.221
2020-09-10 07:00:00-03:00,0.837,11.282
2020-09-10 08:00:00-03:00,0.792,10.725999999999999
2020-09-10 09:00:00-03:00,0.7020000000000001,9.819
2020-09-10 10:00:00-03:00,0.582,8.86
2020-09-10 11:00:00-03:00,0.343,7.117
2020-09-10 12:00:00-03:00,0.194,5.85
2020-09-10 13:00:00-03:00,0.14300000000000002,5.285
2020-09-10 14:00:00-03:00,0.125,5.062
2020-09-10 15:00:00-03:00,0.161,5.503
2020-09-10 16:00:00-03:00,0.28400000000000003,6.662
2020-09-10 17:00:00-03:00,0.46,7.976
2020-09-10 18:00:00-03:00,0.6960000000000001,9.773
2020-09-10 19:00:00-03:00,0.895,12.31
2020-09-10 20:00:00-03:00,0.9380000000000001,13.904
2020-09-10 21:00:00-03:00,0.9410000000000001,14.489
2020-09-10 22:00:00-03:00,0.9400000000000001,14.215
2020-09-10 23:00:00-03:00,0.935,13.685
2020-09-11 00:00:00-03:00,0.911,12.721
2020-09-11 01:00:00-03:00,0.854,11.539
2020-09-11 02:00:00-03:00,0.784,10.619
2020-09-11 03:00:00-03:00,0.714,9.932
2020-09-11 04:00:00-03:00,0.6970000000000001,9.776
2020-09-11 05:00:00-03:00,0.676,9.599
2020-09-11 06:00:00-03:00,0.621,9.148
2020-09-11 07:00:00-03:00,0.599,8.983
2020-09-11 08:00:00-03:00,0.536,8.514
2020-09-11 09:00:00-03:00,0.47200000000000003,8.057
2020-09-11 10:00:00-03:00,0.455,7.938
2020-09-11 11:00:00-03:00,0.465,8.004
2020-09-11 12:00:00-03:00,0.35100000000000003,7.182
2020-09-11 13:00:00-03:00,0.246,6.338
2020-09-11 14:00:00-03:00,0.272,6.565
2020-09-11 15:00:00-03:00,0.503,8.275
2020-09-11 16:00:00-03:00,0.767,10.438
2020-09-11 17:00:00-03:00,0.863,11.7
2020-09-11 18:00:00-03:00,0.894,12.282
2020-09-11 19:00:00-03:00,0.889,12.175
2020-09-11 20:00:00-03:00,0.872,11.845
2020-09-11 21:00:00-03:00,0.8280000000000001,11.163
2020-09-11 22:00:00-03:00,0.658,9.441
2020-09-11 23:00:00-03:00,0.403,7.563
2020-09-12 00:00:00-03:00,0.34700000000000003,7.144
2020-09-12 01:00:00-03:00,0.388,7.457
2020-09-12 02:00:00-03:00,0.507,8.3
2020-09-12 03:00:00-03:00,0.516,8.376
2020-09-12 04:00:00-03:00,0.47200000000000003,8.052
2020-09-12 05:00:00-03:00,0.431,7.759
2020-09-12 06:00:00-03:00,0.355,7.211
2020-09-12 07:00:00-03:00,0.278,6.612
2020-09-12 08:00:00-03:00,0.224,6.1370000000000005
2020-09-12 09:00:00-03:00,0.186,5.773
2020-09-12 10:00:00-03:00,0.242,6.304
2020-09-12 11:00:00-03:00,0.504,8.289
2020-09-12 12:00:00-03:00,0.536,8.514
2020-09-12 13:00:00-03:00,0.406,7.585
2020-09-12 14:00:00-03:00,0.311,6.872
2020-09-12 15:00:00-03:00,0.355,7.212
2020-09-12 16:00:00-03:00,0.405,7.5760000000000005
2020-09-12 17:00:00-03:00,0.384,7.419
2020-09-12 18:00:00-03:00,0.521,8.399000000000001
2020-09-12 19:00:00-03:00,0.724,10.021
2020-09-12 20:00:00-03:00,0.741,10.176
2020-09-12 21:00:00-03:00,0.76,10.366
2020-09-12 22:00:00-03:00,0.78,10.579
2020-09-12 23:00:00-03:00,0.8,10.82
2020-09-13 00:00:00-03:00,0.79,10.694
2020-09-13 01:00:00-03:00,0.837,11.281
2020-09-13 02:00:00-03:00,0.835,11.267
2020-09-13 03:00:00-03:00,0.854,11.552
2020-09-13 04:00:00-03:00,0.889,12.172
2020-09-13 05:00:00-03:00,0.913,12.763
2020-09-13 06:00:00-03:00,0.926,13.219
2020-09-13 07:00:00-03:00,0.923,13.102
2020-09-13 08:00:00-03:00,0.88,11.993
2020-09-13 09:00:00-03:00,0.772,10.505
2020-09-13 10:00:00-03:00,0.877,11.945
2020-09-13 11:00:00-03:00,0.917,12.899000000000001
2020-09-13 12:00:00-03:00,0.894,12.283
2020-09-13 13:00:00-03:00,0.856,11.572
2020-09-13 14:00:00-03:00,0.861,11.646
2020-09-13 15:00:00-03:00,0.875,11.897
2020-09-13 16:00:00-03:00,0.869,11.796
2020-09-13 17:00:00-03:00,0.837,11.288
2020-09-13 18:00:00-03:00,0.8280000000000001,11.175
2020-09-13 19:00:00-03:00,0.862,11.682
2020-09-13 20:00:00-03:00,0.907,12.615
2020-09-13 21:00:00-03:00,0.927,13.278
2020-09-13 22:00:00-03:00,0.934,13.609
2020-09-13 23:00:00-03:00,0.9400000000000001,14.152
2020-09-14 00:00:00-03:00,0.936,15.217
2020-09-14 01:00:00-03:00,0.923,15.906
2020-09-14 02:00:00-03:00,0.897,16.744
2020-09-14 03:00:00-03:00,0.87,17.383
2020-09-14 04:00:00-03:00,0.873,17.311
2020-09-14 05:00:00-03:00,0.899,16.688
2020-09-14 06:00:00-03:00,0.912,16.301
2020-09-14 07:00:00-03:00,0.922,15.933
2020-09-14 08:00:00-03:00,0.93,15.551
2020-09-14 09:00:00-03:00,0.937,15.133
2020-09-14 10:00:00-03:00,0.933,15.418
2020-09-14 11:00:00-03:00,0.89,16.919
2020-09-14 12:00:00-03:00,0.835,18.085
2020-09-14 13:00:00-03:00,0.8180000000000001,18.372
2020-09-14 14:00:00-03:00,0.81,18.521
2020-09-14 15:00:00-03:00,0.784,18.94
2020-09-14 16:00:00-03:00,0.765,19.23
2020-09-14 17:00:00-03:00,0.739,19.599
2020-09-14 18:00:00-03:00,0.724,19.807
2020-09-14 19:00:00-03:00,0.751,19.434
2020-09-14 20:00:00-03:00,0.786,18.911
2020-09-14 21:00:00-03:00,0.798,18.711
2020-09-14 22:00:00-03:00,0.8160000000000001,18.417
2020-09-14 23:00:00-03:00,0.838,18.038
2020-09-15 00:00:00-03:00,0.869,17.414
2020-09-15 01:00:00-03:00,0.889,16.953
2020-09-15 02:00:00-03:00,0.876,17.253
2020-09-15 03:00:00-03:00,0.881,17.133
2020-09-15 04:00:00-03:00,0.908,16.425
2020-09-15 05:00:00-03:00,0.931,15.519
2020-09-15 06:00:00-03:00,0.9410000000000001,14.454
2020-09-15 07:00:00-03:00,0.933,13.522
2020-09-15 08:00:00-03:00,0.92,12.998
2020-09-15 09:00:00-03:00,0.915,12.831
2020-09-15 10:00:00-03:00,0.931,13.449
2020-09-15 11:00:00-03:00,0.937,13.845
2020-09-15 12:00:00-03:00,0.9400000000000001,14.161
2020-09-15 13:00:00-03:00,0.9390000000000001,14.001
2020-09-15 14:00:00-03:00,0.933,13.566
2020-09-15 15:00:00-03:00,0.924,13.14
2020-09-15 16:00:00-03:00,0.913,12.772
2020-09-15 17:00:00-03:00,0.87,11.81
2020-09-15 18:00:00-03:00,0.772,10.49
2020-09-15 19:00:00-03:00,0.6920000000000001,9.731
2020-09-15 20:00:00-03:00,0.604,9.016
2020-09-15 21:00:00-03:00,0.52,8.396
2020-09-15 22:00:00-03:00,0.462,7.985
2020-09-15 23:00:00-03:00,0.464,7.993
2020-09-16 00:00:00-03:00,0.516,8.375
2020-09-16 01:00:00-03:00,0.5640000000000001,8.725999999999999
2020-09-16 02:00:00-03:00,0.5750000000000001,8.797
2020-09-16 03:00:00-03:00,0.589,8.908
2020-09-16 04:00:00-03:00,0.627,9.198
2020-09-16 05:00:00-03:00,0.598,8.98
2020-09-16 06:00:00-03:00,0.589,8.907
2020-09-16 07:00:00-03:00,0.622,9.151
2020-09-16 08:00:00-03:00,0.646,9.353
2020-09-16 09:00:00-03:00,0.64,9.304
2020-09-16 10:00:00-03:00,0.679,9.625
2020-09-16 11:00:00-03:00,0.855,11.561
2020-09-16 12:00:00-03:00,0.897,12.345
2020-09-16 13:00:00-03:00,0.909,12.657
2020-09-16 14:00:00-03:00,0.924,13.14
2020-09-16 15:00:00-03:00,0.932,13.515
2020-09-16 16:00:00-03:00,0.891,12.22
2020-09-16 17:00:00-03:00,0.783,10.616
2020-09-16 18:00:00-03:00,0.735,10.124
2020-09-16 19:00:00-03:00,0.765,10.417
2020-09-16 20:00:00-03:00,0.798,10.789
2020-09-16 21:00:00-03:00,0.867,11.754
2020-09-16 22:00:00-03:00,0.929,13.324
2020-09-16 23:00:00-03:00,0.9400000000000001,14.772
2020-09-17 00:00:00-03:00,0.925,15.814
2020-09-17 01:00:00-03:00,0.902,16.584
2020-09-17 02:00:00-03:00,0.8290000000000001,18.2
2020-09-17 03:00:00-03:00,0.614,21.19
2020-09-17 04:00:00-03:00,0.386,23.684
2020-09-17 05:00:00-03:00,0.423,23.285
2020-09-17 06:00:00-03:00,0.5710000000000001,21.684
2020-09-17 07:00:00-03:00,0.717,19.901
2020-09-17 08:00:00-03:00,0.811,18.507
2020-09-17 09:00:00-03:00,0.838,18.031
2020-09-17 10:00:00-03:00,0.805,18.597
2020-09-17 11:00:00-03:00,0.747,19.489
2020-09-17 12:00:00-03:00,0.712,19.965
2020-09-17 13:00:00-03:00,0.716,19.913
2020-09-17 14:00:00-03:00,0.737,19.636
2020-09-17 15:00:00-03:00,0.763,19.257
2020-09-17 16:00:00-03:00,0.8170000000000001,18.404
2020-09-17 17:00:00-03:00,0.868,17.427
2020-09-17 18:00:00-03:00,0.901,16.641
2020-09-17 19:00:00-03:00,0.914,16.234
2020-09-17 20:00:00-03:00,0.912,16.284
2020-09-17 21:00:00-03:00,0.897,16.727
2020-09-17 22:00:00-03:00,0.89,16.902
2020-09-17 23:00:00-03:00,0.874,17.298
2020-09-18 00:00:00-03:00,0.847,17.851
2020-09-18 01:00:00-03:00,0.8130000000000001,18.479
2020-09-18 02:00:00-03:00,0.795,18.769
2020-09-18 03:00:00-03:00,0.787,18.893
2020-09-18 04:00:00-03:00,0.804,18.614
2020-09-18 05:00:00-03:00,0.8290000000000001,18.202
2020-09-18 06:00:00-03:00,0.86,17.599
2020-09-18 07:00:00-03:00,0.895,16.789
2020-09-18 08:00:00-03:00,0.897,16.732
2020-09-18 09:00:00-03:00,0.876,17.25
2020-09-18 10:00:00-03:00,0.847,17.861
2020-09-18 11:00:00-03:00,0.81,18.524
2020-09-18 12:00:00-03:00,0.758,19.339
2020-09-18 13:00:00-03:00,0.761,19.29
2020-09-18 14:00:00-03:00,0.779,19.026
2020-09-18 15:00:00-03:00,0.789,18.857
2020-09-18 16:00:00-03:00,0.802,18.651
2020-09-18 17:00:00-03:00,0.842,17.96
2020-09-18 18:00:00-03:00,0.859,17.623
2020-09-18 19:00:00-03:00,0.865,17.498
2020-09-18 20:00:00-03:00,0.869,17.403
2020-09-18 21:00:00-03:00,0.875,17.272
2020-09-18 22:00:00-03:00,0.885,17.04
2020-09-18 23:00:00-03:00,0.887,17.003
2020-09-19 00:00:00-03:00,0.88,17.166
2020-09-19 01:00:00-03:00,0.865,17.493
2020-09-19 02:00:00-03:00,0.841,17.978
2020-09-19 03:00:00-03:00,0.786,18.903
2020-09-19 04:00:00-03:00,0.731,19.709
2020-09-19 05:00:00-03:00,0.674,20.47
2020-09-19 06:00:00-03:00,0.659,20.646
2020-09-19 07:00:00-03:00,0.6920000000000001,20.23
2020-09-19 08:00:00-03:00,0.756,19.369
2020-09-19 09:00:00-03:00,0.789,18.856
2020-09-19 10:00:00-03:00,0.757,19.345
2020-09-19 11:00:00-03:00,0.714,19.938
2020-09-19 12:00:00-03:00,0.739,19.602
2020-09-19 13:00:00-03:00,0.786,18.9
2020-09-19 14:00:00-03:00,0.8150000000000001,18.435
2020-09-19 15:00:00-03:00,0.8300000000000001,18.186
2020-09-19 16:00:00-03:00,0.854,17.731
2020-09-19 17:00:00-03:00,0.887,17.001
2020-09-19 18:00:00-03:00,0.919,16.056
2020-09-19 19:00:00-03:00,0.9400000000000001,14.786
2020-09-19 20:00:00-03:00,0.935,13.693
2020-09-19 21:00:00-03:00,0.919,12.973
2020-09-19 22:00:00-03:00,0.902,12.475
2020-09-19 23:00:00-03:00,0.879,11.982
2020-09-20 00:00:00-03:00,0.8170000000000001,11.03
2020-09-20 01:00:00-03:00,0.745,10.211
2020-09-20 02:00:00-03:00,0.68,9.634
2020-09-20 03:00:00-03:00,0.624,9.176
2020-09-20 04:00:00-03:00,0.558,8.671
2020-09-20 05:00:00-03:00,0.516,8.371
2020-09-20 06:00:00-03:00,0.527,8.445
2020-09-20 07:00:00-03:00,0.493,8.206
2020-09-20 08:00:00-03:00,0.435,7.793
2020-09-20 09:00:00-03:00,0.377,7.367
2020-09-20 10:00:00-03:00,0.386,7.435
2020-09-20 11:00:00-03:00,0.47900000000000004,8.101
2020-09-20 12:00:00-03:00,0.611,9.073
2020-09-20 13:00:00-03:00,0.677,9.61
2020-09-20 14:00:00-03:00,0.709,9.887
2020-09-20 15:00:00-03:00,0.7010000000000001,9.817
2020-09-20 16:00:00-03:00,0.658,9.439
2020-09-20 17:00:00-03:00,0.5680000000000001,8.746
2020-09-20 18:00:00-03:00,0.498,8.239
2020-09-20 19:00:00-03:00,0.444,7.852
2020-09-20 20:00:00-03:00,0.375,7.355
2020-09-20 21:00:00-03:00,0.308,6.848
2020-09-20 22:00:00-03:00,0.261,6.46
2020-09-20 23:00:00-03:00,0.222,6.119
2020-09-21 00:00:00-03:00,0.202,5.937
2020-09-21 01:00:00-03:00,0.20700000000000002,5.973
2020-09-21 02:00:00-03:00,0.20600000000000002,5.96
2020-09-21 03:00:00-03:00,0.17500000000000002,5.662
2020-09-21 04:00:00-03:00,0.136,5.218
2020-09-21 05:00:00-03:00,0.111,4.894
2020-09-21 06:00:00-03:00,0.10200000000000001,4.765
2020-09-21 07:00:00-03:00,0.10200000000000001,4.765
2020-09-21 08:00:00-03:00,0.089,4.563
2020-09-21 09:00:00-03:00,0.049,3.813
2020-09-21 10:00:00-03:00,0.011,2.5789999999999997
2020-09-21 11:00:00-03:00,0.002,1.6960000000000002
2020-09-21 12:00:00-03:00,0.001,1.657
2020-09-21 13:00:00-03:00,0.0,1.063
2020-09-21 14:00:00-03:00,0.0,0.8300000000000001
2020-09-21 15:00:00-03:00,0.016,2.832
2020-09-21 16:00:00-03:00,0.101,4.75
2020-09-21 17:00:00-03:00,0.138,5.24
2020-09-21 18:00:00-03:00,0.06,4.033
2020-09-21 19:00:00-03:00,0.002,1.866
2020-09-21 20:00:00-03:00,0.0,1.2850000000000001
2020-09-21 21:00:00-03:00,0.07200000000000001,4.268
2020-09-21 22:00:00-03:00,0.29,6.703
2020-09-21 23:00:00-03:00,0.419,7.6850000000000005
2020-09-22 00:00:00-03:00,0.511,8.34
2020-09-22 01:00:00-03:00,0.5750000000000001,8.797
2020-09-22 02:00:00-03:00,0.615,9.106
2020-09-22 03:00:00-03:00,0.64,9.303
2020-09-22 04:00:00-03:00,0.686,9.683
2020-09-22 05:00:00-03:00,0.726,10.042
2020-09-22 06:00:00-03:00,0.787,10.671
2020-09-22 07:00:00-03:00,0.8190000000000001,11.057
2020-09-22 08:00:00-03:00,0.811,10.954
2020-09-22 09:00:00-03:00,0.874,11.893
2020-09-22 10:00:00-03:00,0.9380000000000001,13.873
2020-09-22 11:00:00-03:00,0.9410000000000001,14.648
2020-09-22 12:00:00-03:00,0.9390000000000001,14.923
2020-09-22 13:00:00-03:00,0.9400000000000001,14.817
2020-09-22 14:00:00-03:00,0.9390000000000001,14.953
2020-09-22 15:00:00-03:00,0.935,15.265
2020-09-22 16:00:00-03:00,0.933,15.374
2020-09-22 17:00:00-03:00,0.9410000000000001,14.548
2020-09-22 18:00:00-03:00,0.928,13.297
2020-09-22 19:00:00-03:00,0.919,12.949
2020-09-22 20:00:00-03:00,0.924,13.13
2020-09-22 21:00:00-03:00,0.927,13.239
2020-09-22 22:00:00-03:00,0.922,13.054
2020-09-22 23:00:00-03:00,0.913,12.773
2020-09-23 00:00:00-03:00,0.91,12.687
2020-09-23 01:00:00-03:00,0.896,12.325
2020-09-23 02:00:00-03:00,0.898,12.38
2020-09-23 03:00:00-03:00,0.921,13.009
2020-09-23 04:00:00-03:00,0.927,13.256
2020-09-23 05:00:00-03:00,0.924,13.142
2020-09-23 06:00:00-03:00,0.92,12.978
2020-09-23 07:00:00-03:00,0.919,12.971
2020-09-23 08:00:00-03:00,0.922,13.06
2020-09-23 09:00:00-03:00,0.925,13.166
2020-09-23 10:00:00-03:00,0.9380000000000001,13.933
2020-09-23 11:00:00-03:00,0.923,15.893
2020-09-23 12:00:00-03:00,0.854,17.71
2020-09-23 13:00:00-03:00,0.795,18.754
2020-09-23 14:00:00-03:00,0.731,19.722
2020-09-23 15:00:00-03:00,0.645,20.829
2020-09-23 16:00:00-03:00,0.5660000000000001,21.745
2020-09-23 17:00:00-03:00,0.529,22.153
2020-09-23 18:00:00-03:00,0.551,21.907
2020-09-23 19:00:00-03:00,0.635,20.941
2020-09-23 20:00:00-03:00,0.733,19.682
2020-09-23 21:00:00-03:00,0.8150000000000001,18.434
2020-09-23 22:00:00-03:00,0.881,17.146
2020-09-23 23:00:00-03:00,0.923,15.888
2020-09-24 00:00:00-03:00,0.9390000000000001,14.850999999999999
2020-09-24 01:00:00-03:00,0.9390000000000001,13.983
2020-09-24 02:00:00-03:00,0.924,13.138
2020-09-24 03:00:00-03:00,0.907,12.598
2020-09-24 04:00:00-03:00,0.9,12.43
2020-09-24 05:00:00-03:00,0.892,12.252
2020-09-24 06:00:00-03:00,0.898,12.369
2020-09-24 07:00:00-03:00,0.902,12.474
2020-09-24 08:00:00-03:00,0.908,12.63
2020-09-24 09:00:00-03:00,0.929,13.335
2020-09-24 10:00:00-03:00,0.937,15.136
2020-09-24 11:00:00-03:00,0.859,17.624
2020-09-24 12:00:00-03:00,0.714,19.939
2020-09-24 13:00:00-03:00,0.601,21.339
2020-09-24 14:00:00-03:00,0.536,22.065
2020-09-24 15:00:00-03:00,0.499,22.476
2020-09-24 16:00:00-03:00,0.524,22.206
2020-09-24 17:00:00-03:00,0.581,21.559
2020-09-24 18:00:00-03:00,0.649,20.776
2020-09-24 19:00:00-03:00,0.715,19.922
2020-09-24 20:00:00-03:00,0.752,19.416
2020-09-24 21:00:00-03:00,0.789,18.854
2020-09-24 22:00:00-03:00,0.8240000000000001,18.279
2020-09-24 23:00:00-03:00,0.872,17.341
2020-09-25 00:00:00-03:00,0.913,16.275
2020-09-25 01:00:00-03:00,0.933,15.387
2020-09-25 02:00:00-03:00,0.9400000000000001,14.814
2020-09-25 03:00:00-03:00,0.9410000000000001,14.462
2020-09-25 04:00:00-03:00,0.9400000000000001,14.199
2020-09-25 05:00:00-03:00,0.9380000000000001,13.908
2020-09-25 06:00:00-03:00,0.924,13.123
2020-09-25 07:00:00-03:00,0.901,12.454
2020-09-25 08:00:00-03:00,0.888,12.155
2020-09-25 09:00:00-03:00,0.898,12.369
2020-09-25 10:00:00-03:00,0.9400000000000001,14.2
2020-09-25 11:00:00-03:00,0.924,15.83
2020-09-25 12:00:00-03:00,0.911,16.316
2020-09-25 13:00:00-03:00,0.909,16.389
2020-09-25 14:00:00-03:00,0.901,16.616
2020-09-25 15:00:00-03:00,0.899,16.665
2020-09-25 16:00:00-03:00,0.91,16.357
2020-09-25 17:00:00-03:00,0.928,15.676
2020-09-25 18:00:00-03:00,0.936,15.211
2020-09-25 19:00:00-03:00,0.937,15.122
2020-09-25 20:00:00-03:00,0.9390000000000001,14.853
2020-09-25 21:00:00-03:00,0.9380000000000001,15.005
2020-09-25 22:00:00-03:00,0.932,15.442
2020-09-25 23:00:00-03:00,0.917,16.117
2020-09-26 00:00:00-03:00,0.904,16.548000000000002
2020-09-26 01:00:00-03:00,0.905,16.519
2020-09-26 02:00:00-03:00,0.911,16.318
2020-09-26 03:00:00-03:00,0.91,16.342
2020-09-26 04:00:00-03:00,0.913,16.245
2020-09-26 05:00:00-03:00,0.927,15.709
2020-09-26 06:00:00-03:00,0.9410000000000001,14.583
2020-09-26 07:00:00-03:00,0.927,13.272
2020-09-26 08:00:00-03:00,0.872,11.86
2020-09-26 09:00:00-03:00,0.812,10.962
2020-09-26 10:00:00-03:00,0.882,12.03
2020-09-26 11:00:00-03:00,0.912,12.751
2020-09-26 12:00:00-03:00,0.935,13.689
2020-09-26 13:00:00-03:00,0.9400000000000001,14.804
2020-09-26 14:00:00-03:00,0.925,15.819
2020-09-26 15:00:00-03:00,0.91,16.342
2020-09-26 16:00:00-03:00,0.921,15.978
2020-09-26 17:00:00-03:00,0.935,15.301
2020-09-26 18:00:00-03:00,0.9400000000000001,14.19
2020-09-26 19:00:00-03:00,0.916,12.859
2020-09-26 20:00:00-03:00,0.891,12.232
2020-09-26 21:00:00-03:00,0.877,11.934
2020-09-26 22:00:00-03:00,0.842,11.368
2020-09-26 23:00:00-03:00,0.776,10.54
2020-09-27 00:00:00-03:00,0.661,9.472
2020-09-27 01:00:00-03:00,0.609,9.057
2020-09-27 02:00:00-03:00,0.5730000000000001,8.787
2020-09-27 03:00:00-03:00,0.558,8.679
2020-09-27 04:00:00-03:00,0.5680000000000001,8.742
2020-09-27 05:00:00-03:00,0.5730000000000001,8.786
2020-09-27 06:00:00-03:00,0.54,8.545
2020-09-27 07:00:00-03:00,0.511,8.335
2020-09-27 08:00:00-03:00,0.494,8.214
2020-09-27 09:00:00-03:00,0.489,8.173
2020-09-27 10:00:00-03:00,0.674,9.577
2020-09-27 11:00:00-03:00,0.8200000000000001,11.067
2020-09-27 12:00:00-03:00,0.913,12.774000000000001
2020-09-27 13:00:00-03:00,0.9390000000000001,14.017
2020-09-27 14:00:00-03:00,0.9390000000000001,14.962
2020-09-27 15:00:00-03:00,0.911,16.323
2020-09-27 16:00:00-03:00,0.889,16.954
2020-09-27 17:00:00-03:00,0.927,15.729
2020-09-27 18:00:00-03:00,0.9400000000000001,14.709
2020-09-27 19:00:00-03:00,0.9410000000000001,14.437
2020-09-27 20:00:00-03:00,0.9400000000000001,14.198
2020-09-27 21:00:00-03:00,0.9390000000000001,14.073
2020-09-27 22:00:00-03:00,0.936,13.756
2020-09-27 23:00:00-03:00,0.923,13.077
2020-09-28 00:00:00-03:00,0.88,11.996
2020-09-28 01:00:00-03:00,0.861,11.649000000000001
2020-09-28 02:00:00-03:00,0.8130000000000001,10.969
2020-09-28 03:00:00-03:00,0.728,10.06
2020-09-28 04:00:00-03:00,0.624,9.179
2020-09-28 05:00:00-03:00,0.628,9.211
2020-09-28 06:00:00-03:00,0.604,9.02
2020-09-28 07:00:00-03:00,0.558,8.678
2020-09-28 08:00:00-03:00,0.467,8.023
2020-09-28 09:00:00-03:00,0.622,9.151
2020-09-28 10:00:00-03:00,0.627,9.196
2020-09-28 11:00:00-03:00,0.583,8.863
2020-09-28 12:00:00-03:00,0.5640000000000001,8.725999999999999
2020-09-28 13:00:00-03:00,0.5760000000000001,8.811
2020-09-28 14:00:00-03:00,0.611,9.076
2020-09-28 15:00:00-03:00,0.641,9.309
2020-09-28 16:00:00-03:00,0.65,9.386
2020-09-28 17:00:00-03:00,0.628,9.209
2020-09-28 18:00:00-03:00,0.559,8.682
2020-09-28 19:00:00-03:00,0.47200000000000003,8.048
2020-09-28 20:00:00-03:00,0.441,7.833
2020-09-28 21:00:00-03:00,0.40900000000000003,7.602
2020-09-28 22:00:00-03:00,0.397,7.52
2020-09-28 23:00:00-03:00,0.401,7.554
2020-09-29 00:00:00-03:00,0.406,7.589
2020-09-29 01:00:00-03:00,0.41200000000000003,7.624
2020-09-29 02:00:00-03:00,0.454,7.92
2020-09-29 03:00:00-03:00,0.511,8.333
2020-09-29 04:00:00-03:00,0.555,8.657
2020-09-29 05:00:00-03:00,0.5670000000000001,8.739
2020-09-29 06:00:00-03:00,0.58,8.837
2020-09-29 07:00:00-03:00,0.589,8.904
2020-09-29 08:00:00-03:00,0.587,8.891
2020-09-29 09:00:00-03:00,0.733,10.099
2020-09-29 10:00:00-03:00,0.935,13.657
2020-09-29 11:00:00-03:00,0.931,15.536
2020-09-29 12:00:00-03:00,0.923,15.893
2020-09-29 13:00:00-03:00,0.9390000000000001,14.902
2020-09-29 14:00:00-03:00,0.9400000000000001,14.129
2020-09-29 15:00:00-03:00,0.9400000000000001,14.712
2020-09-29 16:00:00-03:00,0.93,15.565
2020-09-29 17:00:00-03:00,0.926,15.746
2020-09-29 18:00:00-03:00,0.934,15.349
2020-09-29 19:00:00-03:00,0.933,15.393
2020-09-29 20:00:00-03:00,0.933,15.411
2020-09-29 21:00:00-03:00,0.9380000000000001,15.013
2020-09-29 22:00:00-03:00,0.9380000000000001,13.945
2020-09-29 23:00:00-03:00,0.929,13.36
2020-09-30 00:00:00-03:00,0.909,12.651
2020-09-30 01:00:00-03:00,0.866,11.734
2020-09-30 02:00:00-03:00,0.8310000000000001,11.211
2020-09-30 03:00:00-03:00,0.804,10.853
2020-09-30 04:00:00-03:00,0.833,11.232
2020-09-30 05:00:00-03:00,0.9,12.438
2020-09-30 06:00:00-03:00,0.935,13.647
2020-09-30 07:00:00-03:00,0.9400000000000001,14.239
2020-09-30 08:00:00-03:00,0.9400000000000001,14.102
2020-09-30 09:00:00-03:00,0.928,15.66
2020-09-30 10:00:00-03:00,0.847,17.869
2020-09-30 11:00:00-03:00,0.758,19.336
2020-09-30 12:00:00-03:00,0.715,19.925
2020-09-30 13:00:00-03:00,0.728,19.755
2020-09-30 14:00:00-03:00,0.741,19.579
2020-09-30 15:00:00-03:00,0.79,18.846
2020-09-30 16:00:00-03:00,0.857,17.655
2020-09-30 17:00:00-03:00,0.807,18.566
2020-09-30 18:00:00-03:00,0.789,18.852
2020-09-30 19:00:00-03:00,0.839,18.02
2020-09-30 20:00:00-03:00,0.862,17.569
2020-09-30 21:00:00-03:00,0.879,17.182
2020-09-30 22:00:00-03:00,0.907,16.452
2020-09-30 23:00:00-03:00,0.926,15.757
2020-10-01 00:00:00-03:00,0.923,15.875
2020-10-01 01:00:00-03:00,0.923,15.901
2020-10-01 02:00:00-03:00,0.93,15.548
2020-10-01 03:00:00-03:00,0.937,15.113
2020-10-01 04:00:00-03:00,0.9410000000000001,14.63
2020-10-01 05:00:00-03:00,0.9390000000000001,13.973
2020-10-01 06:00:00-03:00,0.931,13.446
2020-10-01 07:00:00-03:00,0.928,13.312
2020-10-01 08:00:00-03:00,0.918,12.919
2020-10-01 09:00:00-03:00,0.902,12.472
2020-10-01 10:00:00-03:00,0.859,11.636
2020-10-01 11:00:00-03:00,0.808,10.91
2020-10-01 12:00:00-03:00,0.787,10.656
2020-10-01 13:00:00-03:00,0.781,10.595
2020-10-01 14:00:00-03:00,0.783,10.616
2020-10-01 15:00:00-03:00,0.797,10.777
2020-10-01 16:00:00-03:00,0.8170000000000001,11.029
2020-10-01 17:00:00-03:00,0.802,10.827
2020-10-01 18:00:00-03:00,0.6970000000000001,9.776
2020-10-01 19:00:00-03:00,0.583,8.865
2020-10-01 20:00:00-03:00,0.584,8.873
2020-10-01 21:00:00-03:00,0.55,8.62
2020-10-01 22:00:00-03:00,0.47900000000000004,8.108
2020-10-01 23:00:00-03:00,0.434,7.7780000000000005
2020-10-02 00:00:00-03:00,0.40700000000000003,7.592
2020-10-02 01:00:00-03:00,0.403,7.568
2020-10-02 02:00:00-03:00,0.429,7.747
2020-10-02 03:00:00-03:00,0.491,8.197
2020-10-02 04:00:00-03:00,0.5700000000000001,8.76
2020-10-02 05:00:00-03:00,0.616,9.113
2020-10-02 06:00:00-03:00,0.605,9.026
2020-10-02 07:00:00-03:00,0.5640000000000001,8.714
2020-10-02 08:00:00-03:00,0.468,8.027
2020-10-02 09:00:00-03:00,0.65,9.385
2020-10-02 10:00:00-03:00,0.686,9.673
2020-10-02 11:00:00-03:00,0.712,9.908
2020-10-02 12:00:00-03:00,0.731,10.081
2020-10-02 13:00:00-03:00,0.739,10.163
2020-10-02 14:00:00-03:00,0.77,10.482
2020-10-02 15:00:00-03:00,0.792,10.722
2020-10-02 16:00:00-03:00,0.809,10.919
2020-10-02 17:00:00-03:00,0.8150000000000001,10.987
2020-10-02 18:00:00-03:00,0.791,10.716
2020-10-02 19:00:00-03:00,0.757,10.343
2020-10-02 20:00:00-03:00,0.763,10.398
2020-10-02 21:00:00-03:00,0.769,10.472
2020-10-02 22:00:00-03:00,0.75,10.271
2020-10-02 23:00:00-03:00,0.706,9.855
2020-10-03 00:00:00-03:00,0.6960000000000001,9.766
2020-10-03 01:00:00-03:00,0.704,9.839
2020-10-03 02:00:00-03:00,0.722,10.004
2020-10-03 03:00:00-03:00,0.747,10.244
2020-10-03 04:00:00-03:00,0.773,10.511
2020-10-03 05:00:00-03:00,0.803,10.843
2020-10-03 06:00:00-03:00,0.8270000000000001,11.158
2020-10-03 07:00:00-03:00,0.839,11.319
2020-10-03 08:00:00-03:00,0.8310000000000001,11.209
2020-10-03 09:00:00-03:00,0.8190000000000001,11.054
2020-10-03 10:00:00-03:00,0.931,13.439
2020-10-03 11:00:00-03:00,0.9410000000000001,14.641
2020-10-03 12:00:00-03:00,0.937,15.082
2020-10-03 13:00:00-03:00,0.934,15.323
2020-10-03 14:00:00-03:00,0.933,15.408
2020-10-03 15:00:00-03:00,0.9390000000000001,14.905
2020-10-03 16:00:00-03:00,0.9400000000000001,14.253
2020-10-03 17:00:00-03:00,0.9400000000000001,14.19
2020-10-03 18:00:00-03:00,0.923,13.076
2020-10-03 19:00:00-03:00,0.893,12.272
2020-10-03 20:00:00-03:00,0.899,12.396
2020-10-03 21:00:00-03:00,0.895,12.319
2020-10-03 22:00:00-03:00,0.867,11.769
2020-10-03 23:00:00-03:00,0.849,11.467
2020-10-04 00:00:00-03:00,0.812,10.959
2020-10-04 01:00:00-03:00,0.803,10.845
2020-10-04 02:00:00-03:00,0.808,10.916
2020-10-04 03:00:00-03:00,0.807,10.888
2020-10-04 04:00:00-03:00,0.78,10.588
2020-10-04 05:00:00-03:00,0.768,10.457
2020-10-04 06:00:00-03:00,0.811,10.948
2020-10-04 07:00:00-03:00,0.84,11.338
2020-10-04 08:00:00-03:00,0.851,11.489
2020-10-04 09:00:00-03:00,0.845,11.416
2020-10-04 10:00:00-03:00,0.875,11.894
2020-10-04 11:00:00-03:00,0.9400000000000001,14.172
2020-10-04 12:00:00-03:00,0.928,15.685
2020-10-04 13:00:00-03:00,0.904,16.528
2020-10-04 14:00:00-03:00,0.907,16.457
2020-10-04 15:00:00-03:00,0.915,16.184
2020-10-04 16:00:00-03:00,0.932,15.473
2020-10-04 17:00:00-03:00,0.9410000000000001,14.285
2020-10-04 18:00:00-03:00,0.927,13.277
2020-10-04 19:00:00-03:00,0.901,12.454
2020-10-04 20:00:00-03:00,0.854,11.551
2020-10-04 21:00:00-03:00,0.804,10.862
2020-10-04 22:00:00-03:00,0.761,10.384
2020-10-04 23:00:00-03:00,0.714,9.93
2020-10-05 00:00:00-03:00,0.722,10.008
2020-10-05 01:00:00-03:00,0.761,10.37
2020-10-05 02:00:00-03:00,0.775,10.528
2020-10-05 03:00:00-03:00,0.797,10.785
2020-10-05 04:00:00-03:00,0.8,10.811
2020-10-05 05:00:00-03:00,0.765,10.422
2020-10-05 06:00:00-03:00,0.708,9.88
2020-10-05 07:00:00-03:00,0.718,9.967
2020-10-05 08:00:00-03:00,0.664,9.487
2020-10-05 09:00:00-03:00,0.619,9.135
2020-10-05 10:00:00-03:00,0.847,11.442
2020-10-05 11:00:00-03:00,0.932,13.513
2020-10-05 12:00:00-03:00,0.933,15.389
2020-10-05 13:00:00-03:00,0.907,16.446
2020-10-05 14:00:00-03:00,0.904,16.547
2020-10-05 15:00:00-03:00,0.924,15.856
2020-10-05 16:00:00-03:00,0.933,15.413
2020-10-05 17:00:00-03:00,0.923,15.879
2020-10-05 18:00:00-03:00,0.924,15.846
2020-10-05 19:00:00-03:00,0.934,15.358
2020-10-05 20:00:00-03:00,0.9380000000000001,15.052
2020-10-05 21:00:00-03:00,0.937,15.135
2020-10-05 22:00:00-03:00,0.9390000000000001,14.954
2020-10-05 23:00:00-03:00,0.9410000000000001,14.645
2020-10-06 00:00:00-03:00,0.9400000000000001,14.791
2020-10-06 01:00:00-03:00,0.934,15.335
2020-10-06 02:00:00-03:00,0.93,15.57
2020-10-06 03:00:00-03:00,0.936,15.222
2020-10-06 04:00:00-03:00,0.9410000000000001,14.509
2020-10-06 05:00:00-03:00,0.936,13.762
2020-10-06 06:00:00-03:00,0.928,13.311
2020-10-06 07:00:00-03:00,0.927,13.243
2020-10-06 08:00:00-03:00,0.913,12.786
2020-10-06 09:00:00-03:00,0.918,12.901
2020-10-06 10:00:00-03:00,0.927,13.268
2020-10-06 11:00:00-03:00,0.924,13.132
2020-10-06 12:00:00-03:00,0.929,13.351
2020-10-06 13:00:00-03:00,0.925,13.164
2020-10-06 14:00:00-03:00,0.919,12.951
2020-10-06 15:00:00-03:00,0.918,12.913
2020-10-06 16:00:00-03:00,0.917,12.909
2020-10-06 17:00:00-03:00,0.91,12.681000000000001
2020-10-06 18:00:00-03:00,0.862,11.666
2020-10-06 19:00:00-03:00,0.76,10.365
2020-10-06 20:00:00-03:00,0.671,9.557
2020-10-06 21:00:00-03:00,0.533,8.492
2020-10-06 22:00:00-03:00,0.531,8.479
2020-10-06 23:00:00-03:00,0.624,9.174
2020-10-07 00:00:00-03:00,0.5760000000000001,8.806000000000001
2020-10-07 01:00:00-03:00,0.55,8.623
2020-10-07 02:00:00-03:00,0.61,9.069
2020-10-07 03:00:00-03:00,0.667,9.51
2020-10-07 04:00:00-03:00,0.68,9.632
2020-10-07 05:00:00-03:00,0.647,9.358
2020-10-07 06:00:00-03:00,0.59,8.915
2020-10-07 07:00:00-03:00,0.552,8.631
2020-10-07 08:00:00-03:00,0.589,8.902
2020-10-07 09:00:00-03:00,0.726,10.045
2020-10-07 10:00:00-03:00,0.787,10.669
2020-10-07 11:00:00-03:00,0.801,10.825
2020-10-07 12:00:00-03:00,0.8170000000000001,11.012
2020-10-07 13:00:00-03:00,0.8170000000000001,11.023
2020-10-07 14:00:00-03:00,0.794,10.741
2020-10-07 15:00:00-03:00,0.767,10.44
2020-10-07 16:00:00-03:00,0.732,10.096
2020-10-07 17:00:00-03:00,0.661,9.461
2020-10-07 18:00:00-03:00,0.464,7.996
2020-10-07 19:00:00-03:00,0.34400000000000003,7.129
2020-10-07 20:00:00-03:00,0.353,7.193
2020-10-07 21:00:00-03:00,0.40900000000000003,7.609
2020-10-07 22:00:00-03:00,0.491,8.194
2020-10-07 23:00:00-03:00,0.545,8.576
2020-10-08 00:00:00-03:00,0.552,8.632
2020-10-08 01:00:00-03:00,0.528,8.462
2020-10-08 02:00:00-03:00,0.518,8.391
2020-10-08 03:00:00-03:00,0.532,8.484
2020-10-08 04:00:00-03:00,0.55,8.617
2020-10-08 05:00:00-03:00,0.555,8.653
2020-10-08 06:00:00-03:00,0.5740000000000001,8.793
2020-10-08 07:00:00-03:00,0.586,8.889
2020-10-08 08:00:00-03:00,0.5700000000000001,8.758
2020-10-08 09:00:00-03:00,0.686,9.679
2020-10-08 10:00:00-03:00,0.804,10.852
2020-10-08 11:00:00-03:00,0.858,11.616
2020-10-08 12:00:00-03:00,0.88,11.995
2020-10-08 13:00:00-03:00,0.902,12.477
2020-10-08 14:00:00-03:00,0.922,13.059
2020-10-08 15:00:00-03:00,0.929,13.362
2020-10-08 16:00:00-03:00,0.921,13.028
2020-10-08 17:00:00-03:00,0.898,12.381
2020-10-08 18:00:00-03:00,0.843,11.382
2020-10-08 19:00:00-03:00,0.784,10.637
2020-10-08 20:00:00-03:00,0.76,10.367
2020-10-08 21:00:00-03:00,0.72,9.989
2020-10-08 22:00:00-03:00,0.609,9.06
2020-10-08 23:00:00-03:00,0.529,8.471
2020-10-09 00:00:00-03:00,0.501,8.26
2020-10-09 01:00:00-03:00,0.515,8.365
2020-10-09 02:00:00-03:00,0.5630000000000001,8.709
2020-10-09 03:00:00-03:00,0.661,9.473
2020-10-09 04:00:00-03:00,0.761,10.387
2020-10-09 05:00:00-03:00,0.886,12.124
2020-10-09 06:00:00-03:00,0.908,12.634
2020-10-09 07:00:00-03:00,0.911,12.703
2020-10-09 08:00:00-03:00,0.909,12.664
2020-10-09 09:00:00-03:00,0.926,13.207
2020-10-09 10:00:00-03:00,0.9410000000000001,14.303
2020-10-09 11:00:00-03:00,0.911,16.307
2020-10-09 12:00:00-03:00,0.899,16.674
2020-10-09 13:00:00-03:00,0.885,17.044
2020-10-09 14:00:00-03:00,0.871,17.355
2020-10-09 15:00:00-03:00,0.902,16.588
2020-10-09 16:00:00-03:00,0.931,15.526
2020-10-09 17:00:00-03:00,0.9410000000000001,14.37
2020-10-09 18:00:00-03:00,0.926,13.2
2020-10-09 19:00:00-03:00,0.9,12.414
2020-10-09 20:00:00-03:00,0.891,12.223
2020-10-09 21:00:00-03:00,0.875,11.903
2020-10-09 22:00:00-03:00,0.858,11.614
2020-10-09 23:00:00-03:00,0.843,11.377
2020-10-10 00:00:00-03:00,0.809,10.928
2020-10-10 01:00:00-03:00,0.796,10.772
2020-10-10 02:00:00-03:00,0.81,10.931000000000001
2020-10-10 03:00:00-03:00,0.794,10.749
2020-10-10 04:00:00-03:00,0.787,10.664
2020-10-10 05:00:00-03:00,0.8,10.817
2020-10-10 06:00:00-03:00,0.838,11.314
2020-10-10 07:00:00-03:00,0.849,11.465
2020-10-10 08:00:00-03:00,0.855,11.558
2020-10-10 09:00:00-03:00,0.9400000000000001,14.104
2020-10-10 10:00:00-03:00,0.908,16.402
2020-10-10 11:00:00-03:00,0.858,17.634
2020-10-10 12:00:00-03:00,0.8240000000000001,18.278
2020-10-10 13:00:00-03:00,0.764,19.251
2020-10-10 14:00:00-03:00,0.679,20.397
2020-10-10 15:00:00-03:00,0.6000000000000001,21.353
2020-10-10 16:00:00-03:00,0.544,21.987
2020-10-10 17:00:00-03:00,0.524,22.208
2020-10-10 18:00:00-03:00,0.548,21.941
2020-10-10 19:00:00-03:00,0.629,21.011
2020-10-10 20:00:00-03:00,0.654,20.71
2020-10-10 21:00:00-03:00,0.6950000000000001,20.198
2020-10-10 22:00:00-03:00,0.75,19.45
2020-10-10 23:00:00-03:00,0.806,18.576999999999998
2020-10-11 00:00:00-03:00,0.871,17.365
2020-10-11 01:00:00-03:00,0.917,16.122
2020-10-11 02:00:00-03:00,0.935,15.253
2020-10-11 03:00:00-03:00,0.9400000000000001,14.714
2020-10-11 04:00:00-03:00,0.9400000000000001,14.119
2020-10-11 05:00:00-03:00,0.93,13.4
2020-10-11 06:00:00-03:00,0.928,13.294
2020-10-11 07:00:00-03:00,0.933,13.525
2020-10-11 08:00:00-03:00,0.937,13.81
2020-10-11 09:00:00-03:00,0.9410000000000001,14.374
2020-10-11 10:00:00-03:00,0.93,15.593
2020-10-11 11:00:00-03:00,0.878,17.206
2020-10-11 12:00:00-03:00,0.8310000000000001,18.15
2020-10-11 13:00:00-03:00,0.807,18.558
2020-10-11 14:00:00-03:00,0.8210000000000001,18.321
2020-10-11 15:00:00-03:00,0.852,17.759
2020-10-11 16:00:00-03:00,0.872,17.331
2020-10-11 17:00:00-03:00,0.892,16.883
2020-10-11 18:00:00-03:00,0.928,15.664
2020-10-11 19:00:00-03:00,0.93,13.408
2020-10-11 20:00:00-03:00,0.891,12.235
2020-10-11 21:00:00-03:00,0.864,11.715
2020-10-11 22:00:00-03:00,0.835,11.268
2020-10-11 23:00:00-03:00,0.8130000000000001,10.974
2020-10-12 00:00:00-03:00,0.784,10.619
2020-10-12 01:00:00-03:00,0.745,10.223
2020-10-12 02:00:00-03:00,0.714,9.925
2020-10-12 03:00:00-03:00,0.667,9.51
2020-10-12 04:00:00-03:00,0.637,9.283
2020-10-12 05:00:00-03:00,0.612,9.087
2020-10-12 06:00:00-03:00,0.62,9.142
2020-10-12 07:00:00-03:00,0.546,8.586
2020-10-12 08:00:00-03:00,0.508,8.312
2020-10-12 09:00:00-03:00,0.5640000000000001,8.713
2020-10-12 10:00:00-03:00,0.727,10.049
2020-10-12 11:00:00-03:00,0.866,11.748
2020-10-12 12:00:00-03:00,0.91,12.693
2020-10-12 13:00:00-03:00,0.93,13.417
2020-10-12 14:00:00-03:00,0.937,13.795
2020-10-12 15:00:00-03:00,0.9400000000000001,14.192
2020-10-12 16:00:00-03:00,0.9400000000000001,14.753
2020-10-12 17:00:00-03:00,0.9410000000000001,14.586
2020-10-12 18:00:00-03:00,0.9380000000000001,15.054
2020-10-12 19:00:00-03:00,0.924,15.849
2020-10-12 20:00:00-03:00,0.9,16.649
2020-10-12 21:00:00-03:00,0.871,17.364
2020-10-12 22:00:00-03:00,0.847,17.854
2020-10-12 23:00:00-03:00,0.8160000000000001,18.423
2020-10-13 00:00:00-03:00,0.773,19.115
2020-10-13 01:00:00-03:00,0.76,19.297
2020-10-13 02:00:00-03:00,0.764,19.25
2020-10-13 03:00:00-03:00,0.804,18.617
2020-10-13 04:00:00-03:00,0.849,17.82
2020-10-13 05:00:00-03:00,0.886,17.008
2020-10-13 06:00:00-03:00,0.915,16.195
2020-10-13 07:00:00-03:00,0.926,15.753
2020-10-13 08:00:00-03:00,0.922,15.925
2020-10-13 09:00:00-03:00,0.881,17.135
2020-10-13 10:00:00-03:00,0.791,18.83
2020-10-13 11:00:00-03:00,0.774,19.097
2020-10-13 12:00:00-03:00,0.75,19.442
2020-10-13 13:00:00-03:00,0.651,20.749
2020-10-13 14:00:00-03:00,0.526,22.19
2020-10-13 15:00:00-03:00,0.466,22.832
2020-10-13 16:00:00-03:00,0.424,23.279
2020-10-13 17:00:00-03:00,0.488,22.586
2020-10-13 18:00:00-03:00,0.5730000000000001,21.662
2020-10-13 19:00:00-03:00,0.5750000000000001,21.642
2020-10-13 20:00:00-03:00,0.621,21.108
2020-10-13 21:00:00-03:00,0.674,20.458
2020-10-13 22:00:00-03:00,0.681,20.373
2020-10-13 23:00:00-03:00,0.614,21.198
2020-10-14 00:00:00-03:00,0.5760000000000001,21.628
2020-10-14 01:00:00-03:00,0.609,21.249
2020-10-14 02:00:00-03:00,0.652,20.734
2020-10-14 03:00:00-03:00,0.713,19.954
2020-10-14 04:00:00-03:00,0.779,19.02
2020-10-14 05:00:00-03:00,0.844,17.91
2020-10-14 06:00:00-03:00,0.901,16.636
2020-10-14 07:00:00-03:00,0.931,15.515
2020-10-14 08:00:00-03:00,0.9410000000000001,14.588
2020-10-14 09:00:00-03:00,0.9410000000000001,14.472
2020-10-14 10:00:00-03:00,0.9390000000000001,14.924
2020-10-14 11:00:00-03:00,0.935,15.268
2020-10-14 12:00:00-03:00,0.921,15.982
2020-10-14 13:00:00-03:00,0.92,16.017
2020-10-14 14:00:00-03:00,0.933,15.396
2020-10-14 15:00:00-03:00,0.9410000000000001,14.606
2020-10-14 16:00:00-03:00,0.932,13.499
2020-10-14 17:00:00-03:00,0.878,11.971
2020-10-14 18:00:00-03:00,0.783,10.614
2020-10-14 19:00:00-03:00,0.709,9.883
2020-10-14 20:00:00-03:00,0.75,10.277
2020-10-14 21:00:00-03:00,0.914,12.81
2020-10-14 22:00:00-03:00,0.9390000000000001,14.857
2020-10-14 23:00:00-03:00,0.93,15.584
2020-10-15 00:00:00-03:00,0.901,16.627
2020-10-15 01:00:00-03:00,0.846,17.879
2020-10-15 02:00:00-03:00,0.764,19.25
2020-10-15 03:00:00-03:00,0.681,20.378
2020-10-15 04:00:00-03:00,0.645,20.818
2020-10-15 05:00:00-03:00,0.682,20.352
2020-10-15 06:00:00-03:00,0.789,18.865
2020-10-15 07:00:00-03:00,0.844,17.914
2020-10-15 08:00:00-03:00,0.84,18.003
2020-10-15 09:00:00-03:00,0.783,18.952
2020-10-15 10:00:00-03:00,0.7030000000000001,20.086
2020-10-15 11:00:00-03:00,0.602,21.326
2020-10-15 12:00:00-03:00,0.5670000000000001,21.735
2020-10-15 13:00:00-03:00,0.559,21.825
2020-10-15 14:00:00-03:00,0.5650000000000001,21.75
2020-10-15 15:00:00-03:00,0.593,21.437
2020-10-15 16:00:00-03:00,0.63,21.001
2020-10-15 17:00:00-03:00,0.712,19.98
2020-10-15 18:00:00-03:00,0.789,18.866
2020-10-15 19:00:00-03:00,0.851,17.791
2020-10-15 20:00:00-03:00,0.906,16.471
2020-10-15 21:00:00-03:00,0.929,15.599
2020-10-15 22:00:00-03:00,0.93,15.555
2020-10-15 23:00:00-03:00,0.929,15.633
2020-10-16 00:00:00-03:00,0.926,15.76
2020-10-16 01:00:00-03:00,0.927,15.716
2020-10-16 02:00:00-03:00,0.935,15.244
2020-10-16 03:00:00-03:00,0.9410000000000001,14.63
2020-10-16 04:00:00-03:00,0.9400000000000001,14.086
2020-10-16 05:00:00-03:00,0.933,13.539
2020-10-16 06:00:00-03:00,0.884,12.087
2020-10-16 07:00:00-03:00,0.709,9.882
2020-10-16 08:00:00-03:00,0.505,8.293
2020-10-16 09:00:00-03:00,0.491,8.197
2020-10-16 10:00:00-03:00,0.454,7.931
2020-10-16 11:00:00-03:00,0.41200000000000003,7.621
2020-10-16 12:00:00-03:00,0.403,7.566
2020-10-16 13:00:00-03:00,0.41000000000000003,7.612
2020-10-16 14:00:00-03:00,0.389,7.462
2020-10-16 15:00:00-03:00,0.402,7.555
2020-10-16 16:00:00-03:00,0.419,7.6690000000000005
2020-10-16 17:00:00-03:00,0.435,7.8
2020-10-16 18:00:00-03:00,0.441,7.839
2020-10-16 19:00:00-03:00,0.429,7.741
2020-10-16 20:00:00-03:00,0.425,7.724
2020-10-16 21:00:00-03:00,0.468,8.026
2020-10-16 22:00:00-03:00,0.484,8.141
2020-10-16 23:00:00-03:00,0.458,7.963
2020-10-17 00:00:00-03:00,0.36,7.251
2020-10-17 01:00:00-03:00,0.24,6.282
2020-10-17 02:00:00-03:00,0.139,5.252
2020-10-17 03:00:00-03:00,0.047,3.763
2020-10-17 04:00:00-03:00,0.008,2.419
2020-10-17 05:00:00-03:00,0.008,2.367
2020-10-17 06:00:00-03:00,0.04,3.592
2020-10-17 07:00:00-03:00,0.117,4.976
2020-10-17 08:00:00-03:00,0.306,6.828
2020-10-17 09:00:00-03:00,0.616,9.112
2020-10-17 10:00:00-03:00,0.811,10.95
2020-10-17 11:00:00-03:00,0.893,12.259
2020-10-17 12:00:00-03:00,0.883,12.068
2020-10-17 13:00:00-03:00,0.8210000000000001,11.075
2020-10-17 14:00:00-03:00,0.86,11.637
2020-10-17 15:00:00-03:00,0.87,11.809
2020-10-17 16:00:00-03:00,0.747,10.244
2020-10-17 17:00:00-03:00,0.56,8.688
2020-10-17 18:00:00-03:00,0.419,7.684
2020-10-17 19:00:00-03:00,0.34400000000000003,7.122
2020-10-17 20:00:00-03:00,0.358,7.232
2020-10-17 21:00:00-03:00,0.585,8.879
2020-10-17 22:00:00-03:00,0.855,11.568
2020-10-17 23:00:00-03:00,0.836,11.272
2020-10-18 00:00:00-03:00,0.728,10.062
2020-10-18 01:00:00-03:00,0.604,9.014
2020-10-18 02:00:00-03:00,0.558,8.673
2020-10-18 03:00:00-03:00,0.5700000000000001,8.763
2020-10-18 04:00:00-03:00,0.504,8.29
2020-10-18 05:00:00-03:00,0.47200000000000003,8.051
2020-10-18 06:00:00-03:00,0.539,8.53
2020-10-18 07:00:00-03:00,0.622,9.15
2020-10-18 08:00:00-03:00,0.656,9.431
2020-10-18 09:00:00-03:00,0.6980000000000001,9.79
2020-10-18 10:00:00-03:00,0.735,10.123
2020-10-18 11:00:00-03:00,0.75,10.272
2020-10-18 12:00:00-03:00,0.767,10.444
2020-10-18 13:00:00-03:00,0.8170000000000001,11.02
2020-10-18 14:00:00-03:00,0.862,11.685
2020-10-18 15:00:00-03:00,0.876,11.914
2020-10-18 16:00:00-03:00,0.854,11.54
2020-10-18 17:00:00-03:00,0.8170000000000001,11.031
2020-10-18 18:00:00-03:00,0.78,10.578
2020-10-18 19:00:00-03:00,0.733,10.109
2020-10-18 20:00:00-03:00,0.674,9.578
2020-10-18 21:00:00-03:00,0.672,9.561
2020-10-18 22:00:00-03:00,0.719,9.975
2020-10-18 23:00:00-03:00,0.679,9.626
2020-10-19 00:00:00-03:00,0.6880000000000001,9.692
2020-10-19 01:00:00-03:00,0.6990000000000001,9.798
2020-10-19 02:00:00-03:00,0.7000000000000001,9.806000000000001
2020-10-19 03:00:00-03:00,0.733,10.104
2020-10-19 04:00:00-03:00,0.8220000000000001,11.08
2020-10-19 05:00:00-03:00,0.881,12.01
2020-10-19 06:00:00-03:00,0.914,12.797
2020-10-19 07:00:00-03:00,0.93,13.411
2020-10-19 08:00:00-03:00,0.928,15.661
2020-10-19 09:00:00-03:00,0.862,17.56
2020-10-19 10:00:00-03:00,0.805,18.603
2020-10-19 11:00:00-03:00,0.738,19.616
2020-10-19 12:00:00-03:00,0.651,20.752
2020-10-19 13:00:00-03:00,0.596,21.401
2020-10-19 14:00:00-03:00,0.584,21.538
2020-10-19 15:00:00-03:00,0.584,21.534
2020-10-19 16:00:00-03:00,0.578,21.61
2020-10-19 17:00:00-03:00,0.637,20.926
2020-10-19 18:00:00-03:00,0.742,19.567
2020-10-19 19:00:00-03:00,0.8260000000000001,18.241
2020-10-19 20:00:00-03:00,0.892,16.879
2020-10-19 21:00:00-03:00,0.921,15.963
2020-10-19 22:00:00-03:00,0.932,15.446
2020-10-19 23:00:00-03:00,0.9400000000000001,14.845
2020-10-20 00:00:00-03:00,0.9400000000000001,14.211
2020-10-20 01:00:00-03:00,0.928,13.301
2020-10-20 02:00:00-03:00,0.884,12.071
2020-10-20 03:00:00-03:00,0.8250000000000001,11.136
2020-10-20 04:00:00-03:00,0.753,10.305
2020-10-20 05:00:00-03:00,0.718,9.963
2020-10-20 06:00:00-03:00,0.667,9.521
2020-10-20 07:00:00-03:00,0.528,8.463
2020-10-20 08:00:00-03:00,0.511,8.337
2020-10-20 09:00:00-03:00,0.709,9.883
2020-10-20 10:00:00-03:00,0.683,9.652
2020-10-20 11:00:00-03:00,0.627,9.193
2020-10-20 12:00:00-03:00,0.549,8.61
2020-10-20 13:00:00-03:00,0.482,8.135
2020-10-20 14:00:00-03:00,0.47300000000000003,8.064
2020-10-20 15:00:00-03:00,0.495,8.226
2020-10-20 16:00:00-03:00,0.516,8.378
2020-10-20 17:00:00-03:00,0.47900000000000004,8.108
2020-10-20 18:00:00-03:00,0.362,7.258
2020-10-20 19:00:00-03:00,0.256,6.417
2020-10-20 20:00:00-03:00,0.23600000000000002,6.24
2020-10-20 21:00:00-03:00,0.179,5.696
2020-10-20 22:00:00-03:00,0.091,4.592
2020-10-20 23:00:00-03:00,0.036000000000000004,3.493
2020-10-21 00:00:00-03:00,0.007,2.354
2020-10-21 01:00:00-03:00,0.003,1.909
2020-10-21 02:00:00-03:00,0.018000000000000002,2.9
2020-10-21 03:00:00-03:00,0.043000000000000003,3.684
2020-10-21 04:00:00-03:00,0.063,4.103
2020-10-21 05:00:00-03:00,0.084,4.474
2020-10-21 06:00:00-03:00,0.14200000000000002,5.282
2020-10-21 07:00:00-03:00,0.215,6.06
2020-10-21 08:00:00-03:00,0.166,5.55
2020-10-21 09:00:00-03:00,0.158,5.466
2020-10-21 10:00:00-03:00,0.306,6.829
2020-10-21 11:00:00-03:00,0.387,7.447
2020-10-21 12:00:00-03:00,0.394,7.497
2020-10-21 13:00:00-03:00,0.392,7.481
2020-10-21 14:00:00-03:00,0.425,7.725
2020-10-21 15:00:00-03:00,0.47200000000000003,8.054
2020-10-21 16:00:00-03:00,0.47900000000000004,8.099
2020-10-21 17:00:00-03:00,0.443,7.8469999999999995
2020-10-21 18:00:00-03:00,0.379,7.385
2020-10-21 19:00:00-03:00,0.43,7.756
2020-10-21 20:00:00-03:00,0.618,9.13
2020-10-21 21:00:00-03:00,0.649,9.379
2020-10-21 22:00:00-03:00,0.581,8.847
2020-10-21 23:00:00-03:00,0.585,8.881
2020-10-22 00:00:00-03:00,0.609,9.055
2020-10-22 01:00:00-03:00,0.613,9.091
2020-10-22 02:00:00-03:00,0.612,9.084
2020-10-22 03:00:00-03:00,0.595,8.957
2020-10-22 04:00:00-03:00,0.586,8.885
2020-10-22 05:00:00-03:00,0.592,8.935
2020-10-22 06:00:00-03:00,0.577,8.818
2020-10-22 07:00:00-03:00,0.552,8.638
2020-10-22 08:00:00-03:00,0.444,7.861
2020-10-22 09:00:00-03:00,0.658,9.442
2020-10-22 10:00:00-03:00,0.68,9.631
2020-10-22 11:00:00-03:00,0.652,9.395
2020-10-22 12:00:00-03:00,0.656,9.426
2020-10-22 13:00:00-03:00,0.649,9.372
2020-10-22 14:00:00-03:00,0.664,9.488
2020-10-22 15:00:00-03:00,0.646,9.355
2020-10-22 16:00:00-03:00,0.554,8.646
2020-10-22 17:00:00-03:00,0.40700000000000003,7.593
2020-10-22 18:00:00-03:00,0.27,6.5440000000000005
2020-10-22 19:00:00-03:00,0.213,6.039
2020-10-22 20:00:00-03:00,0.176,5.6690000000000005
2020-10-22 21:00:00-03:00,0.126,5.092
2020-10-22 22:00:00-03:00,0.088,4.533
2020-10-22 23:00:00-03:00,0.065,4.13
2020-10-23 00:00:00-03:00,0.044,3.692
2020-10-23 01:00:00-03:00,0.026000000000000002,3.194
2020-10-23 02:00:00-03:00,0.016,2.822
2020-10-23 03:00:00-03:00,0.01,2.51
2020-10-23 04:00:00-03:00,0.006,2.209
2020-10-23 05:00:00-03:00,0.002,1.835
2020-10-23 06:00:00-03:00,0.001,1.609
2020-10-23 07:00:00-03:00,0.001,1.48
2020-10-23 08:00:00-03:00,0.0,1.121
2020-10-23 09:00:00-03:00,0.0,0.29
2020-10-23 10:00:00-03:00,0.0,0.0
2020-10-23 11:00:00-03:00,0.0,0.0
2020-10-23 12:00:00-03:00,0.0,0.0
2020-10-23 13:00:00-03:00,0.0,0.127
2020-10-23 14:00:00-03:00,0.0,0.795
2020-10-23 15:00:00-03:00,0.0,1.246
2020-10-23 16:00:00-03:00,0.002,1.779
2020-10-23 17:00:00-03:00,0.01,2.518
2020-10-23 18:00:00-03:00,0.033,3.416
2020-10-23 19:00:00-03:00,0.077,4.357
2020-10-23 20:00:00-03:00,0.17,5.601
2020-10-23 21:00:00-03:00,0.332,7.041
2020-10-23 22:00:00-03:00,0.417,7.659
2020-10-23 23:00:00-03:00,0.423,7.71
2020-10-24 00:00:00-03:00,0.306,6.836
2020-10-24 01:00:00-03:00,0.23800000000000002,6.272
2020-10-24 02:00:00-03:00,0.221,6.113
2020-10-24 03:00:00-03:00,0.215,6.048
2020-10-24 04:00:00-03:00,0.251,6.371
2020-10-24 05:00:00-03:00,0.36,7.245
2020-10-24 06:00:00-03:00,0.466,8.008
2020-10-24 07:00:00-03:00,0.58,8.84
2020-10-24 08:00:00-03:00,0.636,9.261
2020-10-24 09:00:00-03:00,0.65,9.38
2020-10-24 10:00:00-03:00,0.627,9.194
2020-10-24 11:00:00-03:00,0.604,9.017
2020-10-24 12:00:00-03:00,0.593,8.938
2020-10-24 13:00:00-03:00,0.5700000000000001,8.758
2020-10-24 14:00:00-03:00,0.532,8.483
2020-10-24 15:00:00-03:00,0.484,8.144
2020-10-24 16:00:00-03:00,0.4,7.5440000000000005
2020-10-24 17:00:00-03:00,0.30000000000000004,6.792
2020-10-24 18:00:00-03:00,0.267,6.515
2020-10-24 19:00:00-03:00,0.271,6.553
2020-10-24 20:00:00-03:00,0.263,6.479
2020-10-24 21:00:00-03:00,0.245,6.325
2020-10-24 22:00:00-03:00,0.181,5.707
2020-10-24 23:00:00-03:00,0.134,5.187
2020-10-25 00:00:00-03:00,0.082,4.449
2020-10-25 01:00:00-03:00,0.032,3.373
2020-10-25 02:00:00-03:00,0.005,2.134
2020-10-25 03:00:00-03:00,0.0,0.8160000000000001
2020-10-25 04:00:00-03:00,0.0,0.793
2020-10-25 05:00:00-03:00,0.006,2.2640000000000002
2020-10-25 06:00:00-03:00,0.035,3.455
2020-10-25 07:00:00-03:00,0.051000000000000004,3.857
2020-10-25 08:00:00-03:00,0.043000000000000003,3.674
2020-10-25 09:00:00-03:00,0.033,3.407
2020-10-25 10:00:00-03:00,0.033,3.403
2020-10-25 11:00:00-03:00,0.043000000000000003,3.664
2020-10-25 12:00:00-03:00,0.07,4.243
2020-10-25 13:00:00-03:00,0.105,4.789
2020-10-25 14:00:00-03:00,0.11900000000000001,4.995
2020-10-25 15:00:00-03:00,0.113,4.91
2020-10-25 16:00:00-03:00,0.126,5.086
2020-10-25 17:00:00-03:00,0.165,5.537
2020-10-25 18:00:00-03:00,0.159,5.485
2020-10-25 19:00:00-03:00,0.123,5.034
2020-10-25 20:00:00-03:00,0.134,5.189
2020-10-25 21:00:00-03:00,0.153,5.416
2020-10-25 22:00:00-03:00,0.117,4.974
2020-10-25 23:00:00-03:00,0.07,4.235
2020-10-26 00:00:00-03:00,0.043000000000000003,3.665
2020-10-26 01:00:00-03:00,0.152,5.402
2020-10-26 02:00:00-03:00,0.424,7.718
2020-10-26 03:00:00-03:00,0.5710000000000001,8.774000000000001
2020-10-26 04:00:00-03:00,0.5750000000000001,8.796
2020-10-26 05:00:00-03:00,0.606,9.033
2020-10-26 06:00:00-03:00,0.589,8.905
2020-10-26 07:00:00-03:00,0.541,8.548
2020-10-26 08:00:00-03:00,0.512,8.343
2020-10-26 09:00:00-03:00,0.775,10.528
2020-10-26 10:00:00-03:00,0.913,12.772
2020-10-26 11:00:00-03:00,0.937,13.864
2020-10-26 12:00:00-03:00,0.9380000000000001,14.982
2020-10-26 13:00:00-03:00,0.92,15.991
2020-10-26 14:00:00-03:00,0.901,16.63
2020-10-26 15:00:00-03:00,0.89,16.926
2020-10-26 16:00:00-03:00,0.888,16.956
2020-10-26 17:00:00-03:00,0.905,16.503
2020-10-26 18:00:00-03:00,0.9410000000000001,14.558
2020-10-26 19:00:00-03:00,0.859,11.631
2020-10-26 20:00:00-03:00,0.767,10.439
2020-10-26 21:00:00-03:00,0.798,10.792
2020-10-26 22:00:00-03:00,0.797,10.782
2020-10-26 23:00:00-03:00,0.84,11.327
2020-10-27 00:00:00-03:00,0.764,10.414
2020-10-27 01:00:00-03:00,0.714,9.932
2020-10-27 02:00:00-03:00,0.66,9.458
2020-10-27 03:00:00-03:00,0.5680000000000001,8.744
2020-10-27 04:00:00-03:00,0.549,8.61
2020-10-27 05:00:00-03:00,0.561,8.693
2020-10-27 06:00:00-03:00,0.523,8.417
2020-10-27 07:00:00-03:00,0.405,7.5760000000000005
2020-10-27 08:00:00-03:00,0.601,8.997
2020-10-27 09:00:00-03:00,0.714,9.923
2020-10-27 10:00:00-03:00,0.754,10.314
2020-10-27 11:00:00-03:00,0.772,10.497
2020-10-27 12:00:00-03:00,0.777,10.551
2020-10-27 13:00:00-03:00,0.78,10.584
2020-10-27 14:00:00-03:00,0.769,10.465
2020-10-27 15:00:00-03:00,0.781,10.595
2020-10-27 16:00:00-03:00,0.809,10.928
2020-10-27 17:00:00-03:00,0.8270000000000001,11.155
2020-10-27 18:00:00-03:00,0.809,10.927
2020-10-27 19:00:00-03:00,0.767,10.443
2020-10-27 20:00:00-03:00,0.768,10.462
2020-10-27 21:00:00-03:00,0.789,10.691
2020-10-27 22:00:00-03:00,0.846,11.418
2020-10-27 23:00:00-03:00,0.888,12.155
2020-10-28 00:00:00-03:00,0.927,13.234
2020-10-28 01:00:00-03:00,0.933,13.549
2020-10-28 02:00:00-03:00,0.9380000000000001,13.882
2020-10-28 03:00:00-03:00,0.9390000000000001,14.035
2020-10-28 04:00:00-03:00,0.934,13.627
2020-10-28 05:00:00-03:00,0.922,13.058
2020-10-28 06:00:00-03:00,0.904,12.529
2020-10-28 07:00:00-03:00,0.928,13.315
2020-10-28 08:00:00-03:00,0.9410000000000001,14.651
2020-10-28 09:00:00-03:00,0.927,15.728
2020-10-28 10:00:00-03:00,0.911,16.341
2020-10-28 11:00:00-03:00,0.891,16.886
2020-10-28 12:00:00-03:00,0.882,17.114
2020-10-28 13:00:00-03:00,0.868,17.425
2020-10-28 14:00:00-03:00,0.8270000000000001,18.234
2020-10-28 15:00:00-03:00,0.774,19.089
2020-10-28 16:00:00-03:00,0.738,19.615
2020-10-28 17:00:00-03:00,0.768,19.18
2020-10-28 18:00:00-03:00,0.773,19.115
2020-10-28 19:00:00-03:00,0.792,18.812
2020-10-28 20:00:00-03:00,0.843,17.921
2020-10-28 21:00:00-03:00,0.882,17.106
2020-10-28 22:00:00-03:00,0.897,16.733
2020-10-28 23:00:00-03:00,0.899,16.683
2020-10-29 00:00:00-03:00,0.899,16.667
2020-10-29 01:00:00-03:00,0.9,16.662
2020-10-29 02:00:00-03:00,0.894,16.81
2020-10-29 03:00:00-03:00,0.894,16.825
2020-10-29 04:00:00-03:00,0.889,16.94
2020-10-29 05:00:00-03:00,0.889,16.954
2020-10-29 06:00:00-03:00,0.89,16.912
2020-10-29 07:00:00-03:00,0.886,17.012
2020-10-29 08:00:00-03:00,0.856,17.67
2020-10-29 09:00:00-03:00,0.801,18.667
2020-10-29 10:00:00-03:00,0.791,18.837
2020-10-29 11:00:00-03:00,0.788,18.883
2020-10-29 12:00:00-03:00,0.795,18.756
2020-10-29 13:00:00-03:00,0.8260000000000001,18.241
2020-10-29 14:00:00-03:00,0.86,17.608
2020-10-29 15:00:00-03:00,0.898,16.714
2020-10-29 16:00:00-03:00,0.928,15.68
2020-10-29 17:00:00-03:00,0.936,15.165
2020-10-29 18:00:00-03:00,0.937,15.119
2020-10-29 19:00:00-03:00,0.9410000000000001,14.459
2020-10-29 20:00:00-03:00,0.929,13.362
2020-10-29 21:00:00-03:00,0.903,12.49
2020-10-29 22:00:00-03:00,0.909,12.649000000000001
2020-10-29 23:00:00-03:00,0.916,12.856
2020-10-30 00:00:00-03:00,0.912,12.749
2020-10-30 01:00:00-03:00,0.926,13.214
2020-10-30 02:00:00-03:00,0.937,13.809
2020-10-30 03:00:00-03:00,0.9410000000000001,14.558
2020-10-30 04:00:00-03:00,0.933,15.385
2020-10-30 05:00:00-03:00,0.92,16.023
2020-10-30 06:00:00-03:00,0.912,16.279
2020-10-30 07:00:00-03:00,0.917,16.106
2020-10-30 08:00:00-03:00,0.924,15.842
2020-10-30 09:00:00-03:00,0.924,15.834
2020-10-30 10:00:00-03:00,0.915,16.194
2020-10-30 11:00:00-03:00,0.901,16.615
2020-10-30 12:00:00-03:00,0.897,16.726
2020-10-30 13:00:00-03:00,0.88,17.156
2020-10-30 14:00:00-03:00,0.884,17.08
2020-10-30 15:00:00-03:00,0.895,16.797
2020-10-30 16:00:00-03:00,0.902,16.602
2020-10-30 17:00:00-03:00,0.918,16.071
2020-10-30 18:00:00-03:00,0.9390000000000001,14.966
2020-10-30 19:00:00-03:00,0.932,13.485
2020-10-30 20:00:00-03:00,0.876,11.917
2020-10-30 21:00:00-03:00,0.769,10.466
2020-10-30 22:00:00-03:00,0.618,9.132
2020-10-30 23:00:00-03:00,0.468,8.026
2020-10-31 00:00:00-03:00,0.333,7.045
2020-10-31 01:00:00-03:00,0.262,6.472
2020-10-31 02:00:00-03:00,0.246,6.332
2020-10-31 03:00:00-03:00,0.276,6.589
2020-10-31 04:00:00-03:00,0.35000000000000003,7.168
2020-10-31 05:00:00-03:00,0.41600000000000004,7.647
2020-10-31 06:00:00-03:00,0.41500000000000004,7.643
2020-10-31 07:00:00-03:00,0.275,6.579
2020-10-31 08:00:00-03:00,0.133,5.173
2020-10-31 09:00:00-03:00,0.314,6.897
2020-10-31 10:00:00-03:00,0.437,7.807
2020-10-31 11:00:00-03:00,0.513,8.346
2020-10-31 12:00:00-03:00,0.594,8.948
2020-10-31 13:00:00-03:00,0.667,9.517
2020-10-31 14:00:00-03:00,0.714,9.925
2020-10-31 15:00:00-03:00,0.734,10.117
2020-10-31 16:00:00-03:00,0.751,10.281
2020-10-31 17:00:00-03:00,0.7030000000000001,9.824
2020-10-31 18:00:00-03:00,0.613,9.088
2020-10-31 19:00:00-03:00,0.514,8.355
2020-10-31 20:00:00-03:00,0.444,7.86
2020-10-31 21:00:00-03:00,0.356,7.222
2020-10-31 22:00:00-03:00,0.181,5.715
2020-10-31 23:00:00-03:00,0.077,4.364
2020-11-01 00:00:00-03:00,0.038,3.556
2020-11-01 01:00:00-03:00,0.022,3.052
2020-11-01 02:00:00-03:00,0.016,2.832
2020-11-01 03:00:00-03:00,0.023,3.111
2020-11-01 04:00:00-03:00,0.039,3.578
2020-11-01 05:00:00-03:00,0.098,4.708
2020-11-01 06:00:00-03:00,0.20700000000000002,5.976
2020-11-01 07:00:00-03:00,0.212,6.025
2020-11-01 08:00:00-03:00,0.15,5.378
2020-11-01 09:00:00-03:00,0.281,6.639
2020-11-01 10:00:00-03:00,0.404,7.573
2020-11-01 11:00:00-03:00,0.555,8.653
2020-11-01 12:00:00-03:00,0.635,9.259
2020-11-01 13:00:00-03:00,0.606,9.038
2020-11-01 14:00:00-03:00,0.486,8.149
2020-11-01 15:00:00-03:00,0.269,6.534
2020-11-01 16:00:00-03:00,0.077,4.358
2020-11-01 17:00:00-03:00,0.03,3.336
2020-11-01 18:00:00-03:00,0.078,4.378
2020-11-01 19:00:00-03:00,0.1,4.734
2020-11-01 20:00:00-03:00,0.073,4.289
2020-11-01 21:00:00-03:00,0.073,4.292
2020-11-01 22:00:00-03:00,0.113,4.915
2020-11-01 23:00:00-03:00,0.221,6.114
2020-11-02 00:00:00-03:00,0.35000000000000003,7.169
2020-11-02 01:00:00-03:00,0.406,7.584
2020-11-02 02:00:00-03:00,0.384,7.424
2020-11-02 03:00:00-03:00,0.363,7.263
2020-11-02 04:00:00-03:00,0.334,7.052
2020-11-02 05:00:00-03:00,0.329,7.009
2020-11-02 06:00:00-03:00,0.32,6.939
2020-11-02 07:00:00-03:00,0.25,6.369
2020-11-02 08:00:00-03:00,0.254,6.405
2020-11-02 09:00:00-03:00,0.296,6.75
2020-11-02 10:00:00-03:00,0.261,6.466
2020-11-02 11:00:00-03:00,0.215,6.051
2020-11-02 12:00:00-03:00,0.161,5.507
2020-11-02 13:00:00-03:00,0.126,5.093
2020-11-02 14:00:00-03:00,0.109,4.859
2020-11-02 15:00:00-03:00,0.09,4.57
2020-11-02 16:00:00-03:00,0.062,4.094
2020-11-02 17:00:00-03:00,0.04,3.59
2020-11-02 18:00:00-03:00,0.029,3.285
2020-11-02 19:00:00-03:00,0.028,3.26
2020-11-02 20:00:00-03:00,0.025,3.173
2020-11-02 21:00:00-03:00,0.013000000000000001,2.6710000000000003
2020-11-02 22:00:00-03:00,0.003,1.933
2020-11-02 23:00:00-03:00,0.0,1.267
2020-11-03 00:00:00-03:00,0.0,0.811
2020-11-03 01:00:00-03:00,0.0,0.487
2020-11-03 02:00:00-03:00,0.0,0.27
2020-11-03 03:00:00-03:00,0.0,0.368
2020-11-03 04:00:00-03:00,0.0,0.612
2020-11-03 05:00:00-03:00,0.0,0.706
2020-11-03 06:00:00-03:00,0.0,0.537
2020-11-03 07:00:00-03:00,0.0,0.853
2020-11-03 08:00:00-03:00,0.002,1.691
2020-11-03 09:00:00-03:00,0.029,3.31
2020-11-03 10:00:00-03:00,0.066,4.15
2020-11-03 11:00:00-03:00,0.099,4.716
2020-11-03 12:00:00-03:00,0.106,4.82
2020-11-03 13:00:00-03:00,0.108,4.844
2020-11-03 14:00:00-03:00,0.13,5.1370000000000005
2020-11-03 15:00:00-03:00,0.136,5.213
2020-11-03 16:00:00-03:00,0.123,5.041
2020-11-03 17:00:00-03:00,0.139,5.251
2020-11-03 18:00:00-03:00,0.20400000000000001,5.947
2020-11-03 19:00:00-03:00,0.372,7.339
2020-11-03 20:00:00-03:00,0.5680000000000001,8.747
2020-11-03 21:00:00-03:00,0.581,8.846
2020-11-03 22:00:00-03:00,0.509,8.318
2020-11-03 23:00:00-03:00,0.394,7.5
2020-11-04 00:00:00-03:00,0.289,6.7
2020-11-04 01:00:00-03:00,0.248,6.35
2020-11-04 02:00:00-03:00,0.215,6.049
2020-11-04 03:00:00-03:00,0.192,5.832
2020-11-04 04:00:00-03:00,0.169,5.587
2020-11-04 05:00:00-03:00,0.169,5.591
2020-11-04 06:00:00-03:00,0.17300000000000001,5.635
2020-11-04 07:00:00-03:00,0.193,5.84
2020-11-04 08:00:00-03:00,0.217,6.071
2020-11-04 09:00:00-03:00,0.214,6.044
2020-11-04 10:00:00-03:00,0.201,5.926
2020-11-04 11:00:00-03:00,0.199,5.907
2020-11-04 12:00:00-03:00,0.192,5.828
2020-11-04 13:00:00-03:00,0.191,5.827
2020-11-04 14:00:00-03:00,0.202,5.9350000000000005
2020-11-04 15:00:00-03:00,0.187,5.7780000000000005
2020-11-04 16:00:00-03:00,0.116,4.954
2020-11-04 17:00:00-03:00,0.022,3.08
2020-11-04 18:00:00-03:00,0.0,1.02
2020-11-04 19:00:00-03:00,0.027,3.223
2020-11-04 20:00:00-03:00,0.156,5.443
2020-11-04 21:00:00-03:00,0.302,6.803
2020-11-04 22:00:00-03:00,0.442,7.844
2020-11-04 23:00:00-03:00,0.5680000000000001,8.742
2020-11-05 00:00:00-03:00,0.6970000000000001,9.776
2020-11-05 01:00:00-03:00,0.788,10.678
2020-11-05 02:00:00-03:00,0.84,11.337
2020-11-05 03:00:00-03:00,0.864,11.718
2020-11-05 04:00:00-03:00,0.85,11.482
2020-11-05 05:00:00-03:00,0.867,11.765
2020-11-05 06:00:00-03:00,0.849,11.476
2020-11-05 07:00:00-03:00,0.802,10.834
2020-11-05 08:00:00-03:00,0.909,12.655
2020-11-05 09:00:00-03:00,0.9390000000000001,14.035
2020-11-05 10:00:00-03:00,0.9410000000000001,14.345
2020-11-05 11:00:00-03:00,0.9400000000000001,14.152
2020-11-05 12:00:00-03:00,0.9380000000000001,13.884
2020-11-05 13:00:00-03:00,0.934,13.626
2020-11-05 14:00:00-03:00,0.925,13.151
2020-11-05 15:00:00-03:00,0.907,12.58
2020-11-05 16:00:00-03:00,0.881,12.016
2020-11-05 17:00:00-03:00,0.847,11.437
2020-11-05 18:00:00-03:00,0.796,10.769
2020-11-05 19:00:00-03:00,0.723,10.01
2020-11-05 20:00:00-03:00,0.6880000000000001,9.693
2020-11-05 21:00:00-03:00,0.707,9.872
2020-11-05 22:00:00-03:00,0.674,9.578
2020-11-05 23:00:00-03:00,0.673,9.57
2020-11-06 00:00:00-03:00,0.599,8.981
2020-11-06 01:00:00-03:00,0.549,8.615
2020-11-06 02:00:00-03:00,0.511,8.339
2020-11-06 03:00:00-03:00,0.46900000000000003,8.033
2020-11-06 04:00:00-03:00,0.503,8.276
2020-11-06 05:00:00-03:00,0.507,8.302
2020-11-06 06:00:00-03:00,0.484,8.142
2020-11-06 07:00:00-03:00,0.343,7.118
2020-11-06 08:00:00-03:00,0.41500000000000004,7.644
2020-11-06 09:00:00-03:00,0.464,7.995
2020-11-06 10:00:00-03:00,0.515,8.366
2020-11-06 11:00:00-03:00,0.545,8.574
2020-11-06 12:00:00-03:00,0.604,9.011
2020-11-06 13:00:00-03:00,0.667,9.522
2020-11-06 14:00:00-03:00,0.714,9.925
2020-11-06 15:00:00-03:00,0.743,10.199
2020-11-06 16:00:00-03:00,0.751,10.28
2020-11-06 17:00:00-03:00,0.736,10.14
2020-11-06 18:00:00-03:00,0.686,9.682
2020-11-06 19:00:00-03:00,0.589,8.898
2020-11-06 20:00:00-03:00,0.53,8.476
2020-11-06 21:00:00-03:00,0.5680000000000001,8.751
2020-11-06 22:00:00-03:00,0.548,8.606
2020-11-06 23:00:00-03:00,0.514,8.349
2020-11-07 00:00:00-03:00,0.441,7.84
2020-11-07 01:00:00-03:00,0.464,7.991
2020-11-07 02:00:00-03:00,0.583,8.867
2020-11-07 03:00:00-03:00,0.653,9.408
2020-11-07 04:00:00-03:00,0.677,9.605
2020-11-07 05:00:00-03:00,0.6940000000000001,9.75
2020-11-07 06:00:00-03:00,0.683,9.655
2020-11-07 07:00:00-03:00,0.546,8.584
2020-11-07 08:00:00-03:00,0.504,8.288
2020-11-07 09:00:00-03:00,0.796,10.762
2020-11-07 10:00:00-03:00,0.89,12.193
2020-11-07 11:00:00-03:00,0.924,13.136
2020-11-07 12:00:00-03:00,0.9410000000000001,14.629
2020-11-07 13:00:00-03:00,0.923,15.885
2020-11-07 14:00:00-03:00,0.906,16.483
2020-11-07 15:00:00-03:00,0.881,17.14
2020-11-07 16:00:00-03:00,0.852,17.767
2020-11-07 17:00:00-03:00,0.841,17.98
2020-11-07 18:00:00-03:00,0.801,18.663
2020-11-07 19:00:00-03:00,0.786,18.903
2020-11-07 20:00:00-03:00,0.796,18.746
2020-11-07 21:00:00-03:00,0.844,17.908
2020-11-07 22:00:00-03:00,0.857,17.65
2020-11-07 23:00:00-03:00,0.852,17.758
2020-11-08 00:00:00-03:00,0.854,17.726
2020-11-08 01:00:00-03:00,0.871,17.368
2020-11-08 02:00:00-03:00,0.889,16.939
2020-11-08 03:00:00-03:00,0.913,16.252
2020-11-08 04:00:00-03:00,0.927,15.723
2020-11-08 05:00:00-03:00,0.93,15.587
2020-11-08 06:00:00-03:00,0.933,15.403
2020-11-08 07:00:00-03:00,0.9380000000000001,15.045
2020-11-08 08:00:00-03:00,0.936,15.169
2020-11-08 09:00:00-03:00,0.917,16.138
2020-11-08 10:00:00-03:00,0.892,16.873
2020-11-08 11:00:00-03:00,0.881,17.14
2020-11-08 12:00:00-03:00,0.875,17.287
2020-11-08 13:00:00-03:00,0.878,17.214
2020-11-08 14:00:00-03:00,0.897,16.734
2020-11-08 15:00:00-03:00,0.92,16.004
2020-11-08 16:00:00-03:00,0.933,15.403
2020-11-08 17:00:00-03:00,0.9400000000000001,14.816
2020-11-08 18:00:00-03:00,0.9380000000000001,13.896
2020-11-08 19:00:00-03:00,0.898,12.383
2020-11-08 20:00:00-03:00,0.766,10.433
2020-11-08 21:00:00-03:00,0.627,9.196
2020-11-08 22:00:00-03:00,0.514,8.359
2020-11-08 23:00:00-03:00,0.437,7.812
2020-11-09 00:00:00-03:00,0.359,7.237
2020-11-09 01:00:00-03:00,0.314,6.901
2020-11-09 02:00:00-03:00,0.322,6.958
2020-11-09 03:00:00-03:00,0.303,6.814
2020-11-09 04:00:00-03:00,0.262,6.471
2020-11-09 05:00:00-03:00,0.199,5.902
2020-11-09 06:00:00-03:00,0.122,5.029
2020-11-09 07:00:00-03:00,0.069,4.229
2020-11-09 08:00:00-03:00,0.069,4.229
2020-11-09 09:00:00-03:00,0.121,5.023
2020-11-09 10:00:00-03:00,0.227,6.162
2020-11-09 11:00:00-03:00,0.35000000000000003,7.168
2020-11-09 12:00:00-03:00,0.482,8.127
2020-11-09 13:00:00-03:00,0.634,9.251
2020-11-09 14:00:00-03:00,0.8,10.815
2020-11-09 15:00:00-03:00,0.904,12.527
2020-11-09 16:00:00-03:00,0.932,13.504
2020-11-09 17:00:00-03:00,0.927,13.271
2020-11-09 18:00:00-03:00,0.92,12.983
2020-11-09 19:00:00-03:00,0.903,12.5
2020-11-09 20:00:00-03:00,0.897,12.348
2020-11-09 21:00:00-03:00,0.876,11.916
2020-11-09 22:00:00-03:00,0.857,11.59
2020-11-09 23:00:00-03:00,0.8290000000000001,11.182
2020-11-10 00:00:00-03:00,0.79,10.703
2020-11-10 01:00:00-03:00,0.716,9.94
2020-11-10 02:00:00-03:00,0.658,9.443
2020-11-10 03:00:00-03:00,0.612,9.087
2020-11-10 04:00:00-03:00,0.577,8.821
2020-11-10 05:00:00-03:00,0.518,8.386
2020-11-10 06:00:00-03:00,0.43,7.757
2020-11-10 07:00:00-03:00,0.268,6.524
2020-11-10 08:00:00-03:00,0.291,6.716
2020-11-10 09:00:00-03:00,0.261,6.466
2020-11-10 10:00:00-03:00,0.265,6.495
2020-11-10 11:00:00-03:00,0.318,6.922
2020-11-10 12:00:00-03:00,0.401,7.551
2020-11-10 13:00:00-03:00,0.486,8.15
2020-11-10 14:00:00-03:00,0.551,8.626
2020-11-10 15:00:00-03:00,0.5680000000000001,8.753
2020-11-10 16:00:00-03:00,0.531,8.481
2020-11-10 17:00:00-03:00,0.454,7.92
2020-11-10 18:00:00-03:00,0.34500000000000003,7.133
2020-11-10 19:00:00-03:00,0.265,6.504
2020-11-10 20:00:00-03:00,0.265,6.496
2020-11-10 21:00:00-03:00,0.304,6.822
2020-11-10 22:00:00-03:00,0.321,6.95
2020-11-10 23:00:00-03:00,0.32,6.939
2020-11-11 00:00:00-03:00,0.28800000000000003,6.6850000000000005
2020-11-11 01:00:00-03:00,0.279,6.614
2020-11-11 02:00:00-03:00,0.265,6.505
2020-11-11 03:00:00-03:00,0.296,6.746
2020-11-11 04:00:00-03:00,0.36,7.246
2020-11-11 05:00:00-03:00,0.417,7.656
2020-11-11 06:00:00-03:00,0.449,7.893
2020-11-11 07:00:00-03:00,0.306,6.827
2020-11-11 08:00:00-03:00,0.154,5.426
2020-11-11 09:00:00-03:00,0.267,6.516
2020-11-11 10:00:00-03:00,0.47200000000000003,8.063
2020-11-11 11:00:00-03:00,0.523,8.417
2020-11-11 12:00:00-03:00,0.627,9.198
2020-11-11 13:00:00-03:00,0.791,10.707
2020-11-11 14:00:00-03:00,0.854,11.541
2020-11-11 15:00:00-03:00,0.8260000000000001,11.14
2020-11-11 16:00:00-03:00,0.887,12.133
2020-11-11 17:00:00-03:00,0.9380000000000001,13.875
2020-11-11 18:00:00-03:00,0.9410000000000001,14.377
2020-11-11 19:00:00-03:00,0.9390000000000001,13.96
2020-11-11 20:00:00-03:00,0.913,12.766
2020-11-11 21:00:00-03:00,0.878,11.969
2020-11-11 22:00:00-03:00,0.835,11.269
2020-11-11 23:00:00-03:00,0.722,10.003
2020-11-12 00:00:00-03:00,0.617,9.12
2020-11-12 01:00:00-03:00,0.585,8.882
2020-11-12 02:00:00-03:00,0.546,8.583
2020-11-12 03:00:00-03:00,0.516,8.371
2020-11-12 04:00:00-03:00,0.521,8.409
2020-11-12 05:00:00-03:00,0.518,8.39
2020-11-12 06:00:00-03:00,0.49,8.185
2020-11-12 07:00:00-03:00,0.389,7.463
2020-11-12 08:00:00-03:00,0.41500000000000004,7.645
2020-11-12 09:00:00-03:00,0.672,9.563
2020-11-12 10:00:00-03:00,0.731,10.091
2020-11-12 11:00:00-03:00,0.732,10.094
2020-11-12 12:00:00-03:00,0.733,10.104
2020-11-12 13:00:00-03:00,0.761,10.371
2020-11-12 14:00:00-03:00,0.794,10.75
2020-11-12 15:00:00-03:00,0.845,11.418
2020-11-12 16:00:00-03:00,0.866,11.744
2020-11-12 17:00:00-03:00,0.863,11.697
2020-11-12 18:00:00-03:00,0.914,12.797
2020-11-12 19:00:00-03:00,0.9390000000000001,13.998
2020-11-12 20:00:00-03:00,0.9400000000000001,14.107
2020-11-12 21:00:00-03:00,0.933,13.546
2020-11-12 22:00:00-03:00,0.923,13.108
2020-11-12 23:00:00-03:00,0.906,12.589
2020-11-13 00:00:00-03:00,0.883,12.058
2020-11-13 01:00:00-03:00,0.871,11.827
2020-11-13 02:00:00-03:00,0.861,11.649000000000001
2020-11-13 03:00:00-03:00,0.857,11.59
2020-11-13 04:00:00-03:00,0.847,11.445
2020-11-13 05:00:00-03:00,0.8260000000000001,11.141
2020-11-13 06:00:00-03:00,0.774,10.518
2020-11-13 07:00:00-03:00,0.7010000000000001,9.813
2020-11-13 08:00:00-03:00,0.806,10.886
2020-11-13 09:00:00-03:00,0.882,12.045
2020-11-13 10:00:00-03:00,0.912,12.735
2020-11-13 11:00:00-03:00,0.936,13.712
2020-11-13 12:00:00-03:00,0.934,15.321
2020-11-13 13:00:00-03:00,0.905,16.502
2020-11-13 14:00:00-03:00,0.888,16.961
2020-11-13 15:00:00-03:00,0.903,16.575
2020-11-13 16:00:00-03:00,0.922,15.921
2020-11-13 17:00:00-03:00,0.9400000000000001,14.759
2020-11-13 18:00:00-03:00,0.936,13.729
2020-11-13 19:00:00-03:00,0.9,12.414
2020-11-13 20:00:00-03:00,0.853,11.528
2020-11-13 21:00:00-03:00,0.867,11.763
2020-11-13 22:00:00-03:00,0.874,11.89
2020-11-13 23:00:00-03:00,0.889,12.179
2020-11-14 00:00:00-03:00,0.908,12.621
2020-11-14 01:00:00-03:00,0.919,12.966
2020-11-14 02:00:00-03:00,0.92,12.999
2020-11-14 03:00:00-03:00,0.911,12.713
2020-11-14 04:00:00-03:00,0.905,12.557
2020-11-14 05:00:00-03:00,0.892,12.251
2020-11-14 06:00:00-03:00,0.857,11.591
2020-11-14 07:00:00-03:00,0.863,11.694
2020-11-14 08:00:00-03:00,0.928,13.319
2020-11-14 09:00:00-03:00,0.9400000000000001,14.816
2020-11-14 10:00:00-03:00,0.911,16.338
2020-11-14 11:00:00-03:00,0.909,16.381
2020-11-14 12:00:00-03:00,0.916,16.168
2020-11-14 13:00:00-03:00,0.924,15.84
2020-11-14 14:00:00-03:00,0.923,15.874
2020-11-14 15:00:00-03:00,0.91,16.346
2020-11-14 16:00:00-03:00,0.903,16.574
2020-11-14 17:00:00-03:00,0.926,15.754
2020-11-14 18:00:00-03:00,0.933,15.389
2020-11-14 19:00:00-03:00,0.887,16.983
2020-11-14 20:00:00-03:00,0.84,17.995
2020-11-14 21:00:00-03:00,0.784,18.943
2020-11-14 22:00:00-03:00,0.721,19.855
2020-11-14 23:00:00-03:00,0.717,19.902
2020-11-15 00:00:00-03:00,0.722,19.841
2020-11-15 01:00:00-03:00,0.732,19.699
2020-11-15 02:00:00-03:00,0.748,19.477
2020-11-15 03:00:00-03:00,0.733,19.684
2020-11-15 04:00:00-03:00,0.718,19.888
2020-11-15 05:00:00-03:00,0.753,19.403
2020-11-15 06:00:00-03:00,0.794,18.792
2020-11-15 07:00:00-03:00,0.767,19.199
2020-11-15 08:00:00-03:00,0.652,20.734
2020-11-15 09:00:00-03:00,0.618,21.142
2020-11-15 10:00:00-03:00,0.651,20.745
2020-11-15 11:00:00-03:00,0.648,20.787
2020-11-15 12:00:00-03:00,0.67,20.508
2020-11-15 13:00:00-03:00,0.715,19.932
2020-11-15 14:00:00-03:00,0.751,19.423
2020-11-15 15:00:00-03:00,0.784,18.938
2020-11-15 16:00:00-03:00,0.807,18.559
2020-11-15 17:00:00-03:00,0.8310000000000001,18.15
2020-11-15 18:00:00-03:00,0.854,17.725
2020-11-15 19:00:00-03:00,0.873,17.325
2020-11-15 20:00:00-03:00,0.902,16.607
2020-11-15 21:00:00-03:00,0.926,15.74
2020-11-15 22:00:00-03:00,0.9390000000000001,14.932
2020-11-15 23:00:00-03:00,0.9410000000000001,14.283
2020-11-16 00:00:00-03:00,0.9410000000000001,14.546
2020-11-16 01:00:00-03:00,0.9410000000000001,14.65
2020-11-16 02:00:00-03:00,0.9400000000000001,14.692
2020-11-16 03:00:00-03:00,0.9400000000000001,14.839
2020-11-16 04:00:00-03:00,0.934,15.345
2020-11-16 05:00:00-03:00,0.908,16.404
2020-11-16 06:00:00-03:00,0.877,17.234
2020-11-16 07:00:00-03:00,0.8260000000000001,18.253
2020-11-16 08:00:00-03:00,0.74,19.584
2020-11-16 09:00:00-03:00,0.669,20.527
2020-11-16 10:00:00-03:00,0.588,21.495
2020-11-16 11:00:00-03:00,0.5700000000000001,21.694
2020-11-16 12:00:00-03:00,0.605,21.293
2020-11-16 13:00:00-03:00,0.64,20.88
2020-11-16 14:00:00-03:00,0.671,20.5
2020-11-16 15:00:00-03:00,0.6880000000000001,20.287
2020-11-16 16:00:00-03:00,0.705,20.055
2020-11-16 17:00:00-03:00,0.751,19.426
2020-11-16 18:00:00-03:00,0.792,18.807
2020-11-16 19:00:00-03:00,0.843,17.932
2020-11-16 20:00:00-03:00,0.899,16.676
2020-11-16 21:00:00-03:00,0.926,15.767
2020-11-16 22:00:00-03:00,0.9380000000000001,15.025
2020-11-16 23:00:00-03:00,0.9380000000000001,14.994
2020-11-17 00:00:00-03:00,0.9380000000000001,15.057
2020-11-17 01:00:00-03:00,0.937,15.099
2020-11-17 02:00:00-03:00,0.937,15.075
2020-11-17 03:00:00-03:00,0.9390000000000001,14.945
2020-11-17 04:00:00-03:00,0.9390000000000001,14.965
2020-11-17 05:00:00-03:00,0.936,15.202
2020-11-17 06:00:00-03:00,0.937,15.105
2020-11-17 07:00:00-03:00,0.9400000000000001,14.802
2020-11-17 08:00:00-03:00,0.926,15.75
2020-11-17 09:00:00-03:00,0.905,16.516
2020-11-17 10:00:00-03:00,0.888,16.971
2020-11-17 11:00:00-03:00,0.861,17.588
2020-11-17 12:00:00-03:00,0.8300000000000001,18.177
2020-11-17 13:00:00-03:00,0.807,18.562
2020-11-17 14:00:00-03:00,0.805,18.608
2020-11-17 15:00:00-03:00,0.8250000000000001,18.267
2020-11-17 16:00:00-03:00,0.846,17.874
2020-11-17 17:00:00-03:00,0.867,17.438
2020-11-17 18:00:00-03:00,0.9,16.657
2020-11-17 19:00:00-03:00,0.928,15.644
2020-11-17 20:00:00-03:00,0.9410000000000001,14.518
2020-11-17 21:00:00-03:00,0.93,13.419
2020-11-17 22:00:00-03:00,0.905,12.552
2020-11-17 23:00:00-03:00,0.87,11.816
2020-11-18 00:00:00-03:00,0.834,11.252
2020-11-18 01:00:00-03:00,0.782,10.600999999999999
2020-11-18 02:00:00-03:00,0.732,10.094
2020-11-18 03:00:00-03:00,0.6970000000000001,9.783
2020-11-18 04:00:00-03:00,0.636,9.275
2020-11-18 05:00:00-03:00,0.604,9.012
2020-11-18 06:00:00-03:00,0.653,9.404
2020-11-18 07:00:00-03:00,0.752,10.293
2020-11-18 08:00:00-03:00,0.875,11.899000000000001
2020-11-18 09:00:00-03:00,0.928,13.311
2020-11-18 10:00:00-03:00,0.9410000000000001,14.417
2020-11-18 11:00:00-03:00,0.937,15.136
2020-11-18 12:00:00-03:00,0.936,15.193
2020-11-18 13:00:00-03:00,0.9380000000000001,15.035
2020-11-18 14:00:00-03:00,0.937,15.154
2020-11-18 15:00:00-03:00,0.937,15.1
2020-11-18 16:00:00-03:00,0.935,15.238
2020-11-18 17:00:00-03:00,0.932,15.45
2020-11-18 18:00:00-03:00,0.934,15.356
2020-11-18 19:00:00-03:00,0.9400000000000001,14.83
2020-11-18 20:00:00-03:00,0.9380000000000001,13.921
2020-11-18 21:00:00-03:00,0.922,13.057
2020-11-18 22:00:00-03:00,0.898,12.373
2020-11-18 23:00:00-03:00,0.88,11.998
2020-11-19 00:00:00-03:00,0.849,11.47
2020-11-19 01:00:00-03:00,0.8320000000000001,11.218
2020-11-19 02:00:00-03:00,0.851,11.487
2020-11-19 03:00:00-03:00,0.909,12.658
2020-11-19 04:00:00-03:00,0.935,13.677
2020-11-19 05:00:00-03:00,0.936,13.781
2020-11-19 06:00:00-03:00,0.929,13.351
2020-11-19 07:00:00-03:00,0.903,12.491
2020-11-19 08:00:00-03:00,0.904,12.535
2020-11-19 09:00:00-03:00,0.914,12.813
2020-11-19 10:00:00-03:00,0.913,12.775
2020-11-19 11:00:00-03:00,0.916,12.847
2020-11-19 12:00:00-03:00,0.919,12.944
2020-11-19 13:00:00-03:00,0.916,12.848
2020-11-19 14:00:00-03:00,0.918,12.926
2020-11-19 15:00:00-03:00,0.922,13.073
2020-11-19 16:00:00-03:00,0.924,13.139
2020-11-19 17:00:00-03:00,0.922,13.056
2020-11-19 18:00:00-03:00,0.91,12.683
2020-11-19 19:00:00-03:00,0.882,12.045
2020-11-19 20:00:00-03:00,0.859,11.634
2020-11-19 21:00:00-03:00,0.838,11.308
2020-11-19 22:00:00-03:00,0.792,10.721
2020-11-19 23:00:00-03:00,0.747,10.24
2020-11-20 00:00:00-03:00,0.7010000000000001,9.811
2020-11-20 01:00:00-03:00,0.641,9.312
2020-11-20 02:00:00-03:00,0.5660000000000001,8.734
2020-11-20 03:00:00-03:00,0.577,8.819
2020-11-20 04:00:00-03:00,0.605,9.024
2020-11-20 05:00:00-03:00,0.581,8.848
2020-11-20 06:00:00-03:00,0.606,9.033
2020-11-20 07:00:00-03:00,0.63,9.221
2020-11-20 08:00:00-03:00,0.8290000000000001,11.183
2020-11-20 09:00:00-03:00,0.915,12.827
2020-11-20 10:00:00-03:00,0.927,13.256
2020-11-20 11:00:00-03:00,0.921,13.01
2020-11-20 12:00:00-03:00,0.909,12.651
2020-11-20 13:00:00-03:00,0.901,12.442
2020-11-20 14:00:00-03:00,0.897,12.354
2020-11-20 15:00:00-03:00,0.891,12.216
2020-11-20 16:00:00-03:00,0.875,11.899000000000001
2020-11-20 17:00:00-03:00,0.854,11.532
2020-11-20 18:00:00-03:00,0.78,10.581
2020-11-20 19:00:00-03:00,0.549,8.614
2020-11-20 20:00:00-03:00,0.329,7.016
2020-11-20 21:00:00-03:00,0.19,5.814
2020-11-20 22:00:00-03:00,0.059000000000000004,4.029
2020-11-20 23:00:00-03:00,0.005,2.14
2020-11-21 00:00:00-03:00,0.027,3.216
2020-11-21 01:00:00-03:00,0.243,6.311
2020-11-21 02:00:00-03:00,0.527,8.454
2020-11-21 03:00:00-03:00,0.501,8.257
2020-11-21 04:00:00-03:00,0.248,6.352
2020-11-21 05:00:00-03:00,0.191,5.827
2020-11-21 06:00:00-03:00,0.34400000000000003,7.121
2020-11-21 07:00:00-03:00,0.251,6.373
2020-11-21 08:00:00-03:00,0.146,5.34
2020-11-21 09:00:00-03:00,0.306,6.839
2020-11-21 10:00:00-03:00,0.461,7.98
2020-11-21 11:00:00-03:00,0.505,8.293
2020-11-21 12:00:00-03:00,0.497,8.233
2020-11-21 13:00:00-03:00,0.487,8.165
2020-11-21 14:00:00-03:00,0.513,8.345
2020-11-21 15:00:00-03:00,0.544,8.568
2020-11-21 16:00:00-03:00,0.481,8.116
2020-11-21 17:00:00-03:00,0.296,6.749
2020-11-21 18:00:00-03:00,0.157,5.452
2020-11-21 19:00:00-03:00,0.19,5.814
2020-11-21 20:00:00-03:00,0.45,7.896
2020-11-21 21:00:00-03:00,0.788,10.679
2020-11-21 22:00:00-03:00,0.866,11.745
2020-11-21 23:00:00-03:00,0.8290000000000001,11.179
2020-11-22 00:00:00-03:00,0.782,10.600999999999999
2020-11-22 01:00:00-03:00,0.678,9.614
2020-11-22 02:00:00-03:00,0.435,7.799
2020-11-22 03:00:00-03:00,0.314,6.889
2020-11-22 04:00:00-03:00,0.399,7.539
2020-11-22 05:00:00-03:00,0.516,8.371
2020-11-22 06:00:00-03:00,0.531,8.479
2020-11-22 07:00:00-03:00,0.454,7.925
2020-11-22 08:00:00-03:00,0.447,7.87
2020-11-22 09:00:00-03:00,0.76,10.376
2020-11-22 10:00:00-03:00,0.8190000000000001,11.047
2020-11-22 11:00:00-03:00,0.788,10.678
2020-11-22 12:00:00-03:00,0.744,10.205
2020-11-22 13:00:00-03:00,0.714,9.93
2020-11-22 14:00:00-03:00,0.6950000000000001,9.765
2020-11-22 15:00:00-03:00,0.653,9.402
2020-11-22 16:00:00-03:00,0.5730000000000001,8.781
2020-11-22 17:00:00-03:00,0.434,7.785
2020-11-22 18:00:00-03:00,0.366,7.296
2020-11-22 19:00:00-03:00,0.36,7.243
2020-11-22 20:00:00-03:00,0.327,6.995
2020-11-22 21:00:00-03:00,0.223,6.132
2020-11-22 22:00:00-03:00,0.157,5.456
2020-11-22 23:00:00-03:00,0.164,5.534
2020-11-23 00:00:00-03:00,0.15,5.384
2020-11-23 01:00:00-03:00,0.081,4.433
2020-11-23 02:00:00-03:00,0.049,3.825
2020-11-23 03:00:00-03:00,0.07200000000000001,4.268
2020-11-23 04:00:00-03:00,0.224,6.144
2020-11-23 05:00:00-03:00,0.542,8.551
2020-11-23 06:00:00-03:00,0.61,9.065
2020-11-23 07:00:00-03:00,0.527,8.453
2020-11-23 08:00:00-03:00,0.624,9.17
2020-11-23 09:00:00-03:00,0.804,10.856
2020-11-23 10:00:00-03:00,0.927,13.268
2020-11-23 11:00:00-03:00,0.934,15.309
2020-11-23 12:00:00-03:00,0.929,15.61
2020-11-23 13:00:00-03:00,0.937,15.084
2020-11-23 14:00:00-03:00,0.9400000000000001,14.739
2020-11-23 15:00:00-03:00,0.9380000000000001,13.898
2020-11-23 16:00:00-03:00,0.917,12.894
2020-11-23 17:00:00-03:00,0.891,12.224
2020-11-23 18:00:00-03:00,0.872,11.86
2020-11-23 19:00:00-03:00,0.855,11.568
2020-11-23 20:00:00-03:00,0.799,10.808
2020-11-23 21:00:00-03:00,0.738,10.157
2020-11-23 22:00:00-03:00,0.714,9.92
2020-11-23 23:00:00-03:00,0.726,10.041
2020-11-24 00:00:00-03:00,0.738,10.16
2020-11-24 01:00:00-03:00,0.749,10.262
2020-11-24 02:00:00-03:00,0.769,10.469
2020-11-24 03:00:00-03:00,0.782,10.604
2020-11-24 04:00:00-03:00,0.786,10.647
2020-11-24 05:00:00-03:00,0.796,10.771
2020-11-24 06:00:00-03:00,0.8260000000000001,11.139
2020-11-24 07:00:00-03:00,0.894,12.283
2020-11-24 08:00:00-03:00,0.9390000000000001,14.012
2020-11-24 09:00:00-03:00,0.9410000000000001,14.323
2020-11-24 10:00:00-03:00,0.9410000000000001,14.307
2020-11-24 11:00:00-03:00,0.9390000000000001,14.919
2020-11-24 12:00:00-03:00,0.935,15.245
2020-11-24 13:00:00-03:00,0.937,15.137
2020-11-24 14:00:00-03:00,0.9380000000000001,15.029
2020-11-24 15:00:00-03:00,0.9410000000000001,14.451
2020-11-24 16:00:00-03:00,0.926,13.213
2020-11-24 17:00:00-03:00,0.845,11.404
2020-11-24 18:00:00-03:00,0.6900000000000001,9.716
2020-11-24 19:00:00-03:00,0.493,8.212
2020-11-24 20:00:00-03:00,0.366,7.294
2020-11-24 21:00:00-03:00,0.386,7.438
2020-11-24 22:00:00-03:00,0.425,7.7219999999999995
2020-11-24 23:00:00-03:00,0.399,7.534
2020-11-25 00:00:00-03:00,0.331,7.029
2020-11-25 01:00:00-03:00,0.294,6.734
2020-11-25 02:00:00-03:00,0.259,6.44
2020-11-25 03:00:00-03:00,0.199,5.9030000000000005
2020-11-25 04:00:00-03:00,0.164,5.535
2020-11-25 05:00:00-03:00,0.152,5.4030000000000005
2020-11-25 06:00:00-03:00,0.136,5.209
2020-11-25 07:00:00-03:00,0.088,4.534
2020-11-25 08:00:00-03:00,0.092,4.608
2020-11-25 09:00:00-03:00,0.309,6.851
2020-11-25 10:00:00-03:00,0.67,9.547
2020-11-25 11:00:00-03:00,0.838,11.312
2020-11-25 12:00:00-03:00,0.865,11.729
2020-11-25 13:00:00-03:00,0.862,11.667
2020-11-25 14:00:00-03:00,0.873,11.868
2020-11-25 15:00:00-03:00,0.898,12.39
2020-11-25 16:00:00-03:00,0.903,12.492
2020-11-25 17:00:00-03:00,0.893,12.269
2020-11-25 18:00:00-03:00,0.893,12.271
2020-11-25 19:00:00-03:00,0.902,12.477
2020-11-25 20:00:00-03:00,0.89,12.198
2020-11-25 21:00:00-03:00,0.882,12.046
2020-11-25 22:00:00-03:00,0.873,11.875
2020-11-25 23:00:00-03:00,0.88,11.998
2020-11-26 00:00:00-03:00,0.893,12.275
2020-11-26 01:00:00-03:00,0.91,12.692
2020-11-26 02:00:00-03:00,0.913,12.779
2020-11-26 03:00:00-03:00,0.923,13.104
2020-11-26 04:00:00-03:00,0.933,13.555
2020-11-26 05:00:00-03:00,0.936,13.769
2020-11-26 06:00:00-03:00,0.9400000000000001,14.079
2020-11-26 07:00:00-03:00,0.9400000000000001,14.68
2020-11-26 08:00:00-03:00,0.933,15.407
2020-11-26 09:00:00-03:00,0.893,16.827
2020-11-26 10:00:00-03:00,0.863,17.527
2020-11-26 11:00:00-03:00,0.878,17.201
2020-11-26 12:00:00-03:00,0.917,16.117
2020-11-26 13:00:00-03:00,0.9380000000000001,14.975
2020-11-26 14:00:00-03:00,0.9400000000000001,14.122
2020-11-26 15:00:00-03:00,0.927,13.267
2020-11-26 16:00:00-03:00,0.882,12.035
2020-11-26 17:00:00-03:00,0.789,10.686
2020-11-26 18:00:00-03:00,0.776,10.545
2020-11-26 19:00:00-03:00,0.8180000000000001,11.039
2020-11-26 20:00:00-03:00,0.796,10.774000000000001
2020-11-26 21:00:00-03:00,0.796,10.772
2020-11-26 22:00:00-03:00,0.857,11.59
2020-11-26 23:00:00-03:00,0.913,12.784
2020-11-27 00:00:00-03:00,0.936,13.777
2020-11-27 01:00:00-03:00,0.9390000000000001,14.931000000000001
2020-11-27 02:00:00-03:00,0.917,16.131
2020-11-27 03:00:00-03:00,0.855,17.7
2020-11-27 04:00:00-03:00,0.865,17.491
2020-11-27 05:00:00-03:00,0.888,16.959
2020-11-27 06:00:00-03:00,0.906,16.494
2020-11-27 07:00:00-03:00,0.906,16.491
2020-11-27 08:00:00-03:00,0.886,17.013
2020-11-27 09:00:00-03:00,0.861,17.588
2020-11-27 10:00:00-03:00,0.834,18.11
2020-11-27 11:00:00-03:00,0.801,18.664
2020-11-27 12:00:00-03:00,0.785,18.931
2020-11-27 13:00:00-03:00,0.786,18.899
2020-11-27 14:00:00-03:00,0.77,19.154
2020-11-27 15:00:00-03:00,0.708,20.026
2020-11-27 16:00:00-03:00,0.674,20.46
2020-11-27 17:00:00-03:00,0.673,20.48
2020-11-27 18:00:00-03:00,0.683,20.345
2020-11-27 19:00:00-03:00,0.739,19.598
2020-11-27 20:00:00-03:00,0.811,18.505
2020-11-27 21:00:00-03:00,0.865,17.499
2020-11-27 22:00:00-03:00,0.889,16.949
2020-11-27 23:00:00-03:00,0.885,17.048
2020-11-28 00:00:00-03:00,0.888,16.97
2020-11-28 01:00:00-03:00,0.896,16.769
2020-11-28 02:00:00-03:00,0.904,16.542
2020-11-28 03:00:00-03:00,0.909,16.384
2020-11-28 04:00:00-03:00,0.917,16.128
2020-11-28 05:00:00-03:00,0.926,15.769
2020-11-28 06:00:00-03:00,0.935,15.27
2020-11-28 07:00:00-03:00,0.936,15.217
2020-11-28 08:00:00-03:00,0.931,15.529
2020-11-28 09:00:00-03:00,0.929,15.619
2020-11-28 10:00:00-03:00,0.925,15.825
2020-11-28 11:00:00-03:00,0.918,16.081
2020-11-28 12:00:00-03:00,0.907,16.435
2020-11-28 13:00:00-03:00,0.9,16.648
2020-11-28 14:00:00-03:00,0.892,16.852
2020-11-28 15:00:00-03:00,0.88,17.17
2020-11-28 16:00:00-03:00,0.876,17.255
2020-11-28 17:00:00-03:00,0.897,16.748
2020-11-28 18:00:00-03:00,0.91,16.363
2020-11-28 19:00:00-03:00,0.902,16.602
2020-11-28 20:00:00-03:00,0.895,16.794
2020-11-28 21:00:00-03:00,0.923,15.901
2020-11-28 22:00:00-03:00,0.9400000000000001,14.833
2020-11-28 23:00:00-03:00,0.9400000000000001,14.077
2020-11-29 00:00:00-03:00,0.935,13.649000000000001
2020-11-29 01:00:00-03:00,0.93,13.379
2020-11-29 02:00:00-03:00,0.929,13.338
2020-11-29 03:00:00-03:00,0.93,13.415
2020-11-29 04:00:00-03:00,0.936,13.74
2020-11-29 05:00:00-03:00,0.9410000000000001,14.493
2020-11-29 06:00:00-03:00,0.937,15.133
2020-11-29 07:00:00-03:00,0.931,15.524000000000001
2020-11-29 08:00:00-03:00,0.904,16.531
2020-11-29 09:00:00-03:00,0.849,17.811
2020-11-29 10:00:00-03:00,0.797,18.726
2020-11-29 11:00:00-03:00,0.736,19.641
2020-11-29 12:00:00-03:00,0.706,20.046
2020-11-29 13:00:00-03:00,0.681,20.38
2020-11-29 14:00:00-03:00,0.6940000000000001,20.202
2020-11-29 15:00:00-03:00,0.712,19.959
2020-11-29 16:00:00-03:00,0.743,19.545
2020-11-29 17:00:00-03:00,0.755,19.375
2020-11-29 18:00:00-03:00,0.759,19.312
2020-11-29 19:00:00-03:00,0.755,19.374
2020-11-29 20:00:00-03:00,0.761,19.289
2020-11-29 21:00:00-03:00,0.782,18.969
2020-11-29 22:00:00-03:00,0.785,18.931
2020-11-29 23:00:00-03:00,0.741,19.582
2020-11-30 00:00:00-03:00,0.726,19.785
2020-11-30 01:00:00-03:00,0.752,19.414
2020-11-30 02:00:00-03:00,0.756,19.366
2020-11-30 03:00:00-03:00,0.739,19.607
2020-11-30 04:00:00-03:00,0.769,19.175
2020-11-30 05:00:00-03:00,0.801,18.657
2020-11-30 06:00:00-03:00,0.8300000000000001,18.175
2020-11-30 07:00:00-03:00,0.842,17.961
2020-11-30 08:00:00-03:00,0.8230000000000001,18.298
2020-11-30 09:00:00-03:00,0.795,18.765
2020-11-30 10:00:00-03:00,0.751,19.426
2020-11-30 11:00:00-03:00,0.686,20.303
2020-11-30 12:00:00-03:00,0.615,21.18
2020-11-30 13:00:00-03:00,0.578,21.603
2020-11-30 14:00:00-03:00,0.644,20.834
2020-11-30 15:00:00-03:00,0.652,20.736
2020-11-30 16:00:00-03:00,0.634,20.95
2020-11-30 17:00:00-03:00,0.671,20.502
2020-11-30 18:00:00-03:00,0.755,19.37
2020-11-30 19:00:00-03:00,0.8260000000000001,18.24
2020-11-30 20:00:00-03:00,0.885,17.051
2020-11-30 21:00:00-03:00,0.911,16.326
2020-11-30 22:00:00-03:00,0.922,15.951
2020-11-30 23:00:00-03:00,0.929,15.6
2020-12-01 00:00:00-03:00,0.936,15.186
2020-12-01 01:00:00-03:00,0.9410000000000001,14.452
2020-12-01 02:00:00-03:00,0.931,13.468
2020-12-01 03:00:00-03:00,0.889,12.182
2020-12-01 04:00:00-03:00,0.804,10.858
2020-12-01 05:00:00-03:00,0.714,9.923
2020-12-01 06:00:00-03:00,0.609,9.051
2020-12-01 07:00:00-03:00,0.8170000000000001,11.01
2020-12-01 08:00:00-03:00,0.901,12.46
2020-12-01 09:00:00-03:00,0.925,13.162
2020-12-01 10:00:00-03:00,0.9390000000000001,13.973
2020-12-01 11:00:00-03:00,0.936,15.213
2020-12-01 12:00:00-03:00,0.91,16.343
2020-12-01 13:00:00-03:00,0.865,17.488
2020-12-01 14:00:00-03:00,0.8150000000000001,18.435
2020-12-01 15:00:00-03:00,0.791,18.838
2020-12-01 16:00:00-03:00,0.81,18.527
2020-12-01 17:00:00-03:00,0.8300000000000001,18.17
2020-12-01 18:00:00-03:00,0.81,18.525
2020-12-01 19:00:00-03:00,0.793,18.804
2020-12-01 20:00:00-03:00,0.848,17.843
2020-12-01 21:00:00-03:00,0.916,16.158
2020-12-01 22:00:00-03:00,0.9380000000000001,15.009
2020-12-01 23:00:00-03:00,0.9400000000000001,14.669
2020-12-02 00:00:00-03:00,0.9410000000000001,14.333
2020-12-02 01:00:00-03:00,0.9400000000000001,14.11
2020-12-02 02:00:00-03:00,0.9390000000000001,14.07
2020-12-02 03:00:00-03:00,0.9400000000000001,14.075
2020-12-02 04:00:00-03:00,0.937,13.829
2020-12-02 05:00:00-03:00,0.932,13.493
2020-12-02 06:00:00-03:00,0.923,13.088
2020-12-02 07:00:00-03:00,0.924,13.138
2020-12-02 08:00:00-03:00,0.9410000000000001,14.471
2020-12-02 09:00:00-03:00,0.93,15.591
2020-12-02 10:00:00-03:00,0.923,15.883
2020-12-02 11:00:00-03:00,0.922,15.931000000000001
2020-12-02 12:00:00-03:00,0.907,16.454
2020-12-02 13:00:00-03:00,0.872,17.34
2020-12-02 14:00:00-03:00,0.8290000000000001,18.202
2020-12-02 15:00:00-03:00,0.795,18.776
2020-12-02 16:00:00-03:00,0.792,18.806
2020-12-02 17:00:00-03:00,0.8220000000000001,18.314
2020-12-02 18:00:00-03:00,0.855,17.703
2020-12-02 19:00:00-03:00,0.879,17.195
2020-12-02 20:00:00-03:00,0.906,16.494
2020-12-02 21:00:00-03:00,0.91,16.362
2020-12-02 22:00:00-03:00,0.905,16.525
2020-12-02 23:00:00-03:00,0.904,16.544
2020-12-03 00:00:00-03:00,0.91,16.361
2020-12-03 01:00:00-03:00,0.918,16.062
2020-12-03 02:00:00-03:00,0.928,15.668
2020-12-03 03:00:00-03:00,0.931,15.533
2020-12-03 04:00:00-03:00,0.924,15.853
2020-12-03 05:00:00-03:00,0.924,15.872
2020-12-03 06:00:00-03:00,0.931,15.512
2020-12-03 07:00:00-03:00,0.934,15.332
2020-12-03 08:00:00-03:00,0.931,15.522
2020-12-03 09:00:00-03:00,0.926,15.777
2020-12-03 10:00:00-03:00,0.928,15.662
2020-12-03 11:00:00-03:00,0.9380000000000001,15.071
2020-12-03 12:00:00-03:00,0.9410000000000001,14.573
2020-12-03 13:00:00-03:00,0.9400000000000001,14.215
2020-12-03 14:00:00-03:00,0.9400000000000001,14.249
2020-12-03 15:00:00-03:00,0.9410000000000001,14.319
2020-12-03 16:00:00-03:00,0.9400000000000001,14.19
2020-12-03 17:00:00-03:00,0.9400000000000001,14.1
2020-12-03 18:00:00-03:00,0.9390000000000001,14.072
2020-12-03 19:00:00-03:00,0.936,13.725
2020-12-03 20:00:00-03:00,0.924,13.141
2020-12-03 21:00:00-03:00,0.921,13.014
2020-12-03 22:00:00-03:00,0.922,13.066
2020-12-03 23:00:00-03:00,0.928,13.303
2020-12-04 00:00:00-03:00,0.93,13.385
2020-12-04 01:00:00-03:00,0.923,13.088
2020-12-04 02:00:00-03:00,0.919,12.968
2020-12-04 03:00:00-03:00,0.915,12.82
2020-12-04 04:00:00-03:00,0.91,12.671
2020-12-04 05:00:00-03:00,0.907,12.597
2020-12-04 06:00:00-03:00,0.92,12.979
2020-12-04 07:00:00-03:00,0.9390000000000001,14.039
2020-12-04 08:00:00-03:00,0.9390000000000001,14.878
2020-12-04 09:00:00-03:00,0.931,15.519
2020-12-04 10:00:00-03:00,0.93,15.556000000000001
2020-12-04 11:00:00-03:00,0.932,15.456
2020-12-04 12:00:00-03:00,0.936,15.207
2020-12-04 13:00:00-03:00,0.9400000000000001,14.839
2020-12-04 14:00:00-03:00,0.9410000000000001,14.549
2020-12-04 15:00:00-03:00,0.9400000000000001,14.245
2020-12-04 16:00:00-03:00,0.9380000000000001,13.924
2020-12-04 17:00:00-03:00,0.934,13.608
2020-12-04 18:00:00-03:00,0.928,13.297
2020-12-04 19:00:00-03:00,0.917,12.908
2020-12-04 20:00:00-03:00,0.883,12.063
2020-12-04 21:00:00-03:00,0.859,11.622
2020-12-04 22:00:00-03:00,0.851,11.489
2020-12-04 23:00:00-03:00,0.861,11.655
2020-12-05 00:00:00-03:00,0.869,11.78
2020-12-05 01:00:00-03:00,0.864,11.71
2020-12-05 02:00:00-03:00,0.86,11.64
2020-12-05 03:00:00-03:00,0.856,11.578
2020-12-05 04:00:00-03:00,0.846,11.428
2020-12-05 05:00:00-03:00,0.849,11.468
2020-12-05 06:00:00-03:00,0.85,11.486
2020-12-05 07:00:00-03:00,0.84,11.334
2020-12-05 08:00:00-03:00,0.838,11.312
2020-12-05 09:00:00-03:00,0.879,11.983
2020-12-05 10:00:00-03:00,0.91,12.683
2020-12-05 11:00:00-03:00,0.937,13.801
2020-12-05 12:00:00-03:00,0.9380000000000001,14.997
2020-12-05 13:00:00-03:00,0.93,15.589
2020-12-05 14:00:00-03:00,0.922,15.945
2020-12-05 15:00:00-03:00,0.929,15.638
2020-12-05 16:00:00-03:00,0.9410000000000001,14.622
2020-12-05 17:00:00-03:00,0.9410000000000001,14.437
2020-12-05 18:00:00-03:00,0.9410000000000001,14.306
2020-12-05 19:00:00-03:00,0.932,13.499
2020-12-05 20:00:00-03:00,0.886,12.126
2020-12-05 21:00:00-03:00,0.8190000000000001,11.052
2020-12-05 22:00:00-03:00,0.834,11.249
2020-12-05 23:00:00-03:00,0.883,12.051
2020-12-06 00:00:00-03:00,0.914,12.806000000000001
2020-12-06 01:00:00-03:00,0.93,13.374
2020-12-06 02:00:00-03:00,0.937,13.785
2020-12-06 03:00:00-03:00,0.9390000000000001,13.982
2020-12-06 04:00:00-03:00,0.937,13.824
2020-12-06 05:00:00-03:00,0.935,13.686
2020-12-06 06:00:00-03:00,0.921,13.04
2020-12-06 07:00:00-03:00,0.894,12.282
2020-12-06 08:00:00-03:00,0.908,12.621
2020-12-06 09:00:00-03:00,0.917,12.908
2020-12-06 10:00:00-03:00,0.914,12.806000000000001
2020-12-06 11:00:00-03:00,0.9,12.413
2020-12-06 12:00:00-03:00,0.911,12.706
2020-12-06 13:00:00-03:00,0.935,13.649000000000001
2020-12-06 14:00:00-03:00,0.9410000000000001,14.46
2020-12-06 15:00:00-03:00,0.9410000000000001,14.407
2020-12-06 16:00:00-03:00,0.9400000000000001,14.711
2020-12-06 17:00:00-03:00,0.9400000000000001,14.748
2020-12-06 18:00:00-03:00,0.9400000000000001,14.711
2020-12-06 19:00:00-03:00,0.9400000000000001,14.847
2020-12-06 20:00:00-03:00,0.9380000000000001,15.014
2020-12-06 21:00:00-03:00,0.937,15.143
2020-12-06 22:00:00-03:00,0.9400000000000001,14.688
2020-12-06 23:00:00-03:00,0.9380000000000001,13.901
2020-12-07 00:00:00-03:00,0.928,13.298
2020-12-07 01:00:00-03:00,0.917,12.896
2020-12-07 02:00:00-03:00,0.903,12.505
2020-12-07 03:00:00-03:00,0.886,12.128
2020-12-07 04:00:00-03:00,0.857,11.594
2020-12-07 05:00:00-03:00,0.811,10.943
2020-12-07 06:00:00-03:00,0.709,9.887
2020-12-07 07:00:00-03:00,0.628,9.207
2020-12-07 08:00:00-03:00,0.67,9.548
2020-12-07 09:00:00-03:00,0.625,9.182
2020-12-07 10:00:00-03:00,0.52,8.396
2020-12-07 11:00:00-03:00,0.375,7.358
2020-12-07 12:00:00-03:00,0.278,6.605
2020-12-07 13:00:00-03:00,0.228,6.17
2020-12-07 14:00:00-03:00,0.191,5.825
2020-12-07 15:00:00-03:00,0.147,5.348
2020-12-07 16:00:00-03:00,0.079,4.388
2020-12-07 17:00:00-03:00,0.037,3.5300000000000002
2020-12-07 18:00:00-03:00,0.015,2.7880000000000003
2020-12-07 19:00:00-03:00,0.004,2.018
2020-12-07 20:00:00-03:00,0.0,1.321
2020-12-07 21:00:00-03:00,0.002,1.774
2020-12-07 22:00:00-03:00,0.03,3.31
2020-12-07 23:00:00-03:00,0.096,4.676
2020-12-08 00:00:00-03:00,0.193,5.839
2020-12-08 01:00:00-03:00,0.278,6.609
2020-12-08 02:00:00-03:00,0.339,7.08
2020-12-08 03:00:00-03:00,0.402,7.559
2020-12-08 04:00:00-03:00,0.464,7.991
2020-12-08 05:00:00-03:00,0.422,7.7059999999999995
2020-12-08 06:00:00-03:00,0.34700000000000003,7.143
2020-12-08 07:00:00-03:00,0.265,6.502
2020-12-08 08:00:00-03:00,0.221,6.117
2020-12-08 09:00:00-03:00,0.199,5.9030000000000005
2020-12-08 10:00:00-03:00,0.20800000000000002,5.986
2020-12-08 11:00:00-03:00,0.257,6.431
2020-12-08 12:00:00-03:00,0.19,5.807
2020-12-08 13:00:00-03:00,0.044,3.693
2020-12-08 14:00:00-03:00,0.001,1.568
2020-12-08 15:00:00-03:00,0.011,2.568
2020-12-08 16:00:00-03:00,0.106,4.8100000000000005
2020-12-08 17:00:00-03:00,0.251,6.377
2020-12-08 18:00:00-03:00,0.34400000000000003,7.122
2020-12-08 19:00:00-03:00,0.387,7.45
2020-12-08 20:00:00-03:00,0.422,7.7059999999999995
2020-12-08 21:00:00-03:00,0.514,8.359
2020-12-08 22:00:00-03:00,0.676,9.594
2020-12-08 23:00:00-03:00,0.794,10.743
2020-12-09 00:00:00-03:00,0.78,10.577
2020-12-09 01:00:00-03:00,0.732,10.095
2020-12-09 02:00:00-03:00,0.7000000000000001,9.807
2020-12-09 03:00:00-03:00,0.714,9.923
2020-12-09 04:00:00-03:00,0.77,10.477
2020-12-09 05:00:00-03:00,0.776,10.543
2020-12-09 06:00:00-03:00,0.777,10.559
2020-12-09 07:00:00-03:00,0.872,11.848
2020-12-09 08:00:00-03:00,0.901,12.442
2020-12-09 09:00:00-03:00,0.901,12.452
2020-12-09 10:00:00-03:00,0.889,12.178
2020-12-09 11:00:00-03:00,0.869,11.786
2020-12-09 12:00:00-03:00,0.8250000000000001,11.116
2020-12-09 13:00:00-03:00,0.759,10.361
2020-12-09 14:00:00-03:00,0.6940000000000001,9.745
2020-12-09 15:00:00-03:00,0.636,9.271
2020-12-09 16:00:00-03:00,0.5670000000000001,8.736
2020-12-09 17:00:00-03:00,0.458,7.964
2020-12-09 18:00:00-03:00,0.324,6.976
2020-12-09 19:00:00-03:00,0.181,5.713
2020-12-09 20:00:00-03:00,0.068,4.199
2020-12-09 21:00:00-03:00,0.012,2.641
2020-12-09 22:00:00-03:00,0.001,1.371
2020-12-09 23:00:00-03:00,0.006,2.226
2020-12-10 00:00:00-03:00,0.06,4.05
2020-12-10 01:00:00-03:00,0.181,5.714
2020-12-10 02:00:00-03:00,0.315,6.907
2020-12-10 03:00:00-03:00,0.404,7.573
2020-12-10 04:00:00-03:00,0.419,7.675
2020-12-10 05:00:00-03:00,0.354,7.206
2020-12-10 06:00:00-03:00,0.212,6.025
2020-12-10 07:00:00-03:00,0.098,4.697
2020-12-10 08:00:00-03:00,0.077,4.364
2020-12-10 09:00:00-03:00,0.085,4.492
2020-12-10 10:00:00-03:00,0.095,4.647
2020-12-10 11:00:00-03:00,0.112,4.906
2020-12-10 12:00:00-03:00,0.11800000000000001,4.987
2020-12-10 13:00:00-03:00,0.115,4.945
2020-12-10 14:00:00-03:00,0.097,4.68
2020-12-10 15:00:00-03:00,0.066,4.162
2020-12-10 16:00:00-03:00,0.033,3.424
2020-12-10 17:00:00-03:00,0.013000000000000001,2.682
2020-12-10 18:00:00-03:00,0.005,2.177
2020-12-10 19:00:00-03:00,0.003,1.975
2020-12-10 20:00:00-03:00,0.004,2.072
2020-12-10 21:00:00-03:00,0.014,2.708
2020-12-10 22:00:00-03:00,0.043000000000000003,3.684
2020-12-10 23:00:00-03:00,0.092,4.606
2020-12-11 00:00:00-03:00,0.17400000000000002,5.649
2020-12-11 01:00:00-03:00,0.28400000000000003,6.66
2020-12-11 02:00:00-03:00,0.393,7.486
2020-12-11 03:00:00-03:00,0.451,7.902
2020-12-11 04:00:00-03:00,0.422,7.703
2020-12-11 05:00:00-03:00,0.324,6.977
2020-12-11 06:00:00-03:00,0.24,6.288
2020-12-11 07:00:00-03:00,0.213,6.035
2020-12-11 08:00:00-03:00,0.337,7.075
2020-12-11 09:00:00-03:00,0.665,9.501
2020-12-11 10:00:00-03:00,0.774,10.519
2020-12-11 11:00:00-03:00,0.808,10.915
2020-12-11 12:00:00-03:00,0.837,11.291
2020-12-11 13:00:00-03:00,0.8220000000000001,11.083
2020-12-11 14:00:00-03:00,0.768,10.455
2020-12-11 15:00:00-03:00,0.704,9.838
2020-12-11 16:00:00-03:00,0.635,9.255
2020-12-11 17:00:00-03:00,0.596,8.965
2020-12-11 18:00:00-03:00,0.633,9.245
2020-12-11 19:00:00-03:00,0.74,10.169
2020-12-11 20:00:00-03:00,0.878,11.966
2020-12-11 21:00:00-03:00,0.9400000000000001,14.809
2020-12-11 22:00:00-03:00,0.913,16.273
2020-12-11 23:00:00-03:00,0.932,15.452
2020-12-12 00:00:00-03:00,0.9410000000000001,14.634
2020-12-12 01:00:00-03:00,0.9390000000000001,14.05
2020-12-12 02:00:00-03:00,0.922,13.051
2020-12-12 03:00:00-03:00,0.891,12.226
2020-12-12 04:00:00-03:00,0.855,11.56
2020-12-12 05:00:00-03:00,0.76,10.38
2020-12-12 06:00:00-03:00,0.712,9.902
2020-12-12 07:00:00-03:00,0.862,11.684
2020-12-12 08:00:00-03:00,0.935,13.647
2020-12-12 09:00:00-03:00,0.9400000000000001,14.761
2020-12-12 10:00:00-03:00,0.931,15.51
2020-12-12 11:00:00-03:00,0.923,15.908
2020-12-12 12:00:00-03:00,0.916,16.169
2020-12-12 13:00:00-03:00,0.909,16.387
2020-12-12 14:00:00-03:00,0.908,16.419
2020-12-12 15:00:00-03:00,0.915,16.176
2020-12-12 16:00:00-03:00,0.924,15.841
2020-12-12 17:00:00-03:00,0.934,15.313
2020-12-12 18:00:00-03:00,0.9410000000000001,14.623
2020-12-12 19:00:00-03:00,0.928,13.29
2020-12-12 20:00:00-03:00,0.8190000000000001,11.048
2020-12-12 21:00:00-03:00,0.748,10.251
2020-12-12 22:00:00-03:00,0.845,11.401
2020-12-12 23:00:00-03:00,0.915,12.835
2020-12-13 00:00:00-03:00,0.935,13.667
2020-12-13 01:00:00-03:00,0.9380000000000001,13.903
2020-12-13 02:00:00-03:00,0.9400000000000001,14.098
2020-12-13 03:00:00-03:00,0.9380000000000001,13.905
2020-12-13 04:00:00-03:00,0.933,13.58
2020-12-13 05:00:00-03:00,0.923,13.117
2020-12-13 06:00:00-03:00,0.896,12.338
2020-12-13 07:00:00-03:00,0.913,12.782
2020-12-13 08:00:00-03:00,0.933,13.523
2020-12-13 09:00:00-03:00,0.9390000000000001,14.044
2020-12-13 10:00:00-03:00,0.9380000000000001,14.984
2020-12-13 11:00:00-03:00,0.922,15.93
2020-12-13 12:00:00-03:00,0.907,16.456
2020-12-13 13:00:00-03:00,0.918,16.087
2020-12-13 14:00:00-03:00,0.934,15.316
2020-12-13 15:00:00-03:00,0.9390000000000001,14.913
2020-12-13 16:00:00-03:00,0.9410000000000001,14.434
2020-12-13 17:00:00-03:00,0.935,13.701
2020-12-13 18:00:00-03:00,0.91,12.669
2020-12-13 19:00:00-03:00,0.8160000000000001,11.007
2020-12-13 20:00:00-03:00,0.731,10.08
2020-12-13 21:00:00-03:00,0.719,9.981
2020-12-13 22:00:00-03:00,0.72,9.986
2020-12-13 23:00:00-03:00,0.742,10.186
2020-12-14 00:00:00-03:00,0.682,9.645
2020-12-14 01:00:00-03:00,0.745,10.229
2020-12-14 02:00:00-03:00,0.864,11.716
2020-12-14 03:00:00-03:00,0.888,12.146
2020-12-14 04:00:00-03:00,0.912,12.734
2020-12-14 05:00:00-03:00,0.927,13.239
2020-12-14 06:00:00-03:00,0.9390000000000001,14.07
2020-12-14 07:00:00-03:00,0.9410000000000001,14.545
2020-12-14 08:00:00-03:00,0.937,15.084
2020-12-14 09:00:00-03:00,0.932,15.485
2020-12-14 10:00:00-03:00,0.922,15.921
2020-12-14 11:00:00-03:00,0.914,16.236
2020-12-14 12:00:00-03:00,0.908,16.414
2020-12-14 13:00:00-03:00,0.895,16.794
2020-12-14 14:00:00-03:00,0.87,17.381
2020-12-14 15:00:00-03:00,0.839,18.005
2020-12-14 16:00:00-03:00,0.8160000000000001,18.424
2020-12-14 17:00:00-03:00,0.8200000000000001,18.355
2020-12-14 18:00:00-03:00,0.842,17.955
2020-12-14 19:00:00-03:00,0.868,17.424
2020-12-14 20:00:00-03:00,0.909,16.391
2020-12-14 21:00:00-03:00,0.937,15.154
2020-12-14 22:00:00-03:00,0.9380000000000001,15.037
2020-12-14 23:00:00-03:00,0.929,15.612
2020-12-15 00:00:00-03:00,0.934,15.348
2020-12-15 01:00:00-03:00,0.9380000000000001,15.038
2020-12-15 02:00:00-03:00,0.9390000000000001,14.895
2020-12-15 03:00:00-03:00,0.9400000000000001,14.807
2020-12-15 04:00:00-03:00,0.9400000000000001,14.802
2020-12-15 05:00:00-03:00,0.9380000000000001,15.003
2020-12-15 06:00:00-03:00,0.924,15.849
2020-12-15 07:00:00-03:00,0.901,16.631
2020-12-15 08:00:00-03:00,0.85,17.795
2020-12-15 09:00:00-03:00,0.6930000000000001,20.227
2020-12-15 10:00:00-03:00,0.585,21.529
2020-12-15 11:00:00-03:00,0.507,22.382
2020-12-15 12:00:00-03:00,0.428,23.23
2020-12-15 13:00:00-03:00,0.434,23.166
2020-12-15 14:00:00-03:00,0.464,22.844
2020-12-15 15:00:00-03:00,0.47000000000000003,22.791
2020-12-15 16:00:00-03:00,0.447,23.029
2020-12-15 17:00:00-03:00,0.41100000000000003,23.422
2020-12-15 18:00:00-03:00,0.454,22.963
2020-12-15 19:00:00-03:00,0.5760000000000001,21.628
2020-12-15 20:00:00-03:00,0.731,19.717
2020-12-15 21:00:00-03:00,0.8300000000000001,18.178
2020-12-15 22:00:00-03:00,0.864,17.505
2020-12-15 23:00:00-03:00,0.882,17.116
2020-12-16 00:00:00-03:00,0.91,16.358
2020-12-16 01:00:00-03:00,0.928,15.678
2020-12-16 02:00:00-03:00,0.933,15.376
2020-12-16 03:00:00-03:00,0.9400000000000001,14.719
2020-12-16 04:00:00-03:00,0.936,13.77
2020-12-16 05:00:00-03:00,0.922,13.066
2020-12-16 06:00:00-03:00,0.905,12.561
2020-12-16 07:00:00-03:00,0.894,12.288
2020-12-16 08:00:00-03:00,0.937,13.807
2020-12-16 09:00:00-03:00,0.916,16.15
2020-12-16 10:00:00-03:00,0.867,17.438
2020-12-16 11:00:00-03:00,0.844,17.908
2020-12-16 12:00:00-03:00,0.795,18.772
2020-12-16 13:00:00-03:00,0.776,19.063
2020-12-16 14:00:00-03:00,0.785,18.931
2020-12-16 15:00:00-03:00,0.777,19.057
2020-12-16 16:00:00-03:00,0.764,19.24
2020-12-16 17:00:00-03:00,0.795,18.777
2020-12-16 18:00:00-03:00,0.8290000000000001,18.2
2020-12-16 19:00:00-03:00,0.865,17.488
2020-12-16 20:00:00-03:00,0.913,16.264
2020-12-16 21:00:00-03:00,0.934,15.316
2020-12-16 22:00:00-03:00,0.9410000000000001,14.627
2020-12-16 23:00:00-03:00,0.9410000000000001,14.433
2020-12-17 00:00:00-03:00,0.937,13.805
2020-12-17 01:00:00-03:00,0.923,13.107
2020-12-17 02:00:00-03:00,0.91,12.694
2020-12-17 03:00:00-03:00,0.914,12.806000000000001
2020-12-17 04:00:00-03:00,0.914,12.787
2020-12-17 05:00:00-03:00,0.913,12.778
2020-12-17 06:00:00-03:00,0.922,13.057
2020-12-17 07:00:00-03:00,0.9410000000000001,14.562
2020-12-17 08:00:00-03:00,0.919,16.046
2020-12-17 09:00:00-03:00,0.899,16.694
2020-12-17 10:00:00-03:00,0.886,17.017
2020-12-17 11:00:00-03:00,0.874,17.301
2020-12-17 12:00:00-03:00,0.882,17.125
2020-12-17 13:00:00-03:00,0.903,16.555
2020-12-17 14:00:00-03:00,0.921,15.981
2020-12-17 15:00:00-03:00,0.933,15.402
2020-12-17 16:00:00-03:00,0.9400000000000001,14.796
2020-12-17 17:00:00-03:00,0.9390000000000001,13.963
2020-12-17 18:00:00-03:00,0.926,13.213
2020-12-17 19:00:00-03:00,0.891,12.221
2020-12-17 20:00:00-03:00,0.778,10.568
2020-12-17 21:00:00-03:00,0.611,9.076
2020-12-17 22:00:00-03:00,0.466,8.017
2020-12-17 23:00:00-03:00,0.333,7.047
2020-12-18 00:00:00-03:00,0.278,6.605
2020-12-18 01:00:00-03:00,0.262,6.472
2020-12-18 02:00:00-03:00,0.23700000000000002,6.254
2020-12-18 03:00:00-03:00,0.243,6.314
2020-12-18 04:00:00-03:00,0.241,6.297
2020-12-18 05:00:00-03:00,0.241,6.293
2020-12-18 06:00:00-03:00,0.275,6.584
2020-12-18 07:00:00-03:00,0.331,7.031
2020-12-18 08:00:00-03:00,0.418,7.668
2020-12-18 09:00:00-03:00,0.47500000000000003,8.075
2020-12-18 10:00:00-03:00,0.548,8.608
2020-12-18 11:00:00-03:00,0.624,9.178
2020-12-18 12:00:00-03:00,0.65,9.386
2020-12-18 13:00:00-03:00,0.65,9.386
2020-12-18 14:00:00-03:00,0.642,9.317
2020-12-18 15:00:00-03:00,0.633,9.243
2020-12-18 16:00:00-03:00,0.617,9.125
2020-12-18 17:00:00-03:00,0.584,8.87
2020-12-18 18:00:00-03:00,0.514,8.349
2020-12-18 19:00:00-03:00,0.419,7.676
2020-12-18 20:00:00-03:00,0.28500000000000003,6.662
2020-12-18 21:00:00-03:00,0.218,6.085
2020-12-18 22:00:00-03:00,0.213,6.032
2020-12-18 23:00:00-03:00,0.209,5.998
2020-12-19 00:00:00-03:00,0.244,6.323
2020-12-19 01:00:00-03:00,0.309,6.849
2020-12-19 02:00:00-03:00,0.377,7.379
2020-12-19 03:00:00-03:00,0.418,7.665
2020-12-19 04:00:00-03:00,0.451,7.9030000000000005
2020-12-19 05:00:00-03:00,0.459,7.967
2020-12-19 06:00:00-03:00,0.517,8.385
2020-12-19 07:00:00-03:00,0.645,9.341
2020-12-19 08:00:00-03:00,0.662,9.481
2020-12-19 09:00:00-03:00,0.647,9.358
2020-12-19 10:00:00-03:00,0.651,9.392
2020-12-19 11:00:00-03:00,0.6970000000000001,9.782
2020-12-19 12:00:00-03:00,0.74,10.18
2020-12-19 13:00:00-03:00,0.769,10.468
2020-12-19 14:00:00-03:00,0.812,10.961
2020-12-19 15:00:00-03:00,0.862,11.671
2020-12-19 16:00:00-03:00,0.897,12.358
2020-12-19 17:00:00-03:00,0.901,12.444
2020-12-19 18:00:00-03:00,0.871,11.835
2020-12-19 19:00:00-03:00,0.809,10.931000000000001
2020-12-19 20:00:00-03:00,0.785,10.639
2020-12-19 21:00:00-03:00,0.8160000000000001,11.008
2020-12-19 22:00:00-03:00,0.844,11.393
2020-12-19 23:00:00-03:00,0.869,11.788
2020-12-20 00:00:00-03:00,0.867,11.767
2020-12-20 01:00:00-03:00,0.855,11.559
2020-12-20 02:00:00-03:00,0.835,11.261
2020-12-20 03:00:00-03:00,0.799,10.807
2020-12-20 04:00:00-03:00,0.81,10.936
2020-12-20 05:00:00-03:00,0.8300000000000001,11.19
2020-12-20 06:00:00-03:00,0.844,11.394
2020-12-20 07:00:00-03:00,0.876,11.93
2020-12-20 08:00:00-03:00,0.9380000000000001,13.924
2020-12-20 09:00:00-03:00,0.928,15.639
2020-12-20 10:00:00-03:00,0.894,16.817
2020-12-20 11:00:00-03:00,0.851,17.793
2020-12-20 12:00:00-03:00,0.806,18.594
2020-12-20 13:00:00-03:00,0.783,18.962
2020-12-20 14:00:00-03:00,0.784,18.947
2020-12-20 15:00:00-03:00,0.788,18.882
2020-12-20 16:00:00-03:00,0.802,18.639
2020-12-20 17:00:00-03:00,0.8260000000000001,18.247
2020-12-20 18:00:00-03:00,0.853,17.734
2020-12-20 19:00:00-03:00,0.881,17.146
2020-12-20 20:00:00-03:00,0.899,16.689
2020-12-20 21:00:00-03:00,0.925,15.805
2020-12-20 22:00:00-03:00,0.9410000000000001,14.34
2020-12-20 23:00:00-03:00,0.931,13.432
2020-12-21 00:00:00-03:00,0.922,13.06
2020-12-21 01:00:00-03:00,0.913,12.787
2020-12-21 02:00:00-03:00,0.906,12.589
2020-12-21 03:00:00-03:00,0.904,12.518
2020-12-21 04:00:00-03:00,0.89,12.202
2020-12-21 05:00:00-03:00,0.881,12.011
2020-12-21 06:00:00-03:00,0.857,11.594
2020-12-21 07:00:00-03:00,0.882,12.036
2020-12-21 08:00:00-03:00,0.914,12.813
2020-12-21 09:00:00-03:00,0.919,12.938
2020-12-21 10:00:00-03:00,0.921,13.013
2020-12-21 11:00:00-03:00,0.919,12.95
2020-12-21 12:00:00-03:00,0.919,12.962
2020-12-21 13:00:00-03:00,0.923,13.096
2020-12-21 14:00:00-03:00,0.919,12.961
2020-12-21 15:00:00-03:00,0.92,12.977
2020-12-21 16:00:00-03:00,0.923,13.086
2020-12-21 17:00:00-03:00,0.922,13.064
2020-12-21 18:00:00-03:00,0.919,12.96
2020-12-21 19:00:00-03:00,0.908,12.634
2020-12-21 20:00:00-03:00,0.88,11.993
2020-12-21 21:00:00-03:00,0.849,11.472
2020-12-21 22:00:00-03:00,0.851,11.499
2020-12-21 23:00:00-03:00,0.84,11.336
2020-12-22 00:00:00-03:00,0.789,10.694
2020-12-22 01:00:00-03:00,0.726,10.045
2020-12-22 02:00:00-03:00,0.673,9.57
2020-12-22 03:00:00-03:00,0.607,9.044
2020-12-22 04:00:00-03:00,0.561,8.7
2020-12-22 05:00:00-03:00,0.58,8.835
2020-12-22 06:00:00-03:00,0.595,8.957
2020-12-22 07:00:00-03:00,0.604,9.013
2020-12-22 08:00:00-03:00,0.736,10.134
2020-12-22 09:00:00-03:00,0.858,11.614
2020-12-22 10:00:00-03:00,0.898,12.384
2020-12-22 11:00:00-03:00,0.908,12.64
2020-12-22 12:00:00-03:00,0.927,13.253
2020-12-22 13:00:00-03:00,0.9400000000000001,14.202
2020-12-22 14:00:00-03:00,0.9390000000000001,14.92
2020-12-22 15:00:00-03:00,0.932,15.455
2020-12-22 16:00:00-03:00,0.929,15.613
2020-12-22 17:00:00-03:00,0.932,15.468
2020-12-22 18:00:00-03:00,0.935,15.237
2020-12-22 19:00:00-03:00,0.9400000000000001,14.838
2020-12-22 20:00:00-03:00,0.934,13.61
2020-12-22 21:00:00-03:00,0.852,11.514
2020-12-22 22:00:00-03:00,0.759,10.353
2020-12-22 23:00:00-03:00,0.745,10.219
2020-12-23 00:00:00-03:00,0.677,9.61
2020-12-23 01:00:00-03:00,0.612,9.081
2020-12-23 02:00:00-03:00,0.5680000000000001,8.741
2020-12-23 03:00:00-03:00,0.706,9.86
2020-12-23 04:00:00-03:00,0.775,10.529
2020-12-23 05:00:00-03:00,0.794,10.747
2020-12-23 06:00:00-03:00,0.8260000000000001,11.14
2020-12-23 07:00:00-03:00,0.774,10.521
2020-12-23 08:00:00-03:00,0.767,10.453
2020-12-23 09:00:00-03:00,0.892,12.251
2020-12-23 10:00:00-03:00,0.9390000000000001,13.978
2020-12-23 11:00:00-03:00,0.928,15.657
2020-12-23 12:00:00-03:00,0.879,17.185
2020-12-23 13:00:00-03:00,0.847,17.852
2020-12-23 14:00:00-03:00,0.789,18.861
2020-12-23 15:00:00-03:00,0.759,19.306
2020-12-23 16:00:00-03:00,0.787,18.894
2020-12-23 17:00:00-03:00,0.784,18.943
2020-12-23 18:00:00-03:00,0.779,19.019
2020-12-23 19:00:00-03:00,0.788,18.882
2020-12-23 20:00:00-03:00,0.8290000000000001,18.191
2020-12-23 21:00:00-03:00,0.868,17.432
2020-12-23 22:00:00-03:00,0.908,16.424
2020-12-23 23:00:00-03:00,0.921,15.969
2020-12-24 00:00:00-03:00,0.931,15.536
2020-12-24 01:00:00-03:00,0.9380000000000001,15.029
2020-12-24 02:00:00-03:00,0.9410000000000001,14.573
2020-12-24 03:00:00-03:00,0.9410000000000001,14.439
2020-12-24 04:00:00-03:00,0.9410000000000001,14.403
2020-12-24 05:00:00-03:00,0.9410000000000001,14.303
2020-12-24 06:00:00-03:00,0.9400000000000001,14.179
2020-12-24 07:00:00-03:00,0.9410000000000001,14.554
2020-12-24 08:00:00-03:00,0.934,15.313
2020-12-24 09:00:00-03:00,0.927,15.727
2020-12-24 10:00:00-03:00,0.915,16.201
2020-12-24 11:00:00-03:00,0.908,16.405
2020-12-24 12:00:00-03:00,0.905,16.505
2020-12-24 13:00:00-03:00,0.902,16.612
2020-12-24 14:00:00-03:00,0.903,16.565
2020-12-24 15:00:00-03:00,0.905,16.508
2020-12-24 16:00:00-03:00,0.911,16.336
2020-12-24 17:00:00-03:00,0.919,16.056
2020-12-24 18:00:00-03:00,0.933,15.386
2020-12-24 19:00:00-03:00,0.9390000000000001,14.865
2020-12-24 20:00:00-03:00,0.9400000000000001,14.831
2020-12-24 21:00:00-03:00,0.9410000000000001,14.625
2020-12-24 22:00:00-03:00,0.9410000000000001,14.315
2020-12-24 23:00:00-03:00,0.9410000000000001,14.511
2020-12-25 00:00:00-03:00,0.9380000000000001,14.977
2020-12-25 01:00:00-03:00,0.937,15.122
2020-12-25 02:00:00-03:00,0.9390000000000001,14.914
2020-12-25 03:00:00-03:00,0.9410000000000001,14.361
2020-12-25 04:00:00-03:00,0.935,13.694
2020-12-25 05:00:00-03:00,0.923,13.116
2020-12-25 06:00:00-03:00,0.902,12.477
2020-12-25 07:00:00-03:00,0.89,12.192
2020-12-25 08:00:00-03:00,0.929,13.357
2020-12-25 09:00:00-03:00,0.937,13.845
2020-12-25 10:00:00-03:00,0.936,13.711
2020-12-25 11:00:00-03:00,0.937,13.79
2020-12-25 12:00:00-03:00,0.9400000000000001,14.219
2020-12-25 13:00:00-03:00,0.9410000000000001,14.358
2020-12-25 14:00:00-03:00,0.9390000000000001,13.973
2020-12-25 15:00:00-03:00,0.924,13.142
2020-12-25 16:00:00-03:00,0.886,12.126
2020-12-25 17:00:00-03:00,0.79,10.699
2020-12-25 18:00:00-03:00,0.597,8.967
2020-12-25 19:00:00-03:00,0.293,6.725
2020-12-25 20:00:00-03:00,0.067,4.182
2020-12-25 21:00:00-03:00,0.004,2.04
2020-12-25 22:00:00-03:00,0.056,3.954
2020-12-25 23:00:00-03:00,0.269,6.54
2020-12-26 00:00:00-03:00,0.561,8.694
2020-12-26 01:00:00-03:00,0.772,10.495
2020-12-26 02:00:00-03:00,0.8180000000000001,11.04
2020-12-26 03:00:00-03:00,0.72,9.99
2020-12-26 04:00:00-03:00,0.629,9.217
2020-12-26 05:00:00-03:00,0.712,9.904
2020-12-26 06:00:00-03:00,0.772,10.493
2020-12-26 07:00:00-03:00,0.845,11.396
2020-12-26 08:00:00-03:00,0.89,12.189
2020-12-26 09:00:00-03:00,0.9390000000000001,14.004
2020-12-26 10:00:00-03:00,0.9380000000000001,15.026
2020-12-26 11:00:00-03:00,0.9390000000000001,14.956
2020-12-26 12:00:00-03:00,0.9410000000000001,14.644
2020-12-26 13:00:00-03:00,0.9410000000000001,14.457
2020-12-26 14:00:00-03:00,0.9400000000000001,14.213
2020-12-26 15:00:00-03:00,0.937,13.855
2020-12-26 16:00:00-03:00,0.923,13.113
2020-12-26 17:00:00-03:00,0.899,12.394
2020-12-26 18:00:00-03:00,0.848,11.456
2020-12-26 19:00:00-03:00,0.712,9.912
2020-12-26 20:00:00-03:00,0.444,7.86
2020-12-26 21:00:00-03:00,0.263,6.476
2020-12-26 22:00:00-03:00,0.138,5.244
2020-12-26 23:00:00-03:00,0.039,3.564
2020-12-27 00:00:00-03:00,0.0,0.924
2020-12-27 01:00:00-03:00,0.006,2.254
2020-12-27 02:00:00-03:00,0.128,5.108
2020-12-27 03:00:00-03:00,0.373,7.345
2020-12-27 04:00:00-03:00,0.598,8.975999999999999
2020-12-27 05:00:00-03:00,0.721,9.992
2020-12-27 06:00:00-03:00,0.811,10.953
2020-12-27 07:00:00-03:00,0.854,11.553
2020-12-27 08:00:00-03:00,0.78,10.588
2020-12-27 09:00:00-03:00,0.867,11.764
2020-12-27 10:00:00-03:00,0.9400000000000001,14.252
2020-12-27 11:00:00-03:00,0.909,16.397
2020-12-27 12:00:00-03:00,0.8250000000000001,18.259
2020-12-27 13:00:00-03:00,0.7030000000000001,20.085
2020-12-27 14:00:00-03:00,0.659,20.644
2020-12-27 15:00:00-03:00,0.729,19.744
2020-12-27 16:00:00-03:00,0.812,18.486
2020-12-27 17:00:00-03:00,0.887,17.001
2020-12-27 18:00:00-03:00,0.933,15.407
2020-12-27 19:00:00-03:00,0.9390000000000001,14.009
2020-12-27 20:00:00-03:00,0.915,12.824
2020-12-27 21:00:00-03:00,0.873,11.867
2020-12-27 22:00:00-03:00,0.847,11.441
2020-12-27 23:00:00-03:00,0.8170000000000001,11.009
2020-12-28 00:00:00-03:00,0.704,9.839
2020-12-28 01:00:00-03:00,0.636,9.26
2020-12-28 02:00:00-03:00,0.555,8.652
2020-12-28 03:00:00-03:00,0.489,8.177
2020-12-28 04:00:00-03:00,0.41600000000000004,7.648
2020-12-28 05:00:00-03:00,0.325,6.982
2020-12-28 06:00:00-03:00,0.191,5.823
2020-12-28 07:00:00-03:00,0.219,6.094
2020-12-28 08:00:00-03:00,0.289,6.694
2020-12-28 09:00:00-03:00,0.234,6.228
2020-12-28 10:00:00-03:00,0.164,5.53
2020-12-28 11:00:00-03:00,0.11800000000000001,4.9879999999999995
2020-12-28 12:00:00-03:00,0.107,4.832
2020-12-28 13:00:00-03:00,0.111,4.884
2020-12-28 14:00:00-03:00,0.12,5.009
2020-12-28 15:00:00-03:00,0.128,5.12
2020-12-28 16:00:00-03:00,0.129,5.13
2020-12-28 17:00:00-03:00,0.146,5.337
2020-12-28 18:00:00-03:00,0.139,5.247
2020-12-28 19:00:00-03:00,0.111,4.8870000000000005
2020-12-28 20:00:00-03:00,0.113,4.922
2020-12-28 21:00:00-03:00,0.157,5.45
2020-12-28 22:00:00-03:00,0.107,4.835
2020-12-28 23:00:00-03:00,0.069,4.223
2020-12-29 00:00:00-03:00,0.068,4.202
2020-12-29 01:00:00-03:00,0.045,3.705
2020-12-29 02:00:00-03:00,0.021,3.044
2020-12-29 03:00:00-03:00,0.012,2.66
2020-12-29 04:00:00-03:00,0.007,2.302
2020-12-29 05:00:00-03:00,0.012,2.609
2020-12-29 06:00:00-03:00,0.022,3.056
2020-12-29 07:00:00-03:00,0.035,3.451
2020-12-29 08:00:00-03:00,0.076,4.342
2020-12-29 09:00:00-03:00,0.137,5.232
2020-12-29 10:00:00-03:00,0.215,6.054
2020-12-29 11:00:00-03:00,0.302,6.803
2020-12-29 12:00:00-03:00,0.377,7.369
2020-12-29 13:00:00-03:00,0.451,7.905
2020-12-29 14:00:00-03:00,0.548,8.602
2020-12-29 15:00:00-03:00,0.673,9.572
2020-12-29 16:00:00-03:00,0.787,10.658
2020-12-29 17:00:00-03:00,0.8270000000000001,11.163
2020-12-29 18:00:00-03:00,0.8140000000000001,10.985
2020-12-29 19:00:00-03:00,0.805,10.876
2020-12-29 20:00:00-03:00,0.797,10.786
2020-12-29 21:00:00-03:00,0.797,10.775
2020-12-29 22:00:00-03:00,0.805,10.874
2020-12-29 23:00:00-03:00,0.759,10.35
2020-12-30 00:00:00-03:00,0.67,9.545
2020-12-30 01:00:00-03:00,0.631,9.23
2020-12-30 02:00:00-03:00,0.637,9.276
2020-12-30 03:00:00-03:00,0.5680000000000001,8.753
2020-12-30 04:00:00-03:00,0.496,8.228
2020-12-30 05:00:00-03:00,0.394,7.499
2020-12-30 06:00:00-03:00,0.304,6.822
2020-12-30 07:00:00-03:00,0.333,7.044
2020-12-30 08:00:00-03:00,0.458,7.961
2020-12-30 09:00:00-03:00,0.532,8.484
2020-12-30 10:00:00-03:00,0.58,8.834
2020-12-30 11:00:00-03:00,0.624,9.172
2020-12-30 12:00:00-03:00,0.686,9.674
2020-12-30 13:00:00-03:00,0.755,10.323
2020-12-30 14:00:00-03:00,0.8,10.816
2020-12-30 15:00:00-03:00,0.8320000000000001,11.22
2020-12-30 16:00:00-03:00,0.862,11.674
2020-12-30 17:00:00-03:00,0.882,12.038
2020-12-30 18:00:00-03:00,0.883,12.052
2020-12-30 19:00:00-03:00,0.848,11.45
2020-12-30 20:00:00-03:00,0.78,10.584
2020-12-30 21:00:00-03:00,0.616,9.116
2020-12-30 22:00:00-03:00,0.56,8.687
2020-12-30 23:00:00-03:00,0.499,8.242
2020-12-31 00:00:00-03:00,0.507,8.302
2020-12-31 01:00:00-03:00,0.561,8.7
2020-12-31 02:00:00-03:00,0.514,8.352
2020-12-31 03:00:00-03:00,0.619,9.136
2020-12-31 04:00:00-03:00,0.5690000000000001,8.754
2020-12-31 05:00:00-03:00,0.619,9.14
2020-12-31 06:00:00-03:00,0.616,9.112
2020-12-31 07:00:00-03:00,0.765,10.431
2020-12-31 08:00:00-03:00,0.834,11.244
2020-12-31 09:00:00-03:00,0.839,11.319
2020-12-31 10:00:00-03:00,0.8150000000000001,10.994
2020-12-31 11:00:00-03:00,0.786,10.645
2020-12-31 12:00:00-03:00,0.791,10.711
2020-12-31 13:00:00-03:00,0.8250000000000001,11.122
2020-12-31 14:00:00-03:00,0.852,11.514
2020-12-31 15:00:00-03:00,0.864,11.706
2020-12-31 16:00:00-03:00,0.859,11.625
2020-12-31 17:00:00-03:00,0.8300000000000001,11.201
2020-12-31 18:00:00-03:00,0.8150000000000001,10.994
2020-12-31 19:00:00-03:00,0.841,11.348
2020-12-31 20:00:00-03:00,0.0,
